Start_Time,End_Time,F0_Hz
0.0,0.02,0.0
0.01,0.03,0.0
0.02,0.04,0.0
0.03,0.05,0.0
0.04,0.06,0.0
0.05,0.07,0.0
0.06,0.08,0.0
0.07,0.09,0.0
0.08,0.1,0.0
0.09,0.11,0.0
0.1,0.12,0.0
0.11,0.13,0.0
0.12,0.14,0.0
0.13,0.15,0.0
0.14,0.16,0.0
0.15,0.17,0.0
0.16,0.18,0.0
0.17,0.19,0.0
0.18,0.2,0.0
0.19,0.21,0.0
0.2,0.22,0.0
0.21,0.23,0.0
0.22,0.24,0.0
0.23,0.25,0.0
0.24,0.26,0.0
0.25,0.27,0.0
0.26,0.28,0.0
0.27,0.29,0.0
0.28,0.3,0.0
0.29,0.31,0.0
0.3,0.32,0.0
0.31,0.33,0.0
0.32,0.34,0.0
0.33,0.35,0.0
0.34,0.36,0.0
0.35,0.37,0.0
0.36,0.38,0.0
0.37,0.39,0.0
0.38,0.4,0.0
0.39,0.41,0.0
0.4,0.42,0.0
0.41,0.43,0.0
0.42,0.44,0.0
0.43,0.45,0.0
0.44,0.46,0.0
0.45,0.47,0.0
0.46,0.48,0.0
0.47,0.49,0.0
0.48,0.5,0.0
0.49,0.51,0.0
0.5,0.52,0.0
0.51,0.53,247.44667900310841
0.52,0.54,247.1021652211186
0.53,0.55,246.39530151026423
0.54,0.56,245.43933939413333
0.55,0.57,242.2551981678769
0.56,0.58,236.97783837860328
0.57,0.59,228.86109157302363
0.58,0.6,219.41383460157707
0.59,0.61,209.95872916312837
0.6,0.62,201.4376390132626
0.61,0.63,194.38825339211084
0.62,0.64,186.83936744949838
0.63,0.65,179.3398096738821
0.64,0.66,172.78637318579328
0.65,0.67,168.53320941373318
0.66,0.68,165.9718044899487
0.67,0.69,164.1252894594975
0.68,0.7,162.81338546459133
0.69,0.71,162.2117246936563
0.7,0.72,128.66992298926286
0.71,0.73,102.01380978822607
0.72,0.74,80.7923190373549
0.73,0.75,80.5155156949941
0.74,0.76,80.36367874524508
0.75,0.77,0.0
0.76,0.78,0.0
0.77,0.79,0.0
0.78,0.8,0.0
0.79,0.81,0.0
0.8,0.82,0.0
0.81,0.83,0.0
0.82,0.84,0.0
0.83,0.85,0.0
0.84,0.86,0.0
0.85,0.87,0.0
0.86,0.88,0.0
0.87,0.89,0.0
0.88,0.9,0.0
0.89,0.91,0.0
0.9,0.92,0.0
0.91,0.93,0.0
0.92,0.94,0.0
0.93,0.95,0.0
0.94,0.96,0.0
0.95,0.97,0.0
0.96,0.98,0.0
0.97,0.99,0.0
0.98,1.0,0.0
0.99,1.01,0.0
1.0,1.02,0.0
1.01,1.03,0.0
1.02,1.04,0.0
1.03,1.05,0.0
1.04,1.06,0.0
1.05,1.07,0.0
1.06,1.08,304.69063606766326
1.07,1.09,302.0255318253592
1.08,1.1,296.712157297092
1.09,1.11,293.08601070577043
1.1,1.12,290.2492582615638
1.11,1.13,288.68257186129716
1.12,1.14,288.43199397552706
1.13,1.15,288.97029560470463
1.14,1.16,289.54768828888353
1.15,1.17,289.58731113873796
1.16,1.18,288.776029960603
1.17,1.19,287.7251163626037
1.18,1.2,287.1520541032188
1.19,1.21,286.9750717113132
1.2,1.22,286.66021436178005
1.21,1.23,285.55703041784835
1.22,1.24,284.1570157757391
1.23,1.25,282.8780322500457
1.24,1.26,281.8982081726716
1.25,1.27,281.0991770816063
1.26,1.28,280.3232876208601
1.27,1.29,279.65772590468293
1.28,1.3,279.2017304510714
1.29,1.31,278.9390984578155
1.3,1.32,278.72252553584326
1.31,1.33,252.90110763301814
1.32,1.34,212.5857217720701
1.33,1.35,178.3698563955187
1.34,1.36,164.46942737604044
1.35,1.37,163.42781061877878
1.36,1.38,162.50674426783394
1.37,1.39,161.72419656870713
1.38,1.4,160.97944813945875
1.39,1.41,160.11474091968668
1.4,1.42,159.1162167731849
1.41,1.43,158.08504094343624
1.42,1.44,157.12735465873973
1.43,1.45,156.28067031191736
1.44,1.46,155.52368337909212
1.45,1.47,154.86668278460158
1.46,1.48,154.36612389371612
1.47,1.49,154.00871218615313
1.48,1.5,153.61468721534527
1.49,1.51,153.1786302021569
1.5,1.52,152.7700315997477
1.51,1.53,152.4393391528692
1.52,1.54,180.37198183534548
1.53,1.55,213.23016954794642
1.54,1.56,252.1133734627325
1.55,1.57,251.5566906881306
1.56,1.58,251.21973952573722
1.57,1.59,251.0193784591922
1.58,1.6,250.79817665197788
1.59,1.61,250.519202233236
1.6,1.62,250.17862425607336
1.61,1.63,249.7916104074112
1.62,1.64,249.4178352951465
1.63,1.65,249.0756811624514
1.64,1.66,248.579158815762
1.65,1.67,248.0683207837672
1.66,1.68,247.9368418701113
1.67,1.69,248.33296522504267
1.68,1.7,248.981081323977
1.69,1.71,249.50462925082036
1.7,1.72,249.83619716765187
1.71,1.73,249.90298210069275
1.72,1.74,249.6135629284115
1.73,1.75,249.38596162741186
1.74,1.76,251.42574511256575
1.75,1.77,257.4636315463869
1.76,1.78,263.6723681560795
1.77,1.79,267.5587983954869
1.78,1.8,267.04437716359644
1.79,1.81,265.88166680826265
1.8,1.82,264.58120539343
1.81,1.83,263.6931103270939
1.82,1.84,263.37820266363417
1.83,1.85,263.6699280079353
1.84,1.86,264.343742402746
1.85,1.87,265.21281472925904
1.86,1.88,266.09512208692155
1.87,1.89,267.00572074057146
1.88,1.9,267.9820197916667
1.89,1.91,268.8507905614159
1.9,1.92,269.43968855006665
1.91,1.93,269.5406361796395
1.92,1.94,269.01149766163337
1.93,1.95,267.76551685896624
1.94,1.96,265.9389699371536
1.95,1.97,263.81044760325517
1.96,1.98,261.6098278616785
1.97,1.99,259.62782953605205
1.98,2.0,258.04686143967194
1.99,2.01,256.8671167589559
2.0,2.02,255.91991978312768
2.01,2.03,255.06314531804472
2.02,2.04,254.33429290141348
2.03,2.05,253.77941640304869
2.04,2.06,253.2706153660093
2.05,2.07,252.58829036625508
2.06,2.08,251.6482767226056
2.07,2.09,250.58611452815148
2.08,2.1,249.57539498697764
2.09,2.11,248.7252273662824
2.1,2.12,248.01049644889218
2.11,2.13,247.39652221347453
2.12,2.14,246.76389460236916
2.13,2.15,246.09850257250167
2.14,2.16,245.37482868300327
2.15,2.17,244.36283591435944
2.16,2.18,242.99735181341245
2.17,2.19,241.73961776293172
2.18,2.2,240.8939539482018
2.19,2.21,240.24867796898485
2.2,2.22,239.15573115936033
2.21,2.23,237.88192077012204
2.22,2.24,237.15779428186892
2.23,2.25,237.25250226569068
2.24,2.26,237.58469695596173
2.25,2.27,237.79576410427177
2.26,2.28,238.03334699983017
2.27,2.29,238.46587166021877
2.28,2.3,238.89339187991487
2.29,2.31,239.32262775966566
2.3,2.32,239.83363453516958
2.31,2.33,240.49666030675962
2.32,2.34,240.9073304573677
2.33,2.35,241.14929739873023
2.34,2.36,241.34789588400784
2.35,2.37,241.74036349158374
2.36,2.38,242.29256694890304
2.37,2.39,243.03617386927198
2.38,2.4,244.0730027236018
2.39,2.41,245.513009406678
2.4,2.42,247.7273083159768
2.41,2.43,250.93045411910117
2.42,2.44,256.1451873991456
2.43,2.45,263.3461116973208
2.44,2.46,271.0072606403665
2.45,2.47,277.4087041746204
2.46,2.48,282.1405608566666
2.47,2.49,286.4242034025742
2.48,2.5,290.521386935468
2.49,2.51,293.8607035403052
2.5,2.52,296.12152178886976
2.51,2.53,297.2864148133261
2.52,2.54,296.9324361859737
2.53,2.55,295.1113662457363
2.54,2.56,291.6688129439554
2.55,2.57,288.14652048526915
2.56,2.58,283.8422481842948
2.57,2.59,278.96921694898424
2.58,2.6,273.58770152207904
2.59,2.61,268.90363790303815
2.6,2.62,265.5485222461531
2.61,2.63,262.6957933895857
2.62,2.64,259.9895776488216
2.63,2.65,257.1923169267887
2.64,2.66,254.059390233381
2.65,2.67,251.00566170494866
2.66,2.68,248.2714139062507
2.67,2.69,246.5255827114555
2.68,2.7,245.40153935954567
2.69,2.71,244.0888146736904
2.7,2.72,243.0347815228072
2.71,2.73,243.22689357082382
2.72,2.74,247.16473373654094
2.73,2.75,253.33368518880962
2.74,2.76,260.0744916581222
2.75,2.77,265.20837344312713
2.76,2.78,269.2907707957231
2.77,2.79,272.8059746092458
2.78,2.8,275.11150399362356
2.79,2.81,275.0662248812663
2.8,2.82,269.1915775646223
2.81,2.83,257.550558058356
2.82,2.84,257.97608109762973
2.83,2.85,262.11955586775576
2.84,2.86,262.6632646798606
2.85,2.87,251.67212117120647
2.86,2.88,243.3242933013176
2.87,2.89,258.72392104024
2.88,2.9,248.45118653656465
2.89,2.91,236.85860472626615
2.9,2.92,212.3238004844964
2.91,2.93,211.1935094324348
2.92,2.94,195.41249957694572
2.93,2.95,181.11230124703022
2.94,2.96,168.12136038335453
2.95,2.97,168.38063286927618
2.96,2.98,183.18835428372998
2.97,2.99,199.68311608953707
2.98,3.0,217.6032624617043
2.99,3.01,218.49475716166705
3.0,3.02,218.69561135701431
3.01,3.03,218.37452567142833
3.02,3.04,217.79619444030544
3.03,3.05,217.41835802313724
3.04,3.06,217.245673386698
3.05,3.07,216.91567522825883
3.06,3.08,216.14184890758878
3.07,3.09,214.8214225449016
3.08,3.1,213.1734200424988
3.09,3.11,210.3539130795394
3.1,3.12,205.2979623735103
3.11,3.13,194.93543740336415
3.12,3.14,186.60279431051882
3.13,3.15,182.42672547547767
3.14,3.16,186.7628083824653
3.15,3.17,192.4496164376731
3.16,3.18,197.41995576807014
3.17,3.19,199.3946892730963
3.18,3.2,199.82951135566285
3.19,3.21,199.41476891422224
3.2,3.22,198.59027131750898
3.21,3.23,197.89254563201666
3.22,3.24,198.13234246789693
3.23,3.25,198.42362145798157
3.24,3.26,0.0
3.25,3.27,0.0
3.26,3.28,0.0
3.27,3.29,0.0
3.28,3.3,0.0
3.29,3.31,0.0
3.3,3.32,219.91077374231872
3.31,3.33,213.5823255984495
3.32,3.34,206.74599889970074
3.33,3.35,198.2672029537874
3.34,3.36,195.66903679334987
3.35,3.37,193.90860715161756
3.36,3.38,194.1258668758312
3.37,3.39,194.58088125156752
3.38,3.4,194.86350414063958
3.39,3.41,194.74108541098082
3.4,3.42,194.3868827541435
3.41,3.43,193.9729645399717
3.42,3.44,193.5782681024051
3.43,3.45,193.18573695264138
3.44,3.46,192.75424336577328
3.45,3.47,192.26604618068734
3.46,3.48,191.80938661634195
3.47,3.49,191.52081163927284
3.48,3.5,191.50308814043052
3.49,3.51,191.71537149547905
3.5,3.52,192.06953085932673
3.51,3.53,192.48566441818298
3.52,3.54,192.8622388063795
3.53,3.55,193.07151924295965
3.54,3.56,193.0037610111821
3.55,3.57,192.62797140791338
3.56,3.58,191.99273239112463
3.57,3.59,191.27898528591948
3.58,3.6,190.6141710547585
3.59,3.61,190.00558436695215
3.6,3.62,189.4154260919882
3.61,3.63,188.85514619506552
3.62,3.64,188.4189597529849
3.63,3.65,188.2149713056669
3.64,3.66,188.28391094439246
3.65,3.67,188.53428852123434
3.66,3.68,188.75463499638718
3.67,3.69,188.82414676255277
3.68,3.7,216.08308654176847
3.69,3.71,311.31817503106384
3.7,3.72,447.81190335248846
3.71,3.73,561.9089260185281
3.72,3.74,559.2676356961184
3.73,3.75,557.0523773762593
3.74,3.76,555.51920897626
3.75,3.77,554.6979814408048
3.76,3.78,554.5367897819074
3.77,3.79,554.959238271819
3.78,3.8,555.855928000873
3.79,3.81,556.7600778478711
3.8,3.82,557.1907270585975
3.81,3.83,557.018255585185
3.82,3.84,556.658140426566
3.83,3.85,556.5600233573756
3.84,3.86,556.8943055168047
3.85,3.87,557.5049955974874
3.86,3.88,557.977161106846
3.87,3.89,557.9766693159147
3.88,3.9,557.4667925010391
3.89,3.91,556.5559763996989
3.9,3.92,555.2327299832223
3.91,3.93,553.5765999153892
3.92,3.94,551.8205881177702
3.93,3.95,550.5702253085159
3.94,3.96,550.1339043953321
3.95,3.97,550.2752645611155
3.96,3.98,550.1671195575026
3.97,3.99,549.0728032550776
3.98,4.0,546.7774334008495
3.99,4.01,544.1886833682863
4.0,4.02,542.3305069989616
4.01,4.03,541.7480179665238
4.02,4.04,541.9888443335465
4.03,4.05,542.5260444313035
4.04,4.06,543.0734696660359
4.05,4.07,543.4033633247608
4.06,4.08,543.2936957444656
4.07,4.09,542.8078809388604
4.08,4.1,542.0276587938741
4.09,4.11,540.90984162702
4.1,4.12,539.7262995957439
4.11,4.13,538.6040901326514
4.12,4.14,537.5363267087287
4.13,4.15,536.245066695656
4.14,4.16,535.0806919883488
4.15,4.17,534.5478017276431
4.16,4.18,534.8689807198629
4.17,4.19,535.767443654944
4.18,4.2,536.9363888754825
4.19,4.21,538.0018936634937
4.2,4.22,538.5860512241669
4.21,4.23,427.1611686293134
4.22,4.24,295.3955386317565
4.23,4.25,204.08366564861979
4.24,4.26,177.74407377133483
4.25,4.27,177.45663865136112
4.26,4.28,177.38318161175172
4.27,4.29,177.394516796608
4.28,4.3,177.33862962869108
4.29,4.31,177.1272385300332
4.3,4.32,176.71603657659847
4.31,4.33,176.10583449070987
4.32,4.34,175.2698110525885
4.33,4.35,174.3046821266629
4.34,4.36,173.60972835164998
4.35,4.37,173.49980166614108
4.36,4.38,173.85258226402465
4.37,4.39,174.16629811338544
4.38,4.4,174.22730867208918
4.39,4.41,174.35046959559625
4.4,4.42,175.08461057452092
4.41,4.43,175.14071359534435
4.42,4.44,175.35641831241324
4.43,4.45,0.0
4.44,4.46,0.0
4.45,4.47,0.0
4.46,4.48,0.0
4.47,4.49,0.0
4.48,4.5,0.0
4.49,4.51,0.0
4.5,4.52,0.0
4.51,4.53,0.0
4.52,4.54,249.96840789686098
4.53,4.55,249.56335184804652
4.54,4.56,288.60650441891846
4.55,4.57,271.76395178502025
4.56,4.58,255.97541436265197
4.57,4.59,209.15680678770684
4.58,4.6,214.4681213455469
4.59,4.61,217.58475535490916
4.6,4.62,217.02003987825043
4.61,4.63,216.10518007882783
4.62,4.64,212.93324763181002
4.63,4.65,213.52016585450932
4.64,4.66,216.03652609610606
4.65,4.67,221.47573851499052
4.66,4.68,223.25762140450428
4.67,4.69,222.89137894869737
4.68,4.7,221.38635276933914
4.69,4.71,219.16489289168413
4.7,4.72,216.25303633646078
4.71,4.73,212.59897856160387
4.72,4.74,209.2155295779199
4.73,4.75,206.52094034339603
4.74,4.76,205.36125798308487
4.75,4.77,208.05900752321472
4.76,4.78,212.79488186804096
4.77,4.79,218.5541272079216
4.78,4.8,221.41659936452305
4.79,4.81,222.98549956184883
4.8,4.82,223.63156131227896
4.81,4.83,223.5111134016919
4.82,4.84,222.7251930065179
4.83,4.85,221.64104101689765
4.84,4.86,220.88116347414856
4.85,4.87,221.05508180020897
4.86,4.88,221.99891867348418
4.87,4.89,223.5344097144288
4.88,4.9,227.03308506168145
4.89,4.91,230.87509102338808
4.9,4.92,232.24956421284563
4.91,4.93,229.0778350817048
4.92,4.94,225.08389374357728
4.93,4.95,222.4250962201977
4.94,4.96,231.26902570535057
4.95,4.97,241.91311490324463
4.96,4.98,253.3507669757905
4.97,4.99,253.66016884666425
4.98,5.0,251.9609291625721
4.99,5.01,240.42619078107847
5.0,5.02,229.40662092593013
5.01,5.03,218.7082853275589
5.02,5.04,216.7314028103094
5.03,5.05,214.2475442098797
5.04,5.06,212.23371245157364
5.05,5.07,213.21654453048586
5.06,5.08,218.2174773710022
5.07,5.09,224.4273558313065
5.08,5.1,228.17261999166416
5.09,5.11,227.82908594983743
5.1,5.12,224.80969452118333
5.11,5.13,221.90286750188585
5.12,5.14,219.75891550597595
5.13,5.15,219.59966189602832
5.14,5.16,0.0
5.15,5.17,0.0
5.16,5.18,217.03271238950398
5.17,5.19,217.24538617217763
5.18,5.2,217.36308017878846
5.19,5.21,216.42521807357306
5.2,5.22,215.15819036613746
5.21,5.23,213.97541858295267
5.22,5.24,213.2548377427193
5.23,5.25,212.82704974586542
5.24,5.26,212.62718126645282
5.25,5.27,211.5688726172653
5.26,5.28,207.43827878090514
5.27,5.29,200.12773916688317
5.28,5.3,192.4825258550966
5.29,5.31,187.68106868489824
5.3,5.32,189.85676403247626
5.31,5.33,195.76270455666366
5.32,5.34,202.91567009688572
5.33,5.35,206.37191657502675
5.34,5.36,207.4792372838844
5.35,5.37,207.43928436159894
5.36,5.38,206.85390261844236
5.37,5.39,207.04724931552684
5.38,5.4,216.96639314204677
5.39,5.41,226.59638076963344
5.4,5.42,225.1555221021846
5.41,5.43,213.52087157896582
5.42,5.44,201.31934098510322
5.43,5.45,201.0204891039618
5.44,5.46,204.6010132631802
5.45,5.47,214.9725688384732
5.46,5.48,224.9151314568521
5.47,5.49,231.77458217519188
5.48,5.5,233.29321425029707
5.49,5.51,228.46692904777376
5.5,5.52,220.60984796584307
5.51,5.53,212.41607977386866
5.52,5.54,207.4391929449708
5.53,5.55,203.57619371036972
5.54,5.56,198.9414807899443
5.55,5.57,193.8423917653824
5.56,5.58,189.79168133997513
5.57,5.59,187.81071904142246
5.58,5.6,188.95683507883237
5.59,5.61,192.25731919522892
5.6,5.62,195.7013324453047
5.61,5.63,197.56103512923423
5.62,5.64,197.06652555210638
5.63,5.65,195.24249338284707
5.64,5.66,193.82001180733846
5.65,5.67,192.99159852348555
5.66,5.68,0.0
5.67,5.69,0.0
5.68,5.7,0.0
5.69,5.71,0.0
5.7,5.72,0.0
5.71,5.73,0.0
5.72,5.74,0.0
5.73,5.75,0.0
5.74,5.76,228.58511150881915
5.75,5.77,226.3508108369803
5.76,5.78,223.22004048601923
5.77,5.79,219.8971094729433
5.78,5.8,216.6683743193654
5.79,5.81,212.79905497711565
5.8,5.82,208.76681586246133
5.81,5.83,203.2183246130402
5.82,5.84,198.17552452036213
5.83,5.85,196.0089469912483
5.84,5.86,198.49979938816435
5.85,5.87,202.4536111135109
5.86,5.88,204.9816413357029
5.87,5.89,206.14535745166592
5.88,5.9,206.66132845300126
5.89,5.91,206.76786672576685
5.9,5.92,206.6125186557408
5.91,5.93,207.2411877157626
5.92,5.94,207.87483852018974
5.93,5.95,208.14108603931882
5.94,5.96,207.14321449015043
5.95,5.97,205.9621562404473
5.96,5.98,212.4135991265925
5.97,5.99,219.61442067378644
5.98,6.0,226.86915992347735
5.99,6.01,217.23782299312947
6.0,6.02,207.06750644821116
6.01,6.03,196.9699770528998
6.02,6.04,194.7799660529866
6.03,6.05,192.99274669760248
6.04,6.06,191.6388835439443
6.05,6.07,190.71731136775452
6.06,6.08,190.50428616172613
6.07,6.09,190.74958830932644
6.08,6.1,190.9090778631099
6.09,6.11,190.72811176747356
6.1,6.12,190.32793945763083
6.11,6.13,189.8423736495511
6.12,6.14,189.54477098666422
6.13,6.15,190.2727990878977
6.14,6.16,193.8133922767924
6.15,6.17,199.61101427867126
6.16,6.18,207.49725061406863
6.17,6.19,215.53053177820053
6.18,6.2,223.53559183307763
6.19,6.21,230.10799300203624
6.2,6.22,235.1646300962411
6.21,6.23,238.8756531628723
6.22,6.24,241.7960865824167
6.23,6.25,243.63938053175787
6.24,6.26,244.5037331148771
6.25,6.27,244.3615974994121
6.26,6.28,243.43793091705973
6.27,6.29,241.98140757920444
6.28,6.3,239.87998519684444
6.29,6.31,237.165998720295
6.3,6.32,232.829230974367
6.31,6.33,227.17360078058326
6.32,6.34,220.25304482181176
6.33,6.35,213.0016663696748
6.34,6.36,206.57418919320503
6.35,6.37,201.30035587659822
6.36,6.38,197.56147044667225
6.37,6.39,194.5558867132582
6.38,6.4,192.37796462399947
6.39,6.41,191.00686420477808
6.4,6.42,190.53455381898718
6.41,6.43,190.90470305270742
6.42,6.44,191.46486160633737
6.43,6.45,191.7492116292338
6.44,6.46,191.2226845479039
6.45,6.47,189.871490204633
6.46,6.48,187.8616687404539
6.47,6.49,185.88471257128177
6.48,6.5,184.64034708628355
6.49,6.51,184.30305406627437
6.5,6.52,184.60381585828415
6.51,6.53,185.6353585318457
6.52,6.54,186.56525817749974
6.53,6.55,186.7316997935295
6.54,6.56,186.05103899353858
6.55,6.57,185.304046410017
6.56,6.58,185.08279333959743
6.57,6.59,185.12056148267024
6.58,6.6,194.72589574571418
6.59,6.61,204.87539141700745
6.6,6.62,214.53556782629443
6.61,6.63,212.45877016741875
6.62,6.64,209.0142629084637
6.63,6.65,204.1496007465896
6.64,6.66,199.41595530201295
6.65,6.67,195.264435231586
6.66,6.68,192.47069308419626
6.67,6.69,189.71282567153546
6.68,6.7,187.37847249504577
6.69,6.71,186.27271073147682
6.7,6.72,188.41962403063866
6.71,6.73,191.67676470555543
6.72,6.74,194.94879629292754
6.73,6.75,196.66718104580636
6.74,6.76,198.82101247014702
6.75,6.77,201.27520780052635
6.76,6.78,200.0914504143064
6.77,6.79,198.70841059033935
6.78,6.8,198.14137979323888
6.79,6.81,198.1650446944638
6.8,6.82,198.3962972377018
6.81,6.83,0.0
6.82,6.84,0.0
6.83,6.85,0.0
6.84,6.86,0.0
6.85,6.87,0.0
6.86,6.88,200.6122038210705
6.87,6.89,200.11340807129002
6.88,6.9,198.91535632633327
6.89,6.91,198.88375732390267
6.9,6.92,198.9160137791372
6.91,6.93,199.03640809109595
6.92,6.94,198.94932756558072
6.93,6.95,198.67789512679465
6.94,6.96,198.70950520622733
6.95,6.97,198.49848723605015
6.96,6.98,198.54664890126185
6.97,6.99,0.0
6.98,7.0,0.0
6.99,7.01,0.0
7.0,7.02,0.0
7.01,7.03,0.0
7.02,7.04,0.0
7.03,7.05,0.0
7.04,7.06,0.0
7.05,7.07,0.0
7.06,7.08,0.0
7.07,7.09,0.0
7.08,7.1,205.73001775623024
7.09,7.11,205.47323809167054
7.1,7.12,204.617874971424
7.11,7.13,202.45106837354615
7.12,7.14,199.59570864242704
7.13,7.15,196.46391622969773
7.14,7.16,193.2008916191501
7.15,7.17,188.5778302900051
7.16,7.18,190.9692837527483
7.17,7.19,187.23191610314626
7.18,7.2,187.08868979594806
7.19,7.21,181.79496166466782
7.2,7.22,184.28928766885375
7.21,7.23,186.32032827869847
7.22,7.24,187.8532658482212
7.23,7.25,188.5423064313447
7.24,7.26,188.48851403198637
7.25,7.27,188.2064281991212
7.26,7.28,187.9977816936715
7.27,7.29,187.90526218882152
7.28,7.3,187.7222211116495
7.29,7.31,187.11556987980632
7.3,7.32,186.06161613818094
7.31,7.33,180.4373330775187
7.32,7.34,175.58581345496017
7.33,7.35,171.03311457122223
7.34,7.36,170.42760770922703
7.35,7.37,169.61708278820544
7.36,7.38,169.24859859159062
7.37,7.39,169.5268103405076
7.38,7.4,169.90140340606914
7.39,7.41,170.46366236954375
7.4,7.42,171.91818149582775
7.41,7.43,173.43921783877397
7.42,7.44,174.36645194606285
7.43,7.45,173.97660917222132
7.44,7.46,173.25287851893984
7.45,7.47,173.41827642790417
7.46,7.48,173.8922160384136
7.47,7.49,174.0667005081446
7.48,7.5,173.32932273287247
7.49,7.51,172.48458720185772
7.5,7.52,172.1218388286962
7.51,7.53,172.17365392751483
7.52,7.54,172.64620827964845
7.53,7.55,173.43776561554984
7.54,7.56,174.22243318326318
7.55,7.57,174.05281661571615
7.56,7.58,173.51352674668186
7.57,7.59,172.68649927248188
7.58,7.6,172.5645327871549
7.59,7.61,0.0
7.6,7.62,175.01421784302426
7.61,7.63,176.19634899321704
7.62,7.64,177.98361222662533
7.63,7.65,177.31471686450786
7.64,7.66,175.25320527209334
7.65,7.67,173.12038386571683
7.66,7.68,171.21929236270836
7.67,7.69,169.9080298876425
7.68,7.7,169.29055861543344
7.69,7.71,169.18681507810035
7.7,7.72,169.26060742037822
7.71,7.73,169.1128499589006
7.72,7.74,168.9278273483076
7.73,7.75,168.5765150202998
7.74,7.76,167.86511327617924
7.75,7.77,167.25565593304327
7.76,7.78,167.07978884366048
7.77,7.79,166.9282338550121
7.78,7.8,166.14202070142525
7.79,7.81,164.21985011203913
7.8,7.82,160.87709334633797
7.81,7.83,157.47413301717984
7.82,7.84,155.57488962175293
7.83,7.85,156.0286662699909
7.84,7.86,158.01955042432706
7.85,7.87,160.12839508297176
7.86,7.88,161.6104355626798
7.87,7.89,162.417357186817
7.88,7.9,163.03055723220592
7.89,7.91,163.57944950533332
7.9,7.92,163.70958405401564
7.91,7.93,163.13766107401528
7.92,7.94,162.08479867585447
7.93,7.95,160.93371464613492
7.94,7.96,160.08055769546573
7.95,7.97,159.6716314486229
7.96,7.98,159.6916166058417
7.97,7.99,159.9562508843454
7.98,8.0,160.33394790450848
7.99,8.01,161.1711593816606
8.0,8.02,161.69850562470538
8.01,8.03,160.9094611303218
8.02,8.04,154.7878930284049
8.03,8.05,149.19057977743967
8.04,8.06,150.5329557105225
8.05,8.07,156.8498943401468
8.06,8.08,163.5289596486279
8.07,8.09,164.34243673178247
8.08,8.1,164.70795135519793
8.09,8.11,0.0
8.1,8.12,0.0
8.11,8.13,0.0
8.12,8.14,0.0
8.13,8.15,0.0
8.14,8.16,0.0
8.15,8.17,0.0
8.16,8.18,0.0
8.17,8.19,0.0
8.18,8.2,0.0
8.19,8.21,0.0
8.2,8.22,0.0
8.21,8.23,0.0
8.22,8.24,0.0
8.23,8.25,0.0
8.24,8.26,0.0
8.25,8.27,0.0
8.26,8.28,0.0
8.27,8.29,0.0
8.28,8.3,0.0
8.29,8.31,0.0
8.3,8.32,0.0
8.31,8.33,0.0
8.32,8.34,0.0
8.33,8.35,0.0
8.34,8.36,0.0
8.35,8.37,0.0
8.36,8.38,0.0
8.37,8.39,0.0
8.38,8.4,0.0
8.39,8.41,0.0
8.4,8.42,0.0
8.41,8.43,0.0
8.42,8.44,0.0
8.43,8.45,0.0
8.44,8.46,0.0
8.45,8.47,0.0
8.46,8.48,0.0
8.47,8.49,0.0
8.48,8.5,0.0
8.49,8.51,0.0
8.5,8.52,0.0
8.51,8.53,0.0
8.52,8.54,0.0
8.53,8.55,0.0
8.54,8.56,0.0
8.55,8.57,0.0
8.56,8.58,0.0
8.57,8.59,0.0
8.58,8.6,0.0
8.59,8.61,189.60655200226407
8.6,8.62,216.56231775366354
8.61,8.63,246.95868232629527
8.62,8.64,280.80128479063336
8.63,8.65,279.24529061774365
8.64,8.66,278.015306234601
8.65,8.67,277.0758297030005
8.66,8.68,275.3910416371269
8.67,8.69,272.9081834435059
8.68,8.7,271.02977422287125
8.69,8.71,271.10144794531965
8.7,8.72,273.14467301661733
8.71,8.73,276.03026986835164
8.72,8.74,278.3173567022684
8.73,8.75,279.7009874288572
8.74,8.76,279.9980209341545
8.75,8.77,279.85301045104586
8.76,8.78,279.8806374509355
8.77,8.79,280.3075989903674
8.78,8.8,279.7054248866378
8.79,8.81,242.65753559478506
8.8,8.82,210.4902278441078
8.81,8.83,183.61579002982384
8.82,8.84,183.90481305469444
8.83,8.85,0.0
8.84,8.86,251.18005301624308
8.85,8.87,249.15790904568792
8.86,8.88,245.69029745271
8.87,8.89,241.21057119249818
8.88,8.9,237.77470134686206
8.89,8.91,234.46318871182376
8.9,8.92,222.0224976664568
8.91,8.93,208.12067802133114
8.92,8.94,192.37732878061087
8.93,8.95,184.4894686033428
8.94,8.96,187.2315860576741
8.95,8.97,195.264435231586
8.96,8.98,207.38727480977758
8.97,8.99,211.60822208800585
8.98,9.0,214.01795078558789
8.99,9.01,214.24575029462048
9.0,9.02,211.6764949263822
9.01,9.03,210.0445654460213
9.02,9.04,210.1832732545326
9.03,9.05,212.93732961475973
9.04,9.06,215.5301993400951
9.05,9.07,217.72719514371778
9.06,9.08,219.60600079052992
9.07,9.09,220.50040450281801
9.08,9.1,219.78569500125346
9.09,9.11,217.54213746114632
9.1,9.12,213.49669008368716
9.11,9.13,204.28036453372334
9.12,9.14,195.44712149719462
9.13,9.15,188.31229054854606
9.14,9.16,186.83508589925742
9.15,9.17,186.96748881371306
9.16,9.18,188.1223034631944
9.17,9.19,189.32759040071986
9.18,9.2,190.10014331669558
9.19,9.21,191.03093977963252
9.2,9.22,196.09517259272226
9.21,9.23,201.79072714576427
9.22,9.24,207.33756258081158
9.23,9.25,208.69281363021196
9.24,9.26,209.9365701291641
9.25,9.27,211.45641265432175
9.26,9.28,213.2053632700516
9.27,9.29,214.7062401777408
9.28,9.3,215.8107218273021
9.29,9.31,217.5250734687538
9.3,9.32,220.47582121364306
9.31,9.33,223.43488789750705
9.32,9.34,225.20429599825982
9.33,9.35,225.0378235563748
9.34,9.36,223.7980783486475
9.35,9.37,222.08576239808883
9.36,9.38,220.35634466467303
9.37,9.39,218.9097216974289
9.38,9.4,217.30661932164952
9.39,9.41,215.37562370556802
9.4,9.42,213.3997093550547
9.41,9.43,211.70737416570753
9.42,9.44,210.36003144106763
9.43,9.45,208.66752366912868
9.44,9.46,206.41393802883366
9.45,9.47,203.95985878835222
9.46,9.48,201.8860798179436
9.47,9.49,200.1094837348813
9.48,9.5,198.45256737612388
9.49,9.51,196.92701429483205
9.5,9.52,195.7712024231136
9.51,9.53,194.77610339032032
9.52,9.54,193.8102320645216
9.53,9.55,192.73343294432232
9.54,9.56,190.8871206913162
9.55,9.57,189.55182946184303
9.56,9.58,188.5328345326087
9.57,9.59,188.63156505089842
9.58,9.6,188.63127410223515
9.59,9.61,188.49046607458314
9.6,9.62,187.95834972898172
9.61,9.63,186.79639172288637
9.62,9.64,185.70003890445466
9.63,9.65,185.1272512443574
9.64,9.66,185.19750833940466
9.65,9.67,185.49923929203857
9.66,9.68,185.71554754149665
9.67,9.69,185.75422247549685
9.68,9.7,185.55835241559217
9.69,9.71,185.1763712878142
9.7,9.72,184.79077890964507
9.71,9.73,184.5327674610641
9.72,9.74,184.39412498370248
9.73,9.75,184.31962383741168
9.74,9.76,184.2550588727584
9.75,9.77,184.16446243683012
9.76,9.78,183.94335409288473
9.77,9.79,183.4734298361852
9.78,9.8,182.85399573876643
9.79,9.81,182.3072190024188
9.8,9.82,182.15716331403695
9.81,9.83,182.42933829385768
9.82,9.84,183.0155536566751
9.83,9.85,183.73728789650724
9.84,9.86,184.67651930922983
9.85,9.87,185.38164140514965
9.86,9.88,185.6367083663118
9.87,9.89,185.53394450705014
9.88,9.9,185.58730264002523
9.89,9.91,185.6702528599121
9.9,9.92,185.76732057475917
9.91,9.93,185.91391853980366
9.92,9.94,186.28797986057367
9.93,9.95,186.57734456361231
9.94,9.96,186.61171693370773
9.95,9.97,186.3195071833866
9.96,9.98,185.25962769053726
9.97,9.99,184.25371908478644
9.98,10.0,183.787375526533
9.99,10.01,184.15180196799759
10.0,10.02,184.69251221315096
10.01,10.03,185.23889171432435
10.02,10.04,185.9846790850007
10.03,10.05,186.85439482055736
10.04,10.06,188.59395326640066
10.05,10.07,190.71243667949258
10.06,10.08,192.944614294541
10.07,10.09,214.42360977974622
10.08,10.1,238.10085919421712
10.09,10.11,264.57829044486635
10.1,10.12,242.31995658708055
10.11,10.13,221.74113188957867
10.12,10.14,202.62953915533328
10.13,10.15,203.67351203422135
10.14,10.16,201.9917141225024
10.15,10.17,199.39512863091417
10.16,10.18,196.8392084839336
10.17,10.19,198.0052087406301
10.18,10.2,199.77557999265454
10.19,10.21,226.6745838663865
10.2,10.22,254.3670232028558
10.21,10.23,283.891786861797
10.22,10.24,280.93100121056256
10.23,10.25,235.20919735230126
10.24,10.26,198.27445517768564
10.25,10.27,198.9111925090367
10.26,10.28,237.0166910210383
10.27,10.29,281.4827167476984
10.28,10.3,280.44376108215744
10.29,10.31,279.14489096275486
10.3,10.32,278.8719274983591
10.31,10.33,278.919246618391
10.32,10.34,278.56933655117933
10.33,10.35,276.7454889406872
10.34,10.36,272.89032419870034
10.35,10.37,269.9333254321406
10.36,10.38,268.2760069980572
10.37,10.39,268.88592222198713
10.38,10.4,269.0471838719852
10.39,10.41,269.214177592056
10.4,10.42,270.0942035109025
10.41,10.43,271.9070474919139
10.42,10.44,274.0137573589839
10.43,10.45,275.7283927959086
10.44,10.46,276.5548103516109
10.45,10.47,276.75914871675224
10.46,10.48,276.3070271698297
10.47,10.49,273.5500869957608
10.48,10.5,268.71190846594465
10.49,10.51,263.9111470410494
10.5,10.52,262.32634926695664
10.51,10.53,264.967311561306
10.52,10.54,268.5905564531857
10.53,10.55,271.4102796245475
10.54,10.56,272.2527283351421
10.55,10.57,272.7864991513132
10.56,10.58,273.38582519627363
10.57,10.59,274.010979998247
10.58,10.6,274.4876486991127
10.59,10.61,274.7374325275857
10.6,10.62,274.8653773544683
10.61,10.63,275.04155787207884
10.62,10.64,275.42678517849794
10.63,10.65,276.3038612706608
10.64,10.66,277.7452833333247
10.65,10.67,280.8292529216639
10.66,10.68,286.57078765917163
10.67,10.69,292.9300910126521
10.68,10.7,298.16088995477674
10.69,10.71,300.7930189319603
10.7,10.72,302.6626203049783
10.71,10.73,304.01718937838143
10.72,10.74,304.7559675928601
10.73,10.75,304.95567477275455
10.74,10.76,304.8072757511734
10.75,10.77,304.5616256372083
10.76,10.78,304.54290285743804
10.77,10.79,305.0943308640635
10.78,10.8,307.19177125585855
10.79,10.81,309.6344212396743
10.8,10.82,310.98387287101656
10.81,10.83,309.26260518447464
10.82,10.84,306.58730067289434
10.83,10.85,304.81540257382306
10.84,10.86,0.0
10.85,10.87,0.0
10.86,10.88,0.0
10.87,10.89,0.0
10.88,10.9,0.0
10.89,10.91,0.0
10.9,10.92,0.0
10.91,10.93,0.0
10.92,10.94,0.0
10.93,10.95,0.0
10.94,10.96,0.0
10.95,10.97,0.0
10.96,10.98,0.0
10.97,10.99,0.0
10.98,11.0,0.0
10.99,11.01,0.0
11.0,11.02,0.0
11.01,11.03,0.0
11.02,11.04,0.0
11.03,11.05,0.0
11.04,11.06,0.0
11.05,11.07,0.0
11.06,11.08,0.0
11.07,11.09,0.0
11.08,11.1,0.0
11.09,11.11,0.0
11.1,11.12,0.0
11.11,11.13,0.0
11.12,11.14,0.0
11.13,11.15,0.0
11.14,11.16,0.0
11.15,11.17,0.0
11.16,11.18,0.0
11.17,11.19,0.0
11.18,11.2,0.0
11.19,11.21,0.0
11.2,11.22,0.0
11.21,11.23,0.0
11.22,11.24,0.0
11.23,11.25,0.0
11.24,11.26,0.0
11.25,11.27,0.0
11.26,11.28,0.0
11.27,11.29,0.0
11.28,11.3,0.0
11.29,11.31,0.0
11.3,11.32,0.0
11.31,11.33,0.0
11.32,11.34,0.0
11.33,11.35,0.0
11.34,11.36,0.0
11.35,11.37,0.0
11.36,11.38,0.0
11.37,11.39,0.0
11.38,11.4,0.0
11.39,11.41,0.0
11.4,11.42,0.0
11.41,11.43,0.0
11.42,11.44,0.0
11.43,11.45,0.0
11.44,11.46,0.0
11.45,11.47,0.0
11.46,11.48,0.0
11.47,11.49,0.0
11.48,11.5,0.0
11.49,11.51,0.0
11.5,11.52,0.0
11.51,11.53,0.0
11.52,11.54,0.0
11.53,11.55,0.0
11.54,11.56,0.0
11.55,11.57,0.0
11.56,11.58,0.0
11.57,11.59,0.0
11.58,11.6,0.0
11.59,11.61,0.0
11.6,11.62,0.0
11.61,11.63,0.0
11.62,11.64,0.0
11.63,11.65,0.0
11.64,11.66,0.0
11.65,11.67,0.0
11.66,11.68,0.0
11.67,11.69,0.0
11.68,11.7,0.0
11.69,11.71,0.0
11.7,11.72,0.0
11.71,11.73,0.0
11.72,11.74,0.0
11.73,11.75,0.0
11.74,11.76,0.0
11.75,11.77,0.0
11.76,11.78,0.0
11.77,11.79,194.40157478325497
11.78,11.8,203.10658881917158
11.79,11.81,221.59914230131366
11.8,11.82,219.66373670156628
11.81,11.83,213.9743341694585
11.82,11.84,207.94039480345623
11.83,11.85,203.39984712321768
11.84,11.86,202.9107965947334
11.85,11.87,203.91941531530966
11.86,11.88,206.09471679014544
11.87,11.89,208.36423716487832
11.88,11.9,209.91464470252976
11.89,11.91,210.17549282295877
11.9,11.92,209.76275608269404
11.91,11.93,208.86689166787363
11.92,11.94,207.61986508792089
11.93,11.95,206.15521452456497
11.94,11.96,204.57135084975891
11.95,11.97,202.99661417128044
11.96,11.98,201.44833629636392
11.97,11.99,199.75282312418136
11.98,12.0,197.83412390210583
11.99,12.01,195.96710063940196
12.0,12.02,194.56334615356081
12.01,12.03,193.8981820683735
12.02,12.04,194.04503938875382
12.03,12.05,194.75378728360542
12.04,12.06,195.5911007558764
12.05,12.07,196.11470389752247
12.06,12.08,196.2557586291256
12.07,12.09,196.06138630062296
12.08,12.1,195.58946305280963
12.09,12.11,194.98050047290616
12.1,12.12,194.38594044614703
12.11,12.13,193.8505072740297
12.12,12.14,193.35940571522852
12.13,12.15,192.92854448730697
12.14,12.16,192.64533207951072
12.15,12.17,192.53512474995975
12.16,12.18,192.47171092836595
12.17,12.19,192.23995113107048
12.18,12.2,191.6661217500459
12.19,12.21,190.84468573012768
12.2,12.22,190.05922341752168
12.21,12.23,189.52238608222544
12.22,12.24,189.22570199151744
12.23,12.25,188.99685131790562
12.24,12.26,188.68751866266928
12.25,12.27,188.2183720676321
12.26,12.28,187.69732178145063
12.27,12.29,187.2802740512611
12.28,12.3,187.05093227493276
12.29,12.31,186.94120668484214
12.3,12.32,186.91723467361214
12.31,12.33,187.00024365926603
12.32,12.34,187.24606734999483
12.33,12.35,187.71316266744898
12.34,12.36,188.30685494232927
12.35,12.37,188.82643513729215
12.36,12.38,189.10640839958768
12.37,12.39,189.2951369730541
12.38,12.4,189.56277270629906
12.39,12.41,189.8919079236917
12.4,12.42,160.2475214551482
12.41,12.43,135.4097457077364
12.42,12.44,114.85560105716301
12.43,12.45,137.85786277990022
12.44,12.46,165.7963557721082
12.45,12.47,199.3362193864113
12.46,12.48,201.33375844342456
12.47,12.49,202.4537895526024
12.48,12.5,202.26606940927581
12.49,12.51,201.30931591498717
12.5,12.52,200.5748107162741
12.51,12.53,209.08119206538694
12.52,12.54,215.65661027009224
12.53,12.55,215.69738540524696
12.54,12.56,206.9538822604372
12.55,12.57,200.93019398242228
12.56,12.58,0.0
12.57,12.59,0.0
12.58,12.6,0.0
12.59,12.61,200.66008247348807
12.6,12.62,0.0
12.61,12.63,0.0
12.62,12.64,0.0
12.63,12.65,0.0
12.64,12.66,242.4764518861624
12.65,12.67,236.52575750700902
12.66,12.68,228.25654743988028
12.67,12.69,221.7443077910454
12.68,12.7,219.25980723753165
12.69,12.71,217.17024475374916
12.7,12.72,214.41439675628317
12.71,12.73,209.5842830677337
12.72,12.74,198.9111925090367
12.73,12.75,189.1207013231533
12.74,12.76,182.44988036960495
12.75,12.77,0.0
12.76,12.78,0.0
12.77,12.79,0.0
12.78,12.8,0.0
12.79,12.81,0.0
12.8,12.82,0.0
12.81,12.83,221.48242437953957
12.82,12.84,218.2910571473533
12.83,12.85,211.37582129464857
12.84,12.86,205.70921156046856
12.85,12.87,200.93820774980364
12.86,12.88,197.8604551435831
12.87,12.89,195.87506147781377
12.88,12.9,194.4098422149468
12.89,12.91,193.47792899343384
12.9,12.92,193.11947053881738
12.91,12.93,193.25909488352022
12.92,12.94,192.64066279642032
12.93,12.95,190.55735219180735
12.94,12.96,187.7216833835799
12.95,12.97,181.03697195270675
12.96,12.98,175.90881975623142
12.97,12.99,171.85211008075674
12.98,13.0,175.96003012855905
12.99,13.01,181.6526522865899
13.0,13.02,188.78716215205722
13.01,13.03,192.3819916809312
13.02,13.04,194.34388389595605
13.03,13.05,194.2923320702229
13.04,13.06,193.52470195186825
13.05,13.07,192.5290157536073
13.06,13.08,191.7398321174696
13.07,13.09,190.97408084552893
13.08,13.1,188.44412090460781
13.09,13.11,184.69271569413314
13.1,13.12,180.37865897854448
13.11,13.13,176.8382291694324
13.12,13.14,174.12951786393643
13.13,13.15,172.2138725853984
13.14,13.16,171.7855341268624
13.15,13.17,172.76600548690874
13.16,13.18,177.56267524855636
13.17,13.19,183.10473763276315
13.18,13.2,187.95064655049265
13.19,13.21,188.76361891903792
13.2,13.22,188.27121619040744
13.21,13.23,187.44689922426724
13.22,13.24,186.75795246775405
13.23,13.25,186.4046329651724
13.24,13.26,186.33174187825418
13.25,13.27,186.4057830248222
13.26,13.28,186.5276473939772
13.27,13.29,186.64058474802331
13.28,13.3,186.68895451231086
13.29,13.31,186.53985465316674
13.3,13.32,186.13866704786847
13.31,13.33,185.58762978701054
13.32,13.34,184.96611156228337
13.33,13.35,184.32490373429673
13.34,13.36,183.77514592062798
13.35,13.37,183.48543721280578
13.36,13.38,183.43640193305353
13.37,13.39,183.34257210193257
13.38,13.4,182.88191957879664
13.39,13.41,182.07810955644604
13.4,13.42,181.21457258982898
13.41,13.43,180.49554900484281
13.42,13.44,179.82632659266662
13.43,13.45,179.11971810095824
13.44,13.46,178.55931882443772
13.45,13.47,178.3267462096097
13.46,13.48,178.39957194219494
13.47,13.49,178.51234736959492
13.48,13.5,178.4482044862936
13.49,13.51,178.16799256565
13.5,13.52,177.7765837907657
13.51,13.53,177.4051881670059
13.52,13.54,177.039873704789
13.53,13.55,176.5970802918144
13.54,13.56,176.029135417524
13.55,13.57,175.45799102934535
13.56,13.58,175.09522015275334
13.57,13.59,175.10378544489498
13.58,13.6,175.3465270055408
13.59,13.61,175.52372770080356
13.6,13.62,175.41875410803706
13.61,13.63,175.01807424599932
13.62,13.64,174.5004001099842
13.63,13.65,173.9962186156534
13.64,13.66,173.56994861263414
13.65,13.67,173.25789867012924
13.66,13.68,173.06273532323445
13.67,13.69,172.9597671017753
13.68,13.7,172.8267349709537
13.69,13.71,172.59067614882457
13.7,13.72,172.28621392098984
13.71,13.73,171.9997784638056
13.72,13.74,171.81252485048256
13.73,13.75,171.72023260719178
13.74,13.76,171.6008013370911
13.75,13.77,171.2774401729564
13.76,13.78,170.6512695950979
13.77,13.79,169.85869313665916
13.78,13.8,169.15792588383735
13.79,13.81,168.7108108246714
13.8,13.82,168.5272678315123
13.81,13.83,168.49234670273339
13.82,13.84,168.47298632472234
13.83,13.85,168.36039498608292
13.84,13.86,168.13641976669874
13.85,13.87,167.85840002825867
13.86,13.88,167.61706802597112
13.87,13.89,167.3948746977475
13.88,13.9,167.15846322526676
13.89,13.91,166.95615364737174
13.9,13.92,166.92074890734608
13.91,13.93,167.09598835597404
13.92,13.94,167.36603333435397
13.93,13.95,167.6296259461421
13.94,13.96,168.09719039258786
13.95,13.97,170.1292479932279
13.96,13.98,174.37747908515328
13.97,13.99,181.2926921618785
13.98,14.0,189.19126502058285
13.99,14.01,197.10448067523873
14.0,14.02,204.4578799868561
14.01,14.03,211.94999343391214
14.02,14.04,219.13712674502037
14.03,14.05,225.39612001344628
14.04,14.06,229.51011751357555
14.05,14.07,232.00374657965716
14.06,14.08,232.979853644466
14.07,14.09,232.98211244271775
14.08,14.1,232.08923662900762
14.09,14.11,230.43769885305272
14.1,14.12,227.70201214957459
14.11,14.13,221.30480512629174
14.12,14.14,213.05536559952967
14.13,14.15,204.47797389188025
14.14,14.16,199.08983282729807
14.15,14.17,195.93808550542542
14.16,14.18,194.43130490918085
14.17,14.19,193.7900762473903
14.18,14.2,193.49988572001257
14.19,14.21,193.31075591525882
14.2,14.22,193.98813821698127
14.21,14.23,199.396314901858
14.22,14.24,204.92812567251767
14.23,14.25,209.20819985212984
14.24,14.26,207.67920887164564
14.25,14.27,205.95248992118903
14.26,14.28,204.39833072963637
14.27,14.29,203.24438722823064
14.28,14.3,202.0073815377328
14.29,14.31,200.88650022183757
14.3,14.32,200.07491762426525
14.31,14.33,199.28707577632397
14.32,14.34,198.01943249050024
14.33,14.35,196.6292234778392
14.34,14.36,195.26555390169716
14.35,14.37,189.37398593660245
14.36,14.38,187.94559409949184
14.37,14.39,188.4758885425819
14.38,14.4,194.2995245272248
14.39,14.41,195.91425485919487
14.4,14.42,195.31413618179315
14.41,14.43,193.84388670197265
14.42,14.44,191.56175075084263
14.43,14.45,188.42597630397555
14.44,14.46,182.37865629575907
14.45,14.47,176.53557053111473
14.46,14.48,176.88928136540005
14.47,14.49,178.41529645619312
14.48,14.5,0.0
14.49,14.51,0.0
14.5,14.52,0.0
14.51,14.53,0.0
14.52,14.54,0.0
14.53,14.55,176.16998941332488
14.54,14.56,175.94487092551805
14.55,14.57,175.3604368152092
14.56,14.58,174.11808437709715
14.57,14.59,172.6312775091897
14.58,14.6,171.0763274714388
14.59,14.61,169.50234492228614
14.6,14.62,167.83822491289712
14.61,14.63,165.93240375407396
14.62,14.64,164.19461293448109
14.63,14.65,162.77548772113917
14.64,14.66,161.71088736627854
14.65,14.67,160.6993993387951
14.66,14.68,159.94701679090653
14.67,14.69,159.884788676594
14.68,14.7,160.44833058193896
14.69,14.71,160.90178515773204
14.7,14.72,160.47562625042397
14.71,14.73,159.3719082300543
14.72,14.74,158.83424700255262
14.73,14.75,159.87008086886024
14.74,14.76,161.7403223041306
14.75,14.77,162.16889280455067
14.76,14.78,162.06703160394207
14.77,14.79,0.0
14.78,14.8,0.0
14.79,14.81,0.0
14.8,14.82,0.0
14.81,14.83,0.0
14.82,14.84,0.0
14.83,14.85,0.0
14.84,14.86,0.0
14.85,14.87,0.0
14.86,14.88,0.0
14.87,14.89,145.07750185083174
14.88,14.9,146.14106150281316
14.89,14.91,148.13367835718134
14.9,14.92,150.01729594027492
14.91,14.93,151.81866611390254
14.92,14.94,155.31002628065517
14.93,14.95,158.33323150274873
14.94,14.96,161.2625256014592
14.95,14.97,162.52212437641035
14.96,14.98,163.98062381338335
14.97,14.99,164.78303984329074
14.98,15.0,0.0
14.99,15.01,0.0
15.0,15.02,0.0
15.01,15.03,0.0
15.02,15.04,0.0
15.03,15.05,0.0
15.04,15.06,0.0
15.05,15.07,0.0
15.06,15.08,0.0
15.07,15.09,0.0
15.08,15.1,0.0
15.09,15.11,0.0
15.1,15.12,0.0
15.11,15.13,0.0
15.12,15.14,0.0
15.13,15.15,0.0
15.14,15.16,0.0
15.15,15.17,0.0
15.16,15.18,223.73629779929735
15.17,15.19,221.8426366551586
15.18,15.2,237.47850106200147
15.19,15.21,248.75197388736206
15.2,15.22,266.2563526926096
15.21,15.23,267.1680329132747
15.22,15.24,267.4498710104808
15.23,15.25,266.6632940629185
15.24,15.26,263.0111601020403
15.25,15.27,259.0640871413897
15.26,15.28,250.54084187846397
15.27,15.29,244.7692669772825
15.28,15.3,239.67013107196
15.29,15.31,239.43640133654085
15.3,15.32,239.1544664370516
15.31,15.33,239.07575063868873
15.32,15.34,239.9354380616424
15.33,15.35,241.84564084389322
15.34,15.36,244.0437479387776
15.35,15.37,245.77460285639674
15.36,15.38,245.75608242756311
15.37,15.39,261.3363321835484
15.38,15.4,276.1094715287183
15.39,15.41,275.7977843364464
15.4,15.42,259.19044399717563
15.41,15.43,245.05301534254204
15.42,15.44,281.0985576927481
15.43,15.45,407.18890274503764
15.44,15.46,591.0512305442929
15.45,15.47,748.6966680096135
15.46,15.48,748.8563779206779
15.47,15.49,747.0397109594425
15.48,15.5,0.0
15.49,15.51,0.0
15.5,15.52,260.64003075047225
15.51,15.53,258.2248929937343
15.52,15.54,253.09823026095555
15.53,15.55,248.55182843532612
15.54,15.56,243.7386103444535
15.55,15.57,239.20801220000376
15.56,15.58,234.78697695455534
15.57,15.59,230.82753032239629
15.58,15.6,227.3031343612356
15.59,15.61,223.90082072020192
15.6,15.62,220.80456988998148
15.61,15.63,218.45513795537923
15.62,15.64,216.84303685793827
15.63,15.65,215.59441690104282
15.64,15.66,213.50920390079972
15.65,15.67,209.81217139321345
15.66,15.68,204.28392053401944
15.67,15.69,202.08782970377538
15.68,15.7,204.2101574593554
15.69,15.71,208.97746791198196
15.7,15.72,211.52417042859713
15.71,15.73,210.8649450768597
15.72,15.74,209.45072410952534
15.73,15.75,207.85931144357502
15.74,15.76,206.8106523489399
15.75,15.77,206.25840138949013
15.76,15.78,215.5811158353866
15.77,15.79,225.21814117540146
15.78,15.8,234.5426597501024
15.79,15.81,233.83946674663255
15.8,15.82,0.0
15.81,15.83,943.0607318648651
15.82,15.84,943.7910132041068
15.83,15.85,960.512675983029
15.84,15.86,965.7890258065738
15.85,15.87,976.2233895142987
15.86,15.88,0.0
15.87,15.89,202.6842409724062
15.88,15.9,200.58272191474194
15.89,15.91,196.82689103828773
15.9,15.92,193.4878625047894
15.91,15.93,191.1161546446141
15.92,15.94,189.7548835248362
15.93,15.95,189.6956874708067
15.94,15.96,196.5420701312709
15.95,15.97,204.16273633860223
15.96,15.98,212.2028499574248
15.97,15.99,212.12206759200163
15.98,16.0,206.0063638756683
15.99,16.01,198.57434386827566
16.0,16.02,192.1491967543546
16.01,16.03,190.57452624803446
16.02,16.04,190.05285796096328
16.03,16.05,0.0
16.04,16.06,0.0
16.05,16.07,0.0
16.06,16.08,0.0
16.07,16.09,0.0
16.08,16.1,0.0
16.09,16.11,0.0
16.1,16.12,0.0
16.11,16.13,0.0
16.12,16.14,208.10604968473154
16.13,16.15,207.7255243601206
16.14,16.16,206.8323902896573
16.15,16.17,205.73237501786696
16.16,16.18,204.8113881011511
16.17,16.19,204.37765921203817
16.18,16.2,204.62639652365917
16.19,16.21,206.01694061982477
16.2,16.22,209.11316716731588
16.21,16.23,214.10747520642718
16.22,16.24,219.26381724687684
16.23,16.25,223.70568502935305
16.24,16.26,226.2337336984704
16.25,16.27,227.55846193079842
16.26,16.28,226.9078551818697
16.27,16.29,222.37736523105383
16.28,16.3,215.08571398424823
16.29,16.31,207.06016072737916
16.3,16.32,201.5768368452285
16.31,16.33,198.80756346188133
16.32,16.34,197.62939171474457
16.33,16.35,196.75642751719369
16.34,16.36,194.43935938586318
16.35,16.37,188.86188768487693
16.36,16.38,182.3508494780926
16.37,16.39,176.82653990048786
16.38,16.4,174.25358875466608
16.39,16.41,172.92661378289267
16.4,16.42,171.75332494265479
16.41,16.43,170.44523973865702
16.42,16.44,169.3197129683565
16.43,16.45,169.44054345065302
16.44,16.46,177.9189144571674
16.45,16.47,187.7628033431257
16.46,16.48,186.12099049645718
16.47,16.49,177.55751080437153
16.48,16.5,168.12569468016702
16.49,16.51,0.0
16.5,16.52,0.0
16.51,16.53,0.0
16.52,16.54,0.0
16.53,16.55,0.0
16.54,16.56,0.0
16.55,16.57,0.0
16.56,16.58,0.0
16.57,16.59,0.0
16.58,16.6,0.0
16.59,16.61,0.0
16.6,16.62,0.0
16.61,16.63,0.0
16.62,16.64,0.0
16.63,16.65,0.0
16.64,16.66,0.0
16.65,16.67,0.0
16.66,16.68,0.0
16.67,16.69,0.0
16.68,16.7,0.0
16.69,16.71,0.0
16.7,16.72,0.0
16.71,16.73,0.0
16.72,16.74,0.0
16.73,16.75,0.0
16.74,16.76,0.0
16.75,16.77,0.0
16.76,16.78,0.0
16.77,16.79,0.0
16.78,16.8,0.0
16.79,16.81,0.0
16.8,16.82,0.0
16.81,16.83,0.0
16.82,16.84,0.0
16.83,16.85,0.0
16.84,16.86,0.0
16.85,16.87,0.0
16.86,16.88,0.0
16.87,16.89,0.0
16.88,16.9,0.0
16.89,16.91,0.0
16.9,16.92,0.0
16.91,16.93,0.0
16.92,16.94,0.0
16.93,16.95,0.0
16.94,16.96,0.0
16.95,16.97,0.0
16.96,16.98,0.0
16.97,16.99,0.0
16.98,17.0,0.0
16.99,17.01,0.0
17.0,17.02,0.0
17.01,17.03,0.0
17.02,17.04,0.0
17.03,17.05,0.0
17.04,17.06,0.0
17.05,17.07,0.0
17.06,17.08,0.0
17.07,17.09,0.0
17.08,17.1,0.0
17.09,17.11,0.0
17.1,17.12,0.0
17.11,17.13,0.0
17.12,17.14,0.0
17.13,17.15,0.0
17.14,17.16,0.0
17.15,17.17,0.0
17.16,17.18,0.0
17.17,17.19,0.0
17.18,17.2,0.0
17.19,17.21,0.0
17.2,17.22,0.0
17.21,17.23,0.0
17.22,17.24,0.0
17.23,17.25,0.0
17.24,17.26,0.0
17.25,17.27,0.0
17.26,17.28,0.0
17.27,17.29,0.0
17.28,17.3,0.0
17.29,17.31,0.0
17.3,17.32,0.0
17.31,17.33,0.0
17.32,17.34,0.0
17.33,17.35,0.0
17.34,17.36,0.0
17.35,17.37,0.0
17.36,17.38,0.0
17.37,17.39,0.0
17.38,17.4,0.0
17.39,17.41,0.0
17.4,17.42,0.0
17.41,17.43,0.0
17.42,17.44,0.0
17.43,17.45,0.0
17.44,17.46,0.0
17.45,17.47,287.72524316053233
17.46,17.48,287.19653824154426
17.47,17.49,286.16089376710704
17.48,17.5,285.5277735483823
17.49,17.51,284.38627081725195
17.5,17.52,282.7615597512347
17.51,17.53,281.9944407558964
17.52,17.54,281.0901341397732
17.53,17.55,281.10283150364967
17.54,17.56,0.0
17.55,17.57,0.0
17.56,17.58,0.0
17.57,17.59,0.0
17.58,17.6,0.0
17.59,17.61,0.0
17.6,17.62,328.64355802541263
17.61,17.63,328.2394405103783
17.62,17.64,326.70415978254687
17.63,17.65,319.76154503631966
17.64,17.66,312.56550737747443
17.65,17.67,306.16091912016935
17.66,17.68,305.25141164282576
17.67,17.69,305.36046085990796
17.68,17.7,306.35391895174547
17.69,17.71,307.7885490919855
17.7,17.72,308.7990242724599
17.71,17.73,308.3379047206277
17.72,17.74,305.59557720548827
17.73,17.75,293.3136150794335
17.74,17.76,280.15897117610274
17.75,17.77,265.2667589175749
17.76,17.78,257.68838421615595
17.77,17.79,251.2045173199129
17.78,17.8,248.36913716109038
17.79,17.81,247.89472434472862
17.8,17.82,261.9009795082406
17.81,17.83,281.40122971148344
17.82,17.84,303.65693606557164
17.83,17.85,311.463498604875
17.84,17.86,314.47113865222263
17.85,17.87,315.2299026407317
17.86,17.88,315.4380025249379
17.87,17.89,315.4441190560582
17.88,17.9,0.0
17.89,17.91,0.0
17.9,17.92,0.0
17.91,17.93,0.0
17.92,17.94,0.0
17.93,17.95,0.0
17.94,17.96,0.0
17.95,17.97,0.0
17.96,17.98,0.0
17.97,17.99,0.0
17.98,18.0,291.0230577813265
17.99,18.01,289.7109999244124
18.0,18.02,287.2632457218813
18.01,18.03,285.2376322883671
18.02,18.04,283.7811498811881
18.03,18.05,282.8087910769923
18.04,18.06,282.13397108128055
18.05,18.07,267.2194896259653
18.06,18.08,251.85407876926982
18.07,18.09,236.59372836014938
18.08,18.1,233.73056723241308
18.09,18.11,232.26159068658433
18.1,18.12,245.03249759137222
18.11,18.13,259.32823345626645
18.12,18.14,274.31073501447906
18.13,18.15,345.2453620288455
18.14,18.16,434.1026320400207
18.15,18.17,545.9278669048401
18.16,18.18,545.659800137333
18.17,18.19,545.5604961290525
18.18,18.2,545.480080341988
18.19,18.21,545.220522835316
18.2,18.22,544.4953784975821
18.21,18.23,430.5262648017443
18.22,18.24,339.66794800090844
18.23,18.25,268.0766324216111
18.24,18.26,267.3598390035509
18.25,18.27,267.56339695556494
18.26,18.28,268.84077917488713
18.27,18.29,271.1457159343437
18.28,18.3,273.24490144821067
18.29,18.31,274.24455774800487
18.3,18.32,273.97849904300904
18.31,18.33,273.8604408750775
18.32,18.34,274.2907894998106
18.33,18.35,275.3391641050521
18.34,18.36,276.6757370262959
18.35,18.37,277.48487734617737
18.36,18.38,277.22520419049204
18.37,18.39,276.4891883183529
18.38,18.4,275.75075173583247
18.39,18.41,275.2493874984544
18.4,18.42,274.70607606206283
18.41,18.43,274.4732543288594
18.42,18.44,274.8548997462006
18.43,18.45,275.1091398395024
18.44,18.46,274.6062797905087
18.45,18.47,283.90454822442297
18.46,18.48,290.5101845096362
18.47,18.49,297.2186241028913
18.48,18.5,292.9375138786828
18.49,18.51,291.66720625022265
18.5,18.52,290.7997938719057
18.51,18.53,289.9329807049663
18.52,18.54,289.0821275886734
18.53,18.55,288.67945499197583
18.54,18.56,289.7750988914155
18.55,18.57,292.23041191819823
18.56,18.58,293.27626111520556
18.57,18.59,292.62823664384155
18.58,18.6,290.66545661200985
18.59,18.61,290.0892866174891
18.6,18.62,291.19040966753124
18.61,18.63,293.04965430855634
18.62,18.64,294.5124956168924
18.63,18.65,0.0
18.64,18.66,0.0
18.65,18.67,0.0
18.66,18.68,315.3586373879334
18.67,18.69,313.0459169593572
18.68,18.7,296.77355472191437
18.69,18.71,280.2994461905319
18.7,18.72,265.4260254667549
18.71,18.73,261.6952710535059
18.72,18.74,259.188673547897
18.73,18.75,254.55771608019853
18.74,18.76,250.23337011259682
18.75,18.77,245.89778296027578
18.76,18.78,242.2384908490989
18.77,18.79,237.4175998579192
18.78,18.8,230.48964847666272
18.79,18.81,224.65341382927383
18.8,18.82,219.23198075930833
18.81,18.83,214.9025699640476
18.82,18.84,210.50673998033818
18.83,18.85,204.9607301770417
18.84,18.86,200.72800752725726
18.85,18.87,196.77051820306272
18.86,18.88,194.86067029899172
18.87,18.89,193.74750824385947
18.88,18.9,193.1807140389778
18.89,18.91,192.8437962779832
18.9,18.92,192.8742231457358
18.91,18.93,193.71438254792812
18.92,18.94,194.931013278392
18.93,18.95,196.30463052807207
18.94,18.96,197.47908194876993
18.95,18.97,198.60558737730605
18.96,18.98,199.20041229546285
18.97,18.99,198.3471668278222
18.98,19.0,195.7616693088004
18.99,19.01,192.20920079798603
19.0,19.02,183.62764487696242
19.01,19.03,179.6017200382063
19.02,19.04,0.0
19.03,19.05,0.0
19.04,19.06,0.0
19.05,19.07,0.0
19.06,19.08,0.0
19.07,19.09,202.07393708499572
19.08,19.1,199.85020725321365
19.09,19.11,195.30333429349173
19.1,19.12,194.49009312009957
19.11,19.13,193.73999470277394
19.12,19.14,193.50457582921
19.13,19.15,193.88728760082134
19.14,19.16,194.10999808413024
19.15,19.17,192.59316988395025
19.16,19.18,188.82839067949948
19.17,19.19,185.8940514282422
19.18,19.2,187.15288682644538
19.19,19.21,190.61047500389301
19.2,19.22,193.25074864239284
19.21,19.23,192.52854910213273
19.22,19.24,191.24151985107923
19.23,19.25,189.866469790351
19.24,19.26,188.65496710582414
19.25,19.27,187.33058451983243
19.26,19.28,186.01517137189262
19.27,19.29,186.1332531693309
19.28,19.3,179.90249991802338
19.29,19.31,179.7691583483427
19.3,19.32,180.6461863185491
19.31,19.33,189.01517583723466
19.32,19.34,191.52891435648317
19.33,19.35,191.36081102992247
19.34,19.36,190.36946252263914
19.35,19.37,189.40787187330506
19.36,19.38,189.0870750849461
19.37,19.39,189.49566130088496
19.38,19.4,190.85065717603874
19.39,19.41,193.34636875379124
19.4,19.42,196.15117906377614
19.41,19.43,197.30179998392313
19.42,19.44,195.77698290854866
19.43,19.45,192.5513314989003
19.44,19.46,190.18519441165313
19.45,19.47,189.4364208895241
19.46,19.48,189.58507883241347
19.47,19.49,189.77545596930278
19.48,19.5,0.0
19.49,19.51,0.0
19.5,19.52,0.0
19.51,19.53,0.0
19.52,19.54,0.0
19.53,19.55,0.0
19.54,19.56,0.0
19.55,19.57,217.92585515364874
19.56,19.58,216.9288196378024
19.57,19.59,215.33258445193977
19.58,19.6,213.98060498435544
19.59,19.61,213.236277597022
19.6,19.62,212.65257627100803
19.61,19.63,210.8753995454942
19.62,19.64,204.34870458860024
19.63,19.65,195.81844348101143
19.64,19.66,188.2158836991872
19.65,19.67,185.0392431057739
19.66,19.68,183.80487094707607
19.67,19.69,183.02232866156763
19.68,19.7,182.68952104471066
19.69,19.71,184.2667519813132
19.7,19.72,189.35032779956825
19.71,19.73,195.51948560959855
19.72,19.74,200.50512609818725
19.73,19.75,202.21099033140598
19.74,19.76,202.66628821780412
19.75,19.77,202.59833224446294
19.76,19.78,201.31197738935126
19.77,19.79,199.84232494591262
19.78,19.8,198.7944657908632
19.79,19.81,199.14208713809035
19.8,19.82,199.6226702198747
19.81,19.83,199.54214815704282
19.82,19.84,198.8692523896193
19.83,19.85,198.32806869883117
19.84,19.86,198.37347893261935
19.85,19.87,198.9064590120815
19.86,19.88,199.5277271002837
19.87,19.89,199.91354120520015
19.88,19.9,199.9292676951952
19.89,19.91,199.51044958463956
19.9,19.92,198.79792629564952
19.91,19.93,198.08013488069537
19.92,19.94,197.64088839321718
19.93,19.95,197.57418213880246
19.94,19.96,197.8986067840727
19.95,19.97,198.44049877618806
19.96,19.98,198.8866934967464
19.97,19.99,199.07268095935953
19.98,20.0,198.98869762525058
19.99,20.01,198.8045408458248
20.0,20.02,198.5144960844531
20.01,20.03,198.2333481895171
20.02,20.04,197.97807300921824
20.03,20.05,197.72687339270217
20.04,20.06,197.3318866832344
20.05,20.07,196.86497352088927
20.06,20.08,196.70783323198586
20.07,20.09,197.27454330858356
20.08,20.1,198.22592275629606
20.09,20.11,199.22587181897683
20.1,20.12,200.00774242098043
20.11,20.13,200.6598171863206
20.12,20.14,201.0304997906947
20.13,20.15,201.025184319735
20.14,20.16,200.99719182526425
20.15,20.17,201.2444755295746
20.16,20.18,201.7294654824956
20.17,20.19,201.97845118102418
20.18,20.2,201.49037635076817
20.19,20.21,199.7139179658072
20.2,20.22,197.759944450375
20.21,20.23,197.5787097883232
20.22,20.24,200.10018027853656
20.23,20.25,205.0115891072143
20.24,20.26,208.74455264317055
20.25,20.27,210.80120726550044
20.26,20.28,210.67179333977796
20.27,20.29,210.3228141598144
20.28,20.3,209.60571213096637
20.29,20.31,208.4801975572654
20.3,20.32,201.10120892157744
20.31,20.33,191.28876374984293
20.32,20.34,183.87758387810152
20.33,20.35,0.0
20.34,20.36,0.0
20.35,20.37,0.0
20.36,20.38,0.0
20.37,20.39,0.0
20.38,20.4,196.6149696170345
20.39,20.41,195.0733228272248
20.4,20.42,192.32413732663153
20.41,20.43,190.17739996942353
20.42,20.44,188.5535237689666
20.43,20.45,186.7359789745537
20.44,20.46,182.44903612913689
20.45,20.47,178.11190096460277
20.46,20.48,175.38095579860192
20.47,20.49,177.41535197373096
20.48,20.5,181.89890107048296
20.49,20.51,186.60645376796194
20.5,20.52,202.51678837948745
20.51,20.53,217.65188707590644
20.52,20.54,232.84087702074734
20.53,20.55,232.20228317927086
20.54,20.56,231.82964271201115
20.55,20.57,0.0
20.56,20.58,0.0
20.57,20.59,0.0
20.58,20.6,0.0
20.59,20.61,0.0
20.6,20.62,0.0
20.61,20.63,0.0
20.62,20.64,0.0
20.63,20.65,0.0
20.64,20.66,213.43883497685528
20.65,20.67,211.26863116893645
20.66,20.68,207.6617288325716
20.67,20.69,203.40289478719313
20.68,20.7,199.25467133945716
20.69,20.71,195.14705352772083
20.7,20.72,191.798778558933
20.71,20.73,189.33877101893472
20.72,20.74,187.51204551672464
20.73,20.75,186.4218435277401
20.74,20.76,185.8616541577124
20.75,20.77,185.61650277964551
20.76,20.78,185.61175846681508
20.77,20.79,185.7866419570249
20.78,20.8,185.970950991104
20.79,20.81,186.0427580829205
20.8,20.82,186.25875617053208
20.81,20.83,186.7816571119368
20.82,20.84,187.4129098623949
20.83,20.85,188.14808832018267
20.84,20.86,189.00059937051023
20.85,20.87,190.15054092495004
20.86,20.88,191.52882995141206
20.87,20.89,192.82102176445358
20.88,20.9,193.9268951269706
20.89,20.91,194.28723757426843
20.9,20.92,193.61252238374524
20.91,20.93,192.50475137666515
20.92,20.94,191.01696547508706
20.93,20.95,190.76093696933702
20.94,20.96,190.9105501776192
20.95,20.97,190.55810798568407
20.96,20.98,190.1856553832952
20.97,20.99,0.0
20.98,21.0,0.0
20.99,21.01,0.0
21.0,21.02,0.0
21.01,21.03,205.5704667594401
21.02,21.04,204.20097831838166
21.03,21.05,176.28718192664422
21.04,21.06,153.1255808844874
21.05,21.07,133.24334821146337
21.06,21.08,132.82323043234447
21.07,21.09,151.79379616670508
21.08,21.1,173.62462897542244
21.09,21.11,198.62733821183699
21.1,21.12,196.89950569330625
21.11,21.13,193.940825910241
21.12,21.14,187.49692394137566
21.13,21.15,181.53269290280426
21.14,21.16,184.39225599359122
21.15,21.17,190.9738704441961
21.16,21.18,198.87192542488103
21.17,21.19,197.3257994085665
21.18,21.2,195.27433138190975
21.19,21.21,193.15777205164122
21.2,21.22,192.08011156757186
21.21,21.23,191.37805749819304
21.22,21.24,190.80953368139004
21.23,21.25,190.40319095026558
21.24,21.26,190.15104371153137
21.25,21.27,190.2950629717901
21.26,21.28,190.96549665935413
21.27,21.29,191.8177551393336
21.28,21.3,192.58710148157587
21.29,21.31,193.3007037175188
21.3,21.32,195.90467161218905
21.31,21.33,198.49988686528033
21.32,21.34,200.71659663438504
21.33,21.35,200.7196925489462
21.34,21.36,200.43891059483192
21.35,21.37,199.67810023382322
21.36,21.38,198.5435427556859
21.37,21.39,197.33027788524456
21.38,21.4,196.6282702998933
21.39,21.41,196.06704574669342
21.4,21.42,195.02097590089457
21.41,21.43,193.9586040685487
21.42,21.44,192.9512466686634
21.43,21.45,192.21589260045536
21.44,21.46,191.29635083347242
21.45,21.47,190.46181040388493
21.46,21.48,189.8863848814293
21.47,21.49,189.15066579697788
21.48,21.5,188.15642148128268
21.49,21.51,186.62767181187462
21.5,21.52,184.3589830145701
21.51,21.53,181.986057199395
21.52,21.54,179.56218952304167
21.53,21.55,178.62023488921335
21.54,21.56,177.65100266506877
21.55,21.57,176.2613136562693
21.56,21.58,174.25802354951918
21.57,21.59,174.027832234574
21.58,21.6,177.28010377179055
21.59,21.61,181.6807129281231
21.6,21.62,185.10889576932027
21.61,21.63,186.1940042745657
21.62,21.64,186.59650350084308
21.63,21.65,187.02369058767144
21.64,21.66,187.73955332587835
21.65,21.67,188.60779186855672
21.66,21.68,189.3192053703336
21.67,21.69,189.59226413601615
21.68,21.7,189.23566736901094
21.69,21.71,187.92298397463645
21.7,21.72,185.55769822541643
21.71,21.73,182.50528716458103
21.72,21.74,180.84352574194892
21.73,21.75,0.0
21.74,21.76,0.0
21.75,21.77,0.0
21.76,21.78,0.0
21.77,21.79,0.0
21.78,21.8,0.0
21.79,21.81,186.98788266610813
21.8,21.82,185.76994030543997
21.81,21.83,183.33509849092752
21.82,21.84,181.58634072367892
21.83,21.85,179.4788834256899
21.84,21.86,177.44952226983216
21.85,21.87,176.15756800356758
21.86,21.88,176.19436897614895
21.87,21.89,177.1168180402745
21.88,21.9,178.14157353716445
21.89,21.91,178.89634888493413
21.9,21.92,179.43056304026624
21.91,21.93,180.03939172562355
21.92,21.94,180.73596795915904
21.93,21.95,181.38075681756365
21.94,21.96,181.80113065692646
21.95,21.97,182.02592078454435
21.96,21.98,182.24890064234916
21.97,21.99,182.44614162004663
21.98,22.0,182.58714147049042
21.99,22.01,182.8034374429374
22.0,22.02,183.12612242835453
22.01,22.03,183.7063999081091
22.02,22.04,184.55167578309081
22.03,22.05,185.7907357281916
22.04,22.06,187.23043090310324
22.05,22.07,188.6529302219365
22.06,22.08,189.91701468595545
22.07,22.09,190.49089604187768
22.08,22.1,187.69041507736142
22.09,22.11,186.00640022884866
22.1,22.12,0.0
22.11,22.13,184.71135550290248
22.12,22.14,184.76598341691098
22.13,22.15,184.8285281901594
22.14,22.16,167.48338452409246
22.15,22.17,140.39295484642267
22.16,22.18,117.52394419478694
22.17,22.19,108.38607116857634
22.18,22.2,108.09784834449675
22.19,22.21,108.04361445395402
22.2,22.22,108.06941234218922
22.21,22.23,108.02355897692914
22.22,22.24,107.86364128193563
22.23,22.25,107.50072086278031
22.24,22.26,126.55198727016983
22.25,22.27,148.46096760950996
22.26,22.28,174.4912683819133
22.27,22.29,173.6323762748315
22.28,22.3,173.23717001220822
22.29,22.31,173.07964840316558
22.3,22.32,174.27278781407497
22.31,22.33,176.9475222408017
22.32,22.34,179.79363982012745
22.33,22.35,181.04670554320626
22.34,22.36,180.3048664314741
22.35,22.37,178.71920875111783
22.36,22.38,177.55602409828492
22.37,22.39,177.69653367866349
22.38,22.4,178.88862292478976
22.39,22.41,180.28543981333644
22.4,22.42,181.30403747587454
22.41,22.43,189.2480935539195
22.42,22.44,197.1860611519062
22.43,22.45,205.28326103957187
22.44,22.46,0.0
22.45,22.47,0.0
22.46,22.48,0.0
22.47,22.49,180.69176831716976
22.48,22.5,0.0
22.49,22.51,0.0
22.5,22.52,0.0
22.51,22.53,0.0
22.52,22.54,0.0
22.53,22.55,0.0
22.54,22.56,0.0
22.55,22.57,0.0
22.56,22.58,197.14387661597223
22.57,22.59,195.04942544315668
22.58,22.6,191.1462668070718
22.59,22.61,187.26764696595464
22.6,22.62,183.9432730307019
22.61,22.63,179.76761351292
22.62,22.64,175.0072765318004
22.63,22.65,170.45716445592734
22.64,22.66,168.31796083511296
22.65,22.67,0.0
22.66,22.68,0.0
22.67,22.69,0.0
22.68,22.7,0.0
22.69,22.71,0.0
22.7,22.72,0.0
22.71,22.73,0.0
22.72,22.74,196.02622363265039
22.73,22.75,194.83611206429228
22.74,22.76,192.12747796136156
22.75,22.77,190.43839402688675
22.76,22.78,188.5868473517682
22.77,22.79,187.1145803604066
22.78,22.8,186.5894317327256
22.79,22.81,187.12979479946526
22.8,22.82,188.32722890041697
22.81,22.83,189.60458840127222
22.82,22.84,190.28973785105998
22.83,22.85,190.63613883579697
22.84,22.86,191.04154746436288
22.85,22.87,191.72483430209198
22.86,22.88,192.74438998819957
22.87,22.89,194.01502632287375
22.88,22.9,195.29119902006113
22.89,22.91,196.56645358119445
22.9,22.92,197.76913909981198
22.91,22.93,199.05798680030344
22.92,22.94,198.75815602498346
22.93,22.95,197.82693137434958
22.94,22.96,196.63307956304973
22.95,22.97,196.44733687822566
22.96,22.98,0.0
22.97,22.99,0.0
22.98,23.0,256.1992630607053
22.99,23.01,254.41253877250938
23.0,23.02,250.89556766468087
23.01,23.03,248.42562188344823
23.02,23.04,245.13472542844028
23.03,23.05,241.8244325083529
23.04,23.06,239.12258710476792
23.05,23.07,237.72650504160652
23.06,23.08,236.96593319864513
23.07,23.09,236.58246803484192
23.08,23.1,236.09690785578775
23.09,23.11,233.56304144478662
23.1,23.12,230.5868251939152
23.11,23.13,230.34591426910717
23.12,23.14,232.89229075933034
23.13,23.15,236.27853761927852
23.14,23.16,237.21993559724987
23.15,23.17,237.2962103098427
23.16,23.18,236.8647111216292
23.17,23.19,236.07412292331884
23.18,23.2,235.25843844186775
23.19,23.21,234.78495932682586
23.2,23.22,234.9015445642306
23.21,23.23,235.53655887423886
23.22,23.24,236.4985016777492
23.23,23.25,237.65585225365732
23.24,23.26,238.83554851636404
23.25,23.27,240.32423198480592
23.26,23.28,243.46952720175835
23.27,23.29,247.76770496157025
23.28,23.3,253.62132626197618
23.29,23.31,258.77221188640135
23.3,23.32,263.542664924428
23.31,23.33,267.1849878062928
23.32,23.34,270.55928923385954
23.33,23.35,273.97173769267835
23.34,23.36,277.7235582048762
23.35,23.37,283.6203060097693
23.36,23.38,289.26429743575414
23.37,23.39,293.6134591734067
23.38,23.4,293.97423379245026
23.39,23.41,292.08370013736373
23.4,23.42,288.8613074389991
23.41,23.43,283.9043605531697
23.42,23.44,279.3427718746899
23.43,23.45,276.5189204206489
23.44,23.46,0.0
23.45,23.47,0.0
23.46,23.48,0.0
23.47,23.49,0.0
23.48,23.5,0.0
23.49,23.51,0.0
23.5,23.52,0.0
23.51,23.53,0.0
23.52,23.54,0.0
23.53,23.55,0.0
23.54,23.56,0.0
23.55,23.57,0.0
23.56,23.58,0.0
23.57,23.59,0.0
23.58,23.6,0.0
23.59,23.61,0.0
23.6,23.62,0.0
23.61,23.63,0.0
23.62,23.64,0.0
23.63,23.65,0.0
23.64,23.66,0.0
23.65,23.67,0.0
23.66,23.68,0.0
23.67,23.69,0.0
23.68,23.7,0.0
23.69,23.71,0.0
23.7,23.72,0.0
23.71,23.73,0.0
23.72,23.74,0.0
23.73,23.75,0.0
23.74,23.76,0.0
23.75,23.77,0.0
23.76,23.78,0.0
23.77,23.79,0.0
23.78,23.8,0.0
23.79,23.81,0.0
23.8,23.82,0.0
23.81,23.83,0.0
23.82,23.84,0.0
23.83,23.85,0.0
23.84,23.86,0.0
23.85,23.87,0.0
23.86,23.88,0.0
23.87,23.89,0.0
23.88,23.9,0.0
23.89,23.91,0.0
23.9,23.92,0.0
23.91,23.93,0.0
23.92,23.94,0.0
23.93,23.95,0.0
23.94,23.96,0.0
23.95,23.97,0.0
23.96,23.98,0.0
23.97,23.99,0.0
23.98,24.0,0.0
23.99,24.01,0.0
24.0,24.02,0.0
24.01,24.03,0.0
24.02,24.04,0.0
24.03,24.05,0.0
24.04,24.06,0.0
24.05,24.07,0.0
24.06,24.08,0.0
24.07,24.09,0.0
24.08,24.1,0.0
24.09,24.11,0.0
24.1,24.12,0.0
24.11,24.13,0.0
24.12,24.14,0.0
24.13,24.15,0.0
24.14,24.16,0.0
24.15,24.17,0.0
24.16,24.18,0.0
24.17,24.19,0.0
24.18,24.2,0.0
24.19,24.21,0.0
24.2,24.22,0.0
24.21,24.23,0.0
24.22,24.24,0.0
24.23,24.25,0.0
24.24,24.26,0.0
24.25,24.27,0.0
24.26,24.28,0.0
24.27,24.29,0.0
24.28,24.3,0.0
24.29,24.31,0.0
24.3,24.32,0.0
24.31,24.33,0.0
24.32,24.34,199.42781956812996
24.33,24.35,198.52311340346657
24.34,24.36,197.37976529628762
24.35,24.37,196.20361319265
24.36,24.38,196.65925094844206
24.37,24.39,197.761295296252
24.38,24.4,199.09676418037276
24.39,24.41,199.7288805914419
24.4,24.42,199.67396444757253
24.41,24.43,199.3716682778461
24.42,24.44,202.16430072759422
24.43,24.45,205.65537000081423
24.44,24.46,209.00205859341042
24.45,24.47,208.7778103526722
24.46,24.48,207.9233967451117
24.47,24.49,207.10907627485696
24.48,24.5,206.5234431869737
24.49,24.51,206.04581381014555
24.5,24.52,205.69248653671463
24.51,24.53,205.566208928917
24.52,24.54,205.5086915647092
24.53,24.55,205.16112236977034
24.54,24.56,204.06459971359098
24.55,24.57,202.47426648285833
24.56,24.58,200.84494020545824
24.57,24.59,199.6210867313084
24.58,24.6,198.79639315318556
24.59,24.61,198.14984993128212
24.6,24.62,197.55372193969413
24.61,24.63,196.72296076374772
24.62,24.64,195.98441677666867
24.63,24.65,195.21246716274098
24.64,24.66,194.47488018037194
24.65,24.67,194.070994600284
24.66,24.68,193.90604355458964
24.67,24.69,193.8329098646303
24.68,24.7,193.42456108919973
24.69,24.71,193.0280457532167
24.7,24.72,192.7792188375869
24.71,24.73,192.14699512745955
24.72,24.74,190.75866718332105
24.73,24.75,189.19326602896652
24.74,24.76,188.2853630132885
24.75,24.77,188.37429245485595
24.76,24.78,188.83646270633824
24.77,24.79,188.8211511139001
24.78,24.8,187.78518730743247
24.79,24.81,186.85830625234394
24.8,24.82,186.5078790828499
24.81,24.83,186.92349510847274
24.82,24.84,187.09318328346922
24.83,24.85,186.83101028393054
24.84,24.86,186.34061048143548
24.85,24.87,185.83818911782717
24.86,24.88,185.7827120215683
24.87,24.89,186.43539950467027
24.88,24.9,187.3149822891442
24.89,24.91,188.09739251280158
24.9,24.92,188.84957008287046
24.91,24.93,189.75576157141342
24.92,24.94,190.19877259006253
24.93,24.95,190.05348612153702
24.94,24.96,189.57054195796078
24.95,24.97,189.22724471436888
24.96,24.98,188.7920292289907
24.97,24.99,188.32204183839076
24.98,25.0,188.13337144961326
24.99,25.01,188.61901310223925
25.0,25.02,189.8671810076368
25.01,25.03,191.86302757013422
25.02,25.04,198.84326885349637
25.03,25.05,205.346959341767
25.04,25.06,207.69426484902647
25.05,25.07,200.05829803633256
25.06,25.08,194.7757171282667
25.07,25.09,0.0
25.08,25.1,0.0
25.09,25.11,0.0
25.1,25.12,0.0
25.11,25.13,0.0
25.12,25.14,0.0
25.13,25.15,0.0
25.14,25.16,227.2516525703882
25.15,25.17,215.6468691001498
25.16,25.18,205.79498833180253
25.17,25.19,192.2944751761813
25.18,25.2,190.23087794120949
25.19,25.21,188.16073331151443
25.2,25.22,186.39925242320763
25.21,25.23,185.36538460581173
25.22,25.24,186.05030107565352
25.23,25.25,185.94628394801924
25.24,25.26,186.3539963021975
25.25,25.27,185.88499928359337
25.26,25.28,186.45138039182547
25.27,25.29,0.0
25.28,25.3,0.0
25.29,25.31,0.0
25.3,25.32,0.0
25.31,25.33,0.0
25.32,25.34,0.0
25.33,25.35,188.3520042793439
25.34,25.36,184.95046174357753
25.35,25.37,176.8265009375502
25.36,25.38,170.29866207674277
25.37,25.39,166.64725462503682
25.38,25.4,166.79006471036888
25.39,25.41,169.24643560118622
25.4,25.42,170.7592786182926
25.41,25.43,172.996548045807
25.42,25.44,176.0294457156971
25.43,25.45,178.62074654621736
25.44,25.46,178.95020336417298
25.45,25.47,178.14659795410614
25.46,25.48,176.6434310199633
25.47,25.49,174.95854085566904
25.48,25.5,173.44903977295596
25.49,25.51,173.91704682323768
25.5,25.52,176.6546410829436
25.51,25.53,180.08537614660025
25.52,25.54,179.88275992447785
25.53,25.55,181.1990804797916
25.54,25.56,182.07951376543133
25.55,25.57,183.4402013955978
25.56,25.58,180.43697525079554
25.57,25.59,177.02083787307285
25.58,25.6,174.88561692844638
25.59,25.61,173.40027953510364
25.6,25.62,172.29549600259995
25.61,25.63,171.69766384873716
25.62,25.64,171.758547643324
25.63,25.65,172.14918585027655
25.64,25.66,172.30014672232628
25.65,25.67,172.2522598098097
25.66,25.68,0.0
25.67,25.69,0.0
25.68,25.7,0.0
25.69,25.71,0.0
25.7,25.72,0.0
25.71,25.73,177.07557140675326
25.72,25.74,176.85825857973416
25.73,25.75,176.26822702649292
25.74,25.76,175.3974963877184
25.75,25.77,174.47979191931427
25.76,25.78,173.74629190434877
25.77,25.79,173.47044357939106
25.78,25.8,174.32622993233156
25.79,25.81,176.31219929999324
25.8,25.82,178.9080567155395
25.81,25.83,181.01571146236873
25.82,25.84,182.24898095783703
25.83,25.85,183.24729628385703
25.84,25.86,184.6358718257561
25.85,25.87,186.38003160283958
25.86,25.88,188.09619057033834
25.87,25.89,189.90044385043873
25.88,25.9,194.01220482038497
25.89,25.91,198.3105891858386
25.9,25.92,199.5728843134733
25.91,25.93,199.0598289936121
25.92,25.94,0.0
25.93,25.95,0.0
25.94,25.96,0.0
25.95,25.97,0.0
25.96,25.98,0.0
25.97,25.99,0.0
25.98,26.0,0.0
25.99,26.01,0.0
26.0,26.02,0.0
26.01,26.03,0.0
26.02,26.04,0.0
26.03,26.05,0.0
26.04,26.06,0.0
26.05,26.07,0.0
26.06,26.08,184.49316792094902
26.07,26.09,184.3768172346728
26.08,26.1,184.32262929863413
26.09,26.11,184.4875579958257
26.1,26.12,184.97907257078026
26.11,26.13,185.5280576529412
26.12,26.14,186.0011131508313
26.13,26.15,186.33313783409696
26.14,26.16,186.60480905910865
26.15,26.17,186.96308073799258
26.16,26.18,187.5684523123956
26.17,26.19,188.4804153477786
26.18,26.2,189.7967834184512
26.19,26.21,192.99045035619946
26.2,26.22,197.99918795185198
26.21,26.23,204.21758206638657
26.22,26.24,211.5469165558924
26.23,26.25,218.10561632628338
26.24,26.26,224.76863307944205
26.25,26.27,230.4539985006253
26.26,26.28,236.77490557028437
26.27,26.29,243.85700870095192
26.28,26.3,251.6493857166308
26.29,26.31,261.4529664082375
26.3,26.32,270.7194069950728
26.31,26.33,280.4423398114298
26.32,26.34,288.1933812472713
26.33,26.35,295.2404069814098
26.34,26.36,298.9653994452862
26.35,26.37,300.06550049988084
26.36,26.38,297.2872008832444
26.37,26.39,292.20806886214206
26.38,26.4,285.047760260429
26.39,26.41,277.4299767598176
26.4,26.42,273.285545072714
26.41,26.43,0.0
26.42,26.44,0.0
26.43,26.45,0.0
26.44,26.46,0.0
26.45,26.47,0.0
26.46,26.48,0.0
26.47,26.49,0.0
26.48,26.5,0.0
26.49,26.51,0.0
26.5,26.52,0.0
26.51,26.53,0.0
26.52,26.54,0.0
26.53,26.55,0.0
26.54,26.56,0.0
26.55,26.57,0.0
26.56,26.58,0.0
26.57,26.59,0.0
26.58,26.6,0.0
26.59,26.61,0.0
26.6,26.62,0.0
26.61,26.63,0.0
26.62,26.64,0.0
26.63,26.65,0.0
26.64,26.66,0.0
26.65,26.67,0.0
26.66,26.68,0.0
26.67,26.69,0.0
26.68,26.7,0.0
26.69,26.71,0.0
26.7,26.72,0.0
26.71,26.73,0.0
26.72,26.74,0.0
26.73,26.75,0.0
26.74,26.76,0.0
26.75,26.77,0.0
26.76,26.78,0.0
26.77,26.79,0.0
26.78,26.8,0.0
26.79,26.81,0.0
26.8,26.82,0.0
26.81,26.83,0.0
26.82,26.84,0.0
26.83,26.85,0.0
26.84,26.86,0.0
26.85,26.87,0.0
26.86,26.88,0.0
26.87,26.89,0.0
26.88,26.9,0.0
26.89,26.91,0.0
26.9,26.92,0.0
26.91,26.93,0.0
26.92,26.94,0.0
26.93,26.95,0.0
26.94,26.96,0.0
26.95,26.97,0.0
26.96,26.98,0.0
26.97,26.99,0.0
26.98,27.0,0.0
26.99,27.01,0.0
27.0,27.02,0.0
27.01,27.03,0.0
27.02,27.04,0.0
27.03,27.05,0.0
27.04,27.06,0.0
27.05,27.07,0.0
27.06,27.08,222.80485842017367
27.07,27.09,222.668909366712
27.08,27.1,213.1983635357123
27.09,27.11,208.66628224086872
27.1,27.12,0.0
27.11,27.13,0.0
27.12,27.14,0.0
27.13,27.15,0.0
27.14,27.16,0.0
27.15,27.17,0.0
27.16,27.18,0.0
27.17,27.19,0.0
27.18,27.2,251.44003885952492
27.19,27.21,251.15874555293783
27.2,27.22,250.55359468754915
27.21,27.23,250.32243352290308
27.22,27.24,251.13528176268596
27.23,27.25,253.18089351873954
27.24,27.26,255.25998453981592
27.25,27.27,253.24276917687524
27.26,27.28,250.101294785678
27.27,27.29,248.06651698551903
27.28,27.3,249.84594125995307
27.29,27.31,251.43538499223163
27.3,27.32,0.0
27.31,27.33,0.0
27.32,27.34,496.62828516016634
27.33,27.35,495.5857486201635
27.34,27.36,494.86009962062286
27.35,27.37,394.4553795128617
27.36,27.38,314.2669312320143
27.37,27.39,245.87361876008146
27.38,27.4,240.21173027609322
27.39,27.41,234.13824766008048
27.4,27.42,231.44602340300935
27.41,27.43,227.9621577820701
27.42,27.44,225.05562566463882
27.43,27.45,222.89270500700331
27.44,27.46,222.15119894768173
27.45,27.47,221.76434144867915
27.46,27.48,221.13911994088326
27.47,27.49,220.37416490172828
27.48,27.5,219.4698274122601
27.49,27.51,218.50549361514337
27.5,27.52,217.64411791719928
27.51,27.53,217.0892934183857
27.52,27.54,216.8124117848661
27.53,27.55,216.46780794648882
27.54,27.56,216.06570851475362
27.55,27.57,215.64634641566474
27.56,27.58,215.28390873956636
27.57,27.59,214.9243060103162
27.58,27.6,214.62573439408015
27.59,27.61,214.48579622814913
27.6,27.62,214.45356665352494
27.61,27.63,214.23300448713263
27.62,27.64,213.50261758983848
27.63,27.65,212.53818213487557
27.64,27.66,212.31701682506045
27.65,27.67,213.3473806451552
27.66,27.68,214.6277206599825
27.67,27.69,218.79374536930553
27.68,27.7,221.22245884820802
27.69,27.71,220.1021626919503
27.7,27.72,214.33763695334665
27.71,27.73,212.26645030482493
27.72,27.74,214.80163744885442
27.73,27.75,218.24421329629538
27.74,27.76,218.32684608208294
27.75,27.77,216.67887779482618
27.76,27.78,215.10258661841698
27.77,27.79,213.79840195693967
27.78,27.8,212.31285316902483
27.79,27.81,210.33653234152152
27.8,27.82,207.87227349540743
27.81,27.83,204.0630709185866
27.82,27.84,198.91759167473245
27.83,27.85,193.52708993583622
27.84,27.86,188.48224271278897
27.85,27.87,184.73239877006114
27.86,27.88,182.26898061599937
27.87,27.89,181.9723836749275
27.88,27.9,184.45589357415193
27.89,27.91,188.2453315012311
27.9,27.92,191.78669200542637
27.91,27.93,192.9952556944451
27.92,27.94,192.10220596552062
27.93,27.95,190.1476499279067
27.94,27.96,187.8533486335035
27.95,27.97,185.96123948894228
27.96,27.98,185.11497326950712
27.97,27.99,186.13673936094318
27.98,28.0,190.47998316072776
27.99,28.01,198.5788944377029
28.0,28.02,206.3365415087058
28.01,28.03,210.9884338202729
28.02,28.04,211.19081038772674
28.03,28.05,209.98926527539828
28.04,28.06,208.48966093509708
28.05,28.07,207.05377335586851
28.06,28.08,206.17552067169353
28.07,28.09,205.56516713275002
28.08,28.1,205.11361600613836
28.09,28.11,204.20628777118708
28.1,28.12,203.0154461227832
28.11,28.13,201.95846940032172
28.12,28.14,201.862860139828
28.13,28.15,202.41266350159069
28.14,28.16,202.98310634146216
28.15,28.17,203.0082441488115
28.16,28.18,202.50125993629263
28.17,28.19,201.79699662339985
28.18,28.2,202.08582590173933
28.19,28.21,203.54699382655863
28.2,28.22,205.45811675983526
28.21,28.23,206.68091024981808
28.22,28.24,206.9339554220467
28.23,28.25,206.97408465243134
28.24,28.26,228.19675414271705
28.25,28.27,251.46862879132092
28.26,28.28,276.5658402813314
28.27,28.29,275.66515354692626
28.28,28.3,249.83228862725178
28.29,28.31,227.11369082009813
28.3,28.32,206.81320427392538
28.31,28.33,207.33610063683926
28.32,28.34,207.47878011311212
28.33,28.35,207.06992466177175
28.34,28.36,206.12114830072267
28.35,28.37,204.67198609194838
28.36,28.38,202.89072257685666
28.37,28.39,201.19907308656116
28.38,28.4,200.13126697858965
28.39,28.41,199.94503947933327
28.4,28.42,200.3062362262481
28.41,28.43,200.82599983458366
28.42,28.44,201.1586451597441
28.43,28.45,201.4455842439495
28.44,28.46,201.5691529268222
28.45,28.47,201.62494571957876
28.46,28.48,201.32927783041893
28.47,28.49,201.16502797650932
28.48,28.5,201.19135923652567
28.49,28.51,201.4695549950629
28.5,28.52,201.37670640623676
28.51,28.53,200.90650874838218
28.52,28.54,200.11376082439995
28.53,28.55,199.2055039398699
28.54,28.56,198.06023326935923
28.55,28.57,196.94654165941384
28.56,28.58,195.7949293836078
28.57,28.59,194.7309588358226
28.58,28.6,193.78593431581837
28.59,28.61,193.27046508789317
28.6,28.62,193.20250932231147
28.61,28.63,193.33000988895446
28.62,28.64,193.32971169332683
28.63,28.65,193.04165675204078
28.64,28.66,192.54174304808487
28.65,28.67,192.08332821840628
28.66,28.68,191.80934435200092
28.67,28.69,191.63364749524462
28.68,28.7,219.06828187997488
28.69,28.71,315.30444150378923
28.7,28.72,453.73292100110274
28.71,28.73,570.5078222430766
28.72,28.74,569.5172174630853
28.73,28.75,568.3507237987499
28.74,28.76,566.7109063646761
28.75,28.77,564.4111930334323
28.76,28.78,561.7552936846081
28.77,28.79,559.1860619708876
28.78,28.8,557.2000579987061
28.79,28.81,555.8865489399371
28.8,28.82,554.9605833842613
28.81,28.83,553.8329353237356
28.82,28.84,552.2302593193818
28.83,28.85,549.9967009652695
28.84,28.86,547.5587012800171
28.85,28.87,545.2898462440331
28.86,28.88,543.9697725592715
28.87,28.89,543.677629135339
28.88,28.9,544.1143445208071
28.89,28.91,544.82889706185
28.9,28.92,545.675190269405
28.91,28.93,433.94464272596105
28.92,28.94,301.23303138846325
28.93,28.95,208.80587422873515
28.94,28.96,182.04080168428996
28.95,28.97,181.63960416370173
28.96,28.98,181.39614455097364
28.97,28.99,181.38159611481774
28.98,29.0,181.52329316452875
28.99,29.01,181.66930401318842
29.0,29.02,181.6965264685785
29.01,29.03,181.51197412570164
29.02,29.04,181.13664633028924
29.03,29.05,180.73556971592694
29.04,29.06,180.49495243495116
29.05,29.07,180.40715885055315
29.06,29.08,180.26974908357167
29.07,29.09,179.9427793941236
29.08,29.1,179.3996084534766
29.09,29.11,178.84073729996868
29.1,29.12,178.32611751462542
29.11,29.13,177.8743063057753
29.12,29.14,177.54600871853265
29.13,29.15,177.4300905278009
29.14,29.16,177.4866322521957
29.15,29.17,177.56975704122692
29.16,29.18,0.0
29.17,29.19,0.0
29.18,29.2,0.0
29.19,29.21,0.0
29.2,29.22,0.0
29.21,29.23,0.0
29.22,29.24,0.0
29.23,29.25,0.0
29.24,29.26,0.0
29.25,29.27,0.0
29.26,29.28,0.0
29.27,29.29,0.0
29.28,29.3,0.0
29.29,29.31,0.0
29.3,29.32,0.0
29.31,29.33,0.0
29.32,29.34,0.0
29.33,29.35,0.0
29.34,29.36,0.0
29.35,29.37,0.0
29.36,29.38,0.0
29.37,29.39,0.0
29.38,29.4,0.0
29.39,29.41,0.0
29.4,29.42,0.0
29.41,29.43,0.0
29.42,29.44,0.0
29.43,29.45,0.0
29.44,29.46,0.0
29.45,29.47,0.0
29.46,29.48,0.0
29.47,29.49,0.0
29.48,29.5,0.0
29.49,29.51,0.0
29.5,29.52,0.0
29.51,29.53,0.0
29.52,29.54,0.0
29.53,29.55,0.0
29.54,29.56,0.0
29.55,29.57,0.0
29.56,29.58,0.0
29.57,29.59,0.0
29.58,29.6,0.0
29.59,29.61,0.0
29.6,29.62,0.0
29.61,29.63,0.0
29.62,29.64,0.0
29.63,29.65,0.0
29.64,29.66,0.0
29.65,29.67,0.0
29.66,29.68,0.0
29.67,29.69,0.0
29.68,29.7,0.0
29.69,29.71,0.0
29.7,29.72,0.0
29.71,29.73,0.0
29.72,29.74,0.0
29.73,29.75,0.0
29.74,29.76,0.0
29.75,29.77,0.0
29.76,29.78,0.0
29.77,29.79,0.0
29.78,29.8,0.0
29.79,29.81,0.0
29.8,29.82,0.0
29.81,29.83,0.0
29.82,29.84,0.0
29.83,29.85,0.0
29.84,29.86,0.0
29.85,29.87,0.0
29.86,29.88,0.0
29.87,29.89,0.0
29.88,29.9,0.0
29.89,29.91,0.0
29.9,29.92,0.0
29.91,29.93,0.0
29.92,29.94,0.0
29.93,29.95,182.01677625289182
29.94,29.96,182.33421563439364
29.95,29.97,182.9765216090626
29.96,29.98,183.6696892246866
29.97,29.99,184.77143895410344
29.98,30.0,185.8222198426497
29.99,30.01,186.3939131076171
30.0,30.02,186.03849478752102
30.01,30.03,185.14226329678647
30.02,30.04,184.09983012658614
30.03,30.05,183.1643791974891
30.04,30.06,182.21284256378152
30.05,30.07,181.0046633755083
30.06,30.08,179.67189922903688
30.07,30.09,178.45005254848596
30.08,30.1,177.41285005958898
30.09,30.11,176.5714388940592
30.1,30.12,176.06715101460233
30.11,30.13,175.93901695371298
30.12,30.14,175.9312248828365
30.13,30.15,175.79459023924537
30.14,30.16,175.46599411924487
30.15,30.17,174.99339473524836
30.16,30.18,174.51370445118644
30.17,30.19,174.27808712694616
30.18,30.2,174.3956542542767
30.19,30.21,174.7166443889842
30.2,30.22,174.8373003776325
30.21,30.23,174.512820027091
30.22,30.24,173.68778432261306
30.23,30.25,172.3785634662042
30.24,30.26,170.9940005752845
30.25,30.27,169.9645339458709
30.26,30.28,169.53667220980788
30.27,30.29,169.4254979240646
30.28,30.3,169.27718622531663
30.29,30.31,168.75907045663755
30.3,30.32,168.16961815269775
30.31,30.33,167.90014488092933
30.32,30.34,167.89272733665032
30.33,30.35,0.0
30.34,30.36,0.0
30.35,30.37,0.0
30.36,30.38,0.0
30.37,30.39,0.0
30.38,30.4,0.0
30.39,30.41,0.0
30.4,30.42,198.95375521243943
30.41,30.43,197.74674150716424
30.42,30.44,195.40414645001994
30.43,30.45,193.0233671940205
30.44,30.46,191.22731946160545
30.45,30.47,189.96292679944608
30.46,30.48,188.80979304448107
30.47,30.49,186.3337947581123
30.48,30.5,183.8067339834836
30.49,30.51,185.6450121093838
30.5,30.52,189.47666394362255
30.51,30.53,194.1150879326057
30.52,30.54,194.99261643972267
30.53,30.55,196.04198989668794
30.54,30.56,197.4359646414619
30.55,30.57,198.76998115528676
30.56,30.58,199.6076275856301
30.57,30.59,199.61457696583471
30.58,30.6,199.34390603332548
30.59,30.61,210.07428083974094
30.6,30.62,220.27245838905714
30.61,30.63,225.56161496536816
30.62,30.64,214.080868676204
30.63,30.65,204.46788163893558
30.64,30.66,200.26360481885635
30.65,30.67,200.57883257147415
30.66,30.68,200.6414247978362
30.67,30.69,200.18789686612183
30.68,30.7,199.56338593997248
30.69,30.71,198.99882637253143
30.7,30.72,197.79506944220262
30.71,30.73,200.342122487112
30.72,30.74,203.123640669459
30.73,30.75,201.470087710817
30.74,30.76,195.45220333997565
30.75,30.77,188.0789083158561
30.76,30.78,184.72006557803417
30.77,30.79,181.40317937817565
30.78,30.8,178.88424765657317
30.79,30.81,176.9529028873955
30.8,30.82,175.3411952043786
30.81,30.83,172.20252693733244
30.82,30.84,168.67854629044587
30.83,30.85,165.15537510650182
30.84,30.86,164.029735099814
30.85,30.87,0.0
30.86,30.88,0.0
30.87,30.89,0.0
30.88,30.9,0.0
30.89,30.91,191.22605538309102
30.9,30.92,190.78069365483074
30.91,30.93,188.832884342585
30.92,30.94,185.8898325005498
30.93,30.95,182.65051828441003
30.94,30.96,179.99532277272624
30.95,30.97,177.6914436482029
30.96,30.98,176.05652133724442
30.97,30.99,175.2861094181403
30.98,31.0,175.29746509936035
30.99,31.01,175.7787481105169
31.0,31.02,176.83055312905398
31.01,31.03,178.30089295704863
31.02,31.04,179.71636419268856
31.03,31.05,180.82643172916815
31.04,31.06,181.61102964730514
31.05,31.07,182.28062801441715
31.06,31.08,182.8733364727859
31.07,31.09,183.34624842237565
31.08,31.1,183.61380755329554
31.09,31.11,183.6079816237045
31.1,31.12,183.26502296341292
31.11,31.13,182.63715702486311
31.12,31.14,181.99652355303127
31.13,31.15,181.63464132006789
31.14,31.16,181.59438326210875
31.15,31.17,181.58998182879125
31.16,31.18,181.33615975024227
31.17,31.19,180.74863255158968
31.18,31.2,179.9727966382884
31.19,31.21,179.1887613447851
31.2,31.22,178.54617816078098
31.21,31.23,177.98776937233328
31.22,31.24,177.3274933814392
31.23,31.25,176.0765398035162
31.24,31.26,175.21833825396612
31.25,31.27,175.1674981287297
31.26,31.28,175.8715746416309
31.27,31.29,176.0789064780725
31.28,31.3,175.17691614250455
31.29,31.31,173.7220214022661
31.3,31.32,172.2010091815695
31.31,31.33,171.04933933011705
31.32,31.34,170.29990039149826
31.33,31.35,169.87038966683266
31.34,31.36,169.68036940053827
31.35,31.37,169.62885612338943
31.36,31.38,169.6339394667092
31.37,31.39,169.72898117222286
31.38,31.4,170.07576213460953
31.39,31.41,170.69534512138938
31.4,31.42,171.35835544702718
31.41,31.43,171.73765779347477
31.42,31.44,171.79030356759628
31.43,31.45,171.8112755368646
31.44,31.46,172.09675242146173
31.45,31.47,172.6743615249904
31.46,31.48,173.31343544520251
31.47,31.49,173.83226124678944
31.48,31.5,174.24291499257302
31.49,31.51,174.660523267977
31.5,31.52,174.96008291593296
31.51,31.53,174.98495051435498
31.52,31.54,174.5979760136263
31.53,31.55,174.3423445152081
31.54,31.56,0.0
31.55,31.57,0.0
31.56,31.58,0.0
31.57,31.59,0.0
31.58,31.6,0.0
31.59,31.61,0.0
31.6,31.62,0.0
31.61,31.63,0.0
31.62,31.64,0.0
31.63,31.65,0.0
31.64,31.66,0.0
31.65,31.67,0.0
31.66,31.68,0.0
31.67,31.69,0.0
31.68,31.7,0.0
31.69,31.71,0.0
31.7,31.72,0.0
31.71,31.73,0.0
31.72,31.74,0.0
31.73,31.75,0.0
31.74,31.76,0.0
31.75,31.77,0.0
31.76,31.78,0.0
31.77,31.79,0.0
31.78,31.8,0.0
31.79,31.81,0.0
31.8,31.82,0.0
31.81,31.83,0.0
31.82,31.84,0.0
31.83,31.85,0.0
31.84,31.86,0.0
31.85,31.87,0.0
31.86,31.88,0.0
31.87,31.89,0.0
31.88,31.9,0.0
31.89,31.91,0.0
31.9,31.92,0.0
31.91,31.93,0.0
31.92,31.94,0.0
31.93,31.95,0.0
31.94,31.96,0.0
31.95,31.97,0.0
31.96,31.98,0.0
31.97,31.99,0.0
31.98,32.0,0.0
31.99,32.01,0.0
32.0,32.02,0.0
32.01,32.03,0.0
32.02,32.04,0.0
32.03,32.05,0.0
32.04,32.06,0.0
32.05,32.07,0.0
32.06,32.08,0.0
32.07,32.09,0.0
32.08,32.1,0.0
32.09,32.11,0.0
32.1,32.12,0.0
32.11,32.13,0.0
32.12,32.14,0.0
32.13,32.15,0.0
32.14,32.16,184.52561126823085
32.15,32.17,184.91704729250222
32.16,32.18,185.80874939299213
32.17,32.19,186.7598042847419
32.18,32.2,187.35898556607543
32.19,32.21,187.44095167352748
32.2,32.22,187.543036161636
32.21,32.23,187.19850195160484
32.22,32.24,186.78651364299517
32.23,32.25,186.052514838089
32.24,32.26,185.84719803232701
32.25,32.27,0.0
32.26,32.28,0.0
32.27,32.29,0.0
32.28,32.3,0.0
32.29,32.31,0.0
32.3,32.32,0.0
32.31,32.33,0.0
32.32,32.34,225.79707437405293
32.33,32.35,223.7521234338245
32.34,32.36,218.51103055742357
32.35,32.37,213.20592701704487
32.36,32.38,207.8943062577626
32.37,32.39,204.19683884078125
32.38,32.4,202.40998747544526
32.39,32.41,201.27108328373993
32.4,32.42,200.6530966950635
32.41,32.43,201.08937803037506
32.42,32.44,202.48983747383951
32.43,32.45,205.76687572542696
32.44,32.46,212.42759410089957
32.45,32.47,221.06170625608902
32.46,32.48,227.95793846348028
32.47,32.49,229.37568718949746
32.48,32.5,223.1482903117927
32.49,32.51,219.4565773912213
32.5,32.52,0.0
32.51,32.53,0.0
32.52,32.54,0.0
32.53,32.55,0.0
32.54,32.56,202.49978747331645
32.55,32.57,201.48402760704582
32.56,32.58,199.5436870508619
32.57,32.59,197.70935973688356
32.58,32.6,195.01521773722294
32.59,32.61,191.6331830139619
32.6,32.62,188.6252058466917
32.61,32.63,186.77433139720992
32.62,32.64,185.96828744847733
32.63,32.65,185.83335724362124
32.64,32.66,186.14231740333653
32.65,32.67,185.96087070771603
32.66,32.68,185.83552747666357
32.67,32.69,185.52380615224956
32.68,32.7,185.8674696867668
32.69,32.71,185.8943791159538
32.7,32.72,0.0
32.71,32.73,0.0
32.72,32.74,0.0
32.73,32.75,0.0
32.74,32.76,0.0
32.75,32.77,0.0
32.76,32.78,0.0
32.77,32.79,0.0
32.78,32.8,0.0
32.79,32.81,0.0
32.8,32.82,0.0
32.81,32.83,0.0
32.82,32.84,231.29797228650978
32.83,32.85,231.7772889274353
32.84,32.86,232.58751472786304
32.85,32.87,232.9936121188112
32.86,32.88,232.58751472786304
32.87,32.89,231.61351074549523
32.88,32.9,230.5492297604937
32.89,32.91,229.7011044757472
32.9,32.92,228.88428986978255
32.91,32.93,227.9949103868607
32.92,32.94,227.10723530135957
32.93,32.95,226.39729947839513
32.94,32.96,225.91098858955033
32.95,32.97,225.65989623439293
32.96,32.98,225.68759373136814
32.97,32.99,225.99204249539932
32.98,33.0,226.4548249266859
32.99,33.01,226.81507761178204
33.0,33.02,226.9353558236857
33.01,33.03,226.83996786902495
33.02,33.04,226.68737059166415
33.03,33.05,226.5901895955724
33.04,33.06,226.58819247873444
33.05,33.07,226.67608227344542
33.06,33.08,226.808980415061
33.07,33.09,226.8474654697054
33.08,33.1,226.60616716397237
33.09,33.11,226.1423280070382
33.1,33.12,225.61087452902987
33.11,33.13,225.13776170011946
33.12,33.14,224.4472856989515
33.13,33.15,223.17700728395124
33.14,33.16,219.59322641169427
33.15,33.17,214.49713916608047
33.16,33.18,208.03562794942584
33.17,33.19,202.59993934994418
33.18,33.2,198.531162404767
33.19,33.21,196.34014597445548
33.2,33.22,195.66856253109805
33.21,33.23,195.84183094367992
33.22,33.24,196.72924618348947
33.23,33.25,199.14941524521294
33.24,33.26,202.8184010503476
33.25,33.27,206.10825002674457
33.26,33.28,207.3183753863813
33.27,33.29,206.48453877496226
33.28,33.3,204.9308801461201
33.29,33.31,203.09777254463506
33.3,33.32,200.79139844281138
33.31,33.33,198.6111452110726
33.32,33.34,196.78647441326893
33.33,33.35,210.93748653403222
33.34,33.36,226.39525417645558
33.35,33.37,243.03660228517353
33.36,33.38,224.52900181943957
33.37,33.39,207.5005425591477
33.38,33.4,191.86006826139246
33.39,33.41,191.29803689292285
33.4,33.42,190.7949870006654
33.41,33.43,190.33519485527475
33.42,33.44,189.9171820755089
33.43,33.45,189.58056726932804
33.44,33.46,189.41717904767773
33.45,33.47,189.2905488910454
33.46,33.48,188.91682731238376
33.47,33.49,188.1647964727339
33.48,33.5,187.31130893705856
33.49,33.51,186.77400215835112
33.5,33.52,186.67727223077972
33.51,33.53,186.81693156957334
33.52,33.54,186.87918233074444
33.53,33.55,186.75824052696842
33.54,33.56,186.46982790039357
33.55,33.57,186.05698343880783
33.56,33.58,185.53872771355316
33.57,33.59,184.99863807727797
33.58,33.6,184.61593789205597
33.59,33.61,184.5719688042324
33.6,33.62,184.70785530802564
33.61,33.63,184.6782691014717
33.62,33.64,184.28733852754772
33.63,33.65,183.63889352827894
33.64,33.66,183.02978952258613
33.65,33.67,182.69761244347927
33.66,33.68,182.69660603108315
33.67,33.69,182.85528505739478
33.68,33.7,183.01833621762026
33.69,33.71,183.13096461561096
33.7,33.72,183.2240401888902
33.71,33.73,183.1905339926312
33.72,33.74,182.88292701202104
33.73,33.75,182.70135634626484
33.74,33.76,0.0
33.75,33.77,0.0
33.76,33.78,0.0
33.77,33.79,0.0
33.78,33.8,0.0
33.79,33.81,0.0
33.8,33.82,0.0
33.81,33.83,0.0
33.82,33.84,0.0
33.83,33.85,0.0
33.84,33.86,0.0
33.85,33.87,0.0
33.86,33.88,0.0
33.87,33.89,0.0
33.88,33.9,0.0
33.89,33.91,0.0
33.9,33.92,0.0
33.91,33.93,0.0
33.92,33.94,0.0
33.93,33.95,0.0
33.94,33.96,0.0
33.95,33.97,0.0
33.96,33.98,0.0
33.97,33.99,0.0
33.98,34.0,0.0
33.99,34.01,0.0
34.0,34.02,0.0
34.01,34.03,0.0
34.02,34.04,0.0
34.03,34.05,0.0
34.04,34.06,0.0
34.05,34.07,0.0
34.06,34.08,0.0
34.07,34.09,0.0
34.08,34.1,0.0
34.09,34.11,0.0
34.1,34.12,187.27453811286026
34.11,34.13,187.4229036644204
34.12,34.14,186.87786463948407
34.13,34.15,185.28036598797274
34.14,34.16,183.69753524540167
34.15,34.17,183.07911951504744
34.16,34.18,183.16954528079967
34.17,34.19,183.66871792806631
34.18,34.2,184.50300602760146
34.19,34.21,185.46086263947694
34.2,34.22,186.21550367478162
34.21,34.23,186.57109572201313
34.22,34.24,186.57093128163945
34.23,34.25,186.4691704967903
34.24,34.26,186.46506177677978
34.25,34.27,186.55868088139957
34.26,34.28,186.71355550963224
34.27,34.29,186.90611468133213
34.28,34.3,187.1356500080802
34.29,34.31,187.31638561120474
34.3,34.32,187.37066922299368
34.31,34.33,187.24734637835803
34.32,34.34,186.83133962328137
34.33,34.35,186.09125994493215
34.34,34.36,185.06391215769378
34.35,34.37,183.79677100831304
34.36,34.38,182.26464315437195
34.37,34.39,180.53906415213822
34.38,34.4,179.0035218579448
34.39,34.41,177.44662887763093
34.4,34.42,176.19499015557895
34.41,34.43,175.07253572773075
34.42,34.44,174.81880953698558
34.43,34.45,175.57389747685477
34.44,34.46,176.60155527239385
34.45,34.47,177.62442546398353
34.46,34.48,178.06638123021162
34.47,34.49,178.63818311856187
34.48,34.5,180.07553552448326
34.49,34.51,188.88918901754363
34.5,34.52,199.77012162926553
34.51,34.53,210.29737300893288
34.52,34.54,212.90336239339305
34.53,34.55,215.3546961583686
34.54,34.56,218.54184740817385
34.55,34.57,221.89758687119627
34.56,34.58,223.17735151664678
34.57,34.59,0.0
34.58,34.6,0.0
34.59,34.61,0.0
34.6,34.62,0.0
34.61,34.63,238.2580421289977
34.62,34.64,235.49161825257866
34.63,34.65,229.7051536008147
34.64,34.66,224.46152946784753
34.65,34.67,220.55565402823996
34.66,34.68,218.51444908749235
34.67,34.69,217.68713952039414
34.68,34.7,217.30700238236741
34.69,34.71,217.019800781377
34.7,34.72,216.58030839198318
34.71,34.73,215.9443393636549
34.72,34.74,215.39550913217138
34.73,34.75,215.88453660032107
34.74,34.76,217.02525225555712
34.75,34.77,218.3179464037329
34.76,34.78,218.8432628772117
34.77,34.79,219.09671518030993
34.78,34.8,219.3179353887172
34.79,34.81,219.23483087858452
34.8,34.82,218.58889963852826
34.81,34.83,217.42477767851202
34.82,34.84,215.5276823253639
34.83,34.85,212.9465730147903
34.84,34.86,203.19472784303673
34.85,34.87,195.21152085264941
34.86,34.88,194.8914583323128
34.87,34.89,202.46614684224616
34.88,34.9,209.93249941271412
34.89,34.91,210.4097729073594
34.9,34.92,210.05257245145413
34.91,34.93,209.4507702610664
34.92,34.94,208.71047243823944
34.93,34.95,207.27694624047086
34.94,34.96,204.5888412358551
34.95,34.97,203.13782925800993
34.96,34.98,202.73029125216058
34.97,34.99,203.6238375347143
34.98,35.0,203.1719396359895
34.99,35.01,201.9288786354692
35.0,35.02,200.05931192390395
35.01,35.03,198.10160991469223
35.02,35.04,196.7039756808138
35.03,35.05,196.08363620930268
35.04,35.06,195.77555934032483
35.05,35.07,192.9123910036871
35.06,35.08,190.12854531336458
35.07,35.09,190.84359238702874
35.08,35.1,195.00765503428008
35.09,35.11,199.31496186065723
35.1,35.12,199.83911046290817
35.11,35.13,198.5531238398138
35.12,35.14,196.30428448955567
35.13,35.15,193.9372362875595
35.14,35.16,191.78026869255328
35.15,35.17,189.63696952535406
35.16,35.18,188.2299019374411
35.17,35.19,188.0590584771095
35.18,35.2,189.3599659430443
35.19,35.21,191.06495380469104
35.2,35.22,191.93994332785726
35.21,35.23,192.0133782167146
35.22,35.24,191.5187860135316
35.23,35.25,191.53380991425007
35.24,35.26,191.8999382123396
35.25,35.27,192.2735025597357
35.26,35.28,192.27447699427034
35.27,35.29,191.7635775367207
35.28,35.3,191.00497027606423
35.29,35.31,190.44091177874213
35.3,35.32,190.1667564621306
35.31,35.33,189.86011078949005
35.32,35.34,189.11961785670596
35.33,35.35,187.37859635912702
35.34,35.36,185.61486679600583
35.35,35.37,185.6350722045844
35.36,35.38,186.256786199082
35.37,35.39,188.30407496009894
35.38,35.4,189.11774264098474
35.39,35.41,190.23909375816405
35.4,35.42,189.95828067526912
35.41,35.43,189.15587568226906
35.42,35.44,186.37576057858968
35.43,35.45,182.57668138123807
35.44,35.46,177.24311508110304
35.45,35.47,173.5019807846961
35.46,35.48,171.36130060038084
35.47,35.49,171.87875147350053
35.48,35.5,177.08450671181458
35.49,35.51,182.43380027022545
35.5,35.52,186.99740055848446
35.51,35.53,186.58215466976407
35.52,35.54,185.40198483553917
35.53,35.55,183.85307296394924
35.54,35.56,182.7423832749035
35.55,35.57,182.7702095252443
35.56,35.58,183.75975883098164
35.57,35.59,185.3029031477036
35.58,35.6,186.45610508095905
35.59,35.61,187.30086710491187
35.6,35.62,187.32216410693331
35.61,35.63,186.19022982688003
35.62,35.64,184.5864884270817
35.63,35.65,183.1208365201081
35.64,35.66,181.95630556613554
35.65,35.67,178.52639030349513
35.66,35.68,174.02123680297436
35.67,35.69,174.9176812106658
35.68,35.7,175.9489029134119
35.69,35.71,0.0
35.7,35.72,174.6531341756689
35.71,35.73,175.8721171777427
35.72,35.74,178.4384533261196
35.73,35.75,180.54698074076407
35.74,35.76,181.7515843388264
35.75,35.77,181.60294635622603
35.76,35.78,179.48916603749632
35.77,35.79,178.28152511913333
35.78,35.8,0.0
35.79,35.81,0.0
35.8,35.82,184.08153595940004
35.81,35.83,184.08153595940004
35.82,35.84,0.0
35.83,35.85,0.0
35.84,35.86,0.0
35.85,35.87,0.0
35.86,35.88,0.0
35.87,35.89,0.0
35.88,35.9,0.0
35.89,35.91,0.0
35.9,35.92,0.0
35.91,35.93,0.0
35.92,35.94,183.70069247348417
35.93,35.95,181.78218370374324
35.94,35.96,177.88543769685782
35.95,35.97,175.29761960349703
35.96,35.98,172.42817620672682
35.97,35.99,169.32889119323463
35.98,36.0,166.19527652470796
35.99,36.01,163.80459097544443
36.0,36.02,162.65544977270162
36.01,36.03,162.50817657969324
36.02,36.04,162.53960109749553
36.03,36.05,162.24647025307468
36.04,36.06,161.85747367973303
36.05,36.07,161.6370563353795
36.06,36.08,161.58882165252714
36.07,36.09,0.0
36.08,36.1,0.0
36.09,36.11,0.0
36.1,36.12,0.0
36.11,36.13,0.0
36.12,36.14,163.74169188658823
36.13,36.15,164.3117136155548
36.14,36.16,165.44812896119865
36.15,36.17,165.96973823287541
36.16,36.18,0.0
36.17,36.19,0.0
36.18,36.2,0.0
36.19,36.21,0.0
36.2,36.22,0.0
36.21,36.23,0.0
36.22,36.24,0.0
36.23,36.25,0.0
36.24,36.26,0.0
36.25,36.27,0.0
36.26,36.28,0.0
36.27,36.29,0.0
36.28,36.3,0.0
36.29,36.31,0.0
36.3,36.32,0.0
36.31,36.33,0.0
36.32,36.34,0.0
36.33,36.35,0.0
36.34,36.36,0.0
36.35,36.37,0.0
36.36,36.38,0.0
36.37,36.39,0.0
36.38,36.4,0.0
36.39,36.41,0.0
36.4,36.42,0.0
36.41,36.43,0.0
36.42,36.44,0.0
36.43,36.45,0.0
36.44,36.46,0.0
36.45,36.47,0.0
36.46,36.48,0.0
36.47,36.49,0.0
36.48,36.5,0.0
36.49,36.51,0.0
36.5,36.52,0.0
36.51,36.53,0.0
36.52,36.54,0.0
36.53,36.55,0.0
36.54,36.56,0.0
36.55,36.57,0.0
36.56,36.58,0.0
36.57,36.59,0.0
36.58,36.6,0.0
36.59,36.61,0.0
36.6,36.62,0.0
36.61,36.63,0.0
36.62,36.64,0.0
36.63,36.65,0.0
36.64,36.66,208.07775892300407
36.65,36.67,208.07775892300407
36.66,36.68,0.0
36.67,36.69,0.0
36.68,36.7,0.0
36.69,36.71,0.0
36.7,36.72,0.0
36.71,36.73,0.0
36.72,36.74,0.0
36.73,36.75,219.29097128790016
36.74,36.76,215.40851396010396
36.75,36.77,209.9435552924534
36.76,36.78,206.2675366642748
36.77,36.79,204.43463479371974
36.78,36.8,200.78051483874643
36.79,36.81,194.80340118188158
36.8,36.82,187.8096844628462
36.81,36.83,183.00422221499582
36.82,36.84,181.27339876883082
36.83,36.85,183.16546890606165
36.84,36.86,188.2162984249768
36.85,36.87,193.70443740721558
36.86,36.88,197.15908112414297
36.87,36.89,196.94645486684314
36.88,36.9,195.98618734076123
36.89,36.91,195.60592690233958
36.9,36.92,196.4163030545507
36.91,36.93,197.6242097184926
36.92,36.94,198.38292067157704
36.93,36.95,0.0
36.94,36.96,0.0
36.95,36.97,0.0
36.96,36.98,0.0
36.97,36.99,0.0
36.98,37.0,0.0
36.99,37.01,0.0
37.0,37.02,212.51462702291963
37.01,37.03,211.43386261222855
37.02,37.04,209.4540470464727
37.03,37.05,208.02769782801016
37.04,37.06,206.93026209985612
37.05,37.07,206.42762868332315
37.06,37.08,0.0
37.07,37.09,0.0
37.08,37.1,0.0
37.09,37.11,0.0
37.1,37.12,0.0
37.11,37.13,0.0
37.12,37.14,0.0
37.13,37.15,211.7782455204749
37.14,37.16,210.15858990172325
37.15,37.17,205.34048908128793
37.16,37.18,200.81338866242425
37.17,37.19,194.71474024904094
37.18,37.2,189.2229501387397
37.19,37.21,185.1557262268946
37.2,37.22,183.72149915402804
37.21,37.23,184.87349532289238
37.22,37.24,186.99175568939538
37.23,37.25,188.50309254049697
37.24,37.26,188.55460399226047
37.25,37.27,187.70923334128764
37.26,37.28,186.47118380264507
37.27,37.29,184.8293427148449
37.28,37.3,182.12441404104894
37.29,37.31,180.2051335619235
37.3,37.32,179.6674652144718
37.31,37.33,180.46504692488006
37.32,37.34,180.4508117341898
37.33,37.35,179.75577021571087
37.34,37.36,179.5475507995991
37.35,37.37,179.92362966046613
37.36,37.38,180.04764345767651
37.37,37.39,178.96361036618597
37.38,37.4,176.5907376875182
37.39,37.41,173.62918166751354
37.4,37.42,170.65350694355774
37.41,37.43,169.37576012926408
37.42,37.44,169.81427237542732
37.43,37.45,171.3751963656538
37.44,37.46,172.16447324907205
37.45,37.47,171.6346459432033
37.46,37.48,170.3218538295936
37.47,37.49,167.65389494575052
37.48,37.5,165.3258832996665
37.49,37.51,163.76655272413888
37.5,37.52,164.71764178177213
37.51,37.53,166.70328037280768
37.52,37.54,168.86910046036323
37.53,37.55,170.07675523661916
37.54,37.56,169.94947933898908
37.55,37.57,168.69778160346175
37.56,37.58,166.56193923364148
37.57,37.59,164.06394822789747
37.58,37.6,162.1952124379593
37.59,37.61,163.20978600966563
37.6,37.62,164.0420242559442
37.61,37.63,0.0
37.62,37.64,0.0
37.63,37.65,0.0
37.64,37.66,0.0
37.65,37.67,0.0
37.66,37.68,0.0
37.67,37.69,0.0
37.68,37.7,0.0
37.69,37.71,0.0
37.7,37.72,150.92571036199826
37.71,37.73,151.00913898214552
37.72,37.74,150.9189595836845
37.73,37.75,0.0
37.74,37.76,0.0
37.75,37.77,0.0
37.76,37.78,0.0
37.77,37.79,0.0
37.78,37.8,0.0
37.79,37.81,0.0
37.8,37.82,0.0
37.81,37.83,0.0
37.82,37.84,0.0
37.83,37.85,0.0
37.84,37.86,0.0
37.85,37.87,0.0
37.86,37.88,0.0
37.87,37.89,0.0
37.88,37.9,0.0
37.89,37.91,0.0
37.9,37.92,0.0
37.91,37.93,0.0
37.92,37.94,0.0
37.93,37.95,0.0
37.94,37.96,0.0
37.95,37.97,0.0
37.96,37.98,0.0
37.97,37.99,0.0
37.98,38.0,0.0
37.99,38.01,0.0
38.0,38.02,0.0
38.01,38.03,0.0
38.02,38.04,0.0
38.03,38.05,0.0
38.04,38.06,0.0
38.05,38.07,0.0
38.06,38.08,0.0
38.07,38.09,0.0
38.08,38.1,0.0
38.09,38.11,0.0
38.1,38.12,0.0
38.11,38.13,0.0
38.12,38.14,0.0
38.13,38.15,0.0
38.14,38.16,0.0
38.15,38.17,0.0
38.16,38.18,0.0
38.17,38.19,0.0
38.18,38.2,0.0
38.19,38.21,0.0
38.2,38.22,0.0
38.21,38.23,0.0
38.22,38.24,0.0
38.23,38.25,0.0
38.24,38.26,0.0
38.25,38.27,0.0
38.26,38.28,0.0
38.27,38.29,0.0
38.28,38.3,0.0
38.29,38.31,0.0
38.3,38.32,0.0
38.31,38.33,0.0
38.32,38.34,0.0
38.33,38.35,0.0
38.34,38.36,0.0
38.35,38.37,0.0
38.36,38.38,0.0
38.37,38.39,0.0
38.38,38.4,0.0
38.39,38.41,0.0
38.4,38.42,293.98019323708616
38.41,38.43,293.515719153851
38.42,38.44,292.817286603984
38.43,38.45,293.4284857010161
38.44,38.46,294.0318252219131
38.45,38.47,294.27442900298723
38.46,38.48,294.1894333364558
38.47,38.49,293.89981568634454
38.48,38.5,293.6411505471087
38.49,38.51,293.58072460954577
38.5,38.52,293.63700961488905
38.51,38.53,293.65215018188917
38.52,38.54,293.63675080856433
38.53,38.55,293.843156570395
38.54,38.56,294.6481563969458
38.55,38.57,295.9341857682949
38.56,38.58,297.53911228379303
38.57,38.59,299.4512977598637
38.58,38.6,302.8496111317014
38.59,38.61,308.306789364646
38.6,38.62,314.2383333896056
38.61,38.63,318.78852339798175
38.62,38.64,321.2361690616236
38.63,38.65,322.45466705882234
38.64,38.66,322.2270985449326
38.65,38.67,319.6941238056953
38.66,38.68,316.6091820519131
38.67,38.69,313.79833807226686
38.68,38.7,312.0516598547488
38.69,38.71,310.45914877767393
38.7,38.72,309.80913052517093
38.71,38.73,309.8404657744268
38.72,38.74,309.4291273563383
38.73,38.75,307.77071299126663
38.74,38.76,305.52420871591283
38.75,38.77,303.84440729826446
38.76,38.78,303.0610237565711
38.77,38.79,302.9043359591984
38.78,38.8,302.80403690191815
38.79,38.81,302.15093802208224
38.8,38.82,300.59279226468635
38.81,38.83,298.3182134791461
38.82,38.84,295.8914777529295
38.83,38.85,293.65111490458025
38.84,38.86,291.460016954126
38.85,38.87,286.3024225602275
38.86,38.88,281.35392348410824
38.87,38.89,251.9221247400187
38.88,38.9,228.8975543003302
38.89,38.91,208.61906747106144
38.9,38.92,209.27154822617288
38.91,38.93,230.16904784155898
38.92,38.94,257.73699289956255
38.93,38.95,288.6686416246242
38.94,38.96,294.29407680372924
38.95,38.97,294.3458936317767
38.96,38.98,0.0
38.97,38.99,0.0
38.98,39.0,0.0
38.99,39.01,0.0
39.0,39.02,0.0
39.01,39.03,0.0
39.02,39.04,0.0
39.03,39.05,0.0
39.04,39.06,0.0
39.05,39.07,0.0
39.06,39.08,0.0
39.07,39.09,0.0
39.08,39.1,193.96326255735391
39.09,39.11,195.18059624298868
39.1,39.12,197.19249171941425
39.11,39.13,196.32379336306153
39.12,39.14,194.97706345627958
39.13,39.15,193.77350905225538
39.14,39.16,193.05071710515924
39.15,39.17,191.9596529305151
39.16,39.18,190.34899345554913
39.17,39.19,171.582028967267
39.18,39.2,143.90540640169806
39.19,39.21,121.06894882609764
39.2,39.22,112.16255664031314
39.21,39.23,112.09371076587149
39.22,39.24,112.04748311587026
39.23,39.25,112.00257018433463
39.24,39.26,111.95756424348853
39.25,39.27,111.97287262263285
39.26,39.28,112.05745798242256
39.27,39.29,133.19161199944747
39.28,39.3,158.41623441578696
39.29,39.31,188.49574084399347
39.3,39.32,188.9089183511577
39.31,39.33,189.08749173036927
39.32,39.34,188.9184923990446
39.33,39.35,188.35847878480575
39.34,39.36,187.45082305897623
39.35,39.37,186.47615552858662
39.36,39.38,212.5007199619408
39.37,39.39,305.7639651479514
39.38,39.4,440.5598661373061
39.39,39.41,554.9627844843811
39.4,39.42,554.5793134335739
39.41,39.43,553.8877315810666
39.42,39.44,552.9388998359237
39.43,39.45,551.9573951887124
39.44,39.46,550.9694986732968
39.45,39.47,549.9918534135098
39.46,39.48,549.0159428963103
39.47,39.49,548.4284485679309
39.48,39.5,548.6334379033947
39.49,39.51,549.4237740574766
39.5,39.52,550.0495420505035
39.51,39.53,550.1307526957943
39.52,39.54,549.9706458769112
39.53,39.55,549.8142201161395
39.54,39.56,549.5126415489606
39.55,39.57,548.7162530764514
39.56,39.58,547.2072338342159
39.57,39.59,545.4868112537195
39.58,39.6,544.0515241227995
39.59,39.61,543.299202540504
39.6,39.62,542.8675672665894
39.61,39.63,542.4238446207938
39.62,39.64,541.9495549878014
39.63,39.65,541.4904749288455
39.64,39.66,540.9714648568158
39.65,39.67,540.4571202880104
39.66,39.68,540.1186610499286
39.67,39.69,428.84920395023005
39.68,39.7,297.957491336022
39.69,39.71,207.25461356491388
39.7,39.72,181.76083569776102
39.71,39.73,182.47147013166446
39.72,39.74,183.2919998796596
39.73,39.75,184.43898643000904
39.74,39.76,186.5031941769385
39.75,39.77,189.06595236515054
39.76,39.78,190.9656228945906
39.77,39.79,189.12657715314876
39.78,39.8,186.04419286776746
39.79,39.81,183.56870188225966
39.8,39.82,184.42768876965144
39.81,39.83,186.15093088537043
39.82,39.84,186.98635820022065
39.83,39.85,186.18604520258265
39.84,39.86,184.82433344487336
39.85,39.87,183.9084196021711
39.86,39.88,183.65799353601847
39.87,39.89,183.60567557764207
39.88,39.9,183.5467396349074
39.89,39.91,0.0
39.9,39.92,0.0
39.91,39.93,0.0
39.92,39.94,0.0
39.93,39.95,0.0
39.94,39.96,192.10478804376666
39.95,39.97,191.02988746207194
39.96,39.98,189.31436641732222
39.97,39.99,188.8805320701627
39.98,40.0,189.3619687357173
39.99,40.01,190.45031167977922
40.0,40.02,192.47200780059606
40.01,40.03,193.70635810276335
40.02,40.04,192.8968339270829
40.03,40.05,190.59300373358775
40.04,40.06,188.9100006105075
40.05,40.07,188.7855398209626
40.06,40.08,188.7206580078522
40.07,40.09,188.57467234266645
40.08,40.1,188.65783540817924
40.09,40.11,189.2598950151135
40.1,40.12,189.24680085907482
40.11,40.13,189.23675150030604
40.12,40.14,0.0
40.13,40.15,0.0
40.14,40.16,222.60631236993845
40.15,40.17,221.47954504086633
40.16,40.18,219.70178391150853
40.17,40.19,217.82110289419626
40.18,40.2,215.86845881013883
40.19,40.21,213.15754416007638
40.2,40.22,206.08195639783418
40.21,40.23,197.93253522102637
40.22,40.24,190.0892947063936
40.23,40.25,186.7002261388185
40.24,40.26,186.25506249115477
40.25,40.27,189.37210819869435
40.26,40.28,193.11810884707958
40.27,40.29,195.85132480669512
40.28,40.3,195.29382396210218
40.29,40.31,193.5839411822726
40.3,40.32,191.52338590289932
40.31,40.33,189.85074001851797
40.32,40.34,188.89809609866717
40.33,40.35,188.28308119576542
40.34,40.36,187.76594769457944
40.35,40.37,187.27532215162856
40.36,40.38,186.91521655180242
40.37,40.39,186.84488420696255
40.38,40.4,187.10588106091632
40.39,40.41,187.5502680490703
40.4,40.42,187.94257097654653
40.41,40.43,188.00855236581265
40.42,40.44,187.95656885858605
40.43,40.45,188.00308410130495
40.44,40.46,188.22148257445147
40.45,40.47,188.74045291475034
40.46,40.48,189.39626984790416
40.47,40.49,190.18171620710265
40.48,40.5,190.8325331531963
40.49,40.51,191.11720743739073
40.5,40.52,191.20764292008204
40.51,40.53,191.191254370111
40.52,40.54,191.21977725028088
40.53,40.55,191.21788121042755
40.54,40.56,191.1203237379991
40.55,40.57,190.97668984131437
40.56,40.58,190.61807718640654
40.57,40.59,189.5837420617879
40.58,40.6,185.61854777947244
40.59,40.61,180.67130475728376
40.6,40.62,176.84789288185192
40.61,40.63,178.83880637908248
40.62,40.64,182.58609543459843
40.63,40.65,186.08408431645435
40.64,40.66,157.41120210752794
40.65,40.67,132.72864388895098
40.66,40.68,111.74766471826189
40.67,40.69,111.3633939993396
40.68,40.7,111.01654473036447
40.69,40.71,110.74457962503315
40.7,40.72,110.51359897005882
40.71,40.73,110.26023577556727
40.72,40.74,130.46348482009262
40.73,40.75,154.45689963011523
40.74,40.76,183.03882362083894
40.75,40.77,183.00430286334725
40.76,40.78,182.96003226427854
40.77,40.79,182.74487981320686
40.78,40.8,182.28030669689187
40.79,40.81,165.04310987437466
40.8,40.82,138.61617563377828
40.81,40.83,116.39349344027282
40.82,40.84,107.53288119025278
40.83,40.85,107.06448284775367
40.84,40.86,126.44004997063354
40.85,40.87,149.56618753617153
40.86,40.88,177.16818489244935
40.87,40.89,177.20531413157377
40.88,40.9,177.22518986537608
40.89,40.91,177.2574878053692
40.9,40.92,177.34671849935037
40.91,40.93,177.5124847808977
40.92,40.94,177.670850090286
40.93,40.95,177.73635841084013
40.94,40.96,177.60078723048323
40.95,40.97,177.27494754625093
40.96,40.98,176.88741049048775
40.97,40.99,176.55381502422807
40.98,41.0,176.29611629531422
40.99,41.01,176.06140935734814
41.0,41.02,175.83073422858828
41.01,41.03,175.61610998876242
41.02,41.04,175.3857864168719
41.03,41.05,175.0900117340139
41.04,41.06,174.77066548308306
41.05,41.07,174.48865391198046
41.06,41.08,174.25195693215204
41.07,41.09,174.05617242745097
41.08,41.1,173.94707458317598
41.09,41.11,173.91152856465476
41.1,41.12,157.94991055374444
41.11,41.13,132.98951250372912
41.12,41.14,111.91865510408088
41.13,41.15,103.72776715363803
41.14,41.16,103.73466988092107
41.15,41.17,123.23293210415179
41.16,41.18,146.4714518213784
41.17,41.19,174.12641002979174
41.18,41.2,174.4563415289744
41.19,41.21,174.70182327383424
41.2,41.22,174.75414549998044
41.21,41.23,174.52835578071102
41.22,41.24,174.0311300441111
41.23,41.25,173.40555231661324
41.24,41.26,172.74152935458082
41.25,41.27,172.12430405468177
41.26,41.28,171.6143194713776
41.27,41.29,171.16838679194063
41.28,41.3,170.5165939083523
41.29,41.31,169.51015106146062
41.3,41.32,168.43700012438515
41.31,41.33,167.848191967448
41.32,41.34,167.8573089196639
41.33,41.35,168.09106047230046
41.34,41.36,168.46721391007117
41.35,41.37,168.9389758536578
41.36,41.38,169.4513710830402
41.37,41.39,169.82488065873667
41.38,41.4,170.04473530229512
41.39,41.41,170.26498712019944
41.4,41.42,170.30635478387632
41.41,41.43,170.02602076575258
41.42,41.44,169.49442710052577
41.43,41.45,169.0136656137173
41.44,41.46,168.77868684817668
41.45,41.47,168.7099186347785
41.46,41.48,168.6138313884644
41.47,41.49,168.48499580825398
41.48,41.5,168.44349525984634
41.49,41.51,168.5130645854474
41.5,41.52,168.6653709022417
41.51,41.53,168.840823565847
41.52,41.54,169.05055725589216
41.53,41.55,169.39111849760948
41.54,41.56,170.0361552090266
41.55,41.57,170.92255961660825
41.56,41.58,171.67558981912296
41.57,41.59,171.869056330933
41.58,41.6,171.58957169684638
41.59,41.61,171.374988676085
41.6,41.62,171.68586041558285
41.61,41.63,171.85580213814416
41.62,41.64,172.0485618911048
41.63,41.65,0.0
41.64,41.66,0.0
41.65,41.67,0.0
41.66,41.68,0.0
41.67,41.69,0.0
41.68,41.7,0.0
41.69,41.71,0.0
41.7,41.72,0.0
41.71,41.73,0.0
41.72,41.74,0.0
41.73,41.75,0.0
41.74,41.76,0.0
41.75,41.77,0.0
41.76,41.78,0.0
41.77,41.79,0.0
41.78,41.8,0.0
41.79,41.81,0.0
41.8,41.82,0.0
41.81,41.83,0.0
41.82,41.84,0.0
41.83,41.85,0.0
41.84,41.86,0.0
41.85,41.87,0.0
41.86,41.88,0.0
41.87,41.89,0.0
41.88,41.9,0.0
41.89,41.91,0.0
41.9,41.92,0.0
41.91,41.93,0.0
41.92,41.94,0.0
41.93,41.95,0.0
41.94,41.96,0.0
41.95,41.97,0.0
41.96,41.98,0.0
41.97,41.99,0.0
41.98,42.0,0.0
41.99,42.01,0.0
42.0,42.02,0.0
42.01,42.03,0.0
42.02,42.04,0.0
42.03,42.05,0.0
42.04,42.06,0.0
42.05,42.07,0.0
42.06,42.08,0.0
42.07,42.09,0.0
42.08,42.1,0.0
42.09,42.11,0.0
42.1,42.12,0.0
42.11,42.13,0.0
42.12,42.14,0.0
42.13,42.15,0.0
42.14,42.16,0.0
42.15,42.17,0.0
42.16,42.18,0.0
42.17,42.19,0.0
42.18,42.2,0.0
42.19,42.21,0.0
42.2,42.22,0.0
42.21,42.23,0.0
42.22,42.24,0.0
42.23,42.25,0.0
42.24,42.26,0.0
42.25,42.27,0.0
42.26,42.28,0.0
42.27,42.29,0.0
42.28,42.3,0.0
42.29,42.31,219.66083260509106
42.3,42.32,218.49210923854858
42.31,42.33,215.84001642221222
42.32,42.34,212.41135252764332
42.33,42.35,208.80306767138185
42.34,42.36,205.43837921070596
42.35,42.37,202.58873451880646
42.36,42.38,200.17969247880342
42.37,42.39,198.14247128555036
42.38,42.4,194.76558875225234
42.39,42.41,189.44911072238946
42.4,42.42,185.34635207464535
42.41,42.43,184.4125314851757
42.42,42.44,187.29191153080538
42.43,42.45,191.7499298990473
42.44,42.46,195.76895929562818
42.45,42.47,198.59302812110144
42.46,42.48,198.93757943568824
42.47,42.49,197.53752941194156
42.48,42.5,195.12516786411297
42.49,42.51,193.23333341230696
42.5,42.52,193.95706550966887
42.51,42.53,194.7521995042214
42.52,42.54,193.51028938855046
42.53,42.55,189.2452579767869
42.54,42.56,185.87451409241194
42.55,42.57,185.12953560859384
42.56,42.58,187.5405980453005
42.57,42.59,192.2001799393331
42.58,42.6,196.56320516721982
42.59,42.61,198.03383180555778
42.6,42.62,195.04856587957445
42.61,42.63,191.65269219718866
42.62,42.64,190.89094829238053
42.63,42.65,193.55907470411282
42.64,42.66,196.98781586022164
42.65,42.67,199.32339432686246
42.66,42.68,200.3803994212977
42.67,42.69,200.50070810554206
42.68,42.7,199.76197838046969
42.69,42.71,197.89363575358684
42.7,42.72,195.15234257303777
42.71,42.73,193.13172619652835
42.72,42.74,192.33447778016276
42.73,42.75,192.6172756361398
42.74,42.76,192.64223336082833
42.75,42.77,192.4927899946278
42.76,42.78,192.43083175457173
42.77,42.79,192.53923994704417
42.78,42.8,192.82947691356432
42.79,42.81,193.1284494340936
42.8,42.82,193.1579422975418
42.81,42.83,192.99036530704257
42.82,42.84,193.16734861672032
42.83,42.85,193.4314230699054
42.84,42.86,193.52534158754182
42.85,42.87,193.24457435923878
42.86,42.88,193.0812191654353
42.87,42.89,193.156197284174
42.88,42.9,193.24338210659556
42.89,42.91,193.08964317768178
42.9,42.92,192.79434161433738
42.91,42.93,192.61511108792098
42.92,42.94,192.80674657523133
42.93,42.95,193.2312045187341
42.94,42.96,193.51237871729873
42.95,42.97,193.60650718332423
42.96,42.98,193.55058756374115
42.97,42.99,193.34023401726972
42.98,43.0,193.04697380912788
42.99,43.01,192.64104482442215
43.0,43.02,192.11867260052648
43.01,43.03,190.92350703492372
43.02,43.04,190.4410796300493
43.03,43.05,190.78308981750925
43.04,43.06,191.66215191003784
43.05,43.07,191.6670508734113
43.06,43.08,190.58947607526244
43.07,43.09,189.24563327132086
43.08,43.1,187.80616693831595
43.09,43.11,186.69191633365213
43.1,43.12,186.00697402930135
43.11,43.13,185.71513832599445
43.12,43.14,185.58411298714066
43.13,43.15,185.4822773854878
43.14,43.16,185.40811281228295
43.15,43.17,185.6006343467446
43.16,43.18,186.27997572552948
43.17,43.19,186.9386940102338
43.18,43.2,187.30445770879587
43.19,43.21,187.37141237775967
43.2,43.22,188.73537923233576
43.21,43.23,190.15552695065904
43.22,43.24,191.51545221781242
43.23,43.25,191.47418547662872
43.24,43.26,191.31064065804114
43.25,43.27,190.9651179541453
43.26,43.28,190.63214832411956
43.27,43.29,190.50411825470985
43.28,43.3,190.74177073629718
43.29,43.31,191.12832528309895
43.3,43.32,191.2913770446744
43.31,43.33,190.69537625174738
43.32,43.34,189.73431331050773
43.33,43.35,188.95287971936318
43.34,43.36,188.78175443595816
43.35,43.37,188.9951022521267
43.36,43.38,189.1551254499431
43.37,43.39,189.0314611623667
43.38,43.4,188.62603710303492
43.39,43.41,188.06573010983047
43.4,43.42,187.49886571477325
43.41,43.43,186.95171085422623
43.42,43.44,186.40015601482384
43.43,43.45,185.91113291990058
43.44,43.46,185.59654476433118
43.45,43.47,185.46940372075733
43.46,43.48,185.40361894286687
43.47,43.49,185.30563882285082
43.48,43.5,185.16804770568584
43.49,43.51,184.99741517249507
43.5,43.52,184.78279838795305
43.51,43.53,184.58567497263113
43.52,43.54,184.70101790937295
43.53,43.55,184.7980268249251
43.54,43.56,184.96753804389874
43.55,43.57,185.08886998278868
43.56,43.58,199.45168206283287
43.57,43.59,213.93096213589877
43.58,43.6,229.25553000324288
43.59,43.61,228.6876831791111
43.6,43.62,229.84129634565298
43.61,43.63,231.878636131564
43.62,43.64,234.23071756423178
43.63,43.65,236.17849386263757
43.64,43.66,235.7342748554361
43.65,43.67,232.89567769150094
43.66,43.68,229.89179446665096
43.67,43.69,228.9516791257711
43.68,43.7,229.69088075259396
43.69,43.71,230.17051863132613
43.7,43.72,230.47517453085746
43.71,43.73,232.34062266678623
43.72,43.74,235.88921977927916
43.73,43.75,239.33433492232308
43.74,43.76,242.6308028128038
43.75,43.77,247.1878810217434
43.76,43.78,253.4473621429187
43.77,43.79,282.4365133028936
43.78,43.8,312.83408739694335
43.79,43.81,345.5829880821288
43.8,43.82,350.69150854137786
43.81,43.83,355.13732299364443
43.82,43.84,358.4389641993503
43.83,43.85,360.2928317710051
43.84,43.86,360.57366039406025
43.85,43.87,359.20731839252795
43.86,43.88,356.69522456371453
43.87,43.89,354.084896760308
43.88,43.9,352.4507059391476
43.89,43.91,351.683552957369
43.9,43.92,350.723114751355
43.91,43.93,348.4249429731783
43.92,43.94,344.97434328727326
43.93,43.95,341.4248812268864
43.94,43.96,340.56246562755126
43.95,43.97,305.43663677616706
43.96,43.98,214.97560042784195
43.97,43.99,150.53673705452132
43.98,44.0,117.59168143081382
43.99,44.01,116.95172219456923
44.0,44.02,116.66718384016922
44.01,44.03,0.0
44.02,44.04,0.0
44.03,44.05,282.8416333365767
44.04,44.06,278.5268024088808
44.05,44.07,271.3999935231136
44.06,44.08,266.5551423911448
44.07,44.09,263.6947953370115
44.08,44.1,261.64153429231663
44.09,44.11,259.76968650683835
44.1,44.12,257.7735122285716
44.11,44.13,254.99936398971212
44.12,44.14,250.77717787106025
44.13,44.15,245.16459718225224
44.14,44.16,239.02644791804207
44.15,44.17,233.07237961978876
44.16,44.18,228.15763799045172
44.17,44.19,223.58445820690534
44.18,44.2,220.41549203221788
44.19,44.21,218.80266444348553
44.2,44.22,226.46285869773646
44.21,44.23,230.41576469848084
44.22,44.24,229.8706213863311
44.23,44.25,221.88013234730346
44.24,44.26,218.1321462885227
44.25,44.27,0.0
44.26,44.28,0.0
44.27,44.29,0.0
44.28,44.3,0.0
44.29,44.31,0.0
44.3,44.32,0.0
44.31,44.33,0.0
44.32,44.34,0.0
44.33,44.35,218.65359492946888
44.34,44.36,217.1245025836251
44.35,44.37,214.47114582108875
44.36,44.38,211.19025196899028
44.37,44.39,208.1755778450774
44.38,44.4,205.26426395195386
44.39,44.41,202.1598461761765
44.4,44.42,198.58598303243056
44.41,44.43,201.45725853126234
44.42,44.44,205.56616363332168
44.43,44.45,209.46106230870956
44.44,44.46,207.3750284118011
44.45,44.47,204.79026868758666
44.46,44.48,203.52510787375192
44.47,44.49,201.86214846774078
44.48,44.5,202.56588037014893
44.49,44.51,203.07150500062912
44.5,44.52,203.17605833683683
44.51,44.53,201.0496809503348
44.52,44.54,199.7012446186213
44.53,44.55,200.5473228323634
44.54,44.56,205.09291734054773
44.55,44.57,209.64197103094443
44.56,44.58,209.6177669418739
44.57,44.59,207.87493012880307
44.58,44.6,0.0
44.59,44.61,0.0
44.6,44.62,0.0
44.61,44.63,225.9622164549554
44.62,44.64,224.853587539264
44.63,44.65,215.3834542630192
44.64,44.66,205.41194473034486
44.65,44.67,196.09383312761108
44.66,44.68,193.5862019295994
44.67,44.69,191.55550380523422
44.68,44.7,189.76792920651303
44.69,44.71,188.67496299073684
44.7,44.72,188.25234158646322
44.71,44.73,187.74484845027646
44.72,44.74,187.02043503874043
44.73,44.75,185.97787638047092
44.74,44.76,180.95190509887524
44.75,44.77,176.1320292316619
44.76,44.78,172.8285628975525
44.77,44.79,173.85497650823874
44.78,44.8,174.88307361923592
44.79,44.81,174.73100474649533
44.8,44.82,173.97020734961356
44.81,44.83,172.98294009078677
44.82,44.84,172.2088257667031
44.83,44.85,170.95423631554948
44.84,44.86,167.1991129679718
44.85,44.87,163.808019904609
44.86,44.88,162.28621156510107
44.87,44.89,163.71728575215633
44.88,44.9,164.89719921698708
44.89,44.91,164.78757855708227
44.9,44.92,163.75320173259192
44.91,44.93,161.9424489951428
44.92,44.94,159.57026642095443
44.93,44.95,155.9865218093884
44.94,44.96,151.49958005808102
44.95,44.97,148.8604356272861
44.96,44.98,148.2186662029418
44.97,44.99,149.82855135117197
44.98,45.0,152.02118911210883
44.99,45.01,154.9968871306283
45.0,45.02,157.40938116298304
45.01,45.03,157.9072645483774
45.02,45.04,156.96583807884556
45.03,45.05,168.1158778431824
45.04,45.06,180.24798294019305
45.05,45.07,179.38166277368842
45.06,45.08,165.73639853368968
45.07,45.09,153.4064920579792
45.08,45.1,153.57246724733193
45.09,45.11,153.8245884892517
45.1,45.12,154.01592357118915
45.11,45.13,154.09768186388632
45.12,45.14,154.06811012388562
45.13,45.15,153.9439266759027
45.14,45.16,153.78946078493428
45.15,45.17,153.83243528100652
45.16,45.18,154.28514106650442
45.17,45.19,155.3053892859698
45.18,45.2,157.43805047749353
45.19,45.21,159.8294696870352
45.2,45.22,162.8292430777086
45.21,45.23,165.41393699216997
45.22,45.24,166.9848139950987
45.23,45.25,166.93838596652571
45.24,45.26,166.08669593189407
45.25,45.27,165.8644845934926
45.26,45.28,166.07897425725776
45.27,45.29,166.10219525802933
45.28,45.3,165.67542255792847
45.29,45.31,165.0103832554962
45.3,45.32,164.63768560189925
45.31,45.33,164.4666369114601
45.32,45.34,0.0
45.33,45.35,0.0
45.34,45.36,0.0
45.35,45.37,0.0
45.36,45.38,0.0
45.37,45.39,0.0
45.38,45.4,79.31892619582675
45.39,45.41,79.31909223294191
45.4,45.42,79.41087652897167
45.41,45.43,79.85590770753824
45.42,45.44,80.53793486730011
45.43,45.45,102.82405984458686
45.44,45.46,131.37396148419313
45.45,45.47,167.85840002825867
45.46,45.48,169.11948295009466
45.47,45.49,175.28050909793393
45.48,45.5,178.12289022996447
45.49,45.51,0.0
45.5,45.52,0.0
45.51,45.53,0.0
45.52,45.54,99.54156052540706
45.53,45.55,100.0072977752084
45.54,45.56,101.43743744721749
45.55,45.57,103.79598030678426
45.56,45.58,134.16729739960573
45.57,45.59,173.6111628875217
45.58,45.6,223.29284696141804
45.59,45.61,227.3009807063254
45.6,45.62,229.7874169054518
45.61,45.63,236.16839814746766
45.62,45.64,241.62395114833598
45.63,45.65,246.28484183483445
45.64,45.66,246.2675852885489
45.65,45.67,247.2812001763611
45.66,45.68,250.20100631077452
45.67,45.69,253.83729934017495
45.68,45.7,256.77917615059704
45.69,45.71,257.732392853363
45.7,45.72,257.7888484815929
45.71,45.73,262.90031872540067
45.72,45.74,268.6709978336597
45.73,45.75,274.14613727357573
45.74,45.76,267.3017585228264
45.75,45.77,261.49243223580726
45.76,45.78,256.67271438422955
45.77,45.79,254.72104837187027
45.78,45.8,251.72586264157616
45.79,45.81,250.97021179222537
45.8,45.82,253.76370360378704
45.81,45.83,256.81357918621063
45.82,45.84,257.4661844525436
45.83,45.85,257.9298711602087
45.84,45.86,257.44042962653083
45.85,45.87,252.3173875801733
45.86,45.88,244.39132119045493
45.87,45.89,235.04024922951157
45.88,45.9,228.29291384968823
45.89,45.91,223.0049082825735
45.9,45.92,219.47959618822802
45.91,45.93,219.4316269685385
45.92,45.94,221.83882388889785
45.93,45.95,224.33539475686217
45.94,45.96,224.28769861672467
45.95,45.97,222.40382673178723
45.96,45.98,219.5754209416235
45.97,45.99,217.34856848173223
45.98,46.0,216.6698543237259
45.99,46.01,216.98479984116517
46.0,46.02,0.0
46.01,46.03,0.0
46.02,46.04,218.8281701808198
46.03,46.05,212.09561431409378
46.04,46.06,205.2209390776542
46.05,46.07,196.44647115418567
46.06,46.08,192.9447843525681
46.07,46.09,188.70331837737987
46.08,46.1,185.96865624441182
46.09,46.11,183.54928760620456
46.1,46.12,181.5490936115989
46.11,46.13,179.77581317577676
46.12,46.14,178.31861263940672
46.13,46.15,177.2448334976623
46.14,46.16,176.67091250937457
46.15,46.17,176.35400643549607
46.16,46.18,176.2670618327372
46.17,46.19,177.42848760184225
46.18,46.2,179.03444755123343
46.19,46.21,180.88537105279795
46.2,46.22,181.96741173893363
46.21,46.23,182.98510955803724
46.22,46.24,183.78336639387476
46.23,46.25,184.0208253353365
46.24,46.26,183.96540433301288
46.25,46.27,182.69841757738786
46.26,46.28,181.2853820011662
46.27,46.29,179.7868258718167
46.28,46.3,179.46512146714687
46.29,46.31,179.4421081359317
46.3,46.32,179.48236362835135
46.31,46.33,179.51491469973456
46.32,46.34,179.60888315479494
46.33,46.35,180.03974876389404
46.34,46.36,180.7934834948596
46.35,46.37,181.47438238373047
46.36,46.38,181.67054494815625
46.37,46.39,181.48525919364255
46.38,46.4,181.22152051265485
46.39,46.41,180.9530613890579
46.4,46.42,180.1947702285031
46.41,46.43,178.63424694897597
46.42,46.44,175.4352209492416
46.43,46.45,174.28885905302357
46.44,46.46,174.8928617089321
46.45,46.47,178.0362504276561
46.46,46.48,179.66481277592501
46.47,46.49,180.04435065386645
46.48,46.5,179.2474433537067
46.49,46.51,178.205684736171
46.5,46.52,177.28998695661056
46.51,46.53,176.41253753139068
46.52,46.54,175.29619044542852
46.53,46.55,173.7715230391637
46.54,46.56,172.5585821607262
46.55,46.57,171.83908437854822
46.56,46.58,171.37272298804731
46.57,46.59,170.8289574585149
46.58,46.6,170.33318816503325
46.59,46.61,170.22227922142298
46.6,46.62,170.77365237353044
46.61,46.63,171.88134577431742
46.62,46.64,173.2723682086441
46.63,46.65,174.38147515438195
46.64,46.66,175.55010662827274
46.65,46.67,175.02891119324093
46.66,46.68,174.2147171372653
46.67,46.69,173.20226519824465
46.68,46.7,173.5199308813528
46.69,46.71,173.72772504829106
46.7,46.72,174.033277488568
46.71,46.73,174.10701609582512
46.72,46.74,0.0
46.73,46.75,0.0
46.74,46.76,0.0
46.75,46.77,184.28116638274696
46.76,46.78,184.9957846453594
46.77,46.79,198.70626516069024
46.78,46.8,185.3830710913827
46.79,46.81,167.49152210211972
46.8,46.82,140.35637901737914
46.81,46.83,117.59209600441268
46.82,46.84,108.15395636404351
46.83,46.85,127.44006644673583
46.84,46.86,148.1608541470575
46.85,46.87,174.06269247521823
46.86,46.88,172.45165796282717
46.87,46.89,173.1925908059265
46.88,46.9,172.21730678343278
46.89,46.91,170.5634157620491
46.9,46.92,168.82172073925133
46.91,46.93,167.39699558238135
46.92,46.94,166.45964775905722
46.93,46.95,166.0176893382743
46.94,46.96,166.2047614764609
46.95,46.97,166.76933818088472
46.96,46.98,167.5269740783794
46.97,46.99,168.44568510482756
46.98,47.0,169.09256132839073
46.99,47.01,168.95611881392531
47.0,47.02,168.01809270303445
47.01,47.03,166.64837458824297
47.02,47.04,165.18054157499728
47.03,47.05,163.55077901257036
47.04,47.06,161.705988002665
47.05,47.07,159.3990910219839
47.06,47.08,159.8089390790055
47.07,47.09,161.12414656629662
47.08,47.1,164.05577835918808
47.09,47.11,138.91816658120928
47.1,47.12,117.27055467112703
47.11,47.13,117.05173884549963
47.12,47.14,138.3367254378324
47.13,47.15,160.89769027363928
47.14,47.16,155.8584223998772
47.15,47.17,150.96229618593392
47.16,47.18,152.83412103186632
47.17,47.19,155.18738930707948
47.18,47.2,157.0146648332661
47.19,47.21,154.4912436440239
47.2,47.22,153.4281947585512
47.21,47.23,151.55588969989222
47.22,47.24,148.51778410693382
47.23,47.25,145.34725165287458
47.24,47.26,118.80586882381823
47.25,47.27,107.80891913596457
47.26,47.28,0.0
47.27,47.29,109.83008959433766
47.28,47.3,123.69421360320966
47.29,47.31,156.51866464088405
47.3,47.32,157.4310084077602
47.31,47.33,157.6536102766583
47.32,47.34,157.69662212390398
47.33,47.35,157.91972135032043
47.34,47.36,158.2726251638978
47.35,47.37,158.60466595267232
47.36,47.38,158.99131002112836
47.37,47.39,159.47172412193626
47.38,47.4,183.10861091996443
47.39,47.41,210.13895643420364
47.4,47.42,242.46843772736673
47.41,47.43,211.8644055154874
47.42,47.44,184.8468965940183
47.43,47.45,160.21401593070647
47.44,47.46,160.14287964763406
47.45,47.47,160.13725150646206
47.46,47.48,159.85472278213575
47.47,47.49,159.40666018256888
47.48,47.5,159.50790370797898
47.49,47.51,160.26440044227476
47.5,47.52,161.0333909916576
47.51,47.53,161.18659067026377
47.52,47.54,160.9763089772061
47.53,47.55,160.9924842986359
47.54,47.56,156.35148625557417
47.55,47.57,151.8231655509952
47.56,47.58,147.32206555546696
47.57,47.59,161.3994231093856
47.58,47.6,172.14501334698338
47.59,47.61,175.499054228102
47.6,47.62,0.0
47.61,47.662970522,0.0
