Start_Time,End_Time,F0_Hz
0.0,0.01,0.0
0.01,0.02,0.0
0.02,0.03,0.0
0.03,0.04,0.0
0.04,0.05,193.1872657849691
0.05,0.06,195.43199368684918
0.06,0.07,200.0
0.07,0.08,204.67477839935495
0.08,0.09,209.4588245641254
0.09,0.1,211.89261887185907
0.1,0.11,215.59643660857103
0.11,0.12,218.10154653305153
0.12,0.13,219.36499593892518
0.13,0.14,221.91389441356898
0.14,0.15,223.1994285260446
0.15,0.16,225.79288096122622
0.16,0.17,228.41646786215435
0.17,0.18,229.73967099940702
0.18,0.19,232.40911739156792
0.19,0.2,235.10958125672175
0.2,0.21,235.10958125672175
0.21,0.22,237.8414230005442
0.22,0.23,239.21922434748075
0.23,0.24,240.60500721642333
0.24,0.25,241.99881784385852
0.25,0.26,243.40070273411817
0.26,0.27,244.81070866093103
0.27,0.28,246.2288826689832
0.28,0.29,249.08992447176465
0.29,0.3,250.53288772482563
0.3,0.31,253.44393965741244
0.31,0.32,254.91212546385245
0.32,0.33,257.8740616879158
0.33,0.34,260.87041395311286
0.34,0.35,263.9015821545788
0.35,0.36,266.96797083400685
0.36,0.37,268.51450055605267
0.37,0.38,270.06998923363795
0.38,0.39,270.06998923363795
0.39,0.4,268.51450055605267
0.4,0.41,266.96797083400685
0.41,0.42,266.96797083400685
0.42,0.43,266.96797083400685
0.43,0.44,266.96797083400685
0.44,0.45,266.96797083400685
0.45,0.46,266.96797083400685
0.46,0.47,270.06998923363795
0.47,0.48,271.6344887654643
0.48,0.49,271.6344887654643
0.49,0.5,271.6344887654643
0.5,0.51,270.06998923363795
0.51,0.52,268.51450055605267
0.52,0.53,266.96797083400685
0.53,0.54,265.4303484677136
0.54,0.55,263.9015821545788
0.55,0.56,263.9015821545788
0.56,0.57,262.38162088748976
0.57,0.58,260.87041395311286
0.58,0.59,259.3679109302019
0.59,0.6,257.8740616879158
0.6,0.61,256.3888163841458
0.61,0.62,257.8740616879158
0.62,0.63,257.8740616879158
0.63,0.64,257.8740616879158
0.64,0.65,257.8740616879158
0.65,0.66,256.3888163841458
0.66,0.67,254.91212546385245
0.67,0.68,253.44393965741244
0.68,0.69,251.98420997897463
0.69,0.7,250.53288772482563
0.7,0.71,247.65527207548806
0.71,0.72,244.81070866093103
0.72,0.73,243.40070273411817
0.73,0.74,241.99881784385852
0.74,0.75,241.99881784385852
0.75,0.76,241.99881784385852
0.76,0.77,243.40070273411817
0.77,0.78,243.40070273411817
0.78,0.79,246.2288826689832
0.79,0.8,257.8740616879158
0.8,0.81,244.81070866093103
0.81,0.82,244.81070866093103
0.82,0.83,246.2288826689832
0.83,0.84,0.0
0.84,0.85,0.0
0.85,0.86,0.0
0.86,0.87,0.0
0.87,0.88,241.99881784385852
0.88,0.89,247.65527207548806
0.89,0.9,249.08992447176465
0.9,0.91,249.08992447176465
0.91,0.92,250.53288772482563
0.92,0.93,239.21922434748075
0.93,0.94,235.10958125672175
0.94,0.95,235.10958125672175
0.95,0.96,233.75544971224912
0.96,0.97,233.75544971224912
0.97,0.98,232.40911739156792
0.98,0.99,232.40911739156792
0.99,1.0,231.07053937445463
1.0,1.01,231.07053937445463
1.01,1.02,229.73967099940702
1.02,1.03,224.49240966187455
1.03,1.04,204.67477839935495
1.04,1.05,197.70280407057922
1.05,1.06,194.30638823072118
1.06,1.07,181.29427068562208
1.07,1.08,0.0
1.08,1.09,0.0
1.09,1.1,232.40911739156792
1.1,1.11,232.40911739156792
1.11,1.12,231.07053937445463
1.12,1.13,231.07053937445463
1.13,1.14,229.73967099940702
1.14,1.15,207.05298476827548
1.15,1.16,193.1872657849691
1.16,1.17,185.5318233882619
1.17,1.18,178.17974362806785
1.18,1.19,176.1331747192297
1.19,1.2,180.25009252216606
1.2,1.21,200.0
1.21,1.22,210.67220719096719
1.22,1.23,216.8453740602837
1.23,1.24,221.91389441356898
1.24,1.25,221.91389441356898
1.25,1.26,221.91389441356898
1.26,1.27,221.91389441356898
1.27,1.28,220.63576443274928
1.28,1.29,218.10154653305153
1.29,1.3,219.36499593892518
1.3,1.31,221.91389441356898
1.31,1.32,221.91389441356898
1.32,1.33,221.91389441356898
1.33,1.34,220.63576443274928
1.34,1.35,218.10154653305153
1.35,1.36,216.8453740602837
1.36,1.37,215.59643660857103
1.37,1.38,213.12010032569688
1.38,1.39,213.12010032569688
1.39,1.4,213.12010032569688
1.4,1.41,213.12010032569688
1.41,1.42,211.89261887185907
1.42,1.43,207.05298476827548
1.43,1.44,207.05298476827548
1.44,1.45,204.67477839935495
1.45,1.46,190.9683207820833
1.46,1.47,198.8480847635095
1.47,1.48,219.36499593892518
1.48,1.49,221.91389441356898
1.49,1.5,221.91389441356898
1.5,1.51,220.63576443274928
1.51,1.52,219.36499593892518
1.52,1.53,202.3238880603845
1.53,1.54,196.56411970905023
1.54,1.55,194.30638823072118
1.55,1.56,192.07458901020084
1.56,1.57,190.9683207820833
1.57,1.58,189.86842419010387
1.58,1.59,188.7748625363387
1.59,1.6,187.68759933422865
1.6,1.61,186.60659830736148
1.61,1.62,190.9683207820833
1.62,1.63,208.25243050696125
1.63,1.64,210.67220719096719
1.64,1.65,209.4588245641254
1.65,1.66,207.05298476827548
1.66,1.67,205.86044732869837
1.67,1.68,204.67477839935495
1.68,1.69,201.15858821357068
1.69,1.7,196.56411970905023
1.7,1.71,193.1872657849691
1.71,1.72,190.9683207820833
1.72,1.73,189.86842419010387
1.73,1.74,189.86842419010387
1.74,1.75,188.7748625363387
1.75,1.76,188.7748625363387
1.76,1.77,187.68759933422865
1.77,1.78,187.68759933422865
1.78,1.79,186.60659830736148
1.79,1.8,185.5318233882619
1.8,1.81,185.5318233882619
1.81,1.82,184.46323871718783
1.82,1.83,186.60659830736148
1.83,1.84,187.68759933422865
1.84,1.85,190.9683207820833
1.85,1.86,194.30638823072118
1.86,1.87,196.56411970905023
1.87,1.88,197.70280407057922
1.88,1.89,198.8480847635095
1.89,1.9,200.0
1.9,1.91,201.15858821357068
1.91,1.92,201.15858821357068
1.92,1.93,202.3238880603845
1.93,1.94,203.49593842053727
1.94,1.95,205.86044732869837
1.95,1.96,209.4588245641254
1.96,1.97,211.89261887185907
1.97,1.98,213.12010032569688
1.98,1.99,215.59643660857103
1.99,2.0,218.10154653305153
2.0,2.01,219.36499593892518
2.01,2.02,220.63576443274928
2.02,2.03,221.91389441356898
2.03,2.04,221.91389441356898
2.04,2.05,223.1994285260446
2.05,2.06,232.40911739156792
2.06,2.07,237.8414230005442
2.07,2.08,225.79288096122622
2.08,2.09,0.0
2.09,2.1,0.0
2.1,2.11,0.0
2.11,2.12,0.0
2.12,2.13,0.0
2.13,2.14,260.87041395311286
2.14,2.15,259.3679109302019
2.15,2.16,256.3888163841458
2.16,2.17,256.3888163841458
2.17,2.18,254.91212546385245
2.18,2.19,254.91212546385245
2.19,2.2,254.91212546385245
2.2,2.21,256.3888163841458
2.21,2.22,256.3888163841458
2.22,2.23,256.3888163841458
2.23,2.24,257.8740616879158
2.24,2.25,257.8740616879158
2.25,2.26,257.8740616879158
2.26,2.27,257.8740616879158
2.27,2.28,254.91212546385245
2.28,2.29,251.98420997897463
2.29,2.3,246.2288826689832
2.3,2.31,239.21922434748075
2.31,2.32,224.49240966187455
2.32,2.33,219.36499593892518
2.33,2.34,0.0
2.34,2.35,0.0
2.35,2.36,0.0
2.36,2.37,0.0
2.37,2.38,243.40070273411817
2.38,2.39,240.60500721642333
2.39,2.4,237.8414230005442
2.4,2.41,236.47155720542963
2.41,2.42,233.75544971224912
2.42,2.43,231.07053937445463
2.43,2.44,229.73967099940702
2.44,2.45,228.41646786215435
2.45,2.46,228.41646786215435
2.46,2.47,231.07053937445463
2.47,2.48,225.79288096122622
2.48,2.49,210.67220719096719
2.49,2.5,205.86044732869837
2.5,2.51,220.63576443274928
2.51,2.52,211.89261887185907
2.52,2.53,216.8453740602837
2.53,2.54,221.91389441356898
2.54,2.55,221.91389441356898
2.55,2.56,221.91389441356898
2.56,2.57,223.1994285260446
2.57,2.58,224.49240966187455
2.58,2.59,227.10088581417543
2.59,2.6,237.8414230005442
2.6,2.61,240.60500721642333
2.61,2.62,237.8414230005442
2.62,2.63,227.10088581417543
2.63,2.64,239.21922434748075
2.64,2.65,246.2288826689832
2.65,2.66,0.0
2.66,2.67,0.0
2.67,2.68,0.0
2.68,2.69,0.0
2.69,2.7,0.0
2.7,2.71,0.0
2.71,2.72,0.0
2.72,2.73,0.0
2.73,2.74,284.4812036394563
2.74,2.75,277.98364396846745
2.75,2.76,277.98364396846745
2.76,2.77,274.79072949161787
2.77,2.78,273.20805135087915
2.78,2.79,271.6344887654643
2.79,2.8,271.6344887654643
2.8,2.81,271.6344887654643
2.81,2.82,270.06998923363795
2.82,2.83,270.06998923363795
2.83,2.84,268.51450055605267
2.84,2.85,268.51450055605267
2.85,2.86,266.96797083400685
2.86,2.87,265.4303484677136
2.87,2.88,263.9015821545788
2.88,2.89,262.38162088748976
2.89,2.9,259.3679109302019
2.9,2.91,256.3888163841458
2.91,2.92,253.44393965741244
2.92,2.93,251.98420997897463
2.93,2.94,249.08992447176465
2.94,2.95,246.2288826689832
2.95,2.96,244.81070866093103
2.96,2.97,243.40070273411817
2.97,2.98,241.99881784385852
2.98,2.99,240.60500721642333
2.99,3.0,239.21922434748075
3.0,3.01,237.8414230005442
3.01,3.02,236.47155720542963
3.02,3.03,233.75544971224912
3.03,3.04,232.40911739156792
3.04,3.05,231.07053937445463
3.05,3.06,231.07053937445463
3.06,3.07,229.73967099940702
3.07,3.08,229.73967099940702
3.08,3.09,229.73967099940702
3.09,3.1,228.41646786215435
3.1,3.11,228.41646786215435
3.11,3.12,227.10088581417543
3.12,3.13,225.79288096122622
3.13,3.14,224.49240966187455
3.14,3.15,223.1994285260446
3.15,3.16,221.91389441356898
3.16,3.17,221.91389441356898
3.17,3.18,220.63576443274928
3.18,3.19,219.36499593892518
3.19,3.2,219.36499593892518
3.2,3.21,218.10154653305153
3.21,3.22,216.8453740602837
3.22,3.23,216.8453740602837
3.23,3.24,216.8453740602837
3.24,3.25,216.8453740602837
3.25,3.26,216.8453740602837
3.26,3.27,215.59643660857103
3.27,3.28,216.8453740602837
3.28,3.29,216.8453740602837
3.29,3.3,216.8453740602837
3.3,3.31,216.8453740602837
3.31,3.32,216.8453740602837
3.32,3.33,215.59643660857103
3.33,3.34,215.59643660857103
3.34,3.35,214.35469250725862
3.35,3.36,214.35469250725862
3.36,3.37,211.89261887185907
3.37,3.38,210.67220719096719
3.38,3.39,209.4588245641254
3.39,3.4,208.25243050696125
3.4,3.41,207.05298476827548
3.41,3.42,204.67477839935495
3.42,3.43,202.3238880603845
3.43,3.44,201.15858821357068
3.44,3.45,198.8480847635095
3.45,3.46,197.70280407057922
3.46,3.47,197.70280407057922
3.47,3.48,196.56411970905023
3.48,3.49,197.70280407057922
3.49,3.5,196.56411970905023
3.5,3.51,194.30638823072118
3.51,3.52,192.07458901020084
3.52,3.53,190.9683207820833
3.53,3.54,186.60659830736148
3.54,3.55,187.68759933422865
3.55,3.56,0.0
3.56,3.57,0.0
3.57,3.58,0.0
3.58,3.59,0.0
3.59,3.6,0.0
3.6,3.61,0.0
3.61,3.62,0.0
3.62,3.63,0.0
3.63,3.64,241.99881784385852
3.64,3.65,236.47155720542963
3.65,3.66,232.40911739156792
3.66,3.67,231.07053937445463
3.67,3.68,228.41646786215435
3.68,3.69,227.10088581417543
3.69,3.7,227.10088581417543
3.7,3.71,227.10088581417543
3.71,3.72,227.10088581417543
3.72,3.73,225.79288096122622
3.73,3.74,225.79288096122622
3.74,3.75,225.79288096122622
3.75,3.76,225.79288096122622
3.76,3.77,224.49240966187455
3.77,3.78,225.79288096122622
3.78,3.79,225.79288096122622
3.79,3.8,224.49240966187455
3.8,3.81,223.1994285260446
3.81,3.82,218.10154653305153
3.82,3.83,219.36499593892518
3.83,3.84,219.36499593892518
3.84,3.85,218.10154653305153
3.85,3.86,216.8453740602837
3.86,3.87,215.59643660857103
3.87,3.88,214.35469250725862
3.88,3.89,213.12010032569688
3.89,3.9,211.89261887185907
3.9,3.91,210.67220719096719
3.91,3.92,209.4588245641254
3.92,3.93,209.4588245641254
3.93,3.94,208.25243050696125
3.94,3.95,205.86044732869837
3.95,3.96,203.49593842053727
3.96,3.97,201.15858821357068
3.97,3.98,200.0
3.98,3.99,198.8480847635095
3.99,4.0,200.0
4.0,4.01,200.0
4.01,4.02,201.15858821357068
4.02,4.03,201.15858821357068
4.03,4.04,202.3238880603845
4.04,4.05,202.3238880603845
4.05,4.06,202.3238880603845
4.06,4.07,202.3238880603845
4.07,4.08,202.3238880603845
4.08,4.09,205.86044732869837
4.09,4.1,210.67220719096719
4.1,4.11,211.89261887185907
4.11,4.12,211.89261887185907
4.12,4.13,211.89261887185907
4.13,4.14,211.89261887185907
4.14,4.15,211.89261887185907
4.15,4.16,209.4588245641254
4.16,4.17,219.36499593892518
4.17,4.18,0.0
4.18,4.19,0.0
4.19,4.2,0.0
4.2,4.21,0.0
4.21,4.22,0.0
4.22,4.23,0.0
4.23,4.24,0.0
4.24,4.25,0.0
4.25,4.26,0.0
4.26,4.27,231.07053937445463
4.27,4.28,231.07053937445463
4.28,4.29,229.73967099940702
4.29,4.3,225.79288096122622
4.3,4.31,0.0
4.31,4.32,196.56411970905023
4.32,4.33,190.9683207820833
4.33,4.34,187.68759933422865
4.34,4.35,189.86842419010387
4.35,4.36,192.07458901020084
4.36,4.37,211.89261887185907
4.37,4.38,213.12010032569688
4.38,4.39,214.35469250725862
4.39,4.4,227.10088581417543
4.4,4.41,228.41646786215435
4.41,4.42,233.75544971224912
4.42,4.43,243.40070273411817
4.43,4.44,221.91389441356898
4.44,4.45,0.0
4.45,4.46,0.0
4.46,4.47,0.0
4.47,4.48,0.0
4.48,4.49,0.0
4.49,4.5,0.0
4.5,4.51,0.0
4.51,4.52,0.0
4.52,4.53,0.0
4.53,4.54,221.91389441356898
4.54,4.55,220.63576443274928
4.55,4.56,219.36499593892518
4.56,4.57,216.8453740602837
4.57,4.58,214.35469250725862
4.58,4.59,216.8453740602837
4.59,4.6,207.05298476827548
4.6,4.61,201.15858821357068
4.61,4.62,0.0
4.62,4.63,0.0
4.63,4.64,0.0
4.64,4.65,0.0
4.65,4.66,0.0
4.66,4.67,0.0
4.67,4.68,0.0
4.68,4.69,0.0
4.69,4.7,209.4588245641254
4.7,4.71,209.4588245641254
4.71,4.72,208.25243050696125
4.72,4.73,208.25243050696125
4.73,4.74,208.25243050696125
4.74,4.75,208.25243050696125
4.75,4.76,209.4588245641254
4.76,4.77,209.4588245641254
4.77,4.78,209.4588245641254
4.78,4.79,208.25243050696125
4.79,4.8,213.12010032569688
4.8,4.81,213.12010032569688
4.81,4.82,214.35469250725862
4.82,4.83,214.35469250725862
4.83,4.84,214.35469250725862
4.84,4.85,214.35469250725862
4.85,4.86,214.35469250725862
4.86,4.87,214.35469250725862
4.87,4.88,214.35469250725862
4.88,4.89,214.35469250725862
4.89,4.9,213.12010032569688
4.9,4.91,209.4588245641254
4.91,4.92,204.67477839935495
4.92,4.93,204.67477839935495
4.93,4.94,0.0
4.94,4.95,0.0
4.95,4.96,262.38162088748976
4.96,4.97,266.96797083400685
4.97,4.98,270.06998923363795
4.98,4.99,273.20805135087915
4.99,5.0,276.38257599355524
5.0,5.01,279.5939868358039
5.01,5.02,282.842712474619
5.02,5.03,284.4812036394563
5.03,5.04,281.2136583244699
5.04,5.05,279.5939868358039
5.05,5.06,284.4812036394563
5.06,5.07,287.786716002164
5.07,5.08,287.786716002164
5.08,5.09,284.4812036394563
5.09,5.1,279.5939868358039
5.1,5.11,276.38257599355524
5.11,5.12,273.20805135087915
5.12,5.13,271.6344887654643
5.13,5.14,274.79072949161787
5.14,5.15,274.79072949161787
5.15,5.16,273.20805135087915
5.16,5.17,271.6344887654643
5.17,5.18,270.06998923363795
5.18,5.19,266.96797083400685
5.19,5.2,263.9015821545788
5.2,5.21,260.87041395311286
5.21,5.22,257.8740616879158
5.22,5.23,256.3888163841458
5.23,5.24,253.44393965741244
5.24,5.25,251.98420997897463
5.25,5.26,250.53288772482563
5.26,5.27,247.65527207548806
5.27,5.28,246.2288826689832
5.28,5.29,243.40070273411817
5.29,5.3,241.99881784385852
5.3,5.31,240.60500721642333
5.31,5.32,239.21922434748075
5.32,5.33,237.8414230005442
5.33,5.34,237.8414230005442
5.34,5.35,236.47155720542963
5.35,5.36,236.47155720542963
5.36,5.37,235.10958125672175
5.37,5.38,235.10958125672175
5.38,5.39,233.75544971224912
5.39,5.4,233.75544971224912
5.4,5.41,233.75544971224912
5.41,5.42,233.75544971224912
5.42,5.43,232.40911739156792
5.43,5.44,232.40911739156792
5.44,5.45,231.07053937445463
5.45,5.46,229.73967099940702
5.46,5.47,229.73967099940702
5.47,5.48,228.41646786215435
5.48,5.49,227.10088581417543
5.49,5.5,227.10088581417543
5.5,5.51,225.79288096122622
5.51,5.52,224.49240966187455
5.52,5.53,224.49240966187455
5.53,5.54,223.1994285260446
5.54,5.55,223.1994285260446
5.55,5.56,221.91389441356898
5.56,5.57,221.91389441356898
5.57,5.58,220.63576443274928
5.58,5.59,220.63576443274928
5.59,5.6,219.36499593892518
5.6,5.61,219.36499593892518
5.61,5.62,219.36499593892518
5.62,5.63,219.36499593892518
5.63,5.64,219.36499593892518
5.64,5.65,219.36499593892518
5.65,5.66,218.10154653305153
5.66,5.67,218.10154653305153
5.67,5.68,218.10154653305153
5.68,5.69,216.8453740602837
5.69,5.7,216.8453740602837
5.7,5.71,216.8453740602837
5.71,5.72,215.59643660857103
5.72,5.73,215.59643660857103
5.73,5.74,214.35469250725862
5.74,5.75,214.35469250725862
5.75,5.76,214.35469250725862
5.76,5.77,213.12010032569688
5.77,5.78,213.12010032569688
5.78,5.79,213.12010032569688
5.79,5.8,213.12010032569688
5.8,5.81,213.12010032569688
5.81,5.82,213.12010032569688
5.82,5.83,213.12010032569688
5.83,5.84,213.12010032569688
5.84,5.85,211.89261887185907
5.85,5.86,211.89261887185907
5.86,5.87,210.67220719096719
5.87,5.88,210.67220719096719
5.88,5.89,210.67220719096719
5.89,5.9,209.4588245641254
5.9,5.91,209.4588245641254
5.91,5.92,209.4588245641254
5.92,5.93,209.4588245641254
5.93,5.94,210.67220719096719
5.94,5.95,210.67220719096719
5.95,5.96,210.67220719096719
5.96,5.97,210.67220719096719
5.97,5.98,211.89261887185907
5.98,5.99,211.89261887185907
5.99,6.0,211.89261887185907
6.0,6.01,211.89261887185907
6.01,6.02,213.12010032569688
6.02,6.03,215.59643660857103
6.03,6.04,220.63576443274928
6.04,6.05,221.91389441356898
6.05,6.06,223.1994285260446
6.06,6.07,224.49240966187455
6.07,6.08,224.49240966187455
6.08,6.09,227.10088581417543
6.09,6.1,231.07053937445463
6.1,6.11,232.40911739156792
6.11,6.12,233.75544971224912
6.12,6.13,233.75544971224912
6.13,6.14,232.40911739156792
6.14,6.15,232.40911739156792
6.15,6.16,232.40911739156792
6.16,6.17,231.07053937445463
6.17,6.18,231.07053937445463
6.18,6.19,229.73967099940702
6.19,6.2,228.41646786215435
6.2,6.21,227.10088581417543
6.21,6.22,227.10088581417543
6.22,6.23,227.10088581417543
6.23,6.24,225.79288096122622
6.24,6.25,225.79288096122622
6.25,6.26,225.79288096122622
6.26,6.27,225.79288096122622
6.27,6.28,224.49240966187455
6.28,6.29,224.49240966187455
6.29,6.3,223.1994285260446
6.3,6.31,221.91389441356898
6.31,6.32,221.91389441356898
6.32,6.33,220.63576443274928
6.33,6.34,219.36499593892518
6.34,6.35,218.10154653305153
6.35,6.36,218.10154653305153
6.36,6.37,218.10154653305153
6.37,6.38,218.10154653305153
6.38,6.39,216.8453740602837
6.39,6.4,216.8453740602837
6.4,6.41,216.8453740602837
6.41,6.42,216.8453740602837
6.42,6.43,216.8453740602837
6.43,6.44,215.59643660857103
6.44,6.45,214.35469250725862
6.45,6.46,213.12010032569688
6.46,6.47,211.89261887185907
6.47,6.48,211.89261887185907
6.48,6.49,211.89261887185907
6.49,6.5,210.67220719096719
6.5,6.51,210.67220719096719
6.51,6.52,209.4588245641254
6.52,6.53,208.25243050696125
6.53,6.54,207.05298476827548
6.54,6.55,207.05298476827548
6.55,6.56,205.86044732869837
6.56,6.57,205.86044732869837
6.57,6.58,204.67477839935495
6.58,6.59,204.67477839935495
6.59,6.6,203.49593842053727
6.6,6.61,203.49593842053727
6.61,6.62,203.49593842053727
6.62,6.63,203.49593842053727
6.63,6.64,203.49593842053727
6.64,6.65,202.3238880603845
6.65,6.66,202.3238880603845
6.66,6.67,202.3238880603845
6.67,6.68,202.3238880603845
6.68,6.69,201.15858821357068
6.69,6.7,200.0
6.7,6.71,200.0
6.71,6.72,198.8480847635095
6.72,6.73,197.70280407057922
6.73,6.74,197.70280407057922
6.74,6.75,196.56411970905023
6.75,6.76,196.56411970905023
6.76,6.77,197.70280407057922
6.77,6.78,197.70280407057922
6.78,6.79,200.0
6.79,6.8,201.15858821357068
6.8,6.81,204.67477839935495
6.81,6.82,0.0
6.82,6.83,0.0
6.83,6.84,0.0
6.84,6.85,0.0
6.85,6.86,0.0
6.86,6.87,0.0
6.87,6.88,0.0
6.88,6.89,0.0
6.89,6.9,0.0
6.9,6.91,0.0
6.91,6.92,0.0
6.92,6.93,225.79288096122622
6.93,6.94,219.36499593892518
6.94,6.95,219.36499593892518
6.95,6.96,218.10154653305153
6.96,6.97,216.8453740602837
6.97,6.98,215.59643660857103
6.98,6.99,214.35469250725862
6.99,7.0,211.89261887185907
7.0,7.01,209.4588245641254
7.01,7.02,208.25243050696125
7.02,7.03,207.05298476827548
7.03,7.04,205.86044732869837
7.04,7.05,204.67477839935495
7.05,7.06,204.67477839935495
7.06,7.07,203.49593842053727
7.07,7.08,202.3238880603845
7.08,7.09,202.3238880603845
7.09,7.1,202.3238880603845
7.1,7.11,202.3238880603845
7.11,7.12,203.49593842053727
7.12,7.13,203.49593842053727
7.13,7.14,203.49593842053727
7.14,7.15,203.49593842053727
7.15,7.16,197.70280407057922
7.16,7.17,187.68759933422865
7.17,7.18,195.43199368684918
7.18,7.19,211.89261887185907
7.19,7.2,213.12010032569688
7.2,7.21,213.12010032569688
7.21,7.22,213.12010032569688
7.22,7.23,213.12010032569688
7.23,7.24,213.12010032569688
7.24,7.25,215.59643660857103
7.25,7.26,219.36499593892518
7.26,7.27,196.56411970905023
7.27,7.28,216.8453740602837
7.28,7.29,218.10154653305153
7.29,7.3,227.10088581417543
7.3,7.31,221.91389441356898
7.31,7.32,218.10154653305153
7.32,7.33,216.8453740602837
7.33,7.34,214.35469250725862
7.34,7.35,213.12010032569688
7.35,7.36,211.89261887185907
7.36,7.37,209.4588245641254
7.37,7.38,208.25243050696125
7.38,7.39,204.67477839935495
7.39,7.4,0.0
7.4,7.41,0.0
7.41,7.42,0.0
7.42,7.43,0.0
7.43,7.44,0.0
7.44,7.45,0.0
7.45,7.46,0.0
7.46,7.47,0.0
7.47,7.48,0.0
7.48,7.49,0.0
7.49,7.5,0.0
7.5,7.51,0.0
7.51,7.52,205.86044732869837
7.52,7.53,204.67477839935495
7.53,7.54,204.67477839935495
7.54,7.55,205.86044732869837
7.55,7.56,205.86044732869837
7.56,7.57,205.86044732869837
7.57,7.58,205.86044732869837
7.58,7.59,204.67477839935495
7.59,7.6,203.49593842053727
7.6,7.61,202.3238880603845
7.61,7.62,202.3238880603845
7.62,7.63,202.3238880603845
7.63,7.64,0.0
7.64,7.65,236.47155720542963
7.65,7.66,237.8414230005442
7.66,7.67,214.35469250725862
7.67,7.68,204.67477839935495
7.68,7.69,215.59643660857103
7.69,7.7,232.40911739156792
7.7,7.71,235.10958125672175
7.71,7.72,236.47155720542963
7.72,7.73,237.8414230005442
7.73,7.74,239.21922434748075
7.74,7.75,240.60500721642333
7.75,7.76,241.99881784385852
7.76,7.77,241.99881784385852
7.77,7.78,243.40070273411817
7.78,7.79,243.40070273411817
7.79,7.8,243.40070273411817
7.8,7.81,240.60500721642333
7.81,7.82,233.75544971224912
7.82,7.83,224.49240966187455
7.83,7.84,233.75544971224912
7.84,7.85,233.75544971224912
7.85,7.86,228.41646786215435
7.86,7.87,223.1994285260446
7.87,7.88,221.91389441356898
7.88,7.89,220.63576443274928
7.89,7.9,229.73967099940702
7.9,7.91,235.10958125672175
7.91,7.92,235.10958125672175
7.92,7.93,233.75544971224912
7.93,7.94,233.75544971224912
7.94,7.95,232.40911739156792
7.95,7.96,231.07053937445463
7.96,7.97,231.07053937445463
7.97,7.98,231.07053937445463
7.98,7.99,231.07053937445463
7.99,8.0,231.07053937445463
8.0,8.01,229.73967099940702
8.01,8.02,229.73967099940702
8.02,8.03,228.41646786215435
8.03,8.04,228.41646786215435
8.04,8.05,227.10088581417543
8.05,8.06,225.79288096122622
8.06,8.07,224.49240966187455
8.07,8.08,225.79288096122622
8.08,8.09,227.10088581417543
8.09,8.1,228.41646786215435
8.1,8.11,228.41646786215435
8.11,8.12,229.73967099940702
8.12,8.13,229.73967099940702
8.13,8.14,229.73967099940702
8.14,8.15,228.41646786215435
8.15,8.16,227.10088581417543
8.16,8.17,225.79288096122622
8.17,8.18,224.49240966187455
8.18,8.19,223.1994285260446
8.19,8.2,220.63576443274928
8.2,8.21,218.10154653305153
8.21,8.22,218.10154653305153
8.22,8.23,218.10154653305153
8.23,8.24,221.91389441356898
8.24,8.25,224.49240966187455
8.25,8.26,227.10088581417543
8.26,8.27,227.10088581417543
8.27,8.28,228.41646786215435
8.28,8.29,228.41646786215435
8.29,8.3,229.73967099940702
8.3,8.31,229.73967099940702
8.31,8.32,231.07053937445463
8.32,8.33,232.40911739156792
8.33,8.34,232.40911739156792
8.34,8.35,228.41646786215435
8.35,8.36,228.41646786215435
8.36,8.37,229.73967099940702
8.37,8.38,229.73967099940702
8.38,8.39,231.07053937445463
8.39,8.4,231.07053937445463
8.4,8.41,231.07053937445463
8.41,8.42,249.08992447176465
8.42,8.43,247.65527207548806
8.43,8.44,247.65527207548806
8.44,8.45,0.0
8.45,8.46,0.0
8.46,8.47,0.0
8.47,8.48,0.0
8.48,8.49,0.0
8.49,8.5,0.0
8.5,8.51,0.0
8.51,8.52,0.0
8.52,8.53,0.0
8.53,8.54,0.0
8.54,8.55,0.0
8.55,8.56,0.0
8.56,8.57,0.0
8.57,8.58,0.0
8.58,8.59,0.0
8.59,8.6,0.0
8.6,8.61,0.0
8.61,8.62,0.0
8.62,8.63,0.0
8.63,8.64,0.0
8.64,8.65,0.0
8.65,8.66,0.0
8.66,8.67,0.0
8.67,8.68,0.0
8.68,8.69,218.10154653305153
8.69,8.7,218.10154653305153
8.7,8.71,219.36499593892518
8.71,8.72,223.1994285260446
8.72,8.73,227.10088581417543
8.73,8.74,232.40911739156792
8.74,8.75,240.60500721642333
8.75,8.76,240.60500721642333
8.76,8.77,233.75544971224912
8.77,8.78,219.36499593892518
8.78,8.79,214.35469250725862
8.79,8.8,220.63576443274928
8.8,8.81,224.49240966187455
8.81,8.82,231.07053937445463
8.82,8.83,229.73967099940702
8.83,8.84,229.73967099940702
8.84,8.85,231.07053937445463
8.85,8.86,228.41646786215435
8.86,8.87,215.59643660857103
8.87,8.88,207.05298476827548
8.88,8.89,0.0
8.89,8.9,0.0
8.9,8.91,0.0
8.91,8.92,0.0
8.92,8.93,0.0
8.93,8.94,0.0
8.94,8.95,0.0
8.95,8.96,0.0
8.96,8.97,235.10958125672175
8.97,8.98,233.75544971224912
8.98,8.99,232.40911739156792
8.99,9.0,225.79288096122622
9.0,9.01,225.79288096122622
9.01,9.02,225.79288096122622
9.02,9.03,227.10088581417543
9.03,9.04,228.41646786215435
9.04,9.05,228.41646786215435
9.05,9.06,228.41646786215435
9.06,9.07,227.10088581417543
9.07,9.08,225.79288096122622
9.08,9.09,224.49240966187455
9.09,9.1,221.91389441356898
9.1,9.11,221.91389441356898
9.11,9.12,220.63576443274928
9.12,9.13,219.36499593892518
9.13,9.14,215.59643660857103
9.14,9.15,213.12010032569688
9.15,9.16,214.35469250725862
9.16,9.17,215.59643660857103
9.17,9.18,214.35469250725862
9.18,9.19,214.35469250725862
9.19,9.2,213.12010032569688
9.2,9.21,211.89261887185907
9.21,9.22,210.67220719096719
9.22,9.23,209.4588245641254
9.23,9.24,209.4588245641254
9.24,9.25,209.4588245641254
9.25,9.26,211.89261887185907
9.26,9.27,213.12010032569688
9.27,9.28,213.12010032569688
9.28,9.29,213.12010032569688
9.29,9.3,213.12010032569688
9.3,9.31,211.89261887185907
9.31,9.32,208.25243050696125
9.32,9.33,0.0
9.33,9.34,0.0
9.34,9.35,0.0
9.35,9.36,0.0
9.36,9.37,0.0
9.37,9.38,0.0
9.38,9.39,0.0
9.39,9.4,0.0
9.4,9.41,0.0
9.41,9.42,0.0
9.42,9.43,0.0
9.43,9.44,0.0
9.44,9.45,227.10088581417543
9.45,9.46,232.40911739156792
9.46,9.47,216.8453740602837
9.47,9.48,219.36499593892518
9.48,9.49,220.63576443274928
9.49,9.5,218.10154653305153
9.5,9.51,216.8453740602837
9.51,9.52,215.59643660857103
9.52,9.53,214.35469250725862
9.53,9.54,214.35469250725862
9.54,9.55,214.35469250725862
9.55,9.56,214.35469250725862
9.56,9.57,215.59643660857103
9.57,9.58,221.91389441356898
9.58,9.59,224.49240966187455
9.59,9.6,223.1994285260446
9.6,9.61,223.1994285260446
9.61,9.62,223.1994285260446
9.62,9.63,221.91389441356898
9.63,9.64,221.91389441356898
9.64,9.65,221.91389441356898
9.65,9.66,221.91389441356898
9.66,9.67,221.91389441356898
9.67,9.68,221.91389441356898
9.68,9.69,223.1994285260446
9.69,9.7,223.1994285260446
9.7,9.71,223.1994285260446
9.71,9.72,223.1994285260446
9.72,9.73,221.91389441356898
9.73,9.74,223.1994285260446
9.74,9.75,223.1994285260446
9.75,9.76,221.91389441356898
9.76,9.77,221.91389441356898
9.77,9.78,214.35469250725862
9.78,9.79,214.35469250725862
9.79,9.8,214.35469250725862
9.8,9.81,214.35469250725862
9.81,9.82,214.35469250725862
9.82,9.83,213.12010032569688
9.83,9.84,211.89261887185907
9.84,9.85,210.67220719096719
9.85,9.86,209.4588245641254
9.86,9.87,210.67220719096719
9.87,9.88,210.67220719096719
9.88,9.89,211.89261887185907
9.89,9.9,210.67220719096719
9.9,9.91,210.67220719096719
9.91,9.92,210.67220719096719
9.92,9.93,209.4588245641254
9.93,9.94,209.4588245641254
9.94,9.95,209.4588245641254
9.95,9.96,209.4588245641254
9.96,9.97,208.25243050696125
9.97,9.98,208.25243050696125
9.98,9.99,207.05298476827548
9.99,10.0,207.05298476827548
10.0,10.01,208.25243050696125
10.01,10.02,208.25243050696125
10.02,10.03,209.4588245641254
10.03,10.04,209.4588245641254
10.04,10.05,210.67220719096719
10.05,10.06,210.67220719096719
10.06,10.07,210.67220719096719
10.07,10.08,210.67220719096719
10.08,10.09,209.4588245641254
10.09,10.1,208.25243050696125
10.1,10.11,208.25243050696125
10.11,10.12,208.25243050696125
10.12,10.13,207.05298476827548
10.13,10.14,207.05298476827548
10.14,10.15,208.25243050696125
10.15,10.16,208.25243050696125
10.16,10.17,210.67220719096719
10.17,10.18,207.05298476827548
10.18,10.19,208.25243050696125
10.19,10.2,208.25243050696125
10.2,10.21,209.4588245641254
10.21,10.22,209.4588245641254
10.22,10.23,209.4588245641254
10.23,10.24,209.4588245641254
10.24,10.25,208.25243050696125
10.25,10.26,204.67477839935495
10.26,10.27,192.07458901020084
10.27,10.28,183.40080864093423
10.28,10.29,0.0
10.29,10.3,219.36499593892518
10.3,10.31,216.8453740602837
10.31,10.32,214.35469250725862
10.32,10.33,213.12010032569688
10.33,10.34,213.12010032569688
10.34,10.35,211.89261887185907
10.35,10.36,210.67220719096719
10.36,10.37,208.25243050696125
10.37,10.38,204.67477839935495
10.38,10.39,208.25243050696125
10.39,10.4,209.4588245641254
10.4,10.41,205.86044732869837
10.41,10.42,208.25243050696125
10.42,10.43,208.25243050696125
10.43,10.44,208.25243050696125
10.44,10.45,208.25243050696125
10.45,10.46,208.25243050696125
10.46,10.47,203.49593842053727
10.47,10.48,188.7748625363387
10.48,10.49,193.1872657849691
10.49,10.5,207.05298476827548
10.5,10.51,210.67220719096719
10.51,10.52,210.67220719096719
10.52,10.53,209.4588245641254
10.53,10.54,209.4588245641254
10.54,10.55,209.4588245641254
10.55,10.56,207.05298476827548
10.56,10.57,204.67477839935495
10.57,10.58,195.43199368684918
10.58,10.59,192.07458901020084
10.59,10.6,187.68759933422865
10.6,10.61,183.40080864093423
10.61,10.62,190.9683207820833
10.62,10.63,203.49593842053727
10.63,10.64,210.67220719096719
10.64,10.65,210.67220719096719
10.65,10.66,210.67220719096719
10.66,10.67,209.4588245641254
10.67,10.68,209.4588245641254
10.68,10.69,209.4588245641254
10.69,10.7,209.4588245641254
10.7,10.71,209.4588245641254
10.71,10.72,209.4588245641254
10.72,10.73,209.4588245641254
10.73,10.74,209.4588245641254
10.74,10.75,209.4588245641254
10.75,10.76,210.67220719096719
10.76,10.77,210.67220719096719
10.77,10.78,210.67220719096719
10.78,10.79,213.12010032569688
10.79,10.8,213.12010032569688
10.8,10.81,213.12010032569688
10.81,10.82,213.12010032569688
10.82,10.83,213.12010032569688
10.83,10.84,210.67220719096719
10.84,10.85,208.25243050696125
10.85,10.86,203.49593842053727
10.86,10.87,196.56411970905023
10.87,10.88,197.70280407057922
10.88,10.89,200.0
10.89,10.9,200.0
10.9,10.91,200.0
10.91,10.92,198.8480847635095
10.92,10.93,197.70280407057922
10.93,10.94,196.56411970905023
10.94,10.95,193.1872657849691
10.95,10.96,186.60659830736148
10.96,10.97,177.1535038204721
10.97,10.98,186.60659830736148
10.98,10.99,197.70280407057922
10.99,11.0,201.15858821357068
11.0,11.01,200.0
11.01,11.02,198.8480847635095
11.02,11.03,198.8480847635095
11.03,11.04,197.70280407057922
11.04,11.05,195.43199368684918
11.05,11.06,193.1872657849691
11.06,11.07,192.07458901020084
11.07,11.08,194.30638823072118
11.08,11.09,192.07458901020084
11.09,11.1,193.1872657849691
11.1,11.11,193.1872657849691
11.11,11.12,193.1872657849691
11.12,11.13,194.30638823072118
11.13,11.14,194.30638823072118
11.14,11.15,195.43199368684918
11.15,11.16,0.0
11.16,11.17,227.10088581417543
11.17,11.18,228.41646786215435
11.18,11.19,228.41646786215435
11.19,11.2,223.1994285260446
11.2,11.21,207.05298476827548
11.21,11.22,0.0
11.22,11.23,0.0
11.23,11.24,0.0
11.24,11.25,214.35469250725862
11.25,11.26,204.67477839935495
11.26,11.27,201.15858821357068
11.27,11.28,200.0
11.28,11.29,200.0
11.29,11.3,198.8480847635095
11.3,11.31,198.8480847635095
11.31,11.32,198.8480847635095
11.32,11.33,198.8480847635095
11.33,11.34,197.70280407057922
11.34,11.35,190.9683207820833
11.35,11.36,190.9683207820833
11.36,11.37,187.68759933422865
11.37,11.38,187.68759933422865
11.38,11.39,188.7748625363387
11.39,11.4,193.1872657849691
11.4,11.41,201.15858821357068
11.41,11.42,214.35469250725862
11.42,11.43,228.41646786215435
11.43,11.44,229.73967099940702
11.44,11.45,229.73967099940702
11.45,11.46,229.73967099940702
11.46,11.47,229.73967099940702
11.47,11.48,229.73967099940702
11.48,11.49,229.73967099940702
11.49,11.5,232.40911739156792
11.5,11.51,233.75544971224912
11.51,11.52,236.47155720542963
11.52,11.53,237.8414230005442
11.53,11.54,240.60500721642333
11.54,11.55,244.81070866093103
11.55,11.56,246.2288826689832
11.56,11.57,247.65527207548806
11.57,11.58,249.08992447176465
11.58,11.59,249.08992447176465
11.59,11.6,250.53288772482563
11.6,11.61,249.08992447176465
11.61,11.62,249.08992447176465
11.62,11.63,247.65527207548806
11.63,11.64,246.2288826689832
11.64,11.65,244.81070866093103
11.65,11.66,243.40070273411817
11.66,11.67,241.99881784385852
11.67,11.68,240.60500721642333
11.68,11.69,239.21922434748075
11.69,11.7,237.8414230005442
11.7,11.71,237.8414230005442
11.71,11.72,236.47155720542963
11.72,11.73,233.75544971224912
11.73,11.74,232.40911739156792
11.74,11.75,229.73967099940702
11.75,11.76,228.41646786215435
11.76,11.77,227.10088581417543
11.77,11.78,225.79288096122622
11.78,11.79,225.79288096122622
11.79,11.8,224.49240966187455
11.8,11.81,224.49240966187455
11.81,11.82,223.1994285260446
11.82,11.83,223.1994285260446
11.83,11.84,221.91389441356898
11.84,11.85,221.91389441356898
11.85,11.86,219.36499593892518
11.86,11.87,215.59643660857103
11.87,11.88,205.86044732869837
11.88,11.89,198.8480847635095
11.89,11.9,221.91389441356898
11.9,11.91,219.36499593892518
11.91,11.92,219.36499593892518
11.92,11.93,218.10154653305153
11.93,11.94,218.10154653305153
11.94,11.95,219.36499593892518
11.95,11.96,220.63576443274928
11.96,11.97,223.1994285260446
11.97,11.98,225.79288096122622
11.98,11.99,228.41646786215435
11.99,12.0,229.73967099940702
12.0,12.01,232.40911739156792
12.01,12.02,233.75544971224912
12.02,12.03,233.75544971224912
12.03,12.04,233.75544971224912
12.04,12.05,233.75544971224912
12.05,12.06,232.40911739156792
12.06,12.07,231.07053937445463
12.07,12.08,231.07053937445463
12.08,12.09,231.07053937445463
12.09,12.1,231.07053937445463
12.1,12.11,231.07053937445463
12.11,12.12,231.07053937445463
12.12,12.13,229.73967099940702
12.13,12.14,228.41646786215435
12.14,12.15,227.10088581417543
12.15,12.16,223.1994285260446
12.16,12.17,221.91389441356898
12.17,12.18,220.63576443274928
12.18,12.19,219.36499593892518
12.19,12.2,219.36499593892518
12.2,12.21,215.59643660857103
12.21,12.22,213.12010032569688
12.22,12.23,211.89261887185907
12.23,12.24,211.89261887185907
12.24,12.25,210.67220719096719
12.25,12.26,210.67220719096719
12.26,12.27,210.67220719096719
12.27,12.28,209.4588245641254
12.28,12.29,202.3238880603845
12.29,12.3,204.67477839935495
12.3,12.31,204.67477839935495
12.31,12.32,208.25243050696125
12.32,12.33,210.67220719096719
12.33,12.34,210.67220719096719
12.34,12.35,211.89261887185907
12.35,12.36,211.89261887185907
12.36,12.37,210.67220719096719
12.37,12.38,210.67220719096719
12.38,12.39,213.12010032569688
12.39,12.4,233.75544971224912
12.4,12.41,236.47155720542963
12.41,12.42,239.21922434748075
12.42,12.43,239.21922434748075
12.43,12.44,236.47155720542963
12.44,12.45,233.75544971224912
12.45,12.46,227.10088581417543
12.46,12.47,221.91389441356898
12.47,12.48,221.91389441356898
12.48,12.49,240.60500721642333
12.49,12.5,225.79288096122622
12.5,12.51,218.10154653305153
12.51,12.52,214.35469250725862
12.52,12.53,211.89261887185907
12.53,12.54,208.25243050696125
12.54,12.55,205.86044732869837
12.55,12.56,203.49593842053727
12.56,12.57,202.3238880603845
12.57,12.58,198.8480847635095
12.58,12.59,195.43199368684918
12.59,12.6,187.68759933422865
12.6,12.61,201.15858821357068
12.61,12.62,0.0
12.62,12.63,200.0
12.63,12.64,200.0
12.64,12.65,200.0
12.65,12.66,200.0
12.66,12.67,198.8480847635095
12.67,12.68,197.70280407057922
12.68,12.69,196.56411970905023
12.69,12.7,193.1872657849691
12.7,12.71,186.60659830736148
12.71,12.72,182.34449771164336
12.72,12.73,177.1535038204721
12.73,12.74,184.46323871718783
12.74,12.75,189.86842419010387
12.75,12.76,190.9683207820833
12.76,12.77,190.9683207820833
12.77,12.78,0.0
12.78,12.79,0.0
12.79,12.8,0.0
12.8,12.81,0.0
12.81,12.82,0.0
12.82,12.83,0.0
12.83,12.84,0.0
12.84,12.85,0.0
12.85,12.86,0.0
12.86,12.87,0.0
12.87,12.88,0.0
12.88,12.89,0.0
12.89,12.9,0.0
12.9,12.91,0.0
12.91,12.92,0.0
12.92,12.93,0.0
12.93,12.94,0.0
12.94,12.95,0.0
12.95,12.96,0.0
12.96,12.97,240.60500721642333
12.97,12.98,260.87041395311286
12.98,12.99,254.91212546385245
12.99,13.0,250.53288772482563
13.0,13.01,249.08992447176465
13.01,13.02,246.2288826689832
13.02,13.03,244.81070866093103
13.03,13.04,243.40070273411817
13.04,13.05,241.99881784385852
13.05,13.06,241.99881784385852
13.06,13.07,240.60500721642333
13.07,13.08,239.21922434748075
13.08,13.09,237.8414230005442
13.09,13.1,236.47155720542963
13.1,13.11,235.10958125672175
13.11,13.12,233.75544971224912
13.12,13.13,231.07053937445463
13.13,13.14,228.41646786215435
13.14,13.15,223.1994285260446
13.15,13.16,216.8453740602837
13.16,13.17,203.49593842053727
13.17,13.18,204.67477839935495
13.18,13.19,211.89261887185907
13.19,13.2,225.79288096122622
13.2,13.21,227.10088581417543
13.21,13.22,225.79288096122622
13.22,13.23,225.79288096122622
13.23,13.24,224.49240966187455
13.24,13.25,223.1994285260446
13.25,13.26,219.36499593892518
13.26,13.27,216.8453740602837
13.27,13.28,215.59643660857103
13.28,13.29,214.35469250725862
13.29,13.3,214.35469250725862
13.3,13.31,213.12010032569688
13.31,13.32,213.12010032569688
13.32,13.33,211.89261887185907
13.33,13.34,211.89261887185907
13.34,13.35,210.67220719096719
13.35,13.36,210.67220719096719
13.36,13.37,210.67220719096719
13.37,13.38,210.67220719096719
13.38,13.39,210.67220719096719
13.39,13.4,211.89261887185907
13.4,13.41,211.89261887185907
13.41,13.42,214.35469250725862
13.42,13.43,215.59643660857103
13.43,13.44,211.89261887185907
13.44,13.45,210.67220719096719
13.45,13.46,210.67220719096719
13.46,13.47,210.67220719096719
13.47,13.48,210.67220719096719
13.48,13.49,210.67220719096719
13.49,13.5,211.89261887185907
13.5,13.51,211.89261887185907
13.51,13.52,0.0
13.52,13.53,0.0
13.53,13.54,0.0
13.54,13.55,0.0
13.55,13.56,0.0
13.56,13.57,0.0
13.57,13.58,0.0
13.58,13.59,0.0
13.59,13.6,0.0
13.6,13.61,0.0
13.61,13.62,0.0
13.62,13.63,0.0
13.63,13.64,0.0
13.64,13.65,0.0
13.65,13.66,0.0
13.66,13.67,0.0
13.67,13.68,0.0
13.68,13.69,0.0
13.69,13.7,0.0
13.7,13.71,0.0
13.71,13.72,0.0
13.72,13.73,0.0
13.73,13.74,0.0
13.74,13.75,0.0
13.75,13.76,0.0
13.76,13.77,225.79288096122622
13.77,13.78,227.10088581417543
13.78,13.79,228.41646786215435
13.79,13.8,231.07053937445463
13.8,13.81,233.75544971224912
13.81,13.82,235.10958125672175
13.82,13.83,235.10958125672175
13.83,13.84,235.10958125672175
13.84,13.85,236.47155720542963
13.85,13.86,237.8414230005442
13.86,13.87,239.21922434748075
13.87,13.88,236.47155720542963
13.88,13.89,233.75544971224912
13.89,13.9,232.40911739156792
13.9,13.91,231.07053937445463
13.91,13.92,229.73967099940702
13.92,13.93,229.73967099940702
13.93,13.94,228.41646786215435
13.94,13.95,227.10088581417543
13.95,13.96,233.75544971224912
13.96,13.97,232.40911739156792
13.97,13.98,0.0
13.98,13.99,0.0
13.99,14.0,0.0
14.0,14.01,0.0
14.01,14.02,0.0
14.02,14.03,0.0
14.03,14.04,0.0
14.04,14.05,0.0
14.05,14.06,254.91212546385245
14.06,14.07,243.40070273411817
14.07,14.08,239.21922434748075
14.08,14.09,237.8414230005442
14.09,14.1,236.47155720542963
14.1,14.11,233.75544971224912
14.11,14.12,232.40911739156792
14.12,14.13,231.07053937445463
14.13,14.14,228.41646786215435
14.14,14.15,223.1994285260446
14.15,14.16,215.59643660857103
14.16,14.17,216.8453740602837
14.17,14.18,215.59643660857103
14.18,14.19,214.35469250725862
14.19,14.2,213.12010032569688
14.2,14.21,211.89261887185907
14.21,14.22,209.4588245641254
14.22,14.23,207.05298476827548
14.23,14.24,202.3238880603845
14.24,14.25,202.3238880603845
14.25,14.26,201.15858821357068
14.26,14.27,200.0
14.27,14.28,198.8480847635095
14.28,14.29,197.70280407057922
14.29,14.3,196.56411970905023
14.3,14.31,195.43199368684918
14.31,14.32,193.1872657849691
14.32,14.33,192.07458901020084
14.33,14.34,192.07458901020084
14.34,14.35,195.43199368684918
14.35,14.36,195.43199368684918
14.36,14.37,195.43199368684918
14.37,14.38,187.68759933422865
14.38,14.39,187.68759933422865
14.39,14.4,186.60659830736148
14.4,14.41,184.46323871718783
14.41,14.42,184.46323871718783
14.42,14.43,182.34449771164336
14.43,14.44,181.29427068562208
14.44,14.45,181.29427068562208
14.45,14.46,181.29427068562208
14.46,14.47,181.29427068562208
14.47,14.48,181.29427068562208
14.48,14.49,181.29427068562208
14.49,14.5,181.29427068562208
14.5,14.51,182.34449771164336
14.51,14.52,182.34449771164336
14.52,14.53,182.34449771164336
14.53,14.54,183.40080864093423
14.54,14.55,184.46323871718783
14.55,14.56,185.5318233882619
14.56,14.57,186.60659830736148
14.57,14.58,186.60659830736148
14.58,14.59,185.5318233882619
14.59,14.6,183.40080864093423
14.6,14.61,180.25009252216606
14.61,14.62,179.21192838239048
14.62,14.63,180.25009252216606
14.63,14.64,182.34449771164336
14.64,14.65,183.40080864093423
14.65,14.66,183.40080864093423
14.66,14.67,182.34449771164336
14.67,14.68,181.29427068562208
14.68,14.69,181.29427068562208
14.69,14.7,180.25009252216606
14.7,14.71,178.17974362806785
14.71,14.72,176.1331747192297
14.72,14.73,175.11872228117704
14.73,14.74,183.40080864093423
14.74,14.75,184.46323871718783
14.75,14.76,186.60659830736148
14.76,14.77,185.5318233882619
14.77,14.78,184.46323871718783
14.78,14.79,184.46323871718783
14.79,14.8,183.40080864093423
14.8,14.81,183.40080864093423
14.81,14.82,182.34449771164336
14.82,14.83,184.46323871718783
14.83,14.84,185.5318233882619
14.84,14.85,186.60659830736148
14.85,14.86,186.60659830736148
14.86,14.87,185.5318233882619
14.87,14.88,184.46323871718783
14.88,14.89,183.40080864093423
14.89,14.9,183.40080864093423
14.9,14.91,184.46323871718783
14.91,14.92,185.5318233882619
14.92,14.93,187.68759933422865
14.93,14.94,188.7748625363387
14.94,14.95,186.60659830736148
14.95,14.96,184.46323871718783
14.96,14.97,184.46323871718783
14.97,14.98,184.46323871718783
14.98,14.99,185.5318233882619
14.99,15.0,185.5318233882619
15.0,15.01,185.5318233882619
15.01,15.02,185.5318233882619
15.02,15.03,185.5318233882619
15.03,15.04,184.46323871718783
15.04,15.05,184.46323871718783
15.05,15.06,184.46323871718783
15.06,15.07,184.46323871718783
15.07,15.08,184.46323871718783
15.08,15.09,184.46323871718783
15.09,15.1,184.46323871718783
15.1,15.11,185.5318233882619
15.11,15.12,185.5318233882619
15.12,15.13,184.46323871718783
15.13,15.14,182.34449771164336
15.14,15.15,182.34449771164336
15.15,15.16,189.86842419010387
15.16,15.17,189.86842419010387
15.17,15.18,189.86842419010387
15.18,15.19,190.9683207820833
15.19,15.2,0.0
15.2,15.21,0.0
15.21,15.22,0.0
15.22,15.23,0.0
15.23,15.24,0.0
15.24,15.25,0.0
15.25,15.26,0.0
15.26,15.27,0.0
15.27,15.28,0.0
15.28,15.29,0.0
15.29,15.3,235.10958125672175
15.3,15.31,240.60500721642333
15.31,15.32,250.53288772482563
15.32,15.33,270.06998923363795
15.33,15.34,277.98364396846745
15.34,15.35,281.2136583244699
15.35,15.36,284.4812036394563
15.36,15.37,289.4538474880756
15.37,15.38,291.13063656843747
15.38,15.39,294.5134116201051
15.39,15.4,296.2195104573129
15.4,15.41,297.93549262454053
15.41,15.42,297.93549262454053
15.42,15.43,299.66141537533633
15.43,15.44,299.66141537533633
15.44,15.45,299.66141537533633
15.45,15.46,296.2195104573129
15.46,15.47,291.13063656843747
15.47,15.48,287.786716002164
15.48,15.49,286.12918648705164
15.49,15.5,282.842712474619
15.5,15.51,279.5939868358039
15.51,15.52,271.6344887654643
15.52,15.53,266.96797083400685
15.53,15.54,270.06998923363795
15.54,15.55,270.06998923363795
15.55,15.56,268.51450055605267
15.56,15.57,270.06998923363795
15.57,15.58,281.2136583244699
15.58,15.59,284.4812036394563
15.59,15.6,287.786716002164
15.6,15.61,289.4538474880756
15.61,15.62,292.81713918912504
15.62,15.63,296.2195104573129
15.63,15.64,299.66141537533633
15.64,15.65,301.3973362949152
15.65,15.66,303.14331330207966
15.66,15.67,306.66566893392013
15.67,15.68,304.8994046511524
15.68,15.69,303.14331330207966
15.69,15.7,299.66141537533633
15.7,15.71,294.5134116201051
15.71,15.72,286.12918648705164
15.72,15.73,279.5939868358039
15.73,15.74,271.6344887654643
15.74,15.75,262.38162088748976
15.75,15.76,246.2288826689832
15.76,15.77,257.8740616879158
15.77,15.78,271.6344887654643
15.78,15.79,276.38257599355524
15.79,15.8,277.98364396846745
15.8,15.81,277.98364396846745
15.81,15.82,279.5939868358039
15.82,15.83,281.2136583244699
15.83,15.84,282.842712474619
15.84,15.85,282.842712474619
15.85,15.86,284.4812036394563
15.86,15.87,284.4812036394563
15.87,15.88,286.12918648705164
15.88,15.89,289.4538474880756
15.89,15.9,301.3973362949152
15.9,15.91,294.5134116201051
15.91,15.92,273.20805135087915
15.92,15.93,0.0
15.93,15.94,0.0
15.94,15.95,0.0
15.95,15.96,284.4812036394563
15.96,15.97,286.12918648705164
15.97,15.98,282.842712474619
15.98,15.99,265.4303484677136
15.99,16.0,259.3679109302019
16.0,16.01,250.53288772482563
16.01,16.02,249.08992447176465
16.02,16.03,247.65527207548806
16.03,16.04,244.81070866093103
16.04,16.05,240.60500721642333
16.05,16.06,221.91389441356898
16.06,16.07,223.1994285260446
16.07,16.08,220.63576443274928
16.08,16.09,221.91389441356898
16.09,16.1,233.75544971224912
16.1,16.11,235.10958125672175
16.11,16.12,236.47155720542963
16.12,16.13,247.65527207548806
16.13,16.14,246.2288826689832
16.14,16.15,249.08992447176465
16.15,16.16,254.91212546385245
16.16,16.17,270.06998923363795
16.17,16.18,0.0
16.18,16.19,0.0
16.19,16.2,0.0
16.2,16.21,0.0
16.21,16.22,0.0
16.22,16.23,0.0
16.23,16.24,265.4303484677136
16.24,16.25,257.8740616879158
16.25,16.26,254.91212546385245
16.26,16.27,241.99881784385852
16.27,16.28,237.8414230005442
16.28,16.29,235.10958125672175
16.29,16.3,233.75544971224912
16.3,16.31,232.40911739156792
16.31,16.32,231.07053937445463
16.32,16.33,229.73967099940702
16.33,16.34,228.41646786215435
16.34,16.35,227.10088581417543
16.35,16.36,224.49240966187455
16.36,16.37,220.63576443274928
16.37,16.38,218.10154653305153
16.38,16.39,215.59643660857103
16.39,16.4,215.59643660857103
16.4,16.41,215.59643660857103
16.41,16.42,209.4588245641254
16.42,16.43,205.86044732869837
16.43,16.44,203.49593842053727
16.44,16.45,203.49593842053727
16.45,16.46,208.25243050696125
16.46,16.47,208.25243050696125
16.47,16.48,208.25243050696125
16.48,16.49,207.05298476827548
16.49,16.5,207.05298476827548
16.5,16.51,205.86044732869837
16.51,16.52,205.86044732869837
16.52,16.53,204.67477839935495
16.53,16.54,204.67477839935495
16.54,16.55,203.49593842053727
16.55,16.56,203.49593842053727
16.56,16.57,202.3238880603845
16.57,16.58,202.3238880603845
16.58,16.59,200.0
16.59,16.6,0.0
16.6,16.61,0.0
16.61,16.62,0.0
16.62,16.63,0.0
16.63,16.64,0.0
16.64,16.65,0.0
16.65,16.66,0.0
16.66,16.67,0.0
16.67,16.68,0.0
16.68,16.69,0.0
16.69,16.7,202.3238880603845
16.7,16.71,203.49593842053727
16.71,16.72,204.67477839935495
16.72,16.73,207.05298476827548
16.73,16.74,213.12010032569688
16.74,16.75,215.59643660857103
16.75,16.76,216.8453740602837
16.76,16.77,216.8453740602837
16.77,16.78,216.8453740602837
16.78,16.79,216.8453740602837
16.79,16.8,216.8453740602837
16.8,16.81,216.8453740602837
16.81,16.82,216.8453740602837
16.82,16.83,215.59643660857103
16.83,16.84,214.35469250725862
16.84,16.85,208.25243050696125
16.85,16.86,205.86044732869837
16.86,16.87,204.67477839935495
16.87,16.88,203.49593842053727
16.88,16.89,202.3238880603845
16.89,16.9,201.15858821357068
16.9,16.91,198.8480847635095
16.91,16.92,189.86842419010387
16.92,16.93,186.60659830736148
16.93,16.94,185.5318233882619
16.94,16.95,184.46323871718783
16.95,16.96,185.5318233882619
16.96,16.97,192.07458901020084
16.97,16.98,195.43199368684918
16.98,16.99,202.3238880603845
16.99,17.0,200.0
17.0,17.01,200.0
17.01,17.02,200.0
17.02,17.03,193.1872657849691
17.03,17.04,207.05298476827548
17.04,17.05,211.89261887185907
17.05,17.06,198.8480847635095
17.06,17.07,195.43199368684918
17.07,17.08,193.1872657849691
17.08,17.09,192.07458901020084
17.09,17.1,192.07458901020084
17.1,17.11,192.07458901020084
17.11,17.12,193.1872657849691
17.12,17.13,194.30638823072118
17.13,17.14,196.56411970905023
17.14,17.15,198.8480847635095
17.15,17.16,201.15858821357068
17.16,17.17,204.67477839935495
17.17,17.18,208.25243050696125
17.18,17.19,211.89261887185907
17.19,17.2,215.59643660857103
17.2,17.21,220.63576443274928
17.21,17.22,225.79288096122622
17.22,17.23,231.07053937445463
17.23,17.24,235.10958125672175
17.24,17.25,240.60500721642333
17.25,17.26,247.65527207548806
17.26,17.27,251.98420997897463
17.27,17.28,253.44393965741244
17.28,17.29,262.38162088748976
17.29,17.3,271.6344887654643
17.3,17.31,274.79072949161787
17.31,17.32,276.38257599355524
17.32,17.33,277.98364396846745
17.33,17.34,279.5939868358039
17.34,17.35,281.2136583244699
17.35,17.36,287.786716002164
17.36,17.37,303.14331330207966
17.37,17.38,312.0260904053494
17.38,17.39,306.66566893392013
17.39,17.4,281.2136583244699
17.4,17.41,268.51450055605267
17.41,17.42,281.2136583244699
17.42,17.43,281.2136583244699
17.43,17.44,265.4303484677136
17.44,17.45,250.53288772482563
17.45,17.46,247.65527207548806
17.46,17.47,246.2288826689832
17.47,17.48,246.2288826689832
17.48,17.49,246.2288826689832
17.49,17.5,235.10958125672175
17.5,17.51,233.75544971224912
17.51,17.52,232.40911739156792
17.52,17.53,228.41646786215435
17.53,17.54,218.10154653305153
17.54,17.55,219.36499593892518
17.55,17.56,221.91389441356898
17.56,17.57,225.79288096122622
17.57,17.58,228.41646786215435
17.58,17.59,229.73967099940702
17.59,17.6,229.73967099940702
17.6,17.61,227.10088581417543
17.61,17.62,225.79288096122622
17.62,17.63,225.79288096122622
17.63,17.64,225.79288096122622
17.64,17.65,224.49240966187455
17.65,17.66,224.49240966187455
17.66,17.67,224.49240966187455
17.67,17.68,223.1994285260446
17.68,17.69,221.91389441356898
17.69,17.7,224.49240966187455
17.7,17.71,225.79288096122622
17.71,17.72,227.10088581417543
17.72,17.73,228.41646786215435
17.73,17.74,228.41646786215435
17.74,17.75,228.41646786215435
17.75,17.76,228.41646786215435
17.76,17.77,228.41646786215435
17.77,17.78,228.41646786215435
17.78,17.79,228.41646786215435
17.79,17.8,228.41646786215435
17.8,17.81,228.41646786215435
17.81,17.82,228.41646786215435
17.82,17.83,227.10088581417543
17.83,17.84,227.10088581417543
17.84,17.85,225.79288096122622
17.85,17.86,223.1994285260446
17.86,17.87,221.91389441356898
17.87,17.88,219.36499593892518
17.88,17.89,218.10154653305153
17.89,17.9,218.10154653305153
17.9,17.91,218.10154653305153
17.91,17.92,218.10154653305153
17.92,17.93,219.36499593892518
17.93,17.94,220.63576443274928
17.94,17.95,219.36499593892518
17.95,17.96,218.10154653305153
17.96,17.97,218.10154653305153
17.97,17.98,220.63576443274928
17.98,17.99,220.63576443274928
17.99,18.0,221.91389441356898
18.0,18.01,223.1994285260446
18.01,18.02,221.91389441356898
18.02,18.03,223.1994285260446
18.03,18.04,224.49240966187455
18.04,18.05,223.1994285260446
18.05,18.06,221.91389441356898
18.06,18.07,221.91389441356898
18.07,18.08,220.63576443274928
18.08,18.09,224.49240966187455
18.09,18.1,225.79288096122622
18.1,18.11,228.41646786215435
18.11,18.12,225.79288096122622
18.12,18.13,0.0
18.13,18.14,0.0
18.14,18.15,0.0
18.15,18.16,0.0
18.16,18.17,0.0
18.17,18.18,0.0
18.18,18.19,0.0
18.19,18.2,0.0
18.2,18.21,0.0
18.21,18.22,0.0
18.22,18.23,0.0
18.23,18.24,0.0
18.24,18.25,0.0
18.25,18.26,0.0
18.26,18.27,0.0
18.27,18.28,0.0
18.28,18.29,0.0
18.29,18.3,0.0
18.3,18.31,0.0
18.31,18.32,0.0
18.32,18.33,0.0
18.33,18.34,0.0
18.34,18.35,0.0
18.35,18.36,0.0
18.36,18.37,0.0
18.37,18.38,0.0
18.38,18.39,0.0
18.39,18.4,0.0
18.4,18.41,0.0
18.41,18.42,0.0
18.42,18.43,0.0
18.43,18.44,0.0
18.44,18.45,0.0
18.45,18.46,0.0
18.46,18.47,0.0
18.47,18.48,0.0
18.48,18.49,0.0
18.49,18.5,0.0
18.5,18.51,0.0
18.51,18.52,0.0
18.52,18.53,0.0
18.53,18.54,0.0
18.54,18.55,0.0
18.55,18.56,0.0
18.56,18.57,0.0
18.57,18.58,0.0
18.58,18.59,0.0
18.59,18.6,0.0
18.6,18.61,0.0
18.61,18.62,0.0
18.62,18.63,0.0
18.63,18.64,0.0
18.64,18.65,0.0
18.65,18.66,0.0
18.66,18.67,0.0
18.67,18.68,0.0
18.68,18.69,0.0
18.69,18.7,0.0
18.7,18.71,0.0
18.71,18.72,0.0
18.72,18.73,0.0
18.73,18.74,0.0
18.74,18.75,0.0
18.75,18.76,0.0
18.76,18.77,0.0
18.77,18.78,0.0
18.78,18.79,0.0
18.79,18.8,0.0
18.8,18.81,0.0
18.81,18.82,0.0
18.82,18.83,0.0
18.83,18.84,0.0
18.84,18.85,0.0
18.85,18.86,0.0
18.86,18.87,0.0
18.87,18.88,0.0
18.88,18.89,0.0
18.89,18.9,0.0
18.9,18.91,0.0
18.91,18.92,0.0
18.92,18.93,0.0
18.93,18.94,0.0
18.94,18.95,0.0
18.95,18.96,0.0
18.96,18.97,250.53288772482563
18.97,18.98,235.10958125672175
18.98,18.99,231.07053937445463
18.99,19.0,231.07053937445463
19.0,19.01,235.10958125672175
19.01,19.02,237.8414230005442
19.02,19.03,243.40070273411817
19.03,19.04,256.3888163841458
19.04,19.05,259.3679109302019
19.05,19.06,262.38162088748976
19.06,19.07,263.9015821545788
19.07,19.08,265.4303484677136
19.08,19.09,268.51450055605267
19.09,19.1,270.06998923363795
19.1,19.11,271.6344887654643
19.11,19.12,273.20805135087915
19.12,19.13,271.6344887654643
19.13,19.14,266.96797083400685
19.14,19.15,266.96797083400685
19.15,19.16,265.4303484677136
19.16,19.17,262.38162088748976
19.17,19.18,259.3679109302019
19.18,19.19,253.44393965741244
19.19,19.2,243.40070273411817
19.2,19.21,0.0
19.21,19.22,271.6344887654643
19.22,19.23,265.4303484677136
19.23,19.24,260.87041395311286
19.24,19.25,259.3679109302019
19.25,19.26,256.3888163841458
19.26,19.27,253.44393965741244
19.27,19.28,250.53288772482563
19.28,19.29,247.65527207548806
19.29,19.3,244.81070866093103
19.3,19.31,241.99881784385852
19.31,19.32,240.60500721642333
19.32,19.33,243.40070273411817
19.33,19.34,249.08992447176465
19.34,19.35,251.98420997897463
19.35,19.36,256.3888163841458
19.36,19.37,253.44393965741244
19.37,19.38,247.65527207548806
19.38,19.39,246.2288826689832
19.39,19.4,246.2288826689832
19.4,19.41,265.4303484677136
19.41,19.42,244.81070866093103
19.42,19.43,236.47155720542963
19.43,19.44,232.40911739156792
19.44,19.45,228.41646786215435
19.45,19.46,224.49240966187455
19.46,19.47,220.63576443274928
19.47,19.48,218.10154653305153
19.48,19.49,215.59643660857103
19.49,19.5,213.12010032569688
19.5,19.51,210.67220719096719
19.51,19.52,208.25243050696125
19.52,19.53,207.05298476827548
19.53,19.54,205.86044732869837
19.54,19.55,205.86044732869837
19.55,19.56,0.0
19.56,19.57,0.0
19.57,19.58,0.0
19.58,19.59,0.0
19.59,19.6,0.0
19.6,19.61,210.67220719096719
19.61,19.62,209.4588245641254
19.62,19.63,208.25243050696125
19.63,19.64,208.25243050696125
19.64,19.65,205.86044732869837
19.65,19.66,203.49593842053727
19.66,19.67,198.8480847635095
19.67,19.68,196.56411970905023
19.68,19.69,195.43199368684918
19.69,19.7,190.9683207820833
19.7,19.71,197.70280407057922
19.71,19.72,203.49593842053727
19.72,19.73,204.67477839935495
19.73,19.74,204.67477839935495
19.74,19.75,204.67477839935495
19.75,19.76,204.67477839935495
19.76,19.77,203.49593842053727
19.77,19.78,202.3238880603845
19.78,19.79,202.3238880603845
19.79,19.8,201.15858821357068
19.8,19.81,200.0
19.81,19.82,204.67477839935495
19.82,19.83,201.15858821357068
19.83,19.84,202.3238880603845
19.84,19.85,204.67477839935495
19.85,19.86,0.0
19.86,19.87,216.8453740602837
19.87,19.88,218.10154653305153
19.88,19.89,216.8453740602837
19.89,19.9,215.59643660857103
19.9,19.91,215.59643660857103
19.91,19.92,214.35469250725862
19.92,19.93,214.35469250725862
19.93,19.94,216.8453740602837
19.94,19.95,208.25243050696125
19.95,19.96,208.25243050696125
19.96,19.97,228.41646786215435
19.97,19.98,246.2288826689832
19.98,19.99,247.65527207548806
19.99,20.0,249.08992447176465
20.0,20.01,249.08992447176465
20.01,20.02,249.08992447176465
20.02,20.03,249.08992447176465
20.03,20.04,250.53288772482563
20.04,20.05,249.08992447176465
20.05,20.06,0.0
20.06,20.07,0.0
20.07,20.08,0.0
20.08,20.09,0.0
20.09,20.1,193.1872657849691
20.1,20.11,187.68759933422865
20.11,20.12,185.5318233882619
20.12,20.13,182.34449771164336
20.13,20.14,177.1535038204721
20.14,20.15,188.7748625363387
20.15,20.16,188.7748625363387
20.16,20.17,201.15858821357068
20.17,20.18,202.3238880603845
20.18,20.19,202.3238880603845
20.19,20.2,202.3238880603845
20.2,20.21,202.3238880603845
20.21,20.22,190.9683207820833
20.22,20.23,189.86842419010387
20.23,20.24,188.7748625363387
20.24,20.25,187.68759933422865
20.25,20.26,186.60659830736148
20.26,20.27,185.5318233882619
20.27,20.28,186.60659830736148
20.28,20.29,0.0
20.29,20.3,0.0
20.3,20.31,0.0
20.31,20.32,0.0
20.32,20.33,216.8453740602837
20.33,20.34,208.25243050696125
20.34,20.35,205.86044732869837
20.35,20.36,204.67477839935495
20.36,20.37,203.49593842053727
20.37,20.38,198.8480847635095
20.38,20.39,197.70280407057922
20.39,20.4,196.56411970905023
20.4,20.41,195.43199368684918
20.41,20.42,195.43199368684918
20.42,20.43,194.30638823072118
20.43,20.44,194.30638823072118
20.44,20.45,200.0
20.45,20.46,204.67477839935495
20.46,20.47,205.86044732869837
20.47,20.48,208.25243050696125
20.48,20.49,209.4588245641254
20.49,20.5,210.67220719096719
20.5,20.51,213.12010032569688
20.51,20.52,215.59643660857103
20.52,20.53,219.36499593892518
20.53,20.54,221.91389441356898
20.54,20.55,223.1994285260446
20.55,20.56,224.49240966187455
20.56,20.57,225.79288096122622
20.57,20.58,227.10088581417543
20.58,20.59,227.10088581417543
20.59,20.6,227.10088581417543
20.6,20.61,227.10088581417543
20.61,20.62,224.49240966187455
20.62,20.63,218.10154653305153
20.63,20.64,214.35469250725862
20.64,20.65,216.8453740602837
20.65,20.66,216.8453740602837
20.66,20.67,215.59643660857103
20.67,20.68,214.35469250725862
20.68,20.69,211.89261887185907
20.69,20.7,209.4588245641254
20.7,20.71,205.86044732869837
20.71,20.72,203.49593842053727
20.72,20.73,200.0
20.73,20.74,194.30638823072118
20.74,20.75,194.30638823072118
20.75,20.76,187.68759933422865
20.76,20.77,186.60659830736148
20.77,20.78,184.46323871718783
20.78,20.79,192.07458901020084
20.79,20.8,197.70280407057922
20.8,20.81,198.8480847635095
20.81,20.82,197.70280407057922
20.82,20.83,198.8480847635095
20.83,20.84,198.8480847635095
20.84,20.85,197.70280407057922
20.85,20.86,197.70280407057922
20.86,20.87,197.70280407057922
20.87,20.88,194.30638823072118
20.88,20.89,201.15858821357068
20.89,20.9,197.70280407057922
20.9,20.91,197.70280407057922
20.91,20.92,0.0
20.92,20.93,0.0
20.93,20.94,0.0
20.94,20.95,0.0
20.95,20.96,0.0
20.96,20.97,0.0
20.97,20.98,0.0
20.98,20.99,0.0
20.99,21.0,0.0
21.0,21.01,235.10958125672175
21.01,21.02,235.10958125672175
21.02,21.03,233.75544971224912
21.03,21.04,232.40911739156792
21.04,21.05,231.07053937445463
21.05,21.06,229.73967099940702
21.06,21.07,228.41646786215435
21.07,21.08,225.79288096122622
21.08,21.09,0.0
21.09,21.1,0.0
21.1,21.11,0.0
21.11,21.12,0.0
21.12,21.13,0.0
21.13,21.14,0.0
21.14,21.15,0.0
21.15,21.16,175.11872228117704
21.16,21.17,173.1073122012286
21.17,21.18,172.11028744886602
21.18,21.19,173.1073122012286
21.19,21.2,174.11011265922482
21.2,21.21,176.1331747192297
21.21,21.22,176.1331747192297
21.22,21.23,177.1535038204721
21.23,21.24,177.1535038204721
21.24,21.25,177.1535038204721
21.25,21.26,176.1331747192297
21.26,21.27,174.11011265922482
21.27,21.28,174.11011265922482
21.28,21.29,173.1073122012286
21.29,21.3,173.1073122012286
21.3,21.31,174.11011265922482
21.31,21.32,173.1073122012286
21.32,21.33,173.1073122012286
21.33,21.34,174.11011265922482
21.34,21.35,179.21192838239048
21.35,21.36,185.5318233882619
21.36,21.37,186.60659830736148
21.37,21.38,185.5318233882619
21.38,21.39,184.46323871718783
21.39,21.4,183.40080864093423
21.4,21.41,183.40080864093423
21.41,21.42,182.34449771164336
21.42,21.43,181.29427068562208
21.43,21.44,180.25009252216606
21.44,21.45,179.21192838239048
21.45,21.46,178.17974362806785
21.46,21.47,182.34449771164336
21.47,21.48,181.29427068562208
21.48,21.49,181.29427068562208
21.49,21.5,181.29427068562208
21.5,21.51,180.25009252216606
21.51,21.52,179.21192838239048
21.52,21.53,178.17974362806785
21.53,21.54,176.1331747192297
21.54,21.55,175.11872228117704
21.55,21.56,174.11011265922482
21.56,21.57,172.11028744886602
21.57,21.58,172.11028744886602
21.58,21.59,174.11011265922482
21.59,21.6,175.11872228117704
21.6,21.61,176.1331747192297
21.61,21.62,176.1331747192297
21.62,21.63,175.11872228117704
21.63,21.64,174.11011265922482
21.64,21.65,172.11028744886602
21.65,21.66,170.13343219017113
21.66,21.67,170.13343219017113
21.67,21.68,171.11900513652043
21.68,21.69,174.11011265922482
21.69,21.7,175.11872228117704
21.7,21.71,176.1331747192297
21.71,21.72,176.1331747192297
21.72,21.73,176.1331747192297
21.73,21.74,175.11872228117704
21.74,21.75,173.1073122012286
21.75,21.76,172.11028744886602
21.76,21.77,169.1535357262897
21.77,21.78,170.13343219017113
21.78,21.79,176.1331747192297
21.79,21.8,178.17974362806785
21.8,21.81,178.17974362806785
21.81,21.82,177.1535038204721
21.82,21.83,176.1331747192297
21.83,21.84,174.11011265922482
21.84,21.85,172.11028744886602
21.85,21.86,170.13343219017113
21.86,21.87,164.33806291715806
21.87,21.88,163.39154532410998
21.88,21.89,167.2106416577019
21.89,21.9,170.13343219017113
21.9,21.91,171.11900513652043
21.91,21.92,172.11028744886602
21.92,21.93,172.11028744886602
21.93,21.94,171.11900513652043
21.94,21.95,174.11011265922482
21.95,21.96,0.0
21.96,21.97,0.0
21.97,21.98,0.0
21.98,21.99,0.0
21.99,22.0,0.0
22.0,22.01,0.0
22.01,22.02,0.0
22.02,22.03,0.0
22.03,22.04,0.0
22.04,22.05,0.0
22.05,22.06,0.0
22.06,22.07,0.0
22.07,22.08,0.0
22.08,22.09,0.0
22.09,22.1,0.0
22.1,22.11,0.0
22.11,22.12,0.0
22.12,22.13,0.0
22.13,22.14,0.0
22.14,22.15,0.0
22.15,22.16,0.0
22.16,22.17,0.0
22.17,22.18,0.0
22.18,22.19,0.0
22.19,22.2,0.0
22.2,22.21,0.0
22.21,22.22,0.0
22.22,22.23,0.0
22.23,22.24,0.0
22.24,22.25,0.0
22.25,22.26,0.0
22.26,22.27,0.0
22.27,22.28,0.0
22.28,22.29,0.0
22.29,22.3,0.0
22.3,22.31,0.0
22.31,22.32,0.0
22.32,22.33,0.0
22.33,22.34,0.0
22.34,22.35,0.0
22.35,22.36,0.0
22.36,22.37,0.0
22.37,22.38,0.0
22.38,22.39,0.0
22.39,22.4,0.0
22.4,22.41,0.0
22.41,22.42,0.0
22.42,22.43,0.0
22.43,22.44,0.0
22.44,22.45,0.0
22.45,22.46,0.0
22.46,22.47,0.0
22.47,22.48,0.0
22.48,22.49,0.0
22.49,22.5,0.0
22.5,22.51,0.0
22.51,22.52,0.0
22.52,22.53,0.0
22.53,22.54,0.0
22.54,22.55,0.0
22.55,22.56,0.0
22.56,22.57,0.0
22.57,22.58,0.0
22.58,22.59,0.0
22.59,22.6,0.0
22.6,22.61,0.0
22.61,22.62,0.0
22.62,22.63,0.0
22.63,22.64,0.0
22.64,22.65,0.0
22.65,22.66,0.0
22.66,22.67,0.0
22.67,22.68,0.0
22.68,22.69,0.0
22.69,22.7,0.0
22.7,22.71,0.0
22.71,22.72,0.0
22.72,22.73,0.0
22.73,22.74,0.0
22.74,22.75,0.0
22.75,22.76,0.0
22.76,22.77,0.0
22.77,22.78,0.0
22.78,22.79,0.0
22.79,22.8,0.0
22.8,22.81,0.0
22.81,22.82,0.0
22.82,22.83,0.0
22.83,22.84,0.0
22.84,22.85,0.0
22.85,22.86,0.0
22.86,22.87,0.0
22.87,22.88,0.0
22.88,22.89,0.0
22.89,22.9,0.0
22.9,22.91,0.0
22.91,22.92,0.0
22.92,22.93,0.0
22.93,22.94,0.0
22.94,22.95,0.0
22.95,22.96,0.0
22.96,22.97,218.10154653305153
22.97,22.98,221.91389441356898
22.98,22.99,224.49240966187455
22.99,23.0,227.10088581417543
23.0,23.01,231.07053937445463
23.01,23.02,233.75544971224912
23.02,23.03,239.21922434748075
23.03,23.04,244.81070866093103
23.04,23.05,249.08992447176465
23.05,23.06,254.91212546385245
23.06,23.07,254.91212546385245
23.07,23.08,253.44393965741244
23.08,23.09,250.53288772482563
23.09,23.1,241.99881784385852
23.1,23.11,233.75544971224912
23.11,23.12,233.75544971224912
23.12,23.13,241.99881784385852
23.13,23.14,240.60500721642333
23.14,23.15,235.10958125672175
23.15,23.16,233.75544971224912
23.16,23.17,231.07053937445463
23.17,23.18,228.41646786215435
23.18,23.19,225.79288096122622
23.19,23.2,224.49240966187455
23.2,23.21,228.41646786215435
23.21,23.22,235.10958125672175
23.22,23.23,219.36499593892518
23.23,23.24,211.89261887185907
23.24,23.25,0.0
23.25,23.26,0.0
23.26,23.27,221.91389441356898
23.27,23.28,218.10154653305153
23.28,23.29,214.35469250725862
23.29,23.3,209.4588245641254
23.3,23.31,205.86044732869837
23.31,23.32,204.67477839935495
23.32,23.33,202.3238880603845
23.33,23.34,202.3238880603845
23.34,23.35,201.15858821357068
23.35,23.36,201.15858821357068
23.36,23.37,201.15858821357068
23.37,23.38,201.15858821357068
23.38,23.39,202.3238880603845
23.39,23.4,201.15858821357068
23.4,23.41,202.3238880603845
23.41,23.42,203.49593842053727
23.42,23.43,202.3238880603845
23.43,23.44,202.3238880603845
23.44,23.45,202.3238880603845
23.45,23.46,202.3238880603845
23.46,23.47,202.3238880603845
23.47,23.48,202.3238880603845
23.48,23.49,201.15858821357068
23.49,23.5,198.8480847635095
23.5,23.51,190.9683207820833
23.51,23.52,189.86842419010387
23.52,23.53,197.70280407057922
23.53,23.54,198.8480847635095
23.54,23.55,198.8480847635095
23.55,23.56,197.70280407057922
23.56,23.57,196.56411970905023
23.57,23.58,196.56411970905023
23.58,23.59,196.56411970905023
23.59,23.6,196.56411970905023
23.6,23.61,196.56411970905023
23.61,23.62,196.56411970905023
23.62,23.63,196.56411970905023
23.63,23.64,196.56411970905023
23.64,23.65,196.56411970905023
23.65,23.66,197.70280407057922
23.66,23.67,197.70280407057922
23.67,23.68,197.70280407057922
23.68,23.69,197.70280407057922
23.69,23.7,196.56411970905023
23.7,23.71,196.56411970905023
23.71,23.72,196.56411970905023
23.72,23.73,195.43199368684918
23.73,23.74,196.56411970905023
23.74,23.75,195.43199368684918
23.75,23.76,196.56411970905023
23.76,23.77,196.56411970905023
23.77,23.78,197.70280407057922
23.78,23.79,201.15858821357068
23.79,23.8,204.67477839935495
23.8,23.81,208.25243050696125
23.81,23.82,214.35469250725862
23.82,23.83,224.49240966187455
23.83,23.84,228.41646786215435
23.84,23.85,227.10088581417543
23.85,23.86,227.10088581417543
23.86,23.87,225.79288096122622
23.87,23.88,225.79288096122622
23.88,23.89,229.73967099940702
23.89,23.9,232.40911739156792
23.9,23.91,233.75544971224912
23.91,23.92,233.75544971224912
23.92,23.93,233.75544971224912
23.93,23.94,233.75544971224912
23.94,23.95,232.40911739156792
23.95,23.96,232.40911739156792
23.96,23.97,231.07053937445463
23.97,23.98,229.73967099940702
23.98,23.99,229.73967099940702
23.99,24.0,229.73967099940702
24.0,24.01,228.41646786215435
24.01,24.02,225.79288096122622
24.02,24.03,224.49240966187455
24.03,24.04,225.79288096122622
24.04,24.05,224.49240966187455
24.05,24.06,219.36499593892518
24.06,24.07,216.8453740602837
24.07,24.08,208.25243050696125
24.08,24.09,204.67477839935495
24.09,24.1,202.3238880603845
24.1,24.11,200.0
24.11,24.12,197.70280407057922
24.12,24.13,195.43199368684918
24.13,24.14,194.30638823072118
24.14,24.15,193.1872657849691
24.15,24.16,190.9683207820833
24.16,24.17,193.1872657849691
24.17,24.18,195.43199368684918
24.18,24.19,196.56411970905023
24.19,24.2,197.70280407057922
24.2,24.21,197.70280407057922
24.21,24.22,197.70280407057922
24.22,24.23,196.56411970905023
24.23,24.24,196.56411970905023
24.24,24.25,196.56411970905023
24.25,24.26,195.43199368684918
24.26,24.27,195.43199368684918
24.27,24.28,194.30638823072118
24.28,24.29,195.43199368684918
24.29,24.3,196.56411970905023
24.3,24.31,196.56411970905023
24.31,24.32,197.70280407057922
24.32,24.33,197.70280407057922
24.33,24.34,197.70280407057922
24.34,24.35,197.70280407057922
24.35,24.36,197.70280407057922
24.36,24.37,198.8480847635095
24.37,24.38,198.8480847635095
24.38,24.39,198.8480847635095
24.39,24.4,200.0
24.4,24.41,200.0
24.41,24.42,207.05298476827548
24.42,24.43,209.4588245641254
24.43,24.44,208.25243050696125
24.44,24.45,203.49593842053727
24.45,24.46,197.70280407057922
24.46,24.47,0.0
24.47,24.48,0.0
24.48,24.49,253.44393965741244
24.49,24.5,244.81070866093103
24.5,24.51,240.60500721642333
24.51,24.52,239.21922434748075
24.52,24.53,236.47155720542963
24.53,24.54,233.75544971224912
24.54,24.55,233.75544971224912
24.55,24.56,233.75544971224912
24.56,24.57,236.47155720542963
24.57,24.58,233.75544971224912
24.58,24.59,232.40911739156792
24.59,24.6,231.07053937445463
24.6,24.61,231.07053937445463
24.61,24.62,235.10958125672175
24.62,24.63,0.0
24.63,24.64,250.53288772482563
24.64,24.65,244.81070866093103
24.65,24.66,244.81070866093103
24.66,24.67,244.81070866093103
24.67,24.68,244.81070866093103
24.68,24.69,247.65527207548806
24.69,24.7,249.08992447176465
24.7,24.71,254.91212546385245
24.71,24.72,268.51450055605267
24.72,24.73,268.51450055605267
24.73,24.74,243.40070273411817
24.74,24.75,246.2288826689832
24.75,24.76,246.2288826689832
24.76,24.77,249.08992447176465
24.77,24.78,250.53288772482563
24.78,24.79,0.0
24.79,24.8,0.0
24.8,24.81,279.5939868358039
24.81,24.82,274.79072949161787
24.82,24.83,273.20805135087915
24.83,24.84,271.6344887654643
24.84,24.85,268.51450055605267
24.85,24.86,265.4303484677136
24.86,24.87,259.3679109302019
24.87,24.88,250.53288772482563
24.88,24.89,244.81070866093103
24.89,24.9,239.21922434748075
24.9,24.91,231.07053937445463
24.91,24.92,228.41646786215435
24.92,24.93,228.41646786215435
24.93,24.94,227.10088581417543
24.94,24.95,227.10088581417543
24.95,24.96,227.10088581417543
24.96,24.97,225.79288096122622
24.97,24.98,225.79288096122622
24.98,24.99,225.79288096122622
24.99,25.0,224.49240966187455
25.0,25.01,223.1994285260446
25.01,25.02,221.91389441356898
25.02,25.03,215.59643660857103
25.03,25.04,208.25243050696125
25.04,25.05,227.10088581417543
25.05,25.06,225.79288096122622
25.06,25.07,219.36499593892518
25.07,25.08,218.10154653305153
25.08,25.09,215.59643660857103
25.09,25.1,211.89261887185907
25.1,25.11,205.86044732869837
25.11,25.12,201.15858821357068
25.12,25.13,195.43199368684918
25.13,25.14,186.60659830736148
25.14,25.15,178.17974362806785
25.15,25.16,180.25009252216606
25.16,25.17,181.29427068562208
25.17,25.18,181.29427068562208
25.18,25.19,181.29427068562208
25.19,25.2,181.29427068562208
25.2,25.21,181.29427068562208
25.21,25.22,180.25009252216606
25.22,25.23,181.29427068562208
25.23,25.24,180.25009252216606
25.24,25.25,183.40080864093423
25.25,25.26,185.5318233882619
25.26,25.27,183.40080864093423
25.27,25.28,183.40080864093423
25.28,25.29,183.40080864093423
25.29,25.3,182.34449771164336
25.3,25.31,182.34449771164336
25.31,25.32,181.29427068562208
25.32,25.33,180.25009252216606
25.33,25.34,180.25009252216606
25.34,25.35,180.25009252216606
25.35,25.36,182.34449771164336
25.36,25.37,182.34449771164336
25.37,25.38,182.34449771164336
25.38,25.39,184.46323871718783
25.39,25.4,180.25009252216606
25.4,25.41,180.25009252216606
25.41,25.42,181.29427068562208
25.42,25.43,181.29427068562208
25.43,25.44,180.25009252216606
25.44,25.45,180.25009252216606
25.45,25.46,179.21192838239048
25.46,25.47,178.17974362806785
25.47,25.48,177.1535038204721
25.48,25.49,177.1535038204721
25.49,25.5,176.1331747192297
25.5,25.51,176.1331747192297
25.51,25.52,176.1331747192297
25.52,25.53,176.1331747192297
25.53,25.54,176.1331747192297
25.54,25.55,176.1331747192297
25.55,25.56,177.1535038204721
25.56,25.57,176.1331747192297
25.57,25.58,174.11011265922482
25.58,25.59,177.1535038204721
25.59,25.6,174.11011265922482
25.6,25.61,173.1073122012286
25.61,25.62,172.11028744886602
25.62,25.63,171.11900513652043
25.63,25.64,172.11028744886602
25.64,25.65,172.11028744886602
25.65,25.66,172.11028744886602
25.66,25.67,171.11900513652043
25.67,25.68,169.1535357262897
25.68,25.69,172.11028744886602
25.69,25.7,174.11011265922482
25.7,25.71,175.11872228117704
25.71,25.72,176.1331747192297
25.72,25.73,177.1535038204721
25.73,25.74,178.17974362806785
25.74,25.75,178.17974362806785
25.75,25.76,178.17974362806785
25.76,25.77,177.1535038204721
25.77,25.78,176.1331747192297
25.78,25.79,176.1331747192297
25.79,25.8,174.11011265922482
25.8,25.81,173.1073122012286
25.81,25.82,176.1331747192297
25.82,25.83,175.11872228117704
25.83,25.84,175.11872228117704
25.84,25.85,175.11872228117704
25.85,25.86,174.11011265922482
25.86,25.87,174.11011265922482
25.87,25.88,173.1073122012286
25.88,25.89,172.11028744886602
25.89,25.9,170.13343219017113
25.9,25.91,0.0
25.91,25.92,0.0
25.92,25.93,0.0
25.93,25.94,0.0
25.94,25.95,0.0
25.95,25.96,0.0
25.96,25.97,174.11011265922482
25.97,25.98,173.1073122012286
25.98,25.99,173.1073122012286
25.99,26.0,171.11900513652043
26.0,26.01,170.13343219017113
26.01,26.02,170.13343219017113
26.02,26.03,0.0
26.03,26.04,0.0
26.04,26.05,0.0
26.05,26.06,156.0130452026747
26.06,26.07,156.0130452026747
26.07,26.08,156.91681957935012
26.08,26.09,157.8258294677283
26.09,26.1,159.65967727133
26.1,26.11,161.5148333600084
26.11,26.12,161.5148333600084
26.12,26.13,162.4504792712471
26.13,26.14,162.4504792712471
26.14,26.15,161.5148333600084
26.15,26.16,160.5845763726753
26.16,26.17,159.65967727133
26.17,26.18,159.65967727133
26.18,26.19,159.65967727133
26.19,26.2,160.5845763726753
26.2,26.21,160.5845763726753
26.21,26.22,160.5845763726753
26.22,26.23,160.5845763726753
26.23,26.24,161.5148333600084
26.24,26.25,161.5148333600084
26.25,26.26,161.5148333600084
26.26,26.27,161.5148333600084
26.27,26.28,160.5845763726753
26.28,26.29,160.5845763726753
26.29,26.3,159.65967727133
26.3,26.31,159.65967727133
26.31,26.32,159.65967727133
26.32,26.33,159.65967727133
26.33,26.34,159.65967727133
26.34,26.35,159.65967727133
26.35,26.36,159.65967727133
26.36,26.37,160.5845763726753
26.37,26.38,160.5845763726753
26.38,26.39,160.5845763726753
26.39,26.4,160.5845763726753
26.4,26.41,160.5845763726753
26.41,26.42,158.74010519681997
26.42,26.43,158.74010519681997
26.43,26.44,156.91681957935012
26.44,26.45,156.0130452026747
26.45,26.46,155.11447618337345
26.46,26.47,156.0130452026747
26.47,26.48,156.91681957935012
26.48,26.49,157.8258294677283
26.49,26.5,158.74010519681997
26.5,26.51,158.74010519681997
26.51,26.52,159.65967727133
26.52,26.53,162.4504792712471
26.53,26.54,162.4504792712471
26.54,26.55,162.4504792712471
26.55,26.56,162.4504792712471
26.56,26.57,161.5148333600084
26.57,26.58,160.5845763726753
26.58,26.59,158.74010519681997
26.59,26.6,156.0130452026747
26.6,26.61,154.22108254079407
26.61,26.62,152.4497023255762
26.62,26.63,149.83070768766817
26.63,26.64,147.25670581005258
26.64,26.65,143.893358001082
26.65,26.66,141.4213562373095
26.66,26.67,138.1912879967776
26.67,26.68,136.60402567543954
26.68,26.69,135.034994616819
26.69,26.7,135.81724438273213
26.7,26.71,138.1912879967776
26.71,26.72,141.4213562373095
26.72,26.73,143.893358001082
26.73,26.74,145.56531828421873
26.74,26.75,148.1097552286564
26.75,26.76,148.96774631227024
26.76,26.77,149.83070768766817
26.77,26.78,150.69866814745757
26.78,26.79,150.69866814745757
26.79,26.8,0.0
26.8,26.81,155.11447618337345
26.81,26.82,153.33283446696007
26.82,26.83,152.4497023255762
26.83,26.84,151.57165665103983
26.84,26.85,152.4497023255762
26.85,26.86,153.33283446696007
26.86,26.87,155.11447618337345
26.87,26.88,157.8258294677283
26.88,26.89,160.5845763726753
26.89,26.9,165.29006363084235
26.9,26.91,176.1331747192297
26.91,26.92,182.34449771164336
26.92,26.93,189.86842419010387
26.93,26.94,188.7748625363387
26.94,26.95,186.60659830736148
26.95,26.96,0.0
26.96,26.97,0.0
26.97,26.98,0.0
26.98,26.99,0.0
26.99,27.0,0.0
27.0,27.01,0.0
27.01,27.02,0.0
27.02,27.03,0.0
27.03,27.04,0.0
27.04,27.05,0.0
27.05,27.06,0.0
27.06,27.07,0.0
27.07,27.08,0.0
27.08,27.09,0.0
27.09,27.1,0.0
27.1,27.11,0.0
27.11,27.12,0.0
27.12,27.13,0.0
27.13,27.14,0.0
27.14,27.15,0.0
27.15,27.16,0.0
27.16,27.17,0.0
27.17,27.18,0.0
27.18,27.19,0.0
27.19,27.2,0.0
27.2,27.21,0.0
27.21,27.22,0.0
27.22,27.23,0.0
27.23,27.24,0.0
27.24,27.25,0.0
27.25,27.26,0.0
27.26,27.27,0.0
27.27,27.28,0.0
27.28,27.29,0.0
27.29,27.3,0.0
27.3,27.31,0.0
27.31,27.32,0.0
27.32,27.33,0.0
27.33,27.34,0.0
27.34,27.35,0.0
27.35,27.36,0.0
27.36,27.37,0.0
27.37,27.38,0.0
27.38,27.39,0.0
27.39,27.4,185.5318233882619
27.4,27.41,185.5318233882619
27.41,27.42,185.5318233882619
27.42,27.43,185.5318233882619
27.43,27.44,185.5318233882619
27.44,27.45,186.60659830736148
27.45,27.46,187.68759933422865
27.46,27.47,189.86842419010387
27.47,27.48,195.43199368684918
27.48,27.49,197.70280407057922
27.49,27.5,198.8480847635095
27.5,27.51,198.8480847635095
27.51,27.52,198.8480847635095
27.52,27.53,198.8480847635095
27.53,27.54,197.70280407057922
27.54,27.55,196.56411970905023
27.55,27.56,196.56411970905023
27.56,27.57,195.43199368684918
27.57,27.58,196.56411970905023
27.58,27.59,198.8480847635095
27.59,27.6,201.15858821357068
27.6,27.61,203.49593842053727
27.61,27.62,219.36499593892518
27.62,27.63,225.79288096122622
27.63,27.64,228.41646786215435
27.64,27.65,228.41646786215435
27.65,27.66,228.41646786215435
27.66,27.67,229.73967099940702
27.67,27.68,231.07053937445463
27.68,27.69,232.40911739156792
27.69,27.7,235.10958125672175
27.7,27.71,235.10958125672175
27.71,27.72,235.10958125672175
27.72,27.73,236.47155720542963
27.73,27.74,236.47155720542963
27.74,27.75,240.60500721642333
27.75,27.76,244.81070866093103
27.76,27.77,251.98420997897463
27.77,27.78,263.9015821545788
27.78,27.79,287.786716002164
27.79,27.8,303.14331330207966
27.8,27.81,294.5134116201051
27.81,27.82,270.06998923363795
27.82,27.83,250.53288772482563
27.83,27.84,244.81070866093103
27.84,27.85,251.98420997897463
27.85,27.86,250.53288772482563
27.86,27.87,243.40070273411817
27.87,27.88,240.60500721642333
27.88,27.89,240.60500721642333
27.89,27.9,240.60500721642333
27.9,27.91,240.60500721642333
27.91,27.92,240.60500721642333
27.92,27.93,239.21922434748075
27.93,27.94,239.21922434748075
27.94,27.95,239.21922434748075
27.95,27.96,239.21922434748075
27.96,27.97,237.8414230005442
27.97,27.98,237.8414230005442
27.98,27.99,0.0
27.99,28.0,0.0
28.0,28.01,0.0
28.01,28.02,239.21922434748075
28.02,28.03,233.75544971224912
28.03,28.04,232.40911739156792
28.04,28.05,227.10088581417543
28.05,28.06,221.91389441356898
28.06,28.07,219.36499593892518
28.07,28.08,218.10154653305153
28.08,28.09,216.8453740602837
28.09,28.1,216.8453740602837
28.1,28.11,215.59643660857103
28.11,28.12,214.35469250725862
28.12,28.13,214.35469250725862
28.13,28.14,213.12010032569688
28.14,28.15,211.89261887185907
28.15,28.16,211.89261887185907
28.16,28.17,211.89261887185907
28.17,28.18,210.67220719096719
28.18,28.19,209.4588245641254
28.19,28.2,208.25243050696125
28.2,28.21,207.05298476827548
28.21,28.22,207.05298476827548
28.22,28.23,205.86044732869837
28.23,28.24,204.67477839935495
28.24,28.25,203.49593842053727
28.25,28.26,201.15858821357068
28.26,28.27,201.15858821357068
28.27,28.28,201.15858821357068
28.28,28.29,200.0
28.29,28.3,200.0
28.3,28.31,200.0
28.31,28.32,200.0
28.32,28.33,200.0
28.33,28.34,200.0
28.34,28.35,200.0
28.35,28.36,200.0
28.36,28.37,198.8480847635095
28.37,28.38,198.8480847635095
28.38,28.39,197.70280407057922
28.39,28.4,196.56411970905023
28.4,28.41,196.56411970905023
28.41,28.42,195.43199368684918
28.42,28.43,194.30638823072118
28.43,28.44,194.30638823072118
28.44,28.45,193.1872657849691
28.45,28.46,192.07458901020084
28.46,28.47,197.70280407057922
28.47,28.48,200.0
28.48,28.49,200.0
28.49,28.5,197.70280407057922
28.5,28.51,197.70280407057922
28.51,28.52,198.8480847635095
28.52,28.53,198.8480847635095
28.53,28.54,198.8480847635095
28.54,28.55,197.70280407057922
28.55,28.56,198.8480847635095
28.56,28.57,198.8480847635095
28.57,28.58,198.8480847635095
28.58,28.59,198.8480847635095
28.59,28.6,197.70280407057922
28.6,28.61,197.70280407057922
28.61,28.62,197.70280407057922
28.62,28.63,197.70280407057922
28.63,28.64,197.70280407057922
28.64,28.65,197.70280407057922
28.65,28.66,197.70280407057922
28.66,28.67,196.56411970905023
28.67,28.68,198.8480847635095
28.68,28.69,198.8480847635095
28.69,28.7,0.0
28.7,28.71,0.0
28.71,28.72,0.0
28.72,28.73,0.0
28.73,28.74,0.0
28.74,28.75,0.0
28.75,28.76,0.0
28.76,28.77,0.0
28.77,28.78,0.0
28.78,28.79,0.0
28.79,28.8,0.0
28.8,28.81,205.86044732869837
28.81,28.82,190.9683207820833
28.82,28.83,188.7748625363387
28.83,28.84,187.68759933422865
28.84,28.85,185.5318233882619
28.85,28.86,186.60659830736148
28.86,28.87,185.5318233882619
28.87,28.88,185.5318233882619
28.88,28.89,185.5318233882619
28.89,28.9,183.40080864093423
28.9,28.91,184.46323871718783
28.91,28.92,184.46323871718783
28.92,28.93,183.40080864093423
28.93,28.94,185.5318233882619
28.94,28.95,187.68759933422865
28.95,28.96,182.34449771164336
28.96,28.97,0.0
28.97,28.98,0.0
28.98,28.99,0.0
28.99,29.0,0.0
29.0,29.01,0.0
29.01,29.02,0.0
29.02,29.03,192.07458901020084
29.03,29.04,189.86842419010387
29.04,29.05,188.7748625363387
29.05,29.06,186.60659830736148
29.06,29.07,184.46323871718783
29.07,29.08,182.34449771164336
29.08,29.09,175.11872228117704
29.09,29.1,169.1535357262897
29.1,29.11,165.29006363084235
29.11,29.12,163.39154532410998
29.12,29.13,162.4504792712471
29.13,29.14,163.39154532410998
29.14,29.15,162.4504792712471
29.15,29.16,161.5148333600084
29.16,29.17,160.5845763726753
29.17,29.18,158.74010519681997
29.18,29.19,157.8258294677283
29.19,29.2,157.8258294677283
29.2,29.21,155.11447618337345
29.21,29.22,153.33283446696007
29.22,29.23,153.33283446696007
29.23,29.24,0.0
29.24,29.25,0.0
29.25,29.26,0.0
29.26,29.27,0.0
29.27,29.28,0.0
29.28,29.29,0.0
29.29,29.3,0.0
29.3,29.31,0.0
29.31,29.32,0.0
29.32,29.33,0.0
29.33,29.34,0.0
29.34,29.35,0.0
29.35,29.36,0.0
29.36,29.37,0.0
29.37,29.38,0.0
29.38,29.39,0.0
29.39,29.4,0.0
29.4,29.41,0.0
29.41,29.42,0.0
29.42,29.43,0.0
29.43,29.44,0.0
29.44,29.45,0.0
29.45,29.46,0.0
29.46,29.47,0.0
29.47,29.48,0.0
29.48,29.49,0.0
29.49,29.5,0.0
29.5,29.51,0.0
29.51,29.52,0.0
29.52,29.53,0.0
29.53,29.54,0.0
29.54,29.55,0.0
29.55,29.56,0.0
29.56,29.57,0.0
29.57,29.58,0.0
29.58,29.59,0.0
29.59,29.6,0.0
29.6,29.61,0.0
29.61,29.62,0.0
29.62,29.63,0.0
29.63,29.64,0.0
29.64,29.65,0.0
29.65,29.66,0.0
29.66,29.67,0.0
29.67,29.68,0.0
29.68,29.69,0.0
29.69,29.7,0.0
29.7,29.71,0.0
29.71,29.72,0.0
29.72,29.73,0.0
29.73,29.74,0.0
29.74,29.75,0.0
29.75,29.76,0.0
29.76,29.77,0.0
29.77,29.78,0.0
29.78,29.79,0.0
29.79,29.8,0.0
29.8,29.81,0.0
29.81,29.82,0.0
29.82,29.83,0.0
29.83,29.84,0.0
29.84,29.85,0.0
29.85,29.86,0.0
29.86,29.87,0.0
29.87,29.88,0.0
29.88,29.89,0.0
29.89,29.9,0.0
29.9,29.91,0.0
29.91,29.92,0.0
29.92,29.93,0.0
29.93,29.94,0.0
29.94,29.95,0.0
29.95,29.96,0.0
29.96,29.97,0.0
29.97,29.98,0.0
29.98,29.99,0.0
29.99,30.0,0.0
30.0,30.01,0.0
30.01,30.02,0.0
30.02,30.03,0.0
30.03,30.04,0.0
30.04,30.05,0.0
30.05,30.06,0.0
30.06,30.07,0.0
30.07,30.08,0.0
30.08,30.09,0.0
30.09,30.1,0.0
30.1,30.11,0.0
30.11,30.12,0.0
30.12,30.13,0.0
30.13,30.14,0.0
30.14,30.15,0.0
30.15,30.16,0.0
30.16,30.17,0.0
30.17,30.18,0.0
30.18,30.19,0.0
30.19,30.2,0.0
30.2,30.21,0.0
30.21,30.22,0.0
30.22,30.23,0.0
30.23,30.24,0.0
30.24,30.25,0.0
30.25,30.26,0.0
30.26,30.27,0.0
30.27,30.28,0.0
30.28,30.29,0.0
30.29,30.3,0.0
30.3,30.31,0.0
30.31,30.32,0.0
30.32,30.33,0.0
30.33,30.34,0.0
30.34,30.35,0.0
30.35,30.36,0.0
30.36,30.37,0.0
30.37,30.38,0.0
30.38,30.39,0.0
30.39,30.4,0.0
30.4,30.41,0.0
30.41,30.42,0.0
30.42,30.43,0.0
30.43,30.44,0.0
30.44,30.45,0.0
30.45,30.46,0.0
30.46,30.47,0.0
30.47,30.48,0.0
30.48,30.49,0.0
30.49,30.5,0.0
30.5,30.51,0.0
30.51,30.52,0.0
30.52,30.53,0.0
30.53,30.54,0.0
30.54,30.55,0.0
30.55,30.56,0.0
30.56,30.57,0.0
30.57,30.58,0.0
30.58,30.59,0.0
30.59,30.6,0.0
30.6,30.61,0.0
30.61,30.62,0.0
30.62,30.63,0.0
30.63,30.64,0.0
30.64,30.65,0.0
30.65,30.66,0.0
30.66,30.67,0.0
30.67,30.68,0.0
30.68,30.69,0.0
30.69,30.7,0.0
30.7,30.71,0.0
30.71,30.72,0.0
30.72,30.73,0.0
30.73,30.74,0.0
30.74,30.75,0.0
30.75,30.76,0.0
30.76,30.77,0.0
30.77,30.78,0.0
30.78,30.79,0.0
30.79,30.8,0.0
30.8,30.81,0.0
30.81,30.82,0.0
30.82,30.83,0.0
30.83,30.84,0.0
30.84,30.85,0.0
30.85,30.86,0.0
30.86,30.87,0.0
30.87,30.88,0.0
30.88,30.89,0.0
30.89,30.9,0.0
30.9,30.91,0.0
30.91,30.92,0.0
30.92,30.93,0.0
30.93,30.94,0.0
30.94,30.95,0.0
30.95,30.96,0.0
30.96,30.97,0.0
30.97,30.98,0.0
30.98,30.99,0.0
30.99,31.0,0.0
31.0,31.01,0.0
31.01,31.02,0.0
31.02,31.03,0.0
31.03,31.04,0.0
31.04,31.05,0.0
31.05,31.06,0.0
31.06,31.07,0.0
31.07,31.08,0.0
31.08,31.09,0.0
31.09,31.1,0.0
31.1,31.11,0.0
31.11,31.12,0.0
31.12,31.13,0.0
31.13,31.14,0.0
31.14,31.15,0.0
31.15,31.16,0.0
31.16,31.17,0.0
31.17,31.18,0.0
31.18,31.19,0.0
31.19,31.2,0.0
31.2,31.21,0.0
31.21,31.22,0.0
31.22,31.23,0.0
31.23,31.24,0.0
31.24,31.25,0.0
31.25,31.26,0.0
31.26,31.27,0.0
31.27,31.28,0.0
31.28,31.29,0.0
31.29,31.3,0.0
31.3,31.31,0.0
31.31,31.32,0.0
31.32,31.33,0.0
31.33,31.34,0.0
31.34,31.35,0.0
31.35,31.36,0.0
31.36,31.37,0.0
31.37,31.38,0.0
31.38,31.39,0.0
31.39,31.4,0.0
31.4,31.41,0.0
31.41,31.42,0.0
31.42,31.43,0.0
31.43,31.44,0.0
31.44,31.45,0.0
31.45,31.46,0.0
31.46,31.47,0.0
31.47,31.48,0.0
31.48,31.49,0.0
31.49,31.5,0.0
31.5,31.51,0.0
31.51,31.52,0.0
31.52,31.53,0.0
31.53,31.54,0.0
31.54,31.55,0.0
31.55,31.56,0.0
31.56,31.57,0.0
31.57,31.58,0.0
31.58,31.59,0.0
31.59,31.6,0.0
31.6,31.61,0.0
31.61,31.62,0.0
31.62,31.63,0.0
31.63,31.64,0.0
31.64,31.65,0.0
31.65,31.66,0.0
31.66,31.67,0.0
31.67,31.68,0.0
31.68,31.69,0.0
31.69,31.7,0.0
31.7,31.71,0.0
31.71,31.72,0.0
31.72,31.73,0.0
31.73,31.74,0.0
31.74,31.75,0.0
31.75,31.76,0.0
31.76,31.77,0.0
31.77,31.78,0.0
31.78,31.79,0.0
31.79,31.8,0.0
31.8,31.81,0.0
31.81,31.82,0.0
31.82,31.83,0.0
31.83,31.84,0.0
31.84,31.85,0.0
31.85,31.86,0.0
31.86,31.87,0.0
31.87,31.88,179.21192838239048
31.88,31.89,180.25009252216606
31.89,31.9,182.34449771164336
31.9,31.91,184.46323871718783
31.91,31.92,185.5318233882619
31.92,31.93,185.5318233882619
31.93,31.94,185.5318233882619
31.94,31.95,184.46323871718783
31.95,31.96,183.40080864093423
31.96,31.97,182.34449771164336
31.97,31.98,182.34449771164336
31.98,31.99,181.29427068562208
31.99,32.0,181.29427068562208
32.0,32.01,181.29427068562208
32.01,32.02,182.34449771164336
32.02,32.03,182.34449771164336
32.03,32.04,182.34449771164336
32.04,32.05,181.29427068562208
32.05,32.06,181.29427068562208
32.06,32.07,180.25009252216606
32.07,32.08,179.21192838239048
32.08,32.09,179.21192838239048
32.09,32.1,179.21192838239048
32.1,32.11,179.21192838239048
32.11,32.12,178.17974362806785
32.12,32.13,178.17974362806785
32.13,32.14,178.17974362806785
32.14,32.15,177.1535038204721
32.15,32.16,177.1535038204721
32.16,32.17,177.1535038204721
32.17,32.18,178.17974362806785
32.18,32.19,178.17974362806785
32.19,32.2,177.1535038204721
32.2,32.21,176.1331747192297
32.21,32.22,175.11872228117704
32.22,32.23,174.11011265922482
32.23,32.24,173.1073122012286
32.24,32.25,172.11028744886602
32.25,32.26,172.11028744886602
32.26,32.27,171.11900513652043
32.27,32.28,171.11900513652043
32.28,32.29,171.11900513652043
32.29,32.3,171.11900513652043
32.3,32.31,170.13343219017113
32.31,32.32,170.13343219017113
32.32,32.33,170.13343219017113
32.33,32.34,170.13343219017113
32.34,32.35,170.13343219017113
32.35,32.36,170.13343219017113
32.36,32.37,170.13343219017113
32.37,32.38,171.11900513652043
32.38,32.39,171.11900513652043
32.39,32.4,172.11028744886602
32.4,32.41,173.1073122012286
32.41,32.42,173.1073122012286
32.42,32.43,173.1073122012286
32.43,32.44,173.1073122012286
32.44,32.45,173.1073122012286
32.45,32.46,173.1073122012286
32.46,32.47,172.11028744886602
32.47,32.48,172.11028744886602
32.48,32.49,171.11900513652043
32.49,32.5,171.11900513652043
32.5,32.51,171.11900513652043
32.51,32.52,172.11028744886602
32.52,32.53,174.11011265922482
32.53,32.54,175.11872228117704
32.54,32.55,175.11872228117704
32.55,32.56,176.1331747192297
32.56,32.57,176.1331747192297
32.57,32.58,175.11872228117704
32.58,32.59,174.11011265922482
32.59,32.6,173.1073122012286
32.6,32.61,172.11028744886602
32.61,32.62,171.11900513652043
32.62,32.63,171.11900513652043
32.63,32.64,169.1535357262897
32.64,32.65,168.1792830507429
32.65,32.66,167.2106416577019
32.66,32.67,166.24757922855756
32.67,32.68,165.29006363084235
32.68,32.69,164.33806291715806
32.69,32.7,163.39154532410998
32.7,32.71,164.33806291715806
32.71,32.72,163.39154532410998
32.72,32.73,163.39154532410998
32.73,32.74,164.33806291715806
32.74,32.75,163.39154532410998
32.75,32.76,161.5148333600084
32.76,32.77,0.0
32.77,32.78,0.0
32.78,32.79,0.0
32.79,32.8,0.0
32.8,32.81,0.0
32.81,32.82,0.0
32.82,32.83,0.0
32.83,32.84,0.0
32.84,32.85,0.0
32.85,32.86,0.0
32.86,32.87,0.0
32.87,32.88,0.0
32.88,32.89,0.0
32.89,32.9,0.0
32.9,32.91,0.0
32.91,32.92,0.0
32.92,32.93,0.0
32.93,32.94,0.0
32.94,32.95,0.0
32.95,32.96,0.0
32.96,32.97,0.0
32.97,32.98,0.0
32.98,32.99,0.0
32.99,33.0,0.0
33.0,33.01,0.0
33.01,33.02,0.0
33.02,33.03,0.0
33.03,33.04,0.0
33.04,33.05,0.0
33.05,33.06,0.0
33.06,33.07,0.0
33.07,33.08,0.0
33.08,33.09,0.0
33.09,33.1,0.0
33.1,33.11,0.0
33.11,33.12,0.0
33.12,33.13,0.0
33.13,33.14,0.0
33.14,33.15,0.0
33.15,33.16,0.0
33.16,33.17,0.0
33.17,33.18,0.0
33.18,33.19,0.0
33.19,33.2,0.0
33.2,33.21,0.0
33.21,33.22,0.0
33.22,33.23,0.0
33.23,33.24,0.0
33.24,33.25,0.0
33.25,33.26,0.0
33.26,33.27,0.0
33.27,33.28,0.0
33.28,33.29,0.0
33.29,33.3,0.0
33.3,33.31,0.0
33.31,33.32,0.0
33.32,33.33,0.0
33.33,33.34,0.0
33.34,33.35,0.0
33.35,33.36,0.0
33.36,33.37,0.0
33.37,33.38,0.0
33.38,33.39,0.0
33.39,33.4,0.0
33.4,33.41,0.0
33.41,33.42,233.75544971224912
33.42,33.43,228.41646786215435
33.43,33.44,225.79288096122622
33.44,33.45,223.1994285260446
33.45,33.46,220.63576443274928
33.46,33.47,214.35469250725862
33.47,33.48,205.86044732869837
33.48,33.49,202.3238880603845
33.49,33.5,200.0
33.5,33.51,196.56411970905023
33.51,33.52,194.30638823072118
33.52,33.53,192.07458901020084
33.53,33.54,192.07458901020084
33.54,33.55,192.07458901020084
33.55,33.56,192.07458901020084
33.56,33.57,189.86842419010387
33.57,33.58,188.7748625363387
33.58,33.59,188.7748625363387
33.59,33.6,188.7748625363387
33.6,33.61,189.86842419010387
33.61,33.62,190.9683207820833
33.62,33.63,192.07458901020084
33.63,33.64,193.1872657849691
33.64,33.65,194.30638823072118
33.65,33.66,194.30638823072118
33.66,33.67,198.8480847635095
33.67,33.68,198.8480847635095
33.68,33.69,200.0
33.69,33.7,0.0
33.7,33.71,0.0
33.71,33.72,0.0
33.72,33.73,0.0
33.73,33.74,244.81070866093103
33.74,33.75,231.07053937445463
33.75,33.76,227.10088581417543
33.76,33.77,224.49240966187455
33.77,33.78,224.49240966187455
33.78,33.79,223.1994285260446
33.79,33.8,221.91389441356898
33.8,33.81,221.91389441356898
33.81,33.82,223.1994285260446
33.82,33.83,224.49240966187455
33.83,33.84,225.79288096122622
33.84,33.85,235.10958125672175
33.85,33.86,243.40070273411817
33.86,33.87,250.53288772482563
33.87,33.88,256.3888163841458
33.88,33.89,259.3679109302019
33.89,33.9,260.87041395311286
33.9,33.91,260.87041395311286
33.91,33.92,257.8740616879158
33.92,33.93,254.91212546385245
33.93,33.94,246.2288826689832
33.94,33.95,225.79288096122622
33.95,33.96,249.08992447176465
33.96,33.97,257.8740616879158
33.97,33.98,253.44393965741244
33.98,33.99,249.08992447176465
33.99,34.0,241.99881784385852
34.0,34.01,0.0
34.01,34.02,0.0
34.02,34.03,0.0
34.03,34.04,0.0
34.04,34.05,0.0
34.05,34.06,207.05298476827548
34.06,34.07,203.49593842053727
34.07,34.08,200.0
34.08,34.09,195.43199368684918
34.09,34.1,182.34449771164336
34.1,34.11,178.17974362806785
34.11,34.12,174.11011265922482
34.12,34.13,171.11900513652043
34.13,34.14,169.1535357262897
34.14,34.15,168.1792830507429
34.15,34.16,166.24757922855756
34.16,34.17,166.24757922855756
34.17,34.18,164.33806291715806
34.18,34.19,163.39154532410998
34.19,34.2,167.2106416577019
34.2,34.21,167.2106416577019
34.21,34.22,168.1792830507429
34.22,34.23,170.13343219017113
34.23,34.24,168.1792830507429
34.24,34.25,167.2106416577019
34.25,34.26,166.24757922855756
34.26,34.27,164.33806291715806
34.27,34.28,163.39154532410998
34.28,34.29,160.5845763726753
34.29,34.3,160.5845763726753
34.3,34.31,158.74010519681997
34.31,34.32,157.8258294677283
34.32,34.33,157.8258294677283
34.33,34.34,156.91681957935012
34.34,34.35,156.91681957935012
34.35,34.36,156.91681957935012
34.36,34.37,156.91681957935012
34.37,34.38,156.91681957935012
34.38,34.39,156.0130452026747
34.39,34.4,153.33283446696007
34.4,34.41,149.83070768766817
34.41,34.42,0.0
34.42,34.43,0.0
34.43,34.44,0.0
34.44,34.45,0.0
34.45,34.46,0.0
34.46,34.47,0.0
34.47,34.48,0.0
34.48,34.49,0.0
34.49,34.5,0.0
34.5,34.51,0.0
34.51,34.52,0.0
34.52,34.53,0.0
34.53,34.54,0.0
34.54,34.55,0.0
34.55,34.56,0.0
34.56,34.57,0.0
34.57,34.58,0.0
34.58,34.59,198.8480847635095
34.59,34.6,198.8480847635095
34.6,34.61,200.0
34.61,34.62,202.3238880603845
34.62,34.63,202.3238880603845
34.63,34.64,201.15858821357068
34.64,34.65,202.3238880603845
34.65,34.66,200.0
34.66,34.67,200.0
34.67,34.68,203.49593842053727
34.68,34.69,207.05298476827548
34.69,34.7,211.89261887185907
34.7,34.71,219.36499593892518
34.71,34.72,223.1994285260446
34.72,34.73,223.1994285260446
34.73,34.74,223.1994285260446
34.74,34.75,223.1994285260446
34.75,34.76,219.36499593892518
34.76,34.77,218.10154653305153
34.77,34.78,208.25243050696125
34.78,34.79,204.67477839935495
34.79,34.8,213.12010032569688
34.8,34.81,219.36499593892518
34.81,34.82,219.36499593892518
34.82,34.83,216.8453740602837
34.83,34.84,214.35469250725862
34.84,34.85,221.91389441356898
34.85,34.86,0.0
34.86,34.87,254.91212546385245
34.87,34.88,249.08992447176465
34.88,34.89,244.81070866093103
34.89,34.9,240.60500721642333
34.9,34.91,236.47155720542963
34.91,34.92,229.73967099940702
34.92,34.93,223.1994285260446
34.93,34.94,218.10154653305153
34.94,34.95,216.8453740602837
34.95,34.96,219.36499593892518
34.96,34.97,221.91389441356898
34.97,34.98,221.91389441356898
34.98,34.99,224.49240966187455
34.99,35.0,228.41646786215435
35.0,35.01,209.4588245641254
35.01,35.02,223.1994285260446
35.02,35.03,223.1994285260446
35.03,35.04,223.1994285260446
35.04,35.05,223.1994285260446
35.05,35.06,223.1994285260446
35.06,35.07,221.91389441356898
35.07,35.08,221.91389441356898
35.08,35.09,219.36499593892518
35.09,35.1,220.63576443274928
35.1,35.11,221.91389441356898
35.11,35.12,223.1994285260446
35.12,35.13,223.1994285260446
35.13,35.14,223.1994285260446
35.14,35.15,221.91389441356898
35.15,35.16,0.0
35.16,35.17,0.0
35.17,35.18,265.4303484677136
35.18,35.19,262.38162088748976
35.19,35.2,260.87041395311286
35.2,35.21,257.8740616879158
35.21,35.22,254.91212546385245
35.22,35.23,254.91212546385245
35.23,35.24,253.44393965741244
35.24,35.25,254.91212546385245
35.25,35.26,254.91212546385245
35.26,35.27,257.8740616879158
35.27,35.28,259.3679109302019
35.28,35.29,259.3679109302019
35.29,35.3,260.87041395311286
35.3,35.31,262.38162088748976
35.31,35.32,262.38162088748976
35.32,35.33,262.38162088748976
35.33,35.34,263.9015821545788
35.34,35.35,265.4303484677136
35.35,35.36,266.96797083400685
35.36,35.37,270.06998923363795
35.37,35.38,273.20805135087915
35.38,35.39,276.38257599355524
35.39,35.4,281.2136583244699
35.4,35.41,284.4812036394563
35.41,35.42,286.12918648705164
35.42,35.43,287.786716002164
35.43,35.44,287.786716002164
35.44,35.45,287.786716002164
35.45,35.46,287.786716002164
35.46,35.47,286.12918648705164
35.47,35.48,282.842712474619
35.48,35.49,279.5939868358039
35.49,35.5,277.98364396846745
35.5,35.51,284.4812036394563
35.51,35.52,291.13063656843747
35.52,35.53,296.2195104573129
35.53,35.54,294.5134116201051
35.54,35.55,292.81713918912504
35.55,35.56,289.4538474880756
35.56,35.57,287.786716002164
35.57,35.58,287.786716002164
35.58,35.59,284.4812036394563
35.59,35.6,282.842712474619
35.6,35.61,281.2136583244699
35.61,35.62,281.2136583244699
35.62,35.63,281.2136583244699
35.63,35.64,281.2136583244699
35.64,35.65,281.2136583244699
35.65,35.66,281.2136583244699
35.66,35.67,281.2136583244699
35.67,35.68,282.842712474619
35.68,35.69,282.842712474619
35.69,35.7,282.842712474619
35.7,35.71,282.842712474619
35.71,35.72,281.2136583244699
35.72,35.73,277.98364396846745
35.73,35.74,274.79072949161787
35.74,35.75,273.20805135087915
35.75,35.76,271.6344887654643
35.76,35.77,268.51450055605267
35.77,35.78,265.4303484677136
35.78,35.79,266.96797083400685
35.79,35.8,259.3679109302019
35.8,35.81,256.3888163841458
35.81,35.82,253.44393965741244
35.82,35.83,250.53288772482563
35.83,35.84,247.65527207548806
35.84,35.85,243.40070273411817
35.85,35.86,240.60500721642333
35.86,35.87,237.8414230005442
35.87,35.88,235.10958125672175
35.88,35.89,233.75544971224912
35.89,35.9,235.10958125672175
35.9,35.91,231.07053937445463
35.91,35.92,228.41646786215435
35.92,35.93,223.1994285260446
35.93,35.94,223.1994285260446
35.94,35.95,220.63576443274928
35.95,35.96,219.36499593892518
35.96,35.97,218.10154653305153
35.97,35.98,218.10154653305153
35.98,35.99,219.36499593892518
35.99,36.0,219.36499593892518
36.0,36.01,219.36499593892518
36.01,36.02,220.63576443274928
36.02,36.03,219.36499593892518
36.03,36.04,220.63576443274928
36.04,36.05,220.63576443274928
36.05,36.06,220.63576443274928
36.06,36.07,221.91389441356898
36.07,36.08,223.1994285260446
36.08,36.09,223.1994285260446
36.09,36.1,223.1994285260446
36.1,36.11,224.49240966187455
36.11,36.12,224.49240966187455
36.12,36.13,225.79288096122622
36.13,36.14,227.10088581417543
36.14,36.15,227.10088581417543
36.15,36.16,228.41646786215435
36.16,36.17,231.07053937445463
36.17,36.18,229.73967099940702
36.18,36.19,227.10088581417543
36.19,36.2,225.79288096122622
36.2,36.21,223.1994285260446
36.21,36.22,221.91389441356898
36.22,36.23,218.10154653305153
36.23,36.24,215.59643660857103
36.24,36.25,213.12010032569688
36.25,36.26,211.89261887185907
36.26,36.27,210.67220719096719
36.27,36.28,211.89261887185907
36.28,36.29,213.12010032569688
36.29,36.3,214.35469250725862
36.3,36.31,219.36499593892518
36.31,36.32,225.79288096122622
36.32,36.33,232.40911739156792
36.33,36.34,235.10958125672175
36.34,36.35,237.8414230005442
36.35,36.36,237.8414230005442
36.36,36.37,232.40911739156792
36.37,36.38,224.49240966187455
36.38,36.39,215.59643660857103
36.39,36.4,0.0
36.4,36.41,0.0
36.41,36.42,0.0
36.42,36.43,0.0
36.43,36.44,0.0
36.44,36.45,227.10088581417543
36.45,36.46,219.36499593892518
36.46,36.47,213.12010032569688
36.47,36.48,208.25243050696125
36.48,36.49,202.3238880603845
36.49,36.5,198.8480847635095
36.5,36.51,195.43199368684918
36.51,36.52,193.1872657849691
36.52,36.53,192.07458901020084
36.53,36.54,189.86842419010387
36.54,36.55,187.68759933422865
36.55,36.56,185.5318233882619
36.56,36.57,185.5318233882619
36.57,36.58,184.46323871718783
36.58,36.59,183.40080864093423
36.59,36.6,181.29427068562208
36.6,36.61,179.21192838239048
36.61,36.62,176.1331747192297
36.62,36.63,173.1073122012286
36.63,36.64,171.11900513652043
36.64,36.65,169.1535357262897
36.65,36.66,167.2106416577019
36.66,36.67,167.2106416577019
36.67,36.68,167.2106416577019
36.68,36.69,168.1792830507429
36.69,36.7,168.1792830507429
36.7,36.71,168.1792830507429
36.71,36.72,166.24757922855756
36.72,36.73,162.4504792712471
36.73,36.74,163.39154532410998
36.74,36.75,167.2106416577019
36.75,36.76,170.13343219017113
36.76,36.77,170.13343219017113
36.77,36.78,169.1535357262897
36.78,36.79,168.1792830507429
36.79,36.8,167.2106416577019
36.8,36.81,164.33806291715806
36.81,36.82,160.5845763726753
36.82,36.83,158.74010519681997
36.83,36.84,157.8258294677283
36.84,36.85,157.8258294677283
36.85,36.86,159.65967727133
36.86,36.87,160.5845763726753
36.87,36.88,166.24757922855756
36.88,36.89,159.65967727133
36.89,36.9,160.5845763726753
36.9,36.91,160.5845763726753
36.91,36.92,159.65967727133
36.92,36.93,161.5148333600084
36.93,36.94,161.5148333600084
36.94,36.95,162.4504792712471
36.95,36.96,162.4504792712471
36.96,36.97,163.39154532410998
36.97,36.98,165.29006363084235
36.98,36.99,166.24757922855756
36.99,37.0,171.11900513652043
37.0,37.01,167.2106416577019
37.01,37.02,0.0
37.02,37.03,163.39154532410998
37.03,37.04,163.39154532410998
37.04,37.05,162.4504792712471
37.05,37.06,162.4504792712471
37.06,37.07,162.4504792712471
37.07,37.08,162.4504792712471
37.08,37.09,163.39154532410998
37.09,37.1,0.0
37.1,37.11,0.0
37.11,37.12,0.0
37.12,37.13,0.0
37.13,37.14,0.0
37.14,37.15,0.0
37.15,37.16,0.0
37.16,37.17,0.0
37.17,37.18,0.0
37.18,37.19,0.0
37.19,37.2,225.79288096122622
37.2,37.21,225.79288096122622
37.21,37.22,221.91389441356898
37.22,37.23,220.63576443274928
37.23,37.24,218.10154653305153
37.24,37.25,216.8453740602837
37.25,37.26,214.35469250725862
37.26,37.27,213.12010032569688
37.27,37.28,210.67220719096719
37.28,37.29,208.25243050696125
37.29,37.3,205.86044732869837
37.3,37.31,204.67477839935495
37.31,37.32,198.8480847635095
37.32,37.33,195.43199368684918
37.33,37.34,200.0
37.34,37.35,203.49593842053727
37.35,37.36,205.86044732869837
37.36,37.37,205.86044732869837
37.37,37.38,0.0
37.38,37.39,0.0
37.39,37.4,0.0
37.4,37.41,0.0
37.41,37.42,0.0
37.42,37.43,0.0
37.43,37.44,0.0
37.44,37.45,0.0
37.45,37.46,0.0
37.46,37.47,0.0
37.47,37.48,0.0
37.48,37.49,0.0
37.49,37.5,0.0
37.5,37.51,0.0
37.51,37.52,0.0
37.52,37.53,0.0
37.53,37.54,0.0
37.54,37.55,0.0
37.55,37.56,0.0
37.56,37.57,0.0
37.57,37.58,0.0
37.58,37.59,0.0
37.59,37.6,0.0
37.6,37.61,0.0
37.61,37.62,0.0
37.62,37.63,0.0
37.63,37.64,0.0
37.64,37.65,0.0
37.65,37.66,0.0
37.66,37.67,0.0
37.67,37.68,0.0
37.68,37.69,0.0
37.69,37.7,0.0
37.7,37.71,0.0
37.71,37.72,0.0
37.72,37.73,0.0
37.73,37.74,0.0
37.74,37.75,0.0
37.75,37.76,0.0
37.76,37.77,0.0
37.77,37.78,0.0
37.78,37.79,0.0
37.79,37.8,0.0
37.8,37.81,0.0
37.81,37.82,0.0
37.82,37.83,0.0
37.83,37.84,0.0
37.84,37.85,0.0
37.85,37.86,0.0
37.86,37.87,0.0
37.87,37.88,0.0
37.88,37.89,0.0
37.89,37.9,0.0
37.9,37.91,0.0
37.91,37.92,0.0
37.92,37.93,0.0
37.93,37.94,0.0
37.94,37.95,0.0
37.95,37.96,0.0
37.96,37.97,0.0
37.97,37.98,0.0
37.98,37.99,0.0
37.99,38.0,0.0
38.0,38.01,0.0
38.01,38.02,0.0
38.02,38.03,0.0
38.03,38.04,0.0
38.04,38.05,0.0
38.05,38.06,0.0
38.06,38.07,0.0
38.07,38.08,0.0
38.08,38.09,0.0
38.09,38.1,0.0
38.1,38.11,0.0
38.11,38.12,0.0
38.12,38.13,0.0
38.13,38.14,0.0
38.14,38.15,0.0
38.15,38.16,0.0
38.16,38.17,0.0
38.17,38.18,0.0
38.18,38.19,0.0
38.19,38.2,0.0
38.2,38.21,0.0
38.21,38.22,0.0
38.22,38.23,0.0
38.23,38.24,0.0
38.24,38.25,0.0
38.25,38.26,0.0
38.26,38.27,0.0
38.27,38.28,0.0
38.28,38.29,0.0
38.29,38.3,0.0
38.3,38.31,0.0
38.31,38.32,0.0
38.32,38.33,0.0
38.33,38.34,0.0
38.34,38.35,0.0
38.35,38.36,0.0
38.36,38.37,0.0
38.37,38.38,0.0
38.38,38.39,0.0
38.39,38.4,0.0
38.4,38.41,0.0
38.41,38.42,0.0
38.42,38.43,0.0
38.43,38.44,0.0
38.44,38.45,0.0
38.45,38.46,0.0
38.46,38.47,0.0
38.47,38.48,0.0
38.48,38.49,0.0
38.49,38.5,0.0
38.5,38.51,0.0
38.51,38.52,0.0
38.52,38.53,0.0
38.53,38.54,0.0
38.54,38.55,0.0
38.55,38.56,0.0
38.56,38.57,0.0
38.57,38.58,0.0
38.58,38.59,0.0
38.59,38.6,0.0
38.6,38.61,271.6344887654643
38.61,38.62,253.44393965741244
38.62,38.63,253.44393965741244
38.63,38.64,251.98420997897463
38.64,38.65,251.98420997897463
38.65,38.66,251.98420997897463
38.66,38.67,236.47155720542963
38.67,38.68,221.91389441356898
38.68,38.69,211.89261887185907
38.69,38.7,202.3238880603845
38.7,38.71,201.15858821357068
38.71,38.72,201.15858821357068
38.72,38.73,200.0
38.73,38.74,200.0
38.74,38.75,200.0
38.75,38.76,207.05298476827548
38.76,38.77,0.0
38.77,38.78,0.0
38.78,38.79,0.0
38.79,38.8,276.38257599355524
38.8,38.81,299.66141537533633
38.81,38.82,304.8994046511524
38.82,38.83,310.2289523667469
38.83,38.84,312.0260904053494
38.84,38.85,312.0260904053494
38.85,38.86,313.83363915870024
38.86,38.87,315.65165893545657
38.87,38.88,313.83363915870024
38.88,38.89,313.83363915870024
38.89,38.9,312.0260904053494
38.9,38.91,312.0260904053494
38.91,38.92,310.2289523667469
38.92,38.93,310.2289523667469
38.93,38.94,310.2289523667469
38.94,38.95,308.44216508158814
38.95,38.96,308.44216508158814
38.96,38.97,306.66566893392013
38.97,38.98,299.66141537533633
38.98,38.99,297.93549262454053
38.99,39.0,294.5134116201051
39.0,39.01,291.13063656843747
39.01,39.02,287.786716002164
39.02,39.03,284.4812036394563
39.03,39.04,281.2136583244699
39.04,39.05,277.98364396846745
39.05,39.06,276.38257599355524
39.06,39.07,273.20805135087915
39.07,39.08,271.6344887654643
39.08,39.09,268.51450055605267
39.09,39.1,270.06998923363795
39.1,39.11,251.98420997897463
39.11,39.12,251.98420997897463
39.12,39.13,250.53288772482563
39.13,39.14,249.08992447176465
39.14,39.15,247.65527207548806
39.15,39.16,246.2288826689832
39.16,39.17,243.40070273411817
39.17,39.18,241.99881784385852
39.18,39.19,239.21922434748075
39.19,39.2,236.47155720542963
39.2,39.21,235.10958125672175
39.21,39.22,240.60500721642333
39.22,39.23,240.60500721642333
39.23,39.24,239.21922434748075
39.24,39.25,237.8414230005442
39.25,39.26,237.8414230005442
39.26,39.27,232.40911739156792
39.27,39.28,231.07053937445463
39.28,39.29,231.07053937445463
39.29,39.3,229.73967099940702
39.3,39.31,229.73967099940702
39.31,39.32,228.41646786215435
39.32,39.33,225.79288096122622
39.33,39.34,223.1994285260446
39.34,39.35,215.59643660857103
39.35,39.36,225.79288096122622
39.36,39.37,228.41646786215435
39.37,39.38,229.73967099940702
39.38,39.39,249.08992447176465
39.39,39.4,240.60500721642333
39.4,39.41,240.60500721642333
39.41,39.42,240.60500721642333
39.42,39.43,240.60500721642333
39.43,39.44,240.60500721642333
39.44,39.45,241.99881784385852
39.45,39.46,243.40070273411817
39.46,39.47,243.40070273411817
39.47,39.48,244.81070866093103
39.48,39.49,244.81070866093103
39.49,39.5,246.2288826689832
39.5,39.51,246.2288826689832
39.51,39.52,246.2288826689832
39.52,39.53,249.08992447176465
39.53,39.54,246.2288826689832
39.54,39.55,246.2288826689832
39.55,39.56,246.2288826689832
39.56,39.57,246.2288826689832
39.57,39.58,247.65527207548806
39.58,39.59,247.65527207548806
39.59,39.6,247.65527207548806
39.6,39.61,260.87041395311286
39.61,39.62,251.98420997897463
39.62,39.63,244.81070866093103
39.63,39.64,240.60500721642333
39.64,39.65,236.47155720542963
39.65,39.66,232.40911739156792
39.66,39.67,229.73967099940702
39.67,39.68,228.41646786215435
39.68,39.69,227.10088581417543
39.69,39.7,228.41646786215435
39.7,39.71,229.73967099940702
39.71,39.72,207.05298476827548
39.72,39.73,198.8480847635095
39.73,39.74,196.56411970905023
39.74,39.75,204.67477839935495
39.75,39.76,229.73967099940702
39.76,39.77,232.40911739156792
39.77,39.78,233.75544971224912
39.78,39.79,235.10958125672175
39.79,39.8,236.47155720542963
39.8,39.81,239.21922434748075
39.81,39.82,241.99881784385852
39.82,39.83,244.81070866093103
39.83,39.84,246.2288826689832
39.84,39.85,247.65527207548806
39.85,39.86,249.08992447176465
39.86,39.87,254.91212546385245
39.87,39.88,263.9015821545788
39.88,39.89,265.4303484677136
39.89,39.9,247.65527207548806
39.9,39.91,249.08992447176465
39.91,39.92,249.08992447176465
39.92,39.93,247.65527207548806
39.93,39.94,247.65527207548806
39.94,39.95,0.0
39.95,39.96,294.5134116201051
39.96,39.97,296.2195104573129
39.97,39.98,294.5134116201051
39.98,39.99,294.5134116201051
39.99,40.0,294.5134116201051
40.0,40.01,296.2195104573129
40.01,40.02,296.2195104573129
40.02,40.03,297.93549262454053
40.03,40.04,299.66141537533633
40.04,40.05,299.66141537533633
40.05,40.06,299.66141537533633
40.06,40.07,297.93549262454053
40.07,40.08,297.93549262454053
40.08,40.09,296.2195104573129
40.09,40.1,292.81713918912504
40.1,40.11,284.4812036394563
40.11,40.12,286.12918648705164
40.12,40.13,284.4812036394563
40.13,40.14,284.4812036394563
40.14,40.15,282.842712474619
40.15,40.16,281.2136583244699
40.16,40.17,277.98364396846745
40.17,40.18,273.20805135087915
40.18,40.19,268.51450055605267
40.19,40.2,262.38162088748976
40.2,40.21,254.91212546385245
40.21,40.22,256.3888163841458
40.22,40.23,257.8740616879158
40.23,40.24,259.3679109302019
40.24,40.25,257.8740616879158
40.25,40.26,257.8740616879158
40.26,40.27,257.8740616879158
40.27,40.28,257.8740616879158
40.28,40.29,259.3679109302019
40.29,40.3,259.3679109302019
40.3,40.31,259.3679109302019
40.31,40.32,259.3679109302019
40.32,40.33,257.8740616879158
40.33,40.34,256.3888163841458
40.34,40.35,254.91212546385245
40.35,40.36,251.98420997897463
40.36,40.37,247.65527207548806
40.37,40.38,237.8414230005442
40.38,40.39,254.91212546385245
40.39,40.4,254.91212546385245
40.4,40.41,0.0
40.41,40.42,0.0
40.42,40.43,0.0
40.43,40.44,0.0
40.44,40.45,0.0
40.45,40.46,0.0
40.46,40.47,297.93549262454053
40.47,40.48,286.12918648705164
40.48,40.49,273.20805135087915
40.49,40.5,265.4303484677136
40.5,40.51,263.9015821545788
40.51,40.52,262.38162088748976
40.52,40.53,260.87041395311286
40.53,40.54,260.87041395311286
40.54,40.55,260.87041395311286
40.55,40.56,259.3679109302019
40.56,40.57,259.3679109302019
40.57,40.58,257.8740616879158
40.58,40.59,259.3679109302019
40.59,40.6,265.4303484677136
40.6,40.61,273.20805135087915
40.61,40.62,281.2136583244699
40.62,40.63,282.842712474619
40.63,40.64,284.4812036394563
40.64,40.65,279.5939868358039
40.65,40.66,277.98364396846745
40.66,40.67,0.0
40.67,40.68,0.0
40.68,40.69,279.5939868358039
40.69,40.7,279.5939868358039
40.7,40.71,284.4812036394563
40.71,40.72,289.4538474880756
40.72,40.73,287.786716002164
40.73,40.74,287.786716002164
40.74,40.75,289.4538474880756
40.75,40.76,286.12918648705164
40.76,40.77,281.2136583244699
40.77,40.78,271.6344887654643
40.78,40.79,263.9015821545788
40.79,40.8,277.98364396846745
40.8,40.81,0.0
40.81,40.82,0.0
40.82,40.83,250.53288772482563
40.83,40.84,251.98420997897463
40.84,40.85,246.2288826689832
40.85,40.86,241.99881784385852
40.86,40.87,239.21922434748075
40.87,40.88,235.10958125672175
40.88,40.89,231.07053937445463
40.89,40.9,228.41646786215435
40.9,40.91,227.10088581417543
40.91,40.92,225.79288096122622
40.92,40.93,225.79288096122622
40.93,40.94,225.79288096122622
40.94,40.95,225.79288096122622
40.95,40.96,225.79288096122622
40.96,40.97,225.79288096122622
40.97,40.98,223.1994285260446
40.98,40.99,223.1994285260446
40.99,41.0,225.79288096122622
41.0,41.01,221.91389441356898
41.01,41.02,220.63576443274928
41.02,41.03,219.36499593892518
41.03,41.04,219.36499593892518
41.04,41.05,216.8453740602837
41.05,41.06,209.4588245641254
41.06,41.07,205.86044732869837
41.07,41.08,207.05298476827548
41.08,41.09,207.05298476827548
41.09,41.1,205.86044732869837
41.1,41.11,205.86044732869837
41.11,41.12,205.86044732869837
41.12,41.13,204.67477839935495
41.13,41.14,204.67477839935495
41.14,41.15,202.3238880603845
41.15,41.16,197.70280407057922
41.16,41.17,181.29427068562208
41.17,41.18,188.7748625363387
41.18,41.19,205.86044732869837
41.19,41.2,0.0
41.2,41.21,235.10958125672175
41.21,41.22,224.49240966187455
41.22,41.23,220.63576443274928
41.23,41.24,219.36499593892518
41.24,41.25,216.8453740602837
41.25,41.26,216.8453740602837
41.26,41.27,215.59643660857103
41.27,41.28,214.35469250725862
41.28,41.29,214.35469250725862
41.29,41.3,215.59643660857103
41.3,41.31,210.67220719096719
41.31,41.32,211.89261887185907
41.32,41.33,214.35469250725862
41.33,41.34,214.35469250725862
41.34,41.35,215.59643660857103
41.35,41.36,215.59643660857103
41.36,41.37,219.36499593892518
41.37,41.38,225.79288096122622
41.38,41.39,227.10088581417543
41.39,41.4,227.10088581417543
41.4,41.41,228.41646786215435
41.41,41.42,228.41646786215435
41.42,41.43,229.73967099940702
41.43,41.44,229.73967099940702
41.44,41.45,232.40911739156792
41.45,41.46,236.47155720542963
41.46,41.47,237.8414230005442
41.47,41.48,239.21922434748075
41.48,41.49,240.60500721642333
41.49,41.5,240.60500721642333
41.5,41.51,239.21922434748075
41.51,41.52,237.8414230005442
41.52,41.53,237.8414230005442
41.53,41.54,236.47155720542963
41.54,41.55,236.47155720542963
41.55,41.56,236.47155720542963
41.56,41.57,236.47155720542963
41.57,41.58,237.8414230005442
41.58,41.59,239.21922434748075
41.59,41.6,241.99881784385852
41.6,41.61,241.99881784385852
41.61,41.62,241.99881784385852
41.62,41.63,240.60500721642333
41.63,41.64,239.21922434748075
41.64,41.65,235.10958125672175
41.65,41.66,233.75544971224912
41.66,41.67,233.75544971224912
41.67,41.68,233.75544971224912
41.68,41.69,233.75544971224912
41.69,41.7,233.75544971224912
41.7,41.71,233.75544971224912
41.71,41.72,233.75544971224912
41.72,41.73,235.10958125672175
41.73,41.74,235.10958125672175
41.74,41.75,236.47155720542963
41.75,41.76,236.47155720542963
41.76,41.77,237.8414230005442
41.77,41.78,239.21922434748075
41.78,41.79,241.99881784385852
41.79,41.8,243.40070273411817
41.8,41.81,243.40070273411817
41.81,41.82,240.60500721642333
41.82,41.83,237.8414230005442
41.83,41.84,236.47155720542963
41.84,41.85,236.47155720542963
41.85,41.86,236.47155720542963
41.86,41.87,236.47155720542963
41.87,41.88,236.47155720542963
41.88,41.89,236.47155720542963
41.89,41.9,235.10958125672175
41.9,41.91,236.47155720542963
41.91,41.92,235.10958125672175
41.92,41.93,235.10958125672175
41.93,41.94,235.10958125672175
41.94,41.95,236.47155720542963
41.95,41.96,236.47155720542963
41.96,41.97,237.8414230005442
41.97,41.98,237.8414230005442
41.98,41.99,237.8414230005442
41.99,42.0,236.47155720542963
42.0,42.01,236.47155720542963
42.01,42.02,235.10958125672175
42.02,42.03,236.47155720542963
42.03,42.04,236.47155720542963
42.04,42.05,236.47155720542963
42.05,42.06,237.8414230005442
42.06,42.07,237.8414230005442
42.07,42.08,0.0
42.08,42.09,0.0
42.09,42.1,0.0
42.1,42.11,0.0
42.11,42.12,0.0
42.12,42.13,0.0
42.13,42.14,0.0
42.14,42.15,0.0
42.15,42.16,0.0
42.16,42.17,0.0
42.17,42.18,0.0
42.18,42.19,0.0
42.19,42.2,0.0
42.2,42.21,0.0
42.21,42.22,0.0
42.22,42.23,0.0
42.23,42.24,0.0
42.24,42.25,0.0
42.25,42.26,219.36499593892518
42.26,42.27,216.8453740602837
42.27,42.28,218.10154653305153
42.28,42.29,219.36499593892518
42.29,42.3,223.1994285260446
42.3,42.31,224.49240966187455
42.31,42.32,224.49240966187455
42.32,42.33,225.79288096122622
42.33,42.34,229.73967099940702
42.34,42.35,229.73967099940702
42.35,42.36,231.07053937445463
42.36,42.37,232.40911739156792
42.37,42.38,235.10958125672175
42.38,42.39,236.47155720542963
42.39,42.4,239.21922434748075
42.4,42.41,239.21922434748075
42.41,42.42,237.8414230005442
42.42,42.43,237.8414230005442
42.43,42.44,237.8414230005442
42.44,42.45,236.47155720542963
42.45,42.46,236.47155720542963
42.46,42.47,235.10958125672175
42.47,42.48,233.75544971224912
42.48,42.49,232.40911739156792
42.49,42.5,231.07053937445463
42.5,42.51,228.41646786215435
42.51,42.52,225.79288096122622
42.52,42.53,224.49240966187455
42.53,42.54,221.91389441356898
42.54,42.55,223.1994285260446
42.55,42.56,221.91389441356898
42.56,42.57,219.36499593892518
42.57,42.58,216.8453740602837
42.58,42.59,215.59643660857103
42.59,42.6,213.12010032569688
42.6,42.61,211.89261887185907
42.61,42.62,210.67220719096719
42.62,42.63,210.67220719096719
42.63,42.64,210.67220719096719
42.64,42.65,211.89261887185907
42.65,42.66,211.89261887185907
42.66,42.67,213.12010032569688
42.67,42.68,213.12010032569688
42.68,42.69,211.89261887185907
42.69,42.7,211.89261887185907
42.7,42.71,211.89261887185907
42.71,42.72,211.89261887185907
42.72,42.73,213.12010032569688
42.73,42.74,213.12010032569688
42.74,42.75,213.12010032569688
42.75,42.76,214.35469250725862
42.76,42.77,213.12010032569688
42.77,42.78,210.67220719096719
42.78,42.79,207.05298476827548
42.79,42.8,204.67477839935495
42.8,42.81,205.86044732869837
42.81,42.82,205.86044732869837
42.82,42.83,205.86044732869837
42.83,42.84,203.49593842053727
42.84,42.85,205.86044732869837
42.85,42.86,209.4588245641254
42.86,42.87,208.25243050696125
42.87,42.88,207.05298476827548
42.88,42.89,207.05298476827548
42.89,42.9,207.05298476827548
42.9,42.91,208.25243050696125
42.91,42.92,208.25243050696125
42.92,42.93,208.25243050696125
42.93,42.94,208.25243050696125
42.94,42.95,208.25243050696125
42.95,42.96,208.25243050696125
42.96,42.97,208.25243050696125
42.97,42.98,209.4588245641254
42.98,42.99,210.67220719096719
42.99,43.0,214.35469250725862
43.0,43.01,219.36499593892518
43.01,43.02,221.91389441356898
43.02,43.03,221.91389441356898
43.03,43.04,215.59643660857103
43.04,43.05,210.67220719096719
43.05,43.06,210.67220719096719
43.06,43.07,209.4588245641254
43.07,43.08,209.4588245641254
43.08,43.09,209.4588245641254
43.09,43.1,209.4588245641254
43.1,43.11,209.4588245641254
43.11,43.12,209.4588245641254
43.12,43.13,208.25243050696125
43.13,43.14,209.4588245641254
43.14,43.15,209.4588245641254
43.15,43.16,209.4588245641254
43.16,43.17,209.4588245641254
43.17,43.18,209.4588245641254
43.18,43.19,209.4588245641254
43.19,43.2,208.25243050696125
43.2,43.21,208.25243050696125
43.21,43.22,209.4588245641254
43.22,43.23,207.05298476827548
43.23,43.24,207.05298476827548
43.24,43.25,207.05298476827548
43.25,43.26,211.89261887185907
43.26,43.27,0.0
43.27,43.28,0.0
43.28,43.29,0.0
43.29,43.3,0.0
43.3,43.31,0.0
43.31,43.32,0.0
43.32,43.33,0.0
43.33,43.34,0.0
43.34,43.35,0.0
43.35,43.36,0.0
43.36,43.37,0.0
43.37,43.38,0.0
43.38,43.39,0.0
43.39,43.4,0.0
43.4,43.41,0.0
43.41,43.42,0.0
43.42,43.43,0.0
43.43,43.44,0.0
43.44,43.45,0.0
43.45,43.46,0.0
43.46,43.47,0.0
43.47,43.48,0.0
43.48,43.49,0.0
43.49,43.5,0.0
43.5,43.51,0.0
43.51,43.52,0.0
43.52,43.53,0.0
43.53,43.54,0.0
43.54,43.55,0.0
43.55,43.56,0.0
43.56,43.57,0.0
43.57,43.58,0.0
43.58,43.59,0.0
43.59,43.6,0.0
43.6,43.61,0.0
43.61,43.62,0.0
43.62,43.63,0.0
43.63,43.64,0.0
43.64,43.65,0.0
43.65,43.66,0.0
43.66,43.67,0.0
43.67,43.68,0.0
43.68,43.69,0.0
43.69,43.7,0.0
43.7,43.71,0.0
43.71,43.72,0.0
43.72,43.73,0.0
43.73,43.74,0.0
43.74,43.75,0.0
43.75,43.76,0.0
43.76,43.77,0.0
43.77,43.78,0.0
43.78,43.79,0.0
43.79,43.8,0.0
43.8,43.81,0.0
43.81,43.82,0.0
43.82,43.83,0.0
43.83,43.84,0.0
43.84,43.85,0.0
43.85,43.86,0.0
43.86,43.87,0.0
43.87,43.88,0.0
43.88,43.89,0.0
43.89,43.9,0.0
43.9,43.91,0.0
43.91,43.92,0.0
43.92,43.93,0.0
43.93,43.94,0.0
43.94,43.95,0.0
43.95,43.96,0.0
43.96,43.97,0.0
43.97,43.98,0.0
43.98,43.99,0.0
43.99,44.0,0.0
44.0,44.01,0.0
44.01,44.02,0.0
44.02,44.03,0.0
44.03,44.04,0.0
44.04,44.05,0.0
44.05,44.06,0.0
44.06,44.07,0.0
44.07,44.08,0.0
44.08,44.09,0.0
44.09,44.1,0.0
44.1,44.11,0.0
44.11,44.12,0.0
44.12,44.13,0.0
44.13,44.14,0.0
44.14,44.15,0.0
44.15,44.16,0.0
44.16,44.17,0.0
44.17,44.18,0.0
44.18,44.19,0.0
44.19,44.2,0.0
44.2,44.21,0.0
44.21,44.22,0.0
44.22,44.23,0.0
44.23,44.24,0.0
44.24,44.25,0.0
44.25,44.26,0.0
44.26,44.27,0.0
44.27,44.28,0.0
44.28,44.29,0.0
44.29,44.3,0.0
44.3,44.31,0.0
44.31,44.32,0.0
44.32,44.33,0.0
44.33,44.34,0.0
44.34,44.35,0.0
44.35,44.36,0.0
44.36,44.37,0.0
44.37,44.38,0.0
44.38,44.39,0.0
44.39,44.4,0.0
44.4,44.41,0.0
44.41,44.42,0.0
44.42,44.43,0.0
44.43,44.44,0.0
44.44,44.45,0.0
44.45,44.46,0.0
44.46,44.47,0.0
44.47,44.48,0.0
44.48,44.49,250.53288772482563
44.49,44.5,236.47155720542963
44.5,44.51,225.79288096122622
44.51,44.52,219.36499593892518
44.52,44.53,214.35469250725862
44.53,44.54,211.89261887185907
44.54,44.55,209.4588245641254
44.55,44.56,208.25243050696125
44.56,44.57,207.05298476827548
44.57,44.58,205.86044732869837
44.58,44.59,204.67477839935495
44.59,44.6,202.3238880603845
44.6,44.61,200.0
44.61,44.62,196.56411970905023
44.62,44.63,197.70280407057922
44.63,44.64,198.8480847635095
44.64,44.65,198.8480847635095
44.65,44.66,198.8480847635095
44.66,44.67,197.70280407057922
44.67,44.68,196.56411970905023
44.68,44.69,195.43199368684918
44.69,44.7,195.43199368684918
44.7,44.71,195.43199368684918
44.71,44.72,195.43199368684918
44.72,44.73,195.43199368684918
44.73,44.74,195.43199368684918
44.74,44.75,195.43199368684918
44.75,44.76,196.56411970905023
44.76,44.77,197.70280407057922
44.77,44.78,200.0
44.78,44.79,201.15858821357068
44.79,44.8,202.3238880603845
44.8,44.81,202.3238880603845
44.81,44.82,202.3238880603845
44.82,44.83,202.3238880603845
44.83,44.84,198.8480847635095
44.84,44.85,195.43199368684918
44.85,44.86,192.07458901020084
44.86,44.87,189.86842419010387
44.87,44.88,0.0
44.88,44.89,0.0
44.89,44.9,0.0
44.9,44.91,0.0
44.91,44.92,0.0
44.92,44.93,0.0
44.93,44.94,0.0
44.94,44.95,0.0
44.95,44.96,0.0
44.96,44.97,0.0
44.97,44.98,0.0
44.98,44.99,218.10154653305153
44.99,45.0,218.10154653305153
45.0,45.01,214.35469250725862
45.01,45.02,209.4588245641254
45.02,45.03,210.67220719096719
45.03,45.04,213.12010032569688
45.04,45.05,0.0
45.05,45.06,0.0
45.06,45.07,0.0
45.07,45.08,0.0
45.08,45.09,0.0
45.09,45.1,0.0
45.1,45.11,0.0
45.11,45.12,0.0
45.12,45.13,0.0
45.13,45.14,0.0
45.14,45.15,0.0
45.15,45.16,202.3238880603845
45.16,45.17,201.15858821357068
45.17,45.18,198.8480847635095
45.18,45.19,197.70280407057922
45.19,45.2,197.70280407057922
45.2,45.21,196.56411970905023
45.21,45.22,194.30638823072118
45.22,45.23,189.86842419010387
45.23,45.24,188.7748625363387
45.24,45.25,187.68759933422865
45.25,45.26,184.46323871718783
45.26,45.27,179.21192838239048
45.27,45.28,178.17974362806785
45.28,45.29,177.1535038204721
45.29,45.3,177.1535038204721
45.3,45.31,176.1331747192297
45.31,45.32,174.11011265922482
45.32,45.33,173.1073122012286
45.33,45.34,171.11900513652043
45.34,45.35,170.13343219017113
45.35,45.36,170.13343219017113
45.36,45.37,170.13343219017113
45.37,45.38,170.13343219017113
45.38,45.39,169.1535357262897
45.39,45.4,168.1792830507429
45.4,45.41,165.29006363084235
45.41,45.42,163.39154532410998
45.42,45.43,161.5148333600084
45.43,45.44,166.24757922855756
45.44,45.45,165.29006363084235
45.45,45.46,161.5148333600084
45.46,45.47,160.5845763726753
45.47,45.48,161.5148333600084
45.48,45.49,161.5148333600084
45.49,45.5,161.5148333600084
45.5,45.51,160.5845763726753
45.51,45.52,162.4504792712471
45.52,45.53,165.29006363084235
45.53,45.54,166.24757922855756
45.54,45.55,166.24757922855756
45.55,45.56,165.29006363084235
45.56,45.57,164.33806291715806
45.57,45.58,163.39154532410998
45.58,45.59,162.4504792712471
45.59,45.6,161.5148333600084
45.6,45.61,160.5845763726753
45.61,45.62,0.0
45.62,45.63,0.0
45.63,45.64,0.0
45.64,45.65,0.0
45.65,45.66,149.83070768766817
45.66,45.67,148.96774631227024
45.67,45.68,148.96774631227024
45.68,45.69,149.83070768766817
45.69,45.7,0.0
45.7,45.71,0.0
45.71,45.72,0.0
45.72,45.73,0.0
45.73,45.74,0.0
45.74,45.75,0.0
45.75,45.76,0.0
45.76,45.77,0.0
45.77,45.78,0.0
45.78,45.79,0.0
45.79,45.8,0.0
45.8,45.81,0.0
45.81,45.82,0.0
45.82,45.83,0.0
45.83,45.84,0.0
45.84,45.85,0.0
45.85,45.86,0.0
45.86,45.87,0.0
45.87,45.88,0.0
45.88,45.89,0.0
45.89,45.9,0.0
45.9,45.91,0.0
45.91,45.92,0.0
45.92,45.93,0.0
45.93,45.94,0.0
45.94,45.95,0.0
45.95,45.96,0.0
45.96,45.97,0.0
45.97,45.98,0.0
45.98,45.99,0.0
45.99,46.0,0.0
46.0,46.01,0.0
46.01,46.02,0.0
46.02,46.03,0.0
46.03,46.04,0.0
46.04,46.05,0.0
46.05,46.06,0.0
46.06,46.07,0.0
46.07,46.08,0.0
46.08,46.09,0.0
46.09,46.1,0.0
46.1,46.11,0.0
46.11,46.12,0.0
46.12,46.13,0.0
46.13,46.14,0.0
46.14,46.15,0.0
46.15,46.16,0.0
46.16,46.17,0.0
46.17,46.18,0.0
46.18,46.19,0.0
46.19,46.2,0.0
46.2,46.21,0.0
46.21,46.22,0.0
46.22,46.23,0.0
46.23,46.24,0.0
46.24,46.25,0.0
46.25,46.26,0.0
46.26,46.27,0.0
46.27,46.28,0.0
46.28,46.29,0.0
46.29,46.3,0.0
46.3,46.31,0.0
46.31,46.32,0.0
46.32,46.33,0.0
46.33,46.34,0.0
46.34,46.35,0.0
46.35,46.36,0.0
46.36,46.37,0.0
46.37,46.38,0.0
46.38,46.39,0.0
46.39,46.4,0.0
46.4,46.41,0.0
46.41,46.42,0.0
46.42,46.43,0.0
46.43,46.44,0.0
46.44,46.45,0.0
46.45,46.46,0.0
46.46,46.47,0.0
46.47,46.48,0.0
46.48,46.49,0.0
46.49,46.5,0.0
46.5,46.51,0.0
46.51,46.52,0.0
46.52,46.53,0.0
46.53,46.54,0.0
46.54,46.55,0.0
46.55,46.56,0.0
46.56,46.57,0.0
46.57,46.58,0.0
46.58,46.59,0.0
46.59,46.6,0.0
46.6,46.61,0.0
46.61,46.62,0.0
46.62,46.63,0.0
46.63,46.64,0.0
46.64,46.65,0.0
46.65,46.66,0.0
46.66,46.67,0.0
46.67,46.68,0.0
46.68,46.69,0.0
46.69,46.7,0.0
46.7,46.71,0.0
46.71,46.72,0.0
46.72,46.73,0.0
46.73,46.74,0.0
46.74,46.75,187.68759933422865
46.75,46.76,182.34449771164336
46.76,46.77,173.1073122012286
46.77,46.78,168.1792830507429
46.78,46.79,182.34449771164336
46.79,46.8,197.70280407057922
46.8,46.81,205.86044732869837
46.81,46.82,205.86044732869837
46.82,46.83,207.05298476827548
46.83,46.84,208.25243050696125
46.84,46.85,209.4588245641254
46.85,46.86,210.67220719096719
46.86,46.87,210.67220719096719
46.87,46.88,210.67220719096719
46.88,46.89,209.4588245641254
46.89,46.9,208.25243050696125
46.9,46.91,207.05298476827548
46.91,46.92,205.86044732869837
46.92,46.93,203.49593842053727
46.93,46.94,200.0
46.94,46.95,196.56411970905023
46.95,46.96,194.30638823072118
46.96,46.97,189.86842419010387
46.97,46.98,184.46323871718783
46.98,46.99,178.17974362806785
46.99,47.0,179.21192838239048
47.0,47.01,196.56411970905023
47.01,47.02,0.0
47.02,47.03,0.0
47.03,47.04,0.0
47.04,47.05,0.0
47.05,47.06,0.0
47.06,47.07,0.0
47.07,47.08,0.0
47.08,47.09,0.0
47.09,47.1,0.0
47.1,47.11,0.0
47.11,47.12,0.0
47.12,47.13,0.0
47.13,47.14,0.0
47.14,47.15,0.0
47.15,47.16,0.0
47.16,47.17,0.0
47.17,47.18,0.0
47.18,47.19,0.0
47.19,47.2,0.0
47.2,47.21,0.0
47.21,47.22,0.0
47.22,47.23,0.0
47.23,47.24,0.0
47.24,47.25,0.0
47.25,47.26,0.0
47.26,47.27,0.0
47.27,47.28,0.0
47.28,47.29,0.0
47.29,47.3,0.0
47.3,47.31,0.0
47.31,47.32,0.0
47.32,47.33,0.0
47.33,47.34,0.0
47.34,47.35,0.0
47.35,47.36,0.0
47.36,47.37,0.0
47.37,47.38,0.0
47.38,47.39,0.0
47.39,47.4,0.0
47.4,47.41,0.0
47.41,47.42,0.0
47.42,47.43,0.0
47.43,47.44,0.0
47.44,47.45,0.0
47.45,47.46,0.0
47.46,47.47,0.0
47.47,47.48,0.0
47.48,47.49,0.0
47.49,47.5,0.0
47.5,47.51,223.1994285260446
47.51,47.52,220.63576443274928
47.52,47.53,223.1994285260446
47.53,47.54,224.49240966187455
47.54,47.55,225.79288096122622
47.55,47.56,227.10088581417543
47.56,47.57,228.41646786215435
47.57,47.58,236.47155720542963
47.58,47.59,229.73967099940702
47.59,47.6,228.41646786215435
47.6,47.61,225.79288096122622
47.61,47.62,223.1994285260446
47.62,47.63,219.36499593892518
47.63,47.64,213.12010032569688
47.64,47.65,208.25243050696125
47.65,47.66,203.49593842053727
47.66,47.67,200.0
47.67,47.68,0.0
47.68,47.69,188.7748625363387
47.69,47.7,180.25009252216606
47.7,47.71,175.11872228117704
47.71,47.72,172.11028744886602
47.72,47.73,171.11900513652043
47.73,47.74,169.1535357262897
47.74,47.75,167.2106416577019
47.75,47.76,167.2106416577019
47.76,47.77,166.24757922855756
47.77,47.78,165.29006363084235
47.78,47.79,163.39154532410998
47.79,47.8,164.33806291715806
47.8,47.81,166.24757922855756
47.81,47.82,167.2106416577019
47.82,47.83,168.1792830507429
47.83,47.84,171.11900513652043
47.84,47.85,173.1073122012286
47.85,47.86,173.1073122012286
47.86,47.87,174.11011265922482
47.87,47.88,174.11011265922482
47.88,47.89,174.11011265922482
47.89,47.9,175.11872228117704
47.9,47.91,176.1331747192297
47.91,47.92,177.1535038204721
47.92,47.93,176.1331747192297
47.93,47.94,176.1331747192297
47.94,47.95,172.11028744886602
47.95,47.96,175.11872228117704
47.96,47.97,175.11872228117704
47.97,47.98,174.11011265922482
47.98,47.99,173.1073122012286
47.99,48.0,173.1073122012286
48.0,48.01,174.11011265922482
48.01,48.02,0.0
48.02,48.03,0.0
48.03,48.04,0.0
48.04,48.05,0.0
48.05,48.06,0.0
48.06,48.07,0.0
48.07,48.08,0.0
48.08,48.09,194.30638823072118
48.09,48.1,187.68759933422865
48.1,48.11,185.5318233882619
48.11,48.12,185.5318233882619
48.12,48.13,184.46323871718783
48.13,48.14,183.40080864093423
48.14,48.15,185.5318233882619
48.15,48.16,194.30638823072118
48.16,48.17,186.60659830736148
48.17,48.18,184.46323871718783
48.18,48.19,184.46323871718783
48.19,48.2,185.5318233882619
48.2,48.21,186.60659830736148
48.21,48.22,185.5318233882619
48.22,48.23,185.5318233882619
48.23,48.24,186.60659830736148
48.24,48.25,187.68759933422865
48.25,48.26,0.0
48.26,48.27,0.0
48.27,48.28,0.0
48.28,48.29,0.0
48.29,48.3,0.0
48.3,48.31,0.0
48.31,48.32,0.0
48.32,48.33,0.0
48.33,48.34,198.8480847635095
48.34,48.35,197.70280407057922
48.35,48.36,196.56411970905023
48.36,48.37,196.56411970905023
48.37,48.38,195.43199368684918
48.38,48.39,195.43199368684918
48.39,48.4,195.43199368684918
48.4,48.41,195.43199368684918
48.41,48.42,195.43199368684918
48.42,48.43,195.43199368684918
48.43,48.44,195.43199368684918
48.44,48.45,196.56411970905023
48.45,48.46,196.56411970905023
48.46,48.47,196.56411970905023
48.47,48.48,196.56411970905023
48.48,48.49,196.56411970905023
48.49,48.5,195.43199368684918
48.5,48.51,195.43199368684918
48.51,48.52,194.30638823072118
48.52,48.53,194.30638823072118
48.53,48.54,194.30638823072118
48.54,48.55,194.30638823072118
48.55,48.56,195.43199368684918
48.56,48.57,196.56411970905023
48.57,48.58,196.56411970905023
48.58,48.59,196.56411970905023
48.59,48.6,196.56411970905023
48.6,48.61,196.56411970905023
48.61,48.62,196.56411970905023
48.62,48.63,196.56411970905023
48.63,48.64,197.70280407057922
48.64,48.65,197.70280407057922
48.65,48.66,198.8480847635095
48.66,48.67,200.0
48.67,48.68,201.15858821357068
48.68,48.69,202.3238880603845
48.69,48.7,210.67220719096719
48.7,48.71,214.35469250725862
48.71,48.72,223.1994285260446
48.72,48.73,225.79288096122622
48.73,48.74,228.41646786215435
48.74,48.75,229.73967099940702
48.75,48.76,231.07053937445463
48.76,48.77,233.75544971224912
48.77,48.78,235.10958125672175
48.78,48.79,239.21922434748075
48.79,48.8,243.40070273411817
48.8,48.81,251.98420997897463
48.81,48.82,265.4303484677136
48.82,48.83,266.96797083400685
48.83,48.84,262.38162088748976
48.84,48.85,257.8740616879158
48.85,48.86,241.99881784385852
48.86,48.87,243.40070273411817
48.87,48.88,259.3679109302019
48.88,48.89,260.87041395311286
48.89,48.9,260.87041395311286
48.9,48.91,257.8740616879158
48.91,48.92,256.3888163841458
48.92,48.93,253.44393965741244
48.93,48.94,250.53288772482563
48.94,48.95,240.60500721642333
48.95,48.96,232.40911739156792
48.96,48.97,0.0
48.97,48.98,0.0
48.98,48.99,266.96797083400685
48.99,49.0,266.96797083400685
49.0,49.01,265.4303484677136
49.01,49.02,260.87041395311286
49.02,49.03,259.3679109302019
49.03,49.04,257.8740616879158
49.04,49.05,247.65527207548806
49.05,49.06,223.1994285260446
49.06,49.07,221.91389441356898
49.07,49.08,220.63576443274928
49.08,49.09,219.36499593892518
49.09,49.1,221.91389441356898
49.1,49.11,221.91389441356898
49.11,49.12,220.63576443274928
49.12,49.13,216.8453740602837
49.13,49.14,208.25243050696125
49.14,49.15,200.0
49.15,49.16,220.63576443274928
49.16,49.17,213.12010032569688
49.17,49.18,210.67220719096719
49.18,49.19,210.67220719096719
49.19,49.2,209.4588245641254
49.2,49.21,208.25243050696125
49.21,49.22,204.67477839935495
49.22,49.23,200.0
49.23,49.24,188.7748625363387
49.24,49.25,208.25243050696125
49.25,49.26,208.25243050696125
49.26,49.27,207.05298476827548
49.27,49.28,208.25243050696125
49.28,49.29,211.89261887185907
49.29,49.3,0.0
49.3,49.31,0.0
49.31,49.32,0.0
49.32,49.33,223.1994285260446
49.33,49.34,210.67220719096719
49.34,49.35,210.67220719096719
49.35,49.36,210.67220719096719
49.36,49.37,210.67220719096719
49.37,49.38,209.4588245641254
49.38,49.39,209.4588245641254
49.39,49.4,208.25243050696125
49.4,49.41,205.86044732869837
49.41,49.42,203.49593842053727
49.42,49.43,202.3238880603845
49.43,49.44,200.0
49.44,49.45,200.0
49.45,49.46,200.0
49.46,49.47,198.8480847635095
49.47,49.48,198.8480847635095
49.48,49.49,197.70280407057922
49.49,49.5,195.43199368684918
49.5,49.51,193.1872657849691
49.51,49.52,190.9683207820833
49.52,49.53,188.7748625363387
49.53,49.54,185.5318233882619
49.54,49.55,182.34449771164336
49.55,49.56,179.21192838239048
49.56,49.57,176.1331747192297
49.57,49.58,172.11028744886602
49.58,49.59,176.1331747192297
49.59,49.6,184.46323871718783
49.6,49.61,192.07458901020084
49.61,49.62,197.70280407057922
49.62,49.63,200.0
49.63,49.64,198.8480847635095
49.64,49.65,197.70280407057922
49.65,49.66,195.43199368684918
49.66,49.67,193.1872657849691
49.67,49.68,192.07458901020084
49.68,49.69,190.9683207820833
49.69,49.7,189.86842419010387
49.7,49.71,188.7748625363387
49.71,49.72,187.68759933422865
49.72,49.73,186.60659830736148
49.73,49.74,185.5318233882619
49.74,49.75,185.5318233882619
49.75,49.76,184.46323871718783
49.76,49.77,185.5318233882619
49.77,49.78,185.5318233882619
49.78,49.79,185.5318233882619
49.79,49.8,185.5318233882619
49.8,49.81,184.46323871718783
49.81,49.82,183.40080864093423
49.82,49.83,182.34449771164336
49.83,49.84,180.25009252216606
49.84,49.85,180.25009252216606
49.85,49.86,181.29427068562208
49.86,49.87,179.21192838239048
49.87,49.88,178.17974362806785
49.88,49.89,180.25009252216606
49.89,49.9,179.21192838239048
49.9,49.91,177.1535038204721
49.91,49.92,177.1535038204721
49.92,49.93,176.1331747192297
49.93,49.94,176.1331747192297
49.94,49.95,176.1331747192297
49.95,49.96,175.11872228117704
49.96,49.97,175.11872228117704
49.97,49.98,175.11872228117704
49.98,49.99,175.11872228117704
49.99,50.0,175.11872228117704
50.0,50.01,175.11872228117704
50.01,50.02,174.11011265922482
50.02,50.03,174.11011265922482
50.03,50.04,174.11011265922482
50.04,50.05,174.11011265922482
50.05,50.06,174.11011265922482
50.06,50.07,174.11011265922482
50.07,50.08,173.1073122012286
50.08,50.09,173.1073122012286
50.09,50.1,172.11028744886602
50.1,50.11,171.11900513652043
50.11,50.12,171.11900513652043
50.12,50.13,170.13343219017113
50.13,50.14,169.1535357262897
50.14,50.15,170.13343219017113
50.15,50.16,171.11900513652043
50.16,50.17,171.11900513652043
50.17,50.18,172.11028744886602
50.18,50.19,172.11028744886602
50.19,50.2,172.11028744886602
50.2,50.21,171.11900513652043
50.21,50.22,171.11900513652043
50.22,50.23,170.13343219017113
50.23,50.24,170.13343219017113
50.24,50.25,170.13343219017113
50.25,50.26,170.13343219017113
50.26,50.27,169.1535357262897
50.27,50.28,169.1535357262897
50.28,50.29,168.1792830507429
50.29,50.3,167.2106416577019
50.3,50.31,166.24757922855756
50.31,50.32,166.24757922855756
50.32,50.33,166.24757922855756
50.33,50.34,167.2106416577019
50.34,50.35,167.2106416577019
50.35,50.36,167.2106416577019
50.36,50.37,167.2106416577019
50.37,50.38,166.24757922855756
50.38,50.39,166.24757922855756
50.39,50.4,165.29006363084235
50.4,50.41,164.33806291715806
50.41,50.42,164.33806291715806
50.42,50.43,163.39154532410998
50.43,50.44,163.39154532410998
50.44,50.45,162.4504792712471
50.45,50.46,162.4504792712471
50.46,50.47,161.5148333600084
50.47,50.48,161.5148333600084
50.48,50.49,160.5845763726753
50.49,50.5,160.5845763726753
50.5,50.51,160.5845763726753
50.51,50.52,161.5148333600084
50.52,50.53,161.5148333600084
50.53,50.54,162.4504792712471
50.54,50.55,162.4504792712471
50.55,50.56,161.5148333600084
50.56,50.57,161.5148333600084
50.57,50.58,160.5845763726753
50.58,50.59,160.5845763726753
50.59,50.6,161.5148333600084
50.6,50.61,162.4504792712471
50.61,50.62,162.4504792712471
50.62,50.63,162.4504792712471
50.63,50.64,162.4504792712471
50.64,50.65,161.5148333600084
50.65,50.66,160.5845763726753
50.66,50.67,159.65967727133
50.67,50.68,159.65967727133
50.68,50.69,159.65967727133
50.69,50.7,159.65967727133
50.7,50.71,159.65967727133
50.71,50.72,159.65967727133
50.72,50.73,159.65967727133
50.73,50.74,158.74010519681997
50.74,50.75,157.8258294677283
50.75,50.76,156.91681957935012
50.76,50.77,156.91681957935012
50.77,50.78,156.91681957935012
50.78,50.79,158.74010519681997
50.79,50.8,158.74010519681997
50.8,50.81,158.74010519681997
50.81,50.82,157.8258294677283
50.82,50.83,156.91681957935012
50.83,50.84,156.91681957935012
50.84,50.85,155.11447618337345
50.85,50.86,154.22108254079407
50.86,50.87,158.74010519681997
50.87,50.88,155.11447618337345
50.88,50.89,156.0130452026747
50.89,50.9,155.11447618337345
50.9,50.91,155.11447618337345
50.91,50.92,155.11447618337345
50.92,50.93,158.74010519681997
50.93,50.94,158.74010519681997
50.94,50.95,159.65967727133
50.95,50.96,158.74010519681997
50.96,50.97,157.8258294677283
50.97,50.98,0.0
50.98,50.99,0.0
50.99,51.0,0.0
51.0,51.01,0.0
51.01,51.02,0.0
51.02,51.03,0.0
51.03,51.04,0.0
51.04,51.05,0.0
51.05,51.06,0.0
51.06,51.07,0.0
51.07,51.08,0.0
51.08,51.09,0.0
51.09,51.1,0.0
51.1,51.11,0.0
51.11,51.12,0.0
51.12,51.13,0.0
51.13,51.14,0.0
51.14,51.15,0.0
51.15,51.16,0.0
51.16,51.17,0.0
51.17,51.18,0.0
51.18,51.19,0.0
51.19,51.2,205.86044732869837
51.2,51.21,200.0
51.21,51.22,194.30638823072118
51.22,51.23,190.9683207820833
51.23,51.24,188.7748625363387
51.24,51.25,187.68759933422865
51.25,51.26,186.60659830736148
51.26,51.27,185.5318233882619
51.27,51.28,184.46323871718783
51.28,51.29,184.46323871718783
51.29,51.3,184.46323871718783
51.3,51.31,184.46323871718783
51.31,51.32,184.46323871718783
51.32,51.33,185.5318233882619
51.33,51.34,186.60659830736148
51.34,51.35,190.9683207820833
51.35,51.36,0.0
51.36,51.37,0.0
51.37,51.38,0.0
51.38,51.39,0.0
51.39,51.4,183.40080864093423
51.4,51.41,173.1073122012286
51.41,51.42,172.11028744886602
51.42,51.43,171.11900513652043
51.43,51.44,171.11900513652043
51.44,51.45,169.1535357262897
51.45,51.46,166.24757922855756
51.46,51.47,152.4497023255762
51.47,51.48,167.2106416577019
51.48,51.49,174.11011265922482
51.49,51.5,0.0
51.5,51.51,0.0
51.51,51.52,0.0
51.52,51.53,0.0
51.53,51.54,0.0
51.54,51.55,0.0
51.55,51.56,0.0
51.56,51.57,0.0
51.57,51.58,0.0
51.58,51.59,0.0
51.59,51.6,0.0
51.6,51.61,0.0
51.61,51.62,0.0
51.62,51.63,0.0
51.63,51.64,0.0
51.64,51.65,0.0
51.65,51.66,0.0
51.66,51.67,0.0
51.67,51.68,0.0
51.68,51.69,0.0
51.69,51.7,0.0
51.7,51.71,0.0
51.71,51.72,0.0
51.72,51.73,0.0
51.73,51.74,0.0
51.74,51.75,0.0
51.75,51.76,0.0
51.76,51.77,0.0
51.77,51.78,0.0
51.78,51.79,0.0
51.79,51.8,0.0
51.8,51.81,0.0
51.81,51.82,0.0
51.82,51.83,0.0
51.83,51.84,0.0
51.84,51.85,0.0
51.85,51.86,0.0
51.86,51.87,0.0
51.87,51.88,0.0
51.88,51.89,0.0
51.89,51.9,0.0
51.9,51.91,0.0
51.91,51.92,0.0
51.92,51.93,0.0
51.93,51.94,0.0
51.94,51.95,0.0
51.95,51.96,0.0
51.96,51.97,0.0
51.97,51.98,0.0
51.98,51.99,0.0
51.99,52.0,0.0
52.0,52.01,0.0
52.01,52.02,0.0
52.02,52.03,0.0
52.03,52.04,0.0
52.04,52.05,0.0
52.05,52.06,0.0
52.06,52.07,0.0
52.07,52.08,0.0
52.08,52.09,0.0
52.09,52.1,0.0
52.1,52.11,0.0
52.11,52.12,0.0
52.12,52.13,0.0
52.13,52.14,0.0
52.14,52.15,0.0
52.15,52.16,0.0
52.16,52.17,0.0
52.17,52.18,0.0
52.18,52.19,0.0
52.19,52.2,0.0
52.2,52.21,0.0
52.21,52.22,0.0
52.22,52.23,0.0
52.23,52.24,0.0
52.24,52.25,0.0
52.25,52.26,0.0
52.26,52.27,0.0
52.27,52.28,0.0
52.28,52.29,0.0
52.29,52.3,0.0
52.3,52.31,0.0
52.31,52.32,0.0
52.32,52.33,0.0
52.33,52.34,0.0
52.34,52.35,0.0
52.35,52.36,0.0
52.36,52.37,227.10088581417543
52.37,52.38,228.41646786215435
52.38,52.39,228.41646786215435
52.39,52.4,228.41646786215435
52.4,52.41,228.41646786215435
52.41,52.42,225.79288096122622
52.42,52.43,224.49240966187455
52.43,52.44,224.49240966187455
52.44,52.45,224.49240966187455
52.45,52.46,225.79288096122622
52.46,52.47,223.1994285260446
52.47,52.48,218.10154653305153
52.48,52.49,214.35469250725862
52.49,52.5,209.4588245641254
52.5,52.51,205.86044732869837
52.51,52.52,200.0
52.52,52.53,195.43199368684918
52.53,52.54,190.9683207820833
52.54,52.55,187.68759933422865
52.55,52.56,185.5318233882619
52.56,52.57,184.46323871718783
52.57,52.58,183.40080864093423
52.58,52.59,181.29427068562208
52.59,52.6,181.29427068562208
52.6,52.61,179.21192838239048
52.61,52.62,177.1535038204721
52.62,52.63,185.5318233882619
52.63,52.64,186.60659830736148
52.64,52.65,187.68759933422865
52.65,52.66,188.7748625363387
52.66,52.67,188.7748625363387
52.67,52.68,189.86842419010387
52.68,52.69,190.9683207820833
52.69,52.7,193.1872657849691
52.7,52.71,196.56411970905023
52.71,52.72,200.0
52.72,52.73,202.3238880603845
52.73,52.74,203.49593842053727
52.74,52.75,208.25243050696125
52.75,52.76,211.89261887185907
52.76,52.77,215.59643660857103
52.77,52.78,215.59643660857103
52.78,52.79,214.35469250725862
52.79,52.8,211.89261887185907
52.8,52.81,207.05298476827548
52.81,52.82,198.8480847635095
52.82,52.83,196.56411970905023
52.83,52.84,0.0
52.84,52.85,0.0
52.85,52.86,0.0
52.86,52.87,0.0
52.87,52.88,0.0
52.88,52.89,270.06998923363795
52.89,52.9,271.6344887654643
52.9,52.91,274.79072949161787
52.91,52.92,277.98364396846745
52.92,52.93,279.5939868358039
52.93,52.94,282.842712474619
52.94,52.95,289.4538474880756
52.95,52.96,299.66141537533633
52.96,52.97,297.93549262454053
52.97,52.98,284.4812036394563
52.98,52.99,277.98364396846745
52.99,53.0,0.0
53.0,53.01,279.5939868358039
53.01,53.02,281.2136583244699
53.02,53.03,281.2136583244699
53.03,53.04,281.2136583244699
53.04,53.05,273.20805135087915
53.05,53.06,282.842712474619
53.06,53.07,301.3973362949152
53.07,53.08,270.06998923363795
53.08,53.09,257.8740616879158
53.09,53.1,253.44393965741244
53.1,53.11,251.98420997897463
53.11,53.12,246.2288826689832
53.12,53.13,243.40070273411817
53.13,53.14,243.40070273411817
53.14,53.15,241.99881784385852
53.15,53.16,239.21922434748075
53.16,53.17,244.81070866093103
53.17,53.18,239.21922434748075
53.18,53.19,239.21922434748075
53.19,53.2,233.75544971224912
53.2,53.21,219.36499593892518
53.21,53.22,215.59643660857103
53.22,53.23,213.12010032569688
53.23,53.24,211.89261887185907
53.24,53.25,208.25243050696125
53.25,53.26,205.86044732869837
53.26,53.27,201.15858821357068
53.27,53.28,190.9683207820833
53.28,53.29,178.17974362806785
53.29,53.3,186.60659830736148
53.3,53.31,0.0
53.31,53.32,0.0
53.32,53.33,0.0
53.33,53.34,0.0
53.34,53.35,0.0
53.35,53.36,0.0
53.36,53.37,0.0
53.37,53.38,0.0
53.38,53.39,0.0
53.39,53.4,246.2288826689832
53.4,53.41,243.40070273411817
53.41,53.42,243.40070273411817
53.42,53.43,243.40070273411817
53.43,53.44,241.99881784385852
53.44,53.45,241.99881784385852
53.45,53.46,246.2288826689832
53.46,53.47,254.91212546385245
53.47,53.48,260.87041395311286
53.48,53.49,266.96797083400685
53.49,53.5,279.5939868358039
53.5,53.51,282.842712474619
53.51,53.52,281.2136583244699
53.52,53.53,279.5939868358039
53.53,53.54,277.98364396846745
53.54,53.55,276.38257599355524
53.55,53.56,274.79072949161787
53.56,53.57,274.79072949161787
53.57,53.58,274.79072949161787
53.58,53.59,274.79072949161787
53.59,53.6,274.79072949161787
53.6,53.61,274.79072949161787
53.61,53.62,274.79072949161787
53.62,53.63,274.79072949161787
53.63,53.64,273.20805135087915
53.64,53.65,273.20805135087915
53.65,53.66,271.6344887654643
53.66,53.67,270.06998923363795
53.67,53.68,268.51450055605267
53.68,53.69,268.51450055605267
53.69,53.7,266.96797083400685
53.7,53.71,265.4303484677136
53.71,53.72,263.9015821545788
53.72,53.73,262.38162088748976
53.73,53.74,260.87041395311286
53.74,53.75,259.3679109302019
53.75,53.76,259.3679109302019
53.76,53.77,257.8740616879158
53.77,53.78,256.3888163841458
53.78,53.79,254.91212546385245
53.79,53.8,250.53288772482563
53.8,53.81,247.65527207548806
53.81,53.82,246.2288826689832
53.82,53.83,244.81070866093103
53.83,53.84,244.81070866093103
53.84,53.85,243.40070273411817
53.85,53.86,241.99881784385852
53.86,53.87,240.60500721642333
53.87,53.88,239.21922434748075
53.88,53.89,239.21922434748075
53.89,53.9,237.8414230005442
53.9,53.91,237.8414230005442
53.91,53.92,237.8414230005442
53.92,53.93,237.8414230005442
53.93,53.94,236.47155720542963
53.94,53.95,235.10958125672175
53.95,53.96,232.40911739156792
53.96,53.97,231.07053937445463
53.97,53.98,229.73967099940702
53.98,53.99,228.41646786215435
53.99,54.0,227.10088581417543
54.0,54.01,227.10088581417543
54.01,54.02,227.10088581417543
54.02,54.03,225.79288096122622
54.03,54.04,225.79288096122622
54.04,54.05,224.49240966187455
54.05,54.06,224.49240966187455
54.06,54.07,223.1994285260446
54.07,54.08,221.91389441356898
54.08,54.09,221.91389441356898
54.09,54.1,220.63576443274928
54.1,54.11,219.36499593892518
54.11,54.12,218.10154653305153
54.12,54.13,216.8453740602837
54.13,54.14,215.59643660857103
54.14,54.15,215.59643660857103
54.15,54.16,214.35469250725862
54.16,54.17,213.12010032569688
54.17,54.18,211.89261887185907
54.18,54.19,210.67220719096719
54.19,54.2,210.67220719096719
54.2,54.21,209.4588245641254
54.21,54.22,207.05298476827548
54.22,54.23,207.05298476827548
54.23,54.24,205.86044732869837
54.24,54.25,205.86044732869837
54.25,54.26,205.86044732869837
54.26,54.27,205.86044732869837
54.27,54.28,204.67477839935495
54.28,54.29,204.67477839935495
54.29,54.3,204.67477839935495
54.3,54.31,204.67477839935495
54.31,54.32,203.49593842053727
54.32,54.33,202.3238880603845
54.33,54.34,201.15858821357068
54.34,54.35,200.0
54.35,54.36,200.0
54.36,54.37,198.8480847635095
54.37,54.38,198.8480847635095
54.38,54.39,198.8480847635095
54.39,54.4,198.8480847635095
54.4,54.41,198.8480847635095
54.41,54.42,198.8480847635095
54.42,54.43,198.8480847635095
54.43,54.44,198.8480847635095
54.44,54.45,200.0
54.45,54.46,202.3238880603845
54.46,54.47,202.3238880603845
54.47,54.48,200.0
54.48,54.49,200.0
54.49,54.5,198.8480847635095
54.5,54.51,197.70280407057922
54.51,54.52,198.8480847635095
54.52,54.53,200.0
54.53,54.54,202.3238880603845
54.54,54.55,202.3238880603845
54.55,54.56,202.3238880603845
54.56,54.57,202.3238880603845
54.57,54.58,201.15858821357068
54.58,54.59,201.15858821357068
54.59,54.6,201.15858821357068
54.6,54.61,201.15858821357068
54.61,54.62,201.15858821357068
54.62,54.63,201.15858821357068
54.63,54.64,201.15858821357068
54.64,54.65,201.15858821357068
54.65,54.66,201.15858821357068
54.66,54.67,202.3238880603845
54.67,54.68,200.0
54.68,54.69,0.0
54.69,54.7,0.0
54.7,54.71,0.0
54.71,54.72,0.0
54.72,54.73,0.0
54.73,54.74,0.0
54.74,54.75,0.0
54.75,54.76,0.0
54.76,54.77,0.0
54.77,54.78,0.0
54.78,54.79,0.0
54.79,54.8,0.0
54.8,54.81,237.8414230005442
54.81,54.82,243.40070273411817
54.82,54.83,241.99881784385852
54.83,54.84,240.60500721642333
54.84,54.85,246.2288826689832
54.85,54.86,247.65527207548806
54.86,54.87,241.99881784385852
54.87,54.88,241.99881784385852
54.88,54.89,241.99881784385852
54.89,54.9,241.99881784385852
54.9,54.91,247.65527207548806
54.91,54.92,241.99881784385852
54.92,54.93,241.99881784385852
54.93,54.94,244.81070866093103
54.94,54.95,244.81070866093103
54.95,54.96,243.40070273411817
54.96,54.97,237.8414230005442
54.97,54.98,0.0
54.98,54.99,0.0
54.99,55.0,273.20805135087915
55.0,55.01,268.51450055605267
55.01,55.02,265.4303484677136
55.02,55.03,262.38162088748976
55.03,55.04,254.91212546385245
55.04,55.05,246.2288826689832
55.05,55.06,241.99881784385852
55.06,55.07,237.8414230005442
55.07,55.08,236.47155720542963
55.08,55.09,233.75544971224912
55.09,55.1,229.73967099940702
55.1,55.11,231.07053937445463
55.11,55.12,237.8414230005442
55.12,55.13,239.21922434748075
55.13,55.14,239.21922434748075
55.14,55.15,240.60500721642333
55.15,55.16,241.99881784385852
55.16,55.17,240.60500721642333
55.17,55.18,243.40070273411817
55.18,55.19,240.60500721642333
55.19,55.2,239.21922434748075
55.2,55.21,239.21922434748075
55.21,55.22,240.60500721642333
55.22,55.23,239.21922434748075
55.23,55.24,239.21922434748075
55.24,55.25,240.60500721642333
55.25,55.26,240.60500721642333
55.26,55.27,240.60500721642333
55.27,55.28,240.60500721642333
55.28,55.29,240.60500721642333
55.29,55.3,243.40070273411817
55.3,55.31,0.0
55.31,55.32,0.0
55.32,55.33,0.0
55.33,55.34,232.40911739156792
55.34,55.35,229.73967099940702
55.35,55.36,223.1994285260446
55.36,55.37,219.36499593892518
55.37,55.38,216.8453740602837
55.38,55.39,215.59643660857103
55.39,55.4,210.67220719096719
55.4,55.41,220.63576443274928
55.41,55.42,220.63576443274928
55.42,55.43,221.91389441356898
55.43,55.44,224.49240966187455
55.44,55.45,224.49240966187455
55.45,55.46,223.1994285260446
55.46,55.47,221.91389441356898
55.47,55.48,221.91389441356898
55.48,55.49,221.91389441356898
55.49,55.5,221.91389441356898
55.5,55.51,221.91389441356898
55.51,55.52,223.1994285260446
55.52,55.53,225.79288096122622
55.53,55.54,227.10088581417543
55.54,55.55,0.0
55.55,55.56,0.0
55.56,55.57,0.0
55.57,55.58,297.93549262454053
55.58,55.59,301.3973362949152
55.59,55.6,299.66141537533633
55.6,55.61,301.3973362949152
55.61,55.62,303.14331330207966
55.62,55.63,304.8994046511524
55.63,55.64,304.8994046511524
55.64,55.65,303.14331330207966
55.65,55.66,297.93549262454053
55.66,55.67,291.13063656843747
55.67,55.68,281.2136583244699
55.68,55.69,270.06998923363795
55.69,55.7,276.38257599355524
55.7,55.71,296.2195104573129
55.71,55.72,294.5134116201051
55.72,55.73,294.5134116201051
55.73,55.74,289.4538474880756
55.74,55.75,292.81713918912504
55.75,55.76,296.2195104573129
55.76,55.77,291.13063656843747
55.77,55.78,294.5134116201051
55.78,55.79,296.2195104573129
55.79,55.8,292.81713918912504
55.8,55.81,292.81713918912504
55.81,55.82,0.0
55.82,55.83,0.0
55.83,55.84,0.0
55.84,55.85,282.842712474619
55.85,55.86,286.12918648705164
55.86,55.87,273.20805135087915
55.87,55.88,253.44393965741244
55.88,55.89,249.08992447176465
55.89,55.9,247.65527207548806
55.9,55.91,244.81070866093103
55.91,55.92,243.40070273411817
55.92,55.93,241.99881784385852
55.93,55.94,240.60500721642333
55.94,55.95,241.99881784385852
55.95,55.96,241.99881784385852
55.96,55.97,243.40070273411817
55.97,55.98,244.81070866093103
55.98,55.99,246.2288826689832
55.99,56.0,246.2288826689832
56.0,56.01,247.65527207548806
56.01,56.02,250.53288772482563
56.02,56.03,251.98420997897463
56.03,56.04,253.44393965741244
56.04,56.05,256.3888163841458
56.05,56.06,263.9015821545788
56.06,56.07,270.06998923363795
56.07,56.08,276.38257599355524
56.08,56.09,276.38257599355524
56.09,56.1,271.6344887654643
56.1,56.11,259.3679109302019
56.11,56.12,249.08992447176465
56.12,56.13,249.08992447176465
56.13,56.14,249.08992447176465
56.14,56.15,249.08992447176465
56.15,56.16,249.08992447176465
56.16,56.17,249.08992447176465
56.17,56.18,249.08992447176465
56.18,56.19,249.08992447176465
56.19,56.2,249.08992447176465
56.2,56.21,0.0
56.21,56.22,0.0
56.22,56.23,0.0
56.23,56.24,249.08992447176465
56.24,56.25,266.96797083400685
56.25,56.26,253.44393965741244
56.26,56.27,244.81070866093103
56.27,56.28,240.60500721642333
56.28,56.29,237.8414230005442
56.29,56.3,233.75544971224912
56.3,56.31,232.40911739156792
56.31,56.32,231.07053937445463
56.32,56.33,229.73967099940702
56.33,56.34,228.41646786215435
56.34,56.35,227.10088581417543
56.35,56.36,227.10088581417543
56.36,56.37,225.79288096122622
56.37,56.38,224.49240966187455
56.38,56.39,224.49240966187455
56.39,56.4,224.49240966187455
56.4,56.41,223.1994285260446
56.41,56.42,223.1994285260446
56.42,56.43,221.91389441356898
56.43,56.44,220.63576443274928
56.44,56.45,219.36499593892518
56.45,56.46,215.59643660857103
56.46,56.47,210.67220719096719
56.47,56.48,0.0
56.48,56.49,0.0
56.49,56.5,0.0
56.5,56.51,0.0
56.51,56.52,0.0
56.52,56.53,0.0
56.53,56.54,0.0
56.54,56.55,0.0
56.55,56.56,0.0
56.56,56.57,0.0
56.57,56.58,184.46323871718783
56.58,56.59,183.40080864093423
56.59,56.6,184.46323871718783
56.6,56.61,184.46323871718783
56.61,56.62,185.5318233882619
56.62,56.63,186.60659830736148
56.63,56.64,186.60659830736148
56.64,56.65,187.68759933422865
56.65,56.66,187.68759933422865
56.66,56.67,187.68759933422865
56.67,56.68,187.68759933422865
56.68,56.69,186.60659830736148
56.69,56.7,186.60659830736148
56.7,56.71,186.60659830736148
56.71,56.72,186.60659830736148
56.72,56.73,185.5318233882619
56.73,56.74,185.5318233882619
56.74,56.75,184.46323871718783
56.75,56.76,182.34449771164336
56.76,56.77,180.25009252216606
56.77,56.78,179.21192838239048
56.78,56.79,179.21192838239048
56.79,56.8,179.21192838239048
56.8,56.81,180.25009252216606
56.81,56.82,181.29427068562208
56.82,56.83,182.34449771164336
56.83,56.84,182.34449771164336
56.84,56.85,182.34449771164336
56.85,56.86,182.34449771164336
56.86,56.87,181.29427068562208
56.87,56.88,180.25009252216606
56.88,56.89,179.21192838239048
56.89,56.9,178.17974362806785
56.9,56.91,177.1535038204721
56.91,56.92,177.1535038204721
56.92,56.93,177.1535038204721
56.93,56.94,177.1535038204721
56.94,56.95,176.1331747192297
56.95,56.96,176.1331747192297
56.96,56.97,176.1331747192297
56.97,56.98,176.1331747192297
56.98,56.99,176.1331747192297
56.99,57.0,176.1331747192297
57.0,57.01,175.11872228117704
57.01,57.02,174.11011265922482
57.02,57.03,173.1073122012286
57.03,57.04,172.11028744886602
57.04,57.05,172.11028744886602
57.05,57.06,171.11900513652043
57.06,57.07,171.11900513652043
57.07,57.08,170.13343219017113
57.08,57.09,170.13343219017113
57.09,57.1,170.13343219017113
57.1,57.11,171.11900513652043
57.11,57.12,171.11900513652043
57.12,57.13,170.13343219017113
57.13,57.14,170.13343219017113
57.14,57.15,170.13343219017113
57.15,57.16,170.13343219017113
57.16,57.17,171.11900513652043
57.17,57.18,172.11028744886602
57.18,57.19,171.11900513652043
57.19,57.2,170.13343219017113
57.2,57.21,169.1535357262897
57.21,57.22,168.1792830507429
57.22,57.23,167.2106416577019
57.23,57.24,166.24757922855756
57.24,57.25,166.24757922855756
57.25,57.26,166.24757922855756
57.26,57.27,167.2106416577019
57.27,57.28,167.2106416577019
57.28,57.29,168.1792830507429
57.29,57.3,166.24757922855756
57.3,57.31,165.29006363084235
57.31,57.32,0.0
57.32,57.33,0.0
57.33,57.34,0.0
57.34,57.35,0.0
57.35,57.36,0.0
57.36,57.37,0.0
57.37,57.38,0.0
57.38,57.39,0.0
57.39,57.4,0.0
57.4,57.41,0.0
57.41,57.42,0.0
57.42,57.43,200.0
57.43,57.44,200.0
57.44,57.45,198.8480847635095
57.45,57.46,197.70280407057922
57.46,57.47,196.56411970905023
57.47,57.48,193.1872657849691
57.48,57.49,189.86842419010387
57.49,57.5,187.68759933422865
57.5,57.51,185.5318233882619
57.51,57.52,184.46323871718783
57.52,57.53,184.46323871718783
57.53,57.54,184.46323871718783
57.54,57.55,186.60659830736148
57.55,57.56,188.7748625363387
57.56,57.57,189.86842419010387
57.57,57.58,192.07458901020084
57.58,57.59,193.1872657849691
57.59,57.6,193.1872657849691
57.6,57.61,192.07458901020084
57.61,57.62,192.07458901020084
57.62,57.63,190.9683207820833
57.63,57.64,190.9683207820833
57.64,57.65,190.9683207820833
57.65,57.66,190.9683207820833
57.66,57.67,192.07458901020084
57.67,57.68,193.1872657849691
57.68,57.69,194.30638823072118
57.69,57.7,194.30638823072118
57.7,57.71,195.43199368684918
57.71,57.72,195.43199368684918
57.72,57.73,195.43199368684918
57.73,57.74,194.30638823072118
57.74,57.75,194.30638823072118
57.75,57.76,193.1872657849691
57.76,57.77,193.1872657849691
57.77,57.78,192.07458901020084
57.78,57.79,190.9683207820833
57.79,57.8,198.8480847635095
57.8,57.81,190.9683207820833
57.81,57.82,192.07458901020084
57.82,57.83,192.07458901020084
57.83,57.84,192.07458901020084
57.84,57.85,192.07458901020084
57.85,57.86,0.0
57.86,57.87,211.89261887185907
57.87,57.88,208.25243050696125
57.88,57.89,207.05298476827548
57.89,57.9,205.86044732869837
57.9,57.91,205.86044732869837
57.91,57.92,204.67477839935495
57.92,57.93,203.49593842053727
57.93,57.94,203.49593842053727
57.94,57.95,203.49593842053727
57.95,57.96,202.3238880603845
57.96,57.97,201.15858821357068
57.97,57.98,198.8480847635095
57.98,57.99,196.56411970905023
57.99,58.0,194.30638823072118
58.0,58.01,190.9683207820833
58.01,58.02,186.60659830736148
58.02,58.03,182.34449771164336
58.03,58.04,0.0
58.04,58.05,0.0
58.05,58.06,0.0
58.06,58.07,0.0
58.07,58.08,188.7748625363387
58.08,58.09,188.7748625363387
58.09,58.1,188.7748625363387
58.1,58.11,187.68759933422865
58.11,58.12,188.7748625363387
58.12,58.13,188.7748625363387
58.13,58.14,188.7748625363387
58.14,58.15,189.86842419010387
58.15,58.16,203.49593842053727
58.16,58.17,208.25243050696125
58.17,58.18,210.67220719096719
58.18,58.19,210.67220719096719
58.19,58.2,210.67220719096719
58.2,58.21,210.67220719096719
58.21,58.22,209.4588245641254
58.22,58.23,208.25243050696125
58.23,58.24,207.05298476827548
58.24,58.25,204.67477839935495
58.25,58.26,202.3238880603845
58.26,58.27,198.8480847635095
58.27,58.28,197.70280407057922
58.28,58.29,198.8480847635095
58.29,58.3,200.0
58.3,58.31,202.3238880603845
58.31,58.32,207.05298476827548
58.32,58.33,208.25243050696125
58.33,58.34,207.05298476827548
58.34,58.35,205.86044732869837
58.35,58.36,204.67477839935495
58.36,58.37,202.3238880603845
58.37,58.38,197.70280407057922
58.38,58.39,194.30638823072118
58.39,58.4,182.34449771164336
58.4,58.41,185.5318233882619
58.41,58.42,179.21192838239048
58.42,58.43,179.21192838239048
58.43,58.44,181.29427068562208
58.44,58.45,179.21192838239048
58.45,58.46,179.21192838239048
58.46,58.47,177.1535038204721
58.47,58.48,175.11872228117704
58.48,58.49,174.11011265922482
58.49,58.5,174.11011265922482
58.5,58.51,173.1073122012286
58.51,58.52,175.11872228117704
58.52,58.53,176.1331747192297
58.53,58.54,177.1535038204721
58.54,58.55,180.25009252216606
58.55,58.56,188.7748625363387
58.56,58.57,196.56411970905023
58.57,58.58,208.25243050696125
58.58,58.59,211.89261887185907
58.59,58.6,211.89261887185907
58.6,58.61,213.12010032569688
58.61,58.62,215.59643660857103
58.62,58.63,214.35469250725862
58.63,58.64,192.07458901020084
58.64,58.65,188.7748625363387
58.65,58.66,0.0
58.66,58.67,0.0
58.67,58.68,0.0
58.68,58.69,0.0
58.69,58.7,0.0
58.7,58.71,0.0
58.71,58.72,0.0
58.72,58.73,0.0
58.73,58.74,0.0
58.74,58.75,0.0
58.75,58.76,0.0
58.76,58.77,0.0
58.77,58.78,0.0
58.78,58.79,0.0
58.79,58.8,0.0
58.8,58.81,0.0
58.81,58.82,0.0
58.82,58.83,0.0
58.83,58.84,0.0
58.84,58.85,159.65967727133
58.85,58.86,162.4504792712471
58.86,58.87,164.33806291715806
58.87,58.88,165.29006363084235
58.88,58.89,165.29006363084235
58.89,58.9,164.33806291715806
58.9,58.91,0.0
58.91,58.92,0.0
58.92,58.93,178.17974362806785
58.93,58.94,179.21192838239048
58.94,58.95,181.29427068562208
58.95,58.96,182.34449771164336
58.96,58.97,183.40080864093423
58.97,58.98,184.46323871718783
58.98,58.99,185.5318233882619
58.99,59.0,186.60659830736148
59.0,59.01,187.68759933422865
59.01,59.02,187.68759933422865
59.02,59.03,186.60659830736148
59.03,59.04,183.40080864093423
59.04,59.05,185.5318233882619
59.05,59.06,190.9683207820833
59.06,59.07,200.0
59.07,59.08,203.49593842053727
59.08,59.09,204.67477839935495
59.09,59.1,205.86044732869837
59.1,59.11,207.05298476827548
59.11,59.12,205.86044732869837
59.12,59.13,0.0
59.13,59.14,0.0
59.14,59.15,0.0
59.15,59.16,0.0
59.16,59.17,0.0
59.17,59.18,0.0
59.18,59.19,0.0
59.19,59.2,0.0
59.2,59.21,0.0
59.21,59.22,0.0
59.22,59.23,0.0
59.23,59.24,0.0
59.24,59.25,0.0
59.25,59.26,0.0
59.26,59.27,0.0
59.27,59.28,208.25243050696125
59.28,59.29,204.67477839935495
59.29,59.3,204.67477839935495
59.3,59.31,203.49593842053727
59.31,59.32,202.3238880603845
59.32,59.33,202.3238880603845
59.33,59.34,202.3238880603845
59.34,59.35,201.15858821357068
59.35,59.36,201.15858821357068
59.36,59.37,202.3238880603845
59.37,59.38,203.49593842053727
59.38,59.39,203.49593842053727
59.39,59.4,202.3238880603845
59.4,59.41,203.49593842053727
59.41,59.42,203.49593842053727
59.42,59.43,203.49593842053727
59.43,59.44,203.49593842053727
59.44,59.45,203.49593842053727
59.45,59.46,203.49593842053727
59.46,59.47,203.49593842053727
59.47,59.48,202.3238880603845
59.48,59.49,202.3238880603845
59.49,59.5,203.49593842053727
59.5,59.51,0.0
59.51,59.52,216.8453740602837
59.52,59.53,210.67220719096719
59.53,59.54,204.67477839935495
59.54,59.55,201.15858821357068
59.55,59.56,197.70280407057922
59.56,59.57,195.43199368684918
59.57,59.58,193.1872657849691
59.58,59.59,192.07458901020084
59.59,59.6,190.9683207820833
59.6,59.61,189.86842419010387
59.61,59.62,186.60659830736148
59.62,59.63,186.60659830736148
59.63,59.64,192.07458901020084
59.64,59.65,189.86842419010387
59.65,59.66,190.9683207820833
59.66,59.67,192.07458901020084
59.67,59.68,190.9683207820833
59.68,59.69,192.07458901020084
59.69,59.7,193.1872657849691
59.7,59.71,192.07458901020084
59.71,59.72,0.0
59.72,59.73,192.07458901020084
59.73,59.74,185.5318233882619
59.74,59.75,182.34449771164336
59.75,59.76,180.25009252216606
59.76,59.77,178.17974362806785
59.77,59.78,176.1331747192297
59.78,59.79,173.1073122012286
59.79,59.8,171.11900513652043
59.8,59.81,171.11900513652043
59.81,59.82,171.11900513652043
59.82,59.83,172.11028744886602
59.83,59.84,175.11872228117704
59.84,59.85,179.21192838239048
59.85,59.86,180.25009252216606
59.86,59.87,181.29427068562208
59.87,59.88,181.29427068562208
59.88,59.89,179.21192838239048
59.89,59.9,176.1331747192297
59.9,59.91,174.11011265922482
59.91,59.92,176.1331747192297
59.92,59.93,177.1535038204721
59.93,59.94,0.0
59.94,59.95,0.0
59.95,59.96,0.0
59.96,59.97,184.46323871718783
59.97,59.98,184.46323871718783
59.98,59.99,183.40080864093423
59.99,60.0,183.40080864093423
60.0,60.01,182.34449771164336
60.01,60.02,179.21192838239048
60.02,60.03,176.1331747192297
60.03,60.04,178.17974362806785
60.04,60.05,177.1535038204721
60.05,60.06,173.1073122012286
60.06,60.07,173.1073122012286
60.07,60.08,174.11011265922482
60.08,60.09,174.11011265922482
60.09,60.1,175.11872228117704
60.1,60.11,176.1331747192297
60.11,60.12,176.1331747192297
60.12,60.13,174.11011265922482
60.13,60.14,176.1331747192297
60.14,60.15,176.1331747192297
60.15,60.16,176.1331747192297
60.16,60.17,177.1535038204721
60.17,60.18,188.7748625363387
60.18,60.19,182.34449771164336
60.19,60.2,174.11011265922482
60.2,60.21,173.1073122012286
60.21,60.22,173.1073122012286
60.22,60.23,172.11028744886602
60.23,60.24,173.1073122012286
60.24,60.25,173.1073122012286
60.25,60.26,174.11011265922482
60.26,60.27,177.1535038204721
60.27,60.28,173.1073122012286
60.28,60.29,0.0
60.29,60.3,0.0
60.3,60.31,0.0
60.31,60.32,0.0
60.32,60.33,0.0
60.33,60.34,0.0
60.34,60.35,186.60659830736148
60.35,60.36,184.46323871718783
60.36,60.37,182.34449771164336
60.37,60.38,181.29427068562208
60.38,60.39,180.25009252216606
60.39,60.4,179.21192838239048
60.4,60.41,177.1535038204721
60.41,60.42,176.1331747192297
60.42,60.43,175.11872228117704
60.43,60.44,174.11011265922482
60.44,60.45,172.11028744886602
60.45,60.46,171.11900513652043
60.46,60.47,170.13343219017113
60.47,60.48,169.1535357262897
60.48,60.49,167.2106416577019
60.49,60.5,164.33806291715806
60.5,60.51,161.5148333600084
60.51,60.52,169.1535357262897
60.52,60.53,170.13343219017113
60.53,60.54,171.11900513652043
60.54,60.55,171.11900513652043
60.55,60.56,171.11900513652043
60.56,60.57,172.11028744886602
60.57,60.58,0.0
60.58,60.59,0.0
60.59,60.6,0.0
60.6,60.61,169.1535357262897
60.61,60.62,168.1792830507429
60.62,60.63,168.1792830507429
60.63,60.64,167.2106416577019
60.64,60.65,166.24757922855756
60.65,60.66,170.13343219017113
60.66,60.67,162.4504792712471
60.67,60.68,162.4504792712471
60.68,60.69,0.0
60.69,60.7,0.0
60.7,60.71,0.0
60.71,60.72,0.0
60.72,60.73,0.0
60.73,60.74,186.60659830736148
60.74,60.75,182.34449771164336
60.75,60.76,180.25009252216606
60.76,60.77,178.17974362806785
60.77,60.78,177.1535038204721
60.78,60.79,175.11872228117704
60.79,60.8,173.1073122012286
60.8,60.81,170.13343219017113
60.81,60.82,166.24757922855756
60.82,60.83,165.29006363084235
60.83,60.84,164.33806291715806
60.84,60.85,164.33806291715806
60.85,60.86,163.39154532410998
60.86,60.87,163.39154532410998
60.87,60.88,163.39154532410998
60.88,60.89,162.4504792712471
60.89,60.9,162.4504792712471
60.9,60.91,161.5148333600084
60.91,60.92,161.5148333600084
60.92,60.93,161.5148333600084
60.93,60.94,163.39154532410998
60.94,60.95,164.33806291715806
60.95,60.96,165.29006363084235
60.96,60.97,165.29006363084235
60.97,60.98,165.29006363084235
60.98,60.99,163.39154532410998
60.99,61.0,161.5148333600084
61.0,61.01,161.5148333600084
61.01,61.02,0.0
61.02,61.03,0.0
61.03,61.04,0.0
61.04,61.05,0.0
61.05,61.06,0.0
61.06,61.07,0.0
61.07,61.08,156.0130452026747
61.08,61.09,154.22108254079407
61.09,61.1,150.69866814745757
61.1,61.11,149.83070768766817
61.11,61.12,151.57165665103983
61.12,61.13,151.57165665103983
61.13,61.14,150.69866814745757
61.14,61.15,147.25670581005258
61.15,61.16,144.7269237440378
61.16,61.17,143.06459324352582
61.17,61.18,143.06459324352582
61.18,61.19,143.06459324352582
61.19,61.2,143.893358001082
61.2,61.21,143.893358001082
61.21,61.22,144.7269237440378
61.22,61.23,144.7269237440378
61.23,61.24,145.56531828421873
61.24,61.25,146.40856959456255
61.25,61.26,147.25670581005258
61.26,61.27,148.96774631227024
61.27,61.28,149.83070768766817
61.28,61.29,150.69866814745757
61.29,61.3,151.57165665103983
61.3,61.31,151.57165665103983
61.31,61.32,150.69866814745757
61.32,61.33,148.96774631227024
61.33,61.34,148.1097552286564
61.34,61.35,147.25670581005258
61.35,61.36,146.40856959456255
61.36,61.37,146.40856959456255
61.37,61.38,150.69866814745757
61.38,61.39,150.69866814745757
61.39,61.4,150.69866814745757
61.4,61.41,0.0
61.41,61.42,0.0
61.42,61.43,0.0
61.43,61.44,0.0
61.44,61.45,0.0
61.45,61.46,0.0
61.46,61.47,0.0
61.47,61.48,0.0
61.48,61.49,0.0
61.49,61.5,0.0
61.5,61.51,0.0
61.51,61.52,0.0
61.52,61.53,0.0
61.53,61.54,0.0
61.54,61.55,0.0
61.55,61.56,0.0
61.56,61.57,0.0
61.57,61.58,0.0
61.58,61.59,0.0
61.59,61.6,0.0
61.6,61.61,0.0
61.61,61.62,0.0
61.62,61.63,0.0
61.63,61.64,0.0
61.64,61.65,0.0
61.65,61.66,0.0
61.66,61.67,0.0
61.67,61.68,0.0
61.68,61.69,0.0
61.69,61.7,0.0
61.7,61.71,0.0
61.71,61.72,0.0
61.72,61.73,0.0
61.73,61.74,0.0
61.74,61.75,0.0
61.75,61.76,0.0
61.76,61.77,0.0
61.77,61.78,0.0
61.78,61.79,0.0
61.79,61.8,0.0
61.8,61.81,0.0
61.81,61.82,0.0
61.82,61.83,0.0
61.83,61.84,0.0
61.84,61.85,0.0
61.85,61.86,0.0
61.86,61.87,0.0
61.87,61.88,0.0
61.88,61.89,0.0
61.89,61.9,0.0
61.9,61.91,0.0
61.91,61.92,0.0
61.92,61.93,0.0
61.93,61.94,0.0
61.94,61.95,0.0
61.95,61.96,0.0
61.96,61.97,0.0
61.97,61.98,0.0
61.98,61.99,0.0
61.99,62.0,0.0
62.0,62.01,0.0
62.01,62.02,0.0
62.02,62.03,0.0
62.03,62.04,0.0
62.04,62.05,0.0
62.05,62.06,0.0
62.06,62.07,0.0
62.07,62.08,0.0
62.08,62.09,0.0
62.09,62.1,0.0
62.1,62.11,0.0
62.11,62.12,0.0
62.12,62.13,0.0
62.13,62.14,0.0
62.14,62.15,0.0
62.15,62.16,0.0
62.16,62.17,0.0
62.17,62.18,0.0
62.18,62.19,0.0
62.19,62.2,0.0
62.2,62.21,0.0
62.21,62.22,0.0
62.22,62.23,0.0
62.23,62.24,0.0
62.24,62.25,0.0
62.25,62.26,0.0
62.26,62.27,0.0
62.27,62.28,0.0
62.28,62.29,0.0
62.29,62.3,0.0
62.3,62.31,0.0
62.31,62.32,0.0
62.32,62.33,0.0
62.33,62.34,0.0
62.34,62.35,0.0
62.35,62.36,0.0
62.36,62.37,0.0
62.37,62.38,177.1535038204721
62.38,62.39,178.17974362806785
62.39,62.4,180.25009252216606
62.4,62.41,183.40080864093423
62.41,62.42,190.9683207820833
62.42,62.43,193.1872657849691
62.43,62.44,195.43199368684918
62.44,62.45,196.56411970905023
62.45,62.46,197.70280407057922
62.46,62.47,200.0
62.47,62.48,202.3238880603845
62.48,62.49,210.67220719096719
62.49,62.5,220.63576443274928
62.5,62.51,220.63576443274928
62.51,62.52,0.0
62.52,62.53,0.0
62.53,62.54,0.0
62.54,62.55,0.0
62.55,62.56,0.0
62.56,62.57,0.0
62.57,62.58,0.0
62.58,62.59,0.0
62.59,62.6,244.81070866093103
62.6,62.61,239.21922434748075
62.61,62.62,237.8414230005442
62.62,62.63,236.47155720542963
62.63,62.64,235.10958125672175
62.64,62.65,233.75544971224912
62.65,62.66,232.40911739156792
62.66,62.67,232.40911739156792
62.67,62.68,233.75544971224912
62.68,62.69,233.75544971224912
62.69,62.7,233.75544971224912
62.7,62.71,235.10958125672175
62.71,62.72,235.10958125672175
62.72,62.73,235.10958125672175
62.73,62.74,232.40911739156792
62.74,62.75,225.79288096122622
62.75,62.76,210.67220719096719
62.76,62.77,216.8453740602837
62.77,62.78,218.10154653305153
62.78,62.79,218.10154653305153
62.79,62.8,216.8453740602837
62.8,62.81,216.8453740602837
62.81,62.82,215.59643660857103
62.82,62.83,213.12010032569688
62.83,62.84,209.4588245641254
62.84,62.85,204.67477839935495
62.85,62.86,198.8480847635095
62.86,62.87,187.68759933422865
62.87,62.88,197.70280407057922
62.88,62.89,202.3238880603845
62.89,62.9,202.3238880603845
62.9,62.91,201.15858821357068
62.91,62.92,201.15858821357068
62.92,62.93,201.15858821357068
62.93,62.94,200.0
62.94,62.95,198.8480847635095
62.95,62.96,198.8480847635095
62.96,62.97,198.8480847635095
62.97,62.98,197.70280407057922
62.98,62.99,196.56411970905023
62.99,63.0,196.56411970905023
63.0,63.01,195.43199368684918
63.01,63.02,195.43199368684918
63.02,63.03,195.43199368684918
63.03,63.04,195.43199368684918
63.04,63.05,196.56411970905023
63.05,63.06,196.56411970905023
63.06,63.07,207.05298476827548
63.07,63.08,207.05298476827548
63.08,63.09,0.0
63.09,63.1,0.0
63.1,63.11,0.0
63.11,63.12,0.0
63.12,63.13,0.0
63.13,63.14,207.05298476827548
63.14,63.15,202.3238880603845
63.15,63.16,200.0
63.16,63.17,197.70280407057922
63.17,63.18,195.43199368684918
63.18,63.19,194.30638823072118
63.19,63.2,193.1872657849691
63.2,63.21,193.1872657849691
63.21,63.22,193.1872657849691
63.22,63.23,192.07458901020084
63.23,63.24,189.86842419010387
63.24,63.25,187.68759933422865
63.25,63.26,185.5318233882619
63.26,63.27,184.46323871718783
63.27,63.28,183.40080864093423
63.28,63.29,182.34449771164336
63.29,63.3,179.21192838239048
63.3,63.31,176.1331747192297
63.31,63.32,173.1073122012286
63.32,63.33,175.11872228117704
63.33,63.34,177.1535038204721
63.34,63.35,179.21192838239048
63.35,63.36,179.21192838239048
63.36,63.37,179.21192838239048
63.37,63.38,179.21192838239048
63.38,63.39,179.21192838239048
63.39,63.4,178.17974362806785
63.4,63.41,175.11872228117704
63.41,63.42,171.11900513652043
63.42,63.43,169.1535357262897
63.43,63.44,166.24757922855756
63.44,63.45,168.1792830507429
63.45,63.46,171.11900513652043
63.46,63.47,174.11011265922482
63.47,63.48,174.11011265922482
63.48,63.49,174.11011265922482
63.49,63.5,173.1073122012286
63.5,63.51,169.1535357262897
63.51,63.52,165.29006363084235
63.52,63.53,174.11011265922482
63.53,63.54,167.2106416577019
63.54,63.55,0.0
63.55,63.56,0.0
63.56,63.57,188.7748625363387
63.57,63.58,184.46323871718783
63.58,63.59,182.34449771164336
63.59,63.6,181.29427068562208
63.6,63.61,180.25009252216606
63.61,63.62,180.25009252216606
63.62,63.63,180.25009252216606
63.63,63.64,180.25009252216606
63.64,63.65,180.25009252216606
63.65,63.66,180.25009252216606
63.66,63.67,180.25009252216606
63.67,63.68,181.29427068562208
63.68,63.69,180.25009252216606
63.69,63.7,0.0
63.7,63.71,185.5318233882619
63.71,63.72,186.60659830736148
63.72,63.73,184.46323871718783
63.73,63.74,182.34449771164336
63.74,63.75,181.29427068562208
63.75,63.76,179.21192838239048
63.76,63.77,176.1331747192297
63.77,63.78,174.11011265922482
63.78,63.79,174.11011265922482
63.79,63.8,175.11872228117704
63.8,63.81,173.1073122012286
63.81,63.82,172.11028744886602
63.82,63.83,169.1535357262897
63.83,63.84,171.11900513652043
63.84,63.85,176.1331747192297
63.85,63.86,177.1535038204721
63.86,63.87,178.17974362806785
63.87,63.88,178.17974362806785
63.88,63.89,177.1535038204721
63.89,63.9,173.1073122012286
63.9,63.91,178.17974362806785
63.91,63.92,179.21192838239048
63.92,63.93,178.17974362806785
63.93,63.94,179.21192838239048
63.94,63.95,178.17974362806785
63.95,63.96,178.17974362806785
63.96,63.97,177.1535038204721
63.97,63.98,178.17974362806785
63.98,63.99,0.0
63.99,64.0,0.0
64.0,64.01,205.86044732869837
64.01,64.02,201.15858821357068
64.02,64.03,197.70280407057922
64.03,64.04,195.43199368684918
64.04,64.05,193.1872657849691
64.05,64.06,192.07458901020084
64.06,64.07,189.86842419010387
64.07,64.08,188.7748625363387
64.08,64.09,187.68759933422865
64.09,64.1,185.5318233882619
64.1,64.11,184.46323871718783
64.11,64.12,182.34449771164336
64.12,64.13,180.25009252216606
64.13,64.14,178.17974362806785
64.14,64.15,178.17974362806785
64.15,64.16,177.1535038204721
64.16,64.17,178.17974362806785
64.17,64.18,178.17974362806785
64.18,64.19,178.17974362806785
64.19,64.2,178.17974362806785
64.2,64.21,178.17974362806785
64.21,64.22,178.17974362806785
64.22,64.23,179.21192838239048
64.23,64.24,178.17974362806785
64.24,64.25,179.21192838239048
64.25,64.26,178.17974362806785
64.26,64.27,178.17974362806785
64.27,64.28,178.17974362806785
64.28,64.29,179.21192838239048
64.29,64.3,179.21192838239048
64.3,64.31,179.21192838239048
64.31,64.32,179.21192838239048
64.32,64.33,180.25009252216606
64.33,64.34,189.86842419010387
64.34,64.35,207.05298476827548
64.35,64.36,196.56411970905023
64.36,64.37,192.07458901020084
64.37,64.38,180.25009252216606
64.38,64.39,181.29427068562208
64.39,64.4,181.29427068562208
64.4,64.41,188.7748625363387
64.41,64.42,189.86842419010387
64.42,64.43,0.0
64.43,64.44,0.0
64.44,64.45,235.10958125672175
64.45,64.46,233.75544971224912
64.46,64.47,233.75544971224912
64.47,64.48,235.10958125672175
64.48,64.49,235.10958125672175
64.49,64.5,236.47155720542963
64.5,64.51,236.47155720542963
64.51,64.52,239.21922434748075
64.52,64.53,240.60500721642333
64.53,64.54,240.60500721642333
64.54,64.55,241.99881784385852
64.55,64.56,241.99881784385852
64.56,64.57,241.99881784385852
64.57,64.58,244.81070866093103
64.58,64.59,246.2288826689832
64.59,64.6,247.65527207548806
64.6,64.61,247.65527207548806
64.61,64.62,246.2288826689832
64.62,64.63,246.2288826689832
64.63,64.64,244.81070866093103
64.64,64.65,244.81070866093103
64.65,64.66,243.40070273411817
64.66,64.67,243.40070273411817
64.67,64.68,241.99881784385852
64.68,64.69,240.60500721642333
64.69,64.7,243.40070273411817
64.7,64.71,247.65527207548806
64.71,64.72,251.98420997897463
64.72,64.73,254.91212546385245
64.73,64.74,259.3679109302019
64.74,64.75,260.87041395311286
64.75,64.76,262.38162088748976
64.76,64.77,262.38162088748976
64.77,64.78,262.38162088748976
64.78,64.79,260.87041395311286
64.79,64.8,259.3679109302019
64.8,64.81,257.8740616879158
64.81,64.82,254.91212546385245
64.82,64.83,253.44393965741244
64.83,64.84,250.53288772482563
64.84,64.85,249.08992447176465
64.85,64.86,254.91212546385245
64.86,64.87,254.91212546385245
64.87,64.88,250.53288772482563
64.88,64.89,250.53288772482563
64.89,64.9,257.8740616879158
64.9,64.91,254.91212546385245
64.91,64.92,251.98420997897463
64.92,64.93,251.98420997897463
64.93,64.94,251.98420997897463
64.94,64.95,251.98420997897463
64.95,64.96,260.87041395311286
64.96,64.97,259.3679109302019
64.97,64.98,259.3679109302019
64.98,64.99,259.3679109302019
64.99,65.0,256.3888163841458
65.0,65.01,253.44393965741244
65.01,65.02,253.44393965741244
65.02,65.03,253.44393965741244
65.03,65.04,260.87041395311286
65.04,65.05,260.87041395311286
65.05,65.06,0.0
65.06,65.07,0.0
65.07,65.08,0.0
65.08,65.09,0.0
65.09,65.1,0.0
65.1,65.11,0.0
65.11,65.12,0.0
65.12,65.13,0.0
65.13,65.14,0.0
65.14,65.15,0.0
65.15,65.16,0.0
65.16,65.17,0.0
65.17,65.18,0.0
65.18,65.19,0.0
65.19,65.2,0.0
65.2,65.21,0.0
65.21,65.22,0.0
65.22,65.23,0.0
65.23,65.24,0.0
65.24,65.25,0.0
65.25,65.26,0.0
65.26,65.27,0.0
65.27,65.28,0.0
65.28,65.29,0.0
65.29,65.3,0.0
65.3,65.31,0.0
65.31,65.32,0.0
65.32,65.33,0.0
65.33,65.34,0.0
65.34,65.35,0.0
65.35,65.36,0.0
65.36,65.37,0.0
65.37,65.38,0.0
65.38,65.39,0.0
65.39,65.4,0.0
65.4,65.41,0.0
65.41,65.42,0.0
65.42,65.43,0.0
65.43,65.44,0.0
65.44,65.45,0.0
65.45,65.46,0.0
65.46,65.47,0.0
65.47,65.48,0.0
65.48,65.49,0.0
65.49,65.5,0.0
65.5,65.51,0.0
65.51,65.52,0.0
65.52,65.53,0.0
65.53,65.54,0.0
65.54,65.55,0.0
65.55,65.56,0.0
65.56,65.57,0.0
65.57,65.58,0.0
65.58,65.59,0.0
65.59,65.6,0.0
65.6,65.61,0.0
65.61,65.62,0.0
65.62,65.63,0.0
65.63,65.64,0.0
65.64,65.65,0.0
65.65,65.66,0.0
65.66,65.67,0.0
65.67,65.68,0.0
65.68,65.69,0.0
65.69,65.7,0.0
65.7,65.71,0.0
65.71,65.72,0.0
65.72,65.73,0.0
65.73,65.74,0.0
65.74,65.75,176.1331747192297
65.75,65.76,177.1535038204721
65.76,65.77,178.17974362806785
65.77,65.78,179.21192838239048
65.78,65.79,180.25009252216606
65.79,65.8,181.29427068562208
65.8,65.81,182.34449771164336
65.81,65.82,184.46323871718783
65.82,65.83,195.43199368684918
65.83,65.84,185.5318233882619
65.84,65.85,181.29427068562208
65.85,65.86,0.0
65.86,65.87,0.0
65.87,65.88,0.0
65.88,65.89,0.0
65.89,65.9,0.0
65.9,65.91,0.0
65.91,65.92,0.0
65.92,65.93,233.75544971224912
65.93,65.94,225.79288096122622
65.94,65.95,223.1994285260446
65.95,65.96,219.36499593892518
65.96,65.97,218.10154653305153
65.97,65.98,210.67220719096719
65.98,65.99,209.4588245641254
65.99,66.0,209.4588245641254
66.0,66.01,210.67220719096719
66.01,66.02,210.67220719096719
66.02,66.03,210.67220719096719
66.03,66.04,211.89261887185907
66.04,66.05,213.12010032569688
66.05,66.06,213.12010032569688
66.06,66.07,213.12010032569688
66.07,66.08,213.12010032569688
66.08,66.09,211.89261887185907
66.09,66.1,209.4588245641254
66.1,66.11,204.67477839935495
66.11,66.12,187.68759933422865
66.12,66.13,183.40080864093423
66.13,66.14,192.07458901020084
66.14,66.15,196.56411970905023
66.15,66.16,200.0
66.16,66.17,198.8480847635095
66.17,66.18,197.70280407057922
66.18,66.19,197.70280407057922
66.19,66.2,195.43199368684918
66.2,66.21,194.30638823072118
66.21,66.22,192.07458901020084
66.22,66.23,190.9683207820833
66.23,66.24,185.5318233882619
66.24,66.25,179.21192838239048
66.25,66.26,184.46323871718783
66.26,66.27,189.86842419010387
66.27,66.28,190.9683207820833
66.28,66.29,189.86842419010387
66.29,66.3,189.86842419010387
66.3,66.31,189.86842419010387
66.31,66.32,188.7748625363387
66.32,66.33,187.68759933422865
66.33,66.34,185.5318233882619
66.34,66.35,185.5318233882619
66.35,66.36,186.60659830736148
66.36,66.37,186.60659830736148
66.37,66.38,187.68759933422865
66.38,66.39,188.7748625363387
66.39,66.4,188.7748625363387
66.4,66.41,188.7748625363387
66.41,66.42,188.7748625363387
66.42,66.43,189.86842419010387
66.43,66.44,197.70280407057922
66.44,66.45,202.3238880603845
66.45,66.46,211.89261887185907
66.46,66.47,214.35469250725862
66.47,66.48,0.0
66.48,66.49,0.0
66.49,66.5,0.0
66.5,66.51,0.0
66.51,66.52,219.36499593892518
66.52,66.53,198.8480847635095
66.53,66.54,195.43199368684918
66.54,66.55,195.43199368684918
66.55,66.56,194.30638823072118
66.56,66.57,193.1872657849691
66.57,66.58,193.1872657849691
66.58,66.59,193.1872657849691
66.59,66.6,194.30638823072118
66.6,66.61,194.30638823072118
66.61,66.62,194.30638823072118
66.62,66.63,187.68759933422865
66.63,66.64,186.60659830736148
66.64,66.65,186.60659830736148
66.65,66.66,185.5318233882619
66.66,66.67,184.46323871718783
66.67,66.68,183.40080864093423
66.68,66.69,182.34449771164336
66.69,66.7,181.29427068562208
66.7,66.71,178.17974362806785
66.71,66.72,172.11028744886602
66.72,66.73,169.1535357262897
66.73,66.74,168.1792830507429
66.74,66.75,175.11872228117704
66.75,66.76,180.25009252216606
66.76,66.77,181.29427068562208
66.77,66.78,181.29427068562208
66.78,66.79,181.29427068562208
66.79,66.8,181.29427068562208
66.8,66.81,181.29427068562208
66.81,66.82,181.29427068562208
66.82,66.83,181.29427068562208
66.83,66.84,177.1535038204721
66.84,66.85,168.1792830507429
66.85,66.86,164.33806291715806
66.86,66.87,163.39154532410998
66.87,66.88,170.13343219017113
66.88,66.89,177.1535038204721
66.89,66.9,178.17974362806785
66.9,66.91,178.17974362806785
66.91,66.92,178.17974362806785
66.92,66.93,176.1331747192297
66.93,66.94,168.1792830507429
66.94,66.95,164.33806291715806
66.95,66.96,169.1535357262897
66.96,66.97,175.11872228117704
66.97,66.98,0.0
66.98,66.99,202.3238880603845
66.99,67.0,194.30638823072118
67.0,67.01,192.07458901020084
67.01,67.02,190.9683207820833
67.02,67.03,190.9683207820833
67.03,67.04,190.9683207820833
67.04,67.05,190.9683207820833
67.05,67.06,189.86842419010387
67.06,67.07,189.86842419010387
67.07,67.08,188.7748625363387
67.08,67.09,187.68759933422865
67.09,67.1,186.60659830736148
67.1,67.11,185.5318233882619
67.11,67.12,184.46323871718783
67.12,67.13,188.7748625363387
67.13,67.14,187.68759933422865
67.14,67.15,186.60659830736148
67.15,67.16,186.60659830736148
67.16,67.17,188.7748625363387
67.17,67.18,187.68759933422865
67.18,67.19,186.60659830736148
67.19,67.2,186.60659830736148
67.2,67.21,184.46323871718783
67.21,67.22,182.34449771164336
67.22,67.23,180.25009252216606
67.23,67.24,174.11011265922482
67.24,67.25,183.40080864093423
67.25,67.26,185.5318233882619
67.26,67.27,185.5318233882619
67.27,67.28,184.46323871718783
67.28,67.29,185.5318233882619
67.29,67.3,185.5318233882619
67.3,67.31,186.60659830736148
67.31,67.32,186.60659830736148
67.32,67.33,186.60659830736148
67.33,67.34,185.5318233882619
67.34,67.35,184.46323871718783
67.35,67.36,183.40080864093423
67.36,67.37,0.0
67.37,67.38,216.8453740602837
67.38,67.39,213.12010032569688
67.39,67.4,210.67220719096719
67.4,67.41,207.05298476827548
67.41,67.42,203.49593842053727
67.42,67.43,201.15858821357068
67.43,67.44,201.15858821357068
67.44,67.45,200.0
67.45,67.46,197.70280407057922
67.46,67.47,195.43199368684918
67.47,67.48,194.30638823072118
67.48,67.49,192.07458901020084
67.49,67.5,190.9683207820833
67.5,67.51,189.86842419010387
67.51,67.52,187.68759933422865
67.52,67.53,185.5318233882619
67.53,67.54,183.40080864093423
67.54,67.55,183.40080864093423
67.55,67.56,183.40080864093423
67.56,67.57,182.34449771164336
67.57,67.58,182.34449771164336
67.58,67.59,181.29427068562208
67.59,67.6,181.29427068562208
67.6,67.61,183.40080864093423
67.61,67.62,181.29427068562208
67.62,67.63,180.25009252216606
67.63,67.64,179.21192838239048
67.64,67.65,178.17974362806785
67.65,67.66,176.1331747192297
67.66,67.67,175.11872228117704
67.67,67.68,175.11872228117704
67.68,67.69,176.1331747192297
67.69,67.7,176.1331747192297
67.7,67.71,0.0
67.71,67.72,0.0
67.72,67.73,0.0
67.73,67.74,0.0
67.74,67.75,0.0
67.75,67.76,0.0
67.76,67.77,200.0
67.77,67.78,196.56411970905023
67.78,67.79,194.30638823072118
67.79,67.8,193.1872657849691
67.8,67.81,192.07458901020084
67.81,67.82,192.07458901020084
67.82,67.83,190.9683207820833
67.83,67.84,190.9683207820833
67.84,67.85,190.9683207820833
67.85,67.86,189.86842419010387
67.86,67.87,189.86842419010387
67.87,67.88,189.86842419010387
67.88,67.89,189.86842419010387
67.89,67.9,189.86842419010387
67.9,67.91,189.86842419010387
67.91,67.92,190.9683207820833
67.92,67.93,190.9683207820833
67.93,67.94,190.9683207820833
67.94,67.95,192.07458901020084
67.95,67.96,192.07458901020084
67.96,67.97,190.9683207820833
67.97,67.98,189.86842419010387
67.98,67.99,192.07458901020084
67.99,68.0,192.07458901020084
68.0,68.01,0.0
68.01,68.02,0.0
68.02,68.03,0.0
68.03,68.04,203.49593842053727
68.04,68.05,197.70280407057922
68.05,68.06,194.30638823072118
68.06,68.07,192.07458901020084
68.07,68.08,189.86842419010387
68.08,68.09,187.68759933422865
68.09,68.1,185.5318233882619
68.1,68.11,182.34449771164336
68.11,68.12,181.29427068562208
68.12,68.13,180.25009252216606
68.13,68.14,184.46323871718783
68.14,68.15,183.40080864093423
68.15,68.16,182.34449771164336
68.16,68.17,180.25009252216606
68.17,68.18,180.25009252216606
68.18,68.19,180.25009252216606
68.19,68.2,180.25009252216606
68.2,68.21,180.25009252216606
68.21,68.22,180.25009252216606
68.22,68.23,180.25009252216606
68.23,68.24,180.25009252216606
68.24,68.25,180.25009252216606
68.25,68.26,179.21192838239048
68.26,68.27,176.1331747192297
68.27,68.28,175.11872228117704
68.28,68.29,174.11011265922482
68.29,68.3,174.11011265922482
68.3,68.31,175.11872228117704
68.31,68.32,176.1331747192297
68.32,68.33,177.1535038204721
68.33,68.34,177.1535038204721
68.34,68.35,179.21192838239048
68.35,68.36,183.40080864093423
68.36,68.37,182.34449771164336
68.37,68.38,183.40080864093423
68.38,68.39,183.40080864093423
68.39,68.4,183.40080864093423
68.4,68.41,183.40080864093423
68.41,68.42,184.46323871718783
68.42,68.43,184.46323871718783
68.43,68.44,183.40080864093423
68.44,68.45,181.29427068562208
68.45,68.46,175.11872228117704
68.46,68.47,166.24757922855756
68.47,68.48,180.25009252216606
68.48,68.49,183.40080864093423
68.49,68.5,183.40080864093423
68.5,68.51,183.40080864093423
68.51,68.52,183.40080864093423
68.52,68.53,184.46323871718783
68.53,68.54,183.40080864093423
68.54,68.55,183.40080864093423
68.55,68.56,183.40080864093423
68.56,68.57,183.40080864093423
68.57,68.58,183.40080864093423
68.58,68.59,0.0
68.59,68.6,0.0
68.6,68.61,0.0
68.61,68.62,219.36499593892518
68.62,68.63,215.59643660857103
68.63,68.64,213.12010032569688
68.64,68.65,211.89261887185907
68.65,68.66,209.4588245641254
68.66,68.67,205.86044732869837
68.67,68.68,204.67477839935495
68.68,68.69,202.3238880603845
68.69,68.7,201.15858821357068
68.7,68.71,201.15858821357068
68.71,68.72,201.15858821357068
68.72,68.73,201.15858821357068
68.73,68.74,201.15858821357068
68.74,68.75,202.3238880603845
68.75,68.76,202.3238880603845
68.76,68.77,203.49593842053727
68.77,68.78,203.49593842053727
68.78,68.79,204.67477839935495
68.79,68.8,205.86044732869837
68.8,68.81,205.86044732869837
68.81,68.82,205.86044732869837
68.82,68.83,205.86044732869837
68.83,68.84,205.86044732869837
68.84,68.85,204.67477839935495
68.85,68.86,204.67477839935495
68.86,68.87,204.67477839935495
68.87,68.88,204.67477839935495
68.88,68.89,208.25243050696125
68.89,68.9,223.1994285260446
68.9,68.91,210.67220719096719
68.91,68.92,198.8480847635095
68.92,68.93,0.0
68.93,68.94,0.0
68.94,68.95,0.0
68.95,68.96,0.0
68.96,68.97,0.0
68.97,68.98,0.0
68.98,68.99,0.0
68.99,69.0,0.0
69.0,69.01,0.0
69.01,69.02,0.0
69.02,69.03,0.0
69.03,69.04,0.0
69.04,69.05,205.86044732869837
69.05,69.06,204.67477839935495
69.06,69.07,203.49593842053727
69.07,69.08,202.3238880603845
69.08,69.09,198.8480847635095
69.09,69.1,196.56411970905023
69.1,69.11,193.1872657849691
69.11,69.12,190.9683207820833
69.12,69.13,188.7748625363387
69.13,69.14,187.68759933422865
69.14,69.15,187.68759933422865
69.15,69.16,187.68759933422865
69.16,69.17,187.68759933422865
69.17,69.18,187.68759933422865
69.18,69.19,188.7748625363387
69.19,69.2,189.86842419010387
69.2,69.21,189.86842419010387
69.21,69.22,189.86842419010387
69.22,69.23,189.86842419010387
69.23,69.24,188.7748625363387
69.24,69.25,188.7748625363387
69.25,69.26,187.68759933422865
69.26,69.27,186.60659830736148
69.27,69.28,185.5318233882619
69.28,69.29,182.34449771164336
69.29,69.3,179.21192838239048
69.3,69.31,0.0
69.31,69.32,0.0
69.32,69.33,0.0
69.33,69.34,0.0
69.34,69.35,186.60659830736148
69.35,69.36,186.60659830736148
69.36,69.37,187.68759933422865
69.37,69.38,187.68759933422865
69.38,69.39,187.68759933422865
69.39,69.4,187.68759933422865
69.4,69.41,186.60659830736148
69.41,69.42,187.68759933422865
69.42,69.43,187.68759933422865
69.43,69.44,187.68759933422865
69.44,69.45,187.68759933422865
69.45,69.46,187.68759933422865
69.46,69.47,187.68759933422865
69.47,69.48,187.68759933422865
69.48,69.49,0.0
69.49,69.5,0.0
69.5,69.51,0.0
69.51,69.52,0.0
69.52,69.53,0.0
69.53,69.54,0.0
69.54,69.55,0.0
69.55,69.56,0.0
69.56,69.57,0.0
69.57,69.58,0.0
69.58,69.59,0.0
69.59,69.6,0.0
69.6,69.61,0.0
69.61,69.62,0.0
69.62,69.63,0.0
69.63,69.64,0.0
69.64,69.65,0.0
69.65,69.66,0.0
69.66,69.67,0.0
69.67,69.68,0.0
69.68,69.69,0.0
69.69,69.7,0.0
69.7,69.71,0.0
69.71,69.72,0.0
69.72,69.73,0.0
69.73,69.74,0.0
69.74,69.75,0.0
69.75,69.76,0.0
69.76,69.77,0.0
69.77,69.78,0.0
69.78,69.79,0.0
69.79,69.8,0.0
69.8,69.81,0.0
69.81,69.82,0.0
69.82,69.83,0.0
69.83,69.84,0.0
69.84,69.85,0.0
69.85,69.86,0.0
69.86,69.87,0.0
69.87,69.88,0.0
69.88,69.89,0.0
69.89,69.9,0.0
69.9,69.91,0.0
69.91,69.92,0.0
69.92,69.93,0.0
69.93,69.94,0.0
69.94,69.95,0.0
69.95,69.96,0.0
69.96,69.97,0.0
69.97,69.98,0.0
69.98,69.99,0.0
69.99,70.0,0.0
70.0,70.01,0.0
70.01,70.02,0.0
70.02,70.03,0.0
70.03,70.04,0.0
70.04,70.05,0.0
70.05,70.06,0.0
70.06,70.07,232.40911739156792
70.07,70.08,227.10088581417543
70.08,70.09,220.63576443274928
70.09,70.1,215.59643660857103
70.1,70.11,209.4588245641254
70.11,70.12,196.56411970905023
70.12,70.13,195.43199368684918
70.13,70.14,194.30638823072118
70.14,70.15,194.30638823072118
70.15,70.16,195.43199368684918
70.16,70.17,195.43199368684918
70.17,70.18,195.43199368684918
70.18,70.19,194.30638823072118
70.19,70.2,194.30638823072118
70.2,70.21,190.9683207820833
70.21,70.22,185.5318233882619
70.22,70.23,0.0
70.23,70.24,0.0
70.24,70.25,0.0
70.25,70.26,0.0
70.26,70.27,0.0
70.27,70.28,225.79288096122622
70.28,70.29,220.63576443274928
70.29,70.3,218.10154653305153
70.3,70.31,215.59643660857103
70.31,70.32,215.59643660857103
70.32,70.33,214.35469250725862
70.33,70.34,214.35469250725862
70.34,70.35,214.35469250725862
70.35,70.36,214.35469250725862
70.36,70.37,214.35469250725862
70.37,70.38,213.12010032569688
70.38,70.39,211.89261887185907
70.39,70.4,207.05298476827548
70.4,70.41,197.70280407057922
70.41,70.42,190.9683207820833
70.42,70.43,188.7748625363387
70.43,70.44,193.1872657849691
70.44,70.45,197.70280407057922
70.45,70.46,198.8480847635095
70.46,70.47,198.8480847635095
70.47,70.48,197.70280407057922
70.48,70.49,195.43199368684918
70.49,70.5,194.30638823072118
70.5,70.51,192.07458901020084
70.51,70.52,189.86842419010387
70.52,70.53,188.7748625363387
70.53,70.54,186.60659830736148
70.54,70.55,184.46323871718783
70.55,70.56,183.40080864093423
70.56,70.57,180.25009252216606
70.57,70.58,179.21192838239048
70.58,70.59,179.21192838239048
70.59,70.6,179.21192838239048
70.6,70.61,178.17974362806785
70.61,70.62,178.17974362806785
70.62,70.63,176.1331747192297
70.63,70.64,172.11028744886602
70.64,70.65,170.13343219017113
70.65,70.66,170.13343219017113
70.66,70.67,171.11900513652043
70.67,70.68,176.1331747192297
70.68,70.69,179.21192838239048
70.69,70.7,180.25009252216606
70.7,70.71,181.29427068562208
70.71,70.72,181.29427068562208
70.72,70.73,181.29427068562208
70.73,70.74,182.34449771164336
70.74,70.75,183.40080864093423
70.75,70.76,185.5318233882619
70.76,70.77,188.7748625363387
70.77,70.78,192.07458901020084
70.78,70.79,195.43199368684918
70.79,70.8,198.8480847635095
70.8,70.81,203.49593842053727
70.81,70.82,218.10154653305153
70.82,70.83,220.63576443274928
70.83,70.84,221.91389441356898
70.84,70.85,224.49240966187455
70.85,70.86,225.79288096122622
70.86,70.87,228.41646786215435
70.87,70.88,229.73967099940702
70.88,70.89,231.07053937445463
70.89,70.9,232.40911739156792
70.9,70.91,232.40911739156792
70.91,70.92,232.40911739156792
70.92,70.93,232.40911739156792
70.93,70.94,231.07053937445463
70.94,70.95,231.07053937445463
70.95,70.96,229.73967099940702
70.96,70.97,229.73967099940702
70.97,70.98,228.41646786215435
70.98,70.99,227.10088581417543
70.99,71.0,225.79288096122622
71.0,71.01,225.79288096122622
71.01,71.02,227.10088581417543
71.02,71.03,227.10088581417543
71.03,71.04,228.41646786215435
71.04,71.05,228.41646786215435
71.05,71.06,225.79288096122622
71.06,71.07,225.79288096122622
71.07,71.08,225.79288096122622
71.08,71.09,225.79288096122622
71.09,71.1,225.79288096122622
71.1,71.11,227.10088581417543
71.11,71.12,227.10088581417543
71.12,71.13,227.10088581417543
71.13,71.14,227.10088581417543
71.14,71.15,228.41646786215435
71.15,71.16,227.10088581417543
71.16,71.17,225.79288096122622
71.17,71.18,224.49240966187455
71.18,71.19,224.49240966187455
71.19,71.2,227.10088581417543
71.2,71.21,228.41646786215435
71.21,71.22,229.73967099940702
71.22,71.23,229.73967099940702
71.23,71.24,229.73967099940702
71.24,71.25,228.41646786215435
71.25,71.26,228.41646786215435
71.26,71.27,228.41646786215435
71.27,71.28,228.41646786215435
71.28,71.29,228.41646786215435
71.29,71.3,227.10088581417543
71.3,71.31,227.10088581417543
71.31,71.32,227.10088581417543
71.32,71.33,227.10088581417543
71.33,71.34,0.0
71.34,71.35,0.0
71.35,71.36,0.0
71.36,71.37,0.0
71.37,71.38,0.0
71.38,71.39,0.0
71.39,71.4,0.0
71.4,71.41,0.0
71.41,71.42,0.0
71.42,71.43,0.0
71.43,71.44,0.0
71.44,71.45,0.0
71.45,71.46,0.0
71.46,71.47,0.0
71.47,71.48,0.0
71.48,71.49,0.0
71.49,71.5,0.0
71.5,71.51,0.0
71.51,71.52,0.0
71.52,71.53,0.0
71.53,71.54,0.0
71.54,71.55,0.0
71.55,71.56,0.0
71.56,71.57,0.0
71.57,71.58,0.0
71.58,71.59,0.0
71.59,71.6,0.0
71.6,71.61,0.0
71.61,71.62,0.0
71.62,71.63,0.0
71.63,71.64,0.0
71.64,71.65,0.0
71.65,71.66,0.0
71.66,71.67,0.0
71.67,71.68,0.0
71.68,71.69,0.0
71.69,71.7,0.0
71.7,71.71,0.0
71.71,71.72,0.0
71.72,71.73,0.0
71.73,71.74,0.0
71.74,71.75,0.0
71.75,71.76,0.0
71.76,71.77,0.0
71.77,71.78,0.0
71.78,71.79,0.0
71.79,71.8,0.0
71.8,71.81,0.0
71.81,71.82,0.0
71.82,71.83,0.0
71.83,71.84,0.0
71.84,71.85,0.0
71.85,71.86,0.0
71.86,71.87,0.0
71.87,71.88,0.0
71.88,71.89,0.0
71.89,71.9,0.0
71.9,71.91,0.0
71.91,71.92,0.0
71.92,71.93,0.0
71.93,71.94,0.0
71.94,71.95,0.0
71.95,71.96,165.29006363084235
71.96,71.97,166.24757922855756
71.97,71.98,166.24757922855756
71.98,71.99,168.1792830507429
71.99,72.0,171.11900513652043
72.0,72.01,177.1535038204721
72.01,72.02,181.29427068562208
72.02,72.03,185.5318233882619
72.03,72.04,188.7748625363387
72.04,72.05,190.9683207820833
72.05,72.06,192.07458901020084
72.06,72.07,192.07458901020084
72.07,72.08,195.43199368684918
72.08,72.09,208.25243050696125
72.09,72.1,209.4588245641254
72.1,72.11,209.4588245641254
72.11,72.12,219.36499593892518
72.12,72.13,219.36499593892518
72.13,72.14,219.36499593892518
72.14,72.15,219.36499593892518
72.15,72.16,219.36499593892518
72.16,72.17,216.8453740602837
72.17,72.18,216.8453740602837
72.18,72.19,215.59643660857103
72.19,72.2,215.59643660857103
72.2,72.21,215.59643660857103
72.21,72.22,214.35469250725862
72.22,72.23,190.9683207820833
72.23,72.24,186.60659830736148
72.24,72.25,185.5318233882619
72.25,72.26,183.40080864093423
72.26,72.27,182.34449771164336
72.27,72.28,182.34449771164336
72.28,72.29,176.1331747192297
72.29,72.3,176.1331747192297
72.3,72.31,178.17974362806785
72.31,72.32,176.1331747192297
72.32,72.33,175.11872228117704
72.33,72.34,175.11872228117704
72.34,72.35,175.11872228117704
72.35,72.36,185.5318233882619
72.36,72.37,201.15858821357068
72.37,72.38,203.49593842053727
72.38,72.39,202.3238880603845
72.39,72.4,202.3238880603845
72.4,72.41,202.3238880603845
72.41,72.42,201.15858821357068
72.42,72.43,198.8480847635095
72.43,72.44,188.7748625363387
72.44,72.45,178.17974362806785
72.45,72.46,173.1073122012286
72.46,72.47,172.11028744886602
72.47,72.48,171.11900513652043
72.48,72.49,180.25009252216606
72.49,72.5,190.9683207820833
72.5,72.51,192.07458901020084
72.51,72.52,190.9683207820833
72.52,72.53,190.9683207820833
72.53,72.54,189.86842419010387
72.54,72.55,189.86842419010387
72.55,72.56,189.86842419010387
72.56,72.57,189.86842419010387
72.57,72.58,189.86842419010387
72.58,72.59,190.9683207820833
72.59,72.6,189.86842419010387
72.6,72.61,189.86842419010387
72.61,72.62,189.86842419010387
72.62,72.63,188.7748625363387
72.63,72.64,187.68759933422865
72.64,72.65,188.7748625363387
72.65,72.66,188.7748625363387
72.66,72.67,187.68759933422865
72.67,72.68,187.68759933422865
72.68,72.69,186.60659830736148
72.69,72.7,186.60659830736148
72.7,72.71,185.5318233882619
72.71,72.72,185.5318233882619
72.72,72.73,184.46323871718783
72.73,72.74,184.46323871718783
72.74,72.75,183.40080864093423
72.75,72.76,183.40080864093423
72.76,72.77,183.40080864093423
72.77,72.78,183.40080864093423
72.78,72.79,183.40080864093423
72.79,72.8,183.40080864093423
72.8,72.81,184.46323871718783
72.81,72.82,184.46323871718783
72.82,72.83,183.40080864093423
72.83,72.84,188.7748625363387
72.84,72.85,196.56411970905023
72.85,72.86,183.40080864093423
72.86,72.87,184.46323871718783
72.87,72.88,185.5318233882619
72.88,72.89,185.5318233882619
72.89,72.9,185.5318233882619
72.9,72.91,185.5318233882619
72.91,72.92,186.60659830736148
72.92,72.93,0.0
72.93,72.94,0.0
72.94,72.95,235.10958125672175
72.95,72.96,235.10958125672175
72.96,72.97,235.10958125672175
72.97,72.98,233.75544971224912
72.98,72.99,233.75544971224912
72.99,73.0,235.10958125672175
73.0,73.01,235.10958125672175
73.01,73.02,236.47155720542963
73.02,73.03,236.47155720542963
73.03,73.04,237.8414230005442
73.04,73.05,239.21922434748075
73.05,73.06,239.21922434748075
73.06,73.07,240.60500721642333
73.07,73.08,240.60500721642333
73.08,73.09,240.60500721642333
73.09,73.1,240.60500721642333
73.1,73.11,240.60500721642333
73.11,73.12,239.21922434748075
73.12,73.13,237.8414230005442
73.13,73.14,237.8414230005442
73.14,73.15,237.8414230005442
73.15,73.16,236.47155720542963
73.16,73.17,236.47155720542963
73.17,73.18,236.47155720542963
73.18,73.19,237.8414230005442
73.19,73.2,237.8414230005442
73.2,73.21,237.8414230005442
73.21,73.22,237.8414230005442
73.22,73.23,236.47155720542963
73.23,73.24,236.47155720542963
73.24,73.25,235.10958125672175
73.25,73.26,233.75544971224912
73.26,73.27,232.40911739156792
73.27,73.28,231.07053937445463
73.28,73.29,229.73967099940702
73.29,73.3,228.41646786215435
73.3,73.31,228.41646786215435
73.31,73.32,227.10088581417543
73.32,73.33,227.10088581417543
73.33,73.34,228.41646786215435
73.34,73.35,229.73967099940702
73.35,73.36,231.07053937445463
73.36,73.37,231.07053937445463
73.37,73.38,232.40911739156792
73.38,73.39,232.40911739156792
73.39,73.4,232.40911739156792
73.4,73.41,232.40911739156792
73.41,73.42,232.40911739156792
73.42,73.43,232.40911739156792
73.43,73.44,232.40911739156792
73.44,73.45,231.07053937445463
73.45,73.46,229.73967099940702
73.46,73.47,229.73967099940702
73.47,73.48,227.10088581417543
73.48,73.49,224.49240966187455
73.49,73.5,229.73967099940702
73.5,73.51,241.99881784385852
73.51,73.52,244.81070866093103
73.52,73.53,241.99881784385852
73.53,73.54,239.21922434748075
73.54,73.55,233.75544971224912
73.55,73.56,233.75544971224912
73.56,73.57,233.75544971224912
73.57,73.58,233.75544971224912
73.58,73.59,233.75544971224912
73.59,73.6,233.75544971224912
73.6,73.61,231.07053937445463
73.61,73.62,231.07053937445463
73.62,73.63,232.40911739156792
73.63,73.64,232.40911739156792
73.64,73.65,232.40911739156792
73.65,73.66,232.40911739156792
73.66,73.67,0.0
73.67,73.68,0.0
73.68,73.69,0.0
73.69,73.7,0.0
73.7,73.71,0.0
73.71,73.72,0.0
73.72,73.73,0.0
73.73,73.74,0.0
73.74,73.75,0.0
73.75,73.76,0.0
73.76,73.77,0.0
73.77,73.78,0.0
73.78,73.79,0.0
73.79,73.8,0.0
73.8,73.81,0.0
73.81,73.82,0.0
73.82,73.83,0.0
73.83,73.84,0.0
73.84,73.85,0.0
73.85,73.86,0.0
73.86,73.87,0.0
73.87,73.88,0.0
73.88,73.89,0.0
73.89,73.9,0.0
73.9,73.91,0.0
73.91,73.92,0.0
73.92,73.93,0.0
73.93,73.94,0.0
73.94,73.95,0.0
73.95,73.96,0.0
73.96,73.97,0.0
73.97,73.98,0.0
73.98,73.99,0.0
73.99,74.0,0.0
74.0,74.01,0.0
74.01,74.02,0.0
74.02,74.03,0.0
74.03,74.04,0.0
74.04,74.05,0.0
74.05,74.06,0.0
74.06,74.07,0.0
74.07,74.08,0.0
74.08,74.09,0.0
74.09,74.1,0.0
74.1,74.11,0.0
74.11,74.12,0.0
74.12,74.13,0.0
74.13,74.14,0.0
74.14,74.15,0.0
74.15,74.16,0.0
74.16,74.17,0.0
74.17,74.18,0.0
74.18,74.19,0.0
74.19,74.2,0.0
74.2,74.21,0.0
74.21,74.22,0.0
74.22,74.23,0.0
74.23,74.24,0.0
74.24,74.25,0.0
74.25,74.26,0.0
74.26,74.27,0.0
74.27,74.28,0.0
74.28,74.29,0.0
74.29,74.3,0.0
74.3,74.31,0.0
74.31,74.32,0.0
74.32,74.33,0.0
74.33,74.34,0.0
74.34,74.35,0.0
74.35,74.36,0.0
74.36,74.37,0.0
74.37,74.38,0.0
74.38,74.39,0.0
74.39,74.4,0.0
74.4,74.41,0.0
74.41,74.42,0.0
74.42,74.43,0.0
74.43,74.44,0.0
74.44,74.45,0.0
74.45,74.46,0.0
74.46,74.47,0.0
74.47,74.48,0.0
74.48,74.49,0.0
74.49,74.5,0.0
74.5,74.51,0.0
74.51,74.52,0.0
74.52,74.53,0.0
74.53,74.54,0.0
74.54,74.55,0.0
74.55,74.56,0.0
74.56,74.57,0.0
74.57,74.58,0.0
74.58,74.59,0.0
74.59,74.6,0.0
74.6,74.61,0.0
74.61,74.62,0.0
74.62,74.63,0.0
74.63,74.64,0.0
74.64,74.65,0.0
74.65,74.66,221.91389441356898
74.66,74.67,220.63576443274928
74.67,74.68,219.36499593892518
74.68,74.69,218.10154653305153
74.69,74.7,216.8453740602837
74.7,74.71,214.35469250725862
74.71,74.72,209.4588245641254
74.72,74.73,208.25243050696125
74.73,74.74,207.05298476827548
74.74,74.75,207.05298476827548
74.75,74.76,207.05298476827548
74.76,74.77,210.67220719096719
74.77,74.78,203.49593842053727
74.78,74.79,203.49593842053727
74.79,74.8,203.49593842053727
74.8,74.81,203.49593842053727
74.81,74.82,202.3238880603845
74.82,74.83,202.3238880603845
74.83,74.84,202.3238880603845
74.84,74.85,201.15858821357068
74.85,74.86,201.15858821357068
74.86,74.87,201.15858821357068
74.87,74.88,201.15858821357068
74.88,74.89,200.0
74.89,74.9,200.0
74.9,74.91,200.0
74.91,74.92,200.0
74.92,74.93,200.0
74.93,74.94,200.0
74.94,74.95,198.8480847635095
74.95,74.96,197.70280407057922
74.96,74.97,197.70280407057922
74.97,74.98,197.70280407057922
74.98,74.99,198.8480847635095
74.99,75.0,200.0
75.0,75.01,202.3238880603845
75.01,75.02,203.49593842053727
75.02,75.03,202.3238880603845
75.03,75.04,201.15858821357068
75.04,75.05,198.8480847635095
75.05,75.06,196.56411970905023
75.06,75.07,195.43199368684918
75.07,75.08,194.30638823072118
75.08,75.09,193.1872657849691
75.09,75.1,192.07458901020084
75.1,75.11,192.07458901020084
75.11,75.12,192.07458901020084
75.12,75.13,190.9683207820833
75.13,75.14,190.9683207820833
75.14,75.15,190.9683207820833
75.15,75.16,190.9683207820833
75.16,75.17,189.86842419010387
75.17,75.18,189.86842419010387
75.18,75.19,189.86842419010387
75.19,75.2,189.86842419010387
75.2,75.21,190.9683207820833
75.21,75.22,192.07458901020084
75.22,75.23,193.1872657849691
75.23,75.24,193.1872657849691
75.24,75.25,192.07458901020084
75.25,75.26,192.07458901020084
75.26,75.27,192.07458901020084
75.27,75.28,192.07458901020084
75.28,75.29,192.07458901020084
75.29,75.3,193.1872657849691
75.3,75.31,193.1872657849691
75.31,75.32,192.07458901020084
75.32,75.33,192.07458901020084
75.33,75.34,190.9683207820833
75.34,75.35,189.86842419010387
75.35,75.36,188.7748625363387
75.36,75.37,188.7748625363387
75.37,75.38,188.7748625363387
75.38,75.39,188.7748625363387
75.39,75.4,188.7748625363387
75.4,75.41,188.7748625363387
75.41,75.42,188.7748625363387
75.42,75.43,187.68759933422865
75.43,75.44,187.68759933422865
75.44,75.45,187.68759933422865
75.45,75.46,187.68759933422865
75.46,75.47,187.68759933422865
75.47,75.48,187.68759933422865
75.48,75.49,187.68759933422865
75.49,75.5,186.60659830736148
75.5,75.51,186.60659830736148
75.51,75.52,186.60659830736148
75.52,75.53,186.60659830736148
75.53,75.54,186.60659830736148
75.54,75.55,187.68759933422865
75.55,75.56,187.68759933422865
75.56,75.57,187.68759933422865
75.57,75.58,188.7748625363387
75.58,75.59,188.7748625363387
75.59,75.6,187.68759933422865
75.6,75.61,187.68759933422865
75.61,75.62,187.68759933422865
75.62,75.63,187.68759933422865
75.63,75.64,188.7748625363387
75.64,75.65,188.7748625363387
75.65,75.66,187.68759933422865
75.66,75.67,187.68759933422865
75.67,75.68,187.68759933422865
75.68,75.69,187.68759933422865
75.69,75.7,187.68759933422865
75.7,75.71,187.68759933422865
75.71,75.72,187.68759933422865
75.72,75.73,187.68759933422865
75.73,75.74,186.60659830736148
75.74,75.75,185.5318233882619
75.75,75.76,184.46323871718783
75.76,75.77,183.40080864093423
75.77,75.78,183.40080864093423
75.78,75.79,183.40080864093423
75.79,75.8,184.46323871718783
75.8,75.81,184.46323871718783
75.81,75.82,184.46323871718783
75.82,75.83,184.46323871718783
75.83,75.84,184.46323871718783
75.84,75.85,184.46323871718783
75.85,75.86,184.46323871718783
75.86,75.87,184.46323871718783
75.87,75.88,183.40080864093423
75.88,75.89,183.40080864093423
75.89,75.9,182.34449771164336
75.9,75.91,182.34449771164336
75.91,75.92,181.29427068562208
75.92,75.93,181.29427068562208
75.93,75.94,180.25009252216606
75.94,75.95,179.21192838239048
75.95,75.96,178.17974362806785
75.96,75.97,177.1535038204721
75.97,75.98,176.1331747192297
75.98,75.99,175.11872228117704
75.99,76.0,176.1331747192297
76.0,76.01,177.1535038204721
76.01,76.02,180.25009252216606
76.02,76.03,181.29427068562208
76.03,76.04,181.29427068562208
76.04,76.05,181.29427068562208
76.05,76.06,182.34449771164336
76.06,76.07,182.34449771164336
76.07,76.08,181.29427068562208
76.08,76.09,180.25009252216606
76.09,76.1,178.17974362806785
76.1,76.11,179.21192838239048
76.11,76.12,180.25009252216606
76.12,76.13,181.29427068562208
76.13,76.14,181.29427068562208
76.14,76.15,181.29427068562208
76.15,76.16,181.29427068562208
76.16,76.17,180.25009252216606
76.17,76.18,180.25009252216606
76.18,76.19,180.25009252216606
76.19,76.2,180.25009252216606
76.2,76.21,182.34449771164336
76.21,76.22,185.5318233882619
76.22,76.23,0.0
76.23,76.24,0.0
76.24,76.25,0.0
76.25,76.26,0.0
76.26,76.27,0.0
76.27,76.28,0.0
76.28,76.29,0.0
76.29,76.3,0.0
76.3,76.31,0.0
76.31,76.32,0.0
76.32,76.33,0.0
76.33,76.34,0.0
76.34,76.35,0.0
76.35,76.36,0.0
76.36,76.37,0.0
76.37,76.38,0.0
76.38,76.39,0.0
76.39,76.4,0.0
76.4,76.41,0.0
76.41,76.42,0.0
76.42,76.43,0.0
76.43,76.44,0.0
76.44,76.45,0.0
76.45,76.46,0.0
76.46,76.47,0.0
76.47,76.48,0.0
76.48,76.49,0.0
76.49,76.5,0.0
76.5,76.51,0.0
76.51,76.52,0.0
76.52,76.53,0.0
76.53,76.54,0.0
76.54,76.55,0.0
76.55,76.56,0.0
76.56,76.57,0.0
76.57,76.58,0.0
76.58,76.59,0.0
76.59,76.6,0.0
76.6,76.61,0.0
76.61,76.62,177.1535038204721
76.62,76.63,186.60659830736148
76.63,76.64,192.07458901020084
76.64,76.65,196.56411970905023
76.65,76.66,203.49593842053727
76.66,76.67,207.05298476827548
76.67,76.68,210.67220719096719
76.68,76.69,208.25243050696125
76.69,76.7,209.4588245641254
76.7,76.71,209.4588245641254
76.71,76.72,209.4588245641254
76.72,76.73,209.4588245641254
76.73,76.74,209.4588245641254
76.74,76.75,208.25243050696125
76.75,76.76,207.05298476827548
76.76,76.77,205.86044732869837
76.77,76.78,213.12010032569688
76.78,76.79,213.12010032569688
76.79,76.8,213.12010032569688
76.8,76.81,213.12010032569688
76.81,76.82,213.12010032569688
76.82,76.83,214.35469250725862
76.83,76.84,213.12010032569688
76.84,76.85,210.67220719096719
76.85,76.86,209.4588245641254
76.86,76.87,205.86044732869837
76.87,76.88,203.49593842053727
76.88,76.89,203.49593842053727
76.89,76.9,202.3238880603845
76.9,76.91,201.15858821357068
76.91,76.92,201.15858821357068
76.92,76.93,200.0
76.93,76.94,200.0
76.94,76.95,198.8480847635095
76.95,76.96,198.8480847635095
76.96,76.97,200.0
76.97,76.98,200.0
76.98,76.99,197.70280407057922
76.99,77.0,187.68759933422865
77.0,77.01,184.46323871718783
77.01,77.02,197.70280407057922
77.02,77.03,200.0
77.03,77.04,198.8480847635095
77.04,77.05,0.0
77.05,77.06,0.0
77.06,77.07,0.0
77.07,77.08,229.73967099940702
77.08,77.09,228.41646786215435
77.09,77.1,228.41646786215435
77.1,77.11,229.73967099940702
77.11,77.12,232.40911739156792
77.12,77.13,233.75544971224912
77.13,77.14,233.75544971224912
77.14,77.15,235.10958125672175
77.15,77.16,236.47155720542963
77.16,77.17,236.47155720542963
77.17,77.18,237.8414230005442
77.18,77.19,239.21922434748075
77.19,77.2,239.21922434748075
77.2,77.21,237.8414230005442
77.21,77.22,237.8414230005442
77.22,77.23,236.47155720542963
77.23,77.24,235.10958125672175
77.24,77.25,233.75544971224912
77.25,77.26,233.75544971224912
77.26,77.27,233.75544971224912
77.27,77.28,233.75544971224912
77.28,77.29,235.10958125672175
77.29,77.3,236.47155720542963
77.3,77.31,249.08992447176465
77.31,77.32,239.21922434748075
77.32,77.33,239.21922434748075
77.33,77.34,239.21922434748075
77.34,77.35,233.75544971224912
77.35,77.36,239.21922434748075
77.36,77.37,239.21922434748075
77.37,77.38,239.21922434748075
77.38,77.39,239.21922434748075
77.39,77.4,246.2288826689832
77.4,77.41,247.65527207548806
77.41,77.42,236.47155720542963
77.42,77.43,220.63576443274928
77.43,77.44,216.8453740602837
77.44,77.45,211.89261887185907
77.45,77.46,208.25243050696125
77.46,77.47,202.3238880603845
77.47,77.48,0.0
77.48,77.49,0.0
77.49,77.5,236.47155720542963
77.5,77.51,235.10958125672175
77.51,77.52,215.59643660857103
77.52,77.53,202.3238880603845
77.53,77.54,201.15858821357068
77.54,77.55,200.0
77.55,77.56,197.70280407057922
77.56,77.57,195.43199368684918
77.57,77.58,194.30638823072118
77.58,77.59,192.07458901020084
77.59,77.6,189.86842419010387
77.6,77.61,200.0
77.61,77.62,195.43199368684918
77.62,77.63,192.07458901020084
77.63,77.64,0.0
77.64,77.65,0.0
77.65,77.66,0.0
77.66,77.67,0.0
77.67,77.68,0.0
77.68,77.69,0.0
77.69,77.7,0.0
77.7,77.71,0.0
77.71,77.72,0.0
77.72,77.73,0.0
77.73,77.74,0.0
77.74,77.75,213.12010032569688
77.75,77.76,207.05298476827548
77.76,77.77,205.86044732869837
77.77,77.78,204.67477839935495
77.78,77.79,203.49593842053727
77.79,77.8,203.49593842053727
77.8,77.81,203.49593842053727
77.81,77.82,203.49593842053727
77.82,77.83,204.67477839935495
77.83,77.84,207.05298476827548
77.84,77.85,224.49240966187455
77.85,77.86,224.49240966187455
77.86,77.87,228.41646786215435
77.87,77.88,229.73967099940702
77.88,77.89,232.40911739156792
77.89,77.9,233.75544971224912
77.9,77.91,236.47155720542963
77.91,77.92,237.8414230005442
77.92,77.93,240.60500721642333
77.93,77.94,241.99881784385852
77.94,77.95,243.40070273411817
77.95,77.96,244.81070866093103
77.96,77.97,246.2288826689832
77.97,77.98,246.2288826689832
77.98,77.99,247.65527207548806
77.99,78.0,247.65527207548806
78.0,78.01,247.65527207548806
78.01,78.02,246.2288826689832
78.02,78.03,246.2288826689832
78.03,78.04,246.2288826689832
78.04,78.05,246.2288826689832
78.05,78.06,246.2288826689832
78.06,78.07,246.2288826689832
78.07,78.08,246.2288826689832
78.08,78.09,246.2288826689832
78.09,78.1,246.2288826689832
78.1,78.11,246.2288826689832
78.11,78.12,244.81070866093103
78.12,78.13,244.81070866093103
78.13,78.14,244.81070866093103
78.14,78.15,247.65527207548806
78.15,78.16,247.65527207548806
78.16,78.17,247.65527207548806
78.17,78.18,247.65527207548806
78.18,78.19,244.81070866093103
78.19,78.2,244.81070866093103
78.2,78.21,244.81070866093103
78.21,78.22,243.40070273411817
78.22,78.23,243.40070273411817
78.23,78.24,243.40070273411817
78.24,78.25,243.40070273411817
78.25,78.26,243.40070273411817
78.26,78.27,243.40070273411817
78.27,78.28,244.81070866093103
78.28,78.29,246.2288826689832
78.29,78.3,246.2288826689832
78.3,78.31,247.65527207548806
78.31,78.32,249.08992447176465
78.32,78.33,249.08992447176465
78.33,78.34,249.08992447176465
78.34,78.35,249.08992447176465
78.35,78.36,250.53288772482563
78.36,78.37,249.08992447176465
78.37,78.38,247.65527207548806
78.38,78.39,246.2288826689832
78.39,78.4,247.65527207548806
78.4,78.41,247.65527207548806
78.41,78.42,247.65527207548806
78.42,78.43,246.2288826689832
78.43,78.44,246.2288826689832
78.44,78.45,246.2288826689832
78.45,78.46,247.65527207548806
78.46,78.47,247.65527207548806
78.47,78.48,247.65527207548806
78.48,78.49,246.2288826689832
78.49,78.5,246.2288826689832
78.5,78.51,247.65527207548806
78.51,78.52,246.2288826689832
78.52,78.53,246.2288826689832
78.53,78.54,246.2288826689832
78.54,78.55,244.81070866093103
78.55,78.56,244.81070866093103
78.56,78.57,244.81070866093103
78.57,78.58,244.81070866093103
78.58,78.59,244.81070866093103
78.59,78.6,247.65527207548806
78.6,78.61,0.0
78.61,78.62,0.0
78.62,78.63,0.0
78.63,78.64,0.0
78.64,78.65,0.0
78.65,78.66,0.0
78.66,78.67,0.0
78.67,78.68,0.0
78.68,78.69,0.0
78.69,78.7,0.0
78.7,78.71,0.0
78.71,78.72,0.0
78.72,78.73,0.0
78.73,78.74,0.0
78.74,78.75,0.0
78.75,78.76,0.0
78.76,78.77,0.0
78.77,78.78,0.0
78.78,78.79,0.0
78.79,78.8,0.0
78.8,78.81,0.0
78.81,78.82,0.0
78.82,78.83,0.0
78.83,78.84,0.0
78.84,78.85,0.0
78.85,78.86,0.0
78.86,78.87,0.0
78.87,78.88,0.0
78.88,78.89,0.0
78.89,78.9,0.0
78.9,78.91,0.0
78.91,78.92,0.0
78.92,78.93,0.0
78.93,78.94,0.0
78.94,78.95,0.0
78.95,78.96,0.0
78.96,78.97,0.0
78.97,78.98,0.0
78.98,78.99,0.0
78.99,79.0,0.0
79.0,79.01,0.0
79.01,79.02,0.0
79.02,79.03,0.0
79.03,79.04,0.0
79.04,79.05,0.0
79.05,79.06,0.0
79.06,79.07,0.0
79.07,79.08,0.0
79.08,79.09,0.0
79.09,79.1,0.0
79.1,79.11,0.0
79.11,79.12,0.0
79.12,79.13,0.0
79.13,79.14,0.0
79.14,79.15,0.0
79.15,79.16,0.0
79.16,79.17,0.0
79.17,79.18,0.0
79.18,79.19,0.0
79.19,79.2,0.0
79.2,79.21,0.0
79.21,79.22,0.0
79.22,79.23,0.0
79.23,79.24,0.0
79.24,79.25,0.0
79.25,79.26,0.0
79.26,79.27,184.46323871718783
79.27,79.28,187.68759933422865
79.28,79.29,189.86842419010387
79.29,79.3,190.9683207820833
79.3,79.31,193.1872657849691
79.31,79.32,195.43199368684918
79.32,79.33,197.70280407057922
79.33,79.34,197.70280407057922
79.34,79.35,197.70280407057922
79.35,79.36,197.70280407057922
79.36,79.37,197.70280407057922
79.37,79.38,197.70280407057922
79.38,79.39,197.70280407057922
79.39,79.4,197.70280407057922
79.4,79.41,197.70280407057922
79.41,79.42,197.70280407057922
79.42,79.43,197.70280407057922
79.43,79.44,197.70280407057922
79.44,79.45,197.70280407057922
79.45,79.46,197.70280407057922
79.46,79.47,196.56411970905023
79.47,79.48,196.56411970905023
79.48,79.49,196.56411970905023
79.49,79.5,196.56411970905023
79.5,79.51,196.56411970905023
79.51,79.52,196.56411970905023
79.52,79.53,196.56411970905023
79.53,79.54,196.56411970905023
79.54,79.55,194.30638823072118
79.55,79.56,193.1872657849691
79.56,79.57,193.1872657849691
79.57,79.58,192.07458901020084
79.58,79.59,190.9683207820833
79.59,79.6,190.9683207820833
79.6,79.61,190.9683207820833
79.61,79.62,190.9683207820833
79.62,79.63,190.9683207820833
79.63,79.64,192.07458901020084
79.64,79.65,192.07458901020084
79.65,79.66,192.07458901020084
79.66,79.67,192.07458901020084
79.67,79.68,192.07458901020084
79.68,79.69,193.1872657849691
79.69,79.7,193.1872657849691
79.7,79.71,193.1872657849691
79.71,79.72,193.1872657849691
79.72,79.73,193.1872657849691
79.73,79.74,192.07458901020084
79.74,79.75,192.07458901020084
79.75,79.76,190.9683207820833
79.76,79.77,189.86842419010387
79.77,79.78,189.86842419010387
79.78,79.79,189.86842419010387
79.79,79.8,189.86842419010387
79.8,79.81,189.86842419010387
79.81,79.82,189.86842419010387
79.82,79.83,189.86842419010387
79.83,79.84,189.86842419010387
79.84,79.85,189.86842419010387
79.85,79.86,190.9683207820833
79.86,79.87,189.86842419010387
79.87,79.88,189.86842419010387
79.88,79.89,189.86842419010387
79.89,79.9,189.86842419010387
79.9,79.91,189.86842419010387
79.91,79.92,189.86842419010387
79.92,79.93,188.7748625363387
79.93,79.94,188.7748625363387
79.94,79.95,187.68759933422865
79.95,79.96,187.68759933422865
79.96,79.97,186.60659830736148
79.97,79.98,185.5318233882619
79.98,79.99,185.5318233882619
79.99,80.0,185.5318233882619
80.0,80.01,184.46323871718783
80.01,80.02,184.46323871718783
80.02,80.03,183.40080864093423
80.03,80.04,183.40080864093423
80.04,80.05,183.40080864093423
80.05,80.06,184.46323871718783
80.06,80.07,184.46323871718783
80.07,80.08,184.46323871718783
80.08,80.09,183.40080864093423
80.09,80.1,183.40080864093423
80.1,80.11,183.40080864093423
80.11,80.12,182.34449771164336
80.12,80.13,183.40080864093423
80.13,80.14,183.40080864093423
80.14,80.15,182.34449771164336
80.15,80.16,182.34449771164336
80.16,80.17,181.29427068562208
80.17,80.18,181.29427068562208
80.18,80.19,180.25009252216606
80.19,80.2,179.21192838239048
80.2,80.21,179.21192838239048
80.21,80.22,179.21192838239048
80.22,80.23,178.17974362806785
80.23,80.24,179.21192838239048
80.24,80.25,179.21192838239048
80.25,80.26,179.21192838239048
80.26,80.27,179.21192838239048
80.27,80.28,178.17974362806785
80.28,80.29,177.1535038204721
80.29,80.3,175.11872228117704
80.3,80.31,174.11011265922482
80.31,80.32,173.1073122012286
80.32,80.33,170.13343219017113
80.33,80.34,168.1792830507429
80.34,80.35,166.24757922855756
80.35,80.36,0.0
80.36,80.37,0.0
80.37,80.38,0.0
80.38,80.39,0.0
80.39,80.4,0.0
80.4,80.41,0.0
80.41,80.42,0.0
80.42,80.43,0.0
80.43,80.44,0.0
80.44,80.45,0.0
80.45,80.46,203.49593842053727
80.46,80.47,203.49593842053727
80.47,80.48,202.3238880603845
80.48,80.49,202.3238880603845
80.49,80.5,202.3238880603845
80.5,80.51,203.49593842053727
80.51,80.52,204.67477839935495
80.52,80.53,204.67477839935495
80.53,80.54,205.86044732869837
80.54,80.55,205.86044732869837
80.55,80.56,205.86044732869837
80.56,80.57,200.0
80.57,80.58,194.30638823072118
80.58,80.59,190.9683207820833
80.59,80.6,188.7748625363387
80.6,80.61,186.60659830736148
80.61,80.62,0.0
80.62,80.63,229.73967099940702
80.63,80.64,229.73967099940702
80.64,80.65,227.10088581417543
80.65,80.66,225.79288096122622
80.66,80.67,221.91389441356898
80.67,80.68,218.10154653305153
80.68,80.69,216.8453740602837
80.69,80.7,215.59643660857103
80.7,80.71,215.59643660857103
80.71,80.72,215.59643660857103
80.72,80.73,214.35469250725862
80.73,80.74,214.35469250725862
80.74,80.75,218.10154653305153
80.75,80.76,216.8453740602837
80.76,80.77,216.8453740602837
80.77,80.78,0.0
80.78,80.79,0.0
80.79,80.8,210.67220719096719
80.8,80.81,218.10154653305153
80.81,80.82,219.36499593892518
80.82,80.83,219.36499593892518
80.83,80.84,219.36499593892518
80.84,80.85,219.36499593892518
80.85,80.86,219.36499593892518
80.86,80.87,218.10154653305153
80.87,80.88,214.35469250725862
80.88,80.89,209.4588245641254
80.89,80.9,210.67220719096719
80.9,80.91,216.8453740602837
80.91,80.92,218.10154653305153
80.92,80.93,218.10154653305153
80.93,80.94,216.8453740602837
80.94,80.95,218.10154653305153
80.95,80.96,219.36499593892518
80.96,80.97,218.10154653305153
80.97,80.98,218.10154653305153
80.98,80.99,218.10154653305153
80.99,81.0,216.8453740602837
81.0,81.01,218.10154653305153
81.01,81.02,214.35469250725862
81.02,81.03,228.41646786215435
81.03,81.04,246.2288826689832
81.04,81.05,243.40070273411817
81.05,81.06,246.2288826689832
81.06,81.07,247.65527207548806
81.07,81.08,249.08992447176465
81.08,81.09,250.53288772482563
81.09,81.1,251.98420997897463
81.1,81.11,253.44393965741244
81.11,81.12,254.91212546385245
81.12,81.13,257.8740616879158
81.13,81.14,259.3679109302019
81.14,81.15,260.87041395311286
81.15,81.16,260.87041395311286
81.16,81.17,260.87041395311286
81.17,81.18,262.38162088748976
81.18,81.19,262.38162088748976
81.19,81.2,262.38162088748976
81.2,81.21,262.38162088748976
81.21,81.22,263.9015821545788
81.22,81.23,262.38162088748976
81.23,81.24,260.87041395311286
81.24,81.25,257.8740616879158
81.25,81.26,253.44393965741244
81.26,81.27,250.53288772482563
81.27,81.28,246.2288826689832
81.28,81.29,0.0
81.29,81.3,0.0
81.3,81.31,0.0
81.31,81.32,0.0
81.32,81.33,0.0
81.33,81.34,0.0
81.34,81.35,0.0
81.35,81.36,0.0
81.36,81.37,195.43199368684918
81.37,81.38,197.70280407057922
81.38,81.39,198.8480847635095
81.39,81.4,198.8480847635095
81.4,81.41,198.8480847635095
81.41,81.42,198.8480847635095
81.42,81.43,200.0
81.43,81.44,200.0
81.44,81.45,201.15858821357068
81.45,81.46,201.15858821357068
81.46,81.47,201.15858821357068
81.47,81.48,201.15858821357068
81.48,81.49,201.15858821357068
81.49,81.5,200.0
81.5,81.51,200.0
81.51,81.52,198.8480847635095
81.52,81.53,198.8480847635095
81.53,81.54,197.70280407057922
81.54,81.55,197.70280407057922
81.55,81.56,196.56411970905023
81.56,81.57,196.56411970905023
81.57,81.58,196.56411970905023
81.58,81.59,196.56411970905023
81.59,81.6,196.56411970905023
81.6,81.61,196.56411970905023
81.61,81.62,196.56411970905023
81.62,81.63,196.56411970905023
81.63,81.64,195.43199368684918
81.64,81.65,195.43199368684918
81.65,81.66,195.43199368684918
81.66,81.67,194.30638823072118
81.67,81.68,194.30638823072118
81.68,81.69,193.1872657849691
81.69,81.7,193.1872657849691
81.7,81.71,192.07458901020084
81.71,81.72,190.9683207820833
81.72,81.73,190.9683207820833
81.73,81.74,190.9683207820833
81.74,81.75,189.86842419010387
81.75,81.76,189.86842419010387
81.76,81.77,189.86842419010387
81.77,81.78,190.9683207820833
81.78,81.79,190.9683207820833
81.79,81.8,190.9683207820833
81.8,81.81,190.9683207820833
81.81,81.82,190.9683207820833
81.82,81.83,190.9683207820833
81.83,81.84,189.86842419010387
81.84,81.85,188.7748625363387
81.85,81.86,187.68759933422865
81.86,81.87,187.68759933422865
81.87,81.88,187.68759933422865
81.88,81.89,186.60659830736148
81.89,81.9,186.60659830736148
81.9,81.91,185.5318233882619
81.91,81.92,185.5318233882619
81.92,81.93,184.46323871718783
81.93,81.94,183.40080864093423
81.94,81.95,183.40080864093423
81.95,81.96,183.40080864093423
81.96,81.97,183.40080864093423
81.97,81.98,182.34449771164336
81.98,81.99,182.34449771164336
81.99,82.0,181.29427068562208
82.0,82.01,181.29427068562208
82.01,82.02,181.29427068562208
82.02,82.03,181.29427068562208
82.03,82.04,181.29427068562208
82.04,82.05,181.29427068562208
82.05,82.06,181.29427068562208
82.06,82.07,181.29427068562208
82.07,82.08,180.25009252216606
82.08,82.09,180.25009252216606
82.09,82.1,179.21192838239048
82.1,82.11,178.17974362806785
82.11,82.12,178.17974362806785
82.12,82.13,177.1535038204721
82.13,82.14,177.1535038204721
82.14,82.15,177.1535038204721
82.15,82.16,178.17974362806785
82.16,82.17,179.21192838239048
82.17,82.18,181.29427068562208
82.18,82.19,183.40080864093423
82.19,82.2,184.46323871718783
82.2,82.21,182.34449771164336
82.21,82.22,181.29427068562208
82.22,82.23,184.46323871718783
82.23,82.24,184.46323871718783
82.24,82.25,0.0
82.25,82.26,0.0
82.26,82.27,0.0
82.27,82.28,0.0
82.28,82.29,0.0
82.29,82.3,0.0
82.3,82.31,0.0
82.31,82.32,0.0
82.32,82.33,0.0
82.33,82.34,0.0
82.34,82.35,0.0
82.35,82.36,0.0
82.36,82.37,0.0
82.37,82.38,0.0
82.38,82.39,0.0
82.39,82.4,246.2288826689832
82.4,82.41,240.60500721642333
82.41,82.42,237.8414230005442
82.42,82.43,235.10958125672175
82.43,82.44,233.75544971224912
82.44,82.45,232.40911739156792
82.45,82.46,232.40911739156792
82.46,82.47,232.40911739156792
82.47,82.48,232.40911739156792
82.48,82.49,232.40911739156792
82.49,82.5,232.40911739156792
82.5,82.51,231.07053937445463
82.51,82.52,231.07053937445463
82.52,82.53,232.40911739156792
82.53,82.54,232.40911739156792
82.54,82.55,233.75544971224912
82.55,82.56,235.10958125672175
82.56,82.57,236.47155720542963
82.57,82.58,233.75544971224912
82.58,82.59,233.75544971224912
82.59,82.6,233.75544971224912
82.6,82.61,233.75544971224912
82.61,82.62,233.75544971224912
82.62,82.63,233.75544971224912
82.63,82.64,233.75544971224912
82.64,82.65,233.75544971224912
82.65,82.66,233.75544971224912
82.66,82.67,232.40911739156792
82.67,82.68,232.40911739156792
82.68,82.69,231.07053937445463
82.69,82.7,236.47155720542963
82.7,82.71,218.10154653305153
82.71,82.72,0.0
82.72,82.73,0.0
82.73,82.74,0.0
82.74,82.75,0.0
82.75,82.76,0.0
82.76,82.77,0.0
82.77,82.78,0.0
82.78,82.79,0.0
82.79,82.8,0.0
82.8,82.81,0.0
82.81,82.82,0.0
82.82,82.83,219.36499593892518
82.83,82.84,219.36499593892518
82.84,82.85,213.12010032569688
82.85,82.86,211.89261887185907
82.86,82.87,211.89261887185907
82.87,82.88,211.89261887185907
82.88,82.89,211.89261887185907
82.89,82.9,211.89261887185907
82.9,82.91,210.67220719096719
82.91,82.92,210.67220719096719
82.92,82.93,210.67220719096719
82.93,82.94,209.4588245641254
82.94,82.95,209.4588245641254
82.95,82.96,208.25243050696125
82.96,82.97,208.25243050696125
82.97,82.98,208.25243050696125
82.98,82.99,207.05298476827548
82.99,83.0,205.86044732869837
83.0,83.01,204.67477839935495
83.01,83.02,202.3238880603845
83.02,83.03,200.0
83.03,83.04,197.70280407057922
83.04,83.05,196.56411970905023
83.05,83.06,193.1872657849691
83.06,83.07,189.86842419010387
83.07,83.08,0.0
83.08,83.09,0.0
83.09,83.1,0.0
83.1,83.11,0.0
83.11,83.12,0.0
83.12,83.13,0.0
83.13,83.14,0.0
83.14,83.15,0.0
83.15,83.16,0.0
83.16,83.17,0.0
83.17,83.18,0.0
83.18,83.19,0.0
83.19,83.2,0.0
83.2,83.21,0.0
83.21,83.22,195.43199368684918
83.22,83.23,197.70280407057922
83.23,83.24,197.70280407057922
83.24,83.25,197.70280407057922
83.25,83.26,196.56411970905023
83.26,83.27,195.43199368684918
83.27,83.28,194.30638823072118
83.28,83.29,194.30638823072118
83.29,83.3,194.30638823072118
83.3,83.31,194.30638823072118
83.31,83.32,194.30638823072118
83.32,83.33,194.30638823072118
83.33,83.34,194.30638823072118
83.34,83.35,194.30638823072118
83.35,83.36,194.30638823072118
83.36,83.37,193.1872657849691
83.37,83.38,193.1872657849691
83.38,83.39,192.07458901020084
83.39,83.4,192.07458901020084
83.4,83.41,190.9683207820833
83.41,83.42,190.9683207820833
83.42,83.43,190.9683207820833
83.43,83.44,189.86842419010387
83.44,83.45,188.7748625363387
83.45,83.46,187.68759933422865
83.46,83.47,186.60659830736148
83.47,83.48,186.60659830736148
83.48,83.49,187.68759933422865
83.49,83.5,189.86842419010387
83.5,83.51,190.9683207820833
83.51,83.52,0.0
83.52,83.53,0.0
83.53,83.54,197.70280407057922
83.54,83.55,200.0
83.55,83.56,200.0
83.56,83.57,198.8480847635095
83.57,83.58,198.8480847635095
83.58,83.59,200.0
83.59,83.6,200.0
83.6,83.61,200.0
83.61,83.62,201.15858821357068
83.62,83.63,201.15858821357068
83.63,83.64,200.0
83.64,83.65,0.0
83.65,83.66,0.0
83.66,83.67,0.0
83.67,83.68,0.0
83.68,83.69,0.0
83.69,83.7,0.0
83.7,83.71,0.0
83.71,83.72,0.0
83.72,83.73,220.63576443274928
83.73,83.74,220.63576443274928
83.74,83.75,219.36499593892518
83.75,83.76,219.36499593892518
83.76,83.77,218.10154653305153
83.77,83.78,216.8453740602837
83.78,83.79,215.59643660857103
83.79,83.8,214.35469250725862
83.8,83.81,213.12010032569688
83.81,83.82,211.89261887185907
83.82,83.83,210.67220719096719
83.83,83.84,209.4588245641254
83.84,83.85,208.25243050696125
83.85,83.86,208.25243050696125
83.86,83.87,208.25243050696125
83.87,83.88,208.25243050696125
83.88,83.89,208.25243050696125
83.89,83.9,221.91389441356898
83.9,83.91,231.07053937445463
83.91,83.92,236.47155720542963
83.92,83.93,240.60500721642333
83.93,83.94,233.75544971224912
83.94,83.95,223.1994285260446
83.95,83.96,0.0
83.96,83.97,0.0
83.97,83.98,0.0
83.98,83.99,0.0
83.99,84.0,0.0
84.0,84.01,0.0
84.01,84.02,0.0
84.02,84.03,215.59643660857103
84.03,84.04,215.59643660857103
84.04,84.05,204.67477839935495
84.05,84.06,203.49593842053727
84.06,84.07,204.67477839935495
84.07,84.08,201.15858821357068
84.08,84.09,197.70280407057922
84.09,84.1,186.60659830736148
84.1,84.11,179.21192838239048
84.11,84.12,176.1331747192297
84.12,84.13,176.1331747192297
84.13,84.14,174.11011265922482
84.14,84.15,172.11028744886602
84.15,84.16,171.11900513652043
84.16,84.17,168.1792830507429
84.17,84.18,180.25009252216606
84.18,84.19,0.0
84.19,84.2,0.0
84.2,84.21,225.79288096122622
84.21,84.22,228.41646786215435
84.22,84.23,231.07053937445463
84.23,84.24,232.40911739156792
84.24,84.25,233.75544971224912
84.25,84.26,235.10958125672175
84.26,84.27,235.10958125672175
84.27,84.28,236.47155720542963
84.28,84.29,236.47155720542963
84.29,84.3,235.10958125672175
84.3,84.31,235.10958125672175
84.31,84.32,235.10958125672175
84.32,84.33,233.75544971224912
84.33,84.34,235.10958125672175
84.34,84.35,237.8414230005442
84.35,84.36,239.21922434748075
84.36,84.37,241.99881784385852
84.37,84.38,243.40070273411817
84.38,84.39,243.40070273411817
84.39,84.4,243.40070273411817
84.4,84.41,246.2288826689832
84.41,84.42,247.65527207548806
84.42,84.43,250.53288772482563
84.43,84.44,251.98420997897463
84.44,84.45,253.44393965741244
84.45,84.46,249.08992447176465
84.46,84.47,243.40070273411817
84.47,84.48,247.65527207548806
84.48,84.49,240.60500721642333
84.49,84.5,0.0
84.5,84.51,0.0
84.51,84.52,0.0
84.52,84.53,0.0
84.53,84.54,0.0
84.54,84.55,0.0
84.55,84.56,0.0
84.56,84.57,257.8740616879158
84.57,84.58,249.08992447176465
84.58,84.59,243.40070273411817
84.59,84.6,240.60500721642333
84.6,84.61,236.47155720542963
84.61,84.62,235.10958125672175
84.62,84.63,232.40911739156792
84.63,84.64,229.73967099940702
84.64,84.65,225.79288096122622
84.65,84.66,223.1994285260446
84.66,84.67,220.63576443274928
84.67,84.68,216.8453740602837
84.68,84.69,194.30638823072118
84.69,84.7,195.43199368684918
84.7,84.71,198.8480847635095
84.71,84.72,200.0
84.72,84.73,201.15858821357068
84.73,84.74,202.3238880603845
84.74,84.75,203.49593842053727
84.75,84.76,204.67477839935495
84.76,84.77,208.25243050696125
84.77,84.78,216.8453740602837
84.78,84.79,0.0
84.79,84.8,0.0
84.8,84.81,0.0
84.81,84.82,0.0
84.82,84.83,0.0
84.83,84.84,0.0
84.84,84.85,0.0
84.85,84.86,0.0
84.86,84.87,0.0
84.87,84.88,0.0
84.88,84.89,207.05298476827548
84.89,84.9,204.67477839935495
84.9,84.91,202.3238880603845
84.91,84.92,201.15858821357068
84.92,84.93,198.8480847635095
84.93,84.94,196.56411970905023
84.94,84.95,195.43199368684918
84.95,84.96,193.1872657849691
84.96,84.97,189.86842419010387
84.97,84.98,0.0
84.98,84.99,197.70280407057922
84.99,85.0,197.70280407057922
85.0,85.01,197.70280407057922
85.01,85.02,197.70280407057922
85.02,85.03,197.70280407057922
85.03,85.04,197.70280407057922
85.04,85.05,197.70280407057922
85.05,85.06,196.56411970905023
85.06,85.07,196.56411970905023
85.07,85.08,195.43199368684918
85.08,85.09,196.56411970905023
85.09,85.1,0.0
85.1,85.11,0.0
85.11,85.12,205.86044732869837
85.12,85.13,200.0
85.13,85.14,196.56411970905023
85.14,85.15,193.1872657849691
85.15,85.16,190.9683207820833
85.16,85.17,188.7748625363387
85.17,85.18,187.68759933422865
85.18,85.19,185.5318233882619
85.19,85.2,182.34449771164336
85.2,85.21,181.29427068562208
85.21,85.22,188.7748625363387
85.22,85.23,188.7748625363387
85.23,85.24,187.68759933422865
85.24,85.25,187.68759933422865
85.25,85.26,187.68759933422865
85.26,85.27,188.7748625363387
85.27,85.28,188.7748625363387
85.28,85.29,189.86842419010387
85.29,85.3,189.86842419010387
85.3,85.31,188.7748625363387
85.31,85.32,187.68759933422865
85.32,85.33,187.68759933422865
85.33,85.34,0.0
85.34,85.35,0.0
85.35,85.36,227.10088581417543
85.36,85.37,225.79288096122622
85.37,85.38,225.79288096122622
85.38,85.39,225.79288096122622
85.39,85.4,224.49240966187455
85.4,85.41,0.0
85.41,85.42,209.4588245641254
85.42,85.43,218.10154653305153
85.43,85.44,218.10154653305153
85.44,85.45,218.10154653305153
85.45,85.46,218.10154653305153
85.46,85.47,218.10154653305153
85.47,85.48,218.10154653305153
85.48,85.49,218.10154653305153
85.49,85.5,218.10154653305153
85.5,85.51,218.10154653305153
85.51,85.52,216.8453740602837
85.52,85.53,216.8453740602837
85.53,85.54,216.8453740602837
85.54,85.55,215.59643660857103
85.55,85.56,215.59643660857103
85.56,85.57,214.35469250725862
85.57,85.58,213.12010032569688
85.58,85.59,211.89261887185907
85.59,85.6,210.67220719096719
85.6,85.61,209.4588245641254
85.61,85.62,208.25243050696125
85.62,85.63,202.3238880603845
85.63,85.64,200.0
85.64,85.65,200.0
85.65,85.66,201.15858821357068
85.66,85.67,201.15858821357068
85.67,85.68,198.8480847635095
85.68,85.69,193.1872657849691
85.69,85.7,190.9683207820833
85.7,85.71,188.7748625363387
85.71,85.72,187.68759933422865
85.72,85.73,185.5318233882619
85.73,85.74,184.46323871718783
85.74,85.75,183.40080864093423
85.75,85.76,183.40080864093423
85.76,85.77,184.46323871718783
85.77,85.78,184.46323871718783
85.78,85.79,184.46323871718783
85.79,85.8,185.5318233882619
85.8,85.81,184.46323871718783
85.81,85.82,185.5318233882619
85.82,85.83,184.46323871718783
85.83,85.84,183.40080864093423
85.84,85.85,184.46323871718783
85.85,85.86,184.46323871718783
85.86,85.87,184.46323871718783
85.87,85.88,184.46323871718783
85.88,85.89,184.46323871718783
85.89,85.9,185.5318233882619
85.9,85.91,185.5318233882619
85.91,85.92,185.5318233882619
85.92,85.93,0.0
85.93,85.94,190.9683207820833
85.94,85.95,186.60659830736148
85.95,85.96,183.40080864093423
85.96,85.97,182.34449771164336
85.97,85.98,181.29427068562208
85.98,85.99,179.21192838239048
85.99,86.0,178.17974362806785
86.0,86.01,177.1535038204721
86.01,86.02,176.1331747192297
86.02,86.03,175.11872228117704
86.03,86.04,174.11011265922482
86.04,86.05,173.1073122012286
86.05,86.06,173.1073122012286
86.06,86.07,172.11028744886602
86.07,86.08,171.11900513652043
86.08,86.09,171.11900513652043
86.09,86.1,174.11011265922482
86.1,86.11,176.1331747192297
86.11,86.12,175.11872228117704
86.12,86.13,173.1073122012286
86.13,86.14,0.0
86.14,86.15,0.0
86.15,86.16,0.0
86.16,86.17,0.0
86.17,86.18,0.0
86.18,86.19,0.0
86.19,86.2,0.0
86.2,86.21,0.0
86.21,86.22,0.0
86.22,86.23,0.0
86.23,86.24,0.0
86.24,86.25,0.0
86.25,86.26,0.0
86.26,86.27,0.0
86.27,86.28,0.0
86.28,86.29,0.0
86.29,86.3,0.0
86.3,86.31,0.0
86.31,86.32,0.0
86.32,86.33,0.0
86.33,86.34,0.0
86.34,86.35,0.0
86.35,86.36,0.0
86.36,86.37,0.0
86.37,86.38,0.0
86.38,86.39,0.0
86.39,86.4,0.0
86.4,86.41,0.0
86.41,86.42,0.0
86.42,86.43,0.0
86.43,86.44,0.0
86.44,86.45,0.0
86.45,86.46,0.0
86.46,86.47,0.0
86.47,86.48,0.0
86.48,86.49,0.0
86.49,86.5,0.0
86.5,86.51,0.0
86.51,86.52,0.0
86.52,86.53,0.0
86.53,86.54,0.0
86.54,86.55,0.0
86.55,86.56,0.0
86.56,86.57,0.0
86.57,86.58,0.0
86.58,86.59,0.0
86.59,86.6,0.0
86.6,86.61,0.0
86.61,86.62,0.0
86.62,86.63,0.0
86.63,86.64,0.0
86.64,86.65,0.0
86.65,86.66,0.0
86.66,86.67,0.0
86.67,86.68,0.0
86.68,86.69,0.0
86.69,86.7,0.0
86.7,86.71,0.0
86.71,86.72,0.0
86.72,86.73,0.0
86.73,86.74,0.0
86.74,86.75,0.0
86.75,86.76,235.10958125672175
86.76,86.77,223.1994285260446
86.77,86.78,223.1994285260446
86.78,86.79,227.10088581417543
86.79,86.8,233.75544971224912
86.8,86.81,239.21922434748075
86.81,86.82,250.53288772482563
86.82,86.83,259.3679109302019
86.83,86.84,262.38162088748976
86.84,86.85,263.9015821545788
86.85,86.86,265.4303484677136
86.86,86.87,266.96797083400685
86.87,86.88,268.51450055605267
86.88,86.89,270.06998923363795
86.89,86.9,274.79072949161787
86.9,86.91,279.5939868358039
86.91,86.92,265.4303484677136
86.92,86.93,249.08992447176465
86.93,86.94,265.4303484677136
86.94,86.95,262.38162088748976
86.95,86.96,260.87041395311286
86.96,86.97,254.91212546385245
86.97,86.98,243.40070273411817
86.98,86.99,241.99881784385852
86.99,87.0,241.99881784385852
87.0,87.01,228.41646786215435
87.01,87.02,220.63576443274928
87.02,87.03,213.12010032569688
87.03,87.04,219.36499593892518
87.04,87.05,207.05298476827548
87.05,87.06,207.05298476827548
87.06,87.07,207.05298476827548
87.07,87.08,205.86044732869837
87.08,87.09,203.49593842053727
87.09,87.1,202.3238880603845
87.1,87.11,202.3238880603845
87.11,87.12,202.3238880603845
87.12,87.13,200.0
87.13,87.14,198.8480847635095
87.14,87.15,194.30638823072118
87.15,87.16,188.7748625363387
87.16,87.17,189.86842419010387
87.17,87.18,189.86842419010387
87.18,87.19,189.86842419010387
87.19,87.2,189.86842419010387
87.2,87.21,189.86842419010387
87.21,87.22,184.46323871718783
87.22,87.23,187.68759933422865
87.23,87.24,187.68759933422865
87.24,87.25,187.68759933422865
87.25,87.26,187.68759933422865
87.26,87.27,188.7748625363387
87.27,87.28,188.7748625363387
87.28,87.29,189.86842419010387
87.29,87.3,190.9683207820833
87.3,87.31,192.07458901020084
87.31,87.32,192.07458901020084
87.32,87.33,193.1872657849691
87.33,87.34,195.43199368684918
87.34,87.35,190.9683207820833
87.35,87.36,189.86842419010387
87.36,87.37,0.0
87.37,87.38,0.0
87.38,87.39,0.0
87.39,87.4,0.0
87.4,87.41,0.0
87.41,87.42,0.0
87.42,87.43,0.0
87.43,87.44,0.0
87.44,87.45,0.0
87.45,87.46,0.0
87.46,87.47,0.0
87.47,87.48,297.93549262454053
87.48,87.49,291.13063656843747
87.49,87.5,286.12918648705164
87.5,87.51,286.12918648705164
87.51,87.52,282.842712474619
87.52,87.53,281.2136583244699
87.53,87.54,277.98364396846745
87.54,87.55,274.79072949161787
87.55,87.56,266.96797083400685
87.56,87.57,263.9015821545788
87.57,87.58,256.3888163841458
87.58,87.59,0.0
87.59,87.6,0.0
87.6,87.61,0.0
87.61,87.62,198.8480847635095
87.62,87.63,196.56411970905023
87.63,87.64,195.43199368684918
87.64,87.65,195.43199368684918
87.65,87.66,196.56411970905023
87.66,87.67,197.70280407057922
87.67,87.68,198.8480847635095
87.68,87.69,200.0
87.69,87.7,201.15858821357068
87.7,87.71,202.3238880603845
87.71,87.72,201.15858821357068
87.72,87.73,198.8480847635095
87.73,87.74,197.70280407057922
87.74,87.75,195.43199368684918
87.75,87.76,194.30638823072118
87.76,87.77,193.1872657849691
87.77,87.78,192.07458901020084
87.78,87.79,190.9683207820833
87.79,87.8,188.7748625363387
87.8,87.81,187.68759933422865
87.81,87.82,193.1872657849691
87.82,87.83,195.43199368684918
87.83,87.84,194.30638823072118
87.84,87.85,190.9683207820833
87.85,87.86,187.68759933422865
87.86,87.87,185.5318233882619
87.87,87.88,182.34449771164336
87.88,87.89,180.25009252216606
87.89,87.9,178.17974362806785
87.9,87.91,176.1331747192297
87.91,87.92,174.11011265922482
87.92,87.93,174.11011265922482
87.93,87.94,173.1073122012286
87.94,87.95,168.1792830507429
87.95,87.96,0.0
87.96,87.97,0.0
87.97,87.98,0.0
87.98,87.99,0.0
87.99,88.0,0.0
88.0,88.01,0.0
88.01,88.02,0.0
88.02,88.03,200.0
88.03,88.04,200.0
88.04,88.05,200.0
88.05,88.06,201.15858821357068
88.06,88.07,202.3238880603845
88.07,88.08,203.49593842053727
88.08,88.09,204.67477839935495
88.09,88.1,204.67477839935495
88.1,88.11,204.67477839935495
88.11,88.12,203.49593842053727
88.12,88.13,202.3238880603845
88.13,88.14,200.0
88.14,88.15,196.56411970905023
88.15,88.16,193.1872657849691
88.16,88.17,187.68759933422865
88.17,88.18,184.46323871718783
88.18,88.19,183.40080864093423
88.19,88.2,184.46323871718783
88.2,88.21,184.46323871718783
88.21,88.22,185.5318233882619
88.22,88.23,185.5318233882619
88.23,88.24,185.5318233882619
88.24,88.25,184.46323871718783
88.25,88.26,183.40080864093423
88.26,88.27,182.34449771164336
88.27,88.28,180.25009252216606
88.28,88.29,179.21192838239048
88.29,88.3,176.1331747192297
88.3,88.31,170.13343219017113
88.31,88.32,0.0
88.32,88.33,0.0
88.33,88.34,0.0
88.34,88.35,182.34449771164336
88.35,88.36,182.34449771164336
88.36,88.37,182.34449771164336
88.37,88.38,183.40080864093423
88.38,88.39,183.40080864093423
88.39,88.4,183.40080864093423
88.4,88.41,183.40080864093423
88.41,88.42,183.40080864093423
88.42,88.43,183.40080864093423
88.43,88.44,183.40080864093423
88.44,88.45,183.40080864093423
88.45,88.46,183.40080864093423
88.46,88.47,183.40080864093423
88.47,88.48,183.40080864093423
88.48,88.49,182.34449771164336
88.49,88.5,182.34449771164336
88.5,88.51,182.34449771164336
88.51,88.52,183.40080864093423
88.52,88.53,183.40080864093423
88.53,88.54,183.40080864093423
88.54,88.55,0.0
88.55,88.56,0.0
88.56,88.57,0.0
88.57,88.58,0.0
88.58,88.59,0.0
88.59,88.6,0.0
88.6,88.61,0.0
88.61,88.62,0.0
88.62,88.63,0.0
88.63,88.64,0.0
88.64,88.65,0.0
88.65,88.66,0.0
88.66,88.67,0.0
88.67,88.68,0.0
88.68,88.69,0.0
88.69,88.7,0.0
88.7,88.71,0.0
88.71,88.72,0.0
88.72,88.73,0.0
88.73,88.74,0.0
88.74,88.75,0.0
88.75,88.76,0.0
88.76,88.77,0.0
88.77,88.78,0.0
88.78,88.79,0.0
88.79,88.8,0.0
88.8,88.81,0.0
88.81,88.82,0.0
88.82,88.83,0.0
88.83,88.84,0.0
88.84,88.85,0.0
88.85,88.86,0.0
88.86,88.87,175.11872228117704
88.87,88.88,176.1331747192297
88.88,88.89,177.1535038204721
88.89,88.9,179.21192838239048
88.9,88.91,182.34449771164336
88.91,88.92,184.46323871718783
88.92,88.93,185.5318233882619
88.93,88.94,186.60659830736148
88.94,88.95,186.60659830736148
88.95,88.96,186.60659830736148
88.96,88.97,187.68759933422865
88.97,88.98,187.68759933422865
88.98,88.99,188.7748625363387
88.99,89.0,189.86842419010387
89.0,89.01,189.86842419010387
89.01,89.02,188.7748625363387
89.02,89.03,185.5318233882619
89.03,89.04,185.5318233882619
89.04,89.05,186.60659830736148
89.05,89.06,187.68759933422865
89.06,89.07,188.7748625363387
89.07,89.08,189.86842419010387
89.08,89.09,197.70280407057922
89.09,89.1,205.86044732869837
89.1,89.11,210.67220719096719
89.11,89.12,216.8453740602837
89.12,89.13,218.10154653305153
89.13,89.14,213.12010032569688
89.14,89.15,201.15858821357068
89.15,89.16,0.0
89.16,89.17,0.0
89.17,89.18,0.0
89.18,89.19,0.0
89.19,89.2,0.0
89.2,89.21,0.0
89.21,89.22,0.0
89.22,89.23,209.4588245641254
89.23,89.24,203.49593842053727
89.24,89.25,200.0
89.25,89.26,197.70280407057922
89.26,89.27,195.43199368684918
89.27,89.28,194.30638823072118
89.28,89.29,195.43199368684918
89.29,89.3,190.9683207820833
89.3,89.31,181.29427068562208
89.31,89.32,179.21192838239048
89.32,89.33,196.56411970905023
89.33,89.34,197.70280407057922
89.34,89.35,196.56411970905023
89.35,89.36,195.43199368684918
89.36,89.37,194.30638823072118
89.37,89.38,193.1872657849691
89.38,89.39,190.9683207820833
89.39,89.4,189.86842419010387
89.4,89.41,189.86842419010387
89.41,89.42,192.07458901020084
89.42,89.43,195.43199368684918
89.43,89.44,196.56411970905023
89.44,89.45,196.56411970905023
89.45,89.46,198.8480847635095
89.46,89.47,201.15858821357068
89.47,89.48,201.15858821357068
89.48,89.49,201.15858821357068
89.49,89.5,198.8480847635095
89.5,89.51,192.07458901020084
89.51,89.52,190.9683207820833
89.52,89.53,195.43199368684918
89.53,89.54,196.56411970905023
89.54,89.55,194.30638823072118
89.55,89.56,193.1872657849691
89.56,89.57,189.86842419010387
89.57,89.58,184.46323871718783
89.58,89.59,179.21192838239048
89.59,89.6,175.11872228117704
89.6,89.61,171.11900513652043
89.61,89.62,167.2106416577019
89.62,89.63,165.29006363084235
89.63,89.64,163.39154532410998
89.64,89.65,161.5148333600084
89.65,89.66,160.5845763726753
89.66,89.67,160.5845763726753
89.67,89.68,161.5148333600084
89.68,89.69,162.4504792712471
89.69,89.7,163.39154532410998
89.7,89.71,164.33806291715806
89.71,89.72,0.0
89.72,89.73,172.11028744886602
89.73,89.74,171.11900513652043
89.74,89.75,170.13343219017113
89.75,89.76,164.33806291715806
89.76,89.77,155.11447618337345
89.77,89.78,151.57165665103983
89.78,89.79,150.69866814745757
89.79,89.8,150.69866814745757
89.8,89.81,149.83070768766817
89.81,89.82,148.96774631227024
89.82,89.83,0.0
89.83,89.84,165.29006363084235
89.84,89.85,159.65967727133
89.85,89.86,158.74010519681997
89.86,89.87,158.74010519681997
89.87,89.88,158.74010519681997
89.88,89.89,158.74010519681997
89.89,89.9,159.65967727133
89.9,89.91,158.74010519681997
89.91,89.92,159.65967727133
89.92,89.93,160.5845763726753
89.93,89.94,162.4504792712471
89.94,89.95,163.39154532410998
89.95,89.96,165.29006363084235
89.96,89.97,155.11447618337345
89.97,89.98,153.33283446696007
89.98,89.99,153.33283446696007
89.99,90.0,152.4497023255762
90.0,90.01,152.4497023255762
90.01,90.02,151.57165665103983
90.02,90.03,152.4497023255762
90.03,90.04,153.33283446696007
90.04,90.05,153.33283446696007
90.05,90.06,155.11447618337345
90.06,90.07,156.91681957935012
90.07,90.08,157.8258294677283
90.08,90.09,166.24757922855756
90.09,90.1,0.0
90.1,90.11,0.0
90.11,90.12,0.0
90.12,90.13,0.0
90.13,90.14,0.0
90.14,90.15,0.0
90.15,90.16,0.0
90.16,90.17,0.0
90.17,90.18,0.0
90.18,90.19,0.0
90.19,90.2,0.0
90.2,90.21,0.0
90.21,90.22,0.0
90.22,90.23,0.0
90.23,90.24,0.0
90.24,90.25,0.0
90.25,90.26,0.0
90.26,90.27,0.0
90.27,90.28,0.0
90.28,90.29,0.0
90.29,90.3,0.0
90.3,90.31,0.0
90.31,90.32,0.0
90.32,90.33,0.0
90.33,90.34,0.0
90.34,90.35,0.0
90.35,90.36,0.0
90.36,90.37,0.0
90.37,90.38,0.0
90.38,90.39,0.0
90.39,90.4,0.0
90.4,90.41,0.0
90.41,90.42,0.0
90.42,90.43,0.0
90.43,90.44,0.0
90.44,90.45,0.0
90.45,90.46,0.0
90.46,90.47,0.0
90.47,90.48,0.0
90.48,90.49,0.0
90.49,90.5,0.0
90.5,90.51,0.0
90.51,90.52,0.0
90.52,90.53,0.0
90.53,90.54,0.0
90.54,90.55,0.0
90.55,90.56,0.0
90.56,90.57,0.0
90.57,90.58,0.0
90.58,90.59,0.0
90.59,90.6,0.0
90.6,90.61,0.0
90.61,90.62,0.0
90.62,90.63,0.0
90.63,90.64,0.0
90.64,90.65,0.0
90.65,90.66,0.0
90.66,90.67,0.0
90.67,90.68,0.0
90.68,90.69,162.4504792712471
90.69,90.7,173.1073122012286
90.7,90.71,182.34449771164336
90.71,90.72,187.68759933422865
90.72,90.73,190.9683207820833
90.73,90.74,194.30638823072118
90.74,90.75,200.0
90.75,90.76,204.67477839935495
90.76,90.77,208.25243050696125
90.77,90.78,210.67220719096719
90.78,90.79,213.12010032569688
90.79,90.8,213.12010032569688
90.8,90.81,211.89261887185907
90.81,90.82,211.89261887185907
90.82,90.83,210.67220719096719
90.83,90.84,210.67220719096719
90.84,90.85,209.4588245641254
90.85,90.86,208.25243050696125
90.86,90.87,207.05298476827548
90.87,90.88,205.86044732869837
90.88,90.89,205.86044732869837
90.89,90.9,204.67477839935495
90.9,90.91,204.67477839935495
90.91,90.92,203.49593842053727
90.92,90.93,203.49593842053727
90.93,90.94,202.3238880603845
90.94,90.95,201.15858821357068
90.95,90.96,200.0
90.96,90.97,197.70280407057922
90.97,90.98,196.56411970905023
90.98,90.99,195.43199368684918
90.99,91.0,193.1872657849691
91.0,91.01,184.46323871718783
91.01,91.02,188.7748625363387
91.02,91.03,0.0
91.03,91.04,0.0
91.04,91.05,0.0
91.05,91.06,0.0
91.06,91.07,0.0
91.07,91.08,260.87041395311286
91.08,91.09,250.53288772482563
91.09,91.1,251.98420997897463
91.1,91.11,260.87041395311286
91.11,91.12,271.6344887654643
91.12,91.13,276.38257599355524
91.13,91.14,281.2136583244699
91.14,91.15,282.842712474619
91.15,91.16,284.4812036394563
91.16,91.17,286.12918648705164
91.17,91.18,286.12918648705164
91.18,91.19,284.4812036394563
91.19,91.2,284.4812036394563
91.2,91.21,282.842712474619
91.21,91.22,281.2136583244699
91.22,91.23,282.842712474619
91.23,91.24,282.842712474619
91.24,91.25,281.2136583244699
91.25,91.26,279.5939868358039
91.26,91.27,277.98364396846745
91.27,91.28,273.20805135087915
91.28,91.29,268.51450055605267
91.29,91.3,266.96797083400685
91.3,91.31,265.4303484677136
91.31,91.32,263.9015821545788
91.32,91.33,262.38162088748976
91.33,91.34,262.38162088748976
91.34,91.35,260.87041395311286
91.35,91.36,259.3679109302019
91.36,91.37,259.3679109302019
91.37,91.38,260.87041395311286
91.38,91.39,262.38162088748976
91.39,91.4,262.38162088748976
91.4,91.41,260.87041395311286
91.41,91.42,257.8740616879158
91.42,91.43,251.98420997897463
91.43,91.44,253.44393965741244
91.44,91.45,251.98420997897463
91.45,91.46,250.53288772482563
91.46,91.47,250.53288772482563
91.47,91.48,249.08992447176465
91.48,91.49,249.08992447176465
91.49,91.5,247.65527207548806
91.5,91.51,240.60500721642333
91.51,91.52,229.73967099940702
91.52,91.53,225.79288096122622
91.53,91.54,240.60500721642333
91.54,91.55,246.2288826689832
91.55,91.56,246.2288826689832
91.56,91.57,246.2288826689832
91.57,91.58,244.81070866093103
91.58,91.59,244.81070866093103
91.59,91.6,243.40070273411817
91.6,91.61,241.99881784385852
91.61,91.62,241.99881784385852
91.62,91.63,262.38162088748976
91.63,91.64,243.40070273411817
91.64,91.65,243.40070273411817
91.65,91.66,243.40070273411817
91.66,91.67,250.53288772482563
91.67,91.68,250.53288772482563
91.68,91.69,250.53288772482563
91.69,91.7,0.0
91.7,91.71,0.0
91.71,91.72,0.0
91.72,91.73,0.0
91.73,91.74,284.4812036394563
91.74,91.75,282.842712474619
91.75,91.76,281.2136583244699
91.76,91.77,277.98364396846745
91.77,91.78,276.38257599355524
91.78,91.79,274.79072949161787
91.79,91.8,273.20805135087915
91.8,91.81,271.6344887654643
91.81,91.82,263.9015821545788
91.82,91.83,253.44393965741244
91.83,91.84,259.3679109302019
91.84,91.85,257.8740616879158
91.85,91.86,254.91212546385245
91.86,91.87,251.98420997897463
91.87,91.88,250.53288772482563
91.88,91.89,247.65527207548806
91.89,91.9,246.2288826689832
91.9,91.91,244.81070866093103
91.91,91.92,243.40070273411817
91.92,91.93,243.40070273411817
91.93,91.94,239.21922434748075
91.94,91.95,235.10958125672175
91.95,91.96,237.8414230005442
91.96,91.97,239.21922434748075
91.97,91.98,240.60500721642333
91.98,91.99,241.99881784385852
91.99,92.0,241.99881784385852
92.0,92.01,240.60500721642333
92.01,92.02,239.21922434748075
92.02,92.03,239.21922434748075
92.03,92.04,236.47155720542963
92.04,92.05,235.10958125672175
92.05,92.06,235.10958125672175
92.06,92.07,241.99881784385852
92.07,92.08,246.2288826689832
92.08,92.09,247.65527207548806
92.09,92.1,247.65527207548806
92.1,92.11,247.65527207548806
92.11,92.12,249.08992447176465
92.12,92.13,250.53288772482563
92.13,92.14,251.98420997897463
92.14,92.15,263.9015821545788
92.15,92.16,0.0
92.16,92.17,0.0
92.17,92.18,0.0
92.18,92.19,0.0
92.19,92.2,0.0
92.2,92.21,0.0
92.21,92.22,0.0
92.22,92.23,0.0
92.23,92.24,301.3973362949152
92.24,92.25,292.81713918912504
92.25,92.26,291.13063656843747
92.26,92.27,289.4538474880756
92.27,92.28,286.12918648705164
92.28,92.29,282.842712474619
92.29,92.3,277.98364396846745
92.3,92.31,271.6344887654643
92.31,92.32,266.96797083400685
92.32,92.33,265.4303484677136
92.33,92.34,259.3679109302019
92.34,92.35,257.8740616879158
92.35,92.36,256.3888163841458
92.36,92.37,256.3888163841458
92.37,92.38,254.91212546385245
92.38,92.39,254.91212546385245
92.39,92.4,253.44393965741244
92.4,92.41,253.44393965741244
92.41,92.42,253.44393965741244
92.42,92.43,251.98420997897463
92.43,92.44,250.53288772482563
92.44,92.45,247.65527207548806
92.45,92.46,249.08992447176465
92.46,92.47,250.53288772482563
92.47,92.48,247.65527207548806
92.48,92.49,243.40070273411817
92.49,92.5,240.60500721642333
92.5,92.51,232.40911739156792
92.51,92.52,0.0
92.52,92.53,0.0
92.53,92.54,0.0
92.54,92.55,233.75544971224912
92.55,92.56,232.40911739156792
92.56,92.57,229.73967099940702
92.57,92.58,228.41646786215435
92.58,92.59,225.79288096122622
92.59,92.6,223.1994285260446
92.6,92.61,221.91389441356898
92.61,92.62,220.63576443274928
92.62,92.63,215.59643660857103
92.63,92.64,213.12010032569688
92.64,92.65,214.35469250725862
92.65,92.66,210.67220719096719
92.66,92.67,210.67220719096719
92.67,92.68,210.67220719096719
92.68,92.69,210.67220719096719
92.69,92.7,210.67220719096719
92.7,92.71,211.89261887185907
92.71,92.72,213.12010032569688
92.72,92.73,214.35469250725862
92.73,92.74,215.59643660857103
92.74,92.75,214.35469250725862
92.75,92.76,211.89261887185907
92.76,92.77,207.05298476827548
92.77,92.78,211.89261887185907
92.78,92.79,218.10154653305153
92.79,92.8,214.35469250725862
92.8,92.81,211.89261887185907
92.81,92.82,210.67220719096719
92.82,92.83,209.4588245641254
92.83,92.84,208.25243050696125
92.84,92.85,207.05298476827548
92.85,92.86,207.05298476827548
92.86,92.87,0.0
92.87,92.88,0.0
92.88,92.89,0.0
92.89,92.9,0.0
92.9,92.91,0.0
92.91,92.92,0.0
92.92,92.93,0.0
92.93,92.94,0.0
92.94,92.95,0.0
92.95,92.96,257.8740616879158
92.96,92.97,250.53288772482563
92.97,92.98,243.40070273411817
92.98,92.99,239.21922434748075
92.99,93.0,233.75544971224912
93.0,93.01,227.10088581417543
93.01,93.02,221.91389441356898
93.02,93.03,219.36499593892518
93.03,93.04,216.8453740602837
93.04,93.05,214.35469250725862
93.05,93.06,213.12010032569688
93.06,93.07,213.12010032569688
93.07,93.08,213.12010032569688
93.08,93.09,211.89261887185907
93.09,93.1,211.89261887185907
93.1,93.11,210.67220719096719
93.11,93.12,209.4588245641254
93.12,93.13,205.86044732869837
93.13,93.14,208.25243050696125
93.14,93.15,210.67220719096719
93.15,93.16,215.59643660857103
93.16,93.17,213.12010032569688
93.17,93.18,210.67220719096719
93.18,93.19,210.67220719096719
93.19,93.2,210.67220719096719
93.2,93.21,210.67220719096719
93.21,93.22,211.89261887185907
93.22,93.23,213.12010032569688
93.23,93.24,216.8453740602837
93.24,93.25,221.91389441356898
93.25,93.26,227.10088581417543
93.26,93.27,250.53288772482563
93.27,93.28,0.0
93.28,93.29,0.0
93.29,93.3,0.0
93.3,93.31,0.0
93.31,93.32,243.40070273411817
93.32,93.33,233.75544971224912
93.33,93.34,228.41646786215435
93.34,93.35,227.10088581417543
93.35,93.36,224.49240966187455
93.36,93.37,221.91389441356898
93.37,93.38,219.36499593892518
93.38,93.39,218.10154653305153
93.39,93.4,214.35469250725862
93.4,93.41,215.59643660857103
93.41,93.42,210.67220719096719
93.42,93.43,210.67220719096719
93.43,93.44,209.4588245641254
93.44,93.45,209.4588245641254
93.45,93.46,209.4588245641254
93.46,93.47,209.4588245641254
93.47,93.48,209.4588245641254
93.48,93.49,209.4588245641254
93.49,93.5,210.67220719096719
93.5,93.51,211.89261887185907
93.51,93.52,214.35469250725862
93.52,93.53,215.59643660857103
93.53,93.54,218.10154653305153
93.54,93.55,220.63576443274928
93.55,93.56,223.1994285260446
93.56,93.57,227.10088581417543
93.57,93.58,228.41646786215435
93.58,93.59,229.73967099940702
93.59,93.6,227.10088581417543
93.6,93.61,210.67220719096719
93.61,93.62,211.89261887185907
93.62,93.63,220.63576443274928
93.63,93.64,221.91389441356898
93.64,93.65,220.63576443274928
93.65,93.66,219.36499593892518
93.66,93.67,219.36499593892518
93.67,93.68,218.10154653305153
93.68,93.69,216.8453740602837
93.69,93.7,215.59643660857103
93.7,93.71,209.4588245641254
93.71,93.72,203.49593842053727
93.72,93.73,204.67477839935495
93.73,93.74,211.89261887185907
93.74,93.75,204.67477839935495
93.75,93.76,203.49593842053727
93.76,93.77,202.3238880603845
93.77,93.78,201.15858821357068
93.78,93.79,201.15858821357068
93.79,93.8,200.0
93.8,93.81,200.0
93.81,93.82,200.0
93.82,93.83,200.0
93.83,93.84,200.0
93.84,93.85,200.0
93.85,93.86,198.8480847635095
93.86,93.87,200.0
93.87,93.88,198.8480847635095
93.88,93.89,197.70280407057922
93.89,93.9,179.21192838239048
93.9,93.91,181.29427068562208
93.91,93.92,186.60659830736148
93.92,93.93,187.68759933422865
93.93,93.94,193.1872657849691
93.94,93.95,196.56411970905023
93.95,93.96,196.56411970905023
93.96,93.97,196.56411970905023
93.97,93.98,196.56411970905023
93.98,93.99,190.9683207820833
93.99,94.0,187.68759933422865
94.0,94.01,188.7748625363387
94.01,94.02,190.9683207820833
94.02,94.03,195.43199368684918
94.03,94.04,195.43199368684918
94.04,94.05,195.43199368684918
94.05,94.06,197.70280407057922
94.06,94.07,198.8480847635095
94.07,94.08,198.8480847635095
94.08,94.09,200.0
94.09,94.1,200.0
94.1,94.11,200.0
94.11,94.12,200.0
94.12,94.13,198.8480847635095
94.13,94.14,197.70280407057922
94.14,94.15,197.70280407057922
94.15,94.16,196.56411970905023
94.16,94.17,197.70280407057922
94.17,94.18,197.70280407057922
94.18,94.19,197.70280407057922
94.19,94.2,197.70280407057922
94.2,94.21,197.70280407057922
94.21,94.22,196.56411970905023
94.22,94.23,196.56411970905023
94.23,94.24,196.56411970905023
94.24,94.25,196.56411970905023
94.25,94.26,197.70280407057922
94.26,94.27,198.8480847635095
94.27,94.28,198.8480847635095
94.28,94.29,198.8480847635095
94.29,94.3,198.8480847635095
94.3,94.31,197.70280407057922
94.31,94.32,194.30638823072118
94.32,94.33,189.86842419010387
94.33,94.34,183.40080864093423
94.34,94.35,180.25009252216606
94.35,94.36,194.30638823072118
94.36,94.37,196.56411970905023
94.37,94.38,196.56411970905023
94.38,94.39,196.56411970905023
94.39,94.4,196.56411970905023
94.4,94.41,195.43199368684918
94.41,94.42,194.30638823072118
94.42,94.43,193.1872657849691
94.43,94.44,188.7748625363387
94.44,94.45,183.40080864093423
94.45,94.46,177.1535038204721
94.46,94.47,183.40080864093423
94.47,94.48,193.1872657849691
94.48,94.49,198.8480847635095
94.49,94.5,198.8480847635095
94.5,94.51,198.8480847635095
94.51,94.52,200.0
94.52,94.53,198.8480847635095
94.53,94.54,198.8480847635095
94.54,94.55,203.49593842053727
94.55,94.56,204.67477839935495
94.56,94.57,208.25243050696125
94.57,94.58,210.67220719096719
94.58,94.59,214.35469250725862
94.59,94.6,218.10154653305153
94.6,94.61,223.1994285260446
94.61,94.62,233.75544971224912
94.62,94.63,235.10958125672175
94.63,94.64,243.40070273411817
94.64,94.65,250.53288772482563
94.65,94.66,253.44393965741244
94.66,94.67,257.8740616879158
94.67,94.68,257.8740616879158
94.68,94.69,243.40070273411817
94.69,94.7,243.40070273411817
94.7,94.71,246.2288826689832
94.71,94.72,250.53288772482563
94.72,94.73,251.98420997897463
94.73,94.74,251.98420997897463
94.74,94.75,244.81070866093103
94.75,94.76,249.08992447176465
94.76,94.77,249.08992447176465
94.77,94.78,244.81070866093103
94.78,94.79,0.0
94.79,94.8,0.0
94.8,94.81,231.07053937445463
94.81,94.82,228.41646786215435
94.82,94.83,227.10088581417543
94.83,94.84,225.79288096122622
94.84,94.85,224.49240966187455
94.85,94.86,224.49240966187455
94.86,94.87,223.1994285260446
94.87,94.88,221.91389441356898
94.88,94.89,221.91389441356898
94.89,94.9,220.63576443274928
94.9,94.91,220.63576443274928
94.91,94.92,220.63576443274928
94.92,94.93,220.63576443274928
94.93,94.94,219.36499593892518
94.94,94.95,219.36499593892518
94.95,94.96,220.63576443274928
94.96,94.97,220.63576443274928
94.97,94.98,220.63576443274928
94.98,94.99,221.91389441356898
94.99,95.0,221.91389441356898
95.0,95.01,221.91389441356898
95.01,95.02,220.63576443274928
95.02,95.03,220.63576443274928
95.03,95.04,219.36499593892518
95.04,95.05,218.10154653305153
95.05,95.06,215.59643660857103
95.06,95.07,207.05298476827548
95.07,95.08,204.67477839935495
95.08,95.09,202.3238880603845
95.09,95.1,198.8480847635095
95.1,95.11,201.15858821357068
95.11,95.12,208.25243050696125
95.12,95.13,211.89261887185907
95.13,95.14,211.89261887185907
95.14,95.15,210.67220719096719
95.15,95.16,209.4588245641254
95.16,95.17,209.4588245641254
95.17,95.18,208.25243050696125
95.18,95.19,208.25243050696125
95.19,95.2,208.25243050696125
95.2,95.21,208.25243050696125
95.21,95.22,208.25243050696125
95.22,95.23,208.25243050696125
95.23,95.24,207.05298476827548
95.24,95.25,205.86044732869837
95.25,95.26,204.67477839935495
95.26,95.27,203.49593842053727
95.27,95.28,203.49593842053727
95.28,95.29,203.49593842053727
95.29,95.3,203.49593842053727
95.3,95.31,203.49593842053727
95.31,95.32,203.49593842053727
95.32,95.33,203.49593842053727
95.33,95.34,203.49593842053727
95.34,95.35,203.49593842053727
95.35,95.36,202.3238880603845
95.36,95.37,201.15858821357068
95.37,95.38,201.15858821357068
95.38,95.39,200.0
95.39,95.4,198.8480847635095
95.4,95.41,198.8480847635095
95.41,95.42,198.8480847635095
95.42,95.43,198.8480847635095
95.43,95.44,197.70280407057922
95.44,95.45,197.70280407057922
95.45,95.46,196.56411970905023
95.46,95.47,195.43199368684918
95.47,95.48,194.30638823072118
95.48,95.49,193.1872657849691
95.49,95.5,192.07458901020084
95.5,95.51,192.07458901020084
95.51,95.52,192.07458901020084
95.52,95.53,192.07458901020084
95.53,95.54,192.07458901020084
95.54,95.55,192.07458901020084
95.55,95.56,192.07458901020084
95.56,95.57,192.07458901020084
95.57,95.58,192.07458901020084
95.58,95.59,190.9683207820833
95.59,95.6,189.86842419010387
95.6,95.61,188.7748625363387
95.61,95.62,187.68759933422865
95.62,95.63,186.60659830736148
95.63,95.64,185.5318233882619
95.64,95.65,184.46323871718783
95.65,95.66,183.40080864093423
95.66,95.67,183.40080864093423
95.67,95.68,182.34449771164336
95.68,95.69,183.40080864093423
95.69,95.7,183.40080864093423
95.7,95.71,183.40080864093423
95.71,95.72,183.40080864093423
95.72,95.73,184.46323871718783
95.73,95.74,184.46323871718783
95.74,95.75,185.5318233882619
95.75,95.76,185.5318233882619
95.76,95.77,186.60659830736148
95.77,95.78,186.60659830736148
95.78,95.79,186.60659830736148
95.79,95.8,185.5318233882619
95.8,95.81,185.5318233882619
95.81,95.82,185.5318233882619
95.82,95.83,185.5318233882619
95.83,95.84,184.46323871718783
95.84,95.85,184.46323871718783
95.85,95.86,184.46323871718783
95.86,95.87,183.40080864093423
95.87,95.88,182.34449771164336
95.88,95.89,182.34449771164336
95.89,95.9,181.29427068562208
95.9,95.91,180.25009252216606
95.91,95.92,181.29427068562208
95.92,95.93,181.29427068562208
95.93,95.94,182.34449771164336
95.94,95.95,183.40080864093423
95.95,95.96,183.40080864093423
95.96,95.97,183.40080864093423
95.97,95.98,181.29427068562208
95.98,95.99,179.21192838239048
95.99,96.0,176.1331747192297
96.0,96.01,173.1073122012286
96.01,96.02,172.11028744886602
96.02,96.03,171.11900513652043
96.03,96.04,169.1535357262897
96.04,96.05,171.11900513652043
96.05,96.06,171.11900513652043
96.06,96.07,174.11011265922482
96.07,96.08,175.11872228117704
96.08,96.09,178.17974362806785
96.09,96.1,180.25009252216606
96.1,96.11,181.29427068562208
96.11,96.12,181.29427068562208
96.12,96.13,181.29427068562208
96.13,96.14,183.40080864093423
96.14,96.15,184.46323871718783
96.15,96.16,185.5318233882619
96.16,96.17,186.60659830736148
96.17,96.18,184.46323871718783
96.18,96.19,181.29427068562208
96.19,96.2,180.25009252216606
96.2,96.21,178.17974362806785
96.21,96.22,179.21192838239048
96.22,96.23,177.1535038204721
96.23,96.24,169.1535357262897
96.24,96.25,0.0
96.25,96.26,0.0
96.26,96.27,0.0
96.27,96.28,0.0
96.28,96.29,0.0
96.29,96.3,0.0
96.3,96.31,0.0
96.31,96.32,0.0
96.32,96.33,0.0
96.33,96.34,215.59643660857103
96.34,96.35,213.12010032569688
96.35,96.36,213.12010032569688
96.36,96.37,213.12010032569688
96.37,96.38,213.12010032569688
96.38,96.39,211.89261887185907
96.39,96.4,210.67220719096719
96.4,96.41,209.4588245641254
96.41,96.42,208.25243050696125
96.42,96.43,207.05298476827548
96.43,96.44,203.49593842053727
96.44,96.45,204.67477839935495
96.45,96.46,204.67477839935495
96.46,96.47,205.86044732869837
96.47,96.48,207.05298476827548
96.48,96.49,208.25243050696125
96.49,96.5,208.25243050696125
96.5,96.51,207.05298476827548
96.51,96.52,209.4588245641254
96.52,96.53,208.25243050696125
96.53,96.54,205.86044732869837
96.54,96.55,204.67477839935495
96.55,96.56,202.3238880603845
96.56,96.57,200.0
96.57,96.58,198.8480847635095
96.58,96.59,197.70280407057922
96.59,96.6,197.70280407057922
96.6,96.61,197.70280407057922
96.61,96.62,198.8480847635095
96.62,96.63,198.8480847635095
96.63,96.64,198.8480847635095
96.64,96.65,198.8480847635095
96.65,96.66,201.15858821357068
96.66,96.67,201.15858821357068
96.67,96.68,203.49593842053727
96.68,96.69,204.67477839935495
96.69,96.7,205.86044732869837
96.7,96.71,205.86044732869837
96.71,96.72,205.86044732869837
96.72,96.73,204.67477839935495
96.73,96.74,203.49593842053727
96.74,96.75,202.3238880603845
96.75,96.76,200.0
96.76,96.77,194.30638823072118
96.77,96.78,195.43199368684918
96.78,96.79,197.70280407057922
96.79,96.8,197.70280407057922
96.8,96.81,197.70280407057922
96.81,96.82,197.70280407057922
96.82,96.83,197.70280407057922
96.83,96.84,197.70280407057922
96.84,96.85,197.70280407057922
96.85,96.86,197.70280407057922
96.86,96.87,196.56411970905023
96.87,96.88,196.56411970905023
96.88,96.89,193.1872657849691
96.89,96.9,190.9683207820833
96.9,96.91,190.9683207820833
96.91,96.92,190.9683207820833
96.92,96.93,190.9683207820833
96.93,96.94,189.86842419010387
96.94,96.95,189.86842419010387
96.95,96.96,189.86842419010387
96.96,96.97,189.86842419010387
96.97,96.98,189.86842419010387
96.98,96.99,189.86842419010387
96.99,97.0,190.9683207820833
97.0,97.01,192.07458901020084
97.01,97.02,194.30638823072118
97.02,97.03,198.8480847635095
97.03,97.04,201.15858821357068
97.04,97.05,202.3238880603845
97.05,97.06,204.67477839935495
97.06,97.07,205.86044732869837
97.07,97.08,207.05298476827548
97.08,97.09,208.25243050696125
97.09,97.1,208.25243050696125
97.1,97.11,208.25243050696125
97.11,97.12,209.4588245641254
97.12,97.13,209.4588245641254
97.13,97.14,209.4588245641254
97.14,97.15,208.25243050696125
97.15,97.16,207.05298476827548
97.16,97.17,201.15858821357068
97.17,97.18,201.15858821357068
97.18,97.19,201.15858821357068
97.19,97.2,200.0
97.2,97.21,198.8480847635095
97.21,97.22,197.70280407057922
97.22,97.23,195.43199368684918
97.23,97.24,194.30638823072118
97.24,97.25,193.1872657849691
97.25,97.26,190.9683207820833
97.26,97.27,190.9683207820833
97.27,97.28,193.1872657849691
97.28,97.29,195.43199368684918
97.29,97.3,195.43199368684918
97.3,97.31,194.30638823072118
97.31,97.32,194.30638823072118
97.32,97.33,194.30638823072118
97.33,97.34,194.30638823072118
97.34,97.35,196.56411970905023
97.35,97.36,0.0
97.36,97.37,0.0
97.37,97.38,0.0
97.38,97.39,186.60659830736148
97.39,97.4,170.13343219017113
97.4,97.41,167.2106416577019
97.41,97.42,165.29006363084235
97.42,97.43,163.39154532410998
97.43,97.44,160.5845763726753
97.44,97.45,158.74010519681997
97.45,97.46,156.91681957935012
97.46,97.47,155.11447618337345
97.47,97.48,154.22108254079407
97.48,97.49,152.4497023255762
97.49,97.5,151.57165665103983
97.5,97.51,150.69866814745757
97.51,97.52,149.83070768766817
97.52,97.53,149.83070768766817
97.53,97.54,148.96774631227024
97.54,97.55,149.83070768766817
97.55,97.56,150.69866814745757
97.56,97.57,151.57165665103983
97.57,97.58,152.4497023255762
97.58,97.59,156.91681957935012
97.59,97.6,156.0130452026747
97.6,97.61,152.4497023255762
97.61,97.62,152.4497023255762
97.62,97.63,0.0
97.63,97.64,0.0
97.64,97.65,0.0
97.65,97.66,0.0
97.66,97.67,0.0
97.67,97.68,0.0
97.68,97.69,0.0
97.69,97.7,0.0
97.7,97.71,0.0
97.71,97.72,216.8453740602837
97.72,97.73,210.67220719096719
97.73,97.74,207.05298476827548
97.74,97.75,204.67477839935495
97.75,97.76,203.49593842053727
97.76,97.77,204.67477839935495
97.77,97.78,204.67477839935495
97.78,97.79,205.86044732869837
97.79,97.8,207.05298476827548
97.8,97.81,209.4588245641254
97.81,97.82,210.67220719096719
97.82,97.83,211.89261887185907
97.83,97.84,213.12010032569688
97.84,97.85,215.59643660857103
97.85,97.86,215.59643660857103
97.86,97.87,218.10154653305153
97.87,97.88,219.36499593892518
97.88,97.89,220.63576443274928
97.89,97.9,221.91389441356898
97.9,97.91,224.49240966187455
97.91,97.92,225.79288096122622
97.92,97.93,227.10088581417543
97.93,97.94,228.41646786215435
97.94,97.95,229.73967099940702
97.95,97.96,231.07053937445463
97.96,97.97,232.40911739156792
97.97,97.98,235.10958125672175
97.98,97.99,235.10958125672175
97.99,98.0,235.10958125672175
98.0,98.01,231.07053937445463
98.01,98.02,231.07053937445463
98.02,98.03,244.81070866093103
98.03,98.04,247.65527207548806
98.04,98.05,250.53288772482563
98.05,98.06,250.53288772482563
98.06,98.07,251.98420997897463
98.07,98.08,253.44393965741244
98.08,98.09,254.91212546385245
98.09,98.1,256.3888163841458
98.1,98.11,257.8740616879158
98.11,98.12,259.3679109302019
98.12,98.13,260.87041395311286
98.13,98.14,266.96797083400685
98.14,98.15,286.12918648705164
98.15,98.16,273.20805135087915
98.16,98.17,259.3679109302019
98.17,98.18,256.3888163841458
98.18,98.19,260.87041395311286
98.19,98.2,260.87041395311286
98.2,98.21,0.0
98.21,98.22,0.0
98.22,98.23,0.0
98.23,98.24,0.0
98.24,98.25,0.0
98.25,98.26,0.0
98.26,98.27,0.0
98.27,98.28,0.0
98.28,98.29,0.0
98.29,98.3,0.0
98.3,98.31,0.0
98.31,98.32,0.0
98.32,98.33,235.10958125672175
98.33,98.34,229.73967099940702
98.34,98.35,227.10088581417543
98.35,98.36,224.49240966187455
98.36,98.37,221.91389441356898
98.37,98.38,219.36499593892518
98.38,98.39,218.10154653305153
98.39,98.4,215.59643660857103
98.4,98.41,214.35469250725862
98.41,98.42,213.12010032569688
98.42,98.43,211.89261887185907
98.43,98.44,210.67220719096719
98.44,98.45,210.67220719096719
98.45,98.46,210.67220719096719
98.46,98.47,210.67220719096719
98.47,98.48,210.67220719096719
98.48,98.49,209.4588245641254
98.49,98.5,208.25243050696125
98.5,98.51,207.05298476827548
98.51,98.52,205.86044732869837
98.52,98.53,204.67477839935495
98.53,98.54,202.3238880603845
98.54,98.55,201.15858821357068
98.55,98.56,198.8480847635095
98.56,98.57,197.70280407057922
98.57,98.58,197.70280407057922
98.58,98.59,197.70280407057922
98.59,98.6,197.70280407057922
98.6,98.61,198.8480847635095
98.61,98.62,200.0
98.62,98.63,202.3238880603845
98.63,98.64,203.49593842053727
98.64,98.65,208.25243050696125
98.65,98.66,200.0
98.66,98.67,0.0
98.67,98.68,0.0
98.68,98.69,0.0
98.69,98.7,0.0
98.7,98.71,0.0
98.71,98.72,256.3888163841458
98.72,98.73,257.8740616879158
98.73,98.74,246.2288826689832
98.74,98.75,236.47155720542963
98.75,98.76,232.40911739156792
98.76,98.77,223.1994285260446
98.77,98.78,219.36499593892518
98.78,98.79,218.10154653305153
98.79,98.8,215.59643660857103
98.8,98.81,213.12010032569688
98.81,98.82,213.12010032569688
98.82,98.83,211.89261887185907
98.83,98.84,207.05298476827548
98.84,98.85,205.86044732869837
98.85,98.86,205.86044732869837
98.86,98.87,205.86044732869837
98.87,98.88,208.25243050696125
98.88,98.89,219.36499593892518
98.89,98.9,224.49240966187455
98.9,98.91,231.07053937445463
98.91,98.92,227.10088581417543
98.92,98.93,221.91389441356898
98.93,98.94,207.05298476827548
98.94,98.95,209.4588245641254
98.95,98.96,216.8453740602837
98.96,98.97,223.1994285260446
98.97,98.98,220.63576443274928
98.98,98.99,0.0
98.99,99.0,0.0
99.0,99.01,0.0
99.01,99.02,0.0
99.02,99.03,0.0
99.03,99.04,0.0
99.04,99.05,0.0
99.05,99.06,0.0
99.06,99.07,0.0
99.07,99.08,235.10958125672175
99.08,99.09,231.07053937445463
99.09,99.1,229.73967099940702
99.1,99.11,228.41646786215435
99.11,99.12,225.79288096122622
99.12,99.13,221.91389441356898
99.13,99.14,219.36499593892518
99.14,99.15,216.8453740602837
99.15,99.16,216.8453740602837
99.16,99.17,218.10154653305153
99.17,99.18,220.63576443274928
99.18,99.19,223.1994285260446
99.19,99.2,221.91389441356898
99.2,99.21,221.91389441356898
99.21,99.22,221.91389441356898
99.22,99.23,220.63576443274928
99.23,99.24,219.36499593892518
99.24,99.25,219.36499593892518
99.25,99.26,219.36499593892518
99.26,99.27,219.36499593892518
99.27,99.28,219.36499593892518
99.28,99.29,216.8453740602837
99.29,99.3,202.3238880603845
99.3,99.31,202.3238880603845
99.31,99.32,214.35469250725862
99.32,99.33,232.40911739156792
99.33,99.34,235.10958125672175
99.34,99.35,236.47155720542963
99.35,99.36,236.47155720542963
99.36,99.37,236.47155720542963
99.37,99.38,237.8414230005442
99.38,99.39,236.47155720542963
99.39,99.4,233.75544971224912
99.4,99.41,235.10958125672175
99.41,99.42,233.75544971224912
99.42,99.43,235.10958125672175
99.43,99.44,236.47155720542963
99.44,99.45,232.40911739156792
99.45,99.46,228.41646786215435
99.46,99.47,244.81070866093103
99.47,99.48,0.0
99.48,99.49,0.0
99.49,99.5,241.99881784385852
99.5,99.51,239.21922434748075
99.51,99.52,232.40911739156792
99.52,99.53,229.73967099940702
99.53,99.54,228.41646786215435
99.54,99.55,227.10088581417543
99.55,99.56,224.49240966187455
99.56,99.57,220.63576443274928
99.57,99.58,218.10154653305153
99.58,99.59,216.8453740602837
99.59,99.6,215.59643660857103
99.6,99.61,214.35469250725862
99.61,99.62,211.89261887185907
99.62,99.63,208.25243050696125
99.63,99.64,205.86044732869837
99.64,99.65,202.3238880603845
99.65,99.66,200.0
99.66,99.67,197.70280407057922
99.67,99.68,196.56411970905023
99.68,99.69,197.70280407057922
99.69,99.7,196.56411970905023
99.7,99.71,202.3238880603845
99.71,99.72,203.49593842053727
99.72,99.73,207.05298476827548
99.73,99.74,210.67220719096719
99.74,99.75,213.12010032569688
99.75,99.76,213.12010032569688
99.76,99.77,213.12010032569688
99.77,99.78,210.67220719096719
99.78,99.79,207.05298476827548
99.79,99.8,209.4588245641254
99.8,99.81,210.67220719096719
99.81,99.82,211.89261887185907
99.82,99.83,211.89261887185907
99.83,99.84,208.25243050696125
99.84,99.85,208.25243050696125
99.85,99.86,208.25243050696125
99.86,99.87,205.86044732869837
99.87,99.88,203.49593842053727
99.88,99.89,0.0
99.89,99.9,0.0
99.9,99.91,0.0
99.91,99.92,0.0
99.92,99.93,0.0
99.93,99.94,0.0
99.94,99.95,0.0
99.95,99.96,0.0
99.96,99.97,0.0
99.97,99.98,0.0
99.98,99.99,0.0
99.99,100.0,0.0
100.0,100.01,0.0
100.01,100.02,0.0
100.02,100.03,0.0
100.03,100.04,0.0
100.04,100.05,0.0
100.05,100.06,181.29427068562208
100.06,100.07,182.34449771164336
100.07,100.08,183.40080864093423
100.08,100.09,184.46323871718783
100.09,100.1,185.5318233882619
100.1,100.11,186.60659830736148
100.11,100.12,186.60659830736148
100.12,100.13,175.11872228117704
100.13,100.14,172.11028744886602
100.14,100.15,177.1535038204721
100.15,100.16,0.0
100.16,100.17,0.0
100.17,100.18,207.05298476827548
100.18,100.19,201.15858821357068
100.19,100.2,200.0
100.2,100.21,200.0
100.21,100.22,200.0
100.22,100.23,200.0
100.23,100.24,201.15858821357068
100.24,100.25,202.3238880603845
100.25,100.26,202.3238880603845
100.26,100.27,202.3238880603845
100.27,100.28,201.15858821357068
100.28,100.29,200.0
100.29,100.3,197.70280407057922
100.3,100.31,195.43199368684918
100.31,100.32,203.49593842053727
100.32,100.33,197.70280407057922
100.33,100.34,203.49593842053727
100.34,100.35,203.49593842053727
100.35,100.36,197.70280407057922
100.36,100.37,193.1872657849691
100.37,100.38,189.86842419010387
100.38,100.39,188.7748625363387
100.39,100.4,186.60659830736148
100.4,100.41,185.5318233882619
100.41,100.42,184.46323871718783
100.42,100.43,182.34449771164336
100.43,100.44,179.21192838239048
100.44,100.45,175.11872228117704
100.45,100.46,167.2106416577019
100.46,100.47,172.11028744886602
100.47,100.48,181.29427068562208
100.48,100.49,182.34449771164336
100.49,100.5,182.34449771164336
100.5,100.51,181.29427068562208
100.51,100.52,181.29427068562208
100.52,100.53,179.21192838239048
100.53,100.54,177.1535038204721
100.54,100.55,179.21192838239048
100.55,100.56,182.34449771164336
100.56,100.57,183.40080864093423
100.57,100.58,184.46323871718783
100.58,100.59,185.5318233882619
100.59,100.6,186.60659830736148
100.6,100.61,187.68759933422865
100.61,100.62,188.7748625363387
100.62,100.63,189.86842419010387
100.63,100.64,190.9683207820833
100.64,100.65,197.70280407057922
100.65,100.66,201.15858821357068
100.66,100.67,203.49593842053727
100.67,100.68,205.86044732869837
100.68,100.69,208.25243050696125
100.69,100.7,209.4588245641254
100.7,100.71,210.67220719096719
100.71,100.72,211.89261887185907
100.72,100.73,213.12010032569688
100.73,100.74,213.12010032569688
100.74,100.75,214.35469250725862
100.75,100.76,215.59643660857103
100.76,100.77,216.8453740602837
100.77,100.78,218.10154653305153
100.78,100.79,218.10154653305153
100.79,100.8,218.10154653305153
100.8,100.81,216.8453740602837
100.81,100.82,216.8453740602837
100.82,100.83,216.8453740602837
100.83,100.84,203.49593842053727
100.84,100.85,216.8453740602837
100.85,100.86,216.8453740602837
100.86,100.87,216.8453740602837
100.87,100.88,216.8453740602837
100.88,100.89,216.8453740602837
100.89,100.9,218.10154653305153
100.9,100.91,218.10154653305153
100.91,100.92,218.10154653305153
100.92,100.93,218.10154653305153
100.93,100.94,216.8453740602837
100.94,100.95,216.8453740602837
100.95,100.96,216.8453740602837
100.96,100.97,216.8453740602837
100.97,100.98,216.8453740602837
100.98,100.99,218.10154653305153
100.99,101.0,216.8453740602837
101.0,101.01,216.8453740602837
101.01,101.02,216.8453740602837
101.02,101.03,216.8453740602837
101.03,101.04,0.0
101.04,101.05,0.0
101.05,101.06,0.0
101.06,101.07,0.0
101.07,101.08,198.8480847635095
101.08,101.09,196.56411970905023
101.09,101.1,194.30638823072118
101.1,101.11,193.1872657849691
101.11,101.12,190.9683207820833
101.12,101.13,190.9683207820833
101.13,101.14,190.9683207820833
101.14,101.15,192.07458901020084
101.15,101.16,193.1872657849691
101.16,101.17,196.56411970905023
101.17,101.18,197.70280407057922
101.18,101.19,193.1872657849691
101.19,101.2,190.9683207820833
101.2,101.21,192.07458901020084
101.21,101.22,192.07458901020084
101.22,101.23,192.07458901020084
101.23,101.24,193.1872657849691
101.24,101.25,193.1872657849691
101.25,101.26,192.07458901020084
101.26,101.27,192.07458901020084
101.27,101.28,192.07458901020084
101.28,101.29,189.86842419010387
101.29,101.3,194.30638823072118
101.3,101.31,0.0
101.31,101.32,0.0
101.32,101.33,0.0
101.33,101.34,0.0
101.34,101.35,0.0
101.35,101.36,0.0
101.36,101.37,0.0
101.37,101.38,0.0
101.38,101.39,0.0
101.39,101.4,0.0
101.4,101.41,0.0
101.41,101.42,0.0
101.42,101.43,0.0
101.43,101.44,0.0
101.44,101.45,0.0
101.45,101.46,0.0
101.46,101.47,0.0
101.47,101.48,0.0
101.48,101.49,0.0
101.49,101.5,0.0
101.5,101.51,0.0
101.51,101.52,0.0
101.52,101.53,0.0
101.53,101.54,0.0
101.54,101.55,0.0
101.55,101.56,0.0
101.56,101.57,0.0
101.57,101.58,0.0
101.58,101.59,0.0
101.59,101.6,0.0
101.6,101.61,0.0
101.61,101.62,0.0
101.62,101.63,184.46323871718783
101.63,101.64,185.5318233882619
101.64,101.65,185.5318233882619
101.65,101.66,187.68759933422865
101.66,101.67,189.86842419010387
101.67,101.68,185.5318233882619
101.68,101.69,181.29427068562208
101.69,101.7,184.46323871718783
101.7,101.71,186.60659830736148
101.71,101.72,186.60659830736148
101.72,101.73,186.60659830736148
101.73,101.74,189.86842419010387
101.74,101.75,189.86842419010387
101.75,101.76,188.7748625363387
101.76,101.77,0.0
101.77,101.78,225.79288096122622
101.78,101.79,224.49240966187455
101.79,101.8,225.79288096122622
101.8,101.81,225.79288096122622
101.81,101.82,227.10088581417543
101.82,101.83,227.10088581417543
101.83,101.84,228.41646786215435
101.84,101.85,228.41646786215435
101.85,101.86,228.41646786215435
101.86,101.87,225.79288096122622
101.87,101.88,215.59643660857103
101.88,101.89,210.67220719096719
101.89,101.9,209.4588245641254
101.9,101.91,208.25243050696125
101.91,101.92,208.25243050696125
101.92,101.93,204.67477839935495
101.93,101.94,201.15858821357068
101.94,101.95,197.70280407057922
101.95,101.96,188.7748625363387
101.96,101.97,0.0
101.97,101.98,0.0
101.98,101.99,0.0
101.99,102.0,0.0
102.0,102.01,221.91389441356898
102.01,102.02,210.67220719096719
102.02,102.03,209.4588245641254
102.03,102.04,209.4588245641254
102.04,102.05,207.05298476827548
102.05,102.06,202.3238880603845
102.06,102.07,201.15858821357068
102.07,102.08,201.15858821357068
102.08,102.09,203.49593842053727
102.09,102.1,204.67477839935495
102.1,102.11,205.86044732869837
102.11,102.12,207.05298476827548
102.12,102.13,207.05298476827548
102.13,102.14,203.49593842053727
102.14,102.15,196.56411970905023
102.15,102.16,208.25243050696125
102.16,102.17,208.25243050696125
102.17,102.18,207.05298476827548
102.18,102.19,207.05298476827548
102.19,102.2,205.86044732869837
102.2,102.21,203.49593842053727
102.21,102.22,193.1872657849691
102.22,102.23,201.15858821357068
102.23,102.24,0.0
102.24,102.25,0.0
102.25,102.26,0.0
102.26,102.27,0.0
102.27,102.28,0.0
102.28,102.29,225.79288096122622
102.29,102.3,247.65527207548806
102.3,102.31,241.99881784385852
102.31,102.32,241.99881784385852
102.32,102.33,241.99881784385852
102.33,102.34,239.21922434748075
102.34,102.35,237.8414230005442
102.35,102.36,236.47155720542963
102.36,102.37,233.75544971224912
102.37,102.38,227.10088581417543
102.38,102.39,0.0
102.39,102.4,240.60500721642333
102.4,102.41,237.8414230005442
102.41,102.42,237.8414230005442
102.42,102.43,237.8414230005442
102.43,102.44,237.8414230005442
102.44,102.45,237.8414230005442
102.45,102.46,0.0
102.46,102.47,0.0
102.47,102.48,0.0
102.48,102.49,0.0
102.49,102.5,0.0
102.5,102.51,228.41646786215435
102.51,102.52,221.91389441356898
102.52,102.53,220.63576443274928
102.53,102.54,220.63576443274928
102.54,102.55,220.63576443274928
102.55,102.56,220.63576443274928
102.56,102.57,223.1994285260446
102.57,102.58,225.79288096122622
102.58,102.59,227.10088581417543
102.59,102.6,229.73967099940702
102.6,102.61,229.73967099940702
102.61,102.62,229.73967099940702
102.62,102.63,229.73967099940702
102.63,102.64,228.41646786215435
102.64,102.65,228.41646786215435
102.65,102.66,227.10088581417543
102.66,102.67,219.36499593892518
102.67,102.68,214.35469250725862
102.68,102.69,211.89261887185907
102.69,102.7,210.67220719096719
102.7,102.71,208.25243050696125
102.71,102.72,205.86044732869837
102.72,102.73,204.67477839935495
102.73,102.74,203.49593842053727
102.74,102.75,200.0
102.75,102.76,196.56411970905023
102.76,102.77,0.0
102.77,102.78,0.0
102.78,102.79,0.0
102.79,102.8,200.0
102.8,102.81,200.0
102.81,102.82,198.8480847635095
102.82,102.83,197.70280407057922
102.83,102.84,197.70280407057922
102.84,102.85,197.70280407057922
102.85,102.86,197.70280407057922
102.86,102.87,197.70280407057922
102.87,102.88,196.56411970905023
102.88,102.89,195.43199368684918
102.89,102.9,184.46323871718783
102.9,102.91,182.34449771164336
102.91,102.92,188.7748625363387
102.92,102.93,196.56411970905023
102.93,102.94,197.70280407057922
102.94,102.95,196.56411970905023
102.95,102.96,195.43199368684918
102.96,102.97,193.1872657849691
102.97,102.98,192.07458901020084
102.98,102.99,190.9683207820833
102.99,103.0,190.9683207820833
103.0,103.01,190.9683207820833
103.01,103.02,190.9683207820833
103.02,103.03,190.9683207820833
103.03,103.04,190.9683207820833
103.04,103.05,192.07458901020084
103.05,103.06,190.9683207820833
103.06,103.07,192.07458901020084
103.07,103.08,194.30638823072118
103.08,103.09,194.30638823072118
103.09,103.1,193.1872657849691
103.1,103.11,194.30638823072118
103.11,103.12,194.30638823072118
103.12,103.13,194.30638823072118
103.13,103.14,194.30638823072118
103.14,103.15,194.30638823072118
103.15,103.16,193.1872657849691
103.16,103.17,193.1872657849691
103.17,103.18,192.07458901020084
103.18,103.19,190.9683207820833
103.19,103.2,189.86842419010387
103.2,103.21,185.5318233882619
103.21,103.22,0.0
103.22,103.23,0.0
103.23,103.24,0.0
103.24,103.25,0.0
103.25,103.26,218.10154653305153
103.26,103.27,216.8453740602837
103.27,103.28,215.59643660857103
103.28,103.29,213.12010032569688
103.29,103.3,214.35469250725862
103.3,103.31,0.0
103.31,103.32,0.0
103.32,103.33,239.21922434748075
103.33,103.34,244.81070866093103
103.34,103.35,239.21922434748075
103.35,103.36,0.0
103.36,103.37,0.0
103.37,103.38,0.0
103.38,103.39,0.0
103.39,103.4,0.0
103.4,103.41,0.0
103.41,103.42,0.0
103.42,103.43,0.0
103.43,103.44,0.0
103.44,103.45,0.0
103.45,103.46,0.0
103.46,103.47,0.0
103.47,103.48,0.0
103.48,103.49,221.91389441356898
103.49,103.5,219.36499593892518
103.5,103.51,216.8453740602837
103.51,103.52,214.35469250725862
103.52,103.53,209.4588245641254
103.53,103.54,205.86044732869837
103.54,103.55,203.49593842053727
103.55,103.56,201.15858821357068
103.56,103.57,198.8480847635095
103.57,103.58,197.70280407057922
103.58,103.59,197.70280407057922
103.59,103.6,197.70280407057922
103.6,103.61,198.8480847635095
103.61,103.62,198.8480847635095
103.62,103.63,201.15858821357068
103.63,103.64,203.49593842053727
103.64,103.65,203.49593842053727
103.65,103.66,204.67477839935495
103.66,103.67,204.67477839935495
103.67,103.68,200.0
103.68,103.69,197.70280407057922
103.69,103.7,200.0
103.7,103.71,0.0
103.71,103.72,197.70280407057922
103.72,103.73,195.43199368684918
103.73,103.74,195.43199368684918
103.74,103.75,194.30638823072118
103.75,103.76,193.1872657849691
103.76,103.77,193.1872657849691
103.77,103.78,193.1872657849691
103.78,103.79,194.30638823072118
103.79,103.8,194.30638823072118
103.8,103.81,195.43199368684918
103.81,103.82,196.56411970905023
103.82,103.83,196.56411970905023
103.83,103.84,196.56411970905023
103.84,103.85,195.43199368684918
103.85,103.86,194.30638823072118
103.86,103.87,193.1872657849691
103.87,103.88,192.07458901020084
103.88,103.89,193.1872657849691
103.89,103.9,193.1872657849691
103.9,103.91,193.1872657849691
103.91,103.92,193.1872657849691
103.92,103.93,193.1872657849691
103.93,103.94,194.30638823072118
103.94,103.95,194.30638823072118
103.95,103.96,194.30638823072118
103.96,103.97,194.30638823072118
103.97,103.98,194.30638823072118
103.98,103.99,195.43199368684918
103.99,104.0,0.0
104.0,104.01,196.56411970905023
104.01,104.02,177.1535038204721
104.02,104.03,165.29006363084235
104.03,104.04,171.11900513652043
104.04,104.05,175.11872228117704
104.05,104.06,178.17974362806785
104.06,104.07,178.17974362806785
104.07,104.08,179.21192838239048
104.08,104.09,0.0
104.09,104.1,0.0
104.1,104.11,0.0
104.11,104.12,0.0
104.12,104.13,0.0
104.13,104.14,0.0
104.14,104.15,0.0
104.15,104.16,0.0
104.16,104.17,0.0
104.17,104.18,0.0
104.18,104.19,220.63576443274928
104.19,104.2,216.8453740602837
104.2,104.21,209.4588245641254
104.21,104.22,209.4588245641254
104.22,104.23,208.25243050696125
104.23,104.24,208.25243050696125
104.24,104.25,207.05298476827548
104.25,104.26,204.67477839935495
104.26,104.27,196.56411970905023
104.27,104.28,190.9683207820833
104.28,104.29,198.8480847635095
104.29,104.3,198.8480847635095
104.3,104.31,198.8480847635095
104.31,104.32,198.8480847635095
104.32,104.33,198.8480847635095
104.33,104.34,198.8480847635095
104.34,104.35,198.8480847635095
104.35,104.36,198.8480847635095
104.36,104.37,198.8480847635095
104.37,104.38,200.0
104.38,104.39,200.0
104.39,104.4,202.3238880603845
104.4,104.41,210.67220719096719
104.41,104.42,214.35469250725862
104.42,104.43,215.59643660857103
104.43,104.44,215.59643660857103
104.44,104.45,213.12010032569688
104.45,104.46,207.05298476827548
104.46,104.47,200.0
104.47,104.48,192.07458901020084
104.48,104.49,184.46323871718783
104.49,104.5,200.0
104.5,104.51,224.49240966187455
104.51,104.52,224.49240966187455
104.52,104.53,208.25243050696125
104.53,104.54,205.86044732869837
104.54,104.55,203.49593842053727
104.55,104.56,202.3238880603845
104.56,104.57,200.0
104.57,104.58,196.56411970905023
104.58,104.59,195.43199368684918
104.59,104.6,188.7748625363387
104.6,104.61,190.9683207820833
104.61,104.62,196.56411970905023
104.62,104.63,198.8480847635095
104.63,104.64,195.43199368684918
104.64,104.65,195.43199368684918
104.65,104.66,195.43199368684918
104.66,104.67,194.30638823072118
104.67,104.68,194.30638823072118
104.68,104.69,194.30638823072118
104.69,104.7,193.1872657849691
104.7,104.71,193.1872657849691
104.71,104.72,193.1872657849691
104.72,104.73,193.1872657849691
104.73,104.74,193.1872657849691
104.74,104.75,192.07458901020084
104.75,104.76,192.07458901020084
104.76,104.77,192.07458901020084
104.77,104.78,192.07458901020084
104.78,104.79,192.07458901020084
104.79,104.8,193.1872657849691
104.8,104.81,196.56411970905023
104.81,104.82,203.49593842053727
104.82,104.83,208.25243050696125
104.83,104.84,210.67220719096719
104.84,104.85,210.67220719096719
104.85,104.86,209.4588245641254
104.86,104.87,201.15858821357068
104.87,104.88,189.86842419010387
104.88,104.89,178.17974362806785
104.89,104.9,175.11872228117704
104.9,104.91,193.1872657849691
104.91,104.92,0.0
104.92,104.93,0.0
104.93,104.94,0.0
104.94,104.95,198.8480847635095
104.95,104.96,197.70280407057922
104.96,104.97,197.70280407057922
104.97,104.98,196.56411970905023
104.98,104.99,195.43199368684918
104.99,105.0,194.30638823072118
105.0,105.01,193.1872657849691
105.01,105.02,190.9683207820833
105.02,105.03,188.7748625363387
105.03,105.04,187.68759933422865
105.04,105.05,187.68759933422865
105.05,105.06,186.60659830736148
105.06,105.07,187.68759933422865
105.07,105.08,187.68759933422865
105.08,105.09,187.68759933422865
105.09,105.1,187.68759933422865
105.1,105.11,188.7748625363387
105.11,105.12,190.9683207820833
105.12,105.13,190.9683207820833
105.13,105.14,190.9683207820833
105.14,105.15,190.9683207820833
105.15,105.16,190.9683207820833
105.16,105.17,190.9683207820833
105.17,105.18,190.9683207820833
105.18,105.19,189.86842419010387
105.19,105.2,188.7748625363387
105.2,105.21,187.68759933422865
105.21,105.22,185.5318233882619
105.22,105.23,183.40080864093423
105.23,105.24,176.1331747192297
105.24,105.25,185.5318233882619
105.25,105.26,0.0
105.26,105.27,0.0
105.27,105.28,203.49593842053727
105.28,105.29,203.49593842053727
105.29,105.3,201.15858821357068
105.3,105.31,198.8480847635095
105.31,105.32,196.56411970905023
105.32,105.33,194.30638823072118
105.33,105.34,192.07458901020084
105.34,105.35,189.86842419010387
105.35,105.36,187.68759933422865
105.36,105.37,188.7748625363387
105.37,105.38,192.07458901020084
105.38,105.39,189.86842419010387
105.39,105.4,190.9683207820833
105.4,105.41,189.86842419010387
105.41,105.42,194.30638823072118
105.42,105.43,194.30638823072118
105.43,105.44,194.30638823072118
105.44,105.45,194.30638823072118
105.45,105.46,194.30638823072118
105.46,105.47,197.70280407057922
105.47,105.48,201.15858821357068
105.48,105.49,204.67477839935495
105.49,105.5,211.89261887185907
105.5,105.51,220.63576443274928
105.51,105.52,221.91389441356898
105.52,105.53,224.49240966187455
105.53,105.54,225.79288096122622
105.54,105.55,228.41646786215435
105.55,105.56,229.73967099940702
105.56,105.57,231.07053937445463
105.57,105.58,232.40911739156792
105.58,105.59,233.75544971224912
105.59,105.6,235.10958125672175
105.6,105.61,235.10958125672175
105.61,105.62,235.10958125672175
105.62,105.63,236.47155720542963
105.63,105.64,237.8414230005442
105.64,105.65,237.8414230005442
105.65,105.66,237.8414230005442
105.66,105.67,237.8414230005442
105.67,105.68,236.47155720542963
105.68,105.69,235.10958125672175
105.69,105.7,235.10958125672175
105.7,105.71,233.75544971224912
105.71,105.72,233.75544971224912
105.72,105.73,232.40911739156792
105.73,105.74,231.07053937445463
105.74,105.75,231.07053937445463
105.75,105.76,232.40911739156792
105.76,105.77,233.75544971224912
105.77,105.78,232.40911739156792
105.78,105.79,231.07053937445463
105.79,105.8,229.73967099940702
105.8,105.81,227.10088581417543
105.81,105.82,227.10088581417543
105.82,105.83,227.10088581417543
105.83,105.84,227.10088581417543
105.84,105.85,227.10088581417543
105.85,105.86,229.73967099940702
105.86,105.87,231.07053937445463
105.87,105.88,233.75544971224912
105.88,105.89,236.47155720542963
105.89,105.9,239.21922434748075
105.9,105.91,239.21922434748075
105.91,105.92,237.8414230005442
105.92,105.93,233.75544971224912
105.93,105.94,233.75544971224912
105.94,105.95,232.40911739156792
105.95,105.96,231.07053937445463
105.96,105.97,233.75544971224912
105.97,105.98,0.0
105.98,105.99,0.0
105.99,106.0,0.0
106.0,106.01,0.0
106.01,106.02,0.0
106.02,106.03,0.0
106.03,106.04,0.0
106.04,106.05,0.0
106.05,106.06,0.0
106.06,106.07,0.0
106.07,106.08,0.0
106.08,106.09,0.0
106.09,106.1,0.0
106.1,106.11,0.0
106.11,106.12,0.0
106.12,106.13,0.0
106.13,106.14,0.0
106.14,106.15,0.0
106.15,106.16,0.0
106.16,106.17,0.0
106.17,106.18,0.0
106.18,106.19,0.0
106.19,106.2,0.0
106.2,106.21,0.0
106.21,106.22,0.0
106.22,106.23,0.0
106.23,106.24,0.0
106.24,106.25,0.0
106.25,106.26,0.0
106.26,106.27,0.0
106.27,106.28,0.0
106.28,106.29,0.0
106.29,106.3,0.0
106.3,106.31,0.0
106.31,106.32,0.0
106.32,106.33,0.0
106.33,106.34,0.0
106.34,106.35,0.0
106.35,106.36,0.0
106.36,106.37,0.0
106.37,106.38,0.0
106.38,106.39,0.0
106.39,106.4,0.0
106.4,106.41,0.0
106.41,106.42,0.0
106.42,106.43,0.0
106.43,106.44,301.3973362949152
106.44,106.45,308.44216508158814
106.45,106.46,306.66566893392013
106.46,106.47,304.8994046511524
106.47,106.48,301.3973362949152
106.48,106.49,299.66141537533633
106.49,106.5,296.2195104573129
106.5,106.51,294.5134116201051
106.51,106.52,291.13063656843747
106.52,106.53,289.4538474880756
106.53,106.54,287.786716002164
106.54,106.55,286.12918648705164
106.55,106.56,282.842712474619
106.56,106.57,281.2136583244699
106.57,106.58,287.786716002164
106.58,106.59,0.0
106.59,106.6,0.0
106.6,106.61,0.0
106.61,106.62,0.0
106.62,106.63,0.0
106.63,106.64,265.4303484677136
106.64,106.65,265.4303484677136
106.65,106.66,265.4303484677136
106.66,106.67,262.38162088748976
106.67,106.68,259.3679109302019
106.68,106.69,257.8740616879158
106.69,106.7,256.3888163841458
106.7,106.71,254.91212546385245
106.71,106.72,253.44393965741244
106.72,106.73,253.44393965741244
106.73,106.74,253.44393965741244
106.74,106.75,254.91212546385245
106.75,106.76,254.91212546385245
106.76,106.77,256.3888163841458
106.77,106.78,256.3888163841458
106.78,106.79,254.91212546385245
106.79,106.8,253.44393965741244
106.8,106.81,253.44393965741244
106.81,106.82,253.44393965741244
106.82,106.83,253.44393965741244
106.83,106.84,251.98420997897463
106.84,106.85,250.53288772482563
106.85,106.86,250.53288772482563
106.86,106.87,250.53288772482563
106.87,106.88,250.53288772482563
106.88,106.89,249.08992447176465
106.89,106.9,249.08992447176465
106.9,106.91,249.08992447176465
106.91,106.92,247.65527207548806
106.92,106.93,247.65527207548806
106.93,106.94,247.65527207548806
106.94,106.95,247.65527207548806
106.95,106.96,247.65527207548806
106.96,106.97,247.65527207548806
106.97,106.98,246.2288826689832
106.98,106.99,246.2288826689832
106.99,107.0,244.81070866093103
107.0,107.01,243.40070273411817
107.01,107.02,241.99881784385852
107.02,107.03,240.60500721642333
107.03,107.04,240.60500721642333
107.04,107.05,240.60500721642333
107.05,107.06,240.60500721642333
107.06,107.07,239.21922434748075
107.07,107.08,239.21922434748075
107.08,107.09,237.8414230005442
107.09,107.1,237.8414230005442
107.1,107.11,237.8414230005442
107.11,107.12,237.8414230005442
107.12,107.13,237.8414230005442
107.13,107.14,237.8414230005442
107.14,107.15,236.47155720542963
107.15,107.16,236.47155720542963
107.16,107.17,236.47155720542963
107.17,107.18,235.10958125672175
107.18,107.19,235.10958125672175
107.19,107.2,233.75544971224912
107.2,107.21,233.75544971224912
107.21,107.22,232.40911739156792
107.22,107.23,231.07053937445463
107.23,107.24,231.07053937445463
107.24,107.25,232.40911739156792
107.25,107.26,232.40911739156792
107.26,107.27,233.75544971224912
107.27,107.28,233.75544971224912
107.28,107.29,233.75544971224912
107.29,107.3,233.75544971224912
107.3,107.31,233.75544971224912
107.31,107.32,232.40911739156792
107.32,107.33,232.40911739156792
107.33,107.34,231.07053937445463
107.34,107.35,229.73967099940702
107.35,107.36,227.10088581417543
107.36,107.37,225.79288096122622
107.37,107.38,223.1994285260446
107.38,107.39,223.1994285260446
107.39,107.4,221.91389441356898
107.4,107.41,220.63576443274928
107.41,107.42,220.63576443274928
107.42,107.43,220.63576443274928
107.43,107.44,220.63576443274928
107.44,107.45,219.36499593892518
107.45,107.46,219.36499593892518
107.46,107.47,220.63576443274928
107.47,107.48,220.63576443274928
107.48,107.49,221.91389441356898
107.49,107.5,224.49240966187455
107.5,107.51,228.41646786215435
107.51,107.52,233.75544971224912
107.52,107.53,241.99881784385852
107.53,107.54,265.4303484677136
107.54,107.55,281.2136583244699
107.55,107.56,286.12918648705164
107.56,107.57,291.13063656843747
107.57,107.58,292.81713918912504
107.58,107.59,296.2195104573129
107.59,107.6,297.93549262454053
107.6,107.61,301.3973362949152
107.61,107.62,306.66566893392013
107.62,107.63,315.65165893545657
107.63,107.64,326.78309064822
107.64,107.65,336.3585661014858
107.65,107.66,336.3585661014858
107.66,107.67,0.0
107.67,107.68,0.0
107.68,107.69,306.66566893392013
107.69,107.7,306.66566893392013
107.7,107.71,301.3973362949152
107.71,107.72,297.93549262454053
107.72,107.73,299.66141537533633
107.73,107.74,319.31935454265994
107.74,107.75,317.4802103936399
107.75,107.76,313.83363915870024
107.76,107.77,313.83363915870024
107.77,107.78,312.0260904053494
107.78,107.79,289.4538474880756
107.79,107.8,289.4538474880756
107.8,107.81,286.12918648705164
107.81,107.82,279.5939868358039
107.82,107.83,274.79072949161787
107.83,107.84,274.79072949161787
107.84,107.85,273.20805135087915
107.85,107.86,271.6344887654643
107.86,107.87,263.9015821545788
107.87,107.88,244.81070866093103
107.88,107.89,225.79288096122622
107.89,107.9,0.0
107.9,107.91,0.0
107.91,107.92,262.38162088748976
107.92,107.93,281.2136583244699
107.93,107.94,282.842712474619
107.94,107.95,281.2136583244699
107.95,107.96,279.5939868358039
107.96,107.97,279.5939868358039
107.97,107.98,281.2136583244699
107.98,107.99,281.2136583244699
107.99,108.0,284.4812036394563
108.0,108.01,297.93549262454053
108.01,108.02,303.14331330207966
108.02,108.03,281.2136583244699
108.03,108.04,279.5939868358039
108.04,108.05,279.5939868358039
108.05,108.06,279.5939868358039
108.06,108.07,279.5939868358039
108.07,108.08,279.5939868358039
108.08,108.09,281.2136583244699
108.09,108.1,286.12918648705164
108.1,108.11,277.98364396846745
108.11,108.12,266.96797083400685
108.12,108.13,260.87041395311286
108.13,108.14,257.8740616879158
108.14,108.15,256.3888163841458
108.15,108.16,256.3888163841458
108.16,108.17,254.91212546385245
108.17,108.18,254.91212546385245
108.18,108.19,256.3888163841458
108.19,108.2,256.3888163841458
108.2,108.21,254.91212546385245
108.21,108.22,256.3888163841458
108.22,108.23,256.3888163841458
108.23,108.24,254.91212546385245
108.24,108.25,254.91212546385245
108.25,108.26,254.91212546385245
108.26,108.27,254.91212546385245
108.27,108.28,254.91212546385245
108.28,108.29,256.3888163841458
108.29,108.3,257.8740616879158
108.3,108.31,260.87041395311286
108.31,108.32,262.38162088748976
108.32,108.33,263.9015821545788
108.33,108.34,265.4303484677136
108.34,108.35,259.3679109302019
108.35,108.36,0.0
108.36,108.37,0.0
108.37,108.38,0.0
108.38,108.39,0.0
108.39,108.4,0.0
108.4,108.41,273.20805135087915
108.41,108.42,254.91212546385245
108.42,108.43,249.08992447176465
108.43,108.44,246.2288826689832
108.44,108.45,244.81070866093103
108.45,108.46,241.99881784385852
108.46,108.47,240.60500721642333
108.47,108.48,237.8414230005442
108.48,108.49,235.10958125672175
108.49,108.5,232.40911739156792
108.5,108.51,232.40911739156792
108.51,108.52,231.07053937445463
108.52,108.53,231.07053937445463
108.53,108.54,229.73967099940702
108.54,108.55,228.41646786215435
108.55,108.56,227.10088581417543
108.56,108.57,225.79288096122622
108.57,108.58,225.79288096122622
108.58,108.59,224.49240966187455
108.59,108.6,223.1994285260446
108.6,108.61,223.1994285260446
108.61,108.62,221.91389441356898
108.62,108.63,220.63576443274928
108.63,108.64,219.36499593892518
108.64,108.65,218.10154653305153
108.65,108.66,218.10154653305153
108.66,108.67,216.8453740602837
108.67,108.68,216.8453740602837
108.68,108.69,216.8453740602837
108.69,108.7,216.8453740602837
108.7,108.71,215.59643660857103
108.71,108.72,215.59643660857103
108.72,108.73,214.35469250725862
108.73,108.74,213.12010032569688
108.74,108.75,211.89261887185907
108.75,108.76,210.67220719096719
108.76,108.77,210.67220719096719
108.77,108.78,208.25243050696125
108.78,108.79,208.25243050696125
108.79,108.8,205.86044732869837
108.8,108.81,201.15858821357068
108.81,108.82,0.0
108.82,108.83,0.0
108.83,108.84,218.10154653305153
108.84,108.85,221.91389441356898
108.85,108.86,227.10088581417543
108.86,108.87,228.41646786215435
108.87,108.88,228.41646786215435
108.88,108.89,229.73967099940702
108.89,108.9,229.73967099940702
108.9,108.91,227.10088581417543
108.91,108.92,225.79288096122622
108.92,108.93,225.79288096122622
108.93,108.94,228.41646786215435
108.94,108.95,237.8414230005442
108.95,108.96,239.21922434748075
108.96,108.97,240.60500721642333
108.97,108.98,241.99881784385852
108.98,108.99,241.99881784385852
108.99,109.0,244.81070866093103
109.0,109.01,236.47155720542963
109.01,109.02,233.75544971224912
109.02,109.03,232.40911739156792
109.03,109.04,231.07053937445463
109.04,109.05,229.73967099940702
109.05,109.06,227.10088581417543
109.06,109.07,225.79288096122622
109.07,109.08,232.40911739156792
109.08,109.09,231.07053937445463
109.09,109.1,228.41646786215435
109.1,109.11,235.10958125672175
109.11,109.12,243.40070273411817
109.12,109.13,244.81070866093103
109.13,109.14,243.40070273411817
109.14,109.15,243.40070273411817
109.15,109.16,247.65527207548806
109.16,109.17,250.53288772482563
109.17,109.18,254.91212546385245
109.18,109.19,265.4303484677136
109.19,109.2,271.6344887654643
109.2,109.21,251.98420997897463
109.21,109.22,243.40070273411817
109.22,109.23,250.53288772482563
109.23,109.24,0.0
109.24,109.25,0.0
109.25,109.26,0.0
109.26,109.27,0.0
109.27,109.28,0.0
109.28,109.29,0.0
109.29,109.3,292.81713918912504
109.3,109.31,282.842712474619
109.31,109.32,277.98364396846745
109.32,109.33,273.20805135087915
109.33,109.34,270.06998923363795
109.34,109.35,266.96797083400685
109.35,109.36,265.4303484677136
109.36,109.37,260.87041395311286
109.37,109.38,256.3888163841458
109.38,109.39,251.98420997897463
109.39,109.4,249.08992447176465
109.4,109.41,249.08992447176465
109.41,109.42,249.08992447176465
109.42,109.43,247.65527207548806
109.43,109.44,247.65527207548806
109.44,109.45,246.2288826689832
109.45,109.46,244.81070866093103
109.46,109.47,243.40070273411817
109.47,109.48,240.60500721642333
109.48,109.49,236.47155720542963
109.49,109.5,232.40911739156792
109.5,109.51,237.8414230005442
109.51,109.52,0.0
109.52,109.53,0.0
109.53,109.54,0.0
109.54,109.55,224.49240966187455
109.55,109.56,223.1994285260446
109.56,109.57,223.1994285260446
109.57,109.58,223.1994285260446
109.58,109.59,220.63576443274928
109.59,109.6,220.63576443274928
109.6,109.61,220.63576443274928
109.61,109.62,223.1994285260446
109.62,109.63,223.1994285260446
109.63,109.64,221.91389441356898
109.64,109.65,221.91389441356898
109.65,109.66,221.91389441356898
109.66,109.67,221.91389441356898
109.67,109.68,223.1994285260446
109.68,109.69,228.41646786215435
109.69,109.7,228.41646786215435
109.7,109.71,231.07053937445463
109.71,109.72,236.47155720542963
109.72,109.73,231.07053937445463
109.73,109.74,220.63576443274928
109.74,109.75,0.0
109.75,109.76,0.0
109.76,109.77,0.0
109.77,109.78,0.0
109.78,109.79,0.0
109.79,109.8,0.0
109.8,109.81,0.0
109.81,109.82,0.0
109.82,109.83,239.21922434748075
109.83,109.84,235.10958125672175
109.84,109.85,232.40911739156792
109.85,109.86,229.73967099940702
109.86,109.87,225.79288096122622
109.87,109.88,224.49240966187455
109.88,109.89,223.1994285260446
109.89,109.9,223.1994285260446
109.9,109.91,221.91389441356898
109.91,109.92,221.91389441356898
109.92,109.93,223.1994285260446
109.93,109.94,224.49240966187455
109.94,109.95,224.49240966187455
109.95,109.96,224.49240966187455
109.96,109.97,223.1994285260446
109.97,109.98,223.1994285260446
109.98,109.99,221.91389441356898
109.99,110.0,220.63576443274928
110.0,110.01,220.63576443274928
110.01,110.02,219.36499593892518
110.02,110.03,216.8453740602837
110.03,110.04,215.59643660857103
110.04,110.05,216.8453740602837
110.05,110.06,215.59643660857103
110.06,110.07,215.59643660857103
110.07,110.08,214.35469250725862
110.08,110.09,210.67220719096719
110.09,110.1,209.4588245641254
110.1,110.11,208.25243050696125
110.11,110.12,205.86044732869837
110.12,110.13,200.0
110.13,110.14,189.86842419010387
110.14,110.15,187.68759933422865
110.15,110.16,186.60659830736148
110.16,110.17,192.07458901020084
110.17,110.18,196.56411970905023
110.18,110.19,209.4588245641254
110.19,110.2,210.67220719096719
110.2,110.21,210.67220719096719
110.21,110.22,210.67220719096719
110.22,110.23,209.4588245641254
110.23,110.24,208.25243050696125
110.24,110.25,208.25243050696125
110.25,110.26,211.89261887185907
110.26,110.27,0.0
110.27,110.28,0.0
110.28,110.29,0.0
110.29,110.3,0.0
110.3,110.31,0.0
110.31,110.32,0.0
110.32,110.33,209.4588245641254
110.33,110.34,198.8480847635095
110.34,110.35,196.56411970905023
110.35,110.36,194.30638823072118
110.36,110.37,193.1872657849691
110.37,110.38,192.07458901020084
110.38,110.39,192.07458901020084
110.39,110.4,190.9683207820833
110.4,110.41,189.86842419010387
110.41,110.42,188.7748625363387
110.42,110.43,187.68759933422865
110.43,110.44,185.5318233882619
110.44,110.45,185.5318233882619
110.45,110.46,184.46323871718783
110.46,110.47,183.40080864093423
110.47,110.48,183.40080864093423
110.48,110.49,184.46323871718783
110.49,110.5,184.46323871718783
110.5,110.51,184.46323871718783
110.51,110.52,185.5318233882619
110.52,110.53,186.60659830736148
110.53,110.54,186.60659830736148
110.54,110.55,187.68759933422865
110.55,110.56,186.60659830736148
110.56,110.57,185.5318233882619
110.57,110.58,183.40080864093423
110.58,110.59,181.29427068562208
110.59,110.6,178.17974362806785
110.6,110.61,172.11028744886602
110.61,110.62,164.33806291715806
110.62,110.63,178.17974362806785
110.63,110.64,187.68759933422865
110.64,110.65,0.0
110.65,110.66,0.0
110.66,110.67,233.75544971224912
110.67,110.68,231.07053937445463
110.68,110.69,232.40911739156792
110.69,110.7,232.40911739156792
110.7,110.71,233.75544971224912
110.71,110.72,233.75544971224912
110.72,110.73,233.75544971224912
110.73,110.74,232.40911739156792
110.74,110.75,231.07053937445463
110.75,110.76,228.41646786215435
110.76,110.77,228.41646786215435
110.77,110.78,228.41646786215435
110.78,110.79,231.07053937445463
110.79,110.8,232.40911739156792
110.8,110.81,233.75544971224912
110.81,110.82,235.10958125672175
110.82,110.83,0.0
110.83,110.84,0.0
110.84,110.85,0.0
110.85,110.86,0.0
110.86,110.87,0.0
110.87,110.88,0.0
110.88,110.89,0.0
110.89,110.9,0.0
110.9,110.91,0.0
110.91,110.92,0.0
110.92,110.93,0.0
110.93,110.94,0.0
110.94,110.95,0.0
110.95,110.96,243.40070273411817
110.96,110.97,239.21922434748075
110.97,110.98,237.8414230005442
110.98,110.99,235.10958125672175
110.99,111.0,228.41646786215435
111.0,111.01,225.79288096122622
111.01,111.02,227.10088581417543
111.02,111.03,240.60500721642333
111.03,111.04,236.47155720542963
111.04,111.05,235.10958125672175
111.05,111.06,231.07053937445463
111.06,111.07,231.07053937445463
111.07,111.08,232.40911739156792
111.08,111.09,235.10958125672175
111.09,111.1,236.47155720542963
111.1,111.11,235.10958125672175
111.11,111.12,0.0
111.12,111.13,0.0
111.13,111.14,0.0
111.14,111.15,246.2288826689832
111.15,111.16,240.60500721642333
111.16,111.17,237.8414230005442
111.17,111.18,235.10958125672175
111.18,111.19,228.41646786215435
111.19,111.2,225.79288096122622
111.2,111.21,224.49240966187455
111.21,111.22,225.79288096122622
111.22,111.23,229.73967099940702
111.23,111.24,231.07053937445463
111.24,111.25,229.73967099940702
111.25,111.26,228.41646786215435
111.26,111.27,227.10088581417543
111.27,111.28,225.79288096122622
111.28,111.29,224.49240966187455
111.29,111.3,224.49240966187455
111.3,111.31,224.49240966187455
111.31,111.32,224.49240966187455
111.32,111.33,223.1994285260446
111.33,111.34,225.79288096122622
111.34,111.35,229.73967099940702
111.35,111.36,231.07053937445463
111.36,111.37,232.40911739156792
111.37,111.38,239.21922434748075
111.38,111.39,244.81070866093103
111.39,111.4,249.08992447176465
111.4,111.41,251.98420997897463
111.41,111.42,253.44393965741244
111.42,111.43,254.91212546385245
111.43,111.44,254.91212546385245
111.44,111.45,250.53288772482563
111.45,111.46,239.21922434748075
111.46,111.47,0.0
111.47,111.48,0.0
111.48,111.49,260.87041395311286
111.49,111.5,247.65527207548806
111.5,111.51,237.8414230005442
111.51,111.52,231.07053937445463
111.52,111.53,228.41646786215435
111.53,111.54,225.79288096122622
111.54,111.55,224.49240966187455
111.55,111.56,224.49240966187455
111.56,111.57,223.1994285260446
111.57,111.58,223.1994285260446
111.58,111.59,223.1994285260446
111.59,111.6,223.1994285260446
111.6,111.61,223.1994285260446
111.61,111.62,223.1994285260446
111.62,111.63,224.49240966187455
111.63,111.64,224.49240966187455
111.64,111.65,224.49240966187455
111.65,111.66,225.79288096122622
111.66,111.67,225.79288096122622
111.67,111.68,225.79288096122622
111.68,111.69,225.79288096122622
111.69,111.7,225.79288096122622
111.7,111.71,224.49240966187455
111.71,111.72,221.91389441356898
111.72,111.73,220.63576443274928
111.73,111.74,220.63576443274928
111.74,111.75,220.63576443274928
111.75,111.76,221.91389441356898
111.76,111.77,223.1994285260446
111.77,111.78,223.1994285260446
111.78,111.79,221.91389441356898
111.79,111.8,220.63576443274928
111.8,111.81,219.36499593892518
111.81,111.82,218.10154653305153
111.82,111.83,216.8453740602837
111.83,111.84,216.8453740602837
111.84,111.85,216.8453740602837
111.85,111.86,215.59643660857103
111.86,111.87,215.59643660857103
111.87,111.88,213.12010032569688
111.88,111.89,213.12010032569688
111.89,111.9,211.89261887185907
111.9,111.91,211.89261887185907
111.91,111.92,211.89261887185907
111.92,111.93,209.4588245641254
111.93,111.94,205.86044732869837
111.94,111.95,195.43199368684918
111.95,111.96,209.4588245641254
111.96,111.97,215.59643660857103
111.97,111.98,0.0
111.98,111.99,0.0
111.99,112.0,218.10154653305153
112.0,112.01,214.35469250725862
112.01,112.02,213.12010032569688
112.02,112.03,210.67220719096719
112.03,112.04,209.4588245641254
112.04,112.05,209.4588245641254
112.05,112.06,208.25243050696125
112.06,112.07,208.25243050696125
112.07,112.08,208.25243050696125
112.08,112.09,207.05298476827548
112.09,112.1,207.05298476827548
112.1,112.11,207.05298476827548
112.11,112.12,205.86044732869837
112.12,112.13,205.86044732869837
112.13,112.14,204.67477839935495
112.14,112.15,203.49593842053727
112.15,112.16,203.49593842053727
112.16,112.17,202.3238880603845
112.17,112.18,204.67477839935495
112.18,112.19,204.67477839935495
112.19,112.2,203.49593842053727
112.2,112.21,202.3238880603845
112.21,112.22,202.3238880603845
112.22,112.23,202.3238880603845
112.23,112.24,203.49593842053727
112.24,112.25,204.67477839935495
112.25,112.26,205.86044732869837
112.26,112.27,207.05298476827548
112.27,112.28,208.25243050696125
112.28,112.29,209.4588245641254
112.29,112.3,211.89261887185907
112.3,112.31,214.35469250725862
112.31,112.32,216.8453740602837
112.32,112.33,218.10154653305153
112.33,112.34,229.73967099940702
112.34,112.35,220.63576443274928
112.35,112.36,219.36499593892518
112.36,112.37,218.10154653305153
112.37,112.38,216.8453740602837
112.38,112.39,210.67220719096719
112.39,112.4,209.4588245641254
112.4,112.41,208.25243050696125
112.41,112.42,205.86044732869837
112.42,112.43,198.8480847635095
112.43,112.44,185.5318233882619
112.44,112.45,182.34449771164336
112.45,112.46,183.40080864093423
112.46,112.47,177.1535038204721
112.47,112.48,171.11900513652043
112.48,112.49,171.11900513652043
112.49,112.5,182.34449771164336
112.5,112.51,0.0
112.51,112.52,0.0
112.52,112.53,0.0
112.53,112.54,0.0
112.54,112.55,0.0
112.55,112.56,0.0
112.56,112.57,0.0
112.57,112.58,0.0
112.58,112.59,0.0
112.59,112.6,0.0
112.6,112.61,0.0
112.61,112.62,0.0
112.62,112.63,0.0
112.63,112.64,0.0
112.64,112.65,0.0
112.65,112.66,0.0
112.66,112.67,0.0
112.67,112.68,0.0
112.68,112.69,0.0
112.69,112.7,0.0
112.7,112.71,0.0
112.71,112.72,0.0
112.72,112.73,0.0
112.73,112.74,0.0
112.74,112.75,0.0
112.75,112.76,0.0
112.76,112.77,0.0
112.77,112.78,0.0
112.78,112.79,0.0
112.79,112.8,0.0
112.8,112.81,0.0
112.81,112.82,0.0
112.82,112.83,0.0
112.83,112.84,0.0
112.84,112.85,0.0
112.85,112.86,0.0
112.86,112.87,0.0
112.87,112.88,0.0
112.88,112.89,0.0
112.89,112.9,0.0
112.9,112.91,0.0
112.91,112.92,0.0
112.92,112.93,0.0
112.93,112.94,0.0
112.94,112.95,0.0
112.95,112.96,0.0
112.96,112.97,0.0
112.97,112.98,0.0
112.98,112.99,0.0
112.99,113.0,0.0
113.0,113.01,0.0
113.01,113.02,0.0
113.02,113.03,0.0
113.03,113.04,0.0
113.04,113.05,0.0
113.05,113.06,0.0
113.06,113.07,0.0
113.07,113.08,0.0
113.08,113.09,0.0
113.09,113.1,0.0
113.1,113.11,208.25243050696125
113.11,113.12,208.25243050696125
113.12,113.13,208.25243050696125
113.13,113.14,208.25243050696125
113.14,113.15,209.4588245641254
113.15,113.16,210.67220719096719
113.16,113.17,210.67220719096719
113.17,113.18,216.8453740602837
113.18,113.19,229.73967099940702
113.19,113.2,231.07053937445463
113.2,113.21,241.99881784385852
113.21,113.22,235.10958125672175
113.22,113.23,236.47155720542963
113.23,113.24,240.60500721642333
113.24,113.25,253.44393965741244
113.25,113.26,256.3888163841458
113.26,113.27,265.4303484677136
113.27,113.28,286.12918648705164
113.28,113.29,266.96797083400685
113.29,113.3,241.99881784385852
113.3,113.31,246.2288826689832
113.31,113.32,247.65527207548806
113.32,113.33,241.99881784385852
113.33,113.34,239.21922434748075
113.34,113.35,239.21922434748075
113.35,113.36,239.21922434748075
113.36,113.37,259.3679109302019
113.37,113.38,263.9015821545788
113.38,113.39,259.3679109302019
113.39,113.4,251.98420997897463
113.4,113.41,247.65527207548806
113.41,113.42,244.81070866093103
113.42,113.43,243.40070273411817
113.43,113.44,241.99881784385852
113.44,113.45,240.60500721642333
113.45,113.46,241.99881784385852
113.46,113.47,241.99881784385852
113.47,113.48,241.99881784385852
113.48,113.49,241.99881784385852
113.49,113.5,240.60500721642333
113.5,113.51,241.99881784385852
113.51,113.52,243.40070273411817
113.52,113.53,243.40070273411817
113.53,113.54,243.40070273411817
113.54,113.55,243.40070273411817
113.55,113.56,243.40070273411817
113.56,113.57,240.60500721642333
113.57,113.58,239.21922434748075
113.58,113.59,237.8414230005442
113.59,113.6,236.47155720542963
113.6,113.61,235.10958125672175
113.61,113.62,232.40911739156792
113.62,113.63,228.41646786215435
113.63,113.64,225.79288096122622
113.64,113.65,224.49240966187455
113.65,113.66,224.49240966187455
113.66,113.67,225.79288096122622
113.67,113.68,225.79288096122622
113.68,113.69,225.79288096122622
113.69,113.7,227.10088581417543
113.7,113.71,227.10088581417543
113.71,113.72,227.10088581417543
113.72,113.73,227.10088581417543
113.73,113.74,229.73967099940702
113.74,113.75,228.41646786215435
113.75,113.76,229.73967099940702
113.76,113.77,229.73967099940702
113.77,113.78,229.73967099940702
113.78,113.79,231.07053937445463
113.79,113.8,231.07053937445463
113.8,113.81,247.65527207548806
113.81,113.82,254.91212546385245
113.82,113.83,235.10958125672175
113.83,113.84,232.40911739156792
113.84,113.85,233.75544971224912
113.85,113.86,235.10958125672175
113.86,113.87,232.40911739156792
113.87,113.88,0.0
113.88,113.89,262.38162088748976
113.89,113.9,249.08992447176465
113.9,113.91,244.81070866093103
113.91,113.92,243.40070273411817
113.92,113.93,241.99881784385852
113.93,113.94,240.60500721642333
113.94,113.95,239.21922434748075
113.95,113.96,239.21922434748075
113.96,113.97,237.8414230005442
113.97,113.98,237.8414230005442
113.98,113.99,236.47155720542963
113.99,114.0,236.47155720542963
114.0,114.01,235.10958125672175
114.01,114.02,235.10958125672175
114.02,114.03,233.75544971224912
114.03,114.04,235.10958125672175
114.04,114.05,236.47155720542963
114.05,114.06,228.41646786215435
114.06,114.07,227.10088581417543
114.07,114.08,227.10088581417543
114.08,114.09,227.10088581417543
114.09,114.1,224.49240966187455
114.1,114.11,223.1994285260446
114.11,114.12,223.1994285260446
114.12,114.13,223.1994285260446
114.13,114.14,224.49240966187455
114.14,114.15,221.91389441356898
114.15,114.16,220.63576443274928
114.16,114.17,219.36499593892518
114.17,114.18,219.36499593892518
114.18,114.19,219.36499593892518
114.19,114.2,219.36499593892518
114.2,114.21,231.07053937445463
114.21,114.22,236.47155720542963
114.22,114.23,241.99881784385852
114.23,114.24,243.40070273411817
114.24,114.25,244.81070866093103
114.25,114.26,237.8414230005442
114.26,114.27,237.8414230005442
114.27,114.28,236.47155720542963
114.28,114.29,0.0
114.29,114.3,0.0
114.3,114.31,0.0
114.31,114.32,0.0
114.32,114.33,0.0
114.33,114.34,0.0
114.34,114.35,0.0
114.35,114.36,215.59643660857103
114.36,114.37,214.35469250725862
114.37,114.38,211.89261887185907
114.38,114.39,215.59643660857103
114.39,114.4,211.89261887185907
114.4,114.41,195.43199368684918
114.41,114.42,190.9683207820833
114.42,114.43,203.49593842053727
114.43,114.44,211.89261887185907
114.44,114.45,210.67220719096719
114.45,114.46,209.4588245641254
114.46,114.47,209.4588245641254
114.47,114.48,207.05298476827548
114.48,114.49,204.67477839935495
114.49,114.5,202.3238880603845
114.5,114.51,201.15858821357068
114.51,114.52,201.15858821357068
114.52,114.53,202.3238880603845
114.53,114.54,203.49593842053727
114.54,114.55,203.49593842053727
114.55,114.56,203.49593842053727
114.56,114.57,203.49593842053727
114.57,114.58,200.0
114.58,114.59,194.30638823072118
114.59,114.6,186.60659830736148
114.6,114.61,185.5318233882619
114.61,114.62,187.68759933422865
114.62,114.63,186.60659830736148
114.63,114.64,184.46323871718783
114.64,114.65,183.40080864093423
114.65,114.66,181.29427068562208
114.66,114.67,179.21192838239048
114.67,114.68,177.1535038204721
114.68,114.69,177.1535038204721
114.69,114.7,176.1331747192297
114.7,114.71,177.1535038204721
114.71,114.72,177.1535038204721
114.72,114.73,178.17974362806785
114.73,114.74,178.17974362806785
114.74,114.75,177.1535038204721
114.75,114.76,175.11872228117704
114.76,114.77,174.11011265922482
114.77,114.78,171.11900513652043
114.78,114.79,165.29006363084235
114.79,114.8,162.4504792712471
114.8,114.81,162.4504792712471
114.81,114.82,163.39154532410998
114.82,114.83,162.4504792712471
114.83,114.84,160.5845763726753
114.84,114.85,159.65967727133
114.85,114.86,162.4504792712471
114.86,114.87,166.24757922855756
114.87,114.88,166.24757922855756
114.88,114.89,165.29006363084235
114.89,114.9,165.29006363084235
114.9,114.91,165.29006363084235
114.91,114.92,169.1535357262897
114.92,114.93,171.11900513652043
114.93,114.94,172.11028744886602
114.94,114.95,172.11028744886602
114.95,114.96,172.11028744886602
114.96,114.97,172.11028744886602
114.97,114.98,171.11900513652043
114.98,114.99,172.11028744886602
114.99,115.0,173.1073122012286
115.0,115.01,173.1073122012286
115.01,115.02,172.11028744886602
115.02,115.03,172.11028744886602
115.03,115.04,172.11028744886602
115.04,115.05,171.11900513652043
115.05,115.06,170.13343219017113
115.06,115.07,168.1792830507429
115.07,115.08,166.24757922855756
115.08,115.09,165.29006363084235
115.09,115.1,164.33806291715806
115.1,115.11,165.29006363084235
115.11,115.12,168.1792830507429
115.12,115.13,169.1535357262897
115.13,115.14,171.11900513652043
115.14,115.15,165.29006363084235
115.15,115.16,168.1792830507429
115.16,115.17,168.1792830507429
115.17,115.18,168.1792830507429
115.18,115.19,168.1792830507429
115.19,115.2,168.1792830507429
115.2,115.21,169.1535357262897
115.21,115.22,169.1535357262897
115.22,115.23,0.0
115.23,115.24,0.0
115.24,115.25,0.0
115.25,115.26,0.0
115.26,115.27,0.0
115.27,115.28,0.0
115.28,115.29,0.0
115.29,115.3,0.0
115.3,115.31,0.0
115.31,115.32,0.0
115.32,115.33,0.0
115.33,115.34,0.0
115.34,115.35,0.0
115.35,115.36,0.0
115.36,115.37,0.0
115.37,115.38,0.0
115.38,115.39,0.0
115.39,115.4,0.0
115.4,115.41,0.0
115.41,115.42,0.0
115.42,115.43,0.0
115.43,115.44,0.0
115.44,115.45,0.0
115.45,115.46,0.0
115.46,115.47,0.0
115.47,115.48,0.0
115.48,115.49,0.0
115.49,115.5,0.0
115.5,115.51,0.0
115.51,115.52,0.0
115.52,115.53,0.0
115.53,115.54,0.0
115.54,115.55,0.0
115.55,115.56,239.21922434748075
115.56,115.57,240.60500721642333
115.57,115.58,241.99881784385852
115.58,115.59,247.65527207548806
115.59,115.6,253.44393965741244
115.6,115.61,259.3679109302019
115.61,115.62,0.0
115.62,115.63,0.0
115.63,115.64,0.0
115.64,115.65,306.66566893392013
115.65,115.66,313.83363915870024
115.66,115.67,317.4802103936399
115.67,115.68,321.1691527453505
115.68,115.69,324.9009585424942
115.69,115.7,328.6761258343161
115.7,115.71,334.4212833154038
115.71,115.72,338.3070714525794
115.72,115.73,344.22057489773204
115.73,115.74,350.237444562354
115.74,115.75,362.58854137124416
115.75,115.76,393.12823941810046
115.76,115.77,395.40560814115844
115.77,115.78,400.0
115.78,115.79,390.8639873736984
115.79,115.8,375.3751986684572
115.8,115.81,344.22057489773204
115.81,115.82,354.3070076409443
115.82,115.83,354.3070076409443
115.83,115.84,366.80161728186846
115.84,115.85,366.80161728186846
115.85,115.86,0.0
115.86,115.87,0.0
115.87,115.88,0.0
115.88,115.89,0.0
115.89,115.9,0.0
115.9,115.91,0.0
115.91,115.92,0.0
115.92,115.93,0.0
115.93,115.94,0.0
115.94,115.95,0.0
115.95,115.96,0.0
115.96,115.97,0.0
115.97,115.98,0.0
115.98,115.99,0.0
115.99,116.0,0.0
116.0,116.01,0.0
116.01,116.02,271.6344887654643
116.02,116.03,271.6344887654643
116.03,116.04,266.96797083400685
116.04,116.05,263.9015821545788
116.05,116.06,262.38162088748976
116.06,116.07,259.3679109302019
116.07,116.08,257.8740616879158
116.08,116.09,256.3888163841458
116.09,116.1,254.91212546385245
116.1,116.11,253.44393965741244
116.11,116.12,253.44393965741244
116.12,116.13,251.98420997897463
116.13,116.14,250.53288772482563
116.14,116.15,250.53288772482563
116.15,116.16,249.08992447176465
116.16,116.17,249.08992447176465
116.17,116.18,246.2288826689832
116.18,116.19,0.0
116.19,116.2,0.0
116.2,116.21,0.0
116.21,116.22,0.0
116.22,116.23,0.0
116.23,116.24,0.0
116.24,116.25,0.0
116.25,116.26,256.3888163841458
116.26,116.27,253.44393965741244
116.27,116.28,251.98420997897463
116.28,116.29,251.98420997897463
116.29,116.3,250.53288772482563
116.3,116.31,251.98420997897463
116.31,116.32,0.0
116.32,116.33,0.0
116.33,116.34,0.0
116.34,116.35,0.0
116.35,116.36,246.2288826689832
116.36,116.37,249.08992447176465
116.37,116.38,249.08992447176465
116.38,116.39,249.08992447176465
116.39,116.4,249.08992447176465
116.4,116.41,250.53288772482563
116.41,116.42,251.98420997897463
116.42,116.43,250.53288772482563
116.43,116.44,250.53288772482563
116.44,116.45,250.53288772482563
116.45,116.46,247.65527207548806
116.46,116.47,235.10958125672175
116.47,116.48,237.8414230005442
116.48,116.49,239.21922434748075
116.49,116.5,237.8414230005442
116.5,116.51,235.10958125672175
116.51,116.52,232.40911739156792
116.52,116.53,229.73967099940702
116.53,116.54,228.41646786215435
116.54,116.55,227.10088581417543
116.55,116.56,229.73967099940702
116.56,116.57,233.75544971224912
116.57,116.58,237.8414230005442
116.58,116.59,239.21922434748075
116.59,116.6,241.99881784385852
116.6,116.61,243.40070273411817
116.61,116.62,244.81070866093103
116.62,116.63,246.2288826689832
116.63,116.64,246.2288826689832
116.64,116.65,246.2288826689832
116.65,116.66,244.81070866093103
116.66,116.67,244.81070866093103
116.67,116.68,249.08992447176465
116.68,116.69,254.91212546385245
116.69,116.7,257.8740616879158
116.7,116.71,259.3679109302019
116.71,116.72,259.3679109302019
116.72,116.73,259.3679109302019
116.73,116.74,260.87041395311286
116.74,116.75,260.87041395311286
116.75,116.76,262.38162088748976
116.76,116.77,263.9015821545788
116.77,116.78,266.96797083400685
116.78,116.79,289.4538474880756
116.79,116.8,303.14331330207966
116.8,116.81,292.81713918912504
116.81,116.82,263.9015821545788
116.82,116.83,262.38162088748976
116.83,116.84,263.9015821545788
116.84,116.85,265.4303484677136
116.85,116.86,268.51450055605267
116.86,116.87,265.4303484677136
116.87,116.88,262.38162088748976
116.88,116.89,262.38162088748976
116.89,116.9,262.38162088748976
116.9,116.91,260.87041395311286
116.91,116.92,260.87041395311286
116.92,116.93,260.87041395311286
116.93,116.94,260.87041395311286
116.94,116.95,260.87041395311286
116.95,116.96,260.87041395311286
116.96,116.97,260.87041395311286
116.97,116.98,0.0
116.98,116.99,0.0
116.99,117.0,0.0
117.0,117.01,243.40070273411817
117.01,117.02,240.60500721642333
117.02,117.03,237.8414230005442
117.03,117.04,235.10958125672175
117.04,117.05,229.73967099940702
117.05,117.06,227.10088581417543
117.06,117.07,225.79288096122622
117.07,117.08,224.49240966187455
117.08,117.09,223.1994285260446
117.09,117.1,220.63576443274928
117.1,117.11,219.36499593892518
117.11,117.12,215.59643660857103
117.12,117.13,208.25243050696125
117.13,117.14,0.0
117.14,117.15,0.0
117.15,117.16,0.0
117.16,117.17,0.0
117.17,117.18,0.0
117.18,117.19,0.0
117.19,117.2,0.0
117.2,117.21,0.0
117.21,117.22,221.91389441356898
117.22,117.23,223.1994285260446
117.23,117.24,223.1994285260446
117.24,117.25,224.49240966187455
117.25,117.26,225.79288096122622
117.26,117.27,227.10088581417543
117.27,117.28,229.73967099940702
117.28,117.29,228.41646786215435
117.29,117.3,228.41646786215435
117.3,117.31,228.41646786215435
117.31,117.32,224.49240966187455
117.32,117.33,223.1994285260446
117.33,117.34,223.1994285260446
117.34,117.35,225.79288096122622
117.35,117.36,227.10088581417543
117.36,117.37,225.79288096122622
117.37,117.38,227.10088581417543
117.38,117.39,225.79288096122622
117.39,117.4,231.07053937445463
117.4,117.41,232.40911739156792
117.41,117.42,223.1994285260446
117.42,117.43,224.49240966187455
117.43,117.44,224.49240966187455
117.44,117.45,219.36499593892518
117.45,117.46,0.0
117.46,117.47,0.0
117.47,117.48,0.0
117.48,117.49,0.0
117.49,117.5,0.0
117.5,117.51,0.0
117.51,117.52,0.0
117.52,117.53,0.0
117.53,117.54,0.0
117.54,117.55,0.0
117.55,117.56,281.2136583244699
117.56,117.57,277.98364396846745
117.57,117.58,263.9015821545788
117.58,117.59,262.38162088748976
117.59,117.6,268.51450055605267
117.6,117.61,273.20805135087915
117.61,117.62,282.842712474619
117.62,117.63,292.81713918912504
117.63,117.64,303.14331330207966
117.64,117.65,326.78309064822
117.65,117.66,334.4212833154038
117.66,117.67,338.3070714525794
117.67,117.68,342.23801027304086
117.68,117.69,346.21462440245716
117.69,117.7,352.26634943845943
117.7,117.71,354.3070076409443
117.71,117.72,356.35948725613576
117.72,117.73,358.423856764781
117.73,117.74,358.423856764781
117.74,117.75,360.5001850443321
117.75,117.76,358.423856764781
117.76,117.77,354.3070076409443
117.77,117.78,350.237444562354
117.78,117.79,346.21462440245716
117.79,117.8,340.26686438034227
117.8,117.81,328.6761258343161
117.81,117.82,319.31935454265994
117.82,117.83,291.13063656843747
117.83,117.84,289.4538474880756
117.84,117.85,287.786716002164
117.85,117.86,284.4812036394563
117.86,117.87,271.6344887654643
117.87,117.88,268.51450055605267
117.88,117.89,265.4303484677136
117.89,117.9,260.87041395311286
117.9,117.91,256.3888163841458
117.91,117.92,253.44393965741244
117.92,117.93,250.53288772482563
117.93,117.94,249.08992447176465
117.94,117.95,246.2288826689832
117.95,117.96,243.40070273411817
117.96,117.97,241.99881784385852
117.97,117.98,235.10958125672175
117.98,117.99,232.40911739156792
117.99,118.0,237.8414230005442
118.0,118.01,253.44393965741244
118.01,118.02,247.65527207548806
118.02,118.03,249.08992447176465
118.03,118.04,244.81070866093103
118.04,118.05,240.60500721642333
118.05,118.06,237.8414230005442
118.06,118.07,235.10958125672175
118.07,118.08,229.73967099940702
118.08,118.09,223.1994285260446
118.09,118.1,228.41646786215435
118.1,118.11,229.73967099940702
118.11,118.12,229.73967099940702
118.12,118.13,229.73967099940702
118.13,118.14,229.73967099940702
118.14,118.15,229.73967099940702
118.15,118.16,228.41646786215435
118.16,118.17,225.79288096122622
118.17,118.18,221.91389441356898
118.18,118.19,221.91389441356898
118.19,118.2,220.63576443274928
118.2,118.21,219.36499593892518
118.21,118.22,218.10154653305153
118.22,118.23,214.35469250725862
118.23,118.24,209.4588245641254
118.24,118.25,207.05298476827548
118.25,118.26,204.67477839935495
118.26,118.27,203.49593842053727
118.27,118.28,202.3238880603845
118.28,118.29,200.0
118.29,118.3,198.8480847635095
118.3,118.31,196.56411970905023
118.31,118.32,195.43199368684918
118.32,118.33,193.1872657849691
118.33,118.34,190.9683207820833
118.34,118.35,189.86842419010387
118.35,118.36,188.7748625363387
118.36,118.37,186.60659830736148
118.37,118.38,186.60659830736148
118.38,118.39,186.60659830736148
118.39,118.4,187.68759933422865
118.4,118.41,187.68759933422865
118.41,118.42,187.68759933422865
118.42,118.43,192.07458901020084
118.43,118.44,196.56411970905023
118.44,118.45,198.8480847635095
118.45,118.46,202.3238880603845
118.46,118.47,194.30638823072118
118.47,118.48,193.1872657849691
118.48,118.49,197.70280407057922
118.49,118.5,0.0
118.5,118.51,0.0
118.51,118.52,270.06998923363795
118.52,118.53,271.6344887654643
118.53,118.54,273.20805135087915
118.54,118.55,276.38257599355524
118.55,118.56,281.2136583244699
118.56,118.57,286.12918648705164
118.57,118.58,294.5134116201051
118.58,118.59,308.44216508158814
118.59,118.6,319.31935454265994
118.6,118.61,338.3070714525794
118.61,118.62,350.237444562354
118.62,118.63,352.26634943845943
118.63,118.64,354.3070076409443
118.64,118.65,354.3070076409443
118.65,118.66,356.35948725613576
118.66,118.67,354.3070076409443
118.67,118.68,354.3070076409443
118.68,118.69,354.3070076409443
118.69,118.7,346.21462440245716
118.7,118.71,332.4951584571151
118.71,118.72,350.237444562354
118.72,118.73,354.3070076409443
118.73,118.74,354.3070076409443
118.74,118.75,358.423856764781
118.75,118.76,338.3070714525794
118.76,118.77,348.2202253184496
118.77,118.78,356.35948725613576
118.78,118.79,362.58854137124416
118.79,118.8,364.6889954232867
118.8,118.81,366.80161728186846
118.81,118.82,368.92647743437567
118.82,118.83,368.92647743437567
118.83,118.84,368.92647743437567
118.84,118.85,360.5001850443321
118.85,118.86,354.3070076409443
118.86,118.87,346.21462440245716
118.87,118.88,334.4212833154038
118.88,118.89,0.0
118.89,118.9,0.0
118.9,118.91,268.51450055605267
118.91,118.92,266.96797083400685
118.92,118.93,265.4303484677136
118.93,118.94,262.38162088748976
118.94,118.95,260.87041395311286
118.95,118.96,259.3679109302019
118.96,118.97,257.8740616879158
118.97,118.98,254.91212546385245
118.98,118.99,253.44393965741244
118.99,119.0,249.08992447176465
119.0,119.01,244.81070866093103
119.01,119.02,241.99881784385852
119.02,119.03,239.21922434748075
119.03,119.04,237.8414230005442
119.04,119.05,232.40911739156792
119.05,119.06,221.91389441356898
119.06,119.07,215.59643660857103
119.07,119.08,0.0
119.08,119.09,0.0
119.09,119.1,0.0
119.1,119.11,0.0
119.11,119.12,0.0
119.12,119.13,0.0
119.13,119.14,0.0
119.14,119.15,0.0
119.15,119.16,0.0
119.16,119.17,0.0
119.17,119.18,0.0
119.18,119.19,0.0
119.19,119.2,0.0
119.2,119.21,236.47155720542963
119.21,119.22,232.40911739156792
119.22,119.23,229.73967099940702
119.23,119.24,227.10088581417543
119.24,119.25,221.91389441356898
119.25,119.26,219.36499593892518
119.26,119.27,216.8453740602837
119.27,119.28,214.35469250725862
119.28,119.29,213.12010032569688
119.29,119.3,211.89261887185907
119.3,119.31,210.67220719096719
119.31,119.32,209.4588245641254
119.32,119.33,209.4588245641254
119.33,119.34,208.25243050696125
119.34,119.35,208.25243050696125
119.35,119.36,208.25243050696125
119.36,119.37,208.25243050696125
119.37,119.38,208.25243050696125
119.38,119.39,207.05298476827548
119.39,119.4,207.05298476827548
119.4,119.41,207.05298476827548
119.41,119.42,207.05298476827548
119.42,119.43,207.05298476827548
119.43,119.44,205.86044732869837
119.44,119.45,204.67477839935495
119.45,119.46,203.49593842053727
119.46,119.47,202.3238880603845
119.47,119.48,202.3238880603845
119.48,119.49,202.3238880603845
119.49,119.5,201.15858821357068
119.5,119.51,201.15858821357068
119.51,119.52,200.0
119.52,119.53,200.0
119.53,119.54,198.8480847635095
119.54,119.55,198.8480847635095
119.55,119.56,198.8480847635095
119.56,119.57,198.8480847635095
119.57,119.58,197.70280407057922
119.58,119.59,197.70280407057922
119.59,119.6,197.70280407057922
119.6,119.61,196.56411970905023
119.61,119.62,195.43199368684918
119.62,119.63,195.43199368684918
119.63,119.64,193.1872657849691
119.64,119.65,192.07458901020084
119.65,119.66,192.07458901020084
119.66,119.67,190.9683207820833
119.67,119.68,190.9683207820833
119.68,119.69,190.9683207820833
119.69,119.7,189.86842419010387
119.7,119.71,189.86842419010387
119.71,119.72,189.86842419010387
119.72,119.73,188.7748625363387
119.73,119.74,188.7748625363387
119.74,119.75,188.7748625363387
119.75,119.76,188.7748625363387
119.76,119.77,188.7748625363387
119.77,119.78,187.68759933422865
119.78,119.79,186.60659830736148
119.79,119.8,185.5318233882619
119.8,119.81,184.46323871718783
119.81,119.82,182.34449771164336
119.82,119.83,181.29427068562208
119.83,119.84,180.25009252216606
119.84,119.85,180.25009252216606
119.85,119.86,180.25009252216606
119.86,119.87,179.21192838239048
119.87,119.88,180.25009252216606
119.88,119.89,180.25009252216606
119.89,119.9,182.34449771164336
119.9,119.91,183.40080864093423
119.91,119.92,183.40080864093423
119.92,119.93,184.46323871718783
119.93,119.94,186.60659830736148
119.94,119.95,185.5318233882619
119.95,119.96,184.46323871718783
119.96,119.97,184.46323871718783
119.97,119.98,184.46323871718783
119.98,119.99,184.46323871718783
119.99,120.0,183.40080864093423
120.0,120.01,184.46323871718783
120.01,120.02,183.40080864093423
120.02,120.03,184.46323871718783
120.03,120.04,185.5318233882619
120.04,120.05,184.46323871718783
120.05,120.06,184.46323871718783
120.06,120.07,184.46323871718783
120.07,120.08,184.46323871718783
120.08,120.09,0.0
120.09,120.1,0.0
120.1,120.11,0.0
120.11,120.12,0.0
120.12,120.13,0.0
120.13,120.14,0.0
120.14,120.15,0.0
120.15,120.16,0.0
120.16,120.17,0.0
120.17,120.18,287.786716002164
120.18,120.19,277.98364396846745
120.19,120.2,276.38257599355524
120.2,120.21,266.96797083400685
120.21,120.22,262.38162088748976
120.22,120.23,260.87041395311286
120.23,120.24,257.8740616879158
120.24,120.25,254.91212546385245
120.25,120.26,266.96797083400685
120.26,120.27,287.786716002164
120.27,120.28,260.87041395311286
120.28,120.29,257.8740616879158
120.29,120.3,254.91212546385245
120.3,120.31,256.3888163841458
120.31,120.32,256.3888163841458
120.32,120.33,268.51450055605267
120.33,120.34,270.06998923363795
120.34,120.35,270.06998923363795
120.35,120.36,257.8740616879158
120.36,120.37,250.53288772482563
120.37,120.38,244.81070866093103
120.38,120.39,239.21922434748075
120.39,120.4,236.47155720542963
120.4,120.41,233.75544971224912
120.41,120.42,224.49240966187455
120.42,120.43,223.1994285260446
120.43,120.44,244.81070866093103
120.44,120.45,235.10958125672175
120.45,120.46,220.63576443274928
120.46,120.47,221.91389441356898
120.47,120.48,221.91389441356898
120.48,120.49,221.91389441356898
120.49,120.5,221.91389441356898
120.5,120.51,221.91389441356898
120.51,120.52,220.63576443274928
120.52,120.53,219.36499593892518
120.53,120.54,0.0
120.54,120.55,0.0
120.55,120.56,219.36499593892518
120.56,120.57,215.59643660857103
120.57,120.58,214.35469250725862
120.58,120.59,209.4588245641254
120.59,120.6,207.05298476827548
120.6,120.61,204.67477839935495
120.61,120.62,203.49593842053727
120.62,120.63,202.3238880603845
120.63,120.64,202.3238880603845
120.64,120.65,202.3238880603845
120.65,120.66,202.3238880603845
120.66,120.67,202.3238880603845
120.67,120.68,201.15858821357068
120.68,120.69,198.8480847635095
120.69,120.7,201.15858821357068
120.7,120.71,201.15858821357068
120.71,120.72,201.15858821357068
120.72,120.73,200.0
120.73,120.74,198.8480847635095
120.74,120.75,197.70280407057922
120.75,120.76,195.43199368684918
120.76,120.77,192.07458901020084
120.77,120.78,188.7748625363387
120.78,120.79,184.46323871718783
120.79,120.8,181.29427068562208
120.8,120.81,178.17974362806785
120.81,120.82,171.11900513652043
120.82,120.83,164.33806291715806
120.83,120.84,161.5148333600084
120.84,120.85,160.5845763726753
120.85,120.86,157.8258294677283
120.86,120.87,167.2106416577019
120.87,120.88,0.0
120.88,120.89,0.0
120.89,120.9,0.0
120.9,120.91,0.0
120.91,120.92,0.0
120.92,120.93,0.0
120.93,120.94,0.0
120.94,120.95,174.11011265922482
120.95,120.96,172.11028744886602
120.96,120.97,171.11900513652043
120.97,120.98,169.1535357262897
120.98,120.99,168.1792830507429
120.99,121.0,167.2106416577019
121.0,121.01,167.2106416577019
121.01,121.02,167.2106416577019
121.02,121.03,167.2106416577019
121.03,121.04,167.2106416577019
121.04,121.05,167.2106416577019
121.05,121.06,167.2106416577019
121.06,121.07,167.2106416577019
121.07,121.08,166.24757922855756
121.08,121.09,166.24757922855756
121.09,121.1,165.29006363084235
121.1,121.11,164.33806291715806
121.11,121.12,0.0
121.12,121.13,0.0
121.13,121.14,0.0
121.14,121.15,172.11028744886602
121.15,121.16,171.11900513652043
121.16,121.17,169.1535357262897
121.17,121.18,166.24757922855756
121.18,121.19,163.39154532410998
121.19,121.2,162.4504792712471
121.2,121.21,161.5148333600084
121.21,121.22,161.5148333600084
121.22,121.23,161.5148333600084
121.23,121.24,163.39154532410998
121.24,121.25,170.13343219017113
121.25,121.26,172.11028744886602
121.26,121.27,175.11872228117704
121.27,121.28,174.11011265922482
121.28,121.29,173.1073122012286
121.29,121.3,170.13343219017113
121.3,121.31,167.2106416577019
121.31,121.32,166.24757922855756
121.32,121.33,166.24757922855756
121.33,121.34,165.29006363084235
121.34,121.35,166.24757922855756
121.35,121.36,167.2106416577019
121.36,121.37,167.2106416577019
121.37,121.38,168.1792830507429
121.38,121.39,167.2106416577019
121.39,121.4,167.2106416577019
121.4,121.41,168.1792830507429
121.41,121.42,169.1535357262897
121.42,121.43,170.13343219017113
121.43,121.44,169.1535357262897
121.44,121.45,0.0
121.45,121.46,0.0
121.46,121.47,0.0
121.47,121.48,0.0
121.48,121.49,0.0
121.49,121.5,0.0
121.5,121.51,0.0
121.51,121.52,0.0
121.52,121.53,0.0
121.53,121.54,0.0
121.54,121.55,0.0
121.55,121.56,0.0
121.56,121.57,0.0
121.57,121.58,0.0
121.58,121.59,0.0
121.59,121.6,0.0
121.6,121.61,0.0
121.61,121.62,0.0
121.62,121.63,0.0
121.63,121.64,0.0
121.64,121.65,0.0
121.65,121.66,0.0
121.66,121.67,0.0
121.67,121.68,0.0
121.68,121.69,0.0
121.69,121.7,0.0
121.7,121.71,0.0
121.71,121.72,0.0
121.72,121.73,0.0
121.73,121.74,0.0
121.74,121.75,0.0
121.75,121.76,0.0
121.76,121.77,0.0
121.77,121.78,0.0
121.78,121.79,0.0
121.79,121.8,0.0
121.8,121.81,0.0
121.81,121.82,0.0
121.82,121.83,0.0
121.83,121.84,0.0
121.84,121.85,0.0
121.85,121.86,0.0
121.86,121.87,0.0
121.87,121.88,0.0
121.88,121.89,0.0
121.89,121.9,0.0
121.9,121.91,0.0
121.91,121.92,0.0
121.92,121.93,0.0
121.93,121.94,0.0
121.94,121.95,0.0
121.95,121.96,0.0
121.96,121.97,0.0
121.97,121.98,0.0
121.98,121.99,0.0
121.99,122.0,0.0
122.0,122.01,0.0
122.01,122.02,0.0
122.02,122.03,0.0
122.03,122.04,0.0
122.04,122.05,0.0
122.05,122.06,0.0
122.06,122.07,0.0
122.07,122.08,0.0
122.08,122.09,0.0
122.09,122.1,286.12918648705164
122.1,122.11,271.6344887654643
122.11,122.12,271.6344887654643
122.12,122.13,260.87041395311286
122.13,122.14,273.20805135087915
122.14,122.15,277.98364396846745
122.15,122.16,281.2136583244699
122.16,122.17,282.842712474619
122.17,122.18,282.842712474619
122.18,122.19,284.4812036394563
122.19,122.2,284.4812036394563
122.2,122.21,286.12918648705164
122.21,122.22,286.12918648705164
122.22,122.23,286.12918648705164
122.23,122.24,286.12918648705164
122.24,122.25,286.12918648705164
122.25,122.26,286.12918648705164
122.26,122.27,277.98364396846745
122.27,122.28,273.20805135087915
122.28,122.29,268.51450055605267
122.29,122.3,263.9015821545788
122.3,122.31,259.3679109302019
122.31,122.32,254.91212546385245
122.32,122.33,250.53288772482563
122.33,122.34,246.2288826689832
122.34,122.35,240.60500721642333
122.35,122.36,237.8414230005442
122.36,122.37,235.10958125672175
122.37,122.38,232.40911739156792
122.38,122.39,231.07053937445463
122.39,122.4,233.75544971224912
122.4,122.41,239.21922434748075
122.41,122.42,239.21922434748075
122.42,122.43,243.40070273411817
122.43,122.44,250.53288772482563
122.44,122.45,257.8740616879158
122.45,122.46,271.6344887654643
122.46,122.47,277.98364396846745
122.47,122.48,301.3973362949152
122.48,122.49,308.44216508158814
122.49,122.5,324.9009585424942
122.5,122.51,336.3585661014858
122.51,122.52,358.423856764781
122.52,122.53,381.93664156416656
122.53,122.54,388.61277646144237
122.54,122.55,395.40560814115844
122.55,122.56,404.647776120769
122.56,122.57,390.8639873736984
122.57,122.58,0.0
122.58,122.59,0.0
122.59,122.6,0.0
122.6,122.61,0.0
122.61,122.62,0.0
122.62,122.63,0.0
122.63,122.64,319.31935454265994
122.64,122.65,317.4802103936399
122.65,122.66,313.83363915870024
122.66,122.67,313.83363915870024
122.67,122.68,313.83363915870024
122.68,122.69,313.83363915870024
122.69,122.7,315.65165893545657
122.7,122.71,319.31935454265994
122.71,122.72,323.02966672001685
122.72,122.73,324.9009585424942
122.73,122.74,326.78309064822
122.74,122.75,326.78309064822
122.75,122.76,324.9009585424942
122.76,122.77,313.83363915870024
122.77,122.78,308.44216508158814
122.78,122.79,308.44216508158814
122.79,122.8,306.66566893392013
122.8,122.81,301.3973362949152
122.81,122.82,297.93549262454053
122.82,122.83,292.81713918912504
122.83,122.84,281.2136583244699
122.84,122.85,277.98364396846745
122.85,122.86,277.98364396846745
122.86,122.87,274.79072949161787
122.87,122.88,270.06998923363795
122.88,122.89,262.38162088748976
122.89,122.9,257.8740616879158
122.9,122.91,253.44393965741244
122.91,122.92,250.53288772482563
122.92,122.93,247.65527207548806
122.93,122.94,246.2288826689832
122.94,122.95,241.99881784385852
122.95,122.96,235.10958125672175
122.96,122.97,244.81070866093103
122.97,122.98,250.53288772482563
122.98,122.99,249.08992447176465
122.99,123.0,244.81070866093103
123.0,123.01,241.99881784385852
123.01,123.02,244.81070866093103
123.02,123.03,246.2288826689832
123.03,123.04,244.81070866093103
123.04,123.05,244.81070866093103
123.05,123.06,246.2288826689832
123.06,123.07,274.79072949161787
123.07,123.08,265.4303484677136
123.08,123.09,256.3888163841458
123.09,123.1,253.44393965741244
123.1,123.11,250.53288772482563
123.11,123.12,247.65527207548806
123.12,123.13,244.81070866093103
123.13,123.14,243.40070273411817
123.14,123.15,241.99881784385852
123.15,123.16,240.60500721642333
123.16,123.17,239.21922434748075
123.17,123.18,237.8414230005442
123.18,123.19,237.8414230005442
123.19,123.2,237.8414230005442
123.2,123.21,236.47155720542963
123.21,123.22,235.10958125672175
123.22,123.23,233.75544971224912
123.23,123.24,229.73967099940702
123.24,123.25,223.1994285260446
123.25,123.26,221.91389441356898
123.26,123.27,221.91389441356898
123.27,123.28,225.79288096122622
123.28,123.29,227.10088581417543
123.29,123.3,225.79288096122622
123.3,123.31,224.49240966187455
123.31,123.32,223.1994285260446
123.32,123.33,221.91389441356898
123.33,123.34,220.63576443274928
123.34,123.35,213.12010032569688
123.35,123.36,211.89261887185907
123.36,123.37,210.67220719096719
123.37,123.38,209.4588245641254
123.38,123.39,209.4588245641254
123.39,123.4,209.4588245641254
123.4,123.41,209.4588245641254
123.41,123.42,209.4588245641254
123.42,123.43,209.4588245641254
123.43,123.44,208.25243050696125
123.44,123.45,207.05298476827548
123.45,123.46,207.05298476827548
123.46,123.47,205.86044732869837
123.47,123.48,205.86044732869837
123.48,123.49,204.67477839935495
123.49,123.5,203.49593842053727
123.5,123.51,202.3238880603845
123.51,123.52,201.15858821357068
123.52,123.53,200.0
123.53,123.54,200.0
123.54,123.55,198.8480847635095
123.55,123.56,198.8480847635095
123.56,123.57,198.8480847635095
123.57,123.58,198.8480847635095
123.58,123.59,197.70280407057922
123.59,123.6,197.70280407057922
123.6,123.61,197.70280407057922
123.61,123.62,197.70280407057922
123.62,123.63,197.70280407057922
123.63,123.64,196.56411970905023
123.64,123.65,196.56411970905023
123.65,123.66,195.43199368684918
123.66,123.67,195.43199368684918
123.67,123.68,194.30638823072118
123.68,123.69,194.30638823072118
123.69,123.7,193.1872657849691
123.7,123.71,193.1872657849691
123.71,123.72,193.1872657849691
123.72,123.73,192.07458901020084
123.73,123.74,192.07458901020084
123.74,123.75,192.07458901020084
123.75,123.76,192.07458901020084
123.76,123.77,192.07458901020084
123.77,123.78,192.07458901020084
123.78,123.79,192.07458901020084
123.79,123.8,192.07458901020084
123.8,123.81,192.07458901020084
123.81,123.82,190.9683207820833
123.82,123.83,189.86842419010387
123.83,123.84,188.7748625363387
123.84,123.85,187.68759933422865
123.85,123.86,186.60659830736148
123.86,123.87,186.60659830736148
123.87,123.88,186.60659830736148
123.88,123.89,186.60659830736148
123.89,123.9,186.60659830736148
123.9,123.91,186.60659830736148
123.91,123.92,186.60659830736148
123.92,123.93,185.5318233882619
123.93,123.94,185.5318233882619
123.94,123.95,184.46323871718783
123.95,123.96,184.46323871718783
123.96,123.97,184.46323871718783
123.97,123.98,184.46323871718783
123.98,123.99,185.5318233882619
123.99,124.0,185.5318233882619
124.0,124.01,185.5318233882619
124.01,124.02,185.5318233882619
124.02,124.03,186.60659830736148
124.03,124.04,183.40080864093423
124.04,124.05,186.60659830736148
124.05,124.06,183.40080864093423
124.06,124.07,183.40080864093423
124.07,124.08,185.5318233882619
124.08,124.09,0.0
124.09,124.1,0.0
124.1,124.11,231.07053937445463
124.11,124.12,224.49240966187455
124.12,124.13,221.91389441356898
124.13,124.14,219.36499593892518
124.14,124.15,216.8453740602837
124.15,124.16,213.12010032569688
124.16,124.17,210.67220719096719
124.17,124.18,209.4588245641254
124.18,124.19,207.05298476827548
124.19,124.2,204.67477839935495
124.2,124.21,195.43199368684918
124.21,124.22,215.59643660857103
124.22,124.23,216.8453740602837
124.23,124.24,215.59643660857103
124.24,124.25,208.25243050696125
124.25,124.26,221.91389441356898
124.26,124.27,0.0
124.27,124.28,0.0
124.28,124.29,0.0
124.29,124.3,0.0
124.3,124.31,228.41646786215435
124.31,124.32,246.2288826689832
124.32,124.33,231.07053937445463
124.33,124.34,216.8453740602837
124.34,124.35,214.35469250725862
124.35,124.36,211.89261887185907
124.36,124.37,208.25243050696125
124.37,124.38,205.86044732869837
124.38,124.39,204.67477839935495
124.39,124.4,204.67477839935495
124.4,124.41,202.3238880603845
124.41,124.42,202.3238880603845
124.42,124.43,202.3238880603845
124.43,124.44,201.15858821357068
124.44,124.45,201.15858821357068
124.45,124.46,200.0
124.46,124.47,198.8480847635095
124.47,124.48,196.56411970905023
124.48,124.49,189.86842419010387
124.49,124.5,184.46323871718783
124.5,124.51,184.46323871718783
124.51,124.52,201.15858821357068
124.52,124.53,208.25243050696125
124.53,124.54,210.67220719096719
124.54,124.55,209.4588245641254
124.55,124.56,209.4588245641254
124.56,124.57,208.25243050696125
124.57,124.58,208.25243050696125
124.58,124.59,207.05298476827548
124.59,124.6,205.86044732869837
124.6,124.61,205.86044732869837
124.61,124.62,204.67477839935495
124.62,124.63,204.67477839935495
124.63,124.64,0.0
124.64,124.65,0.0
124.65,124.66,0.0
124.66,124.67,0.0
124.67,124.68,0.0
124.68,124.69,0.0
124.69,124.7,0.0
124.7,124.71,0.0
124.71,124.72,208.25243050696125
124.72,124.73,203.49593842053727
124.73,124.74,200.0
124.74,124.75,195.43199368684918
124.75,124.76,193.1872657849691
124.76,124.77,192.07458901020084
124.77,124.78,195.43199368684918
124.78,124.79,202.3238880603845
124.79,124.8,192.07458901020084
124.8,124.81,192.07458901020084
124.81,124.82,192.07458901020084
124.82,124.83,198.8480847635095
124.83,124.84,205.86044732869837
124.84,124.85,203.49593842053727
124.85,124.86,202.3238880603845
124.86,124.87,202.3238880603845
124.87,124.88,201.15858821357068
124.88,124.89,193.1872657849691
124.89,124.9,0.0
124.9,124.91,0.0
124.91,124.92,0.0
124.92,124.93,0.0
124.93,124.94,0.0
124.94,124.95,0.0
124.95,124.96,0.0
124.96,124.97,0.0
124.97,124.98,0.0
124.98,124.99,0.0
124.99,125.0,0.0
125.0,125.01,207.05298476827548
125.01,125.02,201.15858821357068
125.02,125.03,200.0
125.03,125.04,198.8480847635095
125.04,125.05,195.43199368684918
125.05,125.06,187.68759933422865
125.06,125.07,188.7748625363387
125.07,125.08,189.86842419010387
125.08,125.09,187.68759933422865
125.09,125.1,188.7748625363387
125.1,125.11,188.7748625363387
125.11,125.12,188.7748625363387
125.12,125.13,188.7748625363387
125.13,125.14,188.7748625363387
125.14,125.15,187.68759933422865
125.15,125.16,186.60659830736148
125.16,125.17,185.5318233882619
125.17,125.18,184.46323871718783
125.18,125.19,182.34449771164336
125.19,125.2,181.29427068562208
125.2,125.21,180.25009252216606
125.21,125.22,184.46323871718783
125.22,125.23,184.46323871718783
125.23,125.24,184.46323871718783
125.24,125.25,187.68759933422865
125.25,125.26,186.60659830736148
125.26,125.27,185.5318233882619
125.27,125.28,185.5318233882619
125.28,125.29,183.40080864093423
125.29,125.3,181.29427068562208
125.3,125.31,0.0
125.31,125.32,0.0
125.32,125.33,0.0
125.33,125.34,0.0
125.34,125.35,0.0
125.35,125.36,187.68759933422865
125.36,125.37,186.60659830736148
125.37,125.38,185.5318233882619
125.38,125.39,183.40080864093423
125.39,125.4,182.34449771164336
125.4,125.41,181.29427068562208
125.41,125.42,179.21192838239048
125.42,125.43,177.1535038204721
125.43,125.44,175.11872228117704
125.44,125.45,172.11028744886602
125.45,125.46,174.11011265922482
125.46,125.47,176.1331747192297
125.47,125.48,177.1535038204721
125.48,125.49,177.1535038204721
125.49,125.5,176.1331747192297
125.5,125.51,177.1535038204721
125.51,125.52,176.1331747192297
125.52,125.53,174.11011265922482
125.53,125.54,173.1073122012286
125.54,125.55,171.11900513652043
125.55,125.56,168.1792830507429
125.56,125.57,167.2106416577019
125.57,125.58,164.33806291715806
125.58,125.59,161.5148333600084
125.59,125.6,161.5148333600084
125.6,125.61,0.0
125.61,125.62,0.0
125.62,125.63,0.0
125.63,125.64,0.0
125.64,125.65,0.0
125.65,125.66,0.0
125.66,125.67,0.0
125.67,125.68,0.0
125.68,125.69,0.0
125.69,125.7,0.0
125.7,125.71,0.0
125.71,125.72,0.0
125.72,125.73,0.0
125.73,125.74,0.0
125.74,125.75,0.0
125.75,125.76,0.0
125.76,125.77,0.0
125.77,125.78,0.0
125.78,125.79,0.0
125.79,125.8,0.0
125.8,125.81,0.0
125.81,125.82,0.0
125.82,125.83,0.0
125.83,125.84,0.0
125.84,125.85,0.0
125.85,125.86,0.0
125.86,125.87,0.0
125.87,125.88,0.0
125.88,125.89,0.0
125.89,125.9,0.0
125.9,125.91,0.0
125.91,125.92,0.0
125.92,125.93,0.0
125.93,125.94,0.0
125.94,125.95,0.0
125.95,125.96,0.0
125.96,125.97,0.0
125.97,125.98,0.0
125.98,125.99,0.0
125.99,126.0,0.0
126.0,126.01,0.0
126.01,126.02,0.0
126.02,126.03,0.0
126.03,126.04,0.0
126.04,126.05,274.79072949161787
126.05,126.06,271.6344887654643
126.06,126.07,259.3679109302019
126.07,126.08,254.91212546385245
126.08,126.09,253.44393965741244
126.09,126.1,251.98420997897463
126.1,126.11,250.53288772482563
126.11,126.12,249.08992447176465
126.12,126.13,247.65527207548806
126.13,126.14,250.53288772482563
126.14,126.15,254.91212546385245
126.15,126.16,256.3888163841458
126.16,126.17,256.3888163841458
126.17,126.18,256.3888163841458
126.18,126.19,256.3888163841458
126.19,126.2,256.3888163841458
126.2,126.21,257.8740616879158
126.21,126.22,257.8740616879158
126.22,126.23,257.8740616879158
126.23,126.24,257.8740616879158
126.24,126.25,257.8740616879158
126.25,126.26,257.8740616879158
126.26,126.27,257.8740616879158
126.27,126.28,259.3679109302019
126.28,126.29,259.3679109302019
126.29,126.3,262.38162088748976
126.3,126.31,263.9015821545788
126.31,126.32,266.96797083400685
126.32,126.33,271.6344887654643
126.33,126.34,279.5939868358039
126.34,126.35,284.4812036394563
126.35,126.36,287.786716002164
126.36,126.37,292.81713918912504
126.37,126.38,303.14331330207966
126.38,126.39,317.4802103936399
126.39,126.4,317.4802103936399
126.4,126.41,315.65165893545657
126.41,126.42,317.4802103936399
126.42,126.43,317.4802103936399
126.43,126.44,319.31935454265994
126.44,126.45,321.1691527453505
126.45,126.46,323.02966672001685
126.46,126.47,324.9009585424942
126.47,126.48,328.6761258343161
126.48,126.49,334.4212833154038
126.49,126.5,336.3585661014858
126.5,126.51,338.3070714525794
126.51,126.52,340.26686438034227
126.52,126.53,338.3070714525794
126.53,126.54,338.3070714525794
126.54,126.55,334.4212833154038
126.55,126.56,328.6761258343161
126.56,126.57,324.9009585424942
126.57,126.58,319.31935454265994
126.58,126.59,315.65165893545657
126.59,126.6,312.0260904053494
126.6,126.61,308.44216508158814
126.61,126.62,304.8994046511524
126.62,126.63,303.14331330207966
126.63,126.64,303.14331330207966
126.64,126.65,301.3973362949152
126.65,126.66,301.3973362949152
126.66,126.67,299.66141537533633
126.67,126.68,296.2195104573129
126.68,126.69,294.5134116201051
126.69,126.7,291.13063656843747
126.7,126.71,289.4538474880756
126.71,126.72,287.786716002164
126.72,126.73,284.4812036394563
126.73,126.74,282.842712474619
126.74,126.75,279.5939868358039
126.75,126.76,277.98364396846745
126.76,126.77,274.79072949161787
126.77,126.78,273.20805135087915
126.78,126.79,276.38257599355524
126.79,126.8,276.38257599355524
126.8,126.81,276.38257599355524
126.81,126.82,274.79072949161787
126.82,126.83,273.20805135087915
126.83,126.84,271.6344887654643
126.84,126.85,270.06998923363795
126.85,126.86,266.96797083400685
126.86,126.87,265.4303484677136
126.87,126.88,263.9015821545788
126.88,126.89,262.38162088748976
126.89,126.9,259.3679109302019
126.9,126.91,257.8740616879158
126.91,126.92,254.91212546385245
126.92,126.93,251.98420997897463
126.93,126.94,251.98420997897463
126.94,126.95,270.06998923363795
126.95,126.96,262.38162088748976
126.96,126.97,262.38162088748976
126.97,126.98,262.38162088748976
126.98,126.99,262.38162088748976
126.99,127.0,263.9015821545788
127.0,127.01,265.4303484677136
127.01,127.02,262.38162088748976
127.02,127.03,262.38162088748976
127.03,127.04,263.9015821545788
127.04,127.05,263.9015821545788
127.05,127.06,263.9015821545788
127.06,127.07,260.87041395311286
127.07,127.08,260.87041395311286
127.08,127.09,260.87041395311286
127.09,127.1,262.38162088748976
127.1,127.11,263.9015821545788
127.11,127.12,263.9015821545788
127.12,127.13,265.4303484677136
127.13,127.14,263.9015821545788
127.14,127.15,265.4303484677136
127.15,127.16,262.38162088748976
127.16,127.17,262.38162088748976
127.17,127.18,0.0
127.18,127.19,0.0
127.19,127.2,0.0
127.2,127.21,0.0
127.21,127.22,0.0
127.22,127.23,213.12010032569688
127.23,127.24,211.89261887185907
127.24,127.25,210.67220719096719
127.25,127.26,208.25243050696125
127.26,127.27,208.25243050696125
127.27,127.28,207.05298476827548
127.28,127.29,207.05298476827548
127.29,127.3,205.86044732869837
127.3,127.31,207.05298476827548
127.31,127.32,207.05298476827548
127.32,127.33,207.05298476827548
127.33,127.34,207.05298476827548
127.34,127.35,205.86044732869837
127.35,127.36,205.86044732869837
127.36,127.37,204.67477839935495
127.37,127.38,204.67477839935495
127.38,127.39,203.49593842053727
127.39,127.4,202.3238880603845
127.4,127.41,202.3238880603845
127.41,127.42,200.0
127.42,127.43,198.8480847635095
127.43,127.44,196.56411970905023
127.44,127.45,195.43199368684918
127.45,127.46,194.30638823072118
127.46,127.47,194.30638823072118
127.47,127.48,193.1872657849691
127.48,127.49,192.07458901020084
127.49,127.5,190.9683207820833
127.5,127.51,190.9683207820833
127.51,127.52,192.07458901020084
127.52,127.53,192.07458901020084
127.53,127.54,192.07458901020084
127.54,127.55,192.07458901020084
127.55,127.56,190.9683207820833
127.56,127.57,190.9683207820833
127.57,127.58,190.9683207820833
127.58,127.59,189.86842419010387
127.59,127.6,189.86842419010387
127.6,127.61,189.86842419010387
127.61,127.62,189.86842419010387
127.62,127.63,189.86842419010387
127.63,127.64,188.7748625363387
127.64,127.65,188.7748625363387
127.65,127.66,187.68759933422865
127.66,127.67,187.68759933422865
127.67,127.68,187.68759933422865
127.68,127.69,187.68759933422865
127.69,127.7,187.68759933422865
127.7,127.71,186.60659830736148
127.71,127.72,186.60659830736148
127.72,127.73,185.5318233882619
127.73,127.74,185.5318233882619
127.74,127.75,185.5318233882619
127.75,127.76,185.5318233882619
127.76,127.77,185.5318233882619
