Start_Time,End_Time,F0_Hz
0.0,0.01,224.49240966187455
0.01,0.02,218.10154653305153
0.02,0.03,213.12010032569688
0.03,0.04,210.67220719096719
0.04,0.05,210.67220719096719
0.05,0.06,210.67220719096719
0.06,0.07,214.35469250725862
0.07,0.08,215.59643660857103
0.08,0.09,218.10154653305153
0.09,0.1,218.10154653305153
0.1,0.11,196.56411970905023
0.11,0.12,0.0
0.12,0.13,0.0
0.13,0.14,0.0
0.14,0.15,0.0
0.15,0.16,0.0
0.16,0.17,0.0
0.17,0.18,198.8480847635095
0.18,0.19,190.9683207820833
0.19,0.2,187.68759933422865
0.2,0.21,179.21192838239048
0.21,0.22,177.1535038204721
0.22,0.23,178.17974362806785
0.23,0.24,178.17974362806785
0.24,0.25,177.1535038204721
0.25,0.26,174.11011265922482
0.26,0.27,172.11028744886602
0.27,0.28,172.11028744886602
0.28,0.29,172.11028744886602
0.29,0.3,172.11028744886602
0.3,0.31,172.11028744886602
0.31,0.32,171.11900513652043
0.32,0.33,170.13343219017113
0.33,0.34,169.1535357262897
0.34,0.35,168.1792830507429
0.35,0.36,167.2106416577019
0.36,0.37,161.5148333600084
0.37,0.38,159.65967727133
0.38,0.39,157.8258294677283
0.39,0.4,156.91681957935012
0.4,0.41,157.8258294677283
0.41,0.42,152.4497023255762
0.42,0.43,0.0
0.43,0.44,0.0
0.44,0.45,0.0
0.45,0.46,0.0
0.46,0.47,0.0
0.47,0.48,0.0
0.48,0.49,0.0
0.49,0.5,0.0
0.5,0.51,0.0
0.51,0.52,0.0
0.52,0.53,0.0
0.53,0.54,0.0
0.54,0.55,0.0
0.55,0.56,0.0
0.56,0.57,0.0
0.57,0.58,0.0
0.58,0.59,170.13343219017113
0.59,0.6,169.1535357262897
0.6,0.61,168.1792830507429
0.61,0.62,165.29006363084235
0.62,0.63,161.5148333600084
0.63,0.64,161.5148333600084
0.64,0.65,161.5148333600084
0.65,0.66,164.33806291715806
0.66,0.67,167.2106416577019
0.67,0.68,168.1792830507429
0.68,0.69,168.1792830507429
0.69,0.7,168.1792830507429
0.7,0.71,167.2106416577019
0.71,0.72,166.24757922855756
0.72,0.73,166.24757922855756
0.73,0.74,165.29006363084235
0.74,0.75,164.33806291715806
0.75,0.76,163.39154532410998
0.76,0.77,162.4504792712471
0.77,0.78,162.4504792712471
0.78,0.79,161.5148333600084
0.79,0.8,162.4504792712471
0.8,0.81,161.5148333600084
0.81,0.82,161.5148333600084
0.82,0.83,164.33806291715806
0.83,0.84,162.4504792712471
0.84,0.85,162.4504792712471
0.85,0.86,162.4504792712471
0.86,0.87,162.4504792712471
0.87,0.88,163.39154532410998
0.88,0.89,166.24757922855756
0.89,0.9,171.11900513652043
0.9,0.91,173.1073122012286
0.91,0.92,172.11028744886602
0.92,0.93,169.1535357262897
0.93,0.94,166.24757922855756
0.94,0.95,165.29006363084235
0.95,0.96,164.33806291715806
0.96,0.97,164.33806291715806
0.97,0.98,164.33806291715806
0.98,0.99,164.33806291715806
0.99,1.0,164.33806291715806
1.0,1.01,162.4504792712471
1.01,1.02,162.4504792712471
1.02,1.03,165.29006363084235
1.03,1.04,163.39154532410998
1.04,1.05,0.0
1.05,1.06,0.0
1.06,1.07,0.0
1.07,1.08,0.0
1.08,1.09,0.0
1.09,1.1,0.0
1.1,1.11,0.0
1.11,1.12,0.0
1.12,1.13,0.0
1.13,1.14,0.0
1.14,1.15,0.0
1.15,1.16,0.0
1.16,1.17,0.0
1.17,1.18,0.0
1.18,1.19,0.0
1.19,1.2,0.0
1.2,1.21,0.0
1.21,1.22,0.0
1.22,1.23,0.0
1.23,1.24,0.0
1.24,1.25,0.0
1.25,1.26,0.0
1.26,1.27,0.0
1.27,1.28,0.0
1.28,1.29,0.0
1.29,1.3,0.0
1.3,1.31,0.0
1.31,1.32,0.0
1.32,1.33,0.0
1.33,1.34,0.0
1.34,1.35,0.0
1.35,1.36,0.0
1.36,1.37,0.0
1.37,1.38,0.0
1.38,1.39,0.0
1.39,1.4,0.0
1.4,1.41,0.0
1.41,1.42,0.0
1.42,1.43,0.0
1.43,1.44,0.0
1.44,1.45,0.0
1.45,1.46,0.0
1.46,1.47,0.0
1.47,1.48,0.0
1.48,1.49,0.0
1.49,1.5,0.0
1.5,1.51,0.0
1.51,1.52,0.0
1.52,1.53,0.0
1.53,1.54,0.0
1.54,1.55,0.0
1.55,1.56,0.0
1.56,1.57,0.0
1.57,1.58,0.0
1.58,1.59,0.0
1.59,1.6,0.0
1.6,1.61,0.0
1.61,1.62,0.0
1.62,1.63,0.0
1.63,1.64,0.0
1.64,1.65,0.0
1.65,1.66,0.0
1.66,1.67,0.0
1.67,1.68,0.0
1.68,1.69,0.0
1.69,1.7,0.0
1.7,1.71,0.0
1.71,1.72,0.0
1.72,1.73,0.0
1.73,1.74,0.0
1.74,1.75,0.0
1.75,1.76,0.0
1.76,1.77,0.0
1.77,1.78,0.0
1.78,1.79,0.0
1.79,1.8,0.0
1.8,1.81,0.0
1.81,1.82,0.0
1.82,1.83,0.0
1.83,1.84,0.0
1.84,1.85,0.0
1.85,1.86,0.0
1.86,1.87,0.0
1.87,1.88,0.0
1.88,1.89,0.0
1.89,1.9,0.0
1.9,1.91,0.0
1.91,1.92,0.0
1.92,1.93,0.0
1.93,1.94,0.0
1.94,1.95,0.0
1.95,1.96,0.0
1.96,1.97,0.0
1.97,1.98,0.0
1.98,1.99,0.0
1.99,2.0,0.0
2.0,2.01,0.0
2.01,2.02,0.0
2.02,2.03,0.0
2.03,2.04,0.0
2.04,2.05,0.0
2.05,2.06,0.0
2.06,2.07,0.0
2.07,2.08,0.0
2.08,2.09,0.0
2.09,2.1,0.0
2.1,2.11,0.0
2.11,2.12,0.0
2.12,2.13,0.0
2.13,2.14,0.0
2.14,2.15,0.0
2.15,2.16,0.0
2.16,2.17,0.0
2.17,2.18,0.0
2.18,2.19,0.0
2.19,2.2,0.0
2.2,2.21,0.0
2.21,2.22,0.0
2.22,2.23,0.0
2.23,2.24,0.0
2.24,2.25,0.0
2.25,2.26,0.0
2.26,2.27,0.0
2.27,2.28,0.0
2.28,2.29,0.0
2.29,2.3,0.0
2.3,2.31,0.0
2.31,2.32,0.0
2.32,2.33,0.0
2.33,2.34,0.0
2.34,2.35,0.0
2.35,2.36,0.0
2.36,2.37,0.0
2.37,2.38,0.0
2.38,2.39,0.0
2.39,2.4,0.0
2.4,2.41,0.0
2.41,2.42,0.0
2.42,2.43,0.0
2.43,2.44,0.0
2.44,2.45,0.0
2.45,2.46,0.0
2.46,2.47,0.0
2.47,2.48,0.0
2.48,2.49,0.0
2.49,2.5,0.0
2.5,2.51,0.0
2.51,2.52,0.0
2.52,2.53,0.0
2.53,2.54,195.43199368684918
2.54,2.55,200.0
2.55,2.56,205.86044732869837
2.56,2.57,213.12010032569688
2.57,2.58,219.36499593892518
2.58,2.59,219.36499593892518
2.59,2.6,220.63576443274928
2.6,2.61,221.91389441356898
2.61,2.62,223.1994285260446
2.62,2.63,223.1994285260446
2.63,2.64,223.1994285260446
2.64,2.65,223.1994285260446
2.65,2.66,221.91389441356898
2.66,2.67,221.91389441356898
2.67,2.68,220.63576443274928
2.68,2.69,220.63576443274928
2.69,2.7,221.91389441356898
2.7,2.71,223.1994285260446
2.71,2.72,224.49240966187455
2.72,2.73,225.79288096122622
2.73,2.74,227.10088581417543
2.74,2.75,228.41646786215435
2.75,2.76,229.73967099940702
2.76,2.77,231.07053937445463
2.77,2.78,233.75544971224912
2.78,2.79,239.21922434748075
2.79,2.8,241.99881784385852
2.8,2.81,244.81070866093103
2.81,2.82,247.65527207548806
2.82,2.83,249.08992447176465
2.83,2.84,250.53288772482563
2.84,2.85,250.53288772482563
2.85,2.86,249.08992447176465
2.86,2.87,249.08992447176465
2.87,2.88,250.53288772482563
2.88,2.89,250.53288772482563
2.89,2.9,253.44393965741244
2.9,2.91,254.91212546385245
2.91,2.92,257.8740616879158
2.92,2.93,259.3679109302019
2.93,2.94,260.87041395311286
2.94,2.95,260.87041395311286
2.95,2.96,260.87041395311286
2.96,2.97,260.87041395311286
2.97,2.98,259.3679109302019
2.98,2.99,257.8740616879158
2.99,3.0,259.3679109302019
3.0,3.01,256.3888163841458
3.01,3.02,256.3888163841458
3.02,3.03,256.3888163841458
3.03,3.04,254.91212546385245
3.04,3.05,0.0
3.05,3.06,0.0
3.06,3.07,0.0
3.07,3.08,0.0
3.08,3.09,0.0
3.09,3.1,0.0
3.1,3.11,0.0
3.11,3.12,250.53288772482563
3.12,3.13,247.65527207548806
3.13,3.14,247.65527207548806
3.14,3.15,246.2288826689832
3.15,3.16,244.81070866093103
3.16,3.17,241.99881784385852
3.17,3.18,239.21922434748075
3.18,3.19,235.10958125672175
3.19,3.2,233.75544971224912
3.2,3.21,232.40911739156792
3.21,3.22,0.0
3.22,3.23,0.0
3.23,3.24,0.0
3.24,3.25,0.0
3.25,3.26,0.0
3.26,3.27,0.0
3.27,3.28,0.0
3.28,3.29,0.0
3.29,3.3,0.0
3.3,3.31,0.0
3.31,3.32,0.0
3.32,3.33,243.40070273411817
3.33,3.34,243.40070273411817
3.34,3.35,239.21922434748075
3.35,3.36,236.47155720542963
3.36,3.37,228.41646786215435
3.37,3.38,215.59643660857103
3.38,3.39,196.56411970905023
3.39,3.4,189.86842419010387
3.4,3.41,0.0
3.41,3.42,218.10154653305153
3.42,3.43,229.73967099940702
3.43,3.44,228.41646786215435
3.44,3.45,225.79288096122622
3.45,3.46,224.49240966187455
3.46,3.47,223.1994285260446
3.47,3.48,216.8453740602837
3.48,3.49,209.4588245641254
3.49,3.5,204.67477839935495
3.5,3.51,205.86044732869837
3.51,3.52,223.1994285260446
3.52,3.53,214.35469250725862
3.53,3.54,215.59643660857103
3.54,3.55,215.59643660857103
3.55,3.56,0.0
3.56,3.57,0.0
3.57,3.58,0.0
3.58,3.59,0.0
3.59,3.6,0.0
3.6,3.61,0.0
3.61,3.62,0.0
3.62,3.63,0.0
3.63,3.64,0.0
3.64,3.65,0.0
3.65,3.66,0.0
3.66,3.67,0.0
3.67,3.68,0.0
3.68,3.69,0.0
3.69,3.7,0.0
3.7,3.71,0.0
3.71,3.72,0.0
3.72,3.73,0.0
3.73,3.74,0.0
3.74,3.75,0.0
3.75,3.76,0.0
3.76,3.77,0.0
3.77,3.78,0.0
3.78,3.79,0.0
3.79,3.8,0.0
3.8,3.81,0.0
3.81,3.82,0.0
3.82,3.83,0.0
3.83,3.84,0.0
3.84,3.85,0.0
3.85,3.86,0.0
3.86,3.87,0.0
3.87,3.88,147.25670581005258
3.88,3.89,146.40856959456255
3.89,3.9,147.25670581005258
3.9,3.91,148.1097552286564
3.91,3.92,148.1097552286564
3.92,3.93,147.25670581005258
3.93,3.94,146.40856959456255
3.94,3.95,145.56531828421873
3.95,3.96,144.7269237440378
3.96,3.97,144.7269237440378
3.97,3.98,144.7269237440378
3.98,3.99,147.25670581005258
3.99,4.0,148.1097552286564
4.0,4.01,150.69866814745757
4.01,4.02,151.57165665103983
4.02,4.03,153.33283446696007
4.03,4.04,154.22108254079407
4.04,4.05,153.33283446696007
4.05,4.06,150.69866814745757
4.06,4.07,148.96774631227024
4.07,4.08,148.1097552286564
4.08,4.09,148.96774631227024
4.09,4.1,150.69866814745757
4.1,4.11,155.11447618337345
4.11,4.12,163.39154532410998
4.12,4.13,169.1535357262897
4.13,4.14,177.1535038204721
4.14,4.15,180.25009252216606
4.15,4.16,181.29427068562208
4.16,4.17,183.40080864093423
4.17,4.18,186.60659830736148
4.18,4.19,0.0
4.19,4.2,0.0
4.2,4.21,0.0
4.21,4.22,0.0
4.22,4.23,0.0
4.23,4.24,0.0
4.24,4.25,0.0
4.25,4.26,0.0
4.26,4.27,0.0
4.27,4.28,0.0
4.28,4.29,0.0
4.29,4.3,0.0
4.3,4.31,0.0
4.31,4.32,0.0
4.32,4.33,0.0
4.33,4.34,0.0
4.34,4.35,0.0
4.35,4.36,0.0
4.36,4.37,0.0
4.37,4.38,0.0
4.38,4.39,0.0
4.39,4.4,0.0
4.4,4.41,0.0
4.41,4.42,0.0
4.42,4.43,0.0
4.43,4.44,0.0
4.44,4.45,0.0
4.45,4.46,0.0
4.46,4.47,0.0
4.47,4.48,0.0
4.48,4.49,0.0
4.49,4.5,0.0
4.5,4.51,0.0
4.51,4.52,0.0
4.52,4.53,0.0
4.53,4.54,0.0
4.54,4.55,0.0
4.55,4.56,0.0
4.56,4.57,0.0
4.57,4.58,0.0
4.58,4.59,0.0
4.59,4.6,0.0
4.6,4.61,0.0
4.61,4.62,0.0
4.62,4.63,0.0
4.63,4.64,0.0
4.64,4.65,0.0
4.65,4.66,0.0
4.66,4.67,0.0
4.67,4.68,0.0
4.68,4.69,0.0
4.69,4.7,0.0
4.7,4.71,0.0
4.71,4.72,0.0
4.72,4.73,0.0
4.73,4.74,262.38162088748976
4.74,4.75,256.3888163841458
4.75,4.76,251.98420997897463
4.76,4.77,249.08992447176465
4.77,4.78,246.2288826689832
4.78,4.79,243.40070273411817
4.79,4.8,241.99881784385852
4.8,4.81,241.99881784385852
4.81,4.82,243.40070273411817
4.82,4.83,247.65527207548806
4.83,4.84,246.2288826689832
4.84,4.85,246.2288826689832
4.85,4.86,246.2288826689832
4.86,4.87,244.81070866093103
4.87,4.88,246.2288826689832
4.88,4.89,244.81070866093103
4.89,4.9,244.81070866093103
4.9,4.91,244.81070866093103
4.91,4.92,246.2288826689832
4.92,4.93,0.0
4.93,4.94,282.842712474619
4.94,4.95,282.842712474619
4.95,4.96,277.98364396846745
4.96,4.97,274.79072949161787
4.97,4.98,274.79072949161787
4.98,4.99,270.06998923363795
4.99,5.0,0.0
5.0,5.01,223.1994285260446
5.01,5.02,214.35469250725862
5.02,5.03,209.4588245641254
5.03,5.04,193.1872657849691
5.04,5.05,185.5318233882619
5.05,5.06,183.40080864093423
5.06,5.07,182.34449771164336
5.07,5.08,181.29427068562208
5.08,5.09,180.25009252216606
5.09,5.1,179.21192838239048
5.1,5.11,178.17974362806785
5.11,5.12,177.1535038204721
5.12,5.13,176.1331747192297
5.13,5.14,176.1331747192297
5.14,5.15,176.1331747192297
5.15,5.16,175.11872228117704
5.16,5.17,174.11011265922482
5.17,5.18,171.11900513652043
5.18,5.19,170.13343219017113
5.19,5.2,170.13343219017113
5.2,5.21,171.11900513652043
5.21,5.22,172.11028744886602
5.22,5.23,173.1073122012286
5.23,5.24,175.11872228117704
5.24,5.25,175.11872228117704
5.25,5.26,175.11872228117704
5.26,5.27,175.11872228117704
5.27,5.28,175.11872228117704
5.28,5.29,175.11872228117704
5.29,5.3,175.11872228117704
5.3,5.31,175.11872228117704
5.31,5.32,173.1073122012286
5.32,5.33,173.1073122012286
5.33,5.34,172.11028744886602
5.34,5.35,172.11028744886602
5.35,5.36,172.11028744886602
5.36,5.37,172.11028744886602
5.37,5.38,172.11028744886602
5.38,5.39,172.11028744886602
5.39,5.4,172.11028744886602
5.4,5.41,173.1073122012286
5.41,5.42,175.11872228117704
5.42,5.43,177.1535038204721
5.43,5.44,180.25009252216606
5.44,5.45,176.1331747192297
5.45,5.46,175.11872228117704
5.46,5.47,174.11011265922482
5.47,5.48,174.11011265922482
5.48,5.49,174.11011265922482
5.49,5.5,173.1073122012286
5.5,5.51,0.0
5.51,5.52,0.0
5.52,5.53,0.0
5.53,5.54,0.0
5.54,5.55,0.0
5.55,5.56,0.0
5.56,5.57,0.0
5.57,5.58,0.0
5.58,5.59,0.0
5.59,5.6,0.0
5.6,5.61,0.0
5.61,5.62,0.0
5.62,5.63,0.0
5.63,5.64,0.0
5.64,5.65,0.0
5.65,5.66,0.0
5.66,5.67,0.0
5.67,5.68,0.0
5.68,5.69,0.0
5.69,5.7,0.0
5.7,5.71,0.0
5.71,5.72,0.0
5.72,5.73,0.0
5.73,5.74,0.0
5.74,5.75,0.0
5.75,5.76,0.0
5.76,5.77,0.0
5.77,5.78,0.0
5.78,5.79,0.0
5.79,5.8,0.0
5.8,5.81,0.0
5.81,5.82,0.0
5.82,5.83,0.0
5.83,5.84,0.0
5.84,5.85,0.0
5.85,5.86,0.0
5.86,5.87,0.0
5.87,5.88,0.0
5.88,5.89,0.0
5.89,5.9,0.0
5.9,5.91,0.0
5.91,5.92,0.0
5.92,5.93,0.0
5.93,5.94,0.0
5.94,5.95,0.0
5.95,5.96,0.0
5.96,5.97,0.0
5.97,5.98,224.49240966187455
5.98,5.99,231.07053937445463
5.99,6.0,235.10958125672175
6.0,6.01,235.10958125672175
6.01,6.02,235.10958125672175
6.02,6.03,235.10958125672175
6.03,6.04,235.10958125672175
6.04,6.05,235.10958125672175
6.05,6.06,236.47155720542963
6.06,6.07,239.21922434748075
6.07,6.08,239.21922434748075
6.08,6.09,225.79288096122622
6.09,6.1,209.4588245641254
6.1,6.11,198.8480847635095
6.11,6.12,203.49593842053727
6.12,6.13,223.1994285260446
6.13,6.14,233.75544971224912
6.14,6.15,236.47155720542963
6.15,6.16,236.47155720542963
6.16,6.17,236.47155720542963
6.17,6.18,236.47155720542963
6.18,6.19,225.79288096122622
6.19,6.2,214.35469250725862
6.2,6.21,215.59643660857103
6.21,6.22,225.79288096122622
6.22,6.23,239.21922434748075
6.23,6.24,243.40070273411817
6.24,6.25,243.40070273411817
6.25,6.26,243.40070273411817
6.26,6.27,243.40070273411817
6.27,6.28,243.40070273411817
6.28,6.29,243.40070273411817
6.29,6.3,243.40070273411817
6.3,6.31,243.40070273411817
6.31,6.32,241.99881784385852
6.32,6.33,243.40070273411817
6.33,6.34,247.65527207548806
6.34,6.35,254.91212546385245
6.35,6.36,256.3888163841458
6.36,6.37,257.8740616879158
6.37,6.38,257.8740616879158
6.38,6.39,257.8740616879158
6.39,6.4,259.3679109302019
6.4,6.41,260.87041395311286
6.41,6.42,262.38162088748976
6.42,6.43,263.9015821545788
6.43,6.44,266.96797083400685
6.44,6.45,268.51450055605267
6.45,6.46,270.06998923363795
6.46,6.47,271.6344887654643
6.47,6.48,271.6344887654643
6.48,6.49,273.20805135087915
6.49,6.5,274.79072949161787
6.5,6.51,274.79072949161787
6.51,6.52,282.842712474619
6.52,6.53,271.6344887654643
6.53,6.54,271.6344887654643
6.54,6.55,271.6344887654643
6.55,6.56,270.06998923363795
6.56,6.57,271.6344887654643
6.57,6.58,271.6344887654643
6.58,6.59,271.6344887654643
6.59,6.6,270.06998923363795
6.6,6.61,0.0
6.61,6.62,259.3679109302019
6.62,6.63,251.98420997897463
6.63,6.64,247.65527207548806
6.64,6.65,244.81070866093103
6.65,6.66,241.99881784385852
6.66,6.67,239.21922434748075
6.67,6.68,237.8414230005442
6.68,6.69,237.8414230005442
6.69,6.7,236.47155720542963
6.7,6.71,236.47155720542963
6.71,6.72,235.10958125672175
6.72,6.73,233.75544971224912
6.73,6.74,233.75544971224912
6.74,6.75,232.40911739156792
6.75,6.76,232.40911739156792
6.76,6.77,231.07053937445463
6.77,6.78,231.07053937445463
6.78,6.79,229.73967099940702
6.79,6.8,229.73967099940702
6.8,6.81,228.41646786215435
6.81,6.82,227.10088581417543
6.82,6.83,224.49240966187455
6.83,6.84,224.49240966187455
6.84,6.85,223.1994285260446
6.85,6.86,221.91389441356898
6.86,6.87,220.63576443274928
6.87,6.88,219.36499593892518
6.88,6.89,218.10154653305153
6.89,6.9,216.8453740602837
6.9,6.91,215.59643660857103
6.91,6.92,214.35469250725862
6.92,6.93,213.12010032569688
6.93,6.94,213.12010032569688
6.94,6.95,211.89261887185907
6.95,6.96,211.89261887185907
6.96,6.97,211.89261887185907
6.97,6.98,211.89261887185907
6.98,6.99,211.89261887185907
6.99,7.0,211.89261887185907
7.0,7.01,210.67220719096719
7.01,7.02,210.67220719096719
7.02,7.03,209.4588245641254
7.03,7.04,208.25243050696125
7.04,7.05,208.25243050696125
7.05,7.06,207.05298476827548
7.06,7.07,207.05298476827548
7.07,7.08,208.25243050696125
7.08,7.09,210.67220719096719
7.09,7.1,211.89261887185907
7.1,7.11,213.12010032569688
7.11,7.12,214.35469250725862
7.12,7.13,215.59643660857103
7.13,7.14,216.8453740602837
7.14,7.15,227.10088581417543
7.15,7.16,239.21922434748075
7.16,7.17,239.21922434748075
7.17,7.18,215.59643660857103
7.18,7.19,213.12010032569688
7.19,7.2,216.8453740602837
7.2,7.21,216.8453740602837
7.21,7.22,216.8453740602837
7.22,7.23,216.8453740602837
7.23,7.24,216.8453740602837
7.24,7.25,216.8453740602837
7.25,7.26,0.0
7.26,7.27,0.0
7.27,7.28,260.87041395311286
7.28,7.29,257.8740616879158
7.29,7.3,256.3888163841458
7.3,7.31,254.91212546385245
7.31,7.32,253.44393965741244
7.32,7.33,253.44393965741244
7.33,7.34,253.44393965741244
7.34,7.35,253.44393965741244
7.35,7.36,254.91212546385245
7.36,7.37,265.4303484677136
7.37,7.38,256.3888163841458
7.38,7.39,254.91212546385245
7.39,7.4,254.91212546385245
7.4,7.41,253.44393965741244
7.41,7.42,253.44393965741244
7.42,7.43,253.44393965741244
7.43,7.44,253.44393965741244
7.44,7.45,253.44393965741244
7.45,7.46,253.44393965741244
7.46,7.47,253.44393965741244
7.47,7.48,253.44393965741244
7.48,7.49,259.3679109302019
7.49,7.5,291.13063656843747
7.5,7.51,276.38257599355524
7.51,7.52,271.6344887654643
7.52,7.53,266.96797083400685
7.53,7.54,263.9015821545788
7.54,7.55,260.87041395311286
7.55,7.56,259.3679109302019
7.56,7.57,256.3888163841458
7.57,7.58,254.91212546385245
7.58,7.59,250.53288772482563
7.59,7.6,0.0
7.6,7.61,0.0
7.61,7.62,0.0
7.62,7.63,0.0
7.63,7.64,0.0
7.64,7.65,0.0
7.65,7.66,225.79288096122622
7.66,7.67,221.91389441356898
7.67,7.68,220.63576443274928
7.68,7.69,219.36499593892518
7.69,7.7,218.10154653305153
7.7,7.71,216.8453740602837
7.71,7.72,216.8453740602837
7.72,7.73,215.59643660857103
7.73,7.74,214.35469250725862
7.74,7.75,214.35469250725862
7.75,7.76,213.12010032569688
7.76,7.77,211.89261887185907
7.77,7.78,209.4588245641254
7.78,7.79,202.3238880603845
7.79,7.8,202.3238880603845
7.8,7.81,207.05298476827548
7.81,7.82,210.67220719096719
7.82,7.83,211.89261887185907
7.83,7.84,211.89261887185907
7.84,7.85,211.89261887185907
7.85,7.86,211.89261887185907
7.86,7.87,213.12010032569688
7.87,7.88,213.12010032569688
7.88,7.89,213.12010032569688
7.89,7.9,213.12010032569688
7.9,7.91,211.89261887185907
7.91,7.92,210.67220719096719
7.92,7.93,208.25243050696125
7.93,7.94,205.86044732869837
7.94,7.95,204.67477839935495
7.95,7.96,203.49593842053727
7.96,7.97,204.67477839935495
7.97,7.98,205.86044732869837
7.98,7.99,205.86044732869837
7.99,8.0,205.86044732869837
8.0,8.01,205.86044732869837
8.01,8.02,204.67477839935495
8.02,8.03,203.49593842053727
8.03,8.04,203.49593842053727
8.04,8.05,201.15858821357068
8.05,8.06,197.70280407057922
8.06,8.07,190.9683207820833
8.07,8.08,200.0
8.08,8.09,204.67477839935495
8.09,8.1,204.67477839935495
8.1,8.11,0.0
8.11,8.12,0.0
8.12,8.13,232.40911739156792
8.13,8.14,229.73967099940702
8.14,8.15,229.73967099940702
8.15,8.16,229.73967099940702
8.16,8.17,229.73967099940702
8.17,8.18,229.73967099940702
8.18,8.19,231.07053937445463
8.19,8.2,232.40911739156792
8.2,8.21,232.40911739156792
8.21,8.22,233.75544971224912
8.22,8.23,236.47155720542963
8.23,8.24,235.10958125672175
8.24,8.25,236.47155720542963
8.25,8.26,235.10958125672175
8.26,8.27,225.79288096122622
8.27,8.28,225.79288096122622
8.28,8.29,225.79288096122622
8.29,8.3,224.49240966187455
8.3,8.31,220.63576443274928
8.31,8.32,215.59643660857103
8.32,8.33,208.25243050696125
8.33,8.34,208.25243050696125
8.34,8.35,208.25243050696125
8.35,8.36,207.05298476827548
8.36,8.37,207.05298476827548
8.37,8.38,205.86044732869837
8.38,8.39,202.3238880603845
8.39,8.4,201.15858821357068
8.4,8.41,201.15858821357068
8.41,8.42,200.0
8.42,8.43,200.0
8.43,8.44,200.0
8.44,8.45,198.8480847635095
8.45,8.46,196.56411970905023
8.46,8.47,187.68759933422865
8.47,8.48,185.5318233882619
8.48,8.49,201.15858821357068
8.49,8.5,201.15858821357068
8.5,8.51,201.15858821357068
8.51,8.52,200.0
8.52,8.53,201.15858821357068
8.53,8.54,201.15858821357068
8.54,8.55,200.0
8.55,8.56,219.36499593892518
8.56,8.57,240.60500721642333
8.57,8.58,229.73967099940702
8.58,8.59,211.89261887185907
8.59,8.6,211.89261887185907
8.6,8.61,210.67220719096719
8.61,8.62,209.4588245641254
8.62,8.63,197.70280407057922
8.63,8.64,186.60659830736148
8.64,8.65,0.0
8.65,8.66,0.0
8.66,8.67,0.0
8.67,8.68,0.0
8.68,8.69,0.0
8.69,8.7,0.0
8.7,8.71,0.0
8.71,8.72,0.0
8.72,8.73,0.0
8.73,8.74,239.21922434748075
8.74,8.75,231.07053937445463
8.75,8.76,227.10088581417543
8.76,8.77,224.49240966187455
8.77,8.78,220.63576443274928
8.78,8.79,218.10154653305153
8.79,8.8,216.8453740602837
8.8,8.81,215.59643660857103
8.81,8.82,215.59643660857103
8.82,8.83,216.8453740602837
8.83,8.84,216.8453740602837
8.84,8.85,216.8453740602837
8.85,8.86,215.59643660857103
8.86,8.87,214.35469250725862
8.87,8.88,213.12010032569688
8.88,8.89,211.89261887185907
8.89,8.9,209.4588245641254
8.9,8.91,213.12010032569688
8.91,8.92,207.05298476827548
8.92,8.93,207.05298476827548
8.93,8.94,204.67477839935495
8.94,8.95,204.67477839935495
8.95,8.96,203.49593842053727
8.96,8.97,201.15858821357068
8.97,8.98,200.0
8.98,8.99,198.8480847635095
8.99,9.0,198.8480847635095
9.0,9.01,197.70280407057922
9.01,9.02,197.70280407057922
9.02,9.03,197.70280407057922
9.03,9.04,197.70280407057922
9.04,9.05,197.70280407057922
9.05,9.06,196.56411970905023
9.06,9.07,195.43199368684918
9.07,9.08,195.43199368684918
9.08,9.09,197.70280407057922
9.09,9.1,197.70280407057922
9.1,9.11,197.70280407057922
9.11,9.12,197.70280407057922
9.12,9.13,197.70280407057922
9.13,9.14,196.56411970905023
9.14,9.15,196.56411970905023
9.15,9.16,196.56411970905023
9.16,9.17,196.56411970905023
9.17,9.18,197.70280407057922
9.18,9.19,197.70280407057922
9.19,9.2,197.70280407057922
9.2,9.21,197.70280407057922
9.21,9.22,197.70280407057922
9.22,9.23,196.56411970905023
9.23,9.24,194.30638823072118
9.24,9.25,193.1872657849691
9.25,9.26,193.1872657849691
9.26,9.27,193.1872657849691
9.27,9.28,192.07458901020084
9.28,9.29,192.07458901020084
9.29,9.3,190.9683207820833
9.3,9.31,190.9683207820833
9.31,9.32,189.86842419010387
9.32,9.33,189.86842419010387
9.33,9.34,188.7748625363387
9.34,9.35,188.7748625363387
9.35,9.36,188.7748625363387
9.36,9.37,188.7748625363387
9.37,9.38,188.7748625363387
9.38,9.39,188.7748625363387
9.39,9.4,187.68759933422865
9.4,9.41,187.68759933422865
9.41,9.42,186.60659830736148
9.42,9.43,186.60659830736148
9.43,9.44,185.5318233882619
9.44,9.45,184.46323871718783
9.45,9.46,183.40080864093423
9.46,9.47,182.34449771164336
9.47,9.48,181.29427068562208
9.48,9.49,180.25009252216606
9.49,9.5,180.25009252216606
9.5,9.51,180.25009252216606
9.51,9.52,180.25009252216606
9.52,9.53,180.25009252216606
9.53,9.54,180.25009252216606
9.54,9.55,180.25009252216606
9.55,9.56,180.25009252216606
9.56,9.57,180.25009252216606
9.57,9.58,180.25009252216606
9.58,9.59,179.21192838239048
9.59,9.6,180.25009252216606
9.6,9.61,180.25009252216606
9.61,9.62,180.25009252216606
9.62,9.63,180.25009252216606
9.63,9.64,180.25009252216606
9.64,9.65,180.25009252216606
9.65,9.66,180.25009252216606
9.66,9.67,180.25009252216606
9.67,9.68,180.25009252216606
9.68,9.69,182.34449771164336
9.69,9.7,182.34449771164336
9.7,9.71,0.0
9.71,9.72,0.0
9.72,9.73,0.0
9.73,9.74,0.0
9.74,9.75,0.0
9.75,9.76,0.0
9.76,9.77,0.0
9.77,9.78,0.0
9.78,9.79,0.0
9.79,9.8,0.0
9.8,9.81,0.0
9.81,9.82,0.0
9.82,9.83,0.0
9.83,9.84,0.0
9.84,9.85,0.0
9.85,9.86,0.0
9.86,9.87,0.0
9.87,9.88,0.0
9.88,9.89,0.0
9.89,9.9,0.0
9.9,9.91,0.0
9.91,9.92,0.0
9.92,9.93,0.0
9.93,9.94,0.0
9.94,9.95,0.0
9.95,9.96,0.0
9.96,9.97,0.0
9.97,9.98,0.0
9.98,9.99,0.0
9.99,10.0,201.15858821357068
10.0,10.01,200.0
10.01,10.02,197.70280407057922
10.02,10.03,194.30638823072118
10.03,10.04,190.9683207820833
10.04,10.05,188.7748625363387
10.05,10.06,187.68759933422865
10.06,10.07,188.7748625363387
10.07,10.08,188.7748625363387
10.08,10.09,189.86842419010387
10.09,10.1,189.86842419010387
10.1,10.11,189.86842419010387
10.11,10.12,190.9683207820833
10.12,10.13,189.86842419010387
10.13,10.14,190.9683207820833
10.14,10.15,190.9683207820833
10.15,10.16,190.9683207820833
10.16,10.17,192.07458901020084
10.17,10.18,192.07458901020084
10.18,10.19,192.07458901020084
10.19,10.2,194.30638823072118
10.2,10.21,211.89261887185907
10.21,10.22,0.0
10.22,10.23,0.0
10.23,10.24,0.0
10.24,10.25,0.0
10.25,10.26,0.0
10.26,10.27,0.0
10.27,10.28,0.0
10.28,10.29,0.0
10.29,10.3,0.0
10.3,10.31,0.0
10.31,10.32,0.0
10.32,10.33,0.0
10.33,10.34,0.0
10.34,10.35,241.99881784385852
10.35,10.36,228.41646786215435
10.36,10.37,225.79288096122622
10.37,10.38,224.49240966187455
10.38,10.39,223.1994285260446
10.39,10.4,221.91389441356898
10.4,10.41,219.36499593892518
10.41,10.42,215.59643660857103
10.42,10.43,216.8453740602837
10.43,10.44,218.10154653305153
10.44,10.45,219.36499593892518
10.45,10.46,210.67220719096719
10.46,10.47,205.86044732869837
10.47,10.48,201.15858821357068
10.48,10.49,196.56411970905023
10.49,10.5,194.30638823072118
10.5,10.51,190.9683207820833
10.51,10.52,186.60659830736148
10.52,10.53,182.34449771164336
10.53,10.54,180.25009252216606
10.54,10.55,180.25009252216606
10.55,10.56,180.25009252216606
10.56,10.57,180.25009252216606
10.57,10.58,181.29427068562208
10.58,10.59,180.25009252216606
10.59,10.6,179.21192838239048
10.6,10.61,178.17974362806785
10.61,10.62,178.17974362806785
10.62,10.63,177.1535038204721
10.63,10.64,176.1331747192297
10.64,10.65,175.11872228117704
10.65,10.66,175.11872228117704
10.66,10.67,176.1331747192297
10.67,10.68,178.17974362806785
10.68,10.69,178.17974362806785
10.69,10.7,177.1535038204721
10.7,10.71,177.1535038204721
10.71,10.72,177.1535038204721
10.72,10.73,178.17974362806785
10.73,10.74,178.17974362806785
10.74,10.75,179.21192838239048
10.75,10.76,177.1535038204721
10.76,10.77,0.0
10.77,10.78,0.0
10.78,10.79,187.68759933422865
10.79,10.8,184.46323871718783
10.8,10.81,182.34449771164336
10.81,10.82,180.25009252216606
10.82,10.83,179.21192838239048
10.83,10.84,178.17974362806785
10.84,10.85,178.17974362806785
10.85,10.86,178.17974362806785
10.86,10.87,178.17974362806785
10.87,10.88,177.1535038204721
10.88,10.89,174.11011265922482
10.89,10.9,170.13343219017113
10.9,10.91,175.11872228117704
10.91,10.92,176.1331747192297
10.92,10.93,180.25009252216606
10.93,10.94,179.21192838239048
10.94,10.95,176.1331747192297
10.95,10.96,176.1331747192297
10.96,10.97,176.1331747192297
10.97,10.98,175.11872228117704
10.98,10.99,175.11872228117704
10.99,11.0,174.11011265922482
11.0,11.01,174.11011265922482
11.01,11.02,174.11011265922482
11.02,11.03,176.1331747192297
11.03,11.04,176.1331747192297
11.04,11.05,174.11011265922482
11.05,11.06,174.11011265922482
11.06,11.07,174.11011265922482
11.07,11.08,174.11011265922482
11.08,11.09,175.11872228117704
11.09,11.1,0.0
11.1,11.11,0.0
11.11,11.12,193.1872657849691
11.12,11.13,186.60659830736148
11.13,11.14,185.5318233882619
11.14,11.15,184.46323871718783
11.15,11.16,183.40080864093423
11.16,11.17,182.34449771164336
11.17,11.18,182.34449771164336
11.18,11.19,186.60659830736148
11.19,11.2,194.30638823072118
11.2,11.21,196.56411970905023
11.21,11.22,183.40080864093423
11.22,11.23,0.0
11.23,11.24,0.0
11.24,11.25,0.0
11.25,11.26,193.1872657849691
11.26,11.27,189.86842419010387
11.27,11.28,189.86842419010387
11.28,11.29,188.7748625363387
11.29,11.3,188.7748625363387
11.3,11.31,189.86842419010387
11.31,11.32,188.7748625363387
11.32,11.33,188.7748625363387
11.33,11.34,187.68759933422865
11.34,11.35,186.60659830736148
11.35,11.36,184.46323871718783
11.36,11.37,182.34449771164336
11.37,11.38,182.34449771164336
11.38,11.39,182.34449771164336
11.39,11.4,182.34449771164336
11.4,11.41,183.40080864093423
11.41,11.42,182.34449771164336
11.42,11.43,181.29427068562208
11.43,11.44,180.25009252216606
11.44,11.45,180.25009252216606
11.45,11.46,179.21192838239048
11.46,11.47,178.17974362806785
11.47,11.48,177.1535038204721
11.48,11.49,174.11011265922482
11.49,11.5,171.11900513652043
11.5,11.51,174.11011265922482
11.51,11.52,181.29427068562208
11.52,11.53,187.68759933422865
11.53,11.54,187.68759933422865
11.54,11.55,186.60659830736148
11.55,11.56,186.60659830736148
11.56,11.57,185.5318233882619
11.57,11.58,184.46323871718783
11.58,11.59,184.46323871718783
11.59,11.6,184.46323871718783
11.6,11.61,185.5318233882619
11.61,11.62,186.60659830736148
11.62,11.63,187.68759933422865
11.63,11.64,187.68759933422865
11.64,11.65,186.60659830736148
11.65,11.66,186.60659830736148
11.66,11.67,185.5318233882619
11.67,11.68,187.68759933422865
11.68,11.69,0.0
11.69,11.7,0.0
11.7,11.71,0.0
11.71,11.72,200.0
11.72,11.73,195.43199368684918
11.73,11.74,195.43199368684918
11.74,11.75,193.1872657849691
11.75,11.76,189.86842419010387
11.76,11.77,185.5318233882619
11.77,11.78,184.46323871718783
11.78,11.79,182.34449771164336
11.79,11.8,182.34449771164336
11.8,11.81,182.34449771164336
11.81,11.82,182.34449771164336
11.82,11.83,182.34449771164336
11.83,11.84,182.34449771164336
11.84,11.85,182.34449771164336
11.85,11.86,182.34449771164336
11.86,11.87,180.25009252216606
11.87,11.88,177.1535038204721
11.88,11.89,181.29427068562208
11.89,11.9,0.0
11.9,11.91,194.30638823072118
11.91,11.92,190.9683207820833
11.92,11.93,188.7748625363387
11.93,11.94,186.60659830736148
11.94,11.95,185.5318233882619
11.95,11.96,184.46323871718783
11.96,11.97,184.46323871718783
11.97,11.98,183.40080864093423
11.98,11.99,182.34449771164336
11.99,12.0,182.34449771164336
12.0,12.01,181.29427068562208
12.01,12.02,181.29427068562208
12.02,12.03,181.29427068562208
12.03,12.04,181.29427068562208
12.04,12.05,180.25009252216606
12.05,12.06,180.25009252216606
12.06,12.07,179.21192838239048
12.07,12.08,179.21192838239048
12.08,12.09,178.17974362806785
12.09,12.1,177.1535038204721
12.1,12.11,176.1331747192297
12.11,12.12,176.1331747192297
12.12,12.13,179.21192838239048
12.13,12.14,179.21192838239048
12.14,12.15,179.21192838239048
12.15,12.16,179.21192838239048
12.16,12.17,179.21192838239048
12.17,12.18,179.21192838239048
12.18,12.19,179.21192838239048
12.19,12.2,179.21192838239048
12.2,12.21,0.0
12.21,12.22,0.0
12.22,12.23,0.0
12.23,12.24,173.1073122012286
12.24,12.25,173.1073122012286
12.25,12.26,173.1073122012286
12.26,12.27,174.11011265922482
12.27,12.28,176.1331747192297
12.28,12.29,177.1535038204721
12.29,12.3,178.17974362806785
12.3,12.31,178.17974362806785
12.31,12.32,177.1535038204721
12.32,12.33,176.1331747192297
12.33,12.34,173.1073122012286
12.34,12.35,172.11028744886602
12.35,12.36,172.11028744886602
12.36,12.37,173.1073122012286
12.37,12.38,174.11011265922482
12.38,12.39,174.11011265922482
12.39,12.4,174.11011265922482
12.4,12.41,175.11872228117704
12.41,12.42,174.11011265922482
12.42,12.43,174.11011265922482
12.43,12.44,174.11011265922482
12.44,12.45,175.11872228117704
12.45,12.46,176.1331747192297
12.46,12.47,176.1331747192297
12.47,12.48,175.11872228117704
12.48,12.49,174.11011265922482
12.49,12.5,174.11011265922482
12.5,12.51,174.11011265922482
12.51,12.52,175.11872228117704
12.52,12.53,0.0
12.53,12.54,0.0
12.54,12.55,0.0
12.55,12.56,0.0
12.56,12.57,0.0
12.57,12.58,0.0
12.58,12.59,0.0
12.59,12.6,0.0
12.6,12.61,0.0
12.61,12.62,0.0
12.62,12.63,0.0
12.63,12.64,0.0
12.64,12.65,0.0
12.65,12.66,0.0
12.66,12.67,0.0
12.67,12.68,0.0
12.68,12.69,0.0
12.69,12.7,0.0
12.7,12.71,0.0
12.71,12.72,0.0
12.72,12.73,0.0
12.73,12.74,0.0
12.74,12.75,0.0
12.75,12.76,0.0
12.76,12.77,0.0
12.77,12.78,0.0
12.78,12.79,0.0
12.79,12.8,0.0
12.8,12.81,0.0
12.81,12.82,0.0
12.82,12.83,0.0
12.83,12.84,0.0
12.84,12.85,0.0
12.85,12.86,0.0
12.86,12.87,0.0
12.87,12.88,0.0
12.88,12.89,0.0
12.89,12.9,0.0
12.9,12.91,0.0
12.91,12.92,0.0
12.92,12.93,0.0
12.93,12.94,0.0
12.94,12.95,0.0
12.95,12.96,0.0
12.96,12.97,0.0
12.97,12.98,0.0
12.98,12.99,0.0
12.99,13.0,0.0
13.0,13.01,0.0
13.01,13.02,0.0
13.02,13.03,0.0
13.03,13.04,0.0
13.04,13.05,0.0
13.05,13.06,0.0
13.06,13.07,0.0
13.07,13.08,0.0
13.08,13.09,0.0
13.09,13.1,0.0
13.1,13.11,237.8414230005442
13.11,13.12,236.47155720542963
13.12,13.13,220.63576443274928
13.13,13.14,214.35469250725862
13.14,13.15,210.67220719096719
13.15,13.16,208.25243050696125
13.16,13.17,205.86044732869837
13.17,13.18,203.49593842053727
13.18,13.19,203.49593842053727
13.19,13.2,203.49593842053727
13.2,13.21,203.49593842053727
13.21,13.22,202.3238880603845
13.22,13.23,202.3238880603845
13.23,13.24,201.15858821357068
13.24,13.25,201.15858821357068
13.25,13.26,197.70280407057922
13.26,13.27,195.43199368684918
13.27,13.28,194.30638823072118
13.28,13.29,193.1872657849691
13.29,13.3,192.07458901020084
13.3,13.31,190.9683207820833
13.31,13.32,188.7748625363387
13.32,13.33,185.5318233882619
13.33,13.34,182.34449771164336
13.34,13.35,177.1535038204721
13.35,13.36,174.11011265922482
13.36,13.37,176.1331747192297
13.37,13.38,176.1331747192297
13.38,13.39,189.86842419010387
13.39,13.4,188.7748625363387
13.4,13.41,187.68759933422865
13.41,13.42,187.68759933422865
13.42,13.43,186.60659830736148
13.43,13.44,184.46323871718783
13.44,13.45,183.40080864093423
13.45,13.46,183.40080864093423
13.46,13.47,181.29427068562208
13.47,13.48,181.29427068562208
13.48,13.49,180.25009252216606
13.49,13.5,180.25009252216606
13.5,13.51,180.25009252216606
13.51,13.52,180.25009252216606
13.52,13.53,180.25009252216606
13.53,13.54,180.25009252216606
13.54,13.55,180.25009252216606
13.55,13.56,179.21192838239048
13.56,13.57,179.21192838239048
13.57,13.58,178.17974362806785
13.58,13.59,178.17974362806785
13.59,13.6,177.1535038204721
13.6,13.61,176.1331747192297
13.61,13.62,175.11872228117704
13.62,13.63,174.11011265922482
13.63,13.64,171.11900513652043
13.64,13.65,168.1792830507429
13.65,13.66,168.1792830507429
13.66,13.67,167.2106416577019
13.67,13.68,167.2106416577019
13.68,13.69,166.24757922855756
13.69,13.7,165.29006363084235
13.7,13.71,165.29006363084235
13.71,13.72,165.29006363084235
13.72,13.73,165.29006363084235
13.73,13.74,166.24757922855756
13.74,13.75,166.24757922855756
13.75,13.76,165.29006363084235
13.76,13.77,161.5148333600084
13.77,13.78,159.65967727133
13.78,13.79,157.8258294677283
13.79,13.8,156.91681957935012
13.8,13.81,156.0130452026747
13.81,13.82,155.11447618337345
13.82,13.83,154.22108254079407
13.83,13.84,152.4497023255762
13.84,13.85,150.69866814745757
13.85,13.86,148.1097552286564
13.86,13.87,144.7269237440378
13.87,13.88,151.57165665103983
13.88,13.89,152.4497023255762
13.89,13.9,153.33283446696007
13.9,13.91,0.0
13.91,13.92,0.0
13.92,13.93,0.0
13.93,13.94,0.0
13.94,13.95,0.0
13.95,13.96,0.0
13.96,13.97,0.0
13.97,13.98,0.0
13.98,13.99,0.0
13.99,14.0,0.0
14.0,14.01,0.0
14.01,14.02,0.0
14.02,14.03,0.0
14.03,14.04,0.0
14.04,14.05,0.0
14.05,14.06,0.0
14.06,14.07,0.0
14.07,14.08,0.0
14.08,14.09,0.0
14.09,14.1,0.0
14.1,14.11,0.0
14.11,14.12,0.0
14.12,14.13,0.0
14.13,14.14,0.0
14.14,14.15,0.0
14.15,14.16,0.0
14.16,14.17,0.0
14.17,14.18,0.0
14.18,14.19,0.0
14.19,14.2,0.0
14.2,14.21,0.0
14.21,14.22,0.0
14.22,14.23,0.0
14.23,14.24,0.0
14.24,14.25,0.0
14.25,14.26,0.0
14.26,14.27,0.0
14.27,14.28,0.0
14.28,14.29,0.0
14.29,14.3,0.0
14.3,14.31,0.0
14.31,14.32,0.0
14.32,14.33,0.0
14.33,14.34,0.0
14.34,14.35,0.0
14.35,14.36,0.0
14.36,14.37,0.0
14.37,14.38,0.0
14.38,14.39,0.0
14.39,14.4,0.0
14.4,14.41,0.0
14.41,14.42,0.0
14.42,14.43,0.0
14.43,14.44,0.0
14.44,14.45,0.0
14.45,14.46,0.0
14.46,14.47,0.0
14.47,14.48,0.0
14.48,14.49,0.0
14.49,14.5,0.0
14.5,14.51,299.66141537533633
14.51,14.52,294.5134116201051
14.52,14.53,282.842712474619
14.53,14.54,276.38257599355524
14.54,14.55,274.79072949161787
14.55,14.56,274.79072949161787
14.56,14.57,274.79072949161787
14.57,14.58,276.38257599355524
14.58,14.59,279.5939868358039
14.59,14.6,284.4812036394563
14.6,14.61,287.786716002164
14.61,14.62,291.13063656843747
14.62,14.63,294.5134116201051
14.63,14.64,297.93549262454053
14.64,14.65,299.66141537533633
14.65,14.66,301.3973362949152
14.66,14.67,301.3973362949152
14.67,14.68,299.66141537533633
14.68,14.69,297.93549262454053
14.69,14.7,294.5134116201051
14.7,14.71,296.2195104573129
14.71,14.72,297.93549262454053
14.72,14.73,299.66141537533633
14.73,14.74,303.14331330207966
14.74,14.75,304.8994046511524
14.75,14.76,306.66566893392013
14.76,14.77,306.66566893392013
14.77,14.78,304.8994046511524
14.78,14.79,301.3973362949152
14.79,14.8,296.2195104573129
14.8,14.81,289.4538474880756
14.81,14.82,276.38257599355524
14.82,14.83,259.3679109302019
14.83,14.84,250.53288772482563
14.84,14.85,246.2288826689832
14.85,14.86,239.21922434748075
14.86,14.87,236.47155720542963
14.87,14.88,243.40070273411817
14.88,14.89,249.08992447176465
14.89,14.9,249.08992447176465
14.9,14.91,247.65527207548806
14.91,14.92,244.81070866093103
14.92,14.93,241.99881784385852
14.93,14.94,239.21922434748075
14.94,14.95,235.10958125672175
14.95,14.96,232.40911739156792
14.96,14.97,231.07053937445463
14.97,14.98,231.07053937445463
14.98,14.99,231.07053937445463
14.99,15.0,233.75544971224912
15.0,15.01,233.75544971224912
15.01,15.02,227.10088581417543
15.02,15.03,225.79288096122622
15.03,15.04,224.49240966187455
15.04,15.05,224.49240966187455
15.05,15.06,224.49240966187455
15.06,15.07,224.49240966187455
15.07,15.08,224.49240966187455
15.08,15.09,224.49240966187455
15.09,15.1,224.49240966187455
15.1,15.11,224.49240966187455
15.11,15.12,240.60500721642333
15.12,15.13,254.91212546385245
15.13,15.14,259.3679109302019
15.14,15.15,257.8740616879158
15.15,15.16,253.44393965741244
15.16,15.17,0.0
15.17,15.18,0.0
15.18,15.19,0.0
15.19,15.2,0.0
15.2,15.21,0.0
15.21,15.22,0.0
15.22,15.23,0.0
15.23,15.24,0.0
15.24,15.25,301.3973362949152
15.25,15.26,292.81713918912504
15.26,15.27,289.4538474880756
15.27,15.28,287.786716002164
15.28,15.29,286.12918648705164
15.29,15.3,284.4812036394563
15.3,15.31,284.4812036394563
15.31,15.32,282.842712474619
15.32,15.33,284.4812036394563
15.33,15.34,284.4812036394563
15.34,15.35,284.4812036394563
15.35,15.36,284.4812036394563
15.36,15.37,287.786716002164
15.37,15.38,291.13063656843747
15.38,15.39,296.2195104573129
15.39,15.4,297.93549262454053
15.4,15.41,296.2195104573129
15.41,15.42,287.786716002164
15.42,15.43,284.4812036394563
15.43,15.44,265.4303484677136
15.44,15.45,274.79072949161787
15.45,15.46,273.20805135087915
15.46,15.47,273.20805135087915
15.47,15.48,271.6344887654643
15.48,15.49,271.6344887654643
15.49,15.5,266.96797083400685
15.5,15.51,262.38162088748976
15.51,15.52,257.8740616879158
15.52,15.53,254.91212546385245
15.53,15.54,251.98420997897463
15.54,15.55,247.65527207548806
15.55,15.56,246.2288826689832
15.56,15.57,247.65527207548806
15.57,15.58,250.53288772482563
15.58,15.59,244.81070866093103
15.59,15.6,240.60500721642333
15.6,15.61,239.21922434748075
15.61,15.62,239.21922434748075
15.62,15.63,233.75544971224912
15.63,15.64,233.75544971224912
15.64,15.65,239.21922434748075
15.65,15.66,236.47155720542963
15.66,15.67,233.75544971224912
15.67,15.68,231.07053937445463
15.68,15.69,229.73967099940702
15.69,15.7,228.41646786215435
15.7,15.71,228.41646786215435
15.71,15.72,229.73967099940702
15.72,15.73,231.07053937445463
15.73,15.74,236.47155720542963
15.74,15.75,232.40911739156792
15.75,15.76,231.07053937445463
15.76,15.77,229.73967099940702
15.77,15.78,228.41646786215435
15.78,15.79,228.41646786215435
15.79,15.8,228.41646786215435
15.8,15.81,228.41646786215435
15.81,15.82,229.73967099940702
15.82,15.83,231.07053937445463
15.83,15.84,233.75544971224912
15.84,15.85,235.10958125672175
15.85,15.86,250.53288772482563
15.86,15.87,260.87041395311286
15.87,15.88,265.4303484677136
15.88,15.89,270.06998923363795
15.89,15.9,273.20805135087915
15.9,15.91,274.79072949161787
15.91,15.92,276.38257599355524
15.92,15.93,277.98364396846745
15.93,15.94,279.5939868358039
15.94,15.95,281.2136583244699
15.95,15.96,284.4812036394563
15.96,15.97,284.4812036394563
15.97,15.98,286.12918648705164
15.98,15.99,284.4812036394563
15.99,16.0,282.842712474619
16.0,16.01,282.842712474619
16.01,16.02,281.2136583244699
16.02,16.03,277.98364396846745
16.03,16.04,276.38257599355524
16.04,16.05,274.79072949161787
16.05,16.06,273.20805135087915
16.06,16.07,271.6344887654643
16.07,16.08,270.06998923363795
16.08,16.09,268.51450055605267
16.09,16.1,266.96797083400685
16.1,16.11,265.4303484677136
16.11,16.12,260.87041395311286
16.12,16.13,257.8740616879158
16.13,16.14,256.3888163841458
16.14,16.15,247.65527207548806
16.15,16.16,246.2288826689832
16.16,16.17,244.81070866093103
16.17,16.18,243.40070273411817
16.18,16.19,240.60500721642333
16.19,16.2,239.21922434748075
16.2,16.21,239.21922434748075
16.21,16.22,237.8414230005442
16.22,16.23,236.47155720542963
16.23,16.24,236.47155720542963
16.24,16.25,235.10958125672175
16.25,16.26,233.75544971224912
16.26,16.27,232.40911739156792
16.27,16.28,231.07053937445463
16.28,16.29,231.07053937445463
16.29,16.3,229.73967099940702
16.3,16.31,227.10088581417543
16.31,16.32,225.79288096122622
16.32,16.33,224.49240966187455
16.33,16.34,223.1994285260446
16.34,16.35,221.91389441356898
16.35,16.36,219.36499593892518
16.36,16.37,209.4588245641254
16.37,16.38,204.67477839935495
16.38,16.39,0.0
16.39,16.4,0.0
16.4,16.41,0.0
16.41,16.42,0.0
16.42,16.43,0.0
16.43,16.44,0.0
16.44,16.45,0.0
16.45,16.46,0.0
16.46,16.47,208.25243050696125
16.47,16.48,213.12010032569688
16.48,16.49,214.35469250725862
16.49,16.5,215.59643660857103
16.5,16.51,215.59643660857103
16.51,16.52,216.8453740602837
16.52,16.53,216.8453740602837
16.53,16.54,216.8453740602837
16.54,16.55,216.8453740602837
16.55,16.56,216.8453740602837
16.56,16.57,215.59643660857103
16.57,16.58,214.35469250725862
16.58,16.59,213.12010032569688
16.59,16.6,210.67220719096719
16.6,16.61,209.4588245641254
16.61,16.62,209.4588245641254
16.62,16.63,209.4588245641254
16.63,16.64,209.4588245641254
16.64,16.65,209.4588245641254
16.65,16.66,209.4588245641254
16.66,16.67,210.67220719096719
16.67,16.68,210.67220719096719
16.68,16.69,211.89261887185907
16.69,16.7,213.12010032569688
16.7,16.71,213.12010032569688
16.71,16.72,213.12010032569688
16.72,16.73,211.89261887185907
16.73,16.74,211.89261887185907
16.74,16.75,210.67220719096719
16.75,16.76,209.4588245641254
16.76,16.77,209.4588245641254
16.77,16.78,209.4588245641254
16.78,16.79,209.4588245641254
16.79,16.8,209.4588245641254
16.8,16.81,209.4588245641254
16.81,16.82,210.67220719096719
16.82,16.83,210.67220719096719
16.83,16.84,210.67220719096719
16.84,16.85,210.67220719096719
16.85,16.86,210.67220719096719
16.86,16.87,210.67220719096719
16.87,16.88,210.67220719096719
16.88,16.89,210.67220719096719
16.89,16.9,209.4588245641254
16.9,16.91,209.4588245641254
16.91,16.92,209.4588245641254
16.92,16.93,209.4588245641254
16.93,16.94,208.25243050696125
16.94,16.95,208.25243050696125
16.95,16.96,208.25243050696125
16.96,16.97,208.25243050696125
16.97,16.98,208.25243050696125
16.98,16.99,208.25243050696125
16.99,17.0,209.4588245641254
17.0,17.01,209.4588245641254
17.01,17.02,209.4588245641254
17.02,17.03,210.67220719096719
17.03,17.04,210.67220719096719
17.04,17.05,210.67220719096719
17.05,17.06,211.89261887185907
17.06,17.07,211.89261887185907
17.07,17.08,211.89261887185907
17.08,17.09,213.12010032569688
17.09,17.1,213.12010032569688
17.1,17.11,214.35469250725862
17.11,17.12,214.35469250725862
17.12,17.13,215.59643660857103
17.13,17.14,216.8453740602837
17.14,17.15,216.8453740602837
17.15,17.16,216.8453740602837
17.16,17.17,215.59643660857103
17.17,17.18,215.59643660857103
17.18,17.19,216.8453740602837
17.19,17.2,216.8453740602837
17.2,17.21,218.10154653305153
17.21,17.22,219.36499593892518
17.22,17.23,216.8453740602837
17.23,17.24,220.63576443274928
17.24,17.25,216.8453740602837
17.25,17.26,216.8453740602837
17.26,17.27,216.8453740602837
17.27,17.28,0.0
17.28,17.29,0.0
17.29,17.3,257.8740616879158
17.3,17.31,246.2288826689832
17.31,17.32,236.47155720542963
17.32,17.33,229.73967099940702
17.33,17.34,228.41646786215435
17.34,17.35,225.79288096122622
17.35,17.36,225.79288096122622
17.36,17.37,224.49240966187455
17.37,17.38,225.79288096122622
17.38,17.39,225.79288096122622
17.39,17.4,228.41646786215435
17.4,17.41,247.65527207548806
17.41,17.42,227.10088581417543
17.42,17.43,228.41646786215435
17.43,17.44,228.41646786215435
17.44,17.45,228.41646786215435
17.45,17.46,228.41646786215435
17.46,17.47,227.10088581417543
17.47,17.48,227.10088581417543
17.48,17.49,227.10088581417543
17.49,17.5,227.10088581417543
17.5,17.51,227.10088581417543
17.51,17.52,228.41646786215435
17.52,17.53,228.41646786215435
17.53,17.54,228.41646786215435
17.54,17.55,229.73967099940702
17.55,17.56,228.41646786215435
17.56,17.57,228.41646786215435
17.57,17.58,227.10088581417543
17.58,17.59,0.0
17.59,17.6,0.0
17.6,17.61,0.0
17.61,17.62,239.21922434748075
17.62,17.63,233.75544971224912
17.63,17.64,232.40911739156792
17.64,17.65,231.07053937445463
17.65,17.66,227.10088581417543
17.66,17.67,224.49240966187455
17.67,17.68,224.49240966187455
17.68,17.69,225.79288096122622
17.69,17.7,225.79288096122622
17.7,17.71,227.10088581417543
17.71,17.72,228.41646786215435
17.72,17.73,231.07053937445463
17.73,17.74,235.10958125672175
17.74,17.75,240.60500721642333
17.75,17.76,243.40070273411817
17.76,17.77,246.2288826689832
17.77,17.78,247.65527207548806
17.78,17.79,250.53288772482563
17.79,17.8,262.38162088748976
17.8,17.81,266.96797083400685
17.81,17.82,266.96797083400685
17.82,17.83,266.96797083400685
17.83,17.84,268.51450055605267
17.84,17.85,268.51450055605267
17.85,17.86,270.06998923363795
17.86,17.87,270.06998923363795
17.87,17.88,270.06998923363795
17.88,17.89,270.06998923363795
17.89,17.9,270.06998923363795
17.9,17.91,268.51450055605267
17.91,17.92,265.4303484677136
17.92,17.93,257.8740616879158
17.93,17.94,270.06998923363795
17.94,17.95,271.6344887654643
17.95,17.96,274.79072949161787
17.96,17.97,276.38257599355524
17.97,17.98,279.5939868358039
17.98,17.99,284.4812036394563
17.99,18.0,289.4538474880756
18.0,18.01,294.5134116201051
18.01,18.02,279.5939868358039
18.02,18.03,256.3888163841458
18.03,18.04,231.07053937445463
18.04,18.05,241.99881784385852
18.05,18.06,249.08992447176465
18.06,18.07,246.2288826689832
18.07,18.08,244.81070866093103
18.08,18.09,244.81070866093103
18.09,18.1,243.40070273411817
18.1,18.11,243.40070273411817
18.11,18.12,243.40070273411817
18.12,18.13,243.40070273411817
18.13,18.14,241.99881784385852
18.14,18.15,243.40070273411817
18.15,18.16,0.0
18.16,18.17,0.0
18.17,18.18,0.0
18.18,18.19,0.0
18.19,18.2,0.0
18.2,18.21,216.8453740602837
18.21,18.22,227.10088581417543
18.22,18.23,232.40911739156792
18.23,18.24,233.75544971224912
18.24,18.25,233.75544971224912
18.25,18.26,233.75544971224912
18.26,18.27,232.40911739156792
18.27,18.28,229.73967099940702
18.28,18.29,224.49240966187455
18.29,18.3,218.10154653305153
18.3,18.31,216.8453740602837
18.31,18.32,215.59643660857103
18.32,18.33,213.12010032569688
18.33,18.34,210.67220719096719
18.34,18.35,208.25243050696125
18.35,18.36,205.86044732869837
18.36,18.37,204.67477839935495
18.37,18.38,204.67477839935495
18.38,18.39,203.49593842053727
18.39,18.4,203.49593842053727
18.4,18.41,203.49593842053727
18.41,18.42,203.49593842053727
18.42,18.43,203.49593842053727
18.43,18.44,203.49593842053727
18.44,18.45,208.25243050696125
18.45,18.46,209.4588245641254
18.46,18.47,209.4588245641254
18.47,18.48,209.4588245641254
18.48,18.49,209.4588245641254
18.49,18.5,208.25243050696125
18.5,18.51,208.25243050696125
18.51,18.52,208.25243050696125
18.52,18.53,209.4588245641254
18.53,18.54,210.67220719096719
18.54,18.55,211.89261887185907
18.55,18.56,213.12010032569688
18.56,18.57,213.12010032569688
18.57,18.58,214.35469250725862
18.58,18.59,211.89261887185907
18.59,18.6,209.4588245641254
18.6,18.61,210.67220719096719
18.61,18.62,210.67220719096719
18.62,18.63,211.89261887185907
18.63,18.64,210.67220719096719
18.64,18.65,210.67220719096719
18.65,18.66,210.67220719096719
18.66,18.67,210.67220719096719
18.67,18.68,210.67220719096719
18.68,18.69,211.89261887185907
18.69,18.7,211.89261887185907
18.7,18.71,211.89261887185907
18.71,18.72,211.89261887185907
18.72,18.73,210.67220719096719
18.73,18.74,210.67220719096719
18.74,18.75,210.67220719096719
18.75,18.76,211.89261887185907
18.76,18.77,211.89261887185907
18.77,18.78,214.35469250725862
18.78,18.79,0.0
18.79,18.8,0.0
18.8,18.81,0.0
18.81,18.82,0.0
18.82,18.83,0.0
18.83,18.84,0.0
18.84,18.85,0.0
18.85,18.86,0.0
18.86,18.87,0.0
18.87,18.88,0.0
18.88,18.89,0.0
18.89,18.9,0.0
18.9,18.91,0.0
18.91,18.92,0.0
18.92,18.93,0.0
18.93,18.94,0.0
18.94,18.95,0.0
18.95,18.96,0.0
18.96,18.97,0.0
18.97,18.98,0.0
18.98,18.99,274.79072949161787
18.99,19.0,262.38162088748976
19.0,19.01,260.87041395311286
19.01,19.02,260.87041395311286
19.02,19.03,257.8740616879158
19.03,19.04,257.8740616879158
19.04,19.05,256.3888163841458
19.05,19.06,254.91212546385245
19.06,19.07,254.91212546385245
19.07,19.08,253.44393965741244
19.08,19.09,250.53288772482563
19.09,19.1,246.2288826689832
19.1,19.11,0.0
19.11,19.12,0.0
19.12,19.13,0.0
19.13,19.14,0.0
19.14,19.15,257.8740616879158
19.15,19.16,249.08992447176465
19.16,19.17,244.81070866093103
19.17,19.18,241.99881784385852
19.18,19.19,241.99881784385852
19.19,19.2,240.60500721642333
19.2,19.21,236.47155720542963
19.21,19.22,216.8453740602837
19.22,19.23,210.67220719096719
19.23,19.24,208.25243050696125
19.24,19.25,207.05298476827548
19.25,19.26,205.86044732869837
19.26,19.27,209.4588245641254
19.27,19.28,210.67220719096719
19.28,19.29,214.35469250725862
19.29,19.3,221.91389441356898
19.3,19.31,225.79288096122622
19.31,19.32,227.10088581417543
19.32,19.33,225.79288096122622
19.33,19.34,219.36499593892518
19.34,19.35,214.35469250725862
19.35,19.36,213.12010032569688
19.36,19.37,210.67220719096719
19.37,19.38,210.67220719096719
19.38,19.39,225.79288096122622
19.39,19.4,227.10088581417543
19.4,19.41,216.8453740602837
19.41,19.42,209.4588245641254
19.42,19.43,0.0
19.43,19.44,0.0
19.44,19.45,0.0
19.45,19.46,0.0
19.46,19.47,0.0
19.47,19.48,0.0
19.48,19.49,0.0
19.49,19.5,220.63576443274928
19.5,19.51,214.35469250725862
19.51,19.52,208.25243050696125
19.52,19.53,202.3238880603845
19.53,19.54,198.8480847635095
19.54,19.55,197.70280407057922
19.55,19.56,195.43199368684918
19.56,19.57,192.07458901020084
19.57,19.58,187.68759933422865
19.58,19.59,181.29427068562208
19.59,19.6,181.29427068562208
19.6,19.61,181.29427068562208
19.61,19.62,190.9683207820833
19.62,19.63,193.1872657849691
19.63,19.64,194.30638823072118
19.64,19.65,195.43199368684918
19.65,19.66,197.70280407057922
19.66,19.67,198.8480847635095
19.67,19.68,200.0
19.68,19.69,208.25243050696125
19.69,19.7,203.49593842053727
19.7,19.71,188.7748625363387
19.71,19.72,202.3238880603845
19.72,19.73,0.0
19.73,19.74,0.0
19.74,19.75,0.0
19.75,19.76,0.0
19.76,19.77,0.0
19.77,19.78,0.0
19.78,19.79,0.0
19.79,19.8,0.0
19.8,19.81,0.0
19.81,19.82,0.0
19.82,19.83,0.0
19.83,19.84,0.0
19.84,19.85,0.0
19.85,19.86,203.49593842053727
19.86,19.87,197.70280407057922
19.87,19.88,193.1872657849691
19.88,19.89,189.86842419010387
19.89,19.9,184.46323871718783
19.9,19.91,180.25009252216606
19.91,19.92,175.11872228117704
19.92,19.93,170.13343219017113
19.93,19.94,166.24757922855756
19.94,19.95,164.33806291715806
19.95,19.96,162.4504792712471
19.96,19.97,161.5148333600084
19.97,19.98,160.5845763726753
19.98,19.99,160.5845763726753
19.99,20.0,159.65967727133
20.0,20.01,159.65967727133
20.01,20.02,158.74010519681997
20.02,20.03,158.74010519681997
20.03,20.04,157.8258294677283
20.04,20.05,157.8258294677283
20.05,20.06,158.74010519681997
20.06,20.07,159.65967727133
20.07,20.08,160.5845763726753
20.08,20.09,162.4504792712471
20.09,20.1,156.91681957935012
20.1,20.11,155.11447618337345
20.11,20.12,155.11447618337345
20.12,20.13,154.22108254079407
20.13,20.14,154.22108254079407
20.14,20.15,153.33283446696007
20.15,20.16,152.4497023255762
20.16,20.17,152.4497023255762
20.17,20.18,151.57165665103983
20.18,20.19,151.57165665103983
20.19,20.2,151.57165665103983
20.2,20.21,151.57165665103983
20.21,20.22,0.0
20.22,20.23,0.0
20.23,20.24,0.0
20.24,20.25,0.0
20.25,20.26,153.33283446696007
20.26,20.27,153.33283446696007
20.27,20.28,152.4497023255762
20.28,20.29,152.4497023255762
20.29,20.3,152.4497023255762
20.3,20.31,152.4497023255762
20.31,20.32,0.0
20.32,20.33,0.0
20.33,20.34,0.0
20.34,20.35,0.0
20.35,20.36,0.0
20.36,20.37,0.0
20.37,20.38,0.0
20.38,20.39,0.0
20.39,20.4,0.0
20.4,20.41,0.0
20.41,20.42,0.0
20.42,20.43,0.0
20.43,20.44,0.0
20.44,20.45,0.0
20.45,20.46,0.0
20.46,20.47,0.0
20.47,20.48,0.0
20.48,20.49,0.0
20.49,20.5,0.0
20.5,20.51,0.0
20.51,20.52,0.0
20.52,20.53,0.0
20.53,20.54,0.0
20.54,20.55,0.0
20.55,20.56,0.0
20.56,20.57,0.0
20.57,20.58,0.0
20.58,20.59,0.0
20.59,20.6,0.0
20.6,20.61,0.0
20.61,20.62,0.0
20.62,20.63,0.0
20.63,20.64,0.0
20.64,20.65,0.0
20.65,20.66,0.0
20.66,20.67,0.0
20.67,20.68,0.0
20.68,20.69,176.1331747192297
20.69,20.7,177.1535038204721
20.7,20.71,179.21192838239048
20.71,20.72,179.21192838239048
20.72,20.73,180.25009252216606
20.73,20.74,181.29427068562208
20.74,20.75,184.46323871718783
20.75,20.76,185.5318233882619
20.76,20.77,186.60659830736148
20.77,20.78,186.60659830736148
20.78,20.79,187.68759933422865
20.79,20.8,187.68759933422865
20.8,20.81,187.68759933422865
20.81,20.82,188.7748625363387
20.82,20.83,188.7748625363387
20.83,20.84,189.86842419010387
20.84,20.85,190.9683207820833
20.85,20.86,190.9683207820833
20.86,20.87,190.9683207820833
20.87,20.88,190.9683207820833
20.88,20.89,189.86842419010387
20.89,20.9,189.86842419010387
20.9,20.91,189.86842419010387
20.91,20.92,187.68759933422865
20.92,20.93,186.60659830736148
20.93,20.94,182.34449771164336
20.94,20.95,179.21192838239048
20.95,20.96,178.17974362806785
20.96,20.97,185.5318233882619
20.97,20.98,196.56411970905023
20.98,20.99,198.8480847635095
20.99,21.0,200.0
21.0,21.01,200.0
21.01,21.02,201.15858821357068
21.02,21.03,202.3238880603845
21.03,21.04,205.86044732869837
21.04,21.05,216.8453740602837
21.05,21.06,229.73967099940702
21.06,21.07,225.79288096122622
21.07,21.08,213.12010032569688
21.08,21.09,0.0
21.09,21.1,0.0
21.1,21.11,0.0
21.11,21.12,239.21922434748075
21.12,21.13,225.79288096122622
21.13,21.14,224.49240966187455
21.14,21.15,224.49240966187455
21.15,21.16,223.1994285260446
21.16,21.17,221.91389441356898
21.17,21.18,216.8453740602837
21.18,21.19,213.12010032569688
21.19,21.2,203.49593842053727
21.2,21.21,0.0
21.21,21.22,0.0
21.22,21.23,0.0
21.23,21.24,0.0
21.24,21.25,0.0
21.25,21.26,0.0
21.26,21.27,225.79288096122622
21.27,21.28,223.1994285260446
21.28,21.29,220.63576443274928
21.29,21.3,215.59643660857103
21.3,21.31,214.35469250725862
21.31,21.32,211.89261887185907
21.32,21.33,211.89261887185907
21.33,21.34,211.89261887185907
21.34,21.35,211.89261887185907
21.35,21.36,211.89261887185907
21.36,21.37,211.89261887185907
21.37,21.38,211.89261887185907
21.38,21.39,209.4588245641254
21.39,21.4,209.4588245641254
21.4,21.41,210.67220719096719
21.41,21.42,209.4588245641254
21.42,21.43,209.4588245641254
21.43,21.44,209.4588245641254
21.44,21.45,208.25243050696125
21.45,21.46,209.4588245641254
21.46,21.47,210.67220719096719
21.47,21.48,208.25243050696125
21.48,21.49,194.30638823072118
21.49,21.5,182.34449771164336
21.5,21.51,190.9683207820833
21.51,21.52,209.4588245641254
21.52,21.53,0.0
21.53,21.54,0.0
21.54,21.55,207.05298476827548
21.55,21.56,204.67477839935495
21.56,21.57,203.49593842053727
21.57,21.58,203.49593842053727
21.58,21.59,202.3238880603845
21.59,21.6,202.3238880603845
21.6,21.61,202.3238880603845
21.61,21.62,202.3238880603845
21.62,21.63,202.3238880603845
21.63,21.64,202.3238880603845
21.64,21.65,202.3238880603845
21.65,21.66,200.0
21.66,21.67,198.8480847635095
21.67,21.68,196.56411970905023
21.68,21.69,194.30638823072118
21.69,21.7,193.1872657849691
21.7,21.71,192.07458901020084
21.71,21.72,193.1872657849691
21.72,21.73,201.15858821357068
21.73,21.74,192.07458901020084
21.74,21.75,192.07458901020084
21.75,21.76,0.0
21.76,21.77,0.0
21.77,21.78,0.0
21.78,21.79,0.0
21.79,21.8,0.0
21.8,21.81,0.0
21.81,21.82,0.0
21.82,21.83,203.49593842053727
21.83,21.84,201.15858821357068
21.84,21.85,201.15858821357068
21.85,21.86,195.43199368684918
21.86,21.87,182.34449771164336
21.87,21.88,172.11028744886602
21.88,21.89,168.1792830507429
21.89,21.9,171.11900513652043
21.9,21.91,175.11872228117704
21.91,21.92,176.1331747192297
21.92,21.93,0.0
21.93,21.94,194.30638823072118
21.94,21.95,194.30638823072118
21.95,21.96,192.07458901020084
21.96,21.97,190.9683207820833
21.97,21.98,189.86842419010387
21.98,21.99,187.68759933422865
21.99,22.0,186.60659830736148
22.0,22.01,185.5318233882619
22.01,22.02,185.5318233882619
22.02,22.03,185.5318233882619
22.03,22.04,184.46323871718783
22.04,22.05,184.46323871718783
22.05,22.06,184.46323871718783
22.06,22.07,183.40080864093423
22.07,22.08,0.0
22.08,22.09,180.25009252216606
22.09,22.1,181.29427068562208
22.1,22.11,181.29427068562208
22.11,22.12,182.34449771164336
22.12,22.13,181.29427068562208
22.13,22.14,180.25009252216606
22.14,22.15,179.21192838239048
22.15,22.16,176.1331747192297
22.16,22.17,177.1535038204721
22.17,22.18,179.21192838239048
22.18,22.19,180.25009252216606
22.19,22.2,179.21192838239048
22.2,22.21,179.21192838239048
22.21,22.22,178.17974362806785
22.22,22.23,177.1535038204721
22.23,22.24,177.1535038204721
22.24,22.25,177.1535038204721
22.25,22.26,179.21192838239048
22.26,22.27,180.25009252216606
22.27,22.28,180.25009252216606
22.28,22.29,180.25009252216606
22.29,22.3,180.25009252216606
22.3,22.31,180.25009252216606
22.31,22.32,180.25009252216606
22.32,22.33,180.25009252216606
22.33,22.34,180.25009252216606
22.34,22.35,181.29427068562208
22.35,22.36,192.07458901020084
22.36,22.37,195.43199368684918
22.37,22.38,201.15858821357068
22.38,22.39,201.15858821357068
22.39,22.4,190.9683207820833
22.4,22.41,182.34449771164336
22.41,22.42,181.29427068562208
22.42,22.43,0.0
22.43,22.44,0.0
22.44,22.45,0.0
22.45,22.46,231.07053937445463
22.46,22.47,220.63576443274928
22.47,22.48,214.35469250725862
22.48,22.49,213.12010032569688
22.49,22.5,210.67220719096719
22.5,22.51,210.67220719096719
22.51,22.52,209.4588245641254
22.52,22.53,209.4588245641254
22.53,22.54,210.67220719096719
22.54,22.55,211.89261887185907
22.55,22.56,213.12010032569688
22.56,22.57,214.35469250725862
22.57,22.58,215.59643660857103
22.58,22.59,216.8453740602837
22.59,22.6,218.10154653305153
22.6,22.61,219.36499593892518
22.61,22.62,220.63576443274928
22.62,22.63,220.63576443274928
22.63,22.64,220.63576443274928
22.64,22.65,220.63576443274928
22.65,22.66,221.91389441356898
22.66,22.67,221.91389441356898
22.67,22.68,223.1994285260446
22.68,22.69,223.1994285260446
22.69,22.7,221.91389441356898
22.7,22.71,221.91389441356898
22.71,22.72,223.1994285260446
22.72,22.73,223.1994285260446
22.73,22.74,0.0
22.74,22.75,0.0
22.75,22.76,0.0
22.76,22.77,0.0
22.77,22.78,0.0
22.78,22.79,0.0
22.79,22.8,0.0
22.8,22.81,0.0
22.81,22.82,232.40911739156792
22.82,22.83,220.63576443274928
22.83,22.84,216.8453740602837
22.84,22.85,215.59643660857103
22.85,22.86,215.59643660857103
22.86,22.87,215.59643660857103
22.87,22.88,215.59643660857103
22.88,22.89,216.8453740602837
22.89,22.9,216.8453740602837
22.9,22.91,218.10154653305153
22.91,22.92,218.10154653305153
22.92,22.93,219.36499593892518
22.93,22.94,219.36499593892518
22.94,22.95,219.36499593892518
22.95,22.96,219.36499593892518
22.96,22.97,220.63576443274928
22.97,22.98,219.36499593892518
22.98,22.99,219.36499593892518
22.99,23.0,219.36499593892518
23.0,23.01,218.10154653305153
23.01,23.02,218.10154653305153
23.02,23.03,218.10154653305153
23.03,23.04,218.10154653305153
23.04,23.05,219.36499593892518
23.05,23.06,218.10154653305153
23.06,23.07,218.10154653305153
23.07,23.08,218.10154653305153
23.08,23.09,216.8453740602837
23.09,23.1,216.8453740602837
23.1,23.11,218.10154653305153
23.11,23.12,218.10154653305153
23.12,23.13,218.10154653305153
23.13,23.14,218.10154653305153
23.14,23.15,218.10154653305153
23.15,23.16,218.10154653305153
23.16,23.17,218.10154653305153
23.17,23.18,216.8453740602837
23.18,23.19,216.8453740602837
23.19,23.2,216.8453740602837
23.2,23.21,215.59643660857103
23.21,23.22,216.8453740602837
23.22,23.23,216.8453740602837
23.23,23.24,219.36499593892518
23.24,23.25,221.91389441356898
23.25,23.26,0.0
23.26,23.27,0.0
23.27,23.28,0.0
23.28,23.29,0.0
23.29,23.3,0.0
23.3,23.31,0.0
23.31,23.32,0.0
23.32,23.33,0.0
23.33,23.34,0.0
23.34,23.35,0.0
23.35,23.36,0.0
23.36,23.37,0.0
23.37,23.38,0.0
23.38,23.39,0.0
23.39,23.4,0.0
23.4,23.41,0.0
23.41,23.42,0.0
23.42,23.43,0.0
23.43,23.44,0.0
23.44,23.45,0.0
23.45,23.46,0.0
23.46,23.47,0.0
23.47,23.48,0.0
23.48,23.49,0.0
23.49,23.5,0.0
23.5,23.51,0.0
23.51,23.52,0.0
23.52,23.53,0.0
23.53,23.54,0.0
23.54,23.55,0.0
23.55,23.56,0.0
23.56,23.57,0.0
23.57,23.58,0.0
23.58,23.59,0.0
23.59,23.6,0.0
23.6,23.61,0.0
23.61,23.62,0.0
23.62,23.63,0.0
23.63,23.64,0.0
23.64,23.65,0.0
23.65,23.66,0.0
23.66,23.67,0.0
23.67,23.68,0.0
23.68,23.69,179.21192838239048
23.69,23.7,174.11011265922482
23.7,23.71,173.1073122012286
23.71,23.72,173.1073122012286
23.72,23.73,173.1073122012286
23.73,23.74,177.1535038204721
23.74,23.75,180.25009252216606
23.75,23.76,182.34449771164336
23.76,23.77,182.34449771164336
23.77,23.78,182.34449771164336
23.78,23.79,182.34449771164336
23.79,23.8,180.25009252216606
23.8,23.81,175.11872228117704
23.81,23.82,172.11028744886602
23.82,23.83,172.11028744886602
23.83,23.84,174.11011265922482
23.84,23.85,175.11872228117704
23.85,23.86,185.5318233882619
23.86,23.87,190.9683207820833
23.87,23.88,194.30638823072118
23.88,23.89,195.43199368684918
23.89,23.9,195.43199368684918
23.9,23.91,195.43199368684918
23.91,23.92,194.30638823072118
23.92,23.93,194.30638823072118
23.93,23.94,192.07458901020084
23.94,23.95,188.7748625363387
23.95,23.96,188.7748625363387
23.96,23.97,188.7748625363387
23.97,23.98,189.86842419010387
23.98,23.99,193.1872657849691
23.99,24.0,198.8480847635095
24.0,24.01,200.0
24.01,24.02,201.15858821357068
24.02,24.03,201.15858821357068
24.03,24.04,201.15858821357068
24.04,24.05,202.3238880603845
24.05,24.06,203.49593842053727
24.06,24.07,0.0
24.07,24.08,204.67477839935495
24.08,24.09,201.15858821357068
24.09,24.1,202.3238880603845
24.1,24.11,201.15858821357068
24.11,24.12,201.15858821357068
24.12,24.13,200.0
24.13,24.14,0.0
24.14,24.15,0.0
24.15,24.16,211.89261887185907
24.16,24.17,207.05298476827548
24.17,24.18,204.67477839935495
24.18,24.19,203.49593842053727
24.19,24.2,202.3238880603845
24.2,24.21,198.8480847635095
24.21,24.22,195.43199368684918
24.22,24.23,194.30638823072118
24.23,24.24,186.60659830736148
24.24,24.25,192.07458901020084
24.25,24.26,194.30638823072118
24.26,24.27,195.43199368684918
24.27,24.28,196.56411970905023
24.28,24.29,211.89261887185907
24.29,24.3,213.12010032569688
24.3,24.31,219.36499593892518
24.31,24.32,224.49240966187455
24.32,24.33,205.86044732869837
24.33,24.34,0.0
24.34,24.35,0.0
24.35,24.36,213.12010032569688
24.36,24.37,213.12010032569688
24.37,24.38,211.89261887185907
24.38,24.39,209.4588245641254
24.39,24.4,207.05298476827548
24.4,24.41,202.3238880603845
24.41,24.42,189.86842419010387
24.42,24.43,180.25009252216606
24.43,24.44,174.11011265922482
24.44,24.45,182.34449771164336
24.45,24.46,189.86842419010387
24.46,24.47,190.9683207820833
24.47,24.48,190.9683207820833
24.48,24.49,190.9683207820833
24.49,24.5,190.9683207820833
24.5,24.51,190.9683207820833
24.51,24.52,189.86842419010387
24.52,24.53,188.7748625363387
24.53,24.54,187.68759933422865
24.54,24.55,186.60659830736148
24.55,24.56,185.5318233882619
24.56,24.57,185.5318233882619
24.57,24.58,185.5318233882619
24.58,24.59,186.60659830736148
24.59,24.6,186.60659830736148
24.6,24.61,186.60659830736148
24.61,24.62,186.60659830736148
24.62,24.63,187.68759933422865
24.63,24.64,187.68759933422865
24.64,24.65,187.68759933422865
24.65,24.66,186.60659830736148
24.66,24.67,186.60659830736148
24.67,24.68,185.5318233882619
24.68,24.69,183.40080864093423
24.69,24.7,182.34449771164336
24.7,24.71,182.34449771164336
24.71,24.72,181.29427068562208
24.72,24.73,181.29427068562208
24.73,24.74,182.34449771164336
24.74,24.75,182.34449771164336
24.75,24.76,182.34449771164336
24.76,24.77,182.34449771164336
24.77,24.78,182.34449771164336
24.78,24.79,183.40080864093423
24.79,24.8,182.34449771164336
24.8,24.81,183.40080864093423
24.81,24.82,182.34449771164336
24.82,24.83,179.21192838239048
24.83,24.84,180.25009252216606
24.84,24.85,183.40080864093423
24.85,24.86,0.0
24.86,24.87,195.43199368684918
24.87,24.88,188.7748625363387
24.88,24.89,185.5318233882619
24.89,24.9,183.40080864093423
24.9,24.91,181.29427068562208
24.91,24.92,180.25009252216606
24.92,24.93,180.25009252216606
24.93,24.94,180.25009252216606
24.94,24.95,181.29427068562208
24.95,24.96,182.34449771164336
24.96,24.97,182.34449771164336
24.97,24.98,183.40080864093423
24.98,24.99,182.34449771164336
24.99,25.0,179.21192838239048
25.0,25.01,180.25009252216606
25.01,25.02,187.68759933422865
25.02,25.03,190.9683207820833
25.03,25.04,192.07458901020084
25.04,25.05,192.07458901020084
25.05,25.06,192.07458901020084
25.06,25.07,192.07458901020084
25.07,25.08,192.07458901020084
25.08,25.09,193.1872657849691
25.09,25.1,194.30638823072118
25.1,25.11,196.56411970905023
25.11,25.12,198.8480847635095
25.12,25.13,201.15858821357068
25.13,25.14,203.49593842053727
25.14,25.15,205.86044732869837
25.15,25.16,207.05298476827548
25.16,25.17,208.25243050696125
25.17,25.18,209.4588245641254
25.18,25.19,209.4588245641254
25.19,25.2,209.4588245641254
25.2,25.21,209.4588245641254
25.21,25.22,208.25243050696125
25.22,25.23,208.25243050696125
25.23,25.24,208.25243050696125
25.24,25.25,208.25243050696125
25.25,25.26,208.25243050696125
25.26,25.27,208.25243050696125
25.27,25.28,208.25243050696125
25.28,25.29,208.25243050696125
25.29,25.3,209.4588245641254
25.3,25.31,209.4588245641254
25.31,25.32,209.4588245641254
25.32,25.33,210.67220719096719
25.33,25.34,210.67220719096719
25.34,25.35,210.67220719096719
25.35,25.36,209.4588245641254
25.36,25.37,209.4588245641254
25.37,25.38,210.67220719096719
25.38,25.39,211.89261887185907
25.39,25.4,211.89261887185907
25.4,25.41,210.67220719096719
25.41,25.42,210.67220719096719
25.42,25.43,210.67220719096719
25.43,25.44,209.4588245641254
25.44,25.45,210.67220719096719
25.45,25.46,210.67220719096719
25.46,25.47,211.89261887185907
25.47,25.48,213.12010032569688
25.48,25.49,214.35469250725862
25.49,25.5,214.35469250725862
25.5,25.51,214.35469250725862
25.51,25.52,214.35469250725862
25.52,25.53,214.35469250725862
25.53,25.54,214.35469250725862
25.54,25.55,213.12010032569688
25.55,25.56,213.12010032569688
25.56,25.57,213.12010032569688
25.57,25.58,213.12010032569688
25.58,25.59,211.89261887185907
25.59,25.6,211.89261887185907
25.6,25.61,211.89261887185907
25.61,25.62,211.89261887185907
25.62,25.63,211.89261887185907
25.63,25.64,211.89261887185907
25.64,25.65,211.89261887185907
25.65,25.66,211.89261887185907
25.66,25.67,211.89261887185907
25.67,25.68,211.89261887185907
25.68,25.69,211.89261887185907
25.69,25.7,210.67220719096719
25.7,25.71,210.67220719096719
25.71,25.72,210.67220719096719
25.72,25.73,210.67220719096719
25.73,25.74,210.67220719096719
25.74,25.75,209.4588245641254
25.75,25.76,0.0
25.76,25.77,0.0
25.77,25.78,0.0
25.78,25.79,0.0
25.79,25.8,0.0
25.8,25.81,0.0
25.81,25.82,0.0
25.82,25.83,0.0
25.83,25.84,0.0
25.84,25.85,0.0
25.85,25.86,0.0
25.86,25.87,0.0
25.87,25.88,0.0
25.88,25.89,0.0
25.89,25.9,0.0
25.9,25.91,0.0
25.91,25.92,0.0
25.92,25.93,0.0
25.93,25.94,0.0
25.94,25.95,0.0
25.95,25.96,0.0
25.96,25.97,0.0
25.97,25.98,0.0
25.98,25.99,0.0
25.99,26.0,0.0
26.0,26.01,0.0
26.01,26.02,0.0
26.02,26.03,0.0
26.03,26.04,0.0
26.04,26.05,0.0
26.05,26.06,0.0
26.06,26.07,0.0
26.07,26.08,0.0
26.08,26.09,0.0
26.09,26.1,0.0
26.1,26.11,0.0
26.11,26.12,0.0
26.12,26.13,194.30638823072118
26.13,26.14,200.0
26.14,26.15,201.15858821357068
26.15,26.16,203.49593842053727
26.16,26.17,205.86044732869837
26.17,26.18,207.05298476827548
26.18,26.19,208.25243050696125
26.19,26.2,209.4588245641254
26.2,26.21,209.4588245641254
26.21,26.22,205.86044732869837
26.22,26.23,197.70280407057922
26.23,26.24,192.07458901020084
26.24,26.25,193.1872657849691
26.25,26.26,0.0
26.26,26.27,0.0
26.27,26.28,0.0
26.28,26.29,224.49240966187455
26.29,26.3,232.40911739156792
26.3,26.31,235.10958125672175
26.31,26.32,219.36499593892518
26.32,26.33,216.8453740602837
26.33,26.34,216.8453740602837
26.34,26.35,215.59643660857103
26.35,26.36,215.59643660857103
26.36,26.37,215.59643660857103
26.37,26.38,216.8453740602837
26.38,26.39,216.8453740602837
26.39,26.4,218.10154653305153
26.4,26.41,218.10154653305153
26.41,26.42,220.63576443274928
26.42,26.43,221.91389441356898
26.43,26.44,223.1994285260446
26.44,26.45,224.49240966187455
26.45,26.46,224.49240966187455
26.46,26.47,224.49240966187455
26.47,26.48,224.49240966187455
26.48,26.49,223.1994285260446
26.49,26.5,221.91389441356898
26.5,26.51,221.91389441356898
26.51,26.52,223.1994285260446
26.52,26.53,227.10088581417543
26.53,26.54,229.73967099940702
26.54,26.55,228.41646786215435
26.55,26.56,228.41646786215435
26.56,26.57,227.10088581417543
26.57,26.58,224.49240966187455
26.58,26.59,220.63576443274928
26.59,26.6,219.36499593892518
26.6,26.61,218.10154653305153
26.61,26.62,216.8453740602837
26.62,26.63,215.59643660857103
26.63,26.64,210.67220719096719
26.64,26.65,201.15858821357068
26.65,26.66,197.70280407057922
26.66,26.67,193.1872657849691
26.67,26.68,192.07458901020084
26.68,26.69,190.9683207820833
26.69,26.7,189.86842419010387
26.7,26.71,189.86842419010387
26.71,26.72,187.68759933422865
26.72,26.73,189.86842419010387
26.73,26.74,198.8480847635095
26.74,26.75,216.8453740602837
26.75,26.76,216.8453740602837
26.76,26.77,215.59643660857103
26.77,26.78,215.59643660857103
26.78,26.79,215.59643660857103
26.79,26.8,214.35469250725862
26.8,26.81,214.35469250725862
26.81,26.82,213.12010032569688
26.82,26.83,214.35469250725862
26.83,26.84,214.35469250725862
26.84,26.85,214.35469250725862
26.85,26.86,215.59643660857103
26.86,26.87,215.59643660857103
26.87,26.88,214.35469250725862
26.88,26.89,213.12010032569688
26.89,26.9,213.12010032569688
26.9,26.91,213.12010032569688
26.91,26.92,213.12010032569688
26.92,26.93,213.12010032569688
26.93,26.94,213.12010032569688
26.94,26.95,213.12010032569688
26.95,26.96,211.89261887185907
26.96,26.97,210.67220719096719
26.97,26.98,209.4588245641254
26.98,26.99,209.4588245641254
26.99,27.0,209.4588245641254
27.0,27.01,208.25243050696125
27.01,27.02,208.25243050696125
27.02,27.03,208.25243050696125
27.03,27.04,207.05298476827548
27.04,27.05,207.05298476827548
27.05,27.06,205.86044732869837
27.06,27.07,205.86044732869837
27.07,27.08,205.86044732869837
27.08,27.09,205.86044732869837
27.09,27.1,205.86044732869837
27.1,27.11,204.67477839935495
27.11,27.12,204.67477839935495
27.12,27.13,204.67477839935495
27.13,27.14,204.67477839935495
27.14,27.15,204.67477839935495
27.15,27.16,204.67477839935495
27.16,27.17,204.67477839935495
27.17,27.18,204.67477839935495
27.18,27.19,203.49593842053727
27.19,27.2,203.49593842053727
27.2,27.21,202.3238880603845
27.21,27.22,202.3238880603845
27.22,27.23,201.15858821357068
27.23,27.24,201.15858821357068
27.24,27.25,201.15858821357068
27.25,27.26,201.15858821357068
27.26,27.27,200.0
27.27,27.28,198.8480847635095
27.28,27.29,196.56411970905023
27.29,27.3,188.7748625363387
27.3,27.31,201.15858821357068
27.31,27.32,201.15858821357068
27.32,27.33,201.15858821357068
27.33,27.34,202.3238880603845
27.34,27.35,203.49593842053727
27.35,27.36,211.89261887185907
27.36,27.37,229.73967099940702
27.37,27.38,221.91389441356898
27.38,27.39,215.59643660857103
27.39,27.4,213.12010032569688
27.4,27.41,213.12010032569688
27.41,27.42,211.89261887185907
27.42,27.43,210.67220719096719
27.43,27.44,208.25243050696125
27.44,27.45,208.25243050696125
27.45,27.46,209.4588245641254
27.46,27.47,210.67220719096719
27.47,27.48,210.67220719096719
27.48,27.49,210.67220719096719
27.49,27.5,210.67220719096719
27.5,27.51,208.25243050696125
27.51,27.52,204.67477839935495
27.52,27.53,198.8480847635095
27.53,27.54,183.40080864093423
27.54,27.55,189.86842419010387
27.55,27.56,194.30638823072118
27.56,27.57,196.56411970905023
27.57,27.58,196.56411970905023
27.58,27.59,196.56411970905023
27.59,27.6,196.56411970905023
27.6,27.61,196.56411970905023
27.61,27.62,197.70280407057922
27.62,27.63,197.70280407057922
27.63,27.64,197.70280407057922
27.64,27.65,197.70280407057922
27.65,27.66,195.43199368684918
27.66,27.67,193.1872657849691
27.67,27.68,192.07458901020084
27.68,27.69,192.07458901020084
27.69,27.7,192.07458901020084
27.7,27.71,192.07458901020084
27.71,27.72,192.07458901020084
27.72,27.73,192.07458901020084
27.73,27.74,190.9683207820833
27.74,27.75,190.9683207820833
27.75,27.76,190.9683207820833
27.76,27.77,189.86842419010387
27.77,27.78,189.86842419010387
27.78,27.79,188.7748625363387
27.79,27.8,188.7748625363387
27.8,27.81,187.68759933422865
27.81,27.82,187.68759933422865
27.82,27.83,188.7748625363387
27.83,27.84,189.86842419010387
27.84,27.85,189.86842419010387
27.85,27.86,190.9683207820833
27.86,27.87,192.07458901020084
27.87,27.88,192.07458901020084
27.88,27.89,192.07458901020084
27.89,27.9,190.9683207820833
27.9,27.91,190.9683207820833
27.91,27.92,190.9683207820833
27.92,27.93,190.9683207820833
27.93,27.94,192.07458901020084
27.94,27.95,0.0
27.95,27.96,227.10088581417543
27.96,27.97,229.73967099940702
27.97,27.98,232.40911739156792
27.98,27.99,227.10088581417543
27.99,28.0,0.0
28.0,28.01,0.0
28.01,28.02,0.0
28.02,28.03,0.0
28.03,28.04,0.0
28.04,28.05,0.0
28.05,28.06,0.0
28.06,28.07,0.0
28.07,28.08,0.0
28.08,28.09,204.67477839935495
28.09,28.1,202.3238880603845
28.1,28.11,200.0
28.11,28.12,197.70280407057922
28.12,28.13,195.43199368684918
28.13,28.14,193.1872657849691
28.14,28.15,192.07458901020084
28.15,28.16,190.9683207820833
28.16,28.17,193.1872657849691
28.17,28.18,197.70280407057922
28.18,28.19,200.0
28.19,28.2,202.3238880603845
28.2,28.21,203.49593842053727
28.21,28.22,205.86044732869837
28.22,28.23,208.25243050696125
28.23,28.24,211.89261887185907
28.24,28.25,214.35469250725862
28.25,28.26,216.8453740602837
28.26,28.27,219.36499593892518
28.27,28.28,221.91389441356898
28.28,28.29,224.49240966187455
28.29,28.3,225.79288096122622
28.3,28.31,228.41646786215435
28.31,28.32,229.73967099940702
28.32,28.33,231.07053937445463
28.33,28.34,231.07053937445463
28.34,28.35,231.07053937445463
28.35,28.36,229.73967099940702
28.36,28.37,229.73967099940702
28.37,28.38,228.41646786215435
28.38,28.39,227.10088581417543
28.39,28.4,225.79288096122622
28.4,28.41,224.49240966187455
28.41,28.42,221.91389441356898
28.42,28.43,219.36499593892518
28.43,28.44,216.8453740602837
28.44,28.45,214.35469250725862
28.45,28.46,213.12010032569688
28.46,28.47,211.89261887185907
28.47,28.48,211.89261887185907
28.48,28.49,210.67220719096719
28.49,28.5,210.67220719096719
28.5,28.51,210.67220719096719
28.51,28.52,209.4588245641254
28.52,28.53,209.4588245641254
28.53,28.54,200.0
28.54,28.55,197.70280407057922
28.55,28.56,209.4588245641254
28.56,28.57,211.89261887185907
28.57,28.58,198.8480847635095
28.58,28.59,202.3238880603845
28.59,28.6,204.67477839935495
28.6,28.61,205.86044732869837
28.61,28.62,204.67477839935495
28.62,28.63,204.67477839935495
28.63,28.64,204.67477839935495
28.64,28.65,193.1872657849691
28.65,28.66,193.1872657849691
28.66,28.67,195.43199368684918
28.67,28.68,203.49593842053727
28.68,28.69,205.86044732869837
28.69,28.7,204.67477839935495
28.7,28.71,203.49593842053727
28.71,28.72,202.3238880603845
28.72,28.73,201.15858821357068
28.73,28.74,200.0
28.74,28.75,197.70280407057922
28.75,28.76,195.43199368684918
28.76,28.77,188.7748625363387
28.77,28.78,186.60659830736148
28.78,28.79,185.5318233882619
28.79,28.8,183.40080864093423
28.8,28.81,188.7748625363387
28.81,28.82,196.56411970905023
28.82,28.83,196.56411970905023
28.83,28.84,196.56411970905023
28.84,28.85,196.56411970905023
28.85,28.86,196.56411970905023
28.86,28.87,196.56411970905023
28.87,28.88,197.70280407057922
28.88,28.89,197.70280407057922
28.89,28.9,197.70280407057922
28.9,28.91,198.8480847635095
28.91,28.92,198.8480847635095
28.92,28.93,198.8480847635095
28.93,28.94,198.8480847635095
28.94,28.95,197.70280407057922
28.95,28.96,196.56411970905023
28.96,28.97,195.43199368684918
28.97,28.98,194.30638823072118
28.98,28.99,195.43199368684918
28.99,29.0,194.30638823072118
29.0,29.01,193.1872657849691
29.01,29.02,193.1872657849691
29.02,29.03,190.9683207820833
29.03,29.04,187.68759933422865
29.04,29.05,186.60659830736148
29.05,29.06,186.60659830736148
29.06,29.07,185.5318233882619
29.07,29.08,185.5318233882619
29.08,29.09,187.68759933422865
29.09,29.1,187.68759933422865
29.1,29.11,187.68759933422865
29.11,29.12,182.34449771164336
29.12,29.13,180.25009252216606
29.13,29.14,179.21192838239048
29.14,29.15,178.17974362806785
29.15,29.16,174.11011265922482
29.16,29.17,176.1331747192297
29.17,29.18,167.2106416577019
29.18,29.19,176.1331747192297
29.19,29.2,182.34449771164336
29.2,29.21,183.40080864093423
29.21,29.22,182.34449771164336
29.22,29.23,181.29427068562208
29.23,29.24,182.34449771164336
29.24,29.25,182.34449771164336
29.25,29.26,185.5318233882619
29.26,29.27,196.56411970905023
29.27,29.28,211.89261887185907
29.28,29.29,215.59643660857103
29.29,29.3,0.0
29.3,29.31,0.0
29.31,29.32,0.0
29.32,29.33,0.0
29.33,29.34,0.0
29.34,29.35,0.0
29.35,29.36,0.0
29.36,29.37,0.0
29.37,29.38,0.0
29.38,29.39,0.0
29.39,29.4,0.0
29.4,29.41,0.0
29.41,29.42,0.0
29.42,29.43,0.0
29.43,29.44,0.0
29.44,29.45,224.49240966187455
29.45,29.46,224.49240966187455
29.46,29.47,224.49240966187455
29.47,29.48,224.49240966187455
29.48,29.49,224.49240966187455
29.49,29.5,224.49240966187455
29.5,29.51,223.1994285260446
29.51,29.52,224.49240966187455
29.52,29.53,224.49240966187455
29.53,29.54,225.79288096122622
29.54,29.55,225.79288096122622
29.55,29.56,225.79288096122622
29.56,29.57,225.79288096122622
29.57,29.58,225.79288096122622
29.58,29.59,224.49240966187455
29.59,29.6,223.1994285260446
29.6,29.61,221.91389441356898
29.61,29.62,221.91389441356898
29.62,29.63,220.63576443274928
29.63,29.64,220.63576443274928
29.64,29.65,220.63576443274928
29.65,29.66,220.63576443274928
29.66,29.67,220.63576443274928
29.67,29.68,220.63576443274928
29.68,29.69,219.36499593892518
29.69,29.7,218.10154653305153
29.7,29.71,216.8453740602837
29.71,29.72,215.59643660857103
29.72,29.73,218.10154653305153
29.73,29.74,216.8453740602837
29.74,29.75,215.59643660857103
29.75,29.76,214.35469250725862
29.76,29.77,211.89261887185907
29.77,29.78,210.67220719096719
29.78,29.79,210.67220719096719
29.79,29.8,210.67220719096719
29.8,29.81,211.89261887185907
29.81,29.82,213.12010032569688
29.82,29.83,214.35469250725862
29.83,29.84,215.59643660857103
29.84,29.85,216.8453740602837
29.85,29.86,218.10154653305153
29.86,29.87,219.36499593892518
29.87,29.88,221.91389441356898
29.88,29.89,221.91389441356898
29.89,29.9,218.10154653305153
29.9,29.91,215.59643660857103
29.91,29.92,216.8453740602837
29.92,29.93,215.59643660857103
29.93,29.94,215.59643660857103
29.94,29.95,215.59643660857103
29.95,29.96,215.59643660857103
29.96,29.97,214.35469250725862
29.97,29.98,215.59643660857103
29.98,29.99,215.59643660857103
29.99,30.0,214.35469250725862
30.0,30.01,215.59643660857103
30.01,30.02,215.59643660857103
30.02,30.03,215.59643660857103
30.03,30.04,215.59643660857103
30.04,30.05,214.35469250725862
30.05,30.06,215.59643660857103
30.06,30.07,215.59643660857103
30.07,30.08,215.59643660857103
30.08,30.09,216.8453740602837
30.09,30.1,0.0
30.1,30.11,0.0
30.11,30.12,0.0
30.12,30.13,0.0
30.13,30.14,0.0
30.14,30.15,0.0
30.15,30.16,0.0
30.16,30.17,0.0
30.17,30.18,0.0
30.18,30.19,0.0
30.19,30.2,0.0
30.2,30.21,0.0
30.21,30.22,0.0
30.22,30.23,0.0
30.23,30.24,0.0
30.24,30.25,0.0
30.25,30.26,0.0
30.26,30.27,0.0
30.27,30.28,0.0
30.28,30.29,0.0
30.29,30.3,0.0
30.3,30.31,0.0
30.31,30.32,0.0
30.32,30.33,0.0
30.33,30.34,0.0
30.34,30.35,0.0
30.35,30.36,0.0
30.36,30.37,0.0
30.37,30.38,0.0
30.38,30.39,0.0
30.39,30.4,0.0
30.4,30.41,0.0
30.41,30.42,259.3679109302019
30.42,30.43,257.8740616879158
30.43,30.44,253.44393965741244
30.44,30.45,247.65527207548806
30.45,30.46,244.81070866093103
30.46,30.47,240.60500721642333
30.47,30.48,237.8414230005442
30.48,30.49,236.47155720542963
30.49,30.5,236.47155720542963
30.5,30.51,236.47155720542963
30.51,30.52,237.8414230005442
30.52,30.53,239.21922434748075
30.53,30.54,241.99881784385852
30.54,30.55,243.40070273411817
30.55,30.56,243.40070273411817
30.56,30.57,243.40070273411817
30.57,30.58,243.40070273411817
30.58,30.59,241.99881784385852
30.59,30.6,240.60500721642333
30.6,30.61,239.21922434748075
30.61,30.62,239.21922434748075
30.62,30.63,239.21922434748075
30.63,30.64,237.8414230005442
30.64,30.65,236.47155720542963
30.65,30.66,233.75544971224912
30.66,30.67,233.75544971224912
30.67,30.68,232.40911739156792
30.68,30.69,232.40911739156792
30.69,30.7,232.40911739156792
30.7,30.71,232.40911739156792
30.71,30.72,231.07053937445463
30.72,30.73,232.40911739156792
30.73,30.74,243.40070273411817
30.74,30.75,232.40911739156792
30.75,30.76,233.75544971224912
30.76,30.77,235.10958125672175
30.77,30.78,0.0
30.78,30.79,0.0
30.79,30.8,0.0
30.8,30.81,247.65527207548806
30.81,30.82,235.10958125672175
30.82,30.83,233.75544971224912
30.83,30.84,233.75544971224912
30.84,30.85,232.40911739156792
30.85,30.86,231.07053937445463
30.86,30.87,218.10154653305153
30.87,30.88,196.56411970905023
30.88,30.89,186.60659830736148
30.89,30.9,194.30638823072118
30.9,30.91,201.15858821357068
30.91,30.92,202.3238880603845
30.92,30.93,201.15858821357068
30.93,30.94,201.15858821357068
30.94,30.95,201.15858821357068
30.95,30.96,197.70280407057922
30.96,30.97,195.43199368684918
30.97,30.98,193.1872657849691
30.98,30.99,189.86842419010387
30.99,31.0,192.07458901020084
31.0,31.01,194.30638823072118
31.01,31.02,196.56411970905023
31.02,31.03,196.56411970905023
31.03,31.04,196.56411970905023
31.04,31.05,196.56411970905023
31.05,31.06,195.43199368684918
31.06,31.07,194.30638823072118
31.07,31.08,194.30638823072118
31.08,31.09,192.07458901020084
31.09,31.1,190.9683207820833
31.1,31.11,189.86842419010387
31.11,31.12,190.9683207820833
31.12,31.13,192.07458901020084
31.13,31.14,192.07458901020084
31.14,31.15,193.1872657849691
31.15,31.16,193.1872657849691
31.16,31.17,194.30638823072118
31.17,31.18,194.30638823072118
31.18,31.19,194.30638823072118
31.19,31.2,194.30638823072118
31.2,31.21,193.1872657849691
31.21,31.22,193.1872657849691
31.22,31.23,193.1872657849691
31.23,31.24,194.30638823072118
31.24,31.25,192.07458901020084
31.25,31.26,189.86842419010387
31.26,31.27,189.86842419010387
31.27,31.28,188.7748625363387
31.28,31.29,188.7748625363387
31.29,31.3,187.68759933422865
31.3,31.31,187.68759933422865
31.31,31.32,186.60659830736148
31.32,31.33,184.46323871718783
31.33,31.34,181.29427068562208
31.34,31.35,177.1535038204721
31.35,31.36,174.11011265922482
31.36,31.37,173.1073122012286
31.37,31.38,171.11900513652043
31.38,31.39,170.13343219017113
31.39,31.4,175.11872228117704
31.4,31.41,180.25009252216606
31.41,31.42,186.60659830736148
31.42,31.43,186.60659830736148
31.43,31.44,186.60659830736148
31.44,31.45,186.60659830736148
31.45,31.46,187.68759933422865
31.46,31.47,188.7748625363387
31.47,31.48,194.30638823072118
31.48,31.49,214.35469250725862
31.49,31.5,204.67477839935495
31.5,31.51,0.0
31.51,31.52,0.0
31.52,31.53,0.0
31.53,31.54,0.0
31.54,31.55,0.0
31.55,31.56,0.0
31.56,31.57,0.0
31.57,31.58,0.0
31.58,31.59,0.0
31.59,31.6,0.0
31.6,31.61,0.0
31.61,31.62,0.0
31.62,31.63,0.0
31.63,31.64,223.1994285260446
31.64,31.65,221.91389441356898
31.65,31.66,225.79288096122622
31.66,31.67,228.41646786215435
31.67,31.68,228.41646786215435
31.68,31.69,227.10088581417543
31.69,31.7,228.41646786215435
31.7,31.71,227.10088581417543
31.71,31.72,228.41646786215435
31.72,31.73,228.41646786215435
31.73,31.74,229.73967099940702
31.74,31.75,232.40911739156792
31.75,31.76,232.40911739156792
31.76,31.77,233.75544971224912
31.77,31.78,235.10958125672175
31.78,31.79,235.10958125672175
31.79,31.8,236.47155720542963
31.8,31.81,236.47155720542963
31.81,31.82,236.47155720542963
31.82,31.83,236.47155720542963
31.83,31.84,235.10958125672175
31.84,31.85,233.75544971224912
31.85,31.86,231.07053937445463
31.86,31.87,228.41646786215435
31.87,31.88,225.79288096122622
31.88,31.89,221.91389441356898
31.89,31.9,219.36499593892518
31.9,31.91,218.10154653305153
31.91,31.92,216.8453740602837
31.92,31.93,220.63576443274928
31.93,31.94,220.63576443274928
31.94,31.95,219.36499593892518
31.95,31.96,218.10154653305153
31.96,31.97,216.8453740602837
31.97,31.98,215.59643660857103
31.98,31.99,214.35469250725862
31.99,32.0,213.12010032569688
32.0,32.01,211.89261887185907
32.01,32.02,210.67220719096719
32.02,32.03,210.67220719096719
32.03,32.04,210.67220719096719
32.04,32.05,213.12010032569688
32.05,32.06,214.35469250725862
32.06,32.07,216.8453740602837
32.07,32.08,215.59643660857103
32.08,32.09,214.35469250725862
32.09,32.1,213.12010032569688
32.1,32.11,214.35469250725862
32.11,32.12,214.35469250725862
32.12,32.13,215.59643660857103
32.13,32.14,215.59643660857103
32.14,32.15,215.59643660857103
32.15,32.16,215.59643660857103
32.16,32.17,0.0
32.17,32.18,0.0
32.18,32.19,0.0
32.19,32.2,188.7748625363387
32.2,32.21,198.8480847635095
32.21,32.22,200.0
32.22,32.23,200.0
32.23,32.24,204.67477839935495
32.24,32.25,198.8480847635095
32.25,32.26,198.8480847635095
32.26,32.27,197.70280407057922
32.27,32.28,196.56411970905023
32.28,32.29,196.56411970905023
32.29,32.3,194.30638823072118
32.3,32.31,195.43199368684918
32.31,32.32,207.05298476827548
32.32,32.33,195.43199368684918
32.33,32.34,201.15858821357068
32.34,32.35,200.0
32.35,32.36,205.86044732869837
32.36,32.37,0.0
32.37,32.38,0.0
32.38,32.39,0.0
32.39,32.4,0.0
32.4,32.41,0.0
32.41,32.42,0.0
32.42,32.43,0.0
32.43,32.44,0.0
32.44,32.45,0.0
32.45,32.46,0.0
32.46,32.47,0.0
32.47,32.48,492.4577653379664
32.48,32.49,478.4384486949615
32.49,32.5,470.2191625134435
32.5,32.51,464.81823478313584
32.51,32.52,462.14107874890925
32.52,32.53,459.47934199881405
32.53,32.54,456.8329357243087
32.54,32.55,451.58576192245243
32.55,32.56,451.58576192245243
32.56,32.57,456.8329357243087
32.57,32.58,464.81823478313584
32.58,32.59,467.51089942449823
32.59,32.6,467.51089942449823
32.6,32.61,467.51089942449823
32.61,32.62,467.51089942449823
32.62,32.63,464.81823478313584
32.63,32.64,464.81823478313584
32.64,32.65,462.14107874890925
32.65,32.66,459.47934199881405
32.66,32.67,456.8329357243087
32.67,32.68,454.20177162835085
32.68,32.69,451.58576192245243
32.69,32.7,454.20177162835085
32.7,32.71,459.47934199881405
32.71,32.72,464.81823478313584
32.72,32.73,467.51089942449823
32.73,32.74,475.6828460010884
32.74,32.75,481.21001443284666
32.75,32.76,486.80140546823634
32.76,32.77,495.3105441509761
32.77,32.78,495.3105441509761
32.78,32.79,0.0
32.79,32.8,0.0
32.8,32.81,0.0
32.81,32.82,0.0
32.82,32.83,0.0
32.83,32.84,0.0
32.84,32.85,0.0
32.85,32.86,0.0
32.86,32.87,0.0
32.87,32.88,227.10088581417543
32.88,32.89,224.49240966187455
32.89,32.9,221.91389441356898
32.9,32.91,220.63576443274928
32.91,32.92,216.8453740602837
32.92,32.93,214.35469250725862
32.93,32.94,214.35469250725862
32.94,32.95,214.35469250725862
32.95,32.96,214.35469250725862
32.96,32.97,215.59643660857103
32.97,32.98,216.8453740602837
32.98,32.99,218.10154653305153
32.99,33.0,220.63576443274928
33.0,33.01,223.1994285260446
33.01,33.02,224.49240966187455
33.02,33.03,224.49240966187455
33.03,33.04,224.49240966187455
33.04,33.05,221.91389441356898
33.05,33.06,220.63576443274928
33.06,33.07,220.63576443274928
33.07,33.08,219.36499593892518
33.08,33.09,218.10154653305153
33.09,33.1,216.8453740602837
33.1,33.11,216.8453740602837
33.11,33.12,216.8453740602837
33.12,33.13,218.10154653305153
33.13,33.14,219.36499593892518
33.14,33.15,219.36499593892518
33.15,33.16,219.36499593892518
33.16,33.17,219.36499593892518
33.17,33.18,220.63576443274928
33.18,33.19,220.63576443274928
33.19,33.2,220.63576443274928
33.2,33.21,216.8453740602837
33.21,33.22,215.59643660857103
33.22,33.23,214.35469250725862
33.23,33.24,214.35469250725862
33.24,33.25,214.35469250725862
33.25,33.26,213.12010032569688
33.26,33.27,215.59643660857103
33.27,33.28,0.0
33.28,33.29,0.0
33.29,33.3,0.0
33.3,33.31,0.0
33.31,33.32,0.0
33.32,33.33,0.0
33.33,33.34,0.0
33.34,33.35,0.0
33.35,33.36,0.0
33.36,33.37,0.0
33.37,33.38,0.0
33.38,33.39,0.0
33.39,33.4,0.0
33.4,33.41,0.0
33.41,33.42,0.0
33.42,33.43,0.0
33.43,33.44,0.0
33.44,33.45,0.0
33.45,33.46,0.0
33.46,33.47,0.0
33.47,33.48,0.0
33.48,33.49,0.0
33.49,33.5,0.0
33.5,33.51,0.0
33.51,33.52,0.0
33.52,33.53,0.0
33.53,33.54,0.0
33.54,33.55,0.0
33.55,33.56,0.0
33.56,33.57,0.0
33.57,33.58,0.0
33.58,33.59,0.0
33.59,33.6,0.0
33.6,33.61,0.0
33.61,33.62,0.0
33.62,33.63,0.0
33.63,33.64,0.0
33.64,33.65,0.0
33.65,33.66,0.0
33.66,33.67,0.0
33.67,33.68,0.0
33.68,33.69,0.0
33.69,33.7,239.21922434748075
33.7,33.71,240.60500721642333
33.71,33.72,239.21922434748075
33.72,33.73,239.21922434748075
33.73,33.74,239.21922434748075
33.74,33.75,237.8414230005442
33.75,33.76,0.0
33.76,33.77,0.0
33.77,33.78,0.0
33.78,33.79,0.0
33.79,33.8,0.0
33.8,33.81,0.0
33.81,33.82,0.0
33.82,33.83,0.0
33.83,33.84,0.0
33.84,33.85,276.38257599355524
33.85,33.86,289.4538474880756
33.86,33.87,286.12918648705164
33.87,33.88,266.96797083400685
33.88,33.89,254.91212546385245
33.89,33.9,251.98420997897463
33.9,33.91,249.08992447176465
33.91,33.92,247.65527207548806
33.92,33.93,246.2288826689832
33.93,33.94,244.81070866093103
33.94,33.95,244.81070866093103
33.95,33.96,247.65527207548806
33.96,33.97,257.8740616879158
33.97,33.98,260.87041395311286
33.98,33.99,262.38162088748976
33.99,34.0,262.38162088748976
34.0,34.01,262.38162088748976
34.01,34.02,262.38162088748976
34.02,34.03,262.38162088748976
34.03,34.04,262.38162088748976
34.04,34.05,263.9015821545788
34.05,34.06,263.9015821545788
34.06,34.07,265.4303484677136
34.07,34.08,276.38257599355524
34.08,34.09,294.5134116201051
34.09,34.1,301.3973362949152
34.1,34.11,303.14331330207966
34.11,34.12,304.8994046511524
34.12,34.13,308.44216508158814
34.13,34.14,319.31935454265994
34.14,34.15,358.423856764781
34.15,34.16,381.93664156416656
34.16,34.17,379.7368483802076
34.17,34.18,0.0
34.18,34.19,0.0
34.19,34.2,0.0
34.2,34.21,0.0
34.21,34.22,294.5134116201051
34.22,34.23,279.5939868358039
34.23,34.24,279.5939868358039
34.24,34.25,279.5939868358039
34.25,34.26,281.2136583244699
34.26,34.27,281.2136583244699
34.27,34.28,281.2136583244699
34.28,34.29,282.842712474619
34.29,34.3,284.4812036394563
34.3,34.31,286.12918648705164
34.31,34.32,289.4538474880756
34.32,34.33,291.13063656843747
34.33,34.34,294.5134116201051
34.34,34.35,297.93549262454053
34.35,34.36,301.3973362949152
34.36,34.37,306.66566893392013
34.37,34.38,313.83363915870024
34.38,34.39,317.4802103936399
34.39,34.4,0.0
34.4,34.41,0.0
34.41,34.42,0.0
34.42,34.43,0.0
34.43,34.44,0.0
34.44,34.45,0.0
34.45,34.46,0.0
34.46,34.47,0.0
34.47,34.48,0.0
34.48,34.49,0.0
34.49,34.5,0.0
34.5,34.51,0.0
34.51,34.52,319.31935454265994
34.52,34.53,310.2289523667469
34.53,34.54,279.5939868358039
34.54,34.55,274.79072949161787
34.55,34.56,271.6344887654643
34.56,34.57,270.06998923363795
34.57,34.58,268.51450055605267
34.58,34.59,265.4303484677136
34.59,34.6,253.44393965741244
34.6,34.61,235.10958125672175
34.61,34.62,235.10958125672175
34.62,34.63,243.40070273411817
34.63,34.64,249.08992447176465
34.64,34.65,250.53288772482563
34.65,34.66,251.98420997897463
34.66,34.67,251.98420997897463
34.67,34.68,253.44393965741244
34.68,34.69,253.44393965741244
34.69,34.7,257.8740616879158
34.7,34.71,247.65527207548806
34.71,34.72,0.0
34.72,34.73,0.0
34.73,34.74,0.0
34.74,34.75,0.0
34.75,34.76,0.0
34.76,34.77,0.0
34.77,34.78,0.0
34.78,34.79,249.08992447176465
34.79,34.8,243.40070273411817
34.8,34.81,241.99881784385852
34.81,34.82,240.60500721642333
34.82,34.83,239.21922434748075
34.83,34.84,237.8414230005442
34.84,34.85,237.8414230005442
34.85,34.86,237.8414230005442
34.86,34.87,237.8414230005442
34.87,34.88,237.8414230005442
34.88,34.89,237.8414230005442
34.89,34.9,237.8414230005442
34.9,34.91,237.8414230005442
34.91,34.92,236.47155720542963
34.92,34.93,235.10958125672175
34.93,34.94,235.10958125672175
34.94,34.95,236.47155720542963
34.95,34.96,236.47155720542963
34.96,34.97,235.10958125672175
34.97,34.98,235.10958125672175
34.98,34.99,235.10958125672175
34.99,35.0,235.10958125672175
35.0,35.01,233.75544971224912
35.01,35.02,233.75544971224912
35.02,35.03,233.75544971224912
35.03,35.04,233.75544971224912
35.04,35.05,232.40911739156792
35.05,35.06,232.40911739156792
35.06,35.07,231.07053937445463
35.07,35.08,228.41646786215435
35.08,35.09,224.49240966187455
35.09,35.1,216.8453740602837
35.1,35.11,215.59643660857103
35.11,35.12,227.10088581417543
35.12,35.13,227.10088581417543
35.13,35.14,225.79288096122622
35.14,35.15,225.79288096122622
35.15,35.16,225.79288096122622
35.16,35.17,225.79288096122622
35.17,35.18,225.79288096122622
35.18,35.19,225.79288096122622
35.19,35.2,225.79288096122622
35.2,35.21,225.79288096122622
35.21,35.22,224.49240966187455
35.22,35.23,224.49240966187455
35.23,35.24,224.49240966187455
35.24,35.25,223.1994285260446
35.25,35.26,221.91389441356898
35.26,35.27,221.91389441356898
35.27,35.28,220.63576443274928
35.28,35.29,220.63576443274928
35.29,35.3,220.63576443274928
35.3,35.31,220.63576443274928
35.31,35.32,220.63576443274928
35.32,35.33,220.63576443274928
35.33,35.34,220.63576443274928
35.34,35.35,220.63576443274928
35.35,35.36,220.63576443274928
35.36,35.37,220.63576443274928
35.37,35.38,220.63576443274928
35.38,35.39,220.63576443274928
35.39,35.4,221.91389441356898
35.4,35.41,221.91389441356898
35.41,35.42,221.91389441356898
35.42,35.43,221.91389441356898
35.43,35.44,221.91389441356898
35.44,35.45,221.91389441356898
35.45,35.46,220.63576443274928
35.46,35.47,220.63576443274928
35.47,35.48,220.63576443274928
35.48,35.49,220.63576443274928
35.49,35.5,220.63576443274928
35.5,35.51,219.36499593892518
35.51,35.52,219.36499593892518
35.52,35.53,219.36499593892518
35.53,35.54,219.36499593892518
35.54,35.55,219.36499593892518
35.55,35.56,220.63576443274928
35.56,35.57,220.63576443274928
35.57,35.58,220.63576443274928
35.58,35.59,220.63576443274928
35.59,35.6,220.63576443274928
35.6,35.61,219.36499593892518
35.61,35.62,219.36499593892518
35.62,35.63,218.10154653305153
35.63,35.64,216.8453740602837
35.64,35.65,215.59643660857103
35.65,35.66,214.35469250725862
35.66,35.67,213.12010032569688
35.67,35.68,213.12010032569688
35.68,35.69,211.89261887185907
35.69,35.7,211.89261887185907
35.7,35.71,211.89261887185907
35.71,35.72,211.89261887185907
35.72,35.73,211.89261887185907
35.73,35.74,213.12010032569688
35.74,35.75,214.35469250725862
35.75,35.76,214.35469250725862
35.76,35.77,215.59643660857103
35.77,35.78,215.59643660857103
35.78,35.79,214.35469250725862
35.79,35.8,214.35469250725862
35.8,35.81,214.35469250725862
35.81,35.82,213.12010032569688
35.82,35.83,211.89261887185907
35.83,35.84,213.12010032569688
35.84,35.85,215.59643660857103
35.85,35.86,215.59643660857103
35.86,35.87,215.59643660857103
35.87,35.88,215.59643660857103
35.88,35.89,215.59643660857103
35.89,35.9,215.59643660857103
35.9,35.91,215.59643660857103
35.91,35.92,215.59643660857103
35.92,35.93,215.59643660857103
35.93,35.94,215.59643660857103
35.94,35.95,215.59643660857103
35.95,35.96,215.59643660857103
35.96,35.97,214.35469250725862
35.97,35.98,214.35469250725862
35.98,35.99,215.59643660857103
35.99,36.0,216.8453740602837
36.0,36.01,216.8453740602837
36.01,36.02,215.59643660857103
36.02,36.03,215.59643660857103
36.03,36.04,214.35469250725862
36.04,36.05,214.35469250725862
36.05,36.06,0.0
36.06,36.07,0.0
36.07,36.08,0.0
36.08,36.09,0.0
36.09,36.1,0.0
36.1,36.11,0.0
36.11,36.12,0.0
36.12,36.13,0.0
36.13,36.14,0.0
36.14,36.15,0.0
36.15,36.16,0.0
36.16,36.17,0.0
36.17,36.18,0.0
36.18,36.19,273.20805135087915
36.19,36.2,270.06998923363795
36.2,36.21,266.96797083400685
36.21,36.22,265.4303484677136
36.22,36.23,265.4303484677136
36.23,36.24,263.9015821545788
36.24,36.25,263.9015821545788
36.25,36.26,265.4303484677136
36.26,36.27,265.4303484677136
36.27,36.28,265.4303484677136
36.28,36.29,259.3679109302019
36.29,36.3,265.4303484677136
36.3,36.31,265.4303484677136
36.31,36.32,265.4303484677136
36.32,36.33,265.4303484677136
36.33,36.34,265.4303484677136
36.34,36.35,265.4303484677136
36.35,36.36,271.6344887654643
36.36,36.37,0.0
36.37,36.38,0.0
36.38,36.39,0.0
36.39,36.4,0.0
36.4,36.41,297.93549262454053
36.41,36.42,289.4538474880756
36.42,36.43,277.98364396846745
36.43,36.44,273.20805135087915
36.44,36.45,271.6344887654643
36.45,36.46,268.51450055605267
36.46,36.47,265.4303484677136
36.47,36.48,262.38162088748976
36.48,36.49,253.44393965741244
36.49,36.5,0.0
36.5,36.51,0.0
36.51,36.52,0.0
36.52,36.53,195.43199368684918
36.53,36.54,197.70280407057922
36.54,36.55,197.70280407057922
36.55,36.56,196.56411970905023
36.56,36.57,195.43199368684918
36.57,36.58,195.43199368684918
36.58,36.59,194.30638823072118
36.59,36.6,193.1872657849691
36.6,36.61,192.07458901020084
36.61,36.62,192.07458901020084
36.62,36.63,192.07458901020084
36.63,36.64,192.07458901020084
36.64,36.65,190.9683207820833
36.65,36.66,189.86842419010387
36.66,36.67,188.7748625363387
36.67,36.68,187.68759933422865
36.68,36.69,186.60659830736148
36.69,36.7,186.60659830736148
36.7,36.71,186.60659830736148
36.71,36.72,186.60659830736148
36.72,36.73,186.60659830736148
36.73,36.74,185.5318233882619
36.74,36.75,194.30638823072118
36.75,36.76,0.0
36.76,36.77,0.0
36.77,36.78,0.0
36.78,36.79,0.0
36.79,36.8,0.0
36.8,36.81,0.0
36.81,36.82,0.0
36.82,36.83,0.0
36.83,36.84,0.0
36.84,36.85,0.0
36.85,36.86,0.0
36.86,36.87,0.0
36.87,36.88,0.0
36.88,36.89,0.0
36.89,36.9,0.0
36.9,36.91,0.0
36.91,36.92,0.0
36.92,36.93,0.0
36.93,36.94,0.0
36.94,36.95,0.0
36.95,36.96,0.0
36.96,36.97,0.0
36.97,36.98,0.0
36.98,36.99,0.0
36.99,37.0,0.0
37.0,37.01,0.0
37.01,37.02,0.0
37.02,37.03,0.0
37.03,37.04,0.0
37.04,37.05,0.0
37.05,37.06,0.0
37.06,37.07,0.0
37.07,37.08,0.0
37.08,37.09,0.0
37.09,37.1,0.0
37.1,37.11,0.0
37.11,37.12,0.0
37.12,37.13,0.0
37.13,37.14,0.0
37.14,37.15,0.0
37.15,37.16,0.0
37.16,37.17,0.0
37.17,37.18,0.0
37.18,37.19,0.0
37.19,37.2,0.0
37.2,37.21,0.0
37.21,37.22,0.0
37.22,37.23,0.0
37.23,37.24,0.0
37.24,37.25,0.0
37.25,37.26,0.0
37.26,37.27,0.0
37.27,37.28,0.0
37.28,37.29,0.0
37.29,37.3,0.0
37.3,37.31,232.40911739156792
37.31,37.32,221.91389441356898
37.32,37.33,216.8453740602837
37.33,37.34,214.35469250725862
37.34,37.35,213.12010032569688
37.35,37.36,210.67220719096719
37.36,37.37,208.25243050696125
37.37,37.38,204.67477839935495
37.38,37.39,201.15858821357068
37.39,37.4,196.56411970905023
37.4,37.41,192.07458901020084
37.41,37.42,189.86842419010387
37.42,37.43,187.68759933422865
37.43,37.44,184.46323871718783
37.44,37.45,183.40080864093423
37.45,37.46,181.29427068562208
37.46,37.47,180.25009252216606
37.47,37.48,178.17974362806785
37.48,37.49,177.1535038204721
37.49,37.5,177.1535038204721
37.5,37.51,177.1535038204721
37.51,37.52,176.1331747192297
37.52,37.53,175.11872228117704
37.53,37.54,173.1073122012286
37.54,37.55,171.11900513652043
37.55,37.56,167.2106416577019
37.56,37.57,164.33806291715806
37.57,37.58,162.4504792712471
37.58,37.59,177.1535038204721
37.59,37.6,171.11900513652043
37.6,37.61,0.0
37.61,37.62,0.0
37.62,37.63,0.0
37.63,37.64,172.11028744886602
37.64,37.65,170.13343219017113
37.65,37.66,169.1535357262897
37.66,37.67,166.24757922855756
37.67,37.68,166.24757922855756
37.68,37.69,166.24757922855756
37.69,37.7,167.2106416577019
37.7,37.71,169.1535357262897
37.71,37.72,171.11900513652043
37.72,37.73,172.11028744886602
37.73,37.74,174.11011265922482
37.74,37.75,176.1331747192297
37.75,37.76,174.11011265922482
37.76,37.77,173.1073122012286
37.77,37.78,171.11900513652043
37.78,37.79,169.1535357262897
37.79,37.8,168.1792830507429
37.8,37.81,168.1792830507429
37.81,37.82,168.1792830507429
37.82,37.83,170.13343219017113
37.83,37.84,171.11900513652043
37.84,37.85,172.11028744886602
37.85,37.86,171.11900513652043
37.86,37.87,171.11900513652043
37.87,37.88,169.1535357262897
37.88,37.89,169.1535357262897
37.89,37.9,0.0
37.9,37.91,0.0
37.91,37.92,0.0
37.92,37.93,0.0
37.93,37.94,0.0
37.94,37.95,0.0
37.95,37.96,0.0
37.96,37.97,0.0
37.97,37.98,0.0
37.98,37.99,0.0
37.99,38.0,0.0
38.0,38.01,257.8740616879158
38.01,38.02,247.65527207548806
38.02,38.03,244.81070866093103
38.03,38.04,243.40070273411817
38.04,38.05,241.99881784385852
38.05,38.06,239.21922434748075
38.06,38.07,237.8414230005442
38.07,38.08,237.8414230005442
38.08,38.09,239.21922434748075
38.09,38.1,240.60500721642333
38.1,38.11,244.81070866093103
38.11,38.12,250.53288772482563
38.12,38.13,253.44393965741244
38.13,38.14,256.3888163841458
38.14,38.15,260.87041395311286
38.15,38.16,240.60500721642333
38.16,38.17,240.60500721642333
38.17,38.18,0.0
38.18,38.19,296.2195104573129
38.19,38.2,297.93549262454053
38.2,38.21,291.13063656843747
38.21,38.22,276.38257599355524
38.22,38.23,265.4303484677136
38.23,38.24,260.87041395311286
38.24,38.25,256.3888163841458
38.25,38.26,249.08992447176465
38.26,38.27,254.91212546385245
38.27,38.28,266.96797083400685
38.28,38.29,254.91212546385245
38.29,38.3,232.40911739156792
38.3,38.31,247.65527207548806
38.31,38.32,246.2288826689832
38.32,38.33,233.75544971224912
38.33,38.34,249.08992447176465
38.34,38.35,250.53288772482563
38.35,38.36,249.08992447176465
38.36,38.37,246.2288826689832
38.37,38.38,0.0
38.38,38.39,0.0
38.39,38.4,0.0
38.4,38.41,0.0
38.41,38.42,221.91389441356898
38.42,38.43,218.10154653305153
38.43,38.44,215.59643660857103
38.44,38.45,213.12010032569688
38.45,38.46,208.25243050696125
38.46,38.47,203.49593842053727
38.47,38.48,201.15858821357068
38.48,38.49,196.56411970905023
38.49,38.5,195.43199368684918
38.5,38.51,183.40080864093423
38.51,38.52,179.21192838239048
38.52,38.53,184.46323871718783
38.53,38.54,186.60659830736148
38.54,38.55,188.7748625363387
38.55,38.56,187.68759933422865
38.56,38.57,186.60659830736148
38.57,38.58,185.5318233882619
38.58,38.59,183.40080864093423
38.59,38.6,179.21192838239048
38.6,38.61,177.1535038204721
38.61,38.62,178.17974362806785
38.62,38.63,179.21192838239048
38.63,38.64,180.25009252216606
38.64,38.65,180.25009252216606
38.65,38.66,180.25009252216606
38.66,38.67,179.21192838239048
38.67,38.68,178.17974362806785
38.68,38.69,178.17974362806785
38.69,38.7,177.1535038204721
38.7,38.71,176.1331747192297
38.71,38.72,176.1331747192297
38.72,38.73,175.11872228117704
38.73,38.74,175.11872228117704
38.74,38.75,174.11011265922482
38.75,38.76,174.11011265922482
38.76,38.77,174.11011265922482
38.77,38.78,0.0
38.78,38.79,0.0
38.79,38.8,0.0
38.8,38.81,0.0
38.81,38.82,0.0
38.82,38.83,0.0
38.83,38.84,0.0
38.84,38.85,0.0
38.85,38.86,0.0
38.86,38.87,0.0
38.87,38.88,0.0
38.88,38.89,0.0
38.89,38.9,0.0
38.9,38.91,0.0
38.91,38.92,0.0
38.92,38.93,0.0
38.93,38.94,0.0
38.94,38.95,0.0
38.95,38.96,0.0
38.96,38.97,0.0
38.97,38.98,0.0
38.98,38.99,0.0
38.99,39.0,0.0
39.0,39.01,0.0
39.01,39.02,0.0
39.02,39.03,0.0
39.03,39.04,0.0
39.04,39.05,0.0
39.05,39.06,0.0
39.06,39.07,0.0
39.07,39.08,0.0
39.08,39.09,0.0
39.09,39.1,0.0
39.1,39.11,202.3238880603845
39.11,39.12,197.70280407057922
39.12,39.13,195.43199368684918
39.13,39.14,194.30638823072118
39.14,39.15,193.1872657849691
39.15,39.16,190.9683207820833
39.16,39.17,186.60659830736148
39.17,39.18,177.1535038204721
39.18,39.19,193.1872657849691
39.19,39.2,193.1872657849691
39.2,39.21,194.30638823072118
39.21,39.22,189.86842419010387
39.22,39.23,0.0
39.23,39.24,0.0
39.24,39.25,0.0
39.25,39.26,0.0
39.26,39.27,0.0
39.27,39.28,0.0
39.28,39.29,0.0
39.29,39.3,0.0
39.3,39.31,0.0
39.31,39.32,0.0
39.32,39.33,0.0
39.33,39.34,0.0
39.34,39.35,237.8414230005442
39.35,39.36,235.10958125672175
39.36,39.37,232.40911739156792
39.37,39.38,228.41646786215435
39.38,39.39,225.79288096122622
39.39,39.4,223.1994285260446
39.4,39.41,220.63576443274928
39.41,39.42,219.36499593892518
39.42,39.43,219.36499593892518
39.43,39.44,218.10154653305153
39.44,39.45,215.59643660857103
39.45,39.46,214.35469250725862
39.46,39.47,211.89261887185907
39.47,39.48,0.0
39.48,39.49,0.0
39.49,39.5,0.0
39.5,39.51,0.0
39.51,39.52,0.0
39.52,39.53,186.60659830736148
39.53,39.54,186.60659830736148
39.54,39.55,188.7748625363387
39.55,39.56,188.7748625363387
39.56,39.57,188.7748625363387
39.57,39.58,188.7748625363387
39.58,39.59,187.68759933422865
39.59,39.6,187.68759933422865
39.6,39.61,186.60659830736148
39.61,39.62,186.60659830736148
39.62,39.63,184.46323871718783
39.63,39.64,184.46323871718783
39.64,39.65,181.29427068562208
39.65,39.66,185.5318233882619
39.66,39.67,186.60659830736148
39.67,39.68,0.0
39.68,39.69,0.0
39.69,39.7,0.0
39.7,39.71,208.25243050696125
39.71,39.72,208.25243050696125
39.72,39.73,208.25243050696125
39.73,39.74,209.4588245641254
39.74,39.75,209.4588245641254
39.75,39.76,210.67220719096719
39.76,39.77,209.4588245641254
39.77,39.78,208.25243050696125
39.78,39.79,205.86044732869837
39.79,39.8,203.49593842053727
39.8,39.81,201.15858821357068
39.81,39.82,196.56411970905023
39.82,39.83,192.07458901020084
39.83,39.84,190.9683207820833
39.84,39.85,189.86842419010387
39.85,39.86,198.8480847635095
39.86,39.87,205.86044732869837
39.87,39.88,188.7748625363387
39.88,39.89,0.0
39.89,39.9,0.0
39.9,39.91,0.0
39.91,39.92,0.0
39.92,39.93,0.0
39.93,39.94,0.0
39.94,39.95,0.0
39.95,39.96,0.0
39.96,39.97,0.0
39.97,39.98,0.0
39.98,39.99,0.0
39.99,40.0,0.0
40.0,40.01,0.0
40.01,40.02,0.0
40.02,40.03,0.0
40.03,40.04,0.0
40.04,40.05,0.0
40.05,40.06,0.0
40.06,40.07,0.0
40.07,40.08,0.0
40.08,40.09,0.0
40.09,40.1,0.0
40.1,40.11,0.0
40.11,40.12,0.0
40.12,40.13,176.1331747192297
40.13,40.14,174.11011265922482
40.14,40.15,174.11011265922482
40.15,40.16,175.11872228117704
40.16,40.17,175.11872228117704
40.17,40.18,177.1535038204721
40.18,40.19,178.17974362806785
40.19,40.2,180.25009252216606
40.2,40.21,182.34449771164336
40.21,40.22,184.46323871718783
40.22,40.23,186.60659830736148
40.23,40.24,189.86842419010387
40.24,40.25,192.07458901020084
40.25,40.26,194.30638823072118
40.26,40.27,196.56411970905023
40.27,40.28,193.1872657849691
40.28,40.29,194.30638823072118
40.29,40.3,202.3238880603845
40.3,40.31,0.0
40.31,40.32,0.0
40.32,40.33,0.0
40.33,40.34,0.0
40.34,40.35,0.0
40.35,40.36,0.0
40.36,40.37,0.0
40.37,40.38,0.0
40.38,40.39,231.07053937445463
40.39,40.4,228.41646786215435
40.4,40.41,227.10088581417543
40.41,40.42,225.79288096122622
40.42,40.43,223.1994285260446
40.43,40.44,221.91389441356898
40.44,40.45,220.63576443274928
40.45,40.46,220.63576443274928
40.46,40.47,220.63576443274928
40.47,40.48,221.91389441356898
40.48,40.49,223.1994285260446
40.49,40.5,224.49240966187455
40.5,40.51,224.49240966187455
40.51,40.52,225.79288096122622
40.52,40.53,225.79288096122622
40.53,40.54,227.10088581417543
40.54,40.55,225.79288096122622
40.55,40.56,225.79288096122622
40.56,40.57,224.49240966187455
40.57,40.58,221.91389441356898
40.58,40.59,220.63576443274928
40.59,40.6,219.36499593892518
40.6,40.61,218.10154653305153
40.61,40.62,216.8453740602837
40.62,40.63,215.59643660857103
40.63,40.64,214.35469250725862
40.64,40.65,214.35469250725862
40.65,40.66,213.12010032569688
40.66,40.67,213.12010032569688
40.67,40.68,211.89261887185907
40.68,40.69,213.12010032569688
40.69,40.7,211.89261887185907
40.7,40.71,210.67220719096719
40.71,40.72,207.05298476827548
40.72,40.73,203.49593842053727
40.73,40.74,195.43199368684918
40.74,40.75,193.1872657849691
40.75,40.76,193.1872657849691
40.76,40.77,192.07458901020084
40.77,40.78,192.07458901020084
40.78,40.79,190.9683207820833
40.79,40.8,189.86842419010387
40.8,40.81,189.86842419010387
40.81,40.82,189.86842419010387
40.82,40.83,189.86842419010387
40.83,40.84,189.86842419010387
40.84,40.85,189.86842419010387
40.85,40.86,189.86842419010387
40.86,40.87,188.7748625363387
40.87,40.88,187.68759933422865
40.88,40.89,186.60659830736148
40.89,40.9,186.60659830736148
40.9,40.91,186.60659830736148
40.91,40.92,187.68759933422865
40.92,40.93,188.7748625363387
40.93,40.94,189.86842419010387
40.94,40.95,189.86842419010387
40.95,40.96,189.86842419010387
40.96,40.97,192.07458901020084
40.97,40.98,190.9683207820833
40.98,40.99,186.60659830736148
40.99,41.0,183.40080864093423
41.0,41.01,181.29427068562208
41.01,41.02,183.40080864093423
41.02,41.03,185.5318233882619
41.03,41.04,185.5318233882619
41.04,41.05,185.5318233882619
41.05,41.06,185.5318233882619
41.06,41.07,184.46323871718783
41.07,41.08,183.40080864093423
41.08,41.09,182.34449771164336
41.09,41.1,185.5318233882619
41.1,41.11,193.1872657849691
41.11,41.12,195.43199368684918
41.12,41.13,196.56411970905023
41.13,41.14,197.70280407057922
41.14,41.15,200.0
41.15,41.16,203.49593842053727
41.16,41.17,204.67477839935495
41.17,41.18,203.49593842053727
41.18,41.19,203.49593842053727
41.19,41.2,202.3238880603845
41.2,41.21,202.3238880603845
41.21,41.22,201.15858821357068
41.22,41.23,200.0
41.23,41.24,200.0
41.24,41.25,202.3238880603845
41.25,41.26,202.3238880603845
41.26,41.27,201.15858821357068
41.27,41.28,202.3238880603845
41.28,41.29,203.49593842053727
41.29,41.3,202.3238880603845
41.3,41.31,202.3238880603845
41.31,41.32,201.15858821357068
41.32,41.33,200.0
41.33,41.34,197.70280407057922
41.34,41.35,195.43199368684918
41.35,41.36,189.86842419010387
41.36,41.37,189.86842419010387
41.37,41.38,196.56411970905023
41.38,41.39,0.0
41.39,41.4,0.0
41.4,41.41,0.0
41.41,41.42,0.0
41.42,41.43,192.07458901020084
41.43,41.44,189.86842419010387
41.44,41.45,188.7748625363387
41.45,41.46,187.68759933422865
41.46,41.47,186.60659830736148
41.47,41.48,186.60659830736148
41.48,41.49,186.60659830736148
41.49,41.5,186.60659830736148
41.5,41.51,185.5318233882619
41.51,41.52,185.5318233882619
41.52,41.53,184.46323871718783
41.53,41.54,184.46323871718783
41.54,41.55,183.40080864093423
41.55,41.56,182.34449771164336
41.56,41.57,181.29427068562208
41.57,41.58,181.29427068562208
41.58,41.59,180.25009252216606
41.59,41.6,179.21192838239048
41.6,41.61,178.17974362806785
41.61,41.62,179.21192838239048
41.62,41.63,180.25009252216606
41.63,41.64,180.25009252216606
41.64,41.65,179.21192838239048
41.65,41.66,177.1535038204721
41.66,41.67,175.11872228117704
41.67,41.68,175.11872228117704
41.68,41.69,173.1073122012286
41.69,41.7,172.11028744886602
41.7,41.71,170.13343219017113
41.71,41.72,168.1792830507429
41.72,41.73,163.39154532410998
41.73,41.74,0.0
41.74,41.75,0.0
41.75,41.76,0.0
41.76,41.77,0.0
41.77,41.78,0.0
41.78,41.79,0.0
41.79,41.8,0.0
41.8,41.81,158.74010519681997
41.81,41.82,156.0130452026747
41.82,41.83,153.33283446696007
41.83,41.84,151.57165665103983
41.84,41.85,150.69866814745757
41.85,41.86,150.69866814745757
41.86,41.87,150.69866814745757
41.87,41.88,150.69866814745757
41.88,41.89,151.57165665103983
41.89,41.9,152.4497023255762
41.9,41.91,152.4497023255762
41.91,41.92,152.4497023255762
41.92,41.93,153.33283446696007
41.93,41.94,155.11447618337345
41.94,41.95,152.4497023255762
41.95,41.96,153.33283446696007
41.96,41.97,0.0
41.97,41.98,0.0
41.98,41.99,0.0
41.99,42.0,0.0
42.0,42.01,0.0
42.01,42.02,0.0
42.02,42.03,0.0
42.03,42.04,0.0
42.04,42.05,0.0
42.05,42.06,0.0
42.06,42.07,0.0
42.07,42.08,0.0
42.08,42.09,0.0
42.09,42.1,0.0
42.1,42.11,0.0
42.11,42.12,0.0
42.12,42.13,0.0
42.13,42.14,0.0
42.14,42.15,0.0
42.15,42.16,0.0
42.16,42.17,0.0
42.17,42.18,0.0
42.18,42.19,0.0
42.19,42.2,0.0
42.2,42.21,0.0
42.21,42.22,0.0
42.22,42.23,0.0
42.23,42.24,0.0
42.24,42.25,0.0
42.25,42.26,0.0
42.26,42.27,0.0
42.27,42.28,0.0
42.28,42.29,0.0
42.29,42.3,0.0
42.3,42.31,0.0
42.31,42.32,0.0
42.32,42.33,0.0
42.33,42.34,0.0
42.34,42.35,0.0
42.35,42.36,0.0
42.36,42.37,0.0
42.37,42.38,0.0
42.38,42.39,0.0
42.39,42.4,0.0
42.4,42.41,0.0
42.41,42.42,0.0
42.42,42.43,0.0
42.43,42.44,0.0
42.44,42.45,0.0
42.45,42.46,0.0
42.46,42.47,0.0
42.47,42.48,0.0
42.48,42.49,0.0
42.49,42.5,0.0
42.5,42.51,0.0
42.51,42.52,0.0
42.52,42.53,0.0
42.53,42.54,0.0
42.54,42.55,344.22057489773204
42.55,42.56,313.83363915870024
42.56,42.57,313.83363915870024
42.57,42.58,315.65165893545657
42.58,42.59,313.83363915870024
42.59,42.6,315.65165893545657
42.6,42.61,315.65165893545657
42.61,42.62,315.65165893545657
42.62,42.63,315.65165893545657
42.63,42.64,317.4802103936399
42.64,42.65,317.4802103936399
42.65,42.66,317.4802103936399
42.66,42.67,319.31935454265994
42.67,42.68,321.1691527453505
42.68,42.69,323.02966672001685
42.69,42.7,324.9009585424942
42.7,42.71,326.78309064822
42.71,42.72,328.6761258343161
42.72,42.73,328.6761258343161
42.73,42.74,330.5801272616847
42.74,42.75,332.4951584571151
42.75,42.76,334.4212833154038
42.76,42.77,336.3585661014858
42.77,42.78,336.3585661014858
42.78,42.79,340.26686438034227
42.79,42.8,340.26686438034227
42.8,42.81,346.21462440245716
42.81,42.82,344.22057489773204
42.82,42.83,338.3070714525794
42.83,42.84,328.6761258343161
42.84,42.85,0.0
42.85,42.86,0.0
42.86,42.87,443.82778882713797
42.87,42.88,431.19287321714205
42.88,42.89,428.70938501451724
42.89,42.9,431.19287321714205
42.9,42.91,431.19287321714205
42.91,42.92,441.27152886549857
42.92,42.93,462.14107874890925
42.93,42.94,448.9848193237491
42.94,42.95,436.20309306610307
42.95,42.96,426.24020065139376
42.96,42.97,418.9176491282508
42.97,42.98,416.5048610139225
42.98,42.99,411.72089465739674
42.99,43.0,402.31717642714136
43.0,43.01,416.5048610139225
43.01,43.02,0.0
43.02,43.03,0.0
43.03,43.04,0.0
43.04,43.05,0.0
43.05,43.06,0.0
43.06,43.07,0.0
43.07,43.08,0.0
43.08,43.09,0.0
43.09,43.1,0.0
43.1,43.11,0.0
43.11,43.12,0.0
43.12,43.13,0.0
43.13,43.14,0.0
43.14,43.15,0.0
43.15,43.16,0.0
43.16,43.17,0.0
43.17,43.18,0.0
43.18,43.19,0.0
43.19,43.2,0.0
43.2,43.21,312.0260904053494
43.21,43.22,319.31935454265994
43.22,43.23,323.02966672001685
43.23,43.24,326.78309064822
43.24,43.25,330.5801272616847
43.25,43.26,334.4212833154038
43.26,43.27,338.3070714525794
43.27,43.28,344.22057489773204
43.28,43.29,350.237444562354
43.29,43.3,352.26634943845943
43.3,43.31,354.3070076409443
43.31,43.32,358.423856764781
43.32,43.33,371.0636467765238
43.33,43.34,409.3495567987099
43.34,43.35,411.72089465739674
43.35,43.36,416.5048610139225
43.36,43.37,416.5048610139225
43.37,43.38,416.5048610139225
43.38,43.39,388.61277646144237
43.39,43.4,0.0
43.4,43.41,0.0
43.41,43.42,0.0
43.42,43.43,0.0
43.43,43.44,346.21462440245716
43.44,43.45,344.22057489773204
43.45,43.46,328.6761258343161
43.46,43.47,344.22057489773204
43.47,43.48,344.22057489773204
43.48,43.49,344.22057489773204
43.49,43.5,346.21462440245716
43.5,43.51,346.21462440245716
43.51,43.52,348.2202253184496
43.52,43.53,350.237444562354
43.53,43.54,354.3070076409443
43.54,43.55,366.80161728186846
43.55,43.56,384.14917802040173
43.56,43.57,388.61277646144237
43.57,43.58,356.35948725613576
43.58,43.59,0.0
43.59,43.6,0.0
43.6,43.61,0.0
43.61,43.62,0.0
43.62,43.63,0.0
43.63,43.64,0.0
43.64,43.65,0.0
43.65,43.66,0.0
43.66,43.67,0.0
43.67,43.68,0.0
43.68,43.69,296.2195104573129
43.69,43.7,297.93549262454053
43.7,43.71,296.2195104573129
43.71,43.72,294.5134116201051
43.72,43.73,292.81713918912504
43.73,43.74,289.4538474880756
43.74,43.75,287.786716002164
43.75,43.76,286.12918648705164
43.76,43.77,281.2136583244699
43.77,43.78,273.20805135087915
43.78,43.79,268.51450055605267
43.79,43.8,260.87041395311286
43.8,43.81,249.08992447176465
43.81,43.82,244.81070866093103
43.82,43.83,236.47155720542963
43.83,43.84,229.73967099940702
43.84,43.85,228.41646786215435
43.85,43.86,225.79288096122622
43.86,43.87,225.79288096122622
43.87,43.88,224.49240966187455
43.88,43.89,218.10154653305153
43.89,43.9,215.59643660857103
43.9,43.91,213.12010032569688
43.91,43.92,211.89261887185907
43.92,43.93,210.67220719096719
43.93,43.94,209.4588245641254
43.94,43.95,208.25243050696125
43.95,43.96,208.25243050696125
43.96,43.97,205.86044732869837
43.97,43.98,209.4588245641254
43.98,43.99,211.89261887185907
43.99,44.0,209.4588245641254
44.0,44.01,209.4588245641254
44.01,44.02,209.4588245641254
44.02,44.03,210.67220719096719
44.03,44.04,210.67220719096719
44.04,44.05,210.67220719096719
44.05,44.06,210.67220719096719
44.06,44.07,210.67220719096719
44.07,44.08,210.67220719096719
44.08,44.09,210.67220719096719
44.09,44.1,209.4588245641254
44.1,44.11,0.0
44.11,44.12,0.0
44.12,44.13,246.2288826689832
44.13,44.14,241.99881784385852
44.14,44.15,237.8414230005442
44.15,44.16,235.10958125672175
44.16,44.17,232.40911739156792
44.17,44.18,231.07053937445463
44.18,44.19,231.07053937445463
44.19,44.2,232.40911739156792
44.2,44.21,233.75544971224912
44.21,44.22,237.8414230005442
44.22,44.23,246.2288826689832
44.23,44.24,265.4303484677136
44.24,44.25,268.51450055605267
44.25,44.26,271.6344887654643
44.26,44.27,276.38257599355524
44.27,44.28,279.5939868358039
44.28,44.29,282.842712474619
44.29,44.3,286.12918648705164
44.3,44.31,287.786716002164
44.31,44.32,289.4538474880756
44.32,44.33,294.5134116201051
44.33,44.34,308.44216508158814
44.34,44.35,317.4802103936399
44.35,44.36,332.4951584571151
44.36,44.37,342.23801027304086
44.37,44.38,346.21462440245716
44.38,44.39,346.21462440245716
44.39,44.4,342.23801027304086
44.4,44.41,336.3585661014858
44.41,44.42,334.4212833154038
44.42,44.43,334.4212833154038
44.43,44.44,0.0
44.44,44.45,0.0
44.45,44.46,0.0
44.46,44.47,472.94311441085927
44.47,44.48,462.14107874890925
44.48,44.49,459.47934199881405
44.49,44.5,456.8329357243087
44.5,44.51,454.20177162835085
44.51,44.52,451.58576192245243
44.52,44.53,448.9848193237491
44.53,44.54,446.3988570520892
44.54,44.55,443.82778882713797
44.55,44.56,0.0
44.56,44.57,0.0
44.57,44.58,0.0
44.58,44.59,0.0
44.59,44.6,263.9015821545788
44.6,44.61,257.8740616879158
44.61,44.62,254.91212546385245
44.62,44.63,253.44393965741244
44.63,44.64,251.98420997897463
44.64,44.65,251.98420997897463
44.65,44.66,253.44393965741244
44.66,44.67,254.91212546385245
44.67,44.68,256.3888163841458
44.68,44.69,257.8740616879158
44.69,44.7,260.87041395311286
44.7,44.71,263.9015821545788
44.71,44.72,265.4303484677136
44.72,44.73,266.96797083400685
44.73,44.74,268.51450055605267
44.74,44.75,270.06998923363795
44.75,44.76,270.06998923363795
44.76,44.77,270.06998923363795
44.77,44.78,273.20805135087915
44.78,44.79,276.38257599355524
44.79,44.8,279.5939868358039
44.8,44.81,281.2136583244699
44.81,44.82,282.842712474619
44.82,44.83,281.2136583244699
44.83,44.84,277.98364396846745
44.84,44.85,274.79072949161787
44.85,44.86,270.06998923363795
44.86,44.87,262.38162088748976
44.87,44.88,249.08992447176465
44.88,44.89,257.8740616879158
44.89,44.9,262.38162088748976
44.9,44.91,263.9015821545788
44.91,44.92,262.38162088748976
44.92,44.93,262.38162088748976
44.93,44.94,263.9015821545788
44.94,44.95,260.87041395311286
44.95,44.96,0.0
44.96,44.97,0.0
44.97,44.98,243.40070273411817
44.98,44.99,237.8414230005442
44.99,45.0,235.10958125672175
45.0,45.01,231.07053937445463
45.01,45.02,220.63576443274928
45.02,45.03,218.10154653305153
45.03,45.04,216.8453740602837
45.04,45.05,215.59643660857103
45.05,45.06,215.59643660857103
45.06,45.07,215.59643660857103
45.07,45.08,227.10088581417543
45.08,45.09,237.8414230005442
45.09,45.1,241.99881784385852
45.1,45.11,239.21922434748075
45.11,45.12,0.0
45.12,45.13,0.0
45.13,45.14,0.0
45.14,45.15,0.0
45.15,45.16,0.0
45.16,45.17,0.0
45.17,45.18,253.44393965741244
45.18,45.19,244.81070866093103
45.19,45.2,241.99881784385852
45.2,45.21,236.47155720542963
45.21,45.22,231.07053937445463
45.22,45.23,221.91389441356898
45.23,45.24,210.67220719096719
45.24,45.25,209.4588245641254
45.25,45.26,208.25243050696125
45.26,45.27,208.25243050696125
45.27,45.28,207.05298476827548
45.28,45.29,207.05298476827548
45.29,45.3,205.86044732869837
45.3,45.31,204.67477839935495
45.31,45.32,204.67477839935495
45.32,45.33,205.86044732869837
45.33,45.34,203.49593842053727
45.34,45.35,202.3238880603845
45.35,45.36,201.15858821357068
45.36,45.37,200.0
45.37,45.38,197.70280407057922
45.38,45.39,196.56411970905023
45.39,45.4,194.30638823072118
45.4,45.41,192.07458901020084
45.41,45.42,195.43199368684918
45.42,45.43,200.0
45.43,45.44,200.0
45.44,45.45,198.8480847635095
45.45,45.46,201.15858821357068
45.46,45.47,202.3238880603845
45.47,45.48,201.15858821357068
45.48,45.49,198.8480847635095
45.49,45.5,197.70280407057922
45.5,45.51,195.43199368684918
45.51,45.52,194.30638823072118
45.52,45.53,193.1872657849691
45.53,45.54,192.07458901020084
45.54,45.55,190.9683207820833
45.55,45.56,189.86842419010387
45.56,45.57,189.86842419010387
45.57,45.58,189.86842419010387
45.58,45.59,189.86842419010387
45.59,45.6,188.7748625363387
45.6,45.61,187.68759933422865
45.61,45.62,186.60659830736148
45.62,45.63,184.46323871718783
45.63,45.64,181.29427068562208
45.64,45.65,180.25009252216606
45.65,45.66,178.17974362806785
45.66,45.67,176.1331747192297
45.67,45.68,172.11028744886602
45.68,45.69,177.1535038204721
45.69,45.7,180.25009252216606
45.7,45.71,181.29427068562208
45.71,45.72,183.40080864093423
45.72,45.73,0.0
45.73,45.74,0.0
45.74,45.75,0.0
45.75,45.76,0.0
45.76,45.77,0.0
45.77,45.78,0.0
45.78,45.79,190.9683207820833
45.79,45.8,187.68759933422865
45.8,45.81,182.34449771164336
45.81,45.82,179.21192838239048
45.82,45.83,178.17974362806785
45.83,45.84,174.11011265922482
45.84,45.85,170.13343219017113
45.85,45.86,169.1535357262897
45.86,45.87,167.2106416577019
45.87,45.88,168.1792830507429
45.88,45.89,169.1535357262897
45.89,45.9,169.1535357262897
45.9,45.91,168.1792830507429
45.91,45.92,168.1792830507429
45.92,45.93,167.2106416577019
45.93,45.94,164.33806291715806
45.94,45.95,162.4504792712471
45.95,45.96,0.0
45.96,45.97,178.17974362806785
45.97,45.98,177.1535038204721
45.98,45.99,177.1535038204721
45.99,46.0,175.11872228117704
46.0,46.01,163.39154532410998
46.01,46.02,155.11447618337345
46.02,46.03,154.22108254079407
46.03,46.04,154.22108254079407
46.04,46.05,155.11447618337345
46.05,46.06,155.11447618337345
46.06,46.07,154.22108254079407
46.07,46.08,154.22108254079407
46.08,46.09,153.33283446696007
46.09,46.1,152.4497023255762
46.1,46.11,0.0
46.11,46.12,0.0
46.12,46.13,0.0
46.13,46.14,0.0
46.14,46.15,0.0
46.15,46.16,0.0
46.16,46.17,0.0
46.17,46.18,146.40856959456255
46.18,46.19,148.1097552286564
46.19,46.2,149.83070768766817
46.2,46.21,154.22108254079407
46.21,46.22,156.91681957935012
46.22,46.23,158.74010519681997
46.23,46.24,177.1535038204721
46.24,46.25,180.25009252216606
46.25,46.26,177.1535038204721
46.26,46.27,175.11872228117704
46.27,46.28,170.13343219017113
46.28,46.29,164.33806291715806
46.29,46.3,159.65967727133
46.3,46.31,156.91681957935012
46.31,46.32,155.11447618337345
46.32,46.33,155.11447618337345
46.33,46.34,157.8258294677283
46.34,46.35,161.5148333600084
46.35,46.36,166.24757922855756
46.36,46.37,170.13343219017113
46.37,46.38,174.11011265922482
46.38,46.39,176.1331747192297
46.39,46.4,177.1535038204721
46.4,46.41,179.21192838239048
46.41,46.42,180.25009252216606
46.42,46.43,181.29427068562208
