Start_Time,End_Time,F0_Hz
0.0,0.01,0.0
0.01,0.02,0.0
0.02,0.03,0.0
0.03,0.04,158.74010519681997
0.04,0.05,161.5148333600084
0.05,0.06,162.4504792712471
0.06,0.07,162.4504792712471
0.07,0.08,162.4504792712471
0.08,0.09,162.4504792712471
0.09,0.1,161.5148333600084
0.1,0.11,161.5148333600084
0.11,0.12,160.5845763726753
0.12,0.13,159.65967727133
0.13,0.14,159.65967727133
0.14,0.15,158.74010519681997
0.15,0.16,158.74010519681997
0.16,0.17,159.65967727133
0.17,0.18,159.65967727133
0.18,0.19,160.5845763726753
0.19,0.2,161.5148333600084
0.2,0.21,161.5148333600084
0.21,0.22,161.5148333600084
0.22,0.23,161.5148333600084
0.23,0.24,161.5148333600084
0.24,0.25,161.5148333600084
0.25,0.26,160.5845763726753
0.26,0.27,160.5845763726753
0.27,0.28,160.5845763726753
0.28,0.29,159.65967727133
0.29,0.3,159.65967727133
0.3,0.31,158.74010519681997
0.31,0.32,156.91681957935012
0.32,0.33,156.0130452026747
0.33,0.34,158.74010519681997
0.34,0.35,161.5148333600084
0.35,0.36,161.5148333600084
0.36,0.37,160.5845763726753
0.37,0.38,159.65967727133
0.38,0.39,158.74010519681997
0.39,0.4,157.8258294677283
0.4,0.41,156.91681957935012
0.41,0.42,156.0130452026747
0.42,0.43,156.0130452026747
0.43,0.44,155.11447618337345
0.44,0.45,156.0130452026747
0.45,0.46,156.0130452026747
0.46,0.47,156.91681957935012
0.47,0.48,156.91681957935012
0.48,0.49,157.8258294677283
0.49,0.5,156.91681957935012
0.5,0.51,156.0130452026747
0.51,0.52,155.11447618337345
0.52,0.53,155.11447618337345
0.53,0.54,154.22108254079407
0.54,0.55,154.22108254079407
0.55,0.56,153.33283446696007
0.56,0.57,152.4497023255762
0.57,0.58,151.57165665103983
0.58,0.59,150.69866814745757
0.59,0.6,150.69866814745757
0.6,0.61,150.69866814745757
0.61,0.62,150.69866814745757
0.62,0.63,149.83070768766817
0.63,0.64,148.1097552286564
0.64,0.65,148.1097552286564
0.65,0.66,148.1097552286564
0.66,0.67,148.1097552286564
0.67,0.68,148.1097552286564
0.68,0.69,148.1097552286564
0.69,0.7,148.1097552286564
0.7,0.71,148.1097552286564
0.71,0.72,148.96774631227024
0.72,0.73,148.96774631227024
0.73,0.74,148.1097552286564
0.74,0.75,148.1097552286564
0.75,0.76,147.25670581005258
0.76,0.77,147.25670581005258
0.77,0.78,146.40856959456255
0.78,0.79,145.56531828421873
0.79,0.8,144.7269237440378
0.8,0.81,143.893358001082
0.81,0.82,143.893358001082
0.82,0.83,143.893358001082
0.83,0.84,143.893358001082
0.84,0.85,142.24060181972814
0.85,0.86,145.56531828421873
0.86,0.87,138.99182198423372
0.87,0.88,138.99182198423372
0.88,0.89,138.99182198423372
0.89,0.9,138.99182198423372
0.9,0.91,138.99182198423372
0.91,0.92,139.79699341790194
0.92,0.93,139.79699341790194
0.93,0.94,139.79699341790194
0.94,0.95,139.79699341790194
0.95,0.96,139.79699341790194
0.96,0.97,138.1912879967776
0.97,0.98,136.60402567543954
0.98,0.99,136.60402567543954
0.99,1.0,136.60402567543954
1.0,1.01,136.60402567543954
1.01,1.02,136.60402567543954
1.02,1.03,137.3953647458089
1.03,1.04,137.3953647458089
1.04,1.05,138.1912879967776
1.05,1.06,138.1912879967776
1.06,1.07,137.3953647458089
1.07,1.08,136.60402567543954
1.08,1.09,136.60402567543954
1.09,1.1,137.3953647458089
1.1,1.11,137.3953647458089
1.11,1.12,138.1912879967776
1.12,1.13,138.1912879967776
1.13,1.14,138.1912879967776
1.14,1.15,137.3953647458089
1.15,1.16,137.3953647458089
1.16,1.17,138.99182198423372
1.17,1.18,139.79699341790194
1.18,1.19,142.24060181972814
1.19,1.2,143.06459324352582
1.2,1.21,143.06459324352582
1.21,1.22,143.06459324352582
1.22,1.23,142.24060181972814
1.23,1.24,141.4213562373095
1.24,1.25,140.60682916223496
1.25,1.26,138.99182198423372
1.26,1.27,137.3953647458089
1.27,1.28,137.3953647458089
1.28,1.29,137.3953647458089
1.29,1.3,137.3953647458089
1.3,1.31,137.3953647458089
1.31,1.32,136.60402567543954
1.32,1.33,136.60402567543954
1.33,1.34,135.034994616819
1.34,1.35,134.25725027802636
1.35,1.36,133.48398541700342
1.36,1.37,132.71517423385683
1.37,1.38,133.48398541700342
1.38,1.39,135.81724438273213
1.39,1.4,137.3953647458089
1.4,1.41,138.1912879967776
1.41,1.42,138.99182198423372
1.42,1.43,138.99182198423372
1.43,1.44,136.60402567543954
1.44,1.45,134.25725027802636
1.45,1.46,132.71517423385683
1.46,1.47,129.68395546510095
1.47,1.48,128.1944081920729
1.48,1.49,129.68395546510095
1.49,1.5,128.9370308439579
1.5,1.51,143.06459324352582
1.51,1.52,139.79699341790194
1.52,1.53,0.0
1.53,1.54,0.0
1.54,1.55,0.0
1.55,1.56,0.0
1.56,1.57,0.0
1.57,1.58,0.0
1.58,1.59,0.0
1.59,1.6,0.0
1.6,1.61,167.2106416577019
1.61,1.62,163.39154532410998
1.62,1.63,161.5148333600084
1.63,1.64,160.5845763726753
1.64,1.65,161.5148333600084
1.65,1.66,157.8258294677283
1.66,1.67,163.39154532410998
1.67,1.68,0.0
1.68,1.69,0.0
1.69,1.7,0.0
1.7,1.71,0.0
1.71,1.72,0.0
1.72,1.73,0.0
1.73,1.74,0.0
1.74,1.75,0.0
1.75,1.76,0.0
1.76,1.77,0.0
1.77,1.78,0.0
1.78,1.79,162.4504792712471
1.79,1.8,163.39154532410998
1.8,1.81,164.33806291715806
1.81,1.82,165.29006363084235
1.82,1.83,166.24757922855756
1.83,1.84,165.29006363084235
1.84,1.85,164.33806291715806
1.85,1.86,163.39154532410998
1.86,1.87,162.4504792712471
1.87,1.88,162.4504792712471
1.88,1.89,162.4504792712471
1.89,1.9,160.5845763726753
1.9,1.91,159.65967727133
1.91,1.92,158.74010519681997
1.92,1.93,159.65967727133
1.93,1.94,159.65967727133
1.94,1.95,162.4504792712471
1.95,1.96,162.4504792712471
1.96,1.97,162.4504792712471
1.97,1.98,162.4504792712471
1.98,1.99,161.5148333600084
1.99,2.0,161.5148333600084
2.0,2.01,161.5148333600084
2.01,2.02,160.5845763726753
2.02,2.03,160.5845763726753
2.03,2.04,160.5845763726753
2.04,2.05,160.5845763726753
2.05,2.06,159.65967727133
2.06,2.07,158.74010519681997
2.07,2.08,157.8258294677283
2.08,2.09,156.91681957935012
2.09,2.1,156.0130452026747
2.1,2.11,155.11447618337345
2.11,2.12,154.22108254079407
2.12,2.13,154.22108254079407
2.13,2.14,155.11447618337345
2.14,2.15,155.11447618337345
2.15,2.16,155.11447618337345
2.16,2.17,155.11447618337345
2.17,2.18,153.33283446696007
2.18,2.19,153.33283446696007
2.19,2.2,153.33283446696007
2.2,2.21,153.33283446696007
2.21,2.22,153.33283446696007
2.22,2.23,152.4497023255762
2.23,2.24,151.57165665103983
2.24,2.25,149.83070768766817
2.25,2.26,146.40856959456255
2.26,2.27,142.24060181972814
2.27,2.28,138.1912879967776
2.28,2.29,135.81724438273213
2.29,2.3,133.48398541700342
2.3,2.31,133.48398541700342
2.31,2.32,134.25725027802636
2.32,2.33,135.034994616819
2.33,2.34,136.60402567543954
2.34,2.35,138.99182198423372
2.35,2.36,140.60682916223496
2.36,2.37,140.60682916223496
2.37,2.38,140.60682916223496
2.38,2.39,139.79699341790194
2.39,2.4,138.99182198423372
2.4,2.41,138.99182198423372
2.41,2.42,139.79699341790194
2.42,2.43,142.24060181972814
2.43,2.44,144.7269237440378
2.44,2.45,147.25670581005258
2.45,2.46,149.83070768766817
2.46,2.47,151.57165665103983
2.47,2.48,155.11447618337345
2.48,2.49,158.74010519681997
2.49,2.5,160.5845763726753
2.5,2.51,0.0
2.51,2.52,0.0
2.52,2.53,0.0
2.53,2.54,0.0
2.54,2.55,0.0
2.55,2.56,0.0
2.56,2.57,0.0
2.57,2.58,0.0
2.58,2.59,0.0
2.59,2.6,0.0
2.6,2.61,163.39154532410998
2.61,2.62,160.5845763726753
2.62,2.63,157.8258294677283
2.63,2.64,156.0130452026747
2.64,2.65,152.4497023255762
2.65,2.66,150.69866814745757
2.66,2.67,148.96774631227024
2.67,2.68,148.1097552286564
2.68,2.69,147.25670581005258
2.69,2.7,147.25670581005258
2.7,2.71,149.83070768766817
2.71,2.72,152.4497023255762
2.72,2.73,154.22108254079407
2.73,2.74,154.22108254079407
2.74,2.75,154.22108254079407
2.75,2.76,152.4497023255762
2.76,2.77,150.69866814745757
2.77,2.78,149.83070768766817
2.78,2.79,149.83070768766817
2.79,2.8,149.83070768766817
2.8,2.81,145.56531828421873
2.81,2.82,143.893358001082
2.82,2.83,143.06459324352582
2.83,2.84,142.24060181972814
2.84,2.85,142.24060181972814
2.85,2.86,142.24060181972814
2.86,2.87,143.06459324352582
2.87,2.88,143.06459324352582
2.88,2.89,143.06459324352582
2.89,2.9,142.24060181972814
2.9,2.91,142.24060181972814
2.91,2.92,141.4213562373095
2.92,2.93,140.60682916223496
2.93,2.94,139.79699341790194
2.94,2.95,140.60682916223496
2.95,2.96,141.4213562373095
2.96,2.97,141.4213562373095
2.97,2.98,140.60682916223496
2.98,2.99,138.99182198423372
2.99,3.0,138.1912879967776
3.0,3.01,137.3953647458089
3.01,3.02,136.60402567543954
3.02,3.03,135.034994616819
3.03,3.04,134.25725027802636
3.04,3.05,132.71517423385683
3.05,3.06,131.9507910772894
3.06,3.07,132.71517423385683
3.07,3.08,135.034994616819
3.08,3.09,138.99182198423372
3.09,3.1,143.893358001082
3.1,3.11,148.96774631227024
3.11,3.12,152.4497023255762
3.12,3.13,156.0130452026747
3.13,3.14,159.65967727133
3.14,3.15,161.5148333600084
3.15,3.16,161.5148333600084
3.16,3.17,160.5845763726753
3.17,3.18,159.65967727133
3.18,3.19,158.74010519681997
3.19,3.2,155.11447618337345
3.2,3.21,157.8258294677283
3.21,3.22,0.0
3.22,3.23,0.0
3.23,3.24,161.5148333600084
3.24,3.25,165.29006363084235
3.25,3.26,166.24757922855756
3.26,3.27,165.29006363084235
3.27,3.28,164.33806291715806
3.28,3.29,163.39154532410998
3.29,3.3,162.4504792712471
3.3,3.31,161.5148333600084
3.31,3.32,159.65967727133
3.32,3.33,157.8258294677283
3.33,3.34,163.39154532410998
3.34,3.35,162.4504792712471
3.35,3.36,161.5148333600084
3.36,3.37,160.5845763726753
3.37,3.38,160.5845763726753
3.38,3.39,159.65967727133
3.39,3.4,158.74010519681997
3.4,3.41,157.8258294677283
3.41,3.42,155.11447618337345
3.42,3.43,0.0
3.43,3.44,0.0
3.44,3.45,0.0
3.45,3.46,0.0
3.46,3.47,0.0
3.47,3.48,0.0
3.48,3.49,0.0
3.49,3.5,0.0
3.5,3.51,0.0
3.51,3.52,0.0
3.52,3.53,0.0
3.53,3.54,0.0
3.54,3.55,0.0
3.55,3.56,0.0
3.56,3.57,0.0
3.57,3.58,180.25009252216606
3.58,3.59,171.11900513652043
3.59,3.6,169.1535357262897
3.6,3.61,167.2106416577019
3.61,3.62,165.29006363084235
3.62,3.63,164.33806291715806
3.63,3.64,164.33806291715806
3.64,3.65,165.29006363084235
3.65,3.66,165.29006363084235
3.66,3.67,166.24757922855756
3.67,3.68,167.2106416577019
3.68,3.69,167.2106416577019
3.69,3.7,167.2106416577019
3.7,3.71,168.1792830507429
3.71,3.72,169.1535357262897
3.72,3.73,170.13343219017113
3.73,3.74,173.1073122012286
3.74,3.75,172.11028744886602
3.75,3.76,169.1535357262897
3.76,3.77,168.1792830507429
3.77,3.78,169.1535357262897
3.78,3.79,170.13343219017113
3.79,3.8,171.11900513652043
3.8,3.81,171.11900513652043
3.81,3.82,0.0
3.82,3.83,159.65967727133
3.83,3.84,158.74010519681997
3.84,3.85,158.74010519681997
3.85,3.86,158.74010519681997
3.86,3.87,158.74010519681997
3.87,3.88,158.74010519681997
3.88,3.89,158.74010519681997
3.89,3.9,158.74010519681997
3.9,3.91,158.74010519681997
3.91,3.92,160.5845763726753
3.92,3.93,166.24757922855756
3.93,3.94,164.33806291715806
3.94,3.95,160.5845763726753
3.95,3.96,158.74010519681997
3.96,3.97,157.8258294677283
3.97,3.98,161.5148333600084
3.98,3.99,168.1792830507429
3.99,4.0,0.0
4.0,4.01,0.0
4.01,4.02,0.0
4.02,4.03,0.0
4.03,4.04,0.0
4.04,4.05,0.0
4.05,4.06,0.0
4.06,4.07,0.0
4.07,4.08,0.0
4.08,4.09,0.0
4.09,4.1,0.0
4.1,4.11,0.0
4.11,4.12,0.0
4.12,4.13,0.0
4.13,4.14,0.0
4.14,4.15,0.0
4.15,4.16,0.0
4.16,4.17,0.0
4.17,4.18,0.0
4.18,4.19,0.0
4.19,4.2,0.0
4.2,4.21,0.0
4.21,4.22,0.0
4.22,4.23,0.0
4.23,4.24,0.0
4.24,4.25,0.0
4.25,4.26,0.0
4.26,4.27,0.0
4.27,4.28,0.0
4.28,4.29,0.0
4.29,4.3,0.0
4.3,4.31,0.0
4.31,4.32,0.0
4.32,4.33,0.0
4.33,4.34,0.0
4.34,4.35,0.0
4.35,4.36,0.0
4.36,4.37,0.0
4.37,4.38,0.0
4.38,4.39,0.0
4.39,4.4,152.4497023255762
4.4,4.41,152.4497023255762
4.41,4.42,152.4497023255762
4.42,4.43,151.57165665103983
4.43,4.44,151.57165665103983
4.44,4.45,152.4497023255762
4.45,4.46,151.57165665103983
4.46,4.47,156.91681957935012
4.47,4.48,159.65967727133
4.48,4.49,160.5845763726753
4.49,4.5,160.5845763726753
4.5,4.51,158.74010519681997
4.51,4.52,156.91681957935012
4.52,4.53,155.11447618337345
4.53,4.54,152.4497023255762
4.54,4.55,149.83070768766817
4.55,4.56,148.1097552286564
4.56,4.57,147.25670581005258
4.57,4.58,147.25670581005258
4.58,4.59,146.40856959456255
4.59,4.6,146.40856959456255
4.6,4.61,148.1097552286564
4.61,4.62,149.83070768766817
4.62,4.63,148.1097552286564
4.63,4.64,147.25670581005258
4.64,4.65,146.40856959456255
4.65,4.66,145.56531828421873
4.66,4.67,145.56531828421873
4.67,4.68,145.56531828421873
4.68,4.69,146.40856959456255
4.69,4.7,146.40856959456255
4.7,4.71,146.40856959456255
4.71,4.72,146.40856959456255
4.72,4.73,145.56531828421873
4.73,4.74,144.7269237440378
4.74,4.75,144.7269237440378
4.75,4.76,143.893358001082
4.76,4.77,143.893358001082
4.77,4.78,143.06459324352582
4.78,4.79,143.06459324352582
4.79,4.8,142.24060181972814
4.8,4.81,141.4213562373095
4.81,4.82,140.60682916223496
4.82,4.83,139.79699341790194
4.83,4.84,139.79699341790194
4.84,4.85,139.79699341790194
4.85,4.86,139.79699341790194
4.86,4.87,139.79699341790194
4.87,4.88,139.79699341790194
4.88,4.89,138.99182198423372
4.89,4.9,137.3953647458089
4.9,4.91,138.99182198423372
4.91,4.92,140.60682916223496
4.92,4.93,141.4213562373095
4.93,4.94,141.4213562373095
4.94,4.95,140.60682916223496
4.95,4.96,138.99182198423372
4.96,4.97,137.3953647458089
4.97,4.98,135.034994616819
4.98,4.99,132.71517423385683
4.99,5.0,131.19081044374488
5.0,5.01,130.43520697655643
5.01,5.02,130.43520697655643
5.02,5.03,131.19081044374488
5.03,5.04,131.19081044374488
5.04,5.05,131.9507910772894
5.05,5.06,132.71517423385683
5.06,5.07,131.9507910772894
5.07,5.08,131.19081044374488
5.08,5.09,128.9370308439579
5.09,5.1,125.26644386241279
5.1,5.11,122.40535433046553
5.11,5.12,120.30250360821167
5.12,5.13,119.60961217374037
5.13,5.14,122.40535433046553
5.14,5.15,0.0
5.15,5.16,0.0
5.16,5.17,0.0
5.17,5.18,0.0
5.18,5.19,0.0
5.19,5.2,0.0
5.2,5.21,0.0
5.21,5.22,0.0
5.22,5.23,61.202677165232764
5.23,5.24,60.85017568352955
5.24,5.25,60.85017568352955
5.25,5.26,61.202677165232764
5.26,5.27,61.91381801887202
5.27,5.28,61.91381801887202
5.28,5.29,62.27248111794115
5.29,5.3,62.27248111794115
5.3,5.31,62.27248111794115
5.31,5.32,61.557220667245815
5.32,5.33,60.85017568352955
5.33,5.34,60.49970446096463
5.34,5.35,60.15125180410583
5.35,5.36,0.0
5.36,5.37,0.0
5.37,5.38,0.0
5.38,5.39,0.0
5.39,5.4,0.0
5.4,5.41,0.0
5.41,5.42,0.0
5.42,5.43,0.0
5.43,5.44,0.0
5.44,5.45,0.0
5.45,5.46,0.0
5.46,5.47,78.45840978967507
5.47,5.48,78.45840978967507
5.48,5.49,78.00652260133735
5.49,5.5,79.829838635665
5.5,5.51,81.22523963562355
5.51,5.52,81.695772662055
5.52,5.53,81.695772662055
5.53,5.54,81.695772662055
5.54,5.55,81.695772662055
5.55,5.56,0.0
5.56,5.57,0.0
5.57,5.58,0.0
5.58,5.59,0.0
5.59,5.6,0.0
5.6,5.61,0.0
5.61,5.62,0.0
5.62,5.63,0.0
5.63,5.64,0.0
5.64,5.65,0.0
5.65,5.66,163.39154532410998
5.66,5.67,162.4504792712471
5.67,5.68,161.5148333600084
5.68,5.69,161.5148333600084
5.69,5.7,160.5845763726753
5.7,5.71,160.5845763726753
5.71,5.72,160.5845763726753
5.72,5.73,160.5845763726753
5.73,5.74,161.5148333600084
5.74,5.75,161.5148333600084
5.75,5.76,162.4504792712471
5.76,5.77,162.4504792712471
5.77,5.78,163.39154532410998
5.78,5.79,164.33806291715806
5.79,5.8,164.33806291715806
5.8,5.81,157.8258294677283
5.81,5.82,156.0130452026747
5.82,5.83,153.33283446696007
5.83,5.84,152.4497023255762
5.84,5.85,151.57165665103983
5.85,5.86,150.69866814745757
5.86,5.87,149.83070768766817
5.87,5.88,149.83070768766817
5.88,5.89,147.25670581005258
5.89,5.9,149.83070768766817
5.9,5.91,150.69866814745757
5.91,5.92,151.57165665103983
5.92,5.93,151.57165665103983
5.93,5.94,151.57165665103983
5.94,5.95,151.57165665103983
5.95,5.96,150.69866814745757
5.96,5.97,150.69866814745757
5.97,5.98,150.69866814745757
5.98,5.99,0.0
5.99,6.0,0.0
6.0,6.01,0.0
6.01,6.02,0.0
6.02,6.03,197.70280407057922
6.03,6.04,203.49593842053727
6.04,6.05,185.5318233882619
6.05,6.06,185.5318233882619
6.06,6.07,185.5318233882619
6.07,6.08,185.5318233882619
6.08,6.09,185.5318233882619
6.09,6.1,184.46323871718783
6.1,6.11,184.46323871718783
6.11,6.12,182.34449771164336
6.12,6.13,181.29427068562208
6.13,6.14,180.25009252216606
6.14,6.15,181.29427068562208
6.15,6.16,184.46323871718783
6.16,6.17,185.5318233882619
6.17,6.18,184.46323871718783
6.18,6.19,183.40080864093423
6.19,6.2,183.40080864093423
6.2,6.21,185.5318233882619
6.21,6.22,179.21192838239048
6.22,6.23,178.17974362806785
6.23,6.24,177.1535038204721
6.24,6.25,177.1535038204721
6.25,6.26,176.1331747192297
6.26,6.27,176.1331747192297
6.27,6.28,175.11872228117704
6.28,6.29,175.11872228117704
6.29,6.3,174.11011265922482
6.3,6.31,173.1073122012286
6.31,6.32,171.11900513652043
6.32,6.33,168.1792830507429
6.33,6.34,167.2106416577019
6.34,6.35,166.24757922855756
6.35,6.36,165.29006363084235
6.36,6.37,163.39154532410998
6.37,6.38,157.8258294677283
6.38,6.39,155.11447618337345
6.39,6.4,0.0
6.4,6.41,166.24757922855756
6.41,6.42,167.2106416577019
6.42,6.43,166.24757922855756
6.43,6.44,165.29006363084235
6.44,6.45,168.1792830507429
6.45,6.46,167.2106416577019
6.46,6.47,167.2106416577019
6.47,6.48,0.0
6.48,6.49,175.11872228117704
6.49,6.5,172.11028744886602
6.5,6.51,169.1535357262897
6.51,6.52,167.2106416577019
6.52,6.53,166.24757922855756
6.53,6.54,164.33806291715806
6.54,6.55,161.5148333600084
6.55,6.56,161.5148333600084
6.56,6.57,167.2106416577019
6.57,6.58,0.0
6.58,6.59,0.0
6.59,6.6,0.0
6.6,6.61,0.0
6.61,6.62,0.0
6.62,6.63,0.0
6.63,6.64,0.0
6.64,6.65,0.0
6.65,6.66,0.0
6.66,6.67,0.0
6.67,6.68,0.0
6.68,6.69,0.0
6.69,6.7,0.0
6.7,6.71,0.0
6.71,6.72,0.0
6.72,6.73,0.0
6.73,6.74,165.29006363084235
6.74,6.75,161.5148333600084
6.75,6.76,158.74010519681997
6.76,6.77,156.91681957935012
6.77,6.78,154.22108254079407
6.78,6.79,153.33283446696007
6.79,6.8,152.4497023255762
6.8,6.81,152.4497023255762
6.81,6.82,152.4497023255762
6.82,6.83,152.4497023255762
6.83,6.84,154.22108254079407
6.84,6.85,155.11447618337345
6.85,6.86,156.0130452026747
6.86,6.87,156.91681957935012
6.87,6.88,158.74010519681997
6.88,6.89,159.65967727133
6.89,6.9,162.4504792712471
6.9,6.91,164.33806291715806
6.91,6.92,166.24757922855756
6.92,6.93,168.1792830507429
6.93,6.94,170.13343219017113
6.94,6.95,171.11900513652043
6.95,6.96,171.11900513652043
6.96,6.97,172.11028744886602
6.97,6.98,171.11900513652043
6.98,6.99,172.11028744886602
6.99,7.0,173.1073122012286
7.0,7.01,174.11011265922482
7.01,7.02,174.11011265922482
7.02,7.03,174.11011265922482
7.03,7.04,173.1073122012286
7.04,7.05,173.1073122012286
7.05,7.06,192.07458901020084
7.06,7.07,190.9683207820833
7.07,7.08,189.86842419010387
7.08,7.09,188.7748625363387
7.09,7.1,183.40080864093423
7.1,7.11,181.29427068562208
7.11,7.12,178.17974362806785
7.12,7.13,175.11872228117704
7.13,7.14,171.11900513652043
7.14,7.15,169.1535357262897
7.15,7.16,168.1792830507429
7.16,7.17,168.1792830507429
7.17,7.18,168.1792830507429
7.18,7.19,168.1792830507429
7.19,7.2,168.1792830507429
7.2,7.21,168.1792830507429
7.21,7.22,167.2106416577019
7.22,7.23,166.24757922855756
7.23,7.24,167.2106416577019
7.24,7.25,167.2106416577019
7.25,7.26,165.29006363084235
7.26,7.27,164.33806291715806
7.27,7.28,162.4504792712471
7.28,7.29,160.5845763726753
7.29,7.3,159.65967727133
7.3,7.31,158.74010519681997
7.31,7.32,157.8258294677283
7.32,7.33,157.8258294677283
7.33,7.34,157.8258294677283
7.34,7.35,157.8258294677283
7.35,7.36,158.74010519681997
7.36,7.37,158.74010519681997
7.37,7.38,159.65967727133
7.38,7.39,160.5845763726753
7.39,7.4,160.5845763726753
7.4,7.41,160.5845763726753
7.41,7.42,160.5845763726753
7.42,7.43,160.5845763726753
7.43,7.44,161.5148333600084
7.44,7.45,160.5845763726753
7.45,7.46,160.5845763726753
7.46,7.47,160.5845763726753
7.47,7.48,158.74010519681997
7.48,7.49,157.8258294677283
7.49,7.5,156.91681957935012
7.5,7.51,155.11447618337345
7.51,7.52,159.65967727133
7.52,7.53,160.5845763726753
7.53,7.54,157.8258294677283
7.54,7.55,156.0130452026747
7.55,7.56,151.57165665103983
7.56,7.57,151.57165665103983
7.57,7.58,151.57165665103983
7.58,7.59,151.57165665103983
7.59,7.6,150.69866814745757
7.6,7.61,150.69866814745757
7.61,7.62,150.69866814745757
7.62,7.63,151.57165665103983
7.63,7.64,152.4497023255762
7.64,7.65,154.22108254079407
7.65,7.66,155.11447618337345
7.66,7.67,154.22108254079407
7.67,7.68,153.33283446696007
7.68,7.69,150.69866814745757
7.69,7.7,148.96774631227024
7.7,7.71,154.22108254079407
7.71,7.72,161.5148333600084
7.72,7.73,163.39154532410998
7.73,7.74,165.29006363084235
7.74,7.75,167.2106416577019
7.75,7.76,168.1792830507429
7.76,7.77,170.13343219017113
7.77,7.78,174.11011265922482
7.78,7.79,177.1535038204721
7.79,7.8,179.21192838239048
7.8,7.81,180.25009252216606
7.81,7.82,181.29427068562208
7.82,7.83,181.29427068562208
7.83,7.84,182.34449771164336
7.84,7.85,184.46323871718783
7.85,7.86,193.1872657849691
7.86,7.87,193.1872657849691
7.87,7.88,193.1872657849691
7.88,7.89,193.1872657849691
7.89,7.9,189.86842419010387
7.9,7.91,187.68759933422865
7.91,7.92,184.46323871718783
7.92,7.93,181.29427068562208
7.93,7.94,177.1535038204721
7.94,7.95,175.11872228117704
7.95,7.96,173.1073122012286
7.96,7.97,172.11028744886602
7.97,7.98,166.24757922855756
7.98,7.99,161.5148333600084
7.99,8.0,156.91681957935012
8.0,8.01,154.22108254079407
8.01,8.02,0.0
8.02,8.03,0.0
8.03,8.04,0.0
8.04,8.05,141.4213562373095
8.05,8.06,140.60682916223496
8.06,8.07,140.60682916223496
8.07,8.08,141.4213562373095
8.08,8.09,142.24060181972814
8.09,8.1,143.06459324352582
8.1,8.11,143.893358001082
8.11,8.12,144.7269237440378
8.12,8.13,145.56531828421873
8.13,8.14,147.25670581005258
8.14,8.15,149.83070768766817
8.15,8.16,151.57165665103983
8.16,8.17,150.69866814745757
8.17,8.18,143.06459324352582
8.18,8.19,145.56531828421873
8.19,8.2,144.7269237440378
8.2,8.21,147.25670581005258
8.21,8.22,145.56531828421873
8.22,8.23,146.40856959456255
8.23,8.24,0.0
8.24,8.25,166.24757922855756
8.25,8.26,168.1792830507429
8.26,8.27,169.1535357262897
8.27,8.28,169.1535357262897
8.28,8.29,170.13343219017113
8.29,8.3,170.13343219017113
8.3,8.31,170.13343219017113
8.31,8.32,169.1535357262897
8.32,8.33,167.2106416577019
8.33,8.34,162.4504792712471
8.34,8.35,156.91681957935012
8.35,8.36,158.74010519681997
8.36,8.37,163.39154532410998
8.37,8.38,166.24757922855756
8.38,8.39,167.2106416577019
8.39,8.4,168.1792830507429
8.4,8.41,169.1535357262897
8.41,8.42,169.1535357262897
8.42,8.43,169.1535357262897
8.43,8.44,169.1535357262897
8.44,8.45,169.1535357262897
8.45,8.46,168.1792830507429
8.46,8.47,165.29006363084235
8.47,8.48,160.5845763726753
8.48,8.49,156.91681957935012
8.49,8.5,153.33283446696007
8.5,8.51,153.33283446696007
8.51,8.52,156.91681957935012
8.52,8.53,159.65967727133
8.53,8.54,163.39154532410998
8.54,8.55,161.5148333600084
8.55,8.56,159.65967727133
8.56,8.57,158.74010519681997
8.57,8.58,157.8258294677283
8.58,8.59,156.91681957935012
8.59,8.6,156.0130452026747
8.6,8.61,155.11447618337345
8.61,8.62,155.11447618337345
8.62,8.63,154.22108254079407
8.63,8.64,154.22108254079407
8.64,8.65,154.22108254079407
8.65,8.66,155.11447618337345
8.66,8.67,156.0130452026747
8.67,8.68,156.91681957935012
8.68,8.69,156.91681957935012
8.69,8.7,156.91681957935012
8.7,8.71,157.8258294677283
8.71,8.72,159.65967727133
8.72,8.73,158.74010519681997
8.73,8.74,158.74010519681997
8.74,8.75,157.8258294677283
8.75,8.76,157.8258294677283
8.76,8.77,157.8258294677283
8.77,8.78,157.8258294677283
8.78,8.79,157.8258294677283
8.79,8.8,157.8258294677283
8.8,8.81,157.8258294677283
8.81,8.82,157.8258294677283
8.82,8.83,157.8258294677283
8.83,8.84,157.8258294677283
8.84,8.85,157.8258294677283
8.85,8.86,157.8258294677283
8.86,8.87,156.91681957935012
8.87,8.88,156.0130452026747
8.88,8.89,155.11447618337345
8.89,8.9,155.11447618337345
8.9,8.91,155.11447618337345
8.91,8.92,156.0130452026747
8.92,8.93,156.0130452026747
8.93,8.94,156.0130452026747
8.94,8.95,155.11447618337345
8.95,8.96,154.22108254079407
8.96,8.97,152.4497023255762
8.97,8.98,152.4497023255762
8.98,8.99,156.91681957935012
8.99,9.0,156.0130452026747
9.0,9.01,156.0130452026747
9.01,9.02,156.0130452026747
9.02,9.03,154.22108254079407
9.03,9.04,0.0
9.04,9.05,0.0
9.05,9.06,0.0
9.06,9.07,0.0
9.07,9.08,0.0
9.08,9.09,0.0
9.09,9.1,0.0
9.1,9.11,0.0
9.11,9.12,0.0
9.12,9.13,0.0
9.13,9.14,0.0
9.14,9.15,0.0
9.15,9.16,0.0
9.16,9.17,0.0
9.17,9.18,0.0
9.18,9.19,0.0
9.19,9.2,0.0
9.2,9.21,0.0
9.21,9.22,0.0
9.22,9.23,0.0
9.23,9.24,0.0
9.24,9.25,0.0
9.25,9.26,0.0
9.26,9.27,0.0
9.27,9.28,0.0
9.28,9.29,0.0
9.29,9.3,0.0
9.3,9.31,0.0
9.31,9.32,0.0
9.32,9.33,154.22108254079407
9.33,9.34,156.0130452026747
9.34,9.35,160.5845763726753
9.35,9.36,162.4504792712471
9.36,9.37,163.39154532410998
9.37,9.38,163.39154532410998
9.38,9.39,162.4504792712471
9.39,9.4,161.5148333600084
9.4,9.41,159.65967727133
9.41,9.42,159.65967727133
9.42,9.43,158.74010519681997
9.43,9.44,156.91681957935012
9.44,9.45,156.91681957935012
9.45,9.46,156.0130452026747
9.46,9.47,156.0130452026747
9.47,9.48,164.33806291715806
9.48,9.49,164.33806291715806
9.49,9.5,161.5148333600084
9.5,9.51,159.65967727133
9.51,9.52,156.91681957935012
9.52,9.53,154.22108254079407
9.53,9.54,151.57165665103983
9.54,9.55,149.83070768766817
9.55,9.56,144.7269237440378
9.56,9.57,143.893358001082
9.57,9.58,156.0130452026747
9.58,9.59,157.8258294677283
9.59,9.6,156.91681957935012
9.6,9.61,156.0130452026747
9.61,9.62,154.22108254079407
9.62,9.63,154.22108254079407
9.63,9.64,0.0
9.64,9.65,0.0
9.65,9.66,0.0
9.66,9.67,164.33806291715806
9.67,9.68,159.65967727133
9.68,9.69,156.91681957935012
9.69,9.7,156.0130452026747
9.7,9.71,153.33283446696007
9.71,9.72,156.0130452026747
9.72,9.73,158.74010519681997
9.73,9.74,158.74010519681997
9.74,9.75,157.8258294677283
9.75,9.76,156.91681957935012
9.76,9.77,155.11447618337345
9.77,9.78,153.33283446696007
9.78,9.79,150.69866814745757
9.79,9.8,147.25670581005258
9.8,9.81,143.06459324352582
9.81,9.82,137.3953647458089
9.82,9.83,152.4497023255762
9.83,9.84,151.57165665103983
9.84,9.85,156.0130452026747
9.85,9.86,152.4497023255762
9.86,9.87,152.4497023255762
9.87,9.88,151.57165665103983
9.88,9.89,150.69866814745757
9.89,9.9,147.25670581005258
9.9,9.91,144.7269237440378
9.91,9.92,142.24060181972814
9.92,9.93,139.79699341790194
9.93,9.94,137.3953647458089
9.94,9.95,136.60402567543954
9.95,9.96,135.034994616819
9.96,9.97,133.48398541700342
9.97,9.98,132.71517423385683
9.98,9.99,133.48398541700342
9.99,10.0,136.60402567543954
10.0,10.01,138.99182198423372
10.01,10.02,143.893358001082
10.02,10.03,146.40856959456255
10.03,10.04,147.25670581005258
10.04,10.05,148.1097552286564
10.05,10.06,147.25670581005258
10.06,10.07,147.25670581005258
10.07,10.08,146.40856959456255
10.08,10.09,143.06459324352582
10.09,10.1,140.60682916223496
10.1,10.11,137.3953647458089
10.11,10.12,135.034994616819
10.12,10.13,134.25725027802636
10.13,10.14,134.25725027802636
10.14,10.15,143.893358001082
10.15,10.16,148.1097552286564
10.16,10.17,145.56531828421873
10.17,10.18,145.56531828421873
10.18,10.19,144.7269237440378
10.19,10.2,144.7269237440378
10.2,10.21,144.7269237440378
10.21,10.22,144.7269237440378
10.22,10.23,144.7269237440378
10.23,10.24,145.56531828421873
10.24,10.25,145.56531828421873
10.25,10.26,145.56531828421873
10.26,10.27,145.56531828421873
10.27,10.28,145.56531828421873
10.28,10.29,143.06459324352582
10.29,10.3,156.91681957935012
10.3,10.31,158.74010519681997
10.31,10.32,158.74010519681997
10.32,10.33,0.0
10.33,10.34,0.0
10.34,10.35,0.0
10.35,10.36,0.0
10.36,10.37,0.0
10.37,10.38,0.0
10.38,10.39,0.0
10.39,10.4,0.0
10.4,10.41,0.0
10.41,10.42,0.0
10.42,10.43,0.0
10.43,10.44,0.0
10.44,10.45,0.0
10.45,10.46,0.0
10.46,10.47,0.0
10.47,10.48,0.0
10.48,10.49,0.0
10.49,10.5,0.0
10.5,10.51,0.0
10.51,10.52,0.0
10.52,10.53,0.0
10.53,10.54,0.0
10.54,10.55,0.0
10.55,10.56,0.0
10.56,10.57,0.0
10.57,10.58,0.0
10.58,10.59,0.0
10.59,10.6,0.0
10.6,10.61,0.0
10.61,10.62,0.0
10.62,10.63,0.0
10.63,10.64,0.0
10.64,10.65,0.0
10.65,10.66,0.0
10.66,10.67,0.0
10.67,10.68,0.0
10.68,10.69,0.0
10.69,10.7,0.0
10.7,10.71,0.0
10.71,10.72,0.0
10.72,10.73,0.0
10.73,10.74,0.0
10.74,10.75,0.0
10.75,10.76,0.0
10.76,10.77,0.0
10.77,10.78,0.0
10.78,10.79,0.0
10.79,10.8,0.0
10.8,10.81,0.0
10.81,10.82,0.0
10.82,10.83,0.0
10.83,10.84,236.47155720542963
10.84,10.85,225.79288096122622
10.85,10.86,224.49240966187455
10.86,10.87,225.79288096122622
10.87,10.88,225.79288096122622
10.88,10.89,225.79288096122622
10.89,10.9,225.79288096122622
10.9,10.91,224.49240966187455
10.91,10.92,224.49240966187455
10.92,10.93,223.1994285260446
10.93,10.94,221.91389441356898
10.94,10.95,220.63576443274928
10.95,10.96,219.36499593892518
10.96,10.97,218.10154653305153
10.97,10.98,216.8453740602837
10.98,10.99,216.8453740602837
10.99,11.0,215.59643660857103
11.0,11.01,215.59643660857103
11.01,11.02,215.59643660857103
11.02,11.03,214.35469250725862
11.03,11.04,214.35469250725862
11.04,11.05,214.35469250725862
11.05,11.06,214.35469250725862
11.06,11.07,214.35469250725862
11.07,11.08,214.35469250725862
11.08,11.09,213.12010032569688
11.09,11.1,213.12010032569688
11.1,11.11,211.89261887185907
11.11,11.12,211.89261887185907
11.12,11.13,211.89261887185907
11.13,11.14,211.89261887185907
11.14,11.15,210.67220719096719
11.15,11.16,207.05298476827548
11.16,11.17,198.8480847635095
11.17,11.18,186.60659830736148
11.18,11.19,185.5318233882619
11.19,11.2,188.7748625363387
11.2,11.21,0.0
11.21,11.22,0.0
11.22,11.23,205.86044732869837
11.23,11.24,208.25243050696125
11.24,11.25,208.25243050696125
11.25,11.26,207.05298476827548
11.26,11.27,204.67477839935495
11.27,11.28,204.67477839935495
11.28,11.29,204.67477839935495
11.29,11.3,204.67477839935495
11.3,11.31,204.67477839935495
11.31,11.32,204.67477839935495
11.32,11.33,203.49593842053727
11.33,11.34,203.49593842053727
11.34,11.35,203.49593842053727
11.35,11.36,203.49593842053727
11.36,11.37,204.67477839935495
11.37,11.38,205.86044732869837
11.38,11.39,209.4588245641254
11.39,11.4,224.49240966187455
11.4,11.41,227.10088581417543
11.41,11.42,229.73967099940702
11.42,11.43,229.73967099940702
11.43,11.44,241.99881784385852
11.44,11.45,247.65527207548806
11.45,11.46,251.98420997897463
11.46,11.47,257.8740616879158
11.47,11.48,262.38162088748976
11.48,11.49,271.6344887654643
11.49,11.5,277.98364396846745
11.5,11.51,282.842712474619
11.51,11.52,286.12918648705164
11.52,11.53,287.786716002164
11.53,11.54,287.786716002164
11.54,11.55,286.12918648705164
11.55,11.56,287.786716002164
11.56,11.57,286.12918648705164
11.57,11.58,284.4812036394563
11.58,11.59,282.842712474619
11.59,11.6,281.2136583244699
11.6,11.61,276.38257599355524
11.61,11.62,271.6344887654643
11.62,11.63,266.96797083400685
11.63,11.64,263.9015821545788
11.64,11.65,0.0
11.65,11.66,0.0
11.66,11.67,276.38257599355524
11.67,11.68,277.98364396846745
11.68,11.69,279.5939868358039
11.69,11.7,279.5939868358039
11.7,11.71,0.0
11.71,11.72,0.0
11.72,11.73,220.63576443274928
11.73,11.74,221.91389441356898
11.74,11.75,221.91389441356898
11.75,11.76,220.63576443274928
11.76,11.77,219.36499593892518
11.77,11.78,218.10154653305153
11.78,11.79,211.89261887185907
11.79,11.8,209.4588245641254
11.8,11.81,208.25243050696125
11.81,11.82,210.67220719096719
11.82,11.83,208.25243050696125
11.83,11.84,0.0
11.84,11.85,0.0
11.85,11.86,0.0
11.86,11.87,0.0
11.87,11.88,0.0
11.88,11.89,192.07458901020084
11.89,11.9,196.56411970905023
11.9,11.91,196.56411970905023
11.91,11.92,196.56411970905023
11.92,11.93,196.56411970905023
11.93,11.94,195.43199368684918
11.94,11.95,192.07458901020084
11.95,11.96,178.17974362806785
11.96,11.97,170.13343219017113
11.97,11.98,186.60659830736148
11.98,11.99,189.86842419010387
11.99,12.0,192.07458901020084
12.0,12.01,190.9683207820833
12.01,12.02,189.86842419010387
12.02,12.03,189.86842419010387
12.03,12.04,188.7748625363387
12.04,12.05,186.60659830736148
12.05,12.06,184.46323871718783
12.06,12.07,184.46323871718783
12.07,12.08,183.40080864093423
12.08,12.09,187.68759933422865
12.09,12.1,193.1872657849691
12.1,12.11,196.56411970905023
12.11,12.12,201.15858821357068
12.12,12.13,205.86044732869837
12.13,12.14,210.67220719096719
12.14,12.15,213.12010032569688
12.15,12.16,215.59643660857103
12.16,12.17,216.8453740602837
12.17,12.18,216.8453740602837
12.18,12.19,216.8453740602837
12.19,12.2,216.8453740602837
12.2,12.21,214.35469250725862
12.21,12.22,209.4588245641254
12.22,12.23,210.67220719096719
12.23,12.24,214.35469250725862
12.24,12.25,211.89261887185907
12.25,12.26,211.89261887185907
12.26,12.27,214.35469250725862
12.27,12.28,0.0
12.28,12.29,0.0
12.29,12.3,0.0
12.3,12.31,0.0
12.31,12.32,0.0
12.32,12.33,0.0
12.33,12.34,0.0
12.34,12.35,179.21192838239048
12.35,12.36,178.17974362806785
12.36,12.37,177.1535038204721
12.37,12.38,178.17974362806785
12.38,12.39,174.11011265922482
12.39,12.4,168.1792830507429
12.4,12.41,163.39154532410998
12.41,12.42,0.0
12.42,12.43,0.0
12.43,12.44,0.0
12.44,12.45,0.0
12.45,12.46,0.0
12.46,12.47,0.0
12.47,12.48,0.0
12.48,12.49,0.0
12.49,12.5,0.0
12.5,12.51,0.0
12.51,12.52,0.0
12.52,12.53,196.56411970905023
12.53,12.54,198.8480847635095
12.54,12.55,200.0
12.55,12.56,202.3238880603845
12.56,12.57,203.49593842053727
12.57,12.58,205.86044732869837
12.58,12.59,208.25243050696125
12.59,12.6,209.4588245641254
12.6,12.61,211.89261887185907
12.61,12.62,213.12010032569688
12.62,12.63,215.59643660857103
12.63,12.64,216.8453740602837
12.64,12.65,216.8453740602837
12.65,12.66,218.10154653305153
12.66,12.67,218.10154653305153
12.67,12.68,216.8453740602837
12.68,12.69,215.59643660857103
12.69,12.7,214.35469250725862
12.7,12.71,211.89261887185907
12.71,12.72,209.4588245641254
12.72,12.73,207.05298476827548
12.73,12.74,201.15858821357068
12.74,12.75,192.07458901020084
12.75,12.76,188.7748625363387
12.76,12.77,200.0
12.77,12.78,200.0
12.78,12.79,200.0
12.79,12.8,200.0
12.8,12.81,188.7748625363387
12.81,12.82,185.5318233882619
12.82,12.83,183.40080864093423
12.83,12.84,182.34449771164336
12.84,12.85,180.25009252216606
12.85,12.86,176.1331747192297
12.86,12.87,175.11872228117704
12.87,12.88,175.11872228117704
12.88,12.89,174.11011265922482
12.89,12.9,171.11900513652043
12.9,12.91,170.13343219017113
12.91,12.92,169.1535357262897
12.92,12.93,168.1792830507429
12.93,12.94,168.1792830507429
12.94,12.95,168.1792830507429
12.95,12.96,167.2106416577019
12.96,12.97,166.24757922855756
12.97,12.98,164.33806291715806
12.98,12.99,161.5148333600084
12.99,13.0,157.8258294677283
13.0,13.01,160.5845763726753
13.01,13.02,159.65967727133
13.02,13.03,158.74010519681997
13.03,13.04,0.0
13.04,13.05,167.2106416577019
13.05,13.06,165.29006363084235
13.06,13.07,164.33806291715806
13.07,13.08,162.4504792712471
13.08,13.09,159.65967727133
13.09,13.1,158.74010519681997
13.1,13.11,159.65967727133
13.11,13.12,159.65967727133
13.12,13.13,161.5148333600084
13.13,13.14,162.4504792712471
13.14,13.15,162.4504792712471
13.15,13.16,0.0
13.16,13.17,186.60659830736148
13.17,13.18,184.46323871718783
13.18,13.19,184.46323871718783
13.19,13.2,183.40080864093423
13.2,13.21,182.34449771164336
13.21,13.22,181.29427068562208
13.22,13.23,180.25009252216606
13.23,13.24,179.21192838239048
13.24,13.25,177.1535038204721
13.25,13.26,176.1331747192297
13.26,13.27,172.11028744886602
13.27,13.28,167.2106416577019
13.28,13.29,162.4504792712471
13.29,13.3,159.65967727133
13.3,13.31,155.11447618337345
13.31,13.32,151.57165665103983
13.32,13.33,147.25670581005258
13.33,13.34,146.40856959456255
13.34,13.35,147.25670581005258
13.35,13.36,149.83070768766817
13.36,13.37,150.69866814745757
13.37,13.38,151.57165665103983
13.38,13.39,152.4497023255762
13.39,13.4,153.33283446696007
13.4,13.41,154.22108254079407
13.41,13.42,155.11447618337345
13.42,13.43,156.0130452026747
13.43,13.44,156.0130452026747
13.44,13.45,155.11447618337345
13.45,13.46,153.33283446696007
13.46,13.47,152.4497023255762
13.47,13.48,150.69866814745757
13.48,13.49,148.96774631227024
13.49,13.5,148.1097552286564
13.5,13.51,147.25670581005258
13.51,13.52,149.83070768766817
13.52,13.53,153.33283446696007
13.53,13.54,155.11447618337345
13.54,13.55,155.11447618337345
13.55,13.56,0.0
13.56,13.57,0.0
13.57,13.58,198.8480847635095
13.58,13.59,201.15858821357068
13.59,13.6,202.3238880603845
13.6,13.61,204.67477839935495
13.61,13.62,208.25243050696125
13.62,13.63,211.89261887185907
13.63,13.64,216.8453740602837
13.64,13.65,220.63576443274928
13.65,13.66,225.79288096122622
13.66,13.67,233.75544971224912
13.67,13.68,239.21922434748075
13.68,13.69,241.99881784385852
13.69,13.7,244.81070866093103
13.7,13.71,247.65527207548806
13.71,13.72,250.53288772482563
13.72,13.73,0.0
13.73,13.74,0.0
13.74,13.75,0.0
13.75,13.76,0.0
13.76,13.77,0.0
13.77,13.78,0.0
13.78,13.79,0.0
13.79,13.8,0.0
13.8,13.81,0.0
13.81,13.82,0.0
13.82,13.83,0.0
13.83,13.84,0.0
13.84,13.85,0.0
13.85,13.86,0.0
13.86,13.87,0.0
13.87,13.88,0.0
13.88,13.89,0.0
13.89,13.9,0.0
13.9,13.91,0.0
13.91,13.92,0.0
13.92,13.93,0.0
13.93,13.94,0.0
13.94,13.95,0.0
13.95,13.96,0.0
13.96,13.97,0.0
13.97,13.98,0.0
13.98,13.99,0.0
13.99,14.0,0.0
14.0,14.01,0.0
14.01,14.02,0.0
14.02,14.03,0.0
14.03,14.04,0.0
14.04,14.05,0.0
14.05,14.06,0.0
14.06,14.07,0.0
14.07,14.08,0.0
14.08,14.09,0.0
14.09,14.1,0.0
14.1,14.11,0.0
14.11,14.12,0.0
14.12,14.13,0.0
14.13,14.14,0.0
14.14,14.15,0.0
14.15,14.16,0.0
14.16,14.17,0.0
14.17,14.18,0.0
14.18,14.19,0.0
14.19,14.2,0.0
14.2,14.21,0.0
14.21,14.22,0.0
14.22,14.23,0.0
14.23,14.24,0.0
14.24,14.25,0.0
14.25,14.26,0.0
14.26,14.27,0.0
14.27,14.28,0.0
14.28,14.29,215.59643660857103
14.29,14.3,193.1872657849691
14.3,14.31,189.86842419010387
14.31,14.32,188.7748625363387
14.32,14.33,188.7748625363387
14.33,14.34,187.68759933422865
14.34,14.35,186.60659830736148
14.35,14.36,184.46323871718783
14.36,14.37,182.34449771164336
14.37,14.38,180.25009252216606
14.38,14.39,178.17974362806785
14.39,14.4,176.1331747192297
14.4,14.41,174.11011265922482
14.41,14.42,172.11028744886602
14.42,14.43,171.11900513652043
14.43,14.44,170.13343219017113
14.44,14.45,169.1535357262897
14.45,14.46,169.1535357262897
14.46,14.47,168.1792830507429
14.47,14.48,167.2106416577019
14.48,14.49,165.29006363084235
14.49,14.5,164.33806291715806
14.5,14.51,161.5148333600084
14.51,14.52,157.8258294677283
14.52,14.53,156.91681957935012
14.53,14.54,0.0
14.54,14.55,0.0
14.55,14.56,172.11028744886602
14.56,14.57,171.11900513652043
14.57,14.58,170.13343219017113
14.58,14.59,169.1535357262897
14.59,14.6,168.1792830507429
14.6,14.61,167.2106416577019
14.61,14.62,166.24757922855756
14.62,14.63,164.33806291715806
14.63,14.64,164.33806291715806
14.64,14.65,158.74010519681997
14.65,14.66,0.0
14.66,14.67,0.0
14.67,14.68,0.0
14.68,14.69,0.0
14.69,14.7,0.0
14.7,14.71,0.0
14.71,14.72,0.0
14.72,14.73,0.0
14.73,14.74,0.0
14.74,14.75,0.0
14.75,14.76,0.0
14.76,14.77,0.0
14.77,14.78,169.1535357262897
14.78,14.79,170.13343219017113
14.79,14.8,170.13343219017113
14.8,14.81,170.13343219017113
14.81,14.82,170.13343219017113
14.82,14.83,170.13343219017113
14.83,14.84,170.13343219017113
14.84,14.85,169.1535357262897
14.85,14.86,168.1792830507429
14.86,14.87,167.2106416577019
14.87,14.88,166.24757922855756
14.88,14.89,164.33806291715806
14.89,14.9,159.65967727133
14.9,14.91,0.0
14.91,14.92,0.0
14.92,14.93,0.0
14.93,14.94,0.0
14.94,14.95,0.0
14.95,14.96,0.0
14.96,14.97,0.0
14.97,14.98,0.0
14.98,14.99,164.33806291715806
14.99,15.0,163.39154532410998
15.0,15.01,162.4504792712471
15.01,15.02,161.5148333600084
15.02,15.03,159.65967727133
15.03,15.04,157.8258294677283
15.04,15.05,156.0130452026747
15.05,15.06,156.0130452026747
15.06,15.07,155.11447618337345
15.07,15.08,153.33283446696007
15.08,15.09,159.65967727133
15.09,15.1,163.39154532410998
15.1,15.11,164.33806291715806
15.11,15.12,164.33806291715806
15.12,15.13,162.4504792712471
15.13,15.14,161.5148333600084
15.14,15.15,160.5845763726753
15.15,15.16,160.5845763726753
15.16,15.17,160.5845763726753
15.17,15.18,160.5845763726753
15.18,15.19,160.5845763726753
15.19,15.2,160.5845763726753
15.2,15.21,160.5845763726753
15.21,15.22,160.5845763726753
15.22,15.23,161.5148333600084
15.23,15.24,160.5845763726753
15.24,15.25,160.5845763726753
15.25,15.26,160.5845763726753
15.26,15.27,160.5845763726753
15.27,15.28,160.5845763726753
15.28,15.29,160.5845763726753
15.29,15.3,0.0
15.3,15.31,0.0
15.31,15.32,186.60659830736148
15.32,15.33,181.29427068562208
15.33,15.34,176.1331747192297
15.34,15.35,175.11872228117704
15.35,15.36,175.11872228117704
15.36,15.37,174.11011265922482
15.37,15.38,174.11011265922482
15.38,15.39,173.1073122012286
15.39,15.4,171.11900513652043
15.4,15.41,169.1535357262897
15.41,15.42,161.5148333600084
15.42,15.43,168.1792830507429
15.43,15.44,171.11900513652043
15.44,15.45,172.11028744886602
15.45,15.46,172.11028744886602
15.46,15.47,174.11011265922482
15.47,15.48,190.9683207820833
15.48,15.49,186.60659830736148
15.49,15.5,186.60659830736148
15.5,15.51,185.5318233882619
15.51,15.52,185.5318233882619
15.52,15.53,185.5318233882619
15.53,15.54,184.46323871718783
15.54,15.55,184.46323871718783
15.55,15.56,182.34449771164336
15.56,15.57,181.29427068562208
15.57,15.58,178.17974362806785
15.58,15.59,175.11872228117704
15.59,15.6,172.11028744886602
15.6,15.61,168.1792830507429
15.61,15.62,163.39154532410998
15.62,15.63,156.91681957935012
15.63,15.64,152.4497023255762
15.64,15.65,148.96774631227024
15.65,15.66,146.40856959456255
15.66,15.67,144.7269237440378
15.67,15.68,142.24060181972814
15.68,15.69,139.79699341790194
15.69,15.7,136.60402567543954
15.7,15.71,135.034994616819
15.71,15.72,133.48398541700342
15.72,15.73,135.034994616819
15.73,15.74,137.3953647458089
15.74,15.75,141.4213562373095
15.75,15.76,143.06459324352582
15.76,15.77,143.893358001082
15.77,15.78,144.7269237440378
15.78,15.79,143.06459324352582
15.79,15.8,148.1097552286564
15.8,15.81,148.1097552286564
15.81,15.82,148.1097552286564
15.82,15.83,147.25670581005258
15.83,15.84,146.40856959456255
15.84,15.85,145.56531828421873
15.85,15.86,145.56531828421873
15.86,15.87,144.7269237440378
15.87,15.88,143.893358001082
15.88,15.89,143.893358001082
15.89,15.9,143.06459324352582
15.9,15.91,142.24060181972814
15.91,15.92,141.4213562373095
15.92,15.93,141.4213562373095
15.93,15.94,141.4213562373095
15.94,15.95,143.893358001082
15.95,15.96,145.56531828421873
15.96,15.97,145.56531828421873
15.97,15.98,147.25670581005258
15.98,15.99,153.33283446696007
15.99,16.0,155.11447618337345
16.0,16.01,156.0130452026747
16.01,16.02,156.0130452026747
16.02,16.03,156.0130452026747
16.03,16.04,155.11447618337345
16.04,16.05,155.11447618337345
16.05,16.06,155.11447618337345
16.06,16.07,154.22108254079407
16.07,16.08,153.33283446696007
16.08,16.09,151.57165665103983
16.09,16.1,149.83070768766817
16.1,16.11,148.96774631227024
16.11,16.12,148.96774631227024
16.12,16.13,148.1097552286564
16.13,16.14,154.22108254079407
16.14,16.15,148.96774631227024
16.15,16.16,149.83070768766817
16.16,16.17,152.4497023255762
16.17,16.18,0.0
16.18,16.19,0.0
16.19,16.2,156.0130452026747
16.2,16.21,155.11447618337345
16.21,16.22,153.33283446696007
16.22,16.23,153.33283446696007
16.23,16.24,150.69866814745757
16.24,16.25,148.1097552286564
16.25,16.26,147.25670581005258
16.26,16.27,148.1097552286564
16.27,16.28,154.22108254079407
16.28,16.29,0.0
16.29,16.3,0.0
16.3,16.31,0.0
16.31,16.32,0.0
16.32,16.33,0.0
16.33,16.34,0.0
16.34,16.35,0.0
16.35,16.36,0.0
16.36,16.37,0.0
16.37,16.38,0.0
16.38,16.39,0.0
16.39,16.4,0.0
16.4,16.41,197.70280407057922
16.41,16.42,196.56411970905023
16.42,16.43,197.70280407057922
16.43,16.44,198.8480847635095
16.44,16.45,203.49593842053727
16.45,16.46,205.86044732869837
16.46,16.47,207.05298476827548
16.47,16.48,210.67220719096719
16.48,16.49,215.59643660857103
16.49,16.5,218.10154653305153
16.5,16.51,219.36499593892518
16.51,16.52,220.63576443274928
16.52,16.53,220.63576443274928
16.53,16.54,220.63576443274928
16.54,16.55,220.63576443274928
16.55,16.56,219.36499593892518
16.56,16.57,216.8453740602837
16.57,16.58,214.35469250725862
16.58,16.59,210.67220719096719
16.59,16.6,207.05298476827548
16.6,16.61,0.0
16.61,16.62,0.0
16.62,16.63,0.0
16.63,16.64,0.0
16.64,16.65,0.0
16.65,16.66,0.0
16.66,16.67,0.0
16.67,16.68,0.0
16.68,16.69,0.0
16.69,16.7,147.25670581005258
16.7,16.71,141.4213562373095
16.71,16.72,138.99182198423372
16.72,16.73,135.81724438273213
16.73,16.74,136.60402567543954
16.74,16.75,138.99182198423372
16.75,16.76,141.4213562373095
16.76,16.77,145.56531828421873
16.77,16.78,147.25670581005258
16.78,16.79,148.1097552286564
16.79,16.8,147.25670581005258
16.8,16.81,146.40856959456255
16.81,16.82,146.40856959456255
16.82,16.83,145.56531828421873
16.83,16.84,145.56531828421873
16.84,16.85,145.56531828421873
16.85,16.86,145.56531828421873
16.86,16.87,145.56531828421873
16.87,16.88,146.40856959456255
16.88,16.89,147.25670581005258
16.89,16.9,147.25670581005258
16.9,16.91,147.25670581005258
16.91,16.92,146.40856959456255
16.92,16.93,145.56531828421873
16.93,16.94,145.56531828421873
16.94,16.95,145.56531828421873
16.95,16.96,145.56531828421873
16.96,16.97,145.56531828421873
16.97,16.98,144.7269237440378
16.98,16.99,144.7269237440378
16.99,17.0,147.25670581005258
17.0,17.01,143.893358001082
17.01,17.02,146.40856959456255
17.02,17.03,146.40856959456255
17.03,17.04,146.40856959456255
17.04,17.05,144.7269237440378
17.05,17.06,143.893358001082
17.06,17.07,147.25670581005258
17.07,17.08,143.06459324352582
17.08,17.09,0.0
17.09,17.1,0.0
17.1,17.11,0.0
17.11,17.12,0.0
17.12,17.13,0.0
17.13,17.14,0.0
17.14,17.15,0.0
17.15,17.16,0.0
17.16,17.17,0.0
17.17,17.18,0.0
17.18,17.19,0.0
17.19,17.2,0.0
17.2,17.21,0.0
17.21,17.22,0.0
17.22,17.23,0.0
17.23,17.24,0.0
17.24,17.25,0.0
17.25,17.26,0.0
17.26,17.27,0.0
17.27,17.28,0.0
17.28,17.29,0.0
17.29,17.3,0.0
17.3,17.31,0.0
17.31,17.32,0.0
17.32,17.33,0.0
17.33,17.34,0.0
17.34,17.35,147.25670581005258
17.35,17.36,148.96774631227024
17.36,17.37,149.83070768766817
17.37,17.38,149.83070768766817
17.38,17.39,150.69866814745757
17.39,17.4,149.83070768766817
17.4,17.41,152.4497023255762
17.41,17.42,0.0
17.42,17.43,0.0
17.43,17.44,0.0
17.44,17.45,0.0
17.45,17.46,0.0
17.46,17.47,0.0
17.47,17.48,0.0
17.48,17.49,0.0
17.49,17.5,161.5148333600084
17.5,17.51,160.5845763726753
17.51,17.52,159.65967727133
17.52,17.53,158.74010519681997
17.53,17.54,158.74010519681997
17.54,17.55,158.74010519681997
17.55,17.56,158.74010519681997
17.56,17.57,157.8258294677283
17.57,17.58,156.91681957935012
17.58,17.59,155.11447618337345
17.59,17.6,155.11447618337345
17.6,17.61,153.33283446696007
17.61,17.62,155.11447618337345
17.62,17.63,161.5148333600084
17.63,17.64,164.33806291715806
17.64,17.65,164.33806291715806
17.65,17.66,162.4504792712471
17.66,17.67,163.39154532410998
17.67,17.68,164.33806291715806
17.68,17.69,158.74010519681997
17.69,17.7,157.8258294677283
17.7,17.71,156.91681957935012
17.71,17.72,156.0130452026747
17.72,17.73,160.5845763726753
17.73,17.74,161.5148333600084
17.74,17.75,159.65967727133
17.75,17.76,158.74010519681997
17.76,17.77,158.74010519681997
17.77,17.78,157.8258294677283
17.78,17.79,156.91681957935012
17.79,17.8,156.91681957935012
17.8,17.81,156.91681957935012
17.81,17.82,156.91681957935012
17.82,17.83,157.8258294677283
17.83,17.84,157.8258294677283
17.84,17.85,157.8258294677283
17.85,17.86,158.74010519681997
17.86,17.87,157.8258294677283
17.87,17.88,157.8258294677283
17.88,17.89,158.74010519681997
17.89,17.9,158.74010519681997
17.9,17.91,157.8258294677283
17.91,17.92,158.74010519681997
17.92,17.93,0.0
17.93,17.94,167.2106416577019
17.94,17.95,165.29006363084235
17.95,17.96,163.39154532410998
17.96,17.97,160.5845763726753
17.97,17.98,160.5845763726753
17.98,17.99,159.65967727133
17.99,18.0,158.74010519681997
18.0,18.01,158.74010519681997
18.01,18.02,158.74010519681997
18.02,18.03,158.74010519681997
18.03,18.04,157.8258294677283
18.04,18.05,157.8258294677283
18.05,18.06,156.91681957935012
18.06,18.07,156.91681957935012
18.07,18.08,155.11447618337345
18.08,18.09,154.22108254079407
18.09,18.1,154.22108254079407
18.1,18.11,157.8258294677283
18.11,18.12,156.0130452026747
18.12,18.13,156.0130452026747
18.13,18.14,155.11447618337345
18.14,18.15,155.11447618337345
18.15,18.16,155.11447618337345
18.16,18.17,154.22108254079407
18.17,18.18,154.22108254079407
18.18,18.19,153.33283446696007
18.19,18.2,152.4497023255762
18.2,18.21,151.57165665103983
18.21,18.22,151.57165665103983
18.22,18.23,152.4497023255762
18.23,18.24,154.22108254079407
18.24,18.25,152.4497023255762
18.25,18.26,151.57165665103983
18.26,18.27,150.69866814745757
18.27,18.28,150.69866814745757
18.28,18.29,148.96774631227024
18.29,18.3,148.96774631227024
18.3,18.31,147.25670581005258
18.31,18.32,146.40856959456255
18.32,18.33,141.4213562373095
18.33,18.34,149.83070768766817
18.34,18.35,149.83070768766817
18.35,18.36,148.96774631227024
18.36,18.37,148.96774631227024
18.37,18.38,148.1097552286564
18.38,18.39,149.83070768766817
18.39,18.4,0.0
18.4,18.41,0.0
18.41,18.42,0.0
18.42,18.43,0.0
18.43,18.44,148.96774631227024
18.44,18.45,148.1097552286564
18.45,18.46,147.25670581005258
18.46,18.47,146.40856959456255
18.47,18.48,145.56531828421873
18.48,18.49,146.40856959456255
18.49,18.5,142.24060181972814
18.5,18.51,0.0
18.51,18.52,0.0
18.52,18.53,0.0
18.53,18.54,0.0
18.54,18.55,0.0
18.55,18.56,0.0
18.56,18.57,0.0
18.57,18.58,0.0
18.58,18.59,0.0
18.59,18.6,0.0
18.6,18.61,0.0
18.61,18.62,0.0
18.62,18.63,0.0
18.63,18.64,0.0
18.64,18.65,0.0
18.65,18.66,0.0
18.66,18.67,0.0
18.67,18.68,185.5318233882619
18.68,18.69,186.60659830736148
18.69,18.7,188.7748625363387
18.7,18.71,190.9683207820833
18.71,18.72,194.30638823072118
18.72,18.73,195.43199368684918
18.73,18.74,197.70280407057922
18.74,18.75,213.12010032569688
18.75,18.76,215.59643660857103
18.76,18.77,219.36499593892518
18.77,18.78,218.10154653305153
18.78,18.79,215.59643660857103
18.79,18.8,213.12010032569688
18.8,18.81,211.89261887185907
18.81,18.82,210.67220719096719
18.82,18.83,209.4588245641254
18.83,18.84,208.25243050696125
18.84,18.85,205.86044732869837
18.85,18.86,203.49593842053727
18.86,18.87,201.15858821357068
18.87,18.88,0.0
18.88,18.89,0.0
18.89,18.9,0.0
18.9,18.91,0.0
18.91,18.92,0.0
18.92,18.93,0.0
18.93,18.94,0.0
18.94,18.95,153.33283446696007
18.95,18.96,149.83070768766817
18.96,18.97,147.25670581005258
18.97,18.98,145.56531828421873
18.98,18.99,143.893358001082
18.99,19.0,142.24060181972814
19.0,19.01,138.99182198423372
19.01,19.02,143.893358001082
19.02,19.03,147.25670581005258
19.03,19.04,150.69866814745757
19.04,19.05,152.4497023255762
19.05,19.06,150.69866814745757
19.06,19.07,149.83070768766817
19.07,19.08,148.1097552286564
19.08,19.09,147.25670581005258
19.09,19.1,146.40856959456255
19.1,19.11,144.7269237440378
19.11,19.12,141.4213562373095
19.12,19.13,148.96774631227024
19.13,19.14,148.96774631227024
19.14,19.15,146.40856959456255
19.15,19.16,150.69866814745757
19.16,19.17,150.69866814745757
19.17,19.18,143.06459324352582
19.18,19.19,151.57165665103983
19.19,19.2,152.4497023255762
19.2,19.21,0.0
19.21,19.22,0.0
19.22,19.23,0.0
19.23,19.24,0.0
19.24,19.25,0.0
19.25,19.26,0.0
19.26,19.27,0.0
19.27,19.28,0.0
19.28,19.29,0.0
19.29,19.3,0.0
19.3,19.31,0.0
19.31,19.32,0.0
19.32,19.33,0.0
19.33,19.34,0.0
19.34,19.35,0.0
19.35,19.36,0.0
19.36,19.37,0.0
19.37,19.38,0.0
19.38,19.39,0.0
19.39,19.4,0.0
19.4,19.41,0.0
19.41,19.42,0.0
19.42,19.43,0.0
19.43,19.44,0.0
19.44,19.45,0.0
19.45,19.46,0.0
19.46,19.47,0.0
19.47,19.48,0.0
19.48,19.49,170.13343219017113
19.49,19.5,171.11900513652043
19.5,19.51,176.1331747192297
19.51,19.52,176.1331747192297
19.52,19.53,176.1331747192297
19.53,19.54,176.1331747192297
19.54,19.55,175.11872228117704
19.55,19.56,175.11872228117704
19.56,19.57,174.11011265922482
19.57,19.58,172.11028744886602
19.58,19.59,172.11028744886602
19.59,19.6,173.1073122012286
19.6,19.61,176.1331747192297
19.61,19.62,175.11872228117704
19.62,19.63,0.0
19.63,19.64,0.0
19.64,19.65,0.0
19.65,19.66,0.0
19.66,19.67,219.36499593892518
19.67,19.68,213.12010032569688
19.68,19.69,214.35469250725862
19.69,19.7,215.59643660857103
19.7,19.71,216.8453740602837
19.71,19.72,218.10154653305153
19.72,19.73,218.10154653305153
19.73,19.74,216.8453740602837
19.74,19.75,214.35469250725862
19.75,19.76,207.05298476827548
19.76,19.77,195.43199368684918
19.77,19.78,189.86842419010387
19.78,19.79,188.7748625363387
19.79,19.8,194.30638823072118
19.8,19.81,204.67477839935495
19.81,19.82,213.12010032569688
19.82,19.83,221.91389441356898
19.83,19.84,228.41646786215435
19.84,19.85,232.40911739156792
19.85,19.86,236.47155720542963
19.86,19.87,239.21922434748075
19.87,19.88,243.40070273411817
19.88,19.89,244.81070866093103
19.89,19.9,247.65527207548806
19.9,19.91,247.65527207548806
19.91,19.92,240.60500721642333
19.92,19.93,237.8414230005442
19.93,19.94,233.75544971224912
19.94,19.95,228.41646786215435
19.95,19.96,223.1994285260446
19.96,19.97,219.36499593892518
19.97,19.98,216.8453740602837
19.98,19.99,213.12010032569688
19.99,20.0,209.4588245641254
20.0,20.01,204.67477839935495
20.01,20.02,201.15858821357068
20.02,20.03,196.56411970905023
20.03,20.04,209.4588245641254
20.04,20.05,214.35469250725862
20.05,20.06,211.89261887185907
20.06,20.07,195.43199368684918
20.07,20.08,195.43199368684918
20.08,20.09,195.43199368684918
20.09,20.1,200.0
20.1,20.11,207.05298476827548
20.11,20.12,207.05298476827548
20.12,20.13,208.25243050696125
20.13,20.14,208.25243050696125
20.14,20.15,208.25243050696125
20.15,20.16,208.25243050696125
20.16,20.17,208.25243050696125
20.17,20.18,207.05298476827548
20.18,20.19,204.67477839935495
20.19,20.2,202.3238880603845
20.2,20.21,201.15858821357068
20.21,20.22,200.0
20.22,20.23,198.8480847635095
20.23,20.24,198.8480847635095
20.24,20.25,197.70280407057922
20.25,20.26,196.56411970905023
20.26,20.27,194.30638823072118
20.27,20.28,193.1872657849691
20.28,20.29,190.9683207820833
20.29,20.3,188.7748625363387
20.3,20.31,183.40080864093423
20.31,20.32,182.34449771164336
20.32,20.33,177.1535038204721
20.33,20.34,176.1331747192297
20.34,20.35,175.11872228117704
20.35,20.36,178.17974362806785
20.36,20.37,182.34449771164336
20.37,20.38,182.34449771164336
20.38,20.39,181.29427068562208
20.39,20.4,177.1535038204721
20.4,20.41,174.11011265922482
20.41,20.42,170.13343219017113
20.42,20.43,167.2106416577019
20.43,20.44,162.4504792712471
20.44,20.45,0.0
20.45,20.46,0.0
20.46,20.47,0.0
20.47,20.48,180.25009252216606
20.48,20.49,174.11011265922482
20.49,20.5,174.11011265922482
20.5,20.51,174.11011265922482
20.51,20.52,173.1073122012286
20.52,20.53,173.1073122012286
20.53,20.54,173.1073122012286
20.54,20.55,172.11028744886602
20.55,20.56,172.11028744886602
20.56,20.57,172.11028744886602
20.57,20.58,172.11028744886602
20.58,20.59,171.11900513652043
20.59,20.6,170.13343219017113
20.6,20.61,177.1535038204721
20.61,20.62,177.1535038204721
20.62,20.63,177.1535038204721
20.63,20.64,177.1535038204721
20.64,20.65,176.1331747192297
20.65,20.66,176.1331747192297
20.66,20.67,176.1331747192297
20.67,20.68,175.11872228117704
20.68,20.69,175.11872228117704
20.69,20.7,173.1073122012286
20.7,20.71,171.11900513652043
20.71,20.72,169.1535357262897
20.72,20.73,167.2106416577019
20.73,20.74,166.24757922855756
20.74,20.75,164.33806291715806
20.75,20.76,163.39154532410998
20.76,20.77,160.5845763726753
20.77,20.78,157.8258294677283
20.78,20.79,158.74010519681997
20.79,20.8,156.91681957935012
20.8,20.81,155.11447618337345
20.81,20.82,156.91681957935012
20.82,20.83,157.8258294677283
20.83,20.84,156.91681957935012
20.84,20.85,156.91681957935012
20.85,20.86,157.8258294677283
20.86,20.87,156.91681957935012
20.87,20.88,157.8258294677283
20.88,20.89,157.8258294677283
20.89,20.9,157.8258294677283
20.9,20.91,156.91681957935012
20.91,20.92,156.0130452026747
20.92,20.93,154.22108254079407
20.93,20.94,152.4497023255762
20.94,20.95,150.69866814745757
20.95,20.96,148.96774631227024
20.96,20.97,147.25670581005258
20.97,20.98,143.893358001082
20.98,20.99,152.4497023255762
20.99,21.0,0.0
21.0,21.01,0.0
21.01,21.02,0.0
21.02,21.03,173.1073122012286
21.03,21.04,171.11900513652043
21.04,21.05,171.11900513652043
21.05,21.06,171.11900513652043
21.06,21.07,172.11028744886602
21.07,21.08,174.11011265922482
21.08,21.09,176.1331747192297
21.09,21.1,178.17974362806785
21.1,21.11,180.25009252216606
21.11,21.12,182.34449771164336
21.12,21.13,183.40080864093423
21.13,21.14,185.5318233882619
21.14,21.15,187.68759933422865
21.15,21.16,188.7748625363387
21.16,21.17,186.60659830736148
21.17,21.18,186.60659830736148
21.18,21.19,0.0
21.19,21.2,187.68759933422865
21.2,21.21,186.60659830736148
21.21,21.22,184.46323871718783
21.22,21.23,182.34449771164336
21.23,21.24,182.34449771164336
21.24,21.25,181.29427068562208
21.25,21.26,182.34449771164336
21.26,21.27,174.11011265922482
21.27,21.28,174.11011265922482
21.28,21.29,0.0
21.29,21.3,0.0
21.3,21.31,0.0
21.31,21.32,0.0
21.32,21.33,0.0
21.33,21.34,0.0
21.34,21.35,0.0
21.35,21.36,0.0
21.36,21.37,0.0
21.37,21.38,0.0
21.38,21.39,0.0
21.39,21.4,0.0
21.4,21.41,0.0
21.41,21.42,0.0
21.42,21.43,0.0
21.43,21.44,0.0
21.44,21.45,0.0
21.45,21.46,0.0
21.46,21.47,0.0
21.47,21.48,0.0
21.48,21.49,0.0
21.49,21.5,0.0
21.5,21.51,0.0
21.51,21.52,0.0
21.52,21.53,0.0
21.53,21.54,0.0
21.54,21.55,0.0
21.55,21.56,0.0
21.56,21.57,0.0
21.57,21.58,0.0
21.58,21.59,0.0
21.59,21.6,0.0
21.6,21.61,0.0
21.61,21.62,0.0
21.62,21.63,167.2106416577019
21.63,21.64,165.29006363084235
21.64,21.65,167.2106416577019
21.65,21.66,169.1535357262897
21.66,21.67,169.1535357262897
21.67,21.68,170.13343219017113
21.68,21.69,169.1535357262897
21.69,21.7,169.1535357262897
21.7,21.71,169.1535357262897
21.71,21.72,168.1792830507429
21.72,21.73,161.5148333600084
21.73,21.74,151.57165665103983
21.74,21.75,169.1535357262897
21.75,21.76,169.1535357262897
21.76,21.77,0.0
21.77,21.78,0.0
21.78,21.79,0.0
21.79,21.8,0.0
21.8,21.81,0.0
21.81,21.82,0.0
21.82,21.83,0.0
21.83,21.84,0.0
21.84,21.85,0.0
21.85,21.86,0.0
21.86,21.87,0.0
21.87,21.88,165.29006363084235
21.88,21.89,166.24757922855756
21.89,21.9,169.1535357262897
21.9,21.91,169.1535357262897
21.91,21.92,169.1535357262897
21.92,21.93,169.1535357262897
21.93,21.94,169.1535357262897
21.94,21.95,168.1792830507429
21.95,21.96,167.2106416577019
21.96,21.97,164.33806291715806
21.97,21.98,157.8258294677283
21.98,21.99,156.0130452026747
21.99,22.0,160.5845763726753
22.0,22.01,168.1792830507429
22.01,22.02,171.11900513652043
22.02,22.03,173.1073122012286
22.03,22.04,174.11011265922482
22.04,22.05,174.11011265922482
22.05,22.06,174.11011265922482
22.06,22.07,174.11011265922482
22.07,22.08,173.1073122012286
22.08,22.09,170.13343219017113
22.09,22.1,170.13343219017113
22.1,22.11,172.11028744886602
22.11,22.12,174.11011265922482
22.12,22.13,175.11872228117704
22.13,22.14,175.11872228117704
22.14,22.15,175.11872228117704
22.15,22.16,175.11872228117704
22.16,22.17,175.11872228117704
22.17,22.18,175.11872228117704
22.18,22.19,175.11872228117704
22.19,22.2,175.11872228117704
22.2,22.21,175.11872228117704
22.21,22.22,175.11872228117704
22.22,22.23,172.11028744886602
22.23,22.24,164.33806291715806
22.24,22.25,163.39154532410998
22.25,22.26,176.1331747192297
22.26,22.27,174.11011265922482
22.27,22.28,173.1073122012286
22.28,22.29,171.11900513652043
22.29,22.3,170.13343219017113
22.3,22.31,170.13343219017113
22.31,22.32,169.1535357262897
22.32,22.33,168.1792830507429
22.33,22.34,167.2106416577019
22.34,22.35,166.24757922855756
22.35,22.36,165.29006363084235
22.36,22.37,165.29006363084235
22.37,22.38,166.24757922855756
22.38,22.39,166.24757922855756
22.39,22.4,170.13343219017113
22.4,22.41,170.13343219017113
22.41,22.42,171.11900513652043
22.42,22.43,170.13343219017113
22.43,22.44,171.11900513652043
22.44,22.45,172.11028744886602
22.45,22.46,171.11900513652043
22.46,22.47,171.11900513652043
22.47,22.48,170.13343219017113
22.48,22.49,169.1535357262897
22.49,22.5,168.1792830507429
22.5,22.51,168.1792830507429
22.51,22.52,168.1792830507429
22.52,22.53,164.33806291715806
22.53,22.54,176.1331747192297
22.54,22.55,0.0
22.55,22.56,0.0
22.56,22.57,0.0
22.57,22.58,0.0
22.58,22.59,207.05298476827548
22.59,22.6,201.15858821357068
22.6,22.61,200.0
22.61,22.62,200.0
22.62,22.63,198.8480847635095
22.63,22.64,198.8480847635095
22.64,22.65,198.8480847635095
22.65,22.66,200.0
22.66,22.67,201.15858821357068
22.67,22.68,201.15858821357068
22.68,22.69,201.15858821357068
22.69,22.7,201.15858821357068
22.7,22.71,198.8480847635095
22.71,22.72,197.70280407057922
22.72,22.73,195.43199368684918
22.73,22.74,192.07458901020084
22.74,22.75,188.7748625363387
22.75,22.76,183.40080864093423
22.76,22.77,172.11028744886602
22.77,22.78,160.5845763726753
22.78,22.79,169.1535357262897
22.79,22.8,159.65967727133
22.8,22.81,165.29006363084235
22.81,22.82,160.5845763726753
22.82,22.83,158.74010519681997
22.83,22.84,156.91681957935012
22.84,22.85,156.91681957935012
22.85,22.86,156.91681957935012
22.86,22.87,156.91681957935012
22.87,22.88,157.8258294677283
22.88,22.89,159.65967727133
22.89,22.9,160.5845763726753
22.9,22.91,162.4504792712471
22.91,22.92,163.39154532410998
22.92,22.93,163.39154532410998
22.93,22.94,164.33806291715806
22.94,22.95,164.33806291715806
22.95,22.96,165.29006363084235
22.96,22.97,165.29006363084235
22.97,22.98,165.29006363084235
22.98,22.99,163.39154532410998
22.99,23.0,0.0
23.0,23.01,0.0
23.01,23.02,0.0
23.02,23.03,161.5148333600084
23.03,23.04,156.0130452026747
23.04,23.05,155.11447618337345
23.05,23.06,155.11447618337345
23.06,23.07,154.22108254079407
23.07,23.08,152.4497023255762
23.08,23.09,151.57165665103983
23.09,23.1,149.83070768766817
23.1,23.11,147.25670581005258
23.11,23.12,0.0
23.12,23.13,0.0
23.13,23.14,0.0
23.14,23.15,148.1097552286564
23.15,23.16,149.83070768766817
23.16,23.17,149.83070768766817
23.17,23.18,148.1097552286564
23.18,23.19,163.39154532410998
23.19,23.2,161.5148333600084
23.2,23.21,160.5845763726753
23.21,23.22,159.65967727133
23.22,23.23,159.65967727133
23.23,23.24,159.65967727133
23.24,23.25,158.74010519681997
23.25,23.26,158.74010519681997
23.26,23.27,158.74010519681997
23.27,23.28,158.74010519681997
23.28,23.29,157.8258294677283
23.29,23.3,155.11447618337345
23.3,23.31,0.0
23.31,23.32,0.0
23.32,23.33,0.0
23.33,23.34,157.8258294677283
23.34,23.35,158.74010519681997
23.35,23.36,160.5845763726753
23.36,23.37,161.5148333600084
23.37,23.38,162.4504792712471
23.38,23.39,162.4504792712471
23.39,23.4,162.4504792712471
23.4,23.41,161.5148333600084
23.41,23.42,160.5845763726753
23.42,23.43,158.74010519681997
23.43,23.44,154.22108254079407
23.44,23.45,149.83070768766817
23.45,23.46,158.74010519681997
23.46,23.47,158.74010519681997
23.47,23.48,160.5845763726753
23.48,23.49,158.74010519681997
23.49,23.5,156.0130452026747
23.5,23.51,156.0130452026747
23.51,23.52,156.91681957935012
23.52,23.53,156.91681957935012
23.53,23.54,156.91681957935012
23.54,23.55,156.91681957935012
23.55,23.56,156.0130452026747
23.56,23.57,156.0130452026747
23.57,23.58,155.11447618337345
23.58,23.59,155.11447618337345
23.59,23.6,155.11447618337345
23.6,23.61,155.11447618337345
23.61,23.62,155.11447618337345
23.62,23.63,156.0130452026747
23.63,23.64,157.8258294677283
23.64,23.65,157.8258294677283
23.65,23.66,158.74010519681997
23.66,23.67,158.74010519681997
23.67,23.68,158.74010519681997
23.68,23.69,158.74010519681997
23.69,23.7,158.74010519681997
23.7,23.71,158.74010519681997
23.71,23.72,158.74010519681997
23.72,23.73,157.8258294677283
23.73,23.74,157.8258294677283
23.74,23.75,156.91681957935012
23.75,23.76,156.0130452026747
23.76,23.77,156.0130452026747
23.77,23.78,155.11447618337345
23.78,23.79,154.22108254079407
23.79,23.8,155.11447618337345
23.8,23.81,155.11447618337345
23.81,23.82,155.11447618337345
23.82,23.83,156.0130452026747
23.83,23.84,156.91681957935012
23.84,23.85,157.8258294677283
23.85,23.86,158.74010519681997
23.86,23.87,159.65967727133
23.87,23.88,160.5845763726753
23.88,23.89,160.5845763726753
23.89,23.9,160.5845763726753
23.9,23.91,161.5148333600084
23.91,23.92,161.5148333600084
23.92,23.93,161.5148333600084
23.93,23.94,161.5148333600084
23.94,23.95,162.4504792712471
23.95,23.96,161.5148333600084
23.96,23.97,161.5148333600084
23.97,23.98,160.5845763726753
23.98,23.99,158.74010519681997
23.99,24.0,157.8258294677283
24.0,24.01,156.0130452026747
24.01,24.02,155.11447618337345
24.02,24.03,154.22108254079407
24.03,24.04,154.22108254079407
24.04,24.05,154.22108254079407
24.05,24.06,154.22108254079407
24.06,24.07,153.33283446696007
24.07,24.08,154.22108254079407
24.08,24.09,156.0130452026747
24.09,24.1,156.0130452026747
24.1,24.11,155.11447618337345
24.11,24.12,154.22108254079407
24.12,24.13,154.22108254079407
24.13,24.14,153.33283446696007
24.14,24.15,153.33283446696007
24.15,24.16,152.4497023255762
24.16,24.17,151.57165665103983
24.17,24.18,150.69866814745757
24.18,24.19,149.83070768766817
24.19,24.2,148.96774631227024
24.2,24.21,148.96774631227024
24.21,24.22,148.96774631227024
24.22,24.23,148.96774631227024
24.23,24.24,150.69866814745757
24.24,24.25,149.83070768766817
24.25,24.26,149.83070768766817
24.26,24.27,149.83070768766817
24.27,24.28,149.83070768766817
24.28,24.29,149.83070768766817
24.29,24.3,149.83070768766817
24.3,24.31,148.96774631227024
24.31,24.32,148.96774631227024
24.32,24.33,148.1097552286564
24.33,24.34,146.40856959456255
24.34,24.35,143.893358001082
24.35,24.36,142.24060181972814
24.36,24.37,141.4213562373095
24.37,24.38,146.40856959456255
24.38,24.39,147.25670581005258
24.39,24.4,146.40856959456255
24.4,24.41,147.25670581005258
24.41,24.42,147.25670581005258
24.42,24.43,147.25670581005258
24.43,24.44,151.57165665103983
24.44,24.45,0.0
24.45,24.46,170.13343219017113
24.46,24.47,166.24757922855756
24.47,24.48,164.33806291715806
24.48,24.49,163.39154532410998
24.49,24.5,162.4504792712471
24.5,24.51,163.39154532410998
24.51,24.52,164.33806291715806
24.52,24.53,165.29006363084235
24.53,24.54,169.1535357262897
24.54,24.55,171.11900513652043
24.55,24.56,171.11900513652043
24.56,24.57,171.11900513652043
24.57,24.58,172.11028744886602
24.58,24.59,170.13343219017113
24.59,24.6,168.1792830507429
24.6,24.61,167.2106416577019
24.61,24.62,170.13343219017113
24.62,24.63,170.13343219017113
24.63,24.64,171.11900513652043
24.64,24.65,171.11900513652043
24.65,24.66,171.11900513652043
24.66,24.67,171.11900513652043
24.67,24.68,163.39154532410998
24.68,24.69,165.29006363084235
24.69,24.7,167.2106416577019
24.7,24.71,168.1792830507429
24.71,24.72,168.1792830507429
24.72,24.73,168.1792830507429
24.73,24.74,162.4504792712471
24.74,24.75,0.0
24.75,24.76,0.0
24.76,24.77,0.0
24.77,24.78,0.0
24.78,24.79,0.0
24.79,24.8,0.0
24.8,24.81,0.0
24.81,24.82,167.2106416577019
24.82,24.83,167.2106416577019
24.83,24.84,167.2106416577019
24.84,24.85,166.24757922855756
24.85,24.86,166.24757922855756
24.86,24.87,161.5148333600084
24.87,24.88,161.5148333600084
24.88,24.89,159.65967727133
24.89,24.9,157.8258294677283
24.9,24.91,156.0130452026747
24.91,24.92,156.0130452026747
24.92,24.93,156.0130452026747
24.93,24.94,155.11447618337345
24.94,24.95,155.11447618337345
24.95,24.96,154.22108254079407
24.96,24.97,153.33283446696007
24.97,24.98,152.4497023255762
24.98,24.99,150.69866814745757
24.99,25.0,154.22108254079407
25.0,25.01,156.0130452026747
25.01,25.02,156.0130452026747
25.02,25.03,156.0130452026747
25.03,25.04,156.0130452026747
25.04,25.05,156.0130452026747
25.05,25.06,156.0130452026747
25.06,25.07,0.0
25.07,25.08,0.0
25.08,25.09,0.0
25.09,25.1,0.0
25.1,25.11,0.0
25.11,25.12,0.0
25.12,25.13,0.0
25.13,25.14,0.0
25.14,25.15,0.0
25.15,25.16,0.0
25.16,25.17,0.0
25.17,25.18,0.0
25.18,25.19,0.0
25.19,25.2,0.0
25.2,25.21,0.0
25.21,25.22,0.0
25.22,25.23,0.0
25.23,25.24,0.0
25.24,25.25,0.0
25.25,25.26,0.0
25.26,25.27,0.0
25.27,25.28,0.0
25.28,25.29,0.0
25.29,25.3,0.0
25.3,25.31,0.0
25.31,25.32,0.0
25.32,25.33,0.0
25.33,25.34,0.0
25.34,25.35,0.0
25.35,25.36,0.0
25.36,25.37,0.0
25.37,25.38,0.0
25.38,25.39,143.06459324352582
25.39,25.4,144.7269237440378
25.4,25.41,147.25670581005258
25.41,25.42,149.83070768766817
25.42,25.43,151.57165665103983
25.43,25.44,152.4497023255762
25.44,25.45,152.4497023255762
25.45,25.46,152.4497023255762
25.46,25.47,151.57165665103983
25.47,25.48,150.69866814745757
25.48,25.49,150.69866814745757
25.49,25.5,149.83070768766817
25.5,25.51,149.83070768766817
25.51,25.52,148.96774631227024
25.52,25.53,148.1097552286564
25.53,25.54,145.56531828421873
25.54,25.55,139.79699341790194
25.55,25.56,142.24060181972814
25.56,25.57,0.0
25.57,25.58,0.0
25.58,25.59,0.0
25.59,25.6,167.2106416577019
25.6,25.61,161.5148333600084
25.61,25.62,153.33283446696007
25.62,25.63,154.22108254079407
25.63,25.64,154.22108254079407
25.64,25.65,153.33283446696007
25.65,25.66,154.22108254079407
25.66,25.67,153.33283446696007
25.67,25.68,152.4497023255762
25.68,25.69,152.4497023255762
25.69,25.7,152.4497023255762
25.7,25.71,153.33283446696007
25.71,25.72,153.33283446696007
25.72,25.73,153.33283446696007
25.73,25.74,153.33283446696007
25.74,25.75,152.4497023255762
25.75,25.76,151.57165665103983
25.76,25.77,150.69866814745757
25.77,25.78,151.57165665103983
25.78,25.79,152.4497023255762
25.79,25.8,156.91681957935012
25.8,25.81,159.65967727133
25.81,25.82,159.65967727133
25.82,25.83,157.8258294677283
25.83,25.84,157.8258294677283
25.84,25.85,157.8258294677283
25.85,25.86,158.74010519681997
25.86,25.87,158.74010519681997
25.87,25.88,159.65967727133
25.88,25.89,160.5845763726753
25.89,25.9,160.5845763726753
25.9,25.91,161.5148333600084
25.91,25.92,160.5845763726753
25.92,25.93,159.65967727133
25.93,25.94,157.8258294677283
25.94,25.95,154.22108254079407
25.95,25.96,149.83070768766817
25.96,25.97,143.893358001082
25.97,25.98,145.56531828421873
25.98,25.99,147.25670581005258
25.99,26.0,148.96774631227024
26.0,26.01,151.57165665103983
26.01,26.02,152.4497023255762
26.02,26.03,154.22108254079407
26.03,26.04,153.33283446696007
26.04,26.05,150.69866814745757
26.05,26.06,148.1097552286564
26.06,26.07,143.893358001082
26.07,26.08,141.4213562373095
26.08,26.09,138.99182198423372
26.09,26.1,137.3953647458089
26.1,26.11,137.3953647458089
26.11,26.12,138.1912879967776
26.12,26.13,138.1912879967776
26.13,26.14,138.99182198423372
26.14,26.15,140.60682916223496
26.15,26.16,141.4213562373095
26.16,26.17,0.0
26.17,26.18,143.893358001082
26.18,26.19,143.06459324352582
26.19,26.2,142.24060181972814
26.2,26.21,142.24060181972814
26.21,26.22,143.06459324352582
26.22,26.23,143.893358001082
26.23,26.24,145.56531828421873
26.24,26.25,147.25670581005258
26.25,26.26,148.1097552286564
26.26,26.27,0.0
26.27,26.28,162.4504792712471
26.28,26.29,162.4504792712471
26.29,26.3,162.4504792712471
26.3,26.31,161.5148333600084
26.31,26.32,162.4504792712471
26.32,26.33,162.4504792712471
26.33,26.34,162.4504792712471
26.34,26.35,163.39154532410998
26.35,26.36,164.33806291715806
26.36,26.37,164.33806291715806
26.37,26.38,164.33806291715806
26.38,26.39,163.39154532410998
26.39,26.4,162.4504792712471
26.4,26.41,162.4504792712471
26.41,26.42,162.4504792712471
26.42,26.43,159.65967727133
26.43,26.44,161.5148333600084
26.44,26.45,160.5845763726753
26.45,26.46,160.5845763726753
26.46,26.47,158.74010519681997
26.47,26.48,156.91681957935012
26.48,26.49,153.33283446696007
26.49,26.5,151.57165665103983
26.5,26.51,148.96774631227024
26.51,26.52,148.96774631227024
26.52,26.53,147.25670581005258
26.53,26.54,146.40856959456255
26.54,26.55,146.40856959456255
26.55,26.56,144.7269237440378
26.56,26.57,143.893358001082
26.57,26.58,143.893358001082
26.58,26.59,0.0
26.59,26.6,0.0
26.6,26.61,155.11447618337345
26.61,26.62,154.22108254079407
26.62,26.63,153.33283446696007
26.63,26.64,153.33283446696007
26.64,26.65,153.33283446696007
26.65,26.66,153.33283446696007
26.66,26.67,153.33283446696007
26.67,26.68,153.33283446696007
26.68,26.69,152.4497023255762
26.69,26.7,151.57165665103983
26.7,26.71,152.4497023255762
26.71,26.72,153.33283446696007
26.72,26.73,149.83070768766817
26.73,26.74,144.7269237440378
26.74,26.75,143.893358001082
26.75,26.76,154.22108254079407
26.76,26.77,155.11447618337345
26.77,26.78,170.13343219017113
26.78,26.79,163.39154532410998
26.79,26.8,161.5148333600084
26.8,26.81,159.65967727133
26.81,26.82,157.8258294677283
26.82,26.83,157.8258294677283
26.83,26.84,156.91681957935012
26.84,26.85,155.11447618337345
26.85,26.86,153.33283446696007
26.86,26.87,147.25670581005258
26.87,26.88,155.11447618337345
26.88,26.89,156.0130452026747
26.89,26.9,156.91681957935012
26.9,26.91,0.0
26.91,26.92,162.4504792712471
26.92,26.93,158.74010519681997
26.93,26.94,157.8258294677283
26.94,26.95,156.91681957935012
26.95,26.96,156.91681957935012
26.96,26.97,156.0130452026747
26.97,26.98,156.0130452026747
26.98,26.99,156.0130452026747
26.99,27.0,155.11447618337345
27.0,27.01,154.22108254079407
27.01,27.02,154.22108254079407
27.02,27.03,154.22108254079407
27.03,27.04,156.0130452026747
27.04,27.05,156.91681957935012
27.05,27.06,156.0130452026747
27.06,27.07,153.33283446696007
27.07,27.08,153.33283446696007
27.08,27.09,151.57165665103983
27.09,27.1,151.57165665103983
27.1,27.11,150.69866814745757
27.11,27.12,153.33283446696007
27.12,27.13,154.22108254079407
27.13,27.14,155.11447618337345
27.14,27.15,154.22108254079407
27.15,27.16,153.33283446696007
27.16,27.17,151.57165665103983
27.17,27.18,150.69866814745757
27.18,27.19,149.83070768766817
27.19,27.2,147.25670581005258
27.2,27.21,146.40856959456255
27.21,27.22,147.25670581005258
27.22,27.23,147.25670581005258
27.23,27.24,145.56531828421873
27.24,27.25,145.56531828421873
27.25,27.26,143.893358001082
27.26,27.27,145.56531828421873
27.27,27.28,148.1097552286564
27.28,27.29,150.69866814745757
27.29,27.3,151.57165665103983
27.3,27.31,151.57165665103983
27.31,27.32,151.57165665103983
27.32,27.33,152.4497023255762
27.33,27.34,154.22108254079407
27.34,27.35,156.91681957935012
27.35,27.36,161.5148333600084
27.36,27.37,164.33806291715806
27.37,27.38,169.1535357262897
27.38,27.39,172.11028744886602
27.39,27.4,175.11872228117704
27.4,27.41,178.17974362806785
27.41,27.42,180.25009252216606
27.42,27.43,182.34449771164336
27.43,27.44,184.46323871718783
27.44,27.45,184.46323871718783
27.45,27.46,184.46323871718783
27.46,27.47,182.34449771164336
27.47,27.48,179.21192838239048
27.48,27.49,178.17974362806785
27.49,27.5,178.17974362806785
27.5,27.51,175.11872228117704
27.51,27.52,0.0
27.52,27.53,171.11900513652043
27.53,27.54,170.13343219017113
27.54,27.55,169.1535357262897
27.55,27.56,169.1535357262897
27.56,27.57,169.1535357262897
27.57,27.58,169.1535357262897
27.58,27.59,169.1535357262897
27.59,27.6,169.1535357262897
27.6,27.61,169.1535357262897
27.61,27.62,169.1535357262897
27.62,27.63,170.13343219017113
27.63,27.64,169.1535357262897
27.64,27.65,169.1535357262897
27.65,27.66,167.2106416577019
27.66,27.67,165.29006363084235
27.67,27.68,165.29006363084235
27.68,27.69,166.24757922855756
27.69,27.7,167.2106416577019
27.7,27.71,167.2106416577019
27.71,27.72,165.29006363084235
27.72,27.73,162.4504792712471
27.73,27.74,158.74010519681997
27.74,27.75,159.65967727133
27.75,27.76,159.65967727133
27.76,27.77,159.65967727133
27.77,27.78,159.65967727133
27.78,27.79,159.65967727133
27.79,27.8,159.65967727133
27.8,27.81,159.65967727133
27.81,27.82,159.65967727133
27.82,27.83,159.65967727133
27.83,27.84,160.5845763726753
27.84,27.85,163.39154532410998
27.85,27.86,163.39154532410998
27.86,27.87,165.29006363084235
27.87,27.88,161.5148333600084
27.88,27.89,160.5845763726753
27.89,27.9,159.65967727133
27.9,27.91,159.65967727133
27.91,27.92,160.5845763726753
27.92,27.93,0.0
27.93,27.94,0.0
27.94,27.95,0.0
27.95,27.96,0.0
27.96,27.97,0.0
27.97,27.98,0.0
27.98,27.99,0.0
27.99,28.0,0.0
28.0,28.01,0.0
28.01,28.02,0.0
28.02,28.03,0.0
28.03,28.04,0.0
28.04,28.05,0.0
28.05,28.06,0.0
28.06,28.07,0.0
28.07,28.08,0.0
28.08,28.09,0.0
28.09,28.1,0.0
28.1,28.11,0.0
28.11,28.12,0.0
28.12,28.13,0.0
28.13,28.14,0.0
28.14,28.15,0.0
28.15,28.16,0.0
28.16,28.17,0.0
28.17,28.18,0.0
28.18,28.19,0.0
28.19,28.2,0.0
28.2,28.21,0.0
28.21,28.22,0.0
28.22,28.23,0.0
28.23,28.24,0.0
28.24,28.25,0.0
28.25,28.26,0.0
28.26,28.27,0.0
28.27,28.28,0.0
28.28,28.29,0.0
28.29,28.3,135.034994616819
28.3,28.31,138.1912879967776
28.31,28.32,140.60682916223496
28.32,28.33,142.24060181972814
28.33,28.34,143.893358001082
28.34,28.35,143.06459324352582
28.35,28.36,140.60682916223496
28.36,28.37,145.56531828421873
28.37,28.38,148.96774631227024
28.38,28.39,159.65967727133
28.39,28.4,143.893358001082
28.4,28.41,152.4497023255762
28.41,28.42,155.11447618337345
28.42,28.43,156.91681957935012
28.43,28.44,157.8258294677283
28.44,28.45,157.8258294677283
28.45,28.46,157.8258294677283
28.46,28.47,156.91681957935012
28.47,28.48,156.0130452026747
28.48,28.49,155.11447618337345
28.49,28.5,155.11447618337345
28.5,28.51,156.0130452026747
28.51,28.52,159.65967727133
28.52,28.53,161.5148333600084
28.53,28.54,161.5148333600084
28.54,28.55,161.5148333600084
28.55,28.56,160.5845763726753
28.56,28.57,160.5845763726753
28.57,28.58,159.65967727133
28.58,28.59,158.74010519681997
28.59,28.6,158.74010519681997
28.6,28.61,161.5148333600084
28.61,28.62,166.24757922855756
28.62,28.63,169.1535357262897
28.63,28.64,171.11900513652043
28.64,28.65,169.1535357262897
28.65,28.66,165.29006363084235
28.66,28.67,163.39154532410998
28.67,28.68,162.4504792712471
28.68,28.69,162.4504792712471
28.69,28.7,161.5148333600084
28.7,28.71,161.5148333600084
28.71,28.72,161.5148333600084
28.72,28.73,161.5148333600084
28.73,28.74,161.5148333600084
28.74,28.75,156.91681957935012
28.75,28.76,164.33806291715806
28.76,28.77,162.4504792712471
28.77,28.78,161.5148333600084
28.78,28.79,160.5845763726753
28.79,28.8,161.5148333600084
28.8,28.81,161.5148333600084
28.81,28.82,161.5148333600084
28.82,28.83,162.4504792712471
28.83,28.84,162.4504792712471
28.84,28.85,162.4504792712471
28.85,28.86,0.0
28.86,28.87,0.0
28.87,28.88,174.11011265922482
28.88,28.89,164.33806291715806
28.89,28.9,163.39154532410998
28.9,28.91,162.4504792712471
28.91,28.92,157.8258294677283
28.92,28.93,152.4497023255762
28.93,28.94,155.11447618337345
28.94,28.95,151.57165665103983
28.95,28.96,149.83070768766817
28.96,28.97,150.69866814745757
28.97,28.98,152.4497023255762
28.98,28.99,151.57165665103983
28.99,29.0,151.57165665103983
29.0,29.01,149.83070768766817
29.01,29.02,148.96774631227024
29.02,29.03,143.893358001082
29.03,29.04,0.0
29.04,29.05,0.0
29.05,29.06,0.0
29.06,29.07,0.0
29.07,29.08,0.0
29.08,29.09,0.0
29.09,29.1,0.0
29.1,29.11,0.0
29.11,29.12,0.0
29.12,29.13,0.0
29.13,29.14,0.0
29.14,29.15,174.11011265922482
29.15,29.16,167.2106416577019
29.16,29.17,159.65967727133
29.17,29.18,159.65967727133
29.18,29.19,158.74010519681997
29.19,29.2,157.8258294677283
29.2,29.21,157.8258294677283
29.21,29.22,157.8258294677283
29.22,29.23,0.0
29.23,29.24,167.2106416577019
29.24,29.25,164.33806291715806
29.25,29.26,161.5148333600084
29.26,29.27,161.5148333600084
29.27,29.28,161.5148333600084
29.28,29.29,162.4504792712471
29.29,29.3,162.4504792712471
29.3,29.31,163.39154532410998
29.31,29.32,165.29006363084235
29.32,29.33,164.33806291715806
29.33,29.34,167.2106416577019
29.34,29.35,171.11900513652043
29.35,29.36,173.1073122012286
29.36,29.37,173.1073122012286
29.37,29.38,174.11011265922482
29.38,29.39,174.11011265922482
29.39,29.4,174.11011265922482
29.4,29.41,173.1073122012286
29.41,29.42,171.11900513652043
29.42,29.43,169.1535357262897
29.43,29.44,168.1792830507429
29.44,29.45,166.24757922855756
29.45,29.46,164.33806291715806
29.46,29.47,163.39154532410998
29.47,29.48,164.33806291715806
29.48,29.49,164.33806291715806
29.49,29.5,164.33806291715806
29.5,29.51,163.39154532410998
29.51,29.52,163.39154532410998
29.52,29.53,164.33806291715806
29.53,29.54,164.33806291715806
29.54,29.55,166.24757922855756
29.55,29.56,167.2106416577019
29.56,29.57,0.0
29.57,29.58,0.0
29.58,29.59,0.0
29.59,29.6,0.0
29.6,29.61,0.0
29.61,29.62,0.0
29.62,29.63,0.0
29.63,29.64,0.0
29.64,29.65,0.0
29.65,29.66,0.0
29.66,29.67,167.2106416577019
29.67,29.68,166.24757922855756
29.68,29.69,167.2106416577019
29.69,29.7,166.24757922855756
29.7,29.71,166.24757922855756
29.71,29.72,166.24757922855756
29.72,29.73,166.24757922855756
29.73,29.74,166.24757922855756
29.74,29.75,167.2106416577019
29.75,29.76,167.2106416577019
29.76,29.77,167.2106416577019
29.77,29.78,167.2106416577019
29.78,29.79,167.2106416577019
29.79,29.8,167.2106416577019
29.8,29.81,167.2106416577019
29.81,29.82,167.2106416577019
29.82,29.83,167.2106416577019
29.83,29.84,166.24757922855756
29.84,29.85,166.24757922855756
29.85,29.86,165.29006363084235
29.86,29.87,165.29006363084235
29.87,29.88,163.39154532410998
29.88,29.89,162.4504792712471
29.89,29.9,176.1331747192297
29.9,29.91,176.1331747192297
29.91,29.92,176.1331747192297
29.92,29.93,176.1331747192297
29.93,29.94,175.11872228117704
29.94,29.95,160.5845763726753
29.95,29.96,161.5148333600084
29.96,29.97,161.5148333600084
29.97,29.98,162.4504792712471
29.98,29.99,162.4504792712471
29.99,30.0,161.5148333600084
30.0,30.01,0.0
30.01,30.02,0.0
30.02,30.03,0.0
30.03,30.04,0.0
30.04,30.05,0.0
30.05,30.06,0.0
30.06,30.07,0.0
30.07,30.08,159.65967727133
30.08,30.09,161.5148333600084
30.09,30.1,160.5845763726753
30.1,30.11,158.74010519681997
30.11,30.12,157.8258294677283
30.12,30.13,156.0130452026747
30.13,30.14,154.22108254079407
30.14,30.15,152.4497023255762
30.15,30.16,150.69866814745757
30.16,30.17,148.96774631227024
30.17,30.18,149.83070768766817
30.18,30.19,150.69866814745757
30.19,30.2,150.69866814745757
30.2,30.21,151.57165665103983
30.21,30.22,151.57165665103983
30.22,30.23,150.69866814745757
30.23,30.24,149.83070768766817
30.24,30.25,148.96774631227024
30.25,30.26,148.1097552286564
30.26,30.27,145.56531828421873
30.27,30.28,142.24060181972814
30.28,30.29,152.4497023255762
30.29,30.3,154.22108254079407
30.3,30.31,156.0130452026747
30.31,30.32,156.91681957935012
30.32,30.33,156.91681957935012
30.33,30.34,156.91681957935012
30.34,30.35,156.0130452026747
30.35,30.36,155.11447618337345
30.36,30.37,152.4497023255762
30.37,30.38,151.57165665103983
30.38,30.39,148.96774631227024
30.39,30.4,148.1097552286564
30.4,30.41,148.96774631227024
30.41,30.42,148.1097552286564
30.42,30.43,147.25670581005258
30.43,30.44,147.25670581005258
30.44,30.45,148.1097552286564
30.45,30.46,152.4497023255762
30.46,30.47,158.74010519681997
30.47,30.48,156.91681957935012
30.48,30.49,156.91681957935012
30.49,30.5,156.91681957935012
30.5,30.51,156.91681957935012
30.51,30.52,156.91681957935012
30.52,30.53,156.91681957935012
30.53,30.54,156.91681957935012
30.54,30.55,155.11447618337345
30.55,30.56,150.69866814745757
30.56,30.57,157.8258294677283
30.57,30.58,156.91681957935012
30.58,30.59,157.8258294677283
30.59,30.6,157.8258294677283
30.6,30.61,157.8258294677283
30.61,30.62,158.74010519681997
30.62,30.63,158.74010519681997
30.63,30.64,0.0
30.64,30.65,0.0
30.65,30.66,0.0
30.66,30.67,0.0
30.67,30.68,160.5845763726753
30.68,30.69,155.11447618337345
30.69,30.7,152.4497023255762
30.7,30.71,150.69866814745757
30.71,30.72,149.83070768766817
30.72,30.73,147.25670581005258
30.73,30.74,147.25670581005258
30.74,30.75,150.69866814745757
30.75,30.76,148.96774631227024
30.76,30.77,148.96774631227024
30.77,30.78,148.1097552286564
30.78,30.79,148.1097552286564
30.79,30.8,148.96774631227024
30.8,30.81,148.96774631227024
30.81,30.82,148.96774631227024
30.82,30.83,148.96774631227024
30.83,30.84,147.25670581005258
30.84,30.85,143.893358001082
30.85,30.86,144.7269237440378
30.86,30.87,150.69866814745757
30.87,30.88,0.0
30.88,30.89,0.0
30.89,30.9,0.0
30.9,30.91,0.0
30.91,30.92,0.0
30.92,30.93,0.0
30.93,30.94,0.0
30.94,30.95,0.0
30.95,30.96,174.11011265922482
30.96,30.97,184.46323871718783
30.97,30.98,190.9683207820833
30.98,30.99,190.9683207820833
30.99,31.0,192.07458901020084
31.0,31.01,193.1872657849691
31.01,31.02,194.30638823072118
31.02,31.03,195.43199368684918
31.03,31.04,196.56411970905023
31.04,31.05,196.56411970905023
31.05,31.06,195.43199368684918
31.06,31.07,194.30638823072118
31.07,31.08,193.1872657849691
31.08,31.09,190.9683207820833
31.09,31.1,188.7748625363387
31.1,31.11,187.68759933422865
31.11,31.12,185.5318233882619
31.12,31.13,184.46323871718783
31.13,31.14,184.46323871718783
31.14,31.15,183.40080864093423
31.15,31.16,182.34449771164336
31.16,31.17,181.29427068562208
31.17,31.18,180.25009252216606
31.18,31.19,178.17974362806785
31.19,31.2,176.1331747192297
31.2,31.21,174.11011265922482
31.21,31.22,172.11028744886602
31.22,31.23,170.13343219017113
31.23,31.24,164.33806291715806
31.24,31.25,164.33806291715806
31.25,31.26,159.65967727133
31.26,31.27,0.0
31.27,31.28,0.0
31.28,31.29,0.0
31.29,31.3,0.0
31.3,31.31,0.0
31.31,31.32,0.0
31.32,31.33,0.0
31.33,31.34,0.0
31.34,31.35,168.1792830507429
31.35,31.36,167.2106416577019
31.36,31.37,167.2106416577019
31.37,31.38,166.24757922855756
31.38,31.39,165.29006363084235
31.39,31.4,164.33806291715806
31.4,31.41,163.39154532410998
31.41,31.42,162.4504792712471
31.42,31.43,162.4504792712471
31.43,31.44,161.5148333600084
31.44,31.45,161.5148333600084
31.45,31.46,161.5148333600084
31.46,31.47,160.5845763726753
31.47,31.48,161.5148333600084
31.48,31.49,156.91681957935012
31.49,31.5,164.33806291715806
31.5,31.51,163.39154532410998
31.51,31.52,162.4504792712471
31.52,31.53,161.5148333600084
31.53,31.54,161.5148333600084
31.54,31.55,161.5148333600084
31.55,31.56,161.5148333600084
31.56,31.57,161.5148333600084
31.57,31.58,161.5148333600084
31.58,31.59,161.5148333600084
31.59,31.6,161.5148333600084
31.6,31.61,162.4504792712471
31.61,31.62,158.74010519681997
31.62,31.63,0.0
31.63,31.64,0.0
31.64,31.65,0.0
31.65,31.66,0.0
31.66,31.67,0.0
31.67,31.68,0.0
31.68,31.69,0.0
31.69,31.7,0.0
31.7,31.71,0.0
31.71,31.72,0.0
31.72,31.73,0.0
31.73,31.74,0.0
31.74,31.75,0.0
31.75,31.76,0.0
31.76,31.77,0.0
31.77,31.78,0.0
31.78,31.79,0.0
31.79,31.8,0.0
31.8,31.81,0.0
31.81,31.82,0.0
31.82,31.83,0.0
31.83,31.84,0.0
31.84,31.85,0.0
31.85,31.86,0.0
31.86,31.87,0.0
31.87,31.88,0.0
31.88,31.89,0.0
31.89,31.9,0.0
31.9,31.91,0.0
31.91,31.92,0.0
31.92,31.93,0.0
31.93,31.94,0.0
31.94,31.95,0.0
31.95,31.96,0.0
31.96,31.97,0.0
31.97,31.98,0.0
31.98,31.99,0.0
31.99,32.0,0.0
32.0,32.01,0.0
32.01,32.02,0.0
32.02,32.03,0.0
32.03,32.04,0.0
32.04,32.05,0.0
32.05,32.06,0.0
32.06,32.07,0.0
32.07,32.08,0.0
32.08,32.09,0.0
32.09,32.1,0.0
32.1,32.11,0.0
32.11,32.12,0.0
32.12,32.13,0.0
32.13,32.14,0.0
32.14,32.15,0.0
32.15,32.16,157.8258294677283
32.16,32.17,161.5148333600084
32.17,32.18,163.39154532410998
32.18,32.19,163.39154532410998
32.19,32.2,163.39154532410998
32.2,32.21,157.8258294677283
32.21,32.22,157.8258294677283
32.22,32.23,156.91681957935012
32.23,32.24,157.8258294677283
32.24,32.25,156.91681957935012
32.25,32.26,157.8258294677283
32.26,32.27,157.8258294677283
32.27,32.28,158.74010519681997
32.28,32.29,159.65967727133
32.29,32.3,160.5845763726753
32.3,32.31,160.5845763726753
32.31,32.32,161.5148333600084
32.32,32.33,162.4504792712471
32.33,32.34,162.4504792712471
32.34,32.35,163.39154532410998
32.35,32.36,164.33806291715806
32.36,32.37,164.33806291715806
32.37,32.38,165.29006363084235
32.38,32.39,164.33806291715806
32.39,32.4,163.39154532410998
32.4,32.41,161.5148333600084
32.41,32.42,160.5845763726753
32.42,32.43,159.65967727133
32.43,32.44,158.74010519681997
32.44,32.45,158.74010519681997
32.45,32.46,157.8258294677283
32.46,32.47,156.91681957935012
32.47,32.48,155.11447618337345
32.48,32.49,153.33283446696007
32.49,32.5,152.4497023255762
32.5,32.51,152.4497023255762
32.51,32.52,152.4497023255762
32.52,32.53,151.57165665103983
32.53,32.54,150.69866814745757
32.54,32.55,149.83070768766817
32.55,32.56,148.96774631227024
32.56,32.57,148.1097552286564
32.57,32.58,147.25670581005258
32.58,32.59,146.40856959456255
32.59,32.6,145.56531828421873
32.6,32.61,144.7269237440378
32.61,32.62,143.893358001082
32.62,32.63,142.24060181972814
32.63,32.64,140.60682916223496
32.64,32.65,138.99182198423372
32.65,32.66,138.1912879967776
32.66,32.67,136.60402567543954
32.67,32.68,135.81724438273213
32.68,32.69,134.25725027802636
32.69,32.7,134.25725027802636
32.7,32.71,135.034994616819
32.71,32.72,135.81724438273213
32.72,32.73,138.99182198423372
32.73,32.74,141.4213562373095
32.74,32.75,143.893358001082
32.75,32.76,142.24060181972814
32.76,32.77,141.4213562373095
32.77,32.78,139.79699341790194
32.78,32.79,138.1912879967776
32.79,32.8,137.3953647458089
32.8,32.81,138.1912879967776
32.81,32.82,138.1912879967776
32.82,32.83,138.1912879967776
32.83,32.84,138.99182198423372
32.84,32.85,139.79699341790194
32.85,32.86,140.60682916223496
32.86,32.87,140.60682916223496
32.87,32.88,141.4213562373095
32.88,32.89,142.24060181972814
32.89,32.9,141.4213562373095
32.9,32.91,141.4213562373095
32.91,32.92,140.60682916223496
32.92,32.93,138.99182198423372
32.93,32.94,138.99182198423372
32.94,32.95,136.60402567543954
32.95,32.96,135.034994616819
32.96,32.97,134.25725027802636
32.97,32.98,131.9507910772894
32.98,32.99,130.43520697655643
32.99,33.0,129.68395546510095
33.0,33.01,127.45606273192622
33.01,33.02,125.99210498948732
33.02,33.03,125.26644386241279
33.03,33.04,125.26644386241279
33.04,33.05,125.26644386241279
33.05,33.06,125.26644386241279
33.06,33.07,125.99210498948732
33.07,33.08,125.99210498948732
33.08,33.09,126.72196982870621
33.09,33.1,125.26644386241279
33.1,33.11,125.26644386241279
33.11,33.12,124.5449622358823
33.12,33.13,121.7003513670591
33.13,33.14,126.72196982870621
33.14,33.15,137.3953647458089
33.15,33.16,144.7269237440378
33.16,33.17,152.4497023255762
33.17,33.18,156.91681957935012
33.18,33.19,160.5845763726753
33.19,33.2,163.39154532410998
33.2,33.21,161.5148333600084
33.21,33.22,162.4504792712471
33.22,33.23,170.13343219017113
33.23,33.24,0.0
33.24,33.25,0.0
33.25,33.26,0.0
33.26,33.27,0.0
33.27,33.28,0.0
33.28,33.29,0.0
33.29,33.3,0.0
33.3,33.31,0.0
33.31,33.32,204.67477839935495
33.32,33.33,193.1872657849691
33.33,33.34,188.7748625363387
33.34,33.35,185.5318233882619
33.35,33.36,183.40080864093423
33.36,33.37,183.40080864093423
33.37,33.38,182.34449771164336
33.38,33.39,181.29427068562208
33.39,33.4,182.34449771164336
33.4,33.41,184.46323871718783
33.41,33.42,184.46323871718783
33.42,33.43,184.46323871718783
33.43,33.44,182.34449771164336
33.44,33.45,182.34449771164336
33.45,33.46,180.25009252216606
33.46,33.47,179.21192838239048
33.47,33.48,176.1331747192297
33.48,33.49,169.1535357262897
33.49,33.5,166.24757922855756
33.5,33.51,169.1535357262897
33.51,33.52,170.13343219017113
33.52,33.53,169.1535357262897
33.53,33.54,168.1792830507429
33.54,33.55,166.24757922855756
33.55,33.56,162.4504792712471
33.56,33.57,160.5845763726753
33.57,33.58,159.65967727133
33.58,33.59,158.74010519681997
33.59,33.6,157.8258294677283
33.6,33.61,157.8258294677283
33.61,33.62,157.8258294677283
33.62,33.63,157.8258294677283
33.63,33.64,158.74010519681997
33.64,33.65,158.74010519681997
33.65,33.66,159.65967727133
33.66,33.67,160.5845763726753
33.67,33.68,160.5845763726753
33.68,33.69,160.5845763726753
33.69,33.7,161.5148333600084
33.7,33.71,159.65967727133
33.71,33.72,158.74010519681997
33.72,33.73,156.0130452026747
33.73,33.74,151.57165665103983
33.74,33.75,147.25670581005258
33.75,33.76,151.57165665103983
33.76,33.77,150.69866814745757
33.77,33.78,150.69866814745757
33.78,33.79,152.4497023255762
33.79,33.8,152.4497023255762
33.8,33.81,153.33283446696007
33.81,33.82,153.33283446696007
33.82,33.83,153.33283446696007
33.83,33.84,152.4497023255762
33.84,33.85,151.57165665103983
33.85,33.86,150.69866814745757
33.86,33.87,148.96774631227024
33.87,33.88,148.1097552286564
33.88,33.89,143.893358001082
33.89,33.9,142.24060181972814
33.9,33.91,138.99182198423372
33.91,33.92,0.0
33.92,33.93,0.0
33.93,33.94,0.0
33.94,33.95,0.0
33.95,33.96,0.0
33.96,33.97,129.68395546510095
33.97,33.98,132.71517423385683
33.98,33.99,138.99182198423372
33.99,34.0,148.1097552286564
34.0,34.01,151.57165665103983
34.01,34.02,155.11447618337345
34.02,34.03,155.11447618337345
34.03,34.04,156.0130452026747
34.04,34.05,156.91681957935012
34.05,34.06,156.91681957935012
34.06,34.07,156.0130452026747
34.07,34.08,156.0130452026747
34.08,34.09,155.11447618337345
34.09,34.1,154.22108254079407
34.1,34.11,153.33283446696007
34.11,34.12,154.22108254079407
34.12,34.13,156.91681957935012
34.13,34.14,159.65967727133
34.14,34.15,161.5148333600084
34.15,34.16,164.33806291715806
34.16,34.17,171.11900513652043
34.17,34.18,169.1535357262897
34.18,34.19,167.2106416577019
34.19,34.2,167.2106416577019
34.2,34.21,167.2106416577019
34.21,34.22,167.2106416577019
34.22,34.23,168.1792830507429
34.23,34.24,169.1535357262897
34.24,34.25,170.13343219017113
34.25,34.26,170.13343219017113
34.26,34.27,169.1535357262897
34.27,34.28,168.1792830507429
34.28,34.29,167.2106416577019
34.29,34.3,166.24757922855756
34.3,34.31,165.29006363084235
34.31,34.32,163.39154532410998
34.32,34.33,161.5148333600084
34.33,34.34,160.5845763726753
34.34,34.35,158.74010519681997
34.35,34.36,150.69866814745757
34.36,34.37,159.65967727133
34.37,34.38,166.24757922855756
34.38,34.39,164.33806291715806
34.39,34.4,161.5148333600084
34.4,34.41,164.33806291715806
34.41,34.42,164.33806291715806
34.42,34.43,163.39154532410998
34.43,34.44,166.24757922855756
34.44,34.45,165.29006363084235
34.45,34.46,170.13343219017113
34.46,34.47,162.4504792712471
34.47,34.48,161.5148333600084
34.48,34.49,161.5148333600084
34.49,34.5,161.5148333600084
34.5,34.51,161.5148333600084
34.51,34.52,161.5148333600084
34.52,34.53,160.5845763726753
34.53,34.54,160.5845763726753
34.54,34.55,159.65967727133
34.55,34.56,157.8258294677283
34.56,34.57,158.74010519681997
34.57,34.58,160.5845763726753
34.58,34.59,0.0
34.59,34.6,0.0
34.6,34.61,0.0
34.61,34.62,0.0
34.62,34.63,0.0
34.63,34.64,0.0
34.64,34.65,0.0
34.65,34.66,0.0
34.66,34.67,150.69866814745757
34.67,34.68,147.25670581005258
34.68,34.69,150.69866814745757
34.69,34.7,148.96774631227024
34.7,34.71,149.83070768766817
34.71,34.72,149.83070768766817
34.72,34.73,150.69866814745757
34.73,34.74,151.57165665103983
34.74,34.75,151.57165665103983
34.75,34.76,153.33283446696007
34.76,34.77,148.1097552286564
34.77,34.78,147.25670581005258
34.78,34.79,0.0
34.79,34.8,160.5845763726753
34.8,34.81,154.22108254079407
34.81,34.82,151.57165665103983
34.82,34.83,149.83070768766817
34.83,34.84,149.83070768766817
34.84,34.85,148.96774631227024
34.85,34.86,148.96774631227024
34.86,34.87,148.96774631227024
34.87,34.88,148.1097552286564
34.88,34.89,147.25670581005258
34.89,34.9,146.40856959456255
34.9,34.91,145.56531828421873
34.91,34.92,145.56531828421873
34.92,34.93,145.56531828421873
34.93,34.94,146.40856959456255
34.94,34.95,146.40856959456255
34.95,34.96,146.40856959456255
34.96,34.97,146.40856959456255
34.97,34.98,146.40856959456255
34.98,34.99,145.56531828421873
34.99,35.0,144.7269237440378
35.0,35.01,143.893358001082
35.01,35.02,142.24060181972814
35.02,35.03,140.60682916223496
35.03,35.04,137.3953647458089
35.04,35.05,135.81724438273213
35.05,35.06,134.25725027802636
35.06,35.07,132.71517423385683
35.07,35.08,132.71517423385683
35.08,35.09,134.25725027802636
35.09,35.1,137.3953647458089
35.1,35.11,142.24060181972814
35.11,35.12,146.40856959456255
35.12,35.13,148.96774631227024
35.13,35.14,148.96774631227024
35.14,35.15,150.69866814745757
35.15,35.16,152.4497023255762
35.16,35.17,151.57165665103983
35.17,35.18,150.69866814745757
35.18,35.19,147.25670581005258
35.19,35.2,143.06459324352582
35.2,35.21,144.7269237440378
35.21,35.22,139.79699341790194
35.22,35.23,0.0
35.23,35.24,0.0
35.24,35.25,0.0
35.25,35.26,134.25725027802636
35.26,35.27,142.24060181972814
35.27,35.28,142.24060181972814
35.28,35.29,143.06459324352582
35.29,35.3,143.06459324352582
35.3,35.31,143.06459324352582
35.31,35.32,143.893358001082
35.32,35.33,143.893358001082
35.33,35.34,145.56531828421873
35.34,35.35,148.1097552286564
35.35,35.36,149.83070768766817
35.36,35.37,149.83070768766817
35.37,35.38,149.83070768766817
35.38,35.39,149.83070768766817
35.39,35.4,148.96774631227024
35.4,35.41,148.1097552286564
35.41,35.42,147.25670581005258
35.42,35.43,147.25670581005258
35.43,35.44,148.96774631227024
35.44,35.45,145.56531828421873
35.45,35.46,147.25670581005258
35.46,35.47,148.1097552286564
35.47,35.48,0.0
35.48,35.49,0.0
35.49,35.5,0.0
35.5,35.51,182.34449771164336
35.51,35.52,182.34449771164336
35.52,35.53,181.29427068562208
35.53,35.54,180.25009252216606
35.54,35.55,181.29427068562208
35.55,35.56,181.29427068562208
35.56,35.57,181.29427068562208
35.57,35.58,180.25009252216606
35.58,35.59,177.1535038204721
35.59,35.6,176.1331747192297
35.6,35.61,168.1792830507429
35.61,35.62,175.11872228117704
35.62,35.63,0.0
35.63,35.64,0.0
35.64,35.65,0.0
35.65,35.66,0.0
35.66,35.67,0.0
35.67,35.68,0.0
35.68,35.69,0.0
35.69,35.7,0.0
35.7,35.71,0.0
35.71,35.72,0.0
35.72,35.73,0.0
35.73,35.74,0.0
35.74,35.75,0.0
35.75,35.76,0.0
35.76,35.77,179.21192838239048
35.77,35.78,179.21192838239048
35.78,35.79,165.29006363084235
35.79,35.8,161.5148333600084
35.8,35.81,158.74010519681997
35.81,35.82,155.11447618337345
35.82,35.83,152.4497023255762
35.83,35.84,148.96774631227024
35.84,35.85,145.56531828421873
35.85,35.86,145.56531828421873
35.86,35.87,146.40856959456255
35.87,35.88,147.25670581005258
35.88,35.89,148.1097552286564
35.89,35.9,148.1097552286564
35.9,35.91,147.25670581005258
35.91,35.92,147.25670581005258
35.92,35.93,146.40856959456255
35.93,35.94,145.56531828421873
35.94,35.95,143.06459324352582
35.95,35.96,139.79699341790194
35.96,35.97,136.60402567543954
35.97,35.98,0.0
35.98,35.99,0.0
35.99,36.0,0.0
36.0,36.01,0.0
36.01,36.02,148.1097552286564
36.02,36.03,151.57165665103983
36.03,36.04,150.69866814745757
36.04,36.05,148.96774631227024
36.05,36.06,148.1097552286564
36.06,36.07,147.25670581005258
36.07,36.08,146.40856959456255
36.08,36.09,146.40856959456255
36.09,36.1,144.7269237440378
36.1,36.11,158.74010519681997
36.11,36.12,0.0
36.12,36.13,0.0
36.13,36.14,0.0
36.14,36.15,0.0
36.15,36.16,0.0
36.16,36.17,0.0
36.17,36.18,0.0
36.18,36.19,0.0
36.19,36.2,0.0
36.2,36.21,0.0
36.21,36.22,0.0
36.22,36.23,0.0
36.23,36.24,0.0
36.24,36.25,0.0
36.25,36.26,0.0
36.26,36.27,0.0
36.27,36.28,0.0
36.28,36.29,0.0
36.29,36.3,155.11447618337345
36.3,36.31,154.22108254079407
36.31,36.32,150.69866814745757
36.32,36.33,149.83070768766817
36.33,36.34,148.96774631227024
36.34,36.35,148.96774631227024
36.35,36.36,149.83070768766817
36.36,36.37,150.69866814745757
36.37,36.38,151.57165665103983
36.38,36.39,152.4497023255762
36.39,36.4,153.33283446696007
36.4,36.41,153.33283446696007
36.41,36.42,151.57165665103983
36.42,36.43,149.83070768766817
36.43,36.44,147.25670581005258
36.44,36.45,145.56531828421873
36.45,36.46,143.893358001082
36.46,36.47,143.06459324352582
36.47,36.48,143.06459324352582
36.48,36.49,143.893358001082
36.49,36.5,143.893358001082
36.5,36.51,143.893358001082
36.51,36.52,143.893358001082
36.52,36.53,143.06459324352582
36.53,36.54,143.06459324352582
36.54,36.55,143.06459324352582
36.55,36.56,142.24060181972814
36.56,36.57,141.4213562373095
36.57,36.58,140.60682916223496
36.58,36.59,140.60682916223496
36.59,36.6,139.79699341790194
36.6,36.61,138.99182198423372
36.61,36.62,138.1912879967776
36.62,36.63,137.3953647458089
36.63,36.64,136.60402567543954
36.64,36.65,135.81724438273213
36.65,36.66,135.034994616819
36.66,36.67,135.034994616819
36.67,36.68,135.034994616819
36.68,36.69,135.81724438273213
36.69,36.7,137.3953647458089
36.7,36.71,138.1912879967776
36.71,36.72,139.79699341790194
36.72,36.73,139.79699341790194
36.73,36.74,140.60682916223496
36.74,36.75,140.60682916223496
36.75,36.76,140.60682916223496
36.76,36.77,139.79699341790194
36.77,36.78,138.1912879967776
36.78,36.79,136.60402567543954
36.79,36.8,135.034994616819
36.8,36.81,131.9507910772894
36.81,36.82,128.9370308439579
36.82,36.83,125.99210498948732
36.83,36.84,124.5449622358823
36.84,36.85,124.5449622358823
36.85,36.86,126.72196982870621
36.86,36.87,0.0
36.87,36.88,0.0
36.88,36.89,0.0
36.89,36.9,0.0
36.9,36.91,0.0
36.91,36.92,0.0
36.92,36.93,149.83070768766817
36.93,36.94,156.0130452026747
36.94,36.95,156.91681957935012
36.95,36.96,157.8258294677283
36.96,36.97,157.8258294677283
36.97,36.98,157.8258294677283
36.98,36.99,156.91681957935012
36.99,37.0,156.0130452026747
37.0,37.01,153.33283446696007
37.01,37.02,0.0
37.02,37.03,0.0
37.03,37.04,0.0
37.04,37.05,0.0
37.05,37.06,0.0
37.06,37.07,0.0
37.07,37.08,0.0
37.08,37.09,0.0
37.09,37.1,0.0
37.1,37.11,0.0
37.11,37.12,0.0
37.12,37.13,0.0
37.13,37.14,0.0
37.14,37.15,0.0
37.15,37.16,0.0
37.16,37.17,0.0
37.17,37.18,0.0
37.18,37.19,155.11447618337345
37.19,37.2,158.74010519681997
37.2,37.21,157.8258294677283
37.21,37.22,156.91681957935012
37.22,37.23,156.0130452026747
37.23,37.24,155.11447618337345
37.24,37.25,154.22108254079407
37.25,37.26,153.33283446696007
37.26,37.27,151.57165665103983
37.27,37.28,151.57165665103983
37.28,37.29,151.57165665103983
37.29,37.3,151.57165665103983
37.3,37.31,148.96774631227024
37.31,37.32,146.40856959456255
37.32,37.33,144.7269237440378
37.33,37.34,143.06459324352582
37.34,37.35,140.60682916223496
37.35,37.36,138.1912879967776
37.36,37.37,136.60402567543954
37.37,37.38,135.034994616819
37.38,37.39,133.48398541700342
37.39,37.4,131.9507910772894
37.4,37.41,131.19081044374488
37.41,37.42,130.43520697655643
37.42,37.43,132.71517423385683
37.43,37.44,0.0
37.44,37.45,0.0
37.45,37.46,0.0
37.46,37.47,0.0
37.47,37.48,0.0
37.48,37.49,0.0
37.49,37.5,0.0
37.5,37.51,0.0
37.51,37.52,0.0
37.52,37.53,0.0
37.53,37.54,0.0
37.54,37.55,0.0
37.55,37.56,0.0
37.56,37.57,0.0
37.57,37.58,0.0
37.58,37.59,143.06459324352582
37.59,37.6,143.893358001082
37.6,37.61,147.25670581005258
37.61,37.62,148.1097552286564
37.62,37.63,148.1097552286564
37.63,37.64,148.1097552286564
37.64,37.65,140.60682916223496
37.65,37.66,137.3953647458089
37.66,37.67,137.3953647458089
37.67,37.68,137.3953647458089
37.68,37.69,138.99182198423372
37.69,37.7,140.60682916223496
37.7,37.71,0.0
37.71,37.72,156.0130452026747
37.72,37.73,157.8258294677283
37.73,37.74,159.65967727133
37.74,37.75,158.74010519681997
37.75,37.76,159.65967727133
37.76,37.77,160.5845763726753
