Start_Time,End_Time,F0_Hz
0.025,0.035,206.55071006806102
0.035,0.045,203.93710904470524
0.045,0.055,201.10131749521636
0.055,0.065,198.6420566441453
0.065,0.075,197.72992598730647
0.075,0.085,197.62908883789984
0.085,0.095,197.96820907782362
0.095,0.105,198.66239866511467
0.105,0.115,199.44536442010772
0.115,0.125,200.1935293661886
0.125,0.135,200.53876285303934
0.135,0.145,200.49600325858964
0.145,0.155,200.70155496505916
0.155,0.165,201.13171885145954
0.165,0.175,201.24268077775412
0.175,0.185,200.65946574561036
0.185,0.195,199.00095853507267
0.195,0.205,197.31195153000024
0.205,0.215,196.62982983939452
0.215,0.225,196.31196508273632
0.225,0.235,196.02296576146668
0.235,0.245,195.74486903923986
0.245,0.255,195.352167001081
0.255,0.265,194.77948271529849
0.265,0.275,194.08183672111866
0.275,0.285,193.32201840695444
0.285,0.295,192.30034460317484
0.295,0.305,190.70049981606974
0.305,0.315,185.26251103604307
0.315,0.325,181.7967238576621
0.325,0.335,0.0
0.335,0.345,0.0
0.345,0.355,0.0
0.355,0.365,0.0
0.365,0.375,0.0
0.375,0.385,0.0
0.385,0.395,0.0
0.395,0.405,0.0
0.405,0.415,208.83365221145297
0.415,0.425,207.508624379033
0.425,0.435,208.97878051837878
0.435,0.445,208.5715515290971
0.445,0.455,207.49916925194677
0.455,0.465,206.29728354470603
0.465,0.475,205.3717478964344
0.475,0.485,204.37322351004428
0.485,0.495,202.77550893396145
0.495,0.505,200.85408165030987
0.505,0.515,199.25112415754012
0.515,0.525,198.16931935988876
0.525,0.535,195.48990944438958
0.535,0.545,189.59120759702154
0.545,0.555,188.1238327687579
0.555,0.565,193.90292726636144
0.565,0.575,205.7265226567818
0.575,0.585,211.8275399729042
0.585,0.595,214.55294060069824
0.595,0.605,216.3508925664186
0.605,0.615,218.8428948486767
0.615,0.625,224.40587087307804
0.625,0.635,230.6864921218862
0.635,0.645,235.3234080587003
0.645,0.655,239.99429111841522
0.655,0.665,246.19527134348118
0.665,0.675,258.87648684215367
0.675,0.685,269.7970785243162
0.685,0.695,275.9140590871196
0.695,0.705,282.4594223593817
0.705,0.715,290.43265809939913
0.715,0.725,299.3843060279635
0.725,0.735,308.50496512104786
0.735,0.745,320.78042597106264
0.745,0.755,333.5568474385062
0.755,0.765,344.92958225661675
0.765,0.775,353.4741104907284
0.775,0.785,358.60028699228104
0.785,0.795,362.64027961102755
0.795,0.805,366.5789296412552
0.805,0.815,368.6842808984605
0.815,0.825,368.2124518244585
0.825,0.835,367.2956970966934
0.835,0.845,366.20996424073576
0.845,0.855,362.8835401109353
0.855,0.865,356.1251071723452
0.865,0.875,348.8128164385444
0.875,0.885,332.15735063048936
0.885,0.895,330.07388274770125
0.895,0.905,0.0
0.905,0.915,0.0
0.915,0.925,0.0
0.925,0.935,0.0
0.935,0.945,0.0
0.945,0.955,0.0
0.955,0.965,0.0
0.965,0.975,0.0
0.975,0.985,0.0
0.985,0.995,254.9857782298848
0.995,1.005,254.5996743884308
1.005,1.015,250.8061512344278
1.015,1.025,240.13774074382212
1.025,1.035,232.28130053415552
1.035,1.045,228.87325080812118
1.045,1.055,226.42342420468248
1.055,1.065,223.96122019627646
1.065,1.075,220.5461547579041
1.075,1.085,219.6453098940548
1.085,1.095,219.7287228443963
1.095,1.105,218.62408278865536
1.105,1.115,216.6090591502314
1.115,1.125,214.20829747428587
1.125,1.135,213.8941371066898
1.135,1.145,214.42772794608626
1.145,1.155,214.50965387664343
1.155,1.165,214.34171937195063
1.165,1.175,214.0030375321564
1.175,1.185,213.61997188419855
1.185,1.195,213.4523086088745
1.195,1.205,213.58328081184894
1.205,1.215,213.62423317624683
1.215,1.225,213.6641000123821
1.225,1.235,215.64348164332384
1.235,1.245,216.90066999437252
1.245,1.255,215.27945197096105
1.255,1.265,213.03482295768842
1.265,1.275,210.78482635153645
1.275,1.285,209.30388328261967
1.285,1.295,208.76062955818995
1.295,1.305,208.8934402327561
1.305,1.315,209.2103058357373
1.315,1.325,209.10030306907908
1.325,1.335,208.09671067274257
1.335,1.345,206.20039148780103
1.345,1.355,203.65844526747978
1.355,1.365,199.80099451842054
1.365,1.375,194.29746187237598
1.375,1.385,188.76440467691995
1.385,1.395,0.0
1.395,1.405,0.0
1.405,1.415,0.0
1.415,1.425,0.0
1.425,1.435,0.0
1.435,1.445,0.0
1.445,1.455,0.0
1.455,1.465,200.56400537611742
1.465,1.475,201.00890224993014
1.475,1.485,203.57781991679823
1.485,1.495,204.90096641976984
1.495,1.505,205.62654102275152
1.505,1.515,206.36074584565895
1.515,1.525,206.6118374176411
1.525,1.535,206.12858861071962
1.535,1.545,204.8780990621319
1.545,1.555,203.77739071829424
1.555,1.565,203.17259317348618
1.565,1.575,202.8066375990853
1.575,1.585,202.34242320619256
1.585,1.595,201.81220073513424
1.595,1.605,201.23093552114938
1.605,1.615,200.66880350419
1.615,1.625,200.15381720442855
1.625,1.635,199.7132669615019
1.635,1.645,199.33797966604618
1.645,1.655,198.91454563637888
1.655,1.665,198.43256376059526
1.665,1.675,197.94736676232424
1.675,1.685,197.79703481841773
1.685,1.695,197.8113995262964
1.695,1.705,197.60152319298604
1.705,1.715,197.22900998071196
1.715,1.725,196.71707801710693
1.725,1.735,196.1465251841315
1.735,1.745,195.83507807389597
1.745,1.755,195.6808241868698
1.755,1.765,195.544048327458
1.765,1.775,195.5868512524091
1.775,1.785,195.9827392996339
1.785,1.795,196.19778692039012
1.795,1.805,195.55301975696133
1.805,1.815,195.4027061232206
1.815,1.825,195.7826224293297
1.825,1.835,195.50417103337523
1.835,1.845,194.04504468599538
1.845,1.855,193.21422968031192
1.855,1.865,193.5352816892984
1.865,1.875,194.0600235988499
1.875,1.885,194.46873400747768
1.885,1.895,194.47365954389218
1.895,1.905,194.30110617312874
1.905,1.915,193.93509907701056
1.915,1.925,193.32412940166333
1.925,1.935,192.76397777455227
1.935,1.945,192.7056254767185
1.945,1.955,192.90813832223088
1.955,1.965,192.8399506213951
1.965,1.975,192.6001617358307
1.975,1.985,192.42095731495002
1.985,1.995,192.44730493794637
1.995,2.005,192.3852271632003
2.005,2.015,192.18721181007976
2.015,2.025,192.05263813103232
2.025,2.035,191.9443765224391
2.035,2.045,191.6133385319595
2.045,2.055,191.10700687844903
2.055,2.065,190.5850885834283
2.065,2.075,190.01456890486818
2.075,2.085,189.75671479438202
2.085,2.095,189.6723991319815
2.095,2.105,189.58869426203634
2.105,2.115,189.61089991150683
2.115,2.125,189.79182781201598
2.125,2.135,189.7991308759242
2.135,2.145,189.55677217352772
2.145,2.155,189.29002456491293
2.155,2.165,189.36273542532342
2.165,2.175,189.5822134242243
2.175,2.185,189.42877475468808
2.185,2.195,189.10456704169235
2.195,2.205,188.419987902195
2.205,2.215,187.52501711709345
2.215,2.225,186.93921243212966
2.225,2.235,186.78678157886864
2.235,2.245,186.84943741370213
2.245,2.255,186.66848721554655
2.255,2.265,186.16388402725764
2.265,2.275,185.61458980978787
2.275,2.285,185.16491118196893
2.285,2.295,184.92165766150802
2.295,2.305,185.1229196683682
2.305,2.315,184.28006163301617
2.315,2.325,182.22982445710494
2.325,2.335,181.0669763662257
2.335,2.345,180.69592224818697
2.345,2.355,180.8560818190044
2.355,2.365,181.09630305698363
2.365,2.375,181.00878237617866
2.375,2.385,180.60966672633867
2.385,2.395,180.20234110013888
2.395,2.405,179.83645304880676
2.405,2.415,178.7541762761134
2.415,2.425,0.0
2.425,2.435,0.0
2.435,2.445,0.0
2.445,2.455,0.0
2.455,2.465,0.0
2.465,2.475,0.0
2.475,2.485,0.0
2.485,2.495,0.0
2.495,2.505,0.0
2.505,2.515,0.0
2.515,2.525,0.0
2.525,2.535,0.0
2.535,2.545,0.0
2.545,2.555,0.0
2.555,2.565,0.0
2.565,2.575,228.01548793736202
2.575,2.585,232.34920968112286
2.585,2.595,236.86228505832307
2.595,2.605,241.60778465898753
2.605,2.615,246.95877756667946
2.615,2.625,252.70609344388998
2.625,2.635,259.6130833964487
2.635,2.645,267.4617723455564
2.645,2.655,269.6358277093846
2.655,2.665,265.9171448623074
2.665,2.675,260.5761768752133
2.675,2.685,252.9680249068124
2.685,2.695,0.0
2.695,2.705,0.0
2.705,2.715,0.0
2.715,2.725,0.0
2.725,2.735,0.0
2.735,2.745,0.0
2.745,2.755,0.0
2.755,2.765,252.2934263398126
2.765,2.775,252.54347053548588
2.775,2.785,249.3656279734159
2.785,2.795,241.75923912096178
2.795,2.805,230.8626779019051
2.805,2.815,219.53055746842216
2.815,2.825,213.37348983672797
2.825,2.835,213.90738612590263
2.835,2.845,224.23356131120565
2.845,2.855,233.27288922789108
2.855,2.865,236.91854277094671
2.865,2.875,237.1548146003299
2.875,2.885,235.31718565176664
2.885,2.895,231.7813657743274
2.895,2.905,226.3742275407825
2.905,2.915,218.0150046764062
2.915,2.925,0.0
2.925,2.935,0.0
2.935,2.945,0.0
2.945,2.955,0.0
2.955,2.965,0.0
2.965,2.975,0.0
2.975,2.985,0.0
2.985,2.995,0.0
2.995,3.005,0.0
3.005,3.015,230.2253921227101
3.015,3.025,230.3284455393036
3.025,3.035,230.57953734358932
3.035,3.045,228.03136190178836
3.045,3.055,224.9071494490904
3.055,3.065,217.18937963374987
3.065,3.075,207.9803249323029
3.075,3.085,0.0
3.085,3.095,0.0
3.095,3.105,0.0
3.105,3.115,0.0
3.115,3.125,199.2123717791532
3.125,3.135,209.73051891076884
3.135,3.145,217.01749928770883
3.145,3.155,219.1333336530215
3.155,3.165,218.73793359257047
3.165,3.175,217.3549275149064
3.175,3.185,215.92036775735897
3.185,3.195,214.99015729580913
3.195,3.205,214.6134192214831
3.205,3.215,214.46210151215726
3.215,3.225,214.39171065841188
3.225,3.235,213.91697759342438
3.235,3.245,212.44342492361434
3.245,3.255,210.6495980533859
3.255,3.265,210.05007766773878
3.265,3.275,211.94324794235592
3.275,3.285,212.42937465154307
3.285,3.295,211.56349898358397
3.295,3.305,208.90069656703668
3.305,3.315,201.82816474226982
3.315,3.325,195.55928324277335
3.325,3.335,193.58962957575412
3.335,3.345,195.7963963532386
3.345,3.355,200.16381007934433
3.355,3.365,201.81425701251152
3.365,3.375,201.41213346535105
3.375,3.385,199.0017428487933
3.385,3.395,198.82828427356898
3.395,3.405,199.1808853499177
3.405,3.415,198.28656855374962
3.415,3.425,196.86624160956657
3.425,3.435,195.40504097262522
3.435,3.445,193.89034590023556
3.445,3.455,191.76823340358956
3.455,3.465,188.2118816351098
3.465,3.475,186.83210406707786
3.475,3.485,188.26083666889951
3.485,3.495,188.8981182146657
3.495,3.505,188.55010964102016
3.505,3.515,188.0509402190031
3.515,3.525,187.5718701041499
3.525,3.535,187.47103397436499
3.535,3.545,187.7681746173919
3.545,3.555,187.30570995642657
3.555,3.565,188.7439430644362
3.565,3.575,188.71705151123416
3.575,3.585,186.60046253543518
3.585,3.595,185.77420672765157
3.595,3.605,185.38853068128049
3.605,3.615,184.89897573049157
3.615,3.625,184.37990874820565
3.625,3.635,184.29805367564455
3.635,3.645,184.802901874575
3.645,3.655,184.92136122691772
3.655,3.665,183.82839866801783
3.665,3.675,181.34780118616882
3.675,3.685,178.439062874134
3.685,3.695,178.86935817347614
3.695,3.705,0.0
3.705,3.715,0.0
3.715,3.725,0.0
3.725,3.735,0.0
3.735,3.745,0.0
3.745,3.755,0.0
3.755,3.765,0.0
3.765,3.775,0.0
3.775,3.785,0.0
3.785,3.795,0.0
3.795,3.805,0.0
3.805,3.815,0.0
3.815,3.825,0.0
3.825,3.835,0.0
3.835,3.845,0.0
3.845,3.855,0.0
3.855,3.865,0.0
3.865,3.875,0.0
3.875,3.885,0.0
3.885,3.895,220.62171571910042
3.895,3.905,220.69385211407055
3.905,3.915,220.53562847338978
3.915,3.925,220.05579094119096
3.925,3.935,218.91841478031714
3.935,3.945,216.88217346094882
3.945,3.955,214.20716166400288
3.955,3.965,208.93669537976123
3.965,3.975,0.0
3.975,3.985,0.0
3.985,3.995,0.0
3.995,4.005,0.0
4.005,4.015,0.0
4.015,4.025,0.0
4.025,4.035,0.0
4.035,4.045,0.0
4.045,4.055,0.0
4.055,4.065,0.0
4.065,4.075,0.0
4.075,4.085,0.0
4.085,4.095,0.0
4.095,4.105,0.0
4.105,4.115,0.0
4.115,4.125,0.0
4.125,4.135,0.0
4.135,4.145,193.14488043325656
4.145,4.155,189.40790425451465
4.155,4.165,183.8631325438862
4.165,4.175,178.71985370592364
4.175,4.185,174.87569154270793
4.185,4.195,172.19290170893535
4.195,4.205,168.93195794595147
4.205,4.215,163.19634271598633
4.215,4.225,158.49722029394366
4.225,4.235,154.52266666069215
4.235,4.245,149.96459782829183
4.245,4.255,146.38682313218865
4.255,4.265,144.19433691388446
4.265,4.275,142.45760076293715
4.275,4.285,140.6714715787315
4.285,4.295,139.01081437464364
4.295,4.305,138.2196033105263
4.305,4.315,138.57013565272305
4.315,4.325,139.27881005310292
4.325,4.335,139.69479925187244
4.335,4.345,139.9341676292697
4.345,4.355,139.92914879036684
4.355,4.365,138.4937042571693
4.365,4.375,138.8719456651364
4.375,4.385,139.14648865493766
4.385,4.395,138.66108120444403
4.395,4.405,138.38074823417872
4.405,4.415,138.26974506626286
4.415,4.425,138.18960650018883
4.425,4.435,138.44942850437377
4.435,4.445,138.7426819292153
4.445,4.455,138.70267160092754
4.455,4.465,138.5855958391899
4.465,4.475,138.73848614836348
4.475,4.485,139.0977584885795
4.485,4.495,139.40202984220005
4.495,4.505,139.66061213693038
4.505,4.515,140.302408184341
4.515,4.525,142.45132244724388
4.525,4.535,142.01981804378332
4.535,4.545,138.59133525342307
4.545,4.555,137.86868011283727
4.555,4.565,137.9128868573529
4.565,4.575,138.29793374626735
4.575,4.585,138.92294944438817
4.585,4.595,139.5353897968033
4.595,4.605,139.77906404281748
4.605,4.615,139.6656390863025
4.615,4.625,139.42604294392606
4.625,4.635,139.4208816843251
4.635,4.645,0.0
4.645,4.655,0.0
4.655,4.665,0.0
4.665,4.675,0.0
4.675,4.685,0.0
4.685,4.695,0.0
4.695,4.705,0.0
4.705,4.715,0.0
4.715,4.725,0.0
4.725,4.735,0.0
4.735,4.745,0.0
4.745,4.755,0.0
4.755,4.765,0.0
4.765,4.775,0.0
4.775,4.785,0.0
4.785,4.795,0.0
4.795,4.805,0.0
4.805,4.815,0.0
4.815,4.825,0.0
4.825,4.835,0.0
4.835,4.845,0.0
4.845,4.855,0.0
4.855,4.865,0.0
4.865,4.875,0.0
4.875,4.885,0.0
4.885,4.895,0.0
4.895,4.905,0.0
4.905,4.915,0.0
4.915,4.925,0.0
4.925,4.935,0.0
4.935,4.945,0.0
4.945,4.955,0.0
4.955,4.965,0.0
4.965,4.975,0.0
4.975,4.985,0.0
4.985,4.995,0.0
4.995,5.005,0.0
5.005,5.015,0.0
5.015,5.025,0.0
5.025,5.035,0.0
5.035,5.045,0.0
5.045,5.055,0.0
5.055,5.065,0.0
5.065,5.075,0.0
5.075,5.085,0.0
5.085,5.095,0.0
5.095,5.105,0.0
5.105,5.115,0.0
5.115,5.125,0.0
5.125,5.135,0.0
5.135,5.145,0.0
5.145,5.155,0.0
5.155,5.165,0.0
5.165,5.175,0.0
5.175,5.185,0.0
5.185,5.195,0.0
5.195,5.205,0.0
5.205,5.215,0.0
5.215,5.225,0.0
5.225,5.235,0.0
5.235,5.245,0.0
5.245,5.255,0.0
5.255,5.265,0.0
5.265,5.275,0.0
5.275,5.285,0.0
5.285,5.295,0.0
5.295,5.305,0.0
5.305,5.315,0.0
5.315,5.325,0.0
5.325,5.335,0.0
5.335,5.345,0.0
5.345,5.355,0.0
5.355,5.365,0.0
5.365,5.375,0.0
5.375,5.385,0.0
5.385,5.395,0.0
5.395,5.405,0.0
5.405,5.415,0.0
5.415,5.425,0.0
5.425,5.435,0.0
5.435,5.445,0.0
5.445,5.455,0.0
5.455,5.465,0.0
5.465,5.475,0.0
5.475,5.485,0.0
5.485,5.495,0.0
5.495,5.505,0.0
5.505,5.515,0.0
5.515,5.525,191.42297264651148
5.525,5.535,189.86166942456393
5.535,5.545,189.29758631155744
5.545,5.555,191.01894424487134
5.555,5.565,197.8940278839436
5.565,5.575,198.3823474648203
5.575,5.585,197.82938817037646
5.585,5.595,195.97328093912762
5.595,5.605,193.05189363694095
5.605,5.615,193.3028284303565
5.615,5.625,194.0868031571991
5.625,5.635,194.32559958162338
5.635,5.645,193.47930158580502
5.645,5.655,191.27976943086546
5.655,5.665,186.64928157164107
5.665,5.675,0.0
5.675,5.685,0.0
5.685,5.695,192.88813654481518
5.695,5.705,192.69714254449767
5.705,5.715,193.78483420859877
5.715,5.725,194.29697436023116
5.725,5.735,193.23456887635666
5.735,5.745,188.76189237303618
5.745,5.755,188.0258754432121
5.755,5.765,188.85274301686113
5.765,5.775,187.9561914679819
5.775,5.785,185.63106923411004
5.785,5.795,180.86374094442957
5.795,5.805,0.0
5.805,5.815,0.0
5.815,5.825,0.0
5.825,5.835,0.0
5.835,5.845,0.0
5.845,5.855,0.0
5.855,5.865,0.0
5.865,5.875,0.0
5.875,5.885,0.0
5.885,5.895,0.0
5.895,5.905,0.0
5.905,5.915,0.0
5.915,5.925,0.0
5.925,5.935,0.0
5.935,5.945,0.0
5.945,5.955,0.0
5.955,5.965,0.0
5.965,5.975,0.0
5.975,5.985,0.0
5.985,5.995,0.0
5.995,6.005,0.0
6.005,6.015,0.0
6.015,6.025,0.0
6.025,6.035,0.0
6.035,6.045,188.42408731992987
6.045,6.055,189.8568653921293
6.055,6.065,192.14979536866272
6.065,6.075,192.03877589085042
6.075,6.085,188.86202419450754
6.085,6.095,0.0
6.095,6.105,0.0
6.105,6.115,0.0
6.115,6.125,0.0
6.125,6.135,0.0
6.135,6.145,181.82957024722745
6.145,6.155,182.5206864315243
6.155,6.165,182.2637392340478
6.165,6.175,180.99569589193698
6.175,6.185,178.79964130014346
6.185,6.195,177.2223396302074
6.195,6.205,179.07057907719275
6.205,6.215,179.09904188941167
6.215,6.225,178.7299321722206
6.225,6.235,175.9040567619598
6.235,6.245,172.94818893125804
6.245,6.255,169.79939705912608
6.255,6.265,167.26914325866997
6.265,6.275,166.20315874904844
6.275,6.285,165.4681017905372
6.285,6.295,163.22153845674117
6.295,6.305,0.0
6.305,6.315,0.0
6.315,6.325,0.0
6.325,6.335,0.0
6.335,6.345,0.0
6.345,6.355,0.0
6.355,6.365,0.0
6.365,6.375,0.0
6.375,6.385,170.9186084257927
6.385,6.395,169.91010585849298
6.395,6.405,169.91239300286904
6.405,6.415,170.28092231482066
6.415,6.425,170.27502349030743
6.425,6.435,170.14582951773497
6.435,6.445,170.0941520277504
6.445,6.455,174.32386522618108
6.455,6.465,175.480562391189
6.465,6.475,175.52780794221377
6.475,6.485,177.3432893556795
6.485,6.495,202.1301006650354
6.495,6.505,208.01055122922833
6.505,6.515,209.6826068201773
6.515,6.525,215.3431783560939
6.525,6.535,222.47967638154182
6.535,6.545,228.44408731244297
6.545,6.555,234.56363956051916
6.555,6.565,240.9144149749057
6.565,6.575,244.522398797997
6.575,6.585,248.51699649419288
6.585,6.595,252.366397600605
6.595,6.605,255.44341041320607
6.605,6.615,258.5764744033038
6.615,6.625,262.97785411921416
6.625,6.635,267.3171902410399
6.635,6.645,268.48241770305646
6.645,6.655,267.9779219726814
6.655,6.665,265.4603769113547
6.665,6.675,276.46032624196323
6.675,6.685,278.18346728722526
6.685,6.695,278.59699314703937
6.695,6.705,279.18702188652856
6.705,6.715,279.68429319834354
6.715,6.725,280.6852300938126
6.725,6.735,281.71331657416266
6.735,6.745,281.96421263823964
6.745,6.755,281.57046698966434
6.755,6.765,280.8374952393903
6.765,6.775,279.69809954362006
6.775,6.785,278.1658294288204
6.785,6.795,276.24634729348503
6.795,6.805,273.470888995251
6.805,6.815,275.4850970279368
6.815,6.825,286.88085390051026
6.825,6.835,288.6484721045118
6.835,6.845,289.6426347433776
6.845,6.855,290.72593006262997
6.855,6.865,291.59316924886
6.865,6.875,291.53317920933273
6.875,6.885,290.3949624119619
6.885,6.895,288.7339388320984
6.895,6.905,286.4462944953196
6.905,6.915,284.7288651370766
6.915,6.925,284.1201379809195
6.925,6.935,0.0
6.935,6.945,0.0
6.945,6.955,0.0
6.955,6.965,0.0
6.965,6.975,0.0
6.975,6.985,0.0
6.985,6.995,0.0
6.995,7.005,0.0
7.005,7.015,0.0
7.015,7.025,0.0
7.025,7.035,0.0
7.035,7.045,0.0
7.045,7.055,0.0
7.055,7.065,0.0
7.065,7.075,0.0
7.075,7.085,0.0
7.085,7.095,0.0
7.095,7.105,0.0
7.105,7.115,0.0
7.115,7.125,0.0
7.125,7.135,0.0
7.135,7.145,0.0
7.145,7.155,0.0
7.155,7.165,0.0
7.165,7.175,0.0
7.175,7.185,0.0
7.185,7.195,0.0
7.195,7.205,0.0
7.205,7.215,0.0
7.215,7.225,0.0
7.225,7.235,0.0
7.235,7.245,0.0
7.245,7.255,0.0
7.255,7.265,0.0
7.265,7.275,0.0
7.275,7.285,0.0
7.285,7.295,0.0
7.295,7.305,0.0
7.305,7.315,0.0
7.315,7.325,0.0
7.325,7.335,0.0
7.335,7.345,0.0
7.345,7.355,0.0
7.355,7.365,0.0
7.365,7.375,0.0
7.375,7.385,0.0
7.385,7.395,0.0
7.395,7.405,0.0
7.405,7.415,0.0
7.415,7.425,0.0
7.425,7.435,0.0
7.435,7.445,0.0
7.445,7.455,0.0
7.455,7.465,0.0
7.465,7.475,0.0
7.475,7.485,0.0
7.485,7.495,0.0
7.495,7.505,0.0
7.505,7.515,0.0
7.515,7.525,0.0
7.525,7.535,0.0
7.535,7.545,0.0
7.545,7.555,0.0
7.555,7.565,0.0
7.565,7.575,0.0
7.575,7.585,0.0
7.585,7.595,0.0
7.595,7.605,0.0
7.605,7.615,0.0
7.615,7.625,0.0
7.625,7.635,0.0
7.635,7.645,184.60179532483062
7.645,7.655,188.294669360744
7.655,7.665,194.49616253609787
7.665,7.675,195.45911357040478
7.675,7.685,194.12873155012264
7.685,7.695,0.0
7.695,7.705,0.0
7.705,7.715,0.0
7.715,7.725,0.0
7.725,7.735,0.0
7.735,7.745,0.0
7.745,7.755,0.0
7.755,7.765,0.0
7.765,7.775,0.0
7.775,7.785,0.0
7.785,7.795,0.0
7.795,7.805,0.0
7.805,7.815,249.19038501523153
7.815,7.825,248.297218548406
7.825,7.835,248.74757421687065
7.835,7.845,249.10913614773625
7.845,7.855,248.66074831212978
7.855,7.865,247.36139675613063
7.865,7.875,245.53770548834453
7.875,7.885,243.58134997520588
7.885,7.895,241.7635095706267
7.895,7.905,240.18403575454877
7.905,7.915,237.0667474761306
7.915,7.925,233.6740949349154
7.925,7.935,230.0837997440951
7.935,7.945,225.97726853536759
7.945,7.955,221.70667565491192
7.955,7.965,218.32718943687567
7.965,7.975,216.320038726994
7.975,7.985,215.16241214878613
7.985,7.995,214.37115503175798
7.995,8.005,214.305271870932
8.005,8.015,214.70930704339764
8.015,8.025,215.26045760804521
8.025,8.035,216.00386737678005
8.035,8.045,216.83097425096926
8.045,8.055,217.772364703244
8.055,8.065,218.39137685738157
8.065,8.075,218.38736160901388
8.075,8.085,217.89575957102204
8.085,8.095,216.9386129658707
8.095,8.105,216.13115913988725
8.105,8.115,216.08146420304203
8.115,8.125,216.6162772285751
8.125,8.135,216.9464348904901
8.135,8.145,216.13734348543258
8.145,8.155,216.37327077237444
8.155,8.165,217.6899295751079
8.165,8.175,216.28547002916557
8.175,8.185,210.05390558927851
8.185,8.195,205.02075628573576
8.195,8.205,199.81022030290544
8.205,8.215,195.21902191524987
8.215,8.225,190.68577223460196
8.225,8.235,185.63332113986283
8.235,8.245,179.78289843922863
8.245,8.255,175.03696721210198
8.255,8.265,0.0
8.265,8.275,0.0
8.275,8.285,0.0
8.285,8.295,0.0
8.295,8.305,187.30686235797603
8.305,8.315,197.17068752314557
8.315,8.325,197.76913958433704
8.325,8.335,196.93705113593722
8.335,8.345,196.09713622535017
8.345,8.355,194.41312795021204
8.355,8.365,189.7499100542684
8.365,8.375,186.0060911801957
8.375,8.385,176.6976770864593
8.385,8.395,0.0
8.395,8.405,0.0
8.405,8.415,0.0
8.415,8.425,0.0
8.425,8.435,0.0
8.435,8.445,0.0
8.445,8.455,0.0
8.455,8.465,0.0
8.465,8.475,0.0
8.475,8.485,0.0
8.485,8.495,187.97816116457642
8.495,8.505,187.54483815384822
8.505,8.515,184.9751544925152
8.515,8.525,180.55592835737664
8.525,8.535,175.91160604045655
8.535,8.545,173.50089562810578
8.545,8.555,0.0
8.555,8.565,0.0
8.565,8.575,0.0
8.575,8.585,0.0
8.585,8.595,188.34137389419982
8.595,8.605,190.62014799401783
8.605,8.615,193.74033014149114
8.615,8.625,191.09767415111165
8.625,8.635,188.85137784632948
8.635,8.645,186.75650735972678
8.645,8.655,182.51441264241254
8.655,8.665,179.02582469284988
8.665,8.675,177.44899325792537
8.675,8.685,176.71032678485616
8.685,8.695,176.50355335515522
8.695,8.705,176.68476998669905
8.705,8.715,183.1440938008238
8.715,8.725,186.35742935941673
8.725,8.735,187.36828730944728
8.735,8.745,189.67347797041035
8.745,8.755,193.0719367304116
8.755,8.765,195.1603467395407
8.765,8.775,196.90888615062195
8.775,8.785,197.41888385416
8.785,8.795,197.10811125115842
8.795,8.805,197.30174101466693
8.805,8.815,198.28078589490295
8.815,8.825,199.49245729470763
8.825,8.835,200.50063124656123
8.835,8.845,200.78538454133246
8.845,8.855,199.87582265055977
8.855,8.865,198.0935294527998
8.865,8.875,195.98535898904333
8.875,8.885,194.16976934556408
8.885,8.895,193.9020368999914
8.895,8.905,193.90304088113615
8.905,8.915,192.85589776255563
8.915,8.925,190.2147071317176
8.925,8.935,186.75946229028946
8.935,8.945,183.98288680053258
8.945,8.955,181.7312260833428
8.955,8.965,179.42560719031363
8.965,8.975,177.37496510622015
8.975,8.985,175.49739567884325
8.985,8.995,0.0
8.995,9.005,0.0
9.005,9.015,0.0
9.015,9.025,0.0
9.025,9.035,0.0
9.035,9.045,0.0
9.045,9.055,0.0
9.055,9.065,0.0
9.065,9.075,0.0
9.075,9.085,0.0
9.085,9.095,0.0
9.095,9.105,0.0
9.105,9.115,0.0
9.115,9.125,0.0
9.125,9.135,0.0
9.135,9.145,0.0
9.145,9.155,0.0
9.155,9.165,171.2561147751643
9.165,9.175,171.86944195561608
9.175,9.185,172.65412293481737
9.185,9.195,172.86242942512692
9.195,9.205,171.8907525005642
9.205,9.215,170.1741787398459
9.215,9.225,168.5796565080851
9.225,9.235,167.37750298452173
9.235,9.245,166.38904539059772
9.245,9.255,166.83708444996327
9.255,9.265,168.64681230610907
9.265,9.275,168.6027941967553
9.275,9.285,168.11134513079062
9.285,9.295,170.41727180924482
9.295,9.305,172.85748833713458
9.305,9.315,173.73603958390927
9.315,9.325,173.1896509729191
9.325,9.335,170.6530497082271
9.335,9.345,166.77796316340797
9.345,9.355,164.04072006962036
9.355,9.365,162.02140376999324
9.365,9.375,160.95807559782713
9.375,9.385,161.65816315828883
9.385,9.395,164.367164336104
9.395,9.405,164.59478634189603
9.405,9.415,164.25925120295145
9.415,9.425,163.40879239447523
9.425,9.435,162.29294417990536
9.435,9.445,161.85212901913576
9.445,9.455,161.54470482888956
9.455,9.465,161.307487565071
9.465,9.475,161.19992231715585
9.475,9.485,160.7268579649785
9.485,9.495,160.3711877973638
9.495,9.505,0.0
9.505,9.515,174.79401842929002
9.515,9.525,175.2367498409631
9.525,9.535,175.88526273718182
9.535,9.545,177.2256746539673
9.545,9.555,178.40440895870117
9.555,9.565,179.41659308168406
9.565,9.575,180.80387863601837
9.575,9.585,182.94799024505625
9.585,9.595,186.79894350582347
9.595,9.605,205.0481457760105
9.605,9.615,0.0
9.615,9.625,105.6515689046899
9.625,9.635,107.16967947087556
9.635,9.645,108.3607540761373
9.645,9.655,226.90175923468462
9.655,9.665,230.33762399509823
9.665,9.675,233.82390739835145
9.675,9.685,238.47285324611687
9.685,9.695,243.2678946214744
9.695,9.705,248.21384195332047
9.705,9.715,252.2427245316201
9.715,9.725,255.1901521151688
9.725,9.735,257.57910173303446
9.735,9.745,258.3042371356528
9.745,9.755,257.89315010897593
9.755,9.765,257.398049752307
9.765,9.775,257.462913392037
9.775,9.785,258.3253847409575
9.785,9.795,259.81547519762216
9.795,9.805,261.56478867488465
9.805,9.815,262.81981622290704
9.815,9.825,263.61669284291435
9.825,9.835,264.2132521101343
9.835,9.845,264.2936505578839
9.845,9.855,264.89425760376804
9.855,9.865,266.30329703500735
9.865,9.875,266.7084452786034
9.875,9.885,268.4285159535155
9.885,9.895,269.9965481111879
9.895,9.905,269.66247038767324
9.905,9.915,269.03696915150783
9.915,9.925,268.12354645829146
9.925,9.935,267.02346495910336
9.935,9.945,266.0906406153607
9.945,9.955,265.3233120156253
9.955,9.965,264.73068873595145
9.965,9.975,264.14230608144294
9.975,9.985,263.33756430585106
9.985,9.995,262.5258160486982
9.995,10.005,261.99528651577685
10.005,10.015,0.0
10.015,10.025,0.0
10.025,10.035,0.0
10.035,10.045,0.0
10.045,10.055,0.0
10.055,10.065,0.0
10.065,10.075,0.0
10.075,10.085,0.0
10.085,10.095,0.0
10.095,10.105,0.0
10.105,10.115,0.0
10.115,10.125,0.0
10.125,10.135,0.0
10.135,10.145,0.0
10.145,10.155,0.0
10.155,10.165,0.0
10.165,10.175,0.0
10.175,10.185,0.0
10.185,10.195,0.0
10.195,10.205,0.0
10.205,10.215,0.0
10.215,10.225,0.0
10.225,10.235,0.0
10.235,10.245,0.0
10.245,10.255,0.0
10.255,10.265,0.0
10.265,10.275,0.0
10.275,10.285,0.0
10.285,10.295,0.0
10.295,10.305,0.0
10.305,10.315,0.0
10.315,10.325,0.0
10.325,10.335,0.0
10.335,10.345,0.0
10.345,10.355,0.0
10.355,10.365,0.0
10.365,10.375,0.0
10.375,10.385,0.0
10.385,10.395,0.0
10.395,10.405,0.0
10.405,10.415,0.0
10.415,10.425,0.0
10.425,10.435,0.0
10.435,10.445,0.0
10.445,10.455,0.0
10.455,10.465,0.0
10.465,10.475,0.0
10.475,10.485,0.0
10.485,10.495,0.0
10.495,10.505,0.0
10.505,10.515,0.0
10.515,10.525,200.1143793969522
10.525,10.535,199.4498493190273
10.535,10.545,198.92709499508337
10.545,10.555,199.21583263287107
10.555,10.565,199.94742727478916
10.565,10.575,200.04661390486893
10.575,10.585,199.41785080027768
10.585,10.595,198.33945754913876
10.595,10.605,0.0
10.605,10.615,0.0
10.615,10.625,0.0
10.625,10.635,0.0
10.635,10.645,0.0
10.645,10.655,0.0
10.655,10.665,0.0
10.665,10.675,197.94124637673949
10.675,10.685,197.28730402282704
10.685,10.695,196.7844758989907
10.695,10.705,195.85535738884613
10.705,10.715,192.47576412925997
10.715,10.725,0.0
10.725,10.735,0.0
10.735,10.745,0.0
10.745,10.755,0.0
10.755,10.765,0.0
10.765,10.775,0.0
10.775,10.785,0.0
10.785,10.795,0.0
10.795,10.805,0.0
10.805,10.815,0.0
10.815,10.825,0.0
10.825,10.835,0.0
10.835,10.845,263.41031623330525
10.845,10.855,263.99515956281857
10.855,10.865,266.37304517652245
10.865,10.875,272.0397689640501
10.875,10.885,281.7141003647508
10.885,10.895,286.6861997429256
10.895,10.905,290.34532154468917
10.905,10.915,299.10849025245824
10.915,10.925,300.41717644193756
10.925,10.935,297.20300591962103
10.935,10.945,290.5306386109638
10.945,10.955,0.0
10.955,10.965,0.0
10.965,10.975,0.0
10.975,10.985,0.0
10.985,10.995,0.0
10.995,11.005,266.91272350318474
11.005,11.015,263.43199495508566
11.015,11.025,261.2467280979597
11.025,11.035,259.2176638479974
11.035,11.045,257.2350836821659
11.045,11.055,255.50355253554034
11.055,11.065,252.99000883253782
11.065,11.075,250.78496874798964
11.075,11.085,248.23638907115264
11.085,11.095,243.85981782881078
11.095,11.105,239.3125092995607
11.105,11.115,235.20528658513473
11.115,11.125,232.0003683139864
11.125,11.135,230.07923877458222
11.135,11.145,228.4008161322746
11.145,11.155,226.63491794474317
11.155,11.165,225.2237834904519
11.165,11.175,224.2987224646517
11.175,11.185,225.6950110772821
11.185,11.195,229.50152013006988
11.195,11.205,229.10832331450604
11.205,11.215,227.97010366016815
11.215,11.225,227.14129082728132
11.225,11.235,227.1600034566462
11.235,11.245,227.6856358996834
11.245,11.255,228.38177019691966
11.255,11.265,229.0212247108888
11.265,11.275,229.45896082185922
11.275,11.285,229.72741372463497
11.285,11.295,229.78656039246817
11.295,11.305,229.68941288507955
11.305,11.315,229.19721017508746
11.315,11.325,227.73055714407337
11.325,11.335,225.1030464571612
11.335,11.345,221.68999271099997
11.345,11.355,218.38142154213475
11.355,11.365,215.85811785847474
11.365,11.375,0.0
11.375,11.385,0.0
11.385,11.395,0.0
11.395,11.405,0.0
11.405,11.415,203.75989517183245
11.415,11.425,200.61191647436272
11.425,11.435,199.6899276989036
11.435,11.445,199.65536382569147
11.445,11.455,199.66157271640557
11.455,11.465,198.68296801077489
11.465,11.475,197.25812627401427
11.475,11.485,198.1865619659325
11.485,11.495,199.14591266533918
11.495,11.505,194.78375631813253
11.505,11.515,190.79476219526768
11.515,11.525,187.51539906540918
11.525,11.535,186.70461585125125
11.535,11.545,188.28762960282208
11.545,11.555,188.35925503876504
11.555,11.565,186.90506015962185
11.565,11.575,181.70173386017254
11.575,11.585,0.0
11.585,11.595,0.0
11.595,11.605,0.0
11.605,11.615,0.0
11.615,11.625,0.0
11.625,11.635,0.0
11.635,11.645,0.0
11.645,11.655,0.0
11.655,11.665,198.95695802294557
11.665,11.675,196.35086024385998
11.675,11.685,193.16792641091916
11.685,11.695,188.3961504906705
11.695,11.705,184.80458419551985
11.705,11.715,183.22611531874668
11.715,11.725,182.0997002323439
11.725,11.735,180.78803883584203
11.735,11.745,182.49245058624464
11.745,11.755,182.42675287087695
11.755,11.765,181.4396415227141
11.765,11.775,180.3370557679132
11.775,11.785,178.4034760776446
11.785,11.795,177.06209412377223
11.795,11.805,175.6135450177903
11.805,11.815,173.21832266313925
11.815,11.825,0.0
11.825,11.835,0.0
11.835,11.845,0.0
11.845,11.855,0.0
11.855,11.865,0.0
11.865,11.875,183.42906728230412
11.875,11.885,183.15798595178674
11.885,11.895,183.6640745232181
11.895,11.905,183.43845956604886
11.905,11.915,181.93555631374556
11.915,11.925,180.03482680018803
11.925,11.935,178.7638667873077
11.935,11.945,178.13270837808605
11.945,11.955,175.78103654354285
11.955,11.965,173.7131198688779
11.965,11.975,174.5410090651258
11.975,11.985,178.10556196462312
11.985,11.995,179.59720271717634
11.995,12.005,179.72991962949578
12.005,12.015,178.82493794044322
12.015,12.025,177.78985522743645
12.025,12.035,177.8397382007321
12.035,12.045,177.90469106689665
12.045,12.055,176.77707051403425
12.055,12.065,176.0942773325067
12.065,12.075,178.89280931300817
12.075,12.085,181.181474174425
12.085,12.095,182.01091221985087
12.095,12.105,183.2457674501627
12.105,12.115,185.1340256549388
12.115,12.125,187.10376918775728
12.125,12.135,189.76117329126222
12.135,12.145,192.98013517004944
12.145,12.155,196.37399644331612
12.155,12.165,201.73283606339777
12.165,12.175,210.8349490657075
12.175,12.185,217.68108811143958
12.185,12.195,226.87934452286567
12.195,12.205,233.882562336351
12.205,12.215,238.73453063033526
12.215,12.225,242.22920193575675
12.225,12.235,245.78111506920064
12.235,12.245,248.64377002894233
12.245,12.255,250.30334071843677
12.255,12.265,252.46256700862125
12.265,12.275,256.03146444949545
12.275,12.285,0.0
12.285,12.295,0.0
12.295,12.305,0.0
12.305,12.315,0.0
12.315,12.325,243.02988661746585
12.325,12.335,242.02836254153854
12.335,12.345,239.88641772068024
12.345,12.355,234.09664181734013
12.355,12.365,226.66434239071882
12.365,12.375,221.74103785056732
12.375,12.385,217.24950429256722
12.385,12.395,212.22026963499218
12.395,12.405,207.82976273517775
12.405,12.415,204.95804666699325
12.415,12.425,202.68019056859163
12.425,12.435,0.0
12.435,12.445,0.0
12.445,12.455,0.0
12.455,12.465,0.0
12.465,12.475,0.0
12.475,12.485,0.0
12.485,12.495,0.0
12.495,12.505,0.0
12.505,12.515,0.0
12.515,12.525,0.0
12.525,12.535,0.0
12.535,12.545,0.0
12.545,12.555,0.0
12.555,12.565,0.0
12.565,12.575,0.0
12.575,12.585,206.7096667244084
12.585,12.595,207.28196916836504
12.595,12.605,207.2496702316772
12.605,12.615,206.6544567940565
12.615,12.625,205.77956200486008
12.625,12.635,205.35051520894498
12.635,12.645,204.94622552623056
12.645,12.655,203.0738138132707
12.655,12.665,198.7303782994289
12.665,12.675,191.66975503366695
12.675,12.685,187.7904120306009
12.685,12.695,183.17247309681133
12.695,12.705,181.96176608160647
12.705,12.715,180.39168741032992
12.715,12.725,179.9718247315422
12.725,12.735,179.34435337189817
12.735,12.745,177.80733458921958
12.745,12.755,175.69286343588402
12.755,12.765,173.7960550589857
12.765,12.775,0.0
12.775,12.785,0.0
12.785,12.795,0.0
12.795,12.805,0.0
12.805,12.815,0.0
12.815,12.825,0.0
12.825,12.835,0.0
12.835,12.845,0.0
12.845,12.855,324.27515103187505
12.855,12.865,315.08528731471966
12.865,12.875,311.8453839549579
12.875,12.885,317.00053176105376
12.885,12.895,323.2135485908936
12.895,12.905,329.7720267973291
12.905,12.915,0.0
12.915,12.925,0.0
12.925,12.935,263.47236203714505
12.935,12.945,274.39889528184085
12.945,12.955,279.33246566452226
12.955,12.965,285.1138504516631
12.965,12.975,294.45041191644987
12.975,12.985,301.9054144792195
12.985,12.995,306.9883942693772
12.995,13.005,308.56293338516707
13.005,13.015,303.76390369287424
13.015,13.025,298.4272064008853
13.025,13.035,293.4288963216629
13.035,13.045,286.483227816609
13.045,13.055,277.1567864063381
13.055,13.065,263.86410003656687
13.065,13.075,246.25678353180453
13.075,13.085,0.0
13.085,13.095,0.0
13.095,13.105,0.0
13.105,13.115,0.0
13.115,13.125,0.0
13.125,13.135,0.0
13.135,13.145,0.0
13.145,13.155,222.16657765716525
13.155,13.165,220.78000867554596
13.165,13.175,220.7153069053208
13.175,13.185,220.05403229302976
13.185,13.195,218.6943045955542
13.195,13.205,216.8438790790904
13.205,13.215,214.27084714199114
13.215,13.225,210.99518722277307
13.225,13.235,207.68487208085875
13.235,13.245,204.08226759847486
13.245,13.255,199.43251718385065
13.255,13.265,194.21942268474353
13.265,13.275,189.2455113833437
13.275,13.285,181.19338813619484
13.285,13.295,179.59783207543802
13.295,13.305,178.49456408307685
13.305,13.315,177.24782401319573
13.315,13.325,175.6000670772908
13.325,13.335,174.85631576261719
13.335,13.345,174.5092613957432
13.345,13.355,174.2598588664101
13.355,13.365,174.28149479887418
13.365,13.375,185.24113311539557
13.375,13.385,194.97645208187916
13.385,13.395,192.26927598119636
13.395,13.405,188.69760375107714
13.405,13.415,186.64641175502305
13.415,13.425,184.12535137937704
13.425,13.435,181.38699014676016
13.435,13.445,178.91948750453275
13.445,13.455,174.24931302374083
13.455,13.465,171.2199396722342
13.465,13.475,0.0
13.475,13.485,0.0
13.485,13.495,0.0
13.495,13.505,0.0
13.505,13.515,0.0
13.515,13.525,0.0
13.525,13.535,0.0
13.535,13.545,0.0
13.545,13.555,189.44459444493876
13.555,13.565,186.70579031816771
13.565,13.575,184.73394312933993
13.575,13.585,181.99661973165718
13.585,13.595,179.28351330343753
13.595,13.605,176.86037092868267
13.605,13.615,174.0999363894016
13.615,13.625,170.65946538028655
13.625,13.635,169.3517077959784
13.635,13.645,168.58173708089362
13.645,13.655,167.91429958274475
13.655,13.665,168.2135457516179
13.665,13.675,166.97917749200587
13.675,13.685,164.52527491115572
13.685,13.695,161.52760827817002
13.695,13.705,159.70731336766474
13.705,13.715,158.8761861321826
13.715,13.725,158.3918651772408
13.725,13.735,157.98507985871436
13.735,13.745,157.44685650084944
13.745,13.755,156.67752990305812
13.755,13.765,155.8502378216827
13.765,13.775,155.02388438864338
13.775,13.785,153.71419393235425
13.785,13.795,151.78840979968678
13.795,13.805,149.85457674166213
13.805,13.815,148.42546253899732
13.815,13.825,69.56181713746766
13.825,13.835,69.57567218557017
13.835,13.845,0.0
13.845,13.855,0.0
13.855,13.865,146.5217335900712
13.865,13.875,146.17299331366377
13.875,13.885,145.70841200811125
13.885,13.895,144.43604661105013
13.895,13.905,141.53934303445408
13.905,13.915,138.35286045287222
13.915,13.925,0.0
13.925,13.935,0.0
13.935,13.945,0.0
13.945,13.955,0.0
13.955,13.965,0.0
13.965,13.975,0.0
13.975,13.985,0.0
13.985,13.995,0.0
13.995,14.005,149.5728510173867
14.005,14.015,147.36685388752758
14.015,14.025,145.2125517984153
14.025,14.035,0.0
14.035,14.045,71.18938198611464
14.045,14.055,0.0
14.055,14.065,0.0
14.065,14.075,0.0
14.075,14.085,0.0
14.085,14.095,0.0
14.095,14.105,0.0
14.105,14.115,0.0
14.115,14.125,0.0
14.125,14.135,0.0
14.135,14.145,0.0
14.145,14.155,0.0
14.155,14.165,0.0
14.165,14.175,0.0
14.175,14.185,0.0
14.185,14.195,0.0
14.195,14.205,0.0
14.205,14.215,0.0
14.215,14.225,0.0
14.225,14.235,0.0
14.235,14.245,0.0
14.245,14.255,0.0
14.255,14.265,0.0
14.265,14.275,0.0
14.275,14.285,0.0
14.285,14.295,0.0
14.295,14.305,0.0
14.305,14.315,0.0
14.315,14.325,0.0
14.325,14.335,0.0
14.335,14.345,0.0
14.345,14.355,0.0
14.355,14.365,0.0
14.365,14.375,0.0
14.375,14.385,0.0
14.385,14.395,0.0
14.395,14.405,0.0
14.405,14.415,0.0
14.415,14.425,0.0
14.425,14.435,0.0
14.435,14.445,0.0
14.445,14.455,0.0
14.455,14.465,0.0
14.465,14.475,0.0
14.475,14.485,0.0
14.485,14.495,0.0
14.495,14.505,0.0
14.505,14.515,0.0
14.515,14.525,0.0
14.525,14.535,0.0
14.535,14.545,0.0
14.545,14.555,0.0
14.555,14.565,0.0
14.565,14.575,0.0
14.575,14.585,0.0
14.585,14.595,0.0
14.595,14.605,0.0
14.605,14.615,0.0
14.615,14.625,0.0
14.625,14.635,0.0
14.635,14.645,0.0
14.645,14.655,0.0
14.655,14.665,0.0
14.665,14.675,0.0
14.675,14.685,0.0
14.685,14.695,0.0
14.695,14.705,0.0
14.705,14.715,0.0
14.715,14.725,0.0
14.725,14.735,0.0
14.735,14.745,0.0
14.745,14.755,224.15889980561448
14.755,14.765,226.99764857539031
14.765,14.775,232.68742907885567
14.775,14.785,239.0389415466481
14.785,14.795,246.5701382133452
14.795,14.805,255.85967210408768
14.805,14.815,261.7860928495593
14.815,14.825,265.86004661610633
14.825,14.835,288.9330420566504
14.835,14.845,294.50993396062773
14.845,14.855,296.15045441841164
14.855,14.865,298.2061395140295
14.865,14.875,299.588505931628
14.875,14.885,299.43812135715666
14.885,14.895,298.18743406776326
14.895,14.905,296.22527537244906
14.905,14.915,293.5122646206304
14.915,14.925,289.16856146635007
14.925,14.935,282.1425760869165
14.935,14.945,276.3086326839556
14.945,14.955,274.7425642293364
14.955,14.965,277.74967169418795
14.965,14.975,0.0
14.975,14.985,0.0
14.985,14.995,0.0
14.995,15.005,0.0
15.005,15.015,0.0
15.015,15.025,241.37071944140015
15.025,15.035,234.73954208827502
15.035,15.045,228.79936412808422
15.045,15.055,223.79835885217068
15.055,15.065,220.8967018969014
15.065,15.075,219.22700213268897
15.075,15.085,218.347595548051
15.085,15.095,217.76337420037225
15.095,15.105,216.85035082458128
15.105,15.115,215.5949821979285
15.115,15.125,214.1566562321473
15.125,15.135,210.8453614405941
15.135,15.145,206.47740414564615
15.145,15.155,205.5954355327829
15.155,15.165,206.83261166803962
15.165,15.175,208.1213480462581
15.175,15.185,208.31221117201397
15.185,15.195,207.8619170205258
15.195,15.205,206.939636498418
15.205,15.215,208.91025386741745
15.215,15.225,209.37962718023041
15.225,15.235,207.6588860991389
15.235,15.245,204.9056077663169
15.245,15.255,202.7243685362686
15.255,15.265,201.3472346592947
15.265,15.275,200.22972239191552
15.275,15.285,199.09604849973104
15.285,15.295,197.847070322424
15.295,15.305,198.52690284015196
15.305,15.315,199.7154618312798
15.315,15.325,199.06667478581315
15.325,15.335,199.38340582161743
15.335,15.345,199.36772014017583
15.345,15.355,197.13542427685198
15.355,15.365,195.27349333424624
15.365,15.375,193.7818195201646
15.375,15.385,192.67169454314674
15.385,15.395,192.4173938304256
15.395,15.405,192.81189469040805
15.405,15.415,193.5654121410893
15.415,15.425,198.26584738973216
15.425,15.435,202.71357066982483
15.435,15.445,205.13409959315575
15.445,15.455,207.0031816974944
15.455,15.465,209.38396626305362
15.465,15.475,211.434795836913
15.475,15.485,211.87717116206693
15.485,15.495,212.58433440042768
15.495,15.505,213.799040953812
15.505,15.515,213.87968106047393
15.515,15.525,213.07616836853174
15.525,15.535,211.8863353214895
15.535,15.545,209.8411631245286
15.545,15.555,207.47172521128974
15.555,15.565,206.11183753650252
15.565,15.575,204.53776830670523
15.575,15.585,202.69949226716994
15.585,15.595,200.26586525638842
15.595,15.605,198.18741366044486
15.605,15.615,196.62469668598044
15.615,15.625,192.65696513242696
15.625,15.635,183.94426061683367
15.635,15.645,174.6091519057998
15.645,15.655,169.29097272406304
15.655,15.665,0.0
15.665,15.675,0.0
15.675,15.685,0.0
15.685,15.695,0.0
15.695,15.705,0.0
15.705,15.715,0.0
15.715,15.725,0.0
15.725,15.735,0.0
15.735,15.745,0.0
15.745,15.755,0.0
15.755,15.765,166.1733070050839
15.765,15.775,164.58950581684957
15.775,15.785,162.37880089936024
15.785,15.795,158.18930612084958
15.795,15.805,153.54351304981407
15.805,15.815,151.3455311103299
15.815,15.825,150.35827277668875
15.825,15.835,150.14059760506456
15.835,15.845,150.1028313500812
15.845,15.855,149.81352420024177
15.855,15.865,149.26117937096254
15.865,15.875,147.6668935484038
15.875,15.885,145.56003010444198
15.885,15.895,144.77982713264254
15.895,15.905,143.09130690474353
15.905,15.915,142.89398459835695
15.915,15.925,143.39070292065458
15.925,15.935,143.89761618183115
15.935,15.945,144.5483517572508
15.945,15.955,144.2064307291512
15.955,15.965,143.1397557634837
15.965,15.975,142.26981093538117
15.975,15.985,0.0
15.985,15.995,0.0
15.995,16.005,0.0
16.005,16.015,0.0
16.015,16.025,0.0
16.025,16.035,0.0
16.035,16.045,164.78959637932837
16.045,16.055,166.1600991354694
16.055,16.065,165.59494894631757
16.065,16.075,162.43954182553958
16.075,16.085,158.19539083390723
16.085,16.095,155.9480031817874
16.095,16.105,154.66549897575186
16.105,16.115,153.56784254287072
16.115,16.125,152.27173277146312
16.125,16.135,153.85402186964134
16.135,16.145,0.0
16.145,16.155,0.0
16.155,16.165,158.64982461659102
16.165,16.175,161.9992554625595
16.175,16.185,162.03135530704563
16.185,16.195,161.3282700645857
16.195,16.205,160.20385546905163
16.205,16.215,158.34785140207032
16.215,16.225,156.39516336834942
16.225,16.235,157.26736443395882
16.235,16.245,157.11659927621105
16.245,16.255,155.06413716119428
16.255,16.265,153.71519471797217
16.265,16.275,153.28362039099753
16.275,16.285,154.91809321211858
16.285,16.295,154.17138504893742
16.295,16.305,151.76018093438176
16.305,16.315,151.56598625797082
16.315,16.325,151.92984453777532
16.325,16.335,150.96346192866002
16.335,16.345,149.13568679150032
16.345,16.355,147.5214455956508
16.355,16.365,148.47756007940635
16.365,16.375,150.4541333360387
16.375,16.385,149.64007522669823
16.385,16.395,150.3258650542735
16.395,16.405,152.5049349864135
16.405,16.415,156.4729327252242
16.415,16.425,157.68495158582
16.425,16.435,155.74368840466045
16.435,16.445,153.07834980881785
16.445,16.455,147.33685037386695
16.455,16.465,145.17821715699404
16.465,16.475,0.0
16.475,16.485,0.0
16.485,16.495,0.0
16.495,16.505,69.42022697289346
16.505,16.515,69.31243079140332
16.515,16.525,69.97394081170233
16.525,16.535,69.93614700985985
16.535,16.545,69.8576158258417
16.545,16.555,69.05122031148325
16.555,16.565,0.0
16.565,16.575,0.0
16.575,16.585,0.0
16.585,16.595,0.0
16.595,16.605,0.0
16.605,16.615,0.0
16.615,16.625,0.0
16.625,16.635,0.0
16.635,16.645,0.0
16.645,16.655,0.0
16.655,16.665,0.0
16.665,16.675,0.0
16.675,16.685,0.0
16.685,16.695,0.0
16.695,16.705,0.0
16.705,16.715,0.0
16.715,16.725,0.0
16.725,16.735,0.0
16.735,16.745,0.0
16.745,16.755,0.0
16.755,16.765,0.0
16.765,16.775,0.0
16.775,16.785,0.0
16.785,16.795,0.0
16.795,16.805,0.0
16.805,16.815,0.0
16.815,16.825,0.0
16.825,16.835,0.0
16.835,16.845,0.0
16.845,16.855,0.0
16.855,16.865,0.0
16.865,16.875,0.0
16.875,16.885,0.0
16.885,16.895,0.0
16.895,16.905,0.0
16.905,16.915,0.0
16.915,16.925,0.0
16.925,16.935,0.0
16.935,16.945,0.0
16.945,16.955,0.0
16.955,16.965,0.0
16.965,16.975,0.0
16.975,16.985,0.0
16.985,16.995,0.0
16.995,17.005,0.0
17.005,17.015,0.0
17.015,17.025,0.0
17.025,17.035,0.0
17.035,17.045,0.0
17.045,17.055,0.0
17.055,17.065,0.0
17.065,17.075,0.0
17.075,17.085,0.0
17.085,17.095,0.0
17.095,17.105,0.0
17.105,17.115,0.0
17.115,17.125,0.0
17.125,17.135,0.0
17.135,17.145,0.0
17.145,17.155,0.0
17.155,17.165,0.0
17.165,17.175,0.0
17.175,17.185,0.0
17.185,17.195,0.0
17.195,17.205,0.0
17.205,17.215,0.0
17.215,17.225,0.0
17.225,17.235,0.0
17.235,17.245,0.0
17.245,17.255,0.0
17.255,17.265,0.0
17.265,17.275,0.0
17.275,17.285,0.0
17.285,17.295,0.0
17.295,17.305,185.41781167216976
17.305,17.315,192.63581772022442
17.315,17.325,194.25027541730526
17.325,17.335,195.87409186353975
17.335,17.345,197.47102563886145
17.345,17.355,198.1774971766128
17.355,17.365,197.18176049098716
17.365,17.375,195.11908319558378
17.375,17.385,193.16220555070478
17.385,17.395,190.08277015974588
17.395,17.405,186.19764404950118
17.405,17.415,184.0256692541885
17.415,17.425,182.58473045016407
17.425,17.435,181.0176747540422
17.435,17.445,179.92659827669192
17.445,17.455,179.19971009423446
17.455,17.465,178.48591654956618
17.465,17.475,177.91986184726218
17.475,17.485,177.46101461688485
17.485,17.495,177.19589217706
17.495,17.505,176.97007506401354
17.505,17.515,176.39284422127264
17.515,17.525,175.24659348960165
17.525,17.535,174.54277324759457
17.535,17.545,179.551595037701
17.545,17.555,177.93776751714955
17.555,17.565,176.79710797162502
17.565,17.575,176.55036044587763
17.575,17.585,176.00275491237974
17.585,17.595,174.83202828575293
17.595,17.605,173.56720800403042
17.605,17.615,173.0073910209377
17.615,17.625,173.04351143574718
17.625,17.635,173.01409421060512
17.635,17.645,172.5761056794986
17.645,17.655,172.07678952609663
17.655,17.665,171.92681744523276
17.665,17.675,171.72643313901995
17.675,17.685,171.22703659333155
17.685,17.695,170.6787068735824
17.695,17.705,170.265881366928
17.705,17.715,170.24138662664447
17.715,17.725,170.4518245227022
17.725,17.735,170.35925441386243
17.735,17.745,169.8990262498999
17.745,17.755,169.5282863399979
17.755,17.765,169.8368158400715
17.765,17.775,171.27265671793023
17.775,17.785,172.98333866230737
17.785,17.795,173.58512395629302
17.795,17.805,173.19534774329534
17.805,17.815,240.1016681626509
17.815,17.825,238.88305741040276
17.825,17.835,235.58006923639078
17.835,17.845,0.0
17.845,17.855,0.0
17.855,17.865,0.0
17.865,17.875,0.0
17.875,17.885,0.0
17.885,17.895,0.0
17.895,17.905,0.0
17.905,17.915,0.0
17.915,17.925,254.39774256394375
17.925,17.935,267.2088179783182
17.935,17.945,287.5030461571511
17.945,17.955,298.93287804067336
17.955,17.965,319.7341743705903
17.965,17.975,327.87974547483714
17.975,17.985,328.19533583298727
17.985,17.995,323.5200218144042
17.995,18.005,302.97752648399285
18.005,18.015,0.0
18.015,18.025,0.0
18.025,18.035,0.0
18.035,18.045,0.0
18.045,18.055,0.0
18.055,18.065,0.0
18.065,18.075,0.0
18.075,18.085,0.0
18.085,18.095,0.0
18.095,18.105,0.0
18.105,18.115,0.0
18.115,18.125,0.0
18.125,18.135,0.0
18.135,18.145,305.09682381506934
18.145,18.155,297.0853298711258
18.155,18.165,288.75047340873
18.165,18.175,281.7345351315594
18.175,18.185,276.7098928530995
18.185,18.195,272.1527785211915
18.195,18.205,268.0577195149517
18.205,18.215,264.3319192241123
18.215,18.225,260.29013260260416
18.225,18.235,257.631778436264
18.235,18.245,256.86694518376277
18.245,18.255,255.35409805253855
18.255,18.265,252.86562239182837
18.265,18.275,126.13309637061997
18.275,18.285,126.66859685916256
18.285,18.295,127.36362452078326
18.295,18.305,128.10870544596804
18.305,18.315,128.75358305503337
18.315,18.325,129.49299978479928
18.325,18.335,131.21567295210883
18.335,18.345,265.2357048415608
18.345,18.355,265.97716287442233
18.355,18.365,266.6174762584806
18.365,18.375,268.3108568704276
18.375,18.385,267.2448221999554
18.385,18.395,262.0314927526963
18.395,18.405,251.5867195391445
18.405,18.415,234.81247811482828
18.415,18.425,225.0957698649657
18.425,18.435,218.1290426686415
18.435,18.445,211.77408348176508
18.445,18.455,0.0
18.455,18.465,229.67237289284105
18.465,18.475,226.77864475055125
18.475,18.485,226.01670662677927
18.485,18.495,225.0934632513748
18.495,18.505,222.95736446809153
18.505,18.515,218.22819326891616
18.515,18.525,210.6314435951959
18.525,18.535,205.99043527563146
18.535,18.545,200.80470759199363
18.545,18.555,195.43768549083956
18.555,18.565,193.9960659217096
18.565,18.575,195.1881301872291
18.575,18.585,196.1311656557672
18.585,18.595,191.9809788663056
18.595,18.605,187.0241432702623
18.605,18.615,185.60145847315314
18.615,18.625,185.44403579268777
18.625,18.635,185.11571345385872
18.635,18.645,185.07001829383736
18.645,18.655,185.54359397309383
18.655,18.665,188.42378252774657
18.665,18.675,193.0034397651184
18.675,18.685,203.0004573530337
18.685,18.695,203.5169672954313
18.695,18.705,203.06051587324492
18.705,18.715,201.96649854676932
18.715,18.725,195.47953231754127
18.725,18.735,0.0
18.735,18.745,0.0
18.745,18.755,0.0
18.755,18.765,0.0
18.765,18.775,0.0
18.775,18.785,0.0
18.785,18.795,0.0
18.795,18.805,0.0
18.805,18.815,0.0
18.815,18.825,0.0
18.825,18.835,0.0
18.835,18.845,0.0
18.845,18.855,0.0
18.855,18.865,0.0
18.865,18.875,0.0
18.875,18.885,0.0
18.885,18.895,0.0
18.895,18.905,191.95379181039743
18.905,18.915,192.99773348544403
18.915,18.925,192.62434667882354
18.925,18.935,191.66502985375286
18.935,18.945,190.8906255952676
18.945,18.955,190.74933679566354
18.955,18.965,191.0516363608544
18.965,18.975,191.43867460381375
18.975,18.985,191.78459485454945
18.985,18.995,192.1469208675721
18.995,19.005,192.24156605948798
19.005,19.015,191.60008001221678
19.015,19.025,190.61877527908942
19.025,19.035,189.90533476978032
19.035,19.045,189.50136561857303
19.045,19.055,188.97033419354636
19.055,19.065,187.85907201842198
19.065,19.075,185.91812129468727
19.075,19.085,183.22679869373113
19.085,19.095,180.79452971680615
19.095,19.105,179.96054838450354
19.105,19.115,179.01880200190075
19.115,19.125,178.47221137566373
19.125,19.135,0.0
19.135,19.145,0.0
19.145,19.155,0.0
19.155,19.165,0.0
19.165,19.175,198.3086773030356
19.175,19.185,204.34376717019725
19.185,19.195,209.15791583823744
19.195,19.205,211.48462360757625
19.205,19.215,211.57532071597282
19.215,19.225,209.60726148158142
19.225,19.235,205.64294298484617
19.235,19.245,198.8650838536299
19.245,19.255,0.0
19.255,19.265,0.0
19.265,19.275,0.0
19.275,19.285,0.0
19.285,19.295,0.0
19.295,19.305,0.0
19.305,19.315,185.4477474894296
19.315,19.325,185.05170157078555
19.325,19.335,183.504976166525
19.335,19.345,180.67886200161823
19.345,19.355,177.36666151191184
19.355,19.365,174.44762495505475
19.365,19.375,172.312308368759
19.375,19.385,170.47813081412747
19.385,19.395,168.6334443701781
19.395,19.405,166.35984919514337
19.405,19.415,163.58610230523993
19.415,19.425,165.34996666497298
19.425,19.435,165.43376039138573
19.435,19.445,163.66899561818482
19.445,19.455,164.43560122520336
19.455,19.465,166.2908453201496
19.465,19.475,166.47288504570434
19.475,19.485,165.98280474708994
19.485,19.495,164.27263636309743
19.495,19.505,162.40564208293762
19.505,19.515,158.0283912677978
19.515,19.525,155.53487726508823
19.525,19.535,154.67475350452017
19.535,19.545,154.05097426910626
19.545,19.555,153.08024238991158
19.555,19.565,151.98302709042522
19.565,19.575,151.09913241442436
19.575,19.585,149.99147505487264
19.585,19.595,149.40452629756166
19.595,19.605,149.12342059365437
19.605,19.615,145.09972051605982
19.615,19.625,145.1691432370365
19.625,19.635,150.8679324738509
19.635,19.645,151.1870917590808
19.645,19.655,150.05342158346977
19.655,19.665,148.95768674129715
19.665,19.675,148.45442127655465
19.675,19.685,149.14048378502264
19.685,19.695,150.32496646933862
19.695,19.705,150.93688184917204
19.705,19.715,151.10854782487158
19.715,19.725,151.16228097334746
19.725,19.735,151.33284351559567
19.735,19.745,152.1873528346265
19.745,19.755,152.64825322576067
19.755,19.765,0.0
19.765,19.775,0.0
19.775,19.785,0.0
19.785,19.795,156.39113613885837
19.795,19.805,152.9739868843426
19.805,19.815,152.30665862232243
19.815,19.825,152.3627577418014
19.825,19.835,152.98718731569517
19.835,19.845,153.72279520013163
19.845,19.855,153.72073497170493
19.855,19.865,153.37196554221623
19.865,19.875,153.77896400849616
19.875,19.885,154.96795826311504
19.885,19.895,156.18015570130706
19.895,19.905,156.70877667202043
19.905,19.915,156.23818241884973
19.915,19.925,154.84039337414433
19.925,19.935,0.0
19.935,19.945,0.0
19.945,19.955,0.0
19.955,19.965,0.0
19.965,19.975,0.0
19.975,19.985,0.0
19.985,19.995,0.0
19.995,20.005,0.0
20.005,20.015,0.0
20.015,20.025,0.0
20.025,20.035,0.0
20.035,20.045,0.0
20.045,20.055,0.0
20.055,20.065,0.0
20.065,20.075,0.0
20.075,20.085,0.0
20.085,20.095,0.0
20.095,20.105,0.0
20.105,20.115,0.0
20.115,20.125,0.0
20.125,20.135,0.0
20.135,20.145,0.0
20.145,20.155,0.0
20.155,20.165,0.0
20.165,20.175,0.0
20.175,20.185,0.0
20.185,20.195,0.0
20.195,20.205,0.0
20.205,20.215,0.0
20.215,20.225,0.0
20.225,20.235,0.0
20.235,20.245,0.0
20.245,20.255,0.0
20.255,20.265,0.0
20.265,20.275,0.0
20.275,20.285,0.0
20.285,20.295,0.0
20.295,20.305,0.0
20.305,20.315,0.0
20.315,20.325,0.0
20.325,20.335,181.1620599784985
20.335,20.345,180.53824903061778
20.345,20.355,180.66349367241025
20.355,20.365,180.5872043055843
20.365,20.375,0.0
20.375,20.385,0.0
20.385,20.395,178.3746600389304
20.395,20.405,178.96642855618802
20.405,20.415,177.0398745765657
20.415,20.425,175.42655880647123
20.425,20.435,174.5289754883222
20.435,20.445,173.64530086029941
20.445,20.455,172.13322134827973
20.455,20.465,0.0
20.465,20.475,0.0
20.475,20.485,0.0
20.485,20.495,0.0
20.495,20.505,176.7896346154625
20.505,20.515,177.23677286969095
20.515,20.525,178.04256808873114
20.525,20.535,178.05023453835068
20.535,20.545,177.15981201705708
20.545,20.555,175.45383886874063
20.555,20.565,172.73931410713735
20.565,20.575,169.06079301536886
20.575,20.585,165.45462904476048
20.585,20.595,0.0
20.595,20.605,0.0
20.605,20.615,0.0
20.615,20.625,0.0
20.625,20.635,0.0
20.635,20.645,0.0
20.645,20.655,0.0
20.655,20.665,0.0
20.665,20.675,0.0
20.675,20.685,0.0
20.685,20.695,0.0
20.695,20.705,175.0377368918008
20.705,20.715,175.53191712347333
20.715,20.725,175.32732497720872
20.725,20.735,174.34279815085736
20.735,20.745,172.07114288425439
20.745,20.755,170.01492388404526
20.755,20.765,169.64454812193344
20.765,20.775,171.02952951835962
20.775,20.785,172.44331668113236
20.785,20.795,171.81230309947642
20.795,20.805,169.9085497959453
20.805,20.815,168.35418458398001
20.815,20.825,167.33270496744174
20.825,20.835,166.66868668887508
20.835,20.845,166.25242977129352
20.845,20.855,165.54412684489265
20.855,20.865,163.40569289245815
20.865,20.875,0.0
20.875,20.885,0.0
20.885,20.895,0.0
20.895,20.905,0.0
20.905,20.915,0.0
20.915,20.925,0.0
20.925,20.935,0.0
20.935,20.945,166.60153002032638
20.945,20.955,165.8045045085287
20.955,20.965,164.1796875957685
20.965,20.975,162.3457107872419
20.975,20.985,160.59980935260614
20.985,20.995,166.95237871825398
20.995,21.005,171.43909836210878
21.005,21.015,172.7536113116993
21.015,21.025,178.1308053143781
21.025,21.035,183.1277904653519
21.035,21.045,184.0120465537946
21.045,21.055,185.64591907875857
21.055,21.065,189.87863133994261
21.065,21.075,193.94600551371582
21.075,21.085,200.3202979637925
21.085,21.095,204.3916679380495
21.095,21.105,0.0
21.105,21.115,0.0
21.115,21.125,0.0
21.125,21.135,0.0
21.135,21.145,0.0
21.145,21.155,258.9034335127021
21.155,21.165,266.01735672611454
21.165,21.175,273.1224090532055
21.175,21.185,276.618616304695
21.185,21.195,279.57444561290606
21.195,21.205,284.64806771242377
21.205,21.215,299.5263083552915
21.215,21.225,299.1181862051102
21.225,21.235,293.99444032829444
21.235,21.245,290.34066690168663
21.245,21.255,287.92457377119865
21.255,21.265,284.3539790122714
21.265,21.275,280.6389950265194
21.275,21.285,277.9672699633647
21.285,21.295,274.65371552030535
21.295,21.305,248.91086833853342
21.305,21.315,239.24684182537425
21.315,21.325,231.45310148806362
21.325,21.335,224.3771261462701
21.335,21.345,220.94139552473575
21.345,21.355,212.65417589019154
21.355,21.365,212.16611024210496
21.365,21.375,212.1988561735382
21.375,21.385,212.19905768301774
21.385,21.395,210.34825269914535
21.395,21.405,204.67386251714586
21.405,21.415,195.23216794289024
21.415,21.425,0.0
21.425,21.435,0.0
21.435,21.445,0.0
21.445,21.455,0.0
21.455,21.465,194.06848337827887
21.465,21.475,196.54260611499618
21.475,21.485,199.95905002997225
21.485,21.495,203.40451093870902
21.495,21.505,205.63169342898806
21.505,21.515,206.39063068183674
21.515,21.525,206.91883328507058
21.525,21.535,207.28937805291005
21.535,21.545,206.94607435018185
21.545,21.555,206.46858856655297
21.555,21.565,206.31165869388397
21.565,21.575,206.74295141755655
21.575,21.585,208.58535437057986
21.585,21.595,209.25713164294572
21.595,21.605,208.2346980810292
21.605,21.615,207.4796087442742
21.615,21.625,206.83789672997185
21.625,21.635,205.95779209473514
21.635,21.645,205.16751102952426
21.645,21.655,204.30691064003656
21.655,21.665,203.57479289863477
21.665,21.675,202.66919649349853
21.675,21.685,202.09246799256894
21.685,21.695,200.96789533000398
21.695,21.705,197.92385171329624
21.705,21.715,195.60220948848502
21.715,21.725,193.5285447238041
21.725,21.735,191.31594419739426
21.735,21.745,189.64681935536277
21.745,21.755,188.77992491619517
21.755,21.765,187.6414506610023
21.765,21.775,186.2537828686367
21.775,21.785,0.0
21.785,21.795,0.0
21.795,21.805,0.0
21.805,21.815,0.0
21.815,21.825,0.0
21.825,21.835,0.0
21.835,21.845,184.45298188073303
21.845,21.855,182.53228278687618
21.855,21.865,180.7443289152198
21.865,21.875,179.0517023157499
21.875,21.885,176.98505950183562
21.885,21.895,173.87326483677776
21.895,21.905,172.3290395683751
21.905,21.915,173.5143296831078
21.915,21.925,172.86337068054678
21.925,21.935,172.6273001970396
21.935,21.945,172.89852108333724
21.945,21.955,171.2926593291087
21.955,21.965,168.94659935894444
21.965,21.975,167.19358310003872
21.975,21.985,165.76404715788894
21.985,21.995,164.14730224758628
21.995,22.005,162.2161571459705
22.005,22.015,0.0
22.015,22.025,0.0
22.025,22.035,0.0
22.035,22.045,0.0
22.045,22.055,0.0
22.055,22.065,174.28870237255327
22.065,22.075,173.15130420403352
22.075,22.085,172.574033312334
22.085,22.095,174.1122192647744
22.095,22.105,177.2446678954361
22.105,22.115,179.94765946023284
22.115,22.125,181.96961049198427
22.125,22.135,185.3498990580868
22.135,22.145,189.0590798051822
22.145,22.155,189.98131654990834
22.155,22.165,0.0
22.165,22.175,0.0
22.175,22.185,0.0
22.185,22.195,0.0
22.195,22.205,0.0
22.205,22.215,0.0
22.215,22.225,255.30924431756927
22.225,22.235,263.0265194245011
22.235,22.245,268.73628012999893
22.245,22.255,273.9213276167404
22.255,22.265,279.04446547830025
22.265,22.275,283.39584276397534
22.275,22.285,286.91625489538126
22.285,22.295,287.55014666551915
22.295,22.305,286.24944222070417
22.305,22.315,284.0157718405909
22.315,22.325,280.6031163071396
22.325,22.335,276.6461377737819
22.335,22.345,275.75122740922893
22.345,22.355,279.2922173137942
22.355,22.365,277.7174205035597
22.365,22.375,262.43595939089073
22.375,22.385,254.0891591493494
22.385,22.395,0.0
22.395,22.405,0.0
22.405,22.415,0.0
22.415,22.425,0.0
22.425,22.435,0.0
22.435,22.445,0.0
22.445,22.455,182.6593712626992
22.455,22.465,178.27792194253786
22.465,22.475,172.9310751949327
22.475,22.485,170.50016362264046
22.485,22.495,169.37920011468037
22.495,22.505,168.53608202171844
22.505,22.515,167.47601769056186
22.515,22.525,165.79688001778098
22.525,22.535,163.88008882791982
22.535,22.545,161.99321968071823
22.545,22.555,0.0
22.555,22.565,168.2892514157096
22.565,22.575,168.3378348736334
22.575,22.585,168.037522349858
22.585,22.595,167.2050141089255
22.595,22.605,166.27966172649968
22.605,22.615,165.27545032050165
22.615,22.625,164.08712305497693
22.625,22.635,163.04837715828327
22.635,22.645,162.26408025321783
22.645,22.655,161.6757031781464
22.655,22.665,161.24052125321398
22.665,22.675,160.4141041798549
22.675,22.685,159.48370052011614
22.685,22.695,0.0
22.695,22.705,0.0
22.705,22.715,0.0
22.715,22.725,0.0
22.725,22.735,0.0
22.735,22.745,0.0
22.745,22.755,0.0
22.755,22.765,0.0
22.765,22.775,0.0
22.775,22.785,0.0
22.785,22.795,0.0
22.795,22.805,0.0
22.805,22.815,0.0
22.815,22.825,0.0
22.825,22.835,0.0
22.835,22.845,0.0
22.845,22.855,0.0
22.855,22.865,0.0
22.865,22.875,0.0
22.875,22.885,0.0
22.885,22.895,0.0
22.895,22.905,0.0
22.905,22.915,0.0
22.915,22.925,0.0
22.925,22.935,0.0
22.935,22.945,0.0
22.945,22.955,0.0
22.955,22.965,0.0
22.965,22.975,0.0
22.975,22.985,0.0
22.985,22.995,0.0
22.995,23.005,0.0
23.005,23.015,0.0
23.015,23.025,0.0
23.025,23.035,0.0
23.035,23.045,0.0
23.045,23.055,0.0
23.055,23.065,0.0
23.065,23.075,0.0
23.075,23.085,0.0
23.085,23.095,0.0
23.095,23.105,0.0
23.105,23.115,0.0
23.115,23.125,0.0
23.125,23.135,0.0
23.135,23.145,0.0
23.145,23.155,0.0
23.155,23.165,0.0
23.165,23.175,0.0
23.175,23.185,0.0
23.185,23.195,0.0
23.195,23.205,0.0
23.205,23.215,0.0
23.215,23.225,0.0
23.225,23.235,0.0
23.235,23.245,0.0
23.245,23.255,0.0
23.255,23.265,0.0
23.265,23.275,0.0
23.275,23.285,0.0
23.285,23.295,0.0
23.295,23.305,0.0
23.305,23.315,0.0
23.315,23.325,0.0
23.325,23.335,0.0
23.335,23.345,0.0
23.345,23.355,0.0
23.355,23.365,0.0
23.365,23.375,0.0
23.375,23.385,0.0
23.385,23.395,0.0
23.395,23.405,0.0
23.405,23.415,0.0
23.415,23.425,0.0
23.425,23.435,0.0
23.435,23.445,0.0
23.445,23.455,0.0
23.455,23.465,0.0
23.465,23.475,0.0
23.475,23.485,0.0
23.485,23.495,0.0
23.495,23.505,0.0
23.505,23.515,0.0
23.515,23.525,0.0
23.525,23.535,0.0
23.535,23.545,0.0
23.545,23.555,0.0
23.555,23.565,0.0
23.565,23.575,0.0
23.575,23.585,0.0
23.585,23.595,0.0
23.595,23.605,321.4429240769918
23.605,23.615,314.00855570876894
23.615,23.625,306.8204003852844
23.625,23.635,301.82468982478525
23.635,23.645,306.05219609180233
23.645,23.655,217.6192703954852
23.655,23.665,218.3732472602645
23.665,23.675,218.2640322427442
23.675,23.685,218.8772432887264
23.685,23.695,219.25314449274802
23.695,23.705,218.8387634365392
23.705,23.715,217.9961153956559
23.715,23.725,217.1372240322341
23.725,23.735,216.40509801747262
23.735,23.745,215.84773994148662
23.745,23.755,215.33431028750726
23.755,23.765,214.73658198968155
23.765,23.775,213.9394742870705
23.775,23.785,212.99279408841235
23.785,23.795,212.19724520868252
23.795,23.805,211.63400054921414
23.805,23.815,211.05330570718135
23.815,23.825,210.62659868354757
23.825,23.835,210.3507336128104
23.835,23.845,210.05151777590757
23.845,23.855,209.7627278154764
23.855,23.865,209.36340125769368
23.865,23.875,208.5701888249124
23.875,23.885,207.6409912013681
23.885,23.895,207.00355419277113
23.895,23.905,206.48081308826406
23.905,23.915,205.71997914692074
23.915,23.925,204.9005341589165
23.925,23.935,204.00142419290455
23.935,23.945,203.35675149875826
23.945,23.955,202.7541626576288
23.955,23.965,201.6992726082763
23.965,23.975,200.50474111845284
23.975,23.985,199.60713454755074
23.985,23.995,198.96014926027453
23.995,24.005,198.26563541991274
24.005,24.015,198.10295447726574
24.015,24.025,198.32567921910595
24.025,24.035,197.901200914419
24.035,24.045,197.04081337832184
24.045,24.055,196.34061347032187
24.055,24.065,195.49096494206967
24.065,24.075,194.46510679118092
24.075,24.085,193.53885019052768
24.085,24.095,192.92584802599046
24.095,24.105,192.56197443024428
24.105,24.115,192.44977807892064
24.115,24.125,192.18004473375885
24.125,24.135,191.476873515279
24.135,24.145,190.6340492004456
24.145,24.155,189.8790857002072
24.155,24.165,189.07543800401484
24.165,24.175,188.1345667786937
24.175,24.185,187.14184311420138
24.185,24.195,186.2305921880933
24.195,24.205,185.22112733118098
24.205,24.215,183.5918731847117
24.215,24.225,275.8674032899632
24.225,24.235,276.14719546308226
24.235,24.245,277.1838548418021
24.245,24.255,276.57511800454273
24.255,24.265,277.7034043131193
24.265,24.275,281.96251259257065
24.275,24.285,0.0
24.285,24.295,0.0
24.295,24.305,0.0
24.305,24.315,0.0
24.315,24.325,0.0
24.325,24.335,0.0
24.335,24.345,0.0
24.345,24.355,0.0
24.355,24.365,0.0
24.365,24.375,0.0
24.375,24.385,0.0
24.385,24.395,0.0
24.395,24.405,0.0
24.405,24.415,0.0
24.415,24.425,0.0
24.425,24.435,0.0
24.435,24.445,0.0
24.445,24.455,0.0
24.455,24.465,0.0
24.465,24.475,0.0
24.475,24.485,0.0
24.485,24.495,0.0
24.495,24.505,0.0
24.505,24.515,214.4601609182641
24.515,24.525,218.70418823458223
24.525,24.535,222.14411197692934
24.535,24.545,227.5330016586703
24.545,24.555,230.83551363514542
24.555,24.565,233.02776246766183
24.565,24.575,232.81713171191313
24.575,24.585,230.7120841785988
24.585,24.595,227.9853734825818
24.595,24.605,226.30117732260993
24.605,24.615,0.0
24.615,24.625,0.0
24.625,24.635,0.0
24.635,24.645,0.0
24.645,24.655,0.0
24.655,24.665,0.0
24.665,24.675,0.0
24.675,24.685,0.0
24.685,24.695,0.0
24.695,24.705,0.0
24.705,24.715,189.94037508343288
24.715,24.725,190.6257429256769
24.725,24.735,190.55513928991462
24.735,24.745,189.3468178163902
24.745,24.755,187.28632818419686
24.755,24.765,184.2981380084101
24.765,24.775,179.9264826154918
24.775,24.785,0.0
24.785,24.795,0.0
24.795,24.805,0.0
24.805,24.815,0.0
24.815,24.825,168.96447027476663
24.825,24.835,177.51333160678843
24.835,24.845,181.42619307337876
24.845,24.855,181.06526345639335
24.855,24.865,179.891544182142
24.865,24.875,178.29196651514647
24.875,24.885,177.87360670050927
24.885,24.895,182.79454501787322
24.895,24.905,184.00499292066442
24.905,24.915,183.40519161248113
24.915,24.925,181.9254280939173
24.925,24.935,180.53551621088303
24.935,24.945,179.12472375751457
24.945,24.955,177.63100022110604
24.955,24.965,175.90647878504296
24.965,24.975,173.9424743232528
24.975,24.985,172.13930202226143
24.985,24.995,169.5805535288104
24.995,25.005,170.36277723608544
25.005,25.015,171.23136439474473
25.015,25.025,171.19968278020073
25.025,25.035,170.76067330969735
25.035,25.045,169.2719105118824
25.045,25.055,167.52189864628286
25.055,25.065,167.57020517998376
25.065,25.075,168.75498960000664
25.075,25.085,168.20743892144947
25.085,25.095,166.05455925174562
25.095,25.105,162.92864521016006
25.105,25.115,159.39955339026483
25.115,25.125,156.71338593900694
25.125,25.135,157.77215445237383
25.135,25.145,160.75800844235764
25.145,25.155,160.96664447162783
25.155,25.165,161.1829892065659
25.165,25.175,161.56696573837357
25.175,25.185,163.7531813068108
25.185,25.195,170.86337859117987
25.195,25.205,178.2006188795416
25.205,25.215,182.43200618682673
25.215,25.225,186.19977377884885
25.225,25.235,189.4289098748604
25.235,25.245,191.9334668075591
25.245,25.255,196.92026356510212
25.255,25.265,204.64318998109817
25.265,25.275,210.19185515128146
25.275,25.285,214.99545122928552
25.285,25.295,220.47564317615928
25.295,25.305,226.3342388247468
25.305,25.315,231.8430805073135
25.315,25.325,243.31117694349265
25.325,25.335,257.43800009192813
25.335,25.345,261.88569310018033
25.345,25.355,266.020699522728
25.355,25.365,269.5273055962522
25.365,25.375,272.13251286499604
25.375,25.385,273.9753578547118
25.385,25.395,274.7640304877801
25.395,25.405,274.0310364706285
25.405,25.415,272.2530498553917
25.415,25.425,269.7678056003714
25.425,25.435,265.9470451493068
25.435,25.445,262.1035547664848
25.445,25.455,258.27353421204026
25.455,25.465,251.94743555966977
25.465,25.475,245.97159535851853
25.475,25.485,239.84961864563184
25.485,25.495,229.809449685432
25.495,25.505,221.57812621076954
25.505,25.515,209.8400744449433
25.515,25.525,194.77066145789894
25.525,25.535,0.0
25.535,25.545,0.0
25.545,25.555,0.0
25.555,25.565,0.0
25.565,25.575,0.0
25.575,25.585,0.0
25.585,25.595,0.0
25.595,25.605,0.0
25.605,25.615,0.0
25.615,25.625,0.0
25.625,25.635,0.0
25.635,25.645,0.0
25.645,25.655,0.0
25.655,25.665,0.0
25.665,25.675,0.0
25.675,25.685,0.0
25.685,25.695,0.0
25.695,25.705,0.0
25.705,25.715,0.0
25.715,25.725,0.0
25.725,25.735,0.0
25.735,25.745,0.0
25.745,25.755,0.0
25.755,25.765,0.0
25.765,25.775,0.0
25.775,25.785,0.0
25.785,25.795,0.0
25.795,25.805,0.0
25.805,25.815,0.0
25.815,25.825,0.0
25.825,25.835,0.0
25.835,25.845,0.0
25.845,25.855,0.0
25.855,25.865,0.0
25.865,25.875,0.0
25.875,25.885,0.0
25.885,25.895,0.0
25.895,25.905,0.0
25.905,25.915,0.0
25.915,25.925,0.0
25.925,25.935,0.0
25.935,25.945,0.0
25.945,25.955,0.0
25.955,25.965,0.0
25.965,25.975,0.0
25.975,25.985,0.0
25.985,25.995,0.0
25.995,26.005,0.0
26.005,26.015,0.0
26.015,26.025,0.0
26.025,26.035,0.0
26.035,26.045,0.0
26.045,26.055,0.0
26.055,26.065,0.0
26.065,26.075,0.0
26.075,26.085,0.0
26.085,26.095,0.0
26.095,26.105,0.0
26.105,26.115,0.0
26.115,26.125,0.0
26.125,26.135,0.0
26.135,26.145,0.0
26.145,26.155,0.0
26.155,26.165,0.0
26.165,26.175,0.0
26.175,26.185,0.0
26.185,26.195,0.0
26.195,26.205,0.0
26.205,26.215,0.0
26.215,26.225,192.79382445445177
26.225,26.235,192.5950183388922
26.235,26.245,192.76087992052842
26.245,26.255,192.7486171225758
26.255,26.265,192.13373919429512
26.265,26.275,191.01395059972134
26.275,26.285,188.5175660555283
26.285,26.295,186.2738730319775
26.295,26.305,183.69330956833565
26.305,26.315,181.76350257477773
26.315,26.325,0.0
26.325,26.335,0.0
26.335,26.345,0.0
26.345,26.355,0.0
26.355,26.365,0.0
26.365,26.375,0.0
26.375,26.385,0.0
26.385,26.395,0.0
26.395,26.405,0.0
26.405,26.415,0.0
26.415,26.425,433.31215699933
26.425,26.435,428.32283059054555
26.435,26.445,422.1045501109018
26.445,26.455,205.59469011607595
26.455,26.465,200.0256889135023
26.465,26.475,196.38937618825742
26.475,26.485,194.5436739144371
26.485,26.495,193.03848167757238
26.495,26.505,192.0332140602067
26.505,26.515,191.8428471826579
26.515,26.525,192.58519074073004
26.525,26.535,192.56993070071482
26.535,26.545,190.95429781754777
26.545,26.555,187.2933548048884
26.555,26.565,0.0
26.565,26.575,0.0
26.575,26.585,0.0
26.585,26.595,0.0
26.595,26.605,0.0
26.605,26.615,0.0
26.615,26.625,194.75353287701222
26.625,26.635,194.70309142328966
26.635,26.645,191.88326280548333
26.645,26.655,188.43614673972914
26.655,26.665,185.5026568666919
26.665,26.675,183.0423690369107
26.675,26.685,181.44857909311716
26.685,26.695,180.2489429312379
26.695,26.705,178.42490310022825
26.705,26.715,176.5576595889484
26.715,26.725,175.07647262031398
26.725,26.735,174.98069537011077
26.735,26.745,178.35037870201728
26.745,26.755,180.13075411938954
26.755,26.765,179.51809602258658
26.765,26.775,177.47985370642985
26.775,26.785,174.6688802838009
26.785,26.795,171.13316910173117
26.795,26.805,167.30337915035784
26.805,26.815,164.29783199883397
26.815,26.825,0.0
26.825,26.835,0.0
26.835,26.845,0.0
26.845,26.855,179.49025575789045
26.855,26.865,176.9383738302273
26.865,26.875,174.99186457933942
26.875,26.885,172.948245464699
26.885,26.895,170.86287923370136
26.895,26.905,168.80035516089225
26.905,26.915,167.52326402628233
26.915,26.925,167.66747747368606
26.925,26.935,167.89011096975165
26.935,26.945,167.2502234085842
26.945,26.955,0.0
26.955,26.965,0.0
26.965,26.975,0.0
26.975,26.985,0.0
26.985,26.995,0.0
26.995,27.005,0.0
27.005,27.015,0.0
27.015,27.025,0.0
27.025,27.035,0.0
27.035,27.045,0.0
27.045,27.055,0.0
27.055,27.065,0.0
27.065,27.075,0.0
27.075,27.085,0.0
27.085,27.095,192.27503003503716
27.095,27.105,192.14344355936765
27.105,27.115,193.19987946014746
27.115,27.125,192.6027069672111
27.125,27.135,192.4236559090285
27.135,27.145,193.11231356299427
27.145,27.155,193.63414571196634
27.155,27.165,193.81772051830217
27.165,27.175,194.18563119931133
27.175,27.185,194.2678741492592
27.185,27.195,193.62176710662183
27.195,27.205,192.6931228296176
27.205,27.215,191.81461136902416
27.215,27.225,191.05709276749383
27.225,27.235,190.0219825927298
27.235,27.245,188.29015919842578
27.245,27.255,186.2891610696447
27.255,27.265,184.2795063947608
27.265,27.275,182.04845721753895
27.275,27.285,180.25852924379097
27.285,27.295,178.6776035303372
27.295,27.305,176.10211535820204
27.305,27.315,172.3467171232528
27.315,27.325,168.58130513324912
27.325,27.335,165.18099001703726
27.335,27.345,161.83315170578433
27.345,27.355,168.56532850148972
27.355,27.365,172.325535377439
27.365,27.375,172.09427876981866
27.375,27.385,170.94772756327586
27.385,27.395,169.9108972771799
27.395,27.405,168.10425275822297
27.405,27.415,165.81304134146774
27.415,27.425,163.59561459102324
27.425,27.435,161.02784675908887
27.435,27.445,157.51602325859716
27.445,27.455,156.3120655077413
27.455,27.465,163.7487043796592
27.465,27.475,161.67720477725808
27.475,27.485,160.76508279524649
27.485,27.495,160.10347673704723
27.495,27.505,159.28298304822346
27.505,27.515,157.85781997715137
27.515,27.525,155.3907037144928
27.525,27.535,151.95579053648402
27.535,27.545,0.0
27.545,27.555,0.0
27.555,27.565,0.0
27.565,27.575,0.0
27.575,27.585,0.0
27.585,27.595,0.0
27.595,27.605,0.0
27.605,27.615,0.0
27.615,27.625,0.0
27.625,27.635,164.41474460727943
27.635,27.645,163.17396069628947
27.645,27.655,161.74820153805442
27.655,27.665,160.96787996056966
27.665,27.675,0.0
27.675,27.685,0.0
27.685,27.695,0.0
27.695,27.705,164.95727442238586
27.705,27.715,164.67374359522157
27.715,27.725,164.2844022413329
27.725,27.735,165.38495740752364
27.735,27.745,169.06434554079888
27.745,27.755,173.82417494729745
27.755,27.765,177.18371589916518
27.765,27.775,179.15804940981226
27.775,27.785,180.7391268070529
27.785,27.795,182.24531333550036
27.795,27.805,183.63098596918192
27.805,27.815,184.88811403005195
27.815,27.825,185.50314035262525
27.825,27.835,185.51044449998722
27.835,27.845,185.04647886097965
27.845,27.855,183.86154095813518
27.855,27.865,181.57298257665843
27.865,27.875,178.29618195606355
27.875,27.885,0.0
27.885,27.895,0.0
27.895,27.905,0.0
27.905,27.915,0.0
27.915,27.925,174.63253951582945
27.925,27.935,174.39489879661716
27.935,27.945,173.43102884848943
27.945,27.955,171.1958970012239
27.955,27.965,168.5922325659249
27.965,27.975,166.1837322486072
27.975,27.985,164.35088851355212
27.985,27.995,163.03007931593552
27.995,28.005,165.9161248724713
28.005,28.015,169.8719850555919
28.015,28.025,170.1565651966668
28.025,28.035,165.8379517801613
28.035,28.045,164.04144531115455
28.045,28.055,163.1961586114956
28.055,28.065,162.6539632479532
28.065,28.075,162.1917220577606
28.075,28.085,161.8771679473029
28.085,28.095,160.92506154196658
28.095,28.105,0.0
28.105,28.115,0.0
28.115,28.125,0.0
28.125,28.135,0.0
28.135,28.145,0.0
28.145,28.155,0.0
28.155,28.165,0.0
28.165,28.175,168.1736302157374
28.175,28.185,167.78410474093258
28.185,28.195,167.13895574576688
28.195,28.205,166.84431731835434
28.205,28.215,167.32750659771202
28.215,28.225,168.20889288646526
28.225,28.235,168.7768816771237
28.235,28.245,169.0692788079613
28.245,28.255,169.35927633370346
28.255,28.265,169.41328769034715
28.265,28.275,168.76677279038398
28.275,28.285,167.5846454857797
28.285,28.295,166.97573434743487
28.295,28.305,166.91598532867164
28.305,28.315,167.1667281297939
28.315,28.325,166.84322180899437
28.325,28.335,165.42573297971035
28.335,28.345,164.0083512383098
28.345,28.355,162.8736346410024
28.355,28.365,161.98960723427209
28.365,28.375,161.22424688913242
28.375,28.385,160.90680182710616
28.385,28.395,161.93949568698824
28.395,28.405,163.70958552027946
28.405,28.415,163.79688521814847
28.415,28.425,162.71505959612668
28.425,28.435,162.21509604676635
28.435,28.445,161.45524693733887
28.445,28.455,161.2273109058205
28.455,28.465,161.70277536744558
28.465,28.475,162.0067447344714
28.475,28.485,161.8382708869212
28.485,28.495,161.6278672181721
28.495,28.505,161.31934829641736
28.505,28.515,160.8490556354341
28.515,28.525,160.45812172859618
28.525,28.535,160.15451253568574
28.535,28.545,160.03430362693226
28.545,28.555,160.09176979047618
28.555,28.565,159.76885992489372
28.565,28.575,159.19958780769585
28.575,28.585,158.72852095952933
28.585,28.595,158.04838504053328
28.595,28.605,157.20666314762488
28.605,28.615,156.77339355106045
28.615,28.625,156.88363463146845
28.625,28.635,157.10271339972357
28.635,28.645,157.21159041127424
28.645,28.655,156.73306579801954
28.655,28.665,155.2258617751388
28.665,28.675,156.48357797634773
28.675,28.685,161.40153552179652
28.685,28.695,162.5644150638891
28.695,28.705,0.0
28.705,28.715,0.0
28.715,28.725,0.0
28.725,28.735,0.0
28.735,28.745,0.0
28.745,28.755,0.0
28.755,28.765,0.0
28.765,28.775,0.0
28.775,28.785,0.0
28.785,28.795,0.0
28.795,28.805,0.0
28.805,28.815,0.0
28.815,28.825,0.0
28.825,28.835,180.9187537709264
28.835,28.845,181.72839876534525
28.845,28.855,182.80707236906028
28.855,28.865,184.0135396900081
28.865,28.875,184.8888784143019
28.875,28.885,184.89696906969178
28.885,28.895,183.53901139880057
28.895,28.905,180.5100734193605
28.905,28.915,176.88353170328486
28.915,28.925,172.92811957019515
28.925,28.935,0.0
28.935,28.945,0.0
28.945,28.955,0.0
28.955,28.965,0.0
28.965,28.975,0.0
28.975,28.985,0.0
28.985,28.995,0.0
28.995,29.005,0.0
29.005,29.015,0.0
29.015,29.025,0.0
29.025,29.035,0.0
29.035,29.045,0.0
29.045,29.055,0.0
29.055,29.065,170.25259577091072
29.065,29.075,169.51250608006126
29.075,29.085,168.31011344988124
29.085,29.095,167.54624823988544
29.095,29.105,167.26981077742568
29.105,29.115,167.30438311005344
29.115,29.125,167.71678029437462
29.125,29.135,168.40338351154116
29.135,29.145,169.02905284243974
29.145,29.155,169.5901488306743
29.155,29.165,169.09132944188212
29.165,29.175,167.65095699345574
29.175,29.185,166.43003483038956
29.185,29.195,165.28032698900552
29.195,29.205,163.921792483914
29.205,29.215,162.82054994366032
29.215,29.225,162.44636999392327
29.225,29.235,162.47356726146901
29.235,29.245,162.32987644043283
29.245,29.255,161.66739006922205
29.255,29.265,160.49541945636216
29.265,29.275,159.40124383766337
29.275,29.285,158.9149908722503
29.285,29.295,158.5265211746999
29.295,29.305,157.87056372133895
29.305,29.315,157.4925527655181
29.315,29.325,157.25762144266923
29.325,29.335,156.6278910005563
29.335,29.345,155.71435078056305
29.345,29.355,77.57394409821528
29.355,29.365,77.47223233653136
29.365,29.375,77.15967495530016
29.375,29.385,76.94500080689025
29.385,29.395,76.22478748076423
29.395,29.405,75.05794112008311
29.405,29.415,74.48730701375244
29.415,29.425,74.73518885293174
29.425,29.435,75.76299279386711
29.435,29.445,76.47016508036498
29.445,29.455,76.32051561326632
29.455,29.465,75.72354009535032
29.465,29.475,75.45013663403589
29.475,29.485,75.42323393396008
29.485,29.495,75.26049908431455
29.495,29.505,74.01395653971375
29.505,29.515,72.58056268020333
29.515,29.525,72.69433367665502
29.525,29.535,73.10254084163681
29.535,29.545,73.09585883503463
29.545,29.555,72.63806248007506
29.555,29.565,72.21162252132206
29.565,29.575,72.08147179761006
29.575,29.585,75.00409529542661
29.585,29.595,0.0
29.595,29.605,0.0
29.605,29.615,0.0
29.615,29.625,0.0
29.625,29.635,0.0
29.635,29.645,0.0
29.645,29.655,0.0
29.655,29.665,0.0
29.665,29.675,0.0
29.675,29.685,0.0
29.685,29.695,0.0
29.695,29.705,0.0
29.705,29.715,0.0
29.715,29.725,0.0
29.725,29.735,172.7929796806602
29.735,29.745,176.10996243264285
29.745,29.755,177.00940214562033
29.755,29.765,175.98955222448018
29.765,29.775,173.46267547846003
29.775,29.785,170.3394480716596
29.785,29.795,166.0151418910495
29.795,29.805,0.0
29.805,29.815,0.0
29.815,29.825,0.0
29.825,29.835,0.0
29.835,29.845,0.0
29.845,29.855,0.0
29.855,29.865,0.0
29.865,29.875,0.0
29.875,29.885,0.0
29.885,29.895,0.0
29.895,29.905,0.0
29.905,29.915,0.0
29.915,29.925,0.0
29.925,29.935,0.0
29.935,29.945,0.0
29.945,29.955,0.0
29.955,29.965,0.0
29.965,29.975,170.19905528270993
29.975,29.985,167.683148290084
29.985,29.995,165.15757477114863
29.995,30.005,162.8076086189632
30.005,30.015,160.42588300000367
30.015,30.025,157.87797454034262
30.025,30.035,155.0758310168329
30.035,30.045,152.46943553657405
30.045,30.055,149.02478031912045
30.055,30.065,146.78073304807015
30.065,30.075,146.3237202111662
30.075,30.085,0.0
30.085,30.095,0.0
30.095,30.105,0.0
30.105,30.115,0.0
30.115,30.125,0.0
30.125,30.135,0.0
30.135,30.145,0.0
30.145,30.155,0.0
30.155,30.165,0.0
30.165,30.175,151.2345021958022
30.175,30.185,151.0996717032494
30.185,30.195,151.5199770480445
30.195,30.205,149.7710241226207
30.205,30.215,146.90459678747922
30.215,30.225,144.49896260217443
30.225,30.235,143.06083336274915
30.235,30.245,141.8940596111303
30.245,30.255,0.0
30.255,30.265,0.0
30.265,30.275,0.0
30.275,30.285,0.0
30.285,30.295,0.0
30.295,30.305,0.0
30.305,30.315,0.0
30.315,30.325,0.0
30.325,30.335,154.67064889454
30.335,30.345,154.36186068825512
30.345,30.355,153.37885448349226
30.355,30.365,152.25740885978126
30.365,30.375,0.0
30.375,30.385,0.0
30.385,30.395,0.0
30.395,30.405,0.0
30.405,30.415,168.6555259235402
30.415,30.425,172.06528369263035
30.425,30.435,175.48458869915768
30.435,30.445,180.05502830312994
30.445,30.455,189.98768537426082
30.455,30.465,199.51319837777882
30.465,30.475,202.16613571705702
30.475,30.485,205.19786511383342
30.485,30.495,209.75956542866717
30.495,30.505,214.24694693275185
30.505,30.515,216.53500463104731
30.515,30.525,219.6981393200868
30.525,30.535,240.20782971294273
30.535,30.545,248.29259891135277
30.545,30.555,254.3127276365436
30.555,30.565,257.936387008057
30.565,30.575,260.2962471742867
30.575,30.585,261.263677770881
30.585,30.595,262.2210784154042
30.595,30.605,263.6565559271454
30.605,30.615,262.72181622361785
30.615,30.625,259.915134577243
30.625,30.635,255.92423470753735
30.635,30.645,251.95292065311975
30.645,30.655,249.30337611706636
30.655,30.665,241.91355044055248
30.665,30.675,238.16577334347818
30.675,30.685,231.7135099370302
30.685,30.695,222.3554857027482
30.695,30.705,221.8721786530149
30.705,30.715,211.09435470817277
30.715,30.725,206.57444748927944
30.725,30.735,196.71703024909087
30.735,30.745,189.4668128601835
30.745,30.755,185.7929311930449
30.755,30.765,183.01354736501867
30.765,30.775,181.2835836167946
30.775,30.785,177.30867464719714
30.785,30.795,176.7834804554989
30.795,30.805,178.4874333735044
30.805,30.815,173.7210172688427
30.815,30.825,170.42603775795845
30.825,30.835,167.8733377299033
30.835,30.845,164.97801620166092
30.845,30.855,162.6962359724602
30.855,30.865,160.72237110442617
30.865,30.875,158.20645544492552
30.875,30.885,155.64345914063145
30.885,30.895,153.75557118012523
30.895,30.905,151.83827833163244
30.905,30.915,149.84196818988835
30.915,30.925,148.48275589023308
30.925,30.935,147.43613526354352
30.935,30.945,0.0
30.945,30.955,0.0
30.955,30.965,0.0
30.965,30.975,0.0
30.975,30.985,0.0
30.985,30.995,0.0
30.995,31.005,0.0
31.005,31.015,0.0
31.015,31.025,0.0
31.025,31.035,0.0
31.035,31.045,0.0
31.045,31.055,0.0
31.055,31.065,0.0
31.065,31.075,0.0
31.075,31.085,0.0
31.085,31.095,0.0
31.095,31.105,0.0
31.105,31.115,0.0
31.115,31.125,0.0
31.125,31.135,0.0
31.135,31.145,0.0
31.145,31.155,0.0
31.155,31.165,0.0
31.165,31.175,0.0
31.175,31.185,0.0
31.185,31.195,0.0
31.195,31.205,0.0
31.205,31.215,0.0
31.215,31.225,0.0
31.225,31.235,0.0
31.235,31.245,0.0
31.245,31.255,0.0
31.255,31.265,0.0
31.265,31.275,0.0
31.275,31.285,0.0
31.285,31.295,0.0
31.295,31.305,0.0
31.305,31.315,0.0
31.315,31.325,0.0
31.325,31.335,0.0
31.335,31.345,0.0
31.345,31.355,0.0
31.355,31.365,0.0
31.365,31.375,0.0
31.375,31.385,0.0
31.385,31.395,0.0
31.395,31.405,0.0
31.405,31.415,0.0
31.415,31.425,0.0
31.425,31.435,0.0
31.435,31.445,0.0
31.445,31.455,0.0
31.455,31.465,0.0
31.465,31.475,0.0
31.475,31.485,0.0
31.485,31.495,0.0
31.495,31.505,0.0
31.505,31.515,0.0
31.515,31.525,0.0
31.525,31.535,0.0
31.535,31.545,0.0
31.545,31.555,0.0
31.555,31.565,0.0
31.565,31.575,0.0
31.575,31.585,0.0
31.585,31.595,0.0
31.595,31.605,0.0
31.605,31.615,0.0
31.615,31.625,0.0
31.625,31.635,0.0
31.635,31.645,0.0
31.645,31.655,0.0
31.655,31.665,0.0
31.665,31.675,0.0
31.675,31.685,0.0
31.685,31.695,0.0
31.695,31.705,0.0
31.705,31.715,0.0
31.715,31.725,0.0
31.725,31.735,239.67090931171631
31.735,31.745,238.50961635784097
31.745,31.755,238.10845170256792
31.755,31.765,237.09407162457728
31.765,31.775,236.41620609918672
31.775,31.785,236.84588685233197
31.785,31.795,237.68950336226575
31.795,31.805,238.09829939919777
31.805,31.815,237.98499322185248
31.815,31.825,239.64564896404278
31.825,31.835,241.27753519435964
31.835,31.845,238.48704509409887
31.845,31.855,232.03934883974478
31.855,31.865,220.19725825153256
31.865,31.875,212.15942718170146
31.875,31.885,208.44293473068473
31.885,31.895,212.22695688695586
31.895,31.905,215.54376242129646
31.905,31.915,218.4700326483194
31.915,31.925,219.88102010965233
31.925,31.935,220.39027973848707
31.935,31.945,219.93443866993573
31.945,31.955,218.64446908657206
31.955,31.965,216.78621685197527
31.965,31.975,214.86438449903997
31.975,31.985,213.68994009900337
31.985,31.995,212.14385627676253
31.995,32.005,208.70711144108517
32.005,32.015,205.27783123688326
32.015,32.025,203.0748153708555
32.025,32.035,200.56238431760485
32.035,32.045,197.76173995950995
32.045,32.055,194.91226816049078
32.055,32.065,191.32635366420973
32.065,32.075,187.76906453496463
32.075,32.085,184.52773433940777
32.085,32.095,183.01062689894383
32.095,32.105,190.59226636308614
32.105,32.115,190.16757091573064
32.115,32.125,187.19191785260696
32.125,32.135,185.93166140301773
32.135,32.145,185.61323876086783
32.145,32.155,184.79675257397886
32.155,32.165,182.99253055680327
32.165,32.175,180.7267844175843
32.175,32.185,177.79182151087372
32.185,32.195,171.80622286649998
32.195,32.205,0.0
32.205,32.215,0.0
32.215,32.225,0.0
32.225,32.235,0.0
32.235,32.245,0.0
32.245,32.255,0.0
32.255,32.265,0.0
32.265,32.275,0.0
32.275,32.285,0.0
32.285,32.295,0.0
32.295,32.305,0.0
32.305,32.315,0.0
32.315,32.325,0.0
32.325,32.335,0.0
32.335,32.345,0.0
32.345,32.355,200.26807962985623
32.355,32.365,197.52503742738838
32.365,32.375,194.1264624034888
32.375,32.385,191.16972170804817
32.385,32.395,188.14777663344086
32.395,32.405,184.13749098193279
32.405,32.415,183.29473087792513
32.415,32.425,185.2060517601439
32.425,32.435,186.44472962295205
32.435,32.445,183.10599770613928
32.445,32.455,180.98854550429198
32.455,32.465,179.44315819224815
32.465,32.475,177.69866595577125
32.475,32.485,175.82126205774006
32.485,32.495,174.30711227827032
32.495,32.505,174.57850104403659
32.505,32.515,177.62655408704504
32.515,32.525,177.91028828174495
32.525,32.535,177.3345572665278
32.535,32.545,176.01366646828538
32.545,32.555,173.74806905526918
32.555,32.565,172.0067896414339
32.565,32.575,171.76854275143285
32.575,32.585,171.66460422664937
32.585,32.595,171.08972508785396
32.595,32.605,169.7670436178859
32.605,32.615,168.06690615339446
32.615,32.625,166.92089569032285
32.625,32.635,168.20242034672026
32.635,32.645,167.9868284657991
32.645,32.655,166.41842122670332
32.655,32.665,0.0
32.665,32.675,0.0
32.675,32.685,0.0
32.685,32.695,0.0
32.695,32.705,0.0
32.705,32.715,0.0
32.715,32.725,0.0
32.725,32.735,0.0
32.735,32.745,0.0
32.745,32.755,0.0
32.755,32.765,211.70860525346865
32.765,32.775,206.61736640372692
32.775,32.785,206.5020199114229
32.785,32.795,207.5119436239168
32.795,32.805,208.43703194211793
32.805,32.815,209.17924255792767
32.815,32.825,210.03560446029815
32.825,32.835,211.26414229278552
32.835,32.845,216.7108365198565
32.845,32.855,229.61753666394344
32.855,32.865,237.27296646747763
32.865,32.875,243.56870749982343
32.875,32.885,245.97468774799904
32.885,32.895,247.3227954217775
32.895,32.905,249.73133379959378
32.905,32.915,253.52065779493373
32.915,32.925,260.703751675113
32.925,32.935,266.70008430241285
32.935,32.945,265.19094412015403
32.945,32.955,262.2419253940882
32.955,32.965,262.66991442879146
32.965,32.975,267.4536927820165
32.975,32.985,272.21026198746006
32.985,32.995,275.19482847763084
32.995,33.005,277.5870116535143
33.005,33.015,278.61410405091965
33.015,33.025,277.8188409484161
33.025,33.035,275.8168226120916
33.035,33.045,273.75561742853995
33.045,33.055,271.2480457072749
33.055,33.065,267.40755189691856
33.065,33.075,262.886154519159
33.075,33.085,258.8927774223725
33.085,33.095,254.3982196533856
33.095,33.105,250.7271603762838
33.105,33.115,247.31062184802667
33.115,33.125,243.49757344325977
33.125,33.135,238.6030104338216
33.135,33.145,233.98528908367666
33.145,33.155,229.21387248803222
33.155,33.165,224.7569955888648
33.165,33.175,221.51232013275703
33.175,33.185,217.85730527528005
33.185,33.195,204.41325536294897
33.195,33.205,0.0
33.205,33.215,0.0
33.215,33.225,0.0
33.225,33.235,0.0
33.235,33.245,178.48274866599886
33.245,33.255,175.629417096907
33.255,33.265,174.76424662126485
33.265,33.275,174.95031163424397
33.275,33.285,174.32595114629785
33.285,33.295,172.74063407810428
33.295,33.305,170.72356572098354
33.305,33.315,168.97553218272623
33.315,33.325,173.00076059436955
33.325,33.335,171.79785002697386
33.335,33.345,169.51956193155584
33.345,33.355,168.22927246835826
33.355,33.365,167.20325367872692
33.365,33.375,165.8662460444677
33.375,33.385,164.3258017652627
33.385,33.395,162.9272117230237
33.395,33.405,161.5102757505733
33.405,33.415,0.0
33.415,33.425,0.0
33.425,33.435,0.0
33.435,33.445,0.0
33.445,33.455,0.0
33.455,33.465,0.0
33.465,33.475,0.0
33.475,33.485,0.0
33.485,33.495,0.0
33.495,33.505,0.0
33.505,33.515,187.5887236911189
33.515,33.525,182.87153494890265
33.525,33.535,181.5088848482847
33.535,33.545,181.38445950643322
33.545,33.555,182.3458194492535
33.555,33.565,182.8663072260624
33.565,33.575,182.68727613664595
33.575,33.585,182.95501780800333
33.585,33.595,183.71822119292037
33.595,33.605,184.8796155506909
33.605,33.615,186.18326594987153
33.615,33.625,186.36648819232084
33.625,33.635,184.30557695445538
33.635,33.645,182.22339034459264
33.645,33.655,182.18495291879972
33.655,33.665,0.0
33.665,33.675,0.0
33.675,33.685,232.09863155020716
33.685,33.695,229.88463738892648
33.695,33.705,231.02602345492164
33.705,33.715,234.67778202843334
33.715,33.725,239.8791799836532
33.725,33.735,244.3602008637609
33.735,33.745,248.02660310607993
33.745,33.755,250.55063909166964
33.755,33.765,252.19856670571355
33.765,33.775,252.83287786774105
33.775,33.785,251.8327163430775
33.785,33.795,249.51236658437227
33.795,33.805,246.566223409563
33.805,33.815,243.56974128220125
33.815,33.825,240.63243240578225
33.825,33.835,237.43315200632728
33.835,33.845,233.5174681379675
33.845,33.855,229.33950742229118
33.855,33.865,225.42399551050102
33.865,33.875,222.02984272275697
33.875,33.885,218.14903821860636
33.885,33.895,212.9407641865909
33.895,33.905,206.19428609239148
33.905,33.915,202.79351025659642
33.915,33.925,199.56560281272755
33.925,33.935,193.79821500553385
33.935,33.945,188.9979809576185
33.945,33.955,185.50480487766134
33.955,33.965,182.1693352802793
33.965,33.975,163.41216787961832
33.975,33.985,0.0
33.985,33.995,0.0
33.995,34.005,0.0
34.005,34.015,0.0
34.015,34.025,180.62905326674567
34.025,34.035,177.09619243084168
34.035,34.045,177.27496797638406
34.045,34.055,177.81800079594223
34.055,34.065,177.58145339196622
34.065,34.075,176.73536175119116
34.075,34.085,175.43561920902224
34.085,34.095,173.16437196611625
34.095,34.105,169.36250245482884
34.105,34.115,164.07350486194096
34.115,34.125,0.0
34.125,34.135,0.0
34.135,34.145,0.0
34.145,34.155,0.0
34.155,34.165,0.0
34.165,34.175,174.35434593569383
34.175,34.185,176.20808599979992
34.185,34.195,175.31529413952893
34.195,34.205,172.8275162126468
34.205,34.215,171.38038812555763
34.215,34.225,170.24904070720723
34.225,34.235,169.0653926049246
34.235,34.245,168.05059427958108
34.245,34.255,166.97432343046137
34.255,34.265,165.69323502970957
34.265,34.275,164.82657849524202
34.275,34.285,164.1017301735937
34.285,34.295,163.11031011014862
34.295,34.305,162.07749983525423
34.305,34.315,161.062638734492
34.315,34.325,159.7680677280455
34.325,34.335,157.84244453911631
34.335,34.345,0.0
34.345,34.355,0.0
34.355,34.365,0.0
34.365,34.375,0.0
34.375,34.385,0.0
34.385,34.395,0.0
34.395,34.405,0.0
34.405,34.415,0.0
34.415,34.425,0.0
34.425,34.435,0.0
34.435,34.445,0.0
34.445,34.455,0.0
34.455,34.465,0.0
34.465,34.475,0.0
34.475,34.485,0.0
34.485,34.495,0.0
34.495,34.505,0.0
34.505,34.515,0.0
34.515,34.525,0.0
34.525,34.535,0.0
34.535,34.545,0.0
34.545,34.555,0.0
34.555,34.565,0.0
34.565,34.575,0.0
34.575,34.585,0.0
34.585,34.595,0.0
34.595,34.605,0.0
34.605,34.615,0.0
34.615,34.625,0.0
34.625,34.635,0.0
34.635,34.645,0.0
34.645,34.655,0.0
34.655,34.665,0.0
34.665,34.675,0.0
34.675,34.685,0.0
34.685,34.695,0.0
34.695,34.705,0.0
34.705,34.715,0.0
34.715,34.725,0.0
34.725,34.735,0.0
34.735,34.745,0.0
34.745,34.755,0.0
34.755,34.765,0.0
34.765,34.775,0.0
34.775,34.785,0.0
34.785,34.795,0.0
34.795,34.805,0.0
34.805,34.815,0.0
34.815,34.825,0.0
34.825,34.835,0.0
34.835,34.845,0.0
34.845,34.855,0.0
34.855,34.865,183.98929493631243
34.865,34.875,187.4017954425234
34.875,34.885,187.8974329438695
34.885,34.895,187.03358566280338
34.895,34.905,185.2823556626217
34.905,34.915,183.37386270018692
34.915,34.925,182.1828549664331
34.925,34.935,181.60415631086812
34.935,34.945,180.10050464587127
34.945,34.955,178.9373154150973
34.955,34.965,179.15418363167288
34.965,34.975,179.4310072073901
34.975,34.985,179.27808754621202
34.985,34.995,178.8284468369723
34.995,35.005,179.50658183947988
35.005,35.015,180.78862530666441
35.015,35.025,181.43013064072468
35.025,35.035,182.37673837158525
35.035,35.045,183.02731966250292
35.045,35.055,183.07916500124864
35.055,35.065,182.7986673365761
35.065,35.075,181.61443389062703
35.075,35.085,178.98268610772794
35.085,35.095,174.8774176157977
35.095,35.105,0.0
35.105,35.115,0.0
35.115,35.125,0.0
35.125,35.135,0.0
35.135,35.145,0.0
35.145,35.155,0.0
35.155,35.165,0.0
35.165,35.175,0.0
35.175,35.185,0.0
35.185,35.195,0.0
35.195,35.205,0.0
35.205,35.215,191.4329359381247
35.215,35.225,190.83978560863596
35.225,35.235,185.92607170732742
35.235,35.245,180.3447970179373
35.245,35.255,175.9899306708679
35.255,35.265,172.02244272530768
35.265,35.275,0.0
35.275,35.285,0.0
35.285,35.295,0.0
35.295,35.305,0.0
35.305,35.315,0.0
35.315,35.325,0.0
35.325,35.335,0.0
35.335,35.345,0.0
35.345,35.355,0.0
35.355,35.365,0.0
35.365,35.375,186.35902097374594
35.375,35.385,185.9485749815781
35.385,35.395,184.47396060760386
35.395,35.405,181.6997308128365
35.405,35.415,178.4946931349951
35.415,35.425,173.60608312993605
35.425,35.435,169.51760776945014
35.435,35.445,0.0
35.445,35.455,0.0
35.455,35.465,0.0
35.465,35.475,0.0
35.475,35.485,0.0
35.485,35.495,0.0
35.495,35.505,0.0
35.505,35.515,0.0
35.515,35.525,0.0
35.525,35.535,0.0
35.535,35.545,0.0
35.545,35.555,186.7595863467665
35.555,35.565,178.81819711796567
35.565,35.575,177.3053109980531
35.575,35.585,176.27479763267166
35.585,35.595,174.85235113969554
35.595,35.605,0.0
35.605,35.615,0.0
35.615,35.625,180.7788294607297
35.625,35.635,179.34896192632607
35.635,35.645,178.48323220280585
35.645,35.655,177.58231321096886
35.655,35.665,176.32872580453298
35.665,35.675,174.9693887124873
35.675,35.685,173.91782624562515
35.685,35.695,173.13571266576037
35.695,35.705,172.10604253799727
35.705,35.715,173.92068424951856
35.715,35.725,175.74027629204733
35.725,35.735,175.3512271751828
35.735,35.745,174.18745105087115
35.745,35.755,172.25434414647523
35.755,35.765,169.30316892427746
35.765,35.775,166.38562904508112
35.775,35.785,166.4022746787105
35.785,35.795,0.0
35.795,35.805,0.0
35.805,35.815,170.01410288063227
35.815,35.825,168.26060789508924
35.825,35.835,165.31954668069926
35.835,35.845,163.68840398841627
35.845,35.855,162.64554788188147
35.855,35.865,162.35873514498593
35.865,35.875,163.82960498673353
35.875,35.885,162.481849010542
35.885,35.895,158.7542589205332
35.895,35.905,0.0
35.905,35.915,0.0
35.915,35.925,0.0
35.925,35.935,0.0
35.935,35.945,0.0
35.945,35.955,0.0
35.955,35.965,0.0
35.965,35.975,0.0
35.975,35.985,0.0
35.985,35.995,0.0
35.995,36.005,0.0
36.005,36.015,0.0
36.015,36.025,0.0
36.025,36.035,178.23555198537989
36.035,36.045,179.16746320374344
36.045,36.055,179.92160127213836
36.055,36.065,180.47934867967442
36.065,36.075,180.66738631146873
36.075,36.085,180.84256197264793
36.085,36.095,0.0
36.095,36.105,0.0
36.105,36.115,0.0
36.115,36.125,0.0
36.125,36.135,0.0
36.135,36.145,0.0
36.145,36.155,0.0
36.155,36.165,0.0
36.165,36.175,0.0
36.175,36.185,0.0
36.185,36.195,0.0
36.195,36.205,0.0
36.205,36.215,0.0
36.215,36.225,0.0
36.225,36.235,0.0
36.235,36.245,0.0
36.245,36.255,0.0
36.255,36.265,273.7644940580378
36.265,36.275,271.3542402556497
36.275,36.285,270.2843514678808
36.285,36.295,269.6141214318781
36.295,36.305,269.15990926220616
36.305,36.315,268.7576000065367
36.315,36.325,267.6608773517742
36.325,36.335,265.58838359823466
36.335,36.345,262.961839252099
36.345,36.355,260.0897742609653
36.355,36.365,257.44416490469507
36.365,36.375,254.51009866329585
36.375,36.385,250.8752767094695
36.385,36.395,247.46808967275706
36.395,36.405,244.2817853564844
36.405,36.415,240.15259199048586
36.415,36.425,235.272417237149
36.425,36.435,230.10053915777914
36.435,36.445,223.5777616084317
36.445,36.455,215.6122292338602
36.455,36.465,208.59652329906328
36.465,36.475,202.50727849944178
36.475,36.485,196.4440834635699
36.485,36.495,190.61695117539148
36.495,36.505,186.55451598909855
36.505,36.515,184.10474613736065
36.515,36.525,182.29818911147393
36.525,36.535,180.58879951334129
36.535,36.545,179.00051280381845
36.545,36.555,177.13594863475086
36.555,36.565,174.87876314325976
36.565,36.575,172.8058420531128
36.575,36.585,170.93940334463838
36.585,36.595,168.5042452692935
36.595,36.605,171.1610059720481
36.605,36.615,171.6291527502397
36.615,36.625,167.72470457146756
36.625,36.635,161.60136496537694
36.635,36.645,0.0
36.645,36.655,0.0
36.655,36.665,0.0
36.665,36.675,164.52876690327062
36.675,36.685,164.31453918860026
36.685,36.695,164.04529724682615
36.695,36.705,163.72987815013755
36.705,36.715,163.42419754950507
36.715,36.725,162.90257492174803
36.725,36.735,162.0624779979469
36.735,36.745,161.10481032642787
36.745,36.755,160.11419536121292
36.755,36.765,159.45962471416306
36.765,36.775,159.36801120824086
36.775,36.785,158.77115767848684
36.785,36.795,157.15603487059255
36.795,36.805,155.1232300580973
36.805,36.815,0.0
36.815,36.825,0.0
36.825,36.835,0.0
36.835,36.845,0.0
36.845,36.855,0.0
36.855,36.865,0.0
36.865,36.875,0.0
36.875,36.885,0.0
36.885,36.895,0.0
36.895,36.905,0.0
36.905,36.915,0.0
36.915,36.925,0.0
36.925,36.935,0.0
36.935,36.945,0.0
36.945,36.955,0.0
36.955,36.965,0.0
36.965,36.975,0.0
36.975,36.985,0.0
36.985,36.995,0.0
36.995,37.005,0.0
37.005,37.015,0.0
37.015,37.025,0.0
37.025,37.035,0.0
37.035,37.045,0.0
37.045,37.055,0.0
37.055,37.065,0.0
37.065,37.075,0.0
37.075,37.085,0.0
37.085,37.095,0.0
37.095,37.105,0.0
37.105,37.115,0.0
37.115,37.125,0.0
37.125,37.135,0.0
37.135,37.145,0.0
37.145,37.155,0.0
37.155,37.165,0.0
37.165,37.175,0.0
37.175,37.185,0.0
37.185,37.195,0.0
37.195,37.205,0.0
37.205,37.215,0.0
37.215,37.225,0.0
37.225,37.235,0.0
37.235,37.245,0.0
37.245,37.255,0.0
37.255,37.265,0.0
37.265,37.275,0.0
37.275,37.285,0.0
37.285,37.295,0.0
37.295,37.305,0.0
37.305,37.315,0.0
37.315,37.325,0.0
37.325,37.335,0.0
37.335,37.345,0.0
37.345,37.355,0.0
37.355,37.365,0.0
37.365,37.375,0.0
37.375,37.385,0.0
37.385,37.395,0.0
37.395,37.405,0.0
37.405,37.415,0.0
37.415,37.425,0.0
37.425,37.435,0.0
37.435,37.445,0.0
37.445,37.455,0.0
37.455,37.465,0.0
37.465,37.475,0.0
37.475,37.485,181.84440691735583
37.485,37.495,181.12571810053294
37.495,37.505,181.54154996843562
37.505,37.515,182.53581408752183
37.515,37.525,183.63441291883498
37.525,37.535,184.3344469938392
37.535,37.545,184.77108496740914
37.545,37.555,185.41227638004105
37.555,37.565,185.99713935406027
37.565,37.575,185.8582771212366
37.575,37.585,184.4250970191885
37.585,37.595,182.001075610019
37.595,37.605,178.78650297459455
37.605,37.615,179.43219123494578
37.615,37.625,186.2879160566392
37.625,37.635,191.81316150783834
37.635,37.645,197.00710293310502
37.645,37.655,196.11791621223733
37.655,37.665,193.84616722837174
37.665,37.675,189.81444595304094
37.675,37.685,187.11530740215963
37.685,37.695,183.60593310562547
37.695,37.705,0.0
37.705,37.715,0.0
37.715,37.725,0.0
37.725,37.735,189.4041809292453
37.735,37.745,190.84694799244497
37.745,37.755,191.8323707234208
37.755,37.765,191.33903709113866
37.765,37.775,189.44011916403227
37.775,37.785,187.1988566479038
37.785,37.795,185.63588665195198
37.795,37.805,184.59404051156312
37.805,37.815,183.62810016270518
37.815,37.825,182.58070980058721
37.825,37.835,181.71426056366067
37.835,37.845,180.19006006519828
37.845,37.855,178.65343031958787
37.855,37.865,176.83867984256355
37.865,37.875,0.0
37.875,37.885,0.0
37.885,37.895,185.90047635087083
37.895,37.905,184.41541885736194
37.905,37.915,183.21814760177946
37.915,37.925,181.01381792086903
37.925,37.935,177.57651408883922
37.935,37.945,176.48724707718546
37.945,37.955,176.27834794598314
37.955,37.965,173.733955788847
37.965,37.975,0.0
37.975,37.985,0.0
37.985,37.995,0.0
37.995,38.005,0.0
38.005,38.015,0.0
38.015,38.025,0.0
38.025,38.035,0.0
38.035,38.045,0.0
38.045,38.055,0.0
38.055,38.065,0.0
38.065,38.075,0.0
38.075,38.085,0.0
38.085,38.095,0.0
38.095,38.105,0.0
38.105,38.115,0.0
38.115,38.125,0.0
38.125,38.135,0.0
38.135,38.145,0.0
38.145,38.155,186.61756930372286
38.155,38.165,186.22785351167698
38.165,38.175,185.84259966184524
38.175,38.185,184.9471909502591
38.185,38.195,183.7933713905343
38.195,38.205,182.67749469355698
38.205,38.215,181.5533743332473
38.215,38.225,180.3771476381206
38.225,38.235,178.9475302122094
38.235,38.245,176.61638750076995
38.245,38.255,177.80206419961797
38.255,38.265,176.84654323149496
38.265,38.275,175.979375364606
38.275,38.285,0.0
38.285,38.295,199.4305687853287
38.295,38.305,200.32913625358933
38.305,38.315,201.5797004458642
38.315,38.325,203.3607120650969
38.325,38.335,205.37755266395433
38.335,38.345,207.95462121702704
38.345,38.355,210.55887414294008
38.355,38.365,213.0070050717947
38.365,38.375,215.23333762338817
38.375,38.385,217.24567675990826
38.385,38.395,219.13631318531037
38.395,38.405,220.80844479493976
38.405,38.415,221.18689215972546
38.415,38.425,220.75528805895382
38.425,38.435,219.95755014580075
38.435,38.445,218.83623809802125
38.445,38.455,217.56209325695866
38.455,38.465,216.7119827838442
38.465,38.475,216.2173835120223
38.475,38.485,215.35899876297088
38.485,38.495,214.15710960665677
38.495,38.505,213.67346582961463
38.505,38.515,216.21694650159026
38.515,38.525,216.62269274728592
38.525,38.535,215.64999333578746
38.535,38.545,214.9865439404945
38.545,38.555,213.96868159013405
38.555,38.565,212.5102684685987
38.565,38.575,211.45919157623598
38.575,38.585,210.72653051793506
38.585,38.595,210.15955788740746
38.595,38.605,209.46705868306793
38.605,38.615,208.25888344408358
38.615,38.625,207.00884200357737
38.625,38.635,206.45812720631517
38.635,38.645,206.40212686593964
38.645,38.655,207.627731947272
38.655,38.665,206.48824983820947
38.665,38.675,204.6447769955198
38.675,38.685,203.7001638103803
38.685,38.695,202.9673938375228
38.695,38.705,202.1775129421449
38.705,38.715,201.47477026450042
38.715,38.725,200.59267707216185
38.725,38.735,199.35867133658206
38.735,38.745,198.23150555879297
38.745,38.755,197.40453254080487
38.755,38.765,196.61785250989038
38.765,38.775,195.59494809177116
38.775,38.785,194.3283331072276
38.785,38.795,192.95061607870758
38.795,38.805,191.72001633641005
38.805,38.815,190.99976493420678
38.815,38.825,190.63511362935571
38.825,38.835,190.3427804570812
38.835,38.845,190.09749436701856
38.845,38.855,189.6658572553468
38.855,38.865,188.70621951921
38.865,38.875,187.1565780584643
38.875,38.885,185.28453549832224
38.885,38.895,0.0
38.895,38.905,0.0
38.905,38.915,0.0
38.915,38.925,0.0
38.925,38.935,0.0
38.935,38.945,0.0
38.945,38.955,0.0
38.955,38.965,0.0
38.965,38.975,200.86098742376268
38.975,38.985,198.90832042556693
38.985,38.995,197.3385649261849
38.995,39.005,196.05242709771736
39.005,39.015,194.1191293708765
39.015,39.025,187.91420970717684
39.025,39.035,0.0
39.035,39.045,0.0
39.045,39.055,0.0
39.055,39.065,0.0
39.065,39.075,0.0
39.075,39.085,0.0
39.085,39.095,0.0
39.095,39.105,195.9841977430257
39.105,39.115,194.0299264182114
39.115,39.125,193.09487002663823
39.125,39.135,190.50566527145133
39.135,39.145,185.65120748794325
39.145,39.155,182.90933266452782
39.155,39.165,182.20723431213446
39.165,39.175,178.36918338959603
39.175,39.185,173.17808970087881
39.185,39.195,0.0
39.195,39.205,0.0
39.205,39.215,0.0
39.215,39.225,0.0
39.225,39.235,0.0
39.235,39.245,0.0
39.245,39.255,0.0
39.255,39.265,0.0
39.265,39.275,202.60226425645882
39.275,39.285,203.09561589785068
39.285,39.295,201.19796392050492
39.295,39.305,196.70723284077718
39.305,39.315,194.67443894640547
39.315,39.325,193.04078150734875
39.325,39.335,190.57393202942998
39.335,39.345,186.58255966955772
39.345,39.355,183.39394856699707
39.355,39.365,181.65595417470425
39.365,39.375,180.5068647897564
39.375,39.385,181.55922078398336
39.385,39.395,178.24035115737232
39.395,39.405,176.61485125904815
39.405,39.415,179.28897667394742
39.415,39.425,178.75973641602113
39.425,39.435,180.1624488309053
39.435,39.445,182.64533105376623
39.445,39.455,184.08467994067297
39.455,39.465,184.75621644212362
39.465,39.475,184.92674390517246
39.475,39.485,185.4190110587449
39.485,39.495,186.09083656604903
39.495,39.505,185.7197724890653
39.505,39.515,183.17418936989702
39.515,39.525,186.70416888367086
39.525,39.535,190.4026755025231
39.535,39.545,192.7408975169282
39.545,39.555,194.32997111969726
39.555,39.565,195.76507735188642
39.565,39.575,198.68873950138203
39.575,39.585,201.7540874262127
39.585,39.595,205.09818595910764
39.595,39.605,208.50482748255655
39.605,39.615,211.77086434043684
39.615,39.625,214.1882950440857
39.625,39.635,215.3293297549591
39.635,39.645,215.52710712509707
39.645,39.655,215.2103131946018
39.655,39.665,214.20384663251392
39.665,39.675,211.67962321269673
39.675,39.685,208.8882994032722
39.685,39.695,208.54771366185602
39.695,39.705,207.1427947390459
39.705,39.715,0.0
39.715,39.725,204.3205907659214
39.725,39.735,199.5134199042227
39.735,39.745,196.59165282588927
39.745,39.755,194.17162568328786
39.755,39.765,190.16671018549533
39.765,39.775,184.25739126609102
39.775,39.785,180.82166652019964
39.785,39.795,179.29194784508655
39.795,39.805,179.3825975913284
39.805,39.815,183.0255054521981
39.815,39.825,183.31992073716185
39.825,39.835,182.41897209395574
39.835,39.845,180.8138094486884
39.845,39.855,178.72176914690448
39.855,39.865,177.2251305790676
39.865,39.875,176.25318701222315
39.875,39.885,174.93193033756972
39.885,39.895,173.505042735415
39.895,39.905,175.40016832118917
39.905,39.915,177.85493977759887
39.915,39.925,180.23946653093427
39.925,39.935,181.9095286320583
39.935,39.945,182.5333664392519
39.945,39.955,182.3806260903431
39.955,39.965,181.01468800428515
39.965,39.975,177.53759641909548
39.975,39.985,170.10866759221588
39.985,39.995,0.0
39.995,40.005,0.0
40.005,40.015,0.0
40.015,40.025,0.0
40.025,40.035,0.0
40.035,40.045,0.0
40.045,40.055,0.0
40.055,40.065,0.0
40.065,40.075,0.0
40.075,40.085,0.0
40.085,40.095,0.0
40.095,40.105,0.0
40.105,40.115,0.0
40.115,40.125,0.0
40.125,40.135,0.0
40.135,40.145,0.0
40.145,40.155,0.0
40.155,40.165,0.0
40.165,40.175,0.0
40.175,40.185,0.0
40.185,40.195,0.0
40.195,40.205,0.0
40.205,40.215,197.58006209306527
40.215,40.225,197.17436399098798
40.225,40.235,196.1783813399681
40.235,40.245,195.71652087504773
40.245,40.255,196.62288135422529
40.255,40.265,197.8807171459335
40.265,40.275,198.48869412570687
40.275,40.285,198.66763110669947
40.285,40.295,198.5478393082939
40.295,40.305,199.61706090033442
40.305,40.315,201.06612987519298
40.315,40.325,200.60182135825715
40.325,40.335,199.8950216406252
40.335,40.345,199.15990402252302
40.345,40.355,198.10203080706074
40.355,40.365,196.54430555677547
40.365,40.375,194.83561412793438
40.375,40.385,192.8130279369241
40.385,40.395,191.25552041209068
40.395,40.405,190.81102939679997
40.405,40.415,190.95071930155902
40.415,40.425,191.2801367018886
40.425,40.435,191.40728018876868
40.435,40.445,0.0
40.445,40.455,0.0
40.455,40.465,0.0
40.465,40.475,0.0
40.475,40.485,0.0
40.485,40.495,0.0
40.495,40.505,309.5772582038714
40.505,40.515,298.7902591705492
40.515,40.525,291.3256399810517
40.525,40.535,0.0
40.535,40.545,0.0
40.545,40.555,183.42979128413532
40.555,40.565,183.80510129254722
40.565,40.575,185.42218978002532
40.575,40.585,185.27267483430683
40.585,40.595,184.3750919377373
40.595,40.605,182.81430043104513
40.605,40.615,180.58796007436516
40.615,40.625,178.40100407064622
40.625,40.635,179.61288405925885
40.635,40.645,181.98967673197072
40.645,40.655,180.8852967863689
40.655,40.665,179.66475289338695
40.665,40.675,178.97794595669663
40.675,40.685,179.08685069427418
40.685,40.695,181.02297426119782
40.695,40.705,181.08697717870527
40.705,40.715,179.48069703952373
40.715,40.725,177.7777518395342
40.725,40.735,176.04917676325545
40.735,40.745,174.8922356998497
40.745,40.755,174.3451266912434
40.755,40.765,173.26108048158332
40.765,40.775,0.0
40.775,40.785,0.0
40.785,40.795,0.0
40.795,40.805,0.0
40.805,40.815,0.0
40.815,40.825,0.0
40.825,40.835,0.0
40.835,40.845,0.0
40.845,40.855,0.0
40.855,40.865,0.0
40.865,40.875,0.0
40.875,40.885,0.0
40.885,40.895,0.0
40.895,40.905,0.0
40.905,40.915,0.0
40.915,40.925,0.0
40.925,40.935,0.0
40.935,40.945,217.58174614810335
40.945,40.955,218.53589643081438
40.955,40.965,219.27440921544107
40.965,40.975,220.26746619472183
40.975,40.985,221.5611323982472
40.985,40.995,223.16995968162755
40.995,41.005,224.59512311124374
41.005,41.015,224.2689202759409
41.015,41.025,222.96333726869744
41.025,41.035,220.7122026882157
41.035,41.045,217.93298832857548
41.045,41.055,215.3850963440497
41.055,41.065,212.7976416707288
41.065,41.075,210.8382615918331
41.075,41.085,209.92301376385427
41.085,41.095,209.47552408586225
41.095,41.105,208.78999545428414
41.105,41.115,208.87928710960165
41.115,41.125,210.41149454972583
41.125,41.135,208.3333217314052
41.135,41.145,205.83657282962503
41.145,41.155,203.45114516589632
41.155,41.165,200.98529902073096
41.165,41.175,198.47046818850617
41.175,41.185,195.8149487496867
41.185,41.195,193.55015819089587
41.195,41.205,0.0
41.205,41.215,0.0
41.215,41.225,0.0
41.225,41.235,0.0
41.235,41.245,0.0
41.245,41.255,0.0
41.255,41.265,0.0
41.265,41.275,0.0
41.275,41.285,0.0
41.285,41.295,0.0
41.295,41.305,186.89377406277382
41.305,41.315,185.1781515443713
41.315,41.325,184.05261866773938
41.325,41.335,183.61849732755167
41.335,41.345,182.81417546061857
41.345,41.355,181.48692036519384
41.355,41.365,179.84716852681638
41.365,41.375,178.13834914317806
41.375,41.385,176.7362522715828
41.385,41.395,175.4860395206756
41.395,41.405,174.1220079959503
41.405,41.415,172.98265499293
41.415,41.425,171.91112728207537
41.425,41.435,170.73358712459108
41.435,41.445,170.47449876285475
41.445,41.455,96.81728711372878
41.455,41.465,96.73981626630085
41.465,41.475,53.782545505740806
41.475,41.485,53.792753606144586
41.485,41.495,0.0
41.495,41.505,0.0
41.505,41.515,0.0
41.515,41.525,0.0
41.525,41.535,0.0
41.535,41.545,0.0
41.545,41.555,0.0
41.555,41.565,0.0
41.565,41.575,0.0
41.575,41.585,0.0
41.585,41.595,0.0
41.595,41.605,0.0
41.605,41.615,0.0
41.615,41.625,0.0
41.625,41.635,0.0
41.635,41.645,89.34531216371742
41.645,41.655,89.08969405338422
41.655,41.665,88.97271523318445
41.665,41.675,89.1072745014949
41.675,41.685,89.28727437403192
41.685,41.695,0.0
41.695,41.705,0.0
41.705,41.715,0.0
41.715,41.725,0.0
41.725,41.735,0.0
41.735,41.745,0.0
41.745,41.755,0.0
41.755,41.765,0.0
41.765,41.775,0.0
41.775,41.785,0.0
41.785,41.795,0.0
41.795,41.805,0.0
41.805,41.815,184.90915205528964
41.815,41.825,185.24480324943002
41.825,41.835,184.7458775416304
41.835,41.845,183.57448676950656
41.845,41.855,182.1581210260512
41.855,41.865,180.5577388473587
41.865,41.875,178.64060680606144
41.875,41.885,179.7730656986591
41.885,41.895,184.86531108226745
41.895,41.905,192.02078432430346
41.905,41.915,195.61464024598817
41.915,41.925,196.90723995445396
41.925,41.935,196.84616915617707
41.935,41.945,196.5185854950583
41.945,41.955,197.0678249342489
41.955,41.965,202.80952576161968
41.965,41.975,204.23776719480895
41.975,41.985,203.46008573375465
41.985,41.995,202.4842286844972
41.995,42.005,201.51087442601894
42.005,42.015,201.37924031703167
42.015,42.025,198.82762396592386
42.025,42.035,193.3150212357153
42.035,42.045,191.62606745783506
42.045,42.055,190.86985090130034
42.055,42.065,189.3835684627036
42.065,42.075,186.8704649289417
42.075,42.085,188.47375933533525
42.085,42.095,188.18789107081105
42.095,42.105,188.47752919116692
42.105,42.115,188.84485708754843
42.115,42.125,188.32715216838486
42.125,42.135,186.7629823500514
42.135,42.145,186.00918972268076
42.145,42.155,185.5614139732074
42.155,42.165,184.39868677354661
42.165,42.175,182.5929300131988
42.175,42.185,182.61052341855486
42.185,42.195,183.15192298366912
42.195,42.205,182.89342381498523
42.205,42.215,182.73829941015683
42.215,42.225,181.27179812992722
42.225,42.235,179.90827237377744
42.235,42.245,178.92214536318136
42.245,42.255,177.7416674498845
42.255,42.265,176.56792813766944
42.265,42.275,175.7339724553845
42.275,42.285,175.16842862122115
42.285,42.295,174.67028415858132
42.295,42.305,174.02992253232415
42.305,42.315,171.69932351749773
42.315,42.325,0.0
42.325,42.335,0.0
42.335,42.345,0.0
42.345,42.355,0.0
42.355,42.365,0.0
42.365,42.375,0.0
42.375,42.385,0.0
42.385,42.395,0.0
42.395,42.405,177.49471900317926
42.405,42.415,176.3644833778432
42.415,42.425,176.3245319249354
42.425,42.435,175.81810376076857
42.435,42.445,174.2944335354699
42.445,42.455,171.82774015034332
42.455,42.465,171.296856570386
42.465,42.475,176.1546475487266
42.475,42.485,181.28991825831858
42.485,42.495,186.71162732758145
42.495,42.505,193.95537735812223
42.505,42.515,205.30428486134778
42.515,42.525,211.03659163273466
42.525,42.535,216.50224652530227
42.535,42.545,222.01204605991387
42.545,42.555,227.59876506339356
42.555,42.565,233.89426313160433
42.565,42.575,239.3880436925457
42.575,42.585,242.63440615794684
42.585,42.595,245.59191301720125
42.595,42.605,246.50337041310726
42.605,42.615,245.87875710142572
42.615,42.625,243.2650765360496
42.625,42.635,237.13726533846864
42.635,42.645,233.12328816821176
42.645,42.655,228.30247148775697
42.655,42.665,223.73042246643928
42.665,42.675,218.3584536396486
42.675,42.685,211.1648946209139
42.685,42.695,204.0495865095773
42.695,42.705,201.14994902997685
42.705,42.715,197.34363895770795
42.715,42.725,195.4440862264358
42.725,42.735,192.89652012627187
42.735,42.745,187.2934566797705
42.745,42.755,182.54739733393086
42.755,42.765,180.96391388052092
42.765,42.775,0.0
42.775,42.785,0.0
42.785,42.795,0.0
42.795,42.805,176.11358071973407
42.805,42.815,179.28227583980276
42.815,42.825,178.5737933666748
42.825,42.835,177.08480008532052
42.835,42.845,175.35915589360124
42.845,42.855,173.8440030436636
42.855,42.865,172.67254629073673
42.865,42.875,171.63479389110242
42.875,42.885,170.7313177590607
42.885,42.895,169.82650028225757
42.895,42.905,168.77726194627448
42.905,42.915,167.2527471040182
42.915,42.925,165.26983215758023
42.925,42.935,163.63162021607
42.935,42.945,162.36755486583783
42.945,42.955,160.80932023101457
42.955,42.965,158.72469958135932
42.965,42.975,0.0
42.975,42.985,0.0
42.985,42.995,0.0
42.995,43.005,0.0
43.005,43.015,0.0
43.015,43.025,0.0
43.025,43.035,0.0
43.035,43.045,0.0
43.045,43.055,0.0
43.055,43.065,0.0
43.065,43.075,0.0
43.075,43.085,0.0
43.085,43.095,0.0
43.095,43.105,0.0
43.105,43.115,0.0
43.115,43.125,0.0
43.125,43.135,0.0
43.135,43.145,0.0
43.145,43.155,0.0
43.155,43.165,0.0
43.165,43.175,0.0
43.175,43.185,0.0
43.185,43.195,0.0
43.195,43.205,0.0
43.205,43.215,0.0
43.215,43.225,0.0
43.225,43.235,0.0
43.235,43.245,0.0
43.245,43.255,0.0
43.255,43.265,0.0
43.265,43.275,0.0
43.275,43.285,0.0
43.285,43.295,0.0
43.295,43.305,0.0
43.305,43.315,0.0
43.315,43.325,0.0
43.325,43.335,0.0
43.335,43.345,0.0
43.345,43.355,0.0
43.355,43.365,0.0
43.365,43.375,0.0
43.375,43.385,0.0
43.385,43.395,0.0
43.395,43.405,0.0
43.405,43.415,0.0
43.415,43.425,0.0
43.425,43.435,0.0
43.435,43.445,0.0
43.445,43.455,0.0
43.455,43.465,0.0
43.465,43.475,0.0
43.475,43.485,0.0
43.485,43.495,0.0
43.495,43.505,0.0
43.505,43.515,171.20510483317972
43.515,43.525,172.81176002115765
43.525,43.535,174.2307304010155
43.535,43.545,174.0736246743566
43.545,43.555,172.18503311246843
43.555,43.565,168.10584043559388
43.565,43.575,0.0
43.575,43.585,0.0
43.585,43.595,0.0
43.595,43.605,0.0
43.605,43.615,0.0
43.615,43.625,0.0
43.625,43.635,0.0
43.635,43.645,0.0
43.645,43.655,0.0
43.655,43.665,0.0
43.665,43.675,173.18241549773708
43.675,43.685,170.37058552554905
43.685,43.695,167.58543261418538
43.695,43.705,165.13677738980473
43.705,43.715,163.38475633957785
43.715,43.725,162.34405605587784
43.725,43.735,161.63755599249183
43.735,43.745,161.09994154588503
43.745,43.755,164.1384525983919
43.755,43.765,164.687906565309
43.765,43.775,163.02850331622906
43.775,43.785,163.51191901678266
43.785,43.795,163.56906987343888
43.795,43.805,162.91135188376842
43.805,43.815,162.28486687323058
43.815,43.825,162.11387047185897
43.825,43.835,162.4886971788321
43.835,43.845,163.5185342629926
43.845,43.855,165.67322558912264
43.855,43.865,168.33018977039833
43.865,43.875,169.04861094929507
43.875,43.885,168.92656868281668
43.885,43.895,170.45322672984378
43.895,43.905,173.77536001175346
43.905,43.915,175.85503298542218
43.915,43.925,176.52201683943844
43.925,43.935,177.30563356974852
43.935,43.945,178.1929360621721
43.945,43.955,179.15721625394406
43.955,43.965,179.71697781997122
43.965,43.975,179.47631899123476
43.975,43.985,178.93427114208941
43.985,43.995,179.1256370273522
43.995,44.005,0.0
44.005,44.015,0.0
44.015,44.025,0.0
44.025,44.035,0.0
44.035,44.045,0.0
44.045,44.055,0.0
44.055,44.065,245.23376106122652
44.065,44.075,246.77298167207812
44.075,44.085,255.83596072567371
44.085,44.095,261.0070978260785
44.095,44.105,264.7590319342922
44.105,44.115,266.75412642735733
44.115,44.125,267.3953395355811
44.125,44.135,268.2005194817945
44.135,44.145,268.53474231113097
44.145,44.155,266.72475935506014
44.155,44.165,263.1941061154731
44.165,44.175,258.4754459978494
44.175,44.185,252.72092433558515
44.185,44.195,245.93277118840146
44.195,44.205,237.55328787175407
44.205,44.215,228.29943665809648
44.215,44.225,220.0685101255552
44.225,44.235,211.49461392449626
44.235,44.245,200.75240414783883
44.245,44.255,193.3084878896528
44.255,44.265,187.29887856971757
44.265,44.275,181.32627555821963
44.275,44.285,176.15782986671516
44.285,44.295,169.81003118426665
44.295,44.305,0.0
44.305,44.315,0.0
44.315,44.325,0.0
44.325,44.335,0.0
44.335,44.345,0.0
44.345,44.355,0.0
44.355,44.365,0.0
44.365,44.375,0.0
44.375,44.385,0.0
44.385,44.395,0.0
44.395,44.405,0.0
44.405,44.415,0.0
44.415,44.425,0.0
44.425,44.435,0.0
44.435,44.445,0.0
44.445,44.455,0.0
44.455,44.465,0.0
44.465,44.475,0.0
44.475,44.485,0.0
44.485,44.495,0.0
44.495,44.505,0.0
44.505,44.515,0.0
44.515,44.525,0.0
44.525,44.535,0.0
44.535,44.545,0.0
44.545,44.555,0.0
44.555,44.565,0.0
44.565,44.575,0.0
44.575,44.585,0.0
44.585,44.595,0.0
44.595,44.605,0.0
44.605,44.615,0.0
44.615,44.625,0.0
44.625,44.635,0.0
44.635,44.645,0.0
44.645,44.655,0.0
44.655,44.665,0.0
44.665,44.675,0.0
44.675,44.685,0.0
44.685,44.695,0.0
44.695,44.705,0.0
44.705,44.715,0.0
44.715,44.725,0.0
44.725,44.735,0.0
44.735,44.745,0.0
44.745,44.755,0.0
44.755,44.765,0.0
44.765,44.775,0.0
44.775,44.785,0.0
44.785,44.795,0.0
44.795,44.805,0.0
44.805,44.815,0.0
44.815,44.825,0.0
44.825,44.835,0.0
44.835,44.845,0.0
44.845,44.855,0.0
44.855,44.865,0.0
44.865,44.875,0.0
44.875,44.885,0.0
44.885,44.895,0.0
44.895,44.905,0.0
44.905,44.915,0.0
44.915,44.925,0.0
44.925,44.935,0.0
44.935,44.945,0.0
44.945,44.955,0.0
44.955,44.965,293.7747370829846
44.965,44.975,292.87248247203695
44.975,44.985,293.178507962364
44.985,44.995,293.29455530830796
44.995,45.005,293.08977697521476
45.005,45.015,293.61708118603156
45.015,45.025,294.2502270376546
45.025,45.035,294.4753202906248
45.035,45.045,294.54836160515293
45.045,45.055,294.31130587130315
45.055,45.065,293.74149591102025
45.065,45.075,293.48540345327774
45.075,45.085,293.9513393719356
45.085,45.095,294.4672634351021
45.095,45.105,294.9269675808658
45.105,45.115,295.57679548056717
45.115,45.125,295.89735898822704
45.125,45.135,295.6104522662433
45.135,45.145,294.7653682152762
45.145,45.155,293.44754489063865
45.155,45.165,291.6343732070294
45.165,45.175,289.3718287807277
45.175,45.185,287.2357593437536
45.185,45.195,286.0529054002562
45.195,45.205,285.6732616725555
45.205,45.215,285.12772437814664
45.215,45.225,284.19380834026805
45.225,45.235,284.2850700982878
45.235,45.245,284.9789764979813
45.245,45.255,284.74597469388357
45.255,45.265,284.0313831310498
45.265,45.275,283.168640540806
45.275,45.285,281.59316671029586
45.285,45.295,279.1421557310586
45.295,45.305,276.83801547582874
45.305,45.315,274.90491029118465
45.315,45.325,272.3216260758762
45.325,45.335,0.0
45.335,45.345,0.0
45.345,45.355,0.0
45.355,45.365,0.0
45.365,45.375,0.0
45.375,45.385,0.0
45.385,45.395,0.0
45.395,45.405,0.0
45.405,45.415,0.0
45.415,45.425,0.0
45.425,45.435,0.0
45.435,45.445,0.0
45.445,45.455,384.93311552037335
45.455,45.465,386.4874904649269
45.465,45.475,386.9286907437883
45.475,45.485,0.0
45.485,45.495,0.0
45.495,45.505,0.0
45.505,45.515,0.0
45.515,45.525,295.6127829929054
45.525,45.535,290.17796696762576
45.535,45.545,281.21283494158354
45.545,45.555,0.0
45.555,45.565,0.0
45.565,45.575,0.0
45.575,45.585,0.0
45.585,45.595,0.0
45.595,45.605,247.42390248584806
45.605,45.615,247.51003878186236
45.615,45.625,241.65627226984557
45.625,45.635,236.76076272796226
45.635,45.645,231.53368071316206
45.645,45.655,228.20086998986324
45.655,45.665,223.19528239328267
45.665,45.675,217.17736670869547
45.675,45.685,210.725809732978
45.685,45.695,205.01762880793598
45.695,45.705,94.57391008726853
45.705,45.715,94.11436789989781
45.715,45.725,93.19438901206999
45.725,45.735,181.37747745816125
45.735,45.745,179.29974626167916
45.745,45.755,177.2164676683971
45.755,45.765,175.0497057158468
45.765,45.775,172.67926962640868
45.775,45.785,170.14255546602269
45.785,45.795,168.31361888956295
45.795,45.805,167.7148717282773
45.805,45.815,166.25562396945855
45.815,45.825,163.40523741217328
45.825,45.835,159.88326499442942
45.835,45.845,157.9105766151206
45.845,45.855,156.65888537343486
45.855,45.865,0.0
45.865,45.875,0.0
45.875,45.885,0.0
45.885,45.895,0.0
45.895,45.905,0.0
45.905,45.915,0.0
45.915,45.925,0.0
45.925,45.935,0.0
45.935,45.945,0.0
45.945,45.955,0.0
45.955,45.965,0.0
45.965,45.975,0.0
45.975,45.985,0.0
45.985,45.995,0.0
45.995,46.005,0.0
46.005,46.015,0.0
46.015,46.025,0.0
46.025,46.035,173.92202922069274
46.035,46.045,174.03168059765366
46.045,46.055,172.9546247611786
46.055,46.065,170.94423534871476
46.065,46.075,167.86056771987646
46.075,46.085,165.33779985884806
46.085,46.095,164.52227683233957
46.095,46.105,164.46867350859807
46.105,46.115,164.83380999343007
46.115,46.125,166.86618076201378
46.125,46.135,169.1331949354509
46.135,46.145,169.87942725954835
46.145,46.155,169.05363908913142
46.155,46.165,166.76509714905583
46.165,46.175,166.02486468474137
46.175,46.185,0.0
46.185,46.195,0.0
46.195,46.205,0.0
46.205,46.215,0.0
46.215,46.225,0.0
46.225,46.235,0.0
46.235,46.245,0.0
46.245,46.255,0.0
46.255,46.265,183.7138706155112
46.265,46.275,179.00290980281267
46.275,46.285,174.60219543405321
46.285,46.295,172.36676595054087
46.295,46.305,170.9286193426095
46.305,46.315,169.32548942165596
46.315,46.325,167.59908749982986
46.325,46.335,166.214959229945
46.335,46.345,165.46244171475013
46.345,46.355,165.23295779750111
46.355,46.365,164.85325415060717
46.365,46.375,164.08600866136698
46.375,46.385,163.5592938922573
46.385,46.395,163.47238417797655
46.395,46.405,164.6661665349504
46.405,46.415,165.93801850828967
46.415,46.425,165.26212714459044
46.425,46.435,164.58291505419385
46.435,46.445,164.59921851571377
46.445,46.455,165.16378669439754
46.455,46.465,165.89395913264318
46.465,46.475,166.1094432200566
46.475,46.485,165.97726036829715
46.485,46.495,165.60411692559788
46.495,46.505,165.36005902288372
46.505,46.515,165.18667259138914
46.515,46.525,164.87663311730086
46.525,46.535,165.48824522750533
46.535,46.545,166.52597800491037
46.545,46.555,165.51756330910052
46.555,46.565,164.88334518183854
46.565,46.575,165.2486762017922
46.575,46.585,167.92249623554363
46.585,46.595,172.9758473847593
46.595,46.605,174.22655623497639
46.605,46.615,173.7672570600118
46.615,46.625,172.39295452585256
46.625,46.635,170.0874040407316
46.635,46.645,166.9110924966917
46.645,46.655,164.94239291326892
46.655,46.665,168.96478302686728
46.665,46.675,168.2439973015124
46.675,46.685,82.37925117872635
46.685,46.695,81.03668185596733
46.695,46.705,81.01434974604744
46.705,46.715,55.29262997988393
46.715,46.725,54.52340325755067
46.725,46.735,55.45591378499887
46.735,46.745,55.87440854569468
46.745,46.755,0.0
46.755,46.765,168.80578382588155
46.765,46.775,168.6993282194804
46.775,46.785,167.82863489863274
46.785,46.795,167.0721993898785
46.795,46.805,166.5903793682675
46.805,46.815,166.11914010081898
46.815,46.825,165.737066813892
46.825,46.835,165.56543221604142
46.835,46.845,165.2814168293553
46.845,46.855,164.74510430107387
46.855,46.865,163.91444396549406
46.865,46.875,162.7286688539213
46.875,46.885,161.8663395420965
46.885,46.895,161.80385061585437
46.895,46.905,162.15059844890675
46.905,46.915,162.75457098097576
46.915,46.925,163.39855301955785
46.925,46.935,163.61984197688682
46.935,46.945,163.1090143110634
46.945,46.955,162.02571910982473
46.955,46.965,161.07049987200912
46.965,46.975,160.1976007592149
46.975,46.985,159.34412126403933
46.985,46.995,158.87381340322705
46.995,47.005,158.44162070049723
47.005,47.015,157.96434990315822
47.015,47.025,157.39627542677673
47.025,47.035,155.79026476938
47.035,47.045,154.27255146727168
47.045,47.055,153.76694973658542
47.055,47.065,153.66422468906765
47.065,47.075,154.4299237198453
47.075,47.085,155.64862787049805
47.085,47.095,156.45021984397937
47.095,47.105,156.71845224789115
47.105,47.115,156.75372018403797
47.115,47.125,156.86060623973435
47.125,47.135,157.0017034082382
47.135,47.145,157.15438922997103
47.145,47.155,156.81390661987788
47.155,47.165,155.74867189011638
47.165,47.175,154.6063680341744
47.175,47.185,153.88026203713116
47.185,47.195,153.28339053626348
47.195,47.205,153.09743653859965
47.205,47.215,153.30573511800122
47.215,47.225,0.0
47.225,47.235,0.0
47.235,47.245,0.0
47.245,47.255,0.0
47.255,47.265,0.0
47.265,47.275,0.0
47.275,47.285,0.0
47.285,47.295,0.0
47.295,47.305,172.88757457531614
47.305,47.315,172.10751211345882
47.315,47.325,170.0623241414361
47.325,47.335,167.7490149883783
47.335,47.345,166.2058591719461
47.345,47.355,0.0
47.355,47.365,0.0
47.365,47.375,0.0
47.375,47.385,182.29279521075412
47.385,47.395,181.07670497854315
47.395,47.405,179.21627886291722
47.405,47.415,176.57132766992999
47.415,47.425,175.0061868139438
47.425,47.435,174.2967123779869
47.435,47.445,173.21741451245742
47.445,47.455,171.75845217094897
47.455,47.465,172.99566312448889
47.465,47.475,173.53620933834392
47.475,47.485,172.7175013768498
47.485,47.495,172.68268184035662
47.495,47.505,177.0530710288376
47.505,47.515,180.16092247680996
47.515,47.525,179.56692352995367
47.525,47.535,177.87727340197546
47.535,47.545,176.15998043288357
47.545,47.555,174.37273723617446
47.555,47.565,0.0
47.565,47.575,180.97783998873945
47.575,47.585,180.1505994508188
47.585,47.595,180.14525694821148
47.595,47.605,180.96587547083053
47.605,47.615,182.36194062720938
47.615,47.625,184.00741176908974
47.625,47.635,185.63483253639708
47.635,47.645,187.0278922038194
47.645,47.655,188.24114129467858
47.655,47.665,189.1933794989103
47.665,47.675,189.43459525894096
47.675,47.685,189.47337106647373
47.685,47.695,189.06750550136766
47.695,47.705,188.052221794163
47.705,47.715,187.23047029861868
47.715,47.725,185.45643094935784
47.725,47.735,184.58167909359625
47.735,47.745,184.21193538369806
47.745,47.755,183.19922820432308
47.755,47.765,181.43880592642878
47.765,47.775,178.7011681868018
47.775,47.785,175.36018430391096
47.785,47.795,177.6760275233613
47.795,47.805,180.78262888163755
47.805,47.815,184.3580768091985
47.815,47.825,185.1139675566519
47.825,47.835,184.34725367237303
47.835,47.845,181.6220565433758
47.845,47.855,177.63311395224403
47.855,47.865,172.4138222467504
47.865,47.875,0.0
47.875,47.885,0.0
47.885,47.895,0.0
47.895,47.905,0.0
47.905,47.915,0.0
47.915,47.925,0.0
47.925,47.935,0.0
47.935,47.945,0.0
47.945,47.955,0.0
47.955,47.965,490.8220221168972
47.965,47.975,490.59069734920024
47.975,47.985,496.29487922137025
47.985,47.995,0.0
47.995,48.005,0.0
48.005,48.015,168.6744854282174
48.015,48.025,171.66193798910828
48.025,48.035,173.11985804341953
48.035,48.045,172.68727909728557
48.045,48.055,170.74168803383796
48.055,48.065,168.34284324405442
48.065,48.075,168.39137122190004
48.075,48.085,168.93302360858178
48.085,48.095,168.69145553384033
48.095,48.105,168.02137663165357
48.105,48.115,167.2306078478303
48.115,48.125,164.767243629324
48.125,48.135,163.65213228161488
48.135,48.145,163.73173691706268
48.145,48.155,163.82482303242688
48.155,48.165,163.51650254960987
48.165,48.175,163.03289866098805
48.175,48.185,161.85341991193872
48.185,48.195,161.40853447552252
48.195,48.205,161.22323079836596
48.205,48.215,160.54313954139388
48.215,48.225,158.10891470880964
48.225,48.235,155.71104281186493
48.235,48.245,155.7484987936383
48.245,48.255,155.65031991834712
48.255,48.265,155.65722584451433
48.265,48.275,156.73683591881402
48.275,48.285,158.48390225963547
48.285,48.295,158.78995431315434
48.295,48.305,157.33784942598422
48.305,48.315,155.33979737115868
48.315,48.325,154.00598675060616
48.325,48.335,0.0
48.335,48.345,0.0
48.345,48.355,0.0
48.355,48.365,0.0
48.365,48.375,0.0
48.375,48.385,0.0
48.385,48.395,0.0
48.395,48.405,0.0
48.405,48.415,0.0
48.415,48.425,0.0
48.425,48.435,0.0
48.435,48.445,0.0
48.445,48.455,0.0
48.455,48.465,0.0
48.465,48.475,0.0
48.475,48.485,0.0
48.485,48.495,0.0
48.495,48.505,0.0
48.505,48.515,0.0
48.515,48.525,0.0
48.525,48.535,0.0
48.535,48.545,0.0
48.545,48.555,0.0
48.555,48.565,0.0
48.565,48.575,0.0
48.575,48.585,0.0
48.585,48.595,0.0
48.595,48.605,0.0
48.605,48.615,0.0
48.615,48.625,0.0
48.625,48.635,0.0
48.635,48.645,0.0
48.645,48.655,0.0
48.655,48.665,0.0
48.665,48.675,0.0
48.675,48.685,0.0
48.685,48.695,0.0
48.695,48.705,0.0
48.705,48.715,0.0
48.715,48.725,0.0
48.725,48.735,0.0
48.735,48.745,0.0
48.745,48.755,0.0
48.755,48.765,0.0
48.765,48.775,0.0
48.775,48.785,0.0
48.785,48.795,0.0
48.795,48.805,0.0
48.805,48.815,0.0
48.815,48.825,0.0
48.825,48.835,0.0
48.835,48.845,0.0
48.845,48.855,0.0
48.855,48.865,0.0
48.865,48.875,0.0
48.875,48.885,0.0
48.885,48.895,0.0
48.895,48.905,0.0
48.905,48.915,0.0
48.915,48.925,0.0
48.925,48.935,0.0
48.935,48.945,0.0
48.945,48.955,0.0
48.955,48.965,0.0
48.965,48.975,0.0
48.975,48.985,0.0
48.985,48.995,0.0
48.995,49.005,0.0
49.005,49.015,0.0
49.015,49.025,0.0
49.025,49.035,179.15188537604075
49.035,49.045,177.39719260620475
49.045,49.055,173.83351209288156
49.055,49.065,168.34966646418314
49.065,49.075,164.20237039913818
49.075,49.085,161.12505766596902
49.085,49.095,157.47417093322449
49.095,49.105,152.55431400863256
49.105,49.115,149.61989844183375
49.115,49.125,0.0
49.125,49.135,0.0
49.135,49.145,0.0
49.145,49.155,0.0
49.155,49.165,0.0
49.165,49.175,0.0
49.175,49.185,0.0
49.185,49.195,179.18487797564134
49.195,49.205,178.74550333534145
49.205,49.215,184.28881856491114
49.215,49.225,196.985163091642
49.225,49.235,207.70482270819716
49.235,49.245,214.91904270097962
49.245,49.255,220.2023765930614
49.255,49.265,224.73885565759008
49.265,49.275,227.97593114623814
49.275,49.285,228.3477948517072
49.285,49.295,223.9813094662524
49.295,49.305,215.25590792604106
49.305,49.315,209.70328495500627
49.315,49.325,210.19395296001795
49.325,49.335,211.907642974096
49.335,49.345,243.00290706377672
49.345,49.355,245.12386606999226
49.355,49.365,249.07835801738466
49.365,49.375,252.07263261835516
49.375,49.385,254.08854125342964
49.385,49.395,255.30244473858727
49.395,49.405,256.2954804609334
49.405,49.415,256.3809659526492
49.415,49.425,254.2598533362362
49.425,49.435,251.19737581823682
49.435,49.445,248.1035070284696
49.445,49.455,244.90136223895763
49.455,49.465,241.7327833155238
49.465,49.475,238.28818002088744
49.475,49.485,234.39227296785006
49.485,49.495,232.0672989779292
49.495,49.505,230.19117558733168
49.505,49.515,225.6088623717356
49.515,49.525,222.6114207553896
49.525,49.535,219.9551078934017
49.535,49.545,217.31019858633985
49.545,49.555,216.69065181336538
49.555,49.565,216.78195046060148
49.565,49.575,215.83474622018736
49.575,49.585,215.08991948586697
49.585,49.595,214.61489260529297
49.595,49.605,213.97017136372784
49.605,49.615,212.60452159142747
49.615,49.625,210.37898128646447
49.625,49.635,207.7672570710511
49.635,49.645,204.15998105662422
49.645,49.655,195.7536773806616
49.655,49.665,187.01449463320003
49.665,49.675,180.71548734348656
49.675,49.685,176.23416308567252
49.685,49.695,172.52648344304964
49.695,49.705,169.93141934653679
49.705,49.715,167.9304858794902
49.715,49.725,165.81811996926135
49.725,49.735,164.0591537151269
49.735,49.745,164.96503013717395
49.745,49.755,169.64756196874936
49.755,49.765,173.19676431612984
49.765,49.775,175.92843118148608
49.775,49.785,178.50245706504077
49.785,49.795,181.2004419823899
49.795,49.805,183.5989181503417
49.805,49.815,185.9004061693302
49.815,49.825,190.40779000720806
49.825,49.835,197.5186679978286
49.835,49.845,201.81758922172457
49.845,49.855,206.33197794867343
49.855,49.865,214.95319102127974
49.865,49.875,214.36002230404773
49.875,49.885,211.08752689287422
49.885,49.895,208.70452227865798
49.895,49.905,202.24336464778898
49.905,49.915,198.95103385832152
49.915,49.925,195.21061108650426
49.925,49.935,192.81007968473864
49.935,49.945,187.93127784400357
49.945,49.955,181.66287160821005
49.955,49.965,0.0
49.965,49.975,0.0
49.975,49.985,184.9639591595634
49.985,49.995,179.00480353763646
49.995,50.005,178.27598409929797
50.005,50.015,176.92987265563764
50.015,50.025,174.3002993226827
50.025,50.035,171.3731164229979
50.035,50.045,167.94575898897043
50.045,50.055,165.55127608491242
50.055,50.065,165.9960006468608
50.065,50.075,164.2592098259738
50.075,50.085,162.90664732489742
50.085,50.095,162.57222722844963
50.095,50.105,162.95457341638726
50.105,50.115,165.69950387119243
50.115,50.125,169.39079410541726
50.125,50.135,168.1588615203088
50.135,50.145,166.60909387373366
50.145,50.155,165.20918786285802
50.155,50.165,163.39877948747258
50.165,50.175,160.69235423777755
50.175,50.185,157.6310081702665
50.185,50.195,157.647366067346
50.195,50.205,160.41754348649647
50.205,50.215,162.50538104851765
50.215,50.225,163.03701671188753
50.225,50.235,163.4174754136803
50.235,50.245,163.75087232690177
50.245,50.255,164.14887608725294
50.255,50.265,166.10199987666124
50.265,50.275,168.85035056459216
50.275,50.285,170.08382502006526
50.285,50.295,169.48045703711486
50.295,50.305,167.4931940297263
50.305,50.315,166.29119727008782
50.315,50.325,0.0
50.325,50.335,0.0
50.335,50.345,0.0
50.345,50.355,0.0
50.355,50.365,0.0
50.365,50.375,0.0
50.375,50.385,0.0
50.385,50.395,0.0
50.395,50.405,0.0
50.405,50.415,0.0
50.415,50.425,0.0
50.425,50.435,0.0
50.435,50.445,0.0
50.445,50.455,168.77934559360975
50.455,50.465,166.9232125318748
50.465,50.475,164.65674679069116
50.475,50.485,161.59065925568945
50.485,50.495,159.5093983270738
50.495,50.505,158.39881830221267
50.505,50.515,0.0
50.515,50.525,0.0
50.525,50.535,0.0
50.535,50.545,191.14490759188243
50.545,50.555,192.2751496493135
50.555,50.565,196.06366352225686
50.565,50.575,199.75297485067438
50.575,50.585,203.0957025477309
50.585,50.595,205.00867697192757
50.595,50.605,205.08307423774752
50.605,50.615,203.16723122236576
50.615,50.625,198.146437504245
50.625,50.635,193.3157003101475
50.635,50.645,190.55886794648833
50.645,50.655,199.517317350912
50.655,50.665,197.94120121016007
50.665,50.675,193.9923694257352
50.675,50.685,190.91310613387498
50.685,50.695,189.31890595148025
50.695,50.705,188.16000860680788
50.705,50.715,186.47369791967714
50.715,50.725,184.74914485608736
50.725,50.735,183.58118480567805
50.735,50.745,182.39263012368016
50.745,50.755,181.3330775407857
50.755,50.765,180.24960503958536
50.765,50.775,179.5793768865214
50.775,50.785,179.74561347019448
50.785,50.795,180.1832211737724
50.795,50.805,181.00750808213706
50.805,50.815,182.8061584848524
50.815,50.825,179.97360556502315
50.825,50.835,176.46343447548162
50.835,50.845,175.13201346899615
50.845,50.855,173.94725994050495
50.855,50.865,170.15853427461076
50.865,50.875,165.24413199013824
50.875,50.885,162.24688453646857
50.885,50.895,160.19010055691209
50.895,50.905,163.6690858099161
50.905,50.915,159.6874869831308
50.915,50.925,157.4531758702928
50.925,50.935,155.82390965943142
50.935,50.945,153.86955001837592
50.945,50.955,151.5419331679907
50.955,50.965,149.93766373568081
50.965,50.975,152.7892830612608
50.975,50.985,155.89856079000478
50.985,50.995,155.85565570065842
50.995,51.005,155.5127230222077
51.005,51.015,155.04208508770492
51.015,51.025,154.1004072207768
51.025,51.035,152.76713700604142
51.035,51.045,151.51774342233438
51.045,51.055,150.69703456451396
51.055,51.065,0.0
51.065,51.075,0.0
51.075,51.085,0.0
51.085,51.095,0.0
51.095,51.105,0.0
51.105,51.115,0.0
51.115,51.125,0.0
51.125,51.135,0.0
51.135,51.145,0.0
51.145,51.155,0.0
51.155,51.165,0.0
51.165,51.175,0.0
51.175,51.185,0.0
51.185,51.195,158.9070621288509
51.195,51.205,159.35886282779842
51.205,51.215,157.6438821174301
51.215,51.225,155.90945468100455
51.225,51.235,155.04522627887843
51.235,51.245,155.1226940749835
51.245,51.255,155.07120589529643
51.255,51.265,155.3314360743234
51.265,51.275,155.92770344110795
51.275,51.285,156.2279826347201
51.285,51.295,157.2184427658992
51.295,51.305,160.1529255652743
51.305,51.315,163.2668027287165
51.315,51.325,166.09038108030532
51.325,51.335,169.75264572376972
51.335,51.345,172.7899343394602
51.345,51.355,174.80429008385954
51.355,51.365,176.99535558815683
51.365,51.375,180.06188871064725
51.375,51.385,182.87379663542856
51.385,51.395,184.69114173765357
51.395,51.405,185.76557811632227
51.405,51.415,185.39872266859496
51.415,51.425,183.21078830336506
51.425,51.435,180.8760136082644
51.435,51.445,187.00941864207633
51.445,51.455,197.67279193384584
51.455,51.465,198.80930039639816
51.465,51.475,198.27654092122972
51.475,51.485,197.9068384763838
51.485,51.495,196.84105887309005
51.495,51.505,194.74230535650798
51.505,51.515,191.7177307884753
51.515,51.525,188.54792907604278
51.525,51.535,186.82920238861732
51.535,51.545,186.39762854936794
51.545,51.555,186.15527067711741
51.555,51.565,185.5461502767127
51.565,51.575,184.22485390754633
51.575,51.585,182.43727430030452
51.585,51.595,181.06420083469038
51.595,51.605,180.25311441200145
51.605,51.615,179.8335804508359
51.615,51.625,179.61636602119728
51.625,51.635,178.70066904643116
51.635,51.645,176.65245826197264
51.645,51.655,174.01440478612264
51.655,51.665,170.80270717101018
51.665,51.675,167.61570822730044
51.675,51.685,166.08365088106694
51.685,51.695,165.445860564663
51.695,51.705,163.21517458467588
51.705,51.715,158.4381078074218
51.715,51.725,0.0
51.725,51.735,0.0
51.735,51.745,0.0
51.745,51.755,0.0
51.755,51.765,0.0
51.765,51.775,0.0
51.775,51.785,0.0
51.785,51.795,174.07007194540873
51.795,51.805,175.51420068039866
51.805,51.815,174.27072247294552
51.815,51.825,172.32490970929845
51.825,51.835,170.76674307846503
51.835,51.845,170.10325842714533
51.845,51.855,169.5400936173918
51.855,51.865,168.86508504610958
51.865,51.875,168.07937904815415
51.875,51.885,166.69039689061532
51.885,51.895,164.91626473178692
51.895,51.905,0.0
51.905,51.915,0.0
51.915,51.925,0.0
51.925,51.935,0.0
51.935,51.945,0.0
51.945,51.955,0.0
51.955,51.965,0.0
51.965,51.975,0.0
51.975,51.985,169.6389759414483
51.985,51.995,172.3902728671805
51.995,52.005,173.01835166539465
52.005,52.015,172.74004158344337
52.015,52.025,170.82532074854848
52.025,52.035,167.69975432820283
52.035,52.045,166.4586910066967
52.045,52.055,165.53989644212433
52.055,52.065,164.04117317602206
52.065,52.075,162.25838428198523
52.075,52.085,160.75318087183396
52.085,52.095,159.5363739969544
52.095,52.105,158.3396795532311
52.105,52.115,157.2274126481022
52.115,52.125,155.90717903683353
52.125,52.135,153.98124471496124
52.135,52.145,152.07733922331056
52.145,52.155,150.5050072082707
52.155,52.165,148.90930475381342
52.165,52.175,147.7505058341524
52.175,52.185,146.99679183484076
52.185,52.195,146.24098024721624
52.195,52.205,144.97853111649604
52.205,52.215,0.0
52.215,52.225,0.0
52.225,52.235,0.0
52.235,52.245,72.16699049998758
52.245,52.255,72.53144567713134
52.255,52.265,71.57515815864683
52.265,52.275,71.72432952673037
52.275,52.285,71.83453169671762
52.285,52.295,0.0
52.295,52.305,0.0
52.305,52.315,0.0
52.315,52.325,0.0
52.325,52.335,0.0
52.335,52.345,0.0
52.345,52.355,0.0
52.355,52.365,0.0
52.365,52.375,0.0
52.375,52.385,70.77257360021629
52.385,52.395,70.39747602960114
52.395,52.405,69.82280953846784
52.405,52.415,69.67876487865617
52.415,52.425,68.685267024071
52.425,52.435,0.0
52.435,52.445,0.0
52.445,52.455,0.0
52.455,52.465,0.0
52.465,52.475,0.0
52.475,52.485,0.0
52.485,52.495,0.0
52.495,52.505,0.0
52.505,52.515,0.0
52.515,52.525,0.0
52.525,52.535,0.0
52.535,52.545,0.0
52.545,52.555,0.0
52.555,52.565,0.0
52.565,52.575,0.0
52.575,52.585,0.0
52.585,52.595,0.0
52.595,52.605,0.0
52.605,52.615,0.0
52.615,52.625,0.0
52.625,52.635,0.0
52.635,52.645,0.0
52.645,52.655,0.0
52.655,52.665,0.0
52.665,52.675,0.0
52.675,52.685,0.0
52.685,52.695,0.0
52.695,52.705,0.0
52.705,52.715,0.0
52.715,52.725,0.0
52.725,52.735,0.0
52.735,52.745,0.0
52.745,52.755,0.0
52.755,52.765,0.0
52.765,52.775,0.0
52.775,52.785,0.0
52.785,52.795,0.0
52.795,52.805,0.0
52.805,52.815,0.0
52.815,52.825,0.0
52.825,52.835,0.0
52.835,52.845,0.0
52.845,52.855,0.0
52.855,52.865,0.0
52.865,52.875,0.0
52.875,52.885,0.0
52.885,52.895,0.0
52.895,52.905,0.0
52.905,52.915,0.0
52.915,52.925,0.0
52.925,52.935,0.0
52.935,52.945,0.0
52.945,52.955,0.0
52.955,52.965,0.0
52.965,52.975,0.0
52.975,52.985,0.0
52.985,52.995,0.0
52.995,53.005,0.0
53.005,53.015,0.0
53.015,53.025,0.0
53.025,53.035,0.0
53.035,53.045,0.0
53.045,53.055,0.0
53.055,53.065,0.0
53.065,53.075,0.0
53.075,53.085,0.0
53.085,53.095,0.0
53.095,53.105,0.0
53.105,53.115,194.3502748740104
53.115,53.125,197.48713784382517
53.125,53.135,202.65812400122522
53.135,53.145,208.2668837436217
53.145,53.155,214.2474115701877
53.155,53.165,220.82154880750582
53.165,53.175,257.69214360796946
53.175,53.185,262.9873502174723
53.185,53.195,268.6974093174866
53.195,53.205,274.042390751332
53.205,53.215,276.59332122362616
53.215,53.225,276.49452118221615
53.225,53.235,273.08962208899885
53.235,53.245,266.8605645900389
53.245,53.255,259.42851960335975
53.255,53.265,249.57113917394878
53.265,53.275,238.26120520437104
53.275,53.285,222.0703271975219
53.285,53.295,207.80702618360434
53.295,53.305,209.08902126431366
53.305,53.315,211.19142854415486
53.315,53.325,213.4568936792643
53.325,53.335,214.23427257720252
53.335,53.345,213.8343177110363
53.345,53.355,214.70144907659613
53.355,53.365,219.34696511687426
53.365,53.375,225.68200345322754
53.375,53.385,231.8009081489448
53.385,53.395,236.558243802107
53.395,53.405,240.48452093266198
53.405,53.415,244.398985514576
53.415,53.425,247.28718576910808
53.425,53.435,248.09810370285012
53.435,53.445,247.53549507797828
53.445,53.455,245.13285472897877
53.455,53.465,239.4662125917545
53.465,53.475,232.7686438053583
53.475,53.485,0.0
53.485,53.495,0.0
53.495,53.505,0.0
53.505,53.515,0.0
53.515,53.525,240.7973831868319
53.525,53.535,239.6583538192156
53.535,53.545,237.079157995549
53.545,53.555,232.32634089119895
53.555,53.565,227.14563807288414
53.565,53.575,223.9692890852818
53.575,53.585,221.928602578208
53.585,53.595,218.92019383924912
53.595,53.605,214.35373695179325
53.605,53.615,215.00175244198678
53.615,53.625,215.08271977250627
53.625,53.635,211.48743559558105
53.635,53.645,208.71917481003422
53.645,53.655,206.42666053800403
53.655,53.665,204.79125252852123
53.665,53.675,203.50586790702914
53.675,53.685,202.71209442937098
53.685,53.695,202.2955635851535
53.695,53.705,201.7638411671178
53.705,53.715,193.44844266418096
53.715,53.725,184.78454523694916
53.725,53.735,186.01855036600642
53.735,53.745,194.04826885390682
53.745,53.755,201.4677150087041
53.755,53.765,201.0719903884255
53.765,53.775,199.64802193859364
53.775,53.785,197.64062150240068
53.785,53.795,192.0020583605896
53.795,53.805,187.40417359853683
53.805,53.815,0.0
53.815,53.825,0.0
53.825,53.835,0.0
53.835,53.845,0.0
53.845,53.855,0.0
53.855,53.865,183.9559626159876
53.865,53.875,186.07796964110494
53.875,53.885,184.62717536435014
53.885,53.895,184.21039574377403
53.895,53.905,184.666667559175
53.905,53.915,185.0810632047239
53.915,53.925,185.0530769285921
53.925,53.935,184.5722336985116
53.935,53.945,183.68595522447512
53.945,53.955,182.44588769214923
53.955,53.965,181.08794448851444
53.965,53.975,179.9275434179264
53.975,53.985,178.8031184286859
53.985,53.995,179.13655287250185
53.995,54.005,180.56358394594074
54.005,54.015,176.94069437502847
54.015,54.025,0.0
54.025,54.035,0.0
54.035,54.045,0.0
54.045,54.055,0.0
54.055,54.065,0.0
54.065,54.075,0.0
54.075,54.085,0.0
54.085,54.095,182.59634563885436
54.095,54.105,181.66097137426746
54.105,54.115,181.21662918777352
54.115,54.125,180.27710488595477
54.125,54.135,178.46676180917677
54.135,54.145,176.11861294608232
54.145,54.155,173.3430000433346
54.155,54.165,171.4321645819502
54.165,54.175,175.61293197224472
54.175,54.185,179.9793030619127
54.185,54.195,182.44722818245398
54.195,54.205,184.38451382379168
54.205,54.215,185.58388333889758
54.215,54.225,185.0983178088302
54.225,54.235,182.54065542377228
54.235,54.245,179.83683190376289
54.245,54.255,177.64457106374405
54.255,54.265,174.40165473773166
54.265,54.275,0.0
54.275,54.285,0.0
54.285,54.295,0.0
54.295,54.305,0.0
54.305,54.315,0.0
54.315,54.325,0.0
54.325,54.335,0.0
54.335,54.345,0.0
54.345,54.355,0.0
54.355,54.365,0.0
54.365,54.375,0.0
54.375,54.385,0.0
54.385,54.395,0.0
54.395,54.405,205.0232609880305
54.405,54.415,203.72421025664292
54.415,54.425,206.00589267866505
54.425,54.435,208.77657625701232
54.435,54.445,209.99528559715483
54.445,54.455,210.43229367574793
54.455,54.465,232.55044606445426
54.465,54.475,241.2785730049983
54.475,54.485,244.3312722334707
54.485,54.495,247.57740486823454
54.495,54.505,250.67947118410362
54.505,54.515,253.96721309533612
54.515,54.525,258.0374864689452
54.525,54.535,261.3349132560058
54.535,54.545,263.56961785880833
54.545,54.555,264.73551758679986
54.555,54.565,257.196157878141
54.565,54.575,250.17744425889484
54.575,54.585,239.33612394803794
54.585,54.595,231.18552259878413
54.595,54.605,227.37886261412999
54.605,54.615,224.13064191766074
54.615,54.625,221.0981212526785
54.625,54.635,216.86561974190448
54.635,54.645,212.31014564682397
54.645,54.655,209.13647218326383
54.655,54.665,206.8896304258905
54.665,54.675,204.92869301786502
54.675,54.685,203.19469975886864
54.685,54.695,201.59329296795082
54.695,54.705,200.39108921652732
54.705,54.715,200.47576304357094
54.715,54.725,202.09984830331385
54.725,54.735,204.48732352620146
54.735,54.745,206.53786962463622
54.745,54.755,207.4393138395297
54.755,54.765,207.04201254760753
54.765,54.775,205.34955896158303
54.775,54.785,201.80945668812524
54.785,54.795,0.0
54.795,54.805,0.0
54.805,54.815,0.0
54.815,54.825,0.0
54.825,54.835,0.0
54.835,54.845,0.0
54.845,54.855,0.0
54.855,54.865,0.0
54.865,54.875,0.0
54.875,54.885,0.0
54.885,54.895,0.0
54.895,54.905,0.0
54.905,54.915,0.0
54.915,54.925,0.0
54.925,54.935,0.0
54.935,54.945,0.0
54.945,54.955,0.0
54.955,54.965,0.0
54.965,54.975,0.0
54.975,54.985,0.0
54.985,54.995,222.65219309312934
54.995,55.005,221.4385897003721
55.005,55.015,220.19748690403264
55.015,55.025,220.1187225647345
55.025,55.035,222.01466279367992
55.035,55.045,225.91468211880505
55.045,55.055,230.5812061315533
55.055,55.065,235.9011521215021
55.065,55.075,238.31138252809467
55.075,55.085,238.54439595789876
55.085,55.095,238.21401518233395
55.095,55.105,237.9634737259895
55.105,55.115,237.78562071141243
55.115,55.125,237.049394610191
55.125,55.135,236.47060146990128
55.135,55.145,0.0
55.145,55.155,0.0
55.155,55.165,0.0
55.165,55.175,0.0
55.175,55.185,0.0
55.185,55.195,0.0
55.195,55.205,0.0
55.205,55.215,0.0
55.215,55.225,0.0
55.225,55.235,0.0
55.235,55.245,0.0
55.245,55.255,0.0
55.255,55.265,0.0
55.265,55.275,0.0
55.275,55.285,0.0
55.285,55.295,0.0
55.295,55.305,0.0
55.305,55.315,0.0
55.315,55.325,0.0
55.325,55.335,0.0
55.335,55.345,0.0
55.345,55.355,0.0
55.355,55.365,0.0
55.365,55.375,0.0
55.375,55.385,0.0
55.385,55.395,0.0
55.395,55.405,0.0
55.405,55.415,0.0
55.415,55.425,0.0
55.425,55.435,0.0
55.435,55.445,0.0
55.445,55.455,0.0
55.455,55.465,0.0
55.465,55.475,0.0
55.475,55.485,0.0
55.485,55.495,0.0
55.495,55.505,0.0
55.505,55.515,0.0
55.515,55.525,0.0
55.525,55.535,0.0
55.535,55.545,0.0
55.545,55.555,0.0
55.555,55.565,0.0
55.565,55.575,197.3819317969621
55.575,55.585,198.8627859343741
55.585,55.595,201.01349807675157
55.595,55.605,198.72072049610912
55.605,55.615,196.49961348044218
55.615,55.625,195.2485642696057
55.625,55.635,194.18610167825722
55.635,55.645,192.7741482476112
55.645,55.655,190.18549263980069
55.655,55.665,188.16314784371062
55.665,55.675,185.59167073514374
55.675,55.685,183.9792343570987
55.685,55.695,181.93772849357447
55.695,55.705,178.16885678043457
55.705,55.715,180.8213122571068
55.715,55.725,184.38016576154433
55.725,55.735,186.5834354625014
55.735,55.745,187.48876042359592
55.745,55.755,187.50173845557225
55.755,55.765,187.9828874775586
55.765,55.775,188.2985961805628
55.775,55.785,187.84645713072396
55.785,55.795,188.31669797547957
55.795,55.805,189.3236767485196
55.805,55.815,189.0578032294387
55.815,55.825,188.03227230380548
55.825,55.835,187.5723433394107
55.835,55.845,187.1800742769088
55.845,55.855,186.5232720906417
55.855,55.865,185.630706756176
55.865,55.875,0.0
55.875,55.885,0.0
55.885,55.895,0.0
55.895,55.905,0.0
55.905,55.915,0.0
55.915,55.925,0.0
55.925,55.935,0.0
55.935,55.945,0.0
55.945,55.955,0.0
55.955,55.965,0.0
55.965,55.975,0.0
55.975,55.985,191.77944058089167
55.985,55.995,193.71246952164287
55.995,56.005,194.07019319319508
56.005,56.015,192.88584954951972
56.015,56.025,191.13473853888163
56.025,56.035,188.25217233282703
56.035,56.045,185.11403079243655
56.045,56.055,183.74893839558698
56.055,56.065,183.17714203092288
56.065,56.075,182.1108027219804
56.075,56.085,0.0
56.085,56.095,0.0
56.095,56.105,0.0
56.105,56.115,0.0
56.115,56.125,0.0
56.125,56.135,0.0
56.135,56.145,0.0
56.145,56.155,216.27051912313283
56.155,56.165,216.1249698840269
56.165,56.175,219.7134766603684
56.175,56.185,223.04218169902583
56.185,56.195,226.7606541612098
56.195,56.205,231.51132807931805
56.205,56.215,235.05484790304644
56.215,56.225,236.3000440943098
56.225,56.235,243.08484309837905
56.235,56.245,257.48301804766606
56.245,56.255,267.45679762967416
56.255,56.265,275.0176008539656
56.265,56.275,277.9962453340468
56.275,56.285,276.86389099758327
56.285,56.295,274.2313532071633
56.295,56.305,270.85997563643605
56.305,56.315,265.654023199369
56.315,56.325,256.92237065788254
56.325,56.335,242.50306823126317
56.335,56.345,235.18831575992135
56.345,56.355,230.08590379940554
56.355,56.365,223.24957547730708
56.365,56.375,215.98821830686717
56.375,56.385,211.84832135039062
56.385,56.395,209.81146351241966
56.395,56.405,207.83026348876228
56.405,56.415,204.995991139225
56.415,56.425,203.13973985599452
56.425,56.435,201.68605174738278
56.435,56.445,200.0888238131213
56.445,56.455,198.2724677680649
56.455,56.465,196.276684360154
56.465,56.475,194.2647765757517
56.475,56.485,192.8272997254509
56.485,56.495,192.1919971396016
56.495,56.505,192.0380328152686
56.505,56.515,192.17649297253794
56.515,56.525,192.20132842305014
56.525,56.535,191.76782459342377
56.535,56.545,191.0552957105052
56.545,56.555,189.95513420962334
56.555,56.565,190.65793253752358
56.565,56.575,0.0
56.575,56.585,0.0
56.585,56.595,0.0
56.595,56.605,0.0
56.605,56.615,0.0
56.615,56.625,0.0
56.625,56.635,0.0
56.635,56.645,0.0
56.645,56.655,0.0
56.655,56.665,0.0
56.665,56.675,0.0
56.675,56.685,0.0
56.685,56.695,0.0
56.695,56.705,0.0
56.705,56.715,0.0
56.715,56.725,0.0
56.725,56.735,0.0
56.735,56.745,0.0
56.745,56.755,0.0
56.755,56.765,230.42393643641213
56.765,56.775,225.8642294427261
56.775,56.785,225.72045146251162
56.785,56.795,226.22218540756992
56.795,56.805,226.95508286067528
56.805,56.815,228.33043572009788
56.815,56.825,230.80623566440147
56.825,56.835,233.83034979344166
56.835,56.845,236.96062369197253
56.845,56.855,240.29554266551781
56.855,56.865,242.54448788892566
56.865,56.875,242.95882654395493
56.875,56.885,240.60489014711055
56.885,56.895,237.44649809389009
56.895,56.905,0.0
56.905,56.915,0.0
56.915,56.925,0.0
56.925,56.935,0.0
56.935,56.945,0.0
56.945,56.955,0.0
56.955,56.965,0.0
56.965,56.975,0.0
56.975,56.985,0.0
56.985,56.995,0.0
56.995,57.005,0.0
57.005,57.015,0.0
57.015,57.025,0.0
57.025,57.035,0.0
57.035,57.045,0.0
57.045,57.055,0.0
57.055,57.065,0.0
57.065,57.075,0.0
57.075,57.085,0.0
57.085,57.095,0.0
57.095,57.105,0.0
57.105,57.115,0.0
57.115,57.125,0.0
57.125,57.135,0.0
57.135,57.145,0.0
57.145,57.155,0.0
57.155,57.165,0.0
57.165,57.175,0.0
57.175,57.185,0.0
57.185,57.195,0.0
57.195,57.205,0.0
57.205,57.215,190.78443978762508
57.215,57.225,193.840013281973
57.225,57.235,195.3465761363342
57.235,57.245,196.57484718977756
57.245,57.255,197.53070698234927
57.255,57.265,198.7259669065214
57.265,57.275,199.85952049915934
57.275,57.285,199.34763350769424
57.285,57.295,197.81463544810794
57.295,57.305,196.21001001028665
57.305,57.315,194.8572805577151
57.315,57.325,193.32861682606367
57.325,57.335,190.99517270945668
57.335,57.345,0.0
57.345,57.355,0.0
57.355,57.365,0.0
57.365,57.375,0.0
57.375,57.385,0.0
57.385,57.395,0.0
57.395,57.405,0.0
57.405,57.415,0.0
57.415,57.425,0.0
57.425,57.435,0.0
57.435,57.445,0.0
57.445,57.455,197.56471631436025
57.455,57.465,199.14754106404087
57.465,57.475,199.3784063158128
57.475,57.485,197.44473015431157
57.485,57.495,194.141511999068
57.495,57.505,190.62867306766412
57.505,57.515,181.3042890040579
57.515,57.525,0.0
57.525,57.535,0.0
57.535,57.545,0.0
57.545,57.555,0.0
57.555,57.565,0.0
57.565,57.575,0.0
57.575,57.585,0.0
57.585,57.595,0.0
57.595,57.605,0.0
57.605,57.615,0.0
57.615,57.625,0.0
57.625,57.635,195.9290751363457
57.635,57.645,193.21747647782757
57.645,57.655,190.15291138372976
57.655,57.665,187.95553442837925
57.665,57.675,186.9998270557648
57.675,57.685,186.36644503764074
57.685,57.695,185.38381911212247
57.695,57.705,183.83944759636987
57.705,57.715,181.9362963142828
57.715,57.725,0.0
57.725,57.735,0.0
57.735,57.745,0.0
57.745,57.755,0.0
57.755,57.765,0.0
57.765,57.775,0.0
57.775,57.785,194.04937947610014
57.785,57.795,192.6150874832789
57.795,57.805,192.6643902099738
57.805,57.815,192.66537305665102
57.815,57.825,191.53888329757447
57.825,57.835,190.00869342217092
57.835,57.845,189.0192302813849
57.845,57.855,187.50284049747455
57.855,57.865,183.82231505994991
57.865,57.875,180.09087738698355
57.875,57.885,176.69982837084885
57.885,57.895,174.11756673285956
57.895,57.905,172.95505413158108
57.905,57.915,172.24747088805833
57.915,57.925,171.2345914516442
57.925,57.935,169.80888760329486
57.935,57.945,0.0
57.945,57.955,0.0
57.955,57.965,0.0
57.965,57.975,0.0
57.975,57.985,0.0
57.985,57.995,0.0
57.995,58.005,203.8102071561024
58.005,58.015,210.68174887205393
58.015,58.025,216.3294811817329
58.025,58.035,219.9258077983622
58.035,58.045,221.90608616311354
58.045,58.055,222.37426038257297
58.055,58.065,222.39935066552832
58.065,58.075,222.88281722895695
58.075,58.085,222.6488181246658
58.085,58.095,220.9481468479597
58.095,58.105,218.8740944550276
58.105,58.115,215.42516939817932
58.115,58.125,210.37730435371213
58.125,58.135,208.0109874609602
58.135,58.145,205.74486666953104
58.145,58.155,203.7768101078358
58.155,58.165,202.16129601212683
58.165,58.175,199.5696685321366
58.175,58.185,195.61008358933464
58.185,58.195,192.30884051285864
58.195,58.205,188.64981303417426
58.205,58.215,185.4200457287605
58.215,58.225,182.50998544381562
58.225,58.235,178.87204633102894
58.235,58.245,175.3248677266137
58.245,58.255,173.30519238065668
58.255,58.265,173.23904218688747
58.265,58.275,0.0
58.275,58.285,0.0
58.285,58.295,0.0
58.295,58.305,0.0
58.305,58.315,0.0
58.315,58.325,0.0
58.325,58.335,0.0
58.335,58.345,0.0
58.345,58.355,0.0
58.355,58.365,0.0
58.365,58.375,0.0
58.375,58.385,0.0
58.385,58.395,0.0
58.395,58.405,0.0
58.405,58.415,0.0
58.415,58.425,87.82555091424567
58.425,58.435,87.65867358925534
58.435,58.445,86.17899620165159
58.445,58.455,86.08592468829914
58.455,58.465,175.7680669015381
58.465,58.475,177.42641588308194
58.475,58.485,177.9182964214875
58.485,58.495,177.2801219694373
58.495,58.505,175.70479349238843
58.505,58.515,175.641106921794
58.515,58.525,176.7536231369169
58.525,58.535,176.95875989526985
58.535,58.545,0.0
58.545,58.555,0.0
58.555,58.565,0.0
58.565,58.575,0.0
58.575,58.585,0.0
58.585,58.595,0.0
58.595,58.605,0.0
58.605,58.615,0.0
58.615,58.625,0.0
58.625,58.635,0.0
58.635,58.645,0.0
58.645,58.655,0.0
58.655,58.665,0.0
58.665,58.675,0.0
58.675,58.685,183.53868267186908
58.685,58.695,182.56504742982975
58.695,58.705,180.88910729891927
58.705,58.715,179.2533859913853
58.715,58.725,178.13266888650557
58.725,58.735,177.399584888806
58.735,58.745,176.90812716678715
58.745,58.755,176.45983308693687
58.755,58.765,175.13836336219327
58.765,58.775,159.75647157576844
58.775,58.785,0.0
58.785,58.795,0.0
58.795,58.805,0.0
58.805,58.815,0.0
58.815,58.825,0.0
58.825,58.835,0.0
58.835,58.845,0.0
58.845,58.855,0.0
58.855,58.865,0.0
58.865,58.875,0.0
58.875,58.885,0.0
58.885,58.895,0.0
58.895,58.905,0.0
58.905,58.915,0.0
58.915,58.925,0.0
58.925,58.935,179.06971188590288
58.935,58.945,176.63971451761358
58.945,58.955,174.79760769233735
58.955,58.965,173.72050126150145
58.965,58.975,172.78844011671586
58.975,58.985,172.0405352394701
58.985,58.995,171.12765654949342
58.995,59.005,169.98547830914148
59.005,59.015,168.0366486326112
59.015,59.025,165.52523408563874
59.025,59.035,163.69294616626286
59.035,59.045,162.11345063462116
59.045,59.055,160.85536199344128
59.055,59.065,160.3008321538604
59.065,59.075,156.0514908400332
59.075,59.085,154.92144250483497
59.085,59.095,153.882137458719
59.095,59.105,153.30512622498293
59.105,59.115,153.27386175006524
59.115,59.125,153.7561011989534
59.125,59.135,155.30323572278002
59.135,59.145,156.40167142326075
59.145,59.155,156.7128015360502
59.155,59.165,156.1928287790146
59.165,59.175,155.77409439385295
59.175,59.185,173.41316972169247
59.185,59.195,174.9960236156783
59.195,59.205,176.2342506304792
59.205,59.215,178.54498281977175
59.215,59.225,183.25984605280848
59.225,59.235,189.1900786450179
59.235,59.245,195.6983944663985
59.245,59.255,202.88833356276285
59.255,59.265,208.0201409342691
59.265,59.275,214.23498442124048
59.275,59.285,218.0892661767932
59.285,59.295,226.20813892375006
59.295,59.305,237.1212491826215
59.305,59.315,239.69335415031907
59.315,59.325,237.31958229143243
59.325,59.335,234.19611952600843
59.335,59.345,0.0
59.345,59.355,0.0
59.355,59.365,0.0
59.365,59.375,0.0
59.375,59.385,0.0
59.385,59.395,0.0
59.395,59.405,0.0
59.405,59.415,0.0
59.415,59.425,0.0
59.425,59.435,0.0
59.435,59.445,0.0
59.445,59.455,0.0
59.455,59.465,0.0
59.465,59.475,0.0
59.475,59.485,0.0
59.485,59.495,0.0
59.495,59.505,0.0
59.505,59.515,0.0
59.515,59.525,0.0
59.525,59.535,0.0
59.535,59.545,0.0
59.545,59.555,0.0
59.555,59.565,0.0
59.565,59.575,0.0
59.575,59.585,0.0
59.585,59.595,0.0
59.595,59.605,0.0
59.605,59.615,0.0
59.615,59.625,0.0
59.625,59.635,0.0
59.635,59.645,0.0
59.645,59.655,0.0
59.655,59.665,0.0
59.665,59.675,0.0
59.675,59.685,0.0
59.685,59.695,0.0
59.695,59.705,0.0
59.705,59.715,0.0
59.715,59.725,0.0
59.725,59.735,0.0
59.735,59.745,0.0
59.745,59.755,0.0
59.755,59.765,0.0
59.765,59.775,0.0
59.775,59.785,0.0
59.785,59.795,0.0
59.795,59.805,0.0
59.805,59.815,0.0
59.815,59.825,0.0
59.825,59.835,0.0
59.835,59.845,0.0
59.845,59.855,0.0
59.855,59.865,0.0
59.865,59.875,0.0
59.875,59.885,0.0
59.885,59.895,0.0
59.895,59.905,0.0
59.905,59.915,0.0
59.915,59.925,0.0
59.925,59.935,0.0
59.935,59.945,0.0
59.945,59.955,0.0
59.955,59.965,0.0
59.965,59.975,0.0
59.975,59.985,186.57127144680302
59.985,59.995,189.69187757815294
59.995,60.005,191.39571495549768
60.005,60.015,193.75458939389225
60.015,60.025,196.06408676462738
60.025,60.035,198.58371792500594
60.035,60.045,199.58909315399362
60.045,60.055,199.08358959766522
60.055,60.065,197.93714812035205
60.065,60.075,197.95473187398008
60.075,60.085,199.35307139003902
60.085,60.095,199.9569862589259
60.095,60.105,199.72713649345596
60.105,60.115,199.09802887775675
60.115,60.125,198.23645364737888
60.125,60.135,197.23794296077395
60.135,60.145,196.10160320904123
60.145,60.155,194.83977329542623
60.155,60.165,193.76587073199764
60.165,60.175,193.0410261713467
60.175,60.185,192.75919792817743
60.185,60.195,193.0058473780086
60.195,60.205,193.09426103670745
60.205,60.215,193.15033792198503
60.215,60.225,193.5289097618027
60.225,60.235,193.99985494474942
60.235,60.245,194.0126425769735
60.245,60.255,193.72119913426857
60.255,60.265,193.68138235563217
60.265,60.275,193.9329272665057
60.275,60.285,193.97612939159387
60.285,60.295,193.65017514699568
60.295,60.305,193.02972061268258
60.305,60.315,192.0643076930048
60.315,60.325,192.39660328957171
60.325,60.335,194.65202961029996
60.335,60.345,194.668433602218
60.345,60.355,193.86397904349835
60.355,60.365,192.59223580804883
60.365,60.375,191.01877705488562
60.375,60.385,189.0181194780911
60.385,60.395,186.69072174417607
60.395,60.405,184.79429192863134
60.405,60.415,184.80481460259318
60.415,60.425,184.3424332443375
60.425,60.435,185.2075141030323
60.435,60.445,188.41643020320456
60.445,60.455,189.24441057666735
60.455,60.465,189.14193870535019
60.465,60.475,187.81468312587316
60.475,60.485,185.803557348463
60.485,60.495,183.87809410136944
60.495,60.505,182.2023004483944
60.505,60.515,181.09092602902646
60.515,60.525,180.46362936275082
60.525,60.535,179.700337607327
60.535,60.545,178.89008581532133
60.545,60.555,178.39702551575104
60.555,60.565,179.09667350061957
60.565,60.575,181.58431016265814
60.575,60.585,181.90144171924368
60.585,60.595,181.63987181457153
60.595,60.605,180.48964180549612
60.605,60.615,178.8476099742185
60.615,60.625,179.70747162854826
60.625,60.635,180.94417419293666
60.635,60.645,182.30597244083424
60.645,60.655,183.47281235176777
60.655,60.665,184.137940783011
60.665,60.675,184.4106300764515
60.675,60.685,184.33690878585298
60.685,60.695,182.97218691091217
60.695,60.705,0.0
60.705,60.715,0.0
60.715,60.725,0.0
60.725,60.735,0.0
60.735,60.745,0.0
60.745,60.755,0.0
60.755,60.765,0.0
60.765,60.775,242.69477557308258
60.775,60.785,245.21827974608348
60.785,60.795,249.78858208713837
60.795,60.805,255.4300586160442
60.805,60.815,263.08079767081864
60.815,60.825,270.673491311578
60.825,60.835,278.21385196363036
60.835,60.845,291.5455437341246
60.845,60.855,300.34762256243147
60.855,60.865,303.1957439908666
60.865,60.875,305.0454932439507
60.875,60.885,310.36308574642476
60.885,60.895,311.6920525343305
60.895,60.905,307.6953769415768
60.905,60.915,300.809435009774
60.915,60.925,288.8542914509957
60.925,60.935,270.9990934040645
60.935,60.945,257.604966957326
60.945,60.955,0.0
60.955,60.965,0.0
60.965,60.975,0.0
60.975,60.985,0.0
60.985,60.995,0.0
60.995,61.005,257.7661576886518
61.005,61.015,253.84705960321125
61.015,61.025,241.52463941433132
61.025,61.035,239.12833340894247
61.035,61.045,232.92478448067732
61.045,61.055,227.78930145335028
61.055,61.065,220.36318895449563
61.065,61.075,209.83376130695078
61.075,61.085,200.50125916379272
61.085,61.095,195.86314860154744
61.095,61.105,192.87423076429332
61.105,61.115,191.78310215638814
61.115,61.125,192.48286775637072
61.125,61.135,199.43026930690746
61.135,61.145,199.88950620731606
61.145,61.155,199.77818214083447
61.155,61.165,198.7378752330038
61.165,61.175,197.70760053138704
61.175,61.185,197.80530775644422
61.185,61.195,197.94120163784342
61.195,61.205,197.86309377841906
61.205,61.215,197.1791428584106
61.215,61.225,195.76631382521276
61.225,61.235,194.19339183055985
61.235,61.245,192.41568922888192
61.245,61.255,190.8646805616636
61.255,61.265,190.32051802082526
61.265,61.275,188.89693239484373
61.275,61.285,185.12711900220526
61.285,61.295,182.75933590496012
61.295,61.305,181.4895792857948
61.305,61.315,180.23080324769947
61.315,61.325,178.80937993782257
61.325,61.335,177.7590196370193
61.335,61.345,177.3203627091859
61.345,61.355,176.9832775870077
61.355,61.365,176.10355954957038
61.365,61.375,174.9962246450933
61.375,61.385,173.9090926580587
61.385,61.395,172.33843656485223
61.395,61.405,170.2287930988251
61.405,61.415,168.54000609763509
61.415,61.425,167.39747746503176
61.425,61.435,166.05517327166544
61.435,61.445,165.1277656640921
61.445,61.455,164.99691316478226
61.455,61.465,164.61593671929043
61.465,61.475,164.1456102965417
61.475,61.485,164.4241425025569
61.485,61.495,165.4261369008291
61.495,61.505,166.65420355071228
61.505,61.515,167.8578615906601
61.515,61.525,170.07983493526098
61.525,61.535,174.38647289166332
61.535,61.545,180.01071735631163
61.545,61.555,185.56571218038303
61.555,61.565,190.6421930491972
61.565,61.575,195.4703428103997
61.575,61.585,200.73049770473497
61.585,61.595,208.4130967975324
61.595,61.605,217.63111166362856
61.605,61.615,233.24480397099714
61.615,61.625,235.41265356979696
61.625,61.635,248.86906636873712
61.635,61.645,0.0
61.645,61.655,82.27591406308873
61.655,61.665,82.07869351002542
61.665,61.675,81.13715263897532
61.675,61.685,0.0
61.685,61.695,0.0
61.695,61.705,0.0
61.705,61.715,0.0
61.715,61.725,0.0
61.725,61.735,0.0
61.735,61.745,0.0
61.745,61.755,0.0
61.755,61.765,0.0
61.765,61.775,0.0
61.775,61.785,0.0
61.785,61.795,0.0
61.795,61.805,0.0
61.805,61.815,0.0
61.815,61.825,0.0
61.825,61.835,0.0
61.835,61.845,0.0
61.845,61.855,0.0
61.855,61.865,0.0
61.865,61.875,0.0
61.875,61.885,0.0
61.885,61.895,0.0
61.895,61.905,0.0
61.905,61.915,0.0
61.915,61.925,0.0
61.925,61.935,0.0
61.935,61.945,0.0
61.945,61.955,0.0
61.955,61.965,0.0
61.965,61.975,0.0
61.975,61.985,0.0
61.985,61.995,204.83640197581718
61.995,62.005,206.18687410432523
62.005,62.015,207.93977389807768
62.015,62.025,209.74850826288318
62.025,62.035,210.78741815564197
62.035,62.045,210.67760346774972
62.045,62.055,209.45649505379487
62.055,62.065,207.23205221056912
62.065,62.075,0.0
62.075,62.085,0.0
62.085,62.095,0.0
62.095,62.105,0.0
62.105,62.115,0.0
62.115,62.125,0.0
62.125,62.135,0.0
62.135,62.145,0.0
62.145,62.155,0.0
62.155,62.165,0.0
62.165,62.175,0.0
62.175,62.185,0.0
62.185,62.195,0.0
62.195,62.205,0.0
62.205,62.215,0.0
62.215,62.225,0.0
62.225,62.235,291.909183463024
62.235,62.245,289.9055489481354
62.245,62.255,280.8496519094428
62.255,62.265,276.29082455304234
62.265,62.275,0.0
62.275,62.285,0.0
62.285,62.295,0.0
62.295,62.305,0.0
62.305,62.315,0.0
62.315,62.325,0.0
62.325,62.335,0.0
62.335,62.345,0.0
62.345,62.355,216.69364115355364
62.355,62.365,214.7314709373296
62.365,62.375,211.87348786574847
62.375,62.385,208.79000782446272
62.385,62.395,206.2527342526411
62.395,62.405,204.49531981368182
62.405,62.415,203.26893503593422
62.415,62.425,202.29867003866184
62.425,62.435,201.34539697558768
62.435,62.445,199.2744813165126
62.445,62.455,199.51624762137803
62.455,62.465,199.59608015297843
62.465,62.475,198.1540497174404
62.475,62.485,195.72518342626137
62.485,62.495,193.41227502757195
62.495,62.505,190.92464565423356
62.505,62.515,190.70324120003312
62.515,62.525,190.78339208740903
62.525,62.535,189.39149762303123
62.535,62.545,188.6527407670464
62.545,62.555,186.37705381899374
62.555,62.565,184.42636422189074
62.565,62.575,183.37002445940362
62.575,62.585,182.54561325452684
62.585,62.595,181.59690903951338
62.595,62.605,180.3781495433452
62.605,62.615,178.85707205885927
62.615,62.625,0.0
62.625,62.635,0.0
62.635,62.645,0.0
62.645,62.655,0.0
62.655,62.665,0.0
62.665,62.675,203.95306385164432
62.675,62.685,210.58609400894196
62.685,62.695,213.62958413737078
62.695,62.705,215.1152400014323
62.705,62.715,215.96585593535477
62.715,62.725,215.46498362602225
62.725,62.735,214.0297222165384
62.735,62.745,211.7305198603732
62.745,62.755,209.81366939068678
62.755,62.765,208.18269386250762
62.765,62.775,205.8137317543343
62.775,62.785,202.80146295719547
62.785,62.795,198.56934275627484
62.795,62.805,201.35749462393676
62.805,62.815,204.53630956093494
62.815,62.825,203.29703219377942
62.825,62.835,200.41287690221492
62.835,62.845,197.28745503334684
62.845,62.855,191.45295172536063
62.855,62.865,187.02951840846873
62.865,62.875,0.0
62.875,62.885,0.0
62.885,62.895,0.0
62.895,62.905,0.0
62.905,62.915,0.0
62.915,62.925,0.0
62.925,62.935,0.0
62.935,62.945,0.0
62.945,62.955,0.0
62.955,62.965,0.0
62.965,62.975,0.0
62.975,62.985,0.0
62.985,62.995,192.62575491835727
62.995,63.005,189.9234685643614
63.005,63.015,187.54134920101433
63.015,63.025,185.36604824966318
63.025,63.035,183.39330795783124
63.035,63.045,181.48234673487326
63.045,63.055,179.4591725684054
63.055,63.065,177.04745559378114
63.065,63.075,178.03648093274012
63.075,63.085,0.0
63.085,63.095,0.0
63.095,63.105,0.0
63.105,63.115,0.0
63.115,63.125,0.0
63.125,63.135,177.23669896251127
63.135,63.145,177.4014967109793
63.145,63.155,174.70033496382672
63.155,63.165,171.87760476884807
63.165,63.175,170.79083609000153
63.175,63.185,170.66584530036008
63.185,63.195,170.54968312927969
63.195,63.205,169.11905612992558
63.205,63.215,165.9435872108059
63.215,63.225,166.87649954162907
63.225,63.235,168.6408451241024
63.235,63.245,167.54375127410378
63.245,63.255,165.57133182674224
63.255,63.265,164.1868744224628
63.265,63.275,164.71184113232314
63.275,63.285,163.82242081896595
63.285,63.295,159.77476847593485
63.295,63.305,157.96606658691698
63.305,63.315,157.0144596153284
63.315,63.325,156.14071654103438
63.325,63.335,155.49252082301442
63.335,63.345,154.65879310400786
63.345,63.355,153.49087002654116
63.355,63.365,152.7272072192691
63.365,63.375,152.63232041975428
63.375,63.385,152.52595393067753
63.385,63.395,151.7458963245549
63.395,63.405,150.60453041421616
63.405,63.415,149.60571541792498
63.415,63.425,148.77749013364215
63.425,63.435,147.7935296818919
63.435,63.445,146.462355684413
63.445,63.455,144.86091432508408
63.455,63.465,142.87832057508314
63.465,63.475,145.94617163127643
63.475,63.485,147.93264018810115
63.485,63.495,144.36239309980303
63.495,63.505,142.07866064259443
63.505,63.515,0.0
63.515,63.525,0.0
63.525,63.535,152.77805994488892
63.535,63.545,152.69924882877362
63.545,63.555,151.43013379511711
63.555,63.565,149.6001454003108
63.565,63.575,148.10334629709462
63.575,63.585,147.4569439023778
63.585,63.595,147.3221445154876
63.595,63.605,147.24915027262603
63.605,63.615,147.01519778480093
63.615,63.625,146.57649620939966
63.625,63.635,145.79548298594474
63.635,63.645,144.1432145305272
63.645,63.655,0.0
63.655,63.665,0.0
63.665,63.675,0.0
63.675,63.685,0.0
63.685,63.695,0.0
63.695,63.705,0.0
63.705,63.715,0.0
63.715,63.725,0.0
63.725,63.735,0.0
63.735,63.745,0.0
63.745,63.755,0.0
63.755,63.765,0.0
63.765,63.775,0.0
63.775,63.785,0.0
63.785,63.795,0.0
63.795,63.805,0.0
63.805,63.815,0.0
63.815,63.825,0.0
63.825,63.835,0.0
63.835,63.845,0.0
63.845,63.855,0.0
63.855,63.865,0.0
63.865,63.875,0.0
63.875,63.885,0.0
63.885,63.895,0.0
63.895,63.905,0.0
63.905,63.915,0.0
63.915,63.925,0.0
63.925,63.935,0.0
63.935,63.945,0.0
63.945,63.955,0.0
63.955,63.965,0.0
63.965,63.975,0.0
63.975,63.985,0.0
63.985,63.995,0.0
63.995,64.005,0.0
64.005,64.015,0.0
64.015,64.025,0.0
64.025,64.035,0.0
64.035,64.045,0.0
64.045,64.055,0.0
64.055,64.065,0.0
64.065,64.075,0.0
64.075,64.085,0.0
64.085,64.095,0.0
64.095,64.105,0.0
64.105,64.115,0.0
64.115,64.125,0.0
64.125,64.135,0.0
64.135,64.145,0.0
64.145,64.155,0.0
64.155,64.165,0.0
64.165,64.175,0.0
64.175,64.185,0.0
64.185,64.195,0.0
64.195,64.205,0.0
64.205,64.215,0.0
64.215,64.225,0.0
64.225,64.235,0.0
64.235,64.245,0.0
64.245,64.255,0.0
64.255,64.265,0.0
64.265,64.275,0.0
64.275,64.285,0.0
64.285,64.295,0.0
64.295,64.305,0.0
64.305,64.315,0.0
64.315,64.325,0.0
64.325,64.335,0.0
64.335,64.345,0.0
64.345,64.355,0.0
64.355,64.365,0.0
64.365,64.375,0.0
64.375,64.385,0.0
64.385,64.395,0.0
64.395,64.405,0.0
64.405,64.415,0.0
64.415,64.425,0.0
64.425,64.435,0.0
64.435,64.445,0.0
64.445,64.455,0.0
64.455,64.465,0.0
64.465,64.475,0.0
64.475,64.485,0.0
64.485,64.495,0.0
64.495,64.505,0.0
64.505,64.515,0.0
64.515,64.525,0.0
64.525,64.535,0.0
64.535,64.545,0.0
64.545,64.555,0.0
64.555,64.565,0.0
64.565,64.575,174.00329541812997
64.575,64.585,173.93175838361435
64.585,64.595,174.20835501277983
64.595,64.605,175.16902792162057
64.605,64.615,176.2138625767104
64.615,64.625,176.78900575418706
64.625,64.635,177.2852242087571
64.635,64.645,177.95501966771596
64.645,64.655,178.57982504301143
64.655,64.665,179.08470250980645
64.665,64.675,179.31149244699893
64.675,64.685,179.320055371361
64.685,64.695,179.25418975974685
64.695,64.705,179.1970506330081
64.705,64.715,179.201868862439
64.715,64.725,179.25566536928395
64.725,64.735,179.23681376230473
64.735,64.745,179.13439712110605
64.745,64.755,178.97494766695834
64.755,64.765,178.53663606593696
64.765,64.775,177.7208634612446
64.775,64.785,177.17806937781293
64.785,64.795,177.52560365067953
64.795,64.805,178.3429449479097
64.805,64.815,179.06409376562377
64.815,64.825,179.849559877656
64.825,64.835,180.70137714357773
64.835,64.845,181.2870835654153
64.845,64.855,181.98784454543235
64.855,64.865,182.98151991412703
64.865,64.875,184.3257547614711
64.875,64.885,186.56640527547276
64.885,64.895,188.55147692991724
64.895,64.905,187.57505298333123
64.905,64.915,180.0899205637575
64.915,64.925,0.0
64.925,64.935,0.0
64.935,64.945,0.0
64.945,64.955,0.0
64.955,64.965,0.0
64.965,64.975,0.0
64.975,64.985,0.0
64.985,64.995,0.0
64.995,65.005,0.0
65.005,65.015,0.0
65.015,65.025,0.0
65.025,65.035,0.0
65.035,65.045,0.0
65.045,65.055,183.9733412483912
65.055,65.065,180.6663860850228
65.065,65.075,177.62357258491747
65.075,65.085,174.8737006944518
65.085,65.095,172.64655315583207
65.095,65.105,170.66152363096217
65.105,65.115,167.99988130575443
65.115,65.125,164.3604128940772
65.125,65.135,160.94173936436823
65.135,65.145,161.986490313224
65.145,65.155,167.61766827291484
65.155,65.165,176.0403174358918
65.165,65.175,176.05917927655207
65.175,65.185,175.24289515447782
65.185,65.195,174.5550549924686
65.195,65.205,173.50629581758864
65.205,65.215,172.01409236191546
65.215,65.225,172.43508207212167
65.225,65.235,177.94895842699233
65.235,65.245,182.31842682264772
65.245,65.255,185.62167047483246
65.255,65.265,187.96749734933903
65.265,65.275,190.55098781486006
65.275,65.285,193.2114728925664
65.285,65.295,195.6223600248438
65.295,65.305,201.9507655039681
65.305,65.315,212.0480344466367
65.315,65.325,217.90170772985874
65.325,65.335,220.63697082277307
65.335,65.345,221.8368032349649
65.345,65.355,222.21166712941323
65.355,65.365,220.5936218902009
65.365,65.375,216.9761589032006
65.375,65.385,213.7322745272033
65.385,65.395,209.35600894395105
65.395,65.405,0.0
65.405,65.415,0.0
65.415,65.425,0.0
65.425,65.435,0.0
65.435,65.445,0.0
65.445,65.455,0.0
65.455,65.465,0.0
65.465,65.475,0.0
65.475,65.485,0.0
65.485,65.495,0.0
65.495,65.505,0.0
65.505,65.515,0.0
65.515,65.525,0.0
65.525,65.535,0.0
65.535,65.545,0.0
65.545,65.555,218.50066233020814
65.555,65.565,215.14580258125238
65.565,65.575,213.33530488867422
65.575,65.585,211.40769353235848
65.585,65.595,210.211241351841
65.595,65.605,209.3796812668846
65.605,65.615,208.37925155367634
65.615,65.625,207.538885617697
65.625,65.635,206.7631372853152
65.635,65.645,205.77390706853424
65.645,65.655,204.82392442901715
65.655,65.665,204.1369603589181
65.665,65.675,203.3921905338859
65.675,65.685,202.5785827424001
65.685,65.695,201.9907377548978
65.695,65.705,201.44072994186408
65.705,65.715,200.89057189243576
65.715,65.725,200.78690120629628
65.725,65.735,200.96683679753198
65.735,65.745,200.85037434299414
65.745,65.755,200.63100469948688
65.755,65.765,200.6049830647344
65.765,65.775,200.24972374801308
65.775,65.785,199.29508523183483
65.785,65.795,198.0706837575854
65.795,65.805,196.87638049986705
65.805,65.815,195.62563321349245
65.815,65.825,193.82020038134158
65.825,65.835,190.50019642290863
65.835,65.845,186.61946297208394
65.845,65.855,185.7722375359056
65.855,65.865,186.5209208760803
65.865,65.875,186.84059523381092
65.875,65.885,182.4193602166267
65.885,65.895,183.44738750031885
65.895,65.905,186.23769876125803
65.905,65.915,186.73451321025627
65.915,65.925,184.9332475086659
65.925,65.935,177.88752877405759
65.935,65.945,0.0
65.945,65.955,0.0
65.955,65.965,0.0
65.965,65.975,0.0
65.975,65.985,0.0
65.985,65.995,0.0
65.995,66.005,0.0
66.005,66.015,192.2798019881452
66.015,66.025,191.56548351426468
66.025,66.035,189.13036014491647
66.035,66.045,186.42885632424995
66.045,66.055,184.4236614933206
66.055,66.065,183.06467731753688
66.065,66.075,182.17456383543967
66.075,66.085,181.88642975048325
66.085,66.095,181.93480047640128
66.095,66.105,181.76212993282198
66.105,66.115,181.41295092639436
66.115,66.125,182.28902330161011
66.125,66.135,182.165573178605
66.135,66.145,182.04189574881914
66.145,66.155,181.95227836047
66.155,66.165,181.91581900238805
66.165,66.175,181.81433008226142
66.175,66.185,181.61639691308994
66.185,66.195,181.61430273283963
66.195,66.205,181.80497787117048
66.205,66.215,182.16917775613217
66.215,66.225,182.8314299348088
66.225,66.235,183.40150714879007
66.235,66.245,183.5340626905094
66.245,66.255,183.2272542703396
66.255,66.265,182.63481520846466
66.265,66.275,181.99176986573192
66.275,66.285,181.321981915424
66.285,66.295,180.57204179318205
66.295,66.305,179.91297198450198
66.305,66.315,179.4709693598748
66.315,66.325,179.31848570753445
66.325,66.335,179.38066074841805
66.335,66.345,179.21858128332104
66.345,66.355,178.72565247165613
66.355,66.365,178.25706659108113
66.365,66.375,177.8396873331654
66.375,66.385,177.4634584604239
66.385,66.395,177.31737885712474
66.395,66.405,177.25501549549108
66.405,66.415,177.15081307347376
66.415,66.425,177.04190628607194
66.425,66.435,176.8916225550119
66.435,66.445,176.47672201304417
66.445,66.455,175.69170045244738
66.455,66.465,174.63456244804155
66.465,66.475,173.5409010335571
66.475,66.485,172.58605509362607
66.485,66.495,172.11254497441473
66.495,66.505,172.44739269915038
66.505,66.515,172.68958859534138
66.515,66.525,172.4847080925604
66.525,66.535,172.27333607796487
66.535,66.545,172.20961871426104
66.545,66.555,172.29795579337718
66.555,66.565,172.353180567798
66.565,66.575,172.37296734671418
66.575,66.585,172.43545546078624
66.585,66.595,172.25703372195872
66.595,66.605,171.73368744797332
66.605,66.615,171.12484337855207
66.615,66.625,170.74072259348722
66.625,66.635,170.6192572947441
66.635,66.645,170.489618968155
66.645,66.655,170.1741092886951
66.655,66.665,169.71263780611065
66.665,66.675,169.2992828247244
66.675,66.685,168.57403569572094
66.685,66.695,167.26109517229085
66.695,66.705,165.58119126385304
66.705,66.715,163.47637298052823
66.715,66.725,161.0153027525187
66.725,66.735,0.0
66.735,66.745,0.0
66.745,66.755,0.0
66.755,66.765,0.0
66.765,66.775,0.0
66.775,66.785,0.0
66.785,66.795,0.0
66.795,66.805,0.0
66.805,66.815,176.36746042534415
66.815,66.825,177.0093684415557
66.825,66.835,177.4609553313681
66.835,66.845,177.44143103641238
66.845,66.855,176.77735230991655
66.855,66.865,175.94347056443584
66.865,66.875,178.38805666426953
66.875,66.885,180.0273687038306
66.885,66.895,179.5462523800656
66.895,66.905,177.3371241557535
66.905,66.915,174.58948520014516
66.915,66.925,0.0
66.925,66.935,0.0
66.935,66.945,0.0
66.945,66.955,0.0
66.955,66.965,0.0
66.965,66.975,0.0
66.975,66.985,0.0
66.985,66.995,0.0
66.995,67.005,0.0
67.005,67.015,168.72839109187626
67.015,67.025,168.20495834887458
67.025,67.035,167.98404173406956
67.035,67.045,168.68189923698012
67.045,67.055,169.73167673728224
67.055,67.065,170.16662012263535
67.065,67.075,171.0939030412646
67.075,67.085,172.13887569206182
67.085,67.095,172.58991870054294
67.095,67.105,173.67084810898317
67.105,67.115,175.2749388523573
67.115,67.125,177.76578051511234
67.125,67.135,181.28784949504978
67.135,67.145,185.76577304663036
67.145,67.155,192.68863266053438
67.155,67.165,205.46392562504388
67.165,67.175,212.86790297101027
67.175,67.185,218.16836327260404
67.185,67.195,222.9760867740417
67.195,67.205,226.45848614051863
67.205,67.215,227.98759932790662
67.215,67.225,227.88359759794955
67.225,67.235,226.56380736325977
67.235,67.245,224.10681280118968
67.245,67.255,220.5503391042711
67.255,67.265,215.30187349481557
67.265,67.275,209.68521036116059
67.275,67.285,204.4704010165999
67.285,67.295,199.38835737316722
67.295,67.305,194.81429592157613
67.305,67.315,192.53766747108364
67.315,67.325,192.0669200327805
67.325,67.335,191.0787565811132
67.335,67.345,188.52559124539425
67.345,67.355,184.43011734356944
67.355,67.365,177.69397439483654
67.365,67.375,177.325360545652
67.375,67.385,178.22412531464312
67.385,67.395,177.73915105596117
67.395,67.405,176.7191032046835
67.405,67.415,175.07470668909087
67.415,67.425,172.3258580459397
67.425,67.435,169.97232864091788
67.435,67.445,0.0
67.445,67.455,0.0
67.455,67.465,0.0
67.465,67.475,0.0
67.475,67.485,0.0
67.485,67.495,0.0
67.495,67.505,0.0
67.505,67.515,0.0
67.515,67.525,0.0
67.525,67.535,0.0
67.535,67.545,183.76727140982788
67.545,67.555,177.71474557842015
67.555,67.565,174.15433010759423
67.565,67.575,170.99524297693563
67.575,67.585,167.8025319207582
67.585,67.595,164.5483870962893
67.595,67.605,163.2706508712594
67.605,67.615,166.5583120059635
67.615,67.625,168.937706714558
67.625,67.635,170.8566402691349
67.635,67.645,172.08571233900756
67.645,67.655,172.81472426680867
67.655,67.665,172.91380922608192
67.665,67.675,172.46615437893044
67.675,67.685,171.5613077852067
67.685,67.695,170.29099090354822
67.695,67.705,169.4937285677685
67.705,67.715,170.46328318040517
67.715,67.725,171.02772409786238
67.725,67.735,170.0087610272079
67.735,67.745,170.24334251279927
67.745,67.755,172.26473550183854
67.755,67.765,172.96289931794587
67.765,67.775,168.84182695104172
67.775,67.785,168.12180782045758
67.785,67.795,0.0
67.795,67.805,0.0
67.805,67.815,0.0
67.815,67.825,0.0
67.825,67.835,0.0
67.835,67.845,0.0
67.845,67.855,0.0
67.855,67.865,0.0
67.865,67.875,0.0
67.875,67.885,0.0
67.885,67.895,0.0
67.895,67.905,0.0
67.905,67.915,0.0
67.915,67.925,0.0
67.925,67.935,0.0
67.935,67.945,0.0
67.945,67.955,0.0
67.955,67.965,0.0
67.965,67.975,0.0
67.975,67.985,171.78695310201167
67.985,67.995,171.7416482135866
67.995,68.005,170.70848208237615
68.005,68.015,169.2686653049791
68.015,68.025,168.28418661760531
68.025,68.035,167.51988449812163
68.035,68.045,166.32528809298876
68.045,68.055,164.71542330726137
68.055,68.065,163.00697812670413
68.065,68.075,161.2384992485508
68.075,68.085,159.614999697611
68.085,68.095,158.3264477006843
68.095,68.105,156.76007612568586
68.105,68.115,155.45278285855443
68.115,68.125,154.6845546081878
68.125,68.135,153.2460307126924
68.135,68.145,151.1696283416833
68.145,68.155,149.12570700214928
68.155,68.165,149.03578456934102
68.165,68.175,0.0
68.175,68.185,0.0
68.185,68.195,0.0
68.195,68.205,0.0
68.205,68.215,0.0
68.215,68.225,157.30061137249425
68.225,68.235,154.73944290225933
68.235,68.245,153.93801216449944
68.245,68.255,153.05786800029793
68.255,68.265,152.2956991211165
68.265,68.275,152.14821613153373
68.275,68.285,152.22891277817791
68.285,68.295,152.2436115709905
68.295,68.305,152.48523611184604
68.305,68.315,152.73131355749092
68.315,68.325,151.82449864720346
68.325,68.335,0.0
68.335,68.345,0.0
68.345,68.355,0.0
68.355,68.365,0.0
68.365,68.375,0.0
68.375,68.385,0.0
68.385,68.395,0.0
68.395,68.405,0.0
68.405,68.415,0.0
68.415,68.425,0.0
68.425,68.435,0.0
68.435,68.445,0.0
68.445,68.455,0.0
68.455,68.465,0.0
68.465,68.475,0.0
68.475,68.485,0.0
68.485,68.495,0.0
68.495,68.505,0.0
68.505,68.515,0.0
68.515,68.525,0.0
68.525,68.535,0.0
68.535,68.545,0.0
68.545,68.555,0.0
68.555,68.565,0.0
68.565,68.575,0.0
68.575,68.585,0.0
68.585,68.595,0.0
68.595,68.605,0.0
68.605,68.615,0.0
68.615,68.625,0.0
68.625,68.635,0.0
68.635,68.645,0.0
68.645,68.655,0.0
68.655,68.665,0.0
68.665,68.675,0.0
68.675,68.685,0.0
68.685,68.695,0.0
68.695,68.705,0.0
68.705,68.715,0.0
68.715,68.725,0.0
68.725,68.735,223.78250485862787
68.735,68.745,229.21319551503734
68.745,68.755,234.19080700535446
68.755,68.765,238.55586962205453
68.765,68.775,242.67753686435
68.775,68.785,246.4311671896634
68.785,68.795,249.21755335911433
68.795,68.805,248.95201764843168
68.805,68.815,0.0
68.815,68.825,0.0
68.825,68.835,0.0
68.835,68.845,0.0
68.845,68.855,0.0
68.855,68.865,0.0
68.865,68.875,0.0
68.875,68.885,0.0
68.885,68.895,0.0
68.895,68.905,209.52805551083003
68.905,68.915,206.07762119665935
68.915,68.925,204.9100037470516
68.925,68.935,198.1473266200893
68.935,68.945,194.53427308790842
68.945,68.955,195.6517310610867
68.955,68.965,197.3678010724595
68.965,68.975,196.59917808131914
68.975,68.985,195.15055916451442
68.985,68.995,196.2305728074902
68.995,69.005,196.9147156983366
69.005,69.015,197.010671459794
69.015,69.025,196.93325751628308
69.025,69.035,189.14904577993494
69.035,69.045,187.5121709746814
69.045,69.055,191.82687878074276
69.055,69.065,196.28947678510107
69.065,69.075,196.44521041499465
69.075,69.085,196.1613970547485
69.085,69.095,194.96264626435342
69.095,69.105,192.24255337874564
69.105,69.115,185.89655103430988
69.115,69.125,178.79972115304662
69.125,69.135,175.11271468506965
69.135,69.145,176.4861364382501
69.145,69.155,177.84656344739568
69.155,69.165,179.58759280138145
69.165,69.175,180.43297446599968
69.175,69.185,179.64148674099712
69.185,69.195,177.6739105041179
69.195,69.205,175.40631105361655
69.205,69.215,173.66653521009837
69.215,69.225,172.33733932765412
69.225,69.235,170.62833808976526
69.235,69.245,167.97139762004812
69.245,69.255,169.93811434662337
69.255,69.265,173.03409203114404
69.265,69.275,0.0
69.275,69.285,0.0
69.285,69.295,0.0
69.295,69.305,0.0
69.305,69.315,0.0
69.315,69.325,172.71581547578273
69.325,69.335,173.28041722241846
69.335,69.345,174.0415772718972
69.345,69.355,174.08644658656766
69.355,69.365,173.16248163123538
69.365,69.375,171.56614855710083
69.375,69.385,169.63475456458087
69.385,69.395,0.0
69.395,69.405,0.0
69.405,69.415,0.0
69.415,69.425,173.9596699752349
69.425,69.435,175.30062012989282
69.435,69.445,175.5827281378166
69.445,69.455,175.31197911806964
69.455,69.465,174.82919109464194
69.465,69.475,173.94619758522109
69.475,69.485,171.47960921400062
69.485,69.495,173.57700422556664
69.495,69.505,175.4347360494981
69.505,69.515,175.9464181782073
69.515,69.525,175.68430439103076
69.525,69.535,175.4851328433043
69.535,69.545,175.29160308869538
69.545,69.555,175.4285994168769
69.555,69.565,175.57508779427795
69.565,69.575,175.31621016453184
69.575,69.585,175.69955539737887
69.585,69.595,176.50706833912187
69.595,69.605,176.94555454908127
69.605,69.615,176.65925450171966
69.615,69.625,175.82518269532736
69.625,69.635,174.85211592462872
69.635,69.645,173.98817542636027
69.645,69.655,0.0
69.655,69.665,0.0
69.665,69.675,0.0
69.675,69.685,0.0
69.685,69.695,0.0
69.695,69.705,206.22600765641207
69.705,69.715,209.31598721036823
69.715,69.725,212.7947181922402
69.725,69.735,216.23885801928097
69.735,69.745,221.20024137704627
69.745,69.755,228.65474163364246
69.755,69.765,235.76458981611174
69.765,69.775,242.65294386564963
69.775,69.785,248.29877749798217
69.785,69.795,251.2416578904331
69.795,69.805,252.07665796573306
69.805,69.815,252.1092269127511
69.815,69.825,251.31451161934228
69.825,69.835,249.5276576189375
69.835,69.845,247.77932992372965
69.845,69.855,245.63226286435219
69.855,69.865,242.22713678599084
69.865,69.875,238.11251295704517
69.875,69.885,234.4771577448363
69.885,69.895,230.78719078469328
69.895,69.905,223.44808736723863
69.905,69.915,200.52896003612997
69.915,69.925,196.26547277162993
69.925,69.935,191.5591333054877
69.935,69.945,0.0
69.945,69.955,0.0
69.955,69.965,0.0
69.965,69.975,193.88843080809716
69.975,69.985,194.29776371613445
69.985,69.995,193.74225370519068
69.995,70.005,191.11893738234502
70.005,70.015,184.80509422141185
70.015,70.025,186.12592158348147
70.025,70.035,186.90382944656307
70.035,70.045,186.59854044032585
70.045,70.055,185.15905608134779
70.055,70.065,182.9233281470685
70.065,70.075,180.39934584527487
70.075,70.085,178.12154917348892
70.085,70.095,176.24044293830386
70.095,70.105,174.78126326096674
70.105,70.115,173.51056346202418
70.115,70.125,171.87857830472154
70.125,70.135,170.23668376508607
70.135,70.145,168.86626584482184
70.145,70.155,169.0982676832248
70.155,70.165,0.0
70.165,70.175,0.0
70.175,70.185,0.0
70.185,70.195,0.0
70.195,70.205,0.0
70.205,70.215,0.0
70.215,70.225,0.0
70.225,70.235,0.0
70.235,70.245,0.0
70.245,70.255,0.0
70.255,70.265,0.0
70.265,70.275,0.0
70.275,70.285,0.0
70.285,70.295,0.0
70.295,70.305,0.0
70.305,70.315,0.0
70.315,70.325,0.0
70.325,70.335,0.0
70.335,70.345,0.0
70.345,70.355,0.0
70.355,70.365,0.0
70.365,70.375,0.0
70.375,70.385,0.0
70.385,70.395,0.0
70.395,70.405,0.0
70.405,70.415,0.0
70.415,70.425,0.0
70.425,70.435,0.0
70.435,70.445,0.0
70.445,70.455,0.0
70.455,70.465,0.0
70.465,70.475,0.0
70.475,70.485,0.0
70.485,70.495,0.0
70.495,70.505,0.0
70.505,70.515,0.0
70.515,70.525,0.0
70.525,70.535,0.0
70.535,70.545,0.0
70.545,70.555,0.0
70.555,70.565,0.0
70.565,70.575,0.0
70.575,70.585,0.0
70.585,70.595,0.0
70.595,70.605,0.0
70.605,70.615,0.0
70.615,70.625,0.0
70.625,70.635,0.0
70.635,70.645,0.0
70.645,70.655,0.0
70.655,70.665,0.0
70.665,70.675,176.68218826161177
70.675,70.685,175.75143239133942
70.685,70.695,173.0335389809209
70.695,70.705,171.1731563188558
70.705,70.715,173.9432488754292
70.715,70.725,177.34447409694562
70.725,70.735,179.2029132495441
70.735,70.745,180.01016264910285
70.745,70.755,180.16703345268368
70.755,70.765,179.43883427134975
70.765,70.775,176.88005988862295
70.775,70.785,173.89496340938842
70.785,70.795,176.62736497157778
70.795,70.805,178.98604842086294
70.805,70.815,179.64825727214634
70.815,70.825,179.79840837516238
70.825,70.835,179.742464787674
70.835,70.845,179.52930378524135
70.845,70.855,181.85963328116011
70.855,70.865,181.7297366475927
70.865,70.875,178.38266962681323
70.875,70.885,177.5713137722708
70.885,70.895,177.3656400679564
70.895,70.905,177.0497190271796
70.905,70.915,176.52905497640063
70.915,70.925,175.88280768199218
70.925,70.935,175.1369936580366
70.935,70.945,0.0
70.945,70.955,0.0
70.955,70.965,0.0
70.965,70.975,0.0
70.975,70.985,0.0
70.985,70.995,0.0
70.995,71.005,0.0
71.005,71.015,0.0
71.015,71.025,0.0
71.025,71.035,0.0
71.035,71.045,0.0
71.045,71.055,182.0368180197206
71.055,71.065,179.8806485382215
71.065,71.075,178.14757361816083
71.075,71.085,176.2590086464106
71.085,71.095,186.84258470141444
71.095,71.105,186.65781011980107
71.105,71.115,186.17764738591907
71.115,71.125,185.89492509051013
71.125,71.135,185.9972627856142
71.135,71.145,186.62729436123269
71.145,71.155,187.57265825635506
71.155,71.165,188.49912013109818
71.165,71.175,189.05270512844135
71.175,71.185,188.32789750796158
71.185,71.195,185.23446985321897
71.195,71.205,182.52937550336355
71.205,71.215,181.59727729084653
71.215,71.225,180.4376490876481
71.225,71.235,179.46270354495329
71.235,71.245,179.14288469723493
71.245,71.255,179.28449914794754
71.255,71.265,179.26468905948371
71.265,71.275,178.30839430329218
71.275,71.285,175.82938853045368
71.285,71.295,171.6497205390826
71.295,71.305,0.0
71.305,71.315,0.0
71.315,71.325,176.732881203348
71.325,71.335,176.54003576843914
71.335,71.345,176.33301745224648
71.345,71.355,175.54774143423018
71.355,71.365,173.98147249099702
71.365,71.375,171.6331654581119
71.375,71.385,169.10595575749733
71.385,71.395,167.11790007762144
71.395,71.405,166.085760828756
71.405,71.415,173.67312941372384
71.415,71.425,173.55590334448613
71.425,71.435,172.35230238421127
71.435,71.445,171.43601624279043
71.445,71.455,170.878574347915
71.455,71.465,170.4575663099172
71.465,71.475,170.03947267420352
71.475,71.485,169.41428192427873
71.485,71.495,168.78416155988634
71.495,71.505,169.62559969693038
71.505,71.515,170.46640463899524
71.515,71.525,168.61457613688776
71.525,71.535,167.25049691823924
71.535,71.545,166.03379667663515
71.545,71.555,164.64893458090776
71.555,71.565,163.16790413339504
71.565,71.575,161.90488997941128
71.575,71.585,160.8559639656395
71.585,71.595,159.6300230598489
71.595,71.605,157.128508388908
71.605,71.615,153.5632866580771
71.615,71.625,153.64807732076522
71.625,71.635,169.8133470219473
71.635,71.645,174.58829187871302
71.645,71.655,179.3428746229884
71.655,71.665,181.44301890947247
71.665,71.675,185.25873152426965
71.675,71.685,187.6499006290423
71.685,71.695,187.82792995554178
71.695,71.705,186.42889260625807
71.705,71.715,184.40737580287902
71.715,71.725,182.08522486525908
71.725,71.735,179.37345597743789
71.735,71.745,176.6079338636368
71.745,71.755,174.78010895976522
71.755,71.765,173.9858673413047
71.765,71.775,173.37933697463134
71.775,71.785,173.00492972643082
71.785,71.795,173.22743664953694
71.795,71.805,174.25392400215412
71.805,71.815,176.67693061467517
71.815,71.825,179.96734473202326
71.825,71.835,183.3982382214634
71.835,71.845,187.13156608990514
71.845,71.855,191.96156142040624
71.855,71.865,198.26315866385218
71.865,71.875,205.86374508111658
71.875,71.885,213.57663279783233
71.885,71.895,221.69690299489062
71.895,71.905,231.97948797259863
71.905,71.915,245.40425269750898
71.915,71.925,256.87956800387684
71.925,71.935,262.1481912271341
71.935,71.945,265.1986084347027
71.945,71.955,267.2379628035339
71.955,71.965,269.20137614349727
71.965,71.975,0.0
71.975,71.985,0.0
71.985,71.995,0.0
71.995,72.005,0.0
72.005,72.015,0.0
72.015,72.025,0.0
72.025,72.035,0.0
72.035,72.045,0.0
72.045,72.055,0.0
72.055,72.065,0.0
72.065,72.075,0.0
72.075,72.085,0.0
72.085,72.095,0.0
72.095,72.105,0.0
72.105,72.115,0.0
72.115,72.125,0.0
72.125,72.135,0.0
72.135,72.145,0.0
72.145,72.155,0.0
72.155,72.165,0.0
72.165,72.175,0.0
72.175,72.185,0.0
72.185,72.195,0.0
72.195,72.205,199.84867861058254
72.205,72.215,196.25394858810745
72.215,72.225,193.9018443127159
72.225,72.235,191.90991752036015
72.235,72.245,188.39217459111688
72.245,72.255,181.66927619550145
72.255,72.265,0.0
72.265,72.275,0.0
72.275,72.285,0.0
72.285,72.295,0.0
72.295,72.305,0.0
72.305,72.315,0.0
72.315,72.325,0.0
72.325,72.335,0.0
72.335,72.345,0.0
72.345,72.355,198.91748046690645
72.355,72.365,198.93325666392238
72.365,72.375,199.9691083644556
72.375,72.385,200.2987694706534
72.385,72.395,199.34392428540832
72.395,72.405,197.47860735156468
72.405,72.415,194.53917976873188
72.415,72.425,0.0
72.425,72.435,0.0
72.435,72.445,0.0
72.445,72.455,0.0
72.455,72.465,0.0
72.465,72.475,0.0
72.475,72.485,0.0
72.485,72.495,0.0
72.495,72.505,0.0
72.505,72.515,0.0
72.515,72.525,0.0
72.525,72.535,187.9994750290958
72.535,72.545,185.2361853691234
72.545,72.555,182.8188642405285
72.555,72.565,181.3813951150384
72.565,72.575,180.19681962912173
72.575,72.585,179.0751232536602
72.585,72.595,178.07269811730015
72.595,72.605,176.87735293313776
72.605,72.615,0.0
72.615,72.625,0.0
72.625,72.635,0.0
72.635,72.645,0.0
72.645,72.655,0.0
72.655,72.665,0.0
72.665,72.675,0.0
72.675,72.685,0.0
72.685,72.695,0.0
72.695,72.705,0.0
72.705,72.715,0.0
72.715,72.725,0.0
72.725,72.735,0.0
72.735,72.745,0.0
72.745,72.755,0.0
72.755,72.765,0.0
72.765,72.775,0.0
72.775,72.785,197.28146772561115
72.785,72.795,198.76487926813124
72.795,72.805,198.88056329516377
72.805,72.815,199.48533779335364
72.815,72.825,201.2800476183033
72.825,72.835,203.15271099102034
72.835,72.845,204.91075642710243
72.845,72.855,205.94123393130684
72.855,72.865,205.49268418738578
72.865,72.875,0.0
72.875,72.885,0.0
72.885,72.895,0.0
72.895,72.905,0.0
72.905,72.915,283.0265656751711
72.915,72.925,285.16202406564577
72.925,72.935,288.555929712451
72.935,72.945,294.6357572479763
72.945,72.955,300.3025433184482
72.955,72.965,303.50496088027046
72.965,72.975,305.44367709816106
72.975,72.985,305.0912939064695
72.985,72.995,301.61841518246337
72.995,73.005,296.2130302005279
73.005,73.015,291.207831260881
73.015,73.025,0.0
73.025,73.035,0.0
73.035,73.045,0.0
73.045,73.055,0.0
73.055,73.065,0.0
73.065,73.075,0.0
73.075,73.085,0.0
73.085,73.095,0.0
73.095,73.105,0.0
73.105,73.115,226.1627915522753
73.115,73.125,217.98191705384363
73.125,73.135,210.07653104520944
73.135,73.145,205.31128075353567
73.145,73.155,202.1798158856673
73.155,73.165,199.74912698879407
73.165,73.175,197.4903690499618
73.175,73.185,195.69139537259815
73.185,73.195,194.37776005408924
73.195,73.205,193.76945217979682
73.205,73.215,193.53186115437373
73.215,73.225,193.07834166084425
73.225,73.235,192.73670111602266
73.235,73.245,192.42105902488498
73.245,73.255,191.3722888845403
73.255,73.265,189.54655066807354
73.265,73.275,187.6074934568767
73.275,73.285,0.0
73.285,73.295,0.0
73.295,73.305,0.0
73.305,73.315,0.0
73.315,73.325,0.0
73.325,73.335,0.0
73.335,73.345,0.0
73.345,73.355,0.0
73.355,73.365,0.0
73.365,73.375,0.0
73.375,73.385,190.58866560251826
73.385,73.395,190.68424404886207
73.395,73.405,191.37766664501737
73.405,73.415,192.92251613184592
73.415,73.425,194.79117195370492
73.425,73.435,195.12183498284418
73.435,73.445,195.30808091255315
73.445,73.455,195.54286350885667
73.455,73.465,195.82757513142337
73.465,73.475,196.34133294649874
73.475,73.485,196.97267985406225
73.485,73.495,197.22580623627175
73.495,73.505,197.18635415529533
73.505,73.515,197.50059178793072
73.515,73.525,198.10838035244564
73.525,73.535,197.55483770605144
73.535,73.545,195.19521916047347
73.545,73.555,195.09728811879833
73.555,73.565,195.28310357336323
73.565,73.575,0.0
73.575,73.585,0.0
73.585,73.595,0.0
73.595,73.605,0.0
73.605,73.615,0.0
73.615,73.625,0.0
73.625,73.635,0.0
73.635,73.645,0.0
73.645,73.655,0.0
73.655,73.665,0.0
73.665,73.675,0.0
73.675,73.685,0.0
73.685,73.695,0.0
73.695,73.705,0.0
73.705,73.715,0.0
73.715,73.725,0.0
73.725,73.735,0.0
73.735,73.745,0.0
73.745,73.755,0.0
73.755,73.765,0.0
73.765,73.775,0.0
73.775,73.785,0.0
73.785,73.795,0.0
73.795,73.805,0.0
73.805,73.815,0.0
73.815,73.825,0.0
73.825,73.835,0.0
73.835,73.845,0.0
73.845,73.855,0.0
73.855,73.865,0.0
73.865,73.875,0.0
73.875,73.885,0.0
73.885,73.895,0.0
73.895,73.905,0.0
73.905,73.915,0.0
73.915,73.925,0.0
73.925,73.935,0.0
73.935,73.945,0.0
73.945,73.955,0.0
73.955,73.965,0.0
73.965,73.975,0.0
73.975,73.985,0.0
73.985,73.995,0.0
73.995,74.005,0.0
74.005,74.015,0.0
74.015,74.025,0.0
74.025,74.035,0.0
74.035,74.045,0.0
74.045,74.055,0.0
74.055,74.065,0.0
74.065,74.075,0.0
74.075,74.085,180.94719364417313
74.085,74.095,181.33499815510854
74.095,74.105,181.69319014091312
74.105,74.115,181.02673582372617
74.115,74.125,177.42904210413445
74.125,74.135,0.0
74.135,74.145,0.0
74.145,74.155,0.0
74.155,74.165,0.0
74.165,74.175,0.0
74.175,74.185,0.0
74.185,74.195,0.0
74.195,74.205,0.0
74.205,74.215,0.0
74.215,74.225,0.0
74.225,74.235,0.0
74.235,74.245,0.0
74.245,74.255,0.0
74.255,74.265,176.90153134085327
74.265,74.275,176.66825104021794
74.275,74.285,175.7169968581913
74.285,74.295,171.83869910627723
74.295,74.305,172.92663175928246
74.305,74.315,176.330330562462
74.315,74.325,178.34167818528562
74.325,74.335,179.25152107982026
74.335,74.345,179.37924474080364
74.345,74.355,178.47204473957007
74.355,74.365,176.94368308223648
74.365,74.375,175.54208151938502
74.375,74.385,174.38654455634259
74.385,74.395,171.15860352796025
74.395,74.405,170.94935598263885
74.405,74.415,170.10708018117472
74.415,74.425,174.42395578812807
74.425,74.435,177.01681819095253
74.435,74.445,176.49768458630209
74.445,74.455,175.68098672360264
74.455,74.465,175.13073359389404
74.465,74.475,174.88503741112984
74.475,74.485,174.80018562505538
74.485,74.495,175.2056646031225
74.495,74.505,175.56400083171593
74.505,74.515,174.1180682062348
74.515,74.525,173.06778021639093
74.525,74.535,173.0641881429739
74.535,74.545,173.08677472609733
74.545,74.555,172.78113655179075
74.555,74.565,172.2521376432417
74.565,74.575,171.03008772947436
74.575,74.585,168.52952406537557
74.585,74.595,167.8424580528765
74.595,74.605,172.5034878853276
74.605,74.615,172.40634086327353
74.615,74.625,172.64486815871817
74.625,74.635,172.412169628265
74.635,74.645,171.5805373056114
74.645,74.655,170.18196405807788
74.655,74.665,168.48719516139317
74.665,74.675,166.87724605629737
74.675,74.685,166.2856261241586
74.685,74.695,168.65746799718025
74.695,74.705,169.81981577909661
74.705,74.715,172.08495588951007
74.715,74.725,173.18022972368175
74.725,74.735,175.18825055827463
74.735,74.745,188.773078940703
74.745,74.755,190.69945867745864
74.755,74.765,188.6219709893142
74.765,74.775,187.44853672528782
74.775,74.785,186.99406063139116
74.785,74.795,186.84406298811962
74.795,74.805,186.41852836699482
74.805,74.815,185.47521452520684
74.815,74.825,184.03407987599655
74.825,74.835,181.8834225244959
74.835,74.845,0.0
74.845,74.855,0.0
74.855,74.865,0.0
74.865,74.875,0.0
74.875,74.885,0.0
74.885,74.895,0.0
74.895,74.905,0.0
74.905,74.915,175.9488564762152
74.915,74.925,177.80066058844199
74.925,74.935,179.47436052679325
74.935,74.945,179.91692717248003
74.945,74.955,178.44025897219515
74.955,74.965,175.06012795427938
74.965,74.975,171.47425010207368
74.975,74.985,169.70213675328634
74.985,74.995,169.45522626306152
74.995,75.005,170.35927359040946
75.005,75.015,169.1566482975886
75.015,75.025,168.2476154736455
75.025,75.035,169.12211288370585
75.035,75.045,170.63463829670187
75.045,75.055,171.30720215148065
75.055,75.065,171.32348049470167
75.065,75.075,171.23267277492675
75.075,75.085,171.04909729277628
75.085,75.095,170.52412373443266
75.095,75.105,170.76312381841907
75.105,75.115,173.50163569117936
75.115,75.125,175.01353218601307
75.125,75.135,175.8376533325284
75.135,75.145,176.9697997703208
75.145,75.155,177.8657385377763
75.155,75.165,177.9273920403991
75.165,75.175,177.5648819274506
75.175,75.185,177.15935293378158
75.185,75.195,176.96314305551846
75.195,75.205,177.0784882118112
75.205,75.215,177.17756045950648
75.215,75.225,176.86698104561125
75.225,75.235,176.20520463805482
75.235,75.245,175.45454658448452
75.245,75.255,174.59742045245804
75.255,75.265,173.55575687113827
75.265,75.275,172.39992695155223
75.275,75.285,171.19802390204848
75.285,75.295,170.0885578444149
75.295,75.305,169.08101148092572
75.305,75.315,168.20887765625054
75.315,75.325,168.05936045851607
75.325,75.335,168.42267196202934
75.335,75.345,168.64024064892882
75.345,75.355,168.534315658803
75.355,75.365,167.90416127244202
75.365,75.375,166.62136319394693
75.375,75.385,164.87701239420414
75.385,75.395,162.34236666125395
75.395,75.405,158.18021167025356
75.405,75.415,0.0
75.415,75.425,0.0
75.425,75.435,0.0
75.435,75.445,0.0
75.445,75.455,161.1054136707056
75.455,75.465,160.5381703294505
75.465,75.475,159.51077657619012
75.475,75.485,160.90974186138266
75.485,75.495,161.441352770425
75.495,75.505,161.45599627348622
75.505,75.515,160.89596585017097
75.515,75.525,159.2441254026299
75.525,75.535,158.06788604476154
75.535,75.545,158.63973103221855
75.545,75.555,159.45757746002303
75.555,75.565,159.10876697584897
75.565,75.575,158.27237085769005
75.575,75.585,156.34729851415418
75.585,75.595,0.0
75.595,75.605,0.0
75.605,75.615,0.0
75.615,75.625,0.0
75.625,75.635,0.0
75.635,75.645,0.0
75.645,75.655,0.0
75.655,75.665,170.83899872109694
75.665,75.675,172.75490891214008
75.675,75.685,174.471591797408
75.685,75.695,174.87934369635542
75.695,75.705,174.00356384198201
75.705,75.715,171.52949797068047
75.715,75.725,166.8558221382106
75.725,75.735,165.66415659527533
75.735,75.745,164.74181866166242
75.745,75.755,162.04317693154204
75.755,75.765,160.2281690133107
75.765,75.775,161.5888275729576
75.775,75.785,159.03989688465447
75.785,75.795,156.6128027848679
75.795,75.805,154.63161575500965
75.805,75.815,153.29753707674072
75.815,75.825,152.32186946000402
75.825,75.835,151.52496754235577
75.835,75.845,150.74427053032593
75.845,75.855,150.1364427364512
75.855,75.865,151.68716943496653
75.865,75.875,152.6101394353009
75.875,75.885,152.04139789551965
75.885,75.895,151.88661560792076
75.895,75.905,151.18107034772765
75.905,75.915,149.50502636936372
75.915,75.925,148.78974086819912
75.925,75.935,148.04341760756117
75.935,75.945,147.14145208601218
75.945,75.955,146.38568186459307
75.955,75.965,145.5111143390053
75.965,75.975,144.39278286421228
75.975,75.985,143.41981753030004
75.985,75.995,142.33631816354412
75.995,76.005,141.2008434224561
76.005,76.015,140.02523211441414
76.015,76.025,139.33055012354131
76.025,76.035,70.00266808532199
76.035,76.045,69.7542741788093
76.045,76.055,68.89861204879024
76.055,76.065,67.80929504921941
76.065,76.075,67.90752873725577
76.075,76.085,68.54464472507638
76.085,76.095,68.6351804151206
76.095,76.105,68.728206266894
76.105,76.115,69.61025921178266
76.115,76.125,70.21214151532783
76.125,76.135,70.36979918621965
76.135,76.145,0.0
76.145,76.155,0.0
76.155,76.165,0.0
76.165,76.175,0.0
76.175,76.185,0.0
76.185,76.195,0.0
76.195,76.205,0.0
76.205,76.215,0.0
76.215,76.225,0.0
76.225,76.235,0.0
76.235,76.245,0.0
76.245,76.255,0.0
76.255,76.265,0.0
76.265,76.275,0.0
76.275,76.285,0.0
76.285,76.295,0.0
76.295,76.305,0.0
76.305,76.315,0.0
76.315,76.325,0.0
76.325,76.335,0.0
76.335,76.345,0.0
76.345,76.355,0.0
76.355,76.365,0.0
76.365,76.375,0.0
76.375,76.385,0.0
76.385,76.395,0.0
76.395,76.405,0.0
76.405,76.415,0.0
76.415,76.425,0.0
76.425,76.435,0.0
76.435,76.445,0.0
76.445,76.455,0.0
76.455,76.465,0.0
76.465,76.475,0.0
76.475,76.485,0.0
76.485,76.495,0.0
76.495,76.505,0.0
76.505,76.515,0.0
76.515,76.525,0.0
76.525,76.535,0.0
76.535,76.545,0.0
76.545,76.555,0.0
76.555,76.565,0.0
76.565,76.575,0.0
76.575,76.585,0.0
76.585,76.595,0.0
76.595,76.605,0.0
76.605,76.615,0.0
76.615,76.625,0.0
76.625,76.635,0.0
76.635,76.645,0.0
76.645,76.655,0.0
76.655,76.665,0.0
76.665,76.675,0.0
76.675,76.685,58.42043076031479
76.685,76.695,58.43390216195424
76.695,76.705,59.924638699622996
76.705,76.715,59.92529522438213
76.715,76.725,0.0
76.725,76.735,0.0
76.735,76.745,171.63580164603877
76.745,76.755,174.0873286892213
76.755,76.765,177.64580966865185
76.765,76.775,180.48425417798296
76.775,76.785,182.89150812370033
76.785,76.795,186.19562073538475
76.795,76.805,187.55519128052137
76.805,76.815,185.27611138394292
76.815,76.825,183.35763636848347
76.825,76.835,181.44743690934743
76.835,76.845,178.9340335812126
76.845,76.855,177.08399384726115
76.855,76.865,176.06122376744233
76.865,76.875,174.85791824104814
76.875,76.885,173.06668224843327
76.885,76.895,170.26883385139843
76.895,76.905,170.18904214470032
76.905,76.915,167.18634561186826
76.915,76.925,165.04351932940125
76.925,76.935,163.20282055672712
76.935,76.945,161.34948652240644
76.945,76.955,159.52142478099654
76.955,76.965,157.87707037565937
76.965,76.975,156.3240927507912
76.975,76.985,154.9623634639055
76.985,76.995,159.28673016266222
76.995,77.005,160.60508226078466
77.005,77.015,172.63916999419584
77.015,77.025,169.20386801125613
77.025,77.035,166.20250963545413
77.035,77.045,164.79885601121555
77.045,77.055,164.22177293968872
77.055,77.065,163.891692068409
77.065,77.075,163.3694376137222
77.075,77.085,162.43704000052463
77.085,77.095,161.04219921383742
77.095,77.105,159.11640074570454
77.105,77.115,159.31517657432147
77.115,77.125,161.56411828355988
77.125,77.135,0.0
77.135,77.145,0.0
77.145,77.155,227.08744711030576
77.155,77.165,230.41953348411195
77.165,77.175,235.6170766567767
77.175,77.185,244.4696903548507
77.185,77.195,261.5063714818164
77.195,77.205,273.0974268714292
77.205,77.215,281.4779687408858
77.215,77.225,289.71622888458774
77.225,77.235,299.2053568124117
77.235,77.245,307.22178444407274
77.245,77.255,315.37631343746926
77.255,77.265,323.27927675530907
77.265,77.275,329.73072144930245
77.275,77.285,337.4839107202117
77.285,77.295,344.21525004048533
77.295,77.305,344.65535170631347
77.305,77.315,344.8439873813041
77.315,77.325,347.143323481913
77.325,77.335,346.09738957992914
77.335,77.345,341.07212200510423
77.345,77.355,333.46708824126426
77.355,77.365,323.0123173202756
77.365,77.375,310.5793035837682
77.375,77.385,302.5271178479804
77.385,77.395,295.14371251417475
77.395,77.405,286.7932487158637
77.405,77.415,279.0247670455624
77.415,77.425,271.4090734034243
77.425,77.435,260.94148149681985
77.435,77.445,250.08186579913058
77.445,77.455,243.37990521190756
77.455,77.465,237.25414887019446
77.465,77.475,230.71903710563004
77.475,77.485,223.73558240959434
77.485,77.495,216.86574035983665
77.495,77.505,212.13402576537317
77.505,77.515,209.2571767319977
77.515,77.525,205.96267479693566
77.525,77.535,200.64141666881457
77.535,77.545,201.34207963787438
77.545,77.555,201.65120990936907
77.555,77.565,201.00538431149891
77.565,77.575,200.57768604963317
77.575,77.585,200.07487298810057
77.585,77.595,198.8419626394763
77.595,77.605,196.53016763627485
77.605,77.615,192.19627378918966
77.615,77.625,183.77500354348098
77.625,77.635,0.0
77.635,77.645,0.0
77.645,77.655,0.0
77.655,77.665,0.0
77.665,77.675,0.0
77.675,77.685,0.0
77.685,77.695,0.0
77.695,77.705,0.0
77.705,77.715,0.0
77.715,77.725,0.0
77.725,77.735,0.0
77.735,77.745,0.0
77.745,77.755,0.0
77.755,77.765,218.65695818180072
77.765,77.775,216.3168893115407
77.775,77.785,213.50605215205758
77.785,77.795,211.3987069579676
77.795,77.805,211.28451970221755
77.805,77.815,212.57641041173198
77.815,77.825,213.66891045288705
77.825,77.835,213.45661912574926
77.835,77.845,212.68233393913385
77.845,77.855,216.03763896274216
77.855,77.865,220.0854703531835
77.865,77.875,218.69511875545447
77.875,77.885,215.9346945112259
77.885,77.895,214.08945815812356
77.895,77.905,212.97007009069762
77.905,77.915,212.21783109988505
77.915,77.925,213.78801508359894
77.925,77.935,218.12199332434986
77.935,77.945,216.272059694356
77.945,77.955,210.57632753906196
77.955,77.965,207.97997595324975
77.965,77.975,207.3534189903685
77.975,77.985,206.98341375869262
77.985,77.995,206.58190040517064
77.995,78.005,206.32000569928078
78.005,78.015,206.23366829294136
78.015,78.025,205.80613945974946
78.025,78.035,204.99030695449397
78.035,78.045,204.33422275768717
78.045,78.055,204.1817845782246
78.055,78.065,204.37024056139657
78.065,78.075,204.23495350603545
78.075,78.085,203.54830648655746
78.085,78.095,202.75019356981127
78.095,78.105,201.9108285346524
78.105,78.115,200.7128822565373
78.115,78.125,199.57693002770202
78.125,78.135,198.54770552345573
78.135,78.145,197.71911729123818
78.145,78.155,197.35211526815775
78.155,78.165,196.83434425033832
78.165,78.175,196.14648954454782
78.175,78.185,195.5730645937913
78.185,78.195,194.74787246978013
78.195,78.205,193.81028625312388
78.205,78.215,193.1612099546516
78.215,78.225,192.81651024994108
78.225,78.235,192.64351026194396
78.235,78.245,192.72432399249143
78.245,78.255,192.5914363486687
78.255,78.265,191.98272512630822
78.265,78.275,191.58244925785215
78.275,78.285,191.66625935707899
78.285,78.295,191.74831942579
78.295,78.305,191.61015568511985
78.305,78.315,190.893618315524
78.315,78.325,189.7760062763936
78.325,78.335,189.17194603597096
78.335,78.345,188.7760645997679
78.345,78.355,188.0792184311942
78.355,78.365,187.372973946896
78.365,78.375,187.08215729766
78.375,78.385,186.89943832158642
78.385,78.395,186.1849925396544
78.395,78.405,185.09700944192116
78.405,78.415,183.75447787043868
78.415,78.425,181.71937463928313
78.425,78.435,178.91201215269035
78.435,78.445,175.59096320341962
78.445,78.455,174.6549743758112
78.455,78.465,177.8314470779595
78.465,78.475,177.5591594665897
78.475,78.485,177.69198075656118
78.485,78.495,182.11870167612608
78.495,78.505,186.7402220888333
78.505,78.515,186.78248558237817
78.515,78.525,184.34683424987747
78.525,78.535,183.14525171211767
78.535,78.545,182.41581266773593
78.545,78.555,181.67367524555678
78.555,78.565,180.45392171349135
78.565,78.575,178.0239598662261
78.575,78.585,178.48452778405385
78.585,78.595,180.45803638731905
78.595,78.605,179.50465067177055
78.605,78.615,177.73971440710724
78.615,78.625,178.42823645566494
78.625,78.635,176.30504005625946
78.635,78.645,172.3525784552814
78.645,78.655,169.1569569639763
78.655,78.665,165.89194418377647
78.665,78.675,162.84113554567824
78.675,78.685,159.59698076626427
78.685,78.695,155.65284395453574
78.695,78.705,0.0
78.705,78.715,0.0
78.715,78.725,0.0
78.725,78.735,0.0
78.735,78.745,0.0
78.745,78.755,0.0
78.755,78.765,171.55755523477185
78.765,78.775,166.4501597326686
78.775,78.785,161.58079859712663
78.785,78.795,157.3859092406864
78.795,78.805,153.05013501872827
78.805,78.815,147.9817017177444
78.815,78.825,143.0156250147212
78.825,78.835,139.60277671930476
78.835,78.845,138.11325908007404
78.845,78.855,137.75959983807147
78.855,78.865,137.9745655887013
78.865,78.875,0.0
78.875,78.885,0.0
78.885,78.895,0.0
78.895,78.905,0.0
78.905,78.915,0.0
78.915,78.925,0.0
78.925,78.935,0.0
78.935,78.945,0.0
78.945,78.955,0.0
78.955,78.965,0.0
78.965,78.975,0.0
78.975,78.985,0.0
78.985,78.995,0.0
78.995,79.005,0.0
79.005,79.015,0.0
79.015,79.025,0.0
79.025,79.035,0.0
79.035,79.045,0.0
79.045,79.055,0.0
79.055,79.065,0.0
79.065,79.075,0.0
79.075,79.085,0.0
79.085,79.095,0.0
79.095,79.105,0.0
79.105,79.115,0.0
79.115,79.125,0.0
79.125,79.135,0.0
79.135,79.145,0.0
79.145,79.155,143.09295859159988
79.155,79.165,141.06062823286697
79.165,79.175,141.05744624308866
79.175,79.185,142.65573970151044
79.185,79.195,142.15037471026506
79.195,79.205,141.36412380431872
79.205,79.215,140.22367496906557
79.215,79.225,138.6910186892357
79.225,79.235,136.99603934916135
79.235,79.245,0.0
79.245,79.255,0.0
79.255,79.265,0.0
79.265,79.275,0.0
79.275,79.285,0.0
79.285,79.295,0.0
79.295,79.305,0.0
79.305,79.315,0.0
79.315,79.325,0.0
79.325,79.335,0.0
79.335,79.345,0.0
79.345,79.355,0.0
79.355,79.365,0.0
79.365,79.375,0.0
79.375,79.385,0.0
79.385,79.395,0.0
79.395,79.405,0.0
79.405,79.415,0.0
79.415,79.425,0.0
79.425,79.435,0.0
79.435,79.445,0.0
79.445,79.455,0.0
79.455,79.465,0.0
79.465,79.475,0.0
79.475,79.485,0.0
79.485,79.495,0.0
79.495,79.505,0.0
79.505,79.515,0.0
79.515,79.525,0.0
79.525,79.535,0.0
79.535,79.545,0.0
79.545,79.555,0.0
79.555,79.565,0.0
79.565,79.575,0.0
79.575,79.585,0.0
79.585,79.595,0.0
79.595,79.605,0.0
79.605,79.615,0.0
79.615,79.625,0.0
79.625,79.635,0.0
79.635,79.645,0.0
79.645,79.655,0.0
79.655,79.665,0.0
79.665,79.675,0.0
79.675,79.685,0.0
79.685,79.695,0.0
79.695,79.705,0.0
79.705,79.715,0.0
79.715,79.725,0.0
79.725,79.735,0.0
79.735,79.745,0.0
79.745,79.755,0.0
79.755,79.765,0.0
79.765,79.775,0.0
79.775,79.785,0.0
79.785,79.795,0.0
79.795,79.805,0.0
79.805,79.815,0.0
79.815,79.825,0.0
79.825,79.835,0.0
79.835,79.845,0.0
79.845,79.855,0.0
79.855,79.865,0.0
79.865,79.875,0.0
79.875,79.885,0.0
79.885,79.895,0.0
79.895,79.905,0.0
79.905,79.915,0.0
79.915,79.925,0.0
79.925,79.935,0.0
79.935,79.945,0.0
79.945,79.955,0.0
79.955,79.965,0.0
79.965,79.975,0.0
79.975,79.985,0.0
79.985,79.995,0.0
79.995,80.005,0.0
80.005,80.015,0.0
80.015,80.025,0.0
80.025,80.035,0.0
80.035,80.045,0.0
80.045,80.055,0.0
80.055,80.065,0.0
80.065,80.075,0.0
80.075,80.085,0.0
80.085,80.095,0.0
80.095,80.105,0.0
80.105,80.115,0.0
80.115,80.125,0.0
80.125,80.135,0.0
80.135,80.145,0.0
80.145,80.155,0.0
80.155,80.165,0.0
80.165,80.175,0.0
80.175,80.185,0.0
80.185,80.195,0.0
80.195,80.205,0.0
80.205,80.215,0.0
80.215,80.225,172.6299597232415
80.225,80.235,169.78503946063373
80.235,80.245,169.99370403946142
80.245,80.255,169.80324053246784
80.255,80.265,168.8037060266797
80.265,80.275,0.0
80.275,80.285,0.0
80.285,80.295,0.0
80.295,80.305,0.0
80.305,80.315,0.0
80.315,80.325,0.0
80.325,80.335,0.0
80.335,80.345,0.0
80.345,80.355,0.0
80.355,80.365,0.0
80.365,80.375,174.463297901635
80.375,80.385,174.47721171876347
80.385,80.395,173.1874411729871
80.395,80.405,171.73614324347298
80.405,80.415,170.62612710846483
80.415,80.425,169.6402235075647
80.425,80.435,168.345142215847
80.435,80.445,166.2301730718938
80.445,80.455,166.03103403184295
80.455,80.465,166.97954004319675
80.465,80.475,173.063394222803
80.475,80.485,173.8407925232338
80.485,80.495,173.1577923582949
80.495,80.505,173.1076101270812
80.505,80.515,172.80053825193013
80.515,80.525,171.6005246496463
80.525,80.535,168.8559809272536
80.535,80.545,165.05186537713377
80.545,80.555,0.0
80.555,80.565,0.0
80.565,80.575,0.0
80.575,80.585,0.0
80.585,80.595,0.0
80.595,80.605,0.0
80.605,80.615,207.6288204064254
80.615,80.625,208.12090151692607
80.625,80.635,211.02836441007216
80.635,80.645,211.76169222987593
80.645,80.655,211.6055918276808
80.655,80.665,211.93615189263204
80.665,80.675,212.63808783903576
80.675,80.685,213.24011266232827
80.685,80.695,216.19910721673713
80.695,80.705,227.81752678274876
80.705,80.715,230.0175725149594
80.715,80.725,229.50029535647948
80.725,80.735,226.37614864666529
80.735,80.745,220.11939667434257
80.745,80.755,211.7999750892068
80.755,80.765,205.33768120429733
80.765,80.775,206.92344471783477
80.775,80.785,207.46476836176203
80.785,80.795,208.12802011360077
80.795,80.805,210.60319128554576
80.805,80.815,211.8134369655468
80.815,80.825,211.47901995099386
80.825,80.835,210.38873860403893
80.835,80.845,208.80601189720943
80.845,80.855,207.4432415682161
80.855,80.865,206.3308059268318
80.865,80.875,205.44926803300154
80.875,80.885,203.60242778257089
80.885,80.895,200.6734163284818
80.895,80.905,198.38889538385388
80.905,80.915,194.67693232553702
80.915,80.925,0.0
80.925,80.935,0.0
80.935,80.945,0.0
80.945,80.955,0.0
80.955,80.965,0.0
80.965,80.975,0.0
80.975,80.985,0.0
80.985,80.995,187.54332118920664
80.995,81.005,187.32731528731304
81.005,81.015,187.50151511174
81.015,81.025,187.14809833674204
81.025,81.035,185.27928941583292
81.035,81.045,183.75827430001692
81.045,81.055,183.2716126970704
81.055,81.065,182.67316328932105
81.065,81.075,181.52304340606835
81.075,81.085,180.69296342659038
81.085,81.095,180.03901304655662
81.095,81.105,178.8624215882417
81.105,81.115,179.10387127576377
81.115,81.125,181.93631150111744
81.125,81.135,183.2838672312675
81.135,81.145,183.23380327012876
81.145,81.155,181.90872802530282
81.155,81.165,179.8144866045642
81.165,81.175,178.593569033496
81.175,81.185,179.49923282578024
81.185,81.195,179.38190205851524
81.195,81.205,178.7277964646818
81.205,81.215,177.21768534579215
81.215,81.225,175.06519394338443
81.225,81.235,173.61721826093776
81.235,81.245,171.50352848602333
81.245,81.255,168.30818542338585
81.255,81.265,172.55881246343532
81.265,81.275,174.1299405174145
81.275,81.285,172.77355494649981
81.285,81.295,172.08265541664863
81.295,81.305,171.8213100129713
81.305,81.315,171.1863906606377
81.315,81.325,169.42866993499635
81.325,81.335,167.1166282413058
81.335,81.345,165.93878245854717
81.345,81.355,164.89207487595561
81.355,81.365,162.98822545818368
81.365,81.375,160.7505677775566
81.375,81.385,159.33766044447825
81.385,81.395,0.0
81.395,81.405,0.0
81.405,81.415,0.0
81.415,81.425,0.0
81.425,81.435,0.0
81.435,81.445,162.91290477490512
81.445,81.455,168.39483416250147
81.455,81.465,172.39970772573082
81.465,81.475,173.60118330604723
81.475,81.485,173.4009660736297
81.485,81.495,172.3203281758615
81.495,81.505,0.0
81.505,81.515,0.0
81.515,81.525,187.80355601972616
81.525,81.535,190.7995160028983
81.535,81.545,192.36597598439775
81.545,81.555,193.36131893037336
81.555,81.565,194.16872095879702
81.565,81.575,194.62948923997072
81.575,81.585,194.4555447756498
81.585,81.595,194.16954302554348
81.595,81.605,196.50144302313637
81.605,81.615,197.3641856459962
81.615,81.625,198.21651511130798
81.625,81.635,0.0
81.635,81.645,229.0384437694118
81.645,81.655,234.1529632871342
81.655,81.665,239.27137100133422
81.665,81.675,243.88177781873466
81.675,81.685,248.25249910803018
81.685,81.695,252.82716181045146
81.695,81.705,258.24798300536594
81.705,81.715,262.8994370397772
81.715,81.725,266.5665482761851
81.725,81.735,269.36286994815856
81.735,81.745,271.11506209663077
81.745,81.755,272.2132970121161
81.755,81.765,272.601548102955
81.765,81.775,272.3973077440522
81.775,81.785,271.39072757329143
81.785,81.795,269.33110947805665
81.795,81.805,266.06048786386856
81.805,81.815,262.05384358969536
81.815,81.825,258.5192566479499
81.825,81.835,255.20672691150267
81.835,81.845,251.83912626348507
81.845,81.855,248.0245413286738
81.855,81.865,242.86516065965145
81.865,81.875,236.0420905503847
81.875,81.885,220.32745736405403
81.885,81.895,207.0241100099334
81.895,81.905,199.58541551630387
81.905,81.915,194.13535083911344
81.915,81.925,189.85206557834437
81.925,81.935,187.05677525383115
81.935,81.945,185.1508267954193
81.945,81.955,183.85538609235027
81.955,81.965,182.740374343187
81.965,81.975,181.65669218871776
81.975,81.985,180.08474022811987
81.985,81.995,177.70781561683526
81.995,82.005,175.63995102651668
82.005,82.015,173.65831521282794
82.015,82.025,0.0
82.025,82.035,0.0
82.035,82.045,0.0
82.045,82.055,0.0
82.055,82.065,0.0
82.065,82.075,0.0
82.075,82.085,0.0
82.085,82.095,0.0
82.095,82.105,0.0
82.105,82.115,0.0
82.115,82.125,0.0
82.125,82.135,0.0
82.135,82.145,0.0
82.145,82.155,0.0
82.155,82.165,0.0
82.165,82.175,0.0
82.175,82.185,0.0
82.185,82.195,0.0
82.195,82.205,0.0
82.205,82.215,0.0
82.215,82.225,0.0
82.225,82.235,0.0
82.235,82.245,0.0
82.245,82.255,0.0
82.255,82.265,0.0
82.265,82.275,0.0
82.275,82.285,0.0
82.285,82.295,0.0
82.295,82.305,0.0
82.305,82.315,0.0
82.315,82.325,0.0
82.325,82.335,0.0
82.335,82.345,0.0
82.345,82.355,0.0
82.355,82.365,0.0
82.365,82.375,0.0
82.375,82.385,0.0
82.385,82.395,0.0
82.395,82.405,0.0
82.405,82.415,0.0
82.415,82.425,0.0
82.425,82.435,0.0
82.435,82.445,0.0
82.445,82.455,0.0
82.455,82.465,0.0
82.465,82.475,0.0
82.475,82.485,0.0
82.485,82.495,0.0
82.495,82.505,0.0
82.505,82.515,0.0
82.515,82.525,0.0
82.525,82.535,0.0
82.535,82.545,0.0
82.545,82.555,0.0
82.555,82.565,0.0
82.565,82.575,0.0
82.575,82.585,0.0
82.585,82.595,0.0
82.595,82.605,0.0
82.605,82.615,0.0
82.615,82.625,0.0
82.625,82.635,0.0
82.635,82.645,0.0
82.645,82.655,0.0
82.655,82.665,0.0
82.665,82.675,0.0
82.675,82.685,0.0
82.685,82.695,0.0
82.695,82.705,0.0
82.705,82.715,0.0
82.715,82.725,0.0
82.725,82.735,0.0
82.735,82.745,0.0
82.745,82.755,0.0
82.755,82.765,0.0
82.765,82.775,0.0
82.775,82.785,0.0
82.785,82.795,0.0
82.795,82.805,0.0
82.805,82.815,0.0
82.815,82.825,0.0
82.825,82.835,0.0
82.835,82.845,0.0
82.845,82.855,0.0
82.855,82.865,0.0
82.865,82.875,0.0
82.875,82.885,0.0
82.885,82.895,0.0
82.895,82.905,0.0
82.905,82.915,0.0
82.915,82.925,0.0
82.925,82.935,0.0
82.935,82.945,0.0
82.945,82.955,0.0
82.955,82.965,0.0
82.965,82.975,0.0
82.975,82.985,0.0
82.985,82.995,0.0
82.995,83.005,0.0
83.005,83.015,0.0
83.015,83.025,0.0
83.025,83.035,189.78962830563518
83.035,83.045,188.44926186788362
83.045,83.055,186.27456881432204
83.055,83.065,183.52302818067332
83.065,83.075,180.88913426223715
83.075,83.085,178.3068635713484
83.085,83.095,0.0
83.095,83.105,0.0
83.105,83.115,0.0
83.115,83.125,0.0
83.125,83.135,0.0
83.135,83.145,0.0
83.145,83.155,0.0
83.155,83.165,0.0
83.165,83.175,0.0
83.175,83.185,184.84063790139572
83.185,83.195,180.37453202115776
83.195,83.205,176.55260274913064
83.205,83.215,0.0
83.215,83.225,0.0
83.225,83.235,0.0
83.235,83.245,0.0
83.245,83.255,0.0
83.255,83.265,0.0
83.265,83.275,0.0
83.275,83.285,221.07596178693979
83.285,83.295,225.90783088681252
83.295,83.305,226.67850068129323
83.305,83.315,226.96050089393492
83.315,83.325,227.19495011358822
83.325,83.335,227.08807332320606
83.335,83.345,227.22972885842452
83.345,83.355,231.0141458893037
83.355,83.365,237.19067483188942
83.365,83.375,236.5486550256267
83.375,83.385,232.67860852996853
83.385,83.395,225.45028659601357
83.395,83.405,216.54620051906664
83.405,83.415,212.62774274379822
83.415,83.425,219.3019609369341
83.425,83.435,230.64759144336688
83.435,83.445,232.32254315860322
83.445,83.455,210.8372468625681
83.455,83.465,211.34422116050283
83.465,83.475,212.2553892853736
83.475,83.485,210.7697501413869
83.485,83.495,208.16292970391072
83.495,83.505,205.11034953703373
83.505,83.515,202.41539019576445
83.515,83.525,200.27457457296185
83.525,83.535,200.90901505701336
83.535,83.545,201.53311646264297
83.545,83.555,201.1787622210637
83.555,83.565,201.0643007623845
83.565,83.575,201.05687048007982
83.575,83.585,200.07742552286012
83.585,83.595,198.18883273756052
83.595,83.605,197.02758950947103
83.605,83.615,197.15735229396708
83.615,83.625,196.98567452441512
83.625,83.635,196.2414708535028
83.635,83.645,195.6700922140162
83.645,83.655,194.57874577353013
83.655,83.665,191.9644205771697
83.665,83.675,188.99811205088426
83.675,83.685,185.88057644962885
83.685,83.695,181.59895706187237
83.695,83.705,176.00838518475405
83.705,83.715,169.8497692320217
83.715,83.725,164.6302251626987
83.725,83.735,162.34419934125353
83.735,83.745,0.0
83.745,83.755,0.0
83.755,83.765,0.0
83.765,83.775,174.64514293551508
83.775,83.785,175.03995097027564
83.785,83.795,174.07764585099116
83.795,83.805,172.55212275919274
83.805,83.815,170.72844182882315
83.815,83.825,168.41412236931808
83.825,83.835,167.0470678616611
83.835,83.845,166.99744879299556
83.845,83.855,167.81957899022134
83.855,83.865,170.14601869540323
83.865,83.875,174.19396432002148
83.875,83.885,178.166850294412
83.885,83.895,182.3545203475827
83.895,83.905,187.08172283541438
83.905,83.915,194.39651429699487
83.915,83.925,198.398424696635
83.925,83.935,201.8543918368123
83.935,83.945,204.1312358399669
83.945,83.955,206.16800039119778
83.955,83.965,207.1890412365854
83.965,83.975,208.22880888995806
83.975,83.985,209.34045292890832
83.985,83.995,210.2987408812468
83.995,84.005,106.57462055945034
84.005,84.015,108.2914635086443
84.015,84.025,109.55140063845616
84.025,84.035,110.03981261635187
84.035,84.045,110.13799572964992
84.045,84.055,218.20884510479266
84.055,84.065,215.59954773855617
84.065,84.075,213.62857341892888
84.075,84.085,211.84065033943781
84.085,84.095,209.6340358456105
84.095,84.105,206.2452020351286
84.105,84.115,201.15473927384994
84.115,84.125,202.36663278565638
84.125,84.135,199.19009172997275
84.135,84.145,190.3839608694339
84.145,84.155,183.17946774080787
84.155,84.165,176.94223966040656
84.165,84.175,172.24013243500468
84.175,84.185,167.2305733257457
84.185,84.195,161.77223971173274
84.195,84.205,0.0
84.205,84.215,0.0
84.215,84.225,0.0
84.225,84.235,176.55097752446915
84.235,84.245,177.25154472223406
84.245,84.255,178.89487900984818
84.255,84.265,180.25546986917485
84.265,84.275,179.96376736083786
84.275,84.285,177.90643502730973
84.285,84.295,173.57779569039033
84.295,84.305,168.7999595702494
84.305,84.315,169.17462105864118
84.315,84.325,176.1219860472325
84.325,84.335,173.76126967572617
84.335,84.345,173.2546266046046
84.345,84.355,173.36738660188595
84.355,84.365,173.06872727540912
84.365,84.375,171.88997943846377
84.375,84.385,164.62966877120311
84.385,84.395,162.5334807874052
84.395,84.405,163.02498144507817
84.405,84.415,0.0
84.415,84.425,0.0
84.425,84.435,0.0
84.435,84.445,0.0
84.445,84.455,0.0
84.455,84.465,0.0
84.465,84.475,0.0
84.475,84.485,0.0
84.485,84.495,179.31255156088437
84.495,84.505,176.1206130175961
84.505,84.515,174.0112736619756
84.515,84.525,171.31326051302665
84.525,84.535,167.64701939669132
84.535,84.545,163.69443177362513
84.545,84.555,0.0
84.555,84.565,0.0
84.565,84.575,0.0
84.575,84.585,165.8879476565914
84.585,84.595,168.51263273923576
84.595,84.605,169.24821813121747
84.605,84.615,168.8053764668925
84.615,84.625,168.77783757671
84.625,84.635,169.01683023522475
84.635,84.645,168.99259341325723
84.645,84.655,171.75234002378173
84.655,84.665,175.31205856486798
84.665,84.675,176.94258128367923
84.675,84.685,178.38394752750256
84.685,84.695,180.02738479780422
84.695,84.705,182.3058591846614
84.705,84.715,184.1667563368525
84.715,84.725,185.62324581330967
84.725,84.735,187.1709625526657
84.735,84.745,188.41932637188344
84.745,84.755,189.77412970810852
84.755,84.765,192.28902909244684
84.765,84.775,192.66005001507457
84.775,84.785,190.2357082795766
84.785,84.795,187.35483664651755
84.795,84.805,186.93951717831146
84.805,84.815,195.04422840898795
84.815,84.825,194.67505196956506
84.825,84.835,192.96546022780976
84.835,84.845,191.5239975570006
84.845,84.855,189.71813302252235
84.855,84.865,187.5469400363565
84.865,84.875,185.3698970896303
84.875,84.885,183.282832422004
84.885,84.895,180.96151780145613
84.895,84.905,176.89874804705335
84.905,84.915,175.94854485717906
84.915,84.925,0.0
84.925,84.935,0.0
84.935,84.945,0.0
84.945,84.955,0.0
84.955,84.965,170.957739289801
84.965,84.975,172.3799247784366
84.975,84.985,171.6108473903794
84.985,84.995,169.35295918655575
84.995,85.005,167.56360820153327
85.005,85.015,166.13868688615415
85.015,85.025,164.9975558713134
85.025,85.035,0.0
85.035,85.045,0.0
85.045,85.055,0.0
85.055,85.065,0.0
85.065,85.075,0.0
85.075,85.085,0.0
85.085,85.095,0.0
85.095,85.105,0.0
85.105,85.115,0.0
85.115,85.125,0.0
85.125,85.135,0.0
85.135,85.145,0.0
85.145,85.155,0.0
85.155,85.165,0.0
85.165,85.175,0.0
85.175,85.185,0.0
85.185,85.195,167.17716245147935
85.195,85.205,166.05577590850118
85.205,85.215,165.20034826085265
85.215,85.225,164.56647264410455
85.225,85.235,163.452972392185
85.235,85.245,0.0
85.245,85.255,0.0
85.255,85.265,0.0
85.265,85.275,0.0
85.275,85.285,0.0
85.285,85.295,0.0
85.295,85.305,0.0
85.305,85.315,0.0
85.315,85.325,0.0
85.325,85.335,0.0
85.335,85.345,0.0
85.345,85.355,0.0
85.355,85.365,0.0
85.365,85.375,0.0
85.375,85.385,0.0
85.385,85.395,172.63116306510614
85.395,85.405,174.0602838668288
85.405,85.415,173.86519149774256
85.415,85.425,173.23342535993413
85.425,85.435,172.71822346766058
85.435,85.445,172.38149880544788
85.445,85.455,172.29719427156064
85.455,85.465,172.27130992634906
85.465,85.475,171.9574315537633
85.475,85.485,171.33902730132868
85.485,85.495,170.62019384544033
85.495,85.505,169.871703562276
85.505,85.515,168.89433828200092
85.515,85.525,167.476890173568
85.525,85.535,168.21946287637314
85.535,85.545,171.11603465665885
85.545,85.555,173.62614304858434
85.555,85.565,172.78550795635164
85.565,85.575,172.14248117749946
85.575,85.585,172.11355609911936
85.585,85.595,172.1887580054271
85.595,85.605,171.70135929417037
85.605,85.615,170.55230993520345
85.615,85.625,169.2864009510325
85.625,85.635,168.19502335760404
85.635,85.645,167.06326485848678
85.645,85.655,168.0569486668544
85.655,85.665,0.0
85.665,85.675,0.0
85.675,85.685,0.0
85.685,85.695,0.0
85.695,85.705,0.0
85.705,85.715,0.0
85.715,85.725,0.0
85.725,85.735,161.55482398126057
85.735,85.745,161.4412325771829
85.745,85.755,160.52538641212342
85.755,85.765,158.610568927963
85.765,85.775,156.7252909856472
85.775,85.785,156.13567141065468
85.785,85.795,156.19301048029175
85.795,85.805,156.11896543904072
85.805,85.815,155.36975602985999
85.815,85.825,0.0
85.825,85.835,0.0
85.835,85.845,0.0
85.845,85.855,0.0
85.855,85.865,0.0
85.865,85.875,0.0
85.875,85.885,0.0
85.885,85.895,0.0
85.895,85.905,0.0
85.905,85.915,0.0
85.915,85.925,0.0
85.925,85.935,180.28663559146335
85.935,85.945,179.47696817955259
85.945,85.955,178.98157065046846
85.955,85.965,178.94865808108813
85.965,85.975,179.26232233149662
85.975,85.985,179.17582468097493
85.985,85.995,179.11952815686843
85.995,86.005,179.8254703034031
86.005,86.015,180.72725853101025
86.015,86.025,181.4483109191228
86.025,86.035,181.81416474884398
86.035,86.045,181.61415717822294
86.045,86.055,180.95675189720285
86.055,86.065,179.97470278937885
86.065,86.075,178.83114778345325
86.075,86.085,177.66955346285027
86.085,86.095,176.53588681099342
86.095,86.105,175.399607775215
86.105,86.115,174.25808413505595
86.115,86.125,173.19415981898243
86.125,86.135,171.821717480509
86.135,86.145,169.34122583225354
86.145,86.155,168.25835800516347
86.155,86.165,171.16970066191178
86.165,86.175,172.44073898515757
86.175,86.185,170.68905760304725
86.185,86.195,168.4103835633061
86.195,86.205,168.10872979184387
86.205,86.215,169.00359710894676
86.215,86.225,168.7968013448374
86.225,86.235,168.64757785392896
86.235,86.245,168.4758116825469
86.245,86.255,168.27885852491352
86.255,86.265,168.59330241021343
86.265,86.275,168.78197847085363
86.275,86.285,168.55779282554403
86.285,86.295,168.1653818108835
86.295,86.305,167.85097533335718
86.305,86.315,167.85471130241393
86.315,86.325,167.8134346821976
86.325,86.335,167.29819784493515
86.335,86.345,166.74460597927342
86.345,86.355,166.1695329158153
86.355,86.365,165.28242777316666
86.365,86.375,164.4790370150353
86.375,86.385,164.15897692051183
86.385,86.395,164.06063780916577
86.395,86.405,163.82434168087704
86.405,86.415,163.60694922820107
86.415,86.425,163.1883577362916
86.425,86.435,162.44155453232918
86.435,86.445,161.93401685071012
86.445,86.455,161.90168639941916
86.455,86.465,162.09775998422853
86.465,86.475,162.29847506310708
86.475,86.485,162.2469938466429
86.485,86.495,161.87539155983836
86.495,86.505,161.4392253221166
86.505,86.515,161.022760065581
86.515,86.525,160.55730272813298
86.525,86.535,160.03657660604847
86.535,86.545,159.50622470905913
86.545,86.555,159.02838529292922
86.555,86.565,158.6052778465153
86.565,86.575,158.244025187157
86.575,86.585,158.1741299065216
86.585,86.595,158.29925312272113
86.595,86.605,158.06891215145805
86.605,86.615,157.26403949339888
86.615,86.625,156.08201147506028
86.625,86.635,0.0
86.635,86.645,0.0
86.645,86.655,0.0
86.655,86.665,0.0
86.665,86.675,0.0
86.675,86.685,0.0
86.685,86.695,160.1505349363026
86.695,86.705,160.03753899810368
86.705,86.715,160.2611453607289
86.715,86.725,160.2623417687976
86.725,86.735,159.82722554654507
86.735,86.745,158.97282383233676
86.745,86.755,157.65583697289736
86.755,86.765,155.83418455753647
86.765,86.775,156.0896225606423
86.775,86.785,157.25907735012146
86.785,86.795,159.19573579362864
86.795,86.805,159.65765214949505
86.805,86.815,160.09867946578152
86.815,86.825,159.0273937948401
86.825,86.835,156.05963272610828
86.835,86.845,155.17635130821853
86.845,86.855,157.33366092920832
86.855,86.865,159.06574328044707
86.865,86.875,160.9566091163322
86.875,86.885,164.1326603959672
86.885,86.895,168.56872188923455
86.895,86.905,170.80251237960624
86.905,86.915,171.31644160449747
86.915,86.925,172.97765365884158
86.925,86.935,175.71921533391492
86.935,86.945,177.7154403859872
86.945,86.955,180.5077804284351
86.955,86.965,184.15340101949252
86.965,86.975,190.81525486159762
86.975,86.985,197.51356789451322
86.985,86.995,202.74748314826812
86.995,87.005,210.43846402290126
87.005,87.015,210.5676943382765
87.015,87.025,229.54459801438824
87.025,87.035,228.95150854968426
87.035,87.045,229.28638650993756
87.045,87.055,219.71220958852405
87.055,87.065,215.24434331194283
87.065,87.075,0.0
87.075,87.085,0.0
87.085,87.095,0.0
87.095,87.105,0.0
87.105,87.115,0.0
87.115,87.125,0.0
87.125,87.135,0.0
87.135,87.145,0.0
87.145,87.155,0.0
87.155,87.165,0.0
87.165,87.175,0.0
87.175,87.185,280.06957915206675
87.185,87.195,277.38909931082236
87.195,87.205,273.1135175735137
87.205,87.215,266.013654098846
87.215,87.225,257.8483632700288
87.225,87.235,0.0
87.235,87.245,0.0
87.245,87.255,0.0
87.255,87.265,0.0
87.265,87.275,0.0
87.275,87.285,0.0
87.285,87.295,0.0
87.295,87.305,0.0
87.305,87.315,0.0
87.315,87.325,0.0
87.325,87.335,161.14651503111614
87.335,87.345,158.6387523600276
87.345,87.355,157.23020463174942
87.355,87.365,156.0681498333933
87.365,87.375,156.41693460260254
87.375,87.385,157.05919445047948
87.385,87.395,0.0
87.395,87.405,0.0
87.405,87.415,157.4037365968368
87.415,87.425,155.9514475567912
87.425,87.435,155.61082566539991
87.435,87.445,156.06935587556376
87.445,87.455,156.43360095014583
87.455,87.465,155.36663494053215
87.465,87.475,153.6630728808471
87.475,87.485,0.0
87.485,87.495,0.0
87.495,87.505,0.0
87.505,87.515,0.0
87.515,87.525,0.0
87.525,87.535,0.0
87.535,87.545,0.0
87.545,87.555,0.0
87.555,87.565,0.0
87.565,87.575,0.0
87.575,87.585,0.0
87.585,87.595,0.0
87.595,87.605,0.0
87.605,87.615,0.0
87.615,87.625,0.0
87.625,87.635,0.0
87.635,87.645,0.0
87.645,87.655,0.0
87.655,87.665,0.0
87.665,87.675,0.0
87.675,87.685,0.0
87.685,87.695,0.0
87.695,87.705,0.0
87.705,87.715,0.0
87.715,87.725,0.0
87.725,87.735,0.0
87.735,87.745,0.0
87.745,87.755,0.0
87.755,87.765,0.0
87.765,87.775,0.0
87.775,87.785,0.0
87.785,87.795,0.0
87.795,87.805,0.0
87.805,87.815,0.0
87.815,87.825,0.0
87.825,87.835,0.0
87.835,87.845,0.0
87.845,87.855,0.0
87.855,87.865,0.0
87.865,87.875,0.0
87.875,87.885,0.0
87.885,87.895,0.0
87.895,87.905,0.0
87.905,87.915,0.0
87.915,87.925,0.0
87.925,87.935,0.0
87.935,87.945,0.0
87.945,87.955,0.0
87.955,87.965,0.0
87.965,87.975,0.0
87.975,87.985,0.0
87.985,87.995,0.0
87.995,88.005,0.0
88.005,88.015,0.0
88.015,88.025,0.0
88.025,88.035,0.0
88.035,88.045,0.0
88.045,88.055,0.0
88.055,88.065,0.0
88.065,88.075,0.0
88.075,88.085,0.0
88.085,88.095,0.0
88.095,88.105,0.0
88.105,88.115,0.0
88.115,88.125,0.0
88.125,88.135,0.0
88.135,88.145,0.0
88.145,88.155,0.0
88.155,88.165,0.0
88.165,88.175,0.0
88.175,88.185,0.0
88.185,88.195,0.0
88.195,88.205,0.0
88.205,88.215,0.0
88.215,88.225,0.0
88.225,88.235,0.0
88.235,88.245,0.0
88.245,88.255,0.0
88.255,88.265,0.0
88.265,88.275,0.0
88.275,88.285,0.0
88.285,88.295,0.0
88.295,88.305,0.0
88.305,88.315,0.0
88.315,88.325,0.0
88.325,88.335,0.0
88.335,88.345,0.0
88.345,88.355,0.0
88.355,88.365,0.0
88.365,88.375,0.0
88.375,88.385,0.0
88.385,88.395,0.0
88.395,88.405,0.0
88.405,88.415,0.0
88.415,88.425,0.0
88.425,88.435,0.0
88.435,88.445,0.0
88.445,88.455,0.0
88.455,88.465,0.0
88.465,88.475,0.0
88.475,88.485,0.0
88.485,88.495,182.61567578554235
88.495,88.505,184.11453912585534
88.505,88.515,185.29336906209235
88.515,88.525,185.1614668109907
88.525,88.535,184.93323470421447
88.535,88.545,185.310604500317
88.545,88.555,185.91307141212258
88.555,88.565,186.31131882540632
88.565,88.575,186.57765056499665
88.575,88.585,186.6859642642871
88.585,88.595,186.5636213483557
88.595,88.605,186.30288625501447
88.605,88.615,186.13324292280663
88.615,88.625,186.19895174094643
88.625,88.635,186.0359554534267
88.635,88.645,185.34350496270287
88.645,88.655,184.77495553961546
88.655,88.665,184.45206450803735
88.665,88.675,184.2122901260588
88.675,88.685,184.09331925641828
88.685,88.695,183.8891636953094
88.695,88.705,183.61891848661142
88.705,88.715,183.42628058383315
88.715,88.725,183.31242456300456
88.725,88.735,183.27149978259578
88.735,88.745,183.14677349353653
88.745,88.755,182.9219067565123
88.755,88.765,182.73523555890014
88.765,88.775,182.66774993673874
88.775,88.785,182.209673782575
88.785,88.795,182.08958859722858
88.795,88.805,182.46006189263164
88.805,88.815,182.7919590544082
88.815,88.825,182.9105270507164
88.825,88.835,183.17049742081548
88.835,88.845,183.4464900216257
88.845,88.855,183.2928213623187
88.855,88.865,182.98220645630832
88.865,88.875,182.88878269004053
88.875,88.885,182.85382527786558
88.885,88.895,182.76753232927234
88.895,88.905,182.73968208573876
88.905,88.915,182.3933123812249
88.915,88.925,181.62628440394798
88.925,88.935,180.85171781373282
88.935,88.945,180.50384218428258
88.945,88.955,180.55735172582757
88.955,88.965,180.57023350114594
88.965,88.975,180.28714274517574
88.975,88.985,180.0376265019082
88.985,88.995,179.9339675368624
88.995,89.005,179.6788519048191
89.005,89.015,179.1412311874545
89.015,89.025,178.53901204970327
89.025,89.035,178.22362633980848
89.035,89.045,177.9367270097973
89.045,89.055,177.4527824596088
89.055,89.065,177.0843166170916
89.065,89.075,176.82434679181964
89.075,89.085,176.24730052860858
89.085,89.095,175.43359265225249
89.095,89.105,174.64826817252776
89.105,89.115,173.75997483212757
89.115,89.125,172.86895820480675
89.125,89.135,172.46730826324975
89.135,89.145,172.78581950765016
89.145,89.155,173.4919418259974
89.155,89.165,173.44712782659465
89.165,89.175,171.54041202353594
89.175,89.185,169.03497058993665
89.185,89.195,0.0
89.195,89.205,428.8241350076103
89.205,89.215,423.1462170953369
89.215,89.225,0.0
89.225,89.235,0.0
89.235,89.245,0.0
89.245,89.255,0.0
89.255,89.265,0.0
89.265,89.275,0.0
89.275,89.285,0.0
89.285,89.295,0.0
89.295,89.305,0.0
89.305,89.315,0.0
89.315,89.325,0.0
89.325,89.335,0.0
89.335,89.345,0.0
89.345,89.355,0.0
89.355,89.365,0.0
89.365,89.375,0.0
89.375,89.385,0.0
89.385,89.395,0.0
89.395,89.405,0.0
89.405,89.415,0.0
89.415,89.425,0.0
89.425,89.435,0.0
89.435,89.445,0.0
89.445,89.455,0.0
89.455,89.465,0.0
89.465,89.475,189.76989616162288
89.475,89.485,185.86012730662833
89.485,89.495,182.4404643447714
89.495,89.505,180.23069423505294
89.505,89.515,178.81056689306075
89.515,89.525,176.93599337089182
89.525,89.535,174.7840861945158
89.535,89.545,174.28132975932002
89.545,89.555,175.46998271742487
89.555,89.565,177.12877635307296
89.565,89.575,177.87389715930001
89.575,89.585,178.81906213815083
89.585,89.595,179.8031247112059
89.595,89.605,180.33841902527362
89.605,89.615,180.47261512349107
89.615,89.625,180.44586146436382
89.625,89.635,179.38585684689576
89.635,89.645,0.0
89.645,89.655,0.0
89.655,89.665,0.0
89.665,89.675,0.0
89.675,89.685,0.0
89.685,89.695,0.0
89.695,89.705,0.0
89.705,89.715,0.0
89.715,89.725,0.0
89.725,89.735,0.0
89.735,89.745,0.0
89.745,89.755,0.0
89.755,89.765,0.0
89.765,89.775,0.0
89.775,89.785,255.4724872048087
89.785,89.795,263.42360694114717
89.795,89.805,272.6249521828477
89.805,89.815,276.289679925639
89.815,89.825,277.10831780962974
89.825,89.835,276.69383505394575
89.835,89.845,275.9864379034331
89.845,89.855,275.48128254065796
89.855,89.865,275.1197926940224
89.865,89.875,274.3827263962357
89.875,89.885,273.0795360620674
89.885,89.895,271.470568645276
89.895,89.905,269.35931423844465
89.905,89.915,267.74628288957916
89.915,89.925,266.35752953195333
89.925,89.935,260.98399985777064
89.935,89.945,253.68559847530844
89.945,89.955,245.17680451704368
89.955,89.965,236.80594542026006
89.965,89.975,229.36435813286394
89.975,89.985,223.347391150677
89.985,89.995,217.82211443876716
89.995,90.005,209.98292546922772
90.005,90.015,202.18660132192787
90.015,90.025,204.8659671372978
90.025,90.035,209.2124617701062
90.035,90.045,209.0805754619301
90.045,90.055,206.85042141273905
90.055,90.065,206.33794514720634
90.065,90.075,206.95086036085476
90.075,90.085,206.30612515227278
90.085,90.095,204.63143217776462
90.095,90.105,202.58260022977552
90.105,90.115,201.25853641651216
90.115,90.125,199.9986345783539
90.125,90.135,197.19803115919518
90.135,90.145,196.86036975359596
90.145,90.155,197.3876960272196
90.155,90.165,196.58158035989536
90.165,90.175,194.6277087343979
90.175,90.185,0.0
90.185,90.195,0.0
90.195,90.205,0.0
90.205,90.215,0.0
90.215,90.225,0.0
90.225,90.235,0.0
90.235,90.245,0.0
90.245,90.255,0.0
90.255,90.265,0.0
90.265,90.275,195.53580837158484
90.275,90.285,191.3490078507197
90.285,90.295,188.89807495215902
90.295,90.305,187.0058724939058
90.305,90.315,185.83407175170856
90.315,90.325,185.3681920978107
90.325,90.335,185.10164898465874
90.335,90.345,184.4642871188397
90.345,90.355,0.0
90.355,90.365,0.0
90.365,90.375,0.0
90.375,90.385,0.0
90.385,90.395,0.0
90.395,90.405,0.0
90.405,90.415,0.0
90.415,90.425,0.0
90.425,90.435,231.54575964368578
90.435,90.445,226.03347802657416
90.445,90.455,222.68460555218758
90.455,90.465,220.37759727626735
90.465,90.475,218.65346282753725
90.475,90.485,217.64981687782895
90.485,90.495,109.62460501761642
90.495,90.505,110.70370673681249
90.505,90.515,111.02985686204948
90.515,90.525,110.83873755851415
90.525,90.535,110.49494780257024
90.535,90.545,219.17269553803894
90.545,90.555,214.60113440643306
90.555,90.565,214.140946926506
90.565,90.575,213.85762559268233
90.575,90.585,213.4995564034595
90.585,90.595,210.3362643142157
90.595,90.605,204.8688458631553
90.605,90.615,199.14678993277562
90.615,90.625,193.7181676319718
90.625,90.635,189.57528010343103
90.635,90.645,187.8572803422683
90.645,90.655,185.3011409083072
90.655,90.665,182.89409279949186
90.665,90.675,181.30372859730008
90.675,90.685,179.19512638051927
90.685,90.695,176.2174055071676
90.695,90.705,173.60258359844516
90.705,90.715,172.95414779482493
90.715,90.725,178.50276990298755
90.725,90.735,177.99032097370724
90.735,90.745,176.50576649770358
90.745,90.755,175.05303085324363
90.755,90.765,175.61339947402223
90.765,90.775,177.4573925510394
90.775,90.785,179.98542649543722
90.785,90.795,183.0063184889145
90.795,90.805,186.5510204124239
90.805,90.815,188.58714857950056
90.815,90.825,188.10157304452918
90.825,90.835,184.40083133815835
90.835,90.845,180.54481780786483
90.845,90.855,0.0
90.855,90.865,0.0
90.865,90.875,203.41401867649932
90.875,90.885,211.4925304981606
90.885,90.895,216.77547539122008
90.895,90.905,219.905500099323
90.905,90.915,221.072201404454
90.915,90.925,221.3097931611727
90.925,90.935,220.76569781184833
90.935,90.945,219.16366500963557
90.945,90.955,216.74260464548738
90.955,90.965,214.39906160426213
90.965,90.975,212.75659873980192
90.975,90.985,211.28268359054192
90.985,90.995,208.8154295018199
90.995,91.005,203.32103820235284
91.005,91.015,194.25384127808118
91.015,91.025,187.29245401490746
91.025,91.035,182.8308657896224
91.035,91.045,179.12250170758836
91.045,91.055,177.48083499113127
91.055,91.065,185.53487730187877
91.065,91.075,181.93360099424712
91.075,91.085,182.57751531576386
91.085,91.095,182.93994113176123
91.095,91.105,181.78230199205987
91.105,91.115,179.60636030546414
91.115,91.125,177.91762112293847
91.125,91.135,176.66161279923818
91.135,91.145,175.65936385216986
91.145,91.155,175.22713386257504
91.155,91.165,176.98154485954674
91.165,91.175,177.80330941765467
91.175,91.185,176.08182564935578
91.185,91.195,173.62558898110967
91.195,91.205,174.96556307845682
91.205,91.215,188.85221440419224
91.215,91.225,189.98761675087857
91.225,91.235,189.774386994884
91.235,91.245,190.6395185329759
91.245,91.255,193.35522643008767
91.255,91.265,198.4197263531823
91.265,91.275,203.84371463383016
91.275,91.285,208.74149461358417
91.285,91.295,224.22267967246177
91.295,91.305,240.46383814841218
91.305,91.315,242.9946082287991
91.315,91.325,245.49457882994284
91.325,91.335,249.1323937850283
91.335,91.345,251.76337089202445
91.345,91.355,252.44719004462192
91.355,91.365,251.6513447891531
91.365,91.375,248.70089473955144
91.375,91.385,234.18617540416614
91.385,91.395,0.0
91.395,91.405,0.0
91.405,91.415,198.87520249707342
91.415,91.425,201.1822328013652
91.425,91.435,202.60179442219538
91.435,91.445,203.81291947689886
91.445,91.455,204.4725624923302
91.455,91.465,205.32359119887855
91.465,91.475,207.70985966949382
91.475,91.485,208.45922149159412
91.485,91.495,205.8392287013947
91.495,91.505,0.0
91.505,91.515,0.0
91.515,91.525,0.0
91.525,91.535,0.0
91.535,91.545,0.0
91.545,91.555,0.0
91.555,91.565,0.0
91.565,91.575,0.0
91.575,91.585,0.0
91.585,91.595,0.0
91.595,91.605,0.0
91.605,91.615,0.0
91.615,91.625,195.1566658944627
91.625,91.635,195.0099001039346
91.635,91.645,193.3716035079993
91.645,91.655,190.89611930183315
91.655,91.665,189.54478159233622
91.665,91.675,186.79860547324475
91.675,91.685,180.86971518943452
91.685,91.695,177.13463962276367
91.695,91.705,174.99620960846053
91.705,91.715,173.40481647496733
91.715,91.725,173.63806174660647
91.725,91.735,173.1898053599207
91.735,91.745,170.17788692824655
91.745,91.755,168.35708264370388
91.755,91.765,168.7924449525702
91.765,91.775,169.15820895601635
91.775,91.785,167.775980558346
91.785,91.795,164.71224929211564
91.795,91.805,162.83386891770127
91.805,91.815,166.10861768171534
91.815,91.825,169.815862084579
91.825,91.835,170.3191037737255
91.835,91.845,169.50667360547337
91.845,91.855,167.68306487121797
91.855,91.865,165.98822245542107
91.865,91.875,172.8858712494556
91.875,91.885,168.6840745986678
91.885,91.895,165.65622159803107
91.895,91.905,164.3469069914553
91.905,91.915,163.34417798042122
91.915,91.925,161.87848428356088
91.925,91.935,159.59375096823672
91.935,91.945,158.60427481739674
91.945,91.955,164.9064426802168
91.955,91.965,164.3202537280307
91.965,91.975,162.6914556736954
91.975,91.985,160.6206193004497
91.985,91.995,158.3283734267401
91.995,92.005,156.07667597439251
92.005,92.015,152.98755743964912
92.015,92.025,0.0
92.025,92.035,0.0
92.035,92.045,0.0
92.045,92.055,0.0
92.055,92.065,178.54836432031408
92.065,92.075,179.67442736734702
92.075,92.085,183.58994756958953
92.085,92.095,185.51848404547044
92.095,92.105,186.76446172410047
92.105,92.115,187.71295063593445
92.115,92.125,190.82169070534908
92.125,92.135,195.04500293476497
92.135,92.145,194.830622891715
92.145,92.155,0.0
92.155,92.165,0.0
92.165,92.175,0.0
92.175,92.185,188.66757448607925
92.185,92.195,188.4712415530166
92.195,92.205,183.12224233909888
92.205,92.215,188.7894037880069
92.215,92.225,186.23506205326825
92.225,92.235,183.59175718948256
92.235,92.245,181.56328145949678
92.245,92.255,179.36461869083607
92.255,92.265,175.93566767388248
92.265,92.275,172.53670187888488
92.275,92.285,170.9659156904852
92.285,92.295,171.23190160147024
92.295,92.305,172.74457431298327
92.305,92.315,172.66063762582124
92.315,92.325,170.1035443735563
92.325,92.335,167.55606435887518
92.335,92.345,166.18768294952315
92.345,92.355,0.0
92.355,92.365,0.0
92.365,92.375,169.6045045958142
92.375,92.385,169.40210949861802
92.385,92.395,167.241746540589
92.395,92.405,164.49223799341377
92.405,92.415,161.8634358453548
92.415,92.425,159.15831578057487
92.425,92.435,156.23206686769265
92.435,92.445,153.78951043744965
92.445,92.455,153.2520792418995
92.455,92.465,151.7540427398153
92.465,92.475,0.0
92.475,92.485,0.0
92.485,92.495,159.7367277676237
92.495,92.505,158.9460057034212
92.505,92.515,157.13797827758015
92.515,92.525,155.78939068485826
92.525,92.535,154.18592394348062
92.535,92.545,152.44438355317172
92.545,92.555,151.11440723392352
92.555,92.565,150.2433677785244
92.565,92.575,149.7595632726434
92.575,92.585,149.47522430245667
92.585,92.595,149.1696020019545
92.595,92.605,148.7553204722988
92.605,92.615,147.396856440835
92.615,92.625,145.98675505746556
92.625,92.635,144.86113368485005
92.635,92.645,143.73383331689908
92.645,92.655,142.68243726426877
92.655,92.665,141.90913844497555
92.665,92.675,141.73298841523956
92.675,92.685,141.8681266346329
92.685,92.695,141.81278908862765
92.695,92.705,141.8207497864835
92.705,92.715,141.66099215615046
92.715,92.725,141.43917068466914
92.725,92.735,141.0255907777467
92.735,92.745,140.66749882501787
92.745,92.755,140.54710115517472
92.755,92.765,0.0
92.765,92.775,0.0
92.775,92.785,0.0
92.785,92.795,74.1758859906612
92.795,92.805,73.55281907114716
92.805,92.815,73.275795615207
92.815,92.825,72.29599195129894
92.825,92.835,71.99597011261538
92.835,92.845,71.21620501860315
92.845,92.855,70.80723186513845
92.855,92.865,0.0
92.865,92.875,0.0
92.875,92.885,0.0
92.885,92.895,0.0
92.895,92.905,0.0
92.905,92.915,0.0
92.915,92.925,0.0
92.925,92.935,0.0
92.935,92.945,0.0
92.945,92.955,0.0
92.955,92.965,0.0
92.965,92.975,0.0
92.975,92.985,0.0
92.985,92.995,0.0
92.995,93.005,0.0
93.005,93.015,0.0
93.015,93.025,0.0
93.025,93.035,0.0
93.035,93.045,0.0
93.045,93.055,0.0
93.055,93.065,0.0
93.065,93.075,0.0
93.075,93.085,0.0
93.085,93.095,0.0
93.095,93.105,0.0
93.105,93.115,0.0
93.115,93.125,0.0
93.125,93.135,0.0
93.135,93.145,0.0
93.145,93.155,0.0
93.155,93.165,0.0
93.165,93.175,0.0
93.175,93.185,0.0
93.185,93.195,0.0
93.195,93.205,0.0
93.205,93.215,0.0
93.215,93.225,0.0
93.225,93.235,0.0
93.235,93.245,0.0
93.245,93.255,0.0
93.255,93.265,0.0
93.265,93.275,0.0
93.275,93.285,0.0
93.285,93.295,0.0
93.295,93.305,0.0
93.305,93.315,0.0
93.315,93.325,0.0
93.325,93.335,0.0
93.335,93.345,0.0
93.345,93.355,0.0
93.355,93.365,0.0
93.365,93.375,0.0
93.375,93.385,0.0
93.385,93.395,0.0
93.395,93.405,0.0
93.405,93.415,0.0
93.415,93.425,0.0
93.425,93.435,0.0
93.435,93.445,0.0
93.445,93.455,0.0
93.455,93.465,0.0
93.465,93.475,0.0
93.475,93.485,0.0
93.485,93.495,0.0
93.495,93.505,0.0
93.505,93.515,0.0
93.515,93.525,0.0
93.525,93.535,0.0
93.535,93.545,0.0
93.545,93.555,0.0
93.555,93.565,0.0
93.565,93.575,0.0
93.575,93.585,0.0
93.585,93.595,0.0
93.595,93.605,0.0
93.605,93.615,0.0
93.615,93.625,0.0
93.625,93.635,0.0
93.635,93.645,0.0
93.645,93.655,0.0
93.655,93.665,0.0
93.665,93.675,0.0
93.675,93.685,0.0
93.685,93.695,0.0
93.695,93.705,0.0
93.705,93.715,0.0
93.715,93.725,0.0
93.725,93.735,0.0
93.735,93.745,0.0
93.745,93.755,0.0
93.755,93.765,0.0
93.765,93.775,0.0
93.775,93.785,0.0
93.785,93.795,0.0
93.795,93.805,0.0
93.805,93.815,0.0
93.815,93.825,0.0
93.825,93.835,0.0
93.835,93.845,0.0
93.845,93.855,0.0
93.855,93.865,0.0
93.865,93.875,0.0
93.875,93.885,222.7077662178041
93.885,93.895,220.00039572487574
93.895,93.905,218.82122313915258
93.905,93.915,216.49685399159225
93.915,93.925,214.4210165721514
93.925,93.935,213.33891117688478
93.935,93.945,210.48404231516503
93.945,93.955,205.42216360114378
93.955,93.965,202.0220890863784
93.965,93.975,199.8711889910577
93.975,93.985,196.88947868829845
93.985,93.995,193.72171058873516
93.995,94.005,191.12197039616515
94.005,94.015,188.69591414263388
94.015,94.025,186.3180711161562
94.025,94.035,184.38487352186314
94.035,94.045,183.12611314736412
94.045,94.055,182.64416105072806
94.055,94.065,185.3042794197222
94.065,94.075,184.26505457465618
94.075,94.085,182.66999146797014
94.085,94.095,180.59110189422492
94.095,94.105,179.44925453600803
94.105,94.115,182.30710072718875
94.115,94.125,187.73648246783975
94.125,94.135,0.0
94.135,94.145,202.34173665084836
94.145,94.155,201.14237249704942
94.155,94.165,200.2940249379346
94.165,94.175,207.84107493371454
94.175,94.185,212.26071965290322
94.185,94.195,211.21840656175235
94.195,94.205,208.9427752366242
94.205,94.215,206.36083859427833
94.215,94.225,204.27462802343567
94.225,94.235,202.15035464411486
94.235,94.245,199.66624116226268
94.245,94.255,196.90968508307202
94.255,94.265,193.79540589474212
94.265,94.275,190.17413394316793
94.275,94.285,186.1291446512234
94.285,94.295,183.7599865714277
94.295,94.305,183.2476108066308
94.305,94.315,182.2500561787962
94.315,94.325,180.80469715347928
94.325,94.335,178.77055232645947
94.335,94.345,175.93662909656283
94.345,94.355,172.9722065335115
94.355,94.365,170.3480334205721
94.365,94.375,166.70385045963363
94.375,94.385,160.01441782900335
94.385,94.395,169.6007150853127
94.395,94.405,175.5013630311167
94.405,94.415,177.6805804398031
94.415,94.425,183.96297201034423
94.425,94.435,183.73254213043822
94.435,94.445,183.2254880948643
94.445,94.455,183.21487641317256
94.455,94.465,183.63311592320167
94.465,94.475,184.41952042960617
94.475,94.485,184.95390930972255
94.485,94.495,183.94200162854483
94.495,94.505,178.5682842175826
94.505,94.515,173.5634334468981
94.515,94.525,0.0
94.525,94.535,0.0
94.535,94.545,0.0
94.545,94.555,0.0
94.555,94.565,0.0
94.565,94.575,0.0
94.575,94.585,0.0
94.585,94.595,0.0
94.595,94.605,0.0
94.605,94.615,0.0
94.615,94.625,0.0
94.625,94.635,0.0
94.635,94.645,0.0
94.645,94.655,0.0
94.655,94.665,0.0
94.665,94.675,0.0
94.675,94.685,0.0
94.685,94.695,0.0
94.695,94.705,288.04345503828637
94.705,94.715,287.7940603542292
94.715,94.725,289.018814236175
94.725,94.735,288.2410838424602
94.735,94.745,284.8588742183671
94.745,94.755,280.72312239531215
94.755,94.765,275.9926431454477
94.765,94.775,271.01985318110553
94.775,94.785,266.3696136373242
94.785,94.795,262.7020481226694
94.795,94.805,260.03070400720213
94.805,94.815,256.69156035364887
94.815,94.825,252.18435861611874
94.825,94.835,246.88840923500348
94.835,94.845,240.23906833046306
94.845,94.855,231.7282018599202
94.855,94.865,223.73034882346343
94.865,94.875,216.4376894177724
94.875,94.885,207.62855963664947
94.885,94.895,199.89571293445292
94.895,94.905,194.49395632822024
94.905,94.915,190.393323972115
94.915,94.925,187.83467480226793
94.925,94.935,186.5267402603295
94.935,94.945,185.4364470285163
94.945,94.955,183.14368697781492
94.955,94.965,179.70485592635336
94.965,94.975,180.09322315650914
94.975,94.985,178.98578517202534
94.985,94.995,178.1636943570734
94.995,95.005,176.81290947780633
95.005,95.015,172.83276596538155
95.015,95.025,169.45443942551645
95.025,95.035,166.67107901071432
95.035,95.045,164.63935819578018
95.045,95.055,163.4502254707146
95.055,95.065,162.69760335112045
95.065,95.075,161.75441967194214
95.075,95.085,160.62282241756392
95.085,95.095,159.4965104301561
95.095,95.105,158.37583922647715
95.105,95.115,157.60419730007266
95.115,95.125,157.15998267776808
95.125,95.135,156.4935098648603
95.135,95.145,155.48696402363484
95.145,95.155,155.07790567782828
95.155,95.165,155.6808636892517
95.165,95.175,156.37143231382905
95.175,95.185,156.21823363401327
95.185,95.195,155.64478698688725
95.195,95.205,0.0
95.205,95.215,0.0
95.215,95.225,0.0
95.225,95.235,0.0
95.235,95.245,0.0
95.245,95.255,0.0
95.255,95.265,0.0
95.265,95.275,0.0
95.275,95.285,0.0
95.285,95.295,0.0
95.295,95.305,0.0
95.305,95.315,0.0
95.315,95.325,218.08834966975937
95.325,95.335,213.11282038530894
95.335,95.345,212.12983344166875
95.345,95.355,212.27286262140044
95.355,95.365,212.4206126803837
95.365,95.375,212.22227922565776
95.375,95.385,214.62493653717982
95.385,95.395,221.98221813816352
95.395,95.405,223.92808659843067
95.405,95.415,221.35779973855662
95.415,95.425,215.19513549181463
95.425,95.435,206.70361679936946
95.435,95.445,200.15425432180587
95.445,95.455,0.0
95.455,95.465,0.0
95.465,95.475,0.0
95.475,95.485,0.0
95.485,95.495,202.47289497918536
95.495,95.505,204.36487434932874
95.505,95.515,205.8449339424345
95.515,95.525,206.16885049922158
95.525,95.535,205.1407089004092
95.535,95.545,205.37276399747952
95.545,95.555,204.99002574809612
95.555,95.565,203.81264408571573
95.565,95.575,202.01451259775126
95.575,95.585,199.45545567939453
95.585,95.595,195.25271092100203
95.595,95.605,194.33745990394593
95.605,95.615,193.8679142979863
95.615,95.625,191.8241370319545
95.625,95.635,189.87086454755539
95.635,95.645,188.5402922400465
95.645,95.655,188.04035365385403
95.655,95.665,187.34191417204133
95.665,95.675,186.7182752410603
95.675,95.685,187.64114659972324
95.685,95.695,189.07236054600645
95.695,95.705,191.27258247720727
95.705,95.715,193.3701660433466
95.715,95.725,193.78891240024038
95.725,95.735,192.20696783843505
95.735,95.745,189.8690540386089
95.745,95.755,188.73346527763948
95.755,95.765,187.0609334685006
95.765,95.775,184.00519697038072
95.775,95.785,179.28546776646994
95.785,95.795,0.0
95.795,95.805,0.0
95.805,95.815,0.0
95.815,95.825,0.0
95.825,95.835,0.0
95.835,95.845,0.0
95.845,95.855,0.0
95.855,95.865,0.0
95.865,95.875,0.0
95.875,95.885,0.0
95.885,95.895,0.0
95.895,95.905,0.0
95.905,95.915,0.0
95.915,95.925,0.0
95.925,95.935,0.0
95.935,95.945,0.0
95.945,95.955,0.0
95.955,95.965,0.0
95.965,95.975,0.0
95.975,95.985,0.0
95.985,95.995,185.33342952942925
95.995,96.005,185.51158512443942
96.005,96.015,185.0226116310931
96.015,96.025,184.51418273379028
96.025,96.035,184.1869165337365
96.035,96.045,183.85484514822124
96.045,96.055,183.56656249736545
96.055,96.065,183.32922175955525
96.065,96.075,183.12561106458085
96.075,96.085,183.26233397368875
96.085,96.095,183.5998504755404
96.095,96.105,183.39801561799874
96.105,96.115,182.63828988342846
96.115,96.125,181.86284225048183
96.125,96.135,181.31641579348172
96.135,96.145,181.16763461557017
96.145,96.155,181.29545601156687
96.155,96.165,181.1456863723594
96.165,96.175,180.75027669724477
96.175,96.185,180.26475815734494
96.185,96.195,179.6951821226124
96.195,96.205,179.2555462511085
96.205,96.215,178.9841483913892
96.215,96.225,178.7836881451186
96.225,96.235,178.41530611320883
96.235,96.245,178.03967906607667
96.245,96.255,178.04981250113786
96.255,96.265,178.22717721886133
96.265,96.275,178.47656868559244
96.275,96.285,178.5290301063663
96.285,96.295,178.06117675767376
96.295,96.305,177.40080861430067
96.305,96.315,176.98562358319373
96.315,96.325,176.9172900184706
96.325,96.335,176.7278234989187
96.335,96.345,176.14598067952699
96.345,96.355,175.29981032027106
96.355,96.365,174.27253929977616
96.365,96.375,172.9794879494071
96.375,96.385,171.35188771782342
96.385,96.395,169.67044151084497
96.395,96.405,168.5936553846248
96.405,96.415,168.1881937206088
96.415,96.425,0.0
96.425,96.435,0.0
96.435,96.445,0.0
96.445,96.455,0.0
96.455,96.465,0.0
96.465,96.475,0.0
96.475,96.485,179.2064667717839
96.485,96.495,178.41989375382633
96.495,96.505,177.28466080295757
96.505,96.515,174.82719961044828
96.515,96.525,170.6364272060249
96.525,96.535,167.36739072426715
96.535,96.545,165.81798644172343
96.545,96.555,0.0
96.555,96.565,0.0
96.565,96.575,0.0
96.575,96.585,0.0
96.585,96.595,0.0
96.595,96.605,170.63684458999225
96.605,96.615,168.7208600909045
96.615,96.625,165.79014533695178
96.625,96.635,165.79965852313637
96.635,96.645,165.77655362807187
96.645,96.655,163.7155508513443
96.655,96.665,161.5352364059316
96.665,96.675,159.515975988124
96.675,96.685,158.00663759502598
96.685,96.695,156.9272056924955
96.695,96.705,155.97301672742444
96.705,96.715,155.40392711489056
96.715,96.725,0.0
96.725,96.735,0.0
96.735,96.745,0.0
96.745,96.755,0.0
96.755,96.765,0.0
96.765,96.775,0.0
96.775,96.785,191.74107251379723
96.785,96.795,194.49956107357926
96.795,96.805,197.79179569293345
96.805,96.815,201.01765119202574
96.815,96.825,203.7963130956696
96.825,96.835,206.34501284946663
96.835,96.845,209.21487915193165
96.845,96.855,214.80856417743172
96.855,96.865,243.69275436286307
96.865,96.875,250.15986036493786
96.875,96.885,253.2903141652709
96.885,96.895,257.1746727619377
96.895,96.905,261.78643722112884
96.905,96.915,266.4968482374652
96.915,96.925,269.88820602347266
96.925,96.935,271.0582107999561
96.935,96.945,272.8612530363172
96.945,96.955,276.1349972690677
96.955,96.965,278.5990078210364
96.965,96.975,279.06621029702393
96.975,96.985,277.64301097270055
96.985,96.995,275.5648843857364
96.995,97.005,274.15827732212665
97.005,97.015,272.9186920253581
97.015,97.025,270.8685741954546
97.025,97.035,266.85137639423033
97.035,97.045,259.3221416369327
97.045,97.055,247.65317239642297
97.055,97.065,245.56855651754805
97.065,97.075,233.7014495973018
97.075,97.085,222.00110611675376
97.085,97.095,211.005140689065
97.095,97.105,201.03131540387
97.105,97.115,191.48887214605477
97.115,97.125,185.27837362291606
97.125,97.135,185.21997643736017
97.135,97.145,180.2088515127283
97.145,97.155,179.44538537211423
97.155,97.165,179.54722841350198
97.165,97.175,180.2232742987054
97.175,97.185,174.04948715955032
97.185,97.195,172.9607936502647
97.195,97.205,171.35327195158476
97.205,97.215,171.2771186662524
97.215,97.225,170.7170208967751
97.225,97.235,170.7845796643007
97.235,97.245,172.7273455221149
97.245,97.255,174.05956996126275
97.255,97.265,174.29017909441512
97.265,97.275,173.73258273934033
97.275,97.285,171.54660992175565
97.285,97.295,168.22145578548808
97.295,97.305,166.36425277777525
97.305,97.315,164.0464254164835
97.315,97.325,161.93335586286875
97.325,97.335,160.22256260849943
97.335,97.345,158.78803958939525
97.345,97.355,157.30772090492627
97.355,97.365,155.84794194852944
97.365,97.375,154.6570560458354
97.375,97.385,153.79308813004766
97.385,97.395,152.68048533516549
97.395,97.405,150.54412631983246
97.405,97.415,149.0142171882315
97.415,97.425,148.0005061982462
97.425,97.435,147.22238595202333
97.435,97.445,0.0
97.445,97.455,0.0
97.455,97.465,0.0
97.465,97.475,0.0
97.475,97.485,0.0
97.485,97.495,0.0
97.495,97.505,0.0
97.505,97.515,0.0
97.515,97.525,0.0
97.525,97.535,0.0
97.535,97.545,0.0
97.545,97.555,0.0
97.555,97.565,0.0
97.565,97.575,0.0
97.575,97.585,0.0
97.585,97.595,0.0
97.595,97.605,0.0
97.605,97.615,0.0
97.615,97.625,0.0
97.625,97.635,0.0
97.635,97.645,0.0
97.645,97.655,0.0
97.655,97.665,0.0
97.665,97.675,0.0
97.675,97.685,0.0
97.685,97.695,0.0
97.695,97.705,0.0
97.705,97.715,0.0
97.715,97.725,0.0
97.725,97.735,0.0
97.735,97.745,0.0
97.745,97.755,0.0
97.755,97.765,0.0
97.765,97.775,0.0
97.775,97.785,0.0
97.785,97.795,0.0
97.795,97.805,0.0
97.805,97.815,0.0
97.815,97.825,0.0
97.825,97.835,0.0
97.835,97.845,0.0
97.845,97.855,0.0
97.855,97.865,0.0
97.865,97.875,178.80407402989164
97.875,97.885,180.56339039839938
97.885,97.895,181.71500385947124
97.895,97.905,182.48507618495955
97.905,97.915,183.0881391267931
97.915,97.925,183.8720623697865
97.925,97.935,185.67615431763463
97.935,97.945,187.11571752239126
97.945,97.955,186.26251636019282
97.955,97.965,182.5358617553694
97.965,97.975,179.36070694207334
97.975,97.985,178.10607896413072
97.985,97.995,178.45708592788145
97.995,98.005,186.32525652592398
98.005,98.015,185.40293408661697
98.015,98.025,183.9683447370547
98.025,98.035,181.8015743742197
98.035,98.045,177.15592558371384
98.045,98.055,180.11927775977927
98.055,98.065,186.08706100877643
98.065,98.075,186.2060966211311
98.075,98.085,184.64273366868377
98.085,98.095,182.2557997533549
98.095,98.105,180.46161435788304
98.105,98.115,179.21996834664324
98.115,98.125,178.0530154338448
98.125,98.135,177.5223247575697
98.135,98.145,181.185935045638
98.145,98.155,184.35579995980862
98.155,98.165,184.7524884020506
98.165,98.175,0.0
98.175,98.185,0.0
98.185,98.195,0.0
98.195,98.205,209.10865284517737
98.205,98.215,209.51592072454207
98.215,98.225,209.47667905636908
98.225,98.235,209.4470474349984
98.235,98.245,209.61624681930343
98.245,98.255,209.8616970314414
98.255,98.265,209.8942610025284
98.265,98.275,209.6409405017957
98.275,98.285,208.83514228728708
98.285,98.295,206.2360474580808
98.295,98.305,200.42290588418805
98.305,98.315,193.11892749285363
98.315,98.325,188.25771465086098
98.325,98.335,191.6667600684122
98.335,98.345,193.94296735434227
98.345,98.355,192.12118961180738
98.355,98.365,188.84240946702096
98.365,98.375,185.6835717817233
98.375,98.385,182.54666751481912
98.385,98.395,179.27719308228478
98.395,98.405,175.5644835839566
98.405,98.415,173.3461392836184
98.415,98.425,174.68189499594516
98.425,98.435,176.30653984808558
98.435,98.445,178.57368048884783
98.445,98.455,179.76423594914536
98.455,98.465,179.30772699129776
98.465,98.475,177.37971856851098
98.475,98.485,173.0424339007206
98.485,98.495,169.0048884684774
98.495,98.505,170.16970359816358
98.505,98.515,171.0436972803388
98.515,98.525,170.86496748626922
98.525,98.535,169.87764842281794
98.535,98.545,168.65907776838404
98.545,98.555,167.24650341968805
98.555,98.565,164.77474237529202
98.565,98.575,159.60410639901036
98.575,98.585,0.0
98.585,98.595,0.0
98.595,98.605,0.0
98.605,98.615,0.0
98.615,98.625,0.0
98.625,98.635,0.0
98.635,98.645,0.0
98.645,98.655,0.0
98.655,98.665,0.0
98.665,98.675,162.40059874338772
98.675,98.685,161.57663540365462
98.685,98.695,159.84808771460484
98.695,98.705,157.90076175074714
98.705,98.715,156.53448329026682
98.715,98.725,154.75370738175084
98.725,98.735,153.64876285593095
98.735,98.745,151.81694993667642
98.745,98.755,150.35822923346282
98.755,98.765,149.3701650912073
98.765,98.775,148.7007600017113
98.775,98.785,147.90754142881042
98.785,98.795,147.46756992199602
98.795,98.805,143.98098475191915
98.805,98.815,143.9795218704214
98.815,98.825,144.00380749530427
98.825,98.835,0.0
98.835,98.845,0.0
98.845,98.855,0.0
98.855,98.865,0.0
98.865,98.875,0.0
98.875,98.885,0.0
98.885,98.895,0.0
98.895,98.905,0.0
98.905,98.915,0.0
98.915,98.925,0.0
98.925,98.935,151.9243574669281
98.935,98.945,153.2141237111562
98.945,98.955,153.38341659935028
98.955,98.965,153.09674563866375
98.965,98.975,152.54216006132683
98.975,98.985,151.9066997953582
98.985,98.995,151.71623482919182
98.995,99.005,151.6419279195833
99.005,99.015,150.95616809648172
99.015,99.025,149.79987173391746
99.025,99.035,149.5270039029246
99.035,99.045,149.7882851171715
99.045,99.055,149.26400452610477
99.055,99.065,147.3136923667885
99.065,99.075,0.0
99.075,99.085,0.0
99.085,99.095,0.0
99.095,99.105,0.0
99.105,99.115,0.0
99.115,99.125,0.0
99.125,99.135,0.0
99.135,99.145,0.0
99.145,99.155,0.0
99.155,99.165,0.0
99.165,99.175,0.0
99.175,99.185,0.0
99.185,99.195,0.0
99.195,99.205,0.0
99.205,99.215,0.0
99.215,99.225,0.0
99.225,99.235,0.0
99.235,99.245,0.0
99.245,99.255,0.0
99.255,99.265,0.0
99.265,99.275,0.0
99.275,99.285,0.0
99.285,99.295,0.0
99.295,99.305,0.0
99.305,99.315,0.0
99.315,99.325,0.0
99.325,99.335,0.0
99.335,99.345,0.0
99.345,99.355,0.0
99.355,99.365,0.0
99.365,99.375,0.0
99.375,99.385,0.0
99.385,99.395,0.0
99.395,99.405,0.0
99.405,99.415,0.0
99.415,99.425,0.0
99.425,99.435,0.0
99.435,99.445,0.0
99.445,99.455,0.0
99.455,99.465,0.0
99.465,99.475,0.0
99.475,99.485,0.0
99.485,99.495,0.0
99.495,99.505,0.0
99.505,99.515,0.0
99.515,99.525,0.0
99.525,99.535,0.0
99.535,99.545,0.0
99.545,99.555,0.0
99.555,99.565,0.0
99.565,99.575,0.0
99.575,99.585,0.0
99.585,99.595,0.0
99.595,99.605,0.0
99.605,99.615,0.0
99.615,99.625,0.0
99.625,99.635,0.0
99.635,99.645,0.0
99.645,99.655,215.58383996025967
99.655,99.665,206.72066936750784
99.665,99.675,202.87452808568617
99.675,99.685,199.7381587154606
99.685,99.695,198.3258442542727
99.695,99.705,198.4118608462472
99.705,99.715,197.69119436207617
99.715,99.725,194.6473015611488
99.725,99.735,188.4059487781895
99.735,99.745,180.2267088107534
99.745,99.755,175.4198116254007
99.755,99.765,0.0
99.765,99.775,0.0
99.775,99.785,0.0
99.785,99.795,0.0
99.795,99.805,204.35638833216336
99.805,99.815,201.42344008023485
99.815,99.825,200.6596478345597
99.825,99.835,199.0530879712492
99.835,99.845,196.48482534373952
99.845,99.855,193.7792076063524
99.855,99.865,191.41211014913293
99.865,99.875,190.7800703906495
99.875,99.885,194.8027508728487
99.885,99.895,197.72294283183854
99.895,99.905,200.71101206843477
99.905,99.915,203.2246454299128
99.915,99.925,207.10403495489433
99.925,99.935,212.28344798478798
99.935,99.945,212.0419140594514
99.945,99.955,210.95682164214824
99.955,99.965,210.17253623867856
99.965,99.975,210.36243102582145
99.975,99.985,212.00879885673058
99.985,99.995,212.64766933389058
99.995,100.005,211.30971102964816
100.005,100.015,209.0493631844417
100.015,100.025,204.36236239949363
100.025,100.035,0.0
100.035,100.045,0.0
100.045,100.055,0.0
100.055,100.065,0.0
100.065,100.075,0.0
100.075,100.085,199.76797147936895
100.085,100.095,196.3124330136765
100.095,100.105,194.2339379220801
100.105,100.115,192.22229495823777
100.115,100.125,189.9626035200165
100.125,100.135,187.43007067110824
100.135,100.145,185.06124402028584
100.145,100.155,0.0
100.155,100.165,0.0
100.165,100.175,0.0
100.175,100.185,0.0
100.185,100.195,0.0
100.195,100.205,0.0
100.205,100.215,0.0
100.215,100.225,0.0
100.225,100.235,0.0
100.235,100.245,181.683215516017
100.245,100.255,180.66079789113084
100.255,100.265,180.164025898633
100.265,100.275,178.82732034160463
100.275,100.285,176.14606462698535
100.285,100.295,176.9553216899164
100.295,100.305,178.49816888323676
100.305,100.315,178.24173535210653
100.315,100.325,177.34340601285922
100.325,100.335,176.92707741149698
100.335,100.345,176.29811733758694
100.345,100.355,175.20203854443298
100.355,100.365,173.88981532279482
100.365,100.375,169.71395705192046
100.375,100.385,167.88606212767255
100.385,100.395,169.14771806056814
100.395,100.405,168.22863444594879
100.405,100.415,165.70590794168584
100.415,100.425,163.1856722543599
100.425,100.435,0.0
100.435,100.445,0.0
100.445,100.455,0.0
100.455,100.465,0.0
100.465,100.475,0.0
100.475,100.485,0.0
100.485,100.495,0.0
100.495,100.505,166.66440959238102
100.505,100.515,165.25937249977932
100.515,100.525,163.738376654338
100.525,100.535,162.47980686869258
100.535,100.545,161.52439733786028
100.545,100.555,160.30332455809133
100.555,100.565,158.79548800152781
100.565,100.575,157.53229969586295
100.575,100.585,157.5507301458592
100.585,100.595,159.34677437841077
100.595,100.605,157.5756980802377
100.605,100.615,154.76630529115025
100.615,100.625,153.89036690227977
100.625,100.635,154.62923551358088
100.635,100.645,153.5553489116853
100.645,100.655,151.18567670728217
100.655,100.665,149.45464932236348
100.665,100.675,150.87728832160667
100.675,100.685,151.3026209703314
100.685,100.695,151.07844911660717
100.695,100.705,153.25434145802447
100.705,100.715,152.28668539212003
100.715,100.725,148.70334916342182
100.725,100.735,147.41206266586363
100.735,100.745,146.00406864217555
100.745,100.755,144.0980835992522
100.755,100.765,142.8035127670218
100.765,100.775,141.6718919643339
100.775,100.785,141.43584689196712
100.785,100.795,142.79866529238677
100.795,100.805,143.32510600704586
100.805,100.815,0.0
100.815,100.825,0.0
100.825,100.835,0.0
100.835,100.845,0.0
100.845,100.855,143.04498490591712
100.855,100.865,144.48321168333544
100.865,100.875,144.5361655575193
100.875,100.885,143.73591575787165
100.885,100.895,142.58989761944787
100.895,100.905,141.56443715612866
100.905,100.915,140.6180128287586
100.915,100.925,139.38500795671655
100.925,100.935,138.27919054148782
100.935,100.945,139.96831731680547
100.945,100.955,141.37472486362253
100.955,100.965,141.09974504942232
100.965,100.975,140.68543565981642
100.975,100.985,140.21035953265468
100.985,100.995,0.0
100.995,101.005,0.0
101.005,101.015,0.0
101.015,101.025,0.0
101.025,101.035,0.0
101.035,101.045,0.0
101.045,101.055,0.0
101.055,101.065,0.0
101.065,101.075,0.0
101.075,101.085,0.0
101.085,101.095,0.0
101.095,101.105,0.0
101.105,101.115,0.0
101.115,101.125,0.0
101.125,101.135,0.0
101.135,101.145,0.0
101.145,101.155,0.0
101.155,101.165,0.0
101.165,101.175,0.0
101.175,101.185,0.0
101.185,101.195,0.0
101.195,101.205,0.0
101.205,101.215,0.0
101.215,101.225,0.0
101.225,101.235,0.0
101.235,101.245,0.0
101.245,101.255,0.0
101.255,101.265,0.0
101.265,101.275,0.0
101.275,101.285,0.0
101.285,101.295,0.0
101.295,101.305,0.0
101.305,101.315,0.0
101.315,101.325,0.0
101.325,101.335,0.0
101.335,101.345,0.0
101.345,101.355,0.0
101.355,101.365,0.0
101.365,101.375,0.0
101.375,101.385,0.0
101.385,101.395,0.0
101.395,101.405,0.0
101.405,101.415,0.0
101.415,101.425,0.0
101.425,101.435,0.0
101.435,101.445,0.0
101.445,101.455,0.0
101.455,101.465,0.0
101.465,101.475,0.0
101.475,101.485,0.0
101.485,101.495,0.0
101.495,101.505,0.0
101.505,101.515,0.0
101.515,101.525,0.0
101.525,101.535,0.0
101.535,101.545,0.0
101.545,101.555,0.0
101.555,101.565,245.23696982371754
101.565,101.575,243.99536967451698
101.575,101.585,243.32042745418062
101.585,101.595,243.30404248790867
101.595,101.605,239.32389617993562
101.605,101.615,227.98826557442922
101.615,101.625,222.58452705859648
101.625,101.635,217.72556191332194
101.635,101.645,212.61967777115316
101.645,101.655,211.721790277373
101.655,101.665,209.55469441745407
101.665,101.675,206.4107181586771
101.675,101.685,202.70211439215447
101.685,101.695,199.45832722169368
101.695,101.705,198.22115506470166
101.705,101.715,197.741271512373
101.715,101.725,197.22903925192432
101.725,101.735,195.28279605526495
101.735,101.745,194.31888825192434
101.745,101.755,191.70048332066773
101.755,101.765,188.27032828649882
101.765,101.775,187.62805071113655
101.775,101.785,198.92790925823263
101.785,101.795,203.27238665238932
101.795,101.805,207.08951504424076
101.805,101.815,208.4560089020259
101.815,101.825,207.98871361949352
101.825,101.835,198.63353726885518
101.835,101.845,196.09526104885234
101.845,101.855,0.0
101.855,101.865,230.90979132176523
101.865,101.875,229.9821864925883
101.875,101.885,230.8022937487764
101.885,101.895,231.82970239501853
101.895,101.905,232.32688740679106
101.905,101.915,232.40674263571987
101.915,101.925,232.22076109976183
101.925,101.935,231.7267804190154
101.935,101.945,230.808746261673
101.945,101.955,227.97743979187624
101.955,101.965,0.0
101.965,101.975,0.0
101.975,101.985,0.0
101.985,101.995,0.0
101.995,102.005,0.0
102.005,102.015,0.0
102.015,102.025,0.0
102.025,102.035,0.0
102.035,102.045,0.0
102.045,102.055,0.0
102.055,102.065,0.0
102.065,102.075,0.0
102.075,102.085,0.0
102.085,102.095,0.0
102.095,102.105,254.28979344600177
102.105,102.115,252.14920193172347
102.115,102.125,249.43709672257174
102.125,102.135,247.81634861509636
102.135,102.145,246.268572011628
102.145,102.155,243.99402709030994
102.155,102.165,241.78979676188632
102.165,102.175,240.43415174254432
102.175,102.185,238.81532071336784
102.185,102.195,236.49428704363316
102.195,102.205,235.19530386829115
102.205,102.215,229.20058230494945
102.215,102.225,223.38266797003897
102.225,102.235,219.9076745635235
102.235,102.245,215.91453034290276
102.245,102.255,212.65432498389472
102.255,102.265,210.86482786592475
102.265,102.275,209.70341433341227
102.275,102.285,208.53028292682643
102.285,102.295,193.94165469796013
102.295,102.305,0.0
102.305,102.315,0.0
102.315,102.325,186.137824164323
102.325,102.335,186.9211656204232
102.335,102.345,187.03407430497393
102.345,102.355,186.26386083153196
102.355,102.365,184.509439965217
102.365,102.375,182.57655628535213
102.375,102.385,178.11753221656863
102.385,102.395,0.0
102.395,102.405,0.0
102.405,102.415,0.0
102.415,102.425,0.0
102.425,102.435,0.0
102.435,102.445,0.0
102.445,102.455,0.0
102.455,102.465,0.0
102.465,102.475,0.0
102.475,102.485,0.0
102.485,102.495,0.0
102.495,102.505,0.0
102.505,102.515,175.3593906958451
102.515,102.525,175.20966280653298
102.525,102.535,175.80962148880977
102.535,102.545,182.92642113894777
102.545,102.555,189.63482740053269
102.555,102.565,192.69723912679876
102.565,102.575,194.5773594227669
102.575,102.585,196.21794997737697
102.585,102.595,197.46496833491088
102.595,102.605,198.36269945925784
102.605,102.615,199.51488014851375
102.615,102.625,200.9367115598012
102.625,102.635,202.00508532502454
102.635,102.645,202.2075700264689
102.645,102.655,201.7087256745936
102.655,102.665,200.70868067985444
102.665,102.675,198.87911032253254
102.675,102.685,196.18394147729447
102.685,102.695,192.16952693648665
102.695,102.705,0.0
102.705,102.715,0.0
102.715,102.725,0.0
102.725,102.735,194.8553090684633
102.735,102.745,194.9082476536735
102.745,102.755,193.69127344484082
102.755,102.765,192.12340655821836
102.765,102.775,191.2708460842026
102.775,102.785,190.68838478184975
102.785,102.795,190.21974420323093
102.795,102.805,189.85523659499702
102.805,102.815,189.26766109770128
102.815,102.825,187.74240949572717
102.825,102.835,185.97324838665813
102.835,102.845,185.2624596183642
102.845,102.855,184.50605086101152
102.855,102.865,183.38170653789865
102.865,102.875,182.13190074305263
102.875,102.885,180.92403924499595
102.885,102.895,179.9191091066415
102.895,102.905,179.54344930750884
102.905,102.915,180.48706819560815
102.915,102.925,182.59359898514148
102.925,102.935,183.89677951909118
102.935,102.945,184.57057149605052
102.945,102.955,185.3034494310139
102.955,102.965,186.41383445707905
102.965,102.975,187.4526673718627
102.975,102.985,187.39464522229932
102.985,102.995,186.67864341516534
102.995,103.005,186.03000284562006
103.005,103.015,185.16786364527715
103.015,103.025,184.24968292583912
103.025,103.035,183.50675142704307
103.035,103.045,183.34353175862617
103.045,103.055,183.743684791719
103.055,103.065,184.07717300195762
103.065,103.075,184.38529239835665
103.075,103.085,184.71107354662058
103.085,103.095,185.22621304641896
103.095,103.105,186.2793746808308
103.105,103.115,187.26260308093697
103.115,103.125,187.91094344982224
103.125,103.135,188.44289064317172
103.135,103.145,188.48817794762527
103.145,103.155,188.05736911098148
103.155,103.165,187.33648180218893
103.165,103.175,186.52753236751494
103.175,103.185,185.98335473977687
103.185,103.195,185.3423434587732
103.195,103.205,184.4544626304642
103.205,103.215,183.49336044308157
103.215,103.225,182.25452528847435
103.225,103.235,0.0
103.235,103.245,0.0
103.245,103.255,0.0
103.255,103.265,0.0
103.265,103.275,0.0
103.275,103.285,0.0
103.285,103.295,0.0
103.295,103.305,0.0
103.305,103.315,0.0
103.315,103.325,0.0
103.325,103.335,0.0
103.335,103.345,0.0
103.345,103.355,0.0
103.355,103.365,0.0
103.365,103.375,0.0
103.375,103.385,0.0
103.385,103.395,0.0
103.395,103.405,0.0
103.405,103.415,0.0
103.415,103.425,0.0
103.425,103.435,0.0
103.435,103.445,0.0
103.445,103.455,0.0
103.455,103.465,0.0
103.465,103.475,0.0
103.475,103.485,0.0
103.485,103.495,0.0
103.495,103.505,0.0
103.505,103.515,0.0
103.515,103.525,0.0
103.525,103.535,0.0
103.535,103.545,0.0
103.545,103.555,0.0
103.555,103.565,0.0
103.565,103.575,0.0
103.575,103.585,0.0
103.585,103.595,0.0
103.595,103.605,0.0
103.605,103.615,0.0
103.615,103.625,0.0
103.625,103.635,0.0
103.635,103.645,0.0
103.645,103.655,0.0
103.655,103.665,0.0
103.665,103.675,0.0
103.675,103.685,0.0
103.685,103.695,0.0
103.695,103.705,0.0
103.705,103.715,0.0
103.715,103.725,227.9227674444612
103.725,103.735,228.94007891805322
103.735,103.745,0.0
103.745,103.755,0.0
103.755,103.765,198.24483039329462
103.765,103.775,199.76263035599953
103.775,103.785,201.07234020730368
103.785,103.795,202.05510889442294
103.795,103.805,203.1219061366056
103.805,103.815,205.31204380570114
103.815,103.825,205.66470855316192
103.825,103.835,204.58254936410708
103.835,103.845,203.0471381671208
103.845,103.855,201.0995092315655
103.855,103.865,199.25952893505064
103.865,103.875,197.62189781030065
103.875,103.885,197.0698892836678
103.885,103.895,197.56558757428755
103.895,103.905,194.82133062242306
103.905,103.915,191.2192448912131
103.915,103.925,188.0927070519994
103.925,103.935,185.5780384953031
103.935,103.945,184.4460723645691
103.945,103.955,184.99487939582247
103.955,103.965,192.05742599046042
103.965,103.975,191.83026836131944
103.975,103.985,191.58823616757869
103.985,103.995,190.93797844445447
103.995,104.005,188.61054329750195
104.005,104.015,186.07397641589142
104.015,104.025,184.04770757190857
104.025,104.035,183.00588820040736
104.035,104.045,182.5484224097807
104.045,104.055,181.9042178851296
104.055,104.065,180.23913044794602
104.065,104.075,177.54669668015097
104.075,104.085,176.0984617058959
104.085,104.095,174.92289597979484
104.095,104.105,174.20635880878598
104.105,104.115,174.54867371300696
104.115,104.125,173.7150791670386
104.125,104.135,171.90962199546033
104.135,104.145,172.20139666722613
104.145,104.155,174.69424354633773
104.155,104.165,170.0138388065851
104.165,104.175,166.47716138296192
104.175,104.185,0.0
104.185,104.195,0.0
104.195,104.205,83.02219954868174
104.205,104.215,82.53463141303864
104.215,104.225,81.60527123775928
104.225,104.235,80.82811044297344
104.235,104.245,80.3206177225295
104.245,104.255,0.0
104.255,104.265,0.0
104.265,104.275,0.0
104.275,104.285,0.0
104.285,104.295,0.0
104.295,104.305,0.0
104.305,104.315,0.0
104.315,104.325,0.0
104.325,104.335,0.0
104.335,104.345,0.0
104.345,104.355,0.0
104.355,104.365,395.91358683687787
104.365,104.375,397.6715201819717
104.375,104.385,399.9853950908356
104.385,104.395,0.0
104.395,104.405,0.0
104.405,104.415,78.13530111582561
104.415,104.425,77.58943304120643
104.425,104.435,76.82659464034637
104.435,104.445,75.80895394442025
104.445,104.455,74.71798396519937
104.455,104.465,73.6550351737404
104.465,104.475,73.19464794160214
104.475,104.485,0.0
104.485,104.495,0.0
104.495,104.505,0.0
104.505,104.515,0.0
104.515,104.525,146.33879350328505
104.525,104.535,148.8083853092219
104.535,104.545,148.77023669791868
104.545,104.555,146.10603202400986
104.555,104.565,144.13606780899235
104.565,104.575,143.73722050766267
104.575,104.585,142.0225492654693
104.585,104.595,144.01106960973544
104.595,104.605,146.15071492694494
104.605,104.615,145.67463104604147
104.615,104.625,143.27207890514384
104.625,104.635,140.94945646502595
104.635,104.645,0.0
104.645,104.655,0.0
104.655,104.665,0.0
104.665,104.675,0.0
104.675,104.685,0.0
104.685,104.695,143.36634436684514
104.695,104.705,143.2910039839729
104.705,104.715,0.0
104.715,104.725,0.0
104.725,104.735,0.0
104.735,104.745,0.0
104.745,104.755,0.0
104.755,104.765,0.0
104.765,104.775,0.0
104.775,104.785,0.0
104.785,104.795,0.0
104.795,104.805,0.0
104.805,104.815,0.0
104.815,104.825,0.0
104.825,104.835,0.0
104.835,104.845,0.0
104.845,104.855,0.0
104.855,104.865,0.0
104.865,104.875,0.0
104.875,104.885,0.0
104.885,104.895,0.0
104.895,104.905,0.0
104.905,104.915,0.0
104.915,104.925,0.0
104.925,104.935,0.0
104.935,104.945,0.0
104.945,104.955,0.0
104.955,104.965,0.0
104.965,104.975,0.0
104.975,104.985,0.0
104.985,104.995,0.0
104.995,105.005,0.0
105.005,105.015,0.0
105.015,105.025,0.0
105.025,105.035,0.0
105.035,105.045,0.0
105.045,105.055,0.0
105.055,105.065,0.0
105.065,105.075,0.0
105.075,105.085,0.0
105.085,105.095,0.0
105.095,105.105,0.0
105.105,105.115,0.0
105.115,105.125,0.0
105.125,105.135,0.0
105.135,105.145,0.0
105.145,105.155,0.0
105.155,105.165,0.0
105.165,105.175,0.0
105.175,105.185,0.0
105.185,105.195,0.0
105.195,105.205,0.0
105.205,105.215,0.0
105.215,105.225,0.0
105.225,105.235,0.0
105.235,105.245,0.0
105.245,105.255,0.0
105.255,105.265,0.0
105.265,105.275,0.0
105.275,105.285,0.0
105.285,105.295,0.0
105.295,105.305,0.0
105.305,105.315,0.0
105.315,105.325,0.0
105.325,105.335,0.0
105.335,105.345,0.0
105.345,105.355,0.0
105.355,105.365,0.0
105.365,105.375,0.0
105.375,105.385,0.0
105.385,105.395,0.0
105.395,105.405,0.0
105.405,105.415,0.0
105.415,105.425,0.0
105.425,105.435,0.0
105.435,105.445,0.0
105.445,105.455,0.0
105.455,105.465,0.0
105.465,105.475,0.0
105.475,105.485,162.00168287345346
105.485,105.495,163.3720774431333
105.495,105.505,163.84206935683233
105.505,105.515,163.7834533616
105.515,105.525,162.95380891667799
105.525,105.535,160.46152183172612
105.535,105.545,157.57678831558235
105.545,105.555,165.15685715406588
105.555,105.565,165.53502836553338
105.565,105.575,166.19045391550867
105.575,105.585,167.87512916753352
105.585,105.595,169.4546843545114
105.595,105.605,170.14834225519687
105.605,105.615,171.14120773222749
105.615,105.625,171.73082861808598
105.625,105.635,171.7144465009825
105.635,105.645,171.74455733010072
105.645,105.655,172.26364114617544
105.655,105.665,171.99077827122824
105.665,105.675,170.82029985891475
105.675,105.685,168.62594633002968
105.685,105.695,167.59934382551742
105.695,105.705,167.8007695283437
105.705,105.715,167.61011268986812
105.715,105.725,167.03332745887857
105.725,105.735,166.250556654249
105.735,105.745,165.14079893602454
105.745,105.755,164.04163551779578
105.755,105.765,165.9800474597396
105.765,105.775,167.11684102965194
105.775,105.785,166.73584629777264
105.785,105.795,165.74611432305267
105.795,105.805,164.4886294932574
105.805,105.815,163.40078191323795
105.815,105.825,163.5998137409617
105.825,105.835,0.0
105.835,105.845,166.27233976021148
105.845,105.855,166.39113607254686
105.855,105.865,175.85551086358205
105.865,105.875,182.83078223718044
105.875,105.885,186.26559316075446
105.885,105.895,188.27566317251438
105.895,105.905,188.73623666204938
105.905,105.915,188.22748431851159
105.915,105.925,187.42345933707594
105.925,105.935,186.49235826503565
105.935,105.945,185.3482241109669
105.945,105.955,184.5765244503618
105.955,105.965,183.48120737698108
105.965,105.975,178.46161464177473
105.975,105.985,175.24912925533368
105.985,105.995,171.78789476328123
105.995,106.005,168.4412041156938
106.005,106.015,167.93797764650813
106.015,106.025,0.0
106.025,106.035,0.0
106.035,106.045,0.0
106.045,106.055,170.1875999698701
106.055,106.065,170.02472937148042
106.065,106.075,169.91454214767174
106.075,106.085,169.51718571736467
106.085,106.095,168.49331277778862
106.095,106.105,167.45677490286275
106.105,106.115,168.31308569735478
106.115,106.125,170.46476149857153
106.125,106.135,171.40471295333884
106.135,106.145,171.52616637289617
106.145,106.155,171.38310252142085
106.155,106.165,171.34750411204692
106.165,106.175,171.69361869571685
106.175,106.185,172.41437881183435
106.185,106.195,172.87097725303929
106.195,106.205,172.70064765704032
106.205,106.215,171.90030256746542
106.215,106.225,170.51151871432575
106.225,106.235,168.991905433555
106.235,106.245,166.02756864126383
106.245,106.255,163.40728140816603
106.255,106.265,161.98515819252404
106.265,106.275,161.04860589593483
106.275,106.285,160.25992850997488
106.285,106.295,158.95281738120806
106.295,106.305,158.24768566455134
106.305,106.315,0.0
106.315,106.325,0.0
106.325,106.335,0.0
106.335,106.345,0.0
106.345,106.355,0.0
106.355,106.365,154.8622447318188
106.365,106.375,155.09697018442333
106.375,106.385,154.74942307059916
106.385,106.395,153.7750527686806
106.395,106.405,151.02291802976683
106.405,106.415,0.0
106.415,106.425,0.0
106.425,106.435,0.0
106.435,106.445,0.0
106.445,106.455,0.0
106.455,106.465,0.0
106.465,106.475,0.0
106.475,106.485,0.0
106.485,106.495,0.0
106.495,106.505,0.0
106.505,106.515,0.0
106.515,106.525,0.0
106.525,106.535,0.0
106.535,106.545,0.0
106.545,106.555,164.6184019957857
106.555,106.565,163.2480906554254
106.565,106.575,162.98516632276062
106.575,106.585,163.56703544510103
106.585,106.595,164.83837452189013
106.595,106.605,168.36024525872946
106.605,106.615,168.65574568320207
106.615,106.625,168.33559127826092
106.625,106.635,167.7725856687981
106.635,106.645,166.190789563879
106.645,106.655,162.98137712808352
106.655,106.665,159.2438830717204
106.665,106.675,169.54128306363145
106.675,106.685,169.00843845516428
106.685,106.695,168.59904114662933
106.695,106.705,170.14494410743293
106.705,106.715,170.36408051193328
106.715,106.725,168.36955781715125
106.725,106.735,165.15415619860568
106.735,106.745,161.46674000929795
106.745,106.755,158.50447806906675
106.755,106.765,156.37018077981432
106.765,106.775,156.99090152965067
106.775,106.785,163.1319358547637
106.785,106.795,163.54031761765097
106.795,106.805,163.14822442333525
106.805,106.815,162.42540971981765
106.815,106.825,161.51675092807213
106.825,106.835,159.97599114792658
106.835,106.845,158.60707189237579
106.845,106.855,157.1931640826564
106.855,106.865,0.0
106.865,106.875,0.0
106.875,106.885,166.5304357993892
106.885,106.895,166.78905824840854
106.895,106.905,169.35600912170696
106.905,106.915,173.64519025349645
106.915,106.925,174.18389922579323
106.925,106.935,173.97758076806562
106.935,106.945,174.14245564165617
106.945,106.955,174.69179483954196
106.955,106.965,173.71102058372645
106.965,106.975,171.5167366751283
106.975,106.985,168.8481833989288
106.985,106.995,165.8161446872017
106.995,107.005,163.43166892283045
107.005,107.015,174.29626222938376
107.015,107.025,174.4636016575822
107.025,107.035,173.91091579609457
107.035,107.045,171.88741391059966
107.045,107.055,169.9402435370087
107.055,107.065,168.2009896829086
107.065,107.075,166.99528222178174
107.075,107.085,165.54716545132365
107.085,107.095,165.01485763923804
107.095,107.105,164.14427833134707
107.105,107.115,162.47318512551735
107.115,107.125,160.3182013108673
107.125,107.135,158.2171236523625
107.135,107.145,155.94617532215221
107.145,107.155,154.4565301437462
107.155,107.165,150.36768438763707
107.165,107.175,146.17443350437733
107.175,107.185,142.06527676588055
107.185,107.195,144.5208986508794
107.195,107.205,144.24893694087524
107.205,107.215,142.44405861176475
107.215,107.225,141.13816918063233
107.225,107.235,140.91069114595854
107.235,107.245,138.54766913307208
107.245,107.255,137.83585268551334
107.255,107.265,135.8955051061143
107.265,107.275,133.96419440503317
107.275,107.285,0.0
107.285,107.295,0.0
107.295,107.305,0.0
107.305,107.315,0.0
107.315,107.325,0.0
107.325,107.335,0.0
107.335,107.345,0.0
107.345,107.355,0.0
107.355,107.365,0.0
107.365,107.375,0.0
107.375,107.385,0.0
107.385,107.395,0.0
107.395,107.405,0.0
107.405,107.415,0.0
107.415,107.425,0.0
107.425,107.435,0.0
107.435,107.445,0.0
107.445,107.455,0.0
107.455,107.465,0.0
107.465,107.475,0.0
107.475,107.485,0.0
107.485,107.495,0.0
107.495,107.505,0.0
107.505,107.515,0.0
107.515,107.525,0.0
107.525,107.535,0.0
107.535,107.545,0.0
107.545,107.555,0.0
107.555,107.565,0.0
107.565,107.575,0.0
107.575,107.585,0.0
107.585,107.595,0.0
107.595,107.605,0.0
107.605,107.615,0.0
107.615,107.625,0.0
107.625,107.635,0.0
107.635,107.645,0.0
107.645,107.655,0.0
107.655,107.665,0.0
107.665,107.675,0.0
107.675,107.685,0.0
107.685,107.695,0.0
107.695,107.705,0.0
107.705,107.715,0.0
107.715,107.725,0.0
107.725,107.735,0.0
107.735,107.745,0.0
107.745,107.755,0.0
107.755,107.765,0.0
107.765,107.775,0.0
107.775,107.785,0.0
107.785,107.795,0.0
107.795,107.805,0.0
107.805,107.815,0.0
107.815,107.825,0.0
107.825,107.835,0.0
107.835,107.845,0.0
107.845,107.855,0.0
107.855,107.865,0.0
107.865,107.875,0.0
107.875,107.885,0.0
107.885,107.895,0.0
107.895,107.905,0.0
107.905,107.915,0.0
107.915,107.925,0.0
107.925,107.935,0.0
107.935,107.945,0.0
107.945,107.955,0.0
107.955,107.965,0.0
107.965,107.975,0.0
107.975,107.985,0.0
107.985,107.995,0.0
107.995,108.005,0.0
108.005,108.015,0.0
108.015,108.025,0.0
108.025,108.035,0.0
108.035,108.045,0.0
108.045,108.055,0.0
108.055,108.065,184.29136391691267
108.065,108.075,187.51239529432274
108.075,108.085,189.67131111542287
108.085,108.095,190.82053297619188
108.095,108.105,191.20309523072677
108.105,108.115,191.01309144587984
108.115,108.125,190.98130812577926
108.125,108.135,194.2257171703302
108.135,108.145,195.57247181545205
108.145,108.155,195.40274389381347
108.155,108.165,194.64504567130106
108.165,108.175,193.87229382241307
108.175,108.185,192.23397969122294
108.185,108.195,188.7461004906142
108.195,108.205,187.0597286361102
108.205,108.215,185.8695787319605
108.215,108.225,184.36634626406246
108.225,108.235,182.8348084655475
108.235,108.245,181.08165876618838
108.245,108.255,178.91317268072493
108.255,108.265,176.83482611841285
108.265,108.275,174.9323580527037
108.275,108.285,172.94425444006555
108.285,108.295,171.10681442740943
108.295,108.305,170.66234593318748
108.305,108.315,172.30060065366243
108.315,108.325,172.47085195860723
108.325,108.335,172.52865671344026
108.335,108.345,172.34653727272735
108.345,108.355,171.767066825357
108.355,108.365,170.6903182231815
108.365,108.375,169.08367074540996
108.375,108.385,167.3509857939779
108.385,108.395,0.0
108.395,108.405,0.0
108.405,108.415,0.0
108.415,108.425,0.0
108.425,108.435,0.0
108.435,108.445,0.0
108.445,108.455,0.0
108.455,108.465,0.0
108.465,108.475,0.0
108.475,108.485,0.0
108.485,108.495,177.2619493541847
108.495,108.505,175.6555448989324
108.505,108.515,173.8783781253804
108.515,108.525,86.3018074421085
108.525,108.535,86.19878399904768
108.535,108.545,86.08315756442366
108.545,108.555,85.98757743003199
108.555,108.565,85.78136750114834
108.565,108.575,85.32940977050944
108.575,108.585,169.31680240566394
108.585,108.595,167.9554419688862
108.595,108.605,165.93174956879307
108.605,108.615,165.4487716655241
108.615,108.625,165.43207482294937
108.625,108.635,166.45940206329215
108.635,108.645,167.29763985392543
108.645,108.655,165.21558628224116
108.655,108.665,162.92054819288032
108.665,108.675,160.9079355124509
108.675,108.685,0.0
108.685,108.695,172.30888339896376
108.695,108.705,171.96246249999226
108.705,108.715,171.16497592460638
108.715,108.725,170.39940424111614
108.725,108.735,170.0313402711796
108.735,108.745,170.16852942020373
108.745,108.755,170.36591794307998
108.755,108.765,170.12216904349253
108.765,108.775,169.83737900474532
108.775,108.785,171.61447090084556
108.785,108.795,172.28404483698026
108.795,108.805,172.76854870916662
108.805,108.815,173.28832961838424
108.815,108.825,173.49959620617327
108.825,108.835,173.44751164210288
108.835,108.845,173.26058974267923
108.845,108.855,172.96285473112317
108.855,108.865,172.7098786349022
108.865,108.875,172.69678958329305
108.875,108.885,172.9652771637126
108.885,108.895,172.89701224428572
108.895,108.905,172.25665031966963
108.905,108.915,172.469755876104
108.915,108.925,172.82790972632648
108.925,108.935,172.3895508131274
108.935,108.945,174.2874489483177
108.945,108.955,174.59028554818994
108.955,108.965,173.34274126622722
108.965,108.975,171.0762833172661
108.975,108.985,169.4345095343191
108.985,108.995,168.6617177667604
108.995,109.005,168.2792457121272
109.005,109.015,167.92947090428308
109.015,109.025,167.6440499959518
109.025,109.035,167.45786950275803
109.035,109.045,167.089816344481
109.045,109.055,166.11116915445052
109.055,109.065,164.5843391362412
109.065,109.075,165.63281695869057
109.075,109.085,166.34564041333368
109.085,109.095,166.34629333952353
109.095,109.105,166.61307767596276
109.105,109.115,166.7556782955243
109.115,109.125,168.117817132106
109.125,109.135,171.99034877105353
109.135,109.145,172.08436707848037
109.145,109.155,171.6287550958204
109.155,109.165,171.33115566403495
109.165,109.175,170.98923385910095
109.175,109.185,170.42164612974702
109.185,109.195,169.3625824413014
109.195,109.205,168.1424312217463
109.205,109.215,169.98661239597286
109.215,109.225,0.0
109.225,109.235,0.0
109.235,109.245,196.105714903875
109.245,109.255,195.98674337155055
109.255,109.265,195.93604826526598
109.265,109.275,194.97826675337737
109.275,109.285,219.36157434868147
109.285,109.295,221.25469546422767
109.295,109.305,221.35896884500303
109.305,109.315,220.94870531647535
109.315,109.325,219.49159206215265
109.325,109.335,217.52815692781533
109.335,109.345,215.55071697936788
109.345,109.355,210.88801797347122
109.355,109.365,207.23521011220825
109.365,109.375,205.1591120255059
109.375,109.385,200.18565190632475
109.385,109.395,194.2551358781839
109.395,109.405,189.3756816139006
109.405,109.415,185.40811754745883
109.415,109.425,181.51817501591265
109.425,109.435,178.49789970730745
109.435,109.445,176.35515059545858
109.445,109.455,174.7234897270431
109.455,109.465,173.3892651718625
109.465,109.475,172.983036825181
109.475,109.485,176.1164407361873
109.485,109.495,178.52641295624235
109.495,109.505,180.42069071764087
109.505,109.515,182.59833906914204
109.515,109.525,186.3863822675339
109.525,109.535,197.02154319696956
109.535,109.545,202.05570822871545
109.545,109.555,204.79774045613698
109.555,109.565,208.44826790590318
109.565,109.575,212.80009630319407
109.575,109.585,217.87609635973615
109.585,109.595,223.2857897863613
109.595,109.605,229.80921986334718
109.605,109.615,236.39266847540395
109.615,109.625,242.13218942668837
109.625,109.635,247.62698045041427
109.635,109.645,254.34082462498998
109.645,109.655,258.7360883154281
109.655,109.665,261.63680169501237
109.665,109.675,262.62385758898404
109.675,109.685,261.82951104482163
109.685,109.695,259.56542961058733
109.695,109.705,253.1294004807311
109.705,109.715,245.43665468699783
109.715,109.725,242.16387824377907
109.725,109.735,238.73955381844536
109.735,109.745,235.47236496003575
109.745,109.755,232.12763684323258
109.755,109.765,231.17599623427344
109.765,109.775,240.91000557353536
109.775,109.785,0.0
109.785,109.795,267.76737700054935
109.795,109.805,268.7765245093317
109.805,109.815,269.0564942647878
109.815,109.825,270.23785906132963
109.825,109.835,270.8979840577829
109.835,109.845,270.4921698715591
109.845,109.855,270.8594026926239
109.855,109.865,272.0234015901927
109.865,109.875,273.05795400434414
109.875,109.885,273.9723474516556
109.885,109.895,274.7460917177735
109.895,109.905,275.2162197697829
109.905,109.915,274.6414476722576
109.915,109.925,272.44088030037915
109.925,109.935,269.50883703713174
109.935,109.945,268.5555468185947
109.945,109.955,272.75063443980315
109.955,109.965,0.0
109.965,109.975,0.0
109.975,109.985,0.0
109.985,109.995,0.0
109.995,110.005,0.0
110.005,110.015,0.0
110.015,110.025,0.0
110.025,110.035,0.0
110.035,110.045,0.0
110.045,110.055,0.0
110.055,110.065,0.0
110.065,110.075,0.0
110.075,110.085,0.0
110.085,110.095,0.0
110.095,110.105,0.0
110.105,110.115,0.0
110.115,110.125,0.0
110.125,110.135,0.0
110.135,110.145,0.0
110.145,110.155,0.0
110.155,110.165,0.0
110.165,110.175,0.0
110.175,110.185,0.0
110.185,110.195,0.0
110.195,110.205,0.0
110.205,110.215,0.0
110.215,110.225,0.0
110.225,110.235,0.0
110.235,110.245,0.0
110.245,110.255,0.0
110.255,110.265,0.0
110.265,110.275,0.0
110.275,110.285,0.0
110.285,110.295,0.0
110.295,110.305,0.0
110.305,110.315,0.0
110.315,110.325,0.0
110.325,110.335,0.0
110.335,110.345,0.0
110.345,110.355,0.0
110.355,110.365,0.0
110.365,110.375,0.0
110.375,110.385,0.0
110.385,110.395,0.0
110.395,110.405,182.09171301377575
110.405,110.415,182.47001398384202
110.415,110.425,182.2506758093718
110.425,110.435,181.00775731628502
110.435,110.445,180.29822775711526
110.445,110.455,179.91872805639383
110.455,110.465,179.4390666450519
110.465,110.475,179.12500677266897
110.475,110.485,178.5365361723611
110.485,110.495,177.90111758173305
110.495,110.505,177.26360526414183
110.505,110.515,176.33950077783675
110.515,110.525,175.59666198163998
110.525,110.535,175.27566563633908
110.535,110.545,174.2654840916743
110.545,110.555,173.28089291061693
110.555,110.565,172.19710981381007
110.565,110.575,169.4918352117163
110.575,110.585,167.28930680062282
110.585,110.595,167.25558966479716
110.595,110.605,168.65713228822585
110.605,110.615,170.1751278140031
110.615,110.625,171.2682130228582
110.625,110.635,171.7204955757694
110.635,110.645,171.54141716563123
110.645,110.655,170.7252420136664
110.655,110.665,169.3040418309555
110.665,110.675,167.86945012616067
110.675,110.685,167.2183207112554
110.685,110.695,169.43975455462544
110.695,110.705,171.16437973530597
110.705,110.715,170.56671900355943
110.715,110.725,169.6086545035425
110.725,110.735,168.2554660539155
110.735,110.745,166.90802543112062
110.745,110.755,168.2834569631364
110.755,110.765,169.95896116828658
110.765,110.775,177.8461574662765
110.775,110.785,182.75646152119634
110.785,110.795,185.24571194275865
110.795,110.805,186.60419982272742
110.805,110.815,187.64963726231622
110.815,110.825,187.75798819302022
110.825,110.835,186.5436722538603
110.835,110.845,183.35173274276326
110.845,110.855,181.7129158188241
110.855,110.865,181.0330173959207
110.865,110.875,0.0
110.875,110.885,194.4922662638388
110.885,110.895,188.99912827757134
110.895,110.905,190.87047553342896
110.905,110.915,183.49698101517748
110.915,110.925,181.85363088034768
110.925,110.935,181.6073043668235
110.935,110.945,181.14806963837958
110.945,110.955,180.01971946248975
110.955,110.965,178.35640833628648
110.965,110.975,176.59713287902647
110.975,110.985,175.1496013405156
110.985,110.995,177.30110296216876
110.995,111.005,179.44217491533303
111.005,111.015,179.03265076836814
111.015,111.025,178.00176643002422
111.025,111.035,176.26944344223006
111.035,111.045,173.58075286813303
111.045,111.055,169.75399354559042
111.055,111.065,165.27074143909348
111.065,111.075,161.8407793517821
111.075,111.085,165.33432836007705
111.085,111.095,167.53674649510288
111.095,111.105,167.93032886508234
111.105,111.115,167.42590392214638
111.115,111.125,165.9493173715306
111.125,111.135,163.99465147673763
111.135,111.145,161.75605876297192
111.145,111.155,160.8913481859812
111.155,111.165,161.92542857422478
111.165,111.175,162.1519283992112
111.175,111.185,161.79593039590927
111.185,111.195,162.06057554476794
111.195,111.205,162.39065273822894
111.205,111.215,158.65316313751117
111.215,111.225,158.5300680851549
111.225,111.235,159.0218853598995
111.235,111.245,159.40010473466197
111.245,111.255,156.71760651970433
111.255,111.265,153.87569918098126
111.265,111.275,153.8293904832033
111.275,111.285,154.575485326749
111.285,111.295,156.79993894474163
111.295,111.305,158.07867057429243
111.305,111.315,158.9647536066754
111.315,111.325,159.58951108652388
111.325,111.335,159.8141839048813
111.335,111.345,160.67963056917827
111.345,111.355,179.92752499216772
111.355,111.365,179.88892402701856
111.365,111.375,180.06349313733307
111.375,111.385,180.30900705785433
111.385,111.395,180.735757596315
111.395,111.405,0.0
111.405,111.415,202.89367578399495
111.415,111.425,205.7183898364538
111.425,111.435,210.0922857977307
111.435,111.445,213.5374989169814
111.445,111.455,216.70487571030984
111.455,111.465,221.14390782434916
111.465,111.475,225.8064931498447
111.475,111.485,229.58028502784654
111.485,111.495,232.65359633436773
111.495,111.505,235.06464988682413
111.505,111.515,236.8905022601274
111.515,111.525,238.87659557619276
111.525,111.535,241.59950759330883
111.535,111.545,244.42380838680006
111.545,111.555,246.8957321162222
111.555,111.565,248.58274945103483
111.565,111.575,249.83809498091165
111.575,111.585,250.88997060560334
111.585,111.595,251.1316185918365
111.595,111.605,250.83374885039092
111.605,111.615,250.65304506893833
111.615,111.625,250.54363510188776
111.625,111.635,250.38517017830364
111.635,111.645,250.4774617107475
111.645,111.655,250.7966488480635
111.655,111.665,249.84933446789083
111.665,111.675,246.87370451194658
111.675,111.685,246.15755887801598
111.685,111.695,248.5917830517479
111.695,111.705,252.15403034858485
111.705,111.715,255.1832000259321
111.715,111.725,257.60822747771317
111.725,111.735,258.8709066643361
111.735,111.745,259.1276668123881
111.745,111.755,258.7912870327474
111.755,111.765,258.4496056238518
111.765,111.775,258.0659774900256
111.775,111.785,257.4181022568866
111.785,111.795,0.0
111.795,111.805,0.0
111.805,111.815,0.0
111.815,111.825,0.0
111.825,111.835,0.0
111.835,111.845,0.0
111.845,111.855,0.0
111.855,111.865,0.0
111.865,111.875,0.0
111.875,111.885,0.0
111.885,111.895,0.0
111.895,111.905,0.0
111.905,111.915,0.0
111.915,111.925,0.0
111.925,111.935,0.0
111.935,111.945,0.0
111.945,111.955,0.0
111.955,111.965,0.0
111.965,111.975,0.0
111.975,111.985,0.0
111.985,111.995,0.0
111.995,112.005,0.0
112.005,112.015,0.0
112.015,112.025,0.0
112.025,112.035,0.0
112.035,112.045,0.0
112.045,112.055,0.0
112.055,112.065,0.0
112.065,112.075,0.0
112.075,112.085,0.0
112.085,112.095,0.0
112.095,112.105,0.0
112.105,112.115,248.67417535510216
112.115,112.125,248.7092861621228
112.125,112.135,248.77192829617124
112.135,112.145,0.0
112.145,112.155,0.0
112.155,112.165,0.0
112.165,112.175,0.0
112.175,112.185,0.0
112.185,112.195,0.0
112.195,112.205,0.0
112.205,112.215,0.0
112.215,112.225,0.0
112.225,112.235,0.0
112.235,112.245,0.0
112.245,112.255,0.0
112.255,112.265,0.0
112.265,112.275,0.0
112.275,112.285,0.0
112.285,112.295,0.0
112.295,112.305,0.0
112.305,112.315,0.0
112.315,112.325,0.0
112.325,112.335,0.0
112.335,112.345,0.0
112.345,112.355,0.0
112.355,112.365,0.0
112.365,112.375,0.0
112.375,112.385,0.0
112.385,112.395,0.0
112.395,112.405,0.0
112.405,112.415,0.0
112.415,112.425,0.0
112.425,112.435,0.0
112.435,112.445,0.0
112.445,112.455,170.63709736704686
112.455,112.465,171.24374092911606
112.465,112.475,171.01030343780474
112.475,112.485,171.19985070583337
112.485,112.495,171.9122218005425
112.495,112.505,173.05697799673507
112.505,112.515,174.39657406016087
112.515,112.525,175.5741077350621
112.525,112.535,176.74928751828966
112.535,112.545,180.25177034781333
112.545,112.555,181.55857207954446
112.555,112.565,180.86523589464284
112.565,112.575,179.89556419887637
112.575,112.585,179.25281093617397
112.585,112.595,179.74138692800048
112.595,112.605,180.80191799504098
112.605,112.615,179.19223536737096
112.615,112.625,176.42371416869798
112.625,112.635,173.89396096363322
112.635,112.645,171.35269984814119
112.645,112.655,169.79777627100185
112.655,112.665,170.6633537764318
112.665,112.675,171.23816379381483
112.675,112.685,170.74781502957197
112.685,112.695,168.9564266507642
112.695,112.705,167.36618605594632
112.705,112.715,170.82683795083742
112.715,112.725,171.86707719775197
112.725,112.735,170.17473035051054
112.735,112.745,168.0918522658407
112.745,112.755,167.3231845406652
112.755,112.765,166.69124850508157
112.765,112.775,165.85225136185807
112.775,112.785,164.88558506229353
112.785,112.795,163.87402592852422
112.795,112.805,165.85683526685932
112.805,112.815,167.14518905967128
112.815,112.825,165.9826308068894
112.825,112.835,165.1234599032179
112.835,112.845,166.09386839486308
112.845,112.855,165.89548895388901
112.855,112.865,162.2425788392746
112.865,112.875,160.87165937773915
112.875,112.885,160.18869267410236
112.885,112.895,159.19711485384434
112.895,112.905,157.68611723974627
112.905,112.915,155.34834763679893
112.915,112.925,151.7199216861404
112.925,112.935,0.0
112.935,112.945,0.0
112.945,112.955,0.0
112.955,112.965,0.0
112.965,112.975,0.0
112.975,112.985,0.0
112.985,112.995,0.0
112.995,113.005,0.0
113.005,113.015,0.0
113.015,113.025,0.0
113.025,113.035,0.0
113.035,113.045,0.0
113.045,113.055,0.0
113.055,113.065,0.0
113.065,113.075,0.0
113.075,113.085,0.0
113.085,113.095,0.0
113.095,113.105,0.0
113.105,113.115,0.0
113.115,113.125,0.0
113.125,113.135,0.0
113.135,113.145,0.0
113.145,113.155,226.38429412178
113.155,113.165,225.96034180445804
113.165,113.175,227.5995709556994
113.175,113.185,230.292508522347
113.185,113.195,233.3175972686052
113.195,113.205,236.516740311433
113.205,113.215,240.4046786375223
113.215,113.225,245.08875561711483
113.225,113.235,249.5437220666665
113.235,113.245,254.11798626952395
113.245,113.255,259.54873475571793
113.255,113.265,265.3575039500018
113.265,113.275,270.84216569761884
113.275,113.285,275.117171908651
113.285,113.295,278.27367535257
113.295,113.305,280.35144949009793
113.305,113.315,280.76558640317086
113.315,113.325,280.36684826018967
113.325,113.335,280.03607991924343
113.335,113.345,278.7720212832605
113.345,113.355,276.276550688049
113.355,113.365,273.01863271219224
113.365,113.375,269.9197137792904
113.375,113.385,270.2010829549385
113.385,113.395,271.92110048285014
113.395,113.405,273.2677537824641
113.405,113.415,272.0013581931905
113.415,113.425,269.9935115557324
113.425,113.435,269.040953586181
113.435,113.445,268.2335273458777
113.445,113.455,266.93534674083196
113.455,113.465,265.4388598782228
113.465,113.475,264.5539306932578
113.475,113.485,264.34351229674945
113.485,113.495,264.2134347192114
113.495,113.505,264.0228112478117
113.505,113.515,264.1399913484238
113.515,113.525,263.859626852104
113.525,113.535,261.6774359653836
113.535,113.545,0.0
113.545,113.555,0.0
113.555,113.565,0.0
113.565,113.575,0.0
113.575,113.585,0.0
113.585,113.595,0.0
113.595,113.605,0.0
113.605,113.615,0.0
113.615,113.625,0.0
113.625,113.635,0.0
113.635,113.645,0.0
113.645,113.655,0.0
113.655,113.665,0.0
113.665,113.675,0.0
113.675,113.685,0.0
113.685,113.695,0.0
113.695,113.705,0.0
113.705,113.715,0.0
113.715,113.725,0.0
113.725,113.735,0.0
113.735,113.745,0.0
113.745,113.755,0.0
113.755,113.765,0.0
113.765,113.775,0.0
113.775,113.785,0.0
113.785,113.795,0.0
113.795,113.805,0.0
113.805,113.815,0.0
113.815,113.825,172.95024614885588
113.825,113.835,170.79985667243184
113.835,113.845,0.0
113.845,113.855,0.0
113.855,113.865,0.0
113.865,113.875,0.0
113.875,113.885,0.0
113.885,113.895,0.0
113.895,113.905,0.0
113.905,113.915,0.0
113.915,113.925,0.0
113.925,113.935,0.0
113.935,113.945,187.98422955156354
113.945,113.955,181.80339086316067
113.955,113.965,178.97321294105433
113.965,113.975,178.0389185517549
113.975,113.985,179.60226429970106
113.985,113.995,181.59103535038528
113.995,114.005,181.2400419301219
114.005,114.015,178.96464383760787
114.015,114.025,176.5709726176589
114.025,114.035,174.63866772048632
114.035,114.045,172.25228539139903
114.045,114.055,169.44768225145387
114.055,114.065,0.0
114.065,114.075,0.0
114.075,114.085,0.0
114.085,114.095,0.0
114.095,114.105,176.4132150176036
114.105,114.115,176.91966935361825
114.115,114.125,176.7465780495434
114.125,114.135,176.10091729735603
114.135,114.145,174.71783051795381
114.145,114.155,172.88132427757733
114.155,114.165,172.1406223418906
114.165,114.175,171.26435753897422
114.175,114.185,169.13225457865974
114.185,114.195,166.13385985786118
114.195,114.205,164.13871982825682
114.205,114.215,168.13372295884506
114.215,114.225,168.28185925819068
114.225,114.235,167.83000582304032
114.235,114.245,164.2406603552835
114.245,114.255,160.92944028531522
114.255,114.265,0.0
114.265,114.275,0.0
114.275,114.285,0.0
114.285,114.295,0.0
114.295,114.305,0.0
114.305,114.315,0.0
114.315,114.325,0.0
114.325,114.335,0.0
114.335,114.345,0.0
114.345,114.355,0.0
114.355,114.365,0.0
114.365,114.375,0.0
114.375,114.385,0.0
114.385,114.395,0.0
114.395,114.405,0.0
114.405,114.415,173.39677812674046
114.415,114.425,172.62937966627243
114.425,114.435,171.9790214646373
114.435,114.445,171.05863812175664
114.445,114.455,169.658599870895
114.455,114.465,0.0
114.465,114.475,0.0
114.475,114.485,0.0
114.485,114.495,0.0
114.495,114.505,0.0
114.505,114.515,0.0
114.515,114.525,0.0
114.525,114.535,0.0
114.535,114.545,0.0
114.545,114.555,0.0
114.555,114.565,0.0
114.565,114.575,0.0
114.575,114.585,163.78165430800513
114.585,114.595,161.5050873324397
114.595,114.605,159.97797491528792
114.605,114.615,162.2673487989358
114.615,114.625,162.48265860934416
114.625,114.635,159.6618863313365
114.635,114.645,156.5874096796476
114.645,114.655,157.08890889671036
114.655,114.665,157.1841658334636
114.665,114.675,156.91715885930327
114.675,114.685,156.63442653320993
114.685,114.695,155.70824588455213
114.695,114.705,152.407376051317
114.705,114.715,149.3402956152188
114.715,114.725,147.07883030893643
114.725,114.735,146.04834022412678
114.735,114.745,144.31454274950906
114.745,114.755,144.72779960935284
114.755,114.765,146.7340289193675
114.765,114.775,145.92641264488864
114.775,114.785,144.0195553685914
114.785,114.795,142.3039960009148
114.795,114.805,141.28057636852083
114.805,114.815,140.43783997711353
114.815,114.825,139.7688601208737
114.825,114.835,139.36916973303957
114.835,114.845,138.9996978875905
114.845,114.855,138.46642825770823
114.855,114.865,138.14665956207105
114.865,114.875,137.83202097698862
114.875,114.885,137.11723079117726
114.885,114.895,136.49966288760322
114.895,114.905,0.0
114.905,114.915,0.0
114.915,114.925,0.0
114.925,114.935,0.0
114.935,114.945,0.0
114.945,114.955,0.0
114.955,114.965,0.0
114.965,114.975,0.0
114.975,114.985,0.0
114.985,114.995,0.0
114.995,115.005,0.0
115.005,115.015,0.0
115.015,115.025,0.0
115.025,115.035,0.0
115.035,115.045,0.0
115.045,115.055,0.0
115.055,115.065,0.0
115.065,115.075,0.0
115.075,115.085,0.0
115.085,115.095,0.0
115.095,115.105,0.0
115.105,115.115,0.0
115.115,115.125,0.0
115.125,115.135,0.0
115.135,115.145,0.0
115.145,115.155,0.0
115.155,115.165,0.0
115.165,115.175,0.0
115.175,115.185,0.0
115.185,115.195,0.0
115.195,115.205,0.0
115.205,115.215,0.0
115.215,115.225,0.0
115.225,115.235,0.0
115.235,115.245,0.0
115.245,115.255,0.0
115.255,115.265,0.0
115.265,115.275,0.0
115.275,115.285,0.0
115.285,115.295,0.0
115.295,115.305,0.0
115.305,115.315,0.0
115.315,115.325,0.0
115.325,115.335,0.0
115.335,115.345,0.0
115.345,115.355,0.0
115.355,115.365,0.0
115.365,115.375,0.0
115.375,115.385,0.0
115.385,115.395,0.0
115.395,115.405,0.0
115.405,115.415,0.0
115.415,115.425,0.0
115.425,115.435,0.0
115.435,115.445,252.13828285462472
115.445,115.455,252.68110080119376
115.455,115.465,255.45157962918378
115.465,115.475,259.76245452788544
115.475,115.485,0.0
115.485,115.495,65.81185791199209
115.495,115.505,66.71867887056527
115.505,115.515,67.41669654147636
115.515,115.525,68.27513565777242
115.525,115.535,209.22875771155273
115.535,115.545,211.5751060878847
115.545,115.555,213.21061063244525
115.555,115.565,215.03546752207725
115.565,115.575,216.77344130846907
115.575,115.585,217.5155536276836
115.585,115.595,217.07789651680383
115.595,115.605,215.38908408498983
115.605,115.615,212.96053860702443
115.615,115.625,211.05128681611245
115.625,115.635,208.07398323630653
115.635,115.645,206.589409591642
115.645,115.655,207.16531427932009
115.655,115.665,209.0166745956595
115.665,115.675,212.49518128975694
115.675,115.685,217.0443716999751
115.685,115.695,217.81766193230158
115.695,115.705,216.4889184674441
115.705,115.715,214.48232920382898
115.715,115.725,212.70768521515893
115.725,115.735,211.32568104517145
115.735,115.745,209.61955338112958
115.745,115.755,207.13877100573248
115.755,115.765,205.58766064786903
115.765,115.775,206.57813323796177
115.775,115.785,208.46870897200216
115.785,115.795,208.83294520236785
115.795,115.805,208.3578449193166
115.805,115.815,208.0935691508108
115.815,115.825,207.99568119163396
115.825,115.835,207.4774905790203
115.835,115.845,206.44013170347483
115.845,115.855,204.97811950270506
115.855,115.865,202.85838071207593
115.865,115.875,199.2487136029403
115.875,115.885,194.30676846360345
115.885,115.895,0.0
115.895,115.905,0.0
115.905,115.915,0.0
115.915,115.925,0.0
115.925,115.935,0.0
115.935,115.945,0.0
115.945,115.955,0.0
115.955,115.965,0.0
115.965,115.975,0.0
115.975,115.985,0.0
115.985,115.995,0.0
115.995,116.005,0.0
116.005,116.015,0.0
116.015,116.025,0.0
116.025,116.035,0.0
116.035,116.045,233.10080927191933
116.045,116.055,236.19781841560433
116.055,116.065,239.8124036332653
116.065,116.075,240.59593372886022
116.075,116.085,239.8588629819628
116.085,116.095,239.16799157476453
116.095,116.105,238.44335093024893
116.105,116.115,234.38441157133312
116.115,116.125,227.37165430942716
116.125,116.135,223.15528234247472
116.135,116.145,222.2546658347889
116.145,116.155,238.9949776178687
116.155,116.165,240.29237819696706
116.165,116.175,234.02929031169325
116.175,116.185,229.6035977615943
116.185,116.195,226.50286080516904
116.195,116.205,223.4626265477315
116.205,116.215,219.0494210165106
116.215,116.225,205.8501402217391
116.225,116.235,203.94572453072206
116.235,116.245,203.34596519636744
116.245,116.255,201.6236217329322
116.255,116.265,199.1557529724284
116.265,116.275,197.11190623265276
116.275,116.285,195.5304236324509
116.285,116.295,193.47396481133728
116.295,116.305,190.99096911655096
116.305,116.315,190.88772928259132
116.315,116.325,193.00597798529685
116.325,116.335,194.49625860655604
116.335,116.345,195.56707949325883
116.345,116.355,197.22019447118075
116.355,116.365,199.79274485518346
116.365,116.375,199.5979701582181
116.375,116.385,198.33147973526854
116.385,116.395,197.12329669364874
116.395,116.405,195.45628630653547
116.405,116.415,193.51241074087358
116.415,116.425,191.560488066214
116.425,116.435,189.4609146529814
116.435,116.445,186.4325487079809
116.445,116.455,186.8600587130642
116.455,116.465,188.43363909062435
116.465,116.475,187.85034550851952
116.475,116.485,185.93066507153736
116.485,116.495,183.28494830814904
116.495,116.505,179.97205313479205
116.505,116.515,176.38659510434792
116.515,116.525,173.32914391635663
116.525,116.535,172.91242051656792
116.535,116.545,172.9320086447605
116.545,116.555,170.10332622471776
116.555,116.565,169.50047399107032
116.565,116.575,169.88930251970586
116.575,116.585,170.7491494356494
116.585,116.595,170.71461603746442
116.595,116.605,169.4229418984669
116.605,116.615,166.32383476804827
116.615,116.625,162.44341809287823
116.625,116.635,0.0
116.635,116.645,0.0
116.645,116.655,0.0
116.655,116.665,0.0
116.665,116.675,0.0
116.675,116.685,0.0
116.685,116.695,0.0
116.695,116.705,0.0
116.705,116.715,0.0
116.715,116.725,0.0
116.725,116.735,0.0
116.735,116.745,0.0
116.745,116.755,188.65160879293512
116.755,116.765,182.1991940911525
116.765,116.775,181.1984317829426
116.775,116.785,181.09474438393548
116.785,116.795,181.91113185963982
116.795,116.805,182.66648915613496
116.805,116.815,184.31936713208793
116.815,116.825,186.64840918770614
116.825,116.835,187.94598637879741
116.835,116.845,188.614995633103
116.845,116.855,188.8668828131861
116.855,116.865,188.73814027089807
116.865,116.875,188.3545720410592
116.875,116.885,187.93639549927568
116.885,116.895,187.22878856205355
116.895,116.905,186.23800918015826
116.905,116.915,185.07211227174642
116.915,116.925,183.51747742861104
116.925,116.935,182.17123954935454
116.935,116.945,181.378742959086
116.945,116.955,180.98846068168302
116.955,116.965,180.65241377276894
116.965,116.975,180.28833284350074
116.975,116.985,179.99065600666225
116.985,116.995,179.70028721018977
116.995,117.005,179.35144220685797
117.005,117.015,179.11555022810424
117.015,117.025,178.98979214205423
117.025,117.035,178.82285214996887
117.035,117.045,178.54582477326767
117.045,117.055,178.20119791721953
117.055,117.065,177.82287696011076
117.065,117.075,177.2308847521111
117.075,117.085,176.4095195524139
117.085,117.095,175.75662661602755
117.095,117.105,175.31332426028942
117.105,117.115,174.79088637990563
117.115,117.125,174.02681625462813
117.125,117.135,173.17607864527463
117.135,117.145,172.41444372288967
117.145,117.155,171.5714266026386
117.155,117.165,170.59395835644847
117.165,117.175,169.54922476510686
117.175,117.185,168.44134548594224
117.185,117.195,167.26559561222408
117.195,117.205,166.26747327728597
117.205,117.215,165.52405055306448
117.215,117.225,165.25991966433813
117.225,117.235,165.07867609862635
117.235,117.245,164.59699476549923
117.245,117.255,164.04671130804235
117.255,117.265,163.4334874639663
117.265,117.275,162.71183579795343
117.275,117.285,162.0309173171529
117.285,117.295,161.19681740529202
117.295,117.305,160.00158224035172
117.305,117.315,158.7693211165982
117.315,117.325,157.88855259784972
117.325,117.335,155.73213342721937
117.335,117.345,0.0
117.345,117.355,0.0
117.355,117.365,0.0
117.365,117.375,0.0
117.375,117.385,0.0
117.385,117.395,0.0
117.395,117.405,0.0
117.405,117.415,0.0
117.415,117.425,0.0
117.425,117.435,0.0
117.435,117.445,57.76049492245288
117.445,117.455,57.74487022952034
117.455,117.465,0.0
117.465,117.475,0.0
117.475,117.485,153.15134049831764
117.485,117.495,149.89532156259313
117.495,117.505,148.1172178051436
117.505,117.515,146.5619238033248
117.515,117.525,144.6699834827188
117.525,117.535,142.65862522025884
117.535,117.545,140.8786248026243
117.545,117.555,139.73656061060544
117.555,117.565,138.66787729773853
117.565,117.575,137.4737105741364
117.575,117.585,138.36552943191998
117.585,117.595,0.0
117.595,117.605,0.0
117.605,117.615,0.0
117.615,117.625,0.0
117.625,117.635,0.0
117.635,117.645,146.68306270165385
117.645,117.655,135.2275495435907
117.655,117.665,136.4939152500041
117.665,117.675,138.17482435396172
117.675,117.685,139.47439873662856
117.685,117.695,139.98054890074408
117.695,117.705,139.49363499493592
117.705,117.715,138.5611400701248
117.715,117.725,137.64498613124312
117.725,117.735,136.33333457706425
117.735,117.745,134.04332360517023
117.745,117.755,132.51169743513154
117.755,117.765,130.1208755261194
117.765,117.775,129.4862813100105
117.775,117.785,128.98344705441667
117.785,117.795,0.0
117.795,117.805,0.0
117.805,117.815,0.0
117.815,117.825,0.0
117.825,117.835,0.0
117.835,117.845,0.0
117.845,117.855,0.0
117.855,117.865,0.0
117.865,117.875,0.0
117.875,117.885,0.0
117.885,117.895,0.0
117.895,117.905,0.0
117.905,117.915,0.0
117.915,117.925,0.0
117.925,117.935,0.0
117.935,117.945,0.0
117.945,117.955,0.0
117.955,117.965,0.0
117.965,117.975,0.0
117.975,117.985,0.0
117.985,117.995,0.0
117.995,118.005,0.0
118.005,118.015,0.0
118.015,118.025,0.0
118.025,118.035,0.0
118.035,118.045,0.0
118.045,118.055,0.0
118.055,118.065,0.0
118.065,118.075,0.0
118.075,118.085,0.0
118.085,118.095,0.0
118.095,118.105,0.0
118.105,118.115,0.0
118.115,118.125,0.0
118.125,118.135,0.0
118.135,118.145,0.0
118.145,118.155,0.0
118.155,118.165,0.0
118.165,118.175,0.0
118.175,118.185,0.0
118.185,118.195,0.0
118.195,118.205,0.0
118.205,118.215,0.0
118.215,118.225,0.0
118.225,118.235,0.0
118.235,118.245,0.0
118.245,118.255,0.0
118.255,118.265,0.0
118.265,118.275,0.0
118.275,118.285,0.0
118.285,118.295,0.0
118.295,118.305,0.0
118.305,118.315,176.71407417577345
118.315,118.325,173.2449783303757
118.325,118.335,172.29926788576833
118.335,118.345,171.4306969638491
118.345,118.355,170.50498474506642
118.355,118.365,169.67601244751933
118.365,118.375,168.59485614221288
118.375,118.385,166.4753853245326
118.385,118.395,162.98825480227114
118.395,118.405,161.9723200164362
118.405,118.415,169.72684710910747
118.415,118.425,176.5684986487803
118.425,118.435,179.73941091385402
118.435,118.445,180.459046121567
118.445,118.455,180.14803289884563
118.455,118.465,179.54121675951154
118.465,118.475,178.7327600097863
118.475,118.485,177.57519564716827
118.485,118.495,173.6265722664767
118.495,118.505,0.0
118.505,118.515,0.0
118.515,118.525,0.0
118.525,118.535,0.0
118.535,118.545,0.0
118.545,118.555,0.0
118.555,118.565,0.0
118.565,118.575,0.0
118.575,118.585,0.0
118.585,118.595,0.0
118.595,118.605,0.0
118.605,118.615,0.0
118.615,118.625,0.0
118.625,118.635,0.0
118.635,118.645,179.95815762969397
118.645,118.655,172.55733545375838
118.655,118.665,168.6075373666912
118.665,118.675,165.37244725217136
118.675,118.685,162.2713615612979
118.685,118.695,159.0479225355521
118.695,118.705,154.98961886924263
118.705,118.715,151.2904446799813
118.715,118.725,0.0
118.725,118.735,0.0
118.735,118.745,0.0
118.745,118.755,0.0
118.755,118.765,0.0
118.765,118.775,0.0
118.775,118.785,0.0
118.785,118.795,0.0
118.795,118.805,0.0
118.805,118.815,0.0
118.815,118.825,0.0
118.825,118.835,0.0
118.835,118.845,0.0
118.845,118.855,0.0
118.855,118.865,0.0
118.865,118.875,0.0
118.875,118.885,0.0
118.885,118.895,0.0
118.895,118.905,0.0
118.905,118.915,0.0
118.915,118.925,0.0
118.925,118.935,0.0
118.935,118.945,0.0
118.945,118.955,0.0
118.955,118.965,0.0
118.965,118.975,0.0
118.975,118.985,0.0
118.985,118.995,0.0
118.995,119.005,0.0
119.005,119.015,0.0
119.015,119.025,0.0
119.025,119.035,0.0
119.035,119.045,0.0
119.045,119.055,0.0
119.055,119.065,0.0
119.065,119.075,0.0
119.075,119.085,0.0
119.085,119.095,0.0
119.095,119.105,0.0
119.105,119.115,0.0
119.115,119.125,0.0
119.125,119.135,0.0
119.135,119.145,0.0
119.145,119.155,0.0
119.155,119.165,0.0
119.165,119.175,0.0
119.175,119.185,0.0
119.185,119.195,0.0
119.195,119.205,0.0
119.205,119.215,0.0
119.215,119.225,0.0
119.225,119.235,0.0
119.235,119.245,0.0
119.245,119.255,0.0
119.255,119.265,0.0
119.265,119.275,0.0
119.275,119.285,0.0
119.285,119.295,0.0
119.295,119.305,0.0
119.305,119.315,0.0
119.315,119.325,0.0
119.325,119.335,0.0
119.335,119.345,0.0
119.345,119.355,0.0
119.355,119.365,0.0
119.365,119.375,0.0
119.375,119.385,0.0
119.385,119.395,0.0
119.395,119.405,0.0
119.405,119.415,0.0
119.415,119.425,0.0
119.425,119.435,0.0
119.435,119.445,0.0
119.445,119.455,0.0
119.455,119.465,0.0
119.465,119.475,0.0
119.475,119.485,0.0
119.485,119.495,0.0
119.495,119.505,0.0
119.505,119.515,0.0
119.515,119.525,0.0
119.525,119.535,0.0
119.535,119.545,0.0
119.545,119.555,0.0
119.555,119.565,0.0
119.565,119.575,0.0
119.575,119.585,0.0
119.585,119.595,0.0
119.595,119.605,0.0
119.605,119.615,191.4413981998367
119.615,119.625,191.999677485355
119.625,119.635,188.11360704349056
119.635,119.645,180.2510400299991
119.645,119.655,176.5996146759591
119.655,119.665,175.06079762896132
119.665,119.675,171.92207630988597
119.675,119.685,164.36708640380877
119.685,119.695,155.82281860498705
119.695,119.705,148.82692652158363
119.705,119.715,148.2395424370657
119.715,119.725,147.5147576954666
119.725,119.735,0.0
119.735,119.745,0.0
119.745,119.755,0.0
119.755,119.765,0.0
119.765,119.775,0.0
119.775,119.785,0.0
119.785,119.795,0.0
119.795,119.805,160.75668143213113
119.805,119.815,161.43432273395388
119.815,119.825,164.57516771690632
119.825,119.835,170.2634593058699
119.835,119.845,174.85544642105978
119.845,119.855,178.53328984032112
119.855,119.865,181.36796758069238
119.865,119.875,182.13892703978598
119.875,119.885,179.51884909702457
119.885,119.895,175.12478176757185
119.895,119.905,171.3047637130585
119.905,119.915,170.6361873622283
119.915,119.925,170.53215916183817
119.925,119.935,183.109952389679
119.935,119.945,181.9528727415382
119.945,119.955,181.75498225930693
119.955,119.965,181.00214325497896
119.965,119.975,178.18755978365107
119.975,119.985,173.67705532553538
119.985,119.995,176.98673967887535
119.995,120.005,180.92627176783395
120.005,120.015,181.26009047063098
120.015,120.025,180.03787386028586
120.025,120.035,178.3171568883365
120.035,120.045,176.98273632583485
120.045,120.055,176.28591080112668
120.055,120.065,176.34176686317824
120.065,120.075,177.46607595020728
120.075,120.085,179.9869728229574
120.085,120.095,182.20072612606052
120.095,120.105,184.9841825133252
120.105,120.115,192.42060805403477
120.115,120.125,200.29958883300566
120.125,120.135,210.1727744018731
120.135,120.145,220.73145496797852
120.145,120.155,236.6455907550082
120.155,120.165,244.56994625810958
120.165,120.175,257.2079222919089
120.175,120.185,271.2562479877673
120.185,120.195,276.3772172961569
120.195,120.205,280.8406097849611
120.205,120.215,285.96538629809095
120.215,120.225,291.9449664876181
120.225,120.235,298.10714625117197
120.235,120.245,311.82505581641465
120.245,120.255,315.6434331499297
120.255,120.265,313.491049478654
120.265,120.275,309.86613786263786
120.275,120.285,305.54639626697417
120.285,120.295,299.90303608968884
120.295,120.305,290.57212119865
120.305,120.315,288.1879659047717
120.315,120.325,285.4132511123431
120.325,120.335,278.4020213517964
120.335,120.345,271.65401350055527
120.345,120.355,266.8999065957488
120.355,120.365,262.2423679785828
120.365,120.375,255.6679487796735
120.375,120.385,251.30458117166282
120.385,120.395,248.1616133368114
120.395,120.405,246.33338334866062
120.405,120.415,245.05693137541647
120.415,120.425,242.68823172797417
120.425,120.435,235.97531661731983
120.435,120.445,229.93705324403638
120.445,120.455,226.50221627256428
120.455,120.465,223.75457703260355
120.465,120.475,221.46273119961032
120.475,120.485,218.88530078789685
120.485,120.495,209.43057296349417
120.495,120.505,195.6950658254104
120.505,120.515,197.24523109425178
120.515,120.525,211.96050869020252
120.525,120.535,209.05869632180028
120.535,120.545,205.0297118269023
120.545,120.555,201.42797427345002
120.555,120.565,198.66486773370835
120.565,120.575,195.6789532623172
120.575,120.585,192.03156896534364
120.585,120.595,188.30203961775575
120.595,120.605,185.52740349798785
120.605,120.615,183.64647017009509
120.615,120.625,182.26708365833832
120.625,120.635,0.0
120.635,120.645,0.0
120.645,120.655,0.0
120.655,120.665,0.0
120.665,120.675,0.0
120.675,120.685,0.0
120.685,120.695,0.0
120.695,120.705,0.0
120.705,120.715,0.0
120.715,120.725,0.0
120.725,120.735,183.70099757622688
120.735,120.745,183.5326135351495
120.745,120.755,182.38316937255416
120.755,120.765,180.27781285215198
120.765,120.775,177.40352698971012
120.775,120.785,174.23587460296363
120.785,120.795,172.0206088300282
120.795,120.805,170.67683673917207
120.805,120.815,174.99819949836248
120.815,120.825,189.4495885787661
120.825,120.835,191.39320155677777
120.835,120.845,193.61266354307187
120.845,120.855,195.1235128829694
120.855,120.865,195.51611421924113
120.865,120.875,195.07529666951544
120.875,120.885,193.50732276318175
120.885,120.895,190.58883694129474
120.895,120.905,185.27604086040483
120.905,120.915,178.79922659943182
120.915,120.925,0.0
120.925,120.935,0.0
120.935,120.945,0.0
120.945,120.955,0.0
120.955,120.965,0.0
120.965,120.975,0.0
120.975,120.985,0.0
120.985,120.995,196.43830210426103
120.995,121.005,189.39247219087298
121.005,121.015,188.6988324164803
121.015,121.025,176.50801659642113
121.025,121.035,169.85575288368665
121.035,121.045,166.87813492016542
121.045,121.055,0.0
121.055,121.065,0.0
121.065,121.075,0.0
121.075,121.085,0.0
121.085,121.095,189.91586367695368
121.095,121.105,189.37773400822832
121.105,121.115,187.6910261048977
121.115,121.125,187.05860574850453
121.125,121.135,186.1707062486915
121.135,121.145,184.419868255832
121.145,121.155,181.62104620745134
121.155,121.165,178.30688172825515
121.165,121.175,177.51567130351168
121.175,121.185,179.9234507594553
121.185,121.195,178.56061341320685
121.195,121.205,175.75342515767775
121.205,121.215,172.82877292991986
121.215,121.225,169.75422135290466
121.225,121.235,166.14443593996452
121.235,121.245,163.1607565825851
121.245,121.255,160.87300702997808
121.255,121.265,158.6092417610868
121.265,121.275,158.1084830478533
121.275,121.285,155.38462613424804
121.285,121.295,153.2544847323578
121.295,121.305,151.98010930148672
121.305,121.315,150.9130412049655
121.315,121.325,149.87733590909102
121.325,121.335,149.093184761948
121.335,121.345,148.62425586700743
121.345,121.355,148.17548559454946
121.355,121.365,147.3784421049127
121.365,121.375,146.2245904880801
121.375,121.385,144.87286836713537
121.385,121.395,143.09420711855736
121.395,121.405,141.1678616735207
121.405,121.415,140.1622768999826
121.415,121.425,139.39569797413208
121.425,121.435,138.28847302232543
121.435,121.445,137.55164329861364
121.445,121.455,0.0
121.455,121.465,0.0
121.465,121.475,0.0
121.475,121.485,0.0
121.485,121.495,0.0
121.495,121.505,135.95951611350017
121.505,121.515,136.6454402745855
121.515,121.525,137.48190212318445
121.525,121.535,140.50272932160775
121.535,121.545,142.30095279862243
121.545,121.555,142.67776670218743
121.555,121.565,141.92523041114418
121.565,121.575,140.7580787722049
121.575,121.585,139.92017475949692
121.585,121.595,139.48353178997203
121.595,121.605,139.11289344864036
121.605,121.615,138.57940021833218
121.615,121.625,137.73304458813882
121.625,121.635,0.0
121.635,121.645,0.0
121.645,121.655,0.0
121.655,121.665,0.0
121.665,121.675,0.0
121.675,121.685,0.0
121.685,121.695,0.0
121.695,121.705,0.0
121.705,121.715,0.0
121.715,121.725,0.0
121.725,121.735,0.0
121.735,121.745,0.0
121.745,121.755,0.0
121.755,121.765,0.0
121.765,121.775,0.0
121.775,121.785,0.0
121.785,121.795,0.0
121.795,121.805,0.0
121.805,121.815,0.0
121.815,121.825,0.0
121.825,121.835,0.0
121.835,121.845,0.0
121.845,121.855,0.0
121.855,121.865,0.0
121.865,121.875,0.0
121.875,121.885,0.0
121.885,121.895,0.0
121.895,121.905,0.0
121.905,121.915,0.0
121.915,121.925,0.0
121.925,121.935,0.0
121.935,121.945,0.0
121.945,121.955,0.0
121.955,121.965,0.0
121.965,121.975,0.0
121.975,121.985,0.0
121.985,121.995,0.0
121.995,122.005,0.0
122.005,122.015,0.0
122.015,122.025,0.0
122.025,122.035,0.0
122.035,122.045,0.0
122.045,122.055,0.0
122.055,122.065,0.0
122.065,122.075,0.0
122.075,122.085,0.0
122.085,122.095,0.0
122.095,122.105,0.0
122.105,122.115,0.0
122.115,122.125,0.0
122.125,122.135,0.0
122.135,122.145,0.0
122.145,122.155,0.0
122.155,122.165,0.0
122.165,122.175,0.0
122.175,122.185,0.0
122.185,122.195,0.0
122.195,122.205,0.0
122.205,122.215,0.0
122.215,122.225,0.0
122.225,122.235,0.0
122.235,122.245,0.0
122.245,122.255,0.0
122.255,122.265,0.0
122.265,122.275,190.83916317726715
122.275,122.285,191.8573836653896
122.285,122.295,193.36414690394295
122.295,122.305,194.99459743203425
122.305,122.315,194.78217188816868
122.315,122.325,192.40321093567357
122.325,122.335,187.5563385808909
122.335,122.345,181.7030987899401
122.345,122.355,0.0
122.355,122.365,0.0
122.365,122.375,199.7055514698
122.375,122.385,197.95277014541804
122.385,122.395,197.03782413057766
122.395,122.405,196.29461956518674
122.405,122.415,195.60143297668165
122.415,122.425,195.02803188438924
122.425,122.435,194.4740675150095
122.435,122.445,193.6579845653256
122.445,122.455,192.75679919499842
122.455,122.465,192.2480421969123
122.465,122.475,186.0721475812943
122.475,122.485,0.0
122.485,122.495,0.0
122.495,122.505,0.0
122.505,122.515,0.0
122.515,122.525,0.0
122.525,122.535,0.0
122.535,122.545,0.0
122.545,122.555,0.0
122.555,122.565,202.10054205244546
122.565,122.575,201.5644582748975
122.575,122.585,201.47546140657153
122.585,122.595,201.2485224835676
122.595,122.605,200.22567121098297
122.605,122.615,193.42669835679925
122.615,122.625,182.94346138240664
122.625,122.635,180.14121394329487
122.635,122.645,178.97688957456697
122.645,122.655,185.10644934859732
122.655,122.665,190.64705567704743
122.665,122.675,192.70810116129584
122.675,122.685,193.90138434056547
122.685,122.695,194.55009493860686
122.695,122.705,195.27301491215093
122.705,122.715,196.4899623335678
122.715,122.725,197.58810762175645
122.725,122.735,198.2326008250136
122.735,122.745,200.18687709829098
122.745,122.755,205.9643642203665
122.755,122.765,211.09421301923192
122.765,122.775,219.3637156924865
122.775,122.785,228.78522466468428
122.785,122.795,234.31876975679367
122.795,122.805,242.0066217808233
122.805,122.815,251.00852567424621
122.815,122.825,255.74209878458274
122.825,122.835,259.39544614308153
122.835,122.845,263.6937889342767
122.845,122.855,268.8308068257589
122.855,122.865,277.4227499926189
122.865,122.875,287.69887865882754
122.875,122.885,294.96555165597835
122.885,122.895,300.2479408861797
122.895,122.905,303.7134151124612
122.905,122.915,305.91230591001596
122.915,122.925,307.17288835619416
122.925,122.935,307.49738099935064
122.935,122.945,306.8294419143677
122.945,122.955,305.3480417681829
122.955,122.965,301.0655256503007
122.965,122.975,295.059489366144
122.975,122.985,291.1824118377134
122.985,122.995,285.53982348330806
122.995,123.005,276.7622520829187
123.005,123.015,265.56408545500256
123.015,123.025,252.31603105268636
123.025,123.035,243.23418654773377
123.035,123.045,236.42365313155457
123.045,123.055,229.57250994457226
123.055,123.065,222.509815416727
123.065,123.075,217.0854502753702
123.075,123.085,214.18380436785384
123.085,123.095,0.0
123.095,123.105,0.0
123.105,123.115,216.73328886217342
123.115,123.125,220.2315310582012
123.125,123.135,224.3726967642573
123.135,123.145,227.9365097487657
123.145,123.155,231.10477398197727
123.155,123.165,233.50273508150784
123.165,123.175,235.66372893949637
123.175,123.185,238.75291811853702
123.185,123.195,243.00887215790684
123.195,123.205,244.49268686078372
123.205,123.215,243.32647823931418
123.215,123.225,241.8853633550571
123.225,123.235,239.87589570358307
123.235,123.245,234.9195559151678
123.245,123.255,228.05118193123144
123.255,123.265,223.96569236154536
123.265,123.275,225.96246119662868
123.275,123.285,225.69309813649946
123.285,123.295,218.28573397372685
123.295,123.305,210.8540677680646
123.305,123.315,206.40867499908762
123.315,123.325,201.72484863221734
123.325,123.335,195.7242732373412
123.335,123.345,189.67750108621317
123.345,123.355,187.64546781008016
123.355,123.365,189.39623992527726
123.365,123.375,191.051268373068
123.375,123.385,191.56024469050425
123.385,123.395,190.52166019315572
123.395,123.405,188.3459262183631
123.405,123.415,185.67859493466278
123.415,123.425,181.87124507863282
123.425,123.435,0.0
123.435,123.445,0.0
123.445,123.455,0.0
123.455,123.465,0.0
123.465,123.475,0.0
123.475,123.485,0.0
123.485,123.495,0.0
123.495,123.505,0.0
123.505,123.515,0.0
123.515,123.525,0.0
123.525,123.535,0.0
123.535,123.545,184.24742081555712
123.545,123.555,182.9080802399269
123.555,123.565,181.4338635732415
123.565,123.575,180.58902640054728
123.575,123.585,179.68776615480982
123.585,123.595,177.73410603795674
123.595,123.605,176.99777956727758
123.605,123.615,177.21667410564788
123.615,123.625,176.11160310718776
123.625,123.635,175.11998297491417
123.635,123.645,174.19390167323047
123.645,123.655,173.0875528139763
123.655,123.665,171.49670861160106
123.665,123.675,169.0499678482858
123.675,123.685,168.84223144058575
123.685,123.695,167.7044025485323
123.695,123.705,166.6188956719963
123.705,123.715,167.15864310659768
123.715,123.725,167.53926204678197
123.725,123.735,168.61170737529693
123.735,123.745,173.07446835322472
123.745,123.755,174.7313488701511
123.755,123.765,176.32303874089055
123.765,123.775,176.49657980992913
123.775,123.785,174.03023821200804
123.785,123.795,169.66492302571777
123.795,123.805,0.0
123.805,123.815,0.0
123.815,123.825,0.0
123.825,123.835,0.0
123.835,123.845,0.0
123.845,123.855,0.0
123.855,123.865,0.0
123.865,123.875,0.0
123.875,123.885,0.0
123.885,123.895,0.0
123.895,123.905,0.0
123.905,123.915,0.0
123.915,123.925,0.0
123.925,123.935,182.86602635646983
123.935,123.945,182.4417705039324
123.945,123.955,181.3073851901618
123.955,123.965,180.1523605008558
123.965,123.975,179.3342746167678
123.975,123.985,179.2808611849367
123.985,123.995,179.37372880931366
123.995,124.005,179.05034021215135
124.005,124.015,178.5967766176144
124.015,124.025,178.03907621546514
124.025,124.035,177.14467110191086
124.035,124.045,176.1628597611901
124.045,124.055,175.37865426236803
124.055,124.065,174.87512971793473
124.065,124.075,175.7950369704401
124.075,124.085,174.53034199951384
124.085,124.095,171.4019306090461
124.095,124.105,167.41417518105666
124.105,124.115,165.984987235044
124.115,124.125,164.81673820202045
124.125,124.135,160.97681267768687
124.135,124.145,0.0
124.145,124.155,0.0
124.155,124.165,0.0
124.165,124.175,0.0
124.175,124.185,0.0
124.185,124.195,0.0
124.195,124.205,187.45725173073177
124.205,124.215,193.82198734224144
124.215,124.225,197.77754100759634
124.225,124.235,199.92659813549366
124.235,124.245,201.72152142183873
124.245,124.255,204.23630392867557
124.255,124.265,206.45713259871147
124.265,124.275,208.7304963603402
124.275,124.285,218.51480603509307
124.285,124.295,230.7717032387793
124.295,124.305,234.39805995110697
124.305,124.315,235.54866061644086
124.315,124.325,234.16638667138733
124.325,124.335,230.5971721815833
124.335,124.345,226.3420056857949
124.345,124.355,221.01541713993257
124.355,124.365,216.75638696255567
124.365,124.375,215.01608438501856
124.375,124.385,213.67898443188633
124.385,124.395,212.32054195868866
124.395,124.405,210.86384733830468
124.405,124.415,208.26083550536035
124.415,124.425,204.68212717894036
124.425,124.435,200.6091268660039
124.435,124.445,195.40867857095634
124.445,124.455,189.28536450029387
124.455,124.465,185.30998274554707
124.465,124.475,182.1374981104959
124.475,124.485,0.0
124.485,124.495,0.0
124.495,124.505,0.0
124.505,124.515,176.15910862703373
124.515,124.525,174.72292087357766
124.525,124.535,172.91394570158408
124.535,124.545,170.28394916897022
124.545,124.555,167.23797886828783
124.555,124.565,163.94684296367228
124.565,124.575,0.0
124.575,124.585,0.0
124.585,124.595,0.0
124.595,124.605,0.0
124.605,124.615,0.0
124.615,124.625,0.0
124.625,124.635,0.0
124.635,124.645,0.0
124.645,124.655,0.0
124.655,124.665,0.0
124.665,124.675,0.0
124.675,124.685,475.83234874821034
124.685,124.695,475.7875483422715
124.695,124.705,478.1611740364289
124.705,124.715,484.1054589516051
124.715,124.725,484.9620148218883
124.725,124.735,0.0
124.735,124.745,169.77237783849796
124.745,124.755,171.1520062551675
124.755,124.765,172.6991178448872
124.765,124.775,174.05963056327326
124.775,124.785,175.0885365206817
124.785,124.795,175.64361048942646
124.795,124.805,176.35971610234688
124.805,124.815,181.82713228384756
124.815,124.825,189.6027986333914
124.825,124.835,193.48879113993186
124.835,124.845,199.01570700560197
124.845,124.855,201.7436312213573
124.855,124.865,209.99276684859677
124.865,124.875,210.30227705099568
124.875,124.885,231.73731650145677
124.885,124.895,237.39484983503306
124.895,124.905,241.04594295624307
124.905,124.915,245.18802875938044
124.915,124.925,249.14260522901782
124.925,124.935,251.2602651997769
124.935,124.945,253.15989582059754
124.945,124.955,253.9282840956489
124.955,124.965,253.01329857021352
124.965,124.975,249.07904847449723
124.975,124.985,246.74520069210172
124.985,124.995,246.7113301953295
124.995,125.005,0.0
125.005,125.015,75.28175548024657
125.015,125.025,73.94930938188638
125.025,125.035,71.53938106064516
125.035,125.045,70.21175487988259
125.045,125.055,0.0
125.055,125.065,206.11378985238093
125.065,125.075,204.1124381047243
125.075,125.085,200.49343432683827
125.085,125.095,195.20985055552865
125.095,125.105,191.8537993726691
125.105,125.115,189.18185636946376
125.115,125.125,187.6627264188155
125.125,125.135,178.58287667543627
125.135,125.145,176.24129278870404
125.145,125.155,174.33047475233172
125.155,125.165,172.13260442599474
125.165,125.175,169.53263077763373
125.175,125.185,166.83271280208638
125.185,125.195,165.4197421645215
125.195,125.205,164.48380552914315
125.205,125.215,163.4540188023261
125.215,125.225,162.31249259725777
125.225,125.235,161.2278179747919
125.235,125.245,160.6692726638153
125.245,125.255,160.44838099506026
125.255,125.265,159.3168650018663
125.265,125.275,158.20403543097626
125.275,125.285,157.4899051333242
125.285,125.295,156.49580975254256
125.295,125.305,155.463281920799
125.305,125.315,154.80500905770083
125.315,125.325,0.0
125.325,125.335,0.0
125.335,125.345,0.0
125.345,125.355,0.0
125.355,125.365,0.0
125.365,125.375,0.0
125.375,125.385,0.0
125.385,125.395,0.0
125.395,125.405,0.0
125.405,125.415,0.0
125.415,125.425,0.0
125.425,125.435,0.0
125.435,125.445,0.0
125.445,125.455,0.0
125.455,125.465,0.0
125.465,125.475,0.0
125.475,125.485,0.0
125.485,125.495,0.0
125.495,125.505,0.0
125.505,125.515,0.0
125.515,125.525,0.0
125.525,125.535,0.0
125.535,125.545,0.0
125.545,125.555,0.0
125.555,125.565,0.0
125.565,125.575,0.0
125.575,125.585,0.0
125.585,125.595,0.0
125.595,125.605,0.0
125.605,125.615,0.0
125.615,125.625,0.0
125.625,125.635,0.0
125.635,125.645,0.0
125.645,125.655,0.0
125.655,125.665,0.0
125.665,125.675,0.0
125.675,125.685,0.0
125.685,125.695,0.0
125.695,125.705,0.0
125.705,125.715,0.0
125.715,125.725,0.0
125.725,125.735,0.0
125.735,125.745,0.0
125.745,125.755,0.0
125.755,125.765,0.0
125.765,125.775,176.18330484833464
125.775,125.785,176.98503929431604
125.785,125.795,179.2017157341738
125.795,125.805,180.57555607887005
125.805,125.815,180.12995473018378
125.815,125.825,179.5547592110894
125.825,125.835,179.4807672821098
125.835,125.845,179.469612929231
125.845,125.855,179.2734350683731
125.855,125.865,178.9523233232707
125.865,125.875,178.7175223345967
125.875,125.885,178.56304188288004
125.885,125.895,178.34164799399773
125.895,125.905,178.1294028342191
125.905,125.915,177.79863655926198
125.915,125.925,177.57144496638298
125.925,125.935,177.75352069817612
125.935,125.945,178.1719034638417
125.945,125.955,178.62579959233483
125.955,125.965,178.89733040739912
125.965,125.975,178.68616184505987
125.975,125.985,178.05485078593742
125.985,125.995,177.2099690182018
125.995,126.005,176.3368332406592
126.005,126.015,175.9589214335073
126.015,126.025,176.1182760406393
126.025,126.035,176.26536918858338
126.035,126.045,176.21163164780174
126.045,126.055,176.0067217544927
126.055,126.065,175.7614295041159
126.065,126.075,175.4758391789225
126.075,126.085,175.00737538007942
126.085,126.095,174.64054504469155
126.095,126.105,174.66767796327855
126.105,126.115,174.66059155587834
126.115,126.125,174.46751096247635
126.125,126.135,174.90447075709233
126.135,126.145,174.3598176288261
126.145,126.155,172.87281167491247
126.155,126.165,172.21566221785207
126.165,126.175,172.25775909888628
126.175,126.185,172.49371676182258
126.185,126.195,172.89391183005017
126.195,126.205,173.38435708898155
126.205,126.215,173.83101341881496
126.215,126.225,174.2615010847483
126.225,126.235,174.51190751145893
126.235,126.245,174.17746698347312
126.245,126.255,172.79961614172373
126.255,126.265,170.31175081358757
126.265,126.275,0.0
126.275,126.285,0.0
126.285,126.295,0.0
126.295,126.305,0.0
126.305,126.315,0.0
126.315,126.325,0.0
126.325,126.335,0.0
126.335,126.345,0.0
126.345,126.355,0.0
126.355,126.365,0.0
126.365,126.375,0.0
126.375,126.385,0.0
126.385,126.395,0.0
126.395,126.405,0.0
126.405,126.415,167.75478335904376
126.415,126.425,170.46533445578248
126.425,126.435,174.0399711471391
126.435,126.445,179.96734863819393
126.445,126.455,185.3543567674951
126.455,126.465,187.81460210578277
126.465,126.475,188.75596904428176
126.475,126.485,188.7770003157477
126.485,126.495,187.4054681843463
126.495,126.505,178.5872172356032
126.505,126.515,174.5276451791607
126.515,126.525,174.91072611121393
126.525,126.535,168.91235316155803
126.535,126.545,163.6616030673061
126.545,126.555,162.86590971269746
126.555,126.565,164.6816470807423
126.565,126.575,167.4943799357277
126.575,126.585,173.2937263966387
126.585,126.595,181.7915773566946
126.595,126.605,179.13564146508259
126.605,126.615,177.48681833055002
126.615,126.625,177.56622286062188
126.625,126.635,177.4370268295151
126.635,126.645,176.7249862520254
126.645,126.655,176.14217612562013
126.655,126.665,175.89114152835853
126.665,126.675,175.70284254748162
126.675,126.685,175.64760223155739
126.685,126.695,175.72246184740467
126.695,126.705,175.30749976506672
126.705,126.715,173.3688820493916
126.715,126.725,169.51053166932687
126.725,126.735,168.3776434784416
126.735,126.745,169.0048174790657
126.745,126.755,169.95575833719886
126.755,126.765,172.79625675761102
126.765,126.775,174.94775232088142
126.775,126.785,175.22628384253744
126.785,126.795,174.71217302101746
126.795,126.805,174.27865529150858
126.805,126.815,173.94723430006044
126.815,126.825,173.28943979136832
126.825,126.835,172.24218571054044
126.835,126.845,173.33486004906487
126.845,126.855,176.33206625631607
126.855,126.865,176.32436608333882
126.865,126.875,173.77209462093293
126.875,126.885,170.78576442324558
126.885,126.895,170.52693810321298
126.895,126.905,173.29022138952794
126.905,126.915,174.63550151669995
126.915,126.925,171.30164295739422
126.925,126.935,169.19544809815503
126.935,126.945,169.54497049744427
126.945,126.955,0.0
126.955,126.965,0.0
126.965,126.975,0.0
126.975,126.985,0.0
126.985,126.995,0.0
126.995,127.005,0.0
127.005,127.015,0.0
127.015,127.025,0.0
127.025,127.035,0.0
127.035,127.045,0.0
127.045,127.055,0.0
127.055,127.065,0.0
127.065,127.075,0.0
127.075,127.085,0.0
127.085,127.095,0.0
127.095,127.105,0.0
127.105,127.115,0.0
127.115,127.125,209.2834452469015
127.125,127.135,204.24760349120922
127.135,127.145,203.4700710717103
127.145,127.155,203.83162347697086
127.155,127.165,204.8070407760511
127.165,127.175,205.9136042508166
127.175,127.185,207.30227732717788
127.185,127.195,208.7434333792401
127.195,127.205,210.18366169895265
127.205,127.215,211.07186194320485
127.215,127.225,211.08869575318022
127.225,127.235,210.52465441518095
127.235,127.245,209.5711731465884
127.245,127.255,208.3013955597195
127.255,127.265,207.0166567884936
127.265,127.275,207.16617132872955
127.275,127.285,208.79947347265497
127.285,127.295,208.1508473245967
127.295,127.305,207.00294719529552
127.305,127.315,205.45061469941433
127.315,127.325,202.25835084804808
127.325,127.335,200.05855312992412
127.335,127.345,198.18392804999328
127.345,127.355,196.88718238605392
127.355,127.365,196.48068925427165
127.365,127.375,196.31852270207315
127.375,127.385,195.67204007516577
127.385,127.395,194.1569883768926
127.395,127.405,192.1237979689961
127.405,127.415,190.4039227411106
127.415,127.425,189.48653991625696
127.425,127.435,189.1884545933952
127.435,127.445,188.45923205462066
127.445,127.455,187.5667046413608
127.455,127.465,186.87456012820036
127.465,127.475,186.2144549514193
127.475,127.485,185.51031908171262
127.485,127.495,184.54672298252794
127.495,127.505,183.42903445179743
127.505,127.515,182.44038251352356
127.515,127.525,180.93987189530105
127.525,127.535,177.40863587025032
127.535,127.545,173.3451645676462
127.545,127.555,170.69113954107218
127.555,127.565,168.62424508124616
127.565,127.575,167.51837244864876
127.575,127.585,166.64575704324318
127.585,127.595,169.06080824845438
127.595,127.605,173.82866829016467
127.605,127.615,176.54977111486676
127.615,127.625,177.3084554332453
127.625,127.635,177.25333624702012
127.635,127.645,175.34107157708914
127.645,127.655,0.0
127.655,127.665,0.0
127.665,127.675,0.0
127.675,127.685,0.0
127.685,127.695,0.0
127.695,127.705,0.0
127.705,127.715,0.0
127.715,127.725,188.9665386691124
127.725,127.735,193.46374399849188
127.735,127.745,198.23869030904012
127.745,127.755,202.43472458863658
127.755,127.765,205.70170408581532
127.765,127.775,208.76139340700524
127.775,127.785,212.27869063856912
127.785,127.795,216.94266725867325
127.795,127.805,222.87897710806106
127.805,127.815,230.3309352162488
127.815,127.825,237.1695739742684
127.825,127.835,242.7331130358208
127.835,127.845,245.61228085432475
127.845,127.855,243.01316193055126
127.855,127.865,234.1703409169977
127.865,127.875,229.31898557097455
127.875,127.885,0.0
127.885,127.895,0.0
127.895,127.905,0.0
127.905,127.915,0.0
127.915,127.925,0.0
127.925,127.935,0.0
127.935,127.945,0.0
127.945,127.955,0.0
127.955,127.965,0.0
127.965,127.975,0.0
127.975,127.985,0.0
127.985,127.995,187.67198614891436
127.995,128.005,183.6067699815317
128.005,128.015,180.80939333765295
128.015,128.025,178.85244872451634
128.025,128.035,177.83337129942313
128.035,128.045,177.4858436828281
128.045,128.055,177.6173039007687
128.055,128.065,177.8528760845069
128.065,128.075,177.84449800917025
128.075,128.085,177.70474773460927
128.085,128.095,177.5626603985901
128.095,128.105,177.49653411958712
128.105,128.115,178.32981575422542
128.115,128.125,180.82697910636966
128.125,128.135,182.83734635260652
128.135,128.145,183.05961536488815
128.145,128.155,182.22273887800904
128.155,128.165,180.94267407381872
128.165,128.175,179.53208923314148
128.175,128.185,179.3729777981145
128.185,128.195,178.08566194906356
128.195,128.205,178.1946061918343
128.205,128.215,0.0
128.215,128.225,0.0
128.225,128.235,0.0
128.235,128.245,0.0
128.245,128.255,185.29665852826966
128.255,128.265,185.28095959274717
128.265,128.275,184.771335537323
128.275,128.285,184.26104014313762
128.285,128.295,184.03387504623865
128.295,128.305,183.59281837427955
128.305,128.315,182.24881726395404
128.315,128.325,181.08253278938986
128.325,128.335,182.6943020058512
128.335,128.345,182.02249796082074
128.345,128.355,180.9992330351502
128.355,128.365,181.69632732714012
128.365,128.375,181.1036254829671
128.375,128.385,179.05300549115378
128.385,128.395,178.0938013350659
128.395,128.405,177.33882240427877
128.405,128.415,176.61095575058695
128.415,128.425,176.02369843853674
128.425,128.435,175.86331543972238
128.435,128.445,176.2814616134288
128.445,128.455,176.59122956147473
128.455,128.465,176.17347111535898
128.465,128.475,175.41863543083275
128.475,128.485,174.62610771880668
128.485,128.495,174.05512635724466
128.495,128.505,0.0
128.505,128.515,0.0
128.515,128.525,0.0
128.525,128.535,0.0
128.535,128.545,0.0
128.545,128.555,0.0
128.555,128.565,0.0
128.565,128.575,0.0
128.575,128.585,0.0
128.585,128.595,182.2552997879851
128.595,128.605,181.50155364079194
128.605,128.615,180.36688772712046
128.615,128.625,178.99162895244504
128.625,128.635,176.55413897743
128.635,128.645,173.88533301574174
128.645,128.655,171.18864320797988
128.655,128.665,168.02553829694318
128.665,128.675,0.0
128.675,128.685,0.0
128.685,128.695,0.0
128.695,128.705,175.12874294997133
128.705,128.715,174.01302269629002
128.715,128.725,173.21758920395573
128.725,128.735,171.86035538020238
128.735,128.745,169.25312463915276
128.745,128.755,165.15668866252963
128.755,128.765,163.2649570954564
128.765,128.775,0.0
128.775,128.785,0.0
128.785,128.795,0.0
128.795,128.805,0.0
128.805,128.815,0.0
128.815,128.825,0.0
128.825,128.835,0.0
128.835,128.845,0.0
128.845,128.855,0.0
128.855,128.865,208.34051342683955
128.865,128.875,207.70436078874584
128.875,128.885,207.81566453303938
128.885,128.895,207.00182031542428
128.895,128.905,203.5983629592065
128.905,128.915,198.3673386253282
128.915,128.925,0.0
128.925,128.935,0.0
128.935,128.945,0.0
128.945,128.955,0.0
128.955,128.965,0.0
128.965,128.975,0.0
128.975,128.985,0.0
128.985,128.995,0.0
128.995,129.005,0.0
129.005,129.015,0.0
129.015,129.025,0.0
129.025,129.035,0.0
129.035,129.045,0.0
129.045,129.055,0.0
129.055,129.065,174.32524803213624
129.065,129.075,174.55719362640178
129.075,129.085,174.307249647421
129.085,129.095,173.77817978207088
129.095,129.105,173.61168158030532
129.105,129.115,174.34153148664134
129.115,129.125,175.14061471264628
129.125,129.135,175.0877281535703
129.135,129.145,174.51259932320974
129.145,129.155,173.4948773347127
129.155,129.165,172.09384192533264
129.165,129.175,170.34985840315682
129.175,129.185,169.06460891395244
129.185,129.195,168.82833780144458
129.195,129.205,165.7886661891773
129.205,129.215,166.41354504982868
129.215,129.225,166.95276676279343
129.225,129.235,166.93400378344577
129.235,129.245,166.16180404621284
129.245,129.255,164.84296633869891
129.255,129.265,163.33070824830554
129.265,129.275,161.75137591696918
129.275,129.285,0.0
129.285,129.295,0.0
129.295,129.305,0.0
129.305,129.315,0.0
129.315,129.325,0.0
129.325,129.335,0.0
129.335,129.345,0.0
129.345,129.355,0.0
129.355,129.365,0.0
129.365,129.375,0.0
129.375,129.385,0.0
129.385,129.395,0.0
129.395,129.405,0.0
129.405,129.415,0.0
129.415,129.425,0.0
129.425,129.435,172.3845992414533
129.435,129.445,172.74087932925931
129.445,129.455,171.83938844262556
129.455,129.465,170.27912692551496
129.465,129.475,169.19995855374265
129.475,129.485,168.70516313463955
129.485,129.495,167.81610008646047
129.495,129.505,0.0
129.505,129.515,0.0
129.515,129.525,0.0
129.525,129.535,0.0
129.535,129.545,0.0
129.545,129.555,170.1071555935134
129.555,129.565,169.04841177477462
129.565,129.575,167.8972051241427
129.575,129.585,165.49542255946756
129.585,129.595,163.439890588926
129.595,129.605,162.65689690239154
129.605,129.615,162.80508289858648
129.615,129.625,160.540187488515
129.625,129.635,157.8368338960313
129.635,129.645,154.92177666413085
129.645,129.655,156.11104898452453
129.655,129.665,160.13555461093082
129.665,129.675,160.61607280993593
129.675,129.685,159.25337862187484
129.685,129.695,157.22134143002148
129.695,129.705,155.21332839432057
129.705,129.715,0.0
129.715,129.725,0.0
129.725,129.735,0.0
129.735,129.745,164.989695015804
129.745,129.755,164.63577175010147
129.755,129.765,162.96869218900073
129.765,129.775,161.39833775906013
129.775,129.785,160.1448032160278
129.785,129.795,158.57891002077199
129.795,129.805,156.4974371915515
129.805,129.815,153.09139368921842
129.815,129.825,0.0
129.825,129.835,0.0
129.835,129.845,0.0
129.845,129.855,0.0
129.855,129.865,0.0
129.865,129.875,0.0
129.875,129.885,0.0
129.885,129.895,0.0
129.895,129.905,0.0
129.905,129.915,0.0
129.915,129.925,0.0
129.925,129.935,0.0
129.935,129.945,0.0
129.945,129.955,0.0
129.955,129.965,159.55019493420775
129.965,129.975,159.4807806086511
129.975,129.985,159.91618812285463
129.985,129.995,161.99124329196633
129.995,130.005,161.1021089270974
130.005,130.015,159.5867078940349
130.015,130.025,158.37347842352835
130.025,130.035,156.46271542634628
130.035,130.045,156.65298080666182
130.045,130.055,156.02400501088215
130.055,130.065,154.68147201669163
130.065,130.075,153.15732772712136
130.075,130.085,150.93458044247674
130.085,130.095,148.51258433097405
130.095,130.105,146.7553488226116
130.105,130.115,146.61794542487013
130.115,130.125,146.9065187976971
130.125,130.135,145.9285812283485
130.135,130.145,144.87856854549668
130.145,130.155,144.31817502282374
130.155,130.165,144.04169223713942
130.165,130.175,143.844539840394
130.175,130.185,143.60437989465603
130.185,130.195,143.22499167699968
130.195,130.205,143.32448095026416
130.205,130.215,144.13138615760002
130.215,130.225,144.34570428052896
130.225,130.235,144.66462133558645
130.235,130.245,144.60896589893733
130.245,130.255,0.0
130.255,130.265,0.0
130.265,130.275,0.0
130.275,130.285,71.37622684776291
130.285,130.295,71.62764081529154
130.295,130.305,71.20460554030798
130.305,130.315,70.6229958349728
130.315,130.325,70.3080695653868
130.325,130.335,70.14032261712624
130.335,130.345,71.05964443383972
130.345,130.355,71.82069409378501
130.355,130.365,69.79854489028733
130.365,130.375,69.83752755054931
130.375,130.385,69.7545001114975
130.385,130.395,68.47614179441739
130.395,130.405,68.30893880124792
130.405,130.415,68.08808605598398
130.415,130.425,0.0
130.425,130.435,0.0
130.435,130.445,0.0
130.445,130.455,0.0
130.455,130.465,0.0
130.465,130.475,0.0
130.475,130.485,0.0
130.485,130.495,0.0
130.495,130.505,0.0
130.505,130.515,0.0
130.515,130.525,0.0
130.525,130.535,0.0
130.535,130.545,0.0
130.545,130.555,0.0
130.555,130.565,0.0
130.565,130.575,0.0
130.575,130.585,0.0
130.585,130.595,0.0
130.595,130.605,0.0
130.605,130.615,0.0
130.615,130.625,0.0
130.625,130.635,0.0
130.635,130.645,0.0
130.645,130.655,0.0
130.655,130.665,0.0
130.665,130.675,0.0
130.675,130.685,0.0
130.685,130.695,0.0
130.695,130.705,0.0
130.705,130.715,0.0
130.715,130.725,0.0
130.725,130.735,0.0
130.735,130.745,0.0
130.745,130.755,0.0
130.755,130.765,0.0
130.765,130.775,0.0
130.775,130.785,0.0
130.785,130.795,0.0
130.795,130.805,0.0
130.805,130.815,0.0
130.815,130.825,0.0
130.825,130.835,0.0
130.835,130.845,0.0
130.845,130.855,0.0
130.855,130.865,0.0
130.865,130.875,0.0
130.875,130.885,0.0
130.885,130.895,0.0
130.895,130.905,0.0
130.905,130.915,0.0
130.915,130.925,0.0
130.925,130.935,0.0
130.935,130.945,0.0
130.945,130.955,0.0
130.955,130.965,0.0
130.965,130.975,0.0
130.975,130.985,0.0
130.985,130.995,0.0
130.995,131.005,0.0
131.005,131.015,0.0
131.015,131.025,0.0
131.025,131.035,0.0
131.035,131.045,0.0
131.045,131.055,0.0
131.055,131.065,0.0
131.065,131.075,0.0
131.075,131.085,0.0
131.085,131.095,0.0
131.095,131.105,0.0
131.105,131.115,0.0
131.115,131.125,0.0
131.125,131.135,0.0
131.135,131.145,0.0
131.145,131.155,0.0
131.155,131.165,0.0
131.165,131.175,0.0
131.175,131.185,0.0
131.185,131.195,0.0
131.195,131.205,0.0
131.205,131.215,0.0
131.215,131.225,0.0
131.225,131.235,0.0
131.235,131.245,0.0
131.245,131.255,0.0
131.255,131.265,0.0
131.265,131.275,0.0
131.275,131.285,0.0
131.285,131.295,0.0
131.295,131.305,0.0
131.305,131.315,0.0
131.315,131.325,0.0
131.325,131.335,0.0
131.335,131.345,188.83233610770034
131.345,131.355,189.03571277304172
131.355,131.365,189.4014963761934
131.365,131.375,189.38184432250978
131.375,131.385,188.51205962491616
131.385,131.395,186.99873652638638
131.395,131.405,185.93042703346805
131.405,131.415,186.63014594179114
131.415,131.425,190.2490570443867
131.425,131.435,194.0049866122199
131.435,131.445,193.24433478509354
131.445,131.455,191.81308537036995
131.455,131.465,190.6667494815312
131.465,131.475,189.70345412514953
131.475,131.485,188.50002328707467
131.485,131.495,186.87583779632743
131.495,131.505,185.8319725026912
131.505,131.515,0.0
131.515,131.525,0.0
131.525,131.535,0.0
131.535,131.545,0.0
131.545,131.555,0.0
131.555,131.565,0.0
131.565,131.575,231.0592837903655
131.575,131.585,233.64056059666848
131.585,131.595,235.98900962060938
131.595,131.605,239.3526974835292
131.605,131.615,245.74753309374265
131.615,131.625,252.5186506816666
131.625,131.635,255.76025010062224
131.635,131.645,256.65858429650035
131.645,131.655,255.63647420428606
131.655,131.665,250.41636797253142
131.665,131.675,231.46921836101893
131.675,131.685,222.55422820535546
131.685,131.695,221.19090503826635
131.695,131.705,0.0
131.705,131.715,0.0
131.715,131.725,0.0
131.725,131.735,0.0
131.735,131.745,0.0
131.745,131.755,0.0
131.755,131.765,0.0
131.765,131.775,0.0
131.775,131.785,0.0
131.785,131.795,0.0
131.795,131.805,0.0
131.805,131.815,211.18423631550215
131.815,131.825,207.64603509746578
131.825,131.835,204.00162714415313
131.835,131.845,199.77651759528962
131.845,131.855,194.38907934014713
131.855,131.865,189.53312851520033
131.865,131.875,186.1733060883223
131.875,131.885,182.21974056222183
131.885,131.895,179.48938798524614
131.895,131.905,177.68418499437215
131.905,131.915,177.78467638486646
131.915,131.925,179.4476294285233
131.925,131.935,181.21273671860425
131.935,131.945,181.38108714761657
131.945,131.955,180.54714296596347
131.955,131.965,178.61487390710218
131.965,131.975,172.74290336665555
131.975,131.985,172.13031894931774
131.985,131.995,0.0
131.995,132.005,0.0
132.005,132.015,0.0
132.015,132.025,0.0
132.025,132.035,0.0
132.035,132.045,0.0
132.045,132.055,199.4921295406098
132.055,132.065,200.58750374302355
132.065,132.075,201.68125822631504
132.075,132.085,200.18073869253297
132.085,132.095,197.3625128750494
132.095,132.105,194.83358473483122
132.105,132.115,193.85680325991623
132.115,132.125,193.46048225625057
132.125,132.135,192.36717113854118
132.135,132.145,190.4195351207005
132.145,132.155,188.15448881538327
132.155,132.165,186.2158210970025
132.165,132.175,184.6086602091647
132.175,132.185,183.29446732008907
132.185,132.195,182.34407215318004
132.195,132.205,181.87799210445195
132.205,132.215,180.0234580138718
132.215,132.225,177.59218126202367
132.225,132.235,174.30967519540204
132.235,132.245,171.47394331633402
132.245,132.255,169.02710119844716
132.255,132.265,168.39194703910522
132.265,132.275,168.24855262220277
132.275,132.285,167.90023194342263
132.285,132.295,167.6326484399959
132.295,132.305,167.28159772244965
132.305,132.315,166.9519491220771
132.315,132.325,167.14836460313518
132.325,132.335,168.72462020111973
132.335,132.345,169.91793835158984
132.345,132.355,167.98733304564374
132.355,132.365,165.83074603355124
132.365,132.375,165.64781541108565
132.375,132.385,168.77658714281262
132.385,132.395,170.45867642370595
132.395,132.405,171.11144567987677
132.405,132.415,171.41914006945225
132.415,132.425,171.39731888858037
132.425,132.435,170.7783304687543
132.435,132.445,169.65850568651933
132.445,132.455,168.25717503124142
132.455,132.465,166.93578870833184
132.465,132.475,169.96071064840046
132.475,132.485,172.92235276344877
132.485,132.495,172.85214275489787
132.495,132.505,172.72208981523502
132.505,132.515,172.74642334351083
132.515,132.525,172.33060964547357
132.525,132.535,171.29846040334118
132.535,132.545,170.13899914969633
132.545,132.555,169.54630225822277
132.555,132.565,169.59881234433104
132.565,132.575,169.8158505242857
132.575,132.585,169.80362130175652
132.585,132.595,169.75569244554822
132.595,132.605,170.10729405909362
132.605,132.615,171.56167192836685
132.615,132.625,181.3881848997059
132.625,132.635,190.85679075910005
132.635,132.645,179.6576663402188
132.645,132.655,173.6045679436697
132.655,132.665,169.84331604580842
132.665,132.675,168.4393917279651
132.675,132.685,168.1092125772621
132.685,132.695,168.1689388847825
132.695,132.705,168.184404159175
132.705,132.715,167.92043946572494
132.715,132.725,167.59028375067166
132.725,132.735,167.21272863274973
132.735,132.745,166.77620885192178
132.745,132.755,166.53587146739696
132.755,132.765,166.306933921372
132.765,132.775,166.14265203149077
132.775,132.785,166.25709720272184
132.785,132.795,166.28322285233034
132.795,132.805,165.96618154974715
132.805,132.815,165.37363635509266
132.815,132.825,164.7330693106331
132.825,132.835,164.19256028121342
132.835,132.845,163.63898663717742
132.845,132.855,163.31844725383343
132.855,132.865,163.4277769722721
132.865,132.875,163.4936646829836
132.875,132.885,163.18467608889716
132.885,132.895,162.82361250002077
132.895,132.905,162.5662802870814
132.905,132.915,162.14247947717425
132.915,132.925,161.56778507878278
132.925,132.935,160.9437329293517
132.935,132.945,160.22724246804478
132.945,132.955,159.48915585308532
132.955,132.965,159.0721688907901
132.965,132.975,159.26483368066081
132.975,132.985,159.78154550694046
132.985,132.995,160.21420282367126
132.995,133.005,160.17943418888078
133.005,133.015,159.30793398078268
133.015,133.025,158.43493680969536
133.025,133.035,158.47563760655802
133.035,133.045,158.4860653957032
133.045,133.055,158.20023666651232
133.055,133.065,157.54764926864516
133.065,133.075,156.64204929776548
133.075,133.085,155.62497121353408
133.085,133.095,154.845057444689
133.095,133.105,154.59306544516738
133.105,133.115,154.0286809013892
133.115,133.125,152.86690645667284
133.125,133.135,151.7710797502653
133.135,133.145,150.24462912523177
133.145,133.155,149.067101674747
133.155,133.165,148.35650903753867
133.165,133.175,0.0
133.175,133.185,0.0
133.185,133.195,0.0
133.195,133.205,0.0
133.205,133.215,0.0
133.215,133.225,0.0
133.225,133.235,0.0
133.235,133.245,0.0
133.245,133.255,0.0
133.255,133.265,0.0
133.265,133.275,0.0
133.275,133.285,0.0
133.285,133.295,0.0
133.295,133.305,0.0
133.305,133.315,0.0
133.315,133.325,0.0
133.325,133.335,0.0
133.335,133.345,0.0
133.345,133.355,0.0
133.355,133.365,0.0
133.365,133.375,0.0
133.375,133.385,0.0
133.385,133.395,0.0
133.395,133.405,0.0
133.405,133.415,0.0
133.415,133.425,0.0
133.425,133.435,0.0
133.435,133.445,0.0
133.445,133.455,0.0
133.455,133.465,0.0
133.465,133.475,0.0
133.475,133.485,0.0
133.485,133.495,0.0
133.495,133.505,0.0
133.505,133.515,0.0
133.515,133.525,0.0
133.525,133.535,0.0
133.535,133.545,162.80648925416074
133.545,133.555,163.97708481369028
133.555,133.565,166.07587016797277
133.565,133.575,169.44318418554573
133.575,133.585,176.11035155132055
133.585,133.595,189.54424670382033
133.595,133.605,209.4566122981173
133.605,133.615,226.72793298041566
133.615,133.625,236.99057446000592
133.625,133.635,244.3867870614472
133.635,133.645,247.3130960755389
133.645,133.655,247.27223701675086
133.655,133.665,234.1975068397376
133.665,133.675,217.7216569053018
133.675,133.685,212.28817573089995
133.685,133.695,207.60295107104216
133.695,133.705,203.23190285247856
133.705,133.715,199.50229878413433
133.715,133.725,195.9866390176894
133.725,133.735,192.70653902035556
133.735,133.745,188.67037060585164
133.745,133.755,183.53151344346313
133.755,133.765,178.990187587401
133.765,133.775,176.51068741018778
133.775,133.785,175.54031681683827
133.785,133.795,175.37234505351032
133.795,133.805,174.46747048953296
133.805,133.815,180.36151461591143
133.815,133.825,180.8033465560902
133.825,133.835,183.9041801775356
133.835,133.845,183.96271614278035
133.845,133.855,183.967090446607
133.855,133.865,183.20212416194119
133.865,133.875,182.2256034295458
133.875,133.885,181.36663609152214
133.885,133.895,179.92606391376358
133.895,133.905,178.84993285479595
133.905,133.915,178.18547186304258
133.915,133.925,177.5143983448646
133.925,133.935,177.04599067049094
133.935,133.945,176.79710742072763
133.945,133.955,176.5849227962959
133.955,133.965,176.33732044514542
133.965,133.975,176.0561582908953
133.975,133.985,176.0882859717506
133.985,133.995,176.49471794606615
133.995,134.005,178.22133012504912
134.005,134.015,180.17611953356345
134.015,134.025,182.0864069798333
134.025,134.035,182.65105551893748
134.035,134.045,183.39624201012296
134.045,134.055,186.8886516080727
134.055,134.065,188.47604473361054
134.065,134.075,190.11309472996376
134.075,134.085,192.3886685858392
134.085,134.095,195.55456392517357
134.095,134.105,198.98328665294284
134.105,134.115,201.8976209675452
134.115,134.125,204.4536226350156
134.125,134.135,207.20240510919845
134.135,134.145,210.91854122118494
134.145,134.155,213.8933606265356
134.155,134.165,213.8653348288359
134.165,134.175,208.85153240228638
134.175,134.185,0.0
134.185,134.195,0.0
134.195,134.205,0.0
134.205,134.215,0.0
134.215,134.225,0.0
134.225,134.235,0.0
134.235,134.245,0.0
134.245,134.255,0.0
134.255,134.265,0.0
134.265,134.275,0.0
134.275,134.285,0.0
134.285,134.295,0.0
134.295,134.305,0.0
134.305,134.315,0.0
134.315,134.325,0.0
134.325,134.335,0.0
134.335,134.345,0.0
134.345,134.355,0.0
134.355,134.365,0.0
134.365,134.375,0.0
134.375,134.385,0.0
134.385,134.395,0.0
134.395,134.405,0.0
134.405,134.415,0.0
134.415,134.425,0.0
134.425,134.435,0.0
134.435,134.445,0.0
134.445,134.455,0.0
134.455,134.465,0.0
134.465,134.475,0.0
134.475,134.485,0.0
134.485,134.495,0.0
134.495,134.505,0.0
134.505,134.515,0.0
134.515,134.525,0.0
134.525,134.535,0.0
134.535,134.545,0.0
134.545,134.555,0.0
134.555,134.565,0.0
134.565,134.575,0.0
134.575,134.585,0.0
134.585,134.595,0.0
134.595,134.605,0.0
134.605,134.615,0.0
134.615,134.625,0.0
134.625,134.635,0.0
134.635,134.645,0.0
134.645,134.655,0.0
134.655,134.665,0.0
134.665,134.675,0.0
134.675,134.685,0.0
134.685,134.695,0.0
134.695,134.705,92.65355304755072
134.705,134.715,92.42096258947835
134.715,134.725,92.66952877715549
134.725,134.735,93.40332305310496
134.735,134.745,0.0
134.745,134.755,0.0
134.755,134.765,225.97507148130794
134.765,134.775,239.3431023042515
134.775,134.785,250.2721702353455
134.785,134.795,260.06808327386466
134.795,134.805,269.86278690627904
134.805,134.815,277.3485294720504
134.815,134.825,282.5284566673817
134.825,134.835,282.6226100919938
134.835,134.845,275.76358477655333
134.845,134.855,269.9597929888462
134.855,134.865,0.0
134.865,134.875,0.0
134.875,134.885,0.0
134.885,134.895,0.0
134.895,134.905,0.0
134.905,134.915,0.0
134.915,134.925,0.0
134.925,134.935,0.0
134.935,134.945,0.0
134.945,134.955,0.0
134.955,134.965,0.0
134.965,134.975,225.08720543341474
134.975,134.985,223.17571338139234
134.985,134.995,221.01043716752812
134.995,135.005,215.04824370884018
135.005,135.015,201.14308498503726
135.015,135.025,192.9075661968471
135.025,135.035,190.61618712468797
135.035,135.045,190.52386107880315
135.045,135.055,0.0
135.055,135.065,0.0
135.065,135.075,194.88197730739745
135.075,135.085,192.31539525254934
135.085,135.095,189.90723848116372
135.095,135.105,186.58640699720237
135.105,135.115,184.38258558802102
135.115,135.125,183.82146031822313
135.125,135.135,183.6446475386911
135.135,135.145,187.17287568546632
135.145,135.155,190.55280765601887
135.155,135.165,190.97231025845088
135.165,135.175,189.9740260568595
135.175,135.185,189.2129137239571
135.185,135.195,190.83107549084696
135.195,135.205,193.56425717157586
135.205,135.215,201.0992011067746
135.215,135.225,203.60276573364376
135.225,135.235,204.94310473354238
135.235,135.245,202.32195664057159
135.245,135.255,196.31181927259686
135.255,135.265,194.05346884628884
135.265,135.275,193.32137765041645
135.275,135.285,193.6020670621573
135.285,135.295,194.42311375026793
135.295,135.305,195.35397146290222
135.305,135.315,196.672149396128
135.315,135.325,198.70678337565283
135.325,135.335,211.85334320267
135.335,135.345,231.1419752986503
135.345,135.355,230.91908536472124
135.355,135.365,229.42976760740697
135.365,135.375,226.6212412267561
135.375,135.385,223.09002138277526
135.385,135.395,213.5180905154887
135.395,135.405,203.7333708080042
135.405,135.415,199.139580636797
135.415,135.425,193.94443296317283
135.425,135.435,188.43281018010526
135.435,135.445,187.81038635087668
135.445,135.455,185.327624137561
135.455,135.465,182.93623600345825
135.465,135.475,181.31044250585256
135.475,135.485,179.91062136429696
135.485,135.495,178.60955271242955
135.495,135.505,177.52966684099587
135.505,135.515,176.75813929516625
135.515,135.525,176.2219405583297
135.525,135.535,175.83101264230297
135.535,135.545,176.02067886394443
135.545,135.555,177.33263082457188
135.555,135.565,175.72765858399978
135.565,135.575,178.95962812666286
135.575,135.585,178.61093137794947
135.585,135.595,176.67394254123695
135.595,135.605,174.70275640582122
135.605,135.615,172.45598994884602
135.615,135.625,170.2755391443831
135.625,135.635,168.33734904798726
135.635,135.645,168.24385824372982
135.645,135.655,175.88650898725993
135.655,135.665,183.8128262254529
135.665,135.675,184.89901299082078
135.675,135.685,184.0160721217037
135.685,135.695,183.86860383316753
135.695,135.705,183.43359617003722
135.705,135.715,180.93914336185176
135.715,135.725,176.25931016477153
135.725,135.735,170.43609393947037
135.735,135.745,166.89171105686322
135.745,135.755,0.0
135.755,135.765,0.0
135.765,135.775,0.0
135.775,135.785,0.0
135.785,135.795,0.0
135.795,135.805,0.0
135.805,135.815,0.0
135.815,135.825,0.0
135.825,135.835,0.0
135.835,135.845,0.0
135.845,135.855,0.0
135.855,135.865,0.0
135.865,135.875,224.24027504161057
135.875,135.885,222.70929001967357
135.885,135.895,221.39624572672187
135.895,135.905,219.3835573172804
135.905,135.915,216.97144786649753
135.915,135.925,214.3640598167086
135.925,135.935,208.7677811795308
135.935,135.945,198.18058921061927
135.945,135.955,193.08023853767403
135.955,135.965,189.35563610560936
135.965,135.975,185.21758153442056
135.975,135.985,180.3313867700091
135.985,135.995,181.4125873768001
135.995,136.005,183.26044197712253
136.005,136.015,183.59639391214273
136.015,136.025,183.18461311442564
136.025,136.035,182.28972223137137
136.035,136.045,180.70777026008963
136.045,136.055,178.5625336803616
136.055,136.065,177.8234185288199
136.065,136.075,179.45700905916996
136.075,136.085,180.95551977737378
136.085,136.095,181.4501478012562
136.095,136.105,181.65028485863402
136.105,136.115,181.67658340072887
136.115,136.125,181.46280729146952
136.125,136.135,182.12990248354623
136.135,136.145,181.75329030697216
136.145,136.155,180.4177945934179
136.155,136.165,178.8268227959711
136.165,136.175,177.65127517151615
136.175,136.185,176.9962384981686
136.185,136.195,176.347146640261
136.195,136.205,175.88769350608428
136.205,136.215,176.7704887056145
136.215,136.225,175.56301346369057
136.225,136.235,173.8816831306237
136.235,136.245,172.1243303883563
136.245,136.255,170.3880739477367
136.255,136.265,169.06505600701533
136.265,136.275,168.22195608599912
136.275,136.285,167.47564762201267
136.285,136.295,166.4831472550184
136.295,136.305,167.46683429984094
136.305,136.315,168.47809885525277
136.315,136.325,165.7723919876547
136.325,136.335,166.27277587570418
136.335,136.345,0.0
136.345,136.355,0.0
136.355,136.365,167.04574502609395
136.365,136.375,165.37779069775817
136.375,136.385,164.77510493849093
136.385,136.395,164.07889345137033
136.395,136.405,162.90532316931868
136.405,136.415,161.67730077302923
136.415,136.425,160.77686620114844
136.425,136.435,160.3001052445868
136.435,136.445,162.6358020847148
136.445,136.455,163.32784507961335
136.455,136.465,162.76317335496907
136.465,136.475,163.15396814780365
136.475,136.485,163.32802923539637
136.485,136.495,163.09272839731165
136.495,136.505,163.0433016850858
136.505,136.515,163.02263064887515
136.515,136.525,162.48708865667678
136.525,136.535,161.68114439621482
136.535,136.545,161.27215969467588
136.545,136.555,161.73226011837338
136.555,136.565,165.0789450115706
136.565,136.575,162.93091742229163
136.575,136.585,161.22614191726552
136.585,136.595,160.7006088965348
136.595,136.605,160.593514695342
136.605,136.615,160.60252443113285
136.615,136.625,160.79514204535454
136.625,136.635,161.0250792758824
136.635,136.645,161.12882433500923
136.645,136.655,161.10181697272822
136.655,136.665,160.92104800842014
136.665,136.675,160.4839207272297
136.675,136.685,159.5717923118948
136.685,136.695,158.2574699372115
136.695,136.705,156.93141703085965
136.705,136.715,156.18936009350907
136.715,136.725,157.56536874831062
136.725,136.735,0.0
136.735,136.745,0.0
136.745,136.755,0.0
136.755,136.765,0.0
136.765,136.775,0.0
136.775,136.785,0.0
136.785,136.795,0.0
136.795,136.805,0.0
136.805,136.815,0.0
136.815,136.825,0.0
136.825,136.835,182.3219654620933
136.835,136.845,183.24466486639744
136.845,136.855,183.12407133988356
136.855,136.865,181.47400447820343
136.865,136.875,179.01885677401575
136.875,136.885,175.9985619437622
136.885,136.895,170.67204762907014
136.895,136.905,164.70756582102035
136.905,136.915,160.4355830721521
136.915,136.925,158.97109744208012
136.925,136.935,164.19371694571814
136.935,136.945,167.59564586899575
136.945,136.955,167.8923815245412
136.955,136.965,168.1574273889206
136.965,136.975,168.19884374374905
136.975,136.985,167.45971505921676
136.985,136.995,165.74133489696493
136.995,137.005,163.63765896728202
137.005,137.015,161.27655351936926
137.015,137.025,161.8192381036879
137.025,137.035,162.97666917911613
137.035,137.045,162.82091305433664
137.045,137.055,162.60551464013514
137.055,137.065,162.29160460437345
137.065,137.075,161.60081439459825
137.075,137.085,160.58153527858704
137.085,137.095,159.46470321057598
137.095,137.105,158.26604698494333
137.105,137.115,159.48003091960956
137.115,137.125,160.06436923767293
137.125,137.135,158.67909432154363
137.135,137.145,157.10424716508928
137.145,137.155,153.42613114891583
137.155,137.165,149.8564406847733
137.165,137.175,74.07312885393858
137.175,137.185,73.40121308381154
137.185,137.195,72.38259123581095
137.195,137.205,71.599617015459
137.205,137.215,71.22777787975971
137.215,137.225,70.92169204061308
137.225,137.235,0.0
137.235,137.245,141.43669799994504
137.245,137.255,142.16921305137777
137.255,137.265,141.28931767667325
137.265,137.275,140.81155433432176
137.275,137.285,140.37574314024093
137.285,137.295,138.4817388481713
137.295,137.305,136.46748408250497
137.305,137.315,136.59017495143152
137.315,137.325,137.02344958362448
137.325,137.335,137.02377607480645
137.335,137.345,136.45300266292182
137.345,137.355,133.02663531245443
137.355,137.365,133.4171677646784
137.365,137.375,133.96359169165046
137.375,137.385,135.21033954656693
137.385,137.395,135.5954414908879
137.395,137.405,137.13746490752797
137.405,137.415,141.01700855927595
137.415,137.425,140.00404658676925
137.425,137.435,136.69529434844546
137.435,137.445,136.48737481126352
137.445,137.455,137.30682315013388
137.455,137.465,141.43822622040304
137.465,137.475,143.06675168606134
137.475,137.485,0.0
137.485,137.495,0.0
137.495,137.505,0.0
137.505,137.515,0.0
137.515,137.525,0.0
137.525,137.535,0.0
137.535,137.545,0.0
137.545,137.555,0.0
137.555,137.565,0.0
137.565,137.575,0.0
137.575,137.585,0.0
137.585,137.595,0.0
137.595,137.605,0.0
137.605,137.615,0.0
137.615,137.625,0.0
137.625,137.635,0.0
137.635,137.645,0.0
137.645,137.655,0.0
137.655,137.665,0.0
137.665,137.675,0.0
137.675,137.685,0.0
137.685,137.695,0.0
137.695,137.705,0.0
137.705,137.715,0.0
137.715,137.725,0.0
137.725,137.735,0.0
137.735,137.745,0.0
137.745,137.755,0.0
137.755,137.765,0.0
137.765,137.775,0.0
137.775,137.785,0.0
137.785,137.795,0.0
137.795,137.805,0.0
137.805,137.815,0.0
137.815,137.825,0.0
137.825,137.835,0.0
137.835,137.845,0.0
137.845,137.855,0.0
137.855,137.865,0.0
137.865,137.875,0.0
137.875,137.885,0.0
137.885,137.895,0.0
137.895,137.905,0.0
137.905,137.915,0.0
137.915,137.925,0.0
137.925,137.935,0.0
137.935,137.945,0.0
137.945,137.955,0.0
137.955,137.965,0.0
137.965,137.975,0.0
137.975,137.985,0.0
137.985,137.995,0.0
137.995,138.005,0.0
138.005,138.015,0.0
138.015,138.025,0.0
138.025,138.035,0.0
138.035,138.045,0.0
138.045,138.055,0.0
138.055,138.065,0.0
138.065,138.075,0.0
138.075,138.085,0.0
138.085,138.095,0.0
138.095,138.105,0.0
138.105,138.115,0.0
138.115,138.125,0.0
138.125,138.135,0.0
138.135,138.145,0.0
138.145,138.155,0.0
138.155,138.165,0.0
138.165,138.175,0.0
138.175,138.185,0.0
138.185,138.195,0.0
138.195,138.205,0.0
138.205,138.215,0.0
138.215,138.225,0.0
138.225,138.235,0.0
138.235,138.245,0.0
138.245,138.255,0.0
138.255,138.265,0.0
138.265,138.275,0.0
138.275,138.285,0.0
138.285,138.295,0.0
138.295,138.305,0.0
138.305,138.315,0.0
138.315,138.325,0.0
138.325,138.335,0.0
138.335,138.345,0.0
138.345,138.355,0.0
138.355,138.365,0.0
138.365,138.375,0.0
138.375,138.385,0.0
138.385,138.395,0.0
138.395,138.405,0.0
138.405,138.415,0.0
138.415,138.425,0.0
138.425,138.435,0.0
138.435,138.445,0.0
138.445,138.455,0.0
138.455,138.465,0.0
138.465,138.475,0.0
138.475,138.485,0.0
138.485,138.495,0.0
138.495,138.505,0.0
138.505,138.515,0.0
138.515,138.525,0.0
138.525,138.535,0.0
138.535,138.545,0.0
138.545,138.555,0.0
138.555,138.565,0.0
138.565,138.575,0.0
138.575,138.585,0.0
138.585,138.595,0.0
138.595,138.605,0.0
138.605,138.615,0.0
138.615,138.625,0.0
138.625,138.635,0.0
138.635,138.645,0.0
138.645,138.655,0.0
138.655,138.665,0.0
138.665,138.675,0.0
138.675,138.685,0.0
138.685,138.695,0.0
138.695,138.705,0.0
138.705,138.715,0.0
138.715,138.725,0.0
138.725,138.735,0.0
138.735,138.745,0.0
138.745,138.755,0.0
138.755,138.765,0.0
138.765,138.775,0.0
138.775,138.785,0.0
138.785,138.795,0.0
138.795,138.805,0.0
138.805,138.815,0.0
138.815,138.825,0.0
138.825,138.835,0.0
138.835,138.845,0.0
138.845,138.855,0.0
138.855,138.865,0.0
138.865,138.875,0.0
138.875,138.885,0.0
138.885,138.895,0.0
138.895,138.905,0.0
138.905,138.915,0.0
138.915,138.925,0.0
138.925,138.935,0.0
138.935,138.945,0.0
138.945,138.955,0.0
138.955,138.965,0.0
138.965,138.975,0.0
138.975,138.985,0.0
138.985,138.995,0.0
138.995,139.005,0.0
139.005,139.015,0.0
139.015,139.025,0.0
139.025,139.035,0.0
139.035,139.045,0.0
139.045,139.055,0.0
139.055,139.065,0.0
139.065,139.075,0.0
139.075,139.085,0.0
139.085,139.095,0.0
139.095,139.105,0.0
139.105,139.115,0.0
139.115,139.125,0.0
139.125,139.135,0.0
139.135,139.145,0.0
139.145,139.155,0.0
139.155,139.165,0.0
139.165,139.175,0.0
139.175,139.185,0.0
139.185,139.195,0.0
139.195,139.205,0.0
139.205,139.215,0.0
139.215,139.225,0.0
