Start_Time,End_Time,F0_Hz
0.0,0.02,0.0
0.01,0.03,0.0
0.02,0.04,0.0
0.03,0.05,0.0
0.04,0.06,0.0
0.05,0.07,0.0
0.06,0.08,0.0
0.07,0.09,0.0
0.08,0.1,0.0
0.09,0.11,0.0
0.1,0.12,0.0
0.11,0.13,0.0
0.12,0.14,0.0
0.13,0.15,0.0
0.14,0.16,0.0
0.15,0.17,0.0
0.16,0.18,0.0
0.17,0.19,0.0
0.18,0.2,0.0
0.19,0.21,0.0
0.2,0.22,0.0
0.21,0.23,0.0
0.22,0.24,0.0
0.23,0.25,0.0
0.24,0.26,0.0
0.25,0.27,0.0
0.26,0.28,0.0
0.27,0.29,0.0
0.28,0.3,0.0
0.29,0.31,0.0
0.3,0.32,0.0
0.31,0.33,0.0
0.32,0.34,0.0
0.33,0.35,0.0
0.34,0.36,0.0
0.35,0.37,0.0
0.36,0.38,0.0
0.37,0.39,0.0
0.38,0.4,0.0
0.39,0.41,0.0
0.4,0.42,0.0
0.41,0.43,0.0
0.42,0.44,0.0
0.43,0.45,0.0
0.44,0.46,0.0
0.45,0.47,0.0
0.46,0.48,0.0
0.47,0.49,0.0
0.48,0.5,0.0
0.49,0.51,0.0
0.5,0.52,0.0
0.51,0.53,0.0
0.52,0.54,0.0
0.53,0.55,0.0
0.54,0.56,0.0
0.55,0.57,0.0
0.56,0.58,0.0
0.57,0.59,0.0
0.58,0.6,0.0
0.59,0.61,0.0
0.6,0.62,0.0
0.61,0.63,0.0
0.62,0.64,0.0
0.63,0.65,0.0
0.64,0.66,0.0
0.65,0.67,0.0
0.66,0.68,0.0
0.67,0.69,0.0
0.68,0.7,0.0
0.69,0.71,0.0
0.7,0.72,0.0
0.71,0.73,0.0
0.72,0.74,0.0
0.73,0.75,0.0
0.74,0.76,0.0
0.75,0.77,0.0
0.76,0.78,0.0
0.77,0.79,0.0
0.78,0.8,0.0
0.79,0.81,0.0
0.8,0.82,0.0
0.81,0.83,0.0
0.82,0.84,0.0
0.83,0.85,0.0
0.84,0.86,0.0
0.85,0.87,0.0
0.86,0.88,0.0
0.87,0.89,0.0
0.88,0.9,0.0
0.89,0.91,0.0
0.9,0.92,0.0
0.91,0.93,0.0
0.92,0.94,0.0
0.93,0.95,0.0
0.94,0.96,0.0
0.95,0.97,0.0
0.96,0.98,0.0
0.97,0.99,0.0
0.98,1.0,0.0
0.99,1.01,0.0
1.0,1.02,0.0
1.01,1.03,0.0
1.02,1.04,0.0
1.03,1.05,0.0
1.04,1.06,0.0
1.05,1.07,0.0
1.06,1.08,0.0
1.07,1.09,0.0
1.08,1.1,0.0
1.09,1.11,0.0
1.1,1.12,0.0
1.11,1.13,0.0
1.12,1.14,0.0
1.13,1.15,0.0
1.14,1.16,0.0
1.15,1.17,0.0
1.16,1.18,0.0
1.17,1.19,0.0
1.18,1.2,0.0
1.19,1.21,0.0
1.2,1.22,0.0
1.21,1.23,0.0
1.22,1.24,0.0
1.23,1.25,0.0
1.24,1.26,0.0
1.25,1.27,0.0
1.26,1.28,0.0
1.27,1.29,0.0
1.28,1.3,0.0
1.29,1.31,0.0
1.3,1.32,0.0
1.31,1.33,0.0
1.32,1.34,0.0
1.33,1.35,0.0
1.34,1.36,0.0
1.35,1.37,0.0
1.36,1.38,0.0
1.37,1.39,0.0
1.38,1.4,0.0
1.39,1.41,0.0
1.4,1.42,0.0
1.41,1.43,0.0
1.42,1.44,0.0
1.43,1.45,0.0
1.44,1.46,0.0
1.45,1.47,0.0
1.46,1.48,0.0
1.47,1.49,0.0
1.48,1.5,0.0
1.49,1.51,0.0
1.5,1.52,0.0
1.51,1.53,0.0
1.52,1.54,0.0
1.53,1.55,0.0
1.54,1.56,0.0
1.55,1.57,0.0
1.56,1.58,0.0
1.57,1.59,0.0
1.58,1.6,0.0
1.59,1.61,0.0
1.6,1.62,0.0
1.61,1.63,0.0
1.62,1.64,0.0
1.63,1.65,0.0
1.64,1.66,0.0
1.65,1.67,0.0
1.66,1.68,0.0
1.67,1.69,0.0
1.68,1.7,0.0
1.69,1.71,0.0
1.7,1.72,0.0
1.71,1.73,0.0
1.72,1.74,0.0
1.73,1.75,0.0
1.74,1.76,0.0
1.75,1.77,0.0
1.76,1.78,0.0
1.77,1.79,0.0
1.78,1.8,0.0
1.79,1.81,0.0
1.8,1.82,0.0
1.81,1.83,0.0
1.82,1.84,0.0
1.83,1.85,0.0
1.84,1.86,0.0
1.85,1.87,0.0
1.86,1.88,0.0
1.87,1.89,0.0
1.88,1.9,0.0
1.89,1.91,0.0
1.9,1.92,0.0
1.91,1.93,0.0
1.92,1.94,0.0
1.93,1.95,0.0
1.94,1.96,0.0
1.95,1.97,0.0
1.96,1.98,0.0
1.97,1.99,0.0
1.98,2.0,0.0
1.99,2.01,0.0
2.0,2.02,0.0
2.01,2.03,0.0
2.02,2.04,0.0
2.03,2.05,0.0
2.04,2.06,0.0
2.05,2.07,0.0
2.06,2.08,0.0
2.07,2.09,0.0
2.08,2.1,0.0
2.09,2.11,0.0
2.1,2.12,0.0
2.11,2.13,0.0
2.12,2.14,0.0
2.13,2.15,0.0
2.14,2.16,0.0
2.15,2.17,0.0
2.16,2.18,0.0
2.17,2.19,0.0
2.18,2.2,0.0
2.19,2.21,0.0
2.2,2.22,0.0
2.21,2.23,0.0
2.22,2.24,0.0
2.23,2.25,0.0
2.24,2.26,0.0
2.25,2.27,0.0
2.26,2.28,0.0
2.27,2.29,199.38805508772376
2.28,2.3,200.56256886216704
2.29,2.31,201.959759923322
2.3,2.32,203.47349684224372
2.31,2.33,203.21214530787887
2.32,2.34,201.95468688041473
2.33,2.35,200.44867147935165
2.34,2.36,198.98124389811807
2.35,2.37,197.9065432494512
2.36,2.38,197.2288631325273
2.37,2.39,196.79787869323968
2.38,2.4,196.67004115938167
2.39,2.41,197.5936865990165
2.4,2.42,199.02097110048803
2.41,2.43,200.38419660927502
2.42,2.44,200.68674562275166
2.43,2.45,200.21427669093492
2.44,2.46,199.14366682700606
2.45,2.47,197.80182496352475
2.46,2.48,196.4628339839144
2.47,2.49,195.40139085760936
2.48,2.5,194.8071356111969
2.49,2.51,194.788936309558
2.5,2.52,195.06790697643072
2.51,2.53,195.18210149997793
2.52,2.54,195.0420333201409
2.53,2.55,194.95438066599027
2.54,2.56,195.03167622369892
2.55,2.57,194.97577459066449
2.56,2.58,194.52099404940589
2.57,2.59,193.71976081957112
2.58,2.6,192.7105440757313
2.59,2.61,191.54588053092138
2.6,2.62,189.65493821177452
2.61,2.63,182.95821812393316
2.62,2.64,181.11397736098493
2.63,2.65,180.5666742634132
2.64,2.66,185.1775953755665
2.65,2.67,185.38572625221084
2.66,2.68,184.94622347888608
2.67,2.69,184.11719301318158
2.68,2.7,183.0966282030405
2.69,2.71,182.1078008525412
2.7,2.72,181.14379083639045
2.71,2.73,179.77965565856113
2.72,2.74,177.6112361940822
2.73,2.75,173.85365488135557
2.74,2.76,161.84743441328624
2.75,2.77,155.7674407824042
2.76,2.78,0.0
2.77,2.79,0.0
2.78,2.8,0.0
2.79,2.81,0.0
2.8,2.82,0.0
2.81,2.83,0.0
2.82,2.84,191.76247892932005
2.83,2.85,192.59019931344244
2.84,2.86,193.62583327877334
2.85,2.87,193.90262547794055
2.86,2.88,193.11755566255374
2.87,2.89,192.21593495437747
2.88,2.9,191.52680424086492
2.89,2.91,191.12950448648758
2.9,2.92,190.8419944353054
2.91,2.93,187.5275401989943
2.92,2.94,182.910210413814
2.93,2.95,177.62920045597255
2.94,2.96,175.7828537574308
2.95,2.97,175.61073129528182
2.96,2.98,176.19320427062038
2.97,2.99,176.4401386104345
2.98,3.0,177.19535757847837
2.99,3.01,178.35103124963496
3.0,3.02,179.46100890273095
3.01,3.03,179.57168554938187
3.02,3.04,178.86268821310418
3.03,3.05,177.3334326262779
3.04,3.06,173.80476174898087
3.05,3.07,167.68553857516508
3.06,3.08,153.28420979511367
3.07,3.09,146.16466713293562
3.08,3.1,0.0
3.09,3.11,0.0
3.1,3.12,174.24381724572453
3.11,3.13,173.2792407082228
3.12,3.14,172.0423068324101
3.13,3.15,170.93540285003607
3.14,3.16,170.76482855055207
3.15,3.17,170.00846956382665
3.16,3.18,166.9547924952088
3.17,3.19,154.6882479220719
3.18,3.2,143.20422865828792
3.19,3.21,134.7879438423204
3.2,3.22,0.0
3.21,3.23,0.0
3.22,3.24,0.0
3.23,3.25,0.0
3.24,3.26,0.0
3.25,3.27,140.13062427033708
3.26,3.28,143.434603221819
3.27,3.29,148.52421475453167
3.28,3.3,150.3441752036094
3.29,3.31,148.87176871269506
3.3,3.32,144.63496915639163
3.31,3.33,138.86635351535213
3.32,3.34,135.47491033130734
3.33,3.35,0.0
3.34,3.36,0.0
3.35,3.37,0.0
3.36,3.38,0.0
3.37,3.39,0.0
3.38,3.4,0.0
3.39,3.41,0.0
3.4,3.42,0.0
3.41,3.43,0.0
3.42,3.44,900.9744026320956
3.43,3.45,899.934926562939
3.44,3.46,899.297628560739
3.45,3.47,0.0
3.46,3.48,0.0
3.47,3.49,0.0
3.48,3.5,0.0
3.49,3.51,0.0
3.5,3.52,0.0
3.51,3.53,0.0
3.52,3.54,156.96026971495073
3.53,3.55,157.70913180993287
3.54,3.56,159.77098376892835
3.55,3.57,162.57477511354662
3.56,3.58,165.4824920828055
3.57,3.59,167.469656717168
3.58,3.6,168.18725746134356
3.59,3.61,167.93810711975866
3.6,3.62,167.07005148354938
3.61,3.63,165.18641976246872
3.62,3.64,161.00965461966564
3.63,3.65,151.9728268594403
3.64,3.66,146.9513001794024
3.65,3.67,0.0
3.66,3.68,0.0
3.67,3.69,0.0
3.68,3.7,0.0
3.69,3.71,0.0
3.7,3.72,0.0
3.71,3.73,0.0
3.72,3.74,0.0
3.73,3.75,0.0
3.74,3.76,0.0
3.75,3.77,0.0
3.76,3.78,0.0
3.77,3.79,0.0
3.78,3.8,0.0
3.79,3.81,0.0
3.8,3.82,0.0
3.81,3.83,0.0
3.82,3.84,0.0
3.83,3.85,0.0
3.84,3.86,0.0
3.85,3.87,0.0
3.86,3.88,0.0
3.87,3.89,0.0
3.88,3.9,0.0
3.89,3.91,0.0
3.9,3.92,64.97085421482527
3.91,3.93,65.05685384251329
3.92,3.94,68.61940221215605
3.93,3.95,89.75255262501474
3.94,3.96,114.30790634576672
3.95,3.97,145.7484895060266
3.96,3.98,147.64061588023839
3.97,3.99,154.5344823462896
3.98,4.0,154.68700382940128
3.99,4.01,160.00207679087174
4.0,4.02,165.0637673478957
4.01,4.03,169.17121430047837
4.02,4.04,169.87293493849543
4.03,4.05,0.0
4.04,4.06,0.0
4.05,4.07,0.0
4.06,4.08,0.0
4.07,4.09,0.0
4.08,4.1,0.0
4.09,4.11,0.0
4.1,4.12,0.0
4.11,4.13,0.0
4.12,4.14,0.0
4.13,4.15,0.0
4.14,4.16,0.0
4.15,4.17,0.0
4.16,4.18,0.0
4.17,4.19,0.0
4.18,4.2,0.0
4.19,4.21,153.4028076364218
4.2,4.22,153.65605542356582
4.21,4.23,154.54631551702403
4.22,4.24,156.36716240788277
4.23,4.25,158.20522678247397
4.24,4.26,159.2096454997756
4.25,4.27,157.367193175085
4.26,4.28,150.40752865439234
4.27,4.29,140.18083952774938
4.28,4.3,134.10936610172328
4.29,4.31,0.0
4.3,4.32,0.0
4.31,4.33,0.0
4.32,4.34,0.0
4.33,4.35,165.89030741345914
4.34,4.36,164.34893693683085
4.35,4.37,160.83200910614602
4.36,4.38,157.82393712267972
4.37,4.39,154.58389822651162
4.38,4.4,151.7137115237857
4.39,4.41,149.41203180944274
4.4,4.42,147.52533513571285
4.41,4.43,145.65742367998814
4.42,4.44,142.67798677249752
4.43,4.45,138.70977710590873
4.44,4.46,135.5602073942071
4.45,4.47,137.98025790011624
4.46,4.48,144.25999944567775
4.47,4.49,151.8427371447466
4.48,4.5,155.8788404785848
4.49,4.51,158.17408260062575
4.5,4.52,160.4446361234924
4.51,4.53,162.52586667188157
4.52,4.54,163.92421277368047
4.53,4.55,164.17165861272923
4.54,4.56,163.99095800582938
4.55,4.57,163.96718311089538
4.56,4.58,164.31958846910948
4.57,4.59,164.97306465013602
4.58,4.6,165.7020739666251
4.59,4.61,166.21889835505564
4.6,4.62,166.30678638541036
4.61,4.63,165.8207430025519
4.62,4.64,164.95003784724156
4.63,4.65,164.1512032101724
4.64,4.66,163.81267614438323
4.65,4.67,163.84222288950087
4.66,4.68,163.75890283365877
4.67,4.69,163.1270391822705
4.68,4.7,161.9714799604948
4.69,4.71,160.4997259617687
4.7,4.72,158.9799597251006
4.71,4.73,157.4946065958199
4.72,4.74,155.99721153695154
4.73,4.75,154.19767704577575
4.74,4.76,152.19344545545286
4.75,4.77,150.0971796381652
4.76,4.78,147.93385695037455
4.77,4.79,145.1448243693009
4.78,4.8,141.18625663329112
4.79,4.81,139.0384087564466
4.8,4.82,0.0
4.81,4.83,0.0
4.82,4.84,0.0
4.83,4.85,0.0
4.84,4.86,0.0
4.85,4.87,0.0
4.86,4.88,0.0
4.87,4.89,0.0
4.88,4.9,0.0
4.89,4.91,0.0
4.9,4.92,0.0
4.91,4.93,0.0
4.92,4.94,0.0
4.93,4.95,0.0
4.94,4.96,0.0
4.95,4.97,0.0
4.96,4.98,0.0
4.97,4.99,0.0
4.98,5.0,137.51899112421526
4.99,5.01,137.97156281987387
5.0,5.02,139.35338648219533
5.01,5.03,142.3070087758499
5.02,5.04,147.22148467375885
5.03,5.05,153.97622272175357
5.04,5.06,160.75494857865482
5.05,5.07,165.03114572442112
5.06,5.08,165.80565355149858
5.07,5.09,164.46355658346002
5.08,5.1,163.51706923076577
5.09,5.11,0.0
5.1,5.12,0.0
5.11,5.13,915.2906730537002
5.12,5.14,934.5791259776502
5.13,5.15,944.6964898762886
5.14,5.16,955.0689971192855
5.15,5.17,945.5555388695645
5.16,5.18,0.0
5.17,5.19,0.0
5.18,5.2,0.0
5.19,5.21,0.0
5.2,5.22,0.0
5.21,5.23,0.0
5.22,5.24,0.0
5.23,5.25,0.0
5.24,5.26,0.0
5.25,5.27,167.43443823083877
5.26,5.28,169.5501211379533
5.27,5.29,174.08570636078477
5.28,5.3,176.3373756441817
5.29,5.31,178.52926196383302
5.3,5.32,179.99916994725322
5.31,5.33,179.25091906860706
5.32,5.34,178.6661717850248
5.33,5.35,0.0
5.34,5.36,0.0
5.35,5.37,0.0
5.36,5.38,0.0
5.37,5.39,0.0
5.38,5.4,0.0
5.39,5.41,0.0
5.4,5.42,0.0
5.41,5.43,0.0
5.42,5.44,172.31713715317045
5.43,5.45,172.2414429688374
5.44,5.46,172.31244800655296
5.45,5.47,172.63403532497423
5.46,5.48,173.42744753750807
5.47,5.49,174.53081701709482
5.48,5.5,175.79060052220365
5.49,5.51,176.82202025697853
5.5,5.52,177.0699139139611
5.51,5.53,175.64358646067873
5.52,5.54,172.82842961058452
5.53,5.55,170.2752108458775
5.54,5.56,172.42623853472702
5.55,5.57,177.1611581518481
5.56,5.58,185.87095090037477
5.57,5.59,191.3828226888922
5.58,5.6,195.3591146087041
5.59,5.61,195.06004136567276
5.6,5.62,194.07120841380643
5.61,5.63,190.29455980440122
5.62,5.64,187.00213908380167
5.63,5.65,184.1765962028916
5.64,5.66,184.21064806302905
5.65,5.67,183.46178706987536
5.66,5.68,182.0945194175995
5.67,5.69,180.78145310894757
5.68,5.7,180.20120257219108
5.69,5.71,179.9296558579183
5.7,5.72,179.30515685015365
5.71,5.73,177.99188739541387
5.72,5.74,175.7569820372983
5.73,5.75,172.63044066345745
5.74,5.76,168.77520965327807
5.75,5.77,165.50947714807756
5.76,5.78,163.16893766459341
5.77,5.79,162.0797451295613
5.78,5.8,161.53624106511393
5.79,5.81,161.42721849136902
5.8,5.82,161.37175696473074
5.81,5.83,161.48109789763402
5.82,5.84,161.8413719251771
5.83,5.85,162.48171665584144
5.84,5.86,163.0138897851012
5.85,5.87,163.1867176637386
5.86,5.88,162.93502989443013
5.87,5.89,161.97661935819238
5.88,5.9,159.3029184749017
5.89,5.91,153.7386220103331
5.9,5.92,150.496225228556
5.91,5.93,0.0
5.92,5.94,0.0
5.93,5.95,0.0
5.94,5.96,0.0
5.95,5.97,0.0
5.96,5.98,0.0
5.97,5.99,0.0
5.98,6.0,0.0
5.99,6.01,60.139362559178295
6.0,6.02,58.79440916089989
6.01,6.03,81.34878385048003
6.02,6.04,118.60086003839795
6.03,6.05,172.69970337101486
6.04,6.06,173.59869238538704
6.05,6.07,174.48919218199958
6.06,6.08,175.10548312011557
6.07,6.09,175.25946121862992
6.08,6.1,175.07542898576017
6.09,6.11,174.67276213977374
6.1,6.12,173.85968847714992
6.11,6.13,172.02356197307228
6.12,6.14,169.23987221330577
6.13,6.15,166.35595286697298
6.14,6.16,164.31191274513156
6.15,6.17,163.30777740337146
6.16,6.18,162.76106988395424
6.17,6.19,162.14223803215594
6.18,6.2,161.1495687120641
6.19,6.21,160.02182122696277
6.2,6.22,159.1554894361192
6.21,6.23,158.6657140890606
6.22,6.24,158.2899065059469
6.23,6.25,157.68875195500328
6.24,6.26,156.70490813175525
6.25,6.27,155.10274594690497
6.26,6.28,152.70472406894194
6.27,6.29,148.0261992388808
6.28,6.3,142.78461869793134
6.29,6.31,138.87528858922633
6.3,6.32,140.95616984661658
6.31,6.33,145.55291184143343
6.32,6.34,150.37062997586432
6.33,6.35,151.5426159012523
6.34,6.36,151.21119848267887
6.35,6.37,150.0890438400826
6.36,6.38,148.61455140800618
6.37,6.39,147.19855166313368
6.38,6.4,146.03697492967976
6.39,6.41,145.46384326335217
6.4,6.42,145.42919884113905
6.41,6.43,145.7277286167701
6.42,6.44,145.98462973386637
6.43,6.45,146.1702873161771
6.44,6.46,146.31081379352045
6.45,6.47,146.08692465444574
6.46,6.48,145.05386404519243
6.47,6.49,142.46281145819884
6.48,6.5,139.1798220931042
6.49,6.51,140.65627240354314
6.5,6.52,144.164892171099
6.51,6.53,148.8683572156112
6.52,6.54,149.1417377813157
6.53,6.55,148.633480122577
6.54,6.56,147.69049578875197
6.55,6.57,146.3590995682048
6.56,6.58,144.7536367319138
6.57,6.59,142.99457696728916
6.58,6.6,141.03576563700037
6.59,6.61,106.6249636849027
6.6,6.62,92.64021361327018
6.61,6.63,0.0
6.62,6.64,0.0
6.63,6.65,0.0
6.64,6.66,0.0
6.65,6.67,0.0
6.66,6.68,0.0
6.67,6.69,0.0
6.68,6.7,157.81708643818845
6.69,6.71,157.09685536044813
6.7,6.72,155.64193906621728
6.71,6.73,154.02008087599705
6.72,6.74,151.87842415839359
6.73,6.75,149.40689602249938
6.74,6.76,147.05974863666847
6.75,6.77,145.1961165941161
6.76,6.78,143.82328789237866
6.77,6.79,142.76752014871616
6.78,6.8,141.84949873331445
6.79,6.81,140.5770456637862
6.8,6.82,139.12671584884654
6.81,6.83,138.24553847143622
6.82,6.84,0.0
6.83,6.85,0.0
6.84,6.86,0.0
6.85,6.87,0.0
6.86,6.88,0.0
6.87,6.89,0.0
6.88,6.9,0.0
6.89,6.91,154.56378599792643
6.9,6.92,153.8794057647293
6.91,6.93,152.19565879138977
6.92,6.94,150.35830481906572
6.93,6.95,148.55876175131704
6.94,6.96,147.23048693789275
6.95,6.97,146.33528519327558
6.96,6.98,145.84870678667397
6.97,6.99,145.71824028558163
6.98,7.0,145.98019074649795
6.99,7.01,146.58393877019236
7.0,7.02,147.25584221825997
7.01,7.03,147.70276498830867
7.02,7.04,147.83865672307473
7.03,7.05,147.6246760836035
7.04,7.06,146.90705948040676
7.05,7.07,145.79795504705908
7.06,7.08,144.56936438403784
7.07,7.09,143.43713165827896
7.08,7.1,142.4406981818575
7.09,7.11,141.93083428368467
7.1,7.12,142.13183263629446
7.11,7.13,142.7554878987139
7.12,7.14,143.14561255448828
7.13,7.15,142.87228287650927
7.14,7.16,141.79610806749642
7.15,7.17,139.77256779120893
7.16,7.18,136.2717817771494
7.17,7.19,134.34545976350074
7.18,7.2,0.0
7.19,7.21,0.0
7.2,7.22,0.0
7.21,7.23,0.0
7.22,7.24,0.0
7.23,7.25,0.0
7.24,7.26,0.0
7.25,7.27,0.0
7.26,7.28,0.0
7.27,7.29,141.18890098799545
7.28,7.3,140.89113164328427
7.29,7.31,140.27708937609788
7.3,7.32,139.42261476903587
7.31,7.33,138.20317261468796
7.32,7.34,137.0417965410798
7.33,7.35,136.31836142906388
7.34,7.36,135.94254503871105
7.35,7.37,135.40121261305708
7.36,7.38,134.65318844264104
7.37,7.39,134.0171267048042
7.38,7.4,133.9452402513847
7.39,7.41,135.69492865517003
7.4,7.42,138.48985966454762
7.41,7.43,141.30787038338158
7.42,7.44,142.17211344217526
7.43,7.45,141.43632033855852
7.44,7.46,140.2499071636923
7.45,7.47,139.12800340484526
7.46,7.48,138.52939829967212
7.47,7.49,138.29072068751248
7.48,7.5,138.58807850033074
7.49,7.51,138.96013923134421
7.5,7.52,139.09655366074796
7.51,7.53,138.56371190358027
7.52,7.54,137.44306088720003
7.53,7.55,136.16080259850327
7.54,7.56,135.02362550070944
7.55,7.57,133.9962948539415
7.56,7.58,132.68291076506392
7.57,7.59,130.78403385473652
7.58,7.6,128.71784653063844
7.59,7.61,125.98972262642867
7.6,7.62,122.37547856515127
7.61,7.63,120.34362167565347
7.62,7.64,0.0
7.63,7.65,0.0
7.64,7.66,0.0
7.65,7.67,0.0
7.66,7.68,0.0
7.67,7.69,0.0
7.68,7.7,0.0
7.69,7.71,0.0
7.7,7.72,0.0
7.71,7.73,0.0
7.72,7.74,0.0
7.73,7.75,0.0
7.74,7.76,0.0
7.75,7.77,0.0
7.76,7.78,0.0
7.77,7.79,0.0
7.78,7.8,0.0
7.79,7.81,0.0
7.8,7.82,0.0
7.81,7.83,0.0
7.82,7.84,0.0
7.83,7.85,0.0
7.84,7.86,0.0
7.85,7.87,0.0
7.86,7.88,0.0
7.87,7.89,0.0
7.88,7.9,0.0
7.89,7.91,0.0
7.9,7.92,0.0
7.91,7.93,0.0
7.92,7.94,0.0
7.93,7.95,0.0
7.94,7.96,0.0
7.95,7.97,0.0
7.96,7.98,0.0
7.97,7.99,0.0
7.98,8.0,0.0
7.99,8.01,0.0
8.0,8.02,0.0
8.01,8.03,0.0
8.02,8.04,0.0
8.03,8.05,0.0
8.04,8.06,0.0
8.05,8.07,0.0
8.06,8.08,0.0
8.07,8.09,0.0
8.08,8.1,148.67439140947164
8.09,8.11,148.8906153625862
8.1,8.12,149.21484237911932
8.11,8.13,148.8744750039687
8.12,8.14,144.72923848573654
8.13,8.15,142.16822894808953
8.14,8.16,143.7000159169342
8.15,8.17,150.42486272581914
8.16,8.18,156.71492192835888
8.17,8.19,159.95822465285576
8.18,8.2,161.8872385038673
8.19,8.21,162.9053416376266
8.2,8.22,163.01719440210292
8.21,8.23,162.60701867664503
8.22,8.24,161.97786854198978
8.23,8.25,161.29230540755557
8.24,8.26,160.6094846311907
8.25,8.27,159.96324729863807
8.26,8.28,159.5339496556643
8.27,8.29,159.50129623562813
8.28,8.3,159.73893299003578
8.29,8.31,159.9674417692909
8.3,8.32,159.91375027912687
8.31,8.33,159.48957567485488
8.32,8.34,158.7903475520683
8.33,8.35,157.91465848128212
8.34,8.36,156.98197361516856
8.35,8.37,156.00032235090154
8.36,8.38,154.94653689620057
8.37,8.39,153.86409767690054
8.38,8.4,152.7127156322349
8.39,8.41,151.55121451868527
8.4,8.42,150.23987579982835
8.41,8.43,149.00266191445084
8.42,8.44,147.90232313246
8.43,8.45,147.20623885137036
8.44,8.46,146.86194218733888
8.45,8.47,146.93059458622704
8.46,8.48,147.2823214895937
8.47,8.49,147.699315189945
8.48,8.5,148.02140463003326
8.49,8.51,148.19541458808868
8.5,8.52,148.27032592473464
8.51,8.53,148.18827981696745
8.52,8.54,147.80080873210474
8.53,8.55,147.05590881731868
8.54,8.56,145.95555360380519
8.55,8.57,144.7240085473664
8.56,8.58,143.7099269841883
8.57,8.59,143.12473360473106
8.58,8.6,142.8384287796041
8.59,8.61,142.5012235820197
8.6,8.62,141.88515057416936
8.61,8.63,140.97269423792162
8.62,8.64,139.9167471797448
8.63,8.65,138.86766926068324
8.64,8.66,137.92026995953145
8.65,8.67,137.17191481793836
8.66,8.68,136.82752342590823
8.67,8.69,136.992434073081
8.68,8.7,137.57880452996963
8.69,8.71,138.31673076804296
8.7,8.72,139.17482335509507
8.71,8.73,140.2361249050923
8.72,8.74,142.18534971290407
8.73,8.75,146.3981267587671
8.74,8.76,151.27628393708332
8.75,8.77,155.37591736120856
8.76,8.78,157.14726375054516
8.77,8.79,158.65132817259476
8.78,8.8,160.47129469775388
8.79,8.81,162.31181706132483
8.8,8.82,163.1306875713362
8.81,8.83,160.69368082272572
8.82,8.84,155.95662196050682
8.83,8.85,149.93130980586588
8.84,8.86,143.25941218293255
8.85,8.87,140.15804587117776
8.86,8.88,0.0
8.87,8.89,0.0
8.88,8.9,0.0
8.89,8.91,0.0
8.9,8.92,0.0
8.91,8.93,0.0
8.92,8.94,0.0
8.93,8.95,0.0
8.94,8.96,0.0
8.95,8.97,0.0
8.96,8.98,0.0
8.97,8.99,0.0
8.98,9.0,0.0
8.99,9.01,0.0
9.0,9.02,0.0
9.01,9.03,0.0
9.02,9.04,0.0
9.03,9.05,0.0
9.04,9.06,0.0
9.05,9.07,0.0
9.06,9.08,0.0
9.07,9.09,0.0
9.08,9.1,0.0
9.09,9.11,0.0
9.1,9.12,0.0
9.11,9.13,0.0
9.12,9.14,0.0
9.13,9.15,0.0
9.14,9.16,0.0
9.15,9.17,0.0
9.16,9.18,0.0
9.17,9.19,0.0
9.18,9.2,0.0
9.19,9.21,0.0
9.2,9.22,0.0
9.21,9.23,0.0
9.22,9.24,0.0
9.23,9.25,162.7678123951089
9.24,9.26,160.87088996928105
9.25,9.27,155.58810521375003
9.26,9.28,152.11314996221287
9.27,9.29,148.67481728671743
9.28,9.3,146.76576629446558
9.29,9.31,144.52432812384154
9.3,9.32,143.12538011261648
9.31,9.33,142.78123657771945
9.32,9.34,143.63242990224242
9.33,9.35,145.74665896071286
9.34,9.36,148.39890820884938
9.35,9.37,151.3553205876985
9.36,9.38,154.30382302419392
9.37,9.39,157.04812416423886
9.38,9.4,158.9660532139889
9.39,9.41,159.58482357283847
9.4,9.42,159.33100230201518
9.41,9.43,158.40358138265654
9.42,9.44,154.3795429562201
9.43,9.45,147.94467940671746
9.44,9.46,140.2594875583989
9.45,9.47,134.1493241977009
9.46,9.48,130.7273041491803
9.47,9.49,130.74712361549908
9.48,9.5,133.57455355371786
9.49,9.51,137.0646421356778
9.5,9.52,139.80708150646828
9.51,9.53,143.31900648436857
9.52,9.54,148.54162635308427
9.53,9.55,154.73428638563874
9.54,9.56,159.7114107100211
9.55,9.57,162.22657643728522
9.56,9.58,161.88909341342767
9.57,9.59,158.65667685433107
9.58,9.6,153.59989621450433
9.59,9.61,150.69143891611236
9.6,9.62,0.0
9.61,9.63,0.0
9.62,9.64,780.5393678826692
9.63,9.65,777.3811882154096
9.64,9.66,765.5911750006449
9.65,9.67,749.9460522950956
9.66,9.68,737.5628482381074
9.67,9.69,734.4021505973731
9.68,9.7,734.3445441361275
9.69,9.71,0.0
9.7,9.72,154.9337342574231
9.71,9.73,155.52332355550968
9.72,9.74,156.41981821999724
9.73,9.75,156.29718312682482
9.74,9.76,156.211986086282
9.75,9.77,156.8405630999472
9.76,9.78,158.00094081524816
9.77,9.79,159.13795579971355
9.78,9.8,159.81031239928902
9.79,9.81,160.2787383841673
9.8,9.82,160.81048158643793
9.81,9.83,161.36349004628488
9.82,9.84,161.6516773674151
9.83,9.85,161.43314096670966
9.84,9.86,160.71251905637703
9.85,9.87,159.76392535723105
9.86,9.88,158.77582788586034
9.87,9.89,157.82755384762598
9.88,9.9,156.91536687030504
9.89,9.91,155.99612878200864
9.9,9.92,155.13976318873156
9.91,9.93,154.36901510137074
9.92,9.94,153.61211476506352
9.93,9.95,152.61707986865994
9.94,9.96,151.20856632707319
9.95,9.97,149.33453641242437
9.96,9.98,147.20769848942177
9.97,9.99,145.12234275276052
9.98,10.0,143.39557613839239
9.99,10.01,141.99427178045886
10.0,10.02,140.69667756094702
10.01,10.03,139.6638921899339
10.02,10.04,139.19653696873257
10.03,10.05,138.96082816615308
10.04,10.06,137.84826418203377
10.05,10.07,134.58715870213535
10.06,10.08,132.6176572462641
10.07,10.09,0.0
10.08,10.1,0.0
10.09,10.11,0.0
10.1,10.12,0.0
10.11,10.13,0.0
10.12,10.14,0.0
10.13,10.15,0.0
10.14,10.16,0.0
10.15,10.17,155.62071190307694
10.16,10.18,153.7753136866429
10.17,10.19,150.34061402119124
10.18,10.2,147.8880984476709
10.19,10.21,144.78170777528402
10.2,10.22,140.392196941863
10.21,10.23,135.81871034410082
10.22,10.24,131.86323195267724
10.23,10.25,129.2981693044607
10.24,10.26,127.29368086035885
10.25,10.27,125.26172636515975
10.26,10.28,123.07381843846856
10.27,10.29,120.84805157674762
10.28,10.3,119.38063898585989
10.29,10.31,119.05314466417593
10.3,10.32,119.57671942755024
10.31,10.33,120.15615877275853
10.32,10.34,123.63739899997056
10.33,10.35,129.72377222517122
10.34,10.36,136.01889011509303
10.35,10.37,138.56481105626548
10.36,10.38,138.1170798993488
10.37,10.39,111.32324409997165
10.38,10.4,89.70218593520627
10.39,10.41,72.24513679776719
10.4,10.42,71.94804214108983
10.41,10.43,71.65942429296287
10.42,10.44,71.32466674681645
10.43,10.45,70.74534894753407
10.44,10.46,88.25540658156332
10.45,10.47,109.99291061024486
10.46,10.48,137.35373413081592
10.47,10.49,136.338127303302
10.48,10.5,135.79780790894443
10.49,10.51,0.0
10.5,10.52,0.0
10.51,10.53,0.0
10.52,10.54,0.0
10.53,10.55,0.0
10.54,10.56,0.0
10.55,10.57,0.0
10.56,10.58,0.0
10.57,10.59,0.0
10.58,10.6,0.0
10.59,10.61,0.0
10.6,10.62,146.35990580984932
10.61,10.63,144.51576199383686
10.62,10.64,141.14300513269808
10.63,10.65,138.91599328817742
10.64,10.66,137.26640116251588
10.65,10.67,135.82831726659393
10.66,10.68,134.41365144855467
10.67,10.69,133.3639825806185
10.68,10.7,133.07012195559042
10.69,10.71,133.5416814307401
10.7,10.72,134.24866511845673
10.71,10.73,134.77720774730835
10.72,10.74,134.86943535905857
10.73,10.75,134.6578319139296
10.74,10.76,134.87627064478184
10.75,10.77,137.53496104646229
10.76,10.78,142.15045247666586
10.77,10.79,147.15995961266322
10.78,10.8,150.2951542446209
10.79,10.81,151.84688597756784
10.8,10.82,152.6164409285906
10.81,10.83,152.63604751847006
10.82,10.84,152.0827191561246
10.83,10.85,151.20991571757773
10.84,10.86,150.11093873921374
10.85,10.87,148.95486608187937
10.86,10.88,148.0699939244287
10.87,10.89,147.7416296038831
10.88,10.9,147.36104105578988
10.89,10.91,142.5545656328696
10.9,10.92,145.27881086967005
10.91,10.93,148.45723840692514
10.92,10.94,155.58987080585484
10.93,10.95,153.2924850145601
10.94,10.96,150.24287180403178
10.95,10.97,147.55309834302128
10.96,10.98,146.01548120794516
10.97,10.99,145.47502995008963
10.98,11.0,145.94186988556578
10.99,11.01,146.98556228247293
11.0,11.02,147.92502354425613
11.01,11.03,151.16780708286092
11.02,11.04,154.6719562132576
11.03,11.05,157.1163797684719
11.04,11.06,157.19633744655806
11.05,11.07,0.0
11.06,11.08,0.0
11.07,11.09,0.0
11.08,11.1,0.0
11.09,11.11,0.0
11.1,11.12,0.0
11.11,11.13,0.0
11.12,11.14,0.0
11.13,11.15,0.0
11.14,11.16,0.0
11.15,11.17,0.0
11.16,11.18,0.0
11.17,11.19,0.0
11.18,11.2,0.0
11.19,11.21,0.0
11.2,11.22,0.0
11.21,11.23,0.0
11.22,11.24,0.0
11.23,11.25,0.0
11.24,11.26,0.0
11.25,11.27,0.0
11.26,11.28,0.0
11.27,11.29,0.0
11.28,11.3,0.0
11.29,11.31,0.0
11.3,11.32,0.0
11.31,11.33,0.0
11.32,11.34,0.0
11.33,11.35,0.0
11.34,11.36,0.0
11.35,11.37,0.0
11.36,11.38,0.0
11.37,11.39,0.0
11.38,11.4,0.0
11.39,11.41,0.0
11.4,11.42,0.0
11.41,11.43,0.0
11.42,11.44,0.0
11.43,11.45,0.0
11.44,11.46,0.0
11.45,11.47,0.0
11.46,11.48,0.0
11.47,11.49,0.0
11.48,11.5,0.0
11.49,11.51,0.0
11.5,11.52,0.0
11.51,11.53,0.0
11.52,11.54,0.0
11.53,11.55,0.0
11.54,11.56,0.0
11.55,11.57,0.0
11.56,11.58,0.0
11.57,11.59,0.0
11.58,11.6,0.0
11.59,11.61,0.0
11.6,11.62,0.0
11.61,11.63,0.0
11.62,11.64,0.0
11.63,11.65,0.0
11.64,11.66,0.0
11.65,11.67,0.0
11.66,11.68,0.0
11.67,11.69,0.0
11.68,11.7,0.0
11.69,11.71,0.0
11.7,11.72,0.0
11.71,11.73,0.0
11.72,11.74,0.0
11.73,11.75,0.0
11.74,11.76,0.0
11.75,11.77,0.0
11.76,11.78,0.0
11.77,11.79,0.0
11.78,11.8,0.0
11.79,11.81,0.0
11.8,11.82,0.0
11.81,11.83,0.0
11.82,11.84,0.0
11.83,11.85,0.0
11.84,11.86,0.0
11.85,11.87,0.0
11.86,11.88,0.0
11.87,11.89,0.0
11.88,11.9,0.0
11.89,11.91,0.0
11.9,11.92,0.0
11.91,11.93,0.0
11.92,11.94,0.0
11.93,11.95,0.0
11.94,11.96,0.0
11.95,11.97,0.0
11.96,11.98,0.0
11.97,11.99,0.0
11.98,12.0,0.0
11.99,12.01,0.0
12.0,12.02,0.0
12.01,12.03,0.0
12.02,12.04,0.0
12.03,12.05,0.0
12.04,12.06,0.0
12.05,12.07,0.0
12.06,12.08,0.0
12.07,12.09,0.0
12.08,12.1,0.0
12.09,12.11,0.0
12.1,12.12,0.0
12.11,12.13,0.0
12.12,12.14,0.0
12.13,12.15,0.0
12.14,12.16,0.0
12.15,12.17,0.0
12.16,12.18,0.0
12.17,12.19,0.0
12.18,12.2,0.0
12.19,12.21,0.0
12.2,12.22,0.0
12.21,12.23,0.0
12.22,12.24,0.0
12.23,12.25,0.0
12.24,12.26,0.0
12.25,12.27,0.0
12.26,12.28,0.0
12.27,12.29,0.0
12.28,12.3,0.0
12.29,12.31,0.0
12.3,12.32,0.0
12.31,12.33,0.0
12.32,12.34,0.0
12.33,12.35,0.0
12.34,12.36,0.0
12.35,12.37,0.0
12.36,12.38,0.0
12.37,12.39,0.0
12.38,12.4,0.0
12.39,12.41,0.0
12.4,12.42,0.0
12.41,12.43,0.0
12.42,12.44,0.0
12.43,12.45,0.0
12.44,12.46,0.0
12.45,12.47,0.0
12.46,12.48,0.0
12.47,12.49,0.0
12.48,12.5,0.0
12.49,12.51,0.0
12.5,12.52,0.0
12.51,12.53,0.0
12.52,12.54,0.0
12.53,12.55,0.0
12.54,12.56,0.0
12.55,12.57,0.0
12.56,12.58,0.0
12.57,12.59,0.0
12.58,12.6,0.0
12.59,12.61,0.0
12.6,12.62,0.0
12.61,12.63,0.0
12.62,12.64,0.0
12.63,12.65,0.0
12.64,12.66,0.0
12.65,12.67,0.0
12.66,12.68,0.0
12.67,12.69,0.0
12.68,12.7,0.0
12.69,12.71,0.0
12.7,12.72,0.0
12.71,12.73,0.0
12.72,12.74,0.0
12.73,12.75,154.8489392248967
12.74,12.76,154.9143445417734
12.75,12.77,154.98443890757645
12.76,12.78,155.49322126420248
12.77,12.79,154.7099955963209
12.78,12.8,152.1241776050742
12.79,12.81,149.01696096881125
12.8,12.82,146.86291300183032
12.81,12.83,146.58526304006438
12.82,12.84,147.67328157456166
12.83,12.85,149.65996095799284
12.84,12.86,151.9436294044525
12.85,12.87,153.87143790992008
12.86,12.88,155.5237519170117
12.87,12.89,157.34918045968743
12.88,12.9,159.60427034258342
12.89,12.91,162.10279986647143
12.9,12.92,164.507556387841
12.91,12.93,166.6753845049227
12.92,12.94,168.4005577812121
12.93,12.95,169.63999482446687
12.94,12.96,170.50701317128906
12.95,12.97,171.07858924088453
12.96,12.98,171.0472852395475
12.97,12.99,170.55772204918446
12.98,13.0,169.6783878314093
12.99,13.01,168.02934778009273
13.0,13.02,165.00998330363248
13.01,13.03,160.87248510053496
13.02,13.04,155.3717234597081
13.03,13.05,147.56319387218227
13.04,13.06,143.30182815391365
13.05,13.07,0.0
13.06,13.08,0.0
13.07,13.09,0.0
13.08,13.1,0.0
13.09,13.11,182.54281089694004
13.1,13.12,183.17273379555849
13.11,13.13,183.7623502505953
13.12,13.14,183.49380645515635
13.13,13.15,181.19205356755828
13.14,13.16,178.15939515608702
13.15,13.17,174.2073085191766
13.16,13.18,170.1955758177474
13.17,13.19,167.29085524485242
13.18,13.2,166.98139215454552
13.19,13.21,167.95216938630568
13.2,13.22,168.23692427481356
13.21,13.23,167.78246470807767
13.22,13.24,167.46834672989115
13.23,13.25,167.42895964550283
13.24,13.26,167.35559708346503
13.25,13.27,167.45698163658597
13.26,13.28,168.16055834465718
13.27,13.29,169.34607371987894
13.28,13.3,170.723161432372
13.29,13.31,172.11641545581097
13.3,13.32,173.70854776074248
13.31,13.33,175.26629667476533
13.32,13.34,176.6599349710837
13.33,13.35,177.90072489721013
13.34,13.36,179.5832397252889
13.35,13.37,181.4046982971325
13.36,13.38,182.4039754385692
13.37,13.39,181.3467485628072
13.38,13.4,178.01177290476286
13.39,13.41,172.5142155885268
13.4,13.42,164.33351068529467
13.41,13.43,153.1183605789407
13.42,13.44,147.11440807379296
13.43,13.45,0.0
13.44,13.46,163.49503821148454
13.45,13.47,163.66147017178966
13.46,13.48,163.8547326772955
13.47,13.49,163.8836911748226
13.48,13.5,163.3628244251517
13.49,13.51,161.94189590495708
13.5,13.52,158.88248214823219
13.51,13.53,153.82204641793797
13.52,13.54,150.90399588073618
13.53,13.55,0.0
13.54,13.56,0.0
13.55,13.57,0.0
13.56,13.58,0.0
13.57,13.59,0.0
13.58,13.6,159.59037955097074
13.59,13.61,160.44217909057488
13.6,13.62,162.0345916347014
13.61,13.63,163.60980137264997
13.62,13.64,164.75893229128164
13.63,13.65,165.5137805787712
13.64,13.66,166.03382245768867
13.65,13.67,166.49638547383282
13.66,13.68,166.9077843744863
13.67,13.69,167.09880502236683
13.68,13.7,166.82125123037378
13.69,13.71,165.82085261617885
13.7,13.72,164.16784224784905
13.71,13.73,162.50198192167235
13.72,13.74,160.8123950270575
13.73,13.75,158.86189816112764
13.74,13.76,155.7495768606768
13.75,13.77,151.5238342104925
13.76,13.78,145.50304852228996
13.77,13.79,142.42351528773443
13.78,13.8,0.0
13.79,13.81,0.0
13.8,13.82,0.0
13.81,13.83,0.0
13.82,13.84,0.0
13.83,13.85,0.0
13.84,13.86,157.6734991919268
13.85,13.87,156.29506511872222
13.86,13.88,153.57177354918431
13.87,13.89,152.81241818525078
13.88,13.9,152.13624524275477
13.89,13.91,151.6532162982746
13.9,13.92,151.46429911905778
13.91,13.93,151.4119769658281
13.92,13.94,151.2930347253977
13.93,13.95,150.75940661165592
13.94,13.96,148.8491198037452
13.95,13.97,146.63611113024612
13.96,13.98,144.79611224736095
13.97,13.99,144.25361039019825
13.98,14.0,143.8575656005972
13.99,14.01,143.08186561190576
14.0,14.02,142.04377771848337
14.01,14.03,140.98459175652826
14.02,14.04,140.05220279681706
14.03,14.05,139.26177485215467
14.04,14.06,138.57336031923023
14.05,14.07,137.75217836432947
14.06,14.08,135.80111437918086
14.07,14.09,131.72516002441725
14.08,14.1,127.35161439181077
14.09,14.11,125.00651310735795
14.1,14.12,126.37157347339414
14.11,14.13,130.13929098686754
14.12,14.14,135.34474663061567
14.13,14.15,140.4722171217063
14.14,14.16,144.77893232739223
14.15,14.17,147.33341137823575
14.16,14.18,148.64283074913567
14.17,14.19,149.21405328935327
14.18,14.2,149.06655040769468
14.19,14.21,147.6905283316997
14.2,14.22,144.0125431289727
14.21,14.23,138.63529715728663
14.22,14.24,135.4461665846679
14.23,14.25,0.0
14.24,14.26,815.7465011185195
14.25,14.27,826.2818271006972
14.26,14.28,847.4227036131764
14.27,14.29,847.3019006153042
14.28,14.3,0.0
14.29,14.31,0.0
14.3,14.32,0.0
14.31,14.33,0.0
14.32,14.34,157.90618593298436
14.33,14.35,157.68869983598867
14.34,14.36,157.2682787016968
14.35,14.37,156.89866774243538
14.36,14.38,155.5819172287147
14.37,14.39,153.57948900252364
14.38,14.4,151.62090636025903
14.39,14.41,150.67917046783958
14.4,14.42,150.70108504164406
14.41,14.43,151.47923493744509
14.42,14.44,153.22119767799174
14.43,14.45,156.1690694736474
14.44,14.46,160.01589764031817
14.45,14.47,164.169253026426
14.46,14.48,167.905398402293
14.47,14.49,171.0431582881085
14.48,14.5,173.84957514000587
14.49,14.51,176.5111437571068
14.5,14.52,179.1459269253293
14.51,14.53,181.4513113090197
14.52,14.54,183.09424789135667
14.53,14.55,183.82074786255
14.54,14.56,183.22694703934573
14.55,14.57,181.46294644107616
14.56,14.58,178.94385510480916
14.57,14.59,175.50663379731202
14.58,14.6,171.6931239707237
14.59,14.61,167.31743471123335
14.6,14.62,163.6886632370222
14.61,14.63,160.82804002988004
14.62,14.64,158.8177985967756
14.63,14.65,156.98685092041785
14.64,14.66,155.2050006547573
14.65,14.67,153.82063982319832
14.66,14.68,153.09035981094584
14.67,14.69,152.9068791943492
14.68,14.7,152.92552904793286
14.69,14.71,153.0240218093789
14.7,14.72,153.34599762380256
14.71,14.73,153.97025151373074
14.72,14.74,154.87207449970148
14.73,14.75,155.94466362577148
14.74,14.76,157.25123016971767
14.75,14.77,158.70480562024755
14.76,14.78,160.33613830957546
14.77,14.79,162.2559801084973
14.78,14.8,164.4252203874452
14.79,14.81,166.38988126434106
14.8,14.82,167.51722911228393
14.81,14.83,167.61337469908136
14.82,14.84,167.02810817280434
14.83,14.85,166.1434850541058
14.84,14.86,164.66582096042956
14.85,14.87,161.6930187675784
14.86,14.88,159.94310479758096
14.87,14.89,0.0
14.88,14.9,0.0
14.89,14.91,0.0
14.9,14.92,0.0
14.91,14.93,0.0
14.92,14.94,0.0
14.93,14.95,0.0
14.94,14.96,0.0
14.95,14.97,167.6677302171057
14.96,14.98,165.7055426158899
14.97,14.99,161.92530407773907
14.98,15.0,160.4240795184512
14.99,15.01,158.60847531222277
15.0,15.02,156.44911741353647
15.01,15.03,154.1604090305488
15.02,15.04,152.26720711719005
15.03,15.05,150.54363659359663
15.04,15.06,149.46493080962466
15.05,15.07,149.09276394133107
15.06,15.08,149.57932117622627
15.07,15.09,150.2199646490676
15.08,15.1,150.6079203304655
15.09,15.11,150.6822748387004
15.1,15.12,150.41912867229618
15.11,15.13,149.8965592277989
15.12,15.14,149.1831341197875
15.13,15.15,148.44750693786625
15.14,15.16,148.06880305959797
15.15,15.17,148.2880181681487
15.16,15.18,149.1406861780179
15.17,15.19,150.61381092262482
15.18,15.2,152.3738540275993
15.19,15.21,153.78110790965994
15.2,15.22,154.1102965657875
15.21,15.23,152.90035986339666
15.22,15.24,150.17651023959496
15.23,15.25,144.84080234664893
15.24,15.26,141.99893374016477
15.25,15.27,0.0
15.26,15.28,0.0
15.27,15.29,0.0
15.28,15.3,0.0
15.29,15.31,0.0
15.3,15.32,0.0
15.31,15.33,0.0
15.32,15.34,0.0
15.33,15.35,159.6520885247596
15.34,15.36,160.88145357736266
15.35,15.37,162.65068306864646
15.36,15.38,162.78653508738014
15.37,15.39,161.7117247269125
15.38,15.4,160.4351617289378
15.39,15.41,159.48017524781875
15.4,15.42,158.73173472642958
15.41,15.43,157.84581261863897
15.42,15.44,156.57178546878686
15.43,15.45,154.89985504473742
15.44,15.46,153.0084616683459
15.45,15.47,151.19707200726134
15.46,15.48,142.46525998092096
15.47,15.49,138.0770808769168
15.48,15.5,134.2907656188595
15.49,15.51,137.27529378668902
15.5,15.52,136.71338044995946
15.51,15.53,135.98451754091448
15.52,15.54,135.45653810557496
15.53,15.55,135.31060404563965
15.54,15.56,135.69376256898263
15.55,15.57,136.75289402851422
15.56,15.58,138.19336727212703
15.57,15.59,139.5543939522653
15.58,15.6,140.39771891162937
15.59,15.61,140.58096412257268
15.6,15.62,140.18972017367375
15.61,15.63,139.15643997041786
15.62,15.64,137.3725452932812
15.63,15.65,135.34626759243736
15.64,15.66,133.38531863981234
15.65,15.67,131.63779457350225
15.66,15.68,126.72125179376347
15.67,15.69,121.52332174957074
15.68,15.7,117.60440432393239
15.69,15.71,0.0
15.7,15.72,0.0
15.71,15.73,0.0
15.72,15.74,0.0
15.73,15.75,0.0
15.74,15.76,0.0
15.75,15.77,0.0
15.76,15.78,0.0
15.77,15.79,0.0
15.78,15.8,0.0
15.79,15.81,0.0
15.8,15.82,0.0
15.81,15.83,160.8421271499044
15.82,15.84,162.48100061494006
15.83,15.85,165.70247559598093
15.84,15.86,167.98731169682733
15.85,15.87,169.19099044063117
15.86,15.88,169.05331374423503
15.87,15.89,167.94733997517744
15.88,15.9,166.53274600131417
15.89,15.91,165.36894777675985
15.9,15.92,164.61436102616693
15.91,15.93,164.2806342574091
15.92,15.94,164.2338000659307
15.93,15.95,164.27115052220935
15.94,15.96,164.12899633984475
15.95,15.97,163.7193239670942
15.96,15.98,163.1137223560729
15.97,15.99,161.97428162582742
15.98,16.0,160.06793044546117
15.99,16.01,155.67755850867252
16.0,16.02,150.0787424358242
16.01,16.03,144.99532152543728
16.02,16.04,142.81114359026733
16.03,16.05,0.0
16.04,16.06,0.0
16.05,16.07,0.0
16.06,16.08,0.0
16.07,16.09,0.0
16.08,16.1,0.0
16.09,16.11,0.0
16.1,16.12,0.0
16.11,16.13,0.0
16.12,16.14,0.0
16.13,16.15,0.0
16.14,16.16,0.0
16.15,16.17,0.0
16.16,16.18,0.0
16.17,16.19,0.0
16.18,16.2,0.0
16.19,16.21,0.0
16.2,16.22,0.0
16.21,16.23,0.0
16.22,16.24,0.0
16.23,16.25,0.0
16.24,16.26,0.0
16.25,16.27,0.0
16.26,16.28,0.0
16.27,16.29,0.0
16.28,16.3,0.0
16.29,16.31,0.0
16.3,16.32,0.0
16.31,16.33,0.0
16.32,16.34,0.0
16.33,16.35,0.0
16.34,16.36,0.0
16.35,16.37,0.0
16.36,16.38,0.0
16.37,16.39,0.0
16.38,16.4,0.0
16.39,16.41,0.0
16.4,16.42,0.0
16.41,16.43,0.0
16.42,16.44,0.0
16.43,16.45,0.0
16.44,16.46,0.0
16.45,16.47,0.0
16.46,16.48,0.0
16.47,16.49,0.0
16.48,16.5,0.0
16.49,16.51,0.0
16.5,16.52,0.0
16.51,16.53,0.0
16.52,16.54,0.0
16.53,16.55,0.0
16.54,16.56,0.0
16.55,16.57,0.0
16.56,16.58,0.0
16.57,16.59,0.0
16.58,16.6,0.0
16.59,16.61,0.0
16.6,16.62,0.0
16.61,16.63,0.0
16.62,16.64,0.0
16.63,16.65,0.0
16.64,16.66,0.0
16.65,16.67,0.0
16.66,16.68,0.0
16.67,16.69,0.0
16.68,16.7,0.0
16.69,16.71,0.0
16.7,16.72,0.0
16.71,16.73,152.57457936968646
16.72,16.74,153.0053768012524
16.73,16.75,156.4104781013267
16.74,16.76,159.87513597472272
16.75,16.77,161.69708044911044
16.76,16.78,158.09831300155375
16.77,16.79,152.46105620197525
16.78,16.8,147.60597341478987
16.79,16.81,144.788184027279
16.8,16.82,144.5877460125999
16.81,16.83,145.39091049270016
16.82,16.84,147.2535060405364
16.83,16.85,149.67298740317253
16.84,16.86,152.19099740925475
16.85,16.87,154.00698150398796
16.86,16.88,155.30704900616627
16.87,16.89,155.51528771240987
16.88,16.9,154.4757555567016
16.89,16.91,152.43764290110542
16.9,16.92,149.79499632201785
16.91,16.93,147.28863373428916
16.92,16.94,144.88220205204485
16.93,16.95,143.05084596109492
16.94,16.96,141.86312696315628
16.95,16.97,141.3668553373989
16.96,16.98,141.2851425217714
16.97,16.99,141.2050948520615
16.98,17.0,140.62948152034213
16.99,17.01,138.790703831113
17.0,17.02,135.8668565341143
17.01,17.03,132.00397910580597
17.02,17.04,130.101788688009
17.03,17.05,0.0
17.04,17.06,131.79209428518888
17.05,17.07,137.56763395095237
17.06,17.08,148.902164010039
17.07,17.09,154.28507307442945
17.08,17.1,158.4652504608028
17.09,17.11,161.51011733393514
17.1,17.12,163.4442142664147
17.11,17.13,163.65667398577415
17.12,17.14,161.89884987416244
17.13,17.15,157.75951071338224
17.14,17.16,151.19277435559607
17.15,17.17,147.60566443407265
17.16,17.18,0.0
17.17,17.19,0.0
17.18,17.2,997.4770282245694
17.19,17.21,915.4837013859751
17.2,17.22,847.7624259671159
17.21,17.23,785.4517869190064
17.22,17.24,793.6310043710224
17.23,17.25,794.3735127765489
17.24,17.26,0.0
17.25,17.27,151.1359668850626
17.26,17.28,150.6207803714451
17.27,17.29,149.7205023129299
17.28,17.3,148.32991292951976
17.29,17.31,146.3664365308564
17.3,17.32,141.16678326409428
17.31,17.33,137.0208719291068
17.32,17.34,140.31282523181525
17.33,17.35,149.13587190134757
17.34,17.36,158.98258703636375
17.35,17.37,161.94364439006205
17.36,17.38,162.70373396376172
17.37,17.39,161.76040599277556
17.38,17.4,159.9653268963912
17.39,17.41,157.89592205837346
17.4,17.42,155.95454293128947
17.41,17.43,153.27988659282164
17.42,17.44,151.90381004017914
17.43,17.45,0.0
17.44,17.46,0.0
17.45,17.47,0.0
17.46,17.48,0.0
17.47,17.49,185.68174937959017
17.48,17.5,185.99865409598135
17.49,17.51,186.26273721810117
17.5,17.52,185.82741994311837
17.51,17.53,183.59455032375305
17.52,17.54,179.5130556096302
17.53,17.55,174.18124650658126
17.54,17.56,168.13697548930688
17.55,17.57,165.13934553762778
17.56,17.58,0.0
17.57,17.59,0.0
17.58,17.6,0.0
17.59,17.61,0.0
17.6,17.62,0.0
17.61,17.63,0.0
17.62,17.64,0.0
17.63,17.65,0.0
17.64,17.66,0.0
17.65,17.67,0.0
17.66,17.68,0.0
17.67,17.69,0.0
17.68,17.7,0.0
17.69,17.71,155.853992253184
17.7,17.72,155.47090101693144
17.71,17.73,151.79807745436844
17.72,17.74,147.122317791843
17.73,17.75,140.2681259269006
17.74,17.76,146.65330138507787
17.75,17.77,161.05407890466924
17.76,17.78,176.52374568339553
17.77,17.79,176.51511093316515
17.78,17.8,165.902096236668
17.79,17.81,157.72697720437816
17.8,17.82,152.71850346760974
17.81,17.83,150.24118344072443
17.82,17.84,147.11875188270167
17.83,17.85,142.3382905384769
17.84,17.86,136.84048825480352
17.85,17.87,132.10927053971045
17.86,17.88,128.28730363933863
17.87,17.89,125.60808457187619
17.88,17.9,124.22400567010746
17.89,17.91,124.57356063231933
17.9,17.92,126.61651605190572
17.91,17.93,129.69682026008212
17.92,17.94,133.5380768781966
17.93,17.95,137.0115127473575
17.94,17.96,139.96065603541217
17.95,17.97,142.02482761075223
17.96,17.98,143.7984444337596
17.97,17.99,145.6019580948005
17.98,18.0,147.58626499268735
17.99,18.01,149.44487539004282
18.0,18.02,150.6083351533583
18.01,18.03,150.7930613817537
18.02,18.04,150.45375175902157
18.03,18.05,150.14198403603655
18.04,18.06,149.8362933471406
18.05,18.07,144.7489481222558
18.06,18.08,139.29478124729155
18.07,18.09,132.8582383870259
18.08,18.1,130.31698593194446
18.09,18.11,128.67297084875494
18.1,18.12,0.0
18.11,18.13,0.0
18.12,18.14,0.0
18.13,18.15,0.0
18.14,18.16,0.0
18.15,18.17,0.0
18.16,18.18,0.0
18.17,18.19,0.0
18.18,18.2,0.0
18.19,18.21,0.0
18.2,18.22,0.0
18.21,18.23,0.0
18.22,18.24,0.0
18.23,18.25,0.0
18.24,18.26,0.0
18.25,18.27,0.0
18.26,18.28,0.0
18.27,18.29,0.0
18.28,18.3,0.0
18.29,18.31,0.0
18.3,18.32,0.0
18.31,18.33,0.0
18.32,18.34,0.0
18.33,18.35,0.0
18.34,18.36,0.0
18.35,18.37,0.0
18.36,18.38,0.0
18.37,18.39,0.0
18.38,18.4,0.0
18.39,18.41,0.0
18.4,18.42,0.0
18.41,18.43,0.0
18.42,18.44,0.0
18.43,18.45,0.0
18.44,18.46,0.0
18.45,18.47,0.0
18.46,18.48,0.0
18.47,18.49,0.0
18.48,18.5,0.0
18.49,18.51,0.0
18.5,18.52,0.0
18.51,18.53,0.0
18.52,18.54,0.0
18.53,18.55,0.0
18.54,18.56,0.0
18.55,18.57,207.1827908263179
18.56,18.58,207.72895724317542
18.57,18.59,206.44468641691734
18.58,18.6,205.24762032970682
18.59,18.61,0.0
18.6,18.62,0.0
18.61,18.63,0.0
18.62,18.64,0.0
18.63,18.65,0.0
18.64,18.66,0.0
18.65,18.67,0.0
18.66,18.68,0.0
18.67,18.69,0.0
18.68,18.7,0.0
18.69,18.71,0.0
18.7,18.72,0.0
18.71,18.73,0.0
18.72,18.74,0.0
18.73,18.75,0.0
18.74,18.76,0.0
18.75,18.77,0.0
18.76,18.78,0.0
18.77,18.79,0.0
18.78,18.8,0.0
18.79,18.81,0.0
18.8,18.82,0.0
18.81,18.83,0.0
18.82,18.84,0.0
18.83,18.85,0.0
18.84,18.86,0.0
18.85,18.87,0.0
18.86,18.88,0.0
18.87,18.89,0.0
18.88,18.9,0.0
18.89,18.91,0.0
18.9,18.92,0.0
18.91,18.93,0.0
18.92,18.94,0.0
18.93,18.95,0.0
18.94,18.96,0.0
18.95,18.97,0.0
18.96,18.98,0.0
18.97,18.99,0.0
18.98,19.0,0.0
18.99,19.01,0.0
19.0,19.02,0.0
19.01,19.03,0.0
19.02,19.04,0.0
19.03,19.05,0.0
19.04,19.06,0.0
19.05,19.07,0.0
19.06,19.08,0.0
19.07,19.09,0.0
19.08,19.1,0.0
19.09,19.11,0.0
19.1,19.12,0.0
19.11,19.13,0.0
19.12,19.14,0.0
19.13,19.15,0.0
19.14,19.16,0.0
19.15,19.17,0.0
19.16,19.18,0.0
19.17,19.19,0.0
19.18,19.2,0.0
19.19,19.21,0.0
19.2,19.22,0.0
19.21,19.23,0.0
19.22,19.24,0.0
19.23,19.25,0.0
19.24,19.26,0.0
19.25,19.27,0.0
19.26,19.28,0.0
19.27,19.29,0.0
19.28,19.3,0.0
19.29,19.31,0.0
19.3,19.32,0.0
19.31,19.33,0.0
19.32,19.34,0.0
19.33,19.35,0.0
19.34,19.36,0.0
19.35,19.37,0.0
19.36,19.38,0.0
19.37,19.39,0.0
19.38,19.4,0.0
19.39,19.41,0.0
19.4,19.42,0.0
19.41,19.43,0.0
19.42,19.44,0.0
19.43,19.45,0.0
19.44,19.46,0.0
19.45,19.47,0.0
19.46,19.48,0.0
19.47,19.49,0.0
19.48,19.5,0.0
19.49,19.51,0.0
19.5,19.52,0.0
19.51,19.53,0.0
19.52,19.54,0.0
19.53,19.55,0.0
19.54,19.56,0.0
19.55,19.57,0.0
19.56,19.58,0.0
19.57,19.59,0.0
19.58,19.6,0.0
19.59,19.61,0.0
19.6,19.62,0.0
19.61,19.63,0.0
19.62,19.64,0.0
19.63,19.65,0.0
19.64,19.66,0.0
19.65,19.67,0.0
19.66,19.68,0.0
19.67,19.69,0.0
19.68,19.7,0.0
19.69,19.71,0.0
19.7,19.72,0.0
19.71,19.73,0.0
19.72,19.74,0.0
19.73,19.75,0.0
19.74,19.76,0.0
19.75,19.77,0.0
19.76,19.78,0.0
19.77,19.79,0.0
19.78,19.8,0.0
19.79,19.81,0.0
19.8,19.82,0.0
19.81,19.83,0.0
19.82,19.84,0.0
19.83,19.85,0.0
19.84,19.86,0.0
19.85,19.87,0.0
19.86,19.88,0.0
19.87,19.89,0.0
19.88,19.9,0.0
19.89,19.91,0.0
19.9,19.92,0.0
19.91,19.93,0.0
19.92,19.94,0.0
19.93,19.95,0.0
19.94,19.96,0.0
19.95,19.97,0.0
19.96,19.98,0.0
19.97,19.99,0.0
19.98,20.0,0.0
19.99,20.01,0.0
20.0,20.02,0.0
20.01,20.03,0.0
20.02,20.04,0.0
20.03,20.05,0.0
20.04,20.06,0.0
20.05,20.07,0.0
20.06,20.08,0.0
20.07,20.09,0.0
20.08,20.1,0.0
20.09,20.11,0.0
20.1,20.12,0.0
20.11,20.13,0.0
20.12,20.14,0.0
20.13,20.15,0.0
20.14,20.16,0.0
20.15,20.17,0.0
20.16,20.18,0.0
20.17,20.19,0.0
20.18,20.2,0.0
20.19,20.21,0.0
20.2,20.22,0.0
20.21,20.23,0.0
20.22,20.24,0.0
20.23,20.25,0.0
20.24,20.26,0.0
20.25,20.27,0.0
20.26,20.28,0.0
20.27,20.29,0.0
20.28,20.3,0.0
20.29,20.31,0.0
20.3,20.32,0.0
20.31,20.33,0.0
20.32,20.34,0.0
20.33,20.35,0.0
20.34,20.36,0.0
20.35,20.37,0.0
20.36,20.38,0.0
20.37,20.39,0.0
20.38,20.4,0.0
20.39,20.41,0.0
20.4,20.42,0.0
20.41,20.43,0.0
20.42,20.44,0.0
20.43,20.45,0.0
20.44,20.46,0.0
20.45,20.47,0.0
20.46,20.48,0.0
20.47,20.49,0.0
20.48,20.5,0.0
20.49,20.51,0.0
20.5,20.52,0.0
20.51,20.53,0.0
20.52,20.54,0.0
20.53,20.55,0.0
20.54,20.56,0.0
20.55,20.57,0.0
20.56,20.58,0.0
20.57,20.59,0.0
20.58,20.6,0.0
20.59,20.61,0.0
20.6,20.62,0.0
20.61,20.63,0.0
20.62,20.64,0.0
20.63,20.65,0.0
20.64,20.66,0.0
20.65,20.67,0.0
20.66,20.68,0.0
20.67,20.69,0.0
20.68,20.7,0.0
20.69,20.71,0.0
20.7,20.72,0.0
20.71,20.73,0.0
20.72,20.74,0.0
20.73,20.75,0.0
20.74,20.76,0.0
20.75,20.77,0.0
20.76,20.78,0.0
20.77,20.79,0.0
20.78,20.8,0.0
20.79,20.81,0.0
20.8,20.82,0.0
20.81,20.83,0.0
20.82,20.84,0.0
20.83,20.85,0.0
20.84,20.86,0.0
20.85,20.87,0.0
20.86,20.88,0.0
20.87,20.89,0.0
20.88,20.9,0.0
20.89,20.91,0.0
20.9,20.92,0.0
20.91,20.93,0.0
20.92,20.94,0.0
20.93,20.95,0.0
20.94,20.96,0.0
20.95,20.97,0.0
20.96,20.98,0.0
20.97,20.99,0.0
20.98,21.0,0.0
20.99,21.01,0.0
21.0,21.02,0.0
21.01,21.03,0.0
21.02,21.04,0.0
21.03,21.05,0.0
21.04,21.06,0.0
21.05,21.07,0.0
21.06,21.08,0.0
21.07,21.09,0.0
21.08,21.1,0.0
21.09,21.11,0.0
21.1,21.12,0.0
21.11,21.13,0.0
21.12,21.14,0.0
21.13,21.15,0.0
21.14,21.16,0.0
21.15,21.17,0.0
21.16,21.18,0.0
21.17,21.19,0.0
21.18,21.2,0.0
21.19,21.21,0.0
21.2,21.22,0.0
21.21,21.23,260.65427399591766
21.22,21.24,261.35527810465214
21.23,21.25,262.37097655001105
21.24,21.26,261.65733129359677
21.25,21.27,257.6167939647137
21.26,21.28,253.2173252363767
21.27,21.29,249.08687748878316
21.28,21.3,248.2459771508041
21.29,21.31,0.0
21.3,21.32,181.60390672841143
21.31,21.33,181.60390672841143
21.32,21.34,0.0
21.33,21.35,0.0
21.34,21.36,0.0
21.35,21.37,0.0
21.36,21.38,0.0
21.37,21.39,0.0
21.38,21.4,0.0
21.39,21.41,0.0
21.4,21.42,0.0
21.41,21.43,228.4509712950223
21.42,21.44,226.31485353356283
21.43,21.45,222.36335171155332
21.44,21.46,219.3736620364312
21.45,21.47,216.11632293497644
21.46,21.48,213.022553010445
21.47,21.49,211.07059828684217
21.48,21.5,210.77779821446987
21.49,21.51,211.20774979110314
21.5,21.52,211.31174281505326
21.51,21.53,210.8491481964921
21.52,21.54,210.08256672231403
21.53,21.55,209.1262534892957
21.54,21.56,208.05093898124778
21.55,21.57,206.9261584858442
21.56,21.58,205.94445769116226
21.57,21.59,204.819782319038
21.58,21.6,203.08461597354486
21.59,21.61,200.96765334121972
21.6,21.62,199.0216289023687
21.61,21.63,197.63836255047065
21.62,21.64,196.73119687182844
21.63,21.65,196.03922530939883
21.64,21.66,195.42942221195318
21.65,21.67,194.38551212584056
21.66,21.68,192.96816875854415
21.67,21.69,191.1753305952298
21.68,21.7,189.28099769522953
21.69,21.71,186.67398157921755
21.7,21.72,184.16722188530395
21.71,21.73,181.63232003652666
21.72,21.74,179.67938187675125
21.73,21.75,178.14903170700703
21.74,21.76,177.40264730630506
21.75,21.77,177.28510389129738
21.76,21.78,177.0865357521981
21.77,21.79,176.3736312321231
21.78,21.8,175.04221725965388
21.79,21.81,173.4447020019277
21.8,21.82,171.96565345187858
21.81,21.83,170.80742793373037
21.82,21.84,169.92251919681047
21.83,21.85,169.24697634619577
21.84,21.86,168.7106063640709
21.85,21.87,168.3041460794489
21.86,21.88,168.16439341854593
21.87,21.89,168.3519926200279
21.88,21.9,168.9013456184534
21.89,21.91,169.60446940728795
21.9,21.92,170.14392487426812
21.91,21.93,170.01275885783724
21.92,21.94,169.09274762246432
21.93,21.95,167.77444238378368
21.94,21.96,166.39825903259006
21.95,21.97,165.0309457232061
21.96,21.98,163.53317554984912
21.97,21.99,162.0629427746527
21.98,22.0,160.7866717854415
21.99,22.01,159.72196856878114
22.0,22.02,158.56687437432237
22.01,22.03,157.26559308875642
22.02,22.04,156.2274244957089
22.03,22.05,155.80157841108903
22.04,22.06,155.8826530654689
22.05,22.07,156.0471983106522
22.06,22.08,156.08942795204834
22.07,22.09,155.94576320447635
22.08,22.1,155.5850369023198
22.09,22.11,155.11781838365454
22.1,22.12,154.75861508918683
22.11,22.13,154.58788351723146
22.12,22.14,154.52147541697605
22.13,22.15,154.34170385306726
22.14,22.16,153.94134871213674
22.15,22.17,153.28144022960942
22.16,22.18,152.49065549102713
22.17,22.19,151.80314491573014
22.18,22.2,151.2743006332125
22.19,22.21,150.76189806962145
22.2,22.22,149.93953616924034
22.21,22.23,148.55928550044405
22.22,22.24,146.35379460894035
22.23,22.25,143.5676278492122
22.24,22.26,142.00589567634438
22.25,22.27,0.0
22.26,22.28,0.0
22.27,22.29,0.0
22.28,22.3,0.0
22.29,22.31,0.0
22.3,22.32,0.0
22.31,22.33,0.0
22.32,22.34,0.0
22.33,22.35,172.10795836918822
22.34,22.36,170.15665336066738
22.35,22.37,166.89277987452834
22.36,22.38,165.76342500323403
22.37,22.39,164.94596714462494
22.38,22.4,164.06627996859356
22.39,22.41,163.66334541055767
22.4,22.42,164.0759687964838
22.41,22.43,164.84995314528837
22.42,22.44,165.11567702163512
22.43,22.45,164.29976628256418
22.44,22.46,162.52790796027693
22.45,22.47,159.93839995937236
22.46,22.48,156.77206460522538
22.47,22.49,153.1207898026154
22.48,22.5,148.304617796817
22.49,22.51,143.91545847931428
22.5,22.52,148.17677021234553
22.51,22.53,155.8127017881462
22.52,22.54,165.54894161060756
22.53,22.55,167.51058514222848
22.54,22.56,168.6308298837347
22.55,22.57,168.8884319309
22.56,22.58,168.24778621114277
22.57,22.59,166.57045412570545
22.58,22.6,163.3415340176487
22.59,22.61,160.45365145865844
22.6,22.62,161.01025774274302
22.61,22.63,164.2101346963452
22.62,22.64,169.7686848819317
22.63,22.65,175.01876840755912
22.64,22.66,180.83651261815172
22.65,22.67,185.29861597684865
22.66,22.68,187.94708497254646
22.67,22.69,189.08832502396976
22.68,22.7,189.11999290208144
22.69,22.71,187.91735257181568
22.7,22.72,185.64480757923076
22.71,22.73,184.37238898713917
22.72,22.74,0.0
22.73,22.75,0.0
22.74,22.76,0.0
22.75,22.77,0.0
22.76,22.78,0.0
22.77,22.79,0.0
22.78,22.8,0.0
22.79,22.81,0.0
22.8,22.82,0.0
22.81,22.83,0.0
22.82,22.84,220.94273983635935
22.83,22.85,221.75916184176862
22.84,22.86,223.23774798402533
22.85,22.87,222.05410331488517
22.86,22.88,220.97735669455133
22.87,22.89,220.1319428057312
22.88,22.9,218.88116797566883
22.89,22.91,216.63252310903817
22.9,22.92,206.9553415093562
22.91,22.93,197.8985195719354
22.92,22.94,190.55260755428156
22.93,22.95,0.0
22.94,22.96,0.0
22.95,22.97,0.0
22.96,22.98,0.0
22.97,22.99,0.0
22.98,23.0,0.0
22.99,23.01,0.0
23.0,23.02,0.0
23.01,23.03,0.0
23.02,23.04,0.0
23.03,23.05,0.0
23.04,23.06,151.1077293098921
23.05,23.07,150.67492073764228
23.06,23.08,150.71629430095865
23.07,23.09,153.95171171008764
23.08,23.1,159.33226619063805
23.09,23.11,167.19194743396451
23.1,23.12,173.90836714123327
23.11,23.13,179.40818664820503
23.12,23.14,182.2491817467115
23.13,23.15,185.23987131450613
23.14,23.16,187.69165578391988
23.15,23.17,189.20168717119034
23.16,23.18,189.19063970980318
23.17,23.19,188.51007068715555
23.18,23.2,187.55663234069368
23.19,23.21,187.07817793019146
23.2,23.22,0.0
23.21,23.23,0.0
23.22,23.24,0.0
23.23,23.25,0.0
23.24,23.26,0.0
23.25,23.27,0.0
23.26,23.28,0.0
23.27,23.29,178.5059359771785
23.28,23.3,176.89848012153587
23.29,23.31,174.46610573475843
23.3,23.32,173.2791261643295
23.31,23.33,172.39582753605856
23.32,23.34,170.7422724915113
23.33,23.35,168.52667368481107
23.34,23.36,166.1016096609764
23.35,23.37,163.85541866730816
23.36,23.38,161.7794049267404
23.37,23.39,159.82786728912046
23.38,23.4,157.63195245172315
23.39,23.41,154.77537633005105
23.4,23.42,151.13305297604026
23.41,23.43,145.96089237057123
23.42,23.44,138.96862102214305
23.43,23.45,135.09299488961403
23.44,23.46,0.0
23.45,23.47,60.5454096379117
23.46,23.48,60.5454096379117
23.47,23.49,0.0
23.48,23.5,0.0
23.49,23.51,0.0
23.5,23.52,153.1900220034338
23.51,23.53,151.76770967971683
23.52,23.54,150.0918218678937
23.53,23.55,150.87603435986617
23.54,23.56,151.57186989026397
23.55,23.57,151.22637591918198
23.56,23.58,146.44305316149402
23.57,23.59,141.76864712607846
23.58,23.6,135.9299198726045
23.59,23.61,134.22235531147695
23.6,23.62,134.95218045200184
23.61,23.63,137.2444140516216
23.62,23.64,137.4961758381627
23.63,23.65,135.99792690582288
23.64,23.66,134.96312378527526
23.65,23.67,136.24268883514594
23.66,23.68,139.65626036765136
23.67,23.69,143.10117748003285
23.68,23.7,146.37637023557065
23.69,23.71,146.8188768421718
23.7,23.72,146.3683877410762
23.71,23.73,145.5412701938632
23.72,23.74,144.32163180315874
23.73,23.75,142.34635121436477
23.74,23.76,138.4133781192506
23.75,23.77,136.25849552989862
23.76,23.78,0.0
23.77,23.79,0.0
23.78,23.8,0.0
23.79,23.81,0.0
23.8,23.82,0.0
23.81,23.83,150.49605942277634
23.82,23.84,150.97961102361896
23.83,23.85,152.43841544907306
23.84,23.86,154.0940487496251
23.85,23.87,157.56191054803355
23.86,23.88,161.78423521784816
23.87,23.89,165.40159972788476
23.88,23.9,167.23881448461046
23.89,23.91,167.7089472502731
23.9,23.92,167.5314037958235
23.91,23.93,167.07480044650765
23.92,23.94,166.4310958841266
23.93,23.95,164.84826409006465
23.94,23.96,162.08133439038664
23.95,23.97,157.79166847681793
23.96,23.98,151.106397479105
23.97,23.99,147.6327270923102
23.98,24.0,0.0
23.99,24.01,0.0
24.0,24.02,0.0
24.01,24.03,0.0
24.02,24.04,0.0
24.03,24.05,124.77856901780676
24.04,24.06,122.78876469525002
24.05,24.07,118.69642833332342
24.06,24.08,119.12751172492355
24.07,24.09,118.91343194970686
24.08,24.1,118.35835726192741
24.09,24.11,117.77442968059745
24.1,24.12,118.57978550757895
24.11,24.13,119.76158940834407
24.12,24.14,121.88489454449265
24.13,24.15,128.11782459795558
24.14,24.16,134.32058122925986
24.15,24.17,144.32854860592474
24.16,24.18,146.69610805808472
24.17,24.19,149.25647278062527
24.18,24.2,147.24584882894658
24.19,24.21,147.58034647547598
24.2,24.22,148.3493447432791
24.21,24.23,149.40279739612185
24.22,24.24,150.60154879438608
24.23,24.25,151.85735893882426
24.24,24.26,153.10223421007822
24.25,24.27,154.3873500197745
24.26,24.28,155.6722416564843
24.27,24.29,156.76576044696034
24.28,24.3,157.36145454050245
24.29,24.31,157.36707181206677
24.3,24.32,157.50444527064442
24.31,24.33,158.82852486391926
24.32,24.34,161.51125615511378
24.33,24.35,164.71105440727484
24.34,24.36,167.37049567557315
24.35,24.37,169.1747182925188
24.36,24.38,170.21404647542587
24.37,24.39,170.408494321531
24.38,24.4,169.77061139327566
24.39,24.41,168.40115148328726
24.4,24.42,165.78621831608166
24.41,24.43,162.53931457871977
24.42,24.44,159.3017952247846
24.43,24.45,156.76876568530784
24.44,24.46,154.41065449636366
24.45,24.47,152.01186043003443
24.46,24.48,149.66276402134508
24.47,24.49,147.66033156026722
24.48,24.5,145.98131656385198
24.49,24.51,144.70216603086337
24.5,24.52,143.6059423265325
24.51,24.53,142.54518967866866
24.52,24.54,141.44108864319335
24.53,24.55,140.2003313526321
24.54,24.56,138.67750518925888
24.55,24.57,137.04545037241746
24.56,24.58,135.46150776319624
24.57,24.59,134.13255039636886
24.58,24.6,133.1534061503005
24.59,24.61,132.85176883094044
24.6,24.62,134.03893644192996
24.61,24.63,136.18005051610967
24.62,24.64,138.07683747976367
24.63,24.65,138.77003199645424
24.64,24.66,138.5959115306724
24.65,24.67,138.3689332954408
24.66,24.68,138.03099519309242
24.67,24.69,137.52224859536864
24.68,24.7,136.91747337553602
24.69,24.71,136.12337971378702
24.7,24.72,135.05521078917167
24.71,24.73,133.88654929362914
24.72,24.74,132.95836637381316
24.73,24.75,132.15942149823084
24.74,24.76,131.29793796446725
24.75,24.77,130.04038338454222
24.76,24.78,128.7536732334872
24.77,24.79,128.03058067454683
24.78,24.8,0.0
24.79,24.81,0.0
24.8,24.82,0.0
24.81,24.83,0.0
24.82,24.84,0.0
24.83,24.85,0.0
24.84,24.86,0.0
24.85,24.87,0.0
24.86,24.88,0.0
24.87,24.89,0.0
24.88,24.9,0.0
24.89,24.91,0.0
24.9,24.92,0.0
24.91,24.93,0.0
24.92,24.94,0.0
24.93,24.95,0.0
24.94,24.96,0.0
24.95,24.97,0.0
24.96,24.98,0.0
24.97,24.99,0.0
24.98,25.0,0.0
24.99,25.01,0.0
25.0,25.02,0.0
25.01,25.03,0.0
25.02,25.04,0.0
25.03,25.05,0.0
25.04,25.06,0.0
25.05,25.07,0.0
25.06,25.08,0.0
25.07,25.09,0.0
25.08,25.1,0.0
25.09,25.11,0.0
25.1,25.12,0.0
25.11,25.13,0.0
25.12,25.14,0.0
25.13,25.15,0.0
25.14,25.16,0.0
25.15,25.17,0.0
25.16,25.18,0.0
25.17,25.19,0.0
25.18,25.2,0.0
25.19,25.21,0.0
25.2,25.22,0.0
25.21,25.23,0.0
25.22,25.24,135.2357441624583
25.23,25.25,135.19669874136355
25.24,25.26,135.1373849881104
25.25,25.27,0.0
25.26,25.28,0.0
25.27,25.29,0.0
25.28,25.3,0.0
25.29,25.31,0.0
25.3,25.32,0.0
25.31,25.33,0.0
25.32,25.34,0.0
25.33,25.35,0.0
25.34,25.36,0.0
25.35,25.37,0.0
25.36,25.38,0.0
25.37,25.39,0.0
25.38,25.4,0.0
25.39,25.41,0.0
25.4,25.42,0.0
25.41,25.43,0.0
25.42,25.44,0.0
25.43,25.45,0.0
25.44,25.46,0.0
25.45,25.47,0.0
25.46,25.48,0.0
25.47,25.49,0.0
25.48,25.5,0.0
25.49,25.51,0.0
25.5,25.52,0.0
25.51,25.53,0.0
25.52,25.54,0.0
25.53,25.55,0.0
25.54,25.56,0.0
25.55,25.57,0.0
25.56,25.58,0.0
25.57,25.59,0.0
25.58,25.6,0.0
25.59,25.61,0.0
25.6,25.62,0.0
25.61,25.63,0.0
25.62,25.64,0.0
25.63,25.65,0.0
25.64,25.66,0.0
25.65,25.67,0.0
25.66,25.68,79.39136884095453
25.67,25.69,98.57085231954807
25.68,25.7,122.44517568779403
25.69,25.71,153.11019597070887
25.7,25.72,154.34233301175354
25.71,25.73,155.60087621023365
25.72,25.74,156.28934836209098
25.73,25.75,156.3492813844047
25.74,25.76,155.13661825975058
25.75,25.77,152.84611027171363
25.76,25.78,150.52902520362662
25.77,25.79,149.24468289820177
25.78,25.8,149.16724143154258
25.79,25.81,149.43744996912784
25.8,25.82,149.19429452704293
25.81,25.83,147.58272035771776
25.82,25.84,143.33929788176005
25.83,25.85,136.77337086171718
25.84,25.86,132.87905434504873
25.85,25.87,0.0
25.86,25.88,0.0
25.87,25.89,0.0
25.88,25.9,0.0
25.89,25.91,0.0
25.9,25.92,0.0
25.91,25.93,0.0
25.92,25.94,0.0
25.93,25.95,141.8491080350218
25.94,25.96,141.25225586402135
25.95,25.97,139.80985406216075
25.96,25.98,138.00859671943897
25.97,25.99,135.63798153797404
25.98,26.0,132.26126683094648
25.99,26.01,129.1638789449741
26.0,26.02,127.38941865652923
26.01,26.03,126.73642856196781
26.02,26.04,124.95683247059397
26.03,26.05,121.50601157206236
26.04,26.06,117.32662805120276
26.05,26.07,114.65715612440106
26.06,26.08,113.36459111210178
26.07,26.09,0.0
26.08,26.1,0.0
26.09,26.11,0.0
26.1,26.12,0.0
26.11,26.13,0.0
26.12,26.14,0.0
26.13,26.15,69.43807270366938
26.14,26.16,68.7224276416179
26.15,26.17,67.28669587793622
26.16,26.18,66.95250550427949
26.17,26.19,66.54403026852239
26.18,26.2,66.09809213288882
26.19,26.21,62.6888621867536
26.2,26.22,61.055124921941385
26.21,26.23,0.0
26.22,26.24,0.0
26.23,26.25,0.0
26.24,26.26,0.0
26.25,26.27,0.0
26.26,26.28,0.0
26.27,26.29,0.0
26.28,26.3,0.0
26.29,26.31,0.0
26.3,26.32,0.0
26.31,26.33,0.0
26.32,26.34,0.0
26.33,26.35,0.0
26.34,26.36,0.0
26.35,26.37,0.0
26.36,26.38,0.0
26.37,26.39,0.0
26.38,26.4,0.0
26.39,26.41,0.0
26.4,26.42,0.0
26.41,26.43,0.0
26.42,26.44,0.0
26.43,26.45,69.57556772925736
26.44,26.46,69.02470620560825
26.45,26.47,68.31691904662702
26.46,26.48,68.13202503727771
26.47,26.49,68.21996543743005
26.48,26.5,84.54143715969344
26.49,26.51,103.80791964644658
26.5,26.52,127.881290699587
26.51,26.53,127.67131120514908
26.52,26.54,128.44009579125424
26.53,26.55,128.9108838527467
26.54,26.56,129.04155595169513
26.55,26.57,129.01096488135758
26.56,26.58,128.07444213775915
26.57,26.59,129.5666836880859
26.58,26.6,104.41644176015724
26.59,26.61,84.89600511594848
26.6,26.62,67.64519173590254
26.61,26.63,67.5988371835536
26.62,26.64,66.83900612694285
26.63,26.65,64.76667825030364
26.64,26.66,80.04407078927234
26.65,26.67,99.97416087640917
26.66,26.68,124.65200777299427
26.67,26.69,122.1856986512008
26.68,26.7,121.24545237770532
26.69,26.71,124.1427504863752
26.7,26.72,127.96719221817659
26.71,26.73,131.34780986904613
26.72,26.74,134.90881729940574
26.73,26.75,138.9282988608493
26.74,26.76,143.23662292887107
26.75,26.77,145.4567598750442
26.76,26.78,145.51152889066324
26.77,26.79,144.725698689707
26.78,26.8,145.06754441518473
26.79,26.81,146.01731512960598
26.8,26.82,114.06873959951962
26.81,26.83,87.18416728949043
26.82,26.84,66.47544062797775
26.83,26.85,64.63445298980187
26.84,26.86,63.874753198566715
26.85,26.87,79.91241050825366
26.86,26.88,100.79191628740132
26.87,26.89,127.53214873113295
26.88,26.9,126.90498903372986
26.89,26.91,125.38140564857501
26.9,26.92,122.35295147098081
26.91,26.93,118.26695701030889
26.92,26.94,113.80363995617387
26.93,26.95,111.39494261749711
26.94,26.96,0.0
26.95,26.97,0.0
26.96,26.98,0.0
26.97,26.99,0.0
26.98,27.0,0.0
26.99,27.01,0.0
27.0,27.02,0.0
27.01,27.03,63.370696235830295
27.02,27.04,63.35027797856913
27.03,27.05,63.12017873797556
27.04,27.06,63.64185148158113
27.05,27.07,64.60291128766062
27.06,27.08,82.3310600485461
27.07,27.09,104.11814819427819
27.08,27.1,132.35913668623851
27.09,27.11,134.83275362479878
27.1,27.12,136.5746837908432
27.11,27.13,136.2041179909496
27.12,27.14,134.52117616113395
27.13,27.15,133.55087715853853
27.14,27.16,0.0
27.15,27.17,0.0
27.16,27.18,0.0
27.17,27.19,0.0
27.18,27.2,0.0
27.19,27.21,0.0
27.2,27.22,0.0
27.21,27.23,131.55918332381634
27.22,27.24,131.91869599178287
27.23,27.25,133.45430212960375
27.24,27.26,135.5549802294014
27.25,27.27,137.89510923683304
27.26,27.28,139.4885272182474
27.27,27.29,140.2098002296787
27.28,27.3,140.48328305076828
27.29,27.31,140.48705959529144
27.3,27.32,140.2317989148785
27.31,27.33,139.71369391319504
27.32,27.34,138.33888966841752
27.33,27.35,137.559904501876
27.34,27.36,0.0
27.35,27.37,0.0
27.36,27.38,0.0
27.37,27.39,0.0
27.38,27.4,148.03456571399573
27.39,27.41,147.16229430627217
27.4,27.42,145.2059228774708
27.41,27.43,143.0565040239154
27.42,27.44,141.88277454813831
27.43,27.45,0.0
27.44,27.46,0.0
27.45,27.47,0.0
27.46,27.48,0.0
27.47,27.49,0.0
27.48,27.5,0.0
27.49,27.51,0.0
27.5,27.52,0.0
27.51,27.53,0.0
27.52,27.54,0.0
27.53,27.55,0.0
27.54,27.56,0.0
27.55,27.57,0.0
27.56,27.58,0.0
27.57,27.59,0.0
27.58,27.6,0.0
27.59,27.61,0.0
27.6,27.62,0.0
27.61,27.63,0.0
27.62,27.64,0.0
27.63,27.65,0.0
27.64,27.66,0.0
27.65,27.67,0.0
27.66,27.68,0.0
27.67,27.69,0.0
27.68,27.7,0.0
27.69,27.71,0.0
27.7,27.72,0.0
27.71,27.73,0.0
27.72,27.74,0.0
27.73,27.75,0.0
27.74,27.76,0.0
27.75,27.77,0.0
27.76,27.78,0.0
27.77,27.79,0.0
27.78,27.8,0.0
27.79,27.81,0.0
27.8,27.82,0.0
27.81,27.83,0.0
27.82,27.84,0.0
27.83,27.85,0.0
27.84,27.86,0.0
27.85,27.87,0.0
27.86,27.88,0.0
27.87,27.89,0.0
27.88,27.9,0.0
27.89,27.91,0.0
27.9,27.92,0.0
27.91,27.93,0.0
27.92,27.94,0.0
27.93,27.95,0.0
27.94,27.96,0.0
27.95,27.97,0.0
27.96,27.98,0.0
27.97,27.99,0.0
27.98,28.0,0.0
27.99,28.01,0.0
28.0,28.02,0.0
28.01,28.03,0.0
28.02,28.04,0.0
28.03,28.05,0.0
28.04,28.06,0.0
28.05,28.07,0.0
28.06,28.08,0.0
28.07,28.09,0.0
28.08,28.1,0.0
28.09,28.11,0.0
28.1,28.12,0.0
28.11,28.13,0.0
28.12,28.14,0.0
28.13,28.15,0.0
28.14,28.16,0.0
28.15,28.17,0.0
28.16,28.18,0.0
28.17,28.19,0.0
28.18,28.2,0.0
28.19,28.21,0.0
28.2,28.22,0.0
28.21,28.23,0.0
28.22,28.24,0.0
28.23,28.25,0.0
28.24,28.26,0.0
28.25,28.27,0.0
28.26,28.28,0.0
28.27,28.29,0.0
28.28,28.3,0.0
28.29,28.31,0.0
28.3,28.32,0.0
28.31,28.33,0.0
28.32,28.34,0.0
28.33,28.35,0.0
28.34,28.36,0.0
28.35,28.37,0.0
28.36,28.38,0.0
28.37,28.39,0.0
28.38,28.4,0.0
28.39,28.41,162.32993288635083
28.4,28.42,162.31124482733614
28.41,28.43,162.58013068478857
28.42,28.44,160.85518763251233
28.43,28.45,158.53068117745954
28.44,28.46,155.64235060687383
28.45,28.47,151.88085044360398
28.46,28.48,147.33063570996126
28.47,28.49,142.17883324101274
28.48,28.5,136.6384821242983
28.49,28.51,131.2639774607061
28.5,28.52,128.4657109349007
28.51,28.53,0.0
28.52,28.54,0.0
28.53,28.55,0.0
28.54,28.56,0.0
28.55,28.57,0.0
28.56,28.58,0.0
28.57,28.59,0.0
28.58,28.6,0.0
28.59,28.61,0.0
28.6,28.62,138.66343441763993
28.61,28.63,137.15455152712804
28.62,28.64,134.94800259279074
28.63,28.65,131.8210065790751
28.64,28.66,129.70123565443637
28.65,28.67,128.09088171204664
28.66,28.68,127.11988428858189
28.67,28.69,126.63498679284967
28.68,28.7,126.71180039201127
28.69,28.71,127.32451000076726
28.7,28.72,128.56735855972153
28.71,28.73,130.00246558246118
28.72,28.74,131.2897073765787
28.73,28.75,131.79992074423177
28.74,28.76,131.67521737755374
28.75,28.77,131.36644977900534
28.76,28.78,131.2843122096555
28.77,28.79,131.24462910954136
28.78,28.8,131.08956942963908
28.79,28.81,130.71918134069657
28.8,28.82,130.18688687020355
28.81,28.83,129.63472059269154
28.82,28.84,129.31426731290316
28.83,28.85,129.4963712211102
28.84,28.86,130.2939443674482
28.85,28.87,131.92029472487258
28.86,28.88,134.49875450513613
28.87,28.89,138.0821466775559
28.88,28.9,141.4149116971243
28.89,28.91,143.2238095114637
28.9,28.92,143.10168198825508
28.91,28.93,141.90295640390733
28.92,28.94,140.0230740994047
28.93,28.95,136.98537080749517
28.94,28.96,133.0286386280619
28.95,28.97,128.8392664947313
28.96,28.98,126.82608814461717
28.97,28.99,0.0
28.98,29.0,0.0
28.99,29.01,0.0
29.0,29.02,0.0
29.01,29.03,0.0
29.02,29.04,0.0
29.03,29.05,0.0
29.04,29.06,0.0
29.05,29.07,0.0
29.06,29.08,0.0
29.07,29.09,0.0
29.08,29.1,0.0
29.09,29.11,64.78378436191717
29.1,29.12,74.76379213916978
29.11,29.13,86.33809391999488
29.12,29.14,100.59380662468638
29.13,29.15,102.26929147025243
29.14,29.16,85.80772695434939
29.15,29.17,78.80542663134402
29.16,29.18,0.0
29.17,29.19,0.0
29.18,29.2,0.0
29.19,29.21,0.0
29.2,29.22,0.0
29.21,29.23,0.0
29.22,29.24,0.0
29.23,29.25,0.0
29.24,29.26,0.0
29.25,29.27,0.0
29.26,29.28,0.0
29.27,29.29,0.0
29.28,29.3,0.0
29.29,29.31,0.0
29.3,29.32,0.0
29.31,29.33,0.0
29.32,29.34,0.0
29.33,29.35,0.0
29.34,29.36,0.0
29.35,29.37,0.0
29.36,29.38,0.0
29.37,29.39,0.0
29.38,29.4,0.0
29.39,29.41,0.0
29.4,29.42,0.0
29.41,29.43,0.0
29.42,29.44,0.0
29.43,29.45,0.0
29.44,29.46,0.0
29.45,29.47,0.0
29.46,29.48,0.0
29.47,29.49,0.0
29.48,29.5,0.0
29.49,29.51,0.0
29.5,29.52,0.0
29.51,29.53,0.0
29.52,29.54,0.0
29.53,29.55,0.0
29.54,29.56,0.0
29.55,29.57,0.0
29.56,29.58,0.0
29.57,29.59,0.0
29.58,29.6,150.39703969415123
29.59,29.61,147.5187689583845
29.6,29.62,141.01735395103017
29.61,29.63,135.21910267112543
29.62,29.64,136.09997126800448
29.63,29.65,140.5828382066893
29.64,29.66,144.7096750204958
29.65,29.67,143.70543050474947
29.66,29.68,141.9473165482028
29.67,29.69,140.8286679656819
29.68,29.7,139.97464254195748
29.69,29.71,138.91202941168797
29.7,29.72,137.4580830519456
29.71,29.73,136.0980519840245
29.72,29.74,135.29857419158316
29.73,29.75,135.07701088064283
29.74,29.76,134.8090621426612
29.75,29.77,133.69600332295934
29.76,29.78,130.02324952881028
29.77,29.79,126.79700014796836
29.78,29.8,124.3375974896428
29.79,29.81,123.97960729687055
29.8,29.82,123.3677430871403
29.81,29.83,122.89072680126516
29.82,29.84,122.78127042347171
29.83,29.85,122.7689342791895
29.84,29.86,122.78900819911748
29.85,29.87,123.01020069544828
29.86,29.88,123.33841554070358
29.87,29.89,123.59945539241781
29.88,29.9,123.69413183682643
29.89,29.91,123.74715505242976
29.9,29.92,125.43927042789103
29.91,29.93,127.31087581138489
29.92,29.94,128.29712698454918
29.93,29.95,127.22932560431275
29.94,29.96,125.7265018291709
29.95,29.97,124.86742130659235
29.96,29.98,123.93437635317228
29.97,29.99,122.88875009211303
29.98,30.0,121.93719594191134
29.99,30.01,121.41077609214463
30.0,30.02,121.44038114841061
30.01,30.03,121.84013248917942
30.02,30.04,122.34997243510011
30.03,30.05,122.12095235364514
30.04,30.06,121.95447349499726
30.05,30.07,0.0
30.06,30.08,0.0
30.07,30.09,0.0
30.08,30.1,0.0
30.09,30.11,0.0
30.1,30.12,0.0
30.11,30.13,0.0
30.12,30.14,0.0
30.13,30.15,0.0
30.14,30.16,0.0
30.15,30.17,0.0
30.16,30.18,0.0
30.17,30.19,0.0
30.18,30.2,0.0
30.19,30.21,0.0
30.2,30.22,0.0
30.21,30.23,80.27372048953973
30.22,30.24,78.80814421078031
30.23,30.25,73.6227784122611
30.24,30.26,70.19479922150302
30.25,30.27,67.27203794656438
30.26,30.28,66.98486227475766
30.27,30.29,67.16545177986148
30.28,30.3,67.83169776633288
30.29,30.31,88.8224089622776
30.3,30.32,116.04085959775946
30.31,30.33,149.66825487993518
30.32,30.34,152.17003972131792
30.33,30.35,156.07845677554903
30.34,30.36,160.48418362056375
30.35,30.37,159.96169642977713
30.36,30.38,157.91916460076467
30.37,30.39,156.53815168233515
30.38,30.4,155.95885565914548
30.39,30.41,154.48678427728825
30.4,30.42,151.44050498042085
30.41,30.43,147.62236658235003
30.42,30.44,141.17863494683766
30.43,30.45,138.723241237781
30.44,30.46,136.7931574987075
30.45,30.47,137.95172731894874
30.46,30.48,136.43973545944058
30.47,30.49,135.11363997915305
30.48,30.5,133.53644382723323
30.49,30.51,131.44051455194915
30.5,30.52,131.56743080522622
30.51,30.53,132.76020425439003
30.52,30.54,134.28714084706098
30.53,30.55,132.96586656230005
30.54,30.56,133.54249062937757
30.55,30.57,134.91940036918882
30.56,30.58,137.20540845196126
30.57,30.59,136.57010963652954
30.58,30.6,135.20947925179064
30.59,30.61,133.8124035488418
30.6,30.62,132.83146935071514
30.61,30.63,132.24231054951633
30.62,30.64,131.66372831548946
30.63,30.65,131.01330632656638
30.64,30.66,130.28959492179533
30.65,30.67,129.62973619471597
30.66,30.68,128.861837853538
30.67,30.69,127.86787863977507
30.68,30.7,126.79394084736917
30.69,30.71,125.92988353174357
30.7,30.72,125.50574838242095
30.71,30.73,125.38036963152948
30.72,30.74,125.88086220054208
30.73,30.75,100.41464828490346
30.74,30.76,79.6830745819532
30.75,30.77,61.884993283795936
30.76,30.78,60.706829344679804
30.77,30.79,60.12274754750358
30.78,30.8,60.5555228936465
30.79,30.81,58.97508578742341
30.8,30.82,57.09896441584631
30.81,30.83,55.381563377789966
30.82,30.84,71.27846860154496
30.83,30.85,92.98478911872387
30.84,30.86,121.22365416595105
30.85,30.87,122.58350056269187
30.86,30.88,123.04616040254352
30.87,30.89,126.38157037256826
30.88,30.9,130.5409811244883
30.89,30.91,135.63334909701177
30.9,30.92,138.58897935263536
30.91,30.93,141.12689613097405
30.92,30.94,142.24249128226992
30.93,30.95,142.17338219105997
30.94,30.96,140.19577478001483
30.95,30.97,135.34365810960938
30.96,30.98,125.39045389462501
30.97,30.99,114.6606679012361
30.98,31.0,108.4659394073202
30.99,31.01,0.0
31.0,31.02,0.0
31.01,31.03,0.0
31.02,31.04,0.0
31.03,31.05,0.0
31.04,31.06,0.0
31.05,31.07,102.3887268474851
31.06,31.08,102.85735943904488
31.07,31.09,103.91519510153726
31.08,31.1,102.77149812222947
31.09,31.11,102.26054842550573
31.1,31.12,0.0
31.11,31.13,0.0
31.12,31.14,0.0
31.13,31.15,0.0
31.14,31.16,0.0
31.15,31.17,0.0
31.16,31.18,0.0
31.17,31.19,0.0
31.18,31.2,0.0
31.19,31.21,0.0
31.2,31.22,0.0
31.21,31.23,0.0
31.22,31.24,0.0
31.23,31.25,0.0
31.24,31.26,0.0
31.25,31.27,0.0
31.26,31.28,0.0
31.27,31.29,0.0
31.28,31.3,0.0
31.29,31.31,0.0
31.3,31.32,0.0
31.31,31.33,0.0
31.32,31.34,0.0
31.33,31.35,0.0
31.34,31.36,0.0
31.35,31.37,0.0
31.36,31.38,0.0
31.37,31.39,0.0
31.38,31.4,0.0
31.39,31.41,0.0
31.4,31.42,0.0
31.41,31.43,0.0
31.42,31.44,0.0
31.43,31.45,0.0
31.44,31.46,0.0
31.45,31.47,0.0
31.46,31.48,0.0
31.47,31.49,0.0
31.48,31.5,0.0
31.49,31.51,0.0
31.5,31.52,0.0
31.51,31.53,0.0
31.52,31.54,0.0
31.53,31.55,0.0
31.54,31.56,0.0
31.55,31.57,0.0
31.56,31.58,0.0
31.57,31.59,0.0
31.58,31.6,0.0
31.59,31.61,0.0
31.6,31.62,0.0
31.61,31.63,182.18526174577224
31.62,31.64,186.58162020740116
31.63,31.65,191.39910113786942
31.64,31.66,195.65067074951855
31.65,31.67,197.50384276087055
31.66,31.68,200.1525674629474
31.67,31.69,202.8217081471551
31.68,31.7,202.95555673331978
31.69,31.71,201.16972656826275
31.7,31.72,197.95861784482972
31.71,31.73,192.50403027939043
31.72,31.74,183.4771087805413
31.73,31.75,174.05097574076032
31.74,31.76,162.30337681456814
31.75,31.77,153.38262939248864
31.76,31.78,145.98089840210693
31.77,31.79,141.47961496029714
31.78,31.8,137.70175595218456
31.79,31.81,135.33314613123397
31.8,31.82,0.0
31.81,31.83,0.0
31.82,31.84,0.0
31.83,31.85,0.0
31.84,31.86,0.0
31.85,31.87,0.0
31.86,31.88,0.0
31.87,31.89,0.0
31.88,31.9,0.0
31.89,31.91,0.0
31.9,31.92,0.0
31.91,31.93,0.0
31.92,31.94,0.0
31.93,31.95,0.0
31.94,31.96,0.0
31.95,31.97,0.0
31.96,31.98,525.789167650434
31.97,31.99,525.789167650434
31.98,32.0,0.0
31.99,32.01,0.0
32.0,32.02,0.0
32.01,32.03,0.0
32.02,32.04,0.0
32.03,32.05,0.0
32.04,32.06,0.0
32.05,32.07,0.0
32.06,32.08,0.0
32.07,32.09,0.0
32.08,32.1,0.0
32.09,32.11,0.0
32.1,32.12,0.0
32.11,32.13,0.0
32.12,32.14,0.0
32.13,32.15,0.0
32.14,32.16,0.0
32.15,32.17,0.0
32.16,32.18,0.0
32.17,32.19,0.0
32.18,32.2,0.0
32.19,32.21,0.0
32.2,32.22,0.0
32.21,32.23,0.0
32.22,32.24,0.0
32.23,32.25,98.80043532326725
32.24,32.26,93.12869064621391
32.25,32.27,78.50305109480642
32.26,32.28,65.68746923581708
32.27,32.29,62.4428666018349
32.28,32.3,66.37209091219243
32.29,32.31,71.44325656013008
32.3,32.32,0.0
32.31,32.33,0.0
32.32,32.34,55.6393781649668
32.33,32.35,57.46782945955432
32.34,32.36,61.288718401960395
32.35,32.37,69.6510201637886
32.36,32.38,76.59477471889892
32.37,32.39,81.86488398105263
32.38,32.4,0.0
32.39,32.41,0.0
32.4,32.42,0.0
32.41,32.43,0.0
32.42,32.44,0.0
32.43,32.45,0.0
32.44,32.46,0.0
32.45,32.47,0.0
32.46,32.48,0.0
32.47,32.49,0.0
32.48,32.5,0.0
32.49,32.51,0.0
32.5,32.52,0.0
32.51,32.53,0.0
32.52,32.54,0.0
32.53,32.55,0.0
32.54,32.56,0.0
32.55,32.57,0.0
32.56,32.58,0.0
32.57,32.59,0.0
32.58,32.6,0.0
32.59,32.61,0.0
32.6,32.62,0.0
32.61,32.63,0.0
32.62,32.64,0.0
32.63,32.65,0.0
32.64,32.66,0.0
32.65,32.67,0.0
32.66,32.68,0.0
32.67,32.69,0.0
32.68,32.7,0.0
32.69,32.71,0.0
32.7,32.72,0.0
32.71,32.73,0.0
32.72,32.74,0.0
32.73,32.75,0.0
32.74,32.76,0.0
32.75,32.77,0.0
32.76,32.78,0.0
32.77,32.79,0.0
32.78,32.8,0.0
32.79,32.81,0.0
32.8,32.82,0.0
32.81,32.83,0.0
32.82,32.84,0.0
32.83,32.85,0.0
32.84,32.86,0.0
32.85,32.87,0.0
32.86,32.88,0.0
32.87,32.89,0.0
32.88,32.9,0.0
32.89,32.91,0.0
32.9,32.92,85.27070619954308
32.91,32.93,85.25519727321516
32.92,32.94,110.61314269702677
32.93,32.95,144.0073866861923
32.94,32.96,187.9010804223453
32.95,32.97,189.52092447332745
32.96,32.98,191.41069932305817
32.97,32.99,193.28962986753595
32.98,33.0,194.67908985077995
32.99,33.01,196.21251930913175
33.0,33.02,198.63709841479812
33.01,33.03,201.85276352680305
33.02,33.04,204.96371090297507
33.03,33.05,207.85876183379872
33.04,33.06,210.76316887766697
33.05,33.07,214.2634068510389
33.06,33.08,217.43603648706028
33.07,33.09,220.0431963757868
33.08,33.1,221.44192186921651
33.09,33.11,222.21885818911832
33.1,33.12,222.80819684126968
33.11,33.13,223.3076571299896
33.12,33.14,223.5241649479983
33.13,33.15,223.0251049726996
33.14,33.16,220.82802202854538
33.15,33.17,216.20029378177313
33.16,33.18,208.2848702057317
33.17,33.19,199.04811819787787
33.18,33.2,193.93069821696398
33.19,33.21,0.0
33.2,33.22,0.0
33.21,33.23,0.0
33.22,33.24,0.0
33.23,33.25,0.0
33.24,33.26,0.0
33.25,33.27,0.0
33.26,33.28,242.26256470000092
33.27,33.29,241.90117499451142
33.28,33.3,241.27271116777717
33.29,33.31,241.3668286837704
33.3,33.32,241.75138989083757
33.31,33.33,242.57841510285698
33.32,33.34,243.48642672805434
33.33,33.35,243.91010249415348
33.34,33.36,243.3848326475316
33.35,33.37,242.43467431396462
33.36,33.38,241.68113849479673
33.37,33.39,241.51217140865035
33.38,33.4,241.88886258084986
33.39,33.41,242.63299479007557
33.4,33.42,243.4412030074687
33.41,33.43,244.04718949616222
33.42,33.44,244.43585964592305
33.43,33.45,244.74521367555107
33.44,33.46,245.0273144313228
33.45,33.47,244.94213194917174
33.46,33.48,244.2236881229886
33.47,33.49,233.91728317685207
33.48,33.5,221.51614959027847
33.49,33.51,208.6950668845296
33.5,33.52,203.56448634149422
33.51,33.53,199.95878573602747
33.52,33.54,196.6566943185502
33.53,33.55,195.015518532609
33.54,33.56,0.0
33.55,33.57,0.0
33.56,33.58,0.0
33.57,33.59,0.0
33.58,33.6,0.0
33.59,33.61,0.0
33.6,33.62,0.0
33.61,33.63,0.0
33.62,33.64,0.0
33.63,33.65,0.0
33.64,33.66,0.0
33.65,33.67,0.0
33.66,33.68,0.0
33.67,33.69,0.0
33.68,33.7,228.96015462807264
33.69,33.71,228.328179206618
33.7,33.72,227.15397940432695
33.71,33.73,226.28663030444216
33.72,33.74,225.33176332014756
33.73,33.75,209.82479288476435
33.74,33.76,197.2543749237634
33.75,33.77,191.85034513975526
33.76,33.78,201.21454601063635
33.77,33.79,209.93763407942927
33.78,33.8,212.43812604407685
33.79,33.81,213.75694959181675
33.8,33.82,214.9763109627845
33.81,33.83,216.2131089916716
33.82,33.84,217.04863776414933
33.83,33.85,217.0723606088913
33.84,33.86,216.37205211170792
33.85,33.87,215.32613167805417
33.86,33.88,214.24268179018227
33.87,33.89,213.15444427367714
33.88,33.9,211.9541499739248
33.89,33.91,210.68335238456328
33.9,33.92,209.66733289324344
33.91,33.93,209.12229064337808
33.92,33.94,208.9173388477033
33.93,33.95,208.77932846585063
33.94,33.96,208.5073025531007
33.95,33.97,208.41644580025115
33.96,33.98,208.24329380730742
33.97,33.99,207.47557994591224
33.98,34.0,206.26308259915987
33.99,34.01,205.19733584481986
34.0,34.02,204.72209672802236
34.01,34.03,204.15014054878708
34.02,34.04,203.17928172617547
34.03,34.05,202.1689781122224
34.04,34.06,201.46120929881076
34.05,34.07,200.9376764404163
34.06,34.08,200.24644007562313
34.07,34.09,199.2543201007184
34.08,34.1,198.12164664929114
34.09,34.11,197.1375779489561
34.1,34.12,196.50673465617203
34.11,34.13,196.2044778464343
34.12,34.14,196.075427211206
34.13,34.15,195.87834168040624
34.14,34.16,195.44066171829382
34.15,34.17,194.88025040985485
34.16,34.18,194.32341567029047
34.17,34.19,193.81753479524374
34.18,34.2,193.23520685805283
34.19,34.21,192.65038352229814
34.2,34.22,192.24617803705647
34.21,34.23,192.0063973100583
34.22,34.24,191.70320571610532
34.23,34.25,191.2129937277218
34.24,34.26,190.6431539377621
34.25,34.27,190.1488649792804
34.26,34.28,189.81736040553199
34.27,34.29,189.72110272289072
34.28,34.3,189.91036107069405
34.29,34.31,190.3345238242327
34.3,34.32,190.84174212836163
34.31,34.33,191.2936110185601
34.32,34.34,191.57057279803948
34.33,34.35,191.56048446162205
34.34,34.36,191.22580256839086
34.35,34.37,190.65281587802957
34.36,34.38,189.96606613686964
34.37,34.39,189.17258996286736
34.38,34.4,188.15140495700322
34.39,34.41,186.8235591362728
34.4,34.42,185.10057522018158
34.41,34.43,182.37789275716037
34.42,34.44,178.62613871298495
34.43,34.45,173.10098755527287
34.44,34.46,170.32251059996813
34.45,34.47,0.0
34.46,34.48,0.0
34.47,34.49,0.0
34.48,34.5,0.0
34.49,34.51,0.0
34.5,34.52,0.0
34.51,34.53,103.42768058119832
34.52,34.54,98.70988000771193
34.53,34.55,93.3809309403542
34.54,34.56,123.4612490862996
34.55,34.57,163.4157115079069
34.56,34.58,208.44216462388738
34.57,34.59,210.40087142690206
34.58,34.6,212.0695848920118
34.59,34.61,213.4462188614313
34.6,34.62,214.61826241556693
34.61,34.63,215.2896961133293
34.62,34.64,215.04709200980133
34.63,34.65,213.2747153356295
34.64,34.66,206.48103546251676
34.65,34.67,202.82832250254475
34.66,34.68,0.0
34.67,34.69,0.0
34.68,34.7,0.0
34.69,34.71,0.0
34.7,34.72,0.0
34.71,34.73,0.0
34.72,34.74,0.0
34.73,34.75,0.0
34.74,34.76,171.82727122337593
34.75,34.77,170.31918924434024
34.76,34.78,168.31046920272738
34.77,34.79,167.37340916916094
34.78,34.8,168.4906017644092
34.79,34.81,170.46786924339733
34.8,34.82,172.08793607191075
34.81,34.83,172.8559841166485
34.82,34.84,172.90485798989246
34.83,34.85,172.55086376250557
34.84,34.86,171.88831460102952
34.85,34.87,170.77741533650098
34.86,34.88,169.07730454050062
34.87,34.89,166.84270108963347
34.88,34.9,165.60390479947228
34.89,34.91,0.0
34.9,34.92,0.0
34.91,34.93,0.0
34.92,34.94,0.0
34.93,34.95,0.0
34.94,34.96,0.0
34.95,34.97,0.0
34.96,34.98,0.0
34.97,34.99,0.0
34.98,35.0,158.51726803708056
34.99,35.01,159.39129393308463
35.0,35.02,161.77682051286354
35.01,35.03,163.90741784732748
35.02,35.04,165.2046562137645
35.03,35.05,162.79679402738228
35.04,35.06,161.12977388838613
35.05,35.07,0.0
35.06,35.08,0.0
35.07,35.09,0.0
35.08,35.1,0.0
35.09,35.11,0.0
35.1,35.12,0.0
35.11,35.13,0.0
35.12,35.14,0.0
35.13,35.15,0.0
35.14,35.16,158.10303338531202
35.15,35.17,156.9947552439569
35.16,35.18,154.20002146091102
35.17,35.19,151.71747238261247
35.18,35.2,149.16913137298073
35.19,35.21,147.03374675626296
35.2,35.22,144.93843138729005
35.21,35.23,142.95790610287153
35.22,35.24,140.44023142891447
35.23,35.25,134.04779719992467
35.24,35.26,130.61707001921138
35.25,35.27,0.0
35.26,35.28,0.0
35.27,35.29,0.0
35.28,35.3,0.0
35.29,35.31,0.0
35.3,35.32,0.0
35.31,35.33,125.1295052540579
35.32,35.34,125.58229208576475
35.33,35.35,126.27139755303384
35.34,35.36,126.2110075250195
35.35,35.37,125.60443123684382
35.36,35.38,124.9354819240029
35.37,35.39,124.39685813201497
35.38,35.4,124.30357477714931
35.39,35.41,124.56289706277876
35.4,35.42,125.2335904441208
35.41,35.43,125.98508657875252
35.42,35.44,126.32036221286292
35.43,35.45,125.40804113222046
35.44,35.46,124.79146455912057
35.45,35.47,0.0
35.46,35.48,0.0
35.47,35.49,0.0
35.48,35.5,0.0
35.49,35.51,0.0
35.5,35.52,0.0
35.51,35.53,0.0
35.52,35.54,0.0
35.53,35.55,0.0
35.54,35.56,0.0
35.55,35.57,0.0
35.56,35.58,0.0
35.57,35.59,0.0
35.58,35.6,0.0
35.59,35.61,0.0
35.6,35.62,0.0
35.61,35.63,0.0
35.62,35.64,0.0
35.63,35.65,0.0
35.64,35.66,0.0
35.65,35.67,0.0
35.66,35.68,0.0
35.67,35.69,0.0
35.68,35.7,0.0
35.69,35.71,0.0
35.7,35.72,0.0
35.71,35.73,0.0
35.72,35.74,0.0
35.73,35.75,0.0
35.74,35.76,0.0
35.75,35.77,0.0
35.76,35.78,0.0
35.77,35.79,0.0
35.78,35.8,0.0
35.79,35.81,0.0
35.8,35.82,0.0
35.81,35.83,0.0
35.82,35.84,0.0
35.83,35.85,0.0
35.84,35.86,0.0
35.85,35.87,0.0
35.86,35.88,0.0
35.87,35.89,0.0
35.88,35.9,0.0
35.89,35.91,0.0
35.9,35.92,0.0
35.91,35.93,0.0
35.92,35.94,0.0
35.93,35.95,0.0
35.94,35.96,0.0
35.95,35.97,0.0
35.96,35.98,0.0
35.97,35.99,0.0
35.98,36.0,0.0
35.99,36.01,0.0
36.0,36.02,0.0
36.01,36.03,0.0
36.02,36.04,0.0
36.03,36.05,0.0
36.04,36.06,0.0
36.05,36.07,0.0
36.06,36.08,0.0
36.07,36.09,0.0
36.08,36.1,0.0
36.09,36.11,0.0
36.1,36.12,0.0
36.11,36.13,0.0
36.12,36.14,0.0
36.13,36.15,0.0
36.14,36.16,0.0
36.15,36.17,0.0
36.16,36.18,0.0
36.17,36.19,0.0
36.18,36.2,0.0
36.19,36.21,0.0
36.2,36.22,0.0
36.21,36.23,0.0
36.22,36.24,0.0
36.23,36.25,0.0
36.24,36.26,0.0
36.25,36.27,0.0
36.26,36.28,0.0
36.27,36.29,0.0
36.28,36.3,0.0
36.29,36.31,0.0
36.3,36.32,0.0
36.31,36.33,0.0
36.32,36.34,0.0
36.33,36.35,0.0
36.34,36.36,0.0
36.35,36.37,0.0
36.36,36.38,0.0
36.37,36.39,0.0
36.38,36.4,0.0
36.39,36.41,0.0
36.4,36.42,0.0
36.41,36.43,0.0
36.42,36.44,0.0
36.43,36.45,0.0
36.44,36.46,0.0
36.45,36.47,0.0
36.46,36.48,0.0
36.47,36.49,0.0
36.48,36.5,0.0
36.49,36.51,0.0
36.5,36.52,0.0
36.51,36.53,0.0
36.52,36.54,0.0
36.53,36.55,0.0
36.54,36.56,0.0
36.55,36.57,0.0
36.56,36.58,0.0
36.57,36.59,0.0
36.58,36.6,0.0
36.59,36.61,0.0
36.6,36.62,0.0
36.61,36.63,0.0
36.62,36.64,0.0
36.63,36.65,0.0
36.64,36.66,0.0
36.65,36.67,0.0
36.66,36.68,0.0
36.67,36.69,0.0
36.68,36.7,0.0
36.69,36.71,0.0
36.7,36.72,0.0
36.71,36.73,0.0
36.72,36.74,0.0
36.73,36.75,0.0
36.74,36.76,0.0
36.75,36.77,0.0
36.76,36.78,0.0
36.77,36.79,0.0
36.78,36.8,0.0
36.79,36.81,0.0
36.8,36.82,0.0
36.81,36.83,0.0
36.82,36.84,0.0
36.83,36.85,0.0
36.84,36.86,0.0
36.85,36.87,0.0
36.86,36.88,0.0
36.87,36.89,0.0
36.88,36.9,0.0
36.89,36.91,0.0
36.9,36.92,0.0
36.91,36.93,0.0
36.92,36.94,0.0
36.93,36.95,0.0
36.94,36.96,0.0
36.95,36.97,0.0
36.96,36.98,0.0
36.97,36.99,193.81497240225121
36.98,37.0,193.472088497376
36.99,37.01,193.07619896927997
37.0,37.02,193.4891415347276
37.01,37.03,193.9547576942325
37.02,37.04,192.8584991649839
37.03,37.05,189.056120898039
37.04,37.06,186.37017554071056
37.05,37.07,188.6498125851082
37.06,37.08,194.2930170546568
37.07,37.09,199.1800909076559
37.08,37.1,199.99963355505062
37.09,37.11,198.89190859717232
37.1,37.12,195.526981995113
37.11,37.13,188.6549255365454
37.12,37.14,178.60165879675407
37.13,37.15,168.19680050555863
37.14,37.16,162.8626316306642
37.15,37.17,0.0
37.16,37.18,0.0
37.17,37.19,0.0
37.18,37.2,0.0
37.19,37.21,0.0
37.2,37.22,0.0
37.21,37.23,0.0
37.22,37.24,0.0
37.23,37.25,0.0
37.24,37.26,171.32490507838403
37.25,37.27,170.90565020333472
37.26,37.28,170.79231748418493
37.27,37.29,170.56352851075766
37.28,37.3,170.44841332209995
37.29,37.31,168.53311657490002
37.3,37.32,165.3077063160931
37.31,37.33,162.2084542757576
37.32,37.34,160.51136160048688
37.33,37.35,160.3237028587706
37.34,37.36,160.83741358622856
37.35,37.37,161.64875661706552
37.36,37.38,162.0967635301696
37.37,37.39,161.81054590356968
37.38,37.4,161.00967235854745
37.39,37.41,159.87577007593907
37.4,37.42,158.47139599194003
37.41,37.43,156.445601220562
37.42,37.44,153.3074659869054
37.43,37.45,146.25018491756552
37.44,37.46,142.5553195052185
37.45,37.47,0.0
37.46,37.48,0.0
37.47,37.49,0.0
37.48,37.5,0.0
37.49,37.51,0.0
37.5,37.52,0.0
37.51,37.53,150.01020567213948
37.52,37.54,149.04134311778432
37.53,37.55,147.2229606829433
37.54,37.56,145.97417581232332
37.55,37.57,144.49796262626697
37.56,37.58,142.74265461643049
37.57,37.59,140.9146034175135
37.58,37.6,139.45573610590503
37.59,37.61,138.6244073401425
37.6,37.62,138.42966542199562
37.61,37.63,139.00129759602413
37.62,37.64,140.11796520652052
37.63,37.65,141.23963552149903
37.64,37.66,142.09965691309588
37.65,37.67,142.53674085456976
37.66,37.68,142.45949974121322
37.67,37.69,141.5720304772902
37.68,37.7,139.94004120869877
37.69,37.71,136.17900028675325
37.7,37.72,134.32549441164554
37.71,37.73,0.0
37.72,37.74,0.0
37.73,37.75,0.0
37.74,37.76,0.0
37.75,37.77,0.0
37.76,37.78,0.0
37.77,37.79,0.0
37.78,37.8,0.0
37.79,37.81,0.0
37.8,37.82,0.0
37.81,37.83,159.30914914670478
37.82,37.84,159.95258537886943
37.83,37.85,160.7644772817487
37.84,37.86,159.732949482263
37.85,37.87,156.78089085270318
37.86,37.88,153.42878638605336
37.87,37.89,151.21516346179203
37.88,37.9,150.98267168176386
37.89,37.91,151.43863631439524
37.9,37.92,151.7023125123532
37.91,37.93,152.2800914007099
37.92,37.94,152.59286927273376
37.93,37.95,151.88670715380937
37.94,37.96,150.5943977298956
37.95,37.97,149.52738659203942
37.96,37.98,148.22376114508242
37.97,37.99,145.9697853885116
37.98,38.0,141.80879375659802
37.99,38.01,139.56604876104288
38.0,38.02,0.0
38.01,38.03,0.0
38.02,38.04,0.0
38.03,38.05,0.0
38.04,38.06,0.0
38.05,38.07,0.0
38.06,38.08,0.0
38.07,38.09,63.395070635428134
38.08,38.1,63.40459459515175
38.09,38.11,63.178463817078814
38.1,38.12,0.0
38.11,38.13,0.0
38.12,38.14,0.0
38.13,38.15,0.0
38.14,38.16,0.0
38.15,38.17,0.0
38.16,38.18,0.0
38.17,38.19,0.0
38.18,38.2,0.0
38.19,38.21,0.0
38.2,38.22,0.0
38.21,38.23,0.0
38.22,38.24,0.0
38.23,38.25,0.0
38.24,38.26,0.0
38.25,38.27,0.0
38.26,38.28,0.0
38.27,38.29,0.0
38.28,38.3,0.0
38.29,38.31,0.0
38.3,38.32,0.0
38.31,38.33,0.0
38.32,38.34,0.0
38.33,38.35,0.0
38.34,38.36,0.0
38.35,38.37,0.0
38.36,38.38,0.0
38.37,38.39,0.0
38.38,38.4,0.0
38.39,38.41,0.0
38.4,38.42,0.0
38.41,38.43,0.0
38.42,38.44,0.0
38.43,38.45,0.0
38.44,38.46,0.0
38.45,38.47,0.0
38.46,38.48,0.0
38.47,38.49,0.0
38.48,38.5,0.0
38.49,38.51,0.0
38.5,38.52,0.0
38.51,38.53,0.0
38.52,38.54,0.0
38.53,38.55,0.0
38.54,38.56,0.0
38.55,38.57,0.0
38.56,38.58,0.0
38.57,38.59,0.0
38.58,38.6,0.0
38.59,38.61,0.0
38.6,38.62,0.0
38.61,38.63,0.0
38.62,38.64,0.0
38.63,38.65,0.0
38.64,38.66,0.0
38.65,38.67,0.0
38.66,38.68,0.0
38.67,38.69,0.0
38.68,38.7,0.0
38.69,38.71,0.0
38.7,38.72,0.0
38.71,38.73,0.0
38.72,38.74,0.0
38.73,38.75,0.0
38.74,38.76,0.0
38.75,38.77,0.0
38.76,38.78,0.0
38.77,38.79,0.0
38.78,38.8,0.0
38.79,38.81,0.0
38.8,38.82,0.0
38.81,38.83,0.0
38.82,38.84,0.0
38.83,38.85,0.0
38.84,38.86,0.0
38.85,38.87,0.0
38.86,38.88,0.0
38.87,38.89,0.0
38.88,38.9,0.0
38.89,38.91,0.0
38.9,38.92,0.0
38.91,38.93,0.0
38.92,38.94,0.0
38.93,38.95,0.0
38.94,38.96,0.0
38.95,38.97,0.0
38.96,38.98,0.0
38.97,38.99,0.0
38.98,39.0,155.91118173093795
38.99,39.01,158.78516930191964
39.0,39.02,162.62989757099828
39.01,39.03,167.81433597839762
39.02,39.04,171.0096940857222
39.03,39.05,173.98868510761818
39.04,39.06,174.1241079661867
39.05,39.07,174.06886756917018
39.06,39.08,174.02714200327722
39.07,39.09,173.91252490394595
39.08,39.1,173.69078864809148
39.09,39.11,173.32934182904643
39.1,39.12,172.7240593999523
39.11,39.13,171.95377476177424
39.12,39.14,171.32484845237158
39.13,39.15,171.09004933231844
39.14,39.16,171.0576313226327
39.15,39.17,170.94208849274042
39.16,39.18,170.61605872232604
39.17,39.19,170.196138346255
39.18,39.2,169.81575038574985
39.19,39.21,169.57302412897153
39.2,39.22,169.5182377043277
39.21,39.23,169.44046877972843
39.22,39.24,169.04370347969552
39.23,39.25,168.43057946521714
39.24,39.26,167.86733259073796
39.25,39.27,167.53527989466997
39.26,39.28,167.17732259270278
39.27,39.29,166.7202699396193
39.28,39.3,166.36101144354876
39.29,39.31,166.48783768321513
39.3,39.32,167.29339872813011
39.31,39.33,168.835689585068
39.32,39.34,170.7300268717773
39.33,39.35,172.88198116393093
39.34,39.36,174.83818644618154
39.35,39.37,176.3962121650874
39.36,39.38,177.20593887512638
39.37,39.39,177.3603570925517
39.38,39.4,177.0376501516513
39.39,39.41,176.73243048466514
39.4,39.42,177.05891158351213
39.41,39.43,178.31252252780115
39.42,39.44,180.27602521159815
39.43,39.45,182.25773555820464
39.44,39.46,183.79612302863248
39.45,39.47,184.6913727237935
39.46,39.48,184.92703024604825
39.47,39.49,184.66451536760732
39.48,39.5,184.05606506951435
39.49,39.51,183.17697178083222
39.5,39.52,181.99022762832323
39.51,39.53,180.31030943811024
39.52,39.54,178.0560624255659
39.53,39.55,175.09649334534382
39.54,39.56,171.48201990990816
39.55,39.57,167.6100507744605
39.56,39.58,163.23875641521605
39.57,39.59,159.16520390224855
39.58,39.6,155.31601522404904
39.59,39.61,152.91585846955238
39.6,39.62,151.65385120573245
39.61,39.63,151.49866204874047
39.62,39.64,151.6283901593106
39.63,39.65,151.5802530672031
39.64,39.66,151.06529962248152
39.65,39.67,150.19750777330287
39.66,39.68,149.54496522047899
39.67,39.69,148.99601356775787
39.68,39.7,147.94083278033935
39.69,39.71,145.76352011585973
39.7,39.72,143.0944298535453
39.71,39.73,141.67511990737034
39.72,39.74,0.0
39.73,39.75,0.0
39.74,39.76,0.0
39.75,39.77,0.0
39.76,39.78,0.0
39.77,39.79,161.68583981686734
39.78,39.8,161.71920771656815
39.79,39.81,161.62893608980403
39.8,39.82,161.4054512598492
39.81,39.83,160.77717719338523
39.82,39.84,159.56165230675552
39.83,39.85,157.1719891599734
39.84,39.86,152.6898524624068
39.85,39.87,145.45089470597043
39.86,39.88,141.4593062936938
39.87,39.89,0.0
39.88,39.9,0.0
39.89,39.91,0.0
39.9,39.92,0.0
39.91,39.93,0.0
39.92,39.94,0.0
39.93,39.95,0.0
39.94,39.96,0.0
39.95,39.97,161.5008291235295
39.96,39.98,162.55464404254596
39.97,39.99,164.75849664507797
39.98,40.0,165.3806084478553
39.99,40.01,160.41363430797873
40.0,40.02,155.53780282831067
40.01,40.03,156.50283536126605
40.02,40.04,166.69843177618847
40.03,40.05,178.92548190904463
40.04,40.06,185.91662226962492
40.05,40.07,188.78870129957286
40.06,40.08,189.68833105959666
40.07,40.09,188.9263185029356
40.08,40.1,186.32106726757294
40.09,40.11,181.34119435383238
40.1,40.12,174.38620139291774
40.11,40.13,170.5115404721078
40.12,40.14,0.0
40.13,40.15,0.0
40.14,40.16,0.0
40.15,40.17,0.0
40.16,40.18,0.0
40.17,40.19,0.0
40.18,40.2,0.0
40.19,40.21,0.0
40.2,40.22,0.0
40.21,40.23,0.0
40.22,40.24,0.0
40.23,40.25,0.0
40.24,40.26,0.0
40.25,40.27,150.4798776576114
40.26,40.28,151.14509194645174
40.27,40.29,153.2797683819716
40.28,40.3,156.11006548316976
40.29,40.31,159.11996829636857
40.3,40.32,161.37268146366003
40.31,40.33,163.1603989198832
40.32,40.34,164.8695147552295
40.33,40.35,166.56269160958948
40.34,40.36,168.0239422871489
40.35,40.37,168.8548870083259
40.36,40.38,169.07842220716753
40.37,40.39,169.0957283555552
40.38,40.4,168.9706572583406
40.39,40.41,168.68977126940274
40.4,40.42,168.1654309414891
40.41,40.43,167.49707654907115
40.42,40.44,166.55760855036436
40.43,40.45,164.7028160231753
40.44,40.46,162.29450787565855
40.45,40.47,165.19923238817503
40.46,40.48,170.1667205993524
40.47,40.49,176.55505991976185
40.48,40.5,178.1585707687492
40.49,40.51,179.1274935117364
40.5,40.52,179.88882439077491
40.51,40.53,180.1860353145765
40.52,40.54,179.61545289409298
40.53,40.55,178.06952014871862
40.54,40.56,176.05656013052055
40.55,40.57,174.07605933669814
40.56,40.58,172.20440517860933
40.57,40.59,169.49188750019187
40.58,40.6,159.63353287690475
40.59,40.61,151.33566176123395
40.6,40.62,147.69916873802384
40.61,40.63,152.6995592178974
40.62,40.64,158.00645905818914
40.63,40.65,160.65682517797913
40.64,40.66,162.1094793881423
40.65,40.67,163.54780593040817
40.66,40.68,165.01063777082328
40.67,40.69,166.2945290976539
40.68,40.7,167.1055063018877
40.69,40.71,167.15159408198247
40.7,40.72,166.34578119492937
40.71,40.73,164.2709333438464
40.72,40.74,161.34615755996467
40.73,40.75,159.5739407458359
40.74,40.76,0.0
40.75,40.77,0.0
40.76,40.78,0.0
40.77,40.79,0.0
40.78,40.8,0.0
40.79,40.81,0.0
40.8,40.82,0.0
40.81,40.83,0.0
40.82,40.84,0.0
40.83,40.85,168.99310960561417
40.84,40.86,168.68146396975334
40.85,40.87,168.06974638686705
40.86,40.88,167.35178045458503
40.87,40.89,165.82417759729674
40.88,40.9,163.37004183714416
40.89,40.91,160.4993899908097
40.9,40.92,157.709600942463
40.91,40.93,155.20891645896066
40.92,40.94,152.77551863644877
40.93,40.95,150.6010676216189
40.94,40.96,148.45195553028134
40.95,40.97,145.69690583799738
40.96,40.98,138.7817436193798
40.97,40.99,135.16972659488064
40.98,41.0,0.0
40.99,41.01,0.0
41.0,41.02,0.0
41.01,41.03,0.0
41.02,41.04,0.0
41.03,41.05,0.0
41.04,41.06,0.0
41.05,41.07,180.42667809691437
41.06,41.08,180.45975830115313
41.07,41.09,180.61458424331641
41.08,41.1,179.83405342533848
41.09,41.11,179.48912648786083
41.1,41.12,0.0
41.11,41.13,0.0
41.12,41.14,0.0
41.13,41.15,163.29919541082478
41.14,41.16,163.86625046924183
41.15,41.17,165.51640645585576
41.16,41.18,167.58065537729183
41.17,41.19,167.72834918098815
41.18,41.2,158.34504153920173
41.19,41.21,149.3969706268714
41.2,41.22,147.09714756333267
41.21,41.23,154.84073351609223
41.22,41.24,164.89761706271167
41.23,41.25,170.37629930648401
41.24,41.26,173.27595714664133
41.25,41.27,173.59509676281118
41.26,41.28,172.40124071926897
41.27,41.29,170.1511231943698
41.28,41.3,166.10031037488733
41.29,41.31,161.03807481469553
41.3,41.32,158.00384787820224
41.31,41.33,0.0
41.32,41.34,0.0
41.33,41.35,0.0
41.34,41.36,0.0
41.35,41.37,0.0
41.36,41.38,0.0
41.37,41.39,0.0
41.38,41.4,0.0
41.39,41.41,142.8793348555585
41.4,41.42,144.45875762157473
41.41,41.43,146.41793461898465
41.42,41.44,144.53302215038062
41.43,41.45,141.87688155003949
41.44,41.46,139.45638140487964
41.45,41.47,137.30289786237572
41.46,41.48,135.586988574146
41.47,41.49,134.79811645021928
41.48,41.5,134.6406681870701
41.49,41.51,134.60744471738204
41.5,41.52,134.16852427666836
41.51,41.53,133.2118197539047
41.52,41.54,131.9263410179309
41.53,41.55,131.09879851323706
41.54,41.56,131.01882026872545
41.55,41.57,131.40570643736436
41.56,41.58,131.87155660958908
41.57,41.59,132.3013593534592
41.58,41.6,132.77489013325766
41.59,41.61,132.7594436754272
41.6,41.62,131.6803239491588
41.61,41.63,129.65500292760927
41.62,41.64,128.43347348021507
41.63,41.65,0.0
41.64,41.66,125.85444520563922
41.65,41.67,127.14149607302119
41.66,41.68,129.39829439402357
41.67,41.69,129.25330490389337
41.68,41.7,128.43085578048567
41.69,41.71,127.17474029130655
41.7,41.72,125.36752373135133
41.71,41.73,123.18197490595239
41.72,41.74,121.06346682575509
41.73,41.75,119.65020077345518
41.74,41.76,120.61651398818076
41.75,41.77,123.19982245864684
41.76,41.78,126.98270787929003
41.77,41.79,130.27660486769986
41.78,41.8,133.1484771616644
41.79,41.81,135.10451526431717
41.8,41.82,135.71203240390602
41.81,41.83,134.86958394854307
41.82,41.84,132.89855579567146
41.83,41.85,130.17374929851
41.84,41.86,127.89299922526845
41.85,41.87,126.70388521096132
41.86,41.88,0.0
41.87,41.89,0.0
41.88,41.9,0.0
41.89,41.91,0.0
41.9,41.92,0.0
41.91,41.93,0.0
41.92,41.94,0.0
41.93,41.95,0.0
41.94,41.96,0.0
41.95,41.97,0.0
41.96,41.98,0.0
41.97,41.99,0.0
41.98,42.0,0.0
41.99,42.01,143.85298525831953
42.0,42.02,143.38530761830708
42.01,42.03,142.38449663348555
42.02,42.04,141.53860922938605
42.03,42.05,140.49486064803506
42.04,42.06,139.27527722040722
42.05,42.07,137.81801474628554
42.06,42.08,136.3141412755248
42.07,42.09,135.17091796206535
42.08,42.1,134.44051716072974
42.09,42.11,133.72505336807265
42.1,42.12,132.79581007626
42.11,42.13,131.8853014340728
42.12,42.14,131.02846300803017
42.13,42.15,130.03046954060633
42.14,42.16,129.21107538392482
42.15,42.17,128.9826973345182
42.16,42.18,129.19732458110002
42.17,42.19,129.4103414179791
42.18,42.2,129.42353027447143
42.19,42.21,129.18959573504793
42.2,42.22,128.48391352782778
42.21,42.23,127.25991482913066
42.22,42.24,125.90641083545584
42.23,42.25,124.95699767279844
42.24,42.26,124.49779635631604
42.25,42.27,123.99875894301495
42.26,42.28,123.7615665726557
42.27,42.29,0.0
42.28,42.3,0.0
42.29,42.31,0.0
42.3,42.32,0.0
42.31,42.33,0.0
42.32,42.34,0.0
42.33,42.35,0.0
42.34,42.36,0.0
42.35,42.37,0.0
42.36,42.38,0.0
42.37,42.39,0.0
42.38,42.4,0.0
42.39,42.41,0.0
42.4,42.42,0.0
42.41,42.43,0.0
42.42,42.44,0.0
42.43,42.45,0.0
42.44,42.46,0.0
42.45,42.47,0.0
42.46,42.48,0.0
42.47,42.49,0.0
42.48,42.5,0.0
42.49,42.51,0.0
42.5,42.52,0.0
42.51,42.53,0.0
42.52,42.54,0.0
42.53,42.55,0.0
42.54,42.56,0.0
42.55,42.57,0.0
42.56,42.58,0.0
42.57,42.59,0.0
42.58,42.6,0.0
42.59,42.61,0.0
42.6,42.62,0.0
42.61,42.63,0.0
42.62,42.64,0.0
42.63,42.65,0.0
42.64,42.66,0.0
42.65,42.67,0.0
42.66,42.68,0.0
42.67,42.69,0.0
42.68,42.7,0.0
42.69,42.71,0.0
42.7,42.72,0.0
42.71,42.73,0.0
42.72,42.74,0.0
42.73,42.75,0.0
42.74,42.76,0.0
42.75,42.77,0.0
42.76,42.78,0.0
42.77,42.79,0.0
42.78,42.8,0.0
42.79,42.81,0.0
42.8,42.82,0.0
42.81,42.83,0.0
42.82,42.84,0.0
42.83,42.85,0.0
42.84,42.86,0.0
42.85,42.87,0.0
42.86,42.88,0.0
42.87,42.89,0.0
42.88,42.9,0.0
42.89,42.91,0.0
42.9,42.92,0.0
42.91,42.93,0.0
42.92,42.94,0.0
42.93,42.95,0.0
42.94,42.96,0.0
42.95,42.97,0.0
42.96,42.98,0.0
42.97,42.99,0.0
42.98,43.0,0.0
42.99,43.01,0.0
43.0,43.02,0.0
43.01,43.03,0.0
43.02,43.04,0.0
43.03,43.05,0.0
43.04,43.06,0.0
43.05,43.07,0.0
43.06,43.08,0.0
43.07,43.09,0.0
43.08,43.1,0.0
43.09,43.11,0.0
43.1,43.12,0.0
43.11,43.13,0.0
43.12,43.14,0.0
43.13,43.15,0.0
43.14,43.16,0.0
43.15,43.17,0.0
43.16,43.18,0.0
43.17,43.19,0.0
43.18,43.2,0.0
43.19,43.21,0.0
43.2,43.22,0.0
43.21,43.23,0.0
43.22,43.24,0.0
43.23,43.25,0.0
43.24,43.26,0.0
43.25,43.27,0.0
43.26,43.28,0.0
43.27,43.29,0.0
43.28,43.3,0.0
43.29,43.31,0.0
43.3,43.32,0.0
43.31,43.33,0.0
43.32,43.34,0.0
43.33,43.35,0.0
43.34,43.36,0.0
43.35,43.37,0.0
43.36,43.38,0.0
43.37,43.39,0.0
43.38,43.4,0.0
43.39,43.41,0.0
43.4,43.42,0.0
43.41,43.43,0.0
43.42,43.44,0.0
43.43,43.45,0.0
43.44,43.46,0.0
43.45,43.47,0.0
43.46,43.48,0.0
43.47,43.49,0.0
43.48,43.5,0.0
43.49,43.51,0.0
43.5,43.52,0.0
43.51,43.53,0.0
43.52,43.54,0.0
43.53,43.55,0.0
43.54,43.56,0.0
43.55,43.57,0.0
43.56,43.58,0.0
43.57,43.59,0.0
43.58,43.6,0.0
43.59,43.61,0.0
43.6,43.62,0.0
43.61,43.63,0.0
43.62,43.64,0.0
43.63,43.65,0.0
43.64,43.66,0.0
43.65,43.67,0.0
43.66,43.68,0.0
43.67,43.69,0.0
43.68,43.7,0.0
43.69,43.71,0.0
43.7,43.72,0.0
43.71,43.73,0.0
43.72,43.74,0.0
43.73,43.75,0.0
43.74,43.76,0.0
43.75,43.77,0.0
43.76,43.78,0.0
43.77,43.79,0.0
43.78,43.8,0.0
43.79,43.81,0.0
43.8,43.82,0.0
43.81,43.83,0.0
43.82,43.84,0.0
43.83,43.85,0.0
43.84,43.86,0.0
43.85,43.87,0.0
43.86,43.88,0.0
43.87,43.89,0.0
43.88,43.9,0.0
43.89,43.91,0.0
43.9,43.92,0.0
43.91,43.93,0.0
43.92,43.94,0.0
43.93,43.95,0.0
43.94,43.96,0.0
43.95,43.97,0.0
43.96,43.98,0.0
43.97,43.99,0.0
43.98,44.0,0.0
43.99,44.01,0.0
44.0,44.02,0.0
44.01,44.03,0.0
44.02,44.04,0.0
44.03,44.05,0.0
44.04,44.06,0.0
44.05,44.07,0.0
44.06,44.08,0.0
44.07,44.09,0.0
44.08,44.1,0.0
44.09,44.11,0.0
44.1,44.12,0.0
44.11,44.13,0.0
44.12,44.14,0.0
44.13,44.15,0.0
44.14,44.16,0.0
44.15,44.17,0.0
44.16,44.18,0.0
44.17,44.19,0.0
44.18,44.2,0.0
44.19,44.21,0.0
44.2,44.22,0.0
44.21,44.23,0.0
44.22,44.24,0.0
44.23,44.25,0.0
44.24,44.26,0.0
44.25,44.27,0.0
44.26,44.28,0.0
44.27,44.29,0.0
44.28,44.3,0.0
44.29,44.31,0.0
44.3,44.32,0.0
44.31,44.33,0.0
44.32,44.34,0.0
44.33,44.35,0.0
44.34,44.36,0.0
44.35,44.37,0.0
44.36,44.38,0.0
44.37,44.39,0.0
44.38,44.4,0.0
44.39,44.41,92.40201651876185
44.4,44.42,92.50680965847093
44.41,44.43,89.82721056823635
44.42,44.44,87.39762790451844
44.43,44.45,87.92533444995472
44.44,44.46,90.80376408877208
44.45,44.47,93.71087366474282
44.46,44.48,93.64330427353882
44.47,44.49,94.6538773859994
44.48,44.5,96.13909206365238
44.49,44.51,101.70780067445943
44.5,44.52,115.9115904246127
44.51,44.53,131.41543556436633
44.52,44.54,142.5278057472014
44.53,44.55,142.3073850569485
44.54,44.56,141.99671225034226
44.55,44.57,109.23617355840094
44.56,44.58,85.38756936699824
44.57,44.59,67.60584569292854
44.58,44.6,69.73916167337919
44.59,44.61,89.32473036231873
44.6,44.62,113.12281156994104
44.61,44.63,142.24644049216974
44.62,44.64,139.51508537104334
44.63,44.65,134.103264082404
44.64,44.66,130.60478115699556
44.65,44.67,0.0
44.66,44.68,0.0
44.67,44.69,0.0
44.68,44.7,0.0
44.69,44.71,0.0
44.7,44.72,0.0
44.71,44.73,0.0
44.72,44.74,0.0
44.73,44.75,0.0
44.74,44.76,0.0
44.75,44.77,0.0
44.76,44.78,0.0
44.77,44.79,158.6125119352559
44.78,44.8,160.0178192560039
44.79,44.81,162.81250652442404
44.8,44.82,165.6804239338884
44.81,44.83,167.6654581249026
44.82,44.84,168.6050262843377
44.83,44.85,168.91867086250855
44.84,44.86,164.34002864308925
44.85,44.87,161.9247510461092
44.86,44.88,159.94076117173557
44.87,44.89,162.54468688981223
44.88,44.9,162.9016623937219
44.89,44.91,162.31628770880963
44.9,44.92,161.01926938013122
44.91,44.93,159.3336178603985
44.92,44.94,157.55062758040847
44.93,44.95,155.93227672007788
44.94,44.96,154.52150946509994
44.95,44.97,153.2396326258449
44.96,44.98,152.12608825059021
44.97,44.99,151.06466717902828
44.98,45.0,150.05361196045948
44.99,45.01,149.0823830935722
45.0,45.02,148.1529375615661
45.01,45.03,147.40049781285637
45.02,45.04,146.85123129345388
45.03,45.05,146.5067480569194
45.04,45.06,146.1840407676584
45.05,45.07,145.73472886456196
45.06,45.08,145.1995079255166
45.07,45.09,144.69668200439406
45.08,45.1,144.3364357556333
45.09,45.11,144.06897460954966
45.1,45.12,143.8546493796498
45.11,45.13,143.60806241855877
45.12,45.14,143.2771694815917
45.13,45.15,142.78518501426214
45.14,45.16,142.0523225246709
45.15,45.17,140.97974564864265
45.16,45.18,139.68297357031724
45.17,45.19,138.22053160396663
45.18,45.2,136.66124542789333
45.19,45.21,135.17674092025985
45.2,45.22,134.18377987786715
45.21,45.23,133.91174577951026
45.22,45.24,133.76827183033697
45.23,45.25,133.68776969656503
45.24,45.26,133.53170662121724
45.25,45.27,133.31833899247866
45.26,45.28,132.79642455797634
45.27,45.29,132.1363307680317
45.28,45.3,131.81153786682984
45.29,45.31,131.82286554724146
45.3,45.32,132.04600122781466
45.31,45.33,132.32860471776732
45.32,45.34,133.01999178969726
45.33,45.35,134.24168416118036
45.34,45.36,135.656961254432
45.35,45.37,137.000569353731
45.36,45.38,137.58107816460475
45.37,45.39,137.71531948062926
45.38,45.4,137.38153560806487
45.39,45.41,137.02820876694852
45.4,45.42,136.69280717931275
45.41,45.43,136.19134849552714
45.42,45.44,135.6100996219898
45.43,45.45,135.0491996422568
45.44,45.46,134.63110076706766
45.45,45.47,134.5422823106486
45.46,45.48,135.20767679893999
45.47,45.49,136.50303462495143
45.48,45.5,137.83877255500835
45.49,45.51,138.56745211155584
45.5,45.52,138.6455462798845
45.51,45.53,138.21579573361063
45.52,45.54,137.48919263281044
45.53,45.55,136.6640911074727
45.54,45.56,136.02590354681868
45.55,45.57,135.3729617633255
45.56,45.58,134.4273502174486
45.57,45.59,133.2891276584228
45.58,45.6,131.9063427984668
45.59,45.61,129.87471232861682
45.6,45.62,128.77607353331643
45.61,45.63,0.0
45.62,45.64,0.0
45.63,45.65,0.0
45.64,45.66,0.0
45.65,45.67,0.0
45.66,45.68,0.0
45.67,45.69,0.0
45.68,45.7,0.0
45.69,45.71,0.0
45.7,45.72,0.0
45.71,45.73,0.0
45.72,45.74,0.0
45.73,45.75,0.0
45.74,45.76,0.0
45.75,45.77,0.0
45.76,45.78,0.0
45.77,45.79,0.0
45.78,45.8,0.0
45.79,45.81,0.0
45.8,45.82,0.0
45.81,45.83,0.0
45.82,45.84,0.0
45.83,45.85,0.0
45.84,45.86,0.0
45.85,45.87,0.0
45.86,45.88,0.0
45.87,45.89,0.0
45.88,45.9,0.0
45.89,45.91,0.0
45.9,45.92,0.0
45.91,45.93,0.0
45.92,45.94,0.0
45.93,45.95,0.0
45.94,45.96,0.0
45.95,45.97,0.0
45.96,45.98,0.0
45.97,45.99,0.0
45.98,46.0,0.0
45.99,46.01,0.0
46.0,46.02,0.0
46.01,46.03,70.36934569505509
46.02,46.04,70.30864431626972
46.03,46.05,69.85560016342383
46.04,46.06,68.75246592745088
46.05,46.07,68.04602719801635
46.06,46.08,0.0
46.07,46.09,0.0
46.08,46.1,754.9232188703079
46.09,46.11,822.0450908309393
46.1,46.12,875.6238373544286
46.11,46.13,944.3096002909087
46.12,46.14,0.0
46.13,46.15,170.13421512284975
46.14,46.16,171.66645461152441
46.15,46.17,174.24347170141237
46.16,46.18,175.88990553865892
46.17,46.19,176.69123443346706
46.18,46.2,176.9295879337594
46.19,46.21,176.5222287372309
46.2,46.22,175.19949827893228
46.21,46.23,173.18541645764327
46.22,46.24,171.34665085071052
46.23,46.25,170.05642590780874
46.24,46.26,169.0431261362384
46.25,46.27,167.2280176866518
46.26,46.28,163.9643469743928
46.27,46.29,159.09469105102252
46.28,46.3,151.9031238794791
46.29,46.31,143.64409294653257
46.3,46.32,133.03891297514244
46.31,46.33,125.89384392084399
46.32,46.34,133.96684641619035
46.33,46.35,148.28372151976214
46.34,46.36,165.0143101070957
46.35,46.37,167.0238389748355
46.36,46.38,168.41872230164304
46.37,46.39,168.990447189635
46.38,46.4,168.9022760375326
46.39,46.41,168.0866900312022
46.4,46.42,165.56856792355163
46.41,46.43,161.02994917823153
46.42,46.44,151.99561615626752
46.43,46.45,147.3813851344396
46.44,46.46,0.0
46.45,46.47,0.0
46.46,46.48,131.09484104883845
46.47,46.49,133.7418646185503
46.48,46.5,139.43742315131772
46.49,46.51,146.31124901982267
46.5,46.52,150.97521975291366
46.51,46.53,153.0111420132018
46.52,46.54,153.54201515751342
46.53,46.55,154.06278034503978
46.54,46.56,154.4610688380553
46.55,46.57,154.70760933854
46.56,46.58,154.71025126898047
46.57,46.59,154.20406481134063
46.58,46.6,152.47392329132722
46.59,46.61,151.46735291521819
46.6,46.62,0.0
46.61,46.63,0.0
46.62,46.64,0.0
46.63,46.65,0.0
46.64,46.66,0.0
46.65,46.67,0.0
46.66,46.68,0.0
46.67,46.69,0.0
46.68,46.7,0.0
46.69,46.71,0.0
46.7,46.72,973.0332066474544
46.71,46.73,973.6071197102648
46.72,46.74,974.0613856645512
46.73,46.75,0.0
46.74,46.76,0.0
46.75,46.77,0.0
46.76,46.78,0.0
46.77,46.79,72.93523261791323
46.78,46.8,90.77017652472907
46.79,46.81,112.37794014909646
46.8,46.82,140.05646152504556
46.81,46.83,139.77128966909845
46.82,46.84,139.79905680793047
46.83,46.85,140.045614367349
46.84,46.86,140.45564307404993
46.85,46.87,140.68268090501624
46.86,46.88,140.43085529157173
46.87,46.89,139.91426538407944
46.88,46.9,138.96209887709364
46.89,46.91,137.92853631944226
46.9,46.92,136.78850067541458
46.91,46.93,135.8396758599514
46.92,46.94,135.06689162928734
46.93,46.95,134.29483435681308
46.94,46.96,133.67380756798218
46.95,46.97,133.02015299679618
46.96,46.98,132.47608062532404
46.97,46.99,132.1248305855415
46.98,47.0,131.90878427906645
46.99,47.01,131.20362813136992
47.0,47.02,129.73376273761087
47.01,47.03,127.86699112661844
47.02,47.04,126.5692633107274
47.03,47.05,125.71344041315402
47.04,47.06,124.68119436241354
47.05,47.07,123.70643828558642
47.06,47.08,122.83541802828589
47.07,47.09,122.64569503407571
47.08,47.1,124.45160853553324
47.09,47.11,126.99878344995277
47.1,47.12,129.8112546308118
47.11,47.13,130.67952508844937
47.12,47.14,131.0873741877261
47.13,47.15,131.3435699482509
47.14,47.16,131.5379654667671
47.15,47.17,131.76086567848196
47.16,47.18,131.94003340771962
47.17,47.19,132.02183941880438
47.18,47.2,131.91227218688528
47.19,47.21,131.56944564639952
47.2,47.22,130.9436658761905
47.21,47.23,130.1943741580637
47.22,47.24,129.48890980822344
47.23,47.25,128.8535612295433
47.24,47.26,128.24315734401802
47.25,47.27,127.57672493092169
47.26,47.28,127.08883866113405
47.27,47.29,126.69746408696732
47.28,47.3,126.43282037681921
47.29,47.31,126.30266094637213
47.3,47.32,126.4608216815775
47.31,47.33,126.54383112142395
47.32,47.34,126.4110087319963
47.33,47.35,126.32783589791761
47.34,47.36,126.09842712635087
47.35,47.37,124.7214762082886
47.36,47.38,123.48768073473056
47.37,47.39,122.80968073236293
47.38,47.4,123.64301117529737
47.39,47.41,124.79883403822686
47.4,47.42,124.73660586935743
47.41,47.43,124.55613159043979
47.42,47.44,126.05525627390973
47.43,47.45,128.65723616388726
47.44,47.46,131.30618353469976
47.45,47.47,134.90419489880284
47.46,47.48,138.73253393206642
47.47,47.49,142.76291159849995
47.48,47.5,143.56106384289365
47.49,47.51,144.9100585498214
47.5,47.52,147.06384779497316
47.51,47.53,149.08729419569752
47.52,47.54,150.42741494710432
47.53,47.55,120.97897406218539
47.54,47.56,97.39288009530723
47.55,47.57,76.85916592592562
47.56,47.58,76.28744937587928
47.57,47.59,0.0
47.58,47.6,70.64229107746365
47.59,47.61,69.5747935348786
47.6,47.62,67.28119553643968
47.61,47.63,66.2734104134981
47.62,47.64,65.67436438888801
47.63,47.65,57.19863390018591
47.64,47.69,56.08308559860581
