Start_Time,End_Time,F0_Hz
0.0,0.01,0.0
0.01,0.02,0.0
0.02,0.03,0.0
0.03,0.04,262.38162088748976
0.04,0.05,262.38162088748976
0.05,0.06,265.4303484677136
0.06,0.07,259.3679109302019
0.07,0.08,256.3888163841458
0.08,0.09,256.3888163841458
0.09,0.1,253.44393965741244
0.1,0.11,253.44393965741244
0.11,0.12,253.44393965741244
0.12,0.13,254.91212546385245
0.13,0.14,253.44393965741244
0.14,0.15,253.44393965741244
0.15,0.16,253.44393965741244
0.16,0.17,253.44393965741244
0.17,0.18,251.98420997897463
0.18,0.19,250.53288772482563
0.19,0.2,250.53288772482563
0.2,0.21,249.08992447176465
0.21,0.22,247.65527207548806
0.22,0.23,249.08992447176465
0.23,0.24,247.65527207548806
0.24,0.25,249.08992447176465
0.25,0.26,247.65527207548806
0.26,0.27,247.65527207548806
0.27,0.28,247.65527207548806
0.28,0.29,247.65527207548806
0.29,0.3,247.65527207548806
0.3,0.31,249.08992447176465
0.31,0.32,249.08992447176465
0.32,0.33,249.08992447176465
0.33,0.34,249.08992447176465
0.34,0.35,249.08992447176465
0.35,0.36,249.08992447176465
0.36,0.37,249.08992447176465
0.37,0.38,249.08992447176465
0.38,0.39,249.08992447176465
0.39,0.4,249.08992447176465
0.4,0.41,249.08992447176465
0.41,0.42,247.65527207548806
0.42,0.43,249.08992447176465
0.43,0.44,247.65527207548806
0.44,0.45,247.65527207548806
0.45,0.46,247.65527207548806
0.46,0.47,247.65527207548806
0.47,0.48,249.08992447176465
0.48,0.49,249.08992447176465
0.49,0.5,249.08992447176465
0.5,0.51,249.08992447176465
0.51,0.52,250.53288772482563
0.52,0.53,250.53288772482563
0.53,0.54,251.98420997897463
0.54,0.55,251.98420997897463
0.55,0.56,251.98420997897463
0.56,0.57,253.44393965741244
0.57,0.58,253.44393965741244
0.58,0.59,253.44393965741244
0.59,0.6,253.44393965741244
0.6,0.61,253.44393965741244
0.61,0.62,253.44393965741244
0.62,0.63,253.44393965741244
0.63,0.64,253.44393965741244
0.64,0.65,253.44393965741244
0.65,0.66,254.91212546385245
0.66,0.67,254.91212546385245
0.67,0.68,254.91212546385245
0.68,0.69,260.87041395311286
0.69,0.7,260.87041395311286
0.7,0.71,251.98420997897463
0.71,0.72,251.98420997897463
0.72,0.73,244.81070866093103
0.73,0.74,239.21922434748075
0.74,0.75,233.75544971224912
0.75,0.76,228.41646786215435
0.76,0.77,223.1994285260446
0.77,0.78,218.10154653305153
0.78,0.79,0.0
0.79,0.8,0.0
0.8,0.81,0.0
0.81,0.82,0.0
0.82,0.83,0.0
0.83,0.84,0.0
0.84,0.85,0.0
0.85,0.86,0.0
0.86,0.87,0.0
0.87,0.88,0.0
0.88,0.89,0.0
0.89,0.9,0.0
0.9,0.91,0.0
0.91,0.92,0.0
0.92,0.93,0.0
0.93,0.94,0.0
0.94,0.95,0.0
0.95,0.96,0.0
0.96,0.97,0.0
0.97,0.98,0.0
0.98,0.99,0.0
0.99,1.0,0.0
1.0,1.01,0.0
1.01,1.02,0.0
1.02,1.03,0.0
1.03,1.04,0.0
1.04,1.05,0.0
1.05,1.06,0.0
1.06,1.07,0.0
1.07,1.08,0.0
1.08,1.09,0.0
1.09,1.1,0.0
1.1,1.11,0.0
1.11,1.12,0.0
1.12,1.13,0.0
1.13,1.14,0.0
1.14,1.15,0.0
1.15,1.16,0.0
1.16,1.17,0.0
1.17,1.18,0.0
1.18,1.19,0.0
1.19,1.2,0.0
1.2,1.21,0.0
1.21,1.22,0.0
1.22,1.23,0.0
1.23,1.24,0.0
1.24,1.25,0.0
1.25,1.26,0.0
1.26,1.27,0.0
1.27,1.28,0.0
1.28,1.29,0.0
1.29,1.3,0.0
1.3,1.31,0.0
1.31,1.32,0.0
1.32,1.33,0.0
1.33,1.34,0.0
1.34,1.35,0.0
1.35,1.36,0.0
1.36,1.37,0.0
1.37,1.38,0.0
1.38,1.39,0.0
1.39,1.4,0.0
1.4,1.41,0.0
1.41,1.42,0.0
1.42,1.43,0.0
1.43,1.44,0.0
1.44,1.45,317.4802103936399
1.45,1.46,291.13063656843747
1.46,1.47,291.13063656843747
1.47,1.48,286.12918648705164
1.48,1.49,282.842712474619
1.49,1.5,279.5939868358039
1.5,1.51,276.38257599355524
1.51,1.52,268.51450055605267
1.52,1.53,257.8740616879158
1.53,1.54,251.98420997897463
1.54,1.55,246.2288826689832
1.55,1.56,246.2288826689832
1.56,1.57,243.40070273411817
1.57,1.58,237.8414230005442
1.58,1.59,232.40911739156792
1.59,1.6,220.63576443274928
1.6,1.61,220.63576443274928
1.61,1.62,228.41646786215435
1.62,1.63,235.10958125672175
1.63,1.64,239.21922434748075
1.64,1.65,247.65527207548806
1.65,1.66,253.44393965741244
1.66,1.67,256.3888163841458
1.67,1.68,259.3679109302019
1.68,1.69,262.38162088748976
1.69,1.7,268.51450055605267
1.7,1.71,292.81713918912504
1.71,1.72,296.2195104573129
1.72,1.73,301.3973362949152
1.73,1.74,308.44216508158814
1.74,1.75,313.83363915870024
1.75,1.76,317.4802103936399
1.76,1.77,319.31935454265994
1.77,1.78,321.1691527453505
1.78,1.79,323.02966672001685
1.79,1.8,324.9009585424942
1.8,1.81,326.78309064822
1.81,1.82,326.78309064822
1.82,1.83,324.9009585424942
1.83,1.84,321.1691527453505
1.84,1.85,319.31935454265994
1.85,1.86,313.83363915870024
1.86,1.87,312.0260904053494
1.87,1.88,304.8994046511524
1.88,1.89,312.0260904053494
1.89,1.9,312.0260904053494
1.9,1.91,312.0260904053494
1.91,1.92,0.0
1.92,1.93,0.0
1.93,1.94,0.0
1.94,1.95,0.0
1.95,1.96,303.14331330207966
1.96,1.97,301.3973362949152
1.97,1.98,297.93549262454053
1.98,1.99,296.2195104573129
1.99,2.0,294.5134116201051
2.0,2.01,289.4538474880756
2.01,2.02,284.4812036394563
2.02,2.03,281.2136583244699
2.03,2.04,277.98364396846745
2.04,2.05,271.6344887654643
2.05,2.06,270.06998923363795
2.06,2.07,266.96797083400685
2.07,2.08,263.9015821545788
2.08,2.09,256.3888163841458
2.09,2.1,249.08992447176465
2.1,2.11,240.60500721642333
2.11,2.12,232.40911739156792
2.12,2.13,228.41646786215435
2.13,2.14,223.1994285260446
2.14,2.15,221.91389441356898
2.15,2.16,219.36499593892518
2.16,2.17,216.8453740602837
2.17,2.18,214.35469250725862
2.18,2.19,211.89261887185907
2.19,2.2,210.67220719096719
2.2,2.21,209.4588245641254
2.21,2.22,207.05298476827548
2.22,2.23,204.67477839935495
2.23,2.24,200.0
2.24,2.25,197.70280407057922
2.25,2.26,190.9683207820833
2.26,2.27,186.60659830736148
2.27,2.28,184.46323871718783
2.28,2.29,183.40080864093423
2.29,2.3,181.29427068562208
2.3,2.31,0.0
2.31,2.32,0.0
2.32,2.33,0.0
2.33,2.34,0.0
2.34,2.35,177.1535038204721
2.35,2.36,181.29427068562208
2.36,2.37,181.29427068562208
2.37,2.38,182.34449771164336
2.38,2.39,184.46323871718783
2.39,2.4,184.46323871718783
2.4,2.41,185.5318233882619
2.41,2.42,187.68759933422865
2.42,2.43,188.7748625363387
2.43,2.44,188.7748625363387
2.44,2.45,0.0
2.45,2.46,0.0
2.46,2.47,0.0
2.47,2.48,0.0
2.48,2.49,0.0
2.49,2.5,0.0
2.5,2.51,0.0
2.51,2.52,0.0
2.52,2.53,219.36499593892518
2.53,2.54,218.10154653305153
2.54,2.55,216.8453740602837
2.55,2.56,216.8453740602837
2.56,2.57,215.59643660857103
2.57,2.58,207.05298476827548
2.58,2.59,208.25243050696125
2.59,2.6,210.67220719096719
2.6,2.61,211.89261887185907
2.61,2.62,211.89261887185907
2.62,2.63,213.12010032569688
2.63,2.64,213.12010032569688
2.64,2.65,213.12010032569688
2.65,2.66,0.0
2.66,2.67,0.0
2.67,2.68,0.0
2.68,2.69,0.0
2.69,2.7,0.0
2.7,2.71,0.0
2.71,2.72,0.0
2.72,2.73,0.0
2.73,2.74,0.0
2.74,2.75,0.0
2.75,2.76,0.0
2.76,2.77,0.0
2.77,2.78,211.89261887185907
2.78,2.79,211.89261887185907
2.79,2.8,214.35469250725862
2.8,2.81,209.4588245641254
2.81,2.82,210.67220719096719
2.82,2.83,209.4588245641254
2.83,2.84,209.4588245641254
2.84,2.85,209.4588245641254
2.85,2.86,209.4588245641254
2.86,2.87,209.4588245641254
2.87,2.88,210.67220719096719
2.88,2.89,211.89261887185907
2.89,2.9,214.35469250725862
2.9,2.91,214.35469250725862
2.91,2.92,213.12010032569688
2.92,2.93,210.67220719096719
2.93,2.94,208.25243050696125
2.94,2.95,209.4588245641254
2.95,2.96,209.4588245641254
2.96,2.97,209.4588245641254
2.97,2.98,209.4588245641254
2.98,2.99,209.4588245641254
2.99,3.0,208.25243050696125
3.0,3.01,208.25243050696125
3.01,3.02,208.25243050696125
3.02,3.03,208.25243050696125
3.03,3.04,210.67220719096719
3.04,3.05,208.25243050696125
3.05,3.06,214.35469250725862
3.06,3.07,227.10088581417543
3.07,3.08,231.07053937445463
3.08,3.09,231.07053937445463
3.09,3.1,232.40911739156792
3.1,3.11,235.10958125672175
3.11,3.12,237.8414230005442
3.12,3.13,240.60500721642333
3.13,3.14,244.81070866093103
3.14,3.15,247.65527207548806
3.15,3.16,250.53288772482563
3.16,3.17,250.53288772482563
3.17,3.18,250.53288772482563
3.18,3.19,0.0
3.19,3.2,0.0
3.2,3.21,0.0
3.21,3.22,0.0
3.22,3.23,0.0
3.23,3.24,0.0
3.24,3.25,0.0
3.25,3.26,338.3070714525794
3.26,3.27,340.26686438034227
3.27,3.28,344.22057489773204
3.28,3.29,348.2202253184496
3.29,3.3,352.26634943845943
3.3,3.31,356.35948725613576
3.31,3.32,358.423856764781
3.32,3.33,360.5001850443321
3.33,3.34,360.5001850443321
3.34,3.35,360.5001850443321
3.35,3.36,358.423856764781
3.36,3.37,354.3070076409443
3.37,3.38,350.237444562354
3.38,3.39,346.21462440245716
3.39,3.4,334.4212833154038
3.4,3.41,321.1691527453505
3.41,3.42,310.2289523667469
3.42,3.43,297.93549262454053
3.43,3.44,291.13063656843747
3.44,3.45,286.12918648705164
3.45,3.46,281.2136583244699
3.46,3.47,276.38257599355524
3.47,3.48,271.6344887654643
3.48,3.49,265.4303484677136
3.49,3.5,262.38162088748976
3.5,3.51,0.0
3.51,3.52,0.0
3.52,3.53,0.0
3.53,3.54,0.0
3.54,3.55,0.0
3.55,3.56,0.0
3.56,3.57,0.0
3.57,3.58,0.0
3.58,3.59,0.0
3.59,3.6,0.0
3.6,3.61,0.0
3.61,3.62,0.0
3.62,3.63,223.1994285260446
3.63,3.64,221.91389441356898
3.64,3.65,221.91389441356898
3.65,3.66,0.0
3.66,3.67,0.0
3.67,3.68,0.0
3.68,3.69,0.0
3.69,3.7,0.0
3.7,3.71,215.59643660857103
3.71,3.72,215.59643660857103
3.72,3.73,214.35469250725862
3.73,3.74,213.12010032569688
3.74,3.75,211.89261887185907
3.75,3.76,211.89261887185907
3.76,3.77,210.67220719096719
3.77,3.78,209.4588245641254
3.78,3.79,208.25243050696125
3.79,3.8,205.86044732869837
3.8,3.81,204.67477839935495
3.81,3.82,204.67477839935495
3.82,3.83,204.67477839935495
3.83,3.84,208.25243050696125
3.84,3.85,211.89261887185907
3.85,3.86,209.4588245641254
3.86,3.87,218.10154653305153
3.87,3.88,214.35469250725862
3.88,3.89,210.67220719096719
3.89,3.9,209.4588245641254
3.9,3.91,209.4588245641254
3.91,3.92,208.25243050696125
3.92,3.93,208.25243050696125
3.93,3.94,213.12010032569688
3.94,3.95,215.59643660857103
3.95,3.96,219.36499593892518
3.96,3.97,223.1994285260446
3.97,3.98,228.41646786215435
3.98,3.99,233.75544971224912
3.99,4.0,239.21922434748075
4.0,4.01,241.99881784385852
4.01,4.02,243.40070273411817
4.02,4.03,243.40070273411817
4.03,4.04,243.40070273411817
4.04,4.05,244.81070866093103
4.05,4.06,243.40070273411817
4.06,4.07,0.0
4.07,4.08,0.0
4.08,4.09,260.87041395311286
4.09,4.1,257.8740616879158
4.1,4.11,254.91212546385245
4.11,4.12,251.98420997897463
4.12,4.13,249.08992447176465
4.13,4.14,241.99881784385852
4.14,4.15,232.40911739156792
4.15,4.16,221.91389441356898
4.16,4.17,220.63576443274928
4.17,4.18,197.70280407057922
4.18,4.19,214.35469250725862
4.19,4.2,214.35469250725862
4.2,4.21,210.67220719096719
4.21,4.22,208.25243050696125
4.22,4.23,207.05298476827548
4.23,4.24,204.67477839935495
4.24,4.25,202.3238880603845
4.25,4.26,201.15858821357068
4.26,4.27,200.0
4.27,4.28,198.8480847635095
4.28,4.29,197.70280407057922
4.29,4.3,197.70280407057922
4.3,4.31,197.70280407057922
4.31,4.32,201.15858821357068
4.32,4.33,202.3238880603845
4.33,4.34,202.3238880603845
4.34,4.35,202.3238880603845
4.35,4.36,202.3238880603845
4.36,4.37,201.15858821357068
4.37,4.38,200.0
4.38,4.39,197.70280407057922
4.39,4.4,196.56411970905023
4.4,4.41,196.56411970905023
4.41,4.42,196.56411970905023
4.42,4.43,196.56411970905023
4.43,4.44,197.70280407057922
4.44,4.45,193.1872657849691
4.45,4.46,196.56411970905023
4.46,4.47,195.43199368684918
4.47,4.48,195.43199368684918
4.48,4.49,194.30638823072118
4.49,4.5,194.30638823072118
4.5,4.51,193.1872657849691
4.51,4.52,193.1872657849691
4.52,4.53,192.07458901020084
4.53,4.54,192.07458901020084
4.54,4.55,192.07458901020084
4.55,4.56,192.07458901020084
4.56,4.57,190.9683207820833
4.57,4.58,190.9683207820833
4.58,4.59,190.9683207820833
4.59,4.6,190.9683207820833
4.6,4.61,190.9683207820833
4.61,4.62,190.9683207820833
4.62,4.63,192.07458901020084
4.63,4.64,193.1872657849691
4.64,4.65,193.1872657849691
4.65,4.66,193.1872657849691
4.66,4.67,192.07458901020084
4.67,4.68,203.49593842053727
4.68,4.69,213.12010032569688
4.69,4.7,209.4588245641254
4.7,4.71,208.25243050696125
4.71,4.72,209.4588245641254
4.72,4.73,209.4588245641254
4.73,4.74,209.4588245641254
4.74,4.75,211.89261887185907
4.75,4.76,213.12010032569688
4.76,4.77,216.8453740602837
4.77,4.78,221.91389441356898
4.78,4.79,231.07053937445463
4.79,4.8,235.10958125672175
4.8,4.81,237.8414230005442
4.81,4.82,243.40070273411817
4.82,4.83,247.65527207548806
4.83,4.84,253.44393965741244
4.84,4.85,256.3888163841458
4.85,4.86,262.38162088748976
4.86,4.87,266.96797083400685
4.87,4.88,271.6344887654643
4.88,4.89,276.38257599355524
4.89,4.9,284.4812036394563
4.9,4.91,291.13063656843747
4.91,4.92,296.2195104573129
4.92,4.93,299.66141537533633
4.93,4.94,299.66141537533633
4.94,4.95,301.3973362949152
4.95,4.96,303.14331330207966
4.96,4.97,299.66141537533633
4.97,4.98,292.81713918912504
4.98,4.99,296.2195104573129
4.99,5.0,296.2195104573129
5.0,5.01,296.2195104573129
5.01,5.02,0.0
5.02,5.03,0.0
5.03,5.04,352.26634943845943
5.04,5.05,342.23801027304086
5.05,5.06,342.23801027304086
5.06,5.07,342.23801027304086
5.07,5.08,344.22057489773204
5.08,5.09,344.22057489773204
5.09,5.1,346.21462440245716
5.1,5.11,346.21462440245716
5.11,5.12,344.22057489773204
5.12,5.13,344.22057489773204
5.13,5.14,342.23801027304086
5.14,5.15,340.26686438034227
5.15,5.16,336.3585661014858
5.16,5.17,328.6761258343161
5.17,5.18,321.1691527453505
5.18,5.19,312.0260904053494
5.19,5.2,301.3973362949152
5.2,5.21,292.81713918912504
5.21,5.22,281.2136583244699
5.22,5.23,274.79072949161787
5.23,5.24,266.96797083400685
5.24,5.25,263.9015821545788
5.25,5.26,259.3679109302019
5.26,5.27,253.44393965741244
5.27,5.28,250.53288772482563
5.28,5.29,247.65527207548806
5.29,5.3,244.81070866093103
5.3,5.31,240.60500721642333
5.31,5.32,236.47155720542963
5.32,5.33,229.73967099940702
5.33,5.34,225.79288096122622
5.34,5.35,236.47155720542963
5.35,5.36,0.0
5.36,5.37,0.0
5.37,5.38,0.0
5.38,5.39,0.0
5.39,5.4,0.0
5.4,5.41,0.0
5.41,5.42,246.2288826689832
5.42,5.43,224.49240966187455
5.43,5.44,224.49240966187455
5.44,5.45,219.36499593892518
5.45,5.46,218.10154653305153
5.46,5.47,214.35469250725862
5.47,5.48,207.05298476827548
5.48,5.49,207.05298476827548
5.49,5.5,207.05298476827548
5.5,5.51,207.05298476827548
5.51,5.52,0.0
5.52,5.53,0.0
5.53,5.54,0.0
5.54,5.55,0.0
5.55,5.56,0.0
5.56,5.57,0.0
5.57,5.58,0.0
5.58,5.59,219.36499593892518
5.59,5.6,211.89261887185907
5.6,5.61,208.25243050696125
5.61,5.62,205.86044732869837
5.62,5.63,204.67477839935495
5.63,5.64,202.3238880603845
5.64,5.65,200.0
5.65,5.66,198.8480847635095
5.66,5.67,196.56411970905023
5.67,5.68,194.30638823072118
5.68,5.69,194.30638823072118
5.69,5.7,197.70280407057922
5.7,5.71,197.70280407057922
5.71,5.72,198.8480847635095
5.72,5.73,202.3238880603845
5.73,5.74,200.0
5.74,5.75,197.70280407057922
5.75,5.76,196.56411970905023
5.76,5.77,195.43199368684918
5.77,5.78,195.43199368684918
5.78,5.79,194.30638823072118
5.79,5.8,194.30638823072118
5.8,5.81,193.1872657849691
5.81,5.82,190.9683207820833
5.82,5.83,185.5318233882619
5.83,5.84,183.40080864093423
5.84,5.85,181.29427068562208
5.85,5.86,180.25009252216606
5.86,5.87,179.21192838239048
5.87,5.88,179.21192838239048
5.88,5.89,180.25009252216606
5.89,5.9,185.5318233882619
5.9,5.91,194.30638823072118
5.91,5.92,195.43199368684918
5.92,5.93,195.43199368684918
5.93,5.94,196.56411970905023
5.94,5.95,196.56411970905023
5.95,5.96,196.56411970905023
5.96,5.97,196.56411970905023
5.97,5.98,195.43199368684918
5.98,5.99,194.30638823072118
5.99,6.0,194.30638823072118
6.0,6.01,193.1872657849691
6.01,6.02,193.1872657849691
6.02,6.03,193.1872657849691
6.03,6.04,193.1872657849691
6.04,6.05,193.1872657849691
6.05,6.06,193.1872657849691
6.06,6.07,192.07458901020084
6.07,6.08,192.07458901020084
6.08,6.09,190.9683207820833
6.09,6.1,190.9683207820833
6.1,6.11,190.9683207820833
6.11,6.12,190.9683207820833
6.12,6.13,190.9683207820833
6.13,6.14,190.9683207820833
6.14,6.15,190.9683207820833
6.15,6.16,190.9683207820833
6.16,6.17,190.9683207820833
6.17,6.18,192.07458901020084
6.18,6.19,192.07458901020084
6.19,6.2,192.07458901020084
6.2,6.21,192.07458901020084
6.21,6.22,192.07458901020084
6.22,6.23,192.07458901020084
6.23,6.24,192.07458901020084
6.24,6.25,192.07458901020084
6.25,6.26,192.07458901020084
6.26,6.27,192.07458901020084
6.27,6.28,192.07458901020084
6.28,6.29,192.07458901020084
6.29,6.3,190.9683207820833
6.3,6.31,190.9683207820833
6.31,6.32,186.60659830736148
6.32,6.33,182.34449771164336
6.33,6.34,180.25009252216606
6.34,6.35,179.21192838239048
6.35,6.36,180.25009252216606
6.36,6.37,185.5318233882619
6.37,6.38,195.43199368684918
6.38,6.39,197.70280407057922
6.39,6.4,198.8480847635095
6.4,6.41,198.8480847635095
6.41,6.42,198.8480847635095
6.42,6.43,198.8480847635095
6.43,6.44,198.8480847635095
6.44,6.45,198.8480847635095
6.45,6.46,197.70280407057922
6.46,6.47,195.43199368684918
6.47,6.48,195.43199368684918
6.48,6.49,195.43199368684918
6.49,6.5,195.43199368684918
6.5,6.51,192.07458901020084
6.51,6.52,190.9683207820833
6.52,6.53,192.07458901020084
6.53,6.54,190.9683207820833
6.54,6.55,190.9683207820833
6.55,6.56,196.56411970905023
6.56,6.57,186.60659830736148
6.57,6.58,0.0
6.58,6.59,0.0
6.59,6.6,204.67477839935495
6.6,6.61,204.67477839935495
6.61,6.62,204.67477839935495
6.62,6.63,204.67477839935495
6.63,6.64,204.67477839935495
6.64,6.65,204.67477839935495
6.65,6.66,203.49593842053727
6.66,6.67,202.3238880603845
6.67,6.68,202.3238880603845
6.68,6.69,202.3238880603845
6.69,6.7,201.15858821357068
6.7,6.71,201.15858821357068
6.71,6.72,201.15858821357068
6.72,6.73,202.3238880603845
6.73,6.74,203.49593842053727
6.74,6.75,205.86044732869837
6.75,6.76,207.05298476827548
6.76,6.77,214.35469250725862
6.77,6.78,218.10154653305153
6.78,6.79,215.59643660857103
6.79,6.8,213.12010032569688
6.8,6.81,210.67220719096719
6.81,6.82,209.4588245641254
6.82,6.83,207.05298476827548
6.83,6.84,205.86044732869837
6.84,6.85,204.67477839935495
6.85,6.86,203.49593842053727
6.86,6.87,203.49593842053727
6.87,6.88,202.3238880603845
6.88,6.89,201.15858821357068
6.89,6.9,203.49593842053727
6.9,6.91,204.67477839935495
6.91,6.92,204.67477839935495
6.92,6.93,202.3238880603845
6.93,6.94,201.15858821357068
6.94,6.95,200.0
6.95,6.96,200.0
6.96,6.97,200.0
6.97,6.98,198.8480847635095
6.98,6.99,201.15858821357068
6.99,7.0,201.15858821357068
7.0,7.01,202.3238880603845
7.01,7.02,202.3238880603845
7.02,7.03,202.3238880603845
7.03,7.04,202.3238880603845
7.04,7.05,202.3238880603845
7.05,7.06,200.0
7.06,7.07,198.8480847635095
7.07,7.08,197.70280407057922
7.08,7.09,0.0
7.09,7.1,0.0
7.1,7.11,0.0
7.11,7.12,0.0
7.12,7.13,0.0
7.13,7.14,0.0
7.14,7.15,0.0
7.15,7.16,0.0
7.16,7.17,281.2136583244699
7.17,7.18,281.2136583244699
7.18,7.19,281.2136583244699
7.19,7.2,286.12918648705164
7.2,7.21,287.786716002164
7.21,7.22,292.81713918912504
7.22,7.23,296.2195104573129
7.23,7.24,299.66141537533633
7.24,7.25,304.8994046511524
7.25,7.26,312.0260904053494
7.26,7.27,317.4802103936399
7.27,7.28,323.02966672001685
7.28,7.29,326.78309064822
7.29,7.3,330.5801272616847
7.3,7.31,332.4951584571151
7.31,7.32,332.4951584571151
7.32,7.33,334.4212833154038
7.33,7.34,334.4212833154038
7.34,7.35,332.4951584571151
7.35,7.36,332.4951584571151
7.36,7.37,330.5801272616847
7.37,7.38,328.6761258343161
7.38,7.39,328.6761258343161
7.39,7.4,328.6761258343161
7.4,7.41,326.78309064822
7.41,7.42,326.78309064822
7.42,7.43,324.9009585424942
7.43,7.44,324.9009585424942
7.44,7.45,324.9009585424942
7.45,7.46,323.02966672001685
7.46,7.47,323.02966672001685
7.47,7.48,321.1691527453505
7.48,7.49,321.1691527453505
7.49,7.5,319.31935454265994
7.5,7.51,317.4802103936399
7.51,7.52,315.65165893545657
7.52,7.53,315.65165893545657
7.53,7.54,321.1691527453505
7.54,7.55,326.78309064822
7.55,7.56,323.02966672001685
7.56,7.57,312.0260904053494
7.57,7.58,0.0
7.58,7.59,0.0
7.59,7.6,0.0
7.6,7.61,0.0
7.61,7.62,0.0
7.62,7.63,0.0
7.63,7.64,0.0
7.64,7.65,0.0
7.65,7.66,0.0
7.66,7.67,0.0
7.67,7.68,0.0
7.68,7.69,0.0
7.69,7.7,0.0
7.7,7.71,0.0
7.71,7.72,0.0
7.72,7.73,0.0
7.73,7.74,0.0
7.74,7.75,0.0
7.75,7.76,0.0
7.76,7.77,0.0
7.77,7.78,233.75544971224912
7.78,7.79,228.41646786215435
7.79,7.8,227.10088581417543
7.8,7.81,221.91389441356898
7.81,7.82,220.63576443274928
7.82,7.83,216.8453740602837
7.83,7.84,211.89261887185907
7.84,7.85,216.8453740602837
7.85,7.86,215.59643660857103
7.86,7.87,213.12010032569688
7.87,7.88,211.89261887185907
7.88,7.89,209.4588245641254
7.89,7.9,203.49593842053727
7.9,7.91,204.67477839935495
7.91,7.92,210.67220719096719
7.92,7.93,207.05298476827548
7.93,7.94,207.05298476827548
7.94,7.95,205.86044732869837
7.95,7.96,205.86044732869837
7.96,7.97,205.86044732869837
7.97,7.98,207.05298476827548
7.98,7.99,207.05298476827548
7.99,8.0,204.67477839935495
8.0,8.01,200.0
8.01,8.02,196.56411970905023
8.02,8.03,187.68759933422865
8.03,8.04,0.0
8.04,8.05,0.0
8.05,8.06,0.0
8.06,8.07,0.0
8.07,8.08,214.35469250725862
8.08,8.09,214.35469250725862
8.09,8.1,209.4588245641254
8.1,8.11,205.86044732869837
8.11,8.12,202.3238880603845
8.12,8.13,197.70280407057922
8.13,8.14,194.30638823072118
8.14,8.15,187.68759933422865
8.15,8.16,184.46323871718783
8.16,8.17,182.34449771164336
8.17,8.18,180.25009252216606
8.18,8.19,179.21192838239048
8.19,8.2,177.1535038204721
8.2,8.21,175.11872228117704
8.21,8.22,176.1331747192297
8.22,8.23,181.29427068562208
8.23,8.24,192.07458901020084
8.24,8.25,193.1872657849691
8.25,8.26,192.07458901020084
8.26,8.27,192.07458901020084
8.27,8.28,190.9683207820833
8.28,8.29,190.9683207820833
8.29,8.3,189.86842419010387
8.3,8.31,188.7748625363387
8.31,8.32,185.5318233882619
8.32,8.33,178.17974362806785
8.33,8.34,178.17974362806785
8.34,8.35,170.13343219017113
8.35,8.36,171.11900513652043
8.36,8.37,170.13343219017113
8.37,8.38,0.0
8.38,8.39,173.1073122012286
8.39,8.4,175.11872228117704
8.4,8.41,175.11872228117704
8.41,8.42,174.11011265922482
8.42,8.43,173.1073122012286
8.43,8.44,173.1073122012286
8.44,8.45,173.1073122012286
8.45,8.46,173.1073122012286
8.46,8.47,173.1073122012286
8.47,8.48,0.0
8.48,8.49,0.0
8.49,8.5,0.0
8.5,8.51,0.0
8.51,8.52,0.0
8.52,8.53,0.0
8.53,8.54,91.17224885582168
8.54,8.55,90.64713534281104
8.55,8.56,90.12504626108301
8.56,8.57,90.64713534281104
8.57,8.58,90.64713534281104
8.58,8.59,90.64713534281104
8.59,8.6,90.12504626108301
8.6,8.61,89.60596419119524
8.61,8.62,89.60596419119524
8.62,8.63,89.60596419119524
8.63,8.64,89.08987181403393
8.64,8.65,89.08987181403393
8.65,8.66,89.08987181403393
8.66,8.67,89.08987181403393
8.67,8.68,0.0
8.68,8.69,0.0
8.69,8.7,0.0
8.7,8.71,0.0
8.71,8.72,0.0
8.72,8.73,0.0
8.73,8.74,0.0
8.74,8.75,0.0
8.75,8.76,0.0
8.76,8.77,0.0
8.77,8.78,0.0
8.78,8.79,0.0
8.79,8.8,0.0
8.8,8.81,0.0
8.81,8.82,0.0
8.82,8.83,0.0
8.83,8.84,0.0
8.84,8.85,0.0
8.85,8.86,0.0
8.86,8.87,0.0
8.87,8.88,0.0
8.88,8.89,0.0
8.89,8.9,0.0
8.9,8.91,0.0
8.91,8.92,0.0
8.92,8.93,0.0
8.93,8.94,0.0
8.94,8.95,0.0
8.95,8.96,0.0
8.96,8.97,0.0
8.97,8.98,0.0
8.98,8.99,0.0
8.99,9.0,0.0
9.0,9.01,0.0
9.01,9.02,0.0
9.02,9.03,0.0
9.03,9.04,0.0
9.04,9.05,0.0
9.05,9.06,256.3888163841458
9.06,9.07,254.91212546385245
9.07,9.08,253.44393965741244
9.08,9.09,253.44393965741244
9.09,9.1,253.44393965741244
9.1,9.11,253.44393965741244
9.11,9.12,253.44393965741244
9.12,9.13,251.98420997897463
9.13,9.14,250.53288772482563
9.14,9.15,246.2288826689832
9.15,9.16,241.99881784385852
9.16,9.17,240.60500721642333
9.17,9.18,239.21922434748075
9.18,9.19,236.47155720542963
9.19,9.2,233.75544971224912
9.2,9.21,232.40911739156792
9.21,9.22,231.07053937445463
9.22,9.23,229.73967099940702
9.23,9.24,227.10088581417543
9.24,9.25,224.49240966187455
9.25,9.26,221.91389441356898
9.26,9.27,216.8453740602837
9.27,9.28,221.91389441356898
9.28,9.29,221.91389441356898
9.29,9.3,221.91389441356898
9.3,9.31,221.91389441356898
9.31,9.32,220.63576443274928
9.32,9.33,219.36499593892518
9.33,9.34,218.10154653305153
9.34,9.35,218.10154653305153
9.35,9.36,216.8453740602837
9.36,9.37,213.12010032569688
9.37,9.38,213.12010032569688
9.38,9.39,211.89261887185907
9.39,9.4,211.89261887185907
9.4,9.41,210.67220719096719
9.41,9.42,209.4588245641254
9.42,9.43,209.4588245641254
9.43,9.44,208.25243050696125
9.44,9.45,207.05298476827548
9.45,9.46,207.05298476827548
9.46,9.47,205.86044732869837
9.47,9.48,204.67477839935495
9.48,9.49,202.3238880603845
9.49,9.5,194.30638823072118
9.5,9.51,205.86044732869837
9.51,9.52,209.4588245641254
9.52,9.53,0.0
9.53,9.54,205.86044732869837
9.54,9.55,204.67477839935495
9.55,9.56,203.49593842053727
9.56,9.57,205.86044732869837
9.57,9.58,205.86044732869837
9.58,9.59,205.86044732869837
9.59,9.6,205.86044732869837
9.6,9.61,205.86044732869837
9.61,9.62,204.67477839935495
9.62,9.63,202.3238880603845
9.63,9.64,202.3238880603845
9.64,9.65,202.3238880603845
9.65,9.66,203.49593842053727
9.66,9.67,0.0
9.67,9.68,0.0
9.68,9.69,0.0
9.69,9.7,0.0
9.7,9.71,0.0
9.71,9.72,0.0
9.72,9.73,0.0
9.73,9.74,0.0
9.74,9.75,294.5134116201051
9.75,9.76,281.2136583244699
9.76,9.77,284.4812036394563
9.77,9.78,286.12918648705164
9.78,9.79,286.12918648705164
9.79,9.8,286.12918648705164
9.8,9.81,286.12918648705164
9.81,9.82,286.12918648705164
9.82,9.83,282.842712474619
9.83,9.84,279.5939868358039
9.84,9.85,260.87041395311286
9.85,9.86,262.38162088748976
9.86,9.87,262.38162088748976
9.87,9.88,0.0
9.88,9.89,0.0
9.89,9.9,0.0
9.9,9.91,0.0
9.91,9.92,268.51450055605267
9.92,9.93,260.87041395311286
9.93,9.94,246.2288826689832
9.94,9.95,244.81070866093103
9.95,9.96,243.40070273411817
9.96,9.97,240.60500721642333
9.97,9.98,237.8414230005442
9.98,9.99,219.36499593892518
9.99,10.0,203.49593842053727
10.0,10.01,196.56411970905023
10.01,10.02,0.0
10.02,10.03,0.0
10.03,10.04,0.0
10.04,10.05,0.0
10.05,10.06,231.07053937445463
10.06,10.07,229.73967099940702
10.07,10.08,229.73967099940702
10.08,10.09,232.40911739156792
10.09,10.1,233.75544971224912
10.1,10.11,235.10958125672175
10.11,10.12,237.8414230005442
10.12,10.13,241.99881784385852
10.13,10.14,246.2288826689832
10.14,10.15,250.53288772482563
10.15,10.16,254.91212546385245
10.16,10.17,257.8740616879158
10.17,10.18,262.38162088748976
10.18,10.19,265.4303484677136
10.19,10.2,271.6344887654643
10.2,10.21,274.79072949161787
10.21,10.22,274.79072949161787
10.22,10.23,276.38257599355524
10.23,10.24,276.38257599355524
10.24,10.25,277.98364396846745
10.25,10.26,274.79072949161787
10.26,10.27,271.6344887654643
10.27,10.28,271.6344887654643
10.28,10.29,265.4303484677136
10.29,10.3,0.0
10.3,10.31,0.0
10.31,10.32,0.0
10.32,10.33,0.0
10.33,10.34,0.0
10.34,10.35,0.0
10.35,10.36,0.0
10.36,10.37,277.98364396846745
10.37,10.38,273.20805135087915
10.38,10.39,270.06998923363795
10.39,10.4,268.51450055605267
10.4,10.41,265.4303484677136
10.41,10.42,263.9015821545788
10.42,10.43,262.38162088748976
10.43,10.44,260.87041395311286
10.44,10.45,259.3679109302019
10.45,10.46,257.8740616879158
10.46,10.47,256.3888163841458
10.47,10.48,254.91212546385245
10.48,10.49,253.44393965741244
10.49,10.5,251.98420997897463
10.5,10.51,251.98420997897463
10.51,10.52,250.53288772482563
10.52,10.53,249.08992447176465
10.53,10.54,247.65527207548806
10.54,10.55,246.2288826689832
10.55,10.56,244.81070866093103
10.56,10.57,243.40070273411817
10.57,10.58,241.99881784385852
10.58,10.59,240.60500721642333
10.59,10.6,236.47155720542963
10.6,10.61,233.75544971224912
10.61,10.62,228.41646786215435
10.62,10.63,221.91389441356898
10.63,10.64,219.36499593892518
10.64,10.65,216.8453740602837
10.65,10.66,214.35469250725862
10.66,10.67,213.12010032569688
10.67,10.68,211.89261887185907
10.68,10.69,210.67220719096719
10.69,10.7,209.4588245641254
10.7,10.71,208.25243050696125
10.71,10.72,207.05298476827548
10.72,10.73,205.86044732869837
10.73,10.74,205.86044732869837
10.74,10.75,204.67477839935495
10.75,10.76,204.67477839935495
10.76,10.77,203.49593842053727
10.77,10.78,202.3238880603845
10.78,10.79,201.15858821357068
10.79,10.8,200.0
10.8,10.81,200.0
10.81,10.82,200.0
10.82,10.83,198.8480847635095
10.83,10.84,198.8480847635095
10.84,10.85,198.8480847635095
10.85,10.86,197.70280407057922
10.86,10.87,197.70280407057922
10.87,10.88,197.70280407057922
10.88,10.89,197.70280407057922
10.89,10.9,197.70280407057922
10.9,10.91,197.70280407057922
10.91,10.92,197.70280407057922
10.92,10.93,196.56411970905023
10.93,10.94,196.56411970905023
10.94,10.95,195.43199368684918
10.95,10.96,194.30638823072118
10.96,10.97,194.30638823072118
10.97,10.98,194.30638823072118
10.98,10.99,193.1872657849691
10.99,11.0,192.07458901020084
11.0,11.01,192.07458901020084
11.01,11.02,192.07458901020084
11.02,11.03,190.9683207820833
11.03,11.04,190.9683207820833
11.04,11.05,190.9683207820833
11.05,11.06,190.9683207820833
11.06,11.07,190.9683207820833
11.07,11.08,190.9683207820833
11.08,11.09,190.9683207820833
11.09,11.1,190.9683207820833
11.1,11.11,189.86842419010387
11.11,11.12,189.86842419010387
11.12,11.13,189.86842419010387
11.13,11.14,188.7748625363387
11.14,11.15,187.68759933422865
11.15,11.16,186.60659830736148
11.16,11.17,190.9683207820833
11.17,11.18,188.7748625363387
11.18,11.19,188.7748625363387
11.19,11.2,187.68759933422865
11.2,11.21,187.68759933422865
11.21,11.22,188.7748625363387
11.22,11.23,190.9683207820833
11.23,11.24,192.07458901020084
11.24,11.25,192.07458901020084
11.25,11.26,194.30638823072118
11.26,11.27,192.07458901020084
11.27,11.28,190.9683207820833
11.28,11.29,188.7748625363387
11.29,11.3,0.0
11.3,11.31,0.0
11.31,11.32,0.0
11.32,11.33,0.0
11.33,11.34,0.0
11.34,11.35,0.0
11.35,11.36,0.0
11.36,11.37,0.0
11.37,11.38,0.0
11.38,11.39,0.0
11.39,11.4,0.0
11.4,11.41,0.0
11.41,11.42,0.0
11.42,11.43,0.0
11.43,11.44,0.0
11.44,11.45,0.0
11.45,11.46,0.0
11.46,11.47,0.0
11.47,11.48,0.0
11.48,11.49,0.0
11.49,11.5,0.0
11.5,11.51,0.0
11.51,11.52,0.0
11.52,11.53,0.0
11.53,11.54,0.0
11.54,11.55,0.0
11.55,11.56,0.0
11.56,11.57,0.0
11.57,11.58,0.0
11.58,11.59,0.0
11.59,11.6,0.0
11.6,11.61,211.89261887185907
11.61,11.62,210.67220719096719
11.62,11.63,209.4588245641254
11.63,11.64,208.25243050696125
11.64,11.65,208.25243050696125
11.65,11.66,208.25243050696125
11.66,11.67,208.25243050696125
11.67,11.68,208.25243050696125
11.68,11.69,209.4588245641254
11.69,11.7,211.89261887185907
11.7,11.71,213.12010032569688
11.71,11.72,213.12010032569688
11.72,11.73,213.12010032569688
11.73,11.74,213.12010032569688
11.74,11.75,213.12010032569688
11.75,11.76,214.35469250725862
11.76,11.77,214.35469250725862
11.77,11.78,214.35469250725862
11.78,11.79,214.35469250725862
11.79,11.8,215.59643660857103
11.8,11.81,229.73967099940702
11.81,11.82,243.40070273411817
11.82,11.83,247.65527207548806
11.83,11.84,251.98420997897463
11.84,11.85,253.44393965741244
11.85,11.86,253.44393965741244
11.86,11.87,253.44393965741244
11.87,11.88,251.98420997897463
11.88,11.89,249.08992447176465
11.89,11.9,246.2288826689832
11.9,11.91,241.99881784385852
11.91,11.92,237.8414230005442
11.92,11.93,232.40911739156792
11.93,11.94,228.41646786215435
11.94,11.95,224.49240966187455
11.95,11.96,220.63576443274928
11.96,11.97,214.35469250725862
11.97,11.98,210.67220719096719
11.98,11.99,205.86044732869837
11.99,12.0,196.56411970905023
12.0,12.01,175.11872228117704
12.01,12.02,194.30638823072118
12.02,12.03,195.43199368684918
12.03,12.04,195.43199368684918
12.04,12.05,193.1872657849691
12.05,12.06,193.1872657849691
12.06,12.07,192.07458901020084
12.07,12.08,192.07458901020084
12.08,12.09,190.9683207820833
12.09,12.1,190.9683207820833
12.1,12.11,189.86842419010387
12.11,12.12,186.60659830736148
12.12,12.13,192.07458901020084
12.13,12.14,190.9683207820833
12.14,12.15,189.86842419010387
12.15,12.16,189.86842419010387
12.16,12.17,186.60659830736148
12.17,12.18,186.60659830736148
12.18,12.19,187.68759933422865
12.19,12.2,188.7748625363387
12.2,12.21,188.7748625363387
12.21,12.22,189.86842419010387
12.22,12.23,190.9683207820833
12.23,12.24,190.9683207820833
12.24,12.25,190.9683207820833
12.25,12.26,190.9683207820833
12.26,12.27,190.9683207820833
12.27,12.28,192.07458901020084
12.28,12.29,192.07458901020084
12.29,12.3,192.07458901020084
12.3,12.31,192.07458901020084
12.31,12.32,190.9683207820833
12.32,12.33,190.9683207820833
12.33,12.34,189.86842419010387
12.34,12.35,188.7748625363387
12.35,12.36,187.68759933422865
12.36,12.37,186.60659830736148
12.37,12.38,186.60659830736148
12.38,12.39,185.5318233882619
12.39,12.4,184.46323871718783
12.4,12.41,187.68759933422865
12.41,12.42,188.7748625363387
12.42,12.43,188.7748625363387
12.43,12.44,189.86842419010387
12.44,12.45,190.9683207820833
12.45,12.46,190.9683207820833
12.46,12.47,193.1872657849691
12.47,12.48,194.30638823072118
12.48,12.49,194.30638823072118
12.49,12.5,194.30638823072118
12.5,12.51,194.30638823072118
12.51,12.52,194.30638823072118
12.52,12.53,194.30638823072118
12.53,12.54,192.07458901020084
12.54,12.55,185.5318233882619
12.55,12.56,176.1331747192297
12.56,12.57,190.9683207820833
12.57,12.58,0.0
12.58,12.59,193.1872657849691
12.59,12.6,190.9683207820833
12.6,12.61,189.86842419010387
12.61,12.62,188.7748625363387
12.62,12.63,188.7748625363387
12.63,12.64,188.7748625363387
12.64,12.65,188.7748625363387
12.65,12.66,189.86842419010387
12.66,12.67,189.86842419010387
12.67,12.68,189.86842419010387
12.68,12.69,188.7748625363387
12.69,12.7,188.7748625363387
12.7,12.71,188.7748625363387
12.71,12.72,187.68759933422865
12.72,12.73,186.60659830736148
12.73,12.74,185.5318233882619
12.74,12.75,184.46323871718783
12.75,12.76,180.25009252216606
12.76,12.77,180.25009252216606
12.77,12.78,186.60659830736148
12.78,12.79,202.3238880603845
12.79,12.8,196.56411970905023
12.8,12.81,200.0
12.81,12.82,200.0
12.82,12.83,201.15858821357068
12.83,12.84,203.49593842053727
12.84,12.85,204.67477839935495
12.85,12.86,205.86044732869837
12.86,12.87,208.25243050696125
12.87,12.88,210.67220719096719
12.88,12.89,221.91389441356898
12.89,12.9,225.79288096122622
12.9,12.91,231.07053937445463
12.91,12.92,247.65527207548806
12.92,12.93,253.44393965741244
12.93,12.94,265.4303484677136
12.94,12.95,279.5939868358039
12.95,12.96,284.4812036394563
12.96,12.97,287.786716002164
12.97,12.98,291.13063656843747
12.98,12.99,294.5134116201051
12.99,13.0,297.93549262454053
13.0,13.01,299.66141537533633
13.01,13.02,301.3973362949152
13.02,13.03,301.3973362949152
13.03,13.04,301.3973362949152
13.04,13.05,299.66141537533633
13.05,13.06,287.786716002164
13.06,13.07,279.5939868358039
13.07,13.08,268.51450055605267
13.08,13.09,262.38162088748976
13.09,13.1,259.3679109302019
13.1,13.11,253.44393965741244
13.11,13.12,246.2288826689832
13.12,13.13,243.40070273411817
13.13,13.14,237.8414230005442
13.14,13.15,237.8414230005442
13.15,13.16,236.47155720542963
13.16,13.17,239.21922434748075
13.17,13.18,262.38162088748976
13.18,13.19,291.13063656843747
13.19,13.2,292.81713918912504
13.2,13.21,292.81713918912504
13.21,13.22,292.81713918912504
13.22,13.23,291.13063656843747
13.23,13.24,291.13063656843747
13.24,13.25,291.13063656843747
13.25,13.26,291.13063656843747
13.26,13.27,289.4538474880756
13.27,13.28,289.4538474880756
13.28,13.29,287.786716002164
13.29,13.3,286.12918648705164
13.3,13.31,299.66141537533633
13.31,13.32,303.14331330207966
13.32,13.33,301.3973362949152
13.33,13.34,299.66141537533633
13.34,13.35,299.66141537533633
13.35,13.36,296.2195104573129
13.36,13.37,292.81713918912504
13.37,13.38,291.13063656843747
13.38,13.39,291.13063656843747
13.39,13.4,291.13063656843747
13.4,13.41,291.13063656843747
13.41,13.42,291.13063656843747
13.42,13.43,291.13063656843747
13.43,13.44,289.4538474880756
13.44,13.45,289.4538474880756
13.45,13.46,289.4538474880756
13.46,13.47,287.786716002164
13.47,13.48,286.12918648705164
13.48,13.49,292.81713918912504
13.49,13.5,292.81713918912504
13.5,13.51,292.81713918912504
13.51,13.52,287.786716002164
13.52,13.53,287.786716002164
13.53,13.54,287.786716002164
13.54,13.55,287.786716002164
13.55,13.56,301.3973362949152
13.56,13.57,301.3973362949152
13.57,13.58,301.3973362949152
13.58,13.59,0.0
13.59,13.6,0.0
13.6,13.61,0.0
13.61,13.62,0.0
13.62,13.63,0.0
13.63,13.64,0.0
13.64,13.65,0.0
13.65,13.66,0.0
13.66,13.67,0.0
13.67,13.68,0.0
13.68,13.69,0.0
13.69,13.7,0.0
13.7,13.71,0.0
13.71,13.72,0.0
13.72,13.73,0.0
13.73,13.74,0.0
13.74,13.75,0.0
13.75,13.76,0.0
13.76,13.77,0.0
13.77,13.78,0.0
13.78,13.79,0.0
13.79,13.8,0.0
13.8,13.81,0.0
13.81,13.82,201.15858821357068
13.82,13.83,201.15858821357068
13.83,13.84,202.3238880603845
13.84,13.85,201.15858821357068
13.85,13.86,202.3238880603845
13.86,13.87,203.49593842053727
13.87,13.88,204.67477839935495
13.88,13.89,208.25243050696125
13.89,13.9,208.25243050696125
13.9,13.91,208.25243050696125
13.91,13.92,207.05298476827548
13.92,13.93,205.86044732869837
13.93,13.94,204.67477839935495
13.94,13.95,202.3238880603845
13.95,13.96,205.86044732869837
13.96,13.97,215.59643660857103
13.97,13.98,220.63576443274928
13.98,13.99,224.49240966187455
13.99,14.0,225.79288096122622
14.0,14.01,225.79288096122622
14.01,14.02,227.10088581417543
14.02,14.03,227.10088581417543
14.03,14.04,227.10088581417543
14.04,14.05,228.41646786215435
14.05,14.06,228.41646786215435
14.06,14.07,228.41646786215435
14.07,14.08,227.10088581417543
14.08,14.09,224.49240966187455
14.09,14.1,221.91389441356898
14.1,14.11,220.63576443274928
14.11,14.12,218.10154653305153
14.12,14.13,214.35469250725862
14.13,14.14,213.12010032569688
14.14,14.15,210.67220719096719
14.15,14.16,209.4588245641254
14.16,14.17,209.4588245641254
14.17,14.18,208.25243050696125
14.18,14.19,205.86044732869837
14.19,14.2,204.67477839935495
14.2,14.21,203.49593842053727
14.21,14.22,202.3238880603845
14.22,14.23,202.3238880603845
14.23,14.24,201.15858821357068
14.24,14.25,201.15858821357068
14.25,14.26,198.8480847635095
14.26,14.27,198.8480847635095
14.27,14.28,198.8480847635095
14.28,14.29,198.8480847635095
14.29,14.3,200.0
14.3,14.31,203.49593842053727
14.31,14.32,208.25243050696125
14.32,14.33,210.67220719096719
14.33,14.34,214.35469250725862
14.34,14.35,219.36499593892518
14.35,14.36,224.49240966187455
14.36,14.37,227.10088581417543
14.37,14.38,0.0
14.38,14.39,0.0
14.39,14.4,0.0
14.4,14.41,265.4303484677136
14.41,14.42,270.06998923363795
14.42,14.43,277.98364396846745
14.43,14.44,282.842712474619
14.44,14.45,287.786716002164
14.45,14.46,297.93549262454053
14.46,14.47,308.44216508158814
14.47,14.48,313.83363915870024
14.48,14.49,315.65165893545657
14.49,14.5,315.65165893545657
14.5,14.51,317.4802103936399
14.51,14.52,315.65165893545657
14.52,14.53,312.0260904053494
14.53,14.54,310.2289523667469
14.54,14.55,306.66566893392013
14.55,14.56,303.14331330207966
14.56,14.57,303.14331330207966
14.57,14.58,296.2195104573129
14.58,14.59,292.81713918912504
14.59,14.6,265.4303484677136
14.6,14.61,262.38162088748976
14.61,14.62,256.3888163841458
14.62,14.63,256.3888163841458
14.63,14.64,253.44393965741244
14.64,14.65,246.2288826689832
14.65,14.66,243.40070273411817
14.66,14.67,240.60500721642333
14.67,14.68,240.60500721642333
14.68,14.69,243.40070273411817
14.69,14.7,243.40070273411817
14.7,14.71,262.38162088748976
14.71,14.72,292.81713918912504
14.72,14.73,287.786716002164
14.73,14.74,287.786716002164
14.74,14.75,287.786716002164
14.75,14.76,287.786716002164
14.76,14.77,289.4538474880756
14.77,14.78,289.4538474880756
14.78,14.79,289.4538474880756
14.79,14.8,289.4538474880756
14.8,14.81,289.4538474880756
14.81,14.82,289.4538474880756
14.82,14.83,287.786716002164
14.83,14.84,287.786716002164
14.84,14.85,286.12918648705164
14.85,14.86,286.12918648705164
14.86,14.87,0.0
14.87,14.88,0.0
14.88,14.89,0.0
14.89,14.9,0.0
14.9,14.91,0.0
14.91,14.92,0.0
14.92,14.93,0.0
14.93,14.94,0.0
14.94,14.95,0.0
14.95,14.96,0.0
14.96,14.97,0.0
14.97,14.98,204.67477839935495
14.98,14.99,204.67477839935495
14.99,15.0,204.67477839935495
15.0,15.01,204.67477839935495
15.01,15.02,204.67477839935495
15.02,15.03,204.67477839935495
15.03,15.04,205.86044732869837
15.04,15.05,205.86044732869837
15.05,15.06,207.05298476827548
15.06,15.07,207.05298476827548
15.07,15.08,207.05298476827548
15.08,15.09,205.86044732869837
15.09,15.1,204.67477839935495
15.1,15.11,205.86044732869837
15.11,15.12,208.25243050696125
15.12,15.13,211.89261887185907
15.13,15.14,214.35469250725862
15.14,15.15,215.59643660857103
15.15,15.16,214.35469250725862
15.16,15.17,213.12010032569688
15.17,15.18,210.67220719096719
15.18,15.19,209.4588245641254
15.19,15.2,207.05298476827548
15.2,15.21,204.67477839935495
15.21,15.22,200.0
15.22,15.23,196.56411970905023
15.23,15.24,184.46323871718783
15.24,15.25,174.11011265922482
15.25,15.26,185.5318233882619
15.26,15.27,197.70280407057922
15.27,15.28,204.67477839935495
15.28,15.29,0.0
15.29,15.3,0.0
15.3,15.31,0.0
15.31,15.32,0.0
15.32,15.33,0.0
15.33,15.34,0.0
15.34,15.35,0.0
15.35,15.36,0.0
15.36,15.37,0.0
15.37,15.38,0.0
15.38,15.39,0.0
15.39,15.4,0.0
15.4,15.41,0.0
15.41,15.42,0.0
15.42,15.43,0.0
15.43,15.44,0.0
15.44,15.45,0.0
15.45,15.46,0.0
15.46,15.47,0.0
15.47,15.48,0.0
15.48,15.49,0.0
15.49,15.5,0.0
15.5,15.51,0.0
15.51,15.52,0.0
15.52,15.53,0.0
15.53,15.54,0.0
15.54,15.55,0.0
15.55,15.56,0.0
15.56,15.57,0.0
15.57,15.58,0.0
15.58,15.59,0.0
15.59,15.6,0.0
15.6,15.61,0.0
15.61,15.62,0.0
15.62,15.63,0.0
15.63,15.64,0.0
15.64,15.65,0.0
15.65,15.66,0.0
15.66,15.67,0.0
15.67,15.68,0.0
15.68,15.69,0.0
15.69,15.7,0.0
15.7,15.71,0.0
15.71,15.72,0.0
15.72,15.73,0.0
15.73,15.74,0.0
15.74,15.75,0.0
15.75,15.76,0.0
15.76,15.77,0.0
15.77,15.78,0.0
15.78,15.79,0.0
15.79,15.8,0.0
15.8,15.81,0.0
15.81,15.82,0.0
15.82,15.83,0.0
15.83,15.84,0.0
15.84,15.85,0.0
15.85,15.86,0.0
15.86,15.87,0.0
15.87,15.88,0.0
15.88,15.89,0.0
15.89,15.9,0.0
15.9,15.91,0.0
15.91,15.92,0.0
15.92,15.93,0.0
15.93,15.94,0.0
15.94,15.95,0.0
15.95,15.96,0.0
15.96,15.97,0.0
15.97,15.98,0.0
15.98,15.99,0.0
15.99,16.0,0.0
16.0,16.01,0.0
16.01,16.02,0.0
16.02,16.03,0.0
16.03,16.04,0.0
16.04,16.05,0.0
16.05,16.06,0.0
16.06,16.07,0.0
16.07,16.08,0.0
16.08,16.09,0.0
16.09,16.1,0.0
16.1,16.11,0.0
16.11,16.12,0.0
16.12,16.13,0.0
16.13,16.14,0.0
16.14,16.15,0.0
16.15,16.16,0.0
16.16,16.17,0.0
16.17,16.18,0.0
16.18,16.19,0.0
16.19,16.2,0.0
16.2,16.21,0.0
16.21,16.22,0.0
16.22,16.23,0.0
16.23,16.24,0.0
16.24,16.25,0.0
16.25,16.26,0.0
16.26,16.27,0.0
16.27,16.28,0.0
16.28,16.29,0.0
16.29,16.3,0.0
16.3,16.31,0.0
16.31,16.32,0.0
16.32,16.33,0.0
16.33,16.34,260.87041395311286
16.34,16.35,253.44393965741244
16.35,16.36,251.98420997897463
16.36,16.37,247.65527207548806
16.37,16.38,246.2288826689832
16.38,16.39,241.99881784385852
16.39,16.4,237.8414230005442
16.4,16.41,232.40911739156792
16.41,16.42,225.79288096122622
16.42,16.43,219.36499593892518
16.43,16.44,214.35469250725862
16.44,16.45,211.89261887185907
16.45,16.46,202.3238880603845
16.46,16.47,202.3238880603845
16.47,16.48,195.43199368684918
16.48,16.49,195.43199368684918
16.49,16.5,194.30638823072118
16.5,16.51,194.30638823072118
16.51,16.52,193.1872657849691
16.52,16.53,185.5318233882619
16.53,16.54,0.0
16.54,16.55,0.0
16.55,16.56,0.0
16.56,16.57,0.0
16.57,16.58,0.0
16.58,16.59,0.0
16.59,16.6,215.59643660857103
16.6,16.61,225.79288096122622
16.61,16.62,225.79288096122622
16.62,16.63,225.79288096122622
16.63,16.64,225.79288096122622
16.64,16.65,225.79288096122622
16.65,16.66,225.79288096122622
16.66,16.67,225.79288096122622
16.67,16.68,225.79288096122622
16.68,16.69,224.49240966187455
16.69,16.7,224.49240966187455
16.7,16.71,223.1994285260446
16.71,16.72,220.63576443274928
16.72,16.73,218.10154653305153
16.73,16.74,201.15858821357068
16.74,16.75,224.49240966187455
16.75,16.76,236.47155720542963
16.76,16.77,0.0
16.77,16.78,0.0
16.78,16.79,0.0
16.79,16.8,0.0
16.8,16.81,0.0
16.81,16.82,0.0
16.82,16.83,244.81070866093103
16.83,16.84,244.81070866093103
16.84,16.85,247.65527207548806
16.85,16.86,243.40070273411817
16.86,16.87,0.0
16.87,16.88,0.0
16.88,16.89,0.0
16.89,16.9,0.0
16.9,16.91,0.0
16.91,16.92,0.0
16.92,16.93,0.0
16.93,16.94,0.0
16.94,16.95,0.0
16.95,16.96,312.0260904053494
16.96,16.97,306.66566893392013
16.97,16.98,306.66566893392013
16.98,16.99,306.66566893392013
16.99,17.0,306.66566893392013
17.0,17.01,306.66566893392013
17.01,17.02,306.66566893392013
17.02,17.03,306.66566893392013
17.03,17.04,303.14331330207966
17.04,17.05,294.5134116201051
17.05,17.06,289.4538474880756
17.06,17.07,284.4812036394563
17.07,17.08,0.0
17.08,17.09,265.4303484677136
17.09,17.1,268.51450055605267
17.1,17.11,265.4303484677136
17.11,17.12,262.38162088748976
17.12,17.13,260.87041395311286
17.13,17.14,257.8740616879158
17.14,17.15,251.98420997897463
17.15,17.16,244.81070866093103
17.16,17.17,240.60500721642333
17.17,17.18,237.8414230005442
17.18,17.19,0.0
17.19,17.2,0.0
17.2,17.21,0.0
17.21,17.22,0.0
17.22,17.23,0.0
17.23,17.24,216.8453740602837
17.24,17.25,216.8453740602837
17.25,17.26,216.8453740602837
17.26,17.27,213.12010032569688
17.27,17.28,210.67220719096719
17.28,17.29,208.25243050696125
17.29,17.3,205.86044732869837
17.3,17.31,204.67477839935495
17.31,17.32,202.3238880603845
17.32,17.33,197.70280407057922
17.33,17.34,194.30638823072118
17.34,17.35,194.30638823072118
17.35,17.36,209.4588245641254
17.36,17.37,209.4588245641254
17.37,17.38,209.4588245641254
17.38,17.39,209.4588245641254
17.39,17.4,209.4588245641254
17.4,17.41,205.86044732869837
17.41,17.42,204.67477839935495
17.42,17.43,211.89261887185907
17.43,17.44,0.0
17.44,17.45,220.63576443274928
17.45,17.46,219.36499593892518
17.46,17.47,216.8453740602837
17.47,17.48,216.8453740602837
17.48,17.49,231.07053937445463
17.49,17.5,235.10958125672175
17.5,17.51,235.10958125672175
17.51,17.52,236.47155720542963
17.52,17.53,237.8414230005442
17.53,17.54,239.21922434748075
17.54,17.55,241.99881784385852
17.55,17.56,244.81070866093103
17.56,17.57,247.65527207548806
17.57,17.58,249.08992447176465
17.58,17.59,273.20805135087915
17.59,17.6,0.0
17.6,17.61,321.1691527453505
17.61,17.62,321.1691527453505
17.62,17.63,321.1691527453505
17.63,17.64,321.1691527453505
17.64,17.65,321.1691527453505
17.65,17.66,319.31935454265994
17.66,17.67,319.31935454265994
17.67,17.68,317.4802103936399
17.68,17.69,315.65165893545657
17.69,17.7,317.4802103936399
17.7,17.71,317.4802103936399
17.71,17.72,319.31935454265994
17.72,17.73,319.31935454265994
17.73,17.74,323.02966672001685
17.74,17.75,324.9009585424942
17.75,17.76,326.78309064822
17.76,17.77,326.78309064822
17.77,17.78,328.6761258343161
17.78,17.79,328.6761258343161
17.79,17.8,326.78309064822
17.8,17.81,324.9009585424942
17.81,17.82,324.9009585424942
17.82,17.83,323.02966672001685
17.83,17.84,321.1691527453505
17.84,17.85,319.31935454265994
17.85,17.86,350.237444562354
17.86,17.87,368.92647743437567
17.87,17.88,0.0
17.88,17.89,0.0
17.89,17.9,340.26686438034227
17.9,17.91,336.3585661014858
17.91,17.92,334.4212833154038
17.92,17.93,334.4212833154038
17.93,17.94,332.4951584571151
17.94,17.95,330.5801272616847
17.95,17.96,330.5801272616847
17.96,17.97,328.6761258343161
17.97,17.98,326.78309064822
17.98,17.99,326.78309064822
17.99,18.0,326.78309064822
18.0,18.01,326.78309064822
18.01,18.02,326.78309064822
18.02,18.03,326.78309064822
18.03,18.04,324.9009585424942
18.04,18.05,323.02966672001685
18.05,18.06,321.1691527453505
18.06,18.07,319.31935454265994
18.07,18.08,315.65165893545657
18.08,18.09,312.0260904053494
18.09,18.1,308.44216508158814
18.1,18.11,303.14331330207966
18.11,18.12,299.66141537533633
18.12,18.13,294.5134116201051
18.13,18.14,291.13063656843747
18.14,18.15,287.786716002164
18.15,18.16,297.93549262454053
18.16,18.17,312.0260904053494
18.17,18.18,312.0260904053494
18.18,18.19,308.44216508158814
18.19,18.2,306.66566893392013
18.2,18.21,306.66566893392013
18.21,18.22,0.0
18.22,18.23,0.0
18.23,18.24,0.0
18.24,18.25,240.60500721642333
18.25,18.26,239.21922434748075
18.26,18.27,237.8414230005442
18.27,18.28,236.47155720542963
18.28,18.29,233.75544971224912
18.29,18.3,229.73967099940702
18.3,18.31,227.10088581417543
18.31,18.32,225.79288096122622
18.32,18.33,224.49240966187455
18.33,18.34,224.49240966187455
18.34,18.35,229.73967099940702
18.35,18.36,232.40911739156792
18.36,18.37,231.07053937445463
18.37,18.38,231.07053937445463
18.38,18.39,229.73967099940702
18.39,18.4,229.73967099940702
18.4,18.41,229.73967099940702
18.41,18.42,229.73967099940702
18.42,18.43,229.73967099940702
18.43,18.44,229.73967099940702
18.44,18.45,229.73967099940702
18.45,18.46,229.73967099940702
18.46,18.47,228.41646786215435
18.47,18.48,228.41646786215435
18.48,18.49,227.10088581417543
18.49,18.5,227.10088581417543
18.5,18.51,225.79288096122622
18.51,18.52,225.79288096122622
18.52,18.53,224.49240966187455
18.53,18.54,223.1994285260446
18.54,18.55,223.1994285260446
18.55,18.56,220.63576443274928
18.56,18.57,219.36499593892518
18.57,18.58,218.10154653305153
18.58,18.59,216.8453740602837
18.59,18.6,215.59643660857103
18.6,18.61,214.35469250725862
18.61,18.62,213.12010032569688
18.62,18.63,211.89261887185907
18.63,18.64,209.4588245641254
18.64,18.65,208.25243050696125
18.65,18.66,207.05298476827548
18.66,18.67,205.86044732869837
18.67,18.68,204.67477839935495
18.68,18.69,204.67477839935495
18.69,18.7,203.49593842053727
18.7,18.71,203.49593842053727
18.71,18.72,203.49593842053727
18.72,18.73,202.3238880603845
18.73,18.74,202.3238880603845
18.74,18.75,201.15858821357068
18.75,18.76,200.0
18.76,18.77,200.0
18.77,18.78,198.8480847635095
18.78,18.79,198.8480847635095
18.79,18.8,197.70280407057922
18.8,18.81,197.70280407057922
18.81,18.82,196.56411970905023
18.82,18.83,196.56411970905023
18.83,18.84,194.30638823072118
18.84,18.85,195.43199368684918
18.85,18.86,197.70280407057922
18.86,18.87,200.0
18.87,18.88,200.0
18.88,18.89,197.70280407057922
18.89,18.9,0.0
18.9,18.91,0.0
18.91,18.92,0.0
18.92,18.93,0.0
18.93,18.94,221.91389441356898
18.94,18.95,216.8453740602837
18.95,18.96,215.59643660857103
18.96,18.97,214.35469250725862
18.97,18.98,211.89261887185907
18.98,18.99,210.67220719096719
18.99,19.0,208.25243050696125
19.0,19.01,209.4588245641254
19.01,19.02,211.89261887185907
19.02,19.03,214.35469250725862
19.03,19.04,215.59643660857103
19.04,19.05,219.36499593892518
19.05,19.06,221.91389441356898
19.06,19.07,224.49240966187455
19.07,19.08,227.10088581417543
19.08,19.09,232.40911739156792
19.09,19.1,237.8414230005442
19.1,19.11,239.21922434748075
19.11,19.12,239.21922434748075
19.12,19.13,240.60500721642333
19.13,19.14,241.99881784385852
19.14,19.15,240.60500721642333
19.15,19.16,240.60500721642333
19.16,19.17,240.60500721642333
19.17,19.18,237.8414230005442
19.18,19.19,225.79288096122622
19.19,19.2,0.0
19.2,19.21,0.0
19.21,19.22,0.0
19.22,19.23,247.65527207548806
19.23,19.24,246.2288826689832
19.24,19.25,243.40070273411817
19.25,19.26,239.21922434748075
19.26,19.27,232.40911739156792
19.27,19.28,224.49240966187455
19.28,19.29,221.91389441356898
19.29,19.3,219.36499593892518
19.3,19.31,218.10154653305153
19.31,19.32,215.59643660857103
19.32,19.33,214.35469250725862
19.33,19.34,211.89261887185907
19.34,19.35,209.4588245641254
19.35,19.36,208.25243050696125
19.36,19.37,207.05298476827548
19.37,19.38,207.05298476827548
19.38,19.39,205.86044732869837
19.39,19.4,204.67477839935495
19.4,19.41,204.67477839935495
19.41,19.42,203.49593842053727
19.42,19.43,203.49593842053727
19.43,19.44,203.49593842053727
19.44,19.45,202.3238880603845
19.45,19.46,202.3238880603845
19.46,19.47,202.3238880603845
19.47,19.48,201.15858821357068
19.48,19.49,201.15858821357068
19.49,19.5,201.15858821357068
19.5,19.51,200.0
19.51,19.52,200.0
19.52,19.53,200.0
19.53,19.54,201.15858821357068
19.54,19.55,201.15858821357068
19.55,19.56,201.15858821357068
19.56,19.57,201.15858821357068
19.57,19.58,201.15858821357068
19.58,19.59,201.15858821357068
19.59,19.6,201.15858821357068
19.6,19.61,201.15858821357068
19.61,19.62,201.15858821357068
19.62,19.63,201.15858821357068
19.63,19.64,201.15858821357068
19.64,19.65,200.0
19.65,19.66,201.15858821357068
19.66,19.67,196.56411970905023
19.67,19.68,0.0
19.68,19.69,0.0
19.69,19.7,0.0
19.7,19.71,0.0
19.71,19.72,0.0
19.72,19.73,231.07053937445463
19.73,19.74,225.79288096122622
19.74,19.75,214.35469250725862
19.75,19.76,211.89261887185907
19.76,19.77,209.4588245641254
19.77,19.78,208.25243050696125
19.78,19.79,201.15858821357068
19.79,19.8,194.30638823072118
19.8,19.81,194.30638823072118
19.81,19.82,194.30638823072118
19.82,19.83,194.30638823072118
19.83,19.84,194.30638823072118
19.84,19.85,193.1872657849691
19.85,19.86,192.07458901020084
19.86,19.87,190.9683207820833
19.87,19.88,189.86842419010387
19.88,19.89,187.68759933422865
19.89,19.9,188.7748625363387
19.9,19.91,193.1872657849691
19.91,19.92,194.30638823072118
19.92,19.93,194.30638823072118
19.93,19.94,194.30638823072118
19.94,19.95,194.30638823072118
19.95,19.96,194.30638823072118
19.96,19.97,194.30638823072118
19.97,19.98,195.43199368684918
19.98,19.99,193.1872657849691
19.99,20.0,188.7748625363387
20.0,20.01,192.07458901020084
20.01,20.02,0.0
20.02,20.03,0.0
20.03,20.04,214.35469250725862
20.04,20.05,210.67220719096719
20.05,20.06,208.25243050696125
20.06,20.07,207.05298476827548
20.07,20.08,204.67477839935495
20.08,20.09,202.3238880603845
20.09,20.1,200.0
20.1,20.11,196.56411970905023
20.11,20.12,192.07458901020084
20.12,20.13,190.9683207820833
20.13,20.14,196.56411970905023
20.14,20.15,192.07458901020084
20.15,20.16,197.70280407057922
20.16,20.17,201.15858821357068
20.17,20.18,202.3238880603845
20.18,20.19,202.3238880603845
20.19,20.2,202.3238880603845
20.2,20.21,201.15858821357068
20.21,20.22,200.0
20.22,20.23,198.8480847635095
20.23,20.24,197.70280407057922
20.24,20.25,197.70280407057922
20.25,20.26,198.8480847635095
20.26,20.27,197.70280407057922
20.27,20.28,197.70280407057922
20.28,20.29,197.70280407057922
20.29,20.3,197.70280407057922
20.3,20.31,197.70280407057922
20.31,20.32,197.70280407057922
20.32,20.33,196.56411970905023
20.33,20.34,195.43199368684918
20.34,20.35,194.30638823072118
20.35,20.36,193.1872657849691
20.36,20.37,193.1872657849691
20.37,20.38,193.1872657849691
20.38,20.39,194.30638823072118
20.39,20.4,194.30638823072118
20.4,20.41,194.30638823072118
20.41,20.42,194.30638823072118
20.42,20.43,194.30638823072118
20.43,20.44,194.30638823072118
20.44,20.45,192.07458901020084
20.45,20.46,192.07458901020084
20.46,20.47,194.30638823072118
20.47,20.48,190.9683207820833
20.48,20.49,192.07458901020084
20.49,20.5,190.9683207820833
20.5,20.51,190.9683207820833
20.51,20.52,190.9683207820833
20.52,20.53,0.0
20.53,20.54,0.0
20.54,20.55,0.0
20.55,20.56,197.70280407057922
20.56,20.57,196.56411970905023
20.57,20.58,196.56411970905023
20.58,20.59,195.43199368684918
20.59,20.6,193.1872657849691
20.6,20.61,192.07458901020084
20.61,20.62,190.9683207820833
20.62,20.63,189.86842419010387
20.63,20.64,188.7748625363387
20.64,20.65,188.7748625363387
20.65,20.66,188.7748625363387
20.66,20.67,188.7748625363387
20.67,20.68,188.7748625363387
20.68,20.69,188.7748625363387
20.69,20.7,188.7748625363387
20.7,20.71,188.7748625363387
20.71,20.72,188.7748625363387
20.72,20.73,188.7748625363387
20.73,20.74,188.7748625363387
20.74,20.75,188.7748625363387
20.75,20.76,188.7748625363387
20.76,20.77,188.7748625363387
20.77,20.78,188.7748625363387
20.78,20.79,188.7748625363387
20.79,20.8,188.7748625363387
20.8,20.81,187.68759933422865
20.81,20.82,188.7748625363387
20.82,20.83,187.68759933422865
20.83,20.84,188.7748625363387
20.84,20.85,188.7748625363387
20.85,20.86,188.7748625363387
20.86,20.87,188.7748625363387
20.87,20.88,0.0
20.88,20.89,0.0
20.89,20.9,0.0
20.9,20.91,0.0
20.91,20.92,0.0
20.92,20.93,0.0
20.93,20.94,0.0
20.94,20.95,0.0
20.95,20.96,0.0
20.96,20.97,0.0
20.97,20.98,0.0
20.98,20.99,0.0
20.99,21.0,0.0
21.0,21.01,0.0
21.01,21.02,0.0
21.02,21.03,0.0
21.03,21.04,0.0
21.04,21.05,0.0
21.05,21.06,0.0
21.06,21.07,0.0
21.07,21.08,0.0
21.08,21.09,0.0
21.09,21.1,0.0
21.1,21.11,0.0
21.11,21.12,0.0
21.12,21.13,0.0
21.13,21.14,0.0
21.14,21.15,0.0
21.15,21.16,0.0
21.16,21.17,0.0
21.17,21.18,218.10154653305153
21.18,21.19,215.59643660857103
21.19,21.2,214.35469250725862
21.2,21.21,211.89261887185907
21.21,21.22,210.67220719096719
21.22,21.23,211.89261887185907
21.23,21.24,210.67220719096719
21.24,21.25,210.67220719096719
21.25,21.26,210.67220719096719
21.26,21.27,202.3238880603845
21.27,21.28,198.8480847635095
21.28,21.29,188.7748625363387
21.29,21.3,188.7748625363387
21.3,21.31,197.70280407057922
21.31,21.32,205.86044732869837
21.32,21.33,213.12010032569688
21.33,21.34,213.12010032569688
21.34,21.35,214.35469250725862
21.35,21.36,214.35469250725862
21.36,21.37,214.35469250725862
21.37,21.38,214.35469250725862
21.38,21.39,214.35469250725862
21.39,21.4,214.35469250725862
21.4,21.41,213.12010032569688
21.41,21.42,208.25243050696125
21.42,21.43,205.86044732869837
21.43,21.44,202.3238880603845
21.44,21.45,202.3238880603845
21.45,21.46,203.49593842053727
21.46,21.47,204.67477839935495
21.47,21.48,204.67477839935495
21.48,21.49,204.67477839935495
21.49,21.5,203.49593842053727
21.5,21.51,203.49593842053727
21.51,21.52,202.3238880603845
21.52,21.53,198.8480847635095
21.53,21.54,196.56411970905023
21.54,21.55,197.70280407057922
21.55,21.56,197.70280407057922
21.56,21.57,197.70280407057922
21.57,21.58,197.70280407057922
21.58,21.59,197.70280407057922
21.59,21.6,197.70280407057922
21.6,21.61,196.56411970905023
21.61,21.62,196.56411970905023
21.62,21.63,195.43199368684918
21.63,21.64,195.43199368684918
21.64,21.65,0.0
21.65,21.66,0.0
21.66,21.67,0.0
21.67,21.68,0.0
21.68,21.69,0.0
21.69,21.7,0.0
21.7,21.71,0.0
21.71,21.72,0.0
21.72,21.73,0.0
21.73,21.74,0.0
21.74,21.75,0.0
21.75,21.76,236.47155720542963
21.76,21.77,232.40911739156792
21.77,21.78,229.73967099940702
21.78,21.79,228.41646786215435
21.79,21.8,227.10088581417543
21.8,21.81,225.79288096122622
21.81,21.82,224.49240966187455
21.82,21.83,218.10154653305153
21.83,21.84,221.91389441356898
21.84,21.85,221.91389441356898
21.85,21.86,220.63576443274928
21.86,21.87,218.10154653305153
21.87,21.88,213.12010032569688
21.88,21.89,209.4588245641254
21.89,21.9,202.3238880603845
21.9,21.91,197.70280407057922
21.91,21.92,209.4588245641254
21.92,21.93,205.86044732869837
21.93,21.94,209.4588245641254
21.94,21.95,208.25243050696125
21.95,21.96,207.05298476827548
21.96,21.97,204.67477839935495
21.97,21.98,203.49593842053727
21.98,21.99,202.3238880603845
21.99,22.0,200.0
22.0,22.01,198.8480847635095
22.01,22.02,197.70280407057922
22.02,22.03,195.43199368684918
22.03,22.04,193.1872657849691
22.04,22.05,192.07458901020084
22.05,22.06,192.07458901020084
22.06,22.07,193.1872657849691
22.07,22.08,193.1872657849691
22.08,22.09,194.30638823072118
22.09,22.1,194.30638823072118
22.1,22.11,193.1872657849691
22.11,22.12,193.1872657849691
22.12,22.13,193.1872657849691
22.13,22.14,193.1872657849691
22.14,22.15,194.30638823072118
22.15,22.16,195.43199368684918
22.16,22.17,195.43199368684918
22.17,22.18,203.49593842053727
22.18,22.19,215.59643660857103
22.19,22.2,223.1994285260446
22.2,22.21,236.47155720542963
22.21,22.22,240.60500721642333
22.22,22.23,243.40070273411817
22.23,22.24,247.65527207548806
22.24,22.25,250.53288772482563
22.25,22.26,254.91212546385245
22.26,22.27,259.3679109302019
22.27,22.28,263.9015821545788
22.28,22.29,271.6344887654643
22.29,22.3,287.786716002164
22.3,22.31,303.14331330207966
22.31,22.32,312.0260904053494
22.32,22.33,319.31935454265994
22.33,22.34,324.9009585424942
22.34,22.35,324.9009585424942
22.35,22.36,326.78309064822
22.36,22.37,326.78309064822
22.37,22.38,324.9009585424942
22.38,22.39,324.9009585424942
22.39,22.4,324.9009585424942
22.4,22.41,323.02966672001685
22.41,22.42,323.02966672001685
22.42,22.43,321.1691527453505
22.43,22.44,321.1691527453505
22.44,22.45,321.1691527453505
22.45,22.46,321.1691527453505
22.46,22.47,321.1691527453505
22.47,22.48,321.1691527453505
22.48,22.49,321.1691527453505
22.49,22.5,323.02966672001685
22.5,22.51,323.02966672001685
22.51,22.52,324.9009585424942
22.52,22.53,324.9009585424942
22.53,22.54,324.9009585424942
22.54,22.55,324.9009585424942
22.55,22.56,324.9009585424942
22.56,22.57,323.02966672001685
22.57,22.58,323.02966672001685
22.58,22.59,323.02966672001685
22.59,22.6,321.1691527453505
22.6,22.61,321.1691527453505
22.61,22.62,321.1691527453505
22.62,22.63,321.1691527453505
22.63,22.64,319.31935454265994
22.64,22.65,319.31935454265994
22.65,22.66,317.4802103936399
22.66,22.67,317.4802103936399
22.67,22.68,315.65165893545657
22.68,22.69,313.83363915870024
22.69,22.7,0.0
22.7,22.71,0.0
22.71,22.72,0.0
22.72,22.73,0.0
22.73,22.74,0.0
22.74,22.75,0.0
22.75,22.76,0.0
22.76,22.77,0.0
22.77,22.78,0.0
22.78,22.79,0.0
22.79,22.8,0.0
22.8,22.81,0.0
22.81,22.82,0.0
22.82,22.83,0.0
22.83,22.84,0.0
22.84,22.85,214.35469250725862
22.85,22.86,215.59643660857103
22.86,22.87,215.59643660857103
22.87,22.88,215.59643660857103
22.88,22.89,215.59643660857103
22.89,22.9,214.35469250725862
22.9,22.91,214.35469250725862
22.91,22.92,213.12010032569688
22.92,22.93,213.12010032569688
22.93,22.94,211.89261887185907
22.94,22.95,211.89261887185907
22.95,22.96,210.67220719096719
22.96,22.97,209.4588245641254
22.97,22.98,209.4588245641254
22.98,22.99,208.25243050696125
22.99,23.0,208.25243050696125
23.0,23.01,208.25243050696125
23.01,23.02,207.05298476827548
23.02,23.03,207.05298476827548
23.03,23.04,205.86044732869837
23.04,23.05,205.86044732869837
23.05,23.06,204.67477839935495
23.06,23.07,203.49593842053727
23.07,23.08,203.49593842053727
23.08,23.09,203.49593842053727
23.09,23.1,202.3238880603845
23.1,23.11,202.3238880603845
23.11,23.12,202.3238880603845
23.12,23.13,201.15858821357068
23.13,23.14,200.0
23.14,23.15,200.0
23.15,23.16,200.0
23.16,23.17,198.8480847635095
23.17,23.18,198.8480847635095
23.18,23.19,197.70280407057922
23.19,23.2,196.56411970905023
23.2,23.21,196.56411970905023
23.21,23.22,0.0
23.22,23.23,0.0
23.23,23.24,0.0
23.24,23.25,193.1872657849691
23.25,23.26,193.1872657849691
23.26,23.27,193.1872657849691
23.27,23.28,193.1872657849691
23.28,23.29,193.1872657849691
23.29,23.3,193.1872657849691
23.3,23.31,193.1872657849691
23.31,23.32,192.07458901020084
23.32,23.33,192.07458901020084
23.33,23.34,192.07458901020084
23.34,23.35,190.9683207820833
23.35,23.36,190.9683207820833
23.36,23.37,192.07458901020084
23.37,23.38,192.07458901020084
23.38,23.39,192.07458901020084
23.39,23.4,192.07458901020084
23.4,23.41,192.07458901020084
23.41,23.42,192.07458901020084
23.42,23.43,192.07458901020084
23.43,23.44,192.07458901020084
23.44,23.45,192.07458901020084
23.45,23.46,192.07458901020084
23.46,23.47,190.9683207820833
23.47,23.48,190.9683207820833
23.48,23.49,190.9683207820833
23.49,23.5,189.86842419010387
23.5,23.51,0.0
23.51,23.52,0.0
23.52,23.53,0.0
23.53,23.54,0.0
23.54,23.55,0.0
23.55,23.56,0.0
23.56,23.57,0.0
23.57,23.58,0.0
23.58,23.59,0.0
23.59,23.6,0.0
23.6,23.61,0.0
23.61,23.62,0.0
23.62,23.63,0.0
23.63,23.64,0.0
23.64,23.65,193.1872657849691
23.65,23.66,189.86842419010387
23.66,23.67,201.15858821357068
23.67,23.68,202.3238880603845
23.68,23.69,201.15858821357068
23.69,23.7,192.07458901020084
23.7,23.71,194.30638823072118
23.71,23.72,194.30638823072118
23.72,23.73,0.0
23.73,23.74,0.0
23.74,23.75,0.0
23.75,23.76,0.0
23.76,23.77,0.0
23.77,23.78,200.0
23.78,23.79,198.8480847635095
23.79,23.8,198.8480847635095
23.8,23.81,197.70280407057922
23.81,23.82,197.70280407057922
23.82,23.83,196.56411970905023
23.83,23.84,197.70280407057922
23.84,23.85,197.70280407057922
23.85,23.86,197.70280407057922
23.86,23.87,196.56411970905023
23.87,23.88,195.43199368684918
23.88,23.89,193.1872657849691
23.89,23.9,193.1872657849691
23.9,23.91,193.1872657849691
23.91,23.92,192.07458901020084
23.92,23.93,190.9683207820833
23.93,23.94,190.9683207820833
23.94,23.95,189.86842419010387
23.95,23.96,188.7748625363387
23.96,23.97,188.7748625363387
23.97,23.98,188.7748625363387
23.98,23.99,189.86842419010387
23.99,24.0,190.9683207820833
24.0,24.01,189.86842419010387
24.01,24.02,188.7748625363387
24.02,24.03,188.7748625363387
24.03,24.04,187.68759933422865
24.04,24.05,186.60659830736148
24.05,24.06,186.60659830736148
24.06,24.07,185.5318233882619
24.07,24.08,184.46323871718783
24.08,24.09,183.40080864093423
24.09,24.1,184.46323871718783
24.1,24.11,185.5318233882619
24.11,24.12,190.9683207820833
24.12,24.13,204.67477839935495
24.13,24.14,196.56411970905023
24.14,24.15,193.1872657849691
24.15,24.16,192.07458901020084
24.16,24.17,190.9683207820833
24.17,24.18,189.86842419010387
24.18,24.19,188.7748625363387
24.19,24.2,187.68759933422865
24.2,24.21,186.60659830736148
24.21,24.22,184.46323871718783
24.22,24.23,180.25009252216606
24.23,24.24,175.11872228117704
24.24,24.25,179.21192838239048
24.25,24.26,172.11028744886602
24.26,24.27,186.60659830736148
24.27,24.28,186.60659830736148
24.28,24.29,0.0
24.29,24.3,0.0
24.3,24.31,0.0
24.31,24.32,0.0
24.32,24.33,0.0
24.33,24.34,0.0
24.34,24.35,174.11011265922482
24.35,24.36,172.11028744886602
24.36,24.37,171.11900513652043
24.37,24.38,169.1535357262897
24.38,24.39,169.1535357262897
24.39,24.4,173.1073122012286
24.4,24.41,166.24757922855756
24.41,24.42,162.4504792712471
24.42,24.43,0.0
24.43,24.44,0.0
24.44,24.45,0.0
24.45,24.46,0.0
24.46,24.47,0.0
24.47,24.48,0.0
24.48,24.49,0.0
24.49,24.5,0.0
24.5,24.51,0.0
24.51,24.52,0.0
24.52,24.53,0.0
24.53,24.54,0.0
24.54,24.55,0.0
24.55,24.56,192.07458901020084
24.56,24.57,189.86842419010387
24.57,24.58,187.68759933422865
24.58,24.59,186.60659830736148
24.59,24.6,186.60659830736148
24.6,24.61,186.60659830736148
24.61,24.62,186.60659830736148
24.62,24.63,186.60659830736148
24.63,24.64,187.68759933422865
24.64,24.65,188.7748625363387
24.65,24.66,192.07458901020084
24.66,24.67,194.30638823072118
24.67,24.68,190.9683207820833
24.68,24.69,186.60659830736148
24.69,24.7,190.9683207820833
24.7,24.71,190.9683207820833
24.71,24.72,190.9683207820833
24.72,24.73,190.9683207820833
24.73,24.74,0.0
24.74,24.75,0.0
24.75,24.76,0.0
24.76,24.77,0.0
24.77,24.78,0.0
24.78,24.79,260.87041395311286
24.79,24.8,260.87041395311286
24.8,24.81,259.3679109302019
24.81,24.82,259.3679109302019
24.82,24.83,254.91212546385245
24.83,24.84,251.98420997897463
24.84,24.85,254.91212546385245
24.85,24.86,257.8740616879158
24.86,24.87,260.87041395311286
24.87,24.88,265.4303484677136
24.88,24.89,271.6344887654643
24.89,24.9,276.38257599355524
24.9,24.91,279.5939868358039
24.91,24.92,279.5939868358039
24.92,24.93,281.2136583244699
24.93,24.94,281.2136583244699
24.94,24.95,279.5939868358039
24.95,24.96,277.98364396846745
24.96,24.97,274.79072949161787
24.97,24.98,268.51450055605267
24.98,24.99,273.20805135087915
24.99,25.0,274.79072949161787
25.0,25.01,270.06998923363795
25.01,25.02,265.4303484677136
25.02,25.03,262.38162088748976
25.03,25.04,260.87041395311286
25.04,25.05,254.91212546385245
25.05,25.06,244.81070866093103
25.06,25.07,240.60500721642333
25.07,25.08,219.36499593892518
25.08,25.09,0.0
25.09,25.1,214.35469250725862
25.1,25.11,211.89261887185907
25.11,25.12,210.67220719096719
25.12,25.13,210.67220719096719
25.13,25.14,210.67220719096719
25.14,25.15,205.86044732869837
25.15,25.16,202.3238880603845
25.16,25.17,202.3238880603845
25.17,25.18,201.15858821357068
25.18,25.19,198.8480847635095
25.19,25.2,194.30638823072118
25.2,25.21,190.9683207820833
25.21,25.22,185.5318233882619
25.22,25.23,0.0
25.23,25.24,0.0
25.24,25.25,0.0
25.25,25.26,0.0
25.26,25.27,203.49593842053727
25.27,25.28,202.3238880603845
25.28,25.29,201.15858821357068
25.29,25.3,198.8480847635095
25.3,25.31,198.8480847635095
25.31,25.32,196.56411970905023
25.32,25.33,195.43199368684918
25.33,25.34,193.1872657849691
25.34,25.35,194.30638823072118
25.35,25.36,195.43199368684918
25.36,25.37,195.43199368684918
25.37,25.38,196.56411970905023
25.38,25.39,196.56411970905023
25.39,25.4,196.56411970905023
25.4,25.41,196.56411970905023
25.41,25.42,195.43199368684918
25.42,25.43,192.07458901020084
25.43,25.44,0.0
25.44,25.45,0.0
25.45,25.46,0.0
25.46,25.47,0.0
25.47,25.48,0.0
25.48,25.49,0.0
25.49,25.5,0.0
25.5,25.51,0.0
25.51,25.52,0.0
25.52,25.53,0.0
25.53,25.54,0.0
25.54,25.55,0.0
25.55,25.56,0.0
25.56,25.57,0.0
25.57,25.58,0.0
25.58,25.59,0.0
25.59,25.6,0.0
25.6,25.61,0.0
25.61,25.62,0.0
25.62,25.63,0.0
25.63,25.64,0.0
25.64,25.65,0.0
25.65,25.66,284.4812036394563
25.66,25.67,284.4812036394563
25.67,25.68,284.4812036394563
25.68,25.69,284.4812036394563
25.69,25.7,284.4812036394563
25.7,25.71,284.4812036394563
25.71,25.72,284.4812036394563
25.72,25.73,284.4812036394563
25.73,25.74,282.842712474619
25.74,25.75,282.842712474619
25.75,25.76,282.842712474619
25.76,25.77,282.842712474619
25.77,25.78,282.842712474619
25.78,25.79,282.842712474619
25.79,25.8,281.2136583244699
25.8,25.81,281.2136583244699
25.81,25.82,281.2136583244699
25.82,25.83,281.2136583244699
25.83,25.84,279.5939868358039
25.84,25.85,279.5939868358039
25.85,25.86,279.5939868358039
25.86,25.87,277.98364396846745
25.87,25.88,277.98364396846745
25.88,25.89,277.98364396846745
25.89,25.9,277.98364396846745
25.9,25.91,277.98364396846745
25.91,25.92,277.98364396846745
25.92,25.93,277.98364396846745
25.93,25.94,277.98364396846745
25.94,25.95,279.5939868358039
25.95,25.96,279.5939868358039
25.96,25.97,279.5939868358039
25.97,25.98,281.2136583244699
25.98,25.99,281.2136583244699
25.99,26.0,282.842712474619
26.0,26.01,282.842712474619
26.01,26.02,284.4812036394563
26.02,26.03,284.4812036394563
26.03,26.04,286.12918648705164
26.04,26.05,286.12918648705164
26.05,26.06,286.12918648705164
26.06,26.07,289.4538474880756
26.07,26.08,289.4538474880756
26.08,26.09,289.4538474880756
26.09,26.1,289.4538474880756
26.1,26.11,287.786716002164
26.11,26.12,286.12918648705164
26.12,26.13,286.12918648705164
26.13,26.14,289.4538474880756
26.14,26.15,0.0
26.15,26.16,0.0
26.16,26.17,0.0
26.17,26.18,0.0
26.18,26.19,0.0
26.19,26.2,0.0
26.2,26.21,0.0
26.21,26.22,0.0
26.22,26.23,0.0
26.23,26.24,0.0
26.24,26.25,0.0
26.25,26.26,0.0
26.26,26.27,184.46323871718783
26.27,26.28,183.40080864093423
26.28,26.29,182.34449771164336
26.29,26.3,179.21192838239048
26.3,26.31,179.21192838239048
26.31,26.32,188.7748625363387
26.32,26.33,195.43199368684918
26.33,26.34,197.70280407057922
26.34,26.35,197.70280407057922
26.35,26.36,198.8480847635095
26.36,26.37,198.8480847635095
26.37,26.38,198.8480847635095
26.38,26.39,197.70280407057922
26.39,26.4,195.43199368684918
26.4,26.41,186.60659830736148
26.41,26.42,181.29427068562208
26.42,26.43,184.46323871718783
26.43,26.44,187.68759933422865
26.44,26.45,193.1872657849691
26.45,26.46,195.43199368684918
26.46,26.47,196.56411970905023
26.47,26.48,197.70280407057922
26.48,26.49,197.70280407057922
26.49,26.5,197.70280407057922
26.5,26.51,197.70280407057922
26.51,26.52,197.70280407057922
26.52,26.53,195.43199368684918
26.53,26.54,197.70280407057922
26.54,26.55,201.15858821357068
26.55,26.56,196.56411970905023
26.56,26.57,192.07458901020084
26.57,26.58,190.9683207820833
26.58,26.59,188.7748625363387
26.59,26.6,188.7748625363387
26.6,26.61,188.7748625363387
26.61,26.62,187.68759933422865
26.62,26.63,188.7748625363387
26.63,26.64,187.68759933422865
26.64,26.65,187.68759933422865
26.65,26.66,188.7748625363387
26.66,26.67,188.7748625363387
26.67,26.68,188.7748625363387
26.68,26.69,188.7748625363387
26.69,26.7,190.9683207820833
26.7,26.71,190.9683207820833
26.71,26.72,190.9683207820833
26.72,26.73,192.07458901020084
26.73,26.74,190.9683207820833
26.74,26.75,192.07458901020084
26.75,26.76,189.86842419010387
26.76,26.77,189.86842419010387
26.77,26.78,189.86842419010387
26.78,26.79,189.86842419010387
26.79,26.8,189.86842419010387
26.8,26.81,190.9683207820833
26.81,26.82,187.68759933422865
26.82,26.83,182.34449771164336
26.83,26.84,0.0
26.84,26.85,0.0
26.85,26.86,0.0
26.86,26.87,0.0
26.87,26.88,0.0
26.88,26.89,0.0
26.89,26.9,0.0
26.9,26.91,0.0
26.91,26.92,0.0
26.92,26.93,301.3973362949152
26.93,26.94,292.81713918912504
26.94,26.95,294.5134116201051
26.95,26.96,296.2195104573129
26.96,26.97,299.66141537533633
26.97,26.98,303.14331330207966
26.98,26.99,310.2289523667469
26.99,27.0,315.65165893545657
27.0,27.01,323.02966672001685
27.01,27.02,328.6761258343161
27.02,27.03,334.4212833154038
27.03,27.04,338.3070714525794
27.04,27.05,340.26686438034227
27.05,27.06,342.23801027304086
27.06,27.07,342.23801027304086
27.07,27.08,342.23801027304086
27.08,27.09,340.26686438034227
27.09,27.1,338.3070714525794
27.1,27.11,334.4212833154038
27.11,27.12,332.4951584571151
27.12,27.13,328.6761258343161
27.13,27.14,326.78309064822
27.14,27.15,324.9009585424942
27.15,27.16,321.1691527453505
27.16,27.17,315.65165893545657
27.17,27.18,297.93549262454053
27.18,27.19,265.4303484677136
27.19,27.2,247.65527207548806
27.2,27.21,237.8414230005442
27.21,27.22,232.40911739156792
27.22,27.23,229.73967099940702
27.23,27.24,228.41646786215435
27.24,27.25,227.10088581417543
27.25,27.26,225.79288096122622
27.26,27.27,224.49240966187455
27.27,27.28,224.49240966187455
27.28,27.29,214.35469250725862
27.29,27.3,0.0
27.3,27.31,0.0
27.31,27.32,0.0
27.32,27.33,0.0
27.33,27.34,0.0
27.34,27.35,0.0
27.35,27.36,0.0
27.36,27.37,0.0
27.37,27.38,0.0
27.38,27.39,216.8453740602837
27.39,27.4,221.91389441356898
27.4,27.41,216.8453740602837
27.41,27.42,214.35469250725862
27.42,27.43,211.89261887185907
27.43,27.44,210.67220719096719
27.44,27.45,208.25243050696125
27.45,27.46,204.67477839935495
27.46,27.47,202.3238880603845
27.47,27.48,192.07458901020084
27.48,27.49,0.0
27.49,27.5,0.0
27.5,27.51,0.0
27.51,27.52,0.0
27.52,27.53,0.0
27.53,27.54,0.0
27.54,27.55,0.0
27.55,27.56,0.0
27.56,27.57,0.0
27.57,27.58,0.0
27.58,27.59,0.0
27.59,27.6,0.0
27.6,27.61,0.0
27.61,27.62,0.0
27.62,27.63,0.0
27.63,27.64,0.0
27.64,27.65,0.0
27.65,27.66,0.0
27.66,27.67,0.0
27.67,27.68,190.9683207820833
27.68,27.69,190.9683207820833
27.69,27.7,190.9683207820833
27.7,27.71,190.9683207820833
27.71,27.72,190.9683207820833
27.72,27.73,190.9683207820833
27.73,27.74,188.7748625363387
27.74,27.75,189.86842419010387
27.75,27.76,189.86842419010387
27.76,27.77,189.86842419010387
27.77,27.78,190.9683207820833
27.78,27.79,190.9683207820833
27.79,27.8,189.86842419010387
27.8,27.81,188.7748625363387
27.81,27.82,188.7748625363387
27.82,27.83,187.68759933422865
27.83,27.84,186.60659830736148
27.84,27.85,185.5318233882619
27.85,27.86,184.46323871718783
27.86,27.87,177.1535038204721
27.87,27.88,0.0
27.88,27.89,0.0
27.89,27.9,0.0
27.9,27.91,0.0
27.91,27.92,0.0
27.92,27.93,183.40080864093423
27.93,27.94,181.29427068562208
27.94,27.95,180.25009252216606
27.95,27.96,180.25009252216606
27.96,27.97,179.21192838239048
27.97,27.98,180.25009252216606
27.98,27.99,179.21192838239048
27.99,28.0,179.21192838239048
28.0,28.01,181.29427068562208
28.01,28.02,181.29427068562208
28.02,28.03,179.21192838239048
28.03,28.04,179.21192838239048
28.04,28.05,178.17974362806785
28.05,28.06,178.17974362806785
28.06,28.07,177.1535038204721
28.07,28.08,175.11872228117704
28.08,28.09,175.11872228117704
28.09,28.1,175.11872228117704
28.1,28.11,176.1331747192297
28.11,28.12,177.1535038204721
28.12,28.13,177.1535038204721
28.13,28.14,176.1331747192297
28.14,28.15,176.1331747192297
28.15,28.16,177.1535038204721
28.16,28.17,177.1535038204721
28.17,28.18,177.1535038204721
28.18,28.19,177.1535038204721
28.19,28.2,175.11872228117704
28.2,28.21,175.11872228117704
28.21,28.22,174.11011265922482
28.22,28.23,173.1073122012286
28.23,28.24,175.11872228117704
28.24,28.25,176.1331747192297
28.25,28.26,176.1331747192297
28.26,28.27,176.1331747192297
28.27,28.28,176.1331747192297
28.28,28.29,176.1331747192297
28.29,28.3,175.11872228117704
28.3,28.31,175.11872228117704
28.31,28.32,175.11872228117704
28.32,28.33,175.11872228117704
28.33,28.34,176.1331747192297
28.34,28.35,177.1535038204721
28.35,28.36,180.25009252216606
28.36,28.37,180.25009252216606
28.37,28.38,174.11011265922482
28.38,28.39,174.11011265922482
28.39,28.4,179.21192838239048
28.4,28.41,179.21192838239048
28.41,28.42,179.21192838239048
28.42,28.43,179.21192838239048
28.43,28.44,0.0
28.44,28.45,0.0
28.45,28.46,0.0
28.46,28.47,0.0
28.47,28.48,0.0
28.48,28.49,0.0
28.49,28.5,0.0
28.5,28.51,0.0
28.51,28.52,0.0
28.52,28.53,0.0
28.53,28.54,0.0
28.54,28.55,0.0
28.55,28.56,0.0
28.56,28.57,0.0
28.57,28.58,0.0
28.58,28.59,0.0
28.59,28.6,0.0
28.6,28.61,0.0
28.61,28.62,0.0
28.62,28.63,0.0
28.63,28.64,0.0
28.64,28.65,0.0
28.65,28.66,0.0
28.66,28.67,0.0
28.67,28.68,0.0
28.68,28.69,0.0
28.69,28.7,0.0
28.7,28.71,0.0
28.71,28.72,0.0
28.72,28.73,0.0
28.73,28.74,0.0
28.74,28.75,0.0
28.75,28.76,0.0
28.76,28.77,0.0
28.77,28.78,0.0
28.78,28.79,0.0
28.79,28.8,0.0
28.8,28.81,0.0
28.81,28.82,0.0
28.82,28.83,0.0
28.83,28.84,0.0
28.84,28.85,0.0
28.85,28.86,0.0
28.86,28.87,0.0
28.87,28.88,0.0
28.88,28.89,0.0
28.89,28.9,0.0
28.9,28.91,0.0
28.91,28.92,0.0
28.92,28.93,0.0
28.93,28.94,0.0
28.94,28.95,0.0
28.95,28.96,0.0
28.96,28.97,0.0
28.97,28.98,0.0
28.98,28.99,0.0
28.99,29.0,0.0
29.0,29.01,0.0
29.01,29.02,0.0
29.02,29.03,0.0
29.03,29.04,0.0
29.04,29.05,0.0
29.05,29.06,0.0
29.06,29.07,0.0
29.07,29.08,0.0
29.08,29.09,0.0
29.09,29.1,0.0
29.1,29.11,0.0
29.11,29.12,0.0
29.12,29.13,0.0
29.13,29.14,0.0
29.14,29.15,0.0
29.15,29.16,0.0
29.16,29.17,0.0
29.17,29.18,0.0
29.18,29.19,0.0
29.19,29.2,0.0
29.2,29.21,0.0
29.21,29.22,0.0
29.22,29.23,0.0
29.23,29.24,0.0
29.24,29.25,312.0260904053494
29.25,29.26,303.14331330207966
29.26,29.27,303.14331330207966
29.27,29.28,306.66566893392013
29.28,29.29,308.44216508158814
29.29,29.3,310.2289523667469
29.3,29.31,312.0260904053494
29.31,29.32,312.0260904053494
29.32,29.33,312.0260904053494
29.33,29.34,308.44216508158814
29.34,29.35,301.3973362949152
29.35,29.36,294.5134116201051
29.36,29.37,289.4538474880756
29.37,29.38,284.4812036394563
29.38,29.39,277.98364396846745
29.39,29.4,270.06998923363795
29.4,29.41,259.3679109302019
29.41,29.42,243.40070273411817
29.42,29.43,0.0
29.43,29.44,0.0
29.44,29.45,0.0
29.45,29.46,0.0
29.46,29.47,0.0
29.47,29.48,0.0
29.48,29.49,241.99881784385852
29.49,29.5,236.47155720542963
29.5,29.51,232.40911739156792
29.51,29.52,228.41646786215435
29.52,29.53,225.79288096122622
29.53,29.54,223.1994285260446
29.54,29.55,219.36499593892518
29.55,29.56,215.59643660857103
29.56,29.57,215.59643660857103
29.57,29.58,214.35469250725862
29.58,29.59,211.89261887185907
29.59,29.6,210.67220719096719
29.6,29.61,209.4588245641254
29.61,29.62,209.4588245641254
29.62,29.63,208.25243050696125
29.63,29.64,207.05298476827548
29.64,29.65,0.0
29.65,29.66,0.0
29.66,29.67,0.0
29.67,29.68,0.0
29.68,29.69,0.0
29.69,29.7,0.0
29.7,29.71,0.0
29.71,29.72,0.0
29.72,29.73,0.0
29.73,29.74,0.0
29.74,29.75,0.0
29.75,29.76,0.0
29.76,29.77,0.0
29.77,29.78,0.0
29.78,29.79,0.0
29.79,29.8,0.0
29.8,29.81,0.0
29.81,29.82,0.0
29.82,29.83,0.0
29.83,29.84,0.0
29.84,29.85,0.0
29.85,29.86,0.0
29.86,29.87,0.0
29.87,29.88,0.0
29.88,29.89,0.0
29.89,29.9,0.0
29.9,29.91,0.0
29.91,29.92,0.0
29.92,29.93,0.0
29.93,29.94,0.0
29.94,29.95,0.0
29.95,29.96,0.0
29.96,29.97,0.0
29.97,29.98,0.0
29.98,29.99,0.0
29.99,30.0,0.0
30.0,30.01,0.0
30.01,30.02,0.0
30.02,30.03,0.0
30.03,30.04,0.0
30.04,30.05,0.0
30.05,30.06,0.0
30.06,30.07,0.0
30.07,30.08,0.0
30.08,30.09,0.0
30.09,30.1,0.0
30.1,30.11,0.0
30.11,30.12,0.0
30.12,30.13,249.08992447176465
30.13,30.14,249.08992447176465
30.14,30.15,241.99881784385852
30.15,30.16,239.21922434748075
30.16,30.17,239.21922434748075
30.17,30.18,239.21922434748075
30.18,30.19,239.21922434748075
30.19,30.2,235.10958125672175
30.2,30.21,228.41646786215435
30.21,30.22,225.79288096122622
30.22,30.23,223.1994285260446
30.23,30.24,214.35469250725862
30.24,30.25,213.12010032569688
30.25,30.26,204.67477839935495
30.26,30.27,203.49593842053727
30.27,30.28,203.49593842053727
30.28,30.29,201.15858821357068
30.29,30.3,200.0
30.3,30.31,197.70280407057922
30.31,30.32,194.30638823072118
30.32,30.33,192.07458901020084
30.33,30.34,190.9683207820833
30.34,30.35,189.86842419010387
30.35,30.36,188.7748625363387
30.36,30.37,188.7748625363387
30.37,30.38,188.7748625363387
30.38,30.39,189.86842419010387
30.39,30.4,190.9683207820833
30.4,30.41,193.1872657849691
30.41,30.42,196.56411970905023
30.42,30.43,195.43199368684918
30.43,30.44,193.1872657849691
30.44,30.45,188.7748625363387
30.45,30.46,0.0
30.46,30.47,0.0
30.47,30.48,0.0
30.48,30.49,0.0
30.49,30.5,0.0
30.5,30.51,0.0
30.51,30.52,0.0
30.52,30.53,0.0
30.53,30.54,0.0
30.54,30.55,219.36499593892518
30.55,30.56,219.36499593892518
30.56,30.57,216.8453740602837
30.57,30.58,215.59643660857103
30.58,30.59,211.89261887185907
30.59,30.6,208.25243050696125
30.6,30.61,202.3238880603845
30.61,30.62,209.4588245641254
30.62,30.63,216.8453740602837
30.63,30.64,218.10154653305153
30.64,30.65,218.10154653305153
30.65,30.66,218.10154653305153
30.66,30.67,216.8453740602837
30.67,30.68,216.8453740602837
30.68,30.69,216.8453740602837
30.69,30.7,215.59643660857103
30.7,30.71,215.59643660857103
30.71,30.72,215.59643660857103
30.72,30.73,215.59643660857103
30.73,30.74,214.35469250725862
30.74,30.75,214.35469250725862
30.75,30.76,213.12010032569688
30.76,30.77,202.3238880603845
30.77,30.78,0.0
30.78,30.79,0.0
30.79,30.8,215.59643660857103
30.8,30.81,215.59643660857103
30.81,30.82,214.35469250725862
30.82,30.83,213.12010032569688
30.83,30.84,211.89261887185907
30.84,30.85,210.67220719096719
30.85,30.86,209.4588245641254
30.86,30.87,208.25243050696125
30.87,30.88,205.86044732869837
30.88,30.89,209.4588245641254
30.89,30.9,208.25243050696125
30.9,30.91,209.4588245641254
30.91,30.92,208.25243050696125
30.92,30.93,208.25243050696125
30.93,30.94,207.05298476827548
30.94,30.95,207.05298476827548
30.95,30.96,207.05298476827548
30.96,30.97,208.25243050696125
30.97,30.98,208.25243050696125
30.98,30.99,208.25243050696125
30.99,31.0,207.05298476827548
31.0,31.01,207.05298476827548
31.01,31.02,205.86044732869837
31.02,31.03,205.86044732869837
31.03,31.04,205.86044732869837
31.04,31.05,204.67477839935495
31.05,31.06,203.49593842053727
31.06,31.07,203.49593842053727
31.07,31.08,205.86044732869837
31.08,31.09,207.05298476827548
31.09,31.1,207.05298476827548
31.1,31.11,207.05298476827548
31.11,31.12,207.05298476827548
31.12,31.13,207.05298476827548
31.13,31.14,207.05298476827548
31.14,31.15,205.86044732869837
31.15,31.16,205.86044732869837
31.16,31.17,204.67477839935495
31.17,31.18,205.86044732869837
31.18,31.19,204.67477839935495
31.19,31.2,202.3238880603845
31.2,31.21,198.8480847635095
31.21,31.22,197.70280407057922
31.22,31.23,195.43199368684918
31.23,31.24,195.43199368684918
31.24,31.25,186.60659830736148
31.25,31.26,205.86044732869837
31.26,31.27,204.67477839935495
31.27,31.28,221.91389441356898
31.28,31.29,221.91389441356898
31.29,31.3,220.63576443274928
31.3,31.31,220.63576443274928
31.31,31.32,223.1994285260446
31.32,31.33,223.1994285260446
31.33,31.34,224.49240966187455
31.34,31.35,224.49240966187455
31.35,31.36,227.10088581417543
31.36,31.37,231.07053937445463
31.37,31.38,235.10958125672175
31.38,31.39,237.8414230005442
31.39,31.4,243.40070273411817
31.4,31.41,246.2288826689832
31.41,31.42,247.65527207548806
31.42,31.43,250.53288772482563
31.43,31.44,254.91212546385245
31.44,31.45,260.87041395311286
31.45,31.46,265.4303484677136
31.46,31.47,271.6344887654643
31.47,31.48,273.20805135087915
31.48,31.49,274.79072949161787
31.49,31.5,274.79072949161787
31.5,31.51,268.51450055605267
31.51,31.52,287.786716002164
31.52,31.53,319.31935454265994
31.53,31.54,323.02966672001685
31.54,31.55,326.78309064822
31.55,31.56,328.6761258343161
31.56,31.57,332.4951584571151
31.57,31.58,334.4212833154038
31.58,31.59,336.3585661014858
31.59,31.6,338.3070714525794
31.6,31.61,338.3070714525794
31.61,31.62,338.3070714525794
31.62,31.63,338.3070714525794
31.63,31.64,338.3070714525794
31.64,31.65,338.3070714525794
31.65,31.66,338.3070714525794
31.66,31.67,340.26686438034227
31.67,31.68,340.26686438034227
31.68,31.69,342.23801027304086
31.69,31.7,342.23801027304086
31.7,31.71,342.23801027304086
31.71,31.72,344.22057489773204
31.72,31.73,344.22057489773204
31.73,31.74,342.23801027304086
31.74,31.75,340.26686438034227
31.75,31.76,338.3070714525794
31.76,31.77,338.3070714525794
31.77,31.78,338.3070714525794
31.78,31.79,338.3070714525794
31.79,31.8,336.3585661014858
31.8,31.81,336.3585661014858
31.81,31.82,336.3585661014858
31.82,31.83,336.3585661014858
31.83,31.84,336.3585661014858
31.84,31.85,334.4212833154038
31.85,31.86,330.5801272616847
31.86,31.87,328.6761258343161
31.87,31.88,324.9009585424942
31.88,31.89,323.02966672001685
31.89,31.9,319.31935454265994
31.9,31.91,317.4802103936399
31.91,31.92,328.6761258343161
31.92,31.93,328.6761258343161
31.93,31.94,328.6761258343161
31.94,31.95,328.6761258343161
31.95,31.96,328.6761258343161
31.96,31.97,330.5801272616847
31.97,31.98,332.4951584571151
31.98,31.99,0.0
31.99,32.0,0.0
32.0,32.01,0.0
32.01,32.02,0.0
32.02,32.03,0.0
32.03,32.04,0.0
32.04,32.05,0.0
32.05,32.06,220.63576443274928
32.06,32.07,219.36499593892518
32.07,32.08,218.10154653305153
32.08,32.09,215.59643660857103
32.09,32.1,214.35469250725862
32.1,32.11,213.12010032569688
32.11,32.12,213.12010032569688
32.12,32.13,211.89261887185907
32.13,32.14,210.67220719096719
32.14,32.15,210.67220719096719
32.15,32.16,209.4588245641254
32.16,32.17,209.4588245641254
32.17,32.18,208.25243050696125
32.18,32.19,207.05298476827548
32.19,32.2,207.05298476827548
32.2,32.21,205.86044732869837
32.21,32.22,205.86044732869837
32.22,32.23,203.49593842053727
32.23,32.24,202.3238880603845
32.24,32.25,198.8480847635095
32.25,32.26,197.70280407057922
32.26,32.27,203.49593842053727
32.27,32.28,204.67477839935495
32.28,32.29,204.67477839935495
32.29,32.3,204.67477839935495
32.3,32.31,204.67477839935495
32.31,32.32,205.86044732869837
32.32,32.33,211.89261887185907
32.33,32.34,209.4588245641254
32.34,32.35,205.86044732869837
32.35,32.36,204.67477839935495
32.36,32.37,208.25243050696125
32.37,32.38,208.25243050696125
32.38,32.39,208.25243050696125
32.39,32.4,209.4588245641254
32.4,32.41,0.0
32.41,32.42,0.0
32.42,32.43,0.0
32.43,32.44,0.0
32.44,32.45,0.0
32.45,32.46,0.0
32.46,32.47,0.0
32.47,32.48,0.0
32.48,32.49,0.0
32.49,32.5,0.0
32.5,32.51,0.0
32.51,32.52,0.0
32.52,32.53,0.0
32.53,32.54,214.35469250725862
32.54,32.55,211.89261887185907
32.55,32.56,208.25243050696125
32.56,32.57,205.86044732869837
32.57,32.58,203.49593842053727
32.58,32.59,202.3238880603845
32.59,32.6,198.8480847635095
32.6,32.61,192.07458901020084
32.61,32.62,195.43199368684918
32.62,32.63,203.49593842053727
32.63,32.64,201.15858821357068
32.64,32.65,200.0
32.65,32.66,201.15858821357068
32.66,32.67,204.67477839935495
32.67,32.68,207.05298476827548
32.68,32.69,208.25243050696125
32.69,32.7,208.25243050696125
32.7,32.71,209.4588245641254
32.71,32.72,208.25243050696125
32.72,32.73,207.05298476827548
32.73,32.74,207.05298476827548
32.74,32.75,205.86044732869837
32.75,32.76,205.86044732869837
32.76,32.77,204.67477839935495
32.77,32.78,202.3238880603845
32.78,32.79,198.8480847635095
32.79,32.8,193.1872657849691
32.8,32.81,193.1872657849691
32.81,32.82,195.43199368684918
32.82,32.83,195.43199368684918
32.83,32.84,195.43199368684918
32.84,32.85,194.30638823072118
32.85,32.86,194.30638823072118
32.86,32.87,193.1872657849691
32.87,32.88,190.9683207820833
32.88,32.89,189.86842419010387
32.89,32.9,189.86842419010387
32.9,32.91,188.7748625363387
32.91,32.92,184.46323871718783
32.92,32.93,179.21192838239048
32.93,32.94,175.11872228117704
32.94,32.95,173.1073122012286
32.95,32.96,175.11872228117704
32.96,32.97,181.29427068562208
32.97,32.98,178.17974362806785
32.98,32.99,187.68759933422865
32.99,33.0,193.1872657849691
33.0,33.01,194.30638823072118
33.01,33.02,194.30638823072118
33.02,33.03,194.30638823072118
33.03,33.04,194.30638823072118
33.04,33.05,193.1872657849691
33.05,33.06,186.60659830736148
33.06,33.07,176.1331747192297
33.07,33.08,173.1073122012286
33.08,33.09,175.11872228117704
33.09,33.1,179.21192838239048
33.1,33.11,187.68759933422865
33.11,33.12,187.68759933422865
33.12,33.13,187.68759933422865
33.13,33.14,189.86842419010387
33.14,33.15,188.7748625363387
33.15,33.16,187.68759933422865
33.16,33.17,189.86842419010387
33.17,33.18,186.60659830736148
33.18,33.19,184.46323871718783
33.19,33.2,184.46323871718783
33.2,33.21,183.40080864093423
33.21,33.22,182.34449771164336
33.22,33.23,181.29427068562208
33.23,33.24,180.25009252216606
33.24,33.25,179.21192838239048
33.25,33.26,179.21192838239048
33.26,33.27,179.21192838239048
33.27,33.28,178.17974362806785
33.28,33.29,178.17974362806785
33.29,33.3,178.17974362806785
33.3,33.31,179.21192838239048
33.31,33.32,179.21192838239048
33.32,33.33,180.25009252216606
33.33,33.34,180.25009252216606
33.34,33.35,183.40080864093423
33.35,33.36,187.68759933422865
33.36,33.37,190.9683207820833
33.37,33.38,198.8480847635095
33.38,33.39,200.0
33.39,33.4,198.8480847635095
33.4,33.41,198.8480847635095
33.41,33.42,200.0
33.42,33.43,200.0
33.43,33.44,200.0
33.44,33.45,200.0
33.45,33.46,198.8480847635095
33.46,33.47,198.8480847635095
33.47,33.48,197.70280407057922
33.48,33.49,198.8480847635095
33.49,33.5,196.56411970905023
33.5,33.51,195.43199368684918
33.51,33.52,188.7748625363387
33.52,33.53,194.30638823072118
33.53,33.54,193.1872657849691
33.54,33.55,190.9683207820833
33.55,33.56,188.7748625363387
33.56,33.57,187.68759933422865
33.57,33.58,186.60659830736148
33.58,33.59,185.5318233882619
33.59,33.6,185.5318233882619
33.6,33.61,186.60659830736148
33.61,33.62,185.5318233882619
33.62,33.63,180.25009252216606
33.63,33.64,181.29427068562208
33.64,33.65,181.29427068562208
33.65,33.66,181.29427068562208
33.66,33.67,181.29427068562208
33.67,33.68,181.29427068562208
33.68,33.69,187.68759933422865
33.69,33.7,186.60659830736148
33.7,33.71,185.5318233882619
33.71,33.72,185.5318233882619
33.72,33.73,184.46323871718783
33.73,33.74,183.40080864093423
33.74,33.75,183.40080864093423
33.75,33.76,183.40080864093423
33.76,33.77,183.40080864093423
33.77,33.78,182.34449771164336
33.78,33.79,182.34449771164336
33.79,33.8,181.29427068562208
33.8,33.81,181.29427068562208
33.81,33.82,179.21192838239048
33.82,33.83,183.40080864093423
33.83,33.84,184.46323871718783
33.84,33.85,184.46323871718783
33.85,33.86,182.34449771164336
33.86,33.87,182.34449771164336
33.87,33.88,182.34449771164336
33.88,33.89,182.34449771164336
33.89,33.9,0.0
33.9,33.91,0.0
33.91,33.92,0.0
33.92,33.93,0.0
33.93,33.94,203.49593842053727
33.94,33.95,194.30638823072118
33.95,33.96,194.30638823072118
33.96,33.97,193.1872657849691
33.97,33.98,190.9683207820833
33.98,33.99,187.68759933422865
33.99,34.0,186.60659830736148
34.0,34.01,187.68759933422865
34.01,34.02,187.68759933422865
34.02,34.03,188.7748625363387
34.03,34.04,194.30638823072118
34.04,34.05,201.15858821357068
34.05,34.06,205.86044732869837
34.06,34.07,211.89261887185907
34.07,34.08,205.86044732869837
34.08,34.09,203.49593842053727
34.09,34.1,201.15858821357068
34.1,34.11,0.0
34.11,34.12,0.0
34.12,34.13,0.0
34.13,34.14,0.0
34.14,34.15,292.81713918912504
34.15,34.16,299.66141537533633
34.16,34.17,308.44216508158814
34.17,34.18,317.4802103936399
34.18,34.19,324.9009585424942
34.19,34.2,326.78309064822
34.2,34.21,330.5801272616847
34.21,34.22,334.4212833154038
34.22,34.23,334.4212833154038
34.23,34.24,334.4212833154038
34.24,34.25,334.4212833154038
34.25,34.26,334.4212833154038
34.26,34.27,334.4212833154038
34.27,34.28,334.4212833154038
34.28,34.29,334.4212833154038
34.29,34.3,334.4212833154038
34.3,34.31,334.4212833154038
34.31,34.32,334.4212833154038
34.32,34.33,334.4212833154038
34.33,34.34,334.4212833154038
34.34,34.35,334.4212833154038
34.35,34.36,334.4212833154038
34.36,34.37,332.4951584571151
34.37,34.38,332.4951584571151
34.38,34.39,332.4951584571151
34.39,34.4,332.4951584571151
34.4,34.41,332.4951584571151
34.41,34.42,332.4951584571151
34.42,34.43,332.4951584571151
34.43,34.44,330.5801272616847
34.44,34.45,330.5801272616847
34.45,34.46,330.5801272616847
34.46,34.47,330.5801272616847
34.47,34.48,330.5801272616847
34.48,34.49,330.5801272616847
34.49,34.5,332.4951584571151
34.5,34.51,332.4951584571151
34.51,34.52,334.4212833154038
34.52,34.53,340.26686438034227
34.53,34.54,340.26686438034227
34.54,34.55,338.3070714525794
34.55,34.56,338.3070714525794
34.56,34.57,338.3070714525794
34.57,34.58,336.3585661014858
34.58,34.59,336.3585661014858
34.59,34.6,336.3585661014858
34.6,34.61,336.3585661014858
34.61,34.62,336.3585661014858
34.62,34.63,336.3585661014858
34.63,34.64,336.3585661014858
34.64,34.65,334.4212833154038
34.65,34.66,332.4951584571151
34.66,34.67,338.3070714525794
34.67,34.68,334.4212833154038
34.68,34.69,334.4212833154038
34.69,34.7,334.4212833154038
34.7,34.71,0.0
34.71,34.72,0.0
34.72,34.73,0.0
34.73,34.74,0.0
34.74,34.75,0.0
34.75,34.76,0.0
34.76,34.77,0.0
34.77,34.78,0.0
34.78,34.79,0.0
34.79,34.8,0.0
34.8,34.81,0.0
34.81,34.82,0.0
34.82,34.83,0.0
34.83,34.84,0.0
34.84,34.85,0.0
34.85,34.86,0.0
34.86,34.87,0.0
34.87,34.88,0.0
34.88,34.89,0.0
34.89,34.9,0.0
34.9,34.91,0.0
34.91,34.92,0.0
34.92,34.93,0.0
34.93,34.94,0.0
34.94,34.95,0.0
34.95,34.96,0.0
34.96,34.97,0.0
34.97,34.98,0.0
34.98,34.99,0.0
34.99,35.0,0.0
35.0,35.01,0.0
35.01,35.02,0.0
35.02,35.03,0.0
35.03,35.04,0.0
35.04,35.05,0.0
35.05,35.06,0.0
35.06,35.07,0.0
35.07,35.08,0.0
35.08,35.09,215.59643660857103
35.09,35.1,216.8453740602837
35.1,35.11,218.10154653305153
35.11,35.12,218.10154653305153
35.12,35.13,218.10154653305153
35.13,35.14,218.10154653305153
35.14,35.15,218.10154653305153
35.15,35.16,218.10154653305153
35.16,35.17,216.8453740602837
35.17,35.18,214.35469250725862
35.18,35.19,213.12010032569688
35.19,35.2,209.4588245641254
35.2,35.21,208.25243050696125
35.21,35.22,207.05298476827548
35.22,35.23,204.67477839935495
35.23,35.24,200.0
35.24,35.25,195.43199368684918
35.25,35.26,194.30638823072118
35.26,35.27,193.1872657849691
35.27,35.28,193.1872657849691
35.28,35.29,193.1872657849691
35.29,35.3,194.30638823072118
35.3,35.31,194.30638823072118
35.31,35.32,195.43199368684918
35.32,35.33,196.56411970905023
35.33,35.34,198.8480847635095
35.34,35.35,201.15858821357068
35.35,35.36,203.49593842053727
35.36,35.37,205.86044732869837
35.37,35.38,207.05298476827548
35.38,35.39,209.4588245641254
35.39,35.4,211.89261887185907
35.4,35.41,215.59643660857103
35.41,35.42,219.36499593892518
35.42,35.43,219.36499593892518
35.43,35.44,219.36499593892518
35.44,35.45,218.10154653305153
35.45,35.46,215.59643660857103
35.46,35.47,214.35469250725862
35.47,35.48,211.89261887185907
35.48,35.49,208.25243050696125
35.49,35.5,201.15858821357068
35.5,35.51,200.0
35.51,35.52,198.8480847635095
35.52,35.53,200.0
35.53,35.54,200.0
35.54,35.55,200.0
35.55,35.56,197.70280407057922
35.56,35.57,197.70280407057922
35.57,35.58,203.49593842053727
35.58,35.59,198.8480847635095
35.59,35.6,198.8480847635095
35.6,35.61,200.0
35.61,35.62,201.15858821357068
35.62,35.63,203.49593842053727
35.63,35.64,205.86044732869837
35.64,35.65,205.86044732869837
35.65,35.66,205.86044732869837
35.66,35.67,205.86044732869837
35.67,35.68,205.86044732869837
35.68,35.69,205.86044732869837
35.69,35.7,205.86044732869837
35.7,35.71,204.67477839935495
35.71,35.72,204.67477839935495
35.72,35.73,203.49593842053727
35.73,35.74,202.3238880603845
35.74,35.75,201.15858821357068
35.75,35.76,198.8480847635095
35.76,35.77,198.8480847635095
35.77,35.78,197.70280407057922
35.78,35.79,197.70280407057922
35.79,35.8,197.70280407057922
35.8,35.81,197.70280407057922
35.81,35.82,197.70280407057922
35.82,35.83,197.70280407057922
35.83,35.84,197.70280407057922
35.84,35.85,197.70280407057922
35.85,35.86,197.70280407057922
35.86,35.87,197.70280407057922
35.87,35.88,196.56411970905023
35.88,35.89,196.56411970905023
35.89,35.9,197.70280407057922
35.9,35.91,197.70280407057922
35.91,35.92,197.70280407057922
35.92,35.93,197.70280407057922
35.93,35.94,198.8480847635095
35.94,35.95,200.0
35.95,35.96,201.15858821357068
35.96,35.97,203.49593842053727
35.97,35.98,0.0
35.98,35.99,0.0
35.99,36.0,0.0
36.0,36.01,0.0
36.01,36.02,0.0
36.02,36.03,0.0
36.03,36.04,0.0
36.04,36.05,0.0
36.05,36.06,0.0
36.06,36.07,0.0
36.07,36.08,0.0
36.08,36.09,0.0
36.09,36.1,0.0
36.1,36.11,0.0
36.11,36.12,249.08992447176465
36.12,36.13,249.08992447176465
36.13,36.14,250.53288772482563
36.14,36.15,251.98420997897463
36.15,36.16,251.98420997897463
36.16,36.17,251.98420997897463
36.17,36.18,251.98420997897463
36.18,36.19,249.08992447176465
36.19,36.2,246.2288826689832
36.2,36.21,243.40070273411817
36.21,36.22,241.99881784385852
36.22,36.23,240.60500721642333
36.23,36.24,236.47155720542963
36.24,36.25,232.40911739156792
36.25,36.26,229.73967099940702
36.26,36.27,227.10088581417543
36.27,36.28,224.49240966187455
36.28,36.29,223.1994285260446
36.29,36.3,219.36499593892518
36.3,36.31,218.10154653305153
36.31,36.32,213.12010032569688
36.32,36.33,205.86044732869837
36.33,36.34,204.67477839935495
36.34,36.35,201.15858821357068
36.35,36.36,197.70280407057922
36.36,36.37,196.56411970905023
36.37,36.38,195.43199368684918
36.38,36.39,195.43199368684918
36.39,36.4,195.43199368684918
36.4,36.41,195.43199368684918
36.41,36.42,195.43199368684918
36.42,36.43,195.43199368684918
36.43,36.44,195.43199368684918
36.44,36.45,190.9683207820833
36.45,36.46,190.9683207820833
36.46,36.47,0.0
36.47,36.48,0.0
36.48,36.49,207.05298476827548
36.49,36.5,205.86044732869837
36.5,36.51,203.49593842053727
36.51,36.52,201.15858821357068
36.52,36.53,201.15858821357068
36.53,36.54,198.8480847635095
36.54,36.55,195.43199368684918
36.55,36.56,197.70280407057922
36.56,36.57,211.89261887185907
36.57,36.58,233.75544971224912
36.58,36.59,241.99881784385852
36.59,36.6,249.08992447176465
36.6,36.61,249.08992447176465
36.61,36.62,249.08992447176465
36.62,36.63,249.08992447176465
36.63,36.64,249.08992447176465
36.64,36.65,249.08992447176465
36.65,36.66,249.08992447176465
36.66,36.67,249.08992447176465
36.67,36.68,249.08992447176465
36.68,36.69,247.65527207548806
36.69,36.7,247.65527207548806
36.7,36.71,244.81070866093103
36.71,36.72,241.99881784385852
36.72,36.73,239.21922434748075
36.73,36.74,236.47155720542963
36.74,36.75,232.40911739156792
36.75,36.76,228.41646786215435
36.76,36.77,225.79288096122622
36.77,36.78,219.36499593892518
36.78,36.79,211.89261887185907
36.79,36.8,0.0
36.8,36.81,0.0
36.81,36.82,0.0
36.82,36.83,0.0
36.83,36.84,0.0
36.84,36.85,0.0
36.85,36.86,0.0
36.86,36.87,0.0
36.87,36.88,0.0
36.88,36.89,0.0
36.89,36.9,0.0
36.9,36.91,0.0
36.91,36.92,211.89261887185907
36.92,36.93,211.89261887185907
36.93,36.94,215.59643660857103
36.94,36.95,209.4588245641254
36.95,36.96,202.3238880603845
36.96,36.97,218.10154653305153
36.97,36.98,215.59643660857103
36.98,36.99,213.12010032569688
36.99,37.0,211.89261887185907
37.0,37.01,209.4588245641254
37.01,37.02,208.25243050696125
37.02,37.03,207.05298476827548
37.03,37.04,205.86044732869837
37.04,37.05,205.86044732869837
37.05,37.06,204.67477839935495
37.06,37.07,200.0
37.07,37.08,204.67477839935495
37.08,37.09,204.67477839935495
37.09,37.1,203.49593842053727
37.1,37.11,202.3238880603845
37.11,37.12,201.15858821357068
37.12,37.13,201.15858821357068
37.13,37.14,188.7748625363387
37.14,37.15,198.8480847635095
37.15,37.16,198.8480847635095
37.16,37.17,201.15858821357068
37.17,37.18,201.15858821357068
37.18,37.19,200.0
37.19,37.2,200.0
37.2,37.21,200.0
37.21,37.22,198.8480847635095
37.22,37.23,196.56411970905023
37.23,37.24,195.43199368684918
37.24,37.25,193.1872657849691
37.25,37.26,190.9683207820833
37.26,37.27,190.9683207820833
37.27,37.28,197.70280407057922
37.28,37.29,196.56411970905023
37.29,37.3,196.56411970905023
37.3,37.31,0.0
37.31,37.32,0.0
37.32,37.33,0.0
37.33,37.34,0.0
37.34,37.35,0.0
37.35,37.36,297.93549262454053
37.36,37.37,294.5134116201051
37.37,37.38,294.5134116201051
37.38,37.39,292.81713918912504
37.39,37.4,291.13063656843747
37.4,37.41,289.4538474880756
37.41,37.42,289.4538474880756
37.42,37.43,287.786716002164
37.43,37.44,287.786716002164
37.44,37.45,287.786716002164
37.45,37.46,287.786716002164
37.46,37.47,287.786716002164
37.47,37.48,287.786716002164
37.48,37.49,287.786716002164
37.49,37.5,287.786716002164
37.5,37.51,287.786716002164
37.51,37.52,287.786716002164
37.52,37.53,287.786716002164
37.53,37.54,287.786716002164
37.54,37.55,287.786716002164
37.55,37.56,287.786716002164
37.56,37.57,287.786716002164
37.57,37.58,287.786716002164
37.58,37.59,287.786716002164
37.59,37.6,286.12918648705164
37.6,37.61,286.12918648705164
37.61,37.62,286.12918648705164
37.62,37.63,286.12918648705164
37.63,37.64,286.12918648705164
37.64,37.65,287.786716002164
37.65,37.66,287.786716002164
37.66,37.67,286.12918648705164
37.67,37.68,286.12918648705164
37.68,37.69,286.12918648705164
37.69,37.7,284.4812036394563
37.7,37.71,286.12918648705164
37.71,37.72,289.4538474880756
37.72,37.73,291.13063656843747
37.73,37.74,284.4812036394563
37.74,37.75,287.786716002164
37.75,37.76,287.786716002164
37.76,37.77,287.786716002164
37.77,37.78,287.786716002164
37.78,37.79,287.786716002164
37.79,37.8,0.0
37.8,37.81,0.0
37.81,37.82,0.0
37.82,37.83,0.0
37.83,37.84,0.0
37.84,37.85,0.0
37.85,37.86,0.0
37.86,37.87,0.0
37.87,37.88,0.0
37.88,37.89,0.0
37.89,37.9,0.0
37.9,37.91,0.0
37.91,37.92,0.0
37.92,37.93,0.0
37.93,37.94,0.0
37.94,37.95,0.0
37.95,37.96,0.0
37.96,37.97,0.0
37.97,37.98,0.0
37.98,37.99,0.0
37.99,38.0,0.0
38.0,38.01,0.0
38.01,38.02,0.0
38.02,38.03,0.0
38.03,38.04,218.10154653305153
38.04,38.05,216.8453740602837
38.05,38.06,214.35469250725862
38.06,38.07,209.4588245641254
38.07,38.08,205.86044732869837
38.08,38.09,203.49593842053727
38.09,38.1,202.3238880603845
38.1,38.11,201.15858821357068
38.11,38.12,200.0
38.12,38.13,197.70280407057922
38.13,38.14,192.07458901020084
38.14,38.15,185.5318233882619
38.15,38.16,192.07458901020084
38.16,38.17,192.07458901020084
38.17,38.18,190.9683207820833
38.18,38.19,192.07458901020084
38.19,38.2,193.1872657849691
38.2,38.21,195.43199368684918
38.21,38.22,196.56411970905023
38.22,38.23,196.56411970905023
38.23,38.24,196.56411970905023
38.24,38.25,195.43199368684918
38.25,38.26,193.1872657849691
38.26,38.27,192.07458901020084
38.27,38.28,192.07458901020084
38.28,38.29,192.07458901020084
38.29,38.3,190.9683207820833
38.3,38.31,192.07458901020084
38.31,38.32,192.07458901020084
38.32,38.33,192.07458901020084
38.33,38.34,192.07458901020084
38.34,38.35,193.1872657849691
38.35,38.36,193.1872657849691
38.36,38.37,193.1872657849691
38.37,38.38,192.07458901020084
38.38,38.39,192.07458901020084
38.39,38.4,192.07458901020084
38.4,38.41,192.07458901020084
38.41,38.42,192.07458901020084
38.42,38.43,190.9683207820833
38.43,38.44,190.9683207820833
38.44,38.45,190.9683207820833
38.45,38.46,189.86842419010387
38.46,38.47,189.86842419010387
38.47,38.48,190.9683207820833
38.48,38.49,190.9683207820833
38.49,38.5,190.9683207820833
38.5,38.51,192.07458901020084
38.51,38.52,192.07458901020084
38.52,38.53,192.07458901020084
38.53,38.54,193.1872657849691
38.54,38.55,194.30638823072118
38.55,38.56,195.43199368684918
38.56,38.57,197.70280407057922
38.57,38.58,197.70280407057922
38.58,38.59,198.8480847635095
38.59,38.6,200.0
38.6,38.61,201.15858821357068
38.61,38.62,205.86044732869837
38.62,38.63,208.25243050696125
38.63,38.64,211.89261887185907
38.64,38.65,215.59643660857103
38.65,38.66,221.91389441356898
38.66,38.67,228.41646786215435
38.67,38.68,233.75544971224912
38.68,38.69,235.10958125672175
38.69,38.7,237.8414230005442
38.7,38.71,243.40070273411817
38.71,38.72,259.3679109302019
38.72,38.73,260.87041395311286
38.73,38.74,262.38162088748976
38.74,38.75,263.9015821545788
38.75,38.76,263.9015821545788
38.76,38.77,265.4303484677136
38.77,38.78,265.4303484677136
38.78,38.79,265.4303484677136
38.79,38.8,265.4303484677136
38.8,38.81,265.4303484677136
38.81,38.82,266.96797083400685
38.82,38.83,268.51450055605267
38.83,38.84,270.06998923363795
38.84,38.85,270.06998923363795
38.85,38.86,270.06998923363795
38.86,38.87,271.6344887654643
38.87,38.88,271.6344887654643
38.88,38.89,270.06998923363795
38.89,38.9,268.51450055605267
38.9,38.91,266.96797083400685
38.91,38.92,266.96797083400685
38.92,38.93,265.4303484677136
38.93,38.94,265.4303484677136
38.94,38.95,265.4303484677136
38.95,38.96,265.4303484677136
38.96,38.97,265.4303484677136
38.97,38.98,265.4303484677136
38.98,38.99,266.96797083400685
38.99,39.0,266.96797083400685
39.0,39.01,265.4303484677136
39.01,39.02,265.4303484677136
39.02,39.03,265.4303484677136
39.03,39.04,263.9015821545788
39.04,39.05,265.4303484677136
39.05,39.06,266.96797083400685
39.06,39.07,266.96797083400685
39.07,39.08,266.96797083400685
39.08,39.09,265.4303484677136
39.09,39.1,263.9015821545788
39.1,39.11,262.38162088748976
39.11,39.12,260.87041395311286
39.12,39.13,260.87041395311286
39.13,39.14,259.3679109302019
39.14,39.15,259.3679109302019
39.15,39.16,257.8740616879158
39.16,39.17,257.8740616879158
39.17,39.18,257.8740616879158
39.18,39.19,256.3888163841458
39.19,39.2,256.3888163841458
39.2,39.21,256.3888163841458
39.21,39.22,254.91212546385245
39.22,39.23,251.98420997897463
39.23,39.24,249.08992447176465
39.24,39.25,246.2288826689832
39.25,39.26,240.60500721642333
39.26,39.27,233.75544971224912
39.27,39.28,228.41646786215435
39.28,39.29,224.49240966187455
39.29,39.3,218.10154653305153
39.3,39.31,205.86044732869837
39.31,39.32,202.3238880603845
39.32,39.33,201.15858821357068
39.33,39.34,201.15858821357068
39.34,39.35,200.0
39.35,39.36,198.8480847635095
39.36,39.37,198.8480847635095
39.37,39.38,198.8480847635095
39.38,39.39,198.8480847635095
39.39,39.4,198.8480847635095
39.4,39.41,198.8480847635095
39.41,39.42,196.56411970905023
39.42,39.43,185.5318233882619
39.43,39.44,0.0
39.44,39.45,0.0
39.45,39.46,0.0
39.46,39.47,0.0
39.47,39.48,0.0
39.48,39.49,0.0
39.49,39.5,0.0
39.5,39.51,0.0
39.51,39.52,0.0
39.52,39.53,0.0
39.53,39.54,0.0
39.54,39.55,0.0
39.55,39.56,0.0
39.56,39.57,0.0
39.57,39.58,0.0
39.58,39.59,0.0
39.59,39.6,0.0
39.6,39.61,0.0
39.61,39.62,233.75544971224912
39.62,39.63,232.40911739156792
39.63,39.64,231.07053937445463
39.64,39.65,229.73967099940702
39.65,39.66,228.41646786215435
39.66,39.67,228.41646786215435
39.67,39.68,227.10088581417543
39.68,39.69,224.49240966187455
39.69,39.7,221.91389441356898
39.7,39.71,220.63576443274928
39.71,39.72,218.10154653305153
39.72,39.73,216.8453740602837
39.73,39.74,218.10154653305153
39.74,39.75,216.8453740602837
39.75,39.76,213.12010032569688
39.76,39.77,210.67220719096719
39.77,39.78,209.4588245641254
39.78,39.79,208.25243050696125
39.79,39.8,207.05298476827548
39.8,39.81,205.86044732869837
39.81,39.82,204.67477839935495
39.82,39.83,203.49593842053727
39.83,39.84,202.3238880603845
39.84,39.85,201.15858821357068
39.85,39.86,201.15858821357068
39.86,39.87,200.0
39.87,39.88,200.0
39.88,39.89,200.0
39.89,39.9,200.0
39.9,39.91,200.0
39.91,39.92,198.8480847635095
39.92,39.93,198.8480847635095
39.93,39.94,197.70280407057922
39.94,39.95,197.70280407057922
39.95,39.96,197.70280407057922
39.96,39.97,197.70280407057922
39.97,39.98,197.70280407057922
39.98,39.99,197.70280407057922
39.99,40.0,197.70280407057922
40.0,40.01,196.56411970905023
40.01,40.02,196.56411970905023
40.02,40.03,196.56411970905023
40.03,40.04,195.43199368684918
40.04,40.05,195.43199368684918
40.05,40.06,194.30638823072118
40.06,40.07,194.30638823072118
40.07,40.08,193.1872657849691
40.08,40.09,192.07458901020084
40.09,40.1,0.0
40.1,40.11,0.0
40.11,40.12,0.0
40.12,40.13,0.0
40.13,40.14,0.0
40.14,40.15,0.0
40.15,40.16,0.0
40.16,40.17,0.0
