Start_Time,End_Time,F0_Hz
0.0,0.02,73.98965177258917
0.01,0.03,72.17260694836938
0.02,0.04,93.01942161313367
0.03,0.05,120.44212026008508
0.04,0.06,160.18642944427927
0.05,0.07,161.41804175156298
0.06,0.08,162.18048864076098
0.07,0.09,162.34218412121967
0.08,0.1,162.1749318268812
0.09,0.11,161.69620753526164
0.1,0.12,160.9436795036648
0.11,0.13,160.15925354668792
0.12,0.14,159.56903580474034
0.13,0.15,159.23409893044087
0.14,0.16,159.1789173889238
0.15,0.17,159.3959826773137
0.16,0.18,159.87850026267947
0.17,0.19,160.48529752668716
0.18,0.2,161.09950937544218
0.19,0.21,161.623487206368
0.2,0.22,161.94946091514203
0.21,0.23,162.01681221643608
0.22,0.24,161.84798718085182
0.23,0.25,161.513480438386
0.24,0.26,161.12329449680345
0.25,0.27,160.78199527450852
0.26,0.28,160.53972921484893
0.27,0.29,160.2651596853592
0.28,0.3,159.67270453172108
0.29,0.31,156.14322883043448
0.3,0.32,153.55216518312872
0.31,0.33,153.85770704323852
0.32,0.34,157.60727623164084
0.33,0.35,160.76515033417758
0.34,0.36,161.2168360190768
0.35,0.37,160.91499231215838
0.36,0.38,160.2256661615096
0.37,0.39,159.30713073337975
0.38,0.4,158.29620219628254
0.39,0.41,157.3280324536012
0.4,0.42,156.53761704971765
0.41,0.43,156.0005285949031
0.42,0.44,155.68898177945886
0.43,0.45,155.70074896775995
0.44,0.46,156.09929923068805
0.45,0.47,156.78973487105728
0.46,0.48,157.3966004593249
0.47,0.49,157.62979898943448
0.48,0.5,157.34857371498984
0.49,0.51,156.64149077220588
0.5,0.52,155.77353317424746
0.51,0.53,155.08612011647494
0.52,0.54,154.6710701025688
0.53,0.55,154.30888913141348
0.54,0.56,153.66499404473575
0.55,0.57,152.76488137037148
0.56,0.58,151.79859589974282
0.57,0.59,151.10959389271483
0.58,0.6,150.78721361693658
0.59,0.61,150.7085732515205
0.6,0.62,150.4906045144921
0.61,0.63,149.86969251139678
0.62,0.64,148.95611330571847
0.63,0.65,148.21989093265907
0.64,0.66,147.94161513692407
0.65,0.67,148.00053195238166
0.66,0.68,148.14629448532548
0.67,0.69,148.26157043372854
0.68,0.7,148.40557896287814
0.69,0.71,148.59115583564056
0.7,0.72,148.7700478533643
0.71,0.73,148.8234082030544
0.72,0.74,148.62856759477154
0.73,0.75,148.24562892718723
0.74,0.76,147.82743485797127
0.75,0.77,147.4172579525632
0.76,0.78,146.83725329583334
0.77,0.79,145.9656523995836
0.78,0.8,145.00696743077168
0.79,0.81,144.34588182063428
0.8,0.82,144.10061193354247
0.81,0.83,144.14797771885802
0.82,0.84,144.14078372246126
0.83,0.85,143.7902856881166
0.84,0.86,142.81528166600086
0.85,0.87,141.4465583670534
0.86,0.88,140.1439483983382
0.87,0.89,139.36067932408315
0.88,0.9,139.13614287386918
0.89,0.91,139.33797297327342
0.9,0.92,139.71455590401226
0.91,0.93,140.02511044269778
0.92,0.94,140.05400811144935
0.93,0.95,139.70910698008063
0.94,0.96,138.93907478477752
0.95,0.97,137.9255579414973
0.96,0.98,137.0871743696215
0.97,0.99,136.7291513707126
0.98,1.0,136.79829676603194
0.99,1.01,136.9179259136328
1.0,1.02,136.7905653315515
1.01,1.03,136.6910000121149
1.02,1.04,137.04300440842889
1.03,1.05,137.64222270935386
1.04,1.06,137.9674434888889
1.05,1.07,137.6612553796778
1.06,1.08,137.0804082695234
1.07,1.09,136.70523210058474
1.08,1.1,136.92275307973358
1.09,1.11,137.58959704982237
1.1,1.12,138.16164170786428
1.11,1.13,138.21035958086406
1.12,1.14,137.83155935556692
1.13,1.15,137.46327758969107
1.14,1.16,137.49534268223144
1.15,1.17,138.26855426933616
1.16,1.18,139.79326575694768
1.17,1.19,141.47350490901195
1.18,1.2,142.65544717713237
1.19,1.21,143.0626509195906
1.2,1.22,143.02873595642478
1.21,1.23,142.78214895574627
1.22,1.24,142.0997665017351
1.23,1.25,140.86126977372442
1.24,1.26,139.34610937409403
1.25,1.27,138.1217058664692
1.26,1.28,137.42360417289785
1.27,1.29,137.19107894703035
1.28,1.3,137.14725325424834
1.29,1.31,0.0
1.3,1.32,137.0374634045675
1.31,1.33,136.62838137030755
1.32,1.34,135.74720352720283
1.33,1.35,134.65664506897414
1.34,1.36,133.7111020769677
1.35,1.37,133.23782872485
1.36,1.38,133.56008823424307
1.37,1.39,134.7753813598307
1.38,1.4,136.4325804414324
1.39,1.41,137.96981474926795
1.4,1.42,138.81001765389328
1.41,1.43,138.6834333684897
1.42,1.44,137.3959909670952
1.43,1.45,135.21254794580483
1.44,1.46,132.8160748415531
1.45,1.47,130.5083091679016
1.46,1.48,128.2637730729987
1.47,1.49,126.1366098091209
1.48,1.5,125.5670183467783
1.49,1.51,125.40444888010303
1.5,1.52,0.0
1.51,1.53,0.0
1.52,1.54,0.0
1.53,1.55,0.0
1.54,1.56,0.0
1.55,1.57,0.0
1.56,1.58,0.0
1.57,1.59,0.0
1.58,1.6,0.0
1.59,1.61,166.75682633683462
1.6,1.62,165.0002574999133
1.61,1.63,162.07762018718745
1.62,1.64,160.13793957580424
1.63,1.65,159.13816619189933
1.64,1.66,158.03927656541248
1.65,1.67,157.5796177568914
1.66,1.68,0.0
1.67,1.69,0.0
1.68,1.7,0.0
1.69,1.71,0.0
1.7,1.72,0.0
1.71,1.73,0.0
1.72,1.74,0.0
1.73,1.75,0.0
1.74,1.76,813.4645863591924
1.75,1.77,812.9021361595269
1.76,1.78,812.2917474983415
1.77,1.79,0.0
1.78,1.8,163.47554962906685
1.79,1.81,164.08457353376613
1.8,1.82,165.18296197979936
1.81,1.83,165.81018389618512
1.82,1.84,165.51828471293751
1.83,1.85,164.5462743507238
1.84,1.86,163.5212307786696
1.85,1.87,162.91731321601273
1.86,1.88,162.4375607369181
1.87,1.89,161.45822052248457
1.88,1.9,160.2849895632936
1.89,1.91,159.4412791841745
1.9,1.92,159.16622097450642
1.91,1.93,159.31657361748944
1.92,1.94,159.75146388541202
1.93,1.95,160.83973491047507
1.94,1.96,162.03269935484758
1.95,1.97,162.7314133242601
1.96,1.98,162.62715623381823
1.97,1.99,162.19406879418236
1.98,2.0,161.80097302479743
1.99,2.01,161.40502448072948
2.0,2.02,160.99824892330182
2.01,2.03,160.75677280337712
2.02,2.04,160.71984956740388
2.03,2.05,160.6684545045208
2.04,2.06,160.32900193862386
2.05,2.07,159.58995757116045
2.06,2.08,158.49295961267592
2.07,2.09,157.16291579881462
2.08,2.1,155.8867405369638
2.09,2.11,154.94908047973226
2.1,2.12,154.67323426646144
2.11,2.13,154.92013047929336
2.12,2.14,155.37747512488392
2.13,2.15,155.58709386419102
2.14,2.16,155.27952047645329
2.15,2.17,154.38301271350383
2.16,2.18,153.4862696483643
2.17,2.19,153.0111420132018
2.18,2.2,152.98599244787093
2.19,2.21,153.08131969276926
2.2,2.22,153.01131058991933
2.21,2.23,152.7982431256519
2.22,2.24,151.9978266151903
2.23,2.25,150.00685072033818
2.24,2.26,146.86292918212624
2.25,2.27,143.03034326850903
2.26,2.28,139.29125159864296
2.27,2.29,136.18828759578747
2.28,2.3,134.03035683278716
2.29,2.31,133.24091138865234
2.3,2.32,133.59551117971486
2.31,2.33,134.7000607294022
2.32,2.34,136.19343414799232
2.33,2.35,137.9113811363598
2.34,2.36,139.60195722507382
2.35,2.37,140.69686357239462
2.36,2.38,140.86164223207203
2.37,2.39,140.27328756735267
2.38,2.4,139.46801266261386
2.39,2.41,139.03513069009543
2.4,2.42,139.4941519605197
2.41,2.43,141.37867708897704
2.42,2.44,144.00218283267176
2.43,2.45,146.64470600577357
2.44,2.46,149.24336748790208
2.45,2.47,152.00752287159048
2.46,2.48,155.13979737309245
2.47,2.49,156.6072036183183
2.48,2.5,0.0
2.49,2.51,0.0
2.5,2.52,0.0
2.51,2.53,0.0
2.52,2.54,0.0
2.53,2.55,0.0
2.54,2.56,0.0
2.55,2.57,0.0
2.56,2.58,0.0
2.57,2.59,0.0
2.58,2.6,170.17230751764683
2.59,2.61,167.21967183417638
2.6,2.62,163.38885180306073
2.61,2.63,159.09809150073067
2.62,2.64,156.36568085810978
2.63,2.65,153.36794522049254
2.64,2.66,151.03236615462592
2.65,2.67,149.23414349888264
2.66,2.68,148.06074458217054
2.67,2.69,147.5068400672002
2.68,2.7,147.60411954018832
2.69,2.71,149.26132383949553
2.7,2.72,151.54266598887318
2.71,2.73,153.70058439327886
2.72,2.74,154.37418539594103
2.73,2.75,154.20860096511123
2.74,2.76,153.17123864208384
2.75,2.77,151.67142917289212
2.76,2.78,150.2087109681415
2.77,2.79,149.43647859989036
2.78,2.8,148.86843922183562
2.79,2.81,147.55226927228395
2.8,2.82,145.3442732076609
2.81,2.83,143.2778008927302
2.82,2.84,142.193934367315
2.83,2.85,142.18641493382503
2.84,2.86,142.51637465153237
2.85,2.87,142.8839943898224
2.86,2.88,143.06433742175568
2.87,2.89,143.02025847195895
2.88,2.9,142.7581773724738
2.89,2.91,142.21915870443397
2.9,2.92,141.3731476881761
2.91,2.93,140.256010726604
2.92,2.94,139.4235824887253
2.93,2.95,139.63149059243696
2.94,2.96,140.36833277484448
2.95,2.97,140.9063288604016
2.96,2.98,140.4263531114564
2.97,2.99,139.53688281760768
2.98,3.0,138.45536604694004
2.99,3.01,137.49029840958946
3.0,3.02,136.78705392763973
3.01,3.03,135.91244426455327
3.02,3.04,134.51358824249908
3.03,3.05,132.895056450829
3.04,3.06,131.97367446235802
3.05,3.07,132.3225983020114
3.06,3.08,133.93868825074793
3.07,3.09,137.5357944424619
3.08,3.1,142.31552237910643
3.09,3.11,147.35006648606642
3.1,3.12,151.8195191567875
3.11,3.13,155.50687536632734
3.12,3.14,158.59446151370068
3.13,3.15,160.48009936425794
3.14,3.16,161.45674410028792
3.15,3.17,161.304034047986
3.16,3.18,159.83751713707372
3.17,3.19,157.25547480416898
3.18,3.2,155.81879595024247
3.19,3.21,0.0
3.2,3.22,0.0
3.21,3.23,0.0
3.22,3.24,0.0
3.23,3.25,165.3129333601452
3.24,3.26,165.45354273008968
3.25,3.27,165.45164697941416
3.26,3.28,165.03670949174173
3.27,3.29,164.14272156713986
3.28,3.3,163.03687981310534
3.29,3.31,161.77626798835706
3.3,3.32,158.8060232845081
3.31,3.33,159.09155358715046
3.32,3.34,159.98677652855523
3.33,3.35,162.89836011873723
3.34,3.36,162.52597410747376
3.35,3.37,161.73560023722962
3.36,3.38,160.78559121590771
3.37,3.39,159.84147937839742
3.38,3.4,158.41993452817786
3.39,3.41,154.876920378498
3.4,3.42,150.57959892556696
3.41,3.43,147.7273552718421
3.42,3.44,0.0
3.43,3.45,0.0
3.44,3.46,0.0
3.45,3.47,0.0
3.46,3.48,0.0
3.47,3.49,0.0
3.48,3.5,0.0
3.49,3.51,0.0
3.5,3.52,0.0
3.51,3.53,0.0
3.52,3.54,0.0
3.53,3.55,0.0
3.54,3.56,0.0
3.55,3.57,0.0
3.56,3.58,176.8425543947873
3.57,3.59,174.55271970387534
3.58,3.6,170.91956551175156
3.59,3.61,167.84523322529105
3.6,3.62,166.0655811138136
3.61,3.63,164.92750486175333
3.62,3.64,164.51507812535584
3.63,3.65,164.84644792096105
3.64,3.66,165.63162133759957
3.65,3.67,166.3827870727074
3.66,3.68,166.80733878599628
3.67,3.69,167.10165855634247
3.68,3.7,167.6808276740591
3.69,3.71,168.62986380310525
3.7,3.72,170.01109182678474
3.71,3.73,171.86899952506863
3.72,3.74,173.4630283903103
3.73,3.75,171.68164239830114
3.74,3.76,168.98454534012924
3.75,3.77,166.41299906230537
3.76,3.78,167.39719845101527
3.77,3.79,168.04260308099285
3.78,3.8,169.57881575048864
3.79,3.81,170.8408149114449
3.8,3.82,166.35017967948843
3.81,3.83,161.8239702796822
3.82,3.84,157.11367943980275
3.83,3.85,158.37941253560894
3.84,3.86,158.79694306788463
3.85,3.87,158.94719204410274
3.86,3.88,158.9075681117821
3.87,3.89,158.79720549460507
3.88,3.9,159.04099461693158
3.89,3.91,160.31630210370352
3.9,3.92,162.17353818638324
3.91,3.93,163.3343538550783
3.92,3.94,163.68745496116108
3.93,3.95,0.0
3.94,3.96,0.0
3.95,3.97,0.0
3.96,3.98,0.0
3.97,3.99,0.0
3.98,4.0,0.0
3.99,4.01,0.0
4.0,4.02,0.0
4.01,4.03,0.0
4.02,4.04,0.0
4.03,4.05,0.0
4.04,4.06,0.0
4.05,4.07,0.0
4.06,4.08,0.0
4.07,4.09,0.0
4.08,4.1,0.0
4.09,4.11,0.0
4.1,4.12,0.0
4.11,4.13,0.0
4.12,4.14,0.0
4.13,4.15,881.2873003605519
4.14,4.16,881.2873003605519
4.15,4.17,0.0
4.16,4.18,0.0
4.17,4.19,0.0
4.18,4.2,0.0
4.19,4.21,0.0
4.2,4.22,0.0
4.21,4.23,0.0
4.22,4.24,0.0
4.23,4.25,0.0
4.24,4.26,0.0
4.25,4.27,0.0
4.26,4.28,0.0
4.27,4.29,0.0
4.28,4.3,0.0
4.29,4.31,0.0
4.3,4.32,0.0
4.31,4.33,0.0
4.32,4.34,154.077598944448
4.33,4.35,158.0501766191726
4.34,4.36,148.36770025737638
4.35,4.37,139.36043366425037
4.36,4.38,127.69034379031598
4.37,4.39,135.91412134626268
4.38,4.4,144.17810747150517
4.39,4.41,152.78928759008406
4.4,4.42,152.3434549871696
4.41,4.43,152.2161336747962
4.42,4.44,151.9497731276091
4.43,4.45,151.77663878019365
4.44,4.46,153.99364572318743
4.45,4.47,156.9305635838825
4.46,4.48,160.0756548180924
4.47,4.49,160.75776462356362
4.48,4.5,160.6459223426439
4.49,4.51,159.73133045398293
4.5,4.52,157.86696065406147
4.51,4.53,155.56275489172276
4.52,4.54,153.2126899885359
4.53,4.55,151.28176732428287
4.54,4.56,149.61610809762996
4.55,4.57,148.22250372321253
4.56,4.58,147.18139478798543
4.57,4.59,146.5529833333967
4.58,4.6,146.42304832102957
4.59,4.61,146.91910173204758
4.6,4.62,147.67555933270617
4.61,4.63,147.8667232583646
4.62,4.64,147.30182703698782
4.63,4.65,146.37449955134122
4.64,4.66,145.8096975477749
4.65,4.67,145.63061080425246
4.66,4.68,145.74860190868108
4.67,4.69,145.996934154434
4.68,4.7,146.21920330625932
4.69,4.71,146.29514650884812
4.7,4.72,146.0656005979851
4.71,4.73,145.55461166402378
4.72,4.74,144.98452314036717
4.73,4.75,144.55197248190444
4.74,4.76,144.17521652103034
4.75,4.77,143.80833060215147
4.76,4.78,143.42516938667902
4.77,4.79,143.0408385149496
4.78,4.8,142.37590047428574
4.79,4.81,141.40556396194648
4.8,4.82,140.465283948808
4.81,4.83,139.92906432014527
4.82,4.84,139.80184460683947
4.83,4.85,139.8830848334755
4.84,4.86,139.9829240761114
4.85,4.87,139.9067586055295
4.86,4.88,139.4116170299081
4.87,4.89,138.5404638137907
4.88,4.9,138.070463669551
4.89,4.91,138.6717758754033
4.9,4.92,139.96778018935237
4.91,4.93,141.09829008109926
4.92,4.94,141.34257634196746
4.93,4.95,140.86038518909587
4.94,4.96,139.7724445982074
4.95,4.97,137.7288084752246
4.96,4.98,135.27407058559456
4.97,4.99,132.81951357428855
4.98,5.0,131.33280434798465
4.99,5.01,130.60171631647486
5.0,5.02,130.44814917090375
5.01,5.03,130.66540207465454
5.02,5.04,131.2838204360288
5.03,5.05,132.01952675023986
5.04,5.06,132.4824589064908
5.05,5.07,132.2474973941682
5.06,5.08,131.22138015582274
5.07,5.09,129.2960895309801
5.08,5.1,126.57961054319888
5.09,5.11,123.42560321109619
5.1,5.12,120.71712447734619
5.11,5.13,104.97527034407908
5.12,5.14,98.12007406784446
5.13,5.15,0.0
5.14,5.16,0.0
5.15,5.17,0.0
5.16,5.18,77.9598165632978
5.17,5.19,71.13815693049305
5.18,5.2,71.23335984859064
5.19,5.21,71.0266933744909
5.2,5.22,71.86769428884918
5.21,5.23,66.0513896191087
5.22,5.24,61.05934938084406
5.23,5.25,61.002955435378794
5.24,5.26,61.21476744340918
5.25,5.27,61.58975926254634
5.26,5.28,61.94653964847945
5.27,5.29,62.2208204536673
5.28,5.3,62.277811925880876
5.29,5.31,62.06452678735424
5.3,5.32,61.6337213316867
5.31,5.33,61.14040387941079
5.32,5.34,60.657115958626434
5.33,5.35,60.541530892036306
5.34,5.36,67.8242137628863
5.35,5.37,83.08377860053935
5.36,5.38,101.52762025805829
5.37,5.39,111.5260306562413
5.38,5.4,113.1348141279565
5.39,5.41,115.89036812600081
5.4,5.42,119.1913537984064
5.41,5.43,123.09118923562
5.42,5.44,128.7020212813963
5.43,5.45,137.78933554488333
5.44,5.46,147.36206387537422
5.45,5.47,122.8829420005625
5.46,5.48,98.75417351921789
5.47,5.49,78.54247402374914
5.48,5.5,78.86926673921391
5.49,5.51,79.92508952195543
5.5,5.52,81.1621318248579
5.51,5.53,81.68061129944743
5.52,5.54,81.34289575269456
5.53,5.55,80.72543706074359
5.54,5.56,80.30817517880472
5.55,5.57,0.0
5.56,5.58,0.0
5.57,5.59,0.0
5.58,5.6,0.0
5.59,5.61,0.0
5.6,5.62,0.0
5.61,5.63,0.0
5.62,5.64,0.0
5.63,5.65,0.0
5.64,5.66,165.18405390334905
5.65,5.67,164.5131206280313
5.66,5.68,163.2861703551644
5.67,5.69,161.83053133609963
5.68,5.7,160.76697467466798
5.69,5.71,160.26358823272457
5.7,5.72,160.40628241876465
5.71,5.73,160.983686992405
5.72,5.74,161.6479908193038
5.73,5.75,162.08838803941399
5.74,5.76,162.53721942552218
5.75,5.77,163.1263202974964
5.76,5.78,163.59502125640216
5.77,5.79,163.74418140853234
5.78,5.8,163.2087071367074
5.79,5.81,161.25474395695733
5.8,5.82,158.50705175802568
5.81,5.83,155.50447681741718
5.82,5.84,153.40160768336665
5.83,5.85,151.90533299329476
5.84,5.86,150.84576794788455
5.85,5.87,150.01587455430536
5.86,5.88,149.18604330602946
5.87,5.89,148.9473501382572
5.88,5.9,149.37159226577344
5.89,5.91,149.90775649071313
5.9,5.92,0.0
5.91,5.93,0.0
5.92,5.94,0.0
5.93,5.95,0.0
5.94,5.96,0.0
5.95,5.97,0.0
5.96,5.98,0.0
5.97,5.99,0.0
5.98,6.0,0.0
5.99,6.01,0.0
6.0,6.02,0.0
6.01,6.03,0.0
6.02,6.04,189.65209653873168
6.03,6.05,188.11902879054728
6.04,6.06,185.31445858786464
6.05,6.07,185.21995379568017
6.06,6.08,185.49874880549407
6.07,6.09,185.66092524603772
6.08,6.1,185.19040797962487
6.09,6.11,184.0172571309004
6.1,6.12,182.53565143289657
6.11,6.13,181.25774187229766
6.12,6.14,181.00111377232335
6.13,6.15,181.97807751042663
6.14,6.16,183.58941270677764
6.15,6.17,184.71782696810848
6.16,6.18,184.78817298711397
6.17,6.19,184.21868505783323
6.18,6.2,183.8085970387749
6.19,6.21,183.79450308942543
6.2,6.22,183.21390694582365
6.21,6.23,181.22403620557102
6.22,6.24,178.82075918787234
6.23,6.25,177.05918468273111
6.24,6.26,176.5400050532236
6.25,6.27,176.2074918571447
6.26,6.28,175.83003684659982
6.27,6.29,175.24312671681952
6.28,6.3,174.38089879259178
6.29,6.31,173.29029455013728
6.3,6.32,171.53067538597708
6.31,6.33,169.59906929837837
6.32,6.34,167.7189990179983
6.33,6.35,166.08482952266021
6.34,6.36,164.3641292264018
6.35,6.37,161.60366977750982
6.36,6.38,157.07475485856807
6.37,6.39,149.927081168206
6.38,6.4,154.16130920003846
6.39,6.41,155.7988491852709
6.4,6.42,0.0
6.41,6.43,0.0
6.42,6.44,0.0
6.43,6.45,0.0
6.44,6.46,0.0
6.45,6.47,0.0
6.46,6.48,172.1893039396794
6.47,6.49,173.03863656328048
6.48,6.5,175.25988601321956
6.49,6.51,171.26066546554136
6.5,6.52,168.4047137396939
6.51,6.53,165.95240462912597
6.52,6.54,163.65272535165664
6.53,6.55,162.25027770346966
6.54,6.56,162.36336215859123
6.55,6.57,165.44820187273422
6.56,6.58,167.2423705791966
6.57,6.59,0.0
6.58,6.6,0.0
6.59,6.61,0.0
6.6,6.62,0.0
6.61,6.63,0.0
6.62,6.64,0.0
6.63,6.65,0.0
6.64,6.66,0.0
6.65,6.67,0.0
6.66,6.68,0.0
6.67,6.69,0.0
6.68,6.7,0.0
6.69,6.71,0.0
6.7,6.72,0.0
6.71,6.73,0.0
6.72,6.74,163.3472927721039
6.73,6.75,162.1430954901356
6.74,6.76,159.88308003545643
6.75,6.77,157.36480060713345
6.76,6.78,155.4815040196009
6.77,6.79,154.09771581862924
6.78,6.8,153.19294181629934
6.79,6.81,152.6098162865747
6.8,6.82,152.57205795574845
6.81,6.83,153.08184252088034
6.82,6.84,154.04631690610728
6.83,6.85,155.14066907684082
6.84,6.86,156.10208531426966
6.85,6.87,157.0091293335018
6.86,6.88,157.96454612901024
6.87,6.89,159.15755853263875
6.88,6.9,160.51857682750563
6.89,6.91,162.34418733077948
6.9,6.92,164.79032000076907
6.91,6.93,167.22326436862025
6.92,6.94,169.32301483342567
6.93,6.95,170.63938769819902
6.94,6.96,171.42774991474946
6.95,6.97,171.61500013287042
6.96,6.98,171.67734882795065
6.97,6.99,172.43222259199845
6.98,7.0,173.48156695736157
6.99,7.01,174.79026814139277
7.0,7.02,175.74156925981097
7.01,7.03,176.60377334827777
7.02,7.04,177.71027748921793
7.03,7.05,179.31499488449802
7.04,7.06,182.29609208987318
7.05,7.07,184.96150613959134
7.06,7.08,186.63322344245327
7.07,7.09,186.30021248519543
7.08,7.1,184.78361271111098
7.09,7.11,181.98260864766223
7.1,7.12,178.6589675319795
7.11,7.13,175.19637134795835
7.12,7.14,172.68288449358374
7.13,7.15,170.7097511101209
7.14,7.16,169.13015963116658
7.15,7.17,167.77562537523573
7.16,7.18,167.14435692541014
7.17,7.19,167.35666649267523
7.18,7.2,167.7371824224472
7.19,7.21,167.68036582813312
7.2,7.22,167.22440662651192
7.21,7.23,166.7414496293564
7.22,7.24,166.66003366862316
7.23,7.25,166.80713663221314
7.24,7.26,166.43791708139963
7.25,7.27,165.1742268512455
7.26,7.28,163.36023271411645
7.27,7.29,161.66065366220604
7.28,7.3,160.23521645220896
7.29,7.31,159.0627934638837
7.3,7.32,158.27979207071218
7.31,7.33,157.8643517793945
7.32,7.34,157.73271179093607
7.33,7.35,157.87770967243338
7.34,7.36,158.30181795407012
7.35,7.37,158.92245000348362
7.36,7.38,159.62014952574015
7.37,7.39,160.24875730392785
7.38,7.4,160.7133512473262
7.39,7.41,160.9839885050255
7.4,7.42,161.07661507571322
7.41,7.43,161.09349265125755
7.42,7.44,161.16487364155455
7.43,7.45,161.28137721472498
7.44,7.46,161.2250066111361
7.45,7.47,160.75512568694384
7.46,7.48,159.71244886852628
7.47,7.49,158.06099035459985
7.48,7.5,156.72068878433643
7.49,7.51,157.3053101825143
7.5,7.52,158.93087202085334
7.51,7.53,160.08685405679515
7.52,7.54,158.74756207949005
7.53,7.55,156.21763116941722
7.54,7.56,153.3960643601069
7.55,7.57,151.71173919953435
7.56,7.58,151.0386727156263
7.57,7.59,151.08374150630965
7.58,7.6,150.9384977623754
7.59,7.61,150.66695281657638
7.6,7.62,150.6823578441468
7.61,7.63,151.27591727390427
7.62,7.64,152.45447189742615
7.63,7.65,153.82889315914196
7.64,7.66,154.83148768751036
7.65,7.67,154.86980517901407
7.66,7.68,153.44176895808135
7.67,7.69,150.84204531604826
7.68,7.7,148.72404708768022
7.69,7.71,150.88263360958211
7.7,7.72,155.38411719361537
7.71,7.73,160.56145045258646
7.72,7.74,163.04711860332424
7.73,7.75,164.97628175220865
7.74,7.76,167.02280849512263
7.75,7.77,169.94951678660541
7.76,7.78,173.28485345174914
7.77,7.79,176.65133248341547
7.78,7.8,178.91550755213333
7.79,7.81,180.36836515264878
7.8,7.82,181.29608769197336
7.81,7.83,181.9480465413921
7.82,7.84,184.79248906627774
7.83,7.85,188.43756041256657
7.84,7.86,192.3362577503799
7.85,7.87,193.8538390022674
7.86,7.88,194.21635660202134
7.87,7.89,193.4448067637114
7.88,7.9,191.5991944848807
7.89,7.91,188.87237492513475
7.9,7.92,185.6401034479035
7.91,7.93,182.20653915580854
7.92,7.94,178.64408753556512
7.93,7.95,175.6382456267631
7.94,7.96,173.3543214257198
7.95,7.97,171.64792090141202
7.96,7.98,168.8429627705802
7.97,7.99,164.93061205015735
7.98,8.0,160.62953408295152
7.99,8.01,156.3031240344165
8.0,8.02,152.68088645835914
8.01,8.03,186.56558704839173
8.02,8.04,229.42239267153985
8.03,8.05,283.21962476283113
8.04,8.06,281.35317954405633
8.05,8.07,281.34226864928803
8.06,8.08,282.4772792723682
8.07,8.09,284.4518241314421
8.08,8.1,286.53928023640196
8.09,8.11,288.27073722207
8.1,8.12,230.10794229876853
8.11,8.13,184.23463831351307
8.12,8.14,148.1537536848435
8.13,8.15,149.90443686094233
8.14,8.16,150.07029349721506
8.15,8.17,148.2429503996299
8.16,8.18,146.35489105892054
8.17,8.19,145.83148231064678
8.18,8.2,145.86209250894834
8.19,8.21,145.79580262555334
8.2,8.22,145.444645195914
8.21,8.23,145.6558991770911
8.22,8.24,122.7214949601633
8.23,8.25,102.90945487135251
8.24,8.26,107.93093553370372
8.25,8.27,134.67065050602278
8.26,8.28,168.93666792237906
8.27,8.29,169.6006575478564
8.28,8.3,170.07475030079019
8.29,8.31,169.82489936881643
8.3,8.32,168.17328668005953
8.31,8.33,164.67249723798898
8.32,8.34,160.23216241563932
8.33,8.35,157.0008610442015
8.34,8.36,156.82179861991136
8.35,8.37,159.33774315719143
8.36,8.38,162.83880503196738
8.37,8.39,165.63702286200885
8.38,8.4,167.38635454507713
8.39,8.41,168.45791535577953
8.4,8.42,169.10696246556356
8.41,8.43,169.49218627472675
8.42,8.44,169.5815248026462
8.43,8.45,168.96406733467717
8.44,8.46,166.93479955225584
8.45,8.47,163.69955615636923
8.46,8.48,159.8713842606534
8.47,8.49,156.3658014488456
8.48,8.5,153.96490815742933
8.49,8.51,152.95407261347452
8.5,8.52,154.1370064686587
8.51,8.53,156.7807181229367
8.52,8.54,159.80582274213776
8.53,8.55,161.44537788026415
8.54,8.56,161.2736301964713
8.55,8.57,160.01270675148464
8.56,8.58,158.60648325040324
8.57,8.59,157.45779076566433
8.58,8.6,156.5839644060348
8.59,8.61,155.77243480994224
8.6,8.62,155.07745762024607
8.61,8.63,154.5911876395746
8.62,8.64,154.50463953878597
8.63,8.65,154.8467384827734
8.64,8.66,155.55175218360463
8.65,8.67,156.3623560358818
8.66,8.68,156.99134786093842
8.67,8.69,157.138728500554
8.68,8.7,157.07357809836134
8.69,8.71,157.4707846258006
8.7,8.72,158.32709132963947
8.71,8.73,158.97403967619982
8.72,8.74,158.7948261748658
8.73,8.75,158.23402361300316
8.74,8.76,157.8771356772273
8.75,8.77,157.82023354312201
8.76,8.78,157.90121047993884
8.77,8.79,157.9818808592663
8.78,8.8,157.83777849916956
8.79,8.81,157.67904074271635
8.8,8.82,157.76474242196272
8.81,8.83,157.9555836360045
8.82,8.84,157.95586207473522
8.83,8.85,158.01079371223983
8.84,8.86,158.11797929364815
8.85,8.87,157.85930807728897
8.86,8.88,156.95828106143273
8.87,8.89,155.933084158292
8.88,8.9,155.4519236189227
8.89,8.91,155.439592977477
8.9,8.92,155.69278972265437
8.91,8.93,155.9121951871377
8.92,8.94,155.71073290649514
8.93,8.95,154.92475597120318
8.94,8.96,154.00318085846666
8.95,8.97,153.66358888612987
8.96,8.98,154.60208833778645
8.97,8.99,155.30797298179635
8.98,9.0,0.0
8.99,9.01,0.0
9.0,9.02,0.0
9.01,9.03,0.0
9.02,9.04,0.0
9.03,9.05,0.0
9.04,9.06,0.0
9.05,9.07,0.0
9.06,9.08,0.0
9.07,9.09,0.0
9.08,9.1,0.0
9.09,9.11,0.0
9.1,9.12,0.0
9.11,9.13,0.0
9.12,9.14,0.0
9.13,9.15,820.7562471637648
9.14,9.16,821.0509046775998
9.15,9.17,875.3707368971815
9.16,9.18,904.0767325254059
9.17,9.19,0.0
9.18,9.2,0.0
9.19,9.21,0.0
9.2,9.22,0.0
9.21,9.23,0.0
9.22,9.24,0.0
9.23,9.25,0.0
9.24,9.26,0.0
9.25,9.27,0.0
9.26,9.28,0.0
9.27,9.29,0.0
9.28,9.3,0.0
9.29,9.31,0.0
9.3,9.32,73.2033538425827
9.31,9.33,94.04595047087652
9.32,9.34,118.7420500762653
9.33,9.35,157.46025413875313
9.34,9.36,160.19633038136791
9.35,9.37,162.6288762831186
9.36,9.38,163.57270941535216
9.37,9.39,162.7075342188574
9.38,9.4,161.46763080770424
9.39,9.41,160.53527212554863
9.4,9.42,159.98450276652602
9.41,9.43,159.13565903644454
9.42,9.44,157.85106458010048
9.43,9.45,156.52223420945455
9.44,9.46,155.78139356983075
9.45,9.47,156.13166902167023
9.46,9.48,159.20089299653029
9.47,9.49,161.98043832180946
9.48,9.5,163.05263344622975
9.49,9.51,160.5683671964226
9.5,9.52,157.29092630697153
9.51,9.53,154.31704965384642
9.52,9.54,151.5678287634217
9.53,9.55,148.6962273803739
9.54,9.56,146.18603786351864
9.55,9.57,144.83995660090497
9.56,9.58,0.0
9.57,9.59,0.0
9.58,9.6,0.0
9.59,9.61,0.0
9.6,9.62,0.0
9.61,9.63,0.0
9.62,9.64,0.0
9.63,9.65,0.0
9.64,9.66,0.0
9.65,9.67,0.0
9.66,9.68,160.2651243716476
9.67,9.69,160.11050730709323
9.68,9.7,155.04962814079212
9.69,9.71,151.64823737931357
9.7,9.72,150.61580216080887
9.71,9.73,154.97036969176503
9.72,9.74,157.9839869149153
9.73,9.75,158.28811027456138
9.74,9.76,157.27533081980263
9.75,9.77,155.54503440179832
9.76,9.78,153.11854614327854
9.77,9.79,149.98240976473406
9.78,9.8,146.19235144279338
9.79,9.81,142.2122333166309
9.8,9.82,145.18212019177517
9.81,9.83,149.31145519766255
9.82,9.84,153.45745769829318
9.83,9.85,151.79699039723525
9.84,9.86,151.00323292848003
9.85,9.87,151.6345211360121
9.86,9.88,151.66454478335413
9.87,9.89,150.51375192961743
9.88,9.9,148.48244505979736
9.89,9.91,145.49599528426705
9.9,9.92,142.3812024235525
9.91,9.93,139.6465057826774
9.92,9.94,137.8427665520138
9.93,9.95,136.38414362483584
9.94,9.96,135.0591092502425
9.95,9.97,134.00987726671093
9.96,9.98,133.62490743463346
9.97,9.99,134.1394370072575
9.98,10.0,135.2479025357512
9.99,10.01,137.57513647863323
10.0,10.02,141.28894062229696
10.01,10.03,144.99679119031367
10.02,10.04,147.2924634027659
10.03,10.05,147.5121380660068
10.04,10.06,147.2397006358316
10.05,10.07,146.83531201250574
10.06,10.08,146.23062529973757
10.07,10.09,144.87741350880742
10.08,10.1,142.06193213321157
10.09,10.11,138.69188298976113
10.1,10.12,135.73586762056038
10.11,10.13,134.3678854718147
10.12,10.14,134.21314292190343
10.13,10.15,136.01139753202233
10.14,10.16,139.89544524851647
10.15,10.17,143.26226898641963
10.16,10.18,144.91644474797903
10.17,10.19,144.4729071251169
10.18,10.2,144.41795624133394
10.19,10.21,144.60181256321675
10.2,10.22,144.84705782700263
10.21,10.23,145.19574867141574
10.22,10.24,145.5845382068465
10.23,10.25,145.85238653266592
10.24,10.26,145.9388631769882
10.25,10.27,145.83959619936843
10.26,10.28,145.72650842450597
10.27,10.29,146.17415232403687
10.28,10.3,148.06495320595056
10.29,10.31,148.69360623926198
10.3,10.32,149.42098693714297
10.31,10.33,0.0
10.32,10.34,0.0
10.33,10.35,0.0
10.34,10.36,0.0
10.35,10.37,0.0
10.36,10.38,0.0
10.37,10.39,0.0
10.38,10.4,0.0
10.39,10.41,0.0
10.4,10.42,0.0
10.41,10.43,0.0
10.42,10.44,0.0
10.43,10.45,0.0
10.44,10.46,0.0
10.45,10.47,0.0
10.46,10.48,0.0
10.47,10.49,0.0
10.48,10.5,0.0
10.49,10.51,0.0
10.5,10.52,0.0
10.51,10.53,0.0
10.52,10.54,0.0
10.53,10.55,0.0
10.54,10.56,0.0
10.55,10.57,0.0
10.56,10.58,0.0
10.57,10.59,0.0
10.58,10.6,0.0
10.59,10.61,0.0
10.6,10.62,0.0
10.61,10.63,0.0
10.62,10.64,0.0
10.63,10.65,0.0
10.64,10.66,0.0
10.65,10.67,0.0
10.66,10.68,0.0
10.67,10.69,0.0
10.68,10.7,0.0
10.69,10.71,0.0
10.7,10.72,0.0
10.71,10.73,0.0
10.72,10.74,0.0
10.73,10.75,0.0
10.74,10.76,0.0
10.75,10.77,0.0
10.76,10.78,0.0
10.77,10.79,0.0
10.78,10.8,0.0
10.79,10.81,0.0
10.8,10.82,0.0
10.81,10.83,0.0
10.82,10.84,238.73773616358233
10.83,10.85,235.32998596777546
10.84,10.86,229.1477049099741
10.85,10.87,226.14840728246327
10.86,10.88,225.1112725305259
10.87,10.89,225.37565894859432
10.88,10.9,225.4696362489555
10.89,10.91,225.0780910588357
10.9,10.92,224.34394653596092
10.91,10.93,223.42592769223526
10.92,10.94,222.3471833633001
10.93,10.95,220.92613930110107
10.94,10.96,219.50455206523992
10.95,10.97,218.37351519879115
10.96,10.98,217.60450911097521
10.97,10.99,216.83123542048693
10.98,11.0,216.07337371877236
10.99,11.01,215.49121265603878
11.0,11.02,215.17302994205107
11.01,11.03,214.98455333974465
11.02,11.04,214.84499664114216
11.03,11.05,214.70538860724963
11.04,11.06,214.49307454435993
11.05,11.07,214.28687249452858
11.06,11.08,214.08492548666572
11.07,11.09,213.72840865886909
11.08,11.1,212.7737362475232
11.09,11.11,211.8782709330129
11.1,11.12,211.46969221322945
11.11,11.13,211.77861883596356
11.12,11.14,211.8703343876931
11.13,11.15,211.25922785326253
11.14,11.16,206.85668297673845
11.15,11.17,202.0439732456822
11.16,11.18,193.1247897391742
11.17,11.19,188.39388498438316
11.18,11.2,185.4341794029563
11.19,11.21,188.77222891282108
11.2,11.22,195.5775685683368
11.21,11.23,202.47698797372425
11.22,11.24,207.81699574271892
11.23,11.25,208.8968086894432
11.24,11.26,208.16929367277896
11.25,11.27,206.47289162821338
11.26,11.28,204.9690853516988
11.27,11.29,204.61435824379305
11.28,11.3,205.0357131179378
11.29,11.31,205.24825348629352
11.3,11.32,204.78101834832117
11.31,11.33,204.08353074187895
11.32,11.34,203.69106030435142
11.33,11.35,203.8972646792802
11.34,11.36,204.43148157962992
11.35,11.37,205.09242023671158
11.36,11.38,210.41074652963187
11.37,11.39,217.02353072260115
11.38,11.4,224.54453718263557
11.39,11.41,227.04128942980782
11.4,11.42,227.23878394466843
11.41,11.43,226.20168267785766
11.42,11.44,231.45668225183476
11.43,11.45,239.08813058973993
11.44,11.46,248.30675617608918
11.45,11.47,252.81251939300796
11.46,11.48,258.926495085056
11.47,11.49,267.17627474076863
11.48,11.5,276.11093168044994
11.49,11.51,283.14674371730007
11.5,11.52,287.3536483157409
11.51,11.53,288.7049634219746
11.52,11.54,287.74014230616706
11.53,11.55,285.8854791809355
11.54,11.56,285.33387316339895
11.55,11.57,285.9906978414941
11.56,11.58,286.51181667199836
11.57,11.59,284.52767425336083
11.58,11.6,281.13919249381775
11.59,11.61,276.5923504750631
11.6,11.62,271.39335560648016
11.61,11.63,267.40844545176765
11.62,11.64,265.3721073638273
11.63,11.65,0.0
11.64,11.66,0.0
11.65,11.67,536.0579351554987
11.66,11.68,546.4401935096345
11.67,11.69,557.9540474016393
11.68,11.7,568.7992368056807
11.69,11.71,0.0
11.7,11.72,0.0
11.71,11.73,218.45008377390315
11.72,11.74,219.26753744160604
11.73,11.75,220.48456594313495
11.74,11.76,220.53485486904026
11.75,11.77,218.2224300020626
11.76,11.78,214.89641418484055
11.77,11.79,211.5967055494379
11.78,11.8,209.78069032215254
11.79,11.81,206.10198284697321
11.8,11.82,202.04023364301926
11.81,11.83,198.85172517976048
11.82,11.84,0.0
11.83,11.85,0.0
11.84,11.86,0.0
11.85,11.87,0.0
11.86,11.88,0.0
11.87,11.89,190.96595952229595
11.88,11.9,192.41874776967916
11.89,11.91,194.68389433732887
11.9,11.92,196.31916469658935
11.91,11.93,196.5938723338054
11.92,11.94,194.15380081140503
11.93,11.95,187.82015466104122
11.94,11.96,179.97017934774522
11.95,11.97,174.02679688865547
11.96,11.98,173.14960640295524
11.97,11.99,178.7858521049917
11.98,12.0,185.39340600835936
11.99,12.01,190.63256837404668
12.0,12.02,190.71369736278783
12.01,12.03,190.0123669235143
12.02,12.04,188.73966274212898
12.03,12.05,187.30796583653924
12.04,12.06,185.8376977350508
12.05,12.07,184.15009774058476
12.06,12.08,183.2845687160704
12.07,12.09,184.51199087256015
12.08,12.1,188.82460443528205
12.09,12.11,194.79335720997264
12.1,12.12,200.6127784739884
12.11,12.13,205.3742000167935
12.12,12.14,209.17021846850386
12.13,12.15,212.32721578816998
12.14,12.16,214.66574700857322
12.15,12.17,216.20505771162078
12.16,12.18,216.95817039407012
12.17,12.19,216.8795919441837
12.18,12.2,215.50222888474585
12.19,12.21,214.66499019961825
12.2,12.22,214.06388751334302
12.21,12.23,214.5249791688713
12.22,12.24,0.0
12.23,12.25,0.0
12.24,12.26,0.0
12.25,12.27,0.0
12.26,12.28,0.0
12.27,12.29,0.0
12.28,12.3,66.07696617627313
12.29,12.31,65.70891588099656
12.3,12.32,92.86068948018932
12.31,12.33,129.83089230406858
12.32,12.34,181.98653839785547
12.33,12.35,179.46065301216416
12.34,12.36,179.18678718331088
12.35,12.37,179.03736683393598
12.36,12.38,176.55486540425605
12.37,12.39,172.7511214535641
12.38,12.4,169.94041725843402
12.39,12.41,0.0
12.4,12.42,0.0
12.41,12.43,0.0
12.42,12.44,0.0
12.43,12.45,0.0
12.44,12.46,0.0
12.45,12.47,0.0
12.46,12.48,0.0
12.47,12.49,0.0
12.48,12.5,163.10477319706024
12.49,12.51,162.6539624026831
12.5,12.52,173.22113849711656
12.51,12.53,184.85948265179283
12.52,12.54,198.0669978471249
12.53,12.55,199.0763217694153
12.54,12.56,200.6351470127165
12.55,12.57,202.7923930605959
12.56,12.58,205.18775063269987
12.57,12.59,207.6531723865008
12.58,12.6,209.85896256339788
12.59,12.61,211.9740931591744
12.6,12.62,213.91964913827775
12.61,12.63,215.50792715505597
12.62,12.64,217.0468203950648
12.63,12.65,218.81037853057455
12.64,12.66,219.97290357251453
12.65,12.67,219.80700470661736
12.66,12.68,218.0920161656837
12.67,12.69,215.8389225590576
12.68,12.7,213.92978367073255
12.69,12.71,212.37648648602206
12.7,12.72,210.39855339483688
12.71,12.73,205.96832839991933
12.72,12.74,199.87804000933687
12.73,12.75,186.81322682107367
12.74,12.76,180.88301948812756
12.75,12.77,0.0
12.76,12.78,0.0
12.77,12.79,0.0
12.78,12.8,0.0
12.79,12.81,185.46850464104708
12.8,12.82,185.23636110449874
12.81,12.83,184.61073101492946
12.82,12.84,182.69672680027796
12.83,12.85,179.5582329936097
12.84,12.86,176.6369310662304
12.85,12.87,174.96856449033575
12.86,12.88,174.33400853785608
12.87,12.89,173.5616113229642
12.88,12.9,172.19330677728328
12.89,12.91,170.82425234814198
12.9,12.92,169.70093421993752
12.91,12.93,169.16057230152398
12.92,12.94,168.71839462925993
12.93,12.95,168.07237578035898
12.94,12.96,167.177543613528
12.95,12.97,165.86696984223613
12.96,12.98,163.82792715864872
12.97,12.99,162.18701054621388
12.98,13.0,120.60102041008497
12.99,13.01,89.66901571492836
13.0,13.02,71.45189955287701
13.01,13.03,73.51675188486011
13.02,13.04,0.0
13.03,13.05,165.76654794014146
13.04,13.06,165.42574663884005
13.05,13.07,164.62611358750422
13.06,13.08,163.57009635357034
13.07,13.09,161.52426419792485
13.08,13.1,159.6092467051025
13.09,13.11,158.91133222330546
13.1,13.12,160.10151125200903
13.11,13.13,161.65103622257374
13.12,13.14,162.61798294479024
13.13,13.15,161.54592286683663
13.14,13.16,168.8746075643856
13.15,13.17,176.37320373803985
13.16,13.18,185.3620353921154
13.17,13.19,184.6032463863401
13.18,13.2,183.8906306887756
13.19,13.21,183.23732325665466
13.2,13.22,182.49853129920388
13.21,13.23,181.51177414902878
13.22,13.24,180.0414942945199
13.23,13.25,178.0597504467702
13.24,13.26,175.70478543003728
13.25,13.27,172.81753850857834
13.26,13.28,168.5724848266793
13.27,13.29,163.48260991920918
13.28,13.3,158.70130866893447
13.29,13.31,154.19985157455844
13.3,13.32,150.6487609762144
13.31,13.33,147.69584920009328
13.32,13.34,146.74228992458305
13.33,13.35,147.18859459414273
13.34,13.36,148.66582498394533
13.35,13.37,150.2660804459952
13.36,13.38,151.25838514461407
13.37,13.39,151.7581791970274
13.38,13.4,152.40388973677554
13.39,13.41,153.40094855821764
13.4,13.42,154.58829227080685
13.41,13.43,155.4955511139815
13.42,13.44,155.94452617897855
13.43,13.45,155.67176143361527
13.44,13.46,154.507243958138
13.45,13.47,152.62022416534103
13.46,13.48,150.57787359909955
13.47,13.49,148.98536041592803
13.48,13.5,147.9270281270509
13.49,13.51,148.90934955805733
13.5,13.52,149.43002491715745
13.51,13.53,0.0
13.52,13.54,0.0
13.53,13.55,0.0
13.54,13.56,0.0
13.55,13.57,0.0
13.56,13.58,197.97122422432298
13.57,13.59,198.90917637619165
13.58,13.6,200.9067300927845
13.59,13.61,203.12538621521753
13.6,13.62,206.32908532772333
13.61,13.63,210.48262156544118
13.62,13.64,215.72766284058807
13.63,13.65,221.39771915030377
13.64,13.66,228.38810758904447
13.65,13.67,234.39484862853732
13.66,13.68,239.48832157169187
13.67,13.69,242.63358288490798
13.68,13.7,245.73967514342368
13.69,13.71,250.27886294125733
13.7,13.72,255.59520207711512
13.71,13.73,262.8777274186628
13.72,13.74,269.5513863606618
13.73,13.75,274.80693799151595
13.74,13.76,275.4663572931483
13.75,13.77,273.07360234505444
13.76,13.78,265.42485576043697
13.77,13.79,261.9595026845188
13.78,13.8,0.0
13.79,13.81,0.0
13.8,13.82,0.0
13.81,13.83,0.0
13.82,13.84,0.0
13.83,13.85,0.0
13.84,13.86,0.0
13.85,13.87,0.0
13.86,13.88,0.0
13.87,13.89,0.0
13.88,13.9,0.0
13.89,13.91,0.0
13.9,13.92,0.0
13.91,13.93,0.0
13.92,13.94,0.0
13.93,13.95,0.0
13.94,13.96,0.0
13.95,13.97,0.0
13.96,13.98,0.0
13.97,13.99,0.0
13.98,14.0,0.0
13.99,14.01,0.0
14.0,14.02,0.0
14.01,14.03,0.0
14.02,14.04,0.0
14.03,14.05,0.0
14.04,14.06,0.0
14.05,14.07,0.0
14.06,14.08,0.0
14.07,14.09,0.0
14.08,14.1,0.0
14.09,14.11,0.0
14.1,14.12,0.0
14.11,14.13,0.0
14.12,14.14,0.0
14.13,14.15,0.0
14.14,14.16,0.0
14.15,14.17,0.0
14.16,14.18,0.0
14.17,14.19,0.0
14.18,14.2,0.0
14.19,14.21,0.0
14.2,14.22,0.0
14.21,14.23,0.0
14.22,14.24,0.0
14.23,14.25,0.0
14.24,14.26,0.0
14.25,14.27,0.0
14.26,14.28,0.0
14.27,14.29,0.0
14.28,14.3,193.5691829899985
14.29,14.31,191.74460631612442
14.3,14.32,188.8436612481314
14.31,14.33,188.10593066997598
14.32,14.34,187.80041489309755
14.33,14.35,186.86884693929323
14.34,14.36,185.14479262109327
14.35,14.37,182.94104515314314
14.36,14.38,180.6461067093984
14.37,14.39,178.45296230221658
14.38,14.4,176.47423773579874
14.39,14.41,174.73839713329247
14.4,14.42,173.05964652884387
14.41,14.43,171.36524643004344
14.42,14.44,169.94992871093035
14.43,14.45,169.3348610374168
14.44,14.46,169.17203437721662
14.45,14.47,168.73607290893904
14.46,14.48,167.4797125945309
14.47,14.49,165.5888168370053
14.48,14.5,163.2112245180371
14.49,14.51,160.62095126634765
14.5,14.52,155.53442706669836
14.51,14.53,147.0430291428546
14.52,14.54,138.3251580470778
14.53,14.55,145.65780882008684
14.54,14.56,157.32139395267777
14.55,14.57,171.50801816742592
14.56,14.58,170.39959549914957
14.57,14.59,169.7720703193252
14.58,14.6,168.80531672626105
14.59,14.61,167.2438262044902
14.6,14.62,165.58673710476452
14.61,14.63,164.52379652131265
14.62,14.64,165.42715000166592
14.63,14.65,166.11749471256724
14.64,14.66,0.0
14.65,14.67,0.0
14.66,14.68,0.0
14.67,14.69,0.0
14.68,14.7,0.0
14.69,14.71,0.0
14.7,14.72,0.0
14.71,14.73,0.0
14.72,14.74,0.0
14.73,14.75,0.0
14.74,14.76,0.0
14.75,14.77,160.13797486149124
14.76,14.78,163.19279458894277
14.77,14.79,168.90663046694584
14.78,14.8,170.06759268531215
14.79,14.81,170.50637447462506
14.8,14.82,170.72671637885807
14.81,14.83,170.71964417721915
14.82,14.84,170.46522115444452
14.83,14.85,169.928266590616
14.84,14.86,169.09900722264334
14.85,14.87,167.9294853123104
14.86,14.88,166.3984240256968
14.87,14.89,164.4817494740456
14.88,14.9,156.88262718973291
14.89,14.91,118.65908596768409
14.9,14.92,90.7323228962797
14.91,14.93,72.54651137408118
14.92,14.94,73.60160304707026
14.93,14.95,74.29467753475882
14.94,14.96,75.05479130896997
14.95,14.97,75.79533711815485
14.96,14.98,98.83334651632318
14.97,14.99,127.77910149859423
14.98,15.0,164.59009681807646
14.99,15.01,163.58947004549367
15.0,15.02,161.9202733434391
15.01,15.03,159.82073593281257
15.02,15.04,157.91441491091902
15.03,15.05,156.7186168356082
15.04,15.06,155.03997697097384
15.05,15.07,153.44149847662635
15.06,15.08,153.92728939321742
15.07,15.09,157.5031438233588
15.08,15.1,161.73797016300747
15.09,15.11,164.09735493233794
15.1,15.12,164.01531458778064
15.11,15.13,163.02001415544635
15.12,15.14,161.79726524626824
15.13,15.15,161.01320243491597
15.14,15.16,160.7482186082584
15.15,15.17,160.71405949833684
15.16,15.18,160.70352458664019
15.17,15.19,160.61259894494847
15.18,15.2,160.36270818601787
15.19,15.21,160.11669900337094
15.2,15.22,159.93381860198312
15.21,15.23,0.0
15.22,15.24,0.0
15.23,15.25,0.0
15.24,15.26,0.0
15.25,15.27,0.0
15.26,15.28,0.0
15.27,15.29,0.0
15.28,15.3,0.0
15.29,15.31,153.41563589010931
15.3,15.32,161.6288648613846
15.31,15.33,167.45316269558003
15.32,15.34,177.12228189103777
15.33,15.35,175.6534171157745
15.34,15.36,175.03569908913937
15.35,15.37,174.73616398347954
15.36,15.38,174.18602489001083
15.37,15.39,173.09293977337418
15.38,15.4,171.5807624261413
15.39,15.41,163.8288657289791
15.4,15.42,123.99854036260521
15.41,15.43,93.58855794990988
15.42,15.44,73.70923803012509
15.43,15.45,0.0
15.44,15.46,0.0
15.45,15.47,0.0
15.46,15.48,0.0
15.47,15.49,186.1689384520181
15.48,15.5,186.06227210493702
15.49,15.51,185.9313705790105
15.5,15.52,185.62300595719043
15.51,15.53,185.50700550182805
15.52,15.54,185.31735776895962
15.53,15.55,184.75214173196434
15.54,15.56,183.32152557653217
15.55,15.57,181.1608350140011
15.56,15.58,178.50212071797475
15.57,15.59,175.7555491341616
15.58,15.6,172.53421144878413
15.59,15.61,168.50300235651326
15.6,15.62,163.6019425104576
15.61,15.63,158.33802867867777
15.62,15.64,153.67234170983505
15.63,15.65,149.9628631718454
15.64,15.66,147.1651640845783
15.65,15.67,144.62094718023968
15.66,15.68,142.11427991538287
15.67,15.69,139.68589756053646
15.68,15.7,137.36180006601413
15.69,15.71,135.43309512267024
15.7,15.72,134.30896493147839
15.71,15.73,134.52869040078605
15.72,15.74,136.04119048435203
15.73,15.75,138.88223508836313
15.74,15.76,141.74233147698013
15.75,15.77,143.80021882419382
15.76,15.78,144.10694658265797
15.77,15.79,144.37004047886063
15.78,15.8,145.27972320142877
15.79,15.81,146.7735602447885
15.8,15.82,147.57244464941797
15.81,15.83,147.3803784180538
15.82,15.84,146.69858085232462
15.83,15.85,145.97694200795414
15.84,15.86,145.41729473069356
15.85,15.87,145.05322480711877
15.86,15.88,144.75370052356854
15.87,15.89,144.3143655421318
15.88,15.9,143.6680075223615
15.89,15.91,142.8176733081713
15.9,15.92,141.6863742569274
15.91,15.93,141.06485633811297
15.92,15.94,141.77236450766392
15.93,15.95,143.28948250071306
15.94,15.96,144.72735696175246
15.95,15.97,145.40039352922514
15.96,15.98,146.6174529371045
15.97,15.99,150.10063583219275
15.98,16.0,153.59681634544037
15.99,16.01,155.97373634496574
16.0,16.02,155.82701915519166
16.01,16.03,155.59655623907219
16.02,16.04,155.65450869468572
16.03,16.05,155.67548319959897
16.04,16.06,155.43849696779512
16.05,16.07,154.69888276637235
16.06,16.08,153.1738880872167
16.07,16.09,151.22026144484946
16.08,16.1,149.7919927459317
16.09,16.11,149.2524276114104
16.1,16.12,148.99484808568846
16.11,16.13,144.9600061249984
16.12,16.14,142.81491977626638
16.13,16.15,0.0
16.14,16.16,0.0
16.15,16.17,0.0
16.16,16.18,0.0
16.17,16.19,105.59809262178271
16.18,16.2,120.18629209685997
16.19,16.21,155.26261911122177
16.2,16.22,154.3949703666738
16.21,16.23,152.45726011413
16.22,16.24,150.23025919553228
16.23,16.25,148.54959644048816
16.24,16.26,147.95723053576822
16.25,16.27,147.3369175602754
16.26,16.28,147.19156218431175
16.27,16.29,0.0
16.28,16.3,0.0
16.29,16.31,0.0
16.3,16.32,0.0
16.31,16.33,0.0
16.32,16.34,0.0
16.33,16.35,0.0
16.34,16.36,0.0
16.35,16.37,152.32459082508367
16.36,16.38,0.0
16.37,16.39,0.0
16.38,16.4,0.0
16.39,16.41,198.0256720651398
16.4,16.42,197.71367265739704
16.41,16.43,197.23959767493469
16.42,16.44,198.40674557518702
16.43,16.45,200.35081914158997
16.44,16.46,202.9572113931885
16.45,16.47,205.79045378067883
16.46,16.48,208.86072469151506
16.47,16.49,212.0209927260064
16.48,16.5,215.3273652816409
16.49,16.51,217.97978715564656
16.5,16.52,219.90016205521403
16.51,16.53,221.04037232124742
16.52,16.54,221.41640421195558
16.53,16.55,221.01889434363258
16.54,16.56,219.92346967547013
16.55,16.57,218.2436843163722
16.56,16.58,215.86902959875658
16.57,16.59,268.36132123357584
16.58,16.6,332.809571102689
16.59,16.61,412.85798650028534
16.6,16.62,404.6457151170577
16.61,16.63,395.2384040721809
16.62,16.64,394.7879752243329
16.63,16.65,398.1163244931014
16.64,16.66,354.3157582032179
16.65,16.67,256.4241550403083
16.66,16.68,182.28898246888633
16.67,16.69,147.86685358552253
16.68,16.7,143.28806171373543
16.69,16.71,140.29880493347508
16.7,16.72,137.10081330513103
16.71,16.73,135.90699389191428
16.72,16.74,136.50819307143914
16.73,16.75,138.26873707062458
16.74,16.76,140.32287371647564
16.75,16.77,143.41835908064925
16.76,16.78,146.06482816228927
16.77,16.79,147.76635659637077
16.78,16.8,147.46212343885776
16.79,16.81,146.989319293854
16.8,16.82,146.53188183570515
16.81,16.83,145.9527556534303
16.82,16.84,145.42453641530787
16.83,16.85,145.26403829501464
16.84,16.86,145.428557949002
16.85,16.87,145.6495124857713
16.86,16.88,146.03999974923835
16.87,16.89,146.7883407809564
16.88,16.9,147.4272954601424
16.89,16.91,147.3566089196263
16.9,16.92,146.64321963788947
16.91,16.93,146.02172307061704
16.92,16.94,145.8595534660183
16.93,16.95,145.79504767926898
16.94,16.96,145.480559504062
16.95,16.97,145.01968474138025
16.96,16.98,145.3215045304991
16.97,16.99,145.55212608109605
16.98,17.0,0.0
16.99,17.01,0.0
17.0,17.02,0.0
17.01,17.03,0.0
17.02,17.04,0.0
17.03,17.05,0.0
17.04,17.06,0.0
17.05,17.07,0.0
17.06,17.08,0.0
17.07,17.09,0.0
17.08,17.1,0.0
17.09,17.11,0.0
17.1,17.12,0.0
17.11,17.13,0.0
17.12,17.14,0.0
17.13,17.15,0.0
17.14,17.16,0.0
17.15,17.17,0.0
17.16,17.18,0.0
17.17,17.19,0.0
17.18,17.2,0.0
17.19,17.21,0.0
17.2,17.22,0.0
17.21,17.23,0.0
17.22,17.24,0.0
17.23,17.25,0.0
17.24,17.26,0.0
17.25,17.27,0.0
17.26,17.28,0.0
17.27,17.29,0.0
17.28,17.3,0.0
17.29,17.31,0.0
17.3,17.32,0.0
17.31,17.33,0.0
17.32,17.34,0.0
17.33,17.35,147.49765840336832
17.34,17.36,148.09980129128078
17.35,17.37,149.10099357635337
17.36,17.38,149.8383898626405
17.37,17.39,150.16208337588344
17.38,17.4,150.10128077673116
17.39,17.41,149.44955145417663
17.4,17.42,149.03544834712733
17.41,17.43,0.0
17.42,17.44,0.0
17.43,17.45,0.0
17.44,17.46,0.0
17.45,17.47,0.0
17.46,17.48,0.0
17.47,17.49,0.0
17.48,17.5,161.34096706480582
17.49,17.51,160.6290739615616
17.5,17.52,159.38964324696877
17.51,17.53,158.6498424596689
17.52,17.54,158.22265765187242
17.53,17.55,157.9991304557639
17.54,17.56,157.73637856010043
17.55,17.57,157.2181952374804
17.56,17.58,156.39045559360065
17.57,17.59,155.49637342223832
17.58,17.6,154.6042004369525
17.59,17.61,155.23566284633878
17.6,17.62,157.59361133139936
17.61,17.63,161.12570870540387
17.62,17.64,163.40705183126067
17.63,17.65,163.7955317289937
17.64,17.66,162.90864405414064
17.65,17.67,162.17855892175754
17.66,17.68,161.50159422412145
17.67,17.69,160.4358687539892
17.68,17.7,158.61439922282645
17.69,17.71,156.61256965777295
17.7,17.72,156.07206014452638
17.71,17.73,157.29884594077524
17.72,17.74,158.69821393129325
17.73,17.75,159.35287601136952
17.74,17.76,158.67041645154063
17.75,17.77,158.2518935308684
17.76,17.78,157.73594410432622
17.77,17.79,156.91875531603537
17.78,17.8,156.40606672628468
17.79,17.81,156.52656263610297
17.8,17.82,156.90840004085777
17.81,17.83,0.0
17.82,17.84,0.0
17.83,17.85,0.0
17.84,17.86,0.0
17.85,17.87,0.0
17.86,17.88,0.0
17.87,17.89,0.0
17.88,17.9,0.0
17.89,17.91,0.0
17.9,17.92,0.0
17.91,17.93,0.0
17.92,17.94,165.71658800910066
17.93,17.95,165.20456520851062
17.94,17.96,163.9608425167934
17.95,17.97,162.41016396964048
17.96,17.98,160.77113708241308
17.97,17.99,159.55817163334456
17.98,18.0,159.0124888972493
17.99,18.01,158.87274993079365
18.0,18.02,158.7984826441689
18.01,18.03,158.58355886608646
18.02,18.04,158.25236427793521
18.03,18.05,157.82268519873915
18.04,18.06,157.19607766541665
18.05,18.07,156.2672237296801
18.06,18.08,155.2002813015029
18.07,18.09,154.4132233071785
18.08,18.1,154.90202240979824
18.09,18.11,155.87574926037703
18.1,18.12,156.5715439696948
18.11,18.13,156.17972009089917
18.12,18.14,155.58205435591046
18.13,18.15,155.20064037768478
18.14,18.16,154.9089342883362
18.15,18.17,154.45866940259663
18.16,18.18,153.91855596354353
18.17,18.19,153.25567215933003
18.18,18.2,152.30193677848752
18.19,18.21,151.3597229140304
18.2,18.22,151.11463837049266
18.21,18.23,151.70889776052292
18.22,18.24,152.63934355616115
18.23,18.25,152.8620749328827
18.24,18.26,152.401858068382
18.25,18.27,151.56649287741772
18.26,18.28,150.7438276282433
18.27,18.29,149.87796503138816
18.28,18.3,148.83819838989564
18.29,18.31,147.53827331063508
18.3,18.32,146.2134040460074
18.31,18.33,145.4841498197544
18.32,18.34,0.0
18.33,18.35,0.0
18.34,18.36,0.0
18.35,18.37,0.0
18.36,18.38,0.0
18.37,18.39,0.0
18.38,18.4,0.0
18.39,18.41,0.0
18.4,18.42,0.0
18.41,18.43,0.0
18.42,18.44,147.04555638624043
18.43,18.45,147.47625840742973
18.44,18.46,148.24515528159682
18.45,18.47,147.35500169439297
18.46,18.48,146.26388142956387
18.47,18.49,145.52651903038867
18.48,18.5,145.27810661749388
18.49,18.51,145.38203672481083
18.5,18.52,0.0
18.51,18.53,0.0
18.52,18.54,0.0
18.53,18.55,0.0
18.54,18.56,0.0
18.55,18.57,0.0
18.56,18.58,0.0
18.57,18.59,0.0
18.58,18.6,0.0
18.59,18.61,0.0
18.6,18.62,0.0
18.61,18.63,0.0
18.62,18.64,0.0
18.63,18.65,160.6108294410871
18.64,18.66,167.54327232443103
18.65,18.67,175.1452288564328
18.66,18.68,183.58306167821385
18.67,18.69,185.9024076453294
18.68,18.7,189.1517494412989
18.69,18.71,192.3813982146136
18.7,18.72,194.60219130939055
18.71,18.73,195.81020243923734
18.72,18.74,201.52181223894308
18.73,18.75,207.78778278650756
18.74,18.76,215.08879456306863
18.75,18.77,217.50987997289806
18.76,18.78,218.41923173514212
18.77,18.79,217.40997443025978
18.78,18.8,215.31351137044143
18.79,18.81,213.2241086568122
18.8,18.82,266.45179016929166
18.81,18.83,333.4796293491351
18.82,18.84,417.7065386727246
18.83,18.85,414.94475965614373
18.84,18.86,411.5750127520565
18.85,18.87,406.6849756995474
18.86,18.88,400.2083852332297
18.87,18.89,366.4828024610438
18.88,18.9,334.75828821067137
18.89,18.91,305.07147481919685
18.9,18.92,245.95869161381756
18.91,18.93,196.3524329595487
18.92,18.94,157.25991013645046
18.93,18.95,152.45754565727333
18.94,18.96,149.722415759489
18.95,18.97,147.33243745358783
18.96,18.98,145.52781771410554
18.97,18.99,142.7853895179336
18.98,19.0,140.6179083217937
18.99,19.01,139.68257345010082
19.0,19.02,142.34528479524587
19.01,19.03,145.8775687705732
19.02,19.04,149.39405732746408
19.03,19.05,150.93575395058807
19.04,19.06,151.30642002165376
19.05,19.07,150.47470516526556
19.06,19.08,149.12310578361812
19.07,19.09,147.63544339026086
19.08,19.1,146.17603655242303
19.09,19.11,144.9429504780135
19.1,19.12,144.33392327003506
19.11,19.13,0.0
19.12,19.14,0.0
19.13,19.15,0.0
19.14,19.16,0.0
19.15,19.17,0.0
19.16,19.18,0.0
19.17,19.19,0.0
19.18,19.2,0.0
19.19,19.21,0.0
19.2,19.22,0.0
19.21,19.23,0.0
19.22,19.24,0.0
19.23,19.25,0.0
19.24,19.26,0.0
19.25,19.27,0.0
19.26,19.28,0.0
19.27,19.29,0.0
19.28,19.3,0.0
19.29,19.31,0.0
19.3,19.32,0.0
19.31,19.33,0.0
19.32,19.34,0.0
19.33,19.35,0.0
19.34,19.36,0.0
19.35,19.37,0.0
19.36,19.38,0.0
19.37,19.39,0.0
19.38,19.4,0.0
19.39,19.41,0.0
19.4,19.42,0.0
19.41,19.43,0.0
19.42,19.44,0.0
19.43,19.45,0.0
19.44,19.46,0.0
19.45,19.47,80.00273068915865
19.46,19.48,78.78857625821448
19.47,19.49,77.15606814380146
19.48,19.5,101.59061460767458
19.49,19.51,133.7950675105836
19.5,19.52,174.2528208362853
19.51,19.53,175.32999122301297
19.52,19.54,175.69100315706288
19.53,19.55,175.46576214048756
19.54,19.56,174.66217815962068
19.55,19.57,173.5392976579885
19.56,19.58,172.50877985227442
19.57,19.59,172.94962989525766
19.58,19.6,173.90922934192145
19.59,19.61,174.72145670974393
19.6,19.62,174.57762557103183
19.61,19.63,174.50359152132407
19.62,19.64,174.6475155959573
19.63,19.65,174.8165368394544
19.64,19.66,0.0
19.65,19.67,0.0
19.66,19.68,214.94381823352626
19.67,19.69,214.74489557211007
19.68,19.7,214.49529589784862
19.69,19.71,216.55821399776255
19.7,19.72,218.24421329629538
19.71,19.73,218.7686292816093
19.72,19.74,217.0120063675706
19.73,19.75,211.71940989273446
19.74,19.76,203.7246351210378
19.75,19.77,195.27906450066197
19.76,19.78,189.10324160061555
19.77,19.79,186.79046481226592
19.78,19.8,189.60032703928636
19.79,19.81,196.83300629347758
19.8,19.82,206.25040267514728
19.81,19.83,215.46263006828164
19.82,19.84,223.15748524144337
19.83,19.85,229.58613911704694
19.84,19.86,234.29276304062168
19.85,19.87,238.24087554162173
19.86,19.88,241.83295824882958
19.87,19.89,245.19187926932867
19.88,19.9,245.7707578572513
19.89,19.91,234.8075680955584
19.9,19.92,229.94559704579447
19.91,19.93,226.97786337155807
19.92,19.94,233.21149442134816
19.93,19.95,230.88633407542463
19.94,19.96,226.672935630062
19.95,19.97,221.63781775754143
19.96,19.98,216.90769337552433
19.97,19.99,212.71949866630965
19.98,20.0,208.7585358754981
19.99,20.01,205.14679246006034
20.0,20.02,202.1085368216184
20.01,20.03,188.79381801529289
20.02,20.04,177.78136287315388
20.03,20.05,164.8686247151479
20.04,20.06,173.02212779939617
20.05,20.07,181.56565583079794
20.06,20.08,193.93223656668604
20.07,20.09,193.8970285075388
20.08,20.1,197.66205448201262
20.09,20.11,201.81278234104113
20.1,20.12,206.65285876223118
20.11,20.13,207.44348957004362
20.12,20.14,208.0522684353815
20.13,20.15,208.5165374327012
20.14,20.16,208.74032106011455
20.15,20.17,208.4305448337762
20.16,20.18,207.0281346046572
20.17,20.19,205.04610448406828
20.18,20.2,202.7022399818467
20.19,20.21,200.84440914268365
20.2,20.22,199.63256730800276
20.21,20.23,199.00698236191903
20.22,20.24,198.61315832308952
20.23,20.25,197.85923441254104
20.24,20.26,196.7357485531729
20.25,20.27,195.13441200019142
20.26,20.28,193.0141805350097
20.27,20.29,190.0709916979455
20.28,20.3,186.99797741601708
20.29,20.31,184.27056864264614
20.3,20.32,181.48805847813617
20.31,20.33,178.332325974723
20.32,20.34,175.28885170915484
20.33,20.35,174.08388431727346
20.34,20.36,175.51394297764503
20.35,20.37,178.73299227671538
20.36,20.38,181.53737295399117
20.37,20.39,181.820279901271
20.38,20.4,178.9856552381319
20.39,20.41,174.33921367513292
20.4,20.42,169.27679458127727
20.41,20.43,163.54344550766604
20.42,20.44,154.40464942985815
20.43,20.45,144.5227677128974
20.44,20.46,138.52643747061646
20.45,20.47,0.0
20.46,20.48,0.0
20.47,20.49,174.20462153347907
20.48,20.5,174.15756761714113
20.49,20.51,174.02735290699408
20.5,20.52,173.9534947194739
20.51,20.53,173.62021030020009
20.52,20.54,173.13396448364827
20.53,20.55,172.75157823346785
20.54,20.56,172.4985170410171
20.55,20.57,172.23216379922837
20.56,20.58,171.48373914971143
20.57,20.59,171.54787343799015
20.58,20.6,171.8024170281596
20.59,20.61,174.3320878622472
20.6,20.62,175.99461816084508
20.61,20.63,177.54491332064686
20.62,20.64,177.28776026214604
20.63,20.65,177.10315915075384
20.64,20.66,176.90136457578575
20.65,20.67,176.62342593914076
20.66,20.68,176.19320427062038
20.67,20.69,175.31403644393754
20.68,20.7,173.76164455604584
20.69,20.71,171.83062198776622
20.7,20.72,169.8614253740124
20.71,20.73,168.04341768665964
20.72,20.74,166.2673610811942
20.73,20.75,164.29216388660348
20.74,20.76,162.07660236751505
20.75,20.77,160.01335902745328
20.76,20.78,158.46252694935532
20.77,20.79,157.46847722654633
20.78,20.8,156.7495262475453
20.79,20.81,156.3757418907104
20.8,20.82,156.4894731089181
20.81,20.83,156.77332546729977
20.82,20.84,156.97365487324188
20.83,20.85,156.98162771274934
20.84,20.86,157.06271078840638
20.85,20.87,157.3099202329967
20.86,20.88,157.63256028914466
20.87,20.89,157.87859676003845
20.88,20.9,157.85029938278728
20.89,20.91,157.48853364653402
20.9,20.92,156.60682403406597
20.91,20.93,155.16068542597264
20.92,20.94,153.33086085014787
20.93,20.95,151.30331946159922
20.94,20.96,148.70423852930017
20.95,20.97,145.2477149868214
20.96,20.98,143.2781955261048
20.97,20.99,0.0
20.98,21.0,0.0
20.99,21.01,0.0
21.0,21.02,0.0
21.01,21.03,173.73222302201816
21.02,21.04,172.5584871044612
21.03,21.05,170.64623096816777
21.04,21.06,170.7573785134434
21.05,21.07,171.75430891759564
21.06,21.08,173.59595741037148
21.07,21.09,175.81004640570345
21.08,21.1,178.25159357337222
21.09,21.11,180.30589939820322
21.1,21.12,182.10447037151422
21.11,21.13,184.09991125776233
21.12,21.14,186.36105914727602
21.13,21.15,188.04708328289837
21.14,21.16,188.03382444191809
21.15,21.17,185.96128046467925
21.16,21.18,184.6525122062389
21.17,21.19,0.0
21.18,21.2,0.0
21.19,21.21,0.0
21.2,21.22,0.0
21.21,21.23,0.0
21.22,21.24,0.0
21.23,21.25,0.0
21.24,21.26,0.0
21.25,21.27,0.0
21.26,21.28,0.0
21.27,21.29,0.0
21.28,21.3,0.0
21.29,21.31,0.0
21.3,21.32,0.0
21.31,21.33,0.0
21.32,21.34,0.0
21.33,21.35,0.0
21.34,21.36,0.0
21.35,21.37,0.0
21.36,21.38,0.0
21.37,21.39,0.0
21.38,21.4,0.0
21.39,21.41,0.0
21.4,21.42,0.0
21.41,21.43,0.0
21.42,21.44,0.0
21.43,21.45,0.0
21.44,21.46,0.0
21.45,21.47,0.0
21.46,21.48,0.0
21.47,21.49,0.0
21.48,21.5,0.0
21.49,21.51,0.0
21.5,21.52,0.0
21.51,21.53,0.0
21.52,21.54,0.0
21.53,21.55,0.0
21.54,21.56,0.0
21.55,21.57,0.0
21.56,21.58,0.0
21.57,21.59,0.0
21.58,21.6,0.0
21.59,21.61,0.0
21.6,21.62,0.0
21.61,21.63,162.43807972746598
21.62,21.64,163.64089804969126
21.63,21.65,166.24615003170146
21.64,21.66,167.66935579790152
21.65,21.67,168.94735167555442
21.66,21.68,169.7184723711236
21.67,21.69,169.7963875993359
21.68,21.7,169.13029006599274
21.69,21.71,167.63852786523577
21.7,21.72,165.85878328119517
21.71,21.73,164.84356025328609
21.72,21.74,0.0
21.73,21.75,0.0
21.74,21.76,0.0
21.75,21.77,0.0
21.76,21.78,0.0
21.77,21.79,0.0
21.78,21.8,0.0
21.79,21.81,0.0
21.8,21.82,0.0
21.81,21.83,0.0
21.82,21.84,0.0
21.83,21.85,0.0
21.84,21.86,0.0
21.85,21.87,0.0
21.86,21.88,159.66937975671263
21.87,21.89,162.2237882806596
21.88,21.9,166.76191547585293
21.89,21.91,168.57634786749708
21.9,21.92,169.17171752891468
21.91,21.93,169.1905057950514
21.92,21.94,168.91526522308482
21.93,21.95,168.07896796178576
21.94,21.96,165.99716851987074
21.95,21.97,162.61509848232723
21.96,21.98,158.85923784041157
21.97,21.99,156.37267527451883
21.98,22.0,157.099209238455
21.99,22.01,161.27965364866154
22.0,22.02,166.63779949798067
22.01,22.03,171.0516007427574
22.02,22.04,173.29037091764616
22.03,22.05,174.40287873765575
22.04,22.06,174.26704707363675
22.05,22.07,172.67236401507714
22.06,22.08,170.81331817217665
22.07,22.09,169.8858864703315
22.08,22.1,170.44041375164335
22.09,22.11,171.7014471721142
22.1,22.12,172.9524499607248
22.11,22.13,174.02957699811367
22.12,22.14,174.8256278068577
22.13,22.15,175.19880340055948
22.14,22.16,175.34946342903513
22.15,22.17,175.42973183042852
22.16,22.18,175.42814697596424
22.17,22.19,175.4681592691025
22.18,22.2,175.39823070236898
22.19,22.21,174.7702803841153
22.2,22.22,172.19129586145297
22.21,22.23,168.5340821012645
22.22,22.24,164.94180568195767
22.23,22.25,163.509412979913
22.24,22.26,166.14465654554297
22.25,22.27,169.60177867408999
22.26,22.28,172.48437816781828
22.27,22.29,171.9826677419246
22.28,22.3,170.97348626133427
22.29,22.31,170.00772035326744
22.3,22.32,169.21250264659255
22.31,22.33,168.41432478651905
22.32,22.34,167.61956106762767
22.33,22.35,166.97246994311473
22.34,22.36,166.99195225378625
22.35,22.37,167.21899018250633
22.36,22.38,166.68825752811415
22.37,22.39,166.79469545726317
22.38,22.4,166.80619937696528
22.39,22.41,168.75066678560535
22.4,22.42,169.13902942849774
22.41,22.43,0.0
22.42,22.44,0.0
22.43,22.45,171.82522672126987
22.44,22.46,171.72740301807454
22.45,22.47,171.33245538099325
22.46,22.48,170.2567523086485
22.47,22.49,168.9926069084758
22.48,22.5,168.05030496512398
22.49,22.51,167.4889571539036
22.5,22.52,167.13625462827238
22.51,22.53,167.3040154237248
22.52,22.54,167.4170623250344
22.53,22.55,0.0
22.54,22.56,0.0
22.55,22.57,0.0
22.56,22.58,0.0
22.57,22.59,0.0
22.58,22.6,199.65201101657092
22.59,22.61,199.5049545052349
22.6,22.62,199.2750881550875
22.61,22.63,199.08377905811213
22.62,22.64,199.10325705910472
22.63,22.65,199.33591192669982
22.64,22.66,199.74886184526753
22.65,22.67,200.41351685537265
22.66,22.68,201.1760210801406
22.67,22.69,201.58891851156756
22.68,22.7,201.11441425882774
22.69,22.71,199.78222707203957
22.7,22.72,197.84074997726708
22.71,22.73,195.34275761878214
22.72,22.74,192.06826121350457
22.73,22.75,187.04545064834946
22.74,22.76,178.36844149295342
22.75,22.77,168.09231977302724
22.76,22.78,162.10914004751774
22.77,22.79,0.0
22.78,22.8,0.0
22.79,22.81,161.02900890179035
22.8,22.82,160.70391410049194
22.81,22.83,159.64281922538265
22.82,22.84,158.18887837238645
22.83,22.85,156.98007116129497
22.84,22.86,156.63355246444846
22.85,22.87,157.01383449586024
22.86,22.88,157.90874330726174
22.87,22.89,159.22781856617294
22.88,22.9,160.70993398006127
22.89,22.91,162.077941605254
22.9,22.92,163.0621905538077
22.91,22.93,163.7704680185994
22.92,22.94,164.44552876184648
22.93,22.95,165.17863075415303
22.94,22.96,165.79863906845242
22.95,22.97,165.93902169266428
22.96,22.98,163.41787199772278
22.97,22.99,115.24309748070802
22.98,23.0,81.34996689871303
22.99,23.01,58.163732641357015
23.0,23.02,64.73108533296441
23.01,23.03,72.13694552757477
23.02,23.04,100.2814059621009
23.03,23.05,124.8333086304058
23.04,23.06,154.99533318260347
23.05,23.07,154.2379107926458
23.06,23.08,153.2175683479261
23.07,23.09,151.78122058249576
23.08,23.1,149.9912834037475
23.09,23.11,117.00211299086848
23.1,23.12,90.83988608296451
23.11,23.13,71.16851015897873
23.12,23.14,0.0
23.13,23.15,0.0
23.14,23.16,150.85559015409473
23.15,23.17,150.19823587283668
23.16,23.18,149.32096363375595
23.17,23.19,0.0
23.18,23.2,161.04783321691917
23.19,23.21,160.86839096211656
23.2,23.22,160.4628794439461
23.21,23.23,159.8749246082095
23.22,23.24,159.46541681672616
23.23,23.25,159.31057082709214
23.24,23.26,159.2920022233756
23.25,23.27,159.13297659917254
23.26,23.28,158.451982513157
23.27,23.29,121.1957709918028
23.28,23.3,88.66761503426522
23.29,23.31,64.06189771146295
23.3,23.32,61.94955970596935
23.31,23.33,65.19461897711476
23.32,23.34,90.42401431478714
23.33,23.35,122.27112849829008
23.34,23.36,159.45111649721804
23.35,23.37,160.5815469832066
23.36,23.38,161.55574764114616
23.37,23.39,162.08597726407933
23.38,23.4,162.08967380092042
23.39,23.41,161.38203342366918
23.4,23.42,159.8070727908702
23.41,23.43,132.678072280467
23.42,23.44,100.05367261220147
23.43,23.45,75.98459680681384
23.44,23.46,69.01047178075052
23.45,23.47,72.49035278027895
23.46,23.48,96.0708196759871
23.47,23.49,126.46135111920343
23.48,23.5,158.08397853025798
23.49,23.51,156.44203339964545
23.5,23.52,156.03394372346938
23.51,23.53,156.6661366037677
23.52,23.54,157.1276489486851
23.53,23.55,157.06769442956588
23.54,23.56,156.67065887899943
23.55,23.57,156.19484555961625
23.56,23.58,155.76922557111132
23.57,23.59,155.52436875964744
23.58,23.6,155.4425214162552
23.59,23.61,155.4268523421783
23.6,23.62,155.46521440549762
23.61,23.63,155.88596768749815
23.62,23.64,156.9660283059463
23.63,23.65,157.98682404253012
23.64,23.66,158.57866689603108
23.65,23.67,158.5568819905027
23.66,23.68,158.58610973890399
23.67,23.69,158.67842302502757
23.68,23.7,158.7003470208318
23.69,23.71,158.6192049175674
23.7,23.72,158.48250045368505
23.71,23.73,158.28301815658037
23.72,23.74,157.89731373108657
23.73,23.75,157.1806993868188
23.74,23.76,156.25921831151632
23.75,23.77,155.43265742148992
23.76,23.78,154.95490185823408
23.77,23.79,154.79184947056655
23.78,23.8,154.8132023608408
23.79,23.81,154.99183258753922
23.8,23.82,155.39060546787417
23.81,23.83,155.94923380061775
23.82,23.84,156.59224524430257
23.83,23.85,157.31023219618046
23.84,23.86,158.1666416695581
23.85,23.87,159.14458328718564
23.86,23.88,160.0211160265779
23.87,23.89,160.6559047801676
23.88,23.9,161.01861300368532
23.89,23.91,161.287063336477
23.9,23.92,161.5555162537216
23.91,23.93,161.79733654890023
23.92,23.94,161.9805453968534
23.93,23.95,162.12925167092672
23.94,23.96,162.11144400571908
23.95,23.97,161.73941351827804
23.96,23.98,160.8767743096832
23.97,23.99,159.59783471160097
23.98,24.0,158.07953737214962
23.99,24.01,156.5530876412086
24.0,24.02,155.3382447788757
24.01,24.03,154.53203069473034
24.02,24.04,154.12963658615197
24.03,24.05,153.95946321367927
24.04,24.06,153.93414081886974
24.05,24.07,153.95822498231826
24.06,24.08,154.27159423735293
24.07,24.09,155.04908150981504
24.08,24.1,155.70881154895318
24.09,24.11,155.74092878160627
24.1,24.12,155.09037465570566
24.11,24.13,154.4615283086719
24.12,24.14,154.0681780203469
24.13,24.15,153.72669825383647
24.14,24.16,153.19690812523066
24.15,24.17,152.32954160238472
24.16,24.18,151.24017188112717
24.17,24.19,150.16706313435574
24.18,24.2,149.3919999468555
24.19,24.21,149.02195200657664
24.2,24.22,149.08349998552865
24.21,24.23,149.3887411139561
24.22,24.24,149.8608260658259
24.23,24.25,150.30436101621453
24.24,24.26,150.58805994730182
24.25,24.27,150.56592957341124
24.26,24.28,150.32570766154302
24.27,24.29,150.06915267894095
24.28,24.3,149.84718894444546
24.29,24.31,149.58558354362387
24.3,24.32,149.1422635857452
24.31,24.33,148.3349136408619
24.32,24.34,146.81389489012673
24.33,24.35,143.9951388914922
24.34,24.36,142.06496852903638
24.35,24.37,142.78921221739256
24.36,24.38,145.12176716676638
24.37,24.39,147.01074581045611
24.38,24.4,147.11495914692412
24.39,24.41,147.19757862995496
24.4,24.42,147.37649775310595
24.41,24.43,147.70658915141308
24.42,24.44,148.76285263766422
24.43,24.45,155.32440013278315
24.44,24.46,161.47111755546584
24.45,24.47,166.4504600124558
24.46,24.48,164.9831705602898
24.47,24.49,163.75868633252435
24.48,24.5,163.1888751260679
24.49,24.51,163.44923832537037
24.5,24.52,164.62315723151812
24.51,24.53,166.46566316526128
24.52,24.54,168.28234147062295
24.53,24.55,169.57788160460674
24.54,24.56,170.0011649017112
24.55,24.57,169.94539759826907
24.56,24.58,169.27530261228543
24.57,24.59,168.1149332343848
24.58,24.6,166.19562441878057
24.59,24.61,165.6558383308378
24.6,24.62,165.21548619692484
24.61,24.63,0.0
24.62,24.64,0.0
24.63,24.65,0.0
24.64,24.66,0.0
24.65,24.67,0.0
24.66,24.68,0.0
24.67,24.69,0.0
24.68,24.7,0.0
24.69,24.71,0.0
24.7,24.72,0.0
24.71,24.73,0.0
24.72,24.74,0.0
24.73,24.75,0.0
24.74,24.76,0.0
24.75,24.77,0.0
24.76,24.78,0.0
24.77,24.79,0.0
24.78,24.8,0.0
24.79,24.81,0.0
24.8,24.82,167.35100607673846
24.81,24.83,166.51761010471034
24.82,24.84,165.1342695286088
24.83,24.85,164.29572972852364
24.84,24.86,163.68227931325225
24.85,24.87,162.75341316876046
24.86,24.88,161.33922508673186
24.87,24.89,159.57357155147412
24.88,24.9,157.9541044384772
24.89,24.91,156.833271294958
24.9,24.92,156.26951352686274
24.91,24.93,156.0750004988104
24.92,24.94,155.9385817211042
24.93,24.95,155.57883189876316
24.94,24.96,154.70435386049854
24.95,24.97,153.57580042603342
24.96,24.98,152.63239841690395
24.97,24.99,152.22995284318887
24.98,25.0,0.0
24.99,25.01,0.0
25.0,25.02,0.0
25.01,25.03,0.0
25.02,25.04,0.0
25.03,25.05,0.0
25.04,25.06,0.0
25.05,25.07,0.0
25.06,25.08,0.0
25.07,25.09,0.0
25.08,25.1,0.0
25.09,25.11,0.0
25.1,25.12,0.0
25.11,25.13,0.0
25.12,25.14,0.0
25.13,25.15,0.0
25.14,25.16,0.0
25.15,25.17,0.0
25.16,25.18,0.0
25.17,25.19,0.0
25.18,25.2,0.0
25.19,25.21,0.0
25.2,25.22,0.0
25.21,25.23,0.0
25.22,25.24,0.0
25.23,25.25,0.0
25.24,25.26,0.0
25.25,25.27,0.0
25.26,25.28,0.0
25.27,25.29,0.0
25.28,25.3,0.0
25.29,25.31,0.0
25.3,25.32,0.0
25.31,25.33,0.0
25.32,25.34,0.0
25.33,25.35,0.0
25.34,25.36,0.0
25.35,25.37,64.86275078605897
25.36,25.38,64.69238656188773
25.37,25.39,64.1719008412774
25.38,25.4,83.91142971314507
25.39,25.41,111.18781287134517
25.4,25.42,148.60860802698593
25.41,25.43,151.13918057558814
25.42,25.44,152.16584853006447
25.43,25.45,152.56906593193676
25.44,25.46,152.38411150520537
25.45,25.47,151.72380755115122
25.46,25.48,151.0573276999854
25.47,25.49,150.67601635974145
25.48,25.5,150.49128429470935
25.49,25.51,150.1087557207369
25.5,25.52,149.16250846588247
25.51,25.53,146.83350017122223
25.52,25.54,144.24687199152962
25.53,25.55,142.86633303991843
25.54,25.56,142.63496972589897
25.55,25.57,0.0
25.56,25.58,0.0
25.57,25.59,0.0
25.58,25.6,0.0
25.59,25.61,155.321747714747
25.6,25.62,154.7001099108394
25.61,25.63,153.76159139769942
25.62,25.64,153.61519494088589
25.63,25.65,153.75400231197048
25.64,25.66,153.7579662073411
25.65,25.67,153.45050914671305
25.66,25.68,152.90654227120956
25.67,25.69,152.35701714484915
25.68,25.7,152.19059499447016
25.69,25.71,152.6312717534016
25.7,25.72,153.32687418069617
25.71,25.73,153.61942605231903
25.72,25.74,153.28400714228238
25.73,25.75,152.58970872838788
25.74,25.76,151.85091781484206
25.75,25.77,151.31403833420913
25.76,25.78,151.18278028921003
25.77,25.79,151.876098307579
25.78,25.8,154.0814863044367
25.79,25.81,156.45639135767786
25.8,25.82,158.0430201093427
25.81,25.83,158.0909453041489
25.82,25.84,157.92389703455444
25.83,25.85,158.08913391340192
25.84,25.86,158.4892577946852
25.85,25.87,159.06132142195912
25.86,25.88,159.76922353732405
25.87,25.89,160.52303345327894
25.88,25.9,161.1177916565154
25.89,25.91,161.31498154852937
25.9,25.92,160.96221010506466
25.91,25.93,159.89530514831384
25.92,25.94,158.3077129700443
25.93,25.95,154.07635976297087
25.94,25.96,148.83849355270655
25.95,25.97,144.5035824044193
25.96,25.98,143.71198527875907
25.97,25.99,145.23329759032904
25.98,26.0,147.22568566185413
25.99,26.01,149.74721029984002
26.0,26.02,152.35805785533782
26.01,26.03,153.96489119468876
26.02,26.04,153.46246220284883
26.03,26.05,151.18273032053796
26.04,26.06,148.25511849047254
26.05,26.07,145.0473599292855
26.06,26.08,141.8971563667616
26.07,26.09,139.24802833123238
26.08,26.1,137.55382733807488
26.09,26.11,136.97504822826284
26.1,26.12,137.30729990204156
26.11,26.13,138.00027994970276
26.12,26.14,138.62810336731442
26.13,26.15,139.36001911426445
26.14,26.16,140.44973198211497
26.15,26.17,142.00888393791297
26.16,26.18,143.08727267226266
26.17,26.19,143.05847415402553
26.18,26.2,142.43751252075657
26.19,26.21,141.95879584022904
26.2,26.22,142.29692794848347
26.21,26.23,143.18539191140792
26.22,26.24,144.38760138254992
26.23,26.25,146.73110278314863
26.24,26.26,149.77778433696508
26.25,26.27,153.95540931519776
26.26,26.28,157.6288091013168
26.27,26.29,160.44074731176616
26.28,26.3,161.7739153244866
26.29,26.31,162.22750583347602
26.3,26.32,162.38146584661195
26.31,26.33,162.62050913096033
26.32,26.34,163.05513045599324
26.33,26.35,163.65133704175048
26.34,26.36,164.17077233999024
26.35,26.37,164.25146085105473
26.36,26.38,163.64686568210425
26.37,26.39,163.11909568142437
26.38,26.4,163.07216144163613
26.39,26.41,163.12366045137827
26.4,26.42,162.86571786079728
26.41,26.43,162.20421891450337
26.42,26.44,161.72428565675105
26.43,26.45,160.74968855142703
26.44,26.46,158.46898663598952
26.45,26.47,156.43272642371724
26.46,26.48,154.27965080293103
26.47,26.49,121.45001471581958
26.48,26.5,95.38027933489607
26.49,26.51,75.16736705695936
26.5,26.52,74.74032056064779
26.51,26.53,74.29348249772991
26.52,26.54,92.78981764885242
26.53,26.55,115.85865684353176
26.54,26.56,144.78483420559698
26.55,26.57,144.01381243551344
26.56,26.58,142.11291775204415
26.57,26.59,143.7684732183831
26.58,26.6,146.94558520893278
26.59,26.61,152.05145683896177
26.6,26.62,153.64860696978036
26.61,26.63,153.82099570739888
26.62,26.64,153.66133727322753
26.63,26.65,153.6965542444971
26.64,26.66,153.86960705689756
26.65,26.67,153.8801178058796
26.66,26.68,153.61470413950298
26.67,26.69,153.31413780425203
26.68,26.7,153.27475294846684
26.69,26.71,153.01043399301625
26.7,26.72,151.80346268297012
26.71,26.73,149.4327578202094
26.72,26.74,146.91393833391692
26.73,26.75,145.58545245853256
26.74,26.76,0.0
26.75,26.77,0.0
26.76,26.78,159.34337830965717
26.77,26.79,160.47695225930943
26.78,26.8,162.2452726228315
26.79,26.81,160.64386929410213
26.8,26.82,158.93043427506709
26.81,26.83,157.77303355799793
26.82,26.84,156.80295000776078
26.83,26.85,154.5187515913684
26.84,26.86,151.8846991134405
26.85,26.87,151.8495794337525
26.86,26.88,153.94277337098654
26.87,26.89,156.79004580265524
26.88,26.9,147.28615099394506
26.89,26.91,137.55938922071263
26.9,26.92,138.78163658963018
26.91,26.93,148.51750594270956
26.92,26.94,159.04821383986214
26.93,26.95,157.35793517931629
26.94,26.96,156.59586824875075
26.95,26.97,156.122346108925
26.96,26.98,155.86371126702966
26.97,26.99,155.69522548290774
26.98,27.0,155.2658179126822
26.99,27.01,154.11878617930532
27.0,27.02,153.1157795710137
27.01,27.03,153.57800002520423
27.02,27.04,155.2954826652552
27.03,27.05,156.64401040616895
27.04,27.06,156.1950176439104
27.05,27.07,154.65886955617663
27.06,27.08,153.07421952650105
27.07,27.09,151.8612739372831
27.08,27.1,151.01379744094365
27.09,27.11,150.79254637063184
27.1,27.12,151.67701043648336
27.11,27.13,153.38185205930625
27.12,27.14,154.80576603604422
27.13,27.15,154.90028168900574
27.14,27.16,153.87865982039148
27.15,27.17,152.5304102270185
27.16,27.18,151.03244935292503
27.17,27.19,149.2094503488861
27.18,27.2,147.61425108634137
27.19,27.21,147.01903869441102
27.2,27.22,147.20938520030654
27.21,27.23,147.16349409378472
27.22,27.24,146.34547475615898
27.23,27.25,145.18991002292097
27.24,27.26,144.36334435621416
27.25,27.27,144.57059081508527
27.26,27.28,146.63825980190052
27.27,27.29,149.26693153112606
27.28,27.3,151.11025982072738
27.29,27.31,151.4345153199256
27.3,27.32,151.49205254569608
27.31,27.33,152.15624275520838
27.32,27.34,153.6565971433806
27.33,27.35,156.12914042758558
27.34,27.36,159.25504696414865
27.35,27.37,162.4747890925415
27.36,27.38,165.73382394454288
27.37,27.39,169.56110522067868
27.38,27.4,173.6855454641704
27.39,27.41,177.36825154262013
27.4,27.42,180.00813378626566
27.41,27.43,182.15455439384456
27.42,27.44,184.0750462261003
27.43,27.45,185.16192766340274
27.44,27.46,184.69011115449106
27.45,27.47,182.91057314523937
27.46,27.48,180.67942620405614
27.47,27.49,178.70692261869996
27.48,27.5,176.34786684859836
27.49,27.51,174.4014568741878
27.5,27.52,172.21366387943797
27.51,27.53,171.1007561639514
27.52,27.54,170.08550602763103
27.53,27.55,169.5883443324219
27.54,27.56,169.09792667987472
27.55,27.57,168.86681208820002
27.56,27.58,168.94815205360499
27.57,27.59,169.11612915798676
27.58,27.6,169.23569564445114
27.59,27.61,169.38591179873086
27.6,27.62,169.54416238399813
27.61,27.63,169.61330801882252
27.62,27.64,169.4825884060955
27.63,27.65,168.99508317180184
27.64,27.66,168.0494347826425
27.65,27.67,166.71035149567328
27.66,27.68,165.7164967218421
27.67,27.69,166.18901455592876
27.68,27.7,167.51032677093835
27.69,27.71,167.76276079107478
27.7,27.72,165.483367205075
27.71,27.73,162.1112296826446
27.72,27.74,159.7459550982489
27.73,27.75,159.0858572326864
27.74,27.76,159.45094082559143
27.75,27.77,159.96463956871895
27.76,27.78,160.26621910032523
27.77,27.79,160.3493167006562
27.78,27.8,160.34525354233884
27.79,27.81,160.33587333962961
27.8,27.82,160.435515241074
27.81,27.83,160.84060320067297
27.82,27.84,161.7666436706516
27.83,27.85,163.0127403688034
27.84,27.86,163.79058725205863
27.85,27.87,163.35809098394273
27.86,27.88,161.90871395044394
27.87,27.89,160.93476074987848
27.88,27.9,0.0
27.89,27.91,0.0
27.9,27.92,0.0
27.91,27.93,0.0
27.92,27.94,0.0
27.93,27.95,0.0
27.94,27.96,0.0
27.95,27.97,0.0
27.96,27.98,0.0
27.97,27.99,0.0
27.98,28.0,0.0
27.99,28.01,0.0
28.0,28.02,0.0
28.01,28.03,0.0
28.02,28.04,0.0
28.03,28.05,0.0
28.04,28.06,0.0
28.05,28.07,0.0
28.06,28.08,0.0
28.07,28.09,0.0
28.08,28.1,0.0
28.09,28.11,0.0
28.1,28.12,0.0
28.11,28.13,0.0
28.12,28.14,0.0
28.13,28.15,0.0
28.14,28.16,0.0
28.15,28.17,0.0
28.16,28.18,0.0
28.17,28.19,0.0
28.18,28.2,0.0
28.19,28.21,0.0
28.2,28.22,0.0
28.21,28.23,0.0
28.22,28.24,0.0
28.23,28.25,65.55306801304062
28.24,28.26,65.38964671610675
28.25,28.27,81.25741849783765
28.26,28.28,101.51662542840344
28.27,28.29,128.27215313416917
28.28,28.3,132.50015039168045
28.29,28.31,136.9684536543272
28.3,28.32,141.27924321562855
28.31,28.33,143.27341264285025
28.32,28.34,143.77094418164572
28.33,28.35,143.19621406111523
28.34,28.36,143.30343853492235
28.35,28.37,143.54229085988126
28.36,28.38,0.0
28.37,28.39,148.74505457877424
28.38,28.4,149.46157158620215
28.39,28.41,151.8202885721283
28.4,28.42,153.2599271383608
28.41,28.43,155.34351599442942
28.42,28.44,156.91491738810294
28.43,28.45,157.75596506932618
28.44,28.46,157.8311706554539
28.45,28.47,157.35346241021307
28.46,28.48,156.72538530286877
28.47,28.49,156.1932796012526
28.48,28.5,155.82337960385527
28.49,28.51,156.37212397910906
28.5,28.52,157.77484132685623
28.51,28.53,159.35484233457964
28.52,28.54,160.07392650143527
28.53,28.55,160.12680732974303
28.54,28.56,160.0235842415213
28.55,28.57,159.55622037994934
28.56,28.58,158.74609295486502
28.57,28.59,158.1679485993214
28.58,28.6,158.37131636027
28.59,28.61,159.76897710644698
28.6,28.62,162.33510154276206
28.61,28.63,165.25468028721326
28.62,28.64,167.33959363784183
28.63,28.65,167.37595390758514
28.64,28.66,165.68433022304032
28.65,28.67,163.70096291072332
28.66,28.68,162.36169858101803
28.67,28.69,161.99460853437904
28.68,28.7,161.932814791075
28.69,28.71,162.02570168169714
28.7,28.72,162.02161389513066
28.71,28.73,161.53398087509524
28.72,28.74,160.9089292959341
28.73,28.75,161.41933997958262
28.74,28.76,162.06254996678982
28.75,28.77,162.42956133374622
28.76,28.78,161.80769358995224
28.77,28.79,161.5191035630998
28.78,28.8,161.55941428610686
28.79,28.81,0.0
28.8,28.82,0.0
28.81,28.83,0.0
28.82,28.84,0.0
28.83,28.85,161.87104461933757
28.84,28.86,0.0
28.85,28.87,0.0
28.86,28.88,172.34550256596367
28.87,28.89,168.0770606467576
28.88,28.9,162.32834118793542
28.89,28.91,157.78137727939284
28.9,28.92,156.18135474103755
28.91,28.93,155.3464426231439
28.92,28.94,154.03402987770556
28.93,28.95,151.84435986021504
28.94,28.96,149.51399395385744
28.95,28.97,149.13385093731765
28.96,28.98,150.1472939704864
28.97,28.99,151.1658751642578
28.98,29.0,151.17678416648005
28.99,29.01,149.47525595425736
29.0,29.02,146.57890019418394
29.01,29.03,143.8332550012867
29.02,29.04,142.56523015616156
29.03,29.05,111.87184640814857
29.04,29.06,87.04300661657362
29.05,29.07,66.96244955367702
29.06,29.08,68.23008645931284
29.07,29.09,70.45040120498798
29.08,29.1,73.4091310883043
29.09,29.11,73.33920591286068
29.1,29.12,72.44136440073169
29.11,29.13,71.42312511810886
29.12,29.14,70.2664562334015
29.13,29.15,71.38882502236996
29.14,29.16,72.35966044868668
29.15,29.17,95.51100815528217
29.16,29.18,122.9377168508011
29.17,29.19,158.90007516913445
29.18,29.2,174.54846971391746
29.19,29.21,192.0636059172946
29.2,29.22,192.84719568980316
29.21,29.23,176.7001114096407
29.22,29.24,163.15872717585876
29.23,29.25,163.7696019546192
29.24,29.26,163.16620521766868
29.25,29.27,161.32760053093568
29.26,29.28,161.12922357377047
29.27,29.29,161.602316654466
29.28,29.3,162.24468274849846
29.29,29.31,162.85441393096968
29.3,29.32,163.66464366536846
29.31,29.33,165.29894637942226
29.32,29.34,167.24996208074344
29.33,29.35,169.55858330201983
29.34,29.36,171.329038827846
29.35,29.37,173.01740040654911
29.36,29.38,174.10949057251116
29.37,29.39,174.67002948711828
29.38,29.4,174.43220245254946
29.39,29.41,173.38163504292402
29.4,29.42,171.78547734860356
29.41,29.43,169.9322543103164
29.42,29.44,167.90018187698396
29.43,29.45,165.9685314043609
29.44,29.46,164.53090208383492
29.45,29.47,163.95461054785443
29.46,29.48,164.05097061776246
29.47,29.49,164.22084520568728
29.48,29.5,164.0726427164464
29.49,29.51,163.6292699047756
29.5,29.52,163.2246931677226
29.51,29.53,163.22906307523465
29.52,29.54,163.8030028641519
29.53,29.55,164.3589140747913
29.54,29.56,164.70292489781127
29.55,29.57,164.619130868881
29.56,29.58,0.0
29.57,29.59,0.0
29.58,29.6,859.3339731804442
29.59,29.61,878.0160801220401
29.6,29.62,883.5445115541861
29.61,29.63,928.4788718802417
29.62,29.64,940.6605930864808
29.63,29.65,952.925076368565
29.64,29.66,0.0
29.65,29.67,166.80217475252536
29.66,29.68,166.84786637776045
29.67,29.69,166.8683085171552
29.68,29.7,166.89936256504524
29.69,29.71,166.7747951821859
29.7,29.72,166.61716531675089
29.71,29.73,166.58366775104972
29.72,29.74,166.7324116529637
29.73,29.75,166.98615699469178
29.74,29.76,167.22097987624414
29.75,29.77,167.34270939610263
29.76,29.78,167.32790545228292
29.77,29.79,167.23243949914598
29.78,29.8,167.1288524183212
29.79,29.81,167.08376494215267
29.8,29.82,167.05746186296707
29.81,29.83,166.99425201551702
29.82,29.84,166.85935558132982
29.83,29.85,166.59269766455972
29.84,29.86,166.04370065149257
29.85,29.87,164.83333577377465
29.86,29.88,163.47012854180383
29.87,29.89,162.7116213847221
29.88,29.9,166.84463116079036
29.89,29.91,171.37513972301917
29.9,29.92,175.71520028038768
29.91,29.93,175.77929036027342
29.92,29.94,170.85879087383063
29.93,29.95,166.0998528822049
29.94,29.96,161.39586678402816
29.95,29.97,161.50675429951232
29.96,29.98,162.62342952274307
29.97,29.99,164.2060098892082
29.98,30.0,165.47671274568702
29.99,30.01,0.0
30.0,30.02,0.0
30.01,30.03,0.0
30.02,30.04,0.0
30.03,30.05,0.0
30.04,30.06,0.0
30.05,30.07,0.0
30.06,30.08,0.0
30.07,30.09,160.597134140579
30.08,30.1,160.52027457511534
30.09,30.11,159.99708818053526
30.1,30.12,158.51871757958423
30.11,30.13,156.4459114697044
30.12,30.14,154.23332279975713
30.13,30.15,152.21023072314216
30.14,30.16,150.56002426630187
30.15,30.17,149.82483731599194
30.16,30.18,149.9714878125592
30.17,30.19,150.44276233359264
30.18,30.2,150.66545887828596
30.19,30.21,150.95968499465405
30.2,30.22,151.26056821725297
30.21,30.23,151.2245598778347
30.22,30.24,150.5411819136488
30.23,30.25,149.30170063209687
30.24,30.26,147.4036970334505
30.25,30.27,143.79678096261236
30.26,30.28,140.53048167232757
30.27,30.29,143.01403461644855
30.28,30.3,148.17456634748444
30.29,30.31,154.19086485333824
30.3,30.32,155.53668899023796
30.31,30.33,156.56783528042362
30.32,30.34,157.05814258958733
30.33,30.35,156.67928953751547
30.34,30.36,155.50147868330427
30.35,30.37,153.6729342787811
30.36,30.38,151.41441248120594
30.37,30.39,149.44996308654717
30.38,30.4,148.51608240454104
30.39,30.41,148.32868729069907
30.4,30.42,147.99588492089077
30.41,30.43,147.03287200658852
30.42,30.44,146.98763510446315
30.43,30.45,149.6303506250271
30.44,30.46,153.22271695796354
30.45,30.47,156.01408973637032
30.46,30.48,156.4569084755871
30.47,30.49,156.40348199402945
30.48,30.5,156.45789100432356
30.49,30.51,156.65030966839336
30.5,30.52,156.82699923156227
30.51,30.53,156.66052709259955
30.52,30.54,155.5617265682768
30.53,30.55,154.28799676070938
30.54,30.56,154.55578270600134
30.55,30.57,154.99565763200312
30.56,30.58,0.0
30.57,30.59,0.0
30.58,30.6,0.0
30.59,30.61,0.0
30.6,30.62,0.0
30.61,30.63,0.0
30.62,30.64,0.0
30.63,30.65,0.0
30.64,30.66,0.0
30.65,30.67,0.0
30.66,30.68,165.8817176357877
30.67,30.69,161.32523661825152
30.68,30.7,154.9180311318512
30.69,30.71,150.57316223136883
30.7,30.72,148.97900828267706
30.71,30.73,149.4108466121714
30.72,30.74,150.19444648433515
30.73,30.75,149.8946765843151
30.74,30.76,148.28560026704744
30.75,30.77,147.29436204651515
30.76,30.78,147.6188698710495
30.77,30.79,147.99293372401874
30.78,30.8,148.46273410658804
30.79,30.81,149.0276820553888
30.8,30.82,149.12537304518077
30.81,30.83,148.1811617148744
30.82,30.84,146.482425505747
30.83,30.85,145.1915736139159
30.84,30.86,144.8049023911547
30.85,30.87,144.96345582568196
30.86,30.88,0.0
30.87,30.89,0.0
30.88,30.9,0.0
30.89,30.91,0.0
30.9,30.92,0.0
30.91,30.93,0.0
30.92,30.94,0.0
30.93,30.95,0.0
30.94,30.96,0.0
30.95,30.97,185.78774726635027
30.96,30.98,186.98969556063892
30.97,30.99,189.1082835029231
30.98,31.0,191.28973319376007
30.99,31.01,192.72162721437815
31.0,31.02,193.82782741508314
31.01,31.03,195.11510730206496
31.02,31.04,196.24032109834218
31.03,31.05,196.65192780919602
31.04,31.06,196.07387186082028
31.05,31.07,194.88609047292974
31.06,31.08,193.49783916253358
31.07,31.09,191.97441531032987
31.08,31.1,190.20267020922128
31.09,31.11,188.35943337815416
31.1,31.12,186.8167669125244
31.11,31.13,185.66824820160775
31.12,31.14,184.6909250691837
31.13,31.15,183.71935360912894
31.14,31.16,182.71613142108907
31.15,31.17,181.57593796850304
31.16,31.18,180.1503853754258
31.17,31.19,178.42952833610033
31.18,31.2,176.51312733399055
31.19,31.21,174.16921477229184
31.2,31.22,171.2968020013995
31.21,31.23,167.4986820215407
31.22,31.24,163.7879887546713
31.23,31.25,160.28188160195413
31.24,31.26,155.43803459102838
31.25,31.27,153.05757505954327
31.26,31.28,0.0
31.27,31.29,0.0
31.28,31.3,0.0
31.29,31.31,0.0
31.3,31.32,223.40426714189874
31.31,31.33,203.39648578208445
31.32,31.34,199.30468527479775
31.33,31.35,167.37020064107577
31.34,31.36,166.90250690270096
31.35,31.37,167.03061085682978
31.36,31.38,166.77106529329603
31.37,31.39,165.90564218613366
31.38,31.4,164.6020289936094
31.39,31.41,163.37371366037772
31.4,31.42,162.62774749871326
31.41,31.43,162.3323115209365
31.42,31.44,162.07037059345768
31.43,31.45,161.68886811948929
31.44,31.46,161.2628276363274
31.45,31.47,160.8342771937053
31.46,31.48,161.58221698979375
31.47,31.49,162.501659662688
31.48,31.5,163.37371366037772
31.49,31.51,163.32623831197864
31.5,31.52,0.0
31.51,31.53,0.0
31.52,31.54,0.0
31.53,31.55,0.0
31.54,31.56,0.0
31.55,31.57,0.0
31.56,31.58,0.0
31.57,31.59,0.0
31.58,31.6,0.0
31.59,31.61,0.0
31.6,31.62,0.0
31.61,31.63,0.0
31.62,31.64,0.0
31.63,31.65,193.57494111035084
31.64,31.66,192.1193499216476
31.65,31.67,189.90918938900148
31.66,31.68,189.97485655766454
31.67,31.69,190.34286994108828
31.68,31.7,0.0
31.69,31.71,0.0
31.7,31.72,0.0
31.71,31.73,0.0
31.72,31.74,0.0
31.73,31.75,0.0
31.74,31.76,0.0
31.75,31.77,0.0
31.76,31.78,0.0
31.77,31.79,0.0
31.78,31.8,0.0
31.79,31.81,0.0
31.8,31.82,0.0
31.81,31.83,0.0
31.82,31.84,0.0
31.83,31.85,0.0
31.84,31.86,0.0
31.85,31.87,0.0
31.86,31.88,0.0
31.87,31.89,0.0
31.88,31.9,0.0
31.89,31.91,0.0
31.9,31.92,0.0
31.91,31.93,0.0
31.92,31.94,0.0
31.93,31.95,0.0
31.94,31.96,0.0
31.95,31.97,0.0
31.96,31.98,0.0
31.97,31.99,0.0
31.98,32.0,0.0
31.99,32.01,0.0
32.0,32.02,0.0
32.01,32.03,0.0
32.02,32.04,0.0
32.03,32.05,0.0
32.04,32.06,0.0
32.05,32.07,0.0
32.06,32.08,0.0
32.07,32.09,0.0
32.08,32.1,0.0
32.09,32.11,0.0
32.1,32.12,0.0
32.11,32.13,0.0
32.12,32.14,0.0
32.13,32.15,130.61994813999277
32.14,32.16,139.41129448361554
32.15,32.17,158.90102052092638
32.16,32.18,160.49785160645408
32.17,32.19,161.42798324323493
32.18,32.2,161.2876852682057
32.19,32.21,160.30655270444473
32.2,32.22,159.14002466828745
32.21,32.23,158.13562703919249
32.22,32.24,157.6269856394779
32.23,32.25,157.50952969444313
32.24,32.26,157.78833071762185
32.25,32.27,158.25609543385067
32.26,32.28,158.88570301335272
32.27,32.29,159.640919701065
32.28,32.3,160.40082173837715
32.29,32.31,161.02920405305306
32.3,32.32,161.52308969412738
32.31,32.33,162.0378763993744
32.32,32.34,162.6712203155045
32.33,32.35,163.37247171093048
32.34,32.36,164.06669570878788
32.35,32.37,164.65101800613388
32.36,32.38,165.02412764494144
32.37,32.39,164.93293793709623
32.38,32.4,164.02404264097828
32.39,32.41,162.47659703277412
32.4,32.42,160.96942786395158
32.41,32.43,159.94312241895796
32.42,32.44,159.38553416641463
32.43,32.45,158.82817489271102
32.44,32.46,158.01232566660846
32.45,32.47,156.82672278274902
32.46,32.48,155.33338446589406
32.47,32.49,153.9923223880783
32.48,32.5,153.117854495526
32.49,32.51,152.60307424313854
32.5,32.52,152.17815419567467
32.51,32.53,151.70390029984566
32.52,32.54,151.18351316496467
32.53,32.55,150.53726777706976
32.54,32.56,149.64499019100168
32.55,32.57,148.54336107902614
32.56,32.58,147.4531882381505
32.57,32.59,146.5127687942629
32.58,32.6,145.808974657897
32.59,32.61,144.99976251480544
32.6,32.62,143.85003743350316
32.61,32.63,142.5040495660426
32.62,32.64,141.21449156701536
32.63,32.65,140.02734736908437
32.64,32.66,138.67269254971367
32.65,32.67,137.20921781266972
32.66,32.68,135.87254480817575
32.67,32.69,134.9266098176483
32.68,32.7,134.53888791007793
32.69,32.71,134.9532360881434
32.7,32.72,136.6675692407621
32.71,32.73,139.51499314648729
32.72,32.74,142.02202677709386
32.73,32.75,143.145502159283
32.74,32.76,142.70087580724478
32.75,32.77,141.4138989959685
32.76,32.78,139.5221714733924
32.77,32.79,137.80987647329624
32.78,32.8,137.02681987038162
32.79,32.81,137.29374630721705
32.8,32.82,137.7276400848494
32.81,32.83,138.11983415716313
32.82,32.84,138.62083358939606
32.83,32.85,139.31984432471955
32.84,32.86,140.081584484427
32.85,32.87,140.7542288313518
32.86,32.88,141.42225010217334
32.87,32.89,141.90370683034644
32.88,32.9,141.88657308247952
32.89,32.91,141.34611125381915
32.9,32.92,140.49708959981047
32.91,32.93,139.54807493122092
32.92,32.94,138.57378779622448
32.93,32.95,137.49934187674444
32.94,32.96,135.96940175300813
32.95,32.97,134.14248141575374
32.96,32.98,132.34884193079523
32.97,32.99,130.88307447797374
32.98,33.0,129.38304119177275
32.99,33.01,127.64184653903503
33.0,33.02,126.28194303964221
33.01,33.03,125.57184652903352
33.02,33.04,125.41866651094901
33.03,33.05,125.42333698821892
33.04,33.06,125.51811061249118
33.05,33.07,125.8117598517084
33.06,33.08,126.26778057049324
33.07,33.09,126.67306678339757
33.08,33.1,126.33632609520927
33.09,33.11,123.96537525068403
33.1,33.12,120.6620096369512
33.11,33.13,117.13497286937613
33.12,33.14,119.28040645358672
33.13,33.15,125.6755242876936
33.14,33.16,136.29287729395284
33.15,33.17,144.87736562417433
33.16,33.18,153.52295183971682
33.17,33.19,159.35187530262348
33.18,33.2,163.09404563546542
33.19,33.21,163.19874587998413
33.2,33.22,0.0
33.21,33.23,0.0
33.22,33.24,0.0
33.23,33.25,0.0
33.24,33.26,0.0
33.25,33.27,0.0
33.26,33.28,0.0
33.27,33.29,0.0
33.28,33.3,0.0
33.29,33.31,0.0
33.3,33.32,0.0
33.31,33.33,190.63298842489937
33.32,33.34,189.63918417843587
33.33,33.35,187.4711043982491
33.34,33.36,185.381273773329
33.35,33.37,183.53294884854748
33.36,33.38,182.35386301792184
33.37,33.39,181.91100581872576
33.38,33.4,182.434121858324
33.39,33.41,183.6642662176116
33.4,33.42,184.64579891384471
33.41,33.43,184.66390501854036
33.42,33.44,183.75817970257432
33.43,33.45,182.65116222522093
33.44,33.46,181.44975201811695
33.45,33.47,179.3094633931395
33.46,33.48,175.61901222992893
33.47,33.49,170.39199244311914
33.48,33.5,166.48387576602582
33.49,33.51,165.7864740280723
33.5,33.52,167.47378970193628
33.51,33.53,168.9042485429311
33.52,33.54,168.20667766326395
33.53,33.55,166.27336953867228
33.54,33.56,163.9786004113839
33.55,33.57,161.952886696377
33.56,33.58,160.3629555326777
33.57,33.59,159.1969817127688
33.58,33.6,158.40886935495288
33.59,33.61,158.1212543433851
33.6,33.62,158.27009677056498
33.61,33.63,158.66151879035507
33.62,33.64,159.093534213567
33.63,33.65,159.47404330524188
33.64,33.66,159.8578048486315
33.65,33.67,160.35369796063947
33.66,33.68,160.87517913589966
33.67,33.69,161.0817970664126
33.68,33.7,160.67820821127646
33.69,33.71,159.58408513461163
33.7,33.72,157.6304936514745
33.71,33.73,153.89318943240195
33.72,33.74,149.90336336455746
33.73,33.75,146.39851385739593
33.74,33.76,146.45058795101642
33.75,33.77,147.8541146489874
33.76,33.78,150.25750508082226
33.77,33.79,151.42018447545277
33.78,33.8,152.32328183289712
33.79,33.81,152.99018937346383
33.8,33.82,153.34348035585236
33.81,33.83,153.1736855802387
33.82,33.84,152.54842592810542
33.83,33.85,151.76536880395952
33.84,33.86,150.9494069862462
33.85,33.87,149.854585195249
33.86,33.88,148.1907614375269
33.87,33.89,145.8667850337224
33.88,33.9,140.9324892986234
33.89,33.91,128.64493326443932
33.9,33.92,115.2091643263815
33.91,33.93,90.00051703585049
33.92,33.94,73.48410177290451
33.93,33.95,61.484731113022576
33.94,33.96,61.624904682163226
33.95,33.97,79.51398815631353
33.96,33.98,103.62659893656678
33.97,33.99,135.0041245676976
33.98,34.0,142.01218517955635
33.99,34.01,149.17688860084607
34.0,34.02,153.76464068941573
34.01,34.03,155.35455532080871
34.02,34.04,155.9420349768526
34.03,34.05,156.3397043361221
34.04,34.06,156.70442472328256
34.05,34.07,156.78652194731728
34.06,34.08,156.33346923510746
34.07,34.09,155.0090972643683
34.08,34.1,153.4769525164282
34.09,34.11,152.85996979246156
34.1,34.12,153.88571252956442
34.11,34.13,156.29263719352343
34.12,34.14,158.8137392523299
34.13,34.15,160.97866777702325
34.14,34.16,163.4393164077824
34.15,34.17,166.2883733118737
34.16,34.18,168.34627999252413
34.17,34.19,168.53112983612834
34.18,34.2,167.60717009310818
34.19,34.21,167.2076604332971
34.2,34.22,167.618914719934
34.21,34.23,168.36425316660743
34.22,34.24,169.19065491662036
34.23,34.25,169.85407088997187
34.24,34.26,169.94693292043206
34.25,34.27,169.2759366975002
34.26,34.28,168.3128612966326
34.27,34.29,167.56950420128368
34.28,34.3,167.00264181482441
34.29,34.31,166.01509208914362
34.3,34.32,164.38631357782097
34.31,34.33,162.3284842613119
34.32,34.34,159.93736033214603
34.33,34.35,155.82765436861882
34.34,34.36,153.7219561077404
34.35,34.37,0.0
34.36,34.38,0.0
34.37,34.39,0.0
34.38,34.4,0.0
34.39,34.41,0.0
34.4,34.42,0.0
34.41,34.43,0.0
34.42,34.44,0.0
34.43,34.45,0.0
34.44,34.46,0.0
34.45,34.47,161.9984636177688
34.46,34.48,162.36083996700415
34.47,34.49,163.04302301007885
34.48,34.5,162.93111662238707
34.49,34.51,162.58215474259922
34.5,34.52,162.0851558228964
34.51,34.53,161.3853938610452
34.52,34.54,160.38025307741577
34.53,34.55,159.05643223761922
34.54,34.56,158.450900176965
34.55,34.57,158.59823568174136
34.56,34.58,159.13877983736327
34.57,34.59,0.0
34.58,34.6,485.10829905675007
34.59,34.61,518.8238051604941
34.6,34.62,626.6912659962276
34.61,34.63,747.7791615757885
34.62,34.64,839.399782666668
34.63,34.65,0.0
34.64,34.66,0.0
34.65,34.67,0.0
34.66,34.68,146.56552942830942
34.67,34.69,147.69305043196505
34.68,34.7,149.7515163569884
34.69,34.71,150.1922126101424
34.7,34.72,150.30605008949172
34.71,34.73,150.57239913638313
34.72,34.74,151.67517227309816
34.73,34.75,152.4757375374844
34.74,34.76,151.2673009450321
34.75,34.77,147.49224717715128
34.76,34.78,144.9514780506504
34.77,34.79,0.0
34.78,34.8,0.0
34.79,34.81,153.59123212496797
34.8,34.82,152.60800044506956
34.81,34.83,151.0031663827125
34.82,34.84,149.86421077364753
34.83,34.85,149.45798191128705
34.84,34.86,149.38042976605567
34.85,34.87,149.21533556234218
34.86,34.88,148.72234302194616
34.87,34.89,147.80509138767786
34.88,34.9,146.68516684788423
34.89,34.91,145.81617158800674
34.9,34.92,145.51627426518044
34.91,34.93,145.74881065669786
34.92,34.94,146.20507606626364
34.93,34.95,146.6332678236732
34.94,34.96,146.8794501943212
34.95,34.97,146.82466776511654
34.96,34.98,146.43735795686993
34.97,34.99,145.81498278488078
34.98,35.0,145.01385317281319
34.99,35.01,144.05113504769375
35.0,35.02,142.62557276998533
35.01,35.03,140.5983584418616
35.02,35.04,138.24738142200533
35.03,35.05,136.0069171645498
35.04,35.06,134.18194674882676
35.05,35.07,132.92358099283956
35.06,35.08,132.59454488690764
35.07,35.09,133.75598121823893
35.08,35.1,136.66675616271485
35.09,35.11,141.34947495246712
35.1,35.12,145.24992332710187
35.11,35.13,148.03869204445022
35.12,35.14,149.44500710815657
35.13,35.15,151.05092050982395
35.14,35.16,152.1844918340174
35.15,35.17,151.9249486552721
35.16,35.18,150.1898960349619
35.17,35.19,147.83357501824997
35.18,35.2,145.3297341470213
35.19,35.21,144.32947087133962
35.2,35.22,0.0
35.21,35.23,0.0
35.22,35.24,0.0
35.23,35.25,0.0
35.24,35.26,135.66791689795807
35.25,35.27,137.89910486624228
35.26,35.28,141.35951980678598
35.27,35.29,142.61044151507625
35.28,35.3,142.91518254951592
35.29,35.31,143.31379592760615
35.3,35.32,143.70283401027925
35.31,35.33,144.1419271151093
35.32,35.34,145.70677804959004
35.33,35.35,147.66337373543433
35.34,35.36,149.52577216370398
35.35,35.37,150.04098217910334
35.36,35.38,149.88995356525976
35.37,35.39,149.47234112825555
35.38,35.4,148.92178564082872
35.39,35.41,148.20690931254146
35.4,35.42,147.2774211673914
35.41,35.43,146.0181677501515
35.42,35.44,145.37900951634836
35.43,35.45,0.0
35.44,35.46,0.0
35.45,35.47,0.0
35.46,35.48,0.0
35.47,35.49,0.0
35.48,35.5,0.0
35.49,35.51,0.0
35.5,35.52,179.14308481925428
35.51,35.53,178.9713790004809
35.52,35.54,179.1397296131738
35.53,35.55,180.0628387421229
35.54,35.56,181.43807775298887
35.55,35.57,181.804936308498
35.56,35.58,179.8283474245355
35.57,35.59,175.61254997176565
35.58,35.6,171.438893412992
35.59,35.61,169.2548080193498
35.6,35.62,0.0
35.61,35.63,0.0
35.62,35.64,0.0
35.63,35.65,0.0
35.64,35.66,0.0
35.65,35.67,0.0
35.66,35.68,0.0
35.67,35.69,0.0
35.68,35.7,0.0
35.69,35.71,0.0
35.7,35.72,0.0
35.71,35.73,0.0
35.72,35.74,0.0
35.73,35.75,0.0
35.74,35.76,0.0
35.75,35.77,0.0
35.76,35.78,166.20181339294047
35.77,35.79,164.30411066677314
35.78,35.8,161.40514895785614
35.79,35.81,159.02552345400994
35.8,35.82,156.1190952610351
35.81,35.83,152.01269781078284
35.82,35.84,148.2799150873628
35.83,35.85,146.2936636840446
35.84,35.86,145.91299517964384
35.85,35.87,146.10698015453164
35.86,35.88,146.79050785556205
35.87,35.89,147.6599899295372
35.88,35.9,148.2409252036066
35.89,35.91,148.18085153012666
35.9,35.92,147.70761436941532
35.91,35.93,146.8578810162923
35.92,35.94,145.38288563585502
35.93,35.95,142.1855846874212
35.94,35.96,139.24853459643901
35.95,35.97,108.94008493537822
35.96,35.98,85.75464208579118
35.97,35.99,64.7827494458141
35.98,36.0,62.050886832938765
35.99,36.01,59.837697300004834
36.0,36.02,61.1678390579613
36.01,36.03,82.9123902428144
36.02,36.04,112.41875530152078
36.03,36.05,149.64030801186746
36.04,36.06,148.79304537502182
36.05,36.07,147.89469735811622
36.06,36.08,147.40278760327377
36.07,36.09,146.98110905284017
36.08,36.1,146.59910399111573
36.09,36.11,146.32548324538402
36.1,36.12,0.0
36.11,36.13,0.0
36.12,36.14,0.0
36.13,36.15,0.0
36.14,36.16,0.0
36.15,36.17,0.0
36.16,36.18,0.0
36.17,36.19,0.0
36.18,36.2,0.0
36.19,36.21,0.0
36.2,36.22,0.0
36.21,36.23,0.0
36.22,36.24,0.0
36.23,36.25,0.0
36.24,36.26,0.0
36.25,36.27,0.0
36.26,36.28,0.0
36.27,36.29,0.0
36.28,36.3,0.0
36.29,36.31,152.0230984641125
36.3,36.32,151.68663609213237
36.31,36.33,150.92609280429025
36.32,36.34,149.87609913370554
36.33,36.35,149.23777712347004
36.34,36.36,149.38689776520891
36.35,36.37,150.30749078463933
36.36,36.38,151.6828927090177
36.37,36.39,152.92495620917728
36.38,36.4,153.58239931805787
36.39,36.41,153.48608363838244
36.4,36.42,152.46797674693036
36.41,36.43,150.51106558566363
36.42,36.44,148.1960513463724
36.43,36.45,146.0544489538567
36.44,36.46,144.5436913591397
36.45,36.47,143.63712982109695
36.46,36.48,143.42862996771078
36.47,36.49,143.63375915662465
36.48,36.5,143.85249394998854
36.49,36.51,143.8866835045439
36.5,36.52,143.79063420759152
36.51,36.53,143.62293558582587
36.52,36.54,143.36129794923409
36.53,36.55,142.95311816190966
36.54,36.56,142.37455148911656
36.55,36.57,141.64005140630533
36.56,36.58,140.85506227958479
36.57,36.59,140.21245719098462
36.58,36.6,139.73476803435983
36.59,36.61,139.33913967326887
36.6,36.62,138.81607384772562
36.61,36.63,138.04126047399498
36.62,36.64,137.0010372602596
36.63,36.65,135.91507968795932
36.64,36.66,135.12732076324357
36.65,36.67,134.8509521040127
36.66,36.68,135.05788910910678
36.67,36.69,135.72333641392623
36.68,36.7,136.87136758428852
36.69,36.71,138.27310914011733
36.7,36.72,139.48775882844183
36.71,36.73,140.18961205807972
36.72,36.74,140.58646253941023
36.73,36.75,140.8675241007202
36.74,36.76,140.88552818013383
36.75,36.77,140.31137212589732
36.76,36.78,139.09823938286132
36.77,36.79,137.30524257384124
36.78,36.8,134.90621625064134
36.79,36.81,131.86769204381812
36.8,36.82,128.80155701577445
36.81,36.83,126.38216909775639
36.82,36.84,125.21717269473915
36.83,36.85,126.56286295290941
36.84,36.86,99.99343798886318
36.85,36.87,89.4650079457302
36.86,36.88,0.0
36.87,36.89,0.0
36.88,36.9,0.0
36.89,36.91,0.0
36.9,36.92,0.0
36.91,36.93,0.0
36.92,36.94,154.9729819617332
36.93,36.95,155.9141534093041
36.94,36.96,157.3776134060772
36.95,36.97,158.21633002425082
36.96,36.98,158.09624025764452
36.97,36.99,157.10009195180047
36.98,37.0,156.49064549314056
36.99,37.01,0.0
37.0,37.02,0.0
37.01,37.03,0.0
37.02,37.04,0.0
37.03,37.05,0.0
37.04,37.06,0.0
37.05,37.07,0.0
37.06,37.08,0.0
37.07,37.09,0.0
37.08,37.1,0.0
37.09,37.11,0.0
37.1,37.12,0.0
37.11,37.13,0.0
37.12,37.14,0.0
37.13,37.15,0.0
37.14,37.16,0.0
37.15,37.17,0.0
37.16,37.18,0.0
37.17,37.19,156.48431817074498
37.18,37.2,156.87405446337422
37.19,37.21,157.3529249930239
37.2,37.22,157.04346988007455
37.21,37.23,156.18329913663874
37.22,37.24,155.08036215085954
37.23,37.25,153.7634209654727
37.24,37.26,152.16905058977505
37.25,37.27,150.96537312534596
37.26,37.28,150.67233111707705
37.27,37.29,151.3840881033565
37.28,37.3,151.96052105541364
37.29,37.31,150.90560856404898
37.3,37.32,148.67370345649766
37.31,37.33,146.19196488928748
37.32,37.34,144.25442092634063
37.33,37.35,141.81619947410613
37.34,37.36,139.15069086988044
37.35,37.37,136.75486774720076
37.36,37.38,135.20976228375983
37.37,37.39,133.62383274557214
37.38,37.4,132.12587866198464
37.39,37.41,131.05247189234663
37.4,37.42,135.55751911284665
37.41,37.43,137.0340664421363
37.42,37.44,138.01723331060683
37.43,37.45,134.10580532547743
37.44,37.46,107.45572440116267
37.45,37.47,86.37366701669414
37.46,37.48,69.40436652034218
37.47,37.49,69.44766669877966
37.48,37.5,69.54521196718242
37.49,37.51,69.63399442383563
37.5,37.52,69.91826750961292
37.51,37.53,70.37543189544161
37.52,37.54,70.66200780628134
37.53,37.55,70.61727362184298
37.54,37.56,70.57482259439286
37.55,37.57,71.053930319577
37.56,37.58,71.68051472138782
37.57,37.59,90.51337013967894
37.58,37.6,113.75801055653994
37.59,37.61,143.57572650670062
37.6,37.62,145.07478466575685
37.61,37.63,146.3334795219605
37.62,37.64,146.12330343624032
37.63,37.65,143.26678316772563
37.64,37.66,139.856610711968
37.65,37.67,137.33400258258587
37.66,37.68,137.03921476031888
37.67,37.69,137.9488396294364
37.68,37.7,141.07453902926696
37.69,37.71,146.87430437127307
37.7,37.72,153.4635950018694
37.71,37.73,157.86405610965224
37.72,37.74,158.970239050944
37.73,37.75,158.97729742731119
37.74,37.76,158.81865597158938
37.75,37.77,158.9408354409608
37.76,37.811995465,159.006970556036
