Start_Time,End_Time,F0_Hz
0.0,0.02,156.84642098032214
0.01,0.03,161.80175737345127
0.02,0.04,167.63677330020963
0.03,0.05,173.6502633357472
0.04,0.06,174.87952846204863
0.05,0.07,175.51986015610223
0.06,0.08,176.23603167321738
0.07,0.09,177.52269385113726
0.08,0.1,179.08723868976395
0.09,0.11,180.86193648597342
0.1,0.12,183.38148019784703
0.11,0.13,186.7030235821866
0.12,0.14,189.83304558287963
0.13,0.15,191.8794314234394
0.14,0.16,192.84541099112593
0.15,0.17,192.94214846999193
0.16,0.18,192.24736413725518
0.17,0.19,191.2372638373452
0.18,0.2,190.75736417021793
0.19,0.21,190.8806854471375
0.2,0.22,191.5292519771395
0.21,0.23,192.43808250976647
0.22,0.24,193.28021759384976
0.23,0.25,193.7668057185895
0.24,0.26,193.88369896907267
0.25,0.27,192.9917260980501
0.26,0.28,191.61139588425686
0.27,0.29,184.16154071292337
0.28,0.3,176.53899366118264
0.29,0.31,168.409352207327
0.3,0.32,164.20401988772977
0.31,0.33,159.6802866850062
0.32,0.34,156.22666716913793
0.33,0.35,155.02011282562626
0.34,0.36,156.68933622282808
0.35,0.37,160.17434089452524
0.36,0.38,164.97393707839677
0.37,0.39,169.78200257216912
0.38,0.4,175.50760060263858
0.39,0.41,182.4104062567473
0.4,0.42,189.89165687283113
0.41,0.43,194.87956335511655
0.42,0.44,196.54904270954893
0.43,0.45,247.01092744974218
0.44,0.46,309.062188620605
0.45,0.47,388.6560802035989
0.46,0.48,435.6210880990971
0.47,0.49,490.387648493809
0.48,0.5,550.3713035019107
0.49,0.51,551.3787810143997
0.5,0.52,552.6357291216589
0.51,0.53,553.7930314388931
0.52,0.54,554.96523016142
0.53,0.55,556.3692351858653
0.54,0.56,487.2315206816991
0.55,0.57,338.1907487815028
0.56,0.58,234.4964103236411
0.57,0.59,186.04915320920517
0.58,0.6,186.1552377758526
0.59,0.61,186.21533954782032
0.6,0.62,186.13124351207054
0.61,0.63,185.87664384900307
0.62,0.64,185.58967446873388
0.63,0.65,185.09429426905945
0.64,0.66,183.9072849503957
0.65,0.67,182.075822724992
0.66,0.68,180.08874906421244
0.67,0.69,178.31330833696575
0.68,0.7,175.68043489922533
0.69,0.71,171.6330197368642
0.7,0.72,169.92472826980125
0.71,0.73,170.82301022062583
0.72,0.74,173.92359998272474
0.73,0.75,175.22436129626067
0.74,0.76,175.1876085177694
0.75,0.77,174.59024333540884
0.76,0.78,173.8230112783141
0.77,0.79,173.12169991831004
0.78,0.8,172.5747424868982
0.79,0.81,172.1083755251526
0.8,0.82,171.62878410896343
0.81,0.83,171.0450804174862
0.82,0.84,170.17451983800376
0.83,0.85,168.7543851724967
0.84,0.86,167.68843907814443
0.85,0.87,165.54075250814174
0.86,0.88,164.24194261001682
0.87,0.89,162.6116049472345
0.88,0.9,161.86177131804993
0.89,0.91,163.44588893557435
0.9,0.92,166.41871942549167
0.91,0.93,170.78932566082113
0.92,0.94,172.9699430156252
0.93,0.95,174.10431147548832
0.94,0.96,174.4911338126517
0.95,0.97,174.57372117321597
0.96,0.98,174.59509064587968
0.97,0.99,174.67911283571397
0.98,1.0,174.75714901712055
0.99,1.01,174.67295458171296
1.0,1.02,174.2990555536184
1.01,1.03,173.50891973926448
1.02,1.04,172.2076684343912
1.03,1.05,170.37628053565493
1.04,1.06,167.82088106032643
1.05,1.07,165.5780535927223
1.06,1.08,163.8479451414395
1.07,1.09,163.03300001848723
1.08,1.1,162.5058132718951
1.09,1.11,162.49743454845574
1.1,1.12,163.5062605102293
1.11,1.13,165.18012301235024
1.12,1.14,166.70851481154864
1.13,1.15,167.20353401617268
1.14,1.16,166.67624757238784
1.15,1.17,165.8856103948126
1.16,1.18,165.33659372067135
1.17,1.19,165.37865887216623
1.18,1.2,166.11571946435586
1.19,1.21,167.9404384141063
1.2,1.22,169.5221037414858
1.21,1.23,168.1374941653983
1.22,1.24,166.87713323608534
1.23,1.25,0.0
1.24,1.26,0.0
1.25,1.27,0.0
1.26,1.28,0.0
1.27,1.29,0.0
1.28,1.3,0.0
1.29,1.31,0.0
1.3,1.32,0.0
1.31,1.33,0.0
1.32,1.34,0.0
1.33,1.35,0.0
1.34,1.36,0.0
1.35,1.37,0.0
1.36,1.38,0.0
1.37,1.39,0.0
1.38,1.4,0.0
1.39,1.41,0.0
1.4,1.42,0.0
1.41,1.43,0.0
1.42,1.44,177.53916259262292
1.43,1.45,178.33401565634375
1.44,1.46,179.4165280511465
1.45,1.47,178.8834593313353
1.46,1.48,177.1719326013939
1.47,1.49,175.39003747101034
1.48,1.5,174.51157030503248
1.49,1.51,174.12165246522048
1.5,1.52,173.61334340474863
1.51,1.53,172.99447057167413
1.52,1.54,172.37636047497233
1.53,1.55,171.88892059931368
1.54,1.56,171.5486861358582
1.55,1.57,171.28776243484916
1.56,1.58,171.1074482739713
1.57,1.59,171.13157974542267
1.58,1.6,171.385071351091
1.59,1.61,171.78865695999565
1.6,1.62,172.24521929754232
1.61,1.63,172.69222599815373
1.62,1.64,173.03800744756768
1.63,1.65,173.19117880963626
1.64,1.66,173.14401711587377
1.65,1.67,172.85059474192042
1.66,1.68,172.28670743421415
1.67,1.69,171.58974183742768
1.68,1.7,170.96116755316118
1.69,1.71,170.51345662733118
1.7,1.72,170.1634022816905
1.71,1.73,169.8113163933741
1.72,1.74,169.42928718020005
1.73,1.75,169.01435458120417
1.74,1.76,168.56509329340344
1.75,1.77,168.04619478111076
1.76,1.78,167.43740817862707
1.77,1.79,166.80726527550132
1.78,1.8,166.22190168100525
1.79,1.81,165.7184320224909
1.8,1.82,165.32386151232834
1.81,1.83,165.06433110040234
1.82,1.84,164.92770473760825
1.83,1.85,164.82138683056797
1.84,1.86,164.67438406113996
1.85,1.87,164.41898888251646
1.86,1.88,164.0000461293077
1.87,1.89,163.38636768345123
1.88,1.9,162.73908693388998
1.89,1.91,162.25610524188923
1.9,1.92,162.00553150892532
1.91,1.93,161.8737553769818
1.92,1.94,161.70933736973794
1.93,1.95,161.50935219296568
1.94,1.96,161.34158920439026
1.95,1.97,161.2488990873837
1.96,1.98,161.1028106824152
1.97,1.99,160.82309654061623
1.98,2.0,160.4493204991312
1.99,2.01,160.09551416276423
2.0,2.02,159.7553535907665
2.01,2.03,159.3808984078358
2.02,2.04,159.02342103387875
2.03,2.05,158.77152472178938
2.04,2.06,158.65587279261942
2.05,2.07,158.5972571851066
2.06,2.08,158.44744373346987
2.07,2.09,157.96184862616545
2.08,2.1,156.82851970874577
2.09,2.11,155.0132642993678
2.1,2.12,153.4466377058034
2.11,2.13,153.37389307013188
2.12,2.14,155.112776986128
2.13,2.15,158.01836658597577
2.14,2.16,161.19341003026503
2.15,2.17,163.6152811696619
2.16,2.18,165.04049150602398
2.17,2.19,165.42684016729066
2.18,2.2,165.5980300001171
2.19,2.21,165.74330082107574
2.2,2.22,165.8215102994621
2.21,2.23,165.74083568543995
2.22,2.24,165.44435583309215
2.23,2.25,164.92888582715042
2.24,2.26,163.28671004678256
2.25,2.27,161.22095678766348
2.26,2.28,159.49370500954188
2.27,2.29,159.39835344318726
2.28,2.3,160.44859573773087
2.29,2.31,162.000284105704
2.3,2.32,163.75875849953735
2.31,2.33,165.50572085511857
2.32,2.34,167.04400821483182
2.33,2.35,168.24461652927582
2.34,2.36,169.2695773033348
2.35,2.37,170.14626804399495
2.36,2.38,170.94142933324895
2.37,2.39,171.52908796040745
2.38,2.4,169.69569930217858
2.39,2.41,166.21759815150665
2.4,2.42,163.83552612290148
2.41,2.43,163.86578107631635
2.42,2.44,165.4285169249546
2.43,2.45,165.75107993392487
2.44,2.46,165.64191358335248
2.45,2.47,165.29663354221466
2.46,2.48,164.81014689810416
2.47,2.49,164.3090887482363
2.48,2.5,164.02350051234473
2.49,2.51,164.05559761448035
2.5,2.52,164.2515694273283
2.51,2.53,164.35543739898068
2.52,2.54,164.06586422945279
2.53,2.55,163.12982489069375
2.54,2.56,161.83607634933054
2.55,2.57,160.7073843564805
2.56,2.58,160.2061966296949
2.57,2.59,160.1394039383481
2.58,2.6,160.17363502200132
2.59,2.61,160.05502205195228
2.6,2.62,159.69967470950203
2.61,2.63,159.26280229527669
2.62,2.64,158.92476119874385
2.63,2.65,158.68454185789415
2.64,2.66,158.44721679789836
2.65,2.67,158.25105665065155
2.66,2.68,158.14639435081523
2.67,2.69,158.24973159935936
2.68,2.7,158.67094088722084
2.69,2.71,159.05173595833116
2.7,2.72,158.94109810547675
2.71,2.73,158.70422861797286
2.72,2.74,0.0
2.73,2.75,0.0
2.74,2.76,0.0
2.75,2.77,0.0
2.76,2.78,0.0
2.77,2.79,0.0
2.78,2.8,0.0
2.79,2.81,0.0
2.8,2.82,159.40369218581498
2.81,2.83,0.0
2.82,2.84,0.0
2.83,2.85,0.0
2.84,2.86,0.0
2.85,2.87,0.0
2.86,2.88,0.0
2.87,2.89,0.0
2.88,2.9,0.0
2.89,2.91,234.4690783588277
2.9,2.92,238.4026159980766
2.91,2.93,244.56849981481295
2.92,2.94,248.88421410193598
2.93,2.95,250.7192193091602
2.94,2.96,252.19465922925397
2.95,2.97,253.94359223765008
2.96,2.98,255.64476783701397
2.97,2.99,257.0607600961458
2.98,3.0,258.31515011348836
2.99,3.01,259.35269130995056
3.0,3.02,259.7814207864628
3.01,3.03,259.2621287932986
3.02,3.04,257.30018480322684
3.03,3.05,253.40849630754636
3.04,3.06,247.63305689976957
3.05,3.07,240.8014534259388
3.06,3.08,233.10638007786002
3.07,3.09,223.0884096118365
3.08,3.1,211.83163631726202
3.09,3.11,199.49866832000652
3.1,3.12,181.72871828160228
3.11,3.13,173.1451044374501
3.12,3.14,0.0
3.13,3.15,0.0
3.14,3.16,0.0
3.15,3.17,0.0
3.16,3.18,0.0
3.17,3.19,0.0
3.18,3.2,0.0
3.19,3.21,0.0
3.2,3.22,0.0
3.21,3.23,0.0
3.22,3.24,0.0
3.23,3.25,0.0
3.24,3.26,0.0
3.25,3.27,0.0
3.26,3.28,0.0
3.27,3.29,0.0
3.28,3.3,0.0
3.29,3.31,0.0
3.3,3.32,0.0
3.31,3.33,0.0
3.32,3.34,0.0
3.33,3.35,168.15503747399657
3.34,3.36,168.1303069392342
3.35,3.37,167.98464661943876
3.36,3.38,167.77181765128455
3.37,3.39,166.76904420608543
3.38,3.4,165.08346345588328
3.39,3.41,163.28933657145575
3.4,3.42,161.75965748759376
3.41,3.43,160.4216934967339
3.42,3.44,159.1927723667539
3.43,3.45,158.1948388976368
3.44,3.46,157.504705561392
3.45,3.47,156.93687436951984
3.46,3.48,156.36475058984527
3.47,3.49,155.9123326054347
3.48,3.5,155.83857357719853
3.49,3.51,156.31433488382143
3.5,3.52,157.2425160343828
3.51,3.53,158.24310650931812
3.52,3.54,159.00471071919273
3.53,3.55,159.2718389606404
3.54,3.56,159.04640900340854
3.55,3.57,158.51787928832732
3.56,3.58,158.036630020418
3.57,3.59,157.69139267429176
3.58,3.6,157.40558326071763
3.59,3.61,157.03701639829657
3.6,3.62,156.57564950491837
3.61,3.63,156.0108927070935
3.62,3.64,155.35729387979708
3.63,3.65,154.67120642695974
3.64,3.66,153.97206660076344
3.65,3.67,153.31971195021853
3.66,3.68,152.7331422860163
3.67,3.69,152.14544745974027
3.68,3.7,151.41467938938263
3.69,3.71,150.62205813871088
3.7,3.72,149.98174880704542
3.71,3.73,149.64327557319078
3.72,3.74,149.50476971011915
3.73,3.75,149.4737244284239
3.74,3.76,149.3506279227352
3.75,3.77,148.98158521364593
3.76,3.78,148.20168432726743
3.77,3.79,147.12199361471315
3.78,3.8,146.29964342814432
3.79,3.81,146.71737868364607
3.8,3.82,148.14707792845485
3.81,3.83,150.12206931941384
3.82,3.84,151.40043382307044
3.83,3.85,151.85665625747674
3.84,3.86,150.58590317112464
3.85,3.87,148.54267373236178
3.86,3.88,146.3503279461349
3.87,3.89,144.66540789611284
3.88,3.9,142.64744757731003
3.89,3.91,138.5764137552629
3.9,3.92,134.4648697764761
3.91,3.93,130.81964294578398
3.92,3.94,129.56875353921933
3.93,3.95,132.3455028690753
3.94,3.96,137.6158239756461
3.95,3.97,146.28834497958727
3.96,3.98,152.5885487577894
3.97,3.99,157.24906458403498
3.98,4.0,158.58504395828447
3.99,4.01,159.0078114337578
4.0,4.02,159.29456449175592
4.01,4.03,159.6931648562108
4.02,4.04,160.21747560778627
4.03,4.05,160.67264976498652
4.04,4.06,160.89967565897243
4.05,4.07,160.87110265253438
4.06,4.08,160.7726957990046
4.07,4.09,160.68714815401555
4.08,4.1,0.0
4.09,4.11,0.0
4.1,4.12,0.0
4.11,4.13,0.0
4.12,4.14,0.0
4.13,4.15,0.0
4.14,4.16,878.7265845797152
4.15,4.17,878.5471139283959
4.16,4.18,878.4646510356115
4.17,4.19,0.0
4.18,4.2,161.16371950687483
4.19,4.21,160.26600721677178
4.2,4.22,158.58541086555815
4.21,4.23,156.76496596828994
4.22,4.24,154.39246989888775
4.23,4.25,151.6348719623407
4.24,4.26,149.1306963164988
4.25,4.27,147.20620641513358
4.26,4.28,145.55550969151946
4.27,4.29,142.98427415073837
4.28,4.3,142.2870516251581
4.29,4.31,142.2233579725863
4.3,4.32,143.53696148821018
4.31,4.33,142.9167728399839
4.32,4.34,141.8312620842791
4.33,4.35,140.7365361320357
4.34,4.36,140.21826560731728
4.35,4.37,140.21937788470245
4.36,4.38,140.7397612786792
4.37,4.39,141.88289960114793
4.38,4.4,143.7166561334829
4.39,4.41,146.665791433685
4.4,4.42,152.8319152488797
4.41,4.43,159.50040003040598
4.42,4.44,169.62771612980694
4.43,4.45,177.7761528962086
4.44,4.46,187.74927495793148
4.45,4.47,194.67913274745663
4.46,4.48,201.19747709332336
4.47,4.49,206.2284532516068
4.48,4.5,210.07516033132617
4.49,4.51,213.0075801320247
4.5,4.52,214.80466662771204
4.51,4.53,215.56952557587493
4.52,4.54,215.19379758441545
4.53,4.55,213.38090151299397
4.54,4.56,210.05363698961443
4.55,4.57,205.88048331620507
4.56,4.58,200.25650046646882
4.57,4.59,193.79571283256098
4.58,4.6,185.1022882438416
4.59,4.61,176.80643616532302
4.6,4.62,168.99322131629245
4.61,4.63,163.86253146986215
4.62,4.64,160.06230493834136
4.63,4.65,157.77892626546284
4.64,4.66,156.08643573652336
4.65,4.67,155.26516788352066
4.66,4.68,154.9068862921726
4.67,4.69,154.49464782740364
4.68,4.7,153.75982961227038
4.69,4.71,152.83225200758184
4.7,4.72,152.11174223555886
4.71,4.73,151.4478130207552
4.72,4.74,150.6625042439538
4.73,4.75,149.6983345081327
4.74,4.76,148.74023668600674
4.75,4.77,147.90256755480752
4.76,4.78,147.22242542515528
4.77,4.79,146.6064852892416
4.78,4.8,146.03031411175385
4.79,4.81,145.43461449246487
4.8,4.82,144.75625221281157
4.81,4.83,143.92054820592043
4.82,4.84,143.04156344028289
4.83,4.85,142.24134728559767
4.84,4.86,141.51989802428977
4.85,4.87,140.90738449918362
4.86,4.88,140.51506181544718
4.87,4.89,140.48699768390696
4.88,4.9,140.6590617997921
4.89,4.91,140.6700649577697
4.9,4.92,140.36788429725812
4.91,4.93,139.93555476396722
4.92,4.94,139.87994096198378
4.93,4.95,140.48854547670365
4.94,4.96,141.58338582805888
4.95,4.97,142.72994828740286
4.96,4.98,143.69371498680027
4.97,4.99,144.5875229979024
4.98,5.0,145.45105495334897
4.99,5.01,146.1256055842284
5.0,5.02,146.4637061862003
5.01,5.03,146.42503255004232
5.02,5.04,146.0930729982691
5.03,5.05,145.74404164200033
5.04,5.06,145.63495893648044
5.05,5.07,145.7863580471226
5.06,5.08,145.9543475841355
5.07,5.09,146.06584198497777
5.08,5.1,146.13228684844225
5.09,5.11,146.15973958559826
5.1,5.12,146.1342993372861
5.11,5.13,146.059356859719
5.12,5.14,145.8710277203106
5.13,5.15,145.48145707467847
5.14,5.16,144.9577702517363
5.15,5.17,144.52365937423107
5.16,5.18,144.2872276228894
5.17,5.19,143.94587266774565
5.18,5.2,143.13017382316247
5.19,5.21,142.07385896833966
5.2,5.22,141.16379717025566
5.21,5.23,140.65174750061382
5.22,5.24,140.31591699660632
5.23,5.25,140.12645591571965
5.24,5.26,140.11682285945972
5.25,5.27,140.2400338610191
5.26,5.28,140.42268649409237
5.27,5.29,140.5786254245437
5.28,5.3,140.66208370815264
5.29,5.31,140.60110021835288
5.3,5.32,140.37915853062867
5.31,5.33,140.05280456577552
5.32,5.34,139.6579990324157
5.33,5.35,139.27846888054896
5.34,5.36,138.990792479936
5.35,5.37,138.83043542407077
5.36,5.38,138.73554502080907
5.37,5.39,138.61086117395038
5.38,5.4,138.45074415838724
5.39,5.41,138.31642599361135
5.4,5.42,138.24153280410607
5.41,5.43,138.1948897952212
5.42,5.44,138.0683188497021
5.43,5.45,137.69477747597057
5.44,5.46,136.58359179417286
5.45,5.47,135.96051882810073
5.46,5.48,0.0
5.47,5.49,0.0
5.48,5.5,0.0
5.49,5.51,0.0
5.5,5.52,0.0
5.51,5.53,0.0
5.52,5.54,0.0
5.53,5.55,0.0
5.54,5.56,0.0
5.55,5.57,0.0
5.56,5.58,0.0
5.57,5.59,0.0
5.58,5.6,0.0
5.59,5.61,0.0
5.6,5.62,0.0
5.61,5.63,0.0
5.62,5.64,0.0
5.63,5.65,0.0
5.64,5.66,0.0
5.65,5.67,0.0
5.66,5.68,0.0
5.67,5.69,0.0
5.68,5.7,0.0
5.69,5.71,0.0
5.7,5.72,0.0
5.71,5.73,0.0
5.72,5.74,0.0
5.73,5.75,0.0
5.74,5.76,0.0
5.75,5.77,0.0
5.76,5.78,0.0
5.77,5.79,0.0
5.78,5.8,0.0
5.79,5.81,0.0
5.8,5.82,0.0
5.81,5.83,0.0
5.82,5.84,0.0
5.83,5.85,0.0
5.84,5.86,0.0
5.85,5.87,0.0
5.86,5.88,0.0
5.87,5.89,0.0
5.88,5.9,0.0
5.89,5.91,0.0
5.9,5.92,0.0
5.91,5.93,0.0
5.92,5.94,0.0
5.93,5.95,90.67759004861622
5.94,5.96,90.4533081172572
5.95,5.97,109.62692033631218
5.96,5.98,133.43197009406992
5.97,5.99,159.8080587516977
5.98,6.0,151.53031154397
5.99,6.01,153.4546004698951
6.0,6.02,147.67907365704698
6.01,6.03,148.86962011647583
6.02,6.04,147.14585495997787
6.03,6.05,156.54605066087808
6.04,6.06,165.47399634465955
6.05,6.07,168.02305372960868
6.06,6.08,158.0900221889633
6.07,6.09,148.51901130826008
6.08,6.1,138.67591623582933
6.09,6.11,139.02986143699587
6.1,6.12,139.19446666880518
6.11,6.13,139.11797917646854
6.12,6.14,138.82090675760668
6.13,6.15,138.31819369466294
6.14,6.16,137.69506571037718
6.15,6.17,136.64927615466166
6.16,6.18,135.70999897821346
6.17,6.19,135.17879614186515
6.18,6.2,135.2257917979437
6.19,6.21,135.44498771385108
6.2,6.22,135.49176243496012
6.21,6.23,135.45447866125647
6.22,6.24,135.2201901903766
6.23,6.25,134.848144178408
6.24,6.26,134.4191011699335
6.25,6.27,134.10853869300178
6.26,6.28,133.97291270784052
6.27,6.29,133.91201134149452
6.28,6.3,133.5977778615723
6.29,6.31,132.84587039260597
6.3,6.32,131.88379030505635
6.31,6.33,131.0049492493245
6.32,6.34,130.3424297004257
6.33,6.35,129.85383767471674
6.34,6.36,129.51537622608737
6.35,6.37,129.34170977680031
6.36,6.38,129.31017851381122
6.37,6.39,129.40486665504773
6.38,6.4,129.54711452303775
6.39,6.41,129.64580406701586
6.4,6.42,129.57921749965877
6.41,6.43,129.32723265271937
6.42,6.44,128.84156603718168
6.43,6.45,128.13418503937282
6.44,6.46,127.30224999506474
6.45,6.47,126.427067642801
6.46,6.48,125.68131205796821
6.47,6.49,125.18020614898064
6.48,6.5,125.0822837926621
6.49,6.51,125.10084772260852
6.5,6.52,124.9771539805573
6.51,6.53,124.45810780424453
6.52,6.54,123.74236976267497
6.53,6.55,122.86101182257082
6.54,6.56,121.88431712477482
6.55,6.57,121.02328640730533
6.56,6.58,120.56181699577462
6.57,6.59,120.49021832243882
6.58,6.6,120.62792948413198
6.59,6.61,120.70244245633958
6.6,6.62,120.60713256166937
6.61,6.63,120.20996979747581
6.62,6.64,119.51897812190057
6.63,6.65,118.80821180880282
6.64,6.66,118.30063080422467
6.65,6.67,118.02325152150472
6.66,6.68,117.81133788695384
6.67,6.69,117.50603855886372
6.68,6.7,117.11035255447443
6.69,6.71,116.69201953733963
6.7,6.72,116.33177798701017
6.71,6.73,116.03775299520652
6.72,6.74,115.83422822369256
6.73,6.75,115.72321569409397
6.74,6.76,115.65103752201692
6.75,6.77,115.31214985767676
6.76,6.78,115.10737407422056
6.77,6.79,0.0
6.78,6.8,0.0
6.79,6.81,0.0
6.8,6.82,0.0
6.81,6.83,0.0
6.82,6.84,0.0
6.83,6.85,0.0
6.84,6.86,0.0
6.85,6.87,107.42266401118859
6.86,6.88,107.42266401118859
6.87,6.89,0.0
6.88,6.9,0.0
6.89,6.91,0.0
6.9,6.92,0.0
6.91,6.93,0.0
6.92,6.94,84.10833329917045
6.93,6.95,84.5980582923222
6.94,6.96,85.17614655311341
6.95,6.97,85.72193050120127
6.96,6.98,0.0
6.97,6.99,0.0
6.98,7.0,0.0
6.99,7.01,0.0
7.0,7.02,0.0
7.01,7.03,0.0
7.02,7.04,0.0
7.03,7.05,0.0
7.04,7.06,85.92632010872669
7.05,7.07,85.92632010872669
7.06,7.08,0.0
7.07,7.09,0.0
7.08,7.1,0.0
7.09,7.11,0.0
7.1,7.12,0.0
7.11,7.13,0.0
7.12,7.14,0.0
7.13,7.15,62.875562763241675
7.14,7.16,62.875562763241675
7.15,7.17,0.0
7.16,7.18,0.0
7.17,7.19,76.26613778000173
7.18,7.2,76.26613778000173
7.19,7.21,0.0
7.2,7.22,0.0
7.21,7.23,0.0
7.22,7.24,0.0
7.23,7.25,0.0
7.24,7.26,0.0
7.25,7.27,0.0
7.26,7.28,0.0
7.27,7.29,0.0
7.28,7.3,0.0
7.29,7.31,0.0
7.3,7.32,0.0
7.31,7.33,0.0
7.32,7.34,0.0
7.33,7.35,0.0
7.34,7.36,0.0
7.35,7.37,0.0
7.36,7.38,0.0
7.37,7.39,0.0
7.38,7.4,0.0
7.39,7.41,0.0
7.4,7.42,0.0
7.41,7.43,0.0
7.42,7.44,0.0
7.43,7.45,0.0
7.44,7.46,0.0
7.45,7.47,0.0
7.46,7.48,0.0
7.47,7.49,69.3279439083908
7.48,7.5,69.3279439083908
7.49,7.51,0.0
7.5,7.52,0.0
7.51,7.53,117.45713887452926
7.52,7.54,120.18691443757794
7.53,7.55,126.07581197908208
7.54,7.56,133.28062541108187
7.55,7.57,139.92653605770974
7.56,7.58,145.1741228533541
7.57,7.59,149.02058930533414
7.58,7.6,152.37447516454046
7.59,7.61,154.91105057948363
7.6,7.62,156.90167552864852
7.61,7.63,158.10771907167114
7.62,7.64,159.03587827871132
7.63,7.65,159.52310544819258
7.64,7.66,159.66125282036066
7.65,7.67,159.49048939076602
7.66,7.68,158.05452988585006
7.67,7.69,155.79751033725466
7.68,7.7,153.04506338958416
7.69,7.71,151.20813319193337
7.7,7.72,161.5183561744837
7.71,7.73,173.31815183173748
7.72,7.74,186.4430816624876
7.73,7.75,173.86340451018052
7.74,7.76,162.6919752460969
7.75,7.77,152.71991680956964
7.76,7.78,154.31973592022118
7.77,7.79,155.6947451891374
7.78,7.8,155.0132984558552
7.79,7.81,153.55708818717628
7.8,7.82,151.4847590601007
7.81,7.83,150.4768437703495
7.82,7.84,151.12086511983082
7.83,7.85,152.19700022277465
7.84,7.86,142.2845591376054
7.85,7.87,141.2850958244495
7.86,7.88,140.42610557309342
7.87,7.89,150.61225113776828
7.88,7.9,157.5189354434501
7.89,7.91,165.68002235798133
7.9,7.92,175.4138839300703
7.91,7.93,178.23678677965356
7.92,7.94,180.57264242163745
7.93,7.95,183.0810155363605
7.94,7.96,186.49924908428898
7.95,7.97,191.13750641595348
7.96,7.98,198.16792659133884
7.97,7.99,206.19310277692924
7.98,8.0,214.53485874808638
7.99,8.01,220.89980494061467
8.0,8.02,226.31754639306615
8.01,8.03,230.38154752510383
8.02,8.04,233.00773080090045
8.03,8.05,233.8981101030043
8.04,8.06,233.78032296831228
8.05,8.07,233.16360654652382
8.06,8.08,232.1815623838016
8.07,8.09,230.33302268252103
8.08,8.1,228.37119924874986
8.09,8.11,216.6498512489048
8.1,8.12,206.08808673681202
8.11,8.13,196.32483158360955
8.12,8.14,191.7365367222572
8.13,8.15,187.21112437460036
8.14,8.16,181.82957482222068
8.15,8.17,171.79986177398985
8.16,8.18,161.61444175320128
8.17,8.19,153.40039083914974
8.18,8.2,0.0
8.19,8.21,0.0
8.2,8.22,0.0
8.21,8.23,0.0
8.22,8.24,0.0
8.23,8.25,0.0
8.24,8.26,0.0
8.25,8.27,0.0
8.26,8.28,185.59327316328063
8.27,8.29,171.69662344942316
8.28,8.3,160.41423519843465
8.29,8.31,154.57991303853294
8.3,8.32,162.85967105788117
8.31,8.33,170.98799107691084
8.32,8.34,170.4044015564752
8.33,8.35,169.2448320226958
8.34,8.36,168.14768277016663
8.35,8.37,166.56294851922814
8.36,8.38,164.29069775070315
8.37,8.39,161.6921280615846
8.38,8.4,157.6950932303309
8.39,8.41,154.84400892359463
8.4,8.42,152.92711278977717
8.41,8.43,152.96435229762977
8.42,8.44,152.6024185490714
8.43,8.45,152.068410738543
8.44,8.46,151.91825360538397
8.45,8.47,151.90272222587333
8.46,8.48,150.87196191905534
8.47,8.49,149.45455698073206
8.48,8.5,147.97982525140517
8.49,8.51,147.38130394737937
8.5,8.52,146.89336747421
8.51,8.53,146.53779059455746
8.52,8.54,146.45065249050265
8.53,8.55,146.62741983233363
8.54,8.56,146.87341438871834
8.55,8.57,146.9066872222273
8.56,8.58,146.52745849458992
8.57,8.59,145.80367357496624
8.58,8.6,144.91082487874067
8.59,8.61,144.07956194207793
8.6,8.62,143.412402303161
8.61,8.63,142.87483288232963
8.62,8.64,142.42619850722252
8.63,8.65,142.07432854926427
8.64,8.66,141.9441106447379
8.65,8.67,142.17231706777673
8.66,8.68,142.87974413288623
8.67,8.69,144.33443212434582
8.68,8.7,145.66055297276714
8.69,8.71,145.763825240444
8.7,8.72,145.45443621419952
8.71,8.73,0.0
8.72,8.74,0.0
8.73,8.75,0.0
8.74,8.76,0.0
8.75,8.77,0.0
8.76,8.78,0.0
8.77,8.79,0.0
8.78,8.8,0.0
8.79,8.81,0.0
8.8,8.82,0.0
8.81,8.83,0.0
8.82,8.84,0.0
8.83,8.85,0.0
8.84,8.86,0.0
8.85,8.87,0.0
8.86,8.88,0.0
8.87,8.89,0.0
8.88,8.9,0.0
8.89,8.91,0.0
8.9,8.92,0.0
8.91,8.93,0.0
8.92,8.94,0.0
8.93,8.95,0.0
8.94,8.96,0.0
8.95,8.97,0.0
8.96,8.98,0.0
8.97,8.99,0.0
8.98,9.0,0.0
8.99,9.01,0.0
9.0,9.02,0.0
9.01,9.03,0.0
9.02,9.04,0.0
9.03,9.05,0.0
9.04,9.06,0.0
9.05,9.07,154.47727025717558
9.06,9.08,153.71826410956402
9.07,9.09,165.55258944813076
9.08,9.1,178.05492464720857
9.09,9.11,191.01700756483083
9.1,9.12,188.11347441285784
9.11,9.13,175.78413195010074
9.12,9.14,160.37283204319422
9.13,9.15,149.61980047455353
9.14,9.16,148.29670986795264
9.15,9.17,151.0986065041922
9.16,9.18,150.9191424825654
9.17,9.19,151.19732187448787
9.18,9.2,151.22331032076582
9.19,9.21,151.05759397870523
9.2,9.22,150.88201855396065
9.21,9.23,150.6448108486146
9.22,9.24,150.52675318526832
9.23,9.25,150.57460548680706
9.24,9.26,150.9259930366424
9.25,9.27,156.5125948367968
9.26,9.28,163.7253124976035
9.27,9.29,171.71917315234342
9.28,9.3,174.22262512906215
9.29,9.31,175.15468426743507
9.3,9.32,175.3563410344158
9.31,9.33,175.22046173883817
9.32,9.34,174.9756970416032
9.33,9.35,174.83468072296887
9.34,9.36,174.8922836569184
9.35,9.37,175.14785316422848
9.36,9.38,175.49108829899168
9.37,9.39,175.74110457394295
9.38,9.4,175.48981223715256
9.39,9.41,173.34213673850402
9.4,9.42,172.08600222337992
9.41,9.43,172.3633330161719
9.42,9.44,175.28861996459264
9.43,9.45,177.66556505632417
9.44,9.46,178.9252059312158
9.45,9.47,179.1950788076639
9.46,9.48,179.003995170134
9.47,9.49,178.5553057048193
9.48,9.5,178.03381821549763
9.49,9.51,177.50532704730836
9.5,9.52,176.94572872829525
9.51,9.53,176.29495091720082
9.52,9.54,175.59138483904346
9.53,9.55,174.89043390331366
9.54,9.56,174.3005341917392
9.55,9.57,173.9186563483066
9.56,9.58,173.8436759650154
9.57,9.59,174.00051266948603
9.58,9.6,174.18044052711565
9.59,9.61,174.17834883590132
9.6,9.62,173.91158604561255
9.61,9.63,173.40283948871027
9.62,9.64,172.56266962965728
9.63,9.65,171.39424823384832
9.64,9.66,170.06107239729218
9.65,9.67,168.8343317104604
9.66,9.68,167.9812413043045
9.67,9.69,167.39922715087673
9.68,9.7,166.8543369999001
9.69,9.71,166.13806701365533
9.7,9.72,165.34089265620338
9.71,9.73,164.77443478513987
9.72,9.74,164.39893735751522
9.73,9.75,163.90254222327616
9.74,9.76,162.76992845353266
9.75,9.77,160.82699461983958
9.76,9.78,158.36688457750788
9.77,9.79,159.23597607063704
9.78,9.8,159.7028417611094
9.79,9.81,0.0
9.8,9.82,0.0
9.81,9.83,0.0
9.82,9.84,0.0
9.83,9.85,0.0
9.84,9.86,0.0
9.85,9.87,0.0
9.86,9.88,0.0
9.87,9.89,166.31822000627733
9.88,9.9,167.1950788634907
9.89,9.91,168.3874783133853
9.9,9.92,168.06000687923043
9.91,9.93,165.9031563579475
9.92,9.94,161.36661898065762
9.93,9.95,157.1518864831163
9.94,9.96,154.524897290943
9.95,9.97,0.0
9.96,9.98,0.0
9.97,9.99,0.0
9.98,10.0,0.0
9.99,10.01,166.51192303248146
10.0,10.02,169.45699052359288
10.01,10.03,173.4396573297781
10.02,10.04,178.00930180343727
10.03,10.05,180.20013049896463
10.04,10.06,182.03177673469645
10.05,10.07,183.41308142424083
10.06,10.08,183.05911163603608
10.07,10.09,179.7822305641153
10.08,10.1,173.88497439399515
10.09,10.11,169.15421724139267
10.1,10.12,166.7028212193555
10.11,10.13,0.0
10.12,10.14,0.0
10.13,10.15,234.42175870971772
10.14,10.16,236.526695622055
10.15,10.17,240.82124544388014
10.16,10.18,242.53870420459833
10.17,10.19,245.17518551300054
10.18,10.2,245.04923562771273
10.19,10.21,242.3930107602707
10.2,10.22,237.64302282937118
10.21,10.23,233.67742373579392
10.22,10.24,232.03794904562326
10.23,10.25,0.0
10.24,10.26,0.0
10.25,10.27,0.0
10.26,10.28,0.0
10.27,10.29,0.0
10.28,10.3,293.17592013139955
10.29,10.31,291.8911361225593
10.3,10.32,289.7842935315856
10.31,10.33,290.3800759815646
10.32,10.34,295.2288274343021
10.33,10.35,302.160924829521
10.34,10.36,309.7274280179082
10.35,10.37,312.8746218038425
10.36,10.38,313.4461085852465
10.37,10.39,314.9990343606541
10.38,10.4,316.3043232209368
10.39,10.41,316.3043929171959
10.4,10.42,315.00951523918627
10.41,10.43,314.4064955650287
10.42,10.44,315.03311584497226
10.43,10.45,315.63260803705185
10.44,10.46,291.19040966753124
10.45,10.47,230.7314723367226
10.46,10.48,197.3905080518219
10.47,10.49,0.0
10.48,10.5,0.0
10.49,10.51,0.0
10.5,10.52,0.0
10.51,10.53,0.0
10.52,10.54,0.0
10.53,10.55,0.0
10.54,10.56,0.0
10.55,10.57,291.64786235245003
10.56,10.58,291.2061299073648
10.57,10.59,290.75571262131473
10.58,10.6,292.1785168388146
10.59,10.61,293.2809785679343
10.6,10.62,293.71738001110253
10.61,10.63,292.0165810536214
10.62,10.64,289.5344818770588
10.63,10.65,286.7080337278908
10.64,10.66,279.1287762439371
10.65,10.67,216.48216543607984
10.66,10.68,189.06416100042603
10.67,10.69,0.0
10.68,10.7,0.0
10.69,10.71,0.0
10.7,10.72,0.0
10.71,10.73,0.0
10.72,10.74,0.0
10.73,10.75,0.0
10.74,10.76,0.0
10.75,10.77,0.0
10.76,10.78,0.0
10.77,10.79,0.0
10.78,10.8,0.0
10.79,10.81,0.0
10.8,10.82,0.0
10.81,10.83,0.0
10.82,10.84,0.0
10.83,10.85,0.0
10.84,10.86,0.0
10.85,10.87,0.0
10.86,10.88,0.0
10.87,10.89,0.0
10.88,10.9,0.0
10.89,10.91,0.0
10.9,10.92,0.0
10.91,10.93,0.0
10.92,10.94,0.0
10.93,10.95,0.0
10.94,10.96,0.0
10.95,10.97,0.0
10.96,10.98,0.0
10.97,10.99,0.0
10.98,11.0,0.0
10.99,11.01,0.0
11.0,11.02,0.0
11.01,11.03,0.0
11.02,11.04,0.0
11.03,11.05,0.0
11.04,11.06,0.0
11.05,11.07,0.0
11.06,11.08,0.0
11.07,11.09,0.0
11.08,11.1,0.0
11.09,11.11,0.0
11.1,11.12,0.0
11.11,11.13,0.0
11.12,11.14,0.0
11.13,11.15,0.0
11.14,11.16,0.0
11.15,11.17,0.0
11.16,11.18,0.0
11.17,11.19,0.0
11.18,11.2,0.0
11.19,11.21,0.0
11.2,11.22,187.26224151321932
11.21,11.23,188.25682154096108
11.22,11.24,190.507098626249
11.23,11.25,191.7499298990473
11.24,11.26,193.006057510965
11.25,11.27,193.9772386951046
11.26,11.28,194.7391544555936
11.27,11.29,195.37116800401137
11.28,11.3,195.857021345416
11.29,11.31,196.18670997657543
11.3,11.32,196.33318080679018
11.31,11.33,196.44196945067756
11.32,11.34,197.75096809602775
11.33,11.35,199.6993524864813
11.34,11.36,201.85538770804843
11.35,11.37,203.0009082392425
11.36,11.38,203.90499241692442
11.37,11.39,204.841491542272
11.38,11.4,205.3430228653008
11.39,11.41,201.94333974574982
11.4,11.42,197.87070086170004
11.41,11.43,194.79833620824047
11.42,11.44,194.735635875009
11.43,11.45,0.0
11.44,11.46,0.0
11.45,11.47,0.0
11.46,11.48,0.0
11.47,11.49,0.0
11.48,11.5,0.0
11.49,11.51,0.0
11.5,11.52,0.0
11.51,11.53,210.0169366787014
11.52,11.54,210.4166810866171
11.53,11.55,220.50827562129334
11.54,11.56,232.7378271777863
11.55,11.57,246.0320296038227
11.56,11.58,248.63821145992185
11.57,11.59,249.09203674971127
11.58,11.6,248.24772755369497
11.59,11.61,246.97517099980416
11.6,11.62,245.4119756971421
11.61,11.63,243.7112751572815
11.62,11.64,241.69919205962228
11.63,11.65,239.4112894900909
11.64,11.66,236.75596778354247
11.65,11.67,233.38514471771168
11.66,11.68,229.34490922958713
11.67,11.69,224.66767067937707
11.68,11.7,219.06625451902988
11.69,11.71,212.79052129093898
11.7,11.72,205.89472837166502
11.71,11.73,199.20484553024954
11.72,11.74,192.59028418624973
11.73,11.75,186.03078830914643
11.74,11.76,177.98945578931347
11.75,11.77,169.71248900285158
11.76,11.78,162.52722752796316
11.77,11.79,158.63474141420355
11.78,11.8,157.63507849771725
11.79,11.81,157.23944974376897
11.8,11.82,154.4850992829081
11.81,11.83,151.58922124186705
11.82,11.84,148.9105635889947
11.83,11.85,169.73322601480774
11.84,11.86,192.84082184179636
11.85,11.87,219.85859243297912
11.86,11.88,0.0
11.87,11.89,0.0
11.88,11.9,0.0
11.89,11.91,0.0
11.9,11.92,0.0
11.91,11.93,0.0
11.92,11.94,94.61710398565312
11.93,11.95,89.71509372087682
11.94,11.96,85.89449881806769
11.95,11.97,81.02831112731766
11.96,11.98,81.00442569120892
11.97,11.99,80.68963878082114
11.98,12.0,100.53933882761544
11.99,12.01,124.68971126683532
12.0,12.02,154.31633559090506
12.01,12.03,152.48238995808677
12.02,12.04,151.3649925336082
12.03,12.05,150.37058027562276
12.04,12.06,149.2790027610625
12.05,12.07,148.81778438246118
12.06,12.08,149.19048115702918
12.07,12.09,149.69820256674072
12.08,12.1,150.16453187436275
12.09,12.11,150.10440631644218
12.1,12.12,0.0
12.11,12.13,0.0
12.12,12.14,0.0
12.13,12.15,0.0
12.14,12.16,162.49979773440285
12.15,12.17,162.51925951945117
12.16,12.18,162.44069260161928
12.17,12.19,161.77794339106202
12.18,12.2,160.59863808936555
12.19,12.21,158.76886591447797
12.2,12.22,157.42512869428765
12.21,12.23,157.77442414758892
12.22,12.24,158.9576993835373
12.23,12.25,160.16190034702345
12.24,12.26,0.0
12.25,12.27,0.0
12.26,12.28,0.0
12.27,12.29,0.0
12.28,12.3,0.0
12.29,12.31,160.4962778721986
12.3,12.32,159.37977460787965
12.31,12.33,156.90561685303408
12.32,12.34,156.13672633269593
12.33,12.35,154.2788009343916
12.34,12.36,150.9397283365903
12.35,12.37,147.20747143366316
12.36,12.38,145.97755315126793
12.37,12.39,145.73031353149779
12.38,12.4,0.0
12.39,12.41,0.0
12.4,12.42,0.0
12.41,12.43,0.0
12.42,12.44,190.78998420781681
12.43,12.45,191.06634312007768
12.44,12.46,191.87465386780954
12.45,12.47,193.10802411652602
12.46,12.48,194.59567369991774
12.47,12.49,195.97703240134385
12.48,12.5,196.9355627028225
12.49,12.51,197.5271268484233
12.5,12.52,197.61227857985995
12.51,12.53,196.8611562655837
12.52,12.54,195.06064309518266
12.53,12.55,192.05840058333834
12.54,12.56,188.06175196493726
12.55,12.57,182.234083040506
12.56,12.58,175.86870697855701
12.57,12.59,169.1246069275759
12.58,12.6,163.34731076852984
12.59,12.61,157.5232393682978
12.6,12.62,152.90211180099175
12.61,12.63,150.37347948384974
12.62,12.64,148.73338702549293
12.63,12.65,146.88843154381254
12.64,12.66,144.4963706608514
12.65,12.67,142.94993678981697
12.66,12.68,142.16860486223345
12.67,12.69,141.24654466921396
12.68,12.7,140.083328444307
12.69,12.71,138.59288820334305
12.7,12.72,136.50673424901944
12.71,12.73,133.51984963114006
12.72,12.74,123.537280848079
12.73,12.75,118.66860349412279
12.74,12.76,0.0
12.75,12.77,0.0
12.76,12.78,0.0
12.77,12.79,0.0
12.78,12.8,0.0
12.79,12.81,0.0
12.8,12.82,0.0
12.81,12.83,0.0
12.82,12.84,0.0
12.83,12.85,0.0
12.84,12.86,163.26301926436847
12.85,12.87,164.90582885442893
12.86,12.88,167.65644394866888
12.87,12.89,170.26843873142087
12.88,12.9,171.5287477996967
12.89,12.91,171.6153215572916
12.9,12.92,170.65213444900786
12.91,12.93,168.8811381806246
12.92,12.94,166.26999891383778
12.93,12.95,163.14152538555973
12.94,12.96,160.06909436817043
12.95,12.97,157.11416411076183
12.96,12.98,154.16013728230178
12.97,12.99,150.49667290507355
12.98,13.0,147.18240014516664
12.99,13.01,144.8263455609831
13.0,13.02,144.19933072876927
13.01,13.03,144.1275242063364
13.02,13.04,0.0
13.03,13.05,0.0
13.04,13.06,0.0
13.05,13.07,0.0
13.06,13.08,0.0
13.07,13.09,81.34775317854323
13.08,13.1,78.71659692198422
13.09,13.11,73.61319967757082
13.1,13.12,73.21286311497141
13.11,13.13,72.88983826902412
13.12,13.14,72.72011131398826
13.13,13.15,72.29740947144053
13.14,13.16,88.92593463162478
13.15,13.17,109.26965964987876
13.16,13.18,134.7104641672632
13.17,13.19,134.97476691975083
13.18,13.2,136.4731405289871
13.19,13.21,139.52615276038102
13.2,13.22,142.84359057816746
13.21,13.23,146.76898407856336
13.22,13.24,151.3003523184625
13.23,13.25,155.45046786727576
13.24,13.26,158.13324021015904
13.25,13.27,158.76008516983302
13.26,13.28,158.6838075854922
13.27,13.29,158.1669553317164
13.28,13.3,157.47383807829212
13.29,13.31,156.80365830143637
13.3,13.32,156.23673647021891
13.31,13.33,155.76237827186318
13.32,13.34,155.27567131955638
13.33,13.35,154.70399593253788
13.34,13.36,154.119550267461
13.35,13.37,153.71809475397657
13.36,13.38,153.5034004429989
13.37,13.39,153.1675936204911
13.38,13.4,151.98299036319918
13.39,13.41,149.40299491770585
13.4,13.42,146.21580426749082
13.41,13.43,143.62174884040195
13.42,13.44,142.6283383649594
13.43,13.45,142.79928072216347
13.44,13.46,143.61200207566637
13.45,13.47,144.6771070004265
13.46,13.48,145.6832463686685
13.47,13.49,146.15085109679157
13.48,13.5,145.77945168489597
13.49,13.51,144.39448953030683
13.5,13.52,141.40293112807151
13.51,13.53,138.4212012754862
13.52,13.54,136.2735383610281
13.53,13.55,135.29137467903553
13.54,13.56,131.18371055949234
13.55,13.57,133.31967561188065
13.56,13.58,136.1190606201607
13.57,13.59,142.99172550186836
13.58,13.6,143.34908931106247
13.59,13.61,143.55252317555264
13.6,13.62,143.37911526626158
13.61,13.63,143.1369231351591
13.62,13.64,143.04982154467862
13.63,13.65,143.15734647315603
13.64,13.66,143.3179643578608
13.65,13.67,143.37107508575875
13.66,13.68,143.37808849904155
13.67,13.69,0.0
13.68,13.7,0.0
13.69,13.71,0.0
13.7,13.72,0.0
13.71,13.73,0.0
13.72,13.74,0.0
13.73,13.75,0.0
13.74,13.76,0.0
13.75,13.77,79.49769571065939
13.76,13.78,96.82248464682542
13.77,13.79,118.10960968151386
13.78,13.8,143.68489731479656
13.79,13.81,0.0
13.8,13.82,0.0
13.81,13.83,0.0
13.82,13.84,187.92211440877196
13.83,13.85,186.24361255057602
13.84,13.86,183.20002006488158
13.85,13.87,181.75250544869414
13.86,13.88,180.0236430752534
13.87,13.89,177.61511068512817
13.88,13.9,174.6978583575044
13.89,13.91,171.70999779004813
13.9,13.92,168.49364613662894
13.91,13.93,164.68011723335712
13.92,13.94,160.87741238362543
13.93,13.95,157.4539743482513
13.94,13.96,155.04281247358765
13.95,13.97,153.2019041328286
13.96,13.98,151.87081089436913
13.97,13.99,150.75405842094858
13.98,14.0,149.50508266620486
13.99,14.01,148.1820106448726
14.0,14.02,146.94579567132544
14.01,14.03,145.95262701332345
14.02,14.04,145.16508639109563
14.03,14.05,144.52676430930578
14.04,14.06,143.91634639373544
14.05,14.07,143.33940842642244
14.06,14.08,142.98460496358743
14.07,14.09,143.05127149007055
14.08,14.1,143.6020186566922
14.09,14.11,144.64132729579956
14.1,14.12,145.96084412782852
14.11,14.13,147.5076201286981
14.12,14.14,149.13168212833645
14.13,14.15,151.08776972633635
14.14,14.16,153.3179383363374
14.15,14.17,155.67121260929312
14.16,14.18,158.25637440231344
14.17,14.19,162.6465257566025
14.18,14.2,168.15722356889034
14.19,14.21,174.86604210775923
14.2,14.22,180.39666465010544
14.21,14.23,185.30094328586233
14.22,14.24,188.75962601173796
14.23,14.25,191.50967096281602
14.24,14.26,193.34014881396638
14.25,14.27,193.97527257204644
14.26,14.28,193.26586582353565
14.27,14.29,191.95944144335073
14.28,14.3,190.5649102654702
14.29,14.31,188.50006045013563
14.3,14.32,184.52630247929386
14.31,14.33,189.0755760335989
14.32,14.34,155.8944005410714
14.33,14.35,145.51967307447214
14.34,14.36,0.0
14.35,14.37,0.0
14.36,14.38,0.0
14.37,14.39,0.0
14.38,14.4,0.0
14.39,14.41,0.0
14.4,14.42,0.0
14.41,14.43,0.0
14.42,14.44,0.0
14.43,14.45,0.0
14.44,14.46,0.0
14.45,14.47,0.0
14.46,14.48,0.0
14.47,14.49,0.0
14.48,14.5,0.0
14.49,14.51,0.0
14.5,14.52,0.0
14.51,14.53,0.0
14.52,14.54,0.0
14.53,14.55,0.0
14.54,14.56,0.0
14.55,14.57,0.0
14.56,14.58,0.0
14.57,14.59,0.0
14.58,14.6,0.0
14.59,14.61,0.0
14.6,14.62,0.0
14.61,14.63,0.0
14.62,14.64,0.0
14.63,14.65,0.0
14.64,14.66,0.0
14.65,14.67,0.0
14.66,14.68,0.0
14.67,14.69,0.0
14.68,14.7,0.0
14.69,14.71,0.0
14.7,14.72,0.0
14.71,14.73,0.0
14.72,14.74,181.28022911418563
14.73,14.75,182.5019092006313
14.74,14.76,184.03234137616718
14.75,14.77,184.83215285256423
14.76,14.78,183.39934109151713
14.77,14.79,181.2355768952292
14.78,14.8,225.608239789692
14.79,14.81,282.72218557319496
14.8,14.82,355.77432468179273
14.81,14.83,355.9245579377424
14.82,14.84,356.0590846203258
14.83,14.85,355.8255975882926
14.84,14.86,355.19781766061465
14.85,14.87,281.03966004841243
14.86,14.88,222.13695494587887
14.87,14.89,175.25444099692024
14.88,14.9,174.0359618314023
14.89,14.91,172.5299155647119
14.9,14.92,170.99121244319264
14.91,14.93,169.10187628350016
14.92,14.94,166.37246712211382
14.93,14.95,162.9445442047265
14.94,14.96,159.67149071694826
14.95,14.97,158.15062830036825
14.96,14.98,0.0
14.97,14.99,0.0
14.98,15.0,0.0
14.99,15.01,98.7822370815688
15.0,15.02,98.7822370815688
15.01,15.03,0.0
15.02,15.04,0.0
15.03,15.05,0.0
15.04,15.06,0.0
15.05,15.07,0.0
15.06,15.08,0.0
15.07,15.09,0.0
15.08,15.1,0.0
15.09,15.11,0.0
15.1,15.12,0.0
15.11,15.13,0.0
15.12,15.14,0.0
15.13,15.15,0.0
15.14,15.16,0.0
15.15,15.17,0.0
15.16,15.18,0.0
15.17,15.19,0.0
15.18,15.2,0.0
15.19,15.21,0.0
15.2,15.22,0.0
15.21,15.23,0.0
15.22,15.24,0.0
15.23,15.25,0.0
15.24,15.26,0.0
15.25,15.27,0.0
15.26,15.28,0.0
15.27,15.29,0.0
15.28,15.3,0.0
15.29,15.31,0.0
15.3,15.32,0.0
15.31,15.33,0.0
15.32,15.34,0.0
15.33,15.35,356.1811831430481
15.34,15.36,356.04692414233966
15.35,15.37,355.999070810681
15.36,15.38,356.30512926656814
15.37,15.39,356.7215552648762
15.38,15.4,356.93148437562763
15.39,15.41,0.0
15.4,15.42,0.0
15.41,15.43,0.0
15.42,15.44,0.0
15.43,15.45,0.0
15.44,15.46,0.0
15.45,15.47,0.0
15.46,15.48,0.0
15.47,15.49,0.0
15.48,15.5,0.0
15.49,15.51,0.0
15.5,15.52,0.0
15.51,15.53,0.0
15.52,15.54,0.0
15.53,15.55,0.0
15.54,15.56,0.0
15.55,15.57,0.0
15.56,15.58,0.0
15.57,15.59,0.0
15.58,15.6,0.0
15.59,15.61,0.0
15.6,15.62,0.0
15.61,15.63,0.0
15.62,15.64,0.0
15.63,15.65,0.0
15.64,15.66,0.0
15.65,15.67,0.0
15.66,15.68,0.0
15.67,15.69,0.0
15.68,15.7,0.0
15.69,15.71,0.0
15.7,15.72,0.0
15.71,15.73,0.0
15.72,15.74,782.2013385889892
15.73,15.75,0.0
15.74,15.76,0.0
15.75,15.77,784.7696650812858
15.76,15.78,787.1282065537524
15.77,15.79,790.1029363126238
15.78,15.8,783.3027697309293
15.79,15.81,775.8966451756628
15.8,15.82,768.674525758874
15.81,15.83,0.0
15.82,15.84,0.0
15.83,15.85,0.0
15.84,15.86,0.0
15.85,15.87,0.0
15.86,15.88,0.0
15.87,15.89,0.0
15.88,15.9,0.0
15.89,15.91,737.8199976300954
15.9,15.92,0.0
15.91,15.93,0.0
15.92,15.94,0.0
15.93,15.95,0.0
15.94,15.96,0.0
15.95,15.97,0.0
15.96,15.98,0.0
15.97,15.99,0.0
15.98,16.0,0.0
15.99,16.01,0.0
16.0,16.02,0.0
16.01,16.03,0.0
16.02,16.04,0.0
16.03,16.05,0.0
16.04,16.06,0.0
16.05,16.07,0.0
16.06,16.08,0.0
16.07,16.09,0.0
16.08,16.1,0.0
16.09,16.11,0.0
16.1,16.12,0.0
16.11,16.13,0.0
16.12,16.14,156.77444816124313
16.13,16.15,161.0069583323581
16.14,16.16,160.9598160796158
16.15,16.17,177.3443347841473
16.16,16.18,184.8741878370878
16.17,16.19,192.6868936852806
16.18,16.2,191.81230287836146
16.19,16.21,191.14710917353105
16.2,16.22,190.2245905658714
16.21,16.23,189.10178322418693
16.22,16.24,187.80699458521957
16.23,16.25,186.64494409378622
16.24,16.26,185.88393435437945
16.25,16.27,185.74984300458854
16.26,16.28,186.3013619006028
16.27,16.29,186.99179689220202
16.28,16.3,187.11544618959516
16.29,16.31,186.34656417869206
16.3,16.32,183.42116445377232
16.31,16.33,177.14351445400266
16.32,16.34,173.3058360316531
16.33,16.35,0.0
16.34,16.36,0.0
16.35,16.37,0.0
16.36,16.38,0.0
16.37,16.39,0.0
16.38,16.4,0.0
16.39,16.41,0.0
16.4,16.42,0.0
16.41,16.43,0.0
16.42,16.44,226.681526569133
16.43,16.45,225.8961053137011
16.44,16.46,224.28532643099788
16.45,16.47,223.19835071513077
16.46,16.48,221.07739142101224
16.47,16.49,217.83895810512357
16.48,16.5,214.10355949891456
16.49,16.51,191.55208495504368
16.5,16.52,159.61599933203183
16.51,16.53,133.61921020897782
16.52,16.54,123.46052817876345
16.53,16.55,146.10617530615937
16.54,16.56,172.81357827801372
16.55,16.57,204.11595589348875
16.56,16.58,202.87936755314846
16.57,16.59,201.47235176848636
16.58,16.6,200.68670140232433
16.59,16.61,197.42047777607584
16.6,16.62,195.09365510093613
16.61,16.63,192.71890945089694
16.62,16.64,192.92828942179284
16.63,16.65,187.02422631634332
16.64,16.66,179.7597310978356
16.65,16.67,172.38243776045783
16.66,16.68,169.53865212392756
16.67,16.69,167.29409911437375
16.68,16.7,164.2099356901132
16.69,16.71,161.27908505358835
16.7,16.72,159.18398571561664
16.71,16.73,159.06791066799153
16.72,16.74,160.10140541907518
16.73,16.75,161.1718341366943
16.74,16.76,161.4947618262487
16.75,16.77,160.7827923974374
16.76,16.78,159.15678700197793
16.77,16.79,157.12752777040558
16.78,16.8,155.1927066975612
16.79,16.81,153.7460917664284
16.8,16.82,152.66011359414324
16.81,16.83,151.8125611429616
16.82,16.84,151.24538734913003
16.83,16.85,150.90886723447255
16.84,16.86,150.7304090696641
16.85,16.87,150.63279513083154
16.86,16.88,150.5098053420598
16.87,16.89,150.1691973671114
16.88,16.9,149.50786635705902
16.89,16.91,148.74192456945522
16.9,16.92,148.20186393307895
16.91,16.93,147.9081730848315
16.92,16.94,147.6683682444819
16.93,16.95,147.99117281690238
16.94,16.96,148.89217372153865
16.95,16.97,149.69968691410534
16.96,16.98,0.0
16.97,16.99,0.0
16.98,17.0,0.0
16.99,17.01,0.0
17.0,17.02,0.0
17.01,17.03,0.0
17.02,17.04,0.0
17.03,17.05,0.0
17.04,17.06,0.0
17.05,17.07,0.0
17.06,17.08,0.0
17.07,17.09,0.0
17.08,17.1,0.0
17.09,17.11,0.0
17.1,17.12,0.0
17.11,17.13,0.0
17.12,17.14,0.0
17.13,17.15,0.0
17.14,17.16,0.0
17.15,17.17,0.0
17.16,17.18,0.0
17.17,17.19,0.0
17.18,17.2,0.0
17.19,17.21,0.0
17.2,17.22,0.0
17.21,17.23,0.0
17.22,17.24,0.0
17.23,17.25,0.0
17.24,17.26,0.0
17.25,17.27,0.0
17.26,17.28,0.0
17.27,17.29,0.0
17.28,17.3,0.0
17.29,17.31,0.0
17.3,17.32,0.0
17.31,17.33,0.0
17.32,17.34,0.0
17.33,17.35,0.0
17.34,17.36,0.0
17.35,17.37,0.0
17.36,17.38,0.0
17.37,17.39,0.0
17.38,17.4,0.0
17.39,17.41,0.0
17.4,17.42,0.0
17.41,17.43,0.0
17.42,17.44,0.0
17.43,17.45,0.0
17.44,17.46,0.0
17.45,17.47,0.0
17.46,17.48,0.0
17.47,17.49,0.0
17.48,17.5,0.0
17.49,17.51,0.0
17.5,17.52,0.0
17.51,17.53,0.0
17.52,17.54,0.0
17.53,17.55,0.0
17.54,17.56,0.0
17.55,17.57,0.0
17.56,17.58,0.0
17.57,17.59,0.0
17.58,17.6,0.0
17.59,17.61,0.0
17.6,17.62,0.0
17.61,17.63,0.0
17.62,17.64,0.0
17.63,17.65,0.0
17.64,17.66,168.27639019318968
17.65,17.67,169.05444987751073
17.66,17.68,170.7751763635433
17.67,17.69,172.38724276595985
17.68,17.7,174.6908526088223
17.69,17.71,176.90042907195678
17.7,17.72,178.4758487761354
17.71,17.73,178.70574130432553
17.72,17.74,178.09949960803073
17.73,17.75,176.95185013931825
17.74,17.76,176.11146118057079
17.75,17.77,175.72282790439598
17.76,17.78,175.4260209741689
17.77,17.79,175.014294970251
17.78,17.8,173.99882570712782
17.79,17.81,174.16305530654878
17.8,17.82,174.7414773867623
17.81,17.83,175.91444015135028
17.82,17.84,176.0867050898314
17.83,17.85,0.0
17.84,17.86,0.0
17.85,17.87,0.0
17.86,17.88,0.0
17.87,17.89,0.0
17.88,17.9,206.24481284869677
17.89,17.91,205.95707342446696
17.9,17.92,205.185580458159
17.91,17.93,203.8873807905603
17.92,17.94,202.02705654721757
17.93,17.95,200.00959340385577
17.94,17.96,198.08637636806174
17.95,17.97,196.29632577203253
17.96,17.98,194.71559834148
17.97,17.99,193.46663184285464
17.98,18.0,192.50496346461293
17.99,18.01,191.38741931269914
18.0,18.02,190.0048307645013
18.01,18.03,188.40766739118004
18.02,18.04,186.82252999558892
18.03,18.05,185.40300615093113
18.04,18.06,184.37649222206295
18.05,18.07,183.82892986973206
18.06,18.08,183.8131737547709
18.07,18.09,183.87802956133172
18.08,18.1,0.0
18.09,18.11,0.0
18.1,18.12,0.0
18.11,18.13,0.0
18.12,18.14,0.0
18.13,18.15,0.0
18.14,18.16,0.0
18.15,18.17,0.0
18.16,18.18,0.0
18.17,18.19,0.0
18.18,18.2,0.0
18.19,18.21,0.0
18.2,18.22,0.0
18.21,18.23,0.0
18.22,18.24,0.0
18.23,18.25,0.0
18.24,18.26,0.0
18.25,18.27,0.0
18.26,18.28,0.0
18.27,18.29,0.0
18.28,18.3,144.88850720869615
18.29,18.31,128.51173195805717
18.3,18.32,109.1009614968315
18.31,18.33,100.1221279892983
18.32,18.34,98.60653329961656
18.33,18.35,114.81621603224667
18.34,18.36,133.96070660508607
18.35,18.37,157.05435316184716
18.36,18.38,155.8120494694243
18.37,18.39,155.0092338866905
18.38,18.4,154.42525135411398
18.39,18.41,153.9647724555569
18.4,18.42,153.61458567043852
18.41,18.43,153.43519301282603
18.42,18.44,153.40118516691962
18.43,18.45,153.4792352459882
18.44,18.46,153.52603022767582
18.45,18.47,153.33010067212714
18.46,18.48,152.78538233291874
18.47,18.49,152.31905285809466
18.48,18.5,152.77041871550747
18.49,18.51,153.93843159467727
18.5,18.52,155.04499892065178
18.51,18.53,154.81434513048941
18.52,18.54,154.4732878180764
18.53,18.55,0.0
18.54,18.56,0.0
18.55,18.57,0.0
18.56,18.58,0.0
18.57,18.59,0.0
18.58,18.6,0.0
18.59,18.61,0.0
18.6,18.62,0.0
18.61,18.63,0.0
18.62,18.64,0.0
18.63,18.65,0.0
18.64,18.66,0.0
18.65,18.67,0.0
18.66,18.68,0.0
18.67,18.69,0.0
18.68,18.7,0.0
18.69,18.71,0.0
18.7,18.72,0.0
18.71,18.73,0.0
18.72,18.74,0.0
18.73,18.75,0.0
18.74,18.76,0.0
18.75,18.77,0.0
18.76,18.78,0.0
18.77,18.79,0.0
18.78,18.8,0.0
18.79,18.81,0.0
18.8,18.82,0.0
18.81,18.83,0.0
18.82,18.84,0.0
18.83,18.85,0.0
18.84,18.86,0.0
18.85,18.87,0.0
18.86,18.88,0.0
18.87,18.89,0.0
18.88,18.9,0.0
18.89,18.91,0.0
18.9,18.92,0.0
18.91,18.93,0.0
18.92,18.94,0.0
18.93,18.95,0.0
18.94,18.96,0.0
18.95,18.97,0.0
18.96,18.98,0.0
18.97,18.99,0.0
18.98,19.0,0.0
18.99,19.01,0.0
19.0,19.02,0.0
19.01,19.03,0.0
19.02,19.04,0.0
19.03,19.05,0.0
19.04,19.06,0.0
19.05,19.07,0.0
19.06,19.08,0.0
19.07,19.09,0.0
19.08,19.1,0.0
19.09,19.11,0.0
19.1,19.12,0.0
19.11,19.13,0.0
19.12,19.14,0.0
19.13,19.15,0.0
19.14,19.16,0.0
19.15,19.17,0.0
19.16,19.18,0.0
19.17,19.19,0.0
19.18,19.2,0.0
19.19,19.21,0.0
19.2,19.22,0.0
19.21,19.23,0.0
19.22,19.24,0.0
19.23,19.25,0.0
19.24,19.26,0.0
19.25,19.27,0.0
19.26,19.28,0.0
19.27,19.29,0.0
19.28,19.3,0.0
19.29,19.31,0.0
19.3,19.32,0.0
19.31,19.33,0.0
19.32,19.34,0.0
19.33,19.35,0.0
19.34,19.36,0.0
19.35,19.37,0.0
19.36,19.38,0.0
19.37,19.39,94.83143920313235
19.38,19.4,93.74957745839353
19.39,19.41,91.8634113212528
19.4,19.42,111.44512467484817
19.41,19.43,135.82261588015314
19.42,19.44,164.0743057480369
19.43,19.45,160.6014867839056
19.44,19.46,158.03605544742598
19.45,19.47,0.0
19.46,19.48,0.0
19.47,19.49,0.0
19.48,19.5,0.0
19.49,19.51,0.0
19.5,19.52,0.0
19.51,19.53,0.0
19.52,19.54,0.0
19.53,19.55,165.8950045651008
19.54,19.56,172.64156723944018
19.55,19.57,194.95541164466312
19.56,19.58,201.00232939609455
19.57,19.59,208.58804118666617
19.58,19.6,209.13445589732197
19.59,19.61,210.79145317830432
19.6,19.62,211.56243939511847
19.61,19.63,210.5525725827292
19.62,19.64,208.21567257789994
19.63,19.65,205.2800042711188
19.64,19.66,202.05857616653117
19.65,19.67,198.39655953232796
19.66,19.68,194.6569135345235
19.67,19.69,191.43562725567426
19.68,19.7,188.77360155681976
19.69,19.71,186.7661005998485
19.7,19.72,185.29420641887725
19.71,19.73,184.72140875701186
19.72,19.74,184.51231612402236
19.73,19.75,180.64097199328904
19.74,19.76,177.65660043230292
19.75,19.77,174.55541205874624
19.76,19.78,174.8236246717386
19.77,19.79,173.98456386084868
19.78,19.8,173.06578603847353
19.79,19.81,172.21222191789477
19.8,19.82,171.11938161538248
19.81,19.83,169.07348590179973
19.82,19.84,166.47277923131443
19.83,19.85,163.80617910213402
19.84,19.86,161.7809734187422
19.85,19.87,159.76813220346844
19.86,19.88,158.04838310817757
19.87,19.89,157.61637524670573
19.88,19.9,159.28854498136445
19.89,19.91,161.7632040071035
19.9,19.92,163.82850473975415
19.91,19.93,164.80569834819954
19.92,19.94,165.3407104956503
19.93,19.95,165.27425350588916
19.94,19.96,164.35741112778638
19.95,19.97,162.64752923598752
19.96,19.98,160.6558516804547
19.97,19.99,158.07918905130015
19.98,20.0,155.05195134394484
19.99,20.01,149.48752519531251
20.0,20.02,146.76188564367163
20.01,20.03,0.0
20.02,20.04,0.0
20.03,20.05,171.13022225982465
20.04,20.06,174.2865164384742
20.05,20.07,179.95090774396374
20.06,20.08,181.0860441534334
20.07,20.09,180.75807183442396
20.08,20.1,179.571448142603
20.09,20.11,177.15081373535142
20.1,20.12,174.48498218578854
20.11,20.13,172.05959409430736
20.12,20.14,170.76915574152355
20.13,20.15,170.10966204644603
20.14,20.16,169.82280385269416
20.15,20.17,169.58907301072398
20.16,20.18,169.39277944955984
20.17,20.19,169.54647861457326
20.18,20.2,169.89638691958945
20.19,20.21,169.93030724299712
20.2,20.22,167.8320674551266
20.21,20.23,163.0696821369006
20.22,20.24,157.71172074388716
20.23,20.25,154.1294497964738
20.24,20.26,153.21446238488224
20.25,20.27,153.34018600720415
20.26,20.28,153.27985281828373
20.27,20.29,151.84544725657307
20.28,20.3,148.85838559545002
20.29,20.31,145.53177796934003
20.3,20.32,142.95349615141853
20.31,20.33,141.54565775804065
20.32,20.34,140.99832330019208
20.33,20.35,141.84018477898425
20.34,20.36,143.8027537056524
20.35,20.37,145.90175874001017
20.36,20.38,147.18564327965476
20.37,20.39,147.7730803190845
20.38,20.4,148.13395580251995
20.39,20.41,148.5816283935127
20.4,20.42,149.02024452747693
20.41,20.43,149.25246049852296
20.42,20.44,148.68184443740245
20.43,20.45,147.59605383049887
20.44,20.46,146.80520922869462
20.45,20.47,0.0
20.46,20.48,0.0
20.47,20.49,0.0
20.48,20.5,0.0
20.49,20.51,0.0
20.5,20.52,0.0
20.51,20.53,0.0
20.52,20.54,0.0
20.53,20.55,0.0
20.54,20.56,0.0
20.55,20.57,0.0
20.56,20.58,0.0
20.57,20.59,0.0
20.58,20.6,0.0
20.59,20.61,178.86268821310418
20.6,20.62,178.67845511581572
20.61,20.63,178.13603899190392
20.62,20.64,177.96686697206553
20.63,20.65,177.10148113126942
20.64,20.66,175.34927024176778
20.65,20.67,172.8597358300579
20.66,20.68,170.03838449293926
20.67,20.69,167.60362470710203
20.68,20.7,165.97004908406558
20.69,20.71,164.94529476144936
20.7,20.72,163.97636024543627
20.71,20.73,162.791287837598
20.72,20.74,161.51161203837887
20.73,20.75,160.0580727122138
20.74,20.76,157.57588518951084
20.75,20.77,157.60024395583943
20.76,20.78,157.22250826677612
20.77,20.79,0.0
20.78,20.8,0.0
20.79,20.81,0.0
20.8,20.82,0.0
20.81,20.83,0.0
20.82,20.84,168.68718797132016
20.83,20.85,167.5880775977936
20.84,20.86,165.15979670289346
20.85,20.87,152.51058197120528
20.86,20.88,150.3519935371651
20.87,20.89,143.83767624529438
20.88,20.9,146.7660250081669
20.89,20.91,139.9538560449115
20.9,20.92,137.80384899507416
20.91,20.93,136.9966299460018
20.92,20.94,134.34457169369108
20.93,20.95,132.05710172275445
20.94,20.96,129.9964644959797
20.95,20.97,130.1459438994184
20.96,20.98,132.0480233978792
20.97,20.99,133.91329489850924
20.98,21.0,136.43554161135742
20.99,21.01,137.48854128900686
21.0,21.02,138.92428871619668
21.01,21.03,140.31805035403315
21.02,21.04,141.95432287218838
21.03,21.05,143.96703001716173
21.04,21.06,146.48100533557522
21.05,21.07,149.46293831995524
21.06,21.08,153.40723571343003
21.07,21.09,158.02061240451226
21.08,21.1,162.83311802339995
21.09,21.11,167.55672926268514
21.1,21.12,172.0023745913778
21.11,21.13,176.28011244277033
21.12,21.14,183.70113772796427
21.13,21.15,190.95413582977457
21.14,21.16,198.10339960594905
21.15,21.17,200.68307536043707
21.16,21.18,202.73449034318116
21.17,21.19,204.594972240586
21.18,21.2,206.42685543279612
21.19,21.21,207.72058110818656
21.2,21.22,207.51915217519735
21.21,21.23,206.37382645550892
21.22,21.24,205.49279787209863
21.23,21.25,206.41284645427262
21.24,21.26,207.67339728177515
21.25,21.27,207.92014390582932
21.26,21.28,206.8105612093442
21.27,21.29,205.87463133382056
21.28,21.3,205.65999220790422
21.29,21.31,0.0
21.3,21.32,0.0
21.31,21.33,0.0
21.32,21.34,0.0
21.33,21.35,0.0
21.34,21.36,0.0
21.35,21.37,0.0
21.36,21.38,0.0
21.37,21.39,0.0
21.38,21.4,0.0
21.39,21.41,0.0
21.4,21.42,0.0
21.41,21.43,0.0
21.42,21.44,0.0
21.43,21.45,0.0
21.44,21.46,0.0
21.45,21.47,0.0
21.46,21.48,0.0
21.47,21.49,0.0
21.48,21.5,0.0
21.49,21.51,0.0
21.5,21.52,0.0
21.51,21.53,0.0
21.52,21.54,0.0
21.53,21.55,0.0
21.54,21.56,0.0
21.55,21.57,0.0
21.56,21.58,0.0
21.57,21.59,0.0
21.58,21.6,0.0
21.59,21.61,0.0
21.6,21.62,0.0
21.61,21.63,0.0
21.62,21.64,0.0
21.63,21.65,0.0
21.64,21.66,0.0
21.65,21.67,0.0
21.66,21.68,0.0
21.67,21.69,0.0
21.68,21.7,0.0
21.69,21.71,0.0
21.7,21.72,0.0
21.71,21.73,0.0
21.72,21.74,0.0
21.73,21.75,0.0
21.74,21.76,0.0
21.75,21.77,0.0
21.76,21.78,0.0
21.77,21.79,0.0
21.78,21.8,0.0
21.79,21.81,0.0
21.8,21.82,0.0
21.81,21.83,0.0
21.82,21.84,0.0
21.83,21.85,0.0
21.84,21.86,0.0
21.85,21.87,0.0
21.86,21.88,0.0
21.87,21.89,0.0
21.88,21.9,0.0
21.89,21.91,0.0
21.9,21.92,0.0
21.91,21.93,0.0
21.92,21.94,0.0
21.93,21.95,0.0
21.94,21.96,0.0
21.95,21.97,0.0
21.96,21.98,0.0
21.97,21.99,0.0
21.98,22.0,0.0
21.99,22.01,0.0
22.0,22.02,0.0
22.01,22.03,0.0
22.02,22.04,0.0
22.03,22.05,0.0
22.04,22.06,0.0
22.05,22.07,0.0
22.06,22.08,0.0
22.07,22.09,0.0
22.08,22.1,0.0
22.09,22.11,0.0
22.1,22.12,0.0
22.11,22.13,0.0
22.12,22.14,0.0
22.13,22.15,0.0
22.14,22.16,0.0
22.15,22.17,0.0
22.16,22.18,0.0
22.17,22.19,0.0
22.18,22.2,0.0
22.19,22.21,0.0
22.2,22.22,0.0
22.21,22.23,0.0
22.22,22.24,0.0
22.23,22.25,0.0
22.24,22.26,0.0
22.25,22.27,0.0
22.26,22.28,0.0
22.27,22.29,0.0
22.28,22.3,0.0
22.29,22.31,0.0
22.3,22.32,0.0
22.31,22.33,0.0
22.32,22.34,0.0
22.33,22.35,0.0
22.34,22.36,0.0
22.35,22.37,0.0
22.36,22.38,0.0
22.37,22.39,0.0
22.38,22.4,0.0
22.39,22.41,0.0
22.4,22.42,489.81993360596306
22.41,22.43,490.11402220893507
22.42,22.44,490.63180490840494
22.43,22.45,0.0
22.44,22.46,95.75812700574133
22.45,22.47,100.01134149295805
22.46,22.48,104.96050234535448
22.47,22.49,110.32015224157716
22.48,22.5,110.93987061262085
22.49,22.51,110.69344468323737
22.5,22.52,110.04942028375257
22.51,22.53,109.28440785887386
22.52,22.54,108.69965787876826
22.53,22.55,108.27253409351232
22.54,22.56,107.95162794561632
22.55,22.57,107.69116949221004
22.56,22.58,107.44071398364936
22.57,22.59,107.16185252211906
22.58,22.6,106.82966638606173
22.59,22.61,106.40983191683829
22.6,22.62,125.83271947626518
22.61,22.63,148.46014979390668
22.62,22.64,174.9759283724581
22.63,22.65,173.68057032650916
22.64,22.66,172.47538994376788
22.65,22.67,171.6195946685605
22.66,22.68,170.99175876279148
22.67,22.69,170.51599274823693
22.68,22.7,170.73980824859734
22.69,22.71,173.33635026694725
22.7,22.72,179.5748905716164
22.71,22.73,186.2469366543591
22.72,22.74,190.68239286031726
22.73,22.75,191.73298789844526
22.74,22.76,191.868227608921
22.75,22.77,191.7716482686517
22.76,22.78,191.5303492483827
22.77,22.79,191.10819571887208
22.78,22.8,190.4785141667792
22.79,22.81,189.6578217176492
22.8,22.82,188.64494917453365
22.81,22.83,187.18645781862003
22.82,22.84,184.94059977760085
22.83,22.85,182.61116171251032
22.84,22.86,179.1264672960569
22.85,22.87,175.87982912201906
22.86,22.88,171.30918264112424
22.87,22.89,168.7399396985741
22.88,22.9,170.36254084359035
22.89,22.91,175.3811103763259
22.9,22.92,181.09721691944017
22.91,22.93,183.51349791735507
22.92,22.94,184.28437424799486
22.93,22.95,184.00582312369662
22.94,22.96,183.02845864400936
22.95,22.97,181.63023891098692
22.96,22.98,206.5141600650028
22.97,22.99,296.50746026866153
22.98,23.0,426.40725011907864
22.99,23.01,535.3597223906918
23.0,23.02,533.2836964585413
23.01,23.03,464.36916170750794
23.02,23.04,321.59282990686023
23.03,23.05,222.96869641364893
23.04,23.06,177.06421758660596
23.05,23.07,177.02984843172092
23.06,23.08,176.86956022082632
23.07,23.09,176.54871882465588
23.08,23.1,176.05128432344057
23.09,23.11,175.4131495498866
23.1,23.12,174.67888189727074
23.11,23.13,173.95092663652025
23.12,23.14,173.25677246386064
23.13,23.15,172.54493261718585
23.14,23.16,171.7799699466967
23.15,23.17,170.9830555340178
23.16,23.18,170.16392720898946
23.17,23.19,169.43501789111593
23.18,23.2,168.9168098488501
23.19,23.21,168.70201924259584
23.2,23.22,168.6640329796197
23.21,23.23,168.59820914612826
23.22,23.24,168.39519600415733
23.23,23.25,168.0577479866114
23.24,23.26,167.61704955913424
23.25,23.27,167.0237469674598
23.26,23.28,166.37838772597243
23.27,23.29,165.84107757033857
23.28,23.3,165.47366819184955
23.29,23.31,165.13869055995465
23.3,23.32,164.69397927187592
23.31,23.33,164.19944297585184
23.32,23.34,163.7104317641688
23.33,23.35,163.22084486868675
23.34,23.36,162.74222461214345
23.35,23.37,162.35076947908723
23.36,23.38,162.1306270684655
23.37,23.39,162.0481952780593
23.38,23.4,162.000284105704
23.39,23.41,161.91804345801745
23.4,23.42,161.80177519960125
23.41,23.43,161.64767025387607
23.42,23.44,161.41336466047207
23.43,23.45,161.06479650146136
23.44,23.46,160.6439754856246
23.45,23.47,160.01281252578542
23.46,23.48,159.03889199226163
23.47,23.49,156.99276615351457
23.48,23.5,155.11879250308192
23.49,23.51,153.8391129957104
23.5,23.52,0.0
23.51,23.53,0.0
23.52,23.54,0.0
23.53,23.55,0.0
23.54,23.56,0.0
23.55,23.57,0.0
23.56,23.58,220.21980306175647
23.57,23.59,220.53490346292048
23.58,23.6,220.85911698181886
23.59,23.61,219.26087012443176
23.6,23.62,214.87411279995212
23.61,23.63,200.47729436968663
23.62,23.64,190.26391103322376
23.63,23.65,182.07514069310122
23.64,23.66,181.6059875522361
23.65,23.67,178.2081585636582
23.66,23.68,175.36940149945002
23.67,23.69,174.0924001369802
23.68,23.7,174.2142181012801
23.69,23.71,174.424246514394
23.7,23.72,173.98048104752
23.71,23.73,172.1251953373821
23.72,23.74,169.84581852747752
23.73,23.75,168.12284218165996
23.74,23.76,168.7955903829381
23.75,23.77,171.32918983428087
23.76,23.78,175.8429001149332
23.77,23.79,183.23502186591966
23.78,23.8,194.11179448599967
23.79,23.81,205.69615776690225
23.8,23.82,216.1190849283447
23.81,23.83,224.28058213481248
23.82,23.84,230.875345385028
23.83,23.85,234.6413384482311
23.84,23.86,235.5010104450189
23.85,23.87,234.9970084956988
23.86,23.88,231.2104811088671
23.87,23.89,224.73787905998773
23.88,23.9,220.40213635406562
23.89,23.91,0.0
23.9,23.92,0.0
23.91,23.93,0.0
23.92,23.94,0.0
23.93,23.95,0.0
23.94,23.96,0.0
23.95,23.97,0.0
23.96,23.98,0.0
23.97,23.99,0.0
23.98,24.0,0.0
23.99,24.01,0.0
24.0,24.02,0.0
24.01,24.03,0.0
24.02,24.04,182.5675896366324
24.03,24.05,181.11693055188496
24.04,24.06,177.7572729056496
24.05,24.07,174.74424966131
24.06,24.08,171.23161080515428
24.07,24.09,167.87713491435082
24.08,24.1,165.61541782123086
24.09,24.11,164.61153183115184
24.1,24.12,164.69871513096345
24.11,24.13,164.98362497726816
24.12,24.14,165.0461283227683
24.13,24.15,164.84958990614513
24.14,24.16,164.52791118465936
24.15,24.17,164.22135180113355
24.16,24.18,164.00582810020674
24.17,24.19,163.8822286841144
24.18,24.2,163.53910321873533
24.19,24.21,162.85165086745647
24.2,24.22,162.81473079036346
24.21,24.23,164.17250871556638
24.22,24.24,166.4480026971275
24.23,24.25,168.35885544834127
24.24,24.26,169.22324113146448
24.25,24.27,169.54533917461015
24.26,24.28,169.5887180132113
24.27,24.29,169.44420236626755
24.28,24.3,169.04288402505293
24.29,24.31,168.2056213541612
24.3,24.32,167.19430521074094
24.31,24.33,166.40942393516443
24.32,24.34,166.84200259319326
24.33,24.35,168.5681390115733
24.34,24.36,170.53793646561658
24.35,24.37,171.55138885646025
24.36,24.38,171.32171517551825
24.37,24.39,170.87108337984856
24.38,24.4,170.79585505364386
24.39,24.41,171.24625071916185
24.4,24.42,172.0113760670785
24.41,24.43,172.8523657899905
24.42,24.44,173.78639925643054
24.43,24.45,175.51842918616148
24.44,24.46,177.58791276118913
24.45,24.47,179.8191151817061
24.46,24.48,181.03581512633548
24.47,24.49,181.55725451629993
24.48,24.5,181.6561346128008
24.49,24.51,181.9328124307669
24.5,24.52,182.52330402829176
24.51,24.53,183.25888505796763
24.52,24.54,184.12400879937317
24.53,24.55,185.27763068592952
24.54,24.56,186.63396367234128
24.55,24.57,187.923066790643
24.56,24.58,189.03483502408773
24.57,24.59,189.95350909845195
24.58,24.6,190.49811567609166
24.59,24.61,189.8728290041945
24.6,24.62,188.82414676255277
24.61,24.63,187.922445671484
24.62,24.64,188.01650648902208
24.63,24.65,188.40517652012872
24.64,24.66,188.90488074599094
24.65,24.67,189.3631370412255
24.66,24.68,189.63024215290696
24.67,24.69,189.57668239825708
24.68,24.7,189.2834167298183
24.69,24.71,188.82888997011705
24.7,24.72,188.1728401322798
24.71,24.73,187.31659198298274
24.72,24.74,186.30821748977894
24.73,24.75,185.31445858786464
24.74,24.76,184.5366302941166
24.75,24.77,184.26634595816404
24.76,24.78,184.72116454192582
24.77,24.79,185.45763429492231
24.78,24.8,185.97070512403258
24.79,24.81,185.82324347297094
24.8,24.82,185.25032070545487
24.81,24.83,184.4612586649476
24.82,24.84,183.55430276414398
24.83,24.85,182.37724977976717
24.84,24.86,180.22054069175573
24.85,24.87,175.27008139226294
24.86,24.88,172.49682563628758
24.87,24.89,0.0
24.88,24.9,0.0
24.89,24.91,0.0
24.9,24.92,0.0
24.91,24.93,0.0
24.92,24.94,0.0
24.93,24.95,0.0
24.94,24.96,0.0
24.95,24.97,0.0
24.96,24.98,0.0
24.97,24.99,0.0
24.98,25.0,0.0
24.99,25.01,0.0
25.0,25.02,0.0
25.01,25.03,174.02520553564227
25.02,25.04,174.8300964217555
25.03,25.05,175.6637902145434
25.04,25.06,176.06525003977745
25.05,25.07,175.3051132175935
25.06,25.08,174.302819384417
25.07,25.09,173.53208982917053
25.08,25.1,173.0932067553987
25.09,25.11,172.8216321115192
25.1,25.12,172.43533818338904
25.11,25.13,171.6570362108082
25.12,25.14,170.45810344547428
25.13,25.15,169.15173864629543
25.14,25.16,168.07270908669707
25.15,25.17,167.21062635850666
25.16,25.18,166.02674344696257
25.17,25.19,164.44176038153725
25.18,25.2,163.0581664402372
25.19,25.21,162.42999082189522
25.2,25.22,162.45946715931265
25.21,25.23,162.5302894958086
25.22,25.24,162.38511545110669
25.23,25.25,162.04296434566933
25.24,25.26,161.63288931629666
25.25,25.27,161.2718711776541
25.26,25.28,161.02150462809848
25.27,25.29,160.76794884554454
25.28,25.3,160.3156662552437
25.29,25.31,159.64939738240085
25.3,25.32,158.9715175921553
25.31,25.33,158.4808591792048
25.32,25.34,158.11799671394598
25.33,25.35,157.73740388047204
25.34,25.36,157.25774443123157
25.35,25.37,156.75734954014786
25.36,25.38,156.3162120477923
25.37,25.39,155.91748587900472
25.38,25.4,155.49967983058258
25.39,25.41,154.97948721752084
25.4,25.42,154.47422385222458
25.41,25.43,154.11676560888122
25.42,25.44,153.95656271477952
25.43,25.45,153.91233263739412
25.44,25.46,153.85033356499096
25.45,25.47,153.7652505550155
25.46,25.48,153.68810482181553
25.47,25.49,153.65690186161567
25.48,25.5,153.67071638959743
25.49,25.51,153.65512434709646
25.5,25.52,153.41283014613688
25.51,25.53,152.89079194302985
25.52,25.54,152.24238110363683
25.53,25.55,151.67557332502767
25.54,25.56,151.16695770181306
25.55,25.57,150.56876619372395
25.56,25.58,150.00303310783488
25.57,25.59,149.6835413040194
25.58,25.6,149.66583096256903
25.59,25.61,149.7299378209066
25.6,25.62,149.5500398480942
25.61,25.63,149.05947223005393
25.62,25.64,148.5100120673436
25.63,25.65,148.25848326635366
25.64,25.66,148.41746607416118
25.65,25.67,148.85495800528432
25.66,25.68,149.35423147399672
25.67,25.69,149.74061121883037
25.68,25.7,149.92265444093633
25.69,25.71,150.01448623682467
25.7,25.72,150.16135545160208
25.71,25.73,150.36180015741033
25.72,25.74,150.44965756553157
25.73,25.75,150.29603184421444
25.74,25.76,150.0138747201056
25.75,25.77,150.10652312104122
25.76,25.78,151.78690622291037
25.77,25.79,122.26433932808101
25.78,25.8,98.03579103093577
25.79,25.81,77.5797785970773
25.8,25.82,76.93450686478671
25.81,25.83,76.46569617222946
25.82,25.84,76.33080524573784
25.83,25.85,76.50882460463913
25.84,25.86,77.00364345853724
25.85,25.87,77.87985060707723
25.86,25.88,78.91707207544577
25.87,25.89,80.06438278049522
25.88,25.9,102.62861547617936
25.89,25.91,131.6121269407369
25.9,25.92,168.17745555829265
25.91,25.93,169.24658477205077
25.92,25.94,169.73337561472093
25.93,25.95,170.14986721554496
25.94,25.96,170.9551968779011
25.95,25.97,172.17676484695784
25.96,25.98,173.44628804659462
25.97,25.99,174.07176341849478
25.98,26.0,173.6700273327145
25.99,26.01,172.24000077469725
26.0,26.02,171.22057509945066
26.01,26.03,170.56941033841187
26.02,26.04,0.0
26.03,26.05,0.0
26.04,26.06,0.0
26.05,26.07,0.0
26.06,26.08,0.0
26.07,26.09,0.0
26.08,26.1,0.0
26.09,26.11,0.0
26.1,26.12,181.7809820608327
26.11,26.13,181.9389059219488
26.12,26.14,182.12056157251453
26.13,26.15,181.992393081038
26.14,26.16,180.39682364858788
26.15,26.17,175.13940149001897
26.16,26.18,168.4449427813054
26.17,26.19,158.20601113033283
26.18,26.2,154.07009610774037
26.19,26.21,0.0
26.2,26.22,0.0
26.21,26.23,0.0
26.22,26.24,0.0
26.23,26.25,0.0
26.24,26.26,192.44185640273508
26.25,26.27,192.5954614982199
26.26,26.28,193.19646429028816
26.27,26.29,194.2306933592702
26.28,26.3,195.2807426339489
26.29,26.31,195.84183094367992
26.3,26.32,195.79833767411307
26.31,26.33,195.22227464654375
26.32,26.34,194.13433646540076
26.33,26.35,191.75635219578058
26.34,26.36,188.7996420881172
26.35,26.37,185.52907966282476
26.36,26.38,182.1144218692206
26.37,26.39,177.82916076366274
26.38,26.4,173.34607088557982
26.39,26.41,169.67115343115478
26.4,26.42,167.1775067767035
26.41,26.43,165.0590755468892
26.42,26.44,162.71678426730188
26.43,26.45,160.36284952691963
26.44,26.46,158.26784740630995
26.45,26.47,156.6890427538141
26.46,26.48,155.35096103539578
26.47,26.49,154.21558384463285
26.48,26.5,153.5450093452994
26.49,26.51,153.44222539661774
26.5,26.52,153.82375807466903
26.51,26.53,154.38554704629098
26.52,26.54,154.69636033331525
26.53,26.55,154.56179365034393
26.54,26.56,154.2961561782633
26.55,26.57,154.58725335758683
26.56,26.58,155.3665368727914
26.57,26.59,155.67303059727098
26.58,26.6,155.26537315559347
26.59,26.61,154.6969057207615
26.6,26.62,0.0
26.61,26.63,0.0
26.62,26.64,0.0
26.63,26.65,0.0
26.64,26.66,0.0
26.65,26.67,0.0
26.66,26.68,0.0
26.67,26.69,0.0
26.68,26.7,0.0
26.69,26.71,0.0
26.7,26.72,0.0
26.71,26.73,171.41266012854604
26.72,26.74,171.03486699717098
26.73,26.75,170.11747741225093
26.74,26.76,168.73045878555996
26.75,26.77,166.05120115410904
26.76,26.78,163.07859343690578
26.77,26.79,160.85685349623773
26.78,26.8,160.07147514552733
26.79,26.81,159.83117775524877
26.8,26.82,159.3485923198119
26.81,26.83,158.13719504867572
26.82,26.84,156.56202230237406
26.83,26.85,155.15548878997205
26.84,26.86,154.1728590107898
26.85,26.87,153.3536172571556
26.86,26.88,152.55545128367913
26.87,26.89,151.85337712084655
26.88,26.9,151.41090935499912
26.89,26.91,151.21346417229867
26.9,26.92,151.05080401797295
26.91,26.93,151.1328198657455
26.92,26.94,151.56171718124008
26.93,26.95,152.39206950028196
26.94,26.96,152.97146422112692
26.95,26.97,153.0043990967928
26.96,26.98,152.55521597945202
26.97,26.99,151.914521243164
26.98,27.0,151.09093245368692
26.99,27.01,150.02008916821893
27.0,27.02,148.73949926721124
27.01,27.03,148.22764778921274
27.02,27.04,148.85143209775518
27.03,27.05,151.39366181078108
27.04,27.06,154.18979463599635
27.05,27.07,156.48312859374326
27.06,27.08,156.9930255986648
27.07,27.09,156.10464786714383
27.08,27.1,154.05495574900476
27.09,27.11,152.76474672618085
27.1,27.12,0.0
27.11,27.13,0.0
27.12,27.14,0.0
27.13,27.15,0.0
27.14,27.16,0.0
27.15,27.17,0.0
27.16,27.18,0.0
27.17,27.19,0.0
27.18,27.2,0.0
27.19,27.21,0.0
27.2,27.22,0.0
27.21,27.23,0.0
27.22,27.24,0.0
27.23,27.25,0.0
27.24,27.26,0.0
27.25,27.27,0.0
27.26,27.28,0.0
27.27,27.29,0.0
27.28,27.3,183.28610338821272
27.29,27.31,182.5502522105327
27.3,27.32,181.11980397303395
27.31,27.33,179.6476718412105
27.32,27.34,175.7173297867699
27.33,27.35,171.2654769402314
27.34,27.36,166.37770950369986
27.35,27.37,163.64334998108131
27.36,27.38,161.1872832483514
27.37,27.39,158.9894357651578
27.38,27.4,156.83893882967797
27.39,27.41,154.76732797971073
27.4,27.42,152.69084497927383
27.41,27.43,150.73240184937134
27.42,27.44,149.0345124300585
27.43,27.45,147.70221171333478
27.44,27.46,146.63730662788262
27.45,27.47,145.66235034055413
27.46,27.48,144.5912824344924
27.47,27.49,143.39306423246313
27.48,27.5,141.79264001013917
27.49,27.51,140.81445649810325
27.5,27.52,140.34306561659184
27.51,27.53,140.5459187056872
27.52,27.54,140.97055092746743
27.53,27.55,142.35096200073485
27.54,27.56,144.88707056658774
27.55,27.57,147.60327392090971
27.56,27.58,149.41690438588878
27.57,27.59,149.9315740996796
27.58,27.6,149.57889270803983
27.59,27.61,148.78543924386318
27.6,27.62,147.83044790210204
27.61,27.63,147.0646093112745
27.62,27.64,146.84273755989992
27.63,27.65,147.51585978017744
27.64,27.66,148.85892680111195
27.65,27.67,150.1344247337097
27.66,27.68,150.1731515684213
27.67,27.69,148.63156421741917
27.68,27.7,146.2597562274424
27.69,27.71,144.3633125463965
27.7,27.72,144.56200601623692
27.71,27.73,144.88017488275565
27.72,27.74,0.0
27.73,27.75,0.0
27.74,27.76,0.0
27.75,27.77,0.0
27.76,27.78,0.0
27.77,27.79,0.0
27.78,27.8,0.0
27.79,27.81,0.0
27.8,27.82,0.0
27.81,27.83,0.0
27.82,27.84,0.0
27.83,27.85,0.0
27.84,27.86,0.0
27.85,27.87,0.0
27.86,27.88,0.0
27.87,27.89,0.0
27.88,27.9,0.0
27.89,27.91,0.0
27.9,27.92,0.0
27.91,27.93,0.0
27.92,27.94,0.0
27.93,27.95,0.0
27.94,27.96,0.0
27.95,27.97,0.0
27.96,27.98,0.0
27.97,27.99,0.0
27.98,28.0,0.0
27.99,28.01,0.0
28.0,28.02,0.0
28.01,28.03,0.0
28.02,28.04,0.0
28.03,28.05,0.0
28.04,28.06,0.0
28.05,28.07,0.0
28.06,28.08,0.0
28.07,28.09,0.0
28.08,28.1,0.0
28.09,28.11,0.0
28.1,28.12,0.0
28.11,28.13,0.0
28.12,28.14,0.0
28.13,28.15,0.0
28.14,28.16,0.0
28.15,28.17,0.0
28.16,28.18,0.0
28.17,28.19,0.0
28.18,28.2,0.0
28.19,28.21,0.0
28.2,28.22,0.0
28.21,28.23,0.0
28.22,28.24,0.0
28.23,28.25,0.0
28.24,28.26,0.0
28.25,28.27,0.0
28.26,28.28,0.0
28.27,28.29,0.0
28.28,28.3,0.0
28.29,28.31,0.0
28.3,28.32,0.0
28.31,28.33,0.0
28.32,28.34,0.0
28.33,28.35,0.0
28.34,28.36,0.0
28.35,28.37,0.0
28.36,28.38,0.0
28.37,28.39,0.0
28.38,28.4,0.0
28.39,28.41,0.0
28.4,28.42,0.0
28.41,28.43,0.0
28.42,28.44,0.0
28.43,28.45,0.0
28.44,28.46,0.0
28.45,28.47,0.0
28.46,28.48,0.0
28.47,28.49,0.0
28.48,28.5,0.0
28.49,28.51,0.0
28.5,28.52,0.0
28.51,28.53,0.0
28.52,28.54,0.0
28.53,28.55,0.0
28.54,28.56,0.0
28.55,28.57,0.0
28.56,28.58,0.0
28.57,28.59,0.0
28.58,28.6,0.0
28.59,28.61,0.0
28.6,28.62,0.0
28.61,28.63,0.0
28.62,28.64,0.0
28.63,28.65,0.0
28.64,28.66,0.0
28.65,28.67,0.0
28.66,28.68,0.0
28.67,28.69,0.0
28.68,28.7,0.0
28.69,28.71,0.0
28.7,28.72,0.0
28.71,28.73,0.0
28.72,28.74,0.0
28.73,28.75,0.0
28.74,28.76,0.0
28.75,28.77,0.0
28.76,28.78,0.0
28.77,28.79,0.0
28.78,28.8,0.0
28.79,28.81,0.0
28.8,28.82,0.0
28.81,28.83,0.0
28.82,28.84,0.0
28.83,28.85,0.0
28.84,28.86,0.0
28.85,28.87,171.49626555998486
28.86,28.88,172.77788318022704
28.87,28.89,174.95757707490603
28.88,28.9,174.82797766769423
28.89,28.91,174.37744066185522
28.9,28.92,174.13753709960812
28.91,28.93,174.18481588904484
28.92,28.94,174.1926073758198
28.93,28.95,174.07324012841917
28.94,28.96,173.92658922519522
28.95,28.97,173.84001781095196
28.96,28.98,173.71572464142514
28.97,28.99,173.43168933972953
28.98,29.0,172.99105899396585
28.99,29.01,172.3814881704773
29.0,29.02,171.67316884719895
29.01,29.03,171.02211050038179
29.02,29.04,170.58498970544468
29.03,29.05,170.3380111159754
29.04,29.06,170.13852633403917
29.05,29.07,169.87564868926003
29.06,29.08,169.54184618506585
29.07,29.09,169.11488081902095
29.08,29.1,168.57064619892284
29.09,29.11,167.92071594510043
29.1,29.12,167.24539239775282
29.11,29.13,166.57579450640856
29.12,29.14,165.86402775034878
29.13,29.15,164.9578705978361
29.14,29.16,164.03777716405523
29.15,29.17,163.33190655349625
29.16,29.18,162.99415327739788
29.17,29.19,162.84544311652056
29.18,29.2,162.71549353129905
29.19,29.21,162.60365071655667
29.2,29.22,162.59675378194945
29.21,29.23,162.74905599517004
29.22,29.24,163.06729269771762
29.23,29.25,163.51589825153152
29.24,29.26,163.97840168574828
29.25,29.27,164.27994648720716
29.26,29.28,164.36134054835873
29.27,29.29,164.27466161225365
29.28,29.3,164.14053341052505
29.29,29.31,163.99319837120456
29.3,29.32,163.70067434474208
29.31,29.33,163.26253361230386
29.32,29.34,162.86998843847974
29.33,29.35,162.7088786699815
29.34,29.36,162.72112264946355
29.35,29.37,162.64880151339437
29.36,29.38,162.52463116767618
29.37,29.39,162.5441675586539
29.38,29.4,162.94215659917361
29.39,29.41,164.19280396679414
29.4,29.42,164.17484199916638
29.41,29.43,162.8390741382407
29.42,29.44,161.19312588450492
29.43,29.45,0.0
29.44,29.46,0.0
29.45,29.47,0.0
29.46,29.48,0.0
29.47,29.49,979.4518718112354
29.48,29.5,979.9904854276059
29.49,29.51,950.3264331314507
29.5,29.52,920.4873416479558
29.51,29.53,886.2870050792706
29.52,29.54,881.0306215564042
29.53,29.55,867.7439586058051
29.54,29.56,878.0957921195121
29.55,29.57,888.990018095294
29.56,29.58,541.4692372719576
29.57,29.59,322.35741228979117
29.58,29.6,191.32396192775857
29.59,29.61,189.99997428707093
29.6,29.62,188.2051840897396
29.61,29.63,185.89425623299425
29.62,29.64,183.7055903321218
29.63,29.65,179.85434289453806
29.64,29.66,177.01763943008405
29.65,29.67,176.82420213942197
29.66,29.68,179.81907555936783
29.67,29.69,183.55737663835367
29.68,29.7,184.42208083556736
29.69,29.71,184.56172034633866
29.7,29.72,184.35284909158105
29.71,29.73,185.5550814877768
29.72,29.74,187.57423858409288
29.73,29.75,189.70622101081716
29.74,29.76,191.53537145468712
29.75,29.77,192.86529856691175
29.76,29.78,194.64722023234387
29.77,29.79,197.46950918047622
29.78,29.8,201.43506464819313
29.79,29.81,206.30244532139326
29.8,29.82,211.24461164894782
29.81,29.83,216.43551899899873
29.82,29.84,220.83911643906492
29.83,29.85,225.3143861919067
29.84,29.86,229.46663011473754
29.85,29.87,233.13976903934213
29.86,29.88,235.73759923084535
29.87,29.89,237.3857428225901
29.88,29.9,238.64001645198596
29.89,29.91,238.94019262074875
29.9,29.92,238.01525257910552
29.91,29.93,235.3468909516324
29.92,29.94,231.08136855056986
29.93,29.95,225.8851052617618
29.94,29.96,219.57459844120987
29.95,29.97,211.82230129108245
29.96,29.98,204.07165929790008
29.97,29.99,197.5378776243802
29.98,30.0,193.07713492815532
29.99,30.01,189.3309695477997
30.0,30.02,186.40319540058806
30.01,30.03,184.1752569854513
30.02,30.04,182.24882032689675
30.03,30.05,180.67496732533988
30.04,30.06,179.47390052572572
30.05,30.07,178.23148491122157
30.06,30.08,176.31103381556562
30.07,30.09,173.05499437467284
30.08,30.1,169.1901702720017
30.09,30.11,170.69607855619435
30.1,30.12,171.52646118131648
30.11,30.13,0.0
30.12,30.14,0.0
30.13,30.15,172.91474491551878
30.14,30.16,172.81024642355644
30.15,30.17,172.4765300730994
30.16,30.18,171.68559560427423
30.17,30.19,170.41758136231692
30.18,30.2,169.01079804948355
30.19,30.21,167.8407952098463
30.2,30.22,167.07145038884522
30.21,30.23,166.55421381381308
30.22,30.24,166.60400410000614
30.23,30.25,152.5768654876737
30.24,30.26,153.02732622502464
30.25,30.27,146.40138487084013
30.26,30.28,0.0
30.27,30.29,0.0
30.28,30.3,0.0
30.29,30.31,0.0
30.3,30.32,0.0
30.31,30.33,0.0
30.32,30.34,0.0
30.33,30.35,0.0
30.34,30.36,0.0
30.35,30.37,0.0
30.36,30.38,0.0
30.37,30.39,0.0
30.38,30.4,0.0
30.39,30.41,0.0
30.4,30.42,0.0
30.41,30.43,0.0
30.42,30.44,0.0
30.43,30.45,0.0
30.44,30.46,160.11564057678427
30.45,30.47,161.1072125302818
30.46,30.48,162.8341405938908
30.47,30.49,164.1036646460482
30.48,30.5,164.36863829294745
30.49,30.51,163.90210884149047
30.5,30.52,163.2280020581297
30.51,30.53,162.90008303646414
30.52,30.54,163.13886529151597
30.53,30.55,163.6744530345758
30.54,30.56,164.3141574952356
30.55,30.57,164.57085846020664
30.56,30.58,164.15359044673224
30.57,30.59,163.3285595680543
30.58,30.6,162.5226436371403
30.59,30.61,162.2040580801796
30.6,30.62,162.0627642255061
30.61,30.63,161.92619606821884
30.62,30.64,161.81289910015542
30.63,30.65,161.7643624348453
30.64,30.66,161.80541177525933
30.65,30.67,161.83152978104837
30.66,30.68,161.77630363504244
30.67,30.69,161.57682308545932
30.68,30.7,161.23314209027725
30.69,30.71,160.77251867135814
30.7,30.72,160.23378652032554
30.71,30.73,159.5807797863318
30.72,30.74,157.8285275954263
30.73,30.75,155.94581474741835
30.74,30.76,154.8945988837709
30.75,30.77,155.5594300037905
30.76,30.78,156.80227626796528
30.77,30.79,157.6089258232507
30.78,30.8,158.01650379946878
30.79,30.81,158.34179674423163
30.8,30.82,158.7365614646453
30.81,30.83,158.60470090050924
30.82,30.84,159.26845234442413
30.83,30.85,159.9468934383047
30.84,30.86,159.40390292932398
30.85,30.87,157.94030506309457
30.86,30.88,178.96952553933411
30.87,30.89,191.53845236910297
30.88,30.9,0.0
30.89,30.91,0.0
30.9,30.92,469.27016513670384
30.91,30.93,468.11174162707886
30.92,30.94,467.7985909788197
30.93,30.95,0.0
30.94,30.96,164.08435660207144
30.95,30.97,163.15067428334692
30.96,30.98,161.88352874850642
30.97,30.99,159.94995965975735
30.98,31.0,158.38082591899447
30.99,31.01,156.81150157210106
31.0,31.02,156.08588545025756
31.01,31.03,155.78709174647582
31.02,31.04,155.65323968203447
31.03,31.05,155.5415556645283
31.04,31.06,155.44060336824853
31.05,31.07,155.37857070429578
31.06,31.08,155.25952300786648
31.07,31.09,154.9286476359453
31.08,31.1,154.47190930538562
31.09,31.11,154.01646655973164
31.1,31.12,153.6335757354185
31.11,31.13,153.24584563540904
31.12,31.14,152.94355771693307
31.13,31.15,152.82760480302758
31.14,31.16,152.81076828884352
31.15,31.17,152.59096957599647
31.16,31.18,151.78968223060687
31.17,31.19,150.3665380443097
31.18,31.2,148.330501239751
31.19,31.21,146.0331457266945
31.2,31.22,143.83997407810708
31.21,31.23,162.70536519446287
31.22,31.24,238.5470673426691
31.23,31.25,351.2593857808866
31.24,31.26,452.8056737039713
31.25,31.27,450.14735430192377
31.26,31.28,446.6171840481756
31.27,31.29,443.32388900621265
31.28,31.3,443.0168754578171
31.29,31.31,447.103200610606
31.3,31.32,443.2768076024209
31.31,31.33,438.96344819617957
31.32,31.34,428.3134686362011
31.33,31.35,424.04544258946333
31.34,31.36,438.7964382410117
31.35,31.37,456.9157354529595
31.36,31.38,479.4957607303571
31.37,31.39,481.70914374619815
31.38,31.4,484.0177373878434
31.39,31.41,0.0
31.4,31.42,0.0
31.41,31.43,0.0
31.42,31.44,0.0
31.43,31.45,0.0
31.44,31.46,482.2164532655541
31.45,31.47,501.2276685209308
31.46,31.48,520.814734665077
31.47,31.49,541.3104584947389
31.48,31.5,533.1756012588554
31.49,31.51,518.7069827443215
31.5,31.52,503.3856133480002
31.51,31.53,500.09546971370935
31.52,31.54,402.6775430493644
31.53,31.55,271.9694845359592
31.54,31.56,182.44135774041285
31.55,31.57,153.0001849249334
31.56,31.58,169.01243665165964
31.57,31.59,186.70429890116148
31.58,31.6,206.5658141053987
31.59,31.61,207.46593402626561
31.6,31.62,188.0792398549591
31.61,31.63,169.93895688570527
31.62,31.64,153.305371602858
31.63,31.65,152.71979903057337
31.64,31.66,152.05964875402682
31.65,31.67,151.25490229242988
31.66,31.68,150.22661795698602
31.67,31.69,148.8851694362413
31.68,31.7,115.43290350765803
31.69,31.71,89.64941775325504
31.7,31.72,69.92216538165488
31.71,31.73,69.26425654836243
31.72,31.74,67.37807691144664
31.73,31.75,65.16243418714384
31.74,31.76,63.754529354087
31.75,31.77,63.94945160425839
31.76,31.78,64.46475231788385
31.77,31.79,64.80018106605584
31.78,31.8,65.11580091856952
31.79,31.81,65.91387636266136
31.8,31.82,66.72582412943865
31.81,31.83,87.45298236685582
31.82,31.84,114.01485131211949
31.83,31.85,150.31254160657906
31.84,31.86,152.65353751120634
31.85,31.87,155.1171518844131
31.86,31.88,156.16304763671323
31.87,31.89,157.16042244780505
31.88,31.9,158.486743401586
31.89,31.91,160.17506441709065
31.9,31.92,161.63271124095164
31.91,31.93,161.9852567688586
31.92,31.94,161.85768766732323
31.93,31.95,0.0
31.94,31.96,0.0
31.95,31.97,0.0
31.96,31.98,0.0
31.97,31.99,0.0
31.98,32.0,0.0
31.99,32.01,0.0
32.0,32.02,0.0
32.01,32.03,0.0
32.02,32.04,0.0
32.03,32.05,0.0
32.04,32.06,0.0
32.05,32.07,0.0
32.06,32.08,0.0
32.07,32.09,0.0
32.08,32.1,0.0
32.09,32.11,0.0
32.1,32.12,0.0
32.11,32.13,0.0
32.12,32.14,209.78702313896528
32.13,32.15,201.17340573086742
32.14,32.16,193.4957926267001
32.15,32.17,184.70976819700653
32.16,32.18,183.2609040831222
32.17,32.19,181.37524153222262
32.18,32.2,179.98719241666726
32.19,32.21,180.2889753814775
32.2,32.22,181.50461512926964
32.21,32.23,182.85109480509155
32.22,32.24,183.6548370417943
32.23,32.25,183.89865372142285
32.24,32.26,183.9420976330649
32.25,32.27,183.96775543366033
32.26,32.28,184.06231078958365
32.27,32.29,184.3337580546968
32.28,32.3,184.9229962529939
32.29,32.31,185.87484174568377
32.3,32.32,186.7195211227121
32.31,32.33,186.83611510910742
32.32,32.34,185.97750756625192
32.33,32.35,184.429395566046
32.34,32.36,182.19979434929635
32.35,32.37,176.79537229403405
32.36,32.38,173.93747356776566
32.37,32.39,0.0
32.38,32.4,0.0
32.39,32.41,0.0
32.4,32.42,0.0
32.41,32.43,0.0
32.42,32.44,0.0
32.43,32.45,0.0
32.44,32.46,0.0
32.45,32.47,0.0
32.46,32.48,0.0
32.47,32.49,0.0
32.48,32.5,0.0
32.49,32.51,66.52431188430246
32.5,32.52,67.57357608574323
32.51,32.53,70.35605092267579
32.52,32.54,67.44089556691276
32.53,32.55,62.583862754031394
32.54,32.56,66.44378012825949
32.55,32.57,91.10307887319955
32.56,32.58,130.15730051863318
32.57,32.59,162.22432446090446
32.58,32.6,158.82164807097627
32.59,32.61,155.14092546122833
32.6,32.62,156.19782264463552
32.61,32.63,157.36381238316022
32.62,32.64,0.0
32.63,32.65,0.0
32.64,32.66,0.0
32.65,32.67,0.0
32.66,32.68,0.0
32.67,32.69,0.0
32.68,32.7,233.39075015135148
32.69,32.71,234.2867745743747
32.7,32.72,235.43781495592896
32.71,32.73,206.7404867502083
32.72,32.74,181.23980999675584
32.73,32.75,158.81484156405085
32.74,32.76,163.378159556804
32.75,32.77,168.13995789868315
32.76,32.78,173.1964643143143
32.77,32.79,175.43004107199337
32.78,32.8,178.25135791185062
32.79,32.81,181.53933301127495
32.8,32.82,182.93282204776855
32.81,32.83,183.50767517051418
32.82,32.84,183.61097548109967
32.83,32.85,183.62958704092455
32.84,32.86,183.74097213165186
32.85,32.87,184.1506658146366
32.86,32.88,185.27293585865092
32.87,32.89,187.23583543760353
32.88,32.9,190.0437708036003
32.89,32.91,193.24678856223457
32.9,32.92,197.14987139631594
32.91,32.93,201.74884669671212
32.92,32.94,206.80486506431555
32.93,32.95,211.510234972881
32.94,32.96,215.02107939896635
32.95,32.97,189.93902767817872
32.96,32.98,167.41602941926854
32.97,32.99,147.48348888636357
32.98,33.0,148.63125308985266
32.99,33.01,149.4571421373978
33.0,33.02,171.96256529242496
33.01,33.03,197.6436320176028
33.02,33.04,226.85976207129193
33.03,33.05,227.0131256724091
33.04,33.06,227.02167948151154
33.05,33.07,227.1341595307053
33.06,33.08,227.5015083203299
33.07,33.09,227.66508772291743
33.08,33.1,227.49293643205417
33.09,33.11,226.9743624491356
33.1,33.12,226.56772304599193
33.11,33.13,226.1150231133419
33.12,33.14,225.43724641237623
33.13,33.15,224.46197460019053
33.14,33.16,222.9275782606579
33.15,33.17,220.88252624346111
33.16,33.18,219.04791258231214
33.17,33.19,217.97171811764858
33.18,33.2,217.39124425646347
33.19,33.21,215.70071238810476
33.2,33.22,209.6613270748466
33.21,33.23,202.1174882970868
33.22,33.24,197.00552605521642
33.23,33.25,0.0
33.24,33.26,0.0
33.25,33.27,0.0
33.26,33.28,0.0
33.27,33.29,0.0
33.28,33.3,0.0
33.29,33.31,0.0
33.3,33.32,0.0
33.31,33.33,0.0
33.32,33.34,0.0
33.33,33.35,0.0
33.34,33.36,204.88369796763354
33.35,33.37,202.93114088840562
33.36,33.38,199.631907486862
33.37,33.39,199.0591272036747
33.38,33.4,198.86679848724012
33.39,33.41,198.17596119180166
33.4,33.42,196.84103014343378
33.41,33.43,194.7688074587226
33.42,33.44,192.27049455384562
33.43,33.45,189.763705987028
33.44,33.46,187.8782686617287
33.45,33.47,186.71915083773143
33.46,33.48,186.03267390733416
33.47,33.49,185.5023866115597
33.48,33.5,184.91496927606252
33.49,33.51,184.0647848022386
33.5,33.52,182.89965121425445
33.51,33.53,181.4359188958445
33.52,33.54,179.89334314564397
33.53,33.55,178.6737700278504
33.54,33.56,177.9320089553927
33.55,33.57,177.40436726956932
33.56,33.58,176.7864905321894
33.57,33.59,176.08235955211276
33.58,33.6,175.4564445806272
33.59,33.61,174.76642944110768
33.6,33.62,173.92743235415531
33.61,33.63,173.00451510450094
33.62,33.64,172.086305570732
33.63,33.65,171.3509739068802
33.64,33.66,170.7434952206626
33.65,33.67,168.95619327140113
33.66,33.68,166.87251858526608
33.67,33.69,164.72335831198475
33.68,33.7,163.66008178769877
33.69,33.71,162.6859528173783
33.7,33.72,161.85169612173502
33.71,33.73,161.50848029255874
33.72,33.74,161.70121349294217
33.73,33.75,162.0189899118155
33.74,33.76,162.07603096278115
33.75,33.77,161.8391609566154
33.76,33.78,161.53714870937554
33.77,33.79,161.33751867746696
33.78,33.8,161.21955358308557
33.79,33.81,161.09283597224908
33.8,33.82,160.88462634007013
33.81,33.83,160.5552238690001
33.82,33.84,160.0277979250031
33.83,33.85,159.3016021669684
33.84,33.86,158.53377264808276
33.85,33.87,157.88226692055076
33.86,33.88,157.3724812260513
33.87,33.89,156.80421111823551
33.88,33.9,156.12764393200945
33.89,33.91,155.47437817398733
33.9,33.92,155.18270468315268
33.91,33.93,156.08263536156747
33.92,33.94,157.20232985071894
33.93,33.95,158.30223652784585
33.94,33.96,158.53429663212938
33.95,33.97,158.7468974738089
33.96,33.98,158.9243409789238
33.97,33.99,159.04984346707047
33.98,34.0,159.1846346133859
33.99,34.01,159.64841240045948
34.0,34.02,160.1403213771259
34.01,34.03,160.3261934044874
34.02,34.04,159.90851777656317
34.03,34.05,159.3155204800075
34.04,34.06,159.0281164771193
34.05,34.07,0.0
34.06,34.08,0.0
34.07,34.09,0.0
34.08,34.1,0.0
34.09,34.11,0.0
34.1,34.12,0.0
34.11,34.13,0.0
34.12,34.14,0.0
34.13,34.15,0.0
34.14,34.16,0.0
34.15,34.17,0.0
34.16,34.18,0.0
34.17,34.19,0.0
34.18,34.2,177.76968960317865
34.19,34.21,177.27678345784867
34.2,34.22,176.46027846027877
34.21,34.23,175.6930162306346
34.22,34.24,128.04306463706152
34.23,34.25,93.9667820074743
34.24,34.26,66.0007933818421
34.25,34.27,63.47257159536245
34.26,34.28,60.67791293989674
34.27,34.29,0.0
34.28,34.3,0.0
34.29,34.31,0.0
34.3,34.32,0.0
34.31,34.33,0.0
34.32,34.34,0.0
34.33,34.35,0.0
34.34,34.36,177.54952968608197
34.35,34.37,177.18708039942982
34.36,34.38,176.536426307409
34.37,34.39,175.70927651656527
34.38,34.4,174.60497803761373
34.39,34.41,173.0964487128419
34.4,34.42,171.24926941377407
34.41,34.43,169.31665367061896
34.42,34.44,167.62585847130552
34.43,34.45,166.40236557632772
34.44,34.46,165.61680454663747
34.45,34.47,164.85832602938984
34.46,34.48,163.56993416490462
34.47,34.49,164.41667024329539
34.48,34.5,165.3525149143507
34.49,34.51,166.9101381439343
34.5,34.52,166.43193935036248
34.51,34.53,166.2326335207626
34.52,34.54,0.0
34.53,34.55,169.05709467635077
34.54,34.56,168.5715190803068
34.55,34.57,169.6981484757417
34.56,34.58,171.04698372374185
34.57,34.59,172.93785471335886
34.58,34.6,173.1618157121255
34.59,34.61,172.78972361668724
34.6,34.62,172.00404219764047
34.61,34.63,170.2003198664385
34.62,34.64,167.56437195572917
34.63,34.65,159.3244372640746
34.64,34.66,155.3593991798396
34.65,34.67,0.0
34.66,34.68,0.0
34.67,34.69,0.0
34.68,34.7,0.0
34.69,34.71,0.0
34.7,34.72,175.29595869116397
34.71,34.73,176.88682584613562
34.72,34.74,180.36749080068435
34.73,34.75,182.3232477705372
34.74,34.76,183.3857634210258
34.75,34.77,182.30460793307506
34.76,34.78,179.90214315193217
34.77,34.79,176.78945106989232
34.78,34.8,173.0317736064022
34.79,34.81,165.83177780449768
34.8,34.82,162.79795985692695
34.81,34.83,163.193819418155
34.82,34.84,169.24304199953653
34.83,34.85,172.41073794259736
34.84,34.86,173.7252942769202
34.85,34.87,173.3262482763081
34.86,34.88,171.53787567924553
34.87,34.89,169.13936485012943
34.88,34.9,167.64730096583202
34.89,34.91,0.0
34.9,34.92,0.0
34.91,34.93,0.0
34.92,34.94,0.0
34.93,34.95,172.47134254550846
34.94,34.96,162.88027058275077
34.95,34.97,161.25822610761958
34.96,34.98,159.8587206741279
34.97,34.99,168.57614356985218
34.98,35.0,170.13697053653343
34.99,35.01,170.48744008391216
35.0,35.02,169.59669629451815
35.01,35.03,167.5813754290613
35.02,35.04,165.6333549157657
35.03,35.05,165.92856473939486
35.04,35.06,169.23349552909335
35.05,35.07,172.64672184504306
35.06,35.08,173.74954609378133
35.07,35.09,172.2572509672113
35.08,35.1,170.65606394914434
35.09,35.11,169.56132939304143
35.1,35.12,168.56817615481742
35.11,35.13,167.68701653219762
35.12,35.14,167.08950836257887
35.13,35.15,166.74894490819844
35.14,35.16,166.49677068503146
35.15,35.17,166.31776191340302
35.16,35.18,166.14782327467705
35.17,35.19,165.84970178780438
35.18,35.2,165.26392948211753
35.19,35.21,164.29696059547922
35.2,35.22,163.27892067068382
35.21,35.23,161.9666440789375
35.22,35.24,159.8127421487012
35.23,35.25,158.56947738887442
35.24,35.26,0.0
35.25,35.27,0.0
35.26,35.28,0.0
35.27,35.29,0.0
35.28,35.3,0.0
35.29,35.31,0.0
35.3,35.32,0.0
35.31,35.33,0.0
35.32,35.34,0.0
35.33,35.35,0.0
35.34,35.36,0.0
35.35,35.37,0.0
35.36,35.38,0.0
35.37,35.39,0.0
35.38,35.4,0.0
35.39,35.41,0.0
35.4,35.42,0.0
35.41,35.43,0.0
35.42,35.44,0.0
35.43,35.45,0.0
35.44,35.46,0.0
35.45,35.47,0.0
35.46,35.48,0.0
35.47,35.49,0.0
35.48,35.5,0.0
35.49,35.51,0.0
35.5,35.52,0.0
35.51,35.53,0.0
35.52,35.54,0.0
35.53,35.55,0.0
35.54,35.56,0.0
35.55,35.57,0.0
35.56,35.58,0.0
35.57,35.59,0.0
35.58,35.6,0.0
35.59,35.61,0.0
35.6,35.62,0.0
35.61,35.63,0.0
35.62,35.64,0.0
35.63,35.65,0.0
35.64,35.66,0.0
35.65,35.67,0.0
35.66,35.68,0.0
35.67,35.69,0.0
35.68,35.7,0.0
35.69,35.71,0.0
35.7,35.72,0.0
35.71,35.73,169.14620386955121
35.72,35.74,175.52863960541575
35.73,35.75,188.3972474665495
35.74,35.76,182.443206956323
35.75,35.77,177.80204759620358
35.76,35.78,174.25656447035615
35.77,35.79,174.26677828106017
35.78,35.8,173.14357837401326
35.79,35.81,171.6143383786048
35.8,35.82,171.01570434686403
35.81,35.83,172.84526266374297
35.82,35.84,176.75486261847703
35.83,35.85,180.45156720492054
35.84,35.86,181.03489764860768
35.85,35.87,179.58205261815627
35.86,35.88,177.69813902620626
35.87,35.89,176.74921537220075
35.88,35.9,176.11673879099737
35.89,35.91,175.67900262015854
35.9,35.92,175.34428608385218
35.91,35.93,173.37309668766295
35.92,35.94,168.39373035778826
35.93,35.95,163.07255669659938
35.94,35.96,157.89701799960875
35.95,35.97,154.1372611944004
35.96,35.98,147.28928282363287
35.97,35.99,154.9149418999503
35.98,36.0,164.82952218714942
35.99,36.01,179.69612988418268
36.0,36.02,179.5997017530763
36.01,36.03,178.4797814554495
36.02,36.04,176.92518261036105
36.03,36.05,175.31450000057333
36.04,36.06,199.43414746534353
36.05,36.07,227.1872166091111
36.06,36.08,258.7349809578029
36.07,36.09,224.9246469956122
36.08,36.1,195.07813704305204
36.09,36.11,168.38948191064873
36.1,36.12,168.1080062653762
36.11,36.13,169.35506679039725
36.12,36.14,171.9292811063877
36.13,36.15,173.1362534567439
36.14,36.16,173.43323705015672
36.15,36.17,173.362075763524
36.16,36.18,172.66452638987104
36.17,36.19,171.15094394144324
36.18,36.2,169.10016229323836
36.19,36.21,166.86424562637535
36.2,36.22,165.20645812811478
36.21,36.23,164.18213146310487
36.22,36.24,163.75727908212752
36.23,36.25,163.47020058165194
36.24,36.26,163.10975088153396
36.25,36.27,162.53514220627838
36.26,36.28,161.79402100975418
36.27,36.29,161.05367079835753
36.28,36.3,160.574045871245
36.29,36.31,160.48036457255074
36.3,36.32,160.53681086858285
36.31,36.33,160.4744947315058
36.32,36.34,160.314889110551
36.33,36.35,160.20600247583474
36.34,36.36,160.42554649756804
36.35,36.37,160.55879704937377
36.36,36.38,0.0
36.37,36.39,0.0
36.38,36.4,0.0
36.39,36.41,0.0
36.4,36.42,0.0
36.41,36.43,0.0
36.42,36.44,0.0
36.43,36.45,0.0
36.44,36.46,0.0
36.45,36.47,0.0
36.46,36.48,0.0
36.47,36.49,0.0
36.48,36.5,158.49945546453682
36.49,36.51,158.12961648020337
36.5,36.52,157.19173072467936
36.51,36.53,155.80252249404208
36.52,36.54,152.55392181269045
36.53,36.55,149.31147164772116
36.54,36.56,147.2334878149287
36.55,36.57,148.30298389265525
36.56,36.58,150.86561245514065
36.57,36.59,153.66528184989104
36.58,36.6,155.38721578156205
36.59,36.61,155.88866409004763
36.6,36.62,155.5680851438512
36.61,36.63,154.70235970097775
36.62,36.64,153.3563374397012
36.63,36.65,151.7230219090223
36.64,36.66,150.51879309953
36.65,36.67,151.11778501121887
36.66,36.68,152.95922922113803
36.67,36.69,155.14497639078516
36.68,36.7,156.25510385830492
36.69,36.71,156.37825725000843
36.7,36.72,155.50833164621525
36.71,36.73,154.4262381378784
36.72,36.74,153.91803027776297
36.73,36.75,154.26284127272746
36.74,36.76,154.68751509915077
36.75,36.77,154.6898840043768
36.76,36.78,154.23876043593557
36.77,36.79,153.3706487599159
36.78,36.8,151.63380277987181
36.79,36.81,149.0474351731043
36.8,36.82,146.48729937627147
36.81,36.83,142.96527732545132
36.82,36.84,138.04649225896614
36.83,36.85,134.8253263799042
36.84,36.86,135.474522265038
36.85,36.87,139.48978738669183
36.86,36.88,142.89491970447446
36.87,36.89,144.4710607670708
36.88,36.9,145.21595380678056
36.89,36.91,145.3226092573869
36.9,36.92,145.0059449818756
36.91,36.93,144.30865772932245
36.92,36.94,142.6089646146134
36.93,36.95,140.4792125447428
36.94,36.96,140.00832692125022
36.95,36.97,140.98412577737756
36.96,36.98,142.8989972333615
36.97,36.99,143.57952290966054
36.98,37.0,143.7583838924723
36.99,37.01,143.20921434267237
37.0,37.02,141.5959120859113
37.01,37.03,138.8258468995089
37.02,37.04,137.7864816152898
37.03,37.05,138.34355354801508
37.04,37.06,140.27532754947825
37.05,37.07,141.68673328695337
37.06,37.08,145.38770690391553
37.07,37.09,150.8495571496357
37.08,37.1,157.03563230805773
37.09,37.11,160.37694890786537
37.1,37.12,161.6386234472759
37.11,37.13,160.34426426720395
37.12,37.14,158.24186869429994
37.13,37.15,156.76892113023766
37.14,37.16,0.0
37.15,37.17,0.0
37.16,37.18,0.0
37.17,37.19,0.0
37.18,37.2,0.0
37.19,37.21,160.5361741455385
37.2,37.22,160.45340397210768
37.21,37.23,160.5801670353652
37.22,37.24,160.61693431180097
37.23,37.25,160.57163992842146
37.24,37.26,159.9339243241359
37.25,37.27,159.07747958040105
37.26,37.28,158.83151714923335
37.27,37.29,158.97978457256013
37.28,37.3,159.27605039731966
37.29,37.31,159.17284963911504
37.3,37.32,159.17804053216838
37.31,37.33,159.26067919197362
37.32,37.34,0.0
37.33,37.35,0.0
37.34,37.36,169.68752941393925
37.35,37.37,169.04651572924593
37.36,37.38,167.5542925352956
37.37,37.39,167.42634031787793
37.38,37.4,166.91258389266488
37.39,37.41,166.06311118483396
37.4,37.42,163.26048309729114
37.41,37.43,160.10895501052335
37.42,37.44,157.43305508521198
37.43,37.45,156.88487415114034
37.44,37.46,156.73982107178594
37.45,37.47,155.90851929264673
37.46,37.48,153.64275003017528
37.47,37.49,151.28121730991165
37.48,37.5,148.5095866621804
37.49,37.51,146.4531211472019
37.5,37.52,145.40036149089832
37.51,37.53,146.81530211269595
37.52,37.54,149.58657236244275
37.53,37.55,151.9035422697811
37.54,37.56,152.73485865317576
37.55,37.57,152.74091657379287
37.56,37.58,152.4429668437512
37.57,37.59,152.1264904948093
37.58,37.6,151.88377877047697
37.59,37.61,151.53024476592367
37.6,37.62,150.68328750827015
37.61,37.63,149.2304277570903
37.62,37.64,147.90804272125527
37.63,37.65,147.21478604882458
37.64,37.66,146.94814315690644
37.65,37.67,146.47868145044822
37.66,37.68,146.00727710357887
37.67,37.69,145.86675289262828
37.68,37.7,147.20688757760638
37.69,37.71,150.19234498694624
37.7,37.72,154.8234023047161
37.71,37.73,158.8956460958271
37.72,37.74,161.29944911428763
37.73,37.75,161.6664956456061
37.74,37.76,160.7957417701101
37.75,37.77,159.19806914524645
37.76,37.78,157.36714116235143
37.77,37.79,155.82044398994978
37.78,37.8,154.57780127116504
37.79,37.81,153.45975704498494
37.8,37.82,152.30153407036335
37.81,37.83,150.34861437701312
37.82,37.84,148.80066828879907
37.83,37.85,148.32523921447395
37.84,37.86,148.77653859705467
37.85,37.87,149.0283059708524
37.86,37.88,148.10843300644905
37.87,37.89,147.17325489080426
37.88,37.9,146.3288687123709
37.89,37.91,146.01136301166207
37.9,37.92,146.1448130295863
37.91,37.93,146.5575850581609
37.92,37.94,146.77085980435393
37.93,37.95,146.08795472541877
37.94,37.96,144.3829564430155
37.95,37.97,141.9579512830224
37.96,37.98,138.93364079821586
37.97,37.99,108.7495363136642
37.98,38.0,96.08876189061037
37.99,38.01,0.0
38.0,38.02,0.0
38.01,38.03,146.19761833614774
38.02,38.04,146.5534515724712
38.03,38.05,147.22185772962786
38.04,38.06,147.84072528756192
38.05,38.07,147.84805507974173
38.06,38.08,146.76777133757935
38.07,38.09,144.97628112729652
38.08,38.1,144.45059324054017
38.09,38.11,145.48740361988527
38.1,38.12,146.7444724865731
38.11,38.13,0.0
38.12,38.14,0.0
38.13,38.15,0.0
38.14,38.16,152.41159689039404
38.15,38.17,156.20622073937906
38.16,38.18,162.85025141161424
38.17,38.19,164.75882337962273
38.18,38.2,165.81515280365713
38.19,38.21,167.2082499297708
38.2,38.22,168.3652919226242
38.21,38.23,168.37020755141026
38.22,38.24,166.9418069257812
38.23,38.25,165.01481915025616
38.24,38.26,164.57667868748277
38.25,38.27,131.78014494837007
38.26,38.28,106.21678106896243
38.27,38.29,85.33259149712406
38.28,38.3,85.99802270737013
38.29,38.31,86.318330022871
38.3,38.32,86.45539122870188
38.31,38.33,0.0
38.32,38.34,0.0
38.33,38.35,0.0
38.34,38.36,221.9193458332914
38.35,38.37,227.80358520493277
38.36,38.38,238.02511255665812
38.37,38.39,244.38372838209722
38.38,38.4,247.34239700026487
38.39,38.41,248.50539011171682
38.4,38.42,248.27754099812034
38.41,38.43,246.45356383082276
38.42,38.44,241.48694827867226
38.43,38.45,238.6502178237747
38.44,38.46,0.0
38.45,38.47,190.53631713170705
38.46,38.48,188.82210805205372
38.47,38.49,186.6701974016309
38.48,38.5,180.9831674062254
38.49,38.51,175.3602049760063
38.5,38.52,169.62261428518354
38.51,38.53,167.7873818061176
38.52,38.54,167.45478619608974
38.53,38.55,168.0215728108171
38.54,38.56,170.11762735083664
38.55,38.57,173.42412295423685
38.56,38.58,177.65366451840194
38.57,38.59,181.6715457083368
38.58,38.6,184.78393844137892
38.59,38.61,186.41929675721815
38.6,38.62,187.2384758775966
38.61,38.63,189.32996831274775
38.62,38.64,192.66040190150017
38.63,38.65,195.8259513288282
38.64,38.66,196.7374825547189
38.65,38.67,195.50561374618565
38.66,38.68,192.113423442802
38.67,38.69,182.8718455517743
38.68,38.7,177.9632593014975
38.69,38.71,0.0
38.7,38.72,0.0
38.71,38.73,0.0
38.72,38.74,0.0
38.73,38.75,156.5908823262318
38.74,38.76,155.55271189040374
38.75,38.77,154.25765771229496
38.76,38.78,149.485795912454
38.77,38.79,145.41487557570565
38.78,38.8,141.88483793689198
38.79,38.81,0.0
38.8,38.82,0.0
38.81,38.83,0.0
38.82,38.84,0.0
38.83,38.85,0.0
38.84,38.86,0.0
38.85,38.87,0.0
38.86,38.88,0.0
38.87,38.89,155.94419974333076
38.88,38.9,154.8918002214792
38.89,38.91,153.11394084027026
38.9,38.92,150.02423778617742
38.91,38.93,146.59438790768945
38.92,38.94,144.45707059663766
38.93,38.95,0.0
38.94,38.96,0.0
38.95,38.97,891.0195450875677
38.96,38.98,903.2430278741101
38.97,38.99,910.4661327639496
38.98,39.0,927.6788755422343
38.99,39.01,927.4203330325412
39.0,39.02,0.0
39.01,39.03,0.0
39.02,39.04,148.87170310624464
39.03,39.05,149.06543364271974
39.04,39.06,149.16083224322307
39.05,39.07,147.5640555193831
39.06,39.08,145.57690362745458
39.07,39.09,143.98573164258687
39.08,39.1,0.0
39.09,39.11,0.0
39.1,39.12,0.0
39.11,39.13,0.0
39.12,39.14,0.0
39.13,39.15,0.0
39.14,39.16,0.0
39.15,39.17,162.3595341668951
39.16,39.18,161.65497217962766
39.17,39.19,160.38892905518534
39.18,39.2,160.00757678182777
39.19,39.21,159.6138011799251
39.2,39.22,158.78817826456066
39.21,39.23,158.2917899549223
39.22,39.24,0.0
39.23,39.25,0.0
39.24,39.26,0.0
39.25,39.27,0.0
39.26,39.28,0.0
39.27,39.29,0.0
39.28,39.3,0.0
39.29,39.31,0.0
39.3,39.32,0.0
39.31,39.33,0.0
39.32,39.34,0.0
39.33,39.35,0.0
39.34,39.36,167.37173113817977
39.35,39.37,166.72298843098702
39.36,39.38,165.60804647582276
39.37,39.39,165.0534382879586
39.38,39.4,164.74201554320345
39.39,39.41,164.48319919332633
39.4,39.42,164.03040375080124
39.41,39.43,163.79697540004653
39.42,39.44,0.0
39.43,39.45,0.0
39.44,39.46,0.0
39.45,39.47,0.0
39.46,39.48,0.0
39.47,39.49,0.0
39.48,39.5,0.0
39.49,39.51,0.0
39.5,39.52,0.0
39.51,39.53,178.6587706985416
39.52,39.54,179.32072410900975
39.53,39.55,180.7187248308052
39.54,39.56,182.5712906461689
39.55,39.57,183.7253450047631
39.56,39.58,183.8034129317552
39.57,39.59,183.0394285987051
39.58,39.6,181.86928390799707
39.59,39.61,180.57717835381627
39.6,39.62,179.21024162731777
39.61,39.63,177.54178364964096
39.62,39.64,175.00974452202755
39.63,39.65,171.89518901941057
39.64,39.66,167.65485543505352
39.65,39.67,163.20005842957508
39.66,39.68,159.09139583920395
39.67,39.69,157.21225419006942
39.68,39.7,0.0
39.69,39.71,0.0
39.7,39.72,0.0
39.71,39.73,0.0
39.72,39.74,0.0
39.73,39.75,0.0
39.74,39.76,0.0
39.75,39.77,0.0
39.76,39.78,0.0
39.77,39.79,0.0
39.78,39.8,0.0
39.79,39.81,0.0
39.8,39.82,0.0
39.81,39.83,0.0
39.82,39.84,0.0
39.83,39.85,0.0
39.84,39.86,0.0
39.85,39.87,0.0
39.86,39.88,0.0
39.87,39.89,0.0
39.88,39.9,0.0
39.89,39.91,0.0
39.9,39.92,0.0
39.91,39.93,0.0
39.92,39.94,0.0
39.93,39.95,152.90861436027538
39.94,39.96,150.3948193761603
39.95,39.97,172.03402396828895
39.96,39.98,196.64625148059193
39.97,39.99,239.82861419157112
39.98,40.0,251.2377859537084
39.99,40.01,263.5297735988
40.0,40.02,0.0
40.01,40.03,148.52262752046553
40.02,40.04,147.47931303843032
40.03,40.05,145.89561844766936
40.04,40.06,144.9476134330983
40.05,40.07,0.0
40.06,40.08,0.0
40.07,40.09,0.0
40.08,40.1,0.0
40.09,40.11,0.0
40.1,40.12,0.0
40.11,40.13,0.0
40.12,40.14,0.0
40.13,40.15,0.0
40.14,40.16,0.0
40.15,40.17,0.0
40.16,40.18,0.0
40.17,40.19,0.0
40.18,40.2,0.0
40.19,40.21,0.0
40.2,40.22,0.0
40.21,40.23,0.0
40.22,40.24,0.0
40.23,40.25,0.0
40.24,40.26,0.0
40.25,40.27,0.0
40.26,40.28,0.0
40.27,40.29,0.0
40.28,40.3,0.0
40.29,40.31,0.0
40.3,40.32,0.0
40.31,40.33,0.0
40.32,40.34,0.0
40.33,40.35,0.0
40.34,40.36,0.0
40.35,40.37,0.0
40.36,40.38,0.0
40.37,40.39,0.0
40.38,40.4,0.0
40.39,40.41,0.0
40.4,40.42,0.0
40.41,40.43,0.0
40.42,40.44,0.0
40.43,40.45,0.0
40.44,40.46,0.0
40.45,40.47,0.0
40.46,40.48,0.0
40.47,40.49,0.0
40.48,40.5,0.0
40.49,40.51,0.0
40.5,40.52,0.0
40.51,40.53,0.0
40.52,40.54,201.92153723735385
40.53,40.55,194.68522417152104
40.54,40.56,187.7390569156228
40.55,40.57,181.97988193209062
40.56,40.58,175.78974836136734
40.57,40.59,169.67055525165895
40.58,40.6,163.4911114895106
40.59,40.61,163.95361706745103
40.6,40.62,164.3561798079523
40.61,40.63,164.28325867016204
40.62,40.64,163.44255762133324
40.63,40.65,161.90932044129096
40.64,40.66,160.18778836019683
40.65,40.67,159.17646220218097
40.66,40.68,159.52551325555226
40.67,40.69,160.05265915275078
40.68,40.7,160.73948777707042
40.69,40.71,161.0321845744543
40.7,40.72,161.43803206361108
40.71,40.73,0.0
40.72,40.74,790.2773994324203
40.73,40.75,823.9987650940847
40.74,40.76,856.5478530233563
40.75,40.77,893.6397128775732
40.76,40.78,898.093843213848
40.77,40.79,922.3477072460051
40.78,40.8,951.5740201504926
40.79,40.81,973.7259765850126
40.8,40.82,954.3011809146798
40.81,40.83,932.5927763467413
40.82,40.84,911.7967947793139
40.83,40.85,532.245948322278
40.84,40.86,311.38705461600875
40.85,40.87,182.02170943000442
40.86,40.88,181.32896770186767
40.87,40.89,179.75648316805237
40.88,40.9,177.66670034665762
40.89,40.91,175.5962212532812
40.9,40.92,173.52407935741746
40.91,40.93,171.44962207532083
40.92,40.94,169.4514830966462
40.93,40.95,167.79629210278705
40.94,40.96,166.43802710300142
40.95,40.97,165.63362864029264
40.96,40.98,165.098905538471
40.97,40.99,164.17464303570563
40.98,41.0,162.30840156962032
40.99,41.01,159.04402594975707
41.0,41.02,155.9383068383604
41.01,41.03,154.00911940831256
41.02,41.04,0.0
41.03,41.05,0.0
41.04,41.06,0.0
41.05,41.07,163.05110651665464
41.06,41.08,163.43715563445758
41.07,41.09,163.48932828452413
41.08,41.1,162.51544575698736
41.09,41.11,158.2703932007966
41.1,41.12,152.10423458009228
41.11,41.13,151.0021016544204
41.12,41.14,152.56251057926076
41.13,41.15,157.45921327218295
41.14,41.16,157.09979771346755
41.15,41.17,156.8117434413085
41.16,41.18,154.93759200788375
41.17,41.19,152.9423276560737
41.18,41.2,152.86018872571458
41.19,41.21,154.65524024975994
41.2,41.22,156.5358924408162
41.21,41.23,0.0
41.22,41.24,159.98808087174694
41.23,41.25,160.8399652727238
41.24,41.26,160.16301201620794
41.25,41.27,158.4590353364863
41.26,41.28,156.43100297041858
41.27,41.29,156.51749204675002
41.28,41.3,158.9555453223538
41.29,41.31,161.36157004841206
41.3,41.32,163.33942852373676
41.31,41.33,162.6369571748869
41.32,41.34,161.65673537699044
41.33,41.35,160.5149338046993
41.34,41.36,158.32457950927136
41.35,41.37,155.91212647803465
41.36,41.38,156.5445846631228
41.37,41.39,158.69258411135638
41.38,41.4,160.97292158830314
41.39,41.41,160.89370185036032
41.4,41.42,0.0
41.41,41.43,0.0
41.42,41.44,0.0
41.43,41.45,0.0
41.44,41.46,157.55935879080536
41.45,41.47,156.682344904573
41.46,41.48,155.0442131626888
41.47,41.49,154.36472933055953
41.48,41.5,152.78955692184383
41.49,41.51,149.99862066378196
41.5,41.52,146.66128325982936
41.51,41.53,143.54621289776574
41.52,41.54,141.44769597152052
41.53,41.55,140.93815673974504
41.54,41.56,142.74902393217954
41.55,41.57,146.09712911543195
41.56,41.58,149.8439862169639
41.57,41.59,152.64321144625848
41.58,41.6,154.68495876730168
41.59,41.61,156.16561119033747
41.6,41.62,157.45178862357488
41.61,41.63,158.21333189786992
41.62,41.64,158.56407923848917
41.63,41.65,0.0
41.64,41.66,0.0
41.65,41.67,0.0
41.66,41.68,0.0
41.67,41.69,0.0
41.68,41.7,0.0
41.69,41.71,0.0
41.7,41.72,0.0
41.71,41.73,0.0
41.72,41.74,0.0
41.73,41.75,0.0
41.74,41.76,0.0
41.75,41.77,0.0
41.76,41.78,0.0
41.77,41.79,194.05277855316876
41.78,41.8,195.01848354052623
41.79,41.81,196.7923716010057
41.8,41.82,198.1822493672194
41.81,41.83,199.27618589260615
41.82,41.84,200.25407357154418
41.83,41.85,201.03377773451362
41.84,41.86,201.33655333173846
41.85,41.87,200.747425227488
41.86,41.88,200.11442223815698
41.87,41.89,204.14451767923254
41.88,41.9,209.51506923231335
41.89,41.91,214.73377611047425
41.9,41.92,214.35549001142056
41.91,41.93,213.2222293457158
41.92,41.94,212.22099281937028
41.93,41.95,210.20893219485612
41.94,41.96,206.97431268165423
41.95,41.97,204.48509283418338
41.96,41.98,0.0
41.97,41.99,0.0
41.98,42.0,0.0
41.99,42.01,0.0
42.0,42.02,213.03391244786752
42.01,42.03,210.76581601574784
42.02,42.04,205.6451743230831
42.03,42.05,203.5784814357979
42.04,42.06,196.26721864595723
42.05,42.07,189.9363491549608
42.06,42.08,185.21346473879748
42.07,42.09,185.96693520297472
42.08,42.1,184.20874034302975
42.09,42.11,177.75558868855902
42.1,42.12,170.84808036065252
42.11,42.13,165.0300548116472
42.12,42.14,163.3437655109066
42.13,42.15,160.0007194503952
42.14,42.16,158.17059734342962
42.15,42.17,156.8981837362466
42.16,42.18,158.1321252074819
42.17,42.19,159.94370392548907
42.18,42.2,161.80600005253126
42.19,42.21,163.43386051013715
42.2,42.22,164.97968067961327
42.21,42.23,166.74394801820205
42.22,42.24,168.72904598922742
42.23,42.25,170.7070052273667
42.24,42.26,172.54786014420304
42.25,42.27,174.61325002115439
42.26,42.28,176.89816829146113
42.27,42.29,179.49497992870803
42.28,42.3,182.01132183871886
42.29,42.31,184.33481410294937
42.3,42.32,188.32565201844662
42.31,42.33,192.51378653028848
42.32,42.34,196.7899866876235
42.33,42.35,198.87367825439304
42.34,42.36,200.21736485755866
42.35,42.37,200.8209110206843
42.36,42.38,200.90606606030912
42.37,42.39,200.71562364252807
42.38,42.4,199.9083874146028
42.39,42.41,197.54440672125676
42.4,42.42,194.95859052989306
42.41,42.43,193.08189988004813
42.42,42.44,193.07934721262433
42.43,42.45,194.80726438589843
42.44,42.46,200.04582323156401
42.45,42.47,207.02247808352243
42.46,42.48,213.66074514331643
42.47,42.49,217.15809055938
42.48,42.5,218.39815281678528
42.49,42.51,0.0
42.5,42.52,0.0
42.51,42.53,0.0
42.52,42.54,0.0
42.53,42.55,0.0
42.54,42.56,0.0
42.55,42.57,0.0
42.56,42.58,0.0
42.57,42.59,0.0
42.58,42.6,0.0
42.59,42.61,0.0
42.6,42.62,0.0
42.61,42.63,0.0
42.62,42.64,0.0
42.63,42.65,0.0
42.64,42.66,0.0
42.65,42.67,0.0
42.66,42.68,0.0
42.67,42.69,0.0
42.68,42.7,0.0
42.69,42.71,0.0
42.7,42.72,0.0
42.71,42.73,0.0
42.72,42.74,0.0
42.73,42.75,0.0
42.74,42.76,0.0
42.75,42.77,0.0
42.76,42.78,0.0
42.77,42.79,0.0
42.78,42.8,0.0
42.79,42.81,0.0
42.8,42.82,0.0
42.81,42.83,0.0
42.82,42.84,0.0
42.83,42.85,0.0
42.84,42.86,0.0
42.85,42.87,0.0
42.86,42.88,0.0
42.87,42.89,0.0
42.88,42.9,0.0
42.89,42.91,0.0
42.9,42.92,0.0
42.91,42.93,0.0
42.92,42.94,0.0
42.93,42.95,0.0
42.94,42.96,0.0
42.95,42.97,0.0
42.96,42.98,0.0
42.97,42.99,0.0
42.98,43.0,0.0
42.99,43.01,0.0
43.0,43.02,0.0
43.01,43.03,0.0
43.02,43.04,0.0
43.03,43.05,0.0
43.04,43.06,0.0
43.05,43.07,0.0
43.06,43.08,0.0
43.07,43.09,0.0
43.08,43.1,0.0
43.09,43.11,0.0
43.1,43.12,0.0
43.11,43.13,0.0
43.12,43.14,0.0
43.13,43.15,0.0
43.14,43.16,148.40956847867153
43.15,43.17,159.5846301720202
43.16,43.18,183.34802601034696
43.17,43.19,185.57478970072023
43.18,43.2,186.401963211197
43.19,43.21,186.47944269291077
43.2,43.22,185.40925672370778
43.21,43.23,183.54932805047855
43.22,43.24,181.23797297828963
43.23,43.25,178.496181662313
43.24,43.26,174.47627415982106
43.25,43.27,170.9600939463341
43.26,43.28,168.77288536508505
43.27,43.29,168.77957940173704
43.28,43.3,169.68769766854007
43.29,43.31,170.94527132719557
43.3,43.32,171.93674438736855
43.31,43.33,172.11267987527947
43.32,43.34,170.98855622450046
43.33,43.35,169.9837848137581
43.34,43.36,169.5369897416476
43.35,43.37,169.74799964263514
43.36,43.38,0.0
43.37,43.39,0.0
43.38,43.4,0.0
43.39,43.41,0.0
43.4,43.42,0.0
43.41,43.43,0.0
43.42,43.44,0.0
43.43,43.45,0.0
43.44,43.46,0.0
43.45,43.47,181.1090288787765
43.46,43.48,0.0
43.47,43.49,83.11791927803407
43.48,43.5,89.50327948312075
43.49,43.51,121.34680139220521
43.5,43.52,165.4115132029206
43.51,43.53,209.8031565069336
43.52,43.54,211.4583695895582
43.53,43.55,212.32169518768387
43.54,43.56,212.00861284839846
43.55,43.57,210.07395681745353
43.56,43.58,206.51893809037284
43.57,43.59,202.84459115914356
43.58,43.6,200.1083373140511
43.59,43.61,198.84633587327323
43.6,43.62,198.0241012446152
43.61,43.63,197.37889546312755
43.62,43.64,196.8895271820845
43.63,43.65,196.60964093140055
43.64,43.66,196.5080336420279
43.65,43.67,196.44093061067184
43.66,43.68,196.2108764028677
43.67,43.69,196.34918808243177
43.68,43.7,197.07976993066808
43.69,43.71,198.13063982955876
43.7,43.72,199.63982548448783
43.71,43.73,200.18864674624982
43.72,43.74,0.0
43.73,43.75,0.0
43.74,43.76,0.0
43.75,43.77,0.0
43.76,43.78,0.0
43.77,43.79,0.0
43.78,43.8,0.0
43.79,43.81,0.0
43.8,43.82,0.0
43.81,43.83,0.0
43.82,43.84,0.0
43.83,43.85,0.0
43.84,43.86,0.0
43.85,43.87,0.0
43.86,43.88,0.0
43.87,43.89,0.0
43.88,43.9,0.0
43.89,43.91,0.0
43.9,43.92,0.0
43.91,43.93,187.50295589899758
43.92,43.94,187.34730263770155
43.93,43.95,187.0209707580868
43.94,43.96,186.50812566010515
43.95,43.97,182.05295599008718
43.96,43.98,180.11720313038404
43.97,43.99,179.09576248522018
43.98,44.0,182.13874112343666
43.99,44.01,182.6296719271203
44.0,44.02,181.92495533549052
44.01,44.03,180.72429979626324
44.02,44.04,179.44977891842183
44.03,44.05,178.37755995083114
44.04,44.06,177.42305339965205
44.05,44.07,176.426531905058
44.06,44.08,175.41975908222472
44.07,44.09,174.47756207446577
44.08,44.1,173.68187150259692
44.09,44.11,173.32019500258914
44.1,44.12,0.0
44.11,44.13,0.0
44.12,44.14,0.0
44.13,44.15,0.0
44.14,44.16,0.0
44.15,44.17,0.0
44.16,44.18,0.0
44.17,44.19,0.0
44.18,44.2,0.0
44.19,44.21,0.0
44.2,44.22,0.0
44.21,44.23,0.0
44.22,44.24,0.0
44.23,44.25,0.0
44.24,44.26,0.0
44.25,44.27,0.0
44.26,44.28,0.0
44.27,44.29,0.0
44.28,44.3,194.28235725804643
44.29,44.31,193.38301081650718
44.3,44.32,191.55567263892345
44.31,44.33,189.26231378000745
44.32,44.34,186.76898133766528
44.33,44.35,184.25660167097604
44.34,44.36,182.4616599417315
44.35,44.37,181.1432719521561
44.36,44.38,180.35326330527946
44.37,44.39,180.0003201494187
44.38,44.4,179.78096291369525
44.39,44.41,179.60547964941244
44.4,44.42,179.5194240621011
44.41,44.43,179.4342004560105
44.42,44.44,179.12607259928404
44.43,44.45,178.52383338453532
44.44,44.46,177.7472853399016
44.45,44.47,176.9086148982044
44.46,44.48,176.10695981430024
44.47,44.49,175.49329242765972
44.48,44.5,175.1493968930648
44.49,44.51,174.98818934542894
44.5,44.52,174.73959072506847
44.51,44.53,174.24873172789725
44.52,44.54,174.12065492784416
44.53,44.55,174.5468158996402
44.54,44.56,175.20544346211398
44.55,44.57,175.56055099406458
44.56,44.58,0.0
44.57,44.59,0.0
44.58,44.6,0.0
44.59,44.61,0.0
44.6,44.62,0.0
44.61,44.63,0.0
44.62,44.64,0.0
44.63,44.65,0.0
44.64,44.66,174.7790608514645
44.65,44.67,0.0
44.66,44.68,0.0
44.67,44.69,0.0
44.68,44.7,167.683968260091
44.69,44.71,167.88542109844775
44.7,44.72,168.21149599945053
44.71,44.73,168.70932384413777
44.72,44.74,168.97644692313614
44.73,44.75,168.90171778547005
44.74,44.76,168.37414015777173
44.75,44.77,167.6724407502458
44.76,44.78,166.95133448286555
44.77,44.79,166.23955647443873
44.78,44.8,165.71534650669287
44.79,44.81,165.55315487014175
44.8,44.82,165.78093977809414
44.81,44.83,166.18586535085814
44.82,44.84,166.58865983785614
44.83,44.85,166.8756624171887
44.84,44.86,167.00727846369358
44.85,44.87,166.990719594536
44.86,44.88,166.8557340989828
44.87,44.89,166.55760855036436
44.88,44.9,166.05286594575634
44.89,44.91,165.3350271872053
44.9,44.92,164.44507582695493
44.91,44.93,163.5128177154406
44.92,44.94,162.63238810692826
44.93,44.95,161.8441178475384
44.94,44.96,161.05716635114072
44.95,44.97,159.47312968354981
44.96,44.98,157.98318626235243
44.97,44.99,157.0755336017876
44.98,45.0,157.74591951058005
44.99,45.01,158.5269784784305
45.0,45.02,158.80906763519812
45.01,45.03,158.6351259137302
45.02,45.04,0.0
45.03,45.05,0.0
45.04,45.06,0.0
45.05,45.07,0.0
45.06,45.08,0.0
45.07,45.09,0.0
45.08,45.1,0.0
45.09,45.11,0.0
45.1,45.12,0.0
45.11,45.13,0.0
45.12,45.14,0.0
45.13,45.15,0.0
45.14,45.16,0.0
45.15,45.17,0.0
45.16,45.18,0.0
45.17,45.19,0.0
45.18,45.2,0.0
45.19,45.21,0.0
45.2,45.22,0.0
45.21,45.23,0.0
45.22,45.24,0.0
45.23,45.25,0.0
45.24,45.26,0.0
45.25,45.27,0.0
45.26,45.28,0.0
45.27,45.29,0.0
45.28,45.3,0.0
45.29,45.31,152.54933349172774
45.3,45.32,151.00383184170747
45.31,45.33,147.921943384608
45.32,45.34,145.72607493760856
45.33,45.35,145.10183091651461
45.34,45.36,147.3088379812247
45.35,45.37,152.5707804552576
45.36,45.38,158.55520500877492
45.37,45.39,162.71669463252647
45.38,45.4,163.40274916882296
45.39,45.41,161.05120443874463
45.4,45.42,156.88120989216608
45.41,45.43,154.37512082957605
45.42,45.44,0.0
45.43,45.45,0.0
45.44,45.46,0.0
45.45,45.47,0.0
45.46,45.48,0.0
45.47,45.49,0.0
45.48,45.5,0.0
45.49,45.51,0.0
45.5,45.52,0.0
45.51,45.53,0.0
45.52,45.54,161.48435365070324
45.53,45.55,164.0480788110831
45.54,45.56,170.01659871065124
45.55,45.57,178.03016995956088
45.56,45.58,184.7096867970719
45.57,45.59,188.31357685999785
45.58,45.6,189.62330610573565
45.59,45.61,189.49286376825498
45.6,45.62,188.4993543539022
45.61,45.63,186.98545176693634
45.62,45.64,185.13141207173211
45.63,45.65,182.81842218909105
45.64,45.66,180.36435111720357
45.65,45.67,177.6395728070375
45.66,45.68,175.2031657382245
45.67,45.69,172.89988616578114
45.68,45.7,171.00901582500154
45.69,45.71,169.1601809272856
45.7,45.72,167.27924418198833
45.71,45.73,164.30648202495024
45.72,45.74,160.02088683712196
45.73,45.75,156.9314107704946
45.74,45.76,160.14593198246766
45.75,45.77,163.02723438315428
45.76,45.78,0.0
45.77,45.79,0.0
45.78,45.8,0.0
45.79,45.81,0.0
45.8,45.82,0.0
45.81,45.83,0.0
45.82,45.84,178.91365466960167
45.83,45.85,181.03601457863078
45.84,45.86,185.28052929086468
45.85,45.87,185.18914300156786
45.86,45.88,185.5594563667437
45.87,45.89,187.36299012966947
45.88,45.9,189.43825752324855
45.89,45.91,191.4713587349609
45.9,45.92,192.45148228508586
45.91,45.93,193.61691658444624
45.92,45.94,194.9352655908116
45.93,45.95,196.96667856964822
45.94,45.96,200.05111280643794
45.95,45.97,203.87300508043185
45.96,45.98,207.75651390647346
45.97,45.99,211.1244619644543
45.98,46.0,214.05973676729755
45.99,46.01,216.38163532450525
46.0,46.02,217.9578861759965
46.01,46.03,218.6161627808069
46.02,46.04,218.60614342169126
46.03,46.05,218.88275955470235
46.04,46.06,222.71361125220125
46.05,46.07,227.6127214967701
46.06,46.08,231.94777584355157
46.07,46.09,228.69514106724142
46.08,46.1,223.9242563331028
46.09,46.11,218.0621276268347
46.1,46.12,216.67090465553414
46.11,46.13,0.0
46.12,46.14,0.0
46.13,46.15,0.0
46.14,46.16,0.0
46.15,46.17,213.7722577678546
46.16,46.18,213.7722577678546
46.17,46.19,0.0
46.18,46.2,0.0
46.19,46.21,176.0041194270787
46.2,46.22,174.88214878869326
46.21,46.23,173.03695892646255
46.22,46.24,170.8418689470912
46.23,46.25,168.68696495463573
46.24,46.26,165.97643080481072
46.25,46.27,161.68044245341704
46.26,46.28,159.0989854454506
46.27,46.29,158.9914151202482
46.28,46.3,161.4814181327301
46.29,46.31,162.48461665376146
46.3,46.32,161.73613480392083
46.31,46.33,161.0485429419653
46.32,46.34,160.84455486629327
46.33,46.35,160.78808893682103
46.34,46.36,161.30860134019346
46.35,46.37,161.95907826608973
46.36,46.38,162.1596917679691
46.37,46.39,162.04114337811237
46.38,46.4,0.0
46.39,46.41,0.0
46.4,46.42,0.0
46.41,46.43,0.0
46.42,46.44,0.0
46.43,46.45,0.0
46.44,46.46,0.0
46.45,46.47,0.0
46.46,46.48,0.0
46.47,46.49,162.21352970663648
46.48,46.5,161.2751404804607
46.49,46.51,160.4640815960424
46.5,46.52,160.64673648984825
46.51,46.53,163.0731855132881
46.52,46.54,165.75162777253456
46.53,46.55,167.96834244852678
46.54,46.56,168.72904598922742
46.55,46.57,168.48172884698278
46.56,46.58,166.92087763825316
46.57,46.59,164.17001268145054
46.58,46.6,161.08156635780145
46.59,46.61,159.4823012772226
46.6,46.62,0.0
46.61,46.63,0.0
46.62,46.64,0.0
46.63,46.65,0.0
46.64,46.66,0.0
46.65,46.67,162.94427492415434
46.66,46.68,164.3940652243723
46.67,46.69,166.763330173853
46.68,46.7,168.30422024960603
46.69,46.71,168.4163287032214
46.7,46.72,167.5037568920396
46.71,46.73,166.076504129079
46.72,46.74,164.2724897951257
46.73,46.75,162.1744315442989
46.74,46.76,159.7442127418535
46.75,46.77,157.75931952466027
46.76,46.78,157.74498103084477
46.77,46.79,159.86863658225772
46.78,46.8,162.3183978971993
46.79,46.81,162.91187474377068
46.8,46.82,161.46056859523318
46.81,46.83,159.94858513942356
46.82,46.84,159.1450566897094
46.83,46.85,0.0
46.84,46.86,0.0
46.85,46.87,0.0
46.86,46.88,0.0
46.87,46.89,161.67479589969017
46.88,46.9,161.50022416283684
46.89,46.91,160.9002251895988
46.9,46.92,159.76411897533734
46.91,46.93,158.15484493891458
46.92,46.94,154.54658794601286
46.93,46.95,151.17813327335952
46.94,46.96,148.74194095676702
46.95,46.97,149.67064585729284
46.96,46.98,151.88212216719623
46.97,46.99,154.31628458653566
46.98,47.0,155.87339654093665
46.99,47.01,156.42674612214122
47.0,47.02,156.32019033218577
47.01,47.03,155.51844031777668
47.02,47.04,154.44793196012273
47.03,47.05,154.5402711223642
47.04,47.06,154.68091984908438
47.05,47.07,0.0
47.06,47.08,0.0
47.07,47.09,0.0
47.08,47.1,0.0
47.09,47.11,0.0
47.1,47.12,0.0
47.11,47.13,157.32203525777595
47.12,47.14,162.41324162555784
47.13,47.15,172.98808583027156
47.14,47.16,171.6656035299811
47.15,47.17,169.92109641924165
47.16,47.18,168.00115597351646
47.17,47.19,166.53287443298962
47.18,47.2,165.42888143973914
47.19,47.21,164.51531375160437
47.2,47.22,163.69679678871083
47.21,47.23,164.9004693422442
47.22,47.24,166.70430888112958
47.23,47.25,168.33333456059435
47.24,47.26,168.39415706364264
47.25,47.27,0.0
47.26,47.28,0.0
47.27,47.29,0.0
47.28,47.3,0.0
47.29,47.31,0.0
47.3,47.32,0.0
47.31,47.33,0.0
47.32,47.34,0.0
47.33,47.35,160.9022460603021
47.34,47.36,161.03924579174142
47.35,47.37,161.22227119290318
47.36,47.38,161.70659373412468
47.37,47.39,162.52017268712385
47.38,47.4,163.50789978687945
47.39,47.41,164.2853039312371
47.4,47.42,162.4057623072989
47.41,47.43,161.2431432526643
47.42,47.44,0.0
47.43,47.45,0.0
47.44,47.46,0.0
47.45,47.47,0.0
47.46,47.48,0.0
47.47,47.49,883.0803095632872
47.48,47.5,888.4650055042179
47.49,47.51,894.0761709634265
47.5,47.52,854.9729752667878
47.51,47.53,849.6302457831871
47.52,47.54,825.6120901719387
47.53,47.55,0.0
47.54,47.56,0.0
47.55,47.57,0.0
47.56,47.58,0.0
47.57,47.59,0.0
47.58,47.6,0.0
47.59,47.61,186.39912920650843
47.6,47.62,186.86440001447792
47.61,47.63,187.5069635397771
47.62,47.64,186.2670466953963
47.63,47.65,184.62081947273893
47.64,47.66,168.10637643179507
47.65,47.67,164.52809244972838
47.66,47.68,160.93449479065498
47.67,47.69,170.75489523996924
47.68,47.7,168.14994287161423
47.69,47.71,165.42288527359855
47.7,47.72,163.20556046464748
47.71,47.73,161.52931822079847
47.72,47.74,160.3557826344356
47.73,47.75,159.51159417070753
47.74,47.76,158.9012656130498
47.75,47.77,158.41433203315015
47.76,47.78,157.95306030738627
47.77,47.79,157.33557260511174
47.78,47.8,156.6219218444273
47.79,47.81,155.76943150958576
47.8,47.82,155.8290793162668
47.81,47.83,156.12618185248354
47.82,47.84,155.97028238720696
47.83,47.85,155.9203030738964
47.84,47.86,156.93569864227524
47.85,47.87,159.78378123568893
47.86,47.88,162.98495928721496
47.87,47.89,165.37561612239108
47.88,47.9,166.4610598928176
47.89,47.91,165.99486420136145
47.9,47.92,164.52988698468639
47.91,47.93,162.50549100531276
47.92,47.94,160.3785744800997
47.93,47.95,158.5921900669702
47.94,47.96,157.3283791193087
47.95,47.97,156.46085586527994
47.96,47.98,155.88814885028708
47.97,47.99,155.70889732333788
47.98,48.0,156.50011109335782
47.99,48.01,158.27030601537672
48.0,48.02,160.3462781551629
48.01,48.03,162.1000852732203
48.02,48.04,164.36499843442488
48.03,48.05,166.9965518089194
48.04,48.06,169.8780255962335
48.05,48.07,172.32888905692406
48.06,48.08,174.79612240673038
48.07,48.09,177.1956699324283
48.08,48.1,179.0387870427324
48.09,48.11,180.28595624031377
48.1,48.12,180.91199768032473
48.11,48.13,180.96243159928025
48.12,48.14,180.54089408650168
48.13,48.15,179.75656238515373
48.14,48.16,178.86867887635415
48.15,48.17,178.14491004823319
48.16,48.18,177.51150693141867
48.17,48.19,176.6646840351388
48.18,48.2,175.48045473384477
48.19,48.21,173.93203131134024
48.2,48.22,172.08133832515466
48.21,48.23,169.77895362672115
48.22,48.24,167.1618334443622
48.23,48.25,164.51964570969258
48.24,48.26,162.31276482830634
48.25,48.27,160.7195308425805
48.26,48.28,159.4725674574178
48.27,48.29,158.10773649083865
48.28,48.3,156.80172345798746
48.29,48.31,155.85150249733073
48.3,48.32,155.33352137403736
48.31,48.33,155.47377865860193
48.32,48.34,156.15191645236152
48.33,48.35,156.7097768288
48.34,48.36,156.71162421088206
48.35,48.37,156.2599413646955
48.36,48.38,156.0703234700645
48.37,48.39,156.00494571938992
48.38,48.4,155.84880673756453
48.39,48.41,155.49287864217928
48.4,48.42,155.0505847496393
48.41,48.43,154.84049468700542
48.42,48.44,154.91180152845334
48.43,48.45,155.21370447607865
48.44,48.46,155.24036617221722
48.45,48.47,161.0030736293799
48.46,48.48,167.2221958118497
48.47,48.49,173.88899749255097
48.48,48.5,174.18899945191774
48.49,48.51,173.94916349703982
48.5,48.52,173.47052002629005
48.51,48.53,172.91362093980882
48.52,48.54,172.23827395286256
48.53,48.55,171.37315724260077
48.54,48.56,170.24062148589192
48.55,48.57,168.83115097844725
48.56,48.58,167.3380081263243
48.57,48.59,165.87464511019604
48.58,48.6,164.8041186879399
48.59,48.61,164.3369868972808
48.6,48.62,163.93575351082683
48.61,48.63,163.08827784126424
48.62,48.64,161.44761904341263
48.63,48.65,160.1088138933996
48.64,48.66,159.29740760490864
48.65,48.67,157.55783122802185
48.66,48.68,155.22141691421075
48.67,48.69,152.7162825280991
48.68,48.7,151.4424070391622
48.69,48.71,150.4401435542682
48.7,48.72,149.23593563750907
48.71,48.73,148.0590481164924
48.72,48.74,147.10706603168913
48.73,48.75,146.254245396772
48.74,48.76,145.51606585021273
48.75,48.77,145.89166436478553
48.76,48.78,148.90990735482652
48.77,48.79,153.2363236257331
48.78,48.8,157.31765016968663
48.79,48.81,159.3980022163884
48.8,48.82,160.51373127163242
48.81,48.83,160.8833324125279
48.82,48.84,160.68373144391015
48.83,48.85,160.20970909016094
48.84,48.86,159.91725632781692
48.85,48.87,160.34437026067647
48.86,48.88,162.55903183042892
48.87,48.89,167.5291889224604
48.88,48.9,174.84739411992717
48.89,48.91,181.7532263205425
48.9,48.92,186.6994856461195
48.91,48.93,189.33635127692028
48.92,48.94,191.07611071341984
48.93,48.95,191.87414652375622
48.94,48.96,192.0363535379637
48.95,48.97,192.52939756020055
48.96,48.98,194.1378441814077
48.97,48.99,196.32920082192004
48.98,49.0,197.9779857620609
48.99,49.01,198.2762464304627
49.0,49.02,197.72961821072008
49.01,49.03,196.61037740780597
49.02,49.04,195.19982139774933
49.03,49.05,193.72693208070774
49.04,49.06,192.14445482008037
49.05,49.07,190.1660860249219
49.06,49.08,187.09466739479944
49.07,49.09,182.52020725326742
49.08,49.1,178.27178306702066
49.09,49.11,176.4877314555361
49.1,49.12,177.21417788677576
49.11,49.13,178.57061112535115
49.12,49.14,178.0339751314084
49.13,49.15,175.94114917254714
49.14,49.16,172.9686471731069
49.15,49.17,170.05121749390284
49.16,49.18,167.57869832914014
49.17,49.19,165.39892100479622
49.18,49.2,163.7862564459823
49.19,49.21,162.711549679173
49.2,49.22,162.12817994067305
49.21,49.23,161.86312661355083
49.22,49.24,161.80036693980546
49.23,49.25,161.91588495817987
49.24,49.26,162.16383663633624
49.25,49.27,162.61583303002428
49.26,49.28,163.45264180788885
49.27,49.29,164.6441430669534
49.28,49.3,166.01838438366582
49.29,49.31,167.18620049236773
49.3,49.32,167.99273451955463
49.31,49.33,168.80561429053225
49.32,49.34,170.12276282717133
49.33,49.35,171.8413562322662
49.34,49.36,173.57275966984056
49.35,49.37,175.0028419493159
49.36,49.38,176.39007110883978
49.37,49.39,177.68564902177457
49.38,49.4,178.5402769798085
49.39,49.41,178.6175191958031
49.4,49.42,177.51909518466263
49.41,49.43,175.86320429658193
49.42,49.44,174.61500065395995
49.43,49.45,174.13218450658445
49.44,49.46,0.0
49.45,49.47,0.0
49.46,49.48,0.0
49.47,49.49,0.0
49.48,49.5,0.0
49.49,49.51,0.0
49.5,49.52,0.0
49.51,49.53,0.0
49.52,49.54,0.0
49.53,49.55,0.0
49.54,49.56,0.0
49.55,49.57,0.0
49.56,49.58,0.0
49.57,49.59,0.0
49.58,49.6,0.0
49.59,49.61,0.0
49.6,49.62,0.0
49.61,49.63,0.0
49.62,49.64,0.0
49.63,49.65,0.0
49.64,49.66,0.0
49.65,49.67,0.0
49.66,49.68,0.0
49.67,49.69,0.0
49.68,49.7,0.0
49.69,49.71,0.0
49.7,49.72,0.0
49.71,49.73,0.0
49.72,49.74,0.0
49.73,49.75,0.0
49.74,49.76,0.0
49.75,49.77,0.0
49.76,49.78,0.0
49.77,49.79,0.0
49.78,49.8,0.0
49.79,49.81,0.0
49.8,49.82,0.0
49.81,49.83,0.0
49.82,49.84,0.0
49.83,49.85,0.0
49.84,49.86,0.0
49.85,49.87,0.0
49.86,49.88,0.0
49.87,49.89,0.0
49.88,49.9,0.0
49.89,49.91,0.0
49.9,49.92,0.0
49.91,49.93,0.0
49.92,49.94,0.0
49.93,49.95,0.0
49.94,49.96,0.0
49.95,49.97,0.0
49.96,49.98,0.0
49.97,49.99,0.0
49.98,50.0,0.0
49.99,50.01,0.0
50.0,50.02,0.0
50.01,50.03,0.0
50.02,50.04,0.0
50.03,50.05,0.0
50.04,50.06,0.0
50.05,50.07,0.0
50.06,50.08,0.0
50.07,50.09,0.0
50.08,50.1,0.0
50.09,50.11,0.0
50.1,50.12,0.0
50.11,50.13,0.0
50.12,50.14,0.0
50.13,50.15,0.0
50.14,50.16,0.0
50.15,50.17,0.0
50.16,50.18,0.0
50.17,50.19,0.0
50.18,50.2,0.0
50.19,50.21,0.0
50.2,50.22,0.0
50.21,50.23,0.0
50.22,50.24,0.0
50.23,50.25,0.0
50.24,50.26,0.0
50.25,50.27,0.0
50.26,50.28,0.0
50.27,50.29,0.0
50.28,50.3,0.0
50.29,50.31,0.0
50.3,50.32,0.0
50.31,50.33,0.0
50.32,50.34,0.0
50.33,50.35,0.0
50.34,50.36,0.0
50.35,50.37,0.0
50.36,50.38,0.0
50.37,50.39,0.0
50.38,50.4,0.0
50.39,50.41,0.0
50.4,50.42,0.0
50.41,50.43,0.0
50.42,50.44,0.0
50.43,50.45,0.0
50.44,50.46,0.0
50.45,50.47,0.0
50.46,50.48,0.0
50.47,50.49,0.0
50.48,50.5,0.0
50.49,50.51,0.0
50.5,50.52,0.0
50.51,50.53,0.0
50.52,50.54,0.0
50.53,50.55,0.0
50.54,50.56,0.0
50.55,50.57,196.37770157058176
50.56,50.58,197.13835984150745
50.57,50.59,198.5648930188167
50.58,50.6,200.22036483646113
50.59,50.61,201.12150473055675
50.6,50.62,201.02066627992443
50.61,50.63,200.15962402389215
50.62,50.64,199.01031501291882
50.63,50.65,198.08410671353738
50.64,50.66,197.47607953058457
50.65,50.67,196.80681178474845
50.66,50.68,196.0616455083236
50.67,50.69,196.18766101400735
50.68,50.7,197.13401603324277
50.69,50.71,198.10470914638051
50.7,50.72,198.05220336082579
50.71,50.73,197.63409482055914
50.72,50.74,198.7091549284871
50.73,50.75,200.22089424916888
50.74,50.76,201.04591545130543
50.75,50.77,200.36304807100626
50.76,50.78,199.47655834701186
50.77,50.79,199.15937663758993
50.78,50.8,199.00439521080688
50.79,50.81,198.8915141730324
50.8,50.82,198.79897760017275
50.81,50.83,198.7973568413541
50.82,50.84,199.1069423006869
50.83,50.85,200.0186282089869
50.84,50.86,201.32271235979098
50.85,50.87,202.41877389390837
50.86,50.88,202.6219044025625
50.87,50.89,201.91668761166514
50.88,50.9,199.71471007671008
50.89,50.91,197.83987811259297
50.9,50.92,197.4070800075178
50.91,50.93,198.30945307081765
50.92,50.94,199.09724675191362
50.93,50.95,199.2141951508122
50.94,50.96,199.52636418846072
50.95,50.97,199.8979921387131
50.96,50.98,0.0
50.97,50.99,0.0
50.98,51.0,0.0
50.99,51.01,0.0
51.0,51.02,0.0
51.01,51.03,0.0
51.02,51.04,191.23793805102886
51.03,51.05,179.7372740516341
51.04,51.06,167.10018575852834
51.05,51.07,160.31571924251904
51.06,51.08,176.38532942687348
51.07,51.09,196.42366070042056
51.08,51.1,218.4497468326291
51.09,51.11,223.87141866277202
51.1,51.12,227.66353261353868
51.11,51.13,231.41833308999549
51.12,51.14,234.59098593240228
51.13,51.15,236.85698681883315
51.14,51.16,237.9947472317373
51.15,51.17,238.2272271499461
51.16,51.18,237.42764434162802
51.17,51.19,235.89452150723363
51.18,51.2,234.10636639381568
51.19,51.21,230.31723908461558
51.2,51.22,226.57760805335747
51.21,51.23,223.25078356762918
51.22,51.24,222.2459864202699
51.23,51.25,220.9741430869577
51.24,51.26,218.3906938695368
51.25,51.27,214.79950758304753
51.26,51.28,210.92860920558786
51.27,51.29,207.48467769339442
51.28,51.3,204.73964511601457
51.29,51.31,202.78542241364144
51.3,51.32,201.52576427245074
51.31,51.33,200.29793871943622
51.32,51.34,198.77764596736648
51.33,51.35,196.78369932724723
51.34,51.36,194.7083904825206
51.35,51.37,192.8855707065674
51.36,51.38,189.7202666407013
51.37,51.39,183.75611470897886
51.38,51.4,177.03784519905474
51.39,51.41,172.03466838734687
51.4,51.42,173.58499881684398
51.41,51.43,178.1036594605089
51.42,51.44,183.33420975745491
51.43,51.45,185.02876485078187
51.44,51.46,184.77913397815175
51.45,51.47,167.46083756393384
51.46,51.48,151.6837282775968
51.47,51.49,151.20151970563515
51.48,51.5,165.52565206297842
51.49,51.51,181.37432233430383
51.5,51.52,181.3200179955819
51.51,51.53,181.94483925420374
51.52,51.54,182.85870985414752
51.53,51.55,183.7774136006593
51.54,51.56,185.42952146739063
51.55,51.57,188.20680143353937
51.56,51.58,191.69560249603617
51.57,51.59,194.8799498231088
51.58,51.6,197.82239803666354
51.59,51.61,200.53813158309083
51.6,51.62,203.7309197924509
51.61,51.63,206.32622113470995
51.62,51.64,208.44988088983808
51.63,51.65,209.93615380226726
51.64,51.66,211.02655936252316
51.65,51.67,210.2952414675369
51.66,51.68,208.66435114492216
51.67,51.69,207.13933486413256
51.68,51.7,0.0
51.69,51.71,0.0
51.7,51.72,0.0
51.71,51.73,0.0
51.72,51.74,0.0
51.73,51.75,0.0
51.74,51.76,0.0
51.75,51.77,0.0
51.76,51.78,0.0
51.77,51.79,0.0
51.78,51.8,0.0
51.79,51.81,0.0
51.8,51.82,176.72604407837218
51.81,51.83,165.5440536343422
51.82,51.84,146.3720805985585
51.83,51.85,149.65242592441535
51.84,51.86,153.69103412817557
51.85,51.87,157.03054588122305
51.86,51.88,155.39423491094757
51.87,51.89,154.59568408445273
51.88,51.9,154.8987457751395
51.89,51.91,155.3346337571748
51.9,51.92,155.83127685143498
51.91,51.93,156.43651808781178
51.92,51.94,157.00937150753424
51.93,51.95,157.2112322832615
51.94,51.96,157.0360821360473
51.95,51.97,156.77194370117567
51.96,51.98,156.6946532860366
51.97,51.99,156.54768914520383
51.98,52.0,156.35503478540093
51.99,52.01,156.139186240472
52.0,52.02,0.0
52.01,52.03,0.0
52.02,52.04,168.4125064382938
52.03,52.05,173.2103562292466
52.04,52.06,183.28222634652224
52.05,52.07,184.7212459469186
52.06,52.08,185.4090115992369
52.07,52.09,184.8945163211636
52.08,52.1,183.22004334481323
52.09,52.11,180.6432806072795
52.1,52.12,177.88347789438308
52.11,52.13,176.159664055036
52.12,52.14,177.48792283377125
52.13,52.15,179.97739681693702
52.14,52.16,182.62287121720433
52.15,52.17,183.49166356930863
52.16,52.18,184.11804497265757
52.17,52.19,185.00992994669411
52.18,52.2,185.85051506084463
52.19,52.21,186.81993658620937
52.2,52.22,187.69115950031232
52.21,52.23,188.49075680606126
52.22,52.24,188.9142464570623
52.23,52.25,188.38653754701835
52.24,52.26,184.39038702242377
52.25,52.27,178.46125929296417
52.26,52.28,174.30667931572043
52.27,52.29,172.802573883017
52.28,52.3,0.0
52.29,52.31,0.0
52.3,52.32,0.0
52.31,52.33,0.0
52.32,52.34,188.84241292641963
52.33,52.35,0.0
52.34,52.36,0.0
52.35,52.37,209.96719554931013
52.36,52.38,210.48160123189493
52.37,52.39,211.46191075649855
52.38,52.4,211.3336744681806
52.39,52.41,211.43335013922092
52.4,52.42,211.74870901837863
52.41,52.43,211.9402795908378
52.42,52.44,211.58048088259113
52.43,52.45,210.452245571493
52.44,52.46,209.45164714227826
52.45,52.47,209.51553088996303
52.46,52.48,210.3073359345477
52.47,52.49,211.1265088691893
52.48,52.5,211.27663828250266
52.49,52.51,211.4680613452873
52.5,52.52,211.7377446988772
52.51,52.53,212.29096023136793
52.52,52.54,212.67736509507296
52.53,52.55,211.48483658762882
52.54,52.56,209.44380149353594
52.55,52.57,206.89670604466838
52.56,52.58,203.7503137149615
52.57,52.59,198.71870021774825
52.58,52.6,193.00010367905074
52.59,52.61,187.8954082739758
52.6,52.62,183.74967693671698
52.61,52.63,180.02126304641857
52.62,52.64,176.96093517150712
52.63,52.65,174.96717656820732
52.64,52.66,173.66820963984915
52.65,52.67,172.8962859686017
52.66,52.68,172.0642953167999
52.67,52.69,170.17153883679785
52.68,52.7,168.59837632060763
52.69,52.71,169.30508853231143
52.7,52.72,171.9580184101214
52.71,52.73,174.95075365895931
52.72,52.74,176.4685216872481
52.73,52.75,177.59366506829545
52.74,52.76,178.46782637902888
52.75,52.77,178.99709282466242
52.76,52.78,179.26419059998975
52.77,52.79,179.31049065720387
52.78,52.8,179.05259521545986
52.79,52.81,178.2706046290687
52.8,52.82,175.81771688753685
52.81,52.83,173.70330404072905
52.82,52.84,172.03938788284492
52.83,52.85,0.0
52.84,52.86,0.0
52.85,52.87,0.0
52.86,52.88,179.5703402484517
52.87,52.89,181.54185311602174
52.88,52.9,184.33221461044135
52.89,52.91,186.39958100147038
52.9,52.92,186.78173942497054
52.91,52.93,186.49661906888406
52.92,52.94,185.83937663156743
52.93,52.95,184.15318159221684
52.94,52.96,178.4207217350837
52.95,52.97,175.32265107167723
52.96,52.98,0.0
52.97,52.99,0.0
52.98,53.0,0.0
52.99,53.01,0.0
53.0,53.02,0.0
53.01,53.03,0.0
53.02,53.04,0.0
53.03,53.05,0.0
53.04,53.06,0.0
53.05,53.07,0.0
53.06,53.08,0.0
53.07,53.09,0.0
53.08,53.1,166.63462343004244
53.09,53.11,167.34390778011175
53.1,53.12,168.48842989833503
53.11,53.13,168.98681668998827
53.12,53.14,168.88954834904555
53.13,53.15,168.2681217894778
53.14,53.16,167.11003534078202
53.15,53.17,165.08490029072445
53.16,53.18,161.86865491011648
53.17,53.19,158.19117889937874
53.18,53.2,155.3331619904186
53.19,53.21,154.94771479210823
53.2,53.22,160.47228475662772
53.21,53.23,167.28047897101263
53.22,53.24,173.39225604478133
53.23,53.25,173.7428080749804
53.24,53.26,171.9195073501866
53.25,53.27,169.42413530587598
53.26,53.28,167.09584108060608
53.27,53.29,165.89897074611642
53.28,53.3,165.27330665497843
53.29,53.31,164.94171482149858
53.3,53.32,164.63032149862673
53.31,53.33,164.16259715177594
53.32,53.34,162.93632237189888
53.33,53.35,161.18444192128962
53.34,53.36,158.76319860539272
53.35,53.37,158.75546760255722
53.36,53.38,160.22054701636594
53.37,53.39,163.60677314251242
53.38,53.4,166.02237180556352
53.39,53.41,167.97559677637645
53.4,53.42,169.1211226059982
53.41,53.43,169.64775123117002
53.42,53.44,169.666368054237
53.43,53.45,169.2703046119754
53.44,53.46,169.15997592209357
53.45,53.47,169.9713501517106
53.46,53.48,171.29483929922486
53.47,53.49,172.00279149142773
53.48,53.5,171.1981663165874
53.49,53.51,169.73247801721976
53.5,53.52,168.51146795551088
53.51,53.53,167.97430133771104
53.52,53.54,167.8635782674415
53.53,53.55,167.98307350332487
53.54,53.56,168.24708183223402
53.55,53.57,168.4490070426647
53.56,53.58,168.2704762038696
53.57,53.59,165.41373652705022
53.58,53.6,161.914350835293
53.59,53.61,157.65730994605502
53.6,53.62,154.970933118818
53.61,53.63,152.61486040412237
53.62,53.64,150.40873832876306
53.63,53.65,148.28809985468519
53.64,53.66,144.61328347013927
53.65,53.67,141.8846972503419
53.66,53.68,151.4970597184925
53.67,53.69,163.50907070883463
53.68,53.7,176.18311047854124
53.69,53.71,175.45957615342698
53.7,53.72,175.52952917764478
53.71,53.73,176.38805004848072
53.72,53.74,177.498404268087
53.73,53.75,178.44541276906259
53.74,53.76,178.75410282220227
53.75,53.77,178.64361517502323
53.76,53.78,171.78509882735793
53.77,53.79,164.89131315494419
53.78,53.8,156.33054123480494
53.79,53.81,151.07848167820276
53.8,53.82,146.09052993462765
53.81,53.83,143.17100571351608
53.82,53.84,143.15692062864335
53.83,53.85,143.7908876768312
53.84,53.86,144.75778324794805
53.85,53.87,145.68019683829408
53.86,53.88,146.16191348306342
53.87,53.89,146.03166555749004
53.88,53.9,145.22668942854688
53.89,53.91,143.94300223246708
53.9,53.92,142.27322592409908
53.91,53.93,140.78876779046863
53.92,53.94,140.27665664470268
53.93,53.95,142.10419708464167
53.94,53.96,153.56750991231348
53.95,53.97,168.14951678459144
53.96,53.98,183.1227329734548
53.97,53.99,187.45565568406934
53.98,54.0,188.64669499980133
53.99,54.01,188.03299579539768
54.0,54.02,186.55185718178225
54.01,54.03,230.70122413036
54.02,54.04,285.330289479025
54.03,54.05,352.5572728649258
54.04,54.06,347.37365508393907
54.05,54.07,271.17122857112474
54.06,54.08,211.24456510214182
54.07,54.09,164.81259819120027
54.08,54.1,162.1123370215793
54.09,54.11,160.13511674603646
54.1,54.12,158.6442493122614
54.11,54.13,157.39389531455723
54.12,54.14,156.20718448404926
54.13,54.15,155.0712216059496
54.14,54.16,154.1404028464938
54.15,54.17,153.623860382166
54.16,54.18,153.51779314114705
54.17,54.19,153.565699594364
54.18,54.2,153.39912330335463
54.19,54.21,152.89771514947503
54.2,54.22,152.75148485492645
54.21,54.23,153.80667625502863
54.22,54.24,155.90699055830495
54.23,54.25,158.39871241575398
54.24,54.26,160.48024080862623
54.25,54.27,162.1595309777964
54.26,54.28,163.41792601033413
54.27,54.29,164.3372946904274
54.28,54.3,165.0361821985577
54.29,54.31,165.42093519953252
54.3,54.32,165.4065746144341
54.31,54.33,165.0637673478957
54.32,54.34,164.58654272022687
54.33,54.35,164.09735493233794
54.34,54.36,163.60994557548312
54.35,54.37,163.12680554437142
54.36,54.38,162.78664269528375
54.37,54.39,162.8846671601715
54.38,54.4,164.15601388905333
54.39,54.41,166.03989564799556
54.4,54.42,167.57317809949242
54.41,54.43,167.05291584424157
54.42,54.44,165.48125233417898
54.43,54.45,164.23957218330676
54.44,54.46,0.0
54.45,54.47,0.0
54.46,54.48,0.0
54.47,54.49,0.0
54.48,54.5,0.0
54.49,54.51,0.0
54.5,54.52,0.0
54.51,54.53,0.0
54.52,54.54,0.0
54.53,54.55,0.0
54.54,54.56,0.0
54.55,54.57,0.0
54.56,54.58,0.0
54.57,54.59,0.0
54.58,54.6,0.0
54.59,54.61,0.0
54.6,54.62,0.0
54.61,54.63,0.0
54.62,54.64,0.0
54.63,54.65,0.0
54.64,54.66,0.0
54.65,54.67,0.0
54.66,54.68,0.0
54.67,54.69,129.27251635531707
54.68,54.7,136.54405191684216
54.69,54.71,144.35275207437536
54.7,54.72,152.5208318493956
54.71,54.73,160.88122315569254
54.72,54.74,169.50634132183333
54.73,54.75,178.83600855111456
54.74,54.76,179.07997799879922
54.75,54.77,179.5586286426298
54.76,54.78,179.81523223405048
54.77,54.79,179.3358975603007
54.78,54.8,177.47920181355988
54.79,54.81,174.85729579971064
54.8,54.82,171.8824251664844
54.81,54.83,168.25944596411657
54.82,54.84,163.64037521613233
54.83,54.85,157.7664805695202
54.84,54.86,151.8343059950537
54.85,54.87,146.9290081951274
54.86,54.88,143.56017812044374
54.87,54.89,141.52242389254354
54.88,54.9,140.33227356580915
54.89,54.91,140.5400967166178
54.9,54.92,142.18105758005564
54.91,54.93,144.43627087989094
54.92,54.94,146.218349511839
54.93,54.95,147.02354166720275
54.94,54.96,146.81691962656416
54.95,54.97,145.6873232089859
54.96,54.98,144.2713478687225
54.97,54.99,144.7400816429682
54.98,55.0,145.126947522899
54.99,55.01,0.0
55.0,55.02,0.0
55.01,55.03,0.0
55.02,55.04,0.0
55.03,55.05,0.0
55.04,55.06,81.47991105900155
55.05,55.07,81.3720356940984
55.06,55.08,81.32414092479463
55.07,55.09,77.8427842160309
55.08,55.1,74.55360153136017
55.09,55.11,85.69805882954823
55.1,55.12,108.26470915840945
55.11,55.13,137.4426974680709
55.12,55.14,146.34570048235656
55.13,55.15,148.4241703669964
55.14,55.16,118.86913254333291
55.15,55.17,94.4204366705032
55.16,55.18,75.09194482644392
55.17,55.19,75.66285413284555
55.18,55.2,76.0333090463004
55.19,55.21,0.0
55.2,55.22,0.0
55.21,55.23,0.0
55.22,55.24,0.0
55.23,55.25,0.0
55.24,55.26,151.57265474970745
55.25,55.27,151.21769577176286
55.26,55.28,154.0428886587217
55.27,55.29,157.15983374570027
55.28,55.3,160.4810541161631
55.29,55.31,160.25260615118856
55.3,55.32,160.00017299189594
55.31,55.33,159.78814704342108
55.32,55.34,159.47580028474565
55.33,55.35,158.63606968924688
55.34,55.36,157.95140711394134
55.35,55.37,157.9026717855516
55.36,55.38,158.21350620598767
55.37,55.39,0.0
55.38,55.4,0.0
55.39,55.41,0.0
55.4,55.42,0.0
55.41,55.43,0.0
55.42,55.44,0.0
55.43,55.45,0.0
55.44,55.46,167.46399247962268
55.45,55.47,166.93641802710454
55.46,55.48,165.23789468491177
55.47,55.49,163.18358939402503
55.48,55.5,161.42118952794561
55.49,55.51,160.59485170403306
55.5,55.52,160.11586990195096
55.51,55.53,159.54375753159
55.52,55.54,158.74245518097496
55.53,55.55,157.9209218482292
55.54,55.56,156.17868768910054
55.55,55.57,155.54698801250765
55.56,55.58,155.5382655018549
55.57,55.59,157.53332281399344
55.58,55.6,159.34406296792662
55.59,55.61,160.88235754248637
55.6,55.62,161.3513126690584
55.61,55.63,160.88200304575412
55.62,55.64,159.8749422220749
55.63,55.65,158.7771923280888
55.64,55.66,157.7768403261516
55.65,55.67,156.86890413934333
55.66,55.68,155.91800121572967
55.67,55.69,155.05008936217806
55.68,55.7,154.5856183607581
55.69,55.71,154.56911607967814
55.7,55.72,154.75240894576928
55.71,55.73,154.78260656094204
55.72,55.74,154.6934289087343
55.73,55.75,154.66943421924972
55.74,55.76,154.83517230579363
55.75,55.77,155.3494891139417
55.76,55.78,155.88273893561666
55.77,55.79,156.24914756150318
55.78,55.8,0.0
55.79,55.81,0.0
55.8,55.82,0.0
55.81,55.83,0.0
55.82,55.84,0.0
55.83,55.85,0.0
55.84,55.86,0.0
55.85,55.87,0.0
55.86,55.88,0.0
55.87,55.89,0.0
55.88,55.9,0.0
55.89,55.91,0.0
55.9,55.92,180.77639421226093
55.91,55.93,180.58052069254185
55.92,55.94,179.8021576186806
55.93,55.95,178.0185588038873
55.94,55.96,175.2562559835567
55.95,55.97,171.46960788782388
55.96,55.98,167.6830815004284
55.97,55.99,162.67174005259838
55.98,56.0,153.37693467328765
55.99,56.01,145.91897544024079
56.0,56.02,145.07729406429368
56.01,56.03,149.85740841403108
56.02,56.04,154.39952914685395
56.03,56.05,153.95334000231233
56.04,56.06,152.96364449395173
56.05,56.07,152.0188945716902
56.06,56.08,151.15113677038696
56.07,56.09,150.28041796035504
56.08,56.1,149.41953827715562
56.09,56.11,148.78040695271451
56.1,56.12,148.26570309173556
56.11,56.13,147.75260078042726
56.12,56.14,147.47114041751334
56.13,56.15,147.7398065792977
56.14,56.16,148.4035515451322
56.15,56.17,149.0130700454588
56.16,56.18,149.2956639773746
56.17,56.19,149.24512685179465
56.18,56.2,148.98040343085285
56.19,56.21,148.55632306875944
56.2,56.22,148.00330393537948
56.21,56.23,147.08711632869725
56.22,56.24,145.55361742575917
56.23,56.25,144.59919987276115
56.24,56.26,143.6108787086087
56.25,56.27,144.07019679562063
56.26,56.28,144.3762756276395
56.27,56.29,145.2524837636611
56.28,56.3,145.41974596851819
56.29,56.31,145.36014293938217
56.3,56.32,145.24537866336544
56.31,56.33,145.20035577074333
56.32,56.34,145.1773697196314
56.33,56.35,145.03726074994614
56.34,56.36,144.64902436483476
56.35,56.37,144.2035249157212
56.36,56.38,143.96011467932954
56.37,56.39,144.1913080973731
56.38,56.4,144.86083041061252
56.39,56.41,145.72279974494933
56.4,56.42,146.28341326278505
56.41,56.43,146.45725180310922
56.42,56.44,146.38778837827996
56.43,56.45,146.36209880959194
56.44,56.46,0.0
56.45,56.47,0.0
56.46,56.48,0.0
56.47,56.49,0.0
56.48,56.5,0.0
56.49,56.51,0.0
56.5,56.52,0.0
56.51,56.53,0.0
56.52,56.54,0.0
56.53,56.55,0.0
56.54,56.56,0.0
56.55,56.57,0.0
56.56,56.58,0.0
56.57,56.59,0.0
56.58,56.6,0.0
56.59,56.61,0.0
56.6,56.62,0.0
56.61,56.63,0.0
56.62,56.64,0.0
56.63,56.65,0.0
56.64,56.66,0.0
56.65,56.67,0.0
56.66,56.68,0.0
56.67,56.69,0.0
56.68,56.7,0.0
56.69,56.71,0.0
56.7,56.72,0.0
56.71,56.73,0.0
56.72,56.74,0.0
56.73,56.75,0.0
56.74,56.76,0.0
56.75,56.77,0.0
56.76,56.78,0.0
56.77,56.79,0.0
56.78,56.8,0.0
56.79,56.81,0.0
56.8,56.82,69.25430257785216
56.81,56.83,69.25430257785216
56.82,56.84,0.0
56.83,56.85,0.0
56.84,56.86,0.0
56.85,56.87,0.0
56.86,56.88,164.587957096912
56.87,56.89,165.47162636676507
56.88,56.9,166.6254260256522
56.89,56.91,167.05392810491134
56.9,56.92,166.1893075082715
56.91,56.93,164.33193555094704
56.92,56.94,161.90020548012822
56.93,56.95,159.3052527543827
56.94,56.96,155.9209902023233
56.95,56.97,154.2678040577249
56.96,56.98,0.0
56.97,56.99,0.0
56.98,57.0,0.0
56.99,57.01,0.0
57.0,57.02,0.0
57.01,57.03,0.0
57.02,57.04,0.0
57.03,57.05,0.0
57.04,57.06,0.0
57.05,57.07,0.0
57.06,57.08,0.0
57.07,57.09,0.0
57.08,57.1,80.18035587954402
57.09,57.11,79.93560406300315
57.1,57.12,79.36915515953106
57.11,57.13,78.13793329924364
57.12,57.14,76.35147878464326
57.13,57.15,75.23501509046358
57.14,57.16,0.0
57.15,57.17,0.0
57.16,57.18,0.0
57.17,57.19,0.0
57.18,57.2,0.0
57.19,57.21,0.0
57.2,57.22,0.0
57.21,57.23,0.0
57.22,57.24,0.0
57.23,57.25,0.0
57.24,57.26,0.0
57.25,57.27,849.8903233928196
57.26,57.28,849.9586795290206
57.27,57.29,850.1094570172801
57.28,57.3,0.0
57.29,57.31,0.0
57.3,57.32,0.0
57.31,57.33,0.0
57.32,57.34,133.62387691070575
57.33,57.35,132.9528001011879
57.34,57.36,131.89506606973544
57.35,57.37,135.29048035640213
57.36,57.38,139.2523393150677
57.37,57.39,138.5493015971252
57.38,57.4,133.82148522723386
57.39,57.41,129.2207416791914
57.4,57.42,129.19648477617363
57.41,57.43,127.72883963944601
57.42,57.44,127.6097314718682
57.43,57.45,127.7648133523319
57.44,57.46,126.29354687494552
57.45,57.47,123.71694675401453
57.46,57.48,121.19104430793872
57.47,57.49,121.05207679638936
57.48,57.5,120.5739180791634
57.49,57.51,119.90150603691485
57.5,57.52,119.74759089712965
57.51,57.53,0.0
57.52,57.54,68.52172868071472
57.53,57.55,66.02841264509416
57.54,57.56,63.36048628471307
57.55,57.57,63.80038806380823
57.56,57.58,66.33016390397133
57.57,57.59,68.66085481358023
57.58,57.6,68.06413817600007
57.59,57.61,68.05936909666059
57.6,57.62,69.02348947335915
57.61,57.63,69.62286357447276
57.62,57.64,0.0
57.63,57.65,0.0
57.64,57.66,0.0
57.65,57.67,0.0
57.66,57.714013605,0.0
