Start_Time,End_Time,F0_Hz
0.0,0.01,0.0
0.01,0.02,202.3238880603845
0.02,0.03,202.3238880603845
0.03,0.04,200.0
0.04,0.05,198.8480847635095
0.05,0.06,197.70280407057922
0.06,0.07,197.70280407057922
0.07,0.08,198.8480847635095
0.08,0.09,198.8480847635095
0.09,0.1,200.0
0.1,0.11,200.0
0.11,0.12,200.0
0.12,0.13,201.15858821357068
0.13,0.14,201.15858821357068
0.14,0.15,201.15858821357068
0.15,0.16,201.15858821357068
0.16,0.17,200.0
0.17,0.18,198.8480847635095
0.18,0.19,197.70280407057922
0.19,0.2,196.56411970905023
0.2,0.21,196.56411970905023
0.21,0.22,196.56411970905023
0.22,0.23,195.43199368684918
0.23,0.24,195.43199368684918
0.24,0.25,194.30638823072118
0.25,0.26,194.30638823072118
0.26,0.27,193.1872657849691
0.27,0.28,192.07458901020084
0.28,0.29,190.9683207820833
0.29,0.3,187.68759933422865
0.3,0.31,180.25009252216606
0.31,0.32,183.40080864093423
0.32,0.33,194.30638823072118
0.33,0.34,194.30638823072118
0.34,0.35,195.43199368684918
0.35,0.36,194.30638823072118
0.36,0.37,0.0
0.37,0.38,219.36499593892518
0.38,0.39,208.25243050696125
0.39,0.4,203.49593842053727
0.4,0.41,209.4588245641254
0.41,0.42,208.25243050696125
0.42,0.43,207.05298476827548
0.43,0.44,207.05298476827548
0.44,0.45,205.86044732869837
0.45,0.46,204.67477839935495
0.46,0.47,204.67477839935495
0.47,0.48,203.49593842053727
0.48,0.49,201.15858821357068
0.49,0.5,198.8480847635095
0.5,0.51,196.56411970905023
0.51,0.52,196.56411970905023
0.52,0.53,189.86842419010387
0.53,0.54,190.9683207820833
0.54,0.55,204.67477839935495
0.55,0.56,210.67220719096719
0.56,0.57,214.35469250725862
0.57,0.58,215.59643660857103
0.58,0.59,216.8453740602837
0.59,0.6,221.91389441356898
0.6,0.61,227.10088581417543
0.61,0.62,232.40911739156792
0.62,0.63,237.8414230005442
0.63,0.64,241.99881784385852
0.64,0.65,254.91212546385245
0.65,0.66,268.51450055605267
0.66,0.67,276.38257599355524
0.67,0.68,281.2136583244699
0.68,0.69,287.786716002164
0.69,0.7,294.5134116201051
0.7,0.71,303.14331330207966
0.71,0.72,313.83363915870024
0.72,0.73,326.78309064822
0.73,0.74,340.26686438034227
0.74,0.75,348.2202253184496
0.75,0.76,354.3070076409443
0.76,0.77,358.423856764781
0.77,0.78,362.58854137124416
0.78,0.79,366.80161728186846
0.79,0.8,366.80161728186846
0.8,0.81,368.92647743437567
0.81,0.82,366.80161728186846
0.82,0.83,364.6889954232867
0.83,0.84,360.5001850443321
0.84,0.85,356.35948725613576
0.85,0.86,352.26634943845943
0.86,0.87,348.2202253184496
0.87,0.88,344.22057489773204
0.88,0.89,0.0
0.89,0.9,0.0
0.9,0.91,0.0
0.91,0.92,0.0
0.92,0.93,0.0
0.93,0.94,0.0
0.94,0.95,0.0
0.95,0.96,0.0
0.96,0.97,0.0
0.97,0.98,254.91212546385245
0.98,0.99,250.53288772482563
0.99,1.0,244.81070866093103
1.0,1.01,237.8414230005442
1.01,1.02,231.07053937445463
1.02,1.03,228.41646786215435
1.03,1.04,227.10088581417543
1.04,1.05,224.49240966187455
1.05,1.06,220.63576443274928
1.06,1.07,219.36499593892518
1.07,1.08,219.36499593892518
1.08,1.09,218.10154653305153
1.09,1.1,215.59643660857103
1.1,1.11,214.35469250725862
1.11,1.12,214.35469250725862
1.12,1.13,214.35469250725862
1.13,1.14,214.35469250725862
1.14,1.15,214.35469250725862
1.15,1.16,214.35469250725862
1.16,1.17,214.35469250725862
1.17,1.18,213.12010032569688
1.18,1.19,213.12010032569688
1.19,1.2,213.12010032569688
1.2,1.21,214.35469250725862
1.21,1.22,218.10154653305153
1.22,1.23,215.59643660857103
1.23,1.24,213.12010032569688
1.24,1.25,211.89261887185907
1.25,1.26,210.67220719096719
1.26,1.27,209.4588245641254
1.27,1.28,209.4588245641254
1.28,1.29,209.4588245641254
1.29,1.3,209.4588245641254
1.3,1.31,208.25243050696125
1.31,1.32,208.25243050696125
1.32,1.33,207.05298476827548
1.33,1.34,204.67477839935495
1.34,1.35,198.8480847635095
1.35,1.36,195.43199368684918
1.36,1.37,192.07458901020084
1.37,1.38,175.11872228117704
1.38,1.39,169.1535357262897
1.39,1.4,166.24757922855756
1.4,1.41,0.0
1.41,1.42,0.0
1.42,1.43,202.3238880603845
1.43,1.44,201.15858821357068
1.44,1.45,202.3238880603845
1.45,1.46,203.49593842053727
1.46,1.47,204.67477839935495
1.47,1.48,205.86044732869837
1.48,1.49,205.86044732869837
1.49,1.5,205.86044732869837
1.5,1.51,205.86044732869837
1.51,1.52,205.86044732869837
1.52,1.53,204.67477839935495
1.53,1.54,203.49593842053727
1.54,1.55,203.49593842053727
1.55,1.56,202.3238880603845
1.56,1.57,202.3238880603845
1.57,1.58,201.15858821357068
1.58,1.59,201.15858821357068
1.59,1.6,200.0
1.6,1.61,200.0
1.61,1.62,200.0
1.62,1.63,198.8480847635095
1.63,1.64,198.8480847635095
1.64,1.65,198.8480847635095
1.65,1.66,197.70280407057922
1.66,1.67,197.70280407057922
1.67,1.68,197.70280407057922
1.68,1.69,197.70280407057922
1.69,1.7,196.56411970905023
1.7,1.71,196.56411970905023
1.71,1.72,196.56411970905023
1.72,1.73,195.43199368684918
1.73,1.74,195.43199368684918
1.74,1.75,195.43199368684918
1.75,1.76,195.43199368684918
1.76,1.77,195.43199368684918
1.77,1.78,195.43199368684918
1.78,1.79,195.43199368684918
1.79,1.8,195.43199368684918
1.8,1.81,195.43199368684918
1.81,1.82,195.43199368684918
1.82,1.83,194.30638823072118
1.83,1.84,193.1872657849691
1.84,1.85,194.30638823072118
1.85,1.86,194.30638823072118
1.86,1.87,194.30638823072118
1.87,1.88,194.30638823072118
1.88,1.89,194.30638823072118
1.89,1.9,193.1872657849691
1.9,1.91,193.1872657849691
1.91,1.92,193.1872657849691
1.92,1.93,193.1872657849691
1.93,1.94,193.1872657849691
1.94,1.95,193.1872657849691
1.95,1.96,192.07458901020084
1.96,1.97,192.07458901020084
1.97,1.98,192.07458901020084
1.98,1.99,192.07458901020084
1.99,2.0,192.07458901020084
2.0,2.01,192.07458901020084
2.01,2.02,192.07458901020084
2.02,2.03,190.9683207820833
2.03,2.04,190.9683207820833
2.04,2.05,189.86842419010387
2.05,2.06,189.86842419010387
2.06,2.07,189.86842419010387
2.07,2.08,189.86842419010387
2.08,2.09,189.86842419010387
2.09,2.1,189.86842419010387
2.1,2.11,189.86842419010387
2.11,2.12,189.86842419010387
2.12,2.13,189.86842419010387
2.13,2.14,189.86842419010387
2.14,2.15,189.86842419010387
2.15,2.16,189.86842419010387
2.16,2.17,189.86842419010387
2.17,2.18,188.7748625363387
2.18,2.19,188.7748625363387
2.19,2.2,187.68759933422865
2.2,2.21,187.68759933422865
2.21,2.22,186.60659830736148
2.22,2.23,186.60659830736148
2.23,2.24,186.60659830736148
2.24,2.25,185.5318233882619
2.25,2.26,185.5318233882619
2.26,2.27,185.5318233882619
2.27,2.28,185.5318233882619
2.28,2.29,184.46323871718783
2.29,2.3,183.40080864093423
2.3,2.31,182.34449771164336
2.31,2.32,181.29427068562208
2.32,2.33,181.29427068562208
2.33,2.34,181.29427068562208
2.34,2.35,181.29427068562208
2.35,2.36,181.29427068562208
2.36,2.37,181.29427068562208
2.37,2.38,180.25009252216606
2.38,2.39,179.21192838239048
2.39,2.4,179.21192838239048
2.4,2.41,178.17974362806785
2.41,2.42,177.1535038204721
2.42,2.43,181.29427068562208
2.43,2.44,182.34449771164336
2.44,2.45,181.29427068562208
2.45,2.46,180.25009252216606
2.46,2.47,179.21192838239048
2.47,2.48,178.17974362806785
2.48,2.49,0.0
2.49,2.5,0.0
2.5,2.51,0.0
2.51,2.52,0.0
2.52,2.53,0.0
2.53,2.54,0.0
2.54,2.55,0.0
2.55,2.56,233.75544971224912
2.56,2.57,236.47155720542963
2.57,2.58,241.99881784385852
2.58,2.59,244.81070866093103
2.59,2.6,249.08992447176465
2.6,2.61,251.98420997897463
2.61,2.62,257.8740616879158
2.62,2.63,263.9015821545788
2.63,2.64,270.06998923363795
2.64,2.65,268.51450055605267
2.65,2.66,260.87041395311286
2.66,2.67,254.91212546385245
2.67,2.68,0.0
2.68,2.69,0.0
2.69,2.7,0.0
2.7,2.71,0.0
2.71,2.72,0.0
2.72,2.73,0.0
2.73,2.74,260.87041395311286
2.74,2.75,256.3888163841458
2.75,2.76,251.98420997897463
2.76,2.77,249.08992447176465
2.77,2.78,240.60500721642333
2.78,2.79,232.40911739156792
2.79,2.8,220.63576443274928
2.8,2.81,215.59643660857103
2.81,2.82,220.63576443274928
2.82,2.83,229.73967099940702
2.83,2.84,235.10958125672175
2.84,2.85,236.47155720542963
2.85,2.86,236.47155720542963
2.86,2.87,235.10958125672175
2.87,2.88,232.40911739156792
2.88,2.89,229.73967099940702
2.89,2.9,221.91389441356898
2.9,2.91,205.86044732869837
2.91,2.92,0.0
2.92,2.93,0.0
2.93,2.94,0.0
2.94,2.95,0.0
2.95,2.96,0.0
2.96,2.97,0.0
2.97,2.98,0.0
2.98,2.99,239.21922434748075
2.99,3.0,231.07053937445463
3.0,3.01,229.73967099940702
3.01,3.02,229.73967099940702
3.02,3.03,228.41646786215435
3.03,3.04,224.49240966187455
3.04,3.05,218.10154653305153
3.05,3.06,209.4588245641254
3.06,3.07,198.8480847635095
3.07,3.08,189.86842419010387
3.08,3.09,189.86842419010387
3.09,3.1,198.8480847635095
3.1,3.11,208.25243050696125
3.11,3.12,216.8453740602837
3.12,3.13,219.36499593892518
3.13,3.14,219.36499593892518
3.14,3.15,218.10154653305153
3.15,3.16,216.8453740602837
3.16,3.17,215.59643660857103
3.17,3.18,215.59643660857103
3.18,3.19,214.35469250725862
3.19,3.2,214.35469250725862
3.2,3.21,214.35469250725862
3.21,3.22,213.12010032569688
3.22,3.23,213.12010032569688
3.23,3.24,211.89261887185907
3.24,3.25,209.4588245641254
3.25,3.26,211.89261887185907
3.26,3.27,211.89261887185907
3.27,3.28,211.89261887185907
3.28,3.29,209.4588245641254
3.29,3.3,202.3238880603845
3.3,3.31,195.43199368684918
3.31,3.32,197.70280407057922
3.32,3.33,200.0
3.33,3.34,201.15858821357068
3.34,3.35,201.15858821357068
3.35,3.36,201.15858821357068
3.36,3.37,200.0
3.37,3.38,198.8480847635095
3.38,3.39,198.8480847635095
3.39,3.4,197.70280407057922
3.4,3.41,196.56411970905023
3.41,3.42,195.43199368684918
3.42,3.43,193.1872657849691
3.43,3.44,192.07458901020084
3.44,3.45,189.86842419010387
3.45,3.46,187.68759933422865
3.46,3.47,188.7748625363387
3.47,3.48,188.7748625363387
3.48,3.49,188.7748625363387
3.49,3.5,187.68759933422865
3.5,3.51,187.68759933422865
3.51,3.52,187.68759933422865
3.52,3.53,187.68759933422865
3.53,3.54,188.7748625363387
3.54,3.55,189.86842419010387
3.55,3.56,186.60659830736148
3.56,3.57,185.5318233882619
3.57,3.58,185.5318233882619
3.58,3.59,185.5318233882619
3.59,3.6,184.46323871718783
3.6,3.61,184.46323871718783
3.61,3.62,184.46323871718783
3.62,3.63,184.46323871718783
3.63,3.64,185.5318233882619
3.64,3.65,184.46323871718783
3.65,3.66,182.34449771164336
3.66,3.67,179.21192838239048
3.67,3.68,179.21192838239048
3.68,3.69,180.25009252216606
3.69,3.7,179.21192838239048
3.7,3.71,183.40080864093423
3.71,3.72,185.5318233882619
3.72,3.73,0.0
3.73,3.74,0.0
3.74,3.75,0.0
3.75,3.76,0.0
3.76,3.77,0.0
3.77,3.78,0.0
3.78,3.79,0.0
3.79,3.8,0.0
3.8,3.81,0.0
3.81,3.82,0.0
3.82,3.83,0.0
3.83,3.84,0.0
3.84,3.85,0.0
3.85,3.86,0.0
3.86,3.87,220.63576443274928
3.87,3.88,220.63576443274928
3.88,3.89,220.63576443274928
3.89,3.9,220.63576443274928
3.9,3.91,219.36499593892518
3.91,3.92,218.10154653305153
3.92,3.93,216.8453740602837
3.93,3.94,215.59643660857103
3.94,3.95,214.35469250725862
3.95,3.96,0.0
3.96,3.97,0.0
3.97,3.98,0.0
3.98,3.99,0.0
3.99,4.0,0.0
4.0,4.01,0.0
4.01,4.02,0.0
4.02,4.03,0.0
4.03,4.04,0.0
4.04,4.05,0.0
4.05,4.06,0.0
4.06,4.07,0.0
4.07,4.08,0.0
4.08,4.09,0.0
4.09,4.1,0.0
4.1,4.11,0.0
4.11,4.12,196.56411970905023
4.12,4.13,192.07458901020084
4.13,4.14,184.46323871718783
4.14,4.15,180.25009252216606
4.15,4.16,176.1331747192297
4.16,4.17,173.1073122012286
4.17,4.18,170.13343219017113
4.18,4.19,165.29006363084235
4.19,4.2,160.5845763726753
4.2,4.21,156.0130452026747
4.21,4.22,153.33283446696007
4.22,4.23,149.83070768766817
4.23,4.24,145.56531828421873
4.24,4.25,143.893358001082
4.25,4.26,142.24060181972814
4.26,4.27,140.60682916223496
4.27,4.28,138.99182198423372
4.28,4.29,138.99182198423372
4.29,4.3,138.99182198423372
4.3,4.31,138.99182198423372
4.31,4.32,139.79699341790194
4.32,4.33,139.79699341790194
4.33,4.34,139.79699341790194
4.34,4.35,138.99182198423372
4.35,4.36,138.99182198423372
4.36,4.37,138.99182198423372
4.37,4.38,138.99182198423372
4.38,4.39,138.1912879967776
4.39,4.4,138.1912879967776
4.4,4.41,138.1912879967776
4.41,4.42,138.99182198423372
4.42,4.43,138.99182198423372
4.43,4.44,138.99182198423372
4.44,4.45,138.99182198423372
4.45,4.46,138.99182198423372
4.46,4.47,139.79699341790194
4.47,4.48,139.79699341790194
4.48,4.49,139.79699341790194
4.49,4.5,142.24060181972814
4.5,4.51,141.4213562373095
4.51,4.52,139.79699341790194
4.52,4.53,138.1912879967776
4.53,4.54,138.1912879967776
4.54,4.55,138.1912879967776
4.55,4.56,138.99182198423372
4.56,4.57,138.99182198423372
4.57,4.58,138.99182198423372
4.58,4.59,139.79699341790194
4.59,4.6,139.79699341790194
4.6,4.61,139.79699341790194
4.61,4.62,139.79699341790194
4.62,4.63,139.79699341790194
4.63,4.64,141.4213562373095
4.64,4.65,142.24060181972814
4.65,4.66,140.60682916223496
4.66,4.67,138.99182198423372
4.67,4.68,138.1912879967776
4.68,4.69,0.0
4.69,4.7,0.0
4.7,4.71,0.0
4.71,4.72,0.0
4.72,4.73,0.0
4.73,4.74,0.0
4.74,4.75,0.0
4.75,4.76,0.0
4.76,4.77,0.0
4.77,4.78,0.0
4.78,4.79,0.0
4.79,4.8,0.0
4.8,4.81,0.0
4.81,4.82,0.0
4.82,4.83,0.0
4.83,4.84,0.0
4.84,4.85,0.0
4.85,4.86,0.0
4.86,4.87,0.0
4.87,4.88,0.0
4.88,4.89,0.0
4.89,4.9,0.0
4.9,4.91,0.0
4.91,4.92,0.0
4.92,4.93,0.0
4.93,4.94,0.0
4.94,4.95,0.0
4.95,4.96,0.0
4.96,4.97,0.0
4.97,4.98,0.0
4.98,4.99,0.0
4.99,5.0,0.0
5.0,5.01,0.0
5.01,5.02,0.0
5.02,5.03,0.0
5.03,5.04,0.0
5.04,5.05,0.0
5.05,5.06,0.0
5.06,5.07,0.0
5.07,5.08,0.0
5.08,5.09,0.0
5.09,5.1,0.0
5.1,5.11,0.0
5.11,5.12,0.0
5.12,5.13,0.0
5.13,5.14,0.0
5.14,5.15,0.0
5.15,5.16,0.0
5.16,5.17,0.0
5.17,5.18,0.0
5.18,5.19,0.0
5.19,5.2,0.0
5.2,5.21,0.0
5.21,5.22,0.0
5.22,5.23,0.0
5.23,5.24,0.0
5.24,5.25,0.0
5.25,5.26,0.0
5.26,5.27,0.0
5.27,5.28,0.0
5.28,5.29,0.0
5.29,5.3,0.0
5.3,5.31,0.0
5.31,5.32,0.0
5.32,5.33,0.0
5.33,5.34,0.0
5.34,5.35,0.0
5.35,5.36,0.0
5.36,5.37,0.0
5.37,5.38,0.0
5.38,5.39,0.0
5.39,5.4,0.0
5.4,5.41,0.0
5.41,5.42,0.0
5.42,5.43,0.0
5.43,5.44,0.0
5.44,5.45,0.0
5.45,5.46,0.0
5.46,5.47,0.0
5.47,5.48,0.0
5.48,5.49,0.0
5.49,5.5,0.0
5.5,5.51,192.07458901020084
5.51,5.52,189.86842419010387
5.52,5.53,189.86842419010387
5.53,5.54,190.9683207820833
5.54,5.55,197.70280407057922
5.55,5.56,197.70280407057922
5.56,5.57,197.70280407057922
5.57,5.58,194.30638823072118
5.58,5.59,194.30638823072118
5.59,5.6,194.30638823072118
5.6,5.61,194.30638823072118
5.61,5.62,194.30638823072118
5.62,5.63,194.30638823072118
5.63,5.64,192.07458901020084
5.64,5.65,184.46323871718783
5.65,5.66,182.34449771164336
5.66,5.67,194.30638823072118
5.67,5.68,193.1872657849691
5.68,5.69,194.30638823072118
5.69,5.7,194.30638823072118
5.7,5.71,193.1872657849691
5.71,5.72,193.1872657849691
5.72,5.73,189.86842419010387
5.73,5.74,188.7748625363387
5.74,5.75,187.68759933422865
5.75,5.76,186.60659830736148
5.76,5.77,186.60659830736148
5.77,5.78,0.0
5.78,5.79,0.0
5.79,5.8,0.0
5.8,5.81,0.0
5.81,5.82,0.0
5.82,5.83,0.0
5.83,5.84,0.0
5.84,5.85,0.0
5.85,5.86,0.0
5.86,5.87,0.0
5.87,5.88,0.0
5.88,5.89,0.0
5.89,5.9,0.0
5.9,5.91,0.0
5.91,5.92,190.9683207820833
5.92,5.93,190.9683207820833
5.93,5.94,190.9683207820833
5.94,5.95,189.86842419010387
5.95,5.96,185.5318233882619
5.96,5.97,181.29427068562208
5.97,5.98,179.21192838239048
5.98,5.99,176.1331747192297
5.99,6.0,175.11872228117704
6.0,6.01,180.25009252216606
6.01,6.02,188.7748625363387
6.02,6.03,189.86842419010387
6.03,6.04,190.9683207820833
6.04,6.05,189.86842419010387
6.05,6.06,192.07458901020084
6.06,6.07,189.86842419010387
6.07,6.08,187.68759933422865
6.08,6.09,182.34449771164336
6.09,6.1,0.0
6.1,6.11,0.0
6.11,6.12,0.0
6.12,6.13,183.40080864093423
6.13,6.14,182.34449771164336
6.14,6.15,181.29427068562208
6.15,6.16,181.29427068562208
6.16,6.17,180.25009252216606
6.17,6.18,177.1535038204721
6.18,6.19,178.17974362806785
6.19,6.2,180.25009252216606
6.2,6.21,176.1331747192297
6.21,6.22,173.1073122012286
6.22,6.23,171.11900513652043
6.23,6.24,169.1535357262897
6.24,6.25,168.1792830507429
6.25,6.26,166.24757922855756
6.26,6.27,166.24757922855756
6.27,6.28,162.4504792712471
6.28,6.29,0.0
6.29,6.3,0.0
6.3,6.31,0.0
6.31,6.32,0.0
6.32,6.33,0.0
6.33,6.34,0.0
6.34,6.35,0.0
6.35,6.36,171.11900513652043
6.36,6.37,170.13343219017113
6.37,6.38,170.13343219017113
6.38,6.39,170.13343219017113
6.39,6.4,170.13343219017113
6.4,6.41,170.13343219017113
6.41,6.42,170.13343219017113
6.42,6.43,175.11872228117704
6.43,6.44,172.11028744886602
6.44,6.45,176.1331747192297
6.45,6.46,176.1331747192297
6.46,6.47,0.0
6.47,6.48,207.05298476827548
6.48,6.49,209.4588245641254
6.49,6.5,215.59643660857103
6.5,6.51,221.91389441356898
6.51,6.52,227.10088581417543
6.52,6.53,233.75544971224912
6.53,6.54,239.21922434748075
6.54,6.55,243.40070273411817
6.55,6.56,246.2288826689832
6.56,6.57,249.08992447176465
6.57,6.58,251.98420997897463
6.58,6.59,254.91212546385245
6.59,6.6,257.8740616879158
6.6,6.61,262.38162088748976
6.61,6.62,266.96797083400685
6.62,6.63,268.51450055605267
6.63,6.64,268.51450055605267
6.64,6.65,266.96797083400685
6.65,6.66,273.20805135087915
6.66,6.67,277.98364396846745
6.67,6.68,279.5939868358039
6.68,6.69,279.5939868358039
6.69,6.7,279.5939868358039
6.7,6.71,281.2136583244699
6.71,6.72,281.2136583244699
6.72,6.73,281.2136583244699
6.73,6.74,281.2136583244699
6.74,6.75,281.2136583244699
6.75,6.76,279.5939868358039
6.76,6.77,277.98364396846745
6.77,6.78,276.38257599355524
6.78,6.79,279.5939868358039
6.79,6.8,286.12918648705164
6.8,6.81,287.786716002164
6.81,6.82,289.4538474880756
6.82,6.83,289.4538474880756
6.83,6.84,291.13063656843747
6.84,6.85,291.13063656843747
6.85,6.86,291.13063656843747
6.86,6.87,291.13063656843747
6.87,6.88,289.4538474880756
6.88,6.89,287.786716002164
6.89,6.9,284.4812036394563
6.9,6.91,284.4812036394563
6.91,6.92,284.4812036394563
6.92,6.93,286.12918648705164
6.93,6.94,284.4812036394563
6.94,6.95,287.786716002164
6.95,6.96,289.4538474880756
6.96,6.97,289.4538474880756
6.97,6.98,289.4538474880756
6.98,6.99,291.13063656843747
6.99,7.0,0.0
7.0,7.01,0.0
7.01,7.02,0.0
7.02,7.03,0.0
7.03,7.04,0.0
7.04,7.05,0.0
7.05,7.06,0.0
7.06,7.07,0.0
7.07,7.08,0.0
7.08,7.09,0.0
7.09,7.1,0.0
7.1,7.11,0.0
7.11,7.12,0.0
7.12,7.13,0.0
7.13,7.14,0.0
7.14,7.15,0.0
7.15,7.16,0.0
7.16,7.17,0.0
7.17,7.18,0.0
7.18,7.19,0.0
7.19,7.2,0.0
7.2,7.21,0.0
7.21,7.22,0.0
7.22,7.23,0.0
7.23,7.24,0.0
7.24,7.25,0.0
7.25,7.26,0.0
7.26,7.27,0.0
7.27,7.28,0.0
7.28,7.29,0.0
7.29,7.3,0.0
7.3,7.31,0.0
7.31,7.32,0.0
7.32,7.33,0.0
7.33,7.34,0.0
7.34,7.35,0.0
7.35,7.36,0.0
7.36,7.37,0.0
7.37,7.38,0.0
7.38,7.39,0.0
7.39,7.4,0.0
7.4,7.41,0.0
7.41,7.42,0.0
7.42,7.43,0.0
7.43,7.44,0.0
7.44,7.45,0.0
7.45,7.46,0.0
7.46,7.47,0.0
7.47,7.48,0.0
7.48,7.49,0.0
7.49,7.5,0.0
7.5,7.51,0.0
7.51,7.52,0.0
7.52,7.53,0.0
7.53,7.54,0.0
7.54,7.55,0.0
7.55,7.56,0.0
7.56,7.57,0.0
7.57,7.58,0.0
7.58,7.59,0.0
7.59,7.6,0.0
7.6,7.61,0.0
7.61,7.62,0.0
7.62,7.63,0.0
7.63,7.64,0.0
7.64,7.65,0.0
7.65,7.66,0.0
7.66,7.67,0.0
7.67,7.68,0.0
7.68,7.69,0.0
7.69,7.7,0.0
7.7,7.71,0.0
7.71,7.72,0.0
7.72,7.73,0.0
7.73,7.74,0.0
7.74,7.75,0.0
7.75,7.76,0.0
7.76,7.77,0.0
7.77,7.78,0.0
7.78,7.79,0.0
7.79,7.8,249.08992447176465
7.8,7.81,249.08992447176465
7.81,7.82,249.08992447176465
7.82,7.83,249.08992447176465
7.83,7.84,247.65527207548806
7.84,7.85,246.2288826689832
7.85,7.86,246.2288826689832
7.86,7.87,244.81070866093103
7.87,7.88,241.99881784385852
7.88,7.89,237.8414230005442
7.89,7.9,233.75544971224912
7.9,7.91,231.07053937445463
7.91,7.92,228.41646786215435
7.92,7.93,224.49240966187455
7.93,7.94,221.91389441356898
7.94,7.95,218.10154653305153
7.95,7.96,215.59643660857103
7.96,7.97,214.35469250725862
7.97,7.98,214.35469250725862
7.98,7.99,214.35469250725862
7.99,8.0,214.35469250725862
8.0,8.01,215.59643660857103
8.01,8.02,216.8453740602837
8.02,8.03,216.8453740602837
8.03,8.04,218.10154653305153
8.04,8.05,218.10154653305153
8.05,8.06,218.10154653305153
8.06,8.07,218.10154653305153
8.07,8.08,216.8453740602837
8.08,8.09,216.8453740602837
8.09,8.1,215.59643660857103
8.1,8.11,215.59643660857103
8.11,8.12,216.8453740602837
8.12,8.13,216.8453740602837
8.13,8.14,216.8453740602837
8.14,8.15,215.59643660857103
8.15,8.16,216.8453740602837
8.16,8.17,209.4588245641254
8.17,8.18,204.67477839935495
8.18,8.19,198.8480847635095
8.19,8.2,194.30638823072118
8.2,8.21,190.9683207820833
8.21,8.22,186.60659830736148
8.22,8.23,181.29427068562208
8.23,8.24,179.21192838239048
8.24,8.25,175.11872228117704
8.25,8.26,177.1535038204721
8.26,8.27,186.60659830736148
8.27,8.28,187.68759933422865
8.28,8.29,187.68759933422865
8.29,8.3,196.56411970905023
8.3,8.31,197.70280407057922
8.31,8.32,196.56411970905023
8.32,8.33,195.43199368684918
8.33,8.34,193.1872657849691
8.34,8.35,187.68759933422865
8.35,8.36,186.60659830736148
8.36,8.37,180.25009252216606
8.37,8.38,190.9683207820833
8.38,8.39,0.0
8.39,8.4,0.0
8.4,8.41,0.0
8.41,8.42,0.0
8.42,8.43,0.0
8.43,8.44,0.0
8.44,8.45,192.07458901020084
8.45,8.46,182.34449771164336
8.46,8.47,192.07458901020084
8.47,8.48,187.68759933422865
8.48,8.49,186.60659830736148
8.49,8.5,183.40080864093423
8.5,8.51,180.25009252216606
8.51,8.52,176.1331747192297
8.52,8.53,174.11011265922482
8.53,8.54,173.1073122012286
8.54,8.55,178.17974362806785
8.55,8.56,174.11011265922482
8.56,8.57,187.68759933422865
8.57,8.58,190.9683207820833
8.58,8.59,195.43199368684918
8.59,8.6,190.9683207820833
8.6,8.61,189.86842419010387
8.61,8.62,186.60659830736148
8.62,8.63,183.40080864093423
8.63,8.64,181.29427068562208
8.64,8.65,179.21192838239048
8.65,8.66,178.17974362806785
8.66,8.67,177.1535038204721
8.67,8.68,176.1331747192297
8.68,8.69,177.1535038204721
8.69,8.7,183.40080864093423
8.7,8.71,186.60659830736148
8.71,8.72,188.7748625363387
8.72,8.73,190.9683207820833
8.73,8.74,195.43199368684918
8.74,8.75,196.56411970905023
8.75,8.76,196.56411970905023
8.76,8.77,197.70280407057922
8.77,8.78,197.70280407057922
8.78,8.79,197.70280407057922
8.79,8.8,198.8480847635095
8.8,8.81,200.0
8.81,8.82,200.0
8.82,8.83,200.0
8.83,8.84,200.0
8.84,8.85,198.8480847635095
8.85,8.86,196.56411970905023
8.86,8.87,194.30638823072118
8.87,8.88,193.1872657849691
8.88,8.89,193.1872657849691
8.89,8.9,192.07458901020084
8.9,8.91,188.7748625363387
8.91,8.92,185.5318233882619
8.92,8.93,183.40080864093423
8.93,8.94,181.29427068562208
8.94,8.95,180.25009252216606
8.95,8.96,178.17974362806785
8.96,8.97,176.1331747192297
8.97,8.98,172.11028744886602
8.98,8.99,168.1792830507429
8.99,9.0,0.0
9.0,9.01,0.0
9.01,9.02,0.0
9.02,9.03,0.0
9.03,9.04,0.0
9.04,9.05,0.0
9.05,9.06,0.0
9.06,9.07,0.0
9.07,9.08,0.0
9.08,9.09,0.0
9.09,9.1,0.0
9.1,9.11,0.0
9.11,9.12,0.0
9.12,9.13,0.0
9.13,9.14,171.11900513652043
9.14,9.15,172.11028744886602
9.15,9.16,173.1073122012286
9.16,9.17,173.1073122012286
9.17,9.18,172.11028744886602
9.18,9.19,171.11900513652043
9.19,9.2,170.13343219017113
9.2,9.21,169.1535357262897
9.21,9.22,167.2106416577019
9.22,9.23,167.2106416577019
9.23,9.24,167.2106416577019
9.24,9.25,168.1792830507429
9.25,9.26,169.1535357262897
9.26,9.27,170.13343219017113
9.27,9.28,172.11028744886602
9.28,9.29,174.11011265922482
9.29,9.3,173.1073122012286
9.3,9.31,171.11900513652043
9.31,9.32,169.1535357262897
9.32,9.33,166.24757922855756
9.33,9.34,164.33806291715806
9.34,9.35,162.4504792712471
9.35,9.36,161.5148333600084
9.36,9.37,161.5148333600084
9.37,9.38,164.33806291715806
9.38,9.39,164.33806291715806
9.39,9.4,164.33806291715806
9.4,9.41,162.4504792712471
9.41,9.42,162.4504792712471
9.42,9.43,161.5148333600084
9.43,9.44,161.5148333600084
9.44,9.45,161.5148333600084
9.45,9.46,161.5148333600084
9.46,9.47,161.5148333600084
9.47,9.48,161.5148333600084
9.48,9.49,172.11028744886602
9.49,9.5,176.1331747192297
9.5,9.51,176.1331747192297
9.51,9.52,178.17974362806785
9.52,9.53,179.21192838239048
9.53,9.54,179.21192838239048
9.54,9.55,181.29427068562208
9.55,9.56,182.34449771164336
9.56,9.57,184.46323871718783
9.57,9.58,193.1872657849691
9.58,9.59,205.86044732869837
9.59,9.6,0.0
9.6,9.61,0.0
9.61,9.62,0.0
9.62,9.63,227.10088581417543
9.63,9.64,229.73967099940702
9.64,9.65,232.40911739156792
9.65,9.66,236.47155720542963
9.66,9.67,240.60500721642333
9.67,9.68,244.81070866093103
9.68,9.69,250.53288772482563
9.69,9.7,253.44393965741244
9.7,9.71,256.3888163841458
9.71,9.72,257.8740616879158
9.72,9.73,257.8740616879158
9.73,9.74,257.8740616879158
9.74,9.75,257.8740616879158
9.75,9.76,257.8740616879158
9.76,9.77,259.3679109302019
9.77,9.78,260.87041395311286
9.78,9.79,260.87041395311286
9.79,9.8,262.38162088748976
9.8,9.81,263.9015821545788
9.81,9.82,263.9015821545788
9.82,9.83,263.9015821545788
9.83,9.84,265.4303484677136
9.84,9.85,266.96797083400685
9.85,9.86,268.51450055605267
9.86,9.87,270.06998923363795
9.87,9.88,270.06998923363795
9.88,9.89,268.51450055605267
9.89,9.9,268.51450055605267
9.9,9.91,266.96797083400685
9.91,9.92,266.96797083400685
9.92,9.93,265.4303484677136
9.93,9.94,265.4303484677136
9.94,9.95,265.4303484677136
9.95,9.96,263.9015821545788
9.96,9.97,263.9015821545788
9.97,9.98,262.38162088748976
9.98,9.99,262.38162088748976
9.99,10.0,262.38162088748976
10.0,10.01,262.38162088748976
10.01,10.02,262.38162088748976
10.02,10.03,265.4303484677136
10.03,10.04,263.9015821545788
10.04,10.05,263.9015821545788
10.05,10.06,263.9015821545788
10.06,10.07,263.9015821545788
10.07,10.08,262.38162088748976
10.08,10.09,262.38162088748976
10.09,10.1,262.38162088748976
10.1,10.11,0.0
10.11,10.12,0.0
10.12,10.13,0.0
10.13,10.14,0.0
10.14,10.15,0.0
10.15,10.16,0.0
10.16,10.17,0.0
10.17,10.18,0.0
10.18,10.19,0.0
10.19,10.2,0.0
10.2,10.21,0.0
10.21,10.22,0.0
10.22,10.23,0.0
10.23,10.24,0.0
10.24,10.25,0.0
10.25,10.26,0.0
10.26,10.27,0.0
10.27,10.28,0.0
10.28,10.29,0.0
10.29,10.3,0.0
10.3,10.31,0.0
10.31,10.32,0.0
10.32,10.33,0.0
10.33,10.34,0.0
10.34,10.35,0.0
10.35,10.36,0.0
10.36,10.37,0.0
10.37,10.38,0.0
10.38,10.39,181.29427068562208
10.39,10.4,181.29427068562208
10.4,10.41,179.21192838239048
10.41,10.42,178.17974362806785
10.42,10.43,168.1792830507429
10.43,10.44,0.0
10.44,10.45,0.0
10.45,10.46,0.0
10.46,10.47,0.0
10.47,10.48,0.0
10.48,10.49,0.0
10.49,10.5,200.0
10.5,10.51,200.0
10.51,10.52,198.8480847635095
10.52,10.53,200.0
10.53,10.54,198.8480847635095
10.54,10.55,200.0
10.55,10.56,200.0
10.56,10.57,200.0
10.57,10.58,198.8480847635095
10.58,10.59,197.70280407057922
10.59,10.6,197.70280407057922
10.6,10.61,196.56411970905023
10.61,10.62,193.1872657849691
10.62,10.63,192.07458901020084
10.63,10.64,196.56411970905023
10.64,10.65,196.56411970905023
10.65,10.66,197.70280407057922
10.66,10.67,197.70280407057922
10.67,10.68,196.56411970905023
10.68,10.69,196.56411970905023
10.69,10.7,195.43199368684918
10.7,10.71,184.46323871718783
10.71,10.72,175.11872228117704
10.72,10.73,0.0
10.73,10.74,0.0
10.74,10.75,0.0
10.75,10.76,0.0
10.76,10.77,0.0
10.77,10.78,0.0
10.78,10.79,0.0
10.79,10.8,0.0
10.8,10.81,0.0
10.81,10.82,0.0
10.82,10.83,263.9015821545788
10.83,10.84,266.96797083400685
10.84,10.85,270.06998923363795
10.85,10.86,271.6344887654643
10.86,10.87,276.38257599355524
10.87,10.88,287.786716002164
10.88,10.89,291.13063656843747
10.89,10.9,296.2195104573129
10.9,10.91,299.66141537533633
10.91,10.92,296.2195104573129
10.92,10.93,291.13063656843747
10.93,10.94,282.842712474619
10.94,10.95,277.98364396846745
10.95,10.96,303.14331330207966
10.96,10.97,271.6344887654643
10.97,10.98,266.96797083400685
10.98,10.99,263.9015821545788
10.99,11.0,262.38162088748976
11.0,11.01,260.87041395311286
11.01,11.02,259.3679109302019
11.02,11.03,257.8740616879158
11.03,11.04,256.3888163841458
11.04,11.05,253.44393965741244
11.05,11.06,249.08992447176465
11.06,11.07,246.2288826689832
11.07,11.08,241.99881784385852
11.08,11.09,237.8414230005442
11.09,11.1,233.75544971224912
11.1,11.11,231.07053937445463
11.11,11.12,229.73967099940702
11.12,11.13,228.41646786215435
11.13,11.14,227.10088581417543
11.14,11.15,225.79288096122622
11.15,11.16,225.79288096122622
11.16,11.17,229.73967099940702
11.17,11.18,228.41646786215435
11.18,11.19,228.41646786215435
11.19,11.2,227.10088581417543
11.2,11.21,227.10088581417543
11.21,11.22,227.10088581417543
11.22,11.23,228.41646786215435
11.23,11.24,228.41646786215435
11.24,11.25,229.73967099940702
11.25,11.26,229.73967099940702
11.26,11.27,229.73967099940702
11.27,11.28,229.73967099940702
11.28,11.29,229.73967099940702
11.29,11.3,228.41646786215435
11.3,11.31,227.10088581417543
11.31,11.32,225.79288096122622
11.32,11.33,223.1994285260446
11.33,11.34,219.36499593892518
11.34,11.35,215.59643660857103
11.35,11.36,221.91389441356898
11.36,11.37,223.1994285260446
11.37,11.38,224.49240966187455
11.38,11.39,208.25243050696125
11.39,11.4,201.15858821357068
11.4,11.41,200.0
11.41,11.42,200.0
11.42,11.43,200.0
11.43,11.44,198.8480847635095
11.44,11.45,198.8480847635095
11.45,11.46,198.8480847635095
11.46,11.47,196.56411970905023
11.47,11.48,198.8480847635095
11.48,11.49,194.30638823072118
11.49,11.5,189.86842419010387
11.5,11.51,188.7748625363387
11.51,11.52,188.7748625363387
11.52,11.53,187.68759933422865
11.53,11.54,187.68759933422865
11.54,11.55,187.68759933422865
11.55,11.56,181.29427068562208
11.56,11.57,181.29427068562208
11.57,11.58,0.0
11.58,11.59,0.0
11.59,11.6,0.0
11.6,11.61,0.0
11.61,11.62,0.0
11.62,11.63,0.0
11.63,11.64,200.0
11.64,11.65,197.70280407057922
11.65,11.66,193.1872657849691
11.66,11.67,188.7748625363387
11.67,11.68,186.60659830736148
11.68,11.69,185.5318233882619
11.69,11.7,183.40080864093423
11.7,11.71,182.34449771164336
11.71,11.72,180.25009252216606
11.72,11.73,182.34449771164336
11.73,11.74,182.34449771164336
11.74,11.75,182.34449771164336
11.75,11.76,179.21192838239048
11.76,11.77,177.1535038204721
11.77,11.78,177.1535038204721
11.78,11.79,176.1331747192297
11.79,11.8,174.11011265922482
11.8,11.81,173.1073122012286
11.81,11.82,179.21192838239048
11.82,11.83,181.29427068562208
11.83,11.84,185.5318233882619
11.84,11.85,182.34449771164336
11.85,11.86,183.40080864093423
11.86,11.87,184.46323871718783
11.87,11.88,183.40080864093423
11.88,11.89,182.34449771164336
11.89,11.9,182.34449771164336
11.9,11.91,180.25009252216606
11.91,11.92,179.21192838239048
11.92,11.93,178.17974362806785
11.93,11.94,177.1535038204721
11.94,11.95,174.11011265922482
11.95,11.96,178.17974362806785
11.96,11.97,180.25009252216606
11.97,11.98,180.25009252216606
11.98,11.99,179.21192838239048
11.99,12.0,179.21192838239048
12.0,12.01,178.17974362806785
12.01,12.02,177.1535038204721
12.02,12.03,177.1535038204721
12.03,12.04,177.1535038204721
12.04,12.05,177.1535038204721
12.05,12.06,178.17974362806785
12.06,12.07,181.29427068562208
12.07,12.08,183.40080864093423
12.08,12.09,183.40080864093423
12.09,12.1,185.5318233882619
12.1,12.11,187.68759933422865
12.11,12.12,189.86842419010387
12.12,12.13,193.1872657849691
12.13,12.14,198.8480847635095
12.14,12.15,209.4588245641254
12.15,12.16,216.8453740602837
12.16,12.17,225.79288096122622
12.17,12.18,233.75544971224912
12.18,12.19,237.8414230005442
12.19,12.2,240.60500721642333
12.2,12.21,243.40070273411817
12.21,12.22,246.2288826689832
12.22,12.23,249.08992447176465
12.23,12.24,250.53288772482563
12.24,12.25,250.53288772482563
12.25,12.26,256.3888163841458
12.26,12.27,254.91212546385245
12.27,12.28,254.91212546385245
12.28,12.29,241.99881784385852
12.29,12.3,246.2288826689832
12.3,12.31,243.40070273411817
12.31,12.32,239.21922434748075
12.32,12.33,236.47155720542963
12.33,12.34,229.73967099940702
12.34,12.35,224.49240966187455
12.35,12.36,219.36499593892518
12.36,12.37,215.59643660857103
12.37,12.38,213.12010032569688
12.38,12.39,209.4588245641254
12.39,12.4,205.86044732869837
12.4,12.41,203.49593842053727
12.41,12.42,0.0
12.42,12.43,0.0
12.43,12.44,0.0
12.44,12.45,0.0
12.45,12.46,0.0
12.46,12.47,0.0
12.47,12.48,0.0
12.48,12.49,0.0
12.49,12.5,0.0
12.5,12.51,0.0
12.51,12.52,0.0
12.52,12.53,0.0
12.53,12.54,215.59643660857103
12.54,12.55,202.3238880603845
12.55,12.56,207.05298476827548
12.56,12.57,207.05298476827548
12.57,12.58,207.05298476827548
12.58,12.59,207.05298476827548
12.59,12.6,207.05298476827548
12.6,12.61,205.86044732869837
12.61,12.62,204.67477839935495
12.62,12.63,203.49593842053727
12.63,12.64,202.3238880603845
12.64,12.65,200.0
12.65,12.66,193.1872657849691
12.66,12.67,188.7748625363387
12.67,12.68,183.40080864093423
12.68,12.69,180.25009252216606
12.69,12.7,180.25009252216606
12.7,12.71,179.21192838239048
12.71,12.72,179.21192838239048
12.72,12.73,178.17974362806785
12.73,12.74,176.1331747192297
12.74,12.75,175.11872228117704
12.75,12.76,0.0
12.76,12.77,0.0
12.77,12.78,0.0
12.78,12.79,0.0
12.79,12.8,0.0
12.8,12.81,0.0
12.81,12.82,0.0
12.82,12.83,0.0
12.83,12.84,0.0
12.84,12.85,0.0
12.85,12.86,0.0
12.86,12.87,0.0
12.87,12.88,0.0
12.88,12.89,0.0
12.89,12.9,0.0
12.9,12.91,0.0
12.91,12.92,270.06998923363795
12.92,12.93,276.38257599355524
12.93,12.94,281.2136583244699
12.94,12.95,286.12918648705164
12.95,12.96,292.81713918912504
12.96,12.97,301.3973362949152
12.97,12.98,304.8994046511524
12.98,12.99,306.66566893392013
12.99,13.0,303.14331330207966
13.0,13.01,296.2195104573129
13.01,13.02,291.13063656843747
13.02,13.03,284.4812036394563
13.03,13.04,277.98364396846745
13.04,13.05,271.6344887654643
13.05,13.06,251.98420997897463
13.06,13.07,235.10958125672175
13.07,13.08,221.91389441356898
13.08,13.09,0.0
13.09,13.1,0.0
13.1,13.11,0.0
13.11,13.12,0.0
13.12,13.13,0.0
13.13,13.14,223.1994285260446
13.14,13.15,221.91389441356898
13.15,13.16,220.63576443274928
13.16,13.17,219.36499593892518
13.17,13.18,218.10154653305153
13.18,13.19,215.59643660857103
13.19,13.2,214.35469250725862
13.2,13.21,211.89261887185907
13.21,13.22,208.25243050696125
13.22,13.23,205.86044732869837
13.23,13.24,200.0
13.24,13.25,190.9683207820833
13.25,13.26,192.07458901020084
13.26,13.27,181.29427068562208
13.27,13.28,183.40080864093423
13.28,13.29,178.17974362806785
13.29,13.3,177.1535038204721
13.3,13.31,177.1535038204721
13.31,13.32,176.1331747192297
13.32,13.33,175.11872228117704
13.33,13.34,175.11872228117704
13.34,13.35,176.1331747192297
13.35,13.36,0.0
13.36,13.37,192.07458901020084
13.37,13.38,188.7748625363387
13.38,13.39,187.68759933422865
13.39,13.4,185.5318233882619
13.4,13.41,183.40080864093423
13.41,13.42,181.29427068562208
13.42,13.43,179.21192838239048
13.43,13.44,176.1331747192297
13.44,13.45,174.11011265922482
13.45,13.46,169.1535357262897
13.46,13.47,175.11872228117704
13.47,13.48,0.0
13.48,13.49,0.0
13.49,13.5,0.0
13.5,13.51,0.0
13.51,13.52,0.0
13.52,13.53,189.86842419010387
13.53,13.54,188.7748625363387
13.54,13.55,185.5318233882619
13.55,13.56,182.34449771164336
13.56,13.57,180.25009252216606
13.57,13.58,178.17974362806785
13.58,13.59,176.1331747192297
13.59,13.6,174.11011265922482
13.6,13.61,171.11900513652043
13.61,13.62,168.1792830507429
13.62,13.63,168.1792830507429
13.63,13.64,168.1792830507429
13.64,13.65,168.1792830507429
13.65,13.66,164.33806291715806
13.66,13.67,162.4504792712471
13.67,13.68,160.5845763726753
13.68,13.69,159.65967727133
13.69,13.7,158.74010519681997
13.7,13.71,157.8258294677283
13.71,13.72,157.8258294677283
13.72,13.73,156.91681957935012
13.73,13.74,156.91681957935012
13.74,13.75,156.0130452026747
13.75,13.76,155.11447618337345
13.76,13.77,153.33283446696007
13.77,13.78,152.4497023255762
13.78,13.79,150.69866814745757
13.79,13.8,148.96774631227024
13.8,13.81,0.0
13.81,13.82,0.0
13.82,13.83,0.0
13.83,13.84,146.40856959456255
13.84,13.85,146.40856959456255
13.85,13.86,146.40856959456255
13.86,13.87,145.56531828421873
13.87,13.88,144.7269237440378
13.88,13.89,142.24060181972814
13.89,13.9,138.1912879967776
13.9,13.91,138.99182198423372
13.91,13.92,145.56531828421873
13.92,13.93,144.7269237440378
13.93,13.94,144.7269237440378
13.94,13.95,0.0
13.95,13.96,0.0
13.96,13.97,0.0
13.97,13.98,0.0
13.98,13.99,0.0
13.99,14.0,0.0
14.0,14.01,0.0
14.01,14.02,0.0
14.02,14.03,0.0
14.03,14.04,0.0
14.04,14.05,0.0
14.05,14.06,0.0
14.06,14.07,0.0
14.07,14.08,0.0
14.08,14.09,0.0
14.09,14.1,0.0
14.1,14.11,0.0
14.11,14.12,0.0
14.12,14.13,0.0
14.13,14.14,0.0
14.14,14.15,0.0
14.15,14.16,0.0
14.16,14.17,0.0
14.17,14.18,0.0
14.18,14.19,0.0
14.19,14.2,0.0
14.2,14.21,0.0
14.21,14.22,0.0
14.22,14.23,0.0
14.23,14.24,0.0
14.24,14.25,0.0
14.25,14.26,0.0
14.26,14.27,0.0
14.27,14.28,0.0
14.28,14.29,0.0
14.29,14.3,0.0
14.3,14.31,0.0
14.31,14.32,0.0
14.32,14.33,0.0
14.33,14.34,0.0
14.34,14.35,0.0
14.35,14.36,0.0
14.36,14.37,0.0
14.37,14.38,0.0
14.38,14.39,0.0
14.39,14.4,0.0
14.4,14.41,0.0
14.41,14.42,0.0
14.42,14.43,0.0
14.43,14.44,0.0
14.44,14.45,0.0
14.45,14.46,0.0
14.46,14.47,0.0
14.47,14.48,0.0
14.48,14.49,0.0
14.49,14.5,0.0
14.5,14.51,0.0
14.51,14.52,0.0
14.52,14.53,0.0
14.53,14.54,0.0
14.54,14.55,0.0
14.55,14.56,0.0
14.56,14.57,0.0
14.57,14.58,0.0
14.58,14.59,0.0
14.59,14.6,0.0
14.6,14.61,0.0
14.61,14.62,0.0
14.62,14.63,0.0
14.63,14.64,0.0
14.64,14.65,0.0
14.65,14.66,0.0
14.66,14.67,0.0
14.67,14.68,0.0
14.68,14.69,0.0
14.69,14.7,0.0
14.7,14.71,0.0
14.71,14.72,231.07053937445463
14.72,14.73,223.1994285260446
14.73,14.74,227.10088581417543
14.74,14.75,233.75544971224912
14.75,14.76,237.8414230005442
14.76,14.77,244.81070866093103
14.77,14.78,250.53288772482563
14.78,14.79,256.3888163841458
14.79,14.8,260.87041395311286
14.8,14.81,277.98364396846745
14.81,14.82,292.81713918912504
14.82,14.83,296.2195104573129
14.83,14.84,297.93549262454053
14.84,14.85,297.93549262454053
14.85,14.86,299.66141537533633
14.86,14.87,299.66141537533633
14.87,14.88,297.93549262454053
14.88,14.89,294.5134116201051
14.89,14.9,292.81713918912504
14.9,14.91,289.4538474880756
14.91,14.92,284.4812036394563
14.92,14.93,277.98364396846745
14.93,14.94,274.79072949161787
14.94,14.95,0.0
14.95,14.96,0.0
14.96,14.97,0.0
14.97,14.98,0.0
14.98,14.99,0.0
14.99,15.0,0.0
15.0,15.01,233.75544971224912
15.01,15.02,228.41646786215435
15.02,15.03,225.79288096122622
15.03,15.04,223.1994285260446
15.04,15.05,220.63576443274928
15.05,15.06,219.36499593892518
15.06,15.07,218.10154653305153
15.07,15.08,218.10154653305153
15.08,15.09,216.8453740602837
15.09,15.1,215.59643660857103
15.1,15.11,214.35469250725862
15.11,15.12,210.67220719096719
15.12,15.13,205.86044732869837
15.13,15.14,207.05298476827548
15.14,15.15,207.05298476827548
15.15,15.16,208.25243050696125
15.16,15.17,208.25243050696125
15.17,15.18,208.25243050696125
15.18,15.19,208.25243050696125
15.19,15.2,209.4588245641254
15.2,15.21,207.05298476827548
15.21,15.22,205.86044732869837
15.22,15.23,203.49593842053727
15.23,15.24,202.3238880603845
15.24,15.25,201.15858821357068
15.25,15.26,200.0
15.26,15.27,200.0
15.27,15.28,198.8480847635095
15.28,15.29,197.70280407057922
15.29,15.3,198.8480847635095
15.3,15.31,200.0
15.31,15.32,200.0
15.32,15.33,196.56411970905023
15.33,15.34,195.43199368684918
15.34,15.35,195.43199368684918
15.35,15.36,194.30638823072118
15.36,15.37,193.1872657849691
15.37,15.38,192.07458901020084
15.38,15.39,193.1872657849691
15.39,15.4,195.43199368684918
15.4,15.41,197.70280407057922
15.41,15.42,203.49593842053727
15.42,15.43,207.05298476827548
15.43,15.44,208.25243050696125
15.44,15.45,210.67220719096719
15.45,15.46,211.89261887185907
15.46,15.47,213.12010032569688
15.47,15.48,213.12010032569688
15.48,15.49,213.12010032569688
15.49,15.5,213.12010032569688
15.5,15.51,213.12010032569688
15.51,15.52,211.89261887185907
15.52,15.53,209.4588245641254
15.53,15.54,207.05298476827548
15.54,15.55,205.86044732869837
15.55,15.56,204.67477839935495
15.56,15.57,202.3238880603845
15.57,15.58,200.0
15.58,15.59,197.70280407057922
15.59,15.6,195.43199368684918
15.6,15.61,190.9683207820833
15.61,15.62,186.60659830736148
15.62,15.63,179.21192838239048
15.63,15.64,171.11900513652043
15.64,15.65,0.0
15.65,15.66,0.0
15.66,15.67,0.0
15.67,15.68,0.0
15.68,15.69,0.0
15.69,15.7,0.0
15.7,15.71,0.0
15.71,15.72,0.0
15.72,15.73,0.0
15.73,15.74,166.24757922855756
15.74,15.75,165.29006363084235
15.75,15.76,162.4504792712471
15.76,15.77,160.5845763726753
15.77,15.78,155.11447618337345
15.78,15.79,153.33283446696007
15.79,15.8,151.57165665103983
15.8,15.81,150.69866814745757
15.81,15.82,149.83070768766817
15.82,15.83,149.83070768766817
15.83,15.84,149.83070768766817
15.84,15.85,148.96774631227024
15.85,15.86,148.1097552286564
15.86,15.87,145.56531828421873
15.87,15.88,144.7269237440378
15.88,15.89,143.893358001082
15.89,15.9,143.06459324352582
15.9,15.91,143.893358001082
15.91,15.92,144.7269237440378
15.92,15.93,143.893358001082
15.93,15.94,143.893358001082
15.94,15.95,143.893358001082
15.95,15.96,142.24060181972814
15.96,15.97,142.24060181972814
15.97,15.98,149.83070768766817
15.98,15.99,0.0
15.99,16.0,0.0
16.0,16.01,0.0
16.01,16.02,0.0
16.02,16.03,169.1535357262897
16.03,16.04,165.29006363084235
16.04,16.05,162.4504792712471
16.05,16.06,161.5148333600084
16.06,16.07,157.8258294677283
16.07,16.08,156.0130452026747
16.08,16.09,155.11447618337345
16.09,16.1,154.22108254079407
16.1,16.11,153.33283446696007
16.11,16.12,149.83070768766817
16.12,16.13,159.65967727133
16.13,16.14,156.0130452026747
16.14,16.15,163.39154532410998
16.15,16.16,162.4504792712471
16.16,16.17,161.5148333600084
16.17,16.18,160.5845763726753
16.18,16.19,159.65967727133
16.19,16.2,158.74010519681997
16.2,16.21,157.8258294677283
16.21,16.22,156.0130452026747
16.22,16.23,156.91681957935012
16.23,16.24,155.11447618337345
16.24,16.25,153.33283446696007
16.25,16.26,154.22108254079407
16.26,16.27,153.33283446696007
16.27,16.28,152.4497023255762
16.28,16.29,153.33283446696007
16.29,16.3,151.57165665103983
16.3,16.31,151.57165665103983
16.31,16.32,150.69866814745757
16.32,16.33,149.83070768766817
16.33,16.34,148.96774631227024
16.34,16.35,148.1097552286564
16.35,16.36,151.57165665103983
16.36,16.37,150.69866814745757
16.37,16.38,151.57165665103983
16.38,16.39,153.33283446696007
16.39,16.4,158.74010519681997
16.4,16.41,0.0
16.41,16.42,0.0
16.42,16.43,0.0
16.43,16.44,0.0
16.44,16.45,0.0
16.45,16.46,0.0
16.46,16.47,0.0
16.47,16.48,0.0
16.48,16.49,0.0
16.49,16.5,0.0
16.5,16.51,0.0
16.51,16.52,0.0
16.52,16.53,0.0
16.53,16.54,0.0
16.54,16.55,0.0
16.55,16.56,0.0
16.56,16.57,0.0
16.57,16.58,0.0
16.58,16.59,0.0
16.59,16.6,0.0
16.6,16.61,0.0
16.61,16.62,0.0
16.62,16.63,0.0
16.63,16.64,0.0
16.64,16.65,0.0
16.65,16.66,0.0
16.66,16.67,0.0
16.67,16.68,0.0
16.68,16.69,0.0
16.69,16.7,0.0
16.7,16.71,0.0
16.71,16.72,0.0
16.72,16.73,0.0
16.73,16.74,0.0
16.74,16.75,0.0
16.75,16.76,0.0
16.76,16.77,0.0
16.77,16.78,0.0
16.78,16.79,0.0
16.79,16.8,0.0
16.8,16.81,0.0
16.81,16.82,0.0
16.82,16.83,0.0
16.83,16.84,0.0
16.84,16.85,0.0
16.85,16.86,0.0
16.86,16.87,0.0
16.87,16.88,0.0
16.88,16.89,0.0
16.89,16.9,0.0
16.9,16.91,0.0
16.91,16.92,0.0
16.92,16.93,0.0
16.93,16.94,0.0
16.94,16.95,0.0
16.95,16.96,0.0
16.96,16.97,0.0
16.97,16.98,0.0
16.98,16.99,0.0
16.99,17.0,0.0
17.0,17.01,0.0
17.01,17.02,0.0
17.02,17.03,0.0
17.03,17.04,0.0
17.04,17.05,0.0
17.05,17.06,0.0
17.06,17.07,0.0
17.07,17.08,0.0
17.08,17.09,0.0
17.09,17.1,0.0
17.1,17.11,0.0
17.11,17.12,0.0
17.12,17.13,0.0
17.13,17.14,0.0
17.14,17.15,0.0
17.15,17.16,0.0
17.16,17.17,0.0
17.17,17.18,0.0
17.18,17.19,0.0
17.19,17.2,0.0
17.2,17.21,0.0
17.21,17.22,0.0
17.22,17.23,0.0
17.23,17.24,0.0
17.24,17.25,0.0
17.25,17.26,0.0
17.26,17.27,0.0
17.27,17.28,0.0
17.28,17.29,0.0
17.29,17.3,194.30638823072118
17.3,17.31,195.43199368684918
17.31,17.32,196.56411970905023
17.32,17.33,197.70280407057922
17.33,17.34,197.70280407057922
17.34,17.35,196.56411970905023
17.35,17.36,195.43199368684918
17.36,17.37,192.07458901020084
17.37,17.38,187.68759933422865
17.38,17.39,185.5318233882619
17.39,17.4,183.40080864093423
17.4,17.41,182.34449771164336
17.41,17.42,181.29427068562208
17.42,17.43,179.21192838239048
17.43,17.44,179.21192838239048
17.44,17.45,178.17974362806785
17.45,17.46,178.17974362806785
17.46,17.47,177.1535038204721
17.47,17.48,177.1535038204721
17.48,17.49,176.1331747192297
17.49,17.5,176.1331747192297
17.5,17.51,176.1331747192297
17.51,17.52,178.17974362806785
17.52,17.53,177.1535038204721
17.53,17.54,177.1535038204721
17.54,17.55,177.1535038204721
17.55,17.56,176.1331747192297
17.56,17.57,175.11872228117704
17.57,17.58,174.11011265922482
17.58,17.59,174.11011265922482
17.59,17.6,173.1073122012286
17.6,17.61,173.1073122012286
17.61,17.62,173.1073122012286
17.62,17.63,172.11028744886602
17.63,17.64,172.11028744886602
17.64,17.65,172.11028744886602
17.65,17.66,171.11900513652043
17.66,17.67,171.11900513652043
17.67,17.68,171.11900513652043
17.68,17.69,170.13343219017113
17.69,17.7,170.13343219017113
17.7,17.71,170.13343219017113
17.71,17.72,170.13343219017113
17.72,17.73,170.13343219017113
17.73,17.74,170.13343219017113
17.74,17.75,170.13343219017113
17.75,17.76,172.11028744886602
17.76,17.77,173.1073122012286
17.77,17.78,173.1073122012286
17.78,17.79,174.11011265922482
17.79,17.8,0.0
17.8,17.81,0.0
17.81,17.82,0.0
17.82,17.83,0.0
17.83,17.84,0.0
17.84,17.85,0.0
17.85,17.86,0.0
17.86,17.87,0.0
17.87,17.88,0.0
17.88,17.89,0.0
17.89,17.9,0.0
17.9,17.91,0.0
17.91,17.92,284.4812036394563
17.92,17.93,289.4538474880756
17.93,17.94,299.66141537533633
17.94,17.95,317.4802103936399
17.95,17.96,324.9009585424942
17.96,17.97,328.6761258343161
17.97,17.98,326.78309064822
17.98,17.99,312.0260904053494
17.99,18.0,304.8994046511524
18.0,18.01,0.0
18.01,18.02,0.0
18.02,18.03,0.0
18.03,18.04,0.0
18.04,18.05,0.0
18.05,18.06,0.0
18.06,18.07,0.0
18.07,18.08,0.0
18.08,18.09,0.0
18.09,18.1,0.0
18.1,18.11,0.0
18.11,18.12,304.8994046511524
18.12,18.13,296.2195104573129
18.13,18.14,287.786716002164
18.14,18.15,282.842712474619
18.15,18.16,277.98364396846745
18.16,18.17,274.79072949161787
18.17,18.18,271.6344887654643
18.18,18.19,268.51450055605267
18.19,18.2,265.4303484677136
18.2,18.21,260.87041395311286
18.21,18.22,256.3888163841458
18.22,18.23,256.3888163841458
18.23,18.24,253.44393965741244
18.24,18.25,253.44393965741244
18.25,18.26,253.44393965741244
18.26,18.27,251.98420997897463
18.27,18.28,253.44393965741244
18.28,18.29,254.91212546385245
18.29,18.3,262.38162088748976
18.3,18.31,263.9015821545788
18.31,18.32,265.4303484677136
18.32,18.33,263.9015821545788
18.33,18.34,265.4303484677136
18.34,18.35,266.96797083400685
18.35,18.36,266.96797083400685
18.36,18.37,266.96797083400685
18.37,18.38,260.87041395311286
18.38,18.39,250.53288772482563
18.39,18.4,237.8414230005442
18.4,18.41,224.49240966187455
18.41,18.42,220.63576443274928
18.42,18.43,213.12010032569688
18.43,18.44,231.07053937445463
18.44,18.45,227.10088581417543
18.45,18.46,227.10088581417543
18.46,18.47,225.79288096122622
18.47,18.48,224.49240966187455
18.48,18.49,223.1994285260446
18.49,18.5,220.63576443274928
18.5,18.51,211.89261887185907
18.51,18.52,205.86044732869837
18.52,18.53,202.3238880603845
18.53,18.54,195.43199368684918
18.54,18.55,195.43199368684918
18.55,18.56,196.56411970905023
18.56,18.57,193.1872657849691
18.57,18.58,190.9683207820833
18.58,18.59,188.7748625363387
18.59,18.6,185.5318233882619
18.6,18.61,185.5318233882619
18.61,18.62,185.5318233882619
18.62,18.63,185.5318233882619
18.63,18.64,187.68759933422865
18.64,18.65,192.07458901020084
18.65,18.66,202.3238880603845
18.66,18.67,202.3238880603845
18.67,18.68,203.49593842053727
18.68,18.69,203.49593842053727
18.69,18.7,189.86842419010387
18.7,18.71,189.86842419010387
18.71,18.72,0.0
18.72,18.73,0.0
18.73,18.74,0.0
18.74,18.75,0.0
18.75,18.76,0.0
18.76,18.77,0.0
18.77,18.78,0.0
18.78,18.79,0.0
18.79,18.8,0.0
18.8,18.81,0.0
18.81,18.82,0.0
18.82,18.83,0.0
18.83,18.84,0.0
18.84,18.85,0.0
18.85,18.86,0.0
18.86,18.87,0.0
18.87,18.88,192.07458901020084
18.88,18.89,193.1872657849691
18.89,18.9,192.07458901020084
18.9,18.91,192.07458901020084
18.91,18.92,190.9683207820833
18.92,18.93,190.9683207820833
18.93,18.94,190.9683207820833
18.94,18.95,190.9683207820833
18.95,18.96,192.07458901020084
18.96,18.97,192.07458901020084
18.97,18.98,192.07458901020084
18.98,18.99,192.07458901020084
18.99,19.0,190.9683207820833
19.0,19.01,190.9683207820833
19.01,19.02,189.86842419010387
19.02,19.03,189.86842419010387
19.03,19.04,188.7748625363387
19.04,19.05,187.68759933422865
19.05,19.06,186.60659830736148
19.06,19.07,184.46323871718783
19.07,19.08,181.29427068562208
19.08,19.09,180.25009252216606
19.09,19.1,178.17974362806785
19.1,19.11,179.21192838239048
19.11,19.12,179.21192838239048
19.12,19.13,179.21192838239048
19.13,19.14,184.46323871718783
19.14,19.15,197.70280407057922
19.15,19.16,204.67477839935495
19.16,19.17,209.4588245641254
19.17,19.18,211.89261887185907
19.18,19.19,210.67220719096719
19.19,19.2,210.67220719096719
19.2,19.21,210.67220719096719
19.21,19.22,207.05298476827548
19.22,19.23,200.0
19.23,19.24,185.5318233882619
19.24,19.25,0.0
19.25,19.26,0.0
19.26,19.27,0.0
19.27,19.28,0.0
19.28,19.29,185.5318233882619
19.29,19.3,185.5318233882619
19.3,19.31,186.60659830736148
19.31,19.32,181.29427068562208
19.32,19.33,177.1535038204721
19.33,19.34,175.11872228117704
19.34,19.35,173.1073122012286
19.35,19.36,172.11028744886602
19.36,19.37,171.11900513652043
19.37,19.38,169.1535357262897
19.38,19.39,166.24757922855756
19.39,19.4,162.4504792712471
19.4,19.41,164.33806291715806
19.41,19.42,165.29006363084235
19.42,19.43,164.33806291715806
19.43,19.44,166.24757922855756
19.44,19.45,166.24757922855756
19.45,19.46,166.24757922855756
19.46,19.47,165.29006363084235
19.47,19.48,163.39154532410998
19.48,19.49,161.5148333600084
19.49,19.5,159.65967727133
19.5,19.51,155.11447618337345
19.51,19.52,154.22108254079407
19.52,19.53,153.33283446696007
19.53,19.54,153.33283446696007
19.54,19.55,151.57165665103983
19.55,19.56,150.69866814745757
19.56,19.57,149.83070768766817
19.57,19.58,149.83070768766817
19.58,19.59,148.96774631227024
19.59,19.6,148.96774631227024
19.6,19.61,145.56531828421873
19.61,19.62,149.83070768766817
19.62,19.63,150.69866814745757
19.63,19.64,149.83070768766817
19.64,19.65,148.96774631227024
19.65,19.66,148.96774631227024
19.66,19.67,149.83070768766817
19.67,19.68,150.69866814745757
19.68,19.69,150.69866814745757
19.69,19.7,151.57165665103983
19.7,19.71,151.57165665103983
19.71,19.72,151.57165665103983
19.72,19.73,152.4497023255762
19.73,19.74,152.4497023255762
19.74,19.75,152.4497023255762
19.75,19.76,152.4497023255762
19.76,19.77,156.0130452026747
19.77,19.78,154.22108254079407
19.78,19.79,152.4497023255762
19.79,19.8,152.4497023255762
19.8,19.81,152.4497023255762
19.81,19.82,153.33283446696007
19.82,19.83,153.33283446696007
19.83,19.84,154.22108254079407
19.84,19.85,153.33283446696007
19.85,19.86,154.22108254079407
19.86,19.87,155.11447618337345
19.87,19.88,156.0130452026747
19.88,19.89,156.91681957935012
19.89,19.9,156.0130452026747
19.9,19.91,155.11447618337345
19.91,19.92,153.33283446696007
19.92,19.93,151.57165665103983
19.93,19.94,148.96774631227024
19.94,19.95,145.56531828421873
19.95,19.96,143.893358001082
19.96,19.97,142.24060181972814
19.97,19.98,143.893358001082
19.98,19.99,148.96774631227024
19.99,20.0,151.57165665103983
20.0,20.01,153.33283446696007
20.01,20.02,0.0
20.02,20.03,0.0
20.03,20.04,0.0
20.04,20.05,0.0
20.05,20.06,0.0
20.06,20.07,0.0
20.07,20.08,0.0
20.08,20.09,0.0
20.09,20.1,0.0
20.1,20.11,0.0
20.11,20.12,0.0
20.12,20.13,0.0
20.13,20.14,0.0
20.14,20.15,0.0
20.15,20.16,0.0
20.16,20.17,0.0
20.17,20.18,0.0
20.18,20.19,169.1535357262897
20.19,20.2,173.1073122012286
20.2,20.21,172.11028744886602
20.21,20.22,170.13343219017113
20.22,20.23,168.1792830507429
20.23,20.24,0.0
20.24,20.25,0.0
20.25,20.26,0.0
20.26,20.27,0.0
20.27,20.28,0.0
20.28,20.29,0.0
20.29,20.3,0.0
20.3,20.31,182.34449771164336
20.31,20.32,181.29427068562208
20.32,20.33,181.29427068562208
20.33,20.34,181.29427068562208
20.34,20.35,179.21192838239048
20.35,20.36,178.17974362806785
20.36,20.37,0.0
20.37,20.38,177.1535038204721
20.38,20.39,177.1535038204721
20.39,20.4,177.1535038204721
20.4,20.41,175.11872228117704
20.41,20.42,174.11011265922482
20.42,20.43,174.11011265922482
20.43,20.44,173.1073122012286
20.44,20.45,169.1535357262897
20.45,20.46,176.1331747192297
20.46,20.47,177.1535038204721
20.47,20.48,178.17974362806785
20.48,20.49,178.17974362806785
20.49,20.5,178.17974362806785
20.5,20.51,178.17974362806785
20.51,20.52,177.1535038204721
20.52,20.53,176.1331747192297
20.53,20.54,175.11872228117704
20.54,20.55,173.1073122012286
20.55,20.56,170.13343219017113
20.56,20.57,165.29006363084235
20.57,20.58,0.0
20.58,20.59,0.0
20.59,20.6,0.0
20.6,20.61,0.0
20.61,20.62,0.0
20.62,20.63,0.0
20.63,20.64,0.0
20.64,20.65,0.0
20.65,20.66,0.0
20.66,20.67,174.11011265922482
20.67,20.68,175.11872228117704
20.68,20.69,175.11872228117704
20.69,20.7,175.11872228117704
20.7,20.71,175.11872228117704
20.71,20.72,173.1073122012286
20.72,20.73,172.11028744886602
20.73,20.74,170.13343219017113
20.74,20.75,171.11900513652043
20.75,20.76,172.11028744886602
20.76,20.77,172.11028744886602
20.77,20.78,170.13343219017113
20.78,20.79,169.1535357262897
20.79,20.8,168.1792830507429
20.8,20.81,167.2106416577019
20.81,20.82,166.24757922855756
20.82,20.83,166.24757922855756
20.83,20.84,165.29006363084235
20.84,20.85,164.33806291715806
20.85,20.86,159.65967727133
20.86,20.87,158.74010519681997
20.87,20.88,0.0
20.88,20.89,0.0
20.89,20.9,0.0
20.9,20.91,0.0
20.91,20.92,0.0
20.92,20.93,166.24757922855756
20.93,20.94,164.33806291715806
20.94,20.95,163.39154532410998
20.95,20.96,163.39154532410998
20.96,20.97,163.39154532410998
20.97,20.98,169.1535357262897
20.98,20.99,172.11028744886602
20.99,21.0,178.17974362806785
21.0,21.01,181.29427068562208
21.01,21.02,183.40080864093423
21.02,21.03,185.5318233882619
21.03,21.04,187.68759933422865
21.04,21.05,189.86842419010387
21.05,21.06,193.1872657849691
21.06,21.07,196.56411970905023
21.07,21.08,204.67477839935495
21.08,21.09,209.4588245641254
21.09,21.1,0.0
21.1,21.11,246.2288826689832
21.11,21.12,250.53288772482563
21.12,21.13,256.3888163841458
21.13,21.14,266.96797083400685
21.14,21.15,271.6344887654643
21.15,21.16,274.79072949161787
21.16,21.17,277.98364396846745
21.17,21.18,282.842712474619
21.18,21.19,297.93549262454053
21.19,21.2,297.93549262454053
21.2,21.21,294.5134116201051
21.21,21.22,291.13063656843747
21.22,21.23,289.4538474880756
21.23,21.24,287.786716002164
21.24,21.25,284.4812036394563
21.25,21.26,281.2136583244699
21.26,21.27,277.98364396846745
21.27,21.28,274.79072949161787
21.28,21.29,246.2288826689832
21.29,21.3,236.47155720542963
21.3,21.31,229.73967099940702
21.31,21.32,224.49240966187455
21.32,21.33,221.91389441356898
21.33,21.34,221.91389441356898
21.34,21.35,211.89261887185907
21.35,21.36,211.89261887185907
21.36,21.37,211.89261887185907
21.37,21.38,211.89261887185907
21.38,21.39,207.05298476827548
21.39,21.4,200.0
21.4,21.41,187.68759933422865
21.41,21.42,184.46323871718783
21.42,21.43,189.86842419010387
21.43,21.44,195.43199368684918
21.44,21.45,196.56411970905023
21.45,21.46,200.0
21.46,21.47,202.3238880603845
21.47,21.48,203.49593842053727
21.48,21.49,205.86044732869837
21.49,21.5,207.05298476827548
21.5,21.51,207.05298476827548
21.51,21.52,207.05298476827548
21.52,21.53,207.05298476827548
21.53,21.54,205.86044732869837
21.54,21.55,207.05298476827548
21.55,21.56,208.25243050696125
21.56,21.57,208.25243050696125
21.57,21.58,208.25243050696125
21.58,21.59,208.25243050696125
21.59,21.6,207.05298476827548
21.6,21.61,207.05298476827548
21.61,21.62,205.86044732869837
21.62,21.63,205.86044732869837
21.63,21.64,204.67477839935495
21.64,21.65,203.49593842053727
21.65,21.66,202.3238880603845
21.66,21.67,202.3238880603845
21.67,21.68,197.70280407057922
21.68,21.69,195.43199368684918
21.69,21.7,194.30638823072118
21.7,21.71,193.1872657849691
21.71,21.72,192.07458901020084
21.72,21.73,189.86842419010387
21.73,21.74,188.7748625363387
21.74,21.75,188.7748625363387
21.75,21.76,185.5318233882619
21.76,21.77,186.60659830736148
21.77,21.78,187.68759933422865
21.78,21.79,185.5318233882619
21.79,21.8,184.46323871718783
21.8,21.81,193.1872657849691
21.81,21.82,184.46323871718783
21.82,21.83,183.40080864093423
21.83,21.84,181.29427068562208
21.84,21.85,180.25009252216606
21.85,21.86,178.17974362806785
21.86,21.87,177.1535038204721
21.87,21.88,175.11872228117704
21.88,21.89,173.1073122012286
21.89,21.9,173.1073122012286
21.9,21.91,173.1073122012286
21.91,21.92,173.1073122012286
21.92,21.93,171.11900513652043
21.93,21.94,170.13343219017113
21.94,21.95,169.1535357262897
21.95,21.96,167.2106416577019
21.96,21.97,166.24757922855756
21.97,21.98,164.33806291715806
21.98,21.99,162.4504792712471
21.99,22.0,159.65967727133
22.0,22.01,159.65967727133
22.01,22.02,157.8258294677283
22.02,22.03,170.13343219017113
22.03,22.04,174.11011265922482
22.04,22.05,173.1073122012286
22.05,22.06,173.1073122012286
22.06,22.07,174.11011265922482
22.07,22.08,177.1535038204721
22.08,22.09,178.17974362806785
22.09,22.1,180.25009252216606
22.1,22.11,182.34449771164336
22.11,22.12,183.40080864093423
22.12,22.13,188.7748625363387
22.13,22.14,189.86842419010387
22.14,22.15,208.25243050696125
22.15,22.16,216.8453740602837
22.16,22.17,227.10088581417543
22.17,22.18,233.75544971224912
22.18,22.19,243.40070273411817
22.19,22.2,254.91212546385245
22.2,22.21,262.38162088748976
22.21,22.22,268.51450055605267
22.22,22.23,273.20805135087915
22.23,22.24,276.38257599355524
22.24,22.25,281.2136583244699
22.25,22.26,284.4812036394563
22.26,22.27,287.786716002164
22.27,22.28,286.12918648705164
22.28,22.29,284.4812036394563
22.29,22.3,282.842712474619
22.3,22.31,281.2136583244699
22.31,22.32,277.98364396846745
22.32,22.33,277.98364396846745
22.33,22.34,276.38257599355524
22.34,22.35,262.38162088748976
22.35,22.36,251.98420997897463
22.36,22.37,0.0
22.37,22.38,0.0
22.38,22.39,0.0
22.39,22.4,0.0
22.4,22.41,0.0
22.41,22.42,0.0
22.42,22.43,0.0
22.43,22.44,180.25009252216606
22.44,22.45,176.1331747192297
22.45,22.46,172.11028744886602
22.46,22.47,170.13343219017113
22.47,22.48,169.1535357262897
22.48,22.49,168.1792830507429
22.49,22.5,167.2106416577019
22.5,22.51,166.24757922855756
22.51,22.52,164.33806291715806
22.52,22.53,162.4504792712471
22.53,22.54,169.1535357262897
22.54,22.55,168.1792830507429
22.55,22.56,168.1792830507429
22.56,22.57,167.2106416577019
22.57,22.58,167.2106416577019
22.58,22.59,166.24757922855756
22.59,22.6,165.29006363084235
22.6,22.61,164.33806291715806
22.61,22.62,163.39154532410998
22.62,22.63,162.4504792712471
22.63,22.64,161.5148333600084
22.64,22.65,161.5148333600084
22.65,22.66,160.5845763726753
22.66,22.67,0.0
22.67,22.68,0.0
22.68,22.69,0.0
22.69,22.7,0.0
22.7,22.71,0.0
22.71,22.72,0.0
22.72,22.73,0.0
22.73,22.74,0.0
22.74,22.75,0.0
22.75,22.76,0.0
22.76,22.77,0.0
22.77,22.78,0.0
22.78,22.79,0.0
22.79,22.8,0.0
22.8,22.81,0.0
22.81,22.82,0.0
22.82,22.83,0.0
22.83,22.84,0.0
22.84,22.85,0.0
22.85,22.86,0.0
22.86,22.87,0.0
22.87,22.88,0.0
22.88,22.89,0.0
22.89,22.9,0.0
22.9,22.91,0.0
22.91,22.92,0.0
22.92,22.93,0.0
22.93,22.94,0.0
22.94,22.95,0.0
22.95,22.96,0.0
22.96,22.97,0.0
22.97,22.98,0.0
22.98,22.99,0.0
22.99,23.0,0.0
23.0,23.01,0.0
23.01,23.02,0.0
23.02,23.03,0.0
23.03,23.04,0.0
23.04,23.05,0.0
23.05,23.06,0.0
23.06,23.07,0.0
23.07,23.08,0.0
23.08,23.09,0.0
23.09,23.1,0.0
23.1,23.11,0.0
23.11,23.12,0.0
23.12,23.13,0.0
23.13,23.14,0.0
23.14,23.15,0.0
23.15,23.16,0.0
23.16,23.17,0.0
23.17,23.18,0.0
23.18,23.19,0.0
23.19,23.2,0.0
23.2,23.21,0.0
23.21,23.22,0.0
23.22,23.23,0.0
23.23,23.24,0.0
23.24,23.25,0.0
23.25,23.26,0.0
23.26,23.27,0.0
23.27,23.28,0.0
23.28,23.29,0.0
23.29,23.3,0.0
23.3,23.31,0.0
23.31,23.32,0.0
23.32,23.33,0.0
23.33,23.34,0.0
23.34,23.35,0.0
23.35,23.36,0.0
23.36,23.37,0.0
23.37,23.38,0.0
23.38,23.39,0.0
23.39,23.4,0.0
23.4,23.41,0.0
23.41,23.42,0.0
23.42,23.43,0.0
23.43,23.44,0.0
23.44,23.45,0.0
23.45,23.46,0.0
23.46,23.47,0.0
23.47,23.48,0.0
23.48,23.49,0.0
23.49,23.5,0.0
23.5,23.51,0.0
23.51,23.52,0.0
23.52,23.53,0.0
23.53,23.54,0.0
23.54,23.55,0.0
23.55,23.56,0.0
23.56,23.57,0.0
23.57,23.58,0.0
23.58,23.59,0.0
23.59,23.6,0.0
23.6,23.61,0.0
23.61,23.62,0.0
23.62,23.63,0.0
23.63,23.64,0.0
23.64,23.65,218.10154653305153
23.65,23.66,219.36499593892518
23.66,23.67,219.36499593892518
23.67,23.68,219.36499593892518
23.68,23.69,218.10154653305153
23.69,23.7,218.10154653305153
23.7,23.71,216.8453740602837
23.71,23.72,216.8453740602837
23.72,23.73,215.59643660857103
23.73,23.74,215.59643660857103
23.74,23.75,214.35469250725862
23.75,23.76,214.35469250725862
23.76,23.77,213.12010032569688
23.77,23.78,211.89261887185907
23.78,23.79,211.89261887185907
23.79,23.8,210.67220719096719
23.8,23.81,210.67220719096719
23.81,23.82,210.67220719096719
23.82,23.83,210.67220719096719
23.83,23.84,209.4588245641254
23.84,23.85,209.4588245641254
23.85,23.86,208.25243050696125
23.86,23.87,207.05298476827548
23.87,23.88,207.05298476827548
23.88,23.89,205.86044732869837
23.89,23.9,205.86044732869837
23.9,23.91,204.67477839935495
23.91,23.92,203.49593842053727
23.92,23.93,203.49593842053727
23.93,23.94,202.3238880603845
23.94,23.95,201.15858821357068
23.95,23.96,200.0
23.96,23.97,200.0
23.97,23.98,198.8480847635095
23.98,23.99,198.8480847635095
23.99,24.0,198.8480847635095
24.0,24.01,197.70280407057922
24.01,24.02,197.70280407057922
24.02,24.03,196.56411970905023
24.03,24.04,196.56411970905023
24.04,24.05,195.43199368684918
24.05,24.06,194.30638823072118
24.06,24.07,193.1872657849691
24.07,24.08,193.1872657849691
24.08,24.09,193.1872657849691
24.09,24.1,192.07458901020084
24.1,24.11,192.07458901020084
24.11,24.12,190.9683207820833
24.12,24.13,190.9683207820833
24.13,24.14,189.86842419010387
24.14,24.15,188.7748625363387
24.15,24.16,187.68759933422865
24.16,24.17,186.60659830736148
24.17,24.18,186.60659830736148
24.18,24.19,185.5318233882619
24.19,24.2,184.46323871718783
24.2,24.21,0.0
24.21,24.22,0.0
24.22,24.23,0.0
24.23,24.24,0.0
24.24,24.25,0.0
24.25,24.26,188.7748625363387
24.26,24.27,189.86842419010387
24.27,24.28,192.07458901020084
24.28,24.29,186.60659830736148
24.29,24.3,187.68759933422865
24.3,24.31,190.9683207820833
24.31,24.32,188.7748625363387
24.32,24.33,189.86842419010387
24.33,24.34,189.86842419010387
24.34,24.35,184.46323871718783
24.35,24.36,0.0
24.36,24.37,0.0
24.37,24.38,0.0
24.38,24.39,0.0
24.39,24.4,0.0
24.4,24.41,0.0
24.41,24.42,0.0
24.42,24.43,0.0
24.43,24.44,0.0
24.44,24.45,0.0
24.45,24.46,0.0
24.46,24.47,0.0
24.47,24.48,0.0
24.48,24.49,0.0
24.49,24.5,219.36499593892518
24.5,24.51,221.91389441356898
24.51,24.52,223.1994285260446
24.52,24.53,227.10088581417543
24.53,24.54,231.07053937445463
24.54,24.55,232.40911739156792
24.55,24.56,232.40911739156792
24.56,24.57,232.40911739156792
24.57,24.58,228.41646786215435
24.58,24.59,227.10088581417543
24.59,24.6,227.10088581417543
24.6,24.61,229.73967099940702
24.61,24.62,227.10088581417543
24.62,24.63,227.10088581417543
24.63,24.64,227.10088581417543
24.64,24.65,228.41646786215435
24.65,24.66,231.07053937445463
24.66,24.67,0.0
24.67,24.68,0.0
24.68,24.69,189.86842419010387
24.69,24.7,192.07458901020084
24.7,24.71,190.9683207820833
24.71,24.72,189.86842419010387
24.72,24.73,188.7748625363387
24.73,24.74,187.68759933422865
24.74,24.75,185.5318233882619
24.75,24.76,180.25009252216606
24.76,24.77,175.11872228117704
24.77,24.78,171.11900513652043
24.78,24.79,170.13343219017113
24.79,24.8,169.1535357262897
24.8,24.81,176.1331747192297
24.81,24.82,183.40080864093423
24.82,24.83,181.29427068562208
24.83,24.84,180.25009252216606
24.84,24.85,179.21192838239048
24.85,24.86,179.21192838239048
24.86,24.87,181.29427068562208
24.87,24.88,184.46323871718783
24.88,24.89,183.40080864093423
24.89,24.9,182.34449771164336
24.9,24.91,181.29427068562208
24.91,24.92,180.25009252216606
24.92,24.93,179.21192838239048
24.93,24.94,177.1535038204721
24.94,24.95,176.1331747192297
24.95,24.96,174.11011265922482
24.96,24.97,172.11028744886602
24.97,24.98,170.13343219017113
24.98,24.99,170.13343219017113
24.99,25.0,171.11900513652043
25.0,25.01,171.11900513652043
25.01,25.02,170.13343219017113
25.02,25.03,170.13343219017113
25.03,25.04,168.1792830507429
25.04,25.05,169.1535357262897
25.05,25.06,168.1792830507429
25.06,25.07,166.24757922855756
25.07,25.08,165.29006363084235
25.08,25.09,162.4504792712471
25.09,25.1,159.65967727133
25.1,25.11,158.74010519681997
25.11,25.12,157.8258294677283
25.12,25.13,161.5148333600084
25.13,25.14,161.5148333600084
25.14,25.15,161.5148333600084
25.15,25.16,163.39154532410998
25.16,25.17,169.1535357262897
25.17,25.18,176.1331747192297
25.18,25.19,182.34449771164336
25.19,25.2,185.5318233882619
25.2,25.21,188.7748625363387
25.21,25.22,190.9683207820833
25.22,25.23,194.30638823072118
25.23,25.24,200.0
25.24,25.25,207.05298476827548
25.25,25.26,213.12010032569688
25.26,25.27,218.10154653305153
25.27,25.28,223.1994285260446
25.28,25.29,228.41646786215435
25.29,25.3,237.8414230005442
25.3,25.31,254.91212546385245
25.31,25.32,262.38162088748976
25.32,25.33,265.4303484677136
25.33,25.34,268.51450055605267
25.34,25.35,270.06998923363795
25.35,25.36,273.20805135087915
25.36,25.37,273.20805135087915
25.37,25.38,274.79072949161787
25.38,25.39,273.20805135087915
25.39,25.4,271.6344887654643
25.4,25.41,268.51450055605267
25.41,25.42,265.4303484677136
25.42,25.43,262.38162088748976
25.43,25.44,259.3679109302019
25.44,25.45,253.44393965741244
25.45,25.46,247.65527207548806
25.46,25.47,241.99881784385852
25.47,25.48,232.40911739156792
25.48,25.49,227.10088581417543
25.49,25.5,216.8453740602837
25.5,25.51,193.1872657849691
25.51,25.52,185.5318233882619
25.52,25.53,178.17974362806785
25.53,25.54,173.1073122012286
25.54,25.55,169.1535357262897
25.55,25.56,162.4504792712471
25.56,25.57,164.33806291715806
25.57,25.58,171.11900513652043
25.58,25.59,173.1073122012286
25.59,25.6,174.11011265922482
25.6,25.61,0.0
25.61,25.62,0.0
25.62,25.63,0.0
25.63,25.64,0.0
25.64,25.65,0.0
25.65,25.66,0.0
25.66,25.67,0.0
25.67,25.68,0.0
25.68,25.69,0.0
25.69,25.7,0.0
25.7,25.71,0.0
25.71,25.72,0.0
25.72,25.73,0.0
25.73,25.74,0.0
25.74,25.75,0.0
25.75,25.76,0.0
25.76,25.77,0.0
25.77,25.78,0.0
25.78,25.79,0.0
25.79,25.8,0.0
25.8,25.81,0.0
25.81,25.82,0.0
25.82,25.83,0.0
25.83,25.84,0.0
25.84,25.85,0.0
25.85,25.86,0.0
25.86,25.87,0.0
25.87,25.88,0.0
25.88,25.89,0.0
25.89,25.9,0.0
25.9,25.91,0.0
25.91,25.92,0.0
25.92,25.93,0.0
25.93,25.94,0.0
25.94,25.95,0.0
25.95,25.96,0.0
25.96,25.97,0.0
25.97,25.98,0.0
25.98,25.99,0.0
25.99,26.0,0.0
26.0,26.01,0.0
26.01,26.02,0.0
26.02,26.03,0.0
26.03,26.04,0.0
26.04,26.05,0.0
26.05,26.06,0.0
26.06,26.07,0.0
26.07,26.08,0.0
26.08,26.09,0.0
26.09,26.1,0.0
26.1,26.11,0.0
26.11,26.12,0.0
26.12,26.13,0.0
26.13,26.14,0.0
26.14,26.15,0.0
26.15,26.16,0.0
26.16,26.17,0.0
26.17,26.18,0.0
26.18,26.19,0.0
26.19,26.2,189.86842419010387
26.2,26.21,192.07458901020084
26.21,26.22,193.1872657849691
26.22,26.23,192.07458901020084
26.23,26.24,192.07458901020084
26.24,26.25,192.07458901020084
26.25,26.26,189.86842419010387
26.26,26.27,187.68759933422865
26.27,26.28,186.60659830736148
26.28,26.29,186.60659830736148
26.29,26.3,182.34449771164336
26.3,26.31,183.40080864093423
26.31,26.32,0.0
26.32,26.33,0.0
26.33,26.34,0.0
26.34,26.35,0.0
26.35,26.36,0.0
26.36,26.37,0.0
26.37,26.38,0.0
26.38,26.39,0.0
26.39,26.4,0.0
26.4,26.41,0.0
26.41,26.42,0.0
26.42,26.43,0.0
26.43,26.44,204.67477839935495
26.44,26.45,200.0
26.45,26.46,195.43199368684918
26.46,26.47,194.30638823072118
26.47,26.48,193.1872657849691
26.48,26.49,192.07458901020084
26.49,26.5,192.07458901020084
26.5,26.51,193.1872657849691
26.51,26.52,192.07458901020084
26.52,26.53,189.86842419010387
26.53,26.54,187.68759933422865
26.54,26.55,184.46323871718783
26.55,26.56,180.25009252216606
26.56,26.57,182.34449771164336
26.57,26.58,186.60659830736148
26.58,26.59,0.0
26.59,26.6,194.30638823072118
26.6,26.61,196.56411970905023
26.61,26.62,192.07458901020084
26.62,26.63,189.86842419010387
26.63,26.64,186.60659830736148
26.64,26.65,185.5318233882619
26.65,26.66,183.40080864093423
26.66,26.67,181.29427068562208
26.67,26.68,180.25009252216606
26.68,26.69,178.17974362806785
26.69,26.7,177.1535038204721
26.7,26.71,176.1331747192297
26.71,26.72,175.11872228117704
26.72,26.73,178.17974362806785
26.73,26.74,179.21192838239048
26.74,26.75,179.21192838239048
26.75,26.76,177.1535038204721
26.76,26.77,174.11011265922482
26.77,26.78,171.11900513652043
26.78,26.79,168.1792830507429
26.79,26.8,165.29006363084235
26.8,26.81,167.2106416577019
26.81,26.82,182.34449771164336
26.82,26.83,179.21192838239048
26.83,26.84,177.1535038204721
26.84,26.85,175.11872228117704
26.85,26.86,174.11011265922482
26.86,26.87,172.11028744886602
26.87,26.88,170.13343219017113
26.88,26.89,169.1535357262897
26.89,26.9,168.1792830507429
26.9,26.91,167.2106416577019
26.91,26.92,168.1792830507429
26.92,26.93,167.2106416577019
26.93,26.94,175.11872228117704
26.94,26.95,173.1073122012286
26.95,26.96,174.11011265922482
26.96,26.97,175.11872228117704
26.97,26.98,174.11011265922482
26.98,26.99,173.1073122012286
26.99,27.0,172.11028744886602
27.0,27.01,172.11028744886602
27.01,27.02,0.0
27.02,27.03,0.0
27.03,27.04,0.0
27.04,27.05,0.0
27.05,27.06,0.0
27.06,27.07,196.56411970905023
27.07,27.08,190.9683207820833
27.08,27.09,194.30638823072118
27.09,27.1,192.07458901020084
27.1,27.11,192.07458901020084
27.11,27.12,193.1872657849691
27.12,27.13,193.1872657849691
27.13,27.14,193.1872657849691
27.14,27.15,194.30638823072118
27.15,27.16,194.30638823072118
27.16,27.17,194.30638823072118
27.17,27.18,193.1872657849691
27.18,27.19,192.07458901020084
27.19,27.2,192.07458901020084
27.2,27.21,190.9683207820833
27.21,27.22,188.7748625363387
27.22,27.23,187.68759933422865
27.23,27.24,185.5318233882619
27.24,27.25,183.40080864093423
27.25,27.26,181.29427068562208
27.26,27.27,180.25009252216606
27.27,27.28,178.17974362806785
27.28,27.29,176.1331747192297
27.29,27.3,173.1073122012286
27.3,27.31,170.13343219017113
27.31,27.32,166.24757922855756
27.32,27.33,158.74010519681997
27.33,27.34,169.1535357262897
27.34,27.35,175.11872228117704
27.35,27.36,171.11900513652043
27.36,27.37,170.13343219017113
27.37,27.38,168.1792830507429
27.38,27.39,167.2106416577019
27.39,27.4,166.24757922855756
27.4,27.41,164.33806291715806
27.41,27.42,161.5148333600084
27.42,27.43,158.74010519681997
27.43,27.44,154.22108254079407
27.44,27.45,160.5845763726753
27.45,27.46,160.5845763726753
27.46,27.47,161.5148333600084
27.47,27.48,159.65967727133
27.48,27.49,158.74010519681997
27.49,27.5,157.8258294677283
27.5,27.51,156.91681957935012
27.51,27.52,152.4497023255762
27.52,27.53,150.69866814745757
27.53,27.54,160.5845763726753
27.54,27.55,160.5845763726753
27.55,27.56,0.0
27.56,27.57,169.1535357262897
27.57,27.58,169.1535357262897
27.58,27.59,175.11872228117704
27.59,27.6,169.1535357262897
27.6,27.61,168.1792830507429
27.61,27.62,163.39154532410998
27.62,27.63,163.39154532410998
27.63,27.64,162.4504792712471
27.64,27.65,160.5845763726753
27.65,27.66,161.5148333600084
27.66,27.67,163.39154532410998
27.67,27.68,165.29006363084235
27.68,27.69,164.33806291715806
27.69,27.7,164.33806291715806
27.7,27.71,165.29006363084235
27.71,27.72,166.24757922855756
27.72,27.73,170.13343219017113
27.73,27.74,175.11872228117704
27.74,27.75,178.17974362806785
27.75,27.76,180.25009252216606
27.76,27.77,181.29427068562208
27.77,27.78,183.40080864093423
27.78,27.79,184.46323871718783
27.79,27.8,184.46323871718783
27.8,27.81,185.5318233882619
27.81,27.82,185.5318233882619
27.82,27.83,184.46323871718783
27.83,27.84,183.40080864093423
27.84,27.85,181.29427068562208
27.85,27.86,180.25009252216606
27.86,27.87,177.1535038204721
27.87,27.88,179.21192838239048
27.88,27.89,182.34449771164336
27.89,27.9,173.1073122012286
27.9,27.91,175.11872228117704
27.91,27.92,174.11011265922482
27.92,27.93,171.11900513652043
27.93,27.94,169.1535357262897
27.94,27.95,168.1792830507429
27.95,27.96,167.2106416577019
27.96,27.97,164.33806291715806
27.97,27.98,163.39154532410998
27.98,27.99,165.29006363084235
27.99,28.0,171.11900513652043
28.0,28.01,166.24757922855756
28.01,28.02,164.33806291715806
28.02,28.03,163.39154532410998
28.03,28.04,163.39154532410998
28.04,28.05,162.4504792712471
28.05,28.06,162.4504792712471
28.06,28.07,161.5148333600084
28.07,28.08,161.5148333600084
28.08,28.09,156.0130452026747
28.09,28.1,156.91681957935012
28.1,28.11,152.4497023255762
28.11,28.12,160.5845763726753
28.12,28.13,164.33806291715806
28.13,28.14,0.0
28.14,28.15,167.2106416577019
28.15,28.16,169.1535357262897
28.16,28.17,167.2106416577019
28.17,28.18,167.2106416577019
28.18,28.19,167.2106416577019
28.19,28.2,168.1792830507429
28.2,28.21,168.1792830507429
28.21,28.22,169.1535357262897
28.22,28.23,169.1535357262897
28.23,28.24,169.1535357262897
28.24,28.25,169.1535357262897
28.25,28.26,168.1792830507429
28.26,28.27,167.2106416577019
28.27,28.28,167.2106416577019
28.28,28.29,167.2106416577019
28.29,28.3,167.2106416577019
28.3,28.31,166.24757922855756
28.31,28.32,165.29006363084235
28.32,28.33,163.39154532410998
28.33,28.34,162.4504792712471
28.34,28.35,161.5148333600084
28.35,28.36,161.5148333600084
28.36,28.37,161.5148333600084
28.37,28.38,161.5148333600084
28.38,28.39,163.39154532410998
28.39,28.4,163.39154532410998
28.4,28.41,162.4504792712471
28.41,28.42,161.5148333600084
28.42,28.43,161.5148333600084
28.43,28.44,161.5148333600084
28.44,28.45,161.5148333600084
28.45,28.46,161.5148333600084
28.46,28.47,161.5148333600084
28.47,28.48,161.5148333600084
28.48,28.49,161.5148333600084
28.49,28.5,160.5845763726753
28.5,28.51,160.5845763726753
28.51,28.52,160.5845763726753
28.52,28.53,160.5845763726753
28.53,28.54,159.65967727133
28.54,28.55,159.65967727133
28.55,28.56,158.74010519681997
28.56,28.57,158.74010519681997
28.57,28.58,157.8258294677283
28.58,28.59,156.91681957935012
28.59,28.6,156.91681957935012
28.6,28.61,156.91681957935012
28.61,28.62,156.91681957935012
28.62,28.63,156.91681957935012
28.63,28.64,156.91681957935012
28.64,28.65,156.0130452026747
28.65,28.66,156.91681957935012
28.66,28.67,161.5148333600084
28.67,28.68,162.4504792712471
28.68,28.69,164.33806291715806
28.69,28.7,166.24757922855756
28.7,28.71,168.1792830507429
28.71,28.72,170.13343219017113
28.72,28.73,0.0
28.73,28.74,0.0
28.74,28.75,0.0
28.75,28.76,0.0
28.76,28.77,0.0
28.77,28.78,0.0
28.78,28.79,181.29427068562208
28.79,28.8,181.29427068562208
28.8,28.81,181.29427068562208
28.81,28.82,181.29427068562208
28.82,28.83,182.34449771164336
28.83,28.84,183.40080864093423
28.84,28.85,184.46323871718783
28.85,28.86,184.46323871718783
28.86,28.87,184.46323871718783
28.87,28.88,183.40080864093423
28.88,28.89,180.25009252216606
28.89,28.9,177.1535038204721
28.9,28.91,174.11011265922482
28.91,28.92,170.13343219017113
28.92,28.93,164.33806291715806
28.93,28.94,177.1535038204721
28.94,28.95,183.40080864093423
28.95,28.96,183.40080864093423
28.96,28.97,183.40080864093423
28.97,28.98,184.46323871718783
28.98,28.99,182.34449771164336
28.99,29.0,183.40080864093423
29.0,29.01,0.0
29.01,29.02,0.0
29.02,29.03,0.0
29.03,29.04,0.0
29.04,29.05,0.0
29.05,29.06,168.1792830507429
29.06,29.07,168.1792830507429
29.07,29.08,167.2106416577019
29.08,29.09,167.2106416577019
29.09,29.1,167.2106416577019
29.1,29.11,168.1792830507429
29.11,29.12,168.1792830507429
29.12,29.13,169.1535357262897
29.13,29.14,169.1535357262897
29.14,29.15,168.1792830507429
29.15,29.16,167.2106416577019
29.16,29.17,166.24757922855756
29.17,29.18,165.29006363084235
29.18,29.19,163.39154532410998
29.19,29.2,163.39154532410998
29.2,29.21,162.4504792712471
29.21,29.22,162.4504792712471
29.22,29.23,162.4504792712471
29.23,29.24,161.5148333600084
29.24,29.25,160.5845763726753
29.25,29.26,159.65967727133
29.26,29.27,158.74010519681997
29.27,29.28,158.74010519681997
29.28,29.29,157.8258294677283
29.29,29.3,157.8258294677283
29.3,29.31,156.91681957935012
29.31,29.32,156.91681957935012
29.32,29.33,156.0130452026747
29.33,29.34,155.11447618337345
29.34,29.35,0.0
29.35,29.36,0.0
29.36,29.37,0.0
29.37,29.38,0.0
29.38,29.39,0.0
29.39,29.4,0.0
29.4,29.41,0.0
29.41,29.42,0.0
29.42,29.43,0.0
29.43,29.44,0.0
29.44,29.45,0.0
29.45,29.46,0.0
29.46,29.47,0.0
29.47,29.48,0.0
29.48,29.49,0.0
29.49,29.5,0.0
29.5,29.51,0.0
29.51,29.52,0.0
29.52,29.53,0.0
29.53,29.54,0.0
29.54,29.55,0.0
29.55,29.56,0.0
29.56,29.57,0.0
29.57,29.58,0.0
29.58,29.59,0.0
29.59,29.6,0.0
29.6,29.61,0.0
29.61,29.62,0.0
29.62,29.63,0.0
29.63,29.64,0.0
29.64,29.65,0.0
29.65,29.66,0.0
29.66,29.67,0.0
29.67,29.68,0.0
29.68,29.69,0.0
29.69,29.7,0.0
29.7,29.71,172.11028744886602
29.71,29.72,177.1535038204721
29.72,29.73,177.1535038204721
29.73,29.74,176.1331747192297
29.74,29.75,175.11872228117704
29.75,29.76,173.1073122012286
29.76,29.77,171.11900513652043
29.77,29.78,166.24757922855756
29.78,29.79,162.4504792712471
29.79,29.8,0.0
29.8,29.81,0.0
29.81,29.82,0.0
29.82,29.83,0.0
29.83,29.84,0.0
29.84,29.85,0.0
29.85,29.86,0.0
29.86,29.87,0.0
29.87,29.88,0.0
29.88,29.89,0.0
29.89,29.9,0.0
29.9,29.91,0.0
29.91,29.92,0.0
29.92,29.93,0.0
29.93,29.94,0.0
29.94,29.95,0.0
29.95,29.96,169.1535357262897
29.96,29.97,167.2106416577019
29.97,29.98,164.33806291715806
29.98,29.99,162.4504792712471
29.99,30.0,159.65967727133
30.0,30.01,157.8258294677283
30.01,30.02,155.11447618337345
30.02,30.03,152.4497023255762
30.03,30.04,150.69866814745757
30.04,30.05,146.40856959456255
30.05,30.06,145.56531828421873
30.06,30.07,0.0
30.07,30.08,0.0
30.08,30.09,0.0
30.09,30.1,0.0
30.1,30.11,0.0
30.11,30.12,148.96774631227024
30.12,30.13,143.893358001082
30.13,30.14,152.4497023255762
30.14,30.15,154.22108254079407
30.15,30.16,152.4497023255762
30.16,30.17,152.4497023255762
30.17,30.18,149.83070768766817
30.18,30.19,148.1097552286564
30.19,30.2,148.1097552286564
30.2,30.21,144.7269237440378
30.21,30.22,143.06459324352582
30.22,30.23,143.06459324352582
30.23,30.24,140.60682916223496
30.24,30.25,148.96774631227024
30.25,30.26,0.0
30.26,30.27,0.0
30.27,30.28,0.0
30.28,30.29,0.0
30.29,30.3,0.0
30.3,30.31,155.11447618337345
30.31,30.32,154.22108254079407
30.32,30.33,153.33283446696007
30.33,30.34,153.33283446696007
30.34,30.35,153.33283446696007
30.35,30.36,152.4497023255762
30.36,30.37,0.0
30.37,30.38,0.0
30.38,30.39,0.0
30.39,30.4,0.0
30.4,30.41,0.0
30.41,30.42,0.0
30.42,30.43,0.0
30.43,30.44,198.8480847635095
30.44,30.45,202.3238880603845
30.45,30.46,204.67477839935495
30.46,30.47,207.05298476827548
30.47,30.48,208.25243050696125
30.48,30.49,213.12010032569688
30.49,30.5,216.8453740602837
30.5,30.51,219.36499593892518
30.51,30.52,243.40070273411817
30.52,30.53,250.53288772482563
30.53,30.54,254.91212546385245
30.54,30.55,259.3679109302019
30.55,30.56,260.87041395311286
30.56,30.57,262.38162088748976
30.57,30.58,263.9015821545788
30.58,30.59,263.9015821545788
30.59,30.6,260.87041395311286
30.6,30.61,254.91212546385245
30.61,30.62,251.98420997897463
30.62,30.63,253.44393965741244
30.63,30.64,250.53288772482563
30.64,30.65,236.47155720542963
30.65,30.66,231.07053937445463
30.66,30.67,225.79288096122622
30.67,30.68,221.91389441356898
30.68,30.69,221.91389441356898
30.69,30.7,210.67220719096719
30.7,30.71,205.86044732869837
30.71,30.72,194.30638823072118
30.72,30.73,188.7748625363387
30.73,30.74,184.46323871718783
30.74,30.75,182.34449771164336
30.75,30.76,181.29427068562208
30.76,30.77,180.25009252216606
30.77,30.78,178.17974362806785
30.78,30.79,174.11011265922482
30.79,30.8,172.11028744886602
30.8,30.81,168.1792830507429
30.81,30.82,166.24757922855756
30.82,30.83,164.33806291715806
30.83,30.84,162.4504792712471
30.84,30.85,160.5845763726753
30.85,30.86,157.8258294677283
30.86,30.87,156.0130452026747
30.87,30.88,153.33283446696007
30.88,30.89,152.4497023255762
30.89,30.9,149.83070768766817
30.9,30.91,148.96774631227024
30.91,30.92,147.25670581005258
30.92,30.93,0.0
30.93,30.94,0.0
30.94,30.95,0.0
30.95,30.96,0.0
30.96,30.97,0.0
30.97,30.98,0.0
30.98,30.99,0.0
30.99,31.0,0.0
31.0,31.01,0.0
31.01,31.02,0.0
31.02,31.03,0.0
31.03,31.04,0.0
31.04,31.05,0.0
31.05,31.06,0.0
31.06,31.07,0.0
31.07,31.08,0.0
31.08,31.09,0.0
31.09,31.1,0.0
31.1,31.11,0.0
31.11,31.12,0.0
31.12,31.13,0.0
31.13,31.14,0.0
31.14,31.15,0.0
31.15,31.16,0.0
31.16,31.17,0.0
31.17,31.18,0.0
31.18,31.19,0.0
31.19,31.2,0.0
31.2,31.21,0.0
31.21,31.22,0.0
31.22,31.23,0.0
31.23,31.24,0.0
31.24,31.25,0.0
31.25,31.26,0.0
31.26,31.27,0.0
31.27,31.28,0.0
31.28,31.29,0.0
31.29,31.3,0.0
31.3,31.31,0.0
31.31,31.32,0.0
31.32,31.33,0.0
31.33,31.34,0.0
31.34,31.35,0.0
31.35,31.36,0.0
31.36,31.37,0.0
31.37,31.38,0.0
31.38,31.39,0.0
31.39,31.4,0.0
31.4,31.41,0.0
31.41,31.42,0.0
31.42,31.43,0.0
31.43,31.44,0.0
31.44,31.45,0.0
31.45,31.46,0.0
31.46,31.47,0.0
31.47,31.48,0.0
31.48,31.49,0.0
31.49,31.5,0.0
31.5,31.51,0.0
31.51,31.52,0.0
31.52,31.53,0.0
31.53,31.54,0.0
31.54,31.55,0.0
31.55,31.56,0.0
31.56,31.57,0.0
31.57,31.58,0.0
31.58,31.59,0.0
31.59,31.6,0.0
31.6,31.61,0.0
31.61,31.62,0.0
31.62,31.63,0.0
31.63,31.64,0.0
31.64,31.65,0.0
31.65,31.66,0.0
31.66,31.67,0.0
31.67,31.68,0.0
31.68,31.69,0.0
31.69,31.7,0.0
31.7,31.71,0.0
31.71,31.72,0.0
31.72,31.73,237.8414230005442
31.73,31.74,237.8414230005442
31.74,31.75,237.8414230005442
31.75,31.76,237.8414230005442
31.76,31.77,236.47155720542963
31.77,31.78,237.8414230005442
31.78,31.79,237.8414230005442
31.79,31.8,239.21922434748075
31.8,31.81,239.21922434748075
31.81,31.82,240.60500721642333
31.82,31.83,237.8414230005442
31.83,31.84,232.40911739156792
31.84,31.85,223.1994285260446
31.85,31.86,214.35469250725862
31.86,31.87,210.67220719096719
31.87,31.88,215.59643660857103
31.88,31.89,219.36499593892518
31.89,31.9,219.36499593892518
31.9,31.91,220.63576443274928
31.91,31.92,219.36499593892518
31.92,31.93,219.36499593892518
31.93,31.94,218.10154653305153
31.94,31.95,215.59643660857103
31.95,31.96,214.35469250725862
31.96,31.97,213.12010032569688
31.97,31.98,210.67220719096719
31.98,31.99,207.05298476827548
31.99,32.0,203.49593842053727
32.0,32.01,201.15858821357068
32.01,32.02,200.0
32.02,32.03,196.56411970905023
32.03,32.04,194.30638823072118
32.04,32.05,192.07458901020084
32.05,32.06,188.7748625363387
32.06,32.07,185.5318233882619
32.07,32.08,180.25009252216606
32.08,32.09,192.07458901020084
32.09,32.1,189.86842419010387
32.1,32.11,186.60659830736148
32.11,32.12,186.60659830736148
32.12,32.13,184.46323871718783
32.13,32.14,183.40080864093423
32.14,32.15,182.34449771164336
32.15,32.16,181.29427068562208
32.16,32.17,179.21192838239048
32.17,32.18,174.11011265922482
32.18,32.19,0.0
32.19,32.2,0.0
32.2,32.21,0.0
32.21,32.22,0.0
32.22,32.23,0.0
32.23,32.24,0.0
32.24,32.25,0.0
32.25,32.26,0.0
32.26,32.27,0.0
32.27,32.28,0.0
32.28,32.29,0.0
32.29,32.3,0.0
32.3,32.31,0.0
32.31,32.32,0.0
32.32,32.33,204.67477839935495
32.33,32.34,196.56411970905023
32.34,32.35,194.30638823072118
32.35,32.36,192.07458901020084
32.36,32.37,189.86842419010387
32.37,32.38,187.68759933422865
32.38,32.39,185.5318233882619
32.39,32.4,183.40080864093423
32.4,32.41,187.68759933422865
32.41,32.42,183.40080864093423
32.42,32.43,181.29427068562208
32.43,32.44,180.25009252216606
32.44,32.45,178.17974362806785
32.45,32.46,178.17974362806785
32.46,32.47,177.1535038204721
32.47,32.48,175.11872228117704
32.48,32.49,174.11011265922482
32.49,32.5,177.1535038204721
32.5,32.51,178.17974362806785
32.51,32.52,177.1535038204721
32.52,32.53,176.1331747192297
32.53,32.54,172.11028744886602
32.54,32.55,172.11028744886602
32.55,32.56,172.11028744886602
32.56,32.57,171.11900513652043
32.57,32.58,170.13343219017113
32.58,32.59,170.13343219017113
32.59,32.6,169.1535357262897
32.6,32.61,167.2106416577019
32.61,32.62,167.2106416577019
32.62,32.63,168.1792830507429
32.63,32.64,167.2106416577019
32.64,32.65,166.24757922855756
32.65,32.66,171.11900513652043
32.66,32.67,173.1073122012286
32.67,32.68,173.1073122012286
32.68,32.69,174.11011265922482
32.69,32.7,174.11011265922482
32.7,32.71,173.1073122012286
32.71,32.72,174.11011265922482
32.72,32.73,0.0
32.73,32.74,0.0
32.74,32.75,205.86044732869837
32.75,32.76,207.05298476827548
32.76,32.77,207.05298476827548
32.77,32.78,208.25243050696125
32.78,32.79,209.4588245641254
32.79,32.8,209.4588245641254
32.8,32.81,210.67220719096719
32.81,32.82,213.12010032569688
32.82,32.83,219.36499593892518
32.83,32.84,231.07053937445463
32.84,32.85,235.10958125672175
32.85,32.86,241.99881784385852
32.86,32.87,247.65527207548806
32.87,32.88,246.2288826689832
32.88,32.89,250.53288772482563
32.89,32.9,256.3888163841458
32.9,32.91,262.38162088748976
32.91,32.92,265.4303484677136
32.92,32.93,265.4303484677136
32.93,32.94,262.38162088748976
32.94,32.95,268.51450055605267
32.95,32.96,271.6344887654643
32.96,32.97,274.79072949161787
32.97,32.98,276.38257599355524
32.98,32.99,277.98364396846745
32.99,33.0,277.98364396846745
33.0,33.01,276.38257599355524
33.01,33.02,274.79072949161787
33.02,33.03,273.20805135087915
33.03,33.04,270.06998923363795
33.04,33.05,265.4303484677136
33.05,33.06,260.87041395311286
33.06,33.07,256.3888163841458
33.07,33.08,253.44393965741244
33.08,33.09,249.08992447176465
33.09,33.1,246.2288826689832
33.1,33.11,243.40070273411817
33.11,33.12,239.21922434748075
33.12,33.13,233.75544971224912
33.13,33.14,229.73967099940702
33.14,33.15,225.79288096122622
33.15,33.16,223.1994285260446
33.16,33.17,220.63576443274928
33.17,33.18,208.25243050696125
33.18,33.19,189.86842419010387
33.19,33.2,177.1535038204721
33.2,33.21,173.1073122012286
33.21,33.22,174.11011265922482
33.22,33.23,175.11872228117704
33.23,33.24,175.11872228117704
33.24,33.25,176.1331747192297
33.25,33.26,174.11011265922482
33.26,33.27,173.1073122012286
33.27,33.28,173.1073122012286
33.28,33.29,172.11028744886602
33.29,33.3,170.13343219017113
33.3,33.31,171.11900513652043
33.31,33.32,170.13343219017113
33.32,33.33,169.1535357262897
33.33,33.34,167.2106416577019
33.34,33.35,167.2106416577019
33.35,33.36,166.24757922855756
33.36,33.37,165.29006363084235
33.37,33.38,162.4504792712471
33.38,33.39,161.5148333600084
33.39,33.4,161.5148333600084
33.4,33.41,0.0
33.41,33.42,0.0
33.42,33.43,0.0
33.43,33.44,0.0
33.44,33.45,0.0
33.45,33.46,0.0
33.46,33.47,0.0
33.47,33.48,0.0
33.48,33.49,193.1872657849691
33.49,33.5,183.40080864093423
33.5,33.51,181.29427068562208
33.51,33.52,182.34449771164336
33.52,33.53,182.34449771164336
33.53,33.54,182.34449771164336
33.54,33.55,183.40080864093423
33.55,33.56,183.40080864093423
33.56,33.57,183.40080864093423
33.57,33.58,184.46323871718783
33.58,33.59,185.5318233882619
33.59,33.6,185.5318233882619
33.6,33.61,186.60659830736148
33.61,33.62,184.46323871718783
33.62,33.63,182.34449771164336
33.63,33.64,182.34449771164336
33.64,33.65,183.40080864093423
33.65,33.66,0.0
33.66,33.67,0.0
33.67,33.68,232.40911739156792
33.68,33.69,235.10958125672175
33.69,33.7,239.21922434748075
33.7,33.71,243.40070273411817
33.71,33.72,246.2288826689832
33.72,33.73,249.08992447176465
33.73,33.74,250.53288772482563
33.74,33.75,251.98420997897463
33.75,33.76,251.98420997897463
33.76,33.77,250.53288772482563
33.77,33.78,249.08992447176465
33.78,33.79,246.2288826689832
33.79,33.8,241.99881784385852
33.8,33.81,240.60500721642333
33.81,33.82,236.47155720542963
33.82,33.83,232.40911739156792
33.83,33.84,228.41646786215435
33.84,33.85,224.49240966187455
33.85,33.86,221.91389441356898
33.86,33.87,218.10154653305153
33.87,33.88,211.89261887185907
33.88,33.89,205.86044732869837
33.89,33.9,202.3238880603845
33.9,33.91,198.8480847635095
33.91,33.92,195.43199368684918
33.92,33.93,190.9683207820833
33.93,33.94,186.60659830736148
33.94,33.95,182.34449771164336
33.95,33.96,0.0
33.96,33.97,0.0
33.97,33.98,0.0
33.98,33.99,195.43199368684918
33.99,34.0,186.60659830736148
34.0,34.01,177.1535038204721
34.01,34.02,178.17974362806785
34.02,34.03,178.17974362806785
34.03,34.04,177.1535038204721
34.04,34.05,177.1535038204721
34.05,34.06,176.1331747192297
34.06,34.07,175.11872228117704
34.07,34.08,174.11011265922482
34.08,34.09,171.11900513652043
34.09,34.1,165.29006363084235
34.1,34.11,160.5845763726753
34.11,34.12,165.29006363084235
34.12,34.13,180.25009252216606
34.13,34.14,0.0
34.14,34.15,0.0
34.15,34.16,177.1535038204721
34.16,34.17,175.11872228117704
34.17,34.18,173.1073122012286
34.18,34.19,172.11028744886602
34.19,34.2,170.13343219017113
34.2,34.21,170.13343219017113
34.21,34.22,169.1535357262897
34.22,34.23,168.1792830507429
34.23,34.24,167.2106416577019
34.24,34.25,165.29006363084235
34.25,34.26,164.33806291715806
34.26,34.27,164.33806291715806
34.27,34.28,163.39154532410998
34.28,34.29,161.5148333600084
34.29,34.3,161.5148333600084
34.3,34.31,160.5845763726753
34.31,34.32,157.8258294677283
34.32,34.33,156.0130452026747
34.33,34.34,162.4504792712471
34.34,34.35,161.5148333600084
34.35,34.36,162.4504792712471
34.36,34.37,161.5148333600084
34.37,34.38,161.5148333600084
34.38,34.39,162.4504792712471
34.39,34.4,161.5148333600084
34.4,34.41,162.4504792712471
34.41,34.42,162.4504792712471
34.42,34.43,163.39154532410998
34.43,34.44,162.4504792712471
34.44,34.45,162.4504792712471
34.45,34.46,162.4504792712471
34.46,34.47,163.39154532410998
34.47,34.48,164.33806291715806
34.48,34.49,164.33806291715806
34.49,34.5,164.33806291715806
34.5,34.51,164.33806291715806
34.51,34.52,164.33806291715806
34.52,34.53,163.39154532410998
34.53,34.54,162.4504792712471
34.54,34.55,163.39154532410998
34.55,34.56,160.5845763726753
34.56,34.57,164.33806291715806
34.57,34.58,164.33806291715806
34.58,34.59,164.33806291715806
34.59,34.6,164.33806291715806
34.6,34.61,0.0
34.61,34.62,0.0
34.62,34.63,0.0
34.63,34.64,0.0
34.64,34.65,0.0
34.65,34.66,0.0
34.66,34.67,0.0
34.67,34.68,0.0
34.68,34.69,0.0
34.69,34.7,0.0
34.7,34.71,0.0
34.71,34.72,0.0
34.72,34.73,0.0
34.73,34.74,0.0
34.74,34.75,0.0
34.75,34.76,0.0
34.76,34.77,0.0
34.77,34.78,0.0
34.78,34.79,0.0
34.79,34.8,0.0
34.8,34.81,0.0
34.81,34.82,0.0
34.82,34.83,0.0
34.83,34.84,193.1872657849691
34.84,34.85,186.60659830736148
34.85,34.86,188.7748625363387
34.86,34.87,187.68759933422865
34.87,34.88,185.5318233882619
34.88,34.89,184.46323871718783
34.89,34.9,183.40080864093423
34.9,34.91,182.34449771164336
34.91,34.92,181.29427068562208
34.92,34.93,180.25009252216606
34.93,34.94,179.21192838239048
34.94,34.95,179.21192838239048
34.95,34.96,179.21192838239048
34.96,34.97,179.21192838239048
34.97,34.98,179.21192838239048
34.98,34.99,179.21192838239048
34.99,35.0,181.29427068562208
35.0,35.01,182.34449771164336
35.01,35.02,183.40080864093423
35.02,35.03,183.40080864093423
35.03,35.04,183.40080864093423
35.04,35.05,182.34449771164336
35.05,35.06,181.29427068562208
35.06,35.07,180.25009252216606
35.07,35.08,175.11872228117704
35.08,35.09,0.0
35.09,35.1,0.0
35.1,35.11,0.0
35.11,35.12,0.0
35.12,35.13,0.0
35.13,35.14,0.0
35.14,35.15,0.0
35.15,35.16,0.0
35.16,35.17,0.0
35.17,35.18,0.0
35.18,35.19,197.70280407057922
35.19,35.2,189.86842419010387
35.2,35.21,186.60659830736148
35.21,35.22,184.46323871718783
35.22,35.23,181.29427068562208
35.23,35.24,177.1535038204721
35.24,35.25,174.11011265922482
35.25,35.26,168.1792830507429
35.26,35.27,0.0
35.27,35.28,0.0
35.28,35.29,0.0
35.29,35.3,0.0
35.3,35.31,0.0
35.31,35.32,0.0
35.32,35.33,0.0
35.33,35.34,0.0
35.34,35.35,186.60659830736148
35.35,35.36,187.68759933422865
35.36,35.37,184.46323871718783
35.37,35.38,182.34449771164336
35.38,35.39,181.29427068562208
35.39,35.4,179.21192838239048
35.4,35.41,175.11872228117704
35.41,35.42,170.13343219017113
35.42,35.43,165.29006363084235
35.43,35.44,0.0
35.44,35.45,179.21192838239048
35.45,35.46,178.17974362806785
35.46,35.47,178.17974362806785
35.47,35.48,178.17974362806785
35.48,35.49,0.0
35.49,35.5,0.0
35.5,35.51,0.0
35.51,35.52,0.0
35.52,35.53,0.0
35.53,35.54,179.21192838239048
35.54,35.55,178.17974362806785
35.55,35.56,177.1535038204721
35.56,35.57,176.1331747192297
35.57,35.58,176.1331747192297
35.58,35.59,175.11872228117704
35.59,35.6,181.29427068562208
35.6,35.61,179.21192838239048
35.61,35.62,179.21192838239048
35.62,35.63,178.17974362806785
35.63,35.64,177.1535038204721
35.64,35.65,176.1331747192297
35.65,35.66,175.11872228117704
35.66,35.67,174.11011265922482
35.67,35.68,173.1073122012286
35.68,35.69,173.1073122012286
35.69,35.7,175.11872228117704
35.7,35.71,175.11872228117704
35.71,35.72,174.11011265922482
35.72,35.73,174.11011265922482
35.73,35.74,173.1073122012286
35.74,35.75,170.13343219017113
35.75,35.76,166.24757922855756
35.76,35.77,166.24757922855756
35.77,35.78,165.29006363084235
35.78,35.79,171.11900513652043
35.79,35.8,170.13343219017113
35.8,35.81,165.29006363084235
35.81,35.82,164.33806291715806
35.82,35.83,163.39154532410998
35.83,35.84,163.39154532410998
35.84,35.85,162.4504792712471
35.85,35.86,162.4504792712471
35.86,35.87,163.39154532410998
35.87,35.88,159.65967727133
35.88,35.89,155.11447618337345
35.89,35.9,158.74010519681997
35.9,35.91,165.29006363084235
35.91,35.92,167.2106416577019
35.92,35.93,166.24757922855756
35.93,35.94,165.29006363084235
35.94,35.95,165.29006363084235
35.95,35.96,166.24757922855756
35.96,35.97,167.2106416577019
35.97,35.98,0.0
35.98,35.99,0.0
35.99,36.0,175.11872228117704
36.0,36.01,179.21192838239048
36.01,36.02,179.21192838239048
36.02,36.03,179.21192838239048
36.03,36.04,180.25009252216606
36.04,36.05,180.25009252216606
36.05,36.06,181.29427068562208
36.06,36.07,181.29427068562208
36.07,36.08,182.34449771164336
36.08,36.09,0.0
36.09,36.1,0.0
36.1,36.11,0.0
36.11,36.12,0.0
36.12,36.13,0.0
36.13,36.14,0.0
36.14,36.15,0.0
36.15,36.16,0.0
36.16,36.17,0.0
36.17,36.18,0.0
36.18,36.19,0.0
36.19,36.2,0.0
36.2,36.21,0.0
36.21,36.22,0.0
36.22,36.23,282.842712474619
36.23,36.24,274.79072949161787
36.24,36.25,271.6344887654643
36.25,36.26,270.06998923363795
36.26,36.27,270.06998923363795
36.27,36.28,270.06998923363795
36.28,36.29,268.51450055605267
36.29,36.3,268.51450055605267
36.3,36.31,266.96797083400685
36.31,36.32,263.9015821545788
36.32,36.33,262.38162088748976
36.33,36.34,259.3679109302019
36.34,36.35,256.3888163841458
36.35,36.36,253.44393965741244
36.36,36.37,250.53288772482563
36.37,36.38,246.2288826689832
36.38,36.39,243.40070273411817
36.39,36.4,237.8414230005442
36.4,36.41,233.75544971224912
36.41,36.42,227.10088581417543
36.42,36.43,0.0
36.43,36.44,0.0
36.44,36.45,0.0
36.45,36.46,0.0
36.46,36.47,0.0
36.47,36.48,189.86842419010387
36.48,36.49,185.5318233882619
36.49,36.5,183.40080864093423
36.5,36.51,181.29427068562208
36.51,36.52,180.25009252216606
36.52,36.53,178.17974362806785
36.53,36.54,177.1535038204721
36.54,36.55,176.1331747192297
36.55,36.56,173.1073122012286
36.56,36.57,171.11900513652043
36.57,36.58,169.1535357262897
36.58,36.59,168.1792830507429
36.59,36.6,170.13343219017113
36.6,36.61,168.1792830507429
36.61,36.62,161.5148333600084
36.62,36.63,159.65967727133
36.63,36.64,171.11900513652043
36.64,36.65,164.33806291715806
36.65,36.66,164.33806291715806
36.66,36.67,164.33806291715806
36.67,36.68,164.33806291715806
36.68,36.69,163.39154532410998
36.69,36.7,163.39154532410998
36.7,36.71,162.4504792712471
36.71,36.72,161.5148333600084
36.72,36.73,160.5845763726753
36.73,36.74,160.5845763726753
36.74,36.75,159.65967727133
36.75,36.76,158.74010519681997
36.76,36.77,158.74010519681997
36.77,36.78,157.8258294677283
36.78,36.79,155.11447618337345
36.79,36.8,154.22108254079407
36.8,36.81,152.4497023255762
36.81,36.82,156.0130452026747
36.82,36.83,159.65967727133
36.83,36.84,160.5845763726753
36.84,36.85,159.65967727133
36.85,36.86,159.65967727133
36.86,36.87,160.5845763726753
36.87,36.88,160.5845763726753
36.88,36.89,160.5845763726753
36.89,36.9,160.5845763726753
36.9,36.91,161.5148333600084
36.91,36.92,161.5148333600084
36.92,36.93,163.39154532410998
36.93,36.94,166.24757922855756
36.94,36.95,0.0
36.95,36.96,0.0
36.96,36.97,0.0
36.97,36.98,0.0
36.98,36.99,0.0
36.99,37.0,0.0
37.0,37.01,0.0
37.01,37.02,0.0
37.02,37.03,0.0
37.03,37.04,0.0
37.04,37.05,0.0
37.05,37.06,0.0
37.06,37.07,0.0
37.07,37.08,0.0
37.08,37.09,0.0
37.09,37.1,0.0
37.1,37.11,0.0
37.11,37.12,0.0
37.12,37.13,0.0
37.13,37.14,0.0
37.14,37.15,0.0
37.15,37.16,0.0
37.16,37.17,0.0
37.17,37.18,0.0
37.18,37.19,0.0
37.19,37.2,0.0
37.2,37.21,0.0
37.21,37.22,0.0
37.22,37.23,0.0
37.23,37.24,0.0
37.24,37.25,0.0
37.25,37.26,0.0
37.26,37.27,0.0
37.27,37.28,0.0
37.28,37.29,0.0
37.29,37.3,0.0
37.3,37.31,0.0
37.31,37.32,0.0
37.32,37.33,0.0
37.33,37.34,0.0
37.34,37.35,0.0
37.35,37.36,0.0
37.36,37.37,0.0
37.37,37.38,0.0
37.38,37.39,0.0
37.39,37.4,0.0
37.4,37.41,0.0
37.41,37.42,0.0
37.42,37.43,0.0
37.43,37.44,0.0
37.44,37.45,0.0
37.45,37.46,0.0
37.46,37.47,182.34449771164336
37.47,37.48,181.29427068562208
37.48,37.49,182.34449771164336
37.49,37.5,183.40080864093423
37.5,37.51,183.40080864093423
37.51,37.52,184.46323871718783
37.52,37.53,184.46323871718783
37.53,37.54,185.5318233882619
37.54,37.55,185.5318233882619
37.55,37.56,186.60659830736148
37.56,37.57,183.40080864093423
37.57,37.58,181.29427068562208
37.58,37.59,180.25009252216606
37.59,37.6,185.5318233882619
37.6,37.61,192.07458901020084
37.61,37.62,196.56411970905023
37.62,37.63,195.43199368684918
37.63,37.64,195.43199368684918
37.64,37.65,193.1872657849691
37.65,37.66,189.86842419010387
37.66,37.67,187.68759933422865
37.67,37.68,184.46323871718783
37.68,37.69,180.25009252216606
37.69,37.7,197.70280407057922
37.7,37.71,187.68759933422865
37.71,37.72,190.9683207820833
37.72,37.73,192.07458901020084
37.73,37.74,190.9683207820833
37.74,37.75,189.86842419010387
37.75,37.76,188.7748625363387
37.76,37.77,187.68759933422865
37.77,37.78,185.5318233882619
37.78,37.79,184.46323871718783
37.79,37.8,184.46323871718783
37.8,37.81,182.34449771164336
37.81,37.82,182.34449771164336
37.82,37.83,180.25009252216606
37.83,37.84,179.21192838239048
37.84,37.85,178.17974362806785
37.85,37.86,179.21192838239048
37.86,37.87,183.40080864093423
37.87,37.88,184.46323871718783
37.88,37.89,183.40080864093423
37.89,37.9,182.34449771164336
37.9,37.91,182.34449771164336
37.91,37.92,179.21192838239048
37.92,37.93,176.1331747192297
37.93,37.94,175.11872228117704
37.94,37.95,174.11011265922482
37.95,37.96,176.1331747192297
37.96,37.97,0.0
37.97,37.98,0.0
37.98,37.99,0.0
37.99,38.0,0.0
38.0,38.01,0.0
38.01,38.02,0.0
38.02,38.03,0.0
38.03,38.04,0.0
38.04,38.05,0.0
38.05,38.06,0.0
38.06,38.07,0.0
38.07,38.08,0.0
38.08,38.09,0.0
38.09,38.1,0.0
38.1,38.11,185.5318233882619
38.11,38.12,186.60659830736148
38.12,38.13,189.86842419010387
38.13,38.14,186.60659830736148
38.14,38.15,185.5318233882619
38.15,38.16,185.5318233882619
38.16,38.17,184.46323871718783
38.17,38.18,183.40080864093423
38.18,38.19,182.34449771164336
38.19,38.2,182.34449771164336
38.2,38.21,181.29427068562208
38.21,38.22,179.21192838239048
38.22,38.23,174.11011265922482
38.23,38.24,179.21192838239048
38.24,38.25,177.1535038204721
38.25,38.26,178.17974362806785
38.26,38.27,0.0
38.27,38.28,201.15858821357068
38.28,38.29,202.3238880603845
38.29,38.3,203.49593842053727
38.3,38.31,204.67477839935495
38.31,38.32,208.25243050696125
38.32,38.33,209.4588245641254
38.33,38.34,211.89261887185907
38.34,38.35,214.35469250725862
38.35,38.36,215.59643660857103
38.36,38.37,218.10154653305153
38.37,38.38,219.36499593892518
38.38,38.39,220.63576443274928
38.39,38.4,220.63576443274928
38.4,38.41,220.63576443274928
38.41,38.42,219.36499593892518
38.42,38.43,218.10154653305153
38.43,38.44,218.10154653305153
38.44,38.45,216.8453740602837
38.45,38.46,215.59643660857103
38.46,38.47,215.59643660857103
38.47,38.48,214.35469250725862
38.48,38.49,213.12010032569688
38.49,38.5,215.59643660857103
38.5,38.51,216.8453740602837
38.51,38.52,215.59643660857103
38.52,38.53,214.35469250725862
38.53,38.54,213.12010032569688
38.54,38.55,211.89261887185907
38.55,38.56,211.89261887185907
38.56,38.57,210.67220719096719
38.57,38.58,209.4588245641254
38.58,38.59,209.4588245641254
38.59,38.6,208.25243050696125
38.6,38.61,207.05298476827548
38.61,38.62,205.86044732869837
38.62,38.63,209.4588245641254
38.63,38.64,205.86044732869837
38.64,38.65,204.67477839935495
38.65,38.66,204.67477839935495
38.66,38.67,203.49593842053727
38.67,38.68,202.3238880603845
38.68,38.69,202.3238880603845
38.69,38.7,201.15858821357068
38.7,38.71,200.0
38.71,38.72,198.8480847635095
38.72,38.73,197.70280407057922
38.73,38.74,196.56411970905023
38.74,38.75,196.56411970905023
38.75,38.76,195.43199368684918
38.76,38.77,194.30638823072118
38.77,38.78,193.1872657849691
38.78,38.79,192.07458901020084
38.79,38.8,190.9683207820833
38.8,38.81,190.9683207820833
38.81,38.82,189.86842419010387
38.82,38.83,189.86842419010387
38.83,38.84,189.86842419010387
38.84,38.85,188.7748625363387
38.85,38.86,187.68759933422865
38.86,38.87,185.5318233882619
38.87,38.88,182.34449771164336
38.88,38.89,188.7748625363387
38.89,38.9,188.7748625363387
38.9,38.91,192.07458901020084
38.91,38.92,192.07458901020084
38.92,38.93,192.07458901020084
38.93,38.94,202.3238880603845
38.94,38.95,202.3238880603845
38.95,38.96,198.8480847635095
38.96,38.97,197.70280407057922
38.97,38.98,197.70280407057922
38.98,38.99,195.43199368684918
38.99,39.0,194.30638823072118
39.0,39.01,189.86842419010387
39.01,39.02,0.0
39.02,39.03,0.0
39.03,39.04,0.0
39.04,39.05,0.0
39.05,39.06,0.0
39.06,39.07,0.0
39.07,39.08,205.86044732869837
39.08,39.09,196.56411970905023
39.09,39.1,192.07458901020084
39.1,39.11,190.9683207820833
39.11,39.12,189.86842419010387
39.12,39.13,187.68759933422865
39.13,39.14,182.34449771164336
39.14,39.15,182.34449771164336
39.15,39.16,179.21192838239048
39.16,39.17,174.11011265922482
39.17,39.18,170.13343219017113
39.18,39.19,169.1535357262897
39.19,39.2,0.0
39.2,39.21,0.0
39.21,39.22,0.0
39.22,39.23,0.0
39.23,39.24,0.0
39.24,39.25,202.3238880603845
39.25,39.26,203.49593842053727
39.26,39.27,201.15858821357068
39.27,39.28,197.70280407057922
39.28,39.29,195.43199368684918
39.29,39.3,193.1872657849691
39.3,39.31,192.07458901020084
39.31,39.32,189.86842419010387
39.32,39.33,187.68759933422865
39.33,39.34,184.46323871718783
39.34,39.35,182.34449771164336
39.35,39.36,179.21192838239048
39.36,39.37,180.25009252216606
39.37,39.38,181.29427068562208
39.38,39.39,177.1535038204721
39.39,39.4,178.17974362806785
39.4,39.41,180.25009252216606
39.41,39.42,182.34449771164336
39.42,39.43,184.46323871718783
39.43,39.44,184.46323871718783
39.44,39.45,184.46323871718783
39.45,39.46,185.5318233882619
39.46,39.47,185.5318233882619
39.47,39.48,185.5318233882619
39.48,39.49,186.60659830736148
39.49,39.5,183.40080864093423
39.5,39.51,187.68759933422865
39.51,39.52,192.07458901020084
39.52,39.53,193.1872657849691
39.53,39.54,194.30638823072118
39.54,39.55,198.8480847635095
39.55,39.56,202.3238880603845
39.56,39.57,204.67477839935495
39.57,39.58,207.05298476827548
39.58,39.59,209.4588245641254
39.59,39.6,211.89261887185907
39.6,39.61,214.35469250725862
39.61,39.62,215.59643660857103
39.62,39.63,215.59643660857103
39.63,39.64,214.35469250725862
39.64,39.65,214.35469250725862
39.65,39.66,213.12010032569688
39.66,39.67,208.25243050696125
39.67,39.68,209.4588245641254
39.68,39.69,210.67220719096719
39.69,39.7,205.86044732869837
39.7,39.71,201.15858821357068
39.71,39.72,196.56411970905023
39.72,39.73,195.43199368684918
39.73,39.74,193.1872657849691
39.74,39.75,189.86842419010387
39.75,39.76,185.5318233882619
39.76,39.77,181.29427068562208
39.77,39.78,179.21192838239048
39.78,39.79,183.40080864093423
39.79,39.8,183.40080864093423
39.8,39.81,182.34449771164336
39.81,39.82,181.29427068562208
39.82,39.83,180.25009252216606
39.83,39.84,178.17974362806785
39.84,39.85,177.1535038204721
39.85,39.86,176.1331747192297
39.86,39.87,175.11872228117704
39.87,39.88,175.11872228117704
39.88,39.89,176.1331747192297
39.89,39.9,179.21192838239048
39.9,39.91,180.25009252216606
39.91,39.92,182.34449771164336
39.92,39.93,182.34449771164336
39.93,39.94,182.34449771164336
39.94,39.95,181.29427068562208
39.95,39.96,178.17974362806785
39.96,39.97,173.1073122012286
39.97,39.98,162.4504792712471
39.98,39.99,165.29006363084235
39.99,40.0,159.65967727133
40.0,40.01,0.0
40.01,40.02,0.0
40.02,40.03,0.0
40.03,40.04,0.0
40.04,40.05,0.0
40.05,40.06,0.0
40.06,40.07,0.0
40.07,40.08,0.0
40.08,40.09,0.0
40.09,40.1,0.0
40.1,40.11,0.0
40.11,40.12,0.0
40.12,40.13,0.0
40.13,40.14,0.0
40.14,40.15,0.0
40.15,40.16,0.0
40.16,40.17,0.0
40.17,40.18,0.0
40.18,40.19,197.70280407057922
40.19,40.2,197.70280407057922
40.2,40.21,196.56411970905023
40.21,40.22,196.56411970905023
40.22,40.23,196.56411970905023
40.23,40.24,196.56411970905023
40.24,40.25,197.70280407057922
40.25,40.26,198.8480847635095
40.26,40.27,198.8480847635095
40.27,40.28,198.8480847635095
40.28,40.29,198.8480847635095
40.29,40.3,201.15858821357068
40.3,40.31,200.0
40.31,40.32,200.0
40.32,40.33,198.8480847635095
40.33,40.34,197.70280407057922
40.34,40.35,195.43199368684918
40.35,40.36,194.30638823072118
40.36,40.37,193.1872657849691
40.37,40.38,190.9683207820833
40.38,40.39,190.9683207820833
40.39,40.4,190.9683207820833
40.4,40.41,190.9683207820833
40.41,40.42,192.07458901020084
40.42,40.43,192.07458901020084
40.43,40.44,0.0
40.44,40.45,0.0
40.45,40.46,0.0
40.46,40.47,0.0
40.47,40.48,0.0
40.48,40.49,0.0
40.49,40.5,0.0
40.5,40.51,0.0
40.51,40.52,0.0
40.52,40.53,0.0
40.53,40.54,0.0
40.54,40.55,188.7748625363387
40.55,40.56,185.5318233882619
40.56,40.57,185.5318233882619
40.57,40.58,183.40080864093423
40.58,40.59,182.34449771164336
40.59,40.6,181.29427068562208
40.6,40.61,180.25009252216606
40.61,40.62,180.25009252216606
40.62,40.63,181.29427068562208
40.63,40.64,180.25009252216606
40.64,40.65,179.21192838239048
40.65,40.66,179.21192838239048
40.66,40.67,180.25009252216606
40.67,40.68,181.29427068562208
40.68,40.69,179.21192838239048
40.69,40.7,178.17974362806785
40.7,40.71,178.17974362806785
40.71,40.72,176.1331747192297
40.72,40.73,175.11872228117704
40.73,40.74,174.11011265922482
40.74,40.75,174.11011265922482
40.75,40.76,170.13343219017113
40.76,40.77,176.1331747192297
40.77,40.78,177.1535038204721
40.78,40.79,177.1535038204721
40.79,40.8,177.1535038204721
40.8,40.81,177.1535038204721
40.81,40.82,175.11872228117704
40.82,40.83,177.1535038204721
40.83,40.84,178.17974362806785
40.84,40.85,178.17974362806785
40.85,40.86,177.1535038204721
40.86,40.87,177.1535038204721
40.87,40.88,176.1331747192297
40.88,40.89,176.1331747192297
40.89,40.9,179.21192838239048
40.9,40.91,0.0
40.91,40.92,216.8453740602837
40.92,40.93,218.10154653305153
40.93,40.94,219.36499593892518
40.94,40.95,219.36499593892518
40.95,40.96,220.63576443274928
40.96,40.97,221.91389441356898
40.97,40.98,223.1994285260446
40.98,40.99,224.49240966187455
40.99,41.0,223.1994285260446
41.0,41.01,221.91389441356898
41.01,41.02,219.36499593892518
41.02,41.03,215.59643660857103
41.03,41.04,213.12010032569688
41.04,41.05,211.89261887185907
41.05,41.06,210.67220719096719
41.06,41.07,209.4588245641254
41.07,41.08,209.4588245641254
41.08,41.09,209.4588245641254
41.09,41.1,207.05298476827548
41.1,41.11,210.67220719096719
41.11,41.12,208.25243050696125
41.12,41.13,205.86044732869837
41.13,41.14,203.49593842053727
41.14,41.15,201.15858821357068
41.15,41.16,197.70280407057922
41.16,41.17,195.43199368684918
41.17,41.18,193.1872657849691
41.18,41.19,192.07458901020084
41.19,41.2,189.86842419010387
41.2,41.21,188.7748625363387
41.21,41.22,187.68759933422865
41.22,41.23,186.60659830736148
41.23,41.24,183.40080864093423
41.24,41.25,180.25009252216606
41.25,41.26,179.21192838239048
41.26,41.27,190.9683207820833
41.27,41.28,188.7748625363387
41.28,41.29,185.5318233882619
41.29,41.3,184.46323871718783
41.3,41.31,184.46323871718783
41.31,41.32,183.40080864093423
41.32,41.33,182.34449771164336
41.33,41.34,181.29427068562208
41.34,41.35,179.21192838239048
41.35,41.36,178.17974362806785
41.36,41.37,176.1331747192297
41.37,41.38,175.11872228117704
41.38,41.39,174.11011265922482
41.39,41.4,173.1073122012286
41.4,41.41,172.11028744886602
41.41,41.42,171.11900513652043
41.42,41.43,0.0
41.43,41.44,0.0
41.44,41.45,0.0
41.45,41.46,0.0
41.46,41.47,0.0
41.47,41.48,0.0
41.48,41.49,0.0
41.49,41.5,0.0
41.5,41.51,0.0
41.51,41.52,0.0
41.52,41.53,0.0
41.53,41.54,0.0
41.54,41.55,0.0
41.55,41.56,0.0
41.56,41.57,0.0
41.57,41.58,0.0
41.58,41.59,0.0
41.59,41.6,0.0
41.6,41.61,0.0
41.61,41.62,0.0
41.62,41.63,0.0
41.63,41.64,0.0
41.64,41.65,0.0
41.65,41.66,180.25009252216606
41.66,41.67,177.1535038204721
41.67,41.68,178.17974362806785
41.68,41.69,174.11011265922482
41.69,41.7,0.0
41.7,41.71,0.0
41.71,41.72,0.0
41.72,41.73,0.0
41.73,41.74,0.0
41.74,41.75,0.0
41.75,41.76,0.0
41.76,41.77,0.0
41.77,41.78,0.0
41.78,41.79,183.40080864093423
41.79,41.8,185.5318233882619
41.8,41.81,184.46323871718783
41.81,41.82,183.40080864093423
41.82,41.83,183.40080864093423
41.83,41.84,182.34449771164336
41.84,41.85,181.29427068562208
41.85,41.86,179.21192838239048
41.86,41.87,183.40080864093423
41.87,41.88,189.86842419010387
41.88,41.89,195.43199368684918
41.89,41.9,196.56411970905023
41.9,41.91,196.56411970905023
41.91,41.92,196.56411970905023
41.92,41.93,197.70280407057922
41.93,41.94,198.8480847635095
41.94,41.95,202.3238880603845
41.95,41.96,203.49593842053727
41.96,41.97,203.49593842053727
41.97,41.98,202.3238880603845
41.98,41.99,202.3238880603845
41.99,42.0,200.0
42.0,42.01,194.30638823072118
42.01,42.02,193.1872657849691
42.02,42.03,192.07458901020084
42.03,42.04,190.9683207820833
42.04,42.05,190.9683207820833
42.05,42.06,185.5318233882619
42.06,42.07,188.7748625363387
42.07,42.08,188.7748625363387
42.08,42.09,188.7748625363387
42.09,42.1,188.7748625363387
42.1,42.11,187.68759933422865
42.11,42.12,186.60659830736148
42.12,42.13,185.5318233882619
42.13,42.14,184.46323871718783
42.14,42.15,184.46323871718783
42.15,42.16,183.40080864093423
42.16,42.17,182.34449771164336
42.17,42.18,183.40080864093423
42.18,42.19,183.40080864093423
42.19,42.2,181.29427068562208
42.2,42.21,180.25009252216606
42.21,42.22,179.21192838239048
42.22,42.23,178.17974362806785
42.23,42.24,177.1535038204721
42.24,42.25,177.1535038204721
42.25,42.26,176.1331747192297
42.26,42.27,175.11872228117704
42.27,42.28,174.11011265922482
42.28,42.29,174.11011265922482
42.29,42.3,173.1073122012286
42.3,42.31,170.13343219017113
42.31,42.32,170.13343219017113
42.32,42.33,170.13343219017113
42.33,42.34,176.1331747192297
42.34,42.35,174.11011265922482
42.35,42.36,0.0
42.36,42.37,0.0
42.37,42.38,0.0
42.38,42.39,0.0
42.39,42.4,177.1535038204721
42.4,42.41,176.1331747192297
42.41,42.42,175.11872228117704
42.42,42.43,174.11011265922482
42.43,42.44,173.1073122012286
42.44,42.45,172.11028744886602
42.45,42.46,176.1331747192297
42.46,42.47,181.29427068562208
42.47,42.48,188.7748625363387
42.48,42.49,201.15858821357068
42.49,42.5,209.4588245641254
42.5,42.51,216.8453740602837
42.51,42.52,220.63576443274928
42.52,42.53,223.1994285260446
42.53,42.54,231.07053937445463
42.54,42.55,237.8414230005442
42.55,42.56,241.99881784385852
42.56,42.57,243.40070273411817
42.57,42.58,244.81070866093103
42.58,42.59,246.2288826689832
42.59,42.6,244.81070866093103
42.6,42.61,240.60500721642333
42.61,42.62,235.10958125672175
42.62,42.63,231.07053937445463
42.63,42.64,227.10088581417543
42.64,42.65,223.1994285260446
42.65,42.66,218.10154653305153
42.66,42.67,211.89261887185907
42.67,42.68,204.67477839935495
42.68,42.69,201.15858821357068
42.69,42.7,197.70280407057922
42.7,42.71,195.43199368684918
42.71,42.72,193.1872657849691
42.72,42.73,188.7748625363387
42.73,42.74,182.34449771164336
42.74,42.75,181.29427068562208
42.75,42.76,181.29427068562208
42.76,42.77,181.29427068562208
42.77,42.78,175.11872228117704
42.78,42.79,0.0
42.79,42.8,178.17974362806785
42.8,42.81,177.1535038204721
42.81,42.82,176.1331747192297
42.82,42.83,175.11872228117704
42.83,42.84,173.1073122012286
42.84,42.85,172.11028744886602
42.85,42.86,171.11900513652043
42.86,42.87,170.13343219017113
42.87,42.88,169.1535357262897
42.88,42.89,168.1792830507429
42.89,42.9,167.2106416577019
42.9,42.91,165.29006363084235
42.91,42.92,164.33806291715806
42.92,42.93,162.4504792712471
42.93,42.94,161.5148333600084
42.94,42.95,156.91681957935012
42.95,42.96,172.11028744886602
42.96,42.97,168.1792830507429
42.97,42.98,164.33806291715806
42.98,42.99,164.33806291715806
42.99,43.0,165.29006363084235
43.0,43.01,167.2106416577019
43.01,43.02,0.0
43.02,43.03,168.1792830507429
43.03,43.04,167.2106416577019
43.04,43.05,165.29006363084235
43.05,43.06,166.24757922855756
43.06,43.07,165.29006363084235
43.07,43.08,166.24757922855756
43.08,43.09,168.1792830507429
43.09,43.1,167.2106416577019
43.1,43.11,168.1792830507429
43.11,43.12,168.1792830507429
43.12,43.13,0.0
43.13,43.14,0.0
43.14,43.15,0.0
43.15,43.16,0.0
43.16,43.17,0.0
43.17,43.18,0.0
43.18,43.19,0.0
43.19,43.2,0.0
43.2,43.21,0.0
43.21,43.22,0.0
43.22,43.23,0.0
43.23,43.24,0.0
43.24,43.25,0.0
43.25,43.26,0.0
43.26,43.27,0.0
43.27,43.28,0.0
43.28,43.29,0.0
43.29,43.3,0.0
43.3,43.31,0.0
43.31,43.32,0.0
43.32,43.33,0.0
43.33,43.34,0.0
43.34,43.35,0.0
43.35,43.36,0.0
43.36,43.37,0.0
43.37,43.38,0.0
43.38,43.39,0.0
43.39,43.4,0.0
43.4,43.41,0.0
43.41,43.42,0.0
43.42,43.43,0.0
43.43,43.44,0.0
43.44,43.45,0.0
43.45,43.46,0.0
43.46,43.47,0.0
43.47,43.48,0.0
43.48,43.49,0.0
43.49,43.5,174.11011265922482
43.5,43.51,174.11011265922482
43.51,43.52,173.1073122012286
43.52,43.53,174.11011265922482
43.53,43.54,173.1073122012286
43.54,43.55,170.13343219017113
43.55,43.56,0.0
43.56,43.57,0.0
43.57,43.58,0.0
43.58,43.59,0.0
43.59,43.6,0.0
43.6,43.61,0.0
43.61,43.62,0.0
43.62,43.63,0.0
43.63,43.64,0.0
43.64,43.65,173.1073122012286
43.65,43.66,170.13343219017113
43.66,43.67,168.1792830507429
43.67,43.68,166.24757922855756
43.68,43.69,164.33806291715806
43.69,43.7,163.39154532410998
43.7,43.71,162.4504792712471
43.71,43.72,161.5148333600084
43.72,43.73,161.5148333600084
43.73,43.74,164.33806291715806
43.74,43.75,164.33806291715806
43.75,43.76,164.33806291715806
43.76,43.77,163.39154532410998
43.77,43.78,163.39154532410998
43.78,43.79,163.39154532410998
43.79,43.8,162.4504792712471
43.8,43.81,162.4504792712471
43.81,43.82,163.39154532410998
43.82,43.83,164.33806291715806
43.83,43.84,166.24757922855756
43.84,43.85,168.1792830507429
43.85,43.86,169.1535357262897
43.86,43.87,170.13343219017113
43.87,43.88,170.13343219017113
43.88,43.89,173.1073122012286
43.89,43.9,176.1331747192297
43.9,43.91,177.1535038204721
43.91,43.92,178.17974362806785
43.92,43.93,179.21192838239048
43.93,43.94,179.21192838239048
43.94,43.95,179.21192838239048
43.95,43.96,180.25009252216606
43.96,43.97,180.25009252216606
43.97,43.98,180.25009252216606
43.98,43.99,184.46323871718783
43.99,44.0,0.0
44.0,44.01,0.0
44.01,44.02,0.0
44.02,44.03,0.0
44.03,44.04,0.0
44.04,44.05,246.2288826689832
44.05,44.06,256.3888163841458
44.06,44.07,259.3679109302019
44.07,44.08,263.9015821545788
44.08,44.09,265.4303484677136
44.09,44.1,266.96797083400685
44.1,44.11,268.51450055605267
44.11,44.12,268.51450055605267
44.12,44.13,266.96797083400685
44.13,44.14,265.4303484677136
44.14,44.15,260.87041395311286
44.15,44.16,256.3888163841458
44.16,44.17,250.53288772482563
44.17,44.18,244.81070866093103
44.18,44.19,236.47155720542963
44.19,44.2,228.41646786215435
44.2,44.21,220.63576443274928
44.21,44.22,211.89261887185907
44.22,44.23,201.15858821357068
44.23,44.24,190.9683207820833
44.24,44.25,186.60659830736148
44.25,44.26,182.34449771164336
44.26,44.27,177.1535038204721
44.27,44.28,171.11900513652043
44.28,44.29,163.39154532410998
44.29,44.3,0.0
44.3,44.31,0.0
44.31,44.32,0.0
44.32,44.33,0.0
44.33,44.34,0.0
44.34,44.35,0.0
44.35,44.36,0.0
44.36,44.37,0.0
44.37,44.38,0.0
44.38,44.39,0.0
44.39,44.4,0.0
44.4,44.41,0.0
44.41,44.42,0.0
44.42,44.43,0.0
44.43,44.44,0.0
44.44,44.45,0.0
44.45,44.46,0.0
44.46,44.47,0.0
44.47,44.48,0.0
44.48,44.49,0.0
44.49,44.5,0.0
44.5,44.51,0.0
44.51,44.52,0.0
44.52,44.53,0.0
44.53,44.54,0.0
44.54,44.55,0.0
44.55,44.56,0.0
44.56,44.57,0.0
44.57,44.58,0.0
44.58,44.59,0.0
44.59,44.6,0.0
44.6,44.61,0.0
44.61,44.62,0.0
44.62,44.63,0.0
44.63,44.64,0.0
44.64,44.65,0.0
44.65,44.66,0.0
44.66,44.67,0.0
44.67,44.68,0.0
44.68,44.69,0.0
44.69,44.7,0.0
44.7,44.71,0.0
44.71,44.72,0.0
44.72,44.73,0.0
44.73,44.74,0.0
44.74,44.75,0.0
44.75,44.76,0.0
44.76,44.77,0.0
44.77,44.78,0.0
44.78,44.79,0.0
44.79,44.8,0.0
44.8,44.81,0.0
44.81,44.82,0.0
44.82,44.83,0.0
44.83,44.84,0.0
44.84,44.85,0.0
44.85,44.86,0.0
44.86,44.87,0.0
44.87,44.88,0.0
44.88,44.89,0.0
44.89,44.9,0.0
44.9,44.91,0.0
44.91,44.92,0.0
44.92,44.93,0.0
44.93,44.94,292.81713918912504
44.94,44.95,292.81713918912504
44.95,44.96,292.81713918912504
44.96,44.97,292.81713918912504
44.97,44.98,292.81713918912504
44.98,44.99,294.5134116201051
44.99,45.0,294.5134116201051
45.0,45.01,294.5134116201051
45.01,45.02,294.5134116201051
45.02,45.03,294.5134116201051
45.03,45.04,294.5134116201051
45.04,45.05,294.5134116201051
45.05,45.06,294.5134116201051
45.06,45.07,294.5134116201051
45.07,45.08,294.5134116201051
45.08,45.09,296.2195104573129
45.09,45.1,296.2195104573129
45.1,45.11,296.2195104573129
45.11,45.12,294.5134116201051
45.12,45.13,294.5134116201051
45.13,45.14,292.81713918912504
45.14,45.15,291.13063656843747
45.15,45.16,289.4538474880756
45.16,45.17,287.786716002164
45.17,45.18,286.12918648705164
45.18,45.19,286.12918648705164
45.19,45.2,284.4812036394563
45.2,45.21,284.4812036394563
45.21,45.22,284.4812036394563
45.22,45.23,284.4812036394563
45.23,45.24,284.4812036394563
45.24,45.25,284.4812036394563
45.25,45.26,282.842712474619
45.26,45.27,281.2136583244699
45.27,45.28,279.5939868358039
45.28,45.29,276.38257599355524
45.29,45.3,274.79072949161787
45.3,45.31,273.20805135087915
45.31,45.32,270.06998923363795
45.32,45.33,263.9015821545788
45.33,45.34,273.20805135087915
45.34,45.35,279.5939868358039
45.35,45.36,282.842712474619
45.36,45.37,282.842712474619
45.37,45.38,281.2136583244699
45.38,45.39,279.5939868358039
45.39,45.4,279.5939868358039
45.4,45.41,279.5939868358039
45.41,45.42,0.0
45.42,45.43,0.0
45.43,45.44,0.0
45.44,45.45,0.0
45.45,45.46,0.0
45.46,45.47,0.0
45.47,45.48,0.0
45.48,45.49,0.0
45.49,45.5,0.0
45.5,45.51,0.0
45.51,45.52,0.0
45.52,45.53,0.0
45.53,45.54,0.0
45.54,45.55,0.0
45.55,45.56,0.0
45.56,45.57,0.0
45.57,45.58,259.3679109302019
45.58,45.59,247.65527207548806
45.59,45.6,241.99881784385852
45.6,45.61,239.21922434748075
45.61,45.62,236.47155720542963
45.62,45.63,232.40911739156792
45.63,45.64,228.41646786215435
45.64,45.65,225.79288096122622
45.65,45.66,219.36499593892518
45.66,45.67,209.4588245641254
45.67,45.68,203.49593842053727
45.68,45.69,0.0
45.69,45.7,0.0
45.7,45.71,0.0
45.71,45.72,179.21192838239048
45.72,45.73,178.17974362806785
45.73,45.74,176.1331747192297
45.74,45.75,175.11872228117704
45.75,45.76,172.11028744886602
45.76,45.77,170.13343219017113
45.77,45.78,168.1792830507429
45.78,45.79,167.2106416577019
45.79,45.8,166.24757922855756
45.8,45.81,164.33806291715806
45.81,45.82,160.5845763726753
45.82,45.83,0.0
45.83,45.84,0.0
45.84,45.85,0.0
45.85,45.86,0.0
45.86,45.87,0.0
45.87,45.88,0.0
45.88,45.89,0.0
45.89,45.9,0.0
45.9,45.91,0.0
45.91,45.92,0.0
45.92,45.93,0.0
45.93,45.94,0.0
45.94,45.95,0.0
45.95,45.96,0.0
45.96,45.97,0.0
45.97,45.98,0.0
45.98,45.99,0.0
45.99,46.0,0.0
46.0,46.01,172.11028744886602
46.01,46.02,174.11011265922482
46.02,46.03,173.1073122012286
46.03,46.04,172.11028744886602
46.04,46.05,172.11028744886602
46.05,46.06,169.1535357262897
46.06,46.07,166.24757922855756
46.07,46.08,165.29006363084235
46.08,46.09,164.33806291715806
46.09,46.1,166.24757922855756
46.1,46.11,168.1792830507429
46.11,46.12,169.1535357262897
46.12,46.13,170.13343219017113
46.13,46.14,168.1792830507429
46.14,46.15,170.13343219017113
46.15,46.16,166.24757922855756
46.16,46.17,162.4504792712471
46.17,46.18,0.0
46.18,46.19,0.0
46.19,46.2,0.0
46.2,46.21,0.0
46.21,46.22,0.0
46.22,46.23,0.0
46.23,46.24,185.5318233882619
46.24,46.25,179.21192838239048
46.25,46.26,175.11872228117704
46.26,46.27,173.1073122012286
46.27,46.28,171.11900513652043
46.28,46.29,170.13343219017113
46.29,46.3,169.1535357262897
46.3,46.31,167.2106416577019
46.31,46.32,166.24757922855756
46.32,46.33,165.29006363084235
46.33,46.34,165.29006363084235
46.34,46.35,165.29006363084235
46.35,46.36,164.33806291715806
46.36,46.37,163.39154532410998
46.37,46.38,163.39154532410998
46.38,46.39,164.33806291715806
46.39,46.4,166.24757922855756
46.4,46.41,165.29006363084235
46.41,46.42,165.29006363084235
46.42,46.43,165.29006363084235
46.43,46.44,166.24757922855756
46.44,46.45,166.24757922855756
46.45,46.46,166.24757922855756
46.46,46.47,166.24757922855756
46.47,46.48,165.29006363084235
46.48,46.49,165.29006363084235
46.49,46.5,165.29006363084235
46.5,46.51,165.29006363084235
46.51,46.52,165.29006363084235
46.52,46.53,168.1792830507429
46.53,46.54,165.29006363084235
46.54,46.55,167.2106416577019
46.55,46.56,167.2106416577019
46.56,46.57,174.11011265922482
46.57,46.58,174.11011265922482
46.58,46.59,174.11011265922482
46.59,46.6,173.1073122012286
46.6,46.61,172.11028744886602
46.61,46.62,171.11900513652043
46.62,46.63,168.1792830507429
46.63,46.64,164.33806291715806
46.64,46.65,170.13343219017113
46.65,46.66,168.1792830507429
46.66,46.67,169.1535357262897
46.67,46.68,0.0
46.68,46.69,0.0
46.69,46.7,0.0
46.7,46.71,0.0
46.71,46.72,0.0
46.72,46.73,0.0
46.73,46.74,168.1792830507429
46.74,46.75,169.1535357262897
46.75,46.76,168.1792830507429
46.76,46.77,167.2106416577019
46.77,46.78,167.2106416577019
46.78,46.79,166.24757922855756
46.79,46.8,166.24757922855756
46.8,46.81,166.24757922855756
46.81,46.82,165.29006363084235
46.82,46.83,165.29006363084235
46.83,46.84,164.33806291715806
46.84,46.85,163.39154532410998
46.85,46.86,162.4504792712471
46.86,46.87,161.5148333600084
46.87,46.88,161.5148333600084
46.88,46.89,162.4504792712471
46.89,46.9,162.4504792712471
46.9,46.91,163.39154532410998
46.91,46.92,163.39154532410998
46.92,46.93,162.4504792712471
46.93,46.94,162.4504792712471
46.94,46.95,160.5845763726753
46.95,46.96,159.65967727133
46.96,46.97,159.65967727133
46.97,46.98,158.74010519681997
46.98,46.99,158.74010519681997
46.99,47.0,157.8258294677283
47.0,47.01,156.91681957935012
47.01,47.02,156.0130452026747
47.02,47.03,154.22108254079407
47.03,47.04,154.22108254079407
47.04,47.05,154.22108254079407
47.05,47.06,155.11447618337345
47.06,47.07,156.0130452026747
47.07,47.08,156.91681957935012
47.08,47.09,156.91681957935012
47.09,47.1,156.91681957935012
47.1,47.11,156.91681957935012
47.11,47.12,156.91681957935012
47.12,47.13,156.91681957935012
47.13,47.14,156.91681957935012
47.14,47.15,156.0130452026747
47.15,47.16,155.11447618337345
47.16,47.17,154.22108254079407
47.17,47.18,153.33283446696007
47.18,47.19,152.4497023255762
47.19,47.2,153.33283446696007
47.2,47.21,153.33283446696007
47.21,47.22,154.22108254079407
47.22,47.23,160.5845763726753
47.23,47.24,163.39154532410998
47.24,47.25,164.33806291715806
47.25,47.26,162.4504792712471
47.26,47.27,171.11900513652043
47.27,47.28,174.11011265922482
47.28,47.29,172.11028744886602
47.29,47.3,171.11900513652043
47.3,47.31,170.13343219017113
47.31,47.32,168.1792830507429
47.32,47.33,166.24757922855756
47.33,47.34,165.29006363084235
47.34,47.35,0.0
47.35,47.36,182.34449771164336
47.36,47.37,181.29427068562208
47.37,47.38,179.21192838239048
47.38,47.39,178.17974362806785
47.39,47.4,177.1535038204721
47.4,47.41,175.11872228117704
47.41,47.42,174.11011265922482
47.42,47.43,174.11011265922482
47.43,47.44,172.11028744886602
47.44,47.45,172.11028744886602
47.45,47.46,174.11011265922482
47.46,47.47,173.1073122012286
47.47,47.48,174.11011265922482
47.48,47.49,180.25009252216606
47.49,47.5,180.25009252216606
47.5,47.51,177.1535038204721
47.51,47.52,177.1535038204721
47.52,47.53,177.1535038204721
47.53,47.54,175.11872228117704
47.54,47.55,182.34449771164336
47.55,47.56,180.25009252216606
47.56,47.57,180.25009252216606
47.57,47.58,181.29427068562208
47.58,47.59,182.34449771164336
47.59,47.6,183.40080864093423
47.6,47.61,184.46323871718783
47.61,47.62,185.5318233882619
47.62,47.63,186.60659830736148
47.63,47.64,187.68759933422865
47.64,47.65,188.7748625363387
47.65,47.66,189.86842419010387
47.66,47.67,188.7748625363387
47.67,47.68,188.7748625363387
47.68,47.69,187.68759933422865
47.69,47.7,186.60659830736148
47.7,47.71,185.5318233882619
47.71,47.72,184.46323871718783
47.72,47.73,183.40080864093423
47.73,47.74,183.40080864093423
47.74,47.75,182.34449771164336
47.75,47.76,179.21192838239048
47.76,47.77,174.11011265922482
47.77,47.78,180.25009252216606
47.78,47.79,184.46323871718783
47.79,47.8,185.5318233882619
47.8,47.81,184.46323871718783
47.81,47.82,183.40080864093423
47.82,47.83,181.29427068562208
47.83,47.84,179.21192838239048
47.84,47.85,174.11011265922482
47.85,47.86,171.11900513652043
47.86,47.87,174.11011265922482
47.87,47.88,185.5318233882619
47.88,47.89,185.5318233882619
47.89,47.9,185.5318233882619
47.9,47.91,184.46323871718783
47.91,47.92,184.46323871718783
47.92,47.93,0.0
47.93,47.94,0.0
47.94,47.95,0.0
47.95,47.96,0.0
47.96,47.97,0.0
47.97,47.98,0.0
47.98,47.99,0.0
47.99,48.0,172.11028744886602
48.0,48.01,173.1073122012286
48.01,48.02,172.11028744886602
48.02,48.03,172.11028744886602
48.03,48.04,171.11900513652043
48.04,48.05,169.1535357262897
48.05,48.06,168.1792830507429
48.06,48.07,169.1535357262897
48.07,48.08,169.1535357262897
48.08,48.09,168.1792830507429
48.09,48.1,165.29006363084235
48.1,48.11,164.33806291715806
48.11,48.12,164.33806291715806
48.12,48.13,163.39154532410998
48.13,48.14,163.39154532410998
48.14,48.15,163.39154532410998
48.15,48.16,163.39154532410998
48.16,48.17,162.4504792712471
48.17,48.18,161.5148333600084
48.18,48.19,161.5148333600084
48.19,48.2,160.5845763726753
48.2,48.21,158.74010519681997
48.21,48.22,156.0130452026747
48.22,48.23,156.0130452026747
48.23,48.24,156.0130452026747
48.24,48.25,157.8258294677283
48.25,48.26,157.8258294677283
48.26,48.27,158.74010519681997
48.27,48.28,157.8258294677283
48.28,48.29,156.91681957935012
48.29,48.3,156.91681957935012
48.3,48.31,153.33283446696007
48.31,48.32,155.11447618337345
48.32,48.33,156.91681957935012
48.33,48.34,160.5845763726753
48.34,48.35,163.39154532410998
48.35,48.36,164.33806291715806
48.36,48.37,0.0
48.37,48.38,0.0
48.38,48.39,0.0
48.39,48.4,0.0
48.4,48.41,0.0
48.41,48.42,0.0
48.42,48.43,0.0
48.43,48.44,0.0
48.44,48.45,0.0
48.45,48.46,0.0
48.46,48.47,0.0
48.47,48.48,0.0
48.48,48.49,0.0
48.49,48.5,0.0
48.5,48.51,0.0
48.51,48.52,0.0
48.52,48.53,0.0
48.53,48.54,0.0
48.54,48.55,0.0
48.55,48.56,0.0
48.56,48.57,0.0
48.57,48.58,0.0
48.58,48.59,0.0
48.59,48.6,0.0
48.6,48.61,0.0
48.61,48.62,0.0
48.62,48.63,0.0
48.63,48.64,0.0
48.64,48.65,0.0
48.65,48.66,0.0
48.66,48.67,0.0
48.67,48.68,0.0
48.68,48.69,0.0
48.69,48.7,0.0
48.7,48.71,0.0
48.71,48.72,0.0
48.72,48.73,0.0
48.73,48.74,0.0
48.74,48.75,0.0
48.75,48.76,0.0
48.76,48.77,0.0
48.77,48.78,0.0
48.78,48.79,0.0
48.79,48.8,0.0
48.8,48.81,0.0
48.81,48.82,0.0
48.82,48.83,0.0
48.83,48.84,0.0
48.84,48.85,0.0
48.85,48.86,0.0
48.86,48.87,0.0
48.87,48.88,0.0
48.88,48.89,0.0
48.89,48.9,0.0
48.9,48.91,0.0
48.91,48.92,0.0
48.92,48.93,0.0
48.93,48.94,0.0
48.94,48.95,0.0
48.95,48.96,169.1535357262897
48.96,48.97,167.2106416577019
48.97,48.98,165.29006363084235
48.98,48.99,166.24757922855756
48.99,49.0,171.11900513652043
49.0,49.01,0.0
49.01,49.02,177.1535038204721
49.02,49.03,174.11011265922482
49.03,49.04,171.11900513652043
49.04,49.05,168.1792830507429
49.05,49.06,163.39154532410998
49.06,49.07,161.5148333600084
49.07,49.08,158.74010519681997
49.08,49.09,154.22108254079407
49.09,49.1,149.83070768766817
49.1,49.11,150.69866814745757
49.11,49.12,160.5845763726753
49.12,49.13,164.33806291715806
49.13,49.14,162.4504792712471
49.14,49.15,0.0
49.15,49.16,184.46323871718783
49.16,49.17,180.25009252216606
49.17,49.18,179.21192838239048
49.18,49.19,183.40080864093423
49.19,49.2,193.1872657849691
49.2,49.21,205.86044732869837
49.21,49.22,214.35469250725862
49.22,49.23,219.36499593892518
49.23,49.24,223.1994285260446
49.24,49.25,225.79288096122622
49.25,49.26,227.10088581417543
49.26,49.27,225.79288096122622
49.27,49.28,223.1994285260446
49.28,49.29,216.8453740602837
49.29,49.3,210.67220719096719
49.3,49.31,225.79288096122622
49.31,49.32,243.40070273411817
49.32,49.33,244.81070866093103
49.33,49.34,249.08992447176465
49.34,49.35,251.98420997897463
49.35,49.36,253.44393965741244
49.36,49.37,254.91212546385245
49.37,49.38,256.3888163841458
49.38,49.39,256.3888163841458
49.39,49.4,254.91212546385245
49.4,49.41,251.98420997897463
49.41,49.42,249.08992447176465
49.42,49.43,246.2288826689832
49.43,49.44,244.81070866093103
49.44,49.45,241.99881784385852
49.45,49.46,239.21922434748075
49.46,49.47,235.10958125672175
49.47,49.48,231.07053937445463
49.48,49.49,231.07053937445463
49.49,49.5,224.49240966187455
49.5,49.51,221.91389441356898
49.51,49.52,219.36499593892518
49.52,49.53,218.10154653305153
49.53,49.54,216.8453740602837
49.54,49.55,215.59643660857103
49.55,49.56,215.59643660857103
49.56,49.57,215.59643660857103
49.57,49.58,214.35469250725862
49.58,49.59,213.12010032569688
49.59,49.6,213.12010032569688
49.6,49.61,210.67220719096719
49.61,49.62,208.25243050696125
49.62,49.63,202.3238880603845
49.63,49.64,193.1872657849691
49.64,49.65,183.40080864093423
49.65,49.66,179.21192838239048
49.66,49.67,175.11872228117704
49.67,49.68,172.11028744886602
49.68,49.69,169.1535357262897
49.69,49.7,167.2106416577019
49.7,49.71,165.29006363084235
49.71,49.72,165.29006363084235
49.72,49.73,167.2106416577019
49.73,49.74,172.11028744886602
49.74,49.75,175.11872228117704
49.75,49.76,177.1535038204721
49.76,49.77,179.21192838239048
49.77,49.78,181.29427068562208
49.78,49.79,183.40080864093423
49.79,49.8,185.5318233882619
49.8,49.81,189.86842419010387
49.81,49.82,195.43199368684918
49.82,49.83,203.49593842053727
49.83,49.84,213.12010032569688
49.84,49.85,215.59643660857103
49.85,49.86,210.67220719096719
49.86,49.87,208.25243050696125
49.87,49.88,202.3238880603845
49.88,49.89,201.15858821357068
49.89,49.9,200.0
49.9,49.91,196.56411970905023
49.91,49.92,193.1872657849691
49.92,49.93,190.9683207820833
49.93,49.94,180.25009252216606
49.94,49.95,183.40080864093423
49.95,49.96,186.60659830736148
49.96,49.97,179.21192838239048
49.97,49.98,179.21192838239048
49.98,49.99,177.1535038204721
49.99,50.0,175.11872228117704
50.0,50.01,174.11011265922482
50.01,50.02,172.11028744886602
50.02,50.03,169.1535357262897
50.03,50.04,164.33806291715806
50.04,50.05,165.29006363084235
50.05,50.06,164.33806291715806
50.06,50.07,163.39154532410998
50.07,50.08,162.4504792712471
50.08,50.09,164.33806291715806
50.09,50.1,169.1535357262897
50.1,50.11,168.1792830507429
50.11,50.12,167.2106416577019
50.12,50.13,166.24757922855756
50.13,50.14,165.29006363084235
50.14,50.15,163.39154532410998
50.15,50.16,161.5148333600084
50.16,50.17,157.8258294677283
50.17,50.18,157.8258294677283
50.18,50.19,160.5845763726753
50.19,50.2,162.4504792712471
50.2,50.21,163.39154532410998
50.21,50.22,164.33806291715806
50.22,50.23,164.33806291715806
50.23,50.24,166.24757922855756
50.24,50.25,169.1535357262897
50.25,50.26,169.1535357262897
50.26,50.27,169.1535357262897
50.27,50.28,169.1535357262897
50.28,50.29,170.13343219017113
50.29,50.3,164.33806291715806
50.3,50.31,175.11872228117704
50.31,50.32,0.0
50.32,50.33,0.0
50.33,50.34,0.0
50.34,50.35,0.0
50.35,50.36,0.0
50.36,50.37,0.0
50.37,50.38,0.0
50.38,50.39,0.0
50.39,50.4,0.0
50.4,50.41,0.0
50.41,50.42,171.11900513652043
50.42,50.43,166.24757922855756
50.43,50.44,169.1535357262897
50.44,50.45,166.24757922855756
50.45,50.46,165.29006363084235
50.46,50.47,161.5148333600084
50.47,50.48,158.74010519681997
50.48,50.49,160.5845763726753
50.49,50.5,162.4504792712471
50.5,50.51,0.0
50.51,50.52,190.9683207820833
50.52,50.53,192.07458901020084
50.53,50.54,195.43199368684918
50.54,50.55,198.8480847635095
50.55,50.56,201.15858821357068
50.56,50.57,203.49593842053727
50.57,50.58,204.67477839935495
50.58,50.59,204.67477839935495
50.59,50.6,204.67477839935495
50.6,50.61,197.70280407057922
50.61,50.62,195.43199368684918
50.62,50.63,193.1872657849691
50.63,50.64,204.67477839935495
50.64,50.65,195.43199368684918
50.65,50.66,190.9683207820833
50.66,50.67,189.86842419010387
50.67,50.68,188.7748625363387
50.68,50.69,187.68759933422865
50.69,50.7,186.60659830736148
50.7,50.71,184.46323871718783
50.71,50.72,183.40080864093423
50.72,50.73,182.34449771164336
50.73,50.74,181.29427068562208
50.74,50.75,180.25009252216606
50.75,50.76,180.25009252216606
50.76,50.77,179.21192838239048
50.77,50.78,180.25009252216606
50.78,50.79,180.25009252216606
50.79,50.8,182.34449771164336
50.8,50.81,179.21192838239048
50.81,50.82,177.1535038204721
50.82,50.83,175.11872228117704
50.83,50.84,173.1073122012286
50.84,50.85,171.11900513652043
50.85,50.86,165.29006363084235
50.86,50.87,161.5148333600084
50.87,50.88,168.1792830507429
50.88,50.89,159.65967727133
50.89,50.9,157.8258294677283
50.9,50.91,156.0130452026747
50.91,50.92,155.11447618337345
50.92,50.93,154.22108254079407
50.93,50.94,152.4497023255762
50.94,50.95,150.69866814745757
50.95,50.96,155.11447618337345
50.96,50.97,156.91681957935012
50.97,50.98,156.0130452026747
50.98,50.99,155.11447618337345
50.99,51.0,154.22108254079407
51.0,51.01,154.22108254079407
51.01,51.02,153.33283446696007
51.02,51.03,151.57165665103983
51.03,51.04,150.69866814745757
51.04,51.05,0.0
51.05,51.06,0.0
51.06,51.07,0.0
51.07,51.08,0.0
51.08,51.09,0.0
51.09,51.1,0.0
51.1,51.11,0.0
51.11,51.12,0.0
51.12,51.13,0.0
51.13,51.14,0.0
51.14,51.15,0.0
51.15,51.16,0.0
51.16,51.17,160.5845763726753
51.17,51.18,160.5845763726753
51.18,51.19,157.8258294677283
51.19,51.2,156.91681957935012
51.2,51.21,156.0130452026747
51.21,51.22,155.11447618337345
51.22,51.23,155.11447618337345
51.23,51.24,155.11447618337345
51.24,51.25,156.0130452026747
51.25,51.26,156.0130452026747
51.26,51.27,156.91681957935012
51.27,51.28,158.74010519681997
51.28,51.29,161.5148333600084
51.29,51.3,164.33806291715806
51.3,51.31,167.2106416577019
51.31,51.32,170.13343219017113
51.32,51.33,174.11011265922482
51.33,51.34,176.1331747192297
51.34,51.35,177.1535038204721
51.35,51.36,180.25009252216606
51.36,51.37,183.40080864093423
51.37,51.38,184.46323871718783
51.38,51.39,185.5318233882619
51.39,51.4,185.5318233882619
51.4,51.41,184.46323871718783
51.41,51.42,185.5318233882619
51.42,51.43,200.0
51.43,51.44,198.8480847635095
51.44,51.45,198.8480847635095
51.45,51.46,197.70280407057922
51.46,51.47,196.56411970905023
51.47,51.48,195.43199368684918
51.48,51.49,194.30638823072118
51.49,51.5,190.9683207820833
51.5,51.51,188.7748625363387
51.51,51.52,186.60659830736148
51.52,51.53,186.60659830736148
51.53,51.54,186.60659830736148
51.54,51.55,185.5318233882619
51.55,51.56,184.46323871718783
51.56,51.57,182.34449771164336
51.57,51.58,181.29427068562208
51.58,51.59,180.25009252216606
51.59,51.6,180.25009252216606
51.6,51.61,179.21192838239048
51.61,51.62,178.17974362806785
51.62,51.63,176.1331747192297
51.63,51.64,173.1073122012286
51.64,51.65,170.13343219017113
51.65,51.66,168.1792830507429
51.66,51.67,166.24757922855756
51.67,51.68,165.29006363084235
51.68,51.69,165.29006363084235
51.69,51.7,158.74010519681997
51.7,51.71,0.0
51.71,51.72,0.0
51.72,51.73,0.0
51.73,51.74,0.0
51.74,51.75,0.0
51.75,51.76,0.0
51.76,51.77,174.11011265922482
51.77,51.78,175.11872228117704
51.78,51.79,175.11872228117704
51.79,51.8,173.1073122012286
51.8,51.81,172.11028744886602
51.81,51.82,171.11900513652043
51.82,51.83,170.13343219017113
51.83,51.84,169.1535357262897
51.84,51.85,169.1535357262897
51.85,51.86,168.1792830507429
51.86,51.87,167.2106416577019
51.87,51.88,165.29006363084235
51.88,51.89,165.29006363084235
51.89,51.9,173.1073122012286
51.9,51.91,170.13343219017113
51.91,51.92,0.0
51.92,51.93,0.0
51.93,51.94,0.0
51.94,51.95,0.0
51.95,51.96,170.13343219017113
51.96,51.97,173.1073122012286
51.97,51.98,173.1073122012286
51.98,51.99,173.1073122012286
51.99,52.0,171.11900513652043
52.0,52.01,170.13343219017113
52.01,52.02,167.2106416577019
52.02,52.03,165.29006363084235
52.03,52.04,165.29006363084235
52.04,52.05,163.39154532410998
52.05,52.06,161.5148333600084
52.06,52.07,160.5845763726753
52.07,52.08,158.74010519681997
52.08,52.09,157.8258294677283
52.09,52.1,156.91681957935012
52.1,52.11,156.0130452026747
52.11,52.12,153.33283446696007
52.12,52.13,152.4497023255762
52.13,52.14,149.83070768766817
52.14,52.15,148.96774631227024
52.15,52.16,147.25670581005258
52.16,52.17,147.25670581005258
52.17,52.18,146.40856959456255
52.18,52.19,0.0
52.19,52.2,0.0
52.2,52.21,0.0
52.21,52.22,0.0
52.22,52.23,0.0
52.23,52.24,0.0
52.24,52.25,0.0
52.25,52.26,0.0
52.26,52.27,0.0
52.27,52.28,0.0
52.28,52.29,0.0
52.29,52.3,0.0
52.3,52.31,0.0
52.31,52.32,0.0
52.32,52.33,0.0
52.33,52.34,0.0
52.34,52.35,0.0
52.35,52.36,0.0
52.36,52.37,0.0
52.37,52.38,0.0
52.38,52.39,0.0
52.39,52.4,0.0
52.4,52.41,0.0
52.41,52.42,0.0
52.42,52.43,0.0
52.43,52.44,0.0
52.44,52.45,0.0
52.45,52.46,0.0
52.46,52.47,0.0
52.47,52.48,0.0
52.48,52.49,0.0
52.49,52.5,0.0
52.5,52.51,0.0
52.51,52.52,0.0
52.52,52.53,0.0
52.53,52.54,0.0
52.54,52.55,0.0
52.55,52.56,0.0
52.56,52.57,0.0
52.57,52.58,0.0
52.58,52.59,0.0
52.59,52.6,0.0
52.6,52.61,0.0
52.61,52.62,0.0
52.62,52.63,0.0
52.63,52.64,0.0
52.64,52.65,0.0
52.65,52.66,0.0
52.66,52.67,0.0
52.67,52.68,0.0
52.68,52.69,0.0
52.69,52.7,0.0
52.7,52.71,0.0
52.71,52.72,0.0
52.72,52.73,0.0
52.73,52.74,0.0
52.74,52.75,0.0
52.75,52.76,0.0
52.76,52.77,0.0
52.77,52.78,0.0
52.78,52.79,0.0
52.79,52.8,0.0
52.8,52.81,0.0
52.81,52.82,0.0
52.82,52.83,0.0
52.83,52.84,0.0
52.84,52.85,0.0
52.85,52.86,0.0
52.86,52.87,0.0
52.87,52.88,0.0
52.88,52.89,0.0
52.89,52.9,0.0
52.9,52.91,0.0
52.91,52.92,0.0
52.92,52.93,0.0
52.93,52.94,0.0
52.94,52.95,0.0
52.95,52.96,0.0
52.96,52.97,0.0
52.97,52.98,0.0
52.98,52.99,0.0
52.99,53.0,0.0
53.0,53.01,0.0
53.01,53.02,0.0
53.02,53.03,0.0
53.03,53.04,0.0
53.04,53.05,0.0
53.05,53.06,0.0
53.06,53.07,0.0
53.07,53.08,0.0
53.08,53.09,0.0
53.09,53.1,0.0
53.1,53.11,0.0
53.11,53.12,0.0
53.12,53.13,0.0
53.13,53.14,0.0
53.14,53.15,0.0
53.15,53.16,262.38162088748976
53.16,53.17,268.51450055605267
53.17,53.18,273.20805135087915
53.18,53.19,274.79072949161787
53.19,53.2,276.38257599355524
53.2,53.21,274.79072949161787
53.21,53.22,273.20805135087915
53.22,53.23,268.51450055605267
53.23,53.24,262.38162088748976
53.24,53.25,251.98420997897463
53.25,53.26,240.60500721642333
53.26,53.27,0.0
53.27,53.28,209.4588245641254
53.28,53.29,211.89261887185907
53.29,53.3,214.35469250725862
53.3,53.31,213.12010032569688
53.31,53.32,213.12010032569688
53.32,53.33,215.59643660857103
53.33,53.34,215.59643660857103
53.34,53.35,219.36499593892518
53.35,53.36,228.41646786215435
53.36,53.37,235.10958125672175
53.37,53.38,237.8414230005442
53.38,53.39,241.99881784385852
53.39,53.4,244.81070866093103
53.4,53.41,246.2288826689832
53.41,53.42,247.65527207548806
53.42,53.43,247.65527207548806
53.43,53.44,246.2288826689832
53.44,53.45,241.99881784385852
53.45,53.46,233.75544971224912
53.46,53.47,232.40911739156792
53.47,53.48,237.8414230005442
53.48,53.49,0.0
53.49,53.5,0.0
53.5,53.51,240.60500721642333
53.51,53.52,236.47155720542963
53.52,53.53,233.75544971224912
53.53,53.54,232.40911739156792
53.54,53.55,228.41646786215435
53.55,53.56,224.49240966187455
53.56,53.57,221.91389441356898
53.57,53.58,219.36499593892518
53.58,53.59,216.8453740602837
53.59,53.6,214.35469250725862
53.6,53.61,211.89261887185907
53.61,53.62,210.67220719096719
53.62,53.63,207.05298476827548
53.63,53.64,205.86044732869837
53.64,53.65,203.49593842053727
53.65,53.66,203.49593842053727
53.66,53.67,202.3238880603845
53.67,53.68,202.3238880603845
53.68,53.69,202.3238880603845
53.69,53.7,198.8480847635095
53.7,53.71,185.5318233882619
53.71,53.72,194.30638823072118
53.72,53.73,201.15858821357068
53.73,53.74,201.15858821357068
53.74,53.75,200.0
53.75,53.76,200.0
53.76,53.77,197.70280407057922
53.77,53.78,196.56411970905023
53.78,53.79,189.86842419010387
53.79,53.8,182.34449771164336
53.8,53.81,178.17974362806785
53.81,53.82,178.17974362806785
53.82,53.83,0.0
53.83,53.84,182.34449771164336
53.84,53.85,187.68759933422865
53.85,53.86,184.46323871718783
53.86,53.87,184.46323871718783
53.87,53.88,184.46323871718783
53.88,53.89,185.5318233882619
53.89,53.9,185.5318233882619
53.9,53.91,184.46323871718783
53.91,53.92,184.46323871718783
53.92,53.93,183.40080864093423
53.93,53.94,182.34449771164336
53.94,53.95,181.29427068562208
53.95,53.96,180.25009252216606
53.96,53.97,179.21192838239048
53.97,53.98,174.11011265922482
53.98,53.99,180.25009252216606
53.99,54.0,178.17974362806785
54.0,54.01,172.11028744886602
54.01,54.02,174.11011265922482
54.02,54.03,175.11872228117704
54.03,54.04,175.11872228117704
54.04,54.05,176.1331747192297
54.05,54.06,185.5318233882619
54.06,54.07,182.34449771164336
54.07,54.08,182.34449771164336
54.08,54.09,181.29427068562208
54.09,54.1,181.29427068562208
54.1,54.11,179.21192838239048
54.11,54.12,178.17974362806785
54.12,54.13,176.1331747192297
54.13,54.14,175.11872228117704
54.14,54.15,171.11900513652043
54.15,54.16,177.1535038204721
54.16,54.17,182.34449771164336
54.17,54.18,184.46323871718783
54.18,54.19,185.5318233882619
54.19,54.2,185.5318233882619
54.2,54.21,183.40080864093423
54.21,54.22,182.34449771164336
54.22,54.23,180.25009252216606
54.23,54.24,178.17974362806785
54.24,54.25,178.17974362806785
54.25,54.26,174.11011265922482
54.26,54.27,0.0
54.27,54.28,0.0
54.28,54.29,0.0
54.29,54.3,0.0
54.3,54.31,0.0
54.31,54.32,0.0
54.32,54.33,0.0
54.33,54.34,0.0
54.34,54.35,0.0
54.35,54.36,0.0
54.36,54.37,0.0
54.37,54.38,0.0
54.38,54.39,204.67477839935495
54.39,54.4,205.86044732869837
54.4,54.41,208.25243050696125
54.41,54.42,208.25243050696125
54.42,54.43,209.4588245641254
54.43,54.44,213.12010032569688
54.44,54.45,239.21922434748075
54.45,54.46,244.81070866093103
54.46,54.47,247.65527207548806
54.47,54.48,249.08992447176465
54.48,54.49,251.98420997897463
54.49,54.5,254.91212546385245
54.5,54.51,257.8740616879158
54.51,54.52,260.87041395311286
54.52,54.53,262.38162088748976
54.53,54.54,263.9015821545788
54.54,54.55,262.38162088748976
54.55,54.56,246.2288826689832
54.56,54.57,241.99881784385852
54.57,54.58,231.07053937445463
54.58,54.59,224.49240966187455
54.59,54.6,221.91389441356898
54.6,54.61,216.8453740602837
54.61,54.62,213.12010032569688
54.62,54.63,210.67220719096719
54.63,54.64,208.25243050696125
54.64,54.65,205.86044732869837
54.65,54.66,204.67477839935495
54.66,54.67,202.3238880603845
54.67,54.68,201.15858821357068
54.68,54.69,201.15858821357068
54.69,54.7,201.15858821357068
54.7,54.71,203.49593842053727
54.71,54.72,204.67477839935495
54.72,54.73,205.86044732869837
54.73,54.74,207.05298476827548
54.74,54.75,207.05298476827548
54.75,54.76,207.05298476827548
54.76,54.77,201.15858821357068
54.77,54.78,203.49593842053727
54.78,54.79,202.3238880603845
54.79,54.8,202.3238880603845
54.8,54.81,203.49593842053727
54.81,54.82,203.49593842053727
54.82,54.83,203.49593842053727
54.83,54.84,201.15858821357068
54.84,54.85,204.67477839935495
54.85,54.86,203.49593842053727
54.86,54.87,0.0
54.87,54.88,0.0
54.88,54.89,0.0
54.89,54.9,0.0
54.9,54.91,0.0
54.91,54.92,0.0
54.92,54.93,0.0
54.93,54.94,0.0
54.94,54.95,0.0
54.95,54.96,0.0
54.96,54.97,0.0
54.97,54.98,221.91389441356898
54.98,54.99,220.63576443274928
54.99,55.0,220.63576443274928
55.0,55.01,221.91389441356898
55.01,55.02,223.1994285260446
55.02,55.03,228.41646786215435
55.03,55.04,233.75544971224912
55.04,55.05,236.47155720542963
55.05,55.06,237.8414230005442
55.06,55.07,239.21922434748075
55.07,55.08,237.8414230005442
55.08,55.09,237.8414230005442
55.09,55.1,237.8414230005442
55.1,55.11,237.8414230005442
55.11,55.12,236.47155720542963
55.12,55.13,237.8414230005442
55.13,55.14,244.81070866093103
55.14,55.15,246.2288826689832
55.15,55.16,240.60500721642333
55.16,55.17,239.21922434748075
55.17,55.18,239.21922434748075
55.18,55.19,237.8414230005442
55.19,55.2,236.47155720542963
55.2,55.21,236.47155720542963
55.21,55.22,235.10958125672175
55.22,55.23,235.10958125672175
55.23,55.24,237.8414230005442
55.24,55.25,237.8414230005442
55.25,55.26,240.60500721642333
55.26,55.27,0.0
55.27,55.28,0.0
55.28,55.29,0.0
55.29,55.3,0.0
55.3,55.31,0.0
55.31,55.32,0.0
55.32,55.33,0.0
55.33,55.34,0.0
55.34,55.35,0.0
55.35,55.36,0.0
55.36,55.37,0.0
55.37,55.38,0.0
55.38,55.39,0.0
55.39,55.4,0.0
55.4,55.41,0.0
55.41,55.42,0.0
55.42,55.43,0.0
55.43,55.44,0.0
55.44,55.45,0.0
55.45,55.46,0.0
55.46,55.47,0.0
55.47,55.48,0.0
55.48,55.49,0.0
55.49,55.5,0.0
55.5,55.51,0.0
55.51,55.52,0.0
55.52,55.53,0.0
55.53,55.54,0.0
55.54,55.55,197.70280407057922
55.55,55.56,201.15858821357068
55.56,55.57,201.15858821357068
55.57,55.58,198.8480847635095
55.58,55.59,196.56411970905023
55.59,55.6,195.43199368684918
55.6,55.61,194.30638823072118
55.61,55.62,193.1872657849691
55.62,55.63,192.07458901020084
55.63,55.64,189.86842419010387
55.64,55.65,187.68759933422865
55.65,55.66,186.60659830736148
55.66,55.67,184.46323871718783
55.67,55.68,183.40080864093423
55.68,55.69,177.1535038204721
55.69,55.7,183.40080864093423
55.7,55.71,185.5318233882619
55.71,55.72,186.60659830736148
55.72,55.73,187.68759933422865
55.73,55.74,188.7748625363387
55.74,55.75,188.7748625363387
55.75,55.76,187.68759933422865
55.76,55.77,188.7748625363387
55.77,55.78,189.86842419010387
55.78,55.79,188.7748625363387
55.79,55.8,188.7748625363387
55.8,55.81,187.68759933422865
55.81,55.82,187.68759933422865
55.82,55.83,186.60659830736148
55.83,55.84,186.60659830736148
55.84,55.85,185.5318233882619
55.85,55.86,183.40080864093423
55.86,55.87,189.86842419010387
55.87,55.88,189.86842419010387
55.88,55.89,187.68759933422865
55.89,55.9,187.68759933422865
55.9,55.91,186.60659830736148
55.91,55.92,186.60659830736148
55.92,55.93,0.0
55.93,55.94,0.0
55.94,55.95,195.43199368684918
55.95,55.96,193.1872657849691
55.96,55.97,194.30638823072118
55.97,55.98,194.30638823072118
55.98,55.99,193.1872657849691
55.99,56.0,192.07458901020084
56.0,56.01,189.86842419010387
56.01,56.02,187.68759933422865
56.02,56.03,185.5318233882619
56.03,56.04,183.40080864093423
56.04,56.05,183.40080864093423
56.05,56.06,181.29427068562208
56.06,56.07,181.29427068562208
56.07,56.08,0.0
56.08,56.09,0.0
56.09,56.1,0.0
56.1,56.11,0.0
56.11,56.12,0.0
56.12,56.13,205.86044732869837
56.13,56.14,215.59643660857103
56.14,56.15,219.36499593892518
56.15,56.16,223.1994285260446
56.16,56.17,225.79288096122622
56.17,56.18,228.41646786215435
56.18,56.19,229.73967099940702
56.19,56.2,233.75544971224912
56.2,56.21,239.21922434748075
56.21,56.22,244.81070866093103
56.22,56.23,262.38162088748976
56.23,56.24,271.6344887654643
56.24,56.25,276.38257599355524
56.25,56.26,276.38257599355524
56.26,56.27,276.38257599355524
56.27,56.28,273.20805135087915
56.28,56.29,270.06998923363795
56.29,56.3,265.4303484677136
56.3,56.31,256.3888163841458
56.31,56.32,249.08992447176465
56.32,56.33,229.73967099940702
56.33,56.34,221.91389441356898
56.34,56.35,215.59643660857103
56.35,56.36,215.59643660857103
56.36,56.37,214.35469250725862
56.37,56.38,209.4588245641254
56.38,56.39,205.86044732869837
56.39,56.4,203.49593842053727
56.4,56.41,202.3238880603845
56.41,56.42,201.15858821357068
56.42,56.43,198.8480847635095
56.43,56.44,197.70280407057922
56.44,56.45,195.43199368684918
56.45,56.46,194.30638823072118
56.46,56.47,193.1872657849691
56.47,56.48,192.07458901020084
56.48,56.49,192.07458901020084
56.49,56.5,192.07458901020084
56.5,56.51,192.07458901020084
56.51,56.52,192.07458901020084
56.52,56.53,190.9683207820833
56.53,56.54,190.9683207820833
56.54,56.55,189.86842419010387
56.55,56.56,192.07458901020084
56.56,56.57,193.1872657849691
56.57,56.58,194.30638823072118
56.58,56.59,193.1872657849691
56.59,56.6,194.30638823072118
56.6,56.61,194.30638823072118
56.61,56.62,193.1872657849691
56.62,56.63,194.30638823072118
56.63,56.64,193.1872657849691
56.64,56.65,193.1872657849691
56.65,56.66,0.0
56.66,56.67,0.0
56.67,56.68,0.0
56.68,56.69,0.0
56.69,56.7,0.0
56.7,56.71,0.0
56.71,56.72,0.0
56.72,56.73,0.0
56.73,56.74,0.0
56.74,56.75,227.10088581417543
56.75,56.76,225.79288096122622
56.76,56.77,227.10088581417543
56.77,56.78,227.10088581417543
56.78,56.79,228.41646786215435
56.79,56.8,229.73967099940702
56.8,56.81,232.40911739156792
56.81,56.82,235.10958125672175
56.82,56.83,237.8414230005442
56.83,56.84,240.60500721642333
56.84,56.85,241.99881784385852
56.85,56.86,241.99881784385852
56.86,56.87,241.99881784385852
56.87,56.88,239.21922434748075
56.88,56.89,236.47155720542963
56.89,56.9,0.0
56.9,56.91,0.0
56.91,56.92,0.0
56.92,56.93,0.0
56.93,56.94,0.0
56.94,56.95,0.0
56.95,56.96,0.0
56.96,56.97,0.0
56.97,56.98,0.0
56.98,56.99,0.0
56.99,57.0,0.0
57.0,57.01,0.0
57.01,57.02,0.0
57.02,57.03,0.0
57.03,57.04,0.0
57.04,57.05,0.0
57.05,57.06,0.0
57.06,57.07,0.0
57.07,57.08,0.0
57.08,57.09,0.0
57.09,57.1,0.0
57.1,57.11,0.0
57.11,57.12,0.0
57.12,57.13,0.0
57.13,57.14,0.0
57.14,57.15,0.0
57.15,57.16,0.0
57.16,57.17,0.0
57.17,57.18,182.34449771164336
57.18,57.19,188.7748625363387
57.19,57.2,190.9683207820833
57.2,57.21,194.30638823072118
57.21,57.22,196.56411970905023
57.22,57.23,197.70280407057922
57.23,57.24,198.8480847635095
57.24,57.25,200.0
57.25,57.26,200.0
57.26,57.27,197.70280407057922
57.27,57.28,196.56411970905023
57.28,57.29,196.56411970905023
57.29,57.3,195.43199368684918
57.3,57.31,194.30638823072118
57.31,57.32,192.07458901020084
57.32,57.33,184.46323871718783
57.33,57.34,195.43199368684918
57.34,57.35,195.43199368684918
57.35,57.36,196.56411970905023
57.36,57.37,195.43199368684918
57.37,57.38,195.43199368684918
57.38,57.39,195.43199368684918
57.39,57.4,195.43199368684918
57.4,57.41,0.0
57.41,57.42,0.0
57.42,57.43,197.70280407057922
57.43,57.44,200.0
57.44,57.45,198.8480847635095
57.45,57.46,197.70280407057922
57.46,57.47,196.56411970905023
57.47,57.48,194.30638823072118
57.48,57.49,190.9683207820833
57.49,57.5,182.34449771164336
57.5,57.51,176.1331747192297
57.51,57.52,172.11028744886602
57.52,57.53,172.11028744886602
57.53,57.54,0.0
57.54,57.55,0.0
57.55,57.56,0.0
57.56,57.57,0.0
57.57,57.58,0.0
57.58,57.59,0.0
57.59,57.6,0.0
57.6,57.61,197.70280407057922
57.61,57.62,194.30638823072118
57.62,57.63,189.86842419010387
57.63,57.64,188.7748625363387
57.64,57.65,187.68759933422865
57.65,57.66,186.60659830736148
57.66,57.67,186.60659830736148
57.67,57.68,185.5318233882619
57.68,57.69,184.46323871718783
57.69,57.7,182.34449771164336
57.7,57.71,180.25009252216606
57.71,57.72,181.29427068562208
57.72,57.73,184.46323871718783
57.73,57.74,186.60659830736148
57.74,57.75,195.43199368684918
57.75,57.76,194.30638823072118
57.76,57.77,193.1872657849691
57.77,57.78,193.1872657849691
57.78,57.79,193.1872657849691
57.79,57.8,192.07458901020084
57.8,57.81,190.9683207820833
57.81,57.82,189.86842419010387
57.82,57.83,188.7748625363387
57.83,57.84,187.68759933422865
57.84,57.85,182.34449771164336
57.85,57.86,179.21192838239048
57.86,57.87,176.1331747192297
57.87,57.88,175.11872228117704
57.88,57.89,173.1073122012286
57.89,57.9,172.11028744886602
57.9,57.91,171.11900513652043
57.91,57.92,170.13343219017113
57.92,57.93,170.13343219017113
57.93,57.94,169.1535357262897
57.94,57.95,174.11011265922482
57.95,57.96,178.17974362806785
57.96,57.97,187.68759933422865
57.97,57.98,197.70280407057922
57.98,57.99,211.89261887185907
57.99,58.0,216.8453740602837
58.0,58.01,219.36499593892518
58.01,58.02,220.63576443274928
58.02,58.03,221.91389441356898
58.03,58.04,223.1994285260446
58.04,58.05,223.1994285260446
58.05,58.06,221.91389441356898
58.06,58.07,221.91389441356898
58.07,58.08,220.63576443274928
58.08,58.09,219.36499593892518
58.09,58.1,215.59643660857103
58.1,58.11,210.67220719096719
58.11,58.12,207.05298476827548
58.12,58.13,205.86044732869837
58.13,58.14,203.49593842053727
58.14,58.15,202.3238880603845
58.15,58.16,198.8480847635095
58.16,58.17,195.43199368684918
58.17,58.18,190.9683207820833
58.18,58.19,187.68759933422865
58.19,58.2,184.46323871718783
58.2,58.21,181.29427068562208
58.21,58.22,178.17974362806785
58.22,58.23,175.11872228117704
58.23,58.24,174.11011265922482
58.24,58.25,173.1073122012286
58.25,58.26,172.11028744886602
58.26,58.27,170.13343219017113
58.27,58.28,159.65967727133
58.28,58.29,153.33283446696007
58.29,58.3,0.0
58.3,58.31,0.0
58.31,58.32,0.0
58.32,58.33,0.0
58.33,58.34,0.0
58.34,58.35,0.0
58.35,58.36,0.0
58.36,58.37,0.0
58.37,58.38,0.0
58.38,58.39,0.0
58.39,58.4,0.0
58.4,58.41,0.0
58.41,58.42,0.0
58.42,58.43,0.0
58.43,58.44,176.1331747192297
58.44,58.45,177.1535038204721
58.45,58.46,178.17974362806785
58.46,58.47,177.1535038204721
58.47,58.48,177.1535038204721
58.48,58.49,177.1535038204721
58.49,58.5,175.11872228117704
58.5,58.51,178.17974362806785
58.51,58.52,183.40080864093423
58.52,58.53,0.0
58.53,58.54,0.0
58.54,58.55,0.0
58.55,58.56,0.0
58.56,58.57,0.0
58.57,58.58,0.0
58.58,58.59,0.0
58.59,58.6,0.0
58.6,58.61,0.0
58.61,58.62,0.0
58.62,58.63,0.0
58.63,58.64,0.0
58.64,58.65,0.0
58.65,58.66,184.46323871718783
58.66,58.67,182.34449771164336
58.67,58.68,181.29427068562208
58.68,58.69,180.25009252216606
58.69,58.7,179.21192838239048
58.7,58.71,178.17974362806785
58.71,58.72,177.1535038204721
58.72,58.73,177.1535038204721
58.73,58.74,177.1535038204721
58.74,58.75,173.1073122012286
58.75,58.76,161.5148333600084
58.76,58.77,165.29006363084235
58.77,58.78,0.0
58.78,58.79,0.0
58.79,58.8,178.17974362806785
58.8,58.81,179.21192838239048
58.81,58.82,178.17974362806785
58.82,58.83,178.17974362806785
58.83,58.84,178.17974362806785
58.84,58.85,177.1535038204721
58.85,58.86,177.1535038204721
58.86,58.87,0.0
58.87,58.88,0.0
58.88,58.89,0.0
58.89,58.9,0.0
58.9,58.91,184.46323871718783
58.91,58.92,179.21192838239048
58.92,58.93,175.11872228117704
58.93,58.94,174.11011265922482
58.94,58.95,173.1073122012286
58.95,58.96,172.11028744886602
58.96,58.97,171.11900513652043
58.97,58.98,171.11900513652043
58.98,58.99,170.13343219017113
58.99,59.0,168.1792830507429
59.0,59.01,165.29006363084235
59.01,59.02,163.39154532410998
59.02,59.03,161.5148333600084
59.03,59.04,160.5845763726753
59.04,59.05,159.65967727133
59.05,59.06,156.0130452026747
59.06,59.07,155.11447618337345
59.07,59.08,154.22108254079407
59.08,59.09,153.33283446696007
59.09,59.1,153.33283446696007
59.1,59.11,155.11447618337345
59.11,59.12,156.0130452026747
59.12,59.13,156.0130452026747
59.13,59.14,156.91681957935012
59.14,59.15,156.91681957935012
59.15,59.16,0.0
59.16,59.17,0.0
59.17,59.18,0.0
59.18,59.19,0.0
59.19,59.2,268.51450055605267
59.2,59.21,276.38257599355524
59.21,59.22,286.12918648705164
59.22,59.23,294.5134116201051
59.23,59.24,304.8994046511524
59.24,59.25,315.65165893545657
59.25,59.26,321.1691527453505
59.26,59.27,332.4951584571151
59.27,59.28,340.26686438034227
59.28,59.29,350.237444562354
59.29,59.3,358.423856764781
59.3,59.31,358.423856764781
59.31,59.32,352.26634943845943
59.32,59.33,344.22057489773204
59.33,59.34,0.0
59.34,59.35,0.0
59.35,59.36,0.0
59.36,59.37,0.0
59.37,59.38,0.0
59.38,59.39,0.0
59.39,59.4,0.0
59.4,59.41,0.0
59.41,59.42,0.0
59.42,59.43,0.0
59.43,59.44,0.0
59.44,59.45,0.0
59.45,59.46,0.0
59.46,59.47,0.0
59.47,59.48,0.0
59.48,59.49,0.0
59.49,59.5,0.0
59.5,59.51,0.0
59.51,59.52,0.0
59.52,59.53,0.0
59.53,59.54,0.0
59.54,59.55,0.0
59.55,59.56,0.0
59.56,59.57,0.0
59.57,59.58,0.0
59.58,59.59,0.0
59.59,59.6,0.0
59.6,59.61,0.0
59.61,59.62,0.0
59.62,59.63,0.0
59.63,59.64,0.0
59.64,59.65,0.0
59.65,59.66,0.0
59.66,59.67,0.0
59.67,59.68,0.0
59.68,59.69,0.0
59.69,59.7,0.0
59.7,59.71,0.0
59.71,59.72,0.0
59.72,59.73,0.0
59.73,59.74,0.0
59.74,59.75,0.0
59.75,59.76,0.0
59.76,59.77,0.0
59.77,59.78,0.0
59.78,59.79,0.0
59.79,59.8,0.0
59.8,59.81,0.0
59.81,59.82,0.0
59.82,59.83,0.0
59.83,59.84,0.0
59.84,59.85,0.0
59.85,59.86,0.0
59.86,59.87,0.0
59.87,59.88,0.0
59.88,59.89,0.0
59.89,59.9,0.0
59.9,59.91,0.0
59.91,59.92,0.0
59.92,59.93,0.0
59.93,59.94,0.0
59.94,59.95,0.0
59.95,59.96,0.0
59.96,59.97,189.86842419010387
59.97,59.98,192.07458901020084
59.98,59.99,194.30638823072118
59.99,60.0,195.43199368684918
60.0,60.01,197.70280407057922
60.01,60.02,198.8480847635095
60.02,60.03,198.8480847635095
60.03,60.04,198.8480847635095
60.04,60.05,198.8480847635095
60.05,60.06,198.8480847635095
60.06,60.07,200.0
60.07,60.08,200.0
60.08,60.09,200.0
60.09,60.1,198.8480847635095
60.1,60.11,197.70280407057922
60.11,60.12,196.56411970905023
60.12,60.13,195.43199368684918
60.13,60.14,194.30638823072118
60.14,60.15,194.30638823072118
60.15,60.16,193.1872657849691
60.16,60.17,193.1872657849691
60.17,60.18,193.1872657849691
60.18,60.19,193.1872657849691
60.19,60.2,193.1872657849691
60.2,60.21,193.1872657849691
60.21,60.22,194.30638823072118
60.22,60.23,194.30638823072118
60.23,60.24,194.30638823072118
60.24,60.25,194.30638823072118
60.25,60.26,194.30638823072118
60.26,60.27,193.1872657849691
60.27,60.28,193.1872657849691
60.28,60.29,193.1872657849691
60.29,60.3,193.1872657849691
60.3,60.31,194.30638823072118
60.31,60.32,194.30638823072118
60.32,60.33,194.30638823072118
60.33,60.34,193.1872657849691
60.34,60.35,192.07458901020084
60.35,60.36,190.9683207820833
60.36,60.37,189.86842419010387
60.37,60.38,187.68759933422865
60.38,60.39,185.5318233882619
60.39,60.4,184.46323871718783
60.4,60.41,184.46323871718783
60.41,60.42,188.7748625363387
60.42,60.43,188.7748625363387
60.43,60.44,188.7748625363387
60.44,60.45,187.68759933422865
60.45,60.46,186.60659830736148
60.46,60.47,185.5318233882619
60.47,60.48,183.40080864093423
60.48,60.49,182.34449771164336
60.49,60.5,181.29427068562208
60.5,60.51,180.25009252216606
60.51,60.52,179.21192838239048
60.52,60.53,179.21192838239048
60.53,60.54,178.17974362806785
60.54,60.55,179.21192838239048
60.55,60.56,182.34449771164336
60.56,60.57,181.29427068562208
60.57,60.58,181.29427068562208
60.58,60.59,180.25009252216606
60.59,60.6,180.25009252216606
60.6,60.61,181.29427068562208
60.61,60.62,182.34449771164336
60.62,60.63,183.40080864093423
60.63,60.64,183.40080864093423
60.64,60.65,184.46323871718783
60.65,60.66,184.46323871718783
60.66,60.67,184.46323871718783
60.67,60.68,184.46323871718783
60.68,60.69,177.1535038204721
60.69,60.7,176.1331747192297
60.7,60.71,180.25009252216606
60.71,60.72,181.29427068562208
60.72,60.73,0.0
60.73,60.74,0.0
60.74,60.75,240.60500721642333
60.75,60.76,246.2288826689832
60.76,60.77,250.53288772482563
60.77,60.78,254.91212546385245
60.78,60.79,260.87041395311286
60.79,60.8,263.9015821545788
60.8,60.81,268.51450055605267
60.81,60.82,274.79072949161787
60.82,60.83,287.786716002164
60.83,60.84,297.93549262454053
60.84,60.85,303.14331330207966
60.85,60.86,304.8994046511524
60.86,60.87,308.44216508158814
60.87,60.88,310.2289523667469
60.88,60.89,304.8994046511524
60.89,60.9,299.66141537533633
60.9,60.91,291.13063656843747
60.91,60.92,277.98364396846745
60.92,60.93,259.3679109302019
60.93,60.94,256.3888163841458
60.94,60.95,0.0
60.95,60.96,276.38257599355524
60.96,60.97,277.98364396846745
60.97,60.98,265.4303484677136
60.98,60.99,254.91212546385245
60.99,61.0,241.99881784385852
61.0,61.01,240.60500721642333
61.01,61.02,239.21922434748075
61.02,61.03,232.40911739156792
61.03,61.04,225.79288096122622
61.04,61.05,219.36499593892518
61.05,61.06,209.4588245641254
61.06,61.07,200.0
61.07,61.08,195.43199368684918
61.08,61.09,194.30638823072118
61.09,61.1,193.1872657849691
61.1,61.11,198.8480847635095
61.11,61.12,200.0
61.12,61.13,200.0
61.13,61.14,200.0
61.14,61.15,198.8480847635095
61.15,61.16,197.70280407057922
61.16,61.17,197.70280407057922
61.17,61.18,198.8480847635095
61.18,61.19,197.70280407057922
61.19,61.2,196.56411970905023
61.2,61.21,195.43199368684918
61.21,61.22,193.1872657849691
61.22,61.23,192.07458901020084
61.23,61.24,190.9683207820833
61.24,61.25,190.9683207820833
61.25,61.26,185.5318233882619
61.26,61.27,183.40080864093423
61.27,61.28,182.34449771164336
61.28,61.29,180.25009252216606
61.29,61.3,179.21192838239048
61.3,61.31,178.17974362806785
61.31,61.32,178.17974362806785
61.32,61.33,177.1535038204721
61.33,61.34,176.1331747192297
61.34,61.35,176.1331747192297
61.35,61.36,174.11011265922482
61.36,61.37,173.1073122012286
61.37,61.38,172.11028744886602
61.38,61.39,170.13343219017113
61.39,61.4,168.1792830507429
61.4,61.41,167.2106416577019
61.41,61.42,166.24757922855756
61.42,61.43,165.29006363084235
61.43,61.44,164.33806291715806
61.44,61.45,164.33806291715806
61.45,61.46,164.33806291715806
61.46,61.47,164.33806291715806
61.47,61.48,165.29006363084235
61.48,61.49,167.2106416577019
61.49,61.5,169.1535357262897
61.5,61.51,172.11028744886602
61.51,61.52,175.11872228117704
61.52,61.53,179.21192838239048
61.53,61.54,184.46323871718783
61.54,61.55,190.9683207820833
61.55,61.56,195.43199368684918
61.56,61.57,203.49593842053727
61.57,61.58,216.8453740602837
61.58,61.59,228.41646786215435
61.59,61.6,231.07053937445463
61.6,61.61,249.08992447176465
61.61,61.62,260.87041395311286
61.62,61.63,284.4812036394563
61.63,61.64,287.786716002164
61.64,61.65,296.2195104573129
61.65,61.66,286.12918648705164
61.66,61.67,282.842712474619
61.67,61.68,277.98364396846745
61.68,61.69,279.5939868358039
61.69,61.7,282.842712474619
61.7,61.71,281.2136583244699
61.71,61.72,281.2136583244699
61.72,61.73,282.842712474619
61.73,61.74,0.0
61.74,61.75,0.0
61.75,61.76,0.0
61.76,61.77,0.0
61.77,61.78,0.0
61.78,61.79,0.0
61.79,61.8,0.0
61.8,61.81,0.0
61.81,61.82,0.0
61.82,61.83,0.0
61.83,61.84,0.0
61.84,61.85,0.0
61.85,61.86,0.0
61.86,61.87,0.0
61.87,61.88,0.0
61.88,61.89,0.0
61.89,61.9,0.0
61.9,61.91,0.0
61.91,61.92,0.0
61.92,61.93,166.24757922855756
61.93,61.94,167.2106416577019
61.94,61.95,181.29427068562208
61.95,61.96,182.34449771164336
61.96,61.97,203.49593842053727
61.97,61.98,207.05298476827548
61.98,61.99,208.25243050696125
61.99,62.0,209.4588245641254
62.0,62.01,209.4588245641254
62.01,62.02,210.67220719096719
62.02,62.03,210.67220719096719
62.03,62.04,209.4588245641254
62.04,62.05,205.86044732869837
62.05,62.06,200.0
62.06,62.07,0.0
62.07,62.08,0.0
62.08,62.09,0.0
62.09,62.1,0.0
62.1,62.11,0.0
62.11,62.12,0.0
62.12,62.13,0.0
62.13,62.14,0.0
62.14,62.15,0.0
62.15,62.16,0.0
62.16,62.17,0.0
62.17,62.18,0.0
62.18,62.19,0.0
62.19,62.2,0.0
62.2,62.21,292.81713918912504
62.21,62.22,287.786716002164
62.22,62.23,287.786716002164
62.23,62.24,287.786716002164
62.24,62.25,277.98364396846745
62.25,62.26,256.3888163841458
62.26,62.27,260.87041395311286
62.27,62.28,0.0
62.28,62.29,0.0
62.29,62.3,0.0
62.3,62.31,0.0
62.31,62.32,240.60500721642333
62.32,62.33,218.10154653305153
62.33,62.34,214.35469250725862
62.34,62.35,211.89261887185907
62.35,62.36,209.4588245641254
62.36,62.37,208.25243050696125
62.37,62.38,205.86044732869837
62.38,62.39,204.67477839935495
62.39,62.4,203.49593842053727
62.4,62.41,202.3238880603845
62.41,62.42,201.15858821357068
62.42,62.43,200.0
62.43,62.44,198.8480847635095
62.44,62.45,198.8480847635095
62.45,62.46,197.70280407057922
62.46,62.47,196.56411970905023
62.47,62.48,194.30638823072118
62.48,62.49,192.07458901020084
62.49,62.5,189.86842419010387
62.5,62.51,189.86842419010387
62.51,62.52,189.86842419010387
62.52,62.53,186.60659830736148
62.53,62.54,184.46323871718783
62.54,62.55,183.40080864093423
62.55,62.56,183.40080864093423
62.56,62.57,182.34449771164336
62.57,62.58,182.34449771164336
62.58,62.59,180.25009252216606
62.59,62.6,179.21192838239048
62.6,62.61,0.0
62.61,62.62,0.0
62.62,62.63,178.17974362806785
62.63,62.64,187.68759933422865
62.64,62.65,203.49593842053727
62.65,62.66,211.89261887185907
62.66,62.67,213.12010032569688
62.67,62.68,214.35469250725862
62.68,62.69,215.59643660857103
62.69,62.7,215.59643660857103
62.7,62.71,215.59643660857103
62.71,62.72,213.12010032569688
62.72,62.73,210.67220719096719
62.73,62.74,209.4588245641254
62.74,62.75,208.25243050696125
62.75,62.76,207.05298476827548
62.76,62.77,203.49593842053727
62.77,62.78,202.3238880603845
62.78,62.79,204.67477839935495
62.79,62.8,202.3238880603845
62.8,62.81,201.15858821357068
62.81,62.82,200.0
62.82,62.83,197.70280407057922
62.83,62.84,194.30638823072118
62.84,62.85,188.7748625363387
62.85,62.86,176.1331747192297
62.86,62.87,185.5318233882619
62.87,62.88,200.0
62.88,62.89,198.8480847635095
62.89,62.9,196.56411970905023
62.9,62.91,194.30638823072118
62.91,62.92,194.30638823072118
62.92,62.93,0.0
62.93,62.94,0.0
62.94,62.95,0.0
62.95,62.96,194.30638823072118
62.96,62.97,195.43199368684918
62.97,62.98,190.9683207820833
62.98,62.99,187.68759933422865
62.99,63.0,185.5318233882619
63.0,63.01,184.46323871718783
63.01,63.02,183.40080864093423
63.02,63.03,182.34449771164336
63.03,63.04,180.25009252216606
63.04,63.05,176.1331747192297
63.05,63.06,175.11872228117704
63.06,63.07,171.11900513652043
63.07,63.08,171.11900513652043
63.08,63.09,173.1073122012286
63.09,63.1,177.1535038204721
63.1,63.11,177.1535038204721
63.11,63.12,180.25009252216606
63.12,63.13,175.11872228117704
63.13,63.14,172.11028744886602
63.14,63.15,171.11900513652043
63.15,63.16,171.11900513652043
63.16,63.17,171.11900513652043
63.17,63.18,170.13343219017113
63.18,63.19,169.1535357262897
63.19,63.2,168.1792830507429
63.2,63.21,167.2106416577019
63.21,63.22,167.2106416577019
63.22,63.23,167.2106416577019
63.23,63.24,165.29006363084235
63.24,63.25,165.29006363084235
63.25,63.26,164.33806291715806
63.26,63.27,160.5845763726753
63.27,63.28,158.74010519681997
63.28,63.29,157.8258294677283
63.29,63.3,156.91681957935012
63.3,63.31,156.0130452026747
63.31,63.32,155.11447618337345
63.32,63.33,154.22108254079407
63.33,63.34,153.33283446696007
63.34,63.35,153.33283446696007
63.35,63.36,152.4497023255762
63.36,63.37,152.4497023255762
63.37,63.38,151.57165665103983
63.38,63.39,150.69866814745757
63.39,63.4,149.83070768766817
63.4,63.41,148.96774631227024
63.41,63.42,148.1097552286564
63.42,63.43,146.40856959456255
63.43,63.44,145.56531828421873
63.44,63.45,144.7269237440378
63.45,63.46,143.893358001082
63.46,63.47,148.1097552286564
63.47,63.48,144.7269237440378
63.48,63.49,142.24060181972814
63.49,63.5,142.24060181972814
63.5,63.51,152.4497023255762
63.51,63.52,154.22108254079407
63.52,63.53,151.57165665103983
63.53,63.54,149.83070768766817
63.54,63.55,148.96774631227024
63.55,63.56,148.1097552286564
63.56,63.57,147.25670581005258
63.57,63.58,147.25670581005258
63.58,63.59,147.25670581005258
63.59,63.6,147.25670581005258
63.6,63.61,146.40856959456255
63.61,63.62,146.40856959456255
63.62,63.63,144.7269237440378
63.63,63.64,139.79699341790194
63.64,63.65,143.893358001082
63.65,63.66,148.1097552286564
63.66,63.67,148.96774631227024
63.67,63.68,148.1097552286564
63.68,63.69,147.25670581005258
63.69,63.7,147.25670581005258
63.7,63.71,147.25670581005258
63.71,63.72,147.25670581005258
63.72,63.73,147.25670581005258
63.73,63.74,147.25670581005258
63.74,63.75,147.25670581005258
63.75,63.76,147.25670581005258
63.76,63.77,147.25670581005258
63.77,63.78,147.25670581005258
63.78,63.79,147.25670581005258
63.79,63.8,147.25670581005258
63.8,63.81,0.0
63.81,63.82,0.0
63.82,63.83,0.0
63.83,63.84,0.0
63.84,63.85,0.0
63.85,63.86,0.0
63.86,63.87,0.0
63.87,63.88,0.0
63.88,63.89,0.0
63.89,63.9,0.0
63.9,63.91,0.0
63.91,63.92,0.0
63.92,63.93,0.0
63.93,63.94,0.0
63.94,63.95,0.0
63.95,63.96,0.0
63.96,63.97,0.0
63.97,63.98,0.0
63.98,63.99,0.0
63.99,64.0,0.0
64.0,64.01,0.0
64.01,64.02,0.0
64.02,64.03,0.0
64.03,64.04,0.0
64.04,64.05,0.0
64.05,64.06,0.0
64.06,64.07,0.0
64.07,64.08,0.0
64.08,64.09,0.0
64.09,64.1,0.0
64.1,64.11,0.0
64.11,64.12,0.0
64.12,64.13,0.0
64.13,64.14,0.0
64.14,64.15,0.0
64.15,64.16,0.0
64.16,64.17,0.0
64.17,64.18,0.0
64.18,64.19,0.0
64.19,64.2,0.0
64.2,64.21,0.0
64.21,64.22,0.0
64.22,64.23,0.0
64.23,64.24,0.0
64.24,64.25,0.0
64.25,64.26,0.0
64.26,64.27,0.0
64.27,64.28,0.0
64.28,64.29,0.0
64.29,64.3,0.0
64.3,64.31,0.0
64.31,64.32,0.0
64.32,64.33,0.0
64.33,64.34,0.0
64.34,64.35,0.0
64.35,64.36,0.0
64.36,64.37,0.0
64.37,64.38,0.0
64.38,64.39,0.0
64.39,64.4,0.0
64.4,64.41,0.0
64.41,64.42,0.0
64.42,64.43,0.0
64.43,64.44,0.0
64.44,64.45,0.0
64.45,64.46,0.0
64.46,64.47,0.0
64.47,64.48,0.0
64.48,64.49,0.0
64.49,64.5,0.0
64.5,64.51,0.0
64.51,64.52,0.0
64.52,64.53,0.0
64.53,64.54,0.0
64.54,64.55,0.0
64.55,64.56,174.11011265922482
64.56,64.57,174.11011265922482
64.57,64.58,175.11872228117704
64.58,64.59,176.1331747192297
64.59,64.6,176.1331747192297
64.6,64.61,177.1535038204721
64.61,64.62,177.1535038204721
64.62,64.63,178.17974362806785
64.63,64.64,179.21192838239048
64.64,64.65,179.21192838239048
64.65,64.66,179.21192838239048
64.66,64.67,179.21192838239048
64.67,64.68,179.21192838239048
64.68,64.69,179.21192838239048
64.69,64.7,179.21192838239048
64.7,64.71,179.21192838239048
64.71,64.72,179.21192838239048
64.72,64.73,179.21192838239048
64.73,64.74,179.21192838239048
64.74,64.75,178.17974362806785
64.75,64.76,178.17974362806785
64.76,64.77,177.1535038204721
64.77,64.78,178.17974362806785
64.78,64.79,178.17974362806785
64.79,64.8,179.21192838239048
64.8,64.81,180.25009252216606
64.81,64.82,181.29427068562208
64.82,64.83,181.29427068562208
64.83,64.84,182.34449771164336
64.84,64.85,183.40080864093423
64.85,64.86,184.46323871718783
64.86,64.87,185.5318233882619
64.87,64.88,187.68759933422865
64.88,64.89,188.7748625363387
64.89,64.9,184.46323871718783
64.9,64.91,0.0
64.91,64.92,0.0
64.92,64.93,0.0
64.93,64.94,0.0
64.94,64.95,0.0
64.95,64.96,0.0
64.96,64.97,0.0
64.97,64.98,0.0
64.98,64.99,0.0
64.99,65.0,0.0
65.0,65.01,0.0
65.01,65.02,192.07458901020084
65.02,65.03,184.46323871718783
65.03,65.04,180.25009252216606
65.04,65.05,178.17974362806785
65.05,65.06,176.1331747192297
65.06,65.07,175.11872228117704
65.07,65.08,173.1073122012286
65.08,65.09,171.11900513652043
65.09,65.1,169.1535357262897
65.1,65.11,164.33806291715806
65.11,65.12,160.5845763726753
65.12,65.13,163.39154532410998
65.13,65.14,172.11028744886602
65.14,65.15,176.1331747192297
65.15,65.16,175.11872228117704
65.16,65.17,175.11872228117704
65.17,65.18,174.11011265922482
65.18,65.19,174.11011265922482
65.19,65.2,173.1073122012286
65.2,65.21,173.1073122012286
65.21,65.22,178.17974362806785
65.22,65.23,182.34449771164336
65.23,65.24,185.5318233882619
65.24,65.25,189.86842419010387
65.25,65.26,192.07458901020084
65.26,65.27,195.43199368684918
65.27,65.28,201.15858821357068
65.28,65.29,210.67220719096719
65.29,65.3,216.8453740602837
65.3,65.31,219.36499593892518
65.31,65.32,220.63576443274928
65.32,65.33,221.91389441356898
65.33,65.34,221.91389441356898
65.34,65.35,221.91389441356898
65.35,65.36,218.10154653305153
65.36,65.37,214.35469250725862
65.37,65.38,211.89261887185907
65.38,65.39,202.3238880603845
65.39,65.4,193.1872657849691
65.4,65.41,0.0
65.41,65.42,0.0
65.42,65.43,0.0
65.43,65.44,0.0
65.44,65.45,0.0
65.45,65.46,0.0
65.46,65.47,0.0
65.47,65.48,0.0
65.48,65.49,0.0
65.49,65.5,0.0
65.5,65.51,0.0
65.51,65.52,0.0
65.52,65.53,0.0
65.53,65.54,215.59643660857103
65.54,65.55,213.12010032569688
65.55,65.56,211.89261887185907
65.56,65.57,210.67220719096719
65.57,65.58,210.67220719096719
65.58,65.59,208.25243050696125
65.59,65.6,208.25243050696125
65.6,65.61,207.05298476827548
65.61,65.62,205.86044732869837
65.62,65.63,205.86044732869837
65.63,65.64,204.67477839935495
65.64,65.65,203.49593842053727
65.65,65.66,203.49593842053727
65.66,65.67,202.3238880603845
65.67,65.68,202.3238880603845
65.68,65.69,201.15858821357068
65.69,65.7,201.15858821357068
65.7,65.71,201.15858821357068
65.71,65.72,201.15858821357068
65.72,65.73,201.15858821357068
65.73,65.74,201.15858821357068
65.74,65.75,200.0
65.75,65.76,200.0
65.76,65.77,198.8480847635095
65.77,65.78,197.70280407057922
65.78,65.79,196.56411970905023
65.79,65.8,195.43199368684918
65.8,65.81,194.30638823072118
65.81,65.82,190.9683207820833
65.82,65.83,186.60659830736148
65.83,65.84,185.5318233882619
65.84,65.85,187.68759933422865
65.85,65.86,183.40080864093423
65.86,65.87,184.46323871718783
65.87,65.88,186.60659830736148
65.88,65.89,185.5318233882619
65.89,65.9,184.46323871718783
65.9,65.91,186.60659830736148
65.91,65.92,180.25009252216606
65.92,65.93,181.29427068562208
65.93,65.94,181.29427068562208
65.94,65.95,0.0
65.95,65.96,0.0
65.96,65.97,0.0
65.97,65.98,189.86842419010387
65.98,65.99,193.1872657849691
65.99,66.0,192.07458901020084
66.0,66.01,188.7748625363387
66.01,66.02,186.60659830736148
66.02,66.03,185.5318233882619
66.03,66.04,183.40080864093423
66.04,66.05,182.34449771164336
66.05,66.06,182.34449771164336
66.06,66.07,182.34449771164336
66.07,66.08,181.29427068562208
66.08,66.09,182.34449771164336
66.09,66.1,181.29427068562208
66.1,66.11,182.34449771164336
66.11,66.12,182.34449771164336
66.12,66.13,182.34449771164336
66.13,66.14,182.34449771164336
66.14,66.15,182.34449771164336
66.15,66.16,182.34449771164336
66.16,66.17,181.29427068562208
66.17,66.18,182.34449771164336
66.18,66.19,182.34449771164336
66.19,66.2,182.34449771164336
66.2,66.21,183.40080864093423
66.21,66.22,183.40080864093423
66.22,66.23,183.40080864093423
66.23,66.24,183.40080864093423
66.24,66.25,182.34449771164336
66.25,66.26,181.29427068562208
66.26,66.27,181.29427068562208
66.27,66.28,180.25009252216606
66.28,66.29,180.25009252216606
66.29,66.3,179.21192838239048
66.3,66.31,179.21192838239048
66.31,66.32,179.21192838239048
66.32,66.33,179.21192838239048
66.33,66.34,179.21192838239048
66.34,66.35,178.17974362806785
66.35,66.36,178.17974362806785
66.36,66.37,177.1535038204721
66.37,66.38,177.1535038204721
66.38,66.39,177.1535038204721
66.39,66.4,177.1535038204721
66.4,66.41,177.1535038204721
66.41,66.42,177.1535038204721
66.42,66.43,176.1331747192297
66.43,66.44,175.11872228117704
66.44,66.45,174.11011265922482
66.45,66.46,173.1073122012286
66.46,66.47,173.1073122012286
66.47,66.48,172.11028744886602
66.48,66.49,172.11028744886602
66.49,66.5,173.1073122012286
66.5,66.51,172.11028744886602
66.51,66.52,172.11028744886602
66.52,66.53,172.11028744886602
66.53,66.54,172.11028744886602
66.54,66.55,172.11028744886602
66.55,66.56,172.11028744886602
66.56,66.57,172.11028744886602
66.57,66.58,172.11028744886602
66.58,66.59,171.11900513652043
66.59,66.6,171.11900513652043
66.6,66.61,171.11900513652043
66.61,66.62,170.13343219017113
66.62,66.63,170.13343219017113
66.63,66.64,170.13343219017113
66.64,66.65,170.13343219017113
66.65,66.66,169.1535357262897
66.66,66.67,168.1792830507429
66.67,66.68,167.2106416577019
66.68,66.69,166.24757922855756
66.69,66.7,164.33806291715806
66.7,66.71,162.4504792712471
66.71,66.72,157.8258294677283
66.72,66.73,176.1331747192297
66.73,66.74,168.1792830507429
66.74,66.75,0.0
66.75,66.76,0.0
66.76,66.77,0.0
66.77,66.78,0.0
66.78,66.79,176.1331747192297
66.79,66.8,177.1535038204721
66.8,66.81,177.1535038204721
66.81,66.82,177.1535038204721
66.82,66.83,177.1535038204721
66.83,66.84,177.1535038204721
66.84,66.85,176.1331747192297
66.85,66.86,179.21192838239048
66.86,66.87,179.21192838239048
66.87,66.88,179.21192838239048
66.88,66.89,177.1535038204721
66.89,66.9,175.11872228117704
66.9,66.91,173.1073122012286
66.91,66.92,170.13343219017113
66.92,66.93,174.11011265922482
66.93,66.94,176.1331747192297
66.94,66.95,177.1535038204721
66.95,66.96,177.1535038204721
66.96,66.97,0.0
66.97,66.98,181.29427068562208
66.98,66.99,169.1535357262897
66.99,67.0,168.1792830507429
67.0,67.01,168.1792830507429
67.01,67.02,169.1535357262897
67.02,67.03,169.1535357262897
67.03,67.04,169.1535357262897
67.04,67.05,170.13343219017113
67.05,67.06,171.11900513652043
67.06,67.07,173.1073122012286
67.07,67.08,173.1073122012286
67.08,67.09,174.11011265922482
67.09,67.1,175.11872228117704
67.1,67.11,178.17974362806785
67.11,67.12,181.29427068562208
67.12,67.13,185.5318233882619
67.13,67.14,195.43199368684918
67.14,67.15,209.4588245641254
67.15,67.16,215.59643660857103
67.16,67.17,219.36499593892518
67.17,67.18,223.1994285260446
67.18,67.19,225.79288096122622
67.19,67.2,227.10088581417543
67.2,67.21,227.10088581417543
67.21,67.22,225.79288096122622
67.22,67.23,223.1994285260446
67.23,67.24,220.63576443274928
67.24,67.25,214.35469250725862
67.25,67.26,208.25243050696125
67.26,67.27,203.49593842053727
67.27,67.28,197.70280407057922
67.28,67.29,194.30638823072118
67.29,67.3,193.1872657849691
67.3,67.31,192.07458901020084
67.31,67.32,189.86842419010387
67.32,67.33,187.68759933422865
67.33,67.34,186.60659830736148
67.34,67.35,180.25009252216606
67.35,67.36,178.17974362806785
67.36,67.37,177.1535038204721
67.37,67.38,177.1535038204721
67.38,67.39,176.1331747192297
67.39,67.4,175.11872228117704
67.4,67.41,174.11011265922482
67.41,67.42,170.13343219017113
67.42,67.43,0.0
67.43,67.44,0.0
67.44,67.45,0.0
67.45,67.46,0.0
67.46,67.47,0.0
67.47,67.48,0.0
67.48,67.49,0.0
67.49,67.5,0.0
67.5,67.51,0.0
67.51,67.52,183.40080864093423
67.52,67.53,178.17974362806785
67.53,67.54,174.11011265922482
67.54,67.55,172.11028744886602
67.55,67.56,171.11900513652043
67.56,67.57,169.1535357262897
67.57,67.58,165.29006363084235
67.58,67.59,163.39154532410998
67.59,67.6,167.2106416577019
67.6,67.61,171.11900513652043
67.61,67.62,172.11028744886602
67.62,67.63,172.11028744886602
67.63,67.64,173.1073122012286
67.64,67.65,173.1073122012286
67.65,67.66,172.11028744886602
67.66,67.67,171.11900513652043
67.67,67.68,171.11900513652043
67.68,67.69,170.13343219017113
67.69,67.7,170.13343219017113
67.7,67.71,171.11900513652043
67.71,67.72,171.11900513652043
67.72,67.73,172.11028744886602
67.73,67.74,172.11028744886602
67.74,67.75,173.1073122012286
67.75,67.76,170.13343219017113
67.76,67.77,167.2106416577019
67.77,67.78,161.5148333600084
67.78,67.79,0.0
67.79,67.8,0.0
67.8,67.81,0.0
67.81,67.82,0.0
67.82,67.83,0.0
67.83,67.84,0.0
67.84,67.85,0.0
67.85,67.86,0.0
67.86,67.87,0.0
67.87,67.88,0.0
67.88,67.89,0.0
67.89,67.9,0.0
67.9,67.91,0.0
67.91,67.92,0.0
67.92,67.93,0.0
67.93,67.94,0.0
67.94,67.95,170.13343219017113
67.95,67.96,172.11028744886602
67.96,67.97,171.11900513652043
67.97,67.98,171.11900513652043
67.98,67.99,170.13343219017113
67.99,68.0,169.1535357262897
68.0,68.01,168.1792830507429
68.01,68.02,167.2106416577019
68.02,68.03,166.24757922855756
68.03,68.04,164.33806291715806
68.04,68.05,162.4504792712471
68.05,68.06,161.5148333600084
68.06,68.07,159.65967727133
68.07,68.08,158.74010519681997
68.08,68.09,156.91681957935012
68.09,68.1,156.0130452026747
68.1,68.11,153.33283446696007
68.11,68.12,153.33283446696007
68.12,68.13,152.4497023255762
68.13,68.14,149.83070768766817
68.14,68.15,147.25670581005258
68.15,68.16,148.1097552286564
68.16,68.17,147.25670581005258
68.17,68.18,148.1097552286564
68.18,68.19,154.22108254079407
68.19,68.2,0.0
68.2,68.21,0.0
68.21,68.22,154.22108254079407
68.22,68.23,153.33283446696007
68.23,68.24,152.4497023255762
68.24,68.25,152.4497023255762
68.25,68.26,152.4497023255762
68.26,68.27,152.4497023255762
68.27,68.28,152.4497023255762
68.28,68.29,152.4497023255762
68.29,68.3,152.4497023255762
68.3,68.31,152.4497023255762
68.31,68.32,149.83070768766817
68.32,68.33,148.1097552286564
68.33,68.34,148.96774631227024
68.34,68.35,151.57165665103983
68.35,68.36,152.4497023255762
68.36,68.37,155.11447618337345
68.37,68.38,151.57165665103983
68.38,68.39,152.4497023255762
68.39,68.4,153.33283446696007
68.4,68.41,153.33283446696007
68.41,68.42,154.22108254079407
68.42,68.43,154.22108254079407
68.43,68.44,153.33283446696007
68.44,68.45,153.33283446696007
68.45,68.46,153.33283446696007
68.46,68.47,152.4497023255762
68.47,68.48,0.0
68.48,68.49,0.0
68.49,68.5,0.0
68.5,68.51,0.0
68.51,68.52,0.0
68.52,68.53,0.0
68.53,68.54,0.0
68.54,68.55,0.0
68.55,68.56,0.0
68.56,68.57,0.0
68.57,68.58,0.0
68.58,68.59,0.0
68.59,68.6,0.0
68.6,68.61,0.0
68.61,68.62,0.0
68.62,68.63,0.0
68.63,68.64,0.0
68.64,68.65,0.0
68.65,68.66,0.0
68.66,68.67,0.0
68.67,68.68,0.0
68.68,68.69,0.0
68.69,68.7,0.0
68.7,68.71,218.10154653305153
68.71,68.72,228.41646786215435
68.72,68.73,235.10958125672175
68.73,68.74,237.8414230005442
68.74,68.75,240.60500721642333
68.75,68.76,241.99881784385852
68.76,68.77,244.81070866093103
68.77,68.78,249.08992447176465
68.78,68.79,250.53288772482563
68.79,68.8,240.60500721642333
68.8,68.81,240.60500721642333
68.81,68.82,241.99881784385852
68.82,68.83,241.99881784385852
68.83,68.84,240.60500721642333
68.84,68.85,244.81070866093103
68.85,68.86,233.75544971224912
68.86,68.87,233.75544971224912
68.87,68.88,209.4588245641254
68.88,68.89,209.4588245641254
68.89,68.9,205.86044732869837
68.9,68.91,204.67477839935495
68.91,68.92,198.8480847635095
68.92,68.93,196.56411970905023
68.93,68.94,196.56411970905023
68.94,68.95,196.56411970905023
68.95,68.96,195.43199368684918
68.96,68.97,196.56411970905023
68.97,68.98,196.56411970905023
68.98,68.99,196.56411970905023
68.99,69.0,196.56411970905023
69.0,69.01,196.56411970905023
69.01,69.02,195.43199368684918
69.02,69.03,192.07458901020084
69.03,69.04,195.43199368684918
69.04,69.05,196.56411970905023
69.05,69.06,196.56411970905023
69.06,69.07,196.56411970905023
69.07,69.08,195.43199368684918
69.08,69.09,193.1872657849691
69.09,69.1,186.60659830736148
69.1,69.11,177.1535038204721
69.11,69.12,177.1535038204721
69.12,69.13,177.1535038204721
69.13,69.14,180.25009252216606
69.14,69.15,181.29427068562208
69.15,69.16,179.21192838239048
69.16,69.17,178.17974362806785
69.17,69.18,177.1535038204721
69.18,69.19,175.11872228117704
69.19,69.2,174.11011265922482
69.2,69.21,172.11028744886602
69.21,69.22,171.11900513652043
69.22,69.23,168.1792830507429
69.23,69.24,168.1792830507429
69.24,69.25,173.1073122012286
69.25,69.26,172.11028744886602
69.26,69.27,169.1535357262897
69.27,69.28,170.13343219017113
69.28,69.29,172.11028744886602
69.29,69.3,172.11028744886602
69.3,69.31,173.1073122012286
69.31,69.32,174.11011265922482
69.32,69.33,174.11011265922482
69.33,69.34,173.1073122012286
69.34,69.35,173.1073122012286
69.35,69.36,172.11028744886602
69.36,69.37,170.13343219017113
69.37,69.38,169.1535357262897
69.38,69.39,172.11028744886602
69.39,69.4,174.11011265922482
69.4,69.41,175.11872228117704
69.41,69.42,175.11872228117704
69.42,69.43,175.11872228117704
69.43,69.44,175.11872228117704
69.44,69.45,175.11872228117704
69.45,69.46,174.11011265922482
69.46,69.47,174.11011265922482
69.47,69.48,175.11872228117704
69.48,69.49,175.11872228117704
69.49,69.5,176.1331747192297
69.5,69.51,176.1331747192297
69.51,69.52,175.11872228117704
69.52,69.53,176.1331747192297
69.53,69.54,176.1331747192297
69.54,69.55,176.1331747192297
69.55,69.56,176.1331747192297
69.56,69.57,176.1331747192297
69.57,69.58,176.1331747192297
69.58,69.59,177.1535038204721
69.59,69.6,176.1331747192297
69.6,69.61,176.1331747192297
69.61,69.62,175.11872228117704
69.62,69.63,174.11011265922482
69.63,69.64,174.11011265922482
69.64,69.65,176.1331747192297
69.65,69.66,177.1535038204721
69.66,69.67,0.0
69.67,69.68,204.67477839935495
69.68,69.69,209.4588245641254
69.69,69.7,211.89261887185907
69.7,69.71,215.59643660857103
69.71,69.72,219.36499593892518
69.72,69.73,224.49240966187455
69.73,69.74,233.75544971224912
69.74,69.75,240.60500721642333
69.75,69.76,246.2288826689832
69.76,69.77,249.08992447176465
69.77,69.78,250.53288772482563
69.78,69.79,251.98420997897463
69.79,69.8,251.98420997897463
69.8,69.81,250.53288772482563
69.81,69.82,249.08992447176465
69.82,69.83,246.2288826689832
69.83,69.84,244.81070866093103
69.84,69.85,243.40070273411817
69.85,69.86,239.21922434748075
69.86,69.87,235.10958125672175
69.87,69.88,231.07053937445463
69.88,69.89,224.49240966187455
69.89,69.9,200.0
69.9,69.91,195.43199368684918
69.91,69.92,193.1872657849691
69.92,69.93,188.7748625363387
69.93,69.94,196.56411970905023
69.94,69.95,194.30638823072118
69.95,69.96,194.30638823072118
69.96,69.97,193.1872657849691
69.97,69.98,193.1872657849691
69.98,69.99,192.07458901020084
69.99,70.0,186.60659830736148
70.0,70.01,187.68759933422865
70.01,70.02,186.60659830736148
70.02,70.03,185.5318233882619
70.03,70.04,183.40080864093423
70.04,70.05,181.29427068562208
70.05,70.06,180.25009252216606
70.06,70.07,178.17974362806785
70.07,70.08,176.1331747192297
70.08,70.09,175.11872228117704
70.09,70.1,173.1073122012286
70.1,70.11,172.11028744886602
70.11,70.12,170.13343219017113
70.12,70.13,169.1535357262897
70.13,70.14,168.1792830507429
70.14,70.15,172.11028744886602
70.15,70.16,179.21192838239048
70.16,70.17,176.1331747192297
70.17,70.18,176.1331747192297
70.18,70.19,175.11872228117704
70.19,70.2,176.1331747192297
70.2,70.21,177.1535038204721
70.21,70.22,175.11872228117704
70.22,70.23,173.1073122012286
70.23,70.24,174.11011265922482
70.24,70.25,174.11011265922482
70.25,70.26,0.0
70.26,70.27,0.0
70.27,70.28,0.0
70.28,70.29,0.0
70.29,70.3,0.0
70.3,70.31,0.0
70.31,70.32,0.0
70.32,70.33,0.0
70.33,70.34,0.0
70.34,70.35,0.0
70.35,70.36,0.0
70.36,70.37,0.0
70.37,70.38,0.0
70.38,70.39,0.0
70.39,70.4,0.0
70.4,70.41,0.0
70.41,70.42,0.0
70.42,70.43,0.0
70.43,70.44,0.0
70.44,70.45,0.0
70.45,70.46,0.0
70.46,70.47,0.0
70.47,70.48,0.0
70.48,70.49,0.0
70.49,70.5,0.0
70.5,70.51,0.0
70.51,70.52,0.0
70.52,70.53,0.0
70.53,70.54,0.0
70.54,70.55,0.0
70.55,70.56,0.0
70.56,70.57,0.0
70.57,70.58,0.0
70.58,70.59,0.0
70.59,70.6,0.0
70.6,70.61,0.0
70.61,70.62,0.0
70.62,70.63,0.0
70.63,70.64,0.0
70.64,70.65,180.25009252216606
70.65,70.66,176.1331747192297
70.66,70.67,174.11011265922482
70.67,70.68,172.11028744886602
70.68,70.69,174.11011265922482
70.69,70.7,176.1331747192297
70.7,70.71,179.21192838239048
70.71,70.72,179.21192838239048
70.72,70.73,180.25009252216606
70.73,70.74,180.25009252216606
70.74,70.75,179.21192838239048
70.75,70.76,178.17974362806785
70.76,70.77,175.11872228117704
70.77,70.78,175.11872228117704
70.78,70.79,179.21192838239048
70.79,70.8,179.21192838239048
70.8,70.81,180.25009252216606
70.81,70.82,179.21192838239048
70.82,70.83,181.29427068562208
70.83,70.84,184.46323871718783
70.84,70.85,178.17974362806785
70.85,70.86,178.17974362806785
70.86,70.87,177.1535038204721
70.87,70.88,177.1535038204721
70.88,70.89,177.1535038204721
70.89,70.9,176.1331747192297
70.9,70.91,176.1331747192297
70.91,70.92,175.11872228117704
70.92,70.93,173.1073122012286
70.93,70.94,175.11872228117704
70.94,70.95,176.1331747192297
70.95,70.96,176.1331747192297
70.96,70.97,176.1331747192297
70.97,70.98,176.1331747192297
70.98,70.99,177.1535038204721
70.99,71.0,176.1331747192297
71.0,71.01,0.0
71.01,71.02,0.0
71.02,71.03,181.29427068562208
71.03,71.04,180.25009252216606
71.04,71.05,179.21192838239048
71.05,71.06,179.21192838239048
71.06,71.07,181.29427068562208
71.07,71.08,186.60659830736148
71.08,71.09,186.60659830736148
71.09,71.1,186.60659830736148
71.1,71.11,185.5318233882619
71.11,71.12,186.60659830736148
71.12,71.13,186.60659830736148
71.13,71.14,187.68759933422865
71.14,71.15,188.7748625363387
71.15,71.16,188.7748625363387
71.16,71.17,188.7748625363387
71.17,71.18,185.5318233882619
71.18,71.19,182.34449771164336
71.19,71.2,181.29427068562208
71.2,71.21,180.25009252216606
71.21,71.22,180.25009252216606
71.22,71.23,179.21192838239048
71.23,71.24,179.21192838239048
71.24,71.25,179.21192838239048
71.25,71.26,178.17974362806785
71.26,71.27,176.1331747192297
71.27,71.28,173.1073122012286
71.28,71.29,178.17974362806785
71.29,71.3,175.11872228117704
71.3,71.31,177.1535038204721
71.31,71.32,177.1535038204721
71.32,71.33,176.1331747192297
71.33,71.34,174.11011265922482
71.34,71.35,173.1073122012286
71.35,71.36,172.11028744886602
71.36,71.37,170.13343219017113
71.37,71.38,168.1792830507429
71.38,71.39,167.2106416577019
71.39,71.4,174.11011265922482
71.4,71.41,172.11028744886602
71.41,71.42,172.11028744886602
71.42,71.43,171.11900513652043
71.43,71.44,171.11900513652043
71.44,71.45,170.13343219017113
71.45,71.46,170.13343219017113
71.46,71.47,170.13343219017113
71.47,71.48,169.1535357262897
71.48,71.49,169.1535357262897
71.49,71.5,171.11900513652043
71.5,71.51,169.1535357262897
71.51,71.52,167.2106416577019
71.52,71.53,166.24757922855756
71.53,71.54,164.33806291715806
71.54,71.55,163.39154532410998
71.55,71.56,161.5148333600084
71.56,71.57,160.5845763726753
71.57,71.58,159.65967727133
71.58,71.59,160.5845763726753
71.59,71.6,157.8258294677283
71.6,71.61,170.13343219017113
71.61,71.62,170.13343219017113
71.62,71.63,180.25009252216606
71.63,71.64,183.40080864093423
71.64,71.65,185.5318233882619
71.65,71.66,187.68759933422865
71.66,71.67,187.68759933422865
71.67,71.68,186.60659830736148
71.68,71.69,185.5318233882619
71.69,71.7,183.40080864093423
71.7,71.71,181.29427068562208
71.71,71.72,179.21192838239048
71.72,71.73,176.1331747192297
71.73,71.74,175.11872228117704
71.74,71.75,174.11011265922482
71.75,71.76,173.1073122012286
71.76,71.77,173.1073122012286
71.77,71.78,174.11011265922482
71.78,71.79,175.11872228117704
71.79,71.8,178.17974362806785
71.8,71.81,182.34449771164336
71.81,71.82,184.46323871718783
71.82,71.83,188.7748625363387
71.83,71.84,194.30638823072118
71.84,71.85,202.3238880603845
71.85,71.86,209.4588245641254
71.86,71.87,218.10154653305153
71.87,71.88,225.79288096122622
71.88,71.89,235.10958125672175
71.89,71.9,246.2288826689832
71.9,71.91,256.3888163841458
71.91,71.92,262.38162088748976
71.92,71.93,263.9015821545788
71.93,71.94,266.96797083400685
71.94,71.95,268.51450055605267
71.95,71.96,271.6344887654643
71.96,71.97,277.98364396846745
71.97,71.98,277.98364396846745
71.98,71.99,276.38257599355524
71.99,72.0,266.96797083400685
72.0,72.01,266.96797083400685
72.01,72.02,263.9015821545788
72.02,72.03,263.9015821545788
72.03,72.04,260.87041395311286
72.04,72.05,0.0
72.05,72.06,0.0
72.06,72.07,0.0
72.07,72.08,0.0
72.08,72.09,0.0
72.09,72.1,0.0
72.1,72.11,0.0
72.11,72.12,0.0
72.12,72.13,0.0
72.13,72.14,0.0
72.14,72.15,0.0
72.15,72.16,220.63576443274928
72.16,72.17,223.1994285260446
72.17,72.18,200.0
72.18,72.19,196.56411970905023
72.19,72.2,195.43199368684918
72.2,72.21,193.1872657849691
72.21,72.22,192.07458901020084
72.22,72.23,189.86842419010387
72.23,72.24,185.5318233882619
72.24,72.25,172.11028744886602
72.25,72.26,192.07458901020084
72.26,72.27,190.9683207820833
72.27,72.28,193.1872657849691
72.28,72.29,193.1872657849691
72.29,72.3,193.1872657849691
72.3,72.31,0.0
72.31,72.32,0.0
72.32,72.33,197.70280407057922
72.33,72.34,200.0
72.34,72.35,200.0
72.35,72.36,200.0
72.36,72.37,200.0
72.37,72.38,198.8480847635095
72.38,72.39,197.70280407057922
72.39,72.4,195.43199368684918
72.4,72.41,186.60659830736148
72.41,72.42,180.25009252216606
72.42,72.43,0.0
72.43,72.44,0.0
72.44,72.45,0.0
72.45,72.46,0.0
72.46,72.47,0.0
72.47,72.48,0.0
72.48,72.49,0.0
72.49,72.5,0.0
72.5,72.51,188.7748625363387
72.51,72.52,185.5318233882619
72.52,72.53,183.40080864093423
72.53,72.54,181.29427068562208
72.54,72.55,180.25009252216606
72.55,72.56,180.25009252216606
72.56,72.57,179.21192838239048
72.57,72.58,178.17974362806785
72.58,72.59,177.1535038204721
72.59,72.6,170.13343219017113
72.6,72.61,177.1535038204721
72.61,72.62,0.0
72.62,72.63,0.0
72.63,72.64,0.0
72.64,72.65,0.0
72.65,72.66,0.0
72.66,72.67,0.0
72.67,72.68,0.0
72.68,72.69,0.0
72.69,72.7,0.0
72.7,72.71,0.0
72.71,72.72,0.0
72.72,72.73,0.0
72.73,72.74,0.0
72.74,72.75,0.0
72.75,72.76,192.07458901020084
72.76,72.77,202.3238880603845
72.77,72.78,198.8480847635095
72.78,72.79,198.8480847635095
72.79,72.8,200.0
72.8,72.81,202.3238880603845
72.81,72.82,203.49593842053727
72.82,72.83,204.67477839935495
72.83,72.84,204.67477839935495
72.84,72.85,205.86044732869837
72.85,72.86,204.67477839935495
72.86,72.87,0.0
72.87,72.88,0.0
72.88,72.89,0.0
72.89,72.9,286.12918648705164
72.9,72.91,289.4538474880756
72.91,72.92,294.5134116201051
72.92,72.93,297.93549262454053
72.93,72.94,301.3973362949152
72.94,72.95,303.14331330207966
72.95,72.96,304.8994046511524
72.96,72.97,304.8994046511524
72.97,72.98,303.14331330207966
72.98,72.99,299.66141537533633
72.99,73.0,294.5134116201051
73.0,73.01,0.0
73.01,73.02,0.0
73.02,73.03,0.0
73.03,73.04,0.0
73.04,73.05,0.0
73.05,73.06,0.0
73.06,73.07,0.0
73.07,73.08,0.0
73.08,73.09,0.0
73.09,73.1,218.10154653305153
73.1,73.11,211.89261887185907
73.11,73.12,207.05298476827548
73.12,73.13,203.49593842053727
73.13,73.14,201.15858821357068
73.14,73.15,198.8480847635095
73.15,73.16,197.70280407057922
73.16,73.17,195.43199368684918
73.17,73.18,194.30638823072118
73.18,73.19,194.30638823072118
73.19,73.2,193.1872657849691
73.2,73.21,193.1872657849691
73.21,73.22,193.1872657849691
73.22,73.23,192.07458901020084
73.23,73.24,192.07458901020084
73.24,73.25,189.86842419010387
73.25,73.26,187.68759933422865
73.26,73.27,0.0
73.27,73.28,192.07458901020084
73.28,73.29,190.9683207820833
73.29,73.3,192.07458901020084
73.3,73.31,193.1872657849691
73.31,73.32,193.1872657849691
73.32,73.33,193.1872657849691
73.33,73.34,192.07458901020084
73.34,73.35,190.9683207820833
73.35,73.36,190.9683207820833
73.36,73.37,190.9683207820833
73.37,73.38,190.9683207820833
73.38,73.39,192.07458901020084
73.39,73.4,194.30638823072118
73.4,73.41,195.43199368684918
73.41,73.42,195.43199368684918
73.42,73.43,195.43199368684918
73.43,73.44,195.43199368684918
73.44,73.45,196.56411970905023
73.45,73.46,196.56411970905023
73.46,73.47,196.56411970905023
73.47,73.48,197.70280407057922
73.48,73.49,197.70280407057922
73.49,73.5,197.70280407057922
73.5,73.51,197.70280407057922
73.51,73.52,197.70280407057922
73.52,73.53,195.43199368684918
73.53,73.54,194.30638823072118
73.54,73.55,194.30638823072118
73.55,73.56,196.56411970905023
73.56,73.57,196.56411970905023
73.57,73.58,196.56411970905023
73.58,73.59,196.56411970905023
73.59,73.6,196.56411970905023
73.6,73.61,196.56411970905023
73.61,73.62,196.56411970905023
73.62,73.63,196.56411970905023
73.63,73.64,196.56411970905023
73.64,73.65,197.70280407057922
73.65,73.66,196.56411970905023
73.66,73.67,197.70280407057922
73.67,73.68,197.70280407057922
73.68,73.69,197.70280407057922
73.69,73.7,196.56411970905023
73.7,73.71,196.56411970905023
73.71,73.72,196.56411970905023
73.72,73.73,195.43199368684918
73.73,73.74,196.56411970905023
73.74,73.75,0.0
73.75,73.76,0.0
73.76,73.77,0.0
73.77,73.78,0.0
73.78,73.79,0.0
73.79,73.8,0.0
73.8,73.81,0.0
73.81,73.82,0.0
73.82,73.83,0.0
73.83,73.84,0.0
73.84,73.85,0.0
73.85,73.86,0.0
73.86,73.87,0.0
73.87,73.88,0.0
73.88,73.89,0.0
73.89,73.9,0.0
73.9,73.91,0.0
73.91,73.92,0.0
73.92,73.93,0.0
73.93,73.94,0.0
73.94,73.95,0.0
73.95,73.96,0.0
73.96,73.97,0.0
73.97,73.98,0.0
73.98,73.99,0.0
73.99,74.0,0.0
74.0,74.01,0.0
74.01,74.02,0.0
74.02,74.03,0.0
74.03,74.04,0.0
74.04,74.05,0.0
74.05,74.06,181.29427068562208
74.06,74.07,181.29427068562208
74.07,74.08,181.29427068562208
74.08,74.09,181.29427068562208
74.09,74.1,181.29427068562208
74.1,74.11,177.1535038204721
74.11,74.12,162.4504792712471
74.12,74.13,0.0
74.13,74.14,0.0
74.14,74.15,0.0
74.15,74.16,0.0
74.16,74.17,0.0
74.17,74.18,0.0
74.18,74.19,0.0
74.19,74.2,0.0
74.2,74.21,0.0
74.21,74.22,0.0
74.22,74.23,0.0
74.23,74.24,169.1535357262897
74.24,74.25,176.1331747192297
74.25,74.26,176.1331747192297
74.26,74.27,175.11872228117704
74.27,74.28,174.11011265922482
74.28,74.29,176.1331747192297
74.29,74.3,178.17974362806785
74.3,74.31,179.21192838239048
74.31,74.32,179.21192838239048
74.32,74.33,178.17974362806785
74.33,74.34,178.17974362806785
74.34,74.35,177.1535038204721
74.35,74.36,176.1331747192297
74.36,74.37,175.11872228117704
74.37,74.38,165.29006363084235
74.38,74.39,171.11900513652043
74.39,74.4,175.11872228117704
74.4,74.41,175.11872228117704
74.41,74.42,176.1331747192297
74.42,74.43,176.1331747192297
74.43,74.44,176.1331747192297
74.44,74.45,175.11872228117704
74.45,74.46,175.11872228117704
74.46,74.47,175.11872228117704
74.47,74.48,176.1331747192297
74.48,74.49,175.11872228117704
74.49,74.5,174.11011265922482
74.5,74.51,174.11011265922482
74.51,74.52,173.1073122012286
74.52,74.53,173.1073122012286
74.53,74.54,172.11028744886602
74.54,74.55,172.11028744886602
74.55,74.56,171.11900513652043
74.56,74.57,170.13343219017113
74.57,74.58,170.13343219017113
74.58,74.59,173.1073122012286
74.59,74.6,173.1073122012286
74.6,74.61,172.11028744886602
74.61,74.62,172.11028744886602
74.62,74.63,171.11900513652043
74.63,74.64,170.13343219017113
74.64,74.65,169.1535357262897
74.65,74.66,167.2106416577019
74.66,74.67,165.29006363084235
74.67,74.68,171.11900513652043
74.68,74.69,171.11900513652043
74.69,74.7,173.1073122012286
74.7,74.71,173.1073122012286
74.71,74.72,183.40080864093423
74.72,74.73,192.07458901020084
74.73,74.74,188.7748625363387
74.74,74.75,187.68759933422865
74.75,74.76,187.68759933422865
74.76,74.77,186.60659830736148
74.77,74.78,186.60659830736148
74.78,74.79,186.60659830736148
74.79,74.8,185.5318233882619
74.8,74.81,184.46323871718783
74.81,74.82,182.34449771164336
74.82,74.83,0.0
74.83,74.84,184.46323871718783
74.84,74.85,186.60659830736148
74.85,74.86,185.5318233882619
74.86,74.87,185.5318233882619
74.87,74.88,185.5318233882619
74.88,74.89,176.1331747192297
74.89,74.9,179.21192838239048
74.9,74.91,180.25009252216606
74.91,74.92,180.25009252216606
74.92,74.93,178.17974362806785
74.93,74.94,177.1535038204721
74.94,74.95,175.11872228117704
74.95,74.96,173.1073122012286
74.96,74.97,170.13343219017113
74.97,74.98,169.1535357262897
74.98,74.99,169.1535357262897
74.99,75.0,169.1535357262897
75.0,75.01,169.1535357262897
75.01,75.02,170.13343219017113
75.02,75.03,171.11900513652043
75.03,75.04,171.11900513652043
75.04,75.05,171.11900513652043
75.05,75.06,171.11900513652043
75.06,75.07,171.11900513652043
75.07,75.08,171.11900513652043
75.08,75.09,173.1073122012286
75.09,75.1,174.11011265922482
75.1,75.11,176.1331747192297
75.11,75.12,177.1535038204721
75.12,75.13,177.1535038204721
75.13,75.14,178.17974362806785
75.14,75.15,178.17974362806785
75.15,75.16,177.1535038204721
75.16,75.17,177.1535038204721
75.17,75.18,177.1535038204721
75.18,75.19,177.1535038204721
75.19,75.2,177.1535038204721
75.2,75.21,177.1535038204721
75.21,75.22,176.1331747192297
75.22,75.23,175.11872228117704
75.23,75.24,174.11011265922482
75.24,75.25,173.1073122012286
75.25,75.26,172.11028744886602
75.26,75.27,171.11900513652043
75.27,75.28,170.13343219017113
75.28,75.29,169.1535357262897
75.29,75.3,168.1792830507429
75.3,75.31,168.1792830507429
75.31,75.32,168.1792830507429
75.32,75.33,168.1792830507429
75.33,75.34,168.1792830507429
75.34,75.35,167.2106416577019
75.35,75.36,166.24757922855756
75.36,75.37,165.29006363084235
75.37,75.38,163.39154532410998
75.38,75.39,159.65967727133
75.39,75.4,155.11447618337345
75.4,75.41,155.11447618337345
75.41,75.42,0.0
75.42,75.43,0.0
75.43,75.44,0.0
75.44,75.45,0.0
75.45,75.46,161.5148333600084
75.46,75.47,160.5845763726753
75.47,75.48,161.5148333600084
75.48,75.49,161.5148333600084
75.49,75.5,160.5845763726753
75.5,75.51,160.5845763726753
75.51,75.52,158.74010519681997
75.52,75.53,157.8258294677283
75.53,75.54,159.65967727133
75.54,75.55,158.74010519681997
75.55,75.56,158.74010519681997
75.56,75.57,156.91681957935012
75.57,75.58,154.22108254079407
75.58,75.59,0.0
75.59,75.6,0.0
75.6,75.61,0.0
75.61,75.62,0.0
75.62,75.63,171.11900513652043
75.63,75.64,171.11900513652043
75.64,75.65,173.1073122012286
75.65,75.66,174.11011265922482
75.66,75.67,174.11011265922482
75.67,75.68,174.11011265922482
75.68,75.69,174.11011265922482
75.69,75.7,172.11028744886602
75.7,75.71,168.1792830507429
75.71,75.72,165.29006363084235
75.72,75.73,163.39154532410998
75.73,75.74,162.4504792712471
75.74,75.75,166.24757922855756
75.75,75.76,158.74010519681997
75.76,75.77,156.91681957935012
75.77,75.78,155.11447618337345
75.78,75.79,154.22108254079407
75.79,75.8,153.33283446696007
75.8,75.81,152.4497023255762
75.81,75.82,151.57165665103983
75.82,75.83,151.57165665103983
75.83,75.84,150.69866814745757
75.84,75.85,151.57165665103983
75.85,75.86,152.4497023255762
75.86,75.87,152.4497023255762
75.87,75.88,151.57165665103983
75.88,75.89,149.83070768766817
75.89,75.9,148.96774631227024
75.9,75.91,148.96774631227024
75.91,75.92,147.25670581005258
75.92,75.93,147.25670581005258
75.93,75.94,146.40856959456255
75.94,75.95,145.56531828421873
75.95,75.96,144.7269237440378
75.96,75.97,143.06459324352582
75.97,75.98,142.24060181972814
75.98,75.99,141.4213562373095
75.99,76.0,139.79699341790194
76.0,76.01,139.79699341790194
76.01,76.02,0.0
76.02,76.03,0.0
76.03,76.04,0.0
76.04,76.05,0.0
76.05,76.06,0.0
76.06,76.07,0.0
76.07,76.08,0.0
76.08,76.09,0.0
76.09,76.1,0.0
76.1,76.11,0.0
76.11,76.12,0.0
76.12,76.13,0.0
76.13,76.14,0.0
76.14,76.15,0.0
76.15,76.16,0.0
76.16,76.17,0.0
76.17,76.18,0.0
76.18,76.19,0.0
76.19,76.2,0.0
76.2,76.21,0.0
76.21,76.22,0.0
76.22,76.23,0.0
76.23,76.24,0.0
76.24,76.25,0.0
76.25,76.26,0.0
76.26,76.27,0.0
76.27,76.28,0.0
76.28,76.29,0.0
76.29,76.3,0.0
76.3,76.31,0.0
76.31,76.32,0.0
76.32,76.33,0.0
76.33,76.34,0.0
76.34,76.35,0.0
76.35,76.36,0.0
76.36,76.37,0.0
76.37,76.38,0.0
76.38,76.39,0.0
76.39,76.4,0.0
76.4,76.41,0.0
76.41,76.42,0.0
76.42,76.43,0.0
76.43,76.44,0.0
76.44,76.45,0.0
76.45,76.46,0.0
76.46,76.47,0.0
76.47,76.48,0.0
76.48,76.49,0.0
76.49,76.5,0.0
76.5,76.51,0.0
76.51,76.52,0.0
76.52,76.53,0.0
76.53,76.54,0.0
76.54,76.55,0.0
76.55,76.56,0.0
76.56,76.57,0.0
76.57,76.58,0.0
76.58,76.59,0.0
76.59,76.6,0.0
76.6,76.61,0.0
76.61,76.62,0.0
76.62,76.63,0.0
76.63,76.64,0.0
76.64,76.65,0.0
76.65,76.66,0.0
76.66,76.67,0.0
76.67,76.68,0.0
76.68,76.69,0.0
76.69,76.7,0.0
76.7,76.71,0.0
76.71,76.72,169.1535357262897
76.72,76.73,175.11872228117704
76.73,76.74,177.1535038204721
76.74,76.75,178.17974362806785
76.75,76.76,181.29427068562208
76.76,76.77,184.46323871718783
76.77,76.78,185.5318233882619
76.78,76.79,185.5318233882619
76.79,76.8,184.46323871718783
76.8,76.81,182.34449771164336
76.81,76.82,180.25009252216606
76.82,76.83,178.17974362806785
76.83,76.84,176.1331747192297
76.84,76.85,175.11872228117704
76.85,76.86,175.11872228117704
76.86,76.87,174.11011265922482
76.87,76.88,171.11900513652043
76.88,76.89,167.2106416577019
76.89,76.9,165.29006363084235
76.9,76.91,164.33806291715806
76.91,76.92,162.4504792712471
76.92,76.93,160.5845763726753
76.93,76.94,159.65967727133
76.94,76.95,158.74010519681997
76.95,76.96,156.91681957935012
76.96,76.97,153.33283446696007
76.97,76.98,159.65967727133
76.98,76.99,0.0
76.99,77.0,171.11900513652043
77.0,77.01,166.24757922855756
77.01,77.02,165.29006363084235
77.02,77.03,164.33806291715806
77.03,77.04,164.33806291715806
77.04,77.05,163.39154532410998
77.05,77.06,163.39154532410998
77.06,77.07,162.4504792712471
77.07,77.08,161.5148333600084
77.08,77.09,159.65967727133
77.09,77.1,160.5845763726753
77.1,77.11,161.5148333600084
77.11,77.12,0.0
77.12,77.13,0.0
77.13,77.14,0.0
77.14,77.15,236.47155720542963
77.15,77.16,244.81070866093103
77.16,77.17,262.38162088748976
77.17,77.18,273.20805135087915
77.18,77.19,279.5939868358039
77.19,77.2,282.842712474619
77.2,77.21,289.4538474880756
77.21,77.22,297.93549262454053
77.22,77.23,306.66566893392013
77.23,77.24,313.83363915870024
77.24,77.25,321.1691527453505
77.25,77.26,326.78309064822
77.26,77.27,332.4951584571151
77.27,77.28,344.22057489773204
77.28,77.29,346.21462440245716
77.29,77.3,348.2202253184496
77.3,77.31,346.21462440245716
77.31,77.32,340.26686438034227
77.32,77.33,338.3070714525794
77.33,77.34,332.4951584571151
77.34,77.35,323.02966672001685
77.35,77.36,308.44216508158814
77.36,77.37,299.66141537533633
77.37,77.38,292.81713918912504
77.38,77.39,284.4812036394563
77.39,77.4,276.38257599355524
77.4,77.41,268.51450055605267
77.41,77.42,251.98420997897463
77.42,77.43,244.81070866093103
77.43,77.44,237.8414230005442
77.44,77.45,233.75544971224912
77.45,77.46,229.73967099940702
77.46,77.47,223.1994285260446
77.47,77.48,218.10154653305153
77.48,77.49,213.12010032569688
77.49,77.5,210.67220719096719
77.5,77.51,205.86044732869837
77.51,77.52,202.3238880603845
77.52,77.53,202.3238880603845
77.53,77.54,201.15858821357068
77.54,77.55,201.15858821357068
77.55,77.56,200.0
77.56,77.57,200.0
77.57,77.58,197.70280407057922
77.58,77.59,196.56411970905023
77.59,77.6,193.1872657849691
77.6,77.61,185.5318233882619
77.61,77.62,176.1331747192297
77.62,77.63,0.0
77.63,77.64,0.0
77.64,77.65,0.0
77.65,77.66,0.0
77.66,77.67,0.0
77.67,77.68,0.0
77.68,77.69,0.0
77.69,77.7,0.0
77.7,77.71,0.0
77.71,77.72,0.0
77.72,77.73,0.0
77.73,77.74,220.63576443274928
77.74,77.75,218.10154653305153
77.75,77.76,214.35469250725862
77.76,77.77,211.89261887185907
77.77,77.78,211.89261887185907
77.78,77.79,211.89261887185907
77.79,77.8,213.12010032569688
77.8,77.81,213.12010032569688
77.81,77.82,214.35469250725862
77.82,77.83,214.35469250725862
77.83,77.84,214.35469250725862
77.84,77.85,219.36499593892518
77.85,77.86,218.10154653305153
77.86,77.87,215.59643660857103
77.87,77.88,214.35469250725862
77.88,77.89,213.12010032569688
77.89,77.9,213.12010032569688
77.9,77.91,219.36499593892518
77.91,77.92,215.59643660857103
77.92,77.93,211.89261887185907
77.93,77.94,209.4588245641254
77.94,77.95,208.25243050696125
77.95,77.96,207.05298476827548
77.96,77.97,207.05298476827548
77.97,77.98,207.05298476827548
77.98,77.99,205.86044732869837
77.99,78.0,205.86044732869837
78.0,78.01,205.86044732869837
78.01,78.02,204.67477839935495
78.02,78.03,204.67477839935495
78.03,78.04,204.67477839935495
78.04,78.05,204.67477839935495
78.05,78.06,203.49593842053727
78.06,78.07,203.49593842053727
78.07,78.08,202.3238880603845
78.08,78.09,201.15858821357068
78.09,78.1,200.0
78.1,78.11,198.8480847635095
78.11,78.12,198.8480847635095
78.12,78.13,197.70280407057922
78.13,78.14,196.56411970905023
78.14,78.15,196.56411970905023
78.15,78.16,196.56411970905023
78.16,78.17,195.43199368684918
78.17,78.18,194.30638823072118
78.18,78.19,194.30638823072118
78.19,78.2,193.1872657849691
78.2,78.21,193.1872657849691
78.21,78.22,193.1872657849691
78.22,78.23,192.07458901020084
78.23,78.24,192.07458901020084
78.24,78.25,192.07458901020084
78.25,78.26,192.07458901020084
78.26,78.27,192.07458901020084
78.27,78.28,192.07458901020084
78.28,78.29,190.9683207820833
78.29,78.3,190.9683207820833
78.3,78.31,189.86842419010387
78.31,78.32,188.7748625363387
78.32,78.33,188.7748625363387
78.33,78.34,187.68759933422865
78.34,78.35,187.68759933422865
78.35,78.36,186.60659830736148
78.36,78.37,186.60659830736148
78.37,78.38,185.5318233882619
78.38,78.39,184.46323871718783
78.39,78.4,183.40080864093423
78.4,78.41,182.34449771164336
78.41,78.42,180.25009252216606
78.42,78.43,177.1535038204721
78.43,78.44,174.11011265922482
78.44,78.45,179.21192838239048
78.45,78.46,177.1535038204721
78.46,78.47,180.25009252216606
78.47,78.48,186.60659830736148
78.48,78.49,186.60659830736148
78.49,78.5,184.46323871718783
78.5,78.51,183.40080864093423
78.51,78.52,183.40080864093423
78.52,78.53,182.34449771164336
78.53,78.54,181.29427068562208
78.54,78.55,181.29427068562208
78.55,78.56,179.21192838239048
78.56,78.57,178.17974362806785
78.57,78.58,180.25009252216606
78.58,78.59,179.21192838239048
78.59,78.6,180.25009252216606
78.6,78.61,176.1331747192297
78.61,78.62,173.1073122012286
78.62,78.63,170.13343219017113
78.63,78.64,168.1792830507429
78.64,78.65,167.2106416577019
78.65,78.66,163.39154532410998
78.66,78.67,161.5148333600084
78.67,78.68,149.83070768766817
78.68,78.69,165.29006363084235
78.69,78.7,0.0
78.7,78.71,0.0
78.71,78.72,0.0
78.72,78.73,0.0
78.73,78.74,174.11011265922482
78.74,78.75,169.1535357262897
78.75,78.76,161.5148333600084
78.76,78.77,157.8258294677283
78.77,78.78,155.11447618337345
78.78,78.79,151.57165665103983
78.79,78.8,146.40856959456255
78.8,78.81,142.24060181972814
78.81,78.82,139.79699341790194
78.82,78.83,138.1912879967776
78.83,78.84,137.3953647458089
78.84,78.85,138.99182198423372
78.85,78.86,137.3953647458089
78.86,78.87,131.9507910772894
78.87,78.88,120.99940892192926
78.88,78.89,120.99940892192926
78.89,78.9,0.0
78.9,78.91,0.0
78.91,78.92,0.0
78.92,78.93,0.0
78.93,78.94,0.0
78.94,78.95,0.0
78.95,78.96,0.0
78.96,78.97,0.0
78.97,78.98,0.0
78.98,78.99,0.0
78.99,79.0,0.0
79.0,79.01,0.0
79.01,79.02,0.0
79.02,79.03,0.0
79.03,79.04,0.0
79.04,79.05,0.0
79.05,79.06,0.0
79.06,79.07,0.0
79.07,79.08,0.0
79.08,79.09,0.0
79.09,79.1,0.0
79.1,79.11,0.0
79.11,79.12,0.0
79.12,79.13,0.0
79.13,79.14,0.0
79.14,79.15,0.0
79.15,79.16,0.0
79.16,79.17,0.0
79.17,79.18,0.0
79.18,79.19,0.0
79.19,79.2,0.0
79.2,79.21,0.0
79.21,79.22,0.0
79.22,79.23,0.0
79.23,79.24,0.0
79.24,79.25,0.0
79.25,79.26,0.0
79.26,79.27,0.0
79.27,79.28,0.0
79.28,79.29,0.0
79.29,79.3,0.0
79.3,79.31,0.0
79.31,79.32,0.0
79.32,79.33,0.0
79.33,79.34,0.0
79.34,79.35,0.0
79.35,79.36,0.0
79.36,79.37,0.0
79.37,79.38,0.0
79.38,79.39,0.0
79.39,79.4,0.0
79.4,79.41,0.0
79.41,79.42,0.0
79.42,79.43,0.0
79.43,79.44,0.0
79.44,79.45,0.0
79.45,79.46,0.0
79.46,79.47,0.0
79.47,79.48,0.0
79.48,79.49,0.0
79.49,79.5,0.0
79.5,79.51,0.0
79.51,79.52,0.0
79.52,79.53,0.0
79.53,79.54,0.0
79.54,79.55,0.0
79.55,79.56,0.0
79.56,79.57,0.0
79.57,79.58,0.0
79.58,79.59,0.0
79.59,79.6,0.0
79.6,79.61,0.0
79.61,79.62,0.0
79.62,79.63,0.0
79.63,79.64,0.0
79.64,79.65,0.0
79.65,79.66,0.0
79.66,79.67,0.0
79.67,79.68,0.0
79.68,79.69,0.0
79.69,79.7,0.0
79.7,79.71,0.0
79.71,79.72,0.0
79.72,79.73,0.0
79.73,79.74,0.0
79.74,79.75,0.0
79.75,79.76,0.0
79.76,79.77,0.0
79.77,79.78,0.0
79.78,79.79,0.0
79.79,79.8,0.0
79.8,79.81,0.0
79.81,79.82,0.0
79.82,79.83,0.0
79.83,79.84,0.0
79.84,79.85,0.0
79.85,79.86,0.0
79.86,79.87,0.0
79.87,79.88,0.0
79.88,79.89,0.0
79.89,79.9,0.0
79.9,79.91,0.0
79.91,79.92,0.0
79.92,79.93,0.0
79.93,79.94,0.0
79.94,79.95,0.0
79.95,79.96,0.0
79.96,79.97,0.0
79.97,79.98,0.0
79.98,79.99,0.0
79.99,80.0,0.0
80.0,80.01,0.0
80.01,80.02,0.0
80.02,80.03,0.0
80.03,80.04,0.0
80.04,80.05,0.0
80.05,80.06,0.0
80.06,80.07,0.0
80.07,80.08,0.0
80.08,80.09,0.0
80.09,80.1,0.0
80.1,80.11,0.0
80.11,80.12,0.0
80.12,80.13,0.0
80.13,80.14,0.0
80.14,80.15,0.0
80.15,80.16,0.0
80.16,80.17,0.0
80.17,80.18,0.0
80.18,80.19,0.0
80.19,80.2,0.0
80.2,80.21,0.0
80.21,80.22,0.0
80.22,80.23,0.0
80.23,80.24,0.0
80.24,80.25,0.0
80.25,80.26,0.0
80.26,80.27,0.0
80.27,80.28,0.0
80.28,80.29,0.0
80.29,80.3,0.0
80.3,80.31,0.0
80.31,80.32,0.0
80.32,80.33,0.0
80.33,80.34,0.0
80.34,80.35,0.0
80.35,80.36,177.1535038204721
80.36,80.37,174.11011265922482
80.37,80.38,172.11028744886602
80.38,80.39,171.11900513652043
80.39,80.4,170.13343219017113
80.4,80.41,169.1535357262897
80.41,80.42,169.1535357262897
80.42,80.43,167.2106416577019
80.43,80.44,166.24757922855756
80.44,80.45,168.1792830507429
80.45,80.46,173.1073122012286
80.46,80.47,174.11011265922482
80.47,80.48,173.1073122012286
80.48,80.49,173.1073122012286
80.49,80.5,172.11028744886602
80.5,80.51,171.11900513652043
80.51,80.52,170.13343219017113
80.52,80.53,168.1792830507429
80.53,80.54,159.65967727133
80.54,80.55,0.0
80.55,80.56,0.0
80.56,80.57,0.0
80.57,80.58,0.0
80.58,80.59,203.49593842053727
80.59,80.6,208.25243050696125
80.6,80.61,211.89261887185907
80.61,80.62,211.89261887185907
80.62,80.63,211.89261887185907
80.63,80.64,211.89261887185907
80.64,80.65,211.89261887185907
80.65,80.66,211.89261887185907
80.66,80.67,214.35469250725862
80.67,80.68,215.59643660857103
80.68,80.69,227.10088581417543
80.69,80.7,229.73967099940702
80.7,80.71,228.41646786215435
80.71,80.72,225.79288096122622
80.72,80.73,221.91389441356898
80.73,80.74,214.35469250725862
80.74,80.75,205.86044732869837
80.75,80.76,208.25243050696125
80.76,80.77,208.25243050696125
80.77,80.78,210.67220719096719
80.78,80.79,211.89261887185907
80.79,80.8,211.89261887185907
80.8,80.81,210.67220719096719
80.81,80.82,210.67220719096719
80.82,80.83,209.4588245641254
80.83,80.84,208.25243050696125
80.84,80.85,207.05298476827548
80.85,80.86,204.67477839935495
80.86,80.87,203.49593842053727
80.87,80.88,200.0
80.88,80.89,197.70280407057922
80.89,80.9,194.30638823072118
80.9,80.91,189.86842419010387
80.91,80.92,185.5318233882619
80.92,80.93,176.1331747192297
80.93,80.94,194.30638823072118
80.94,80.95,192.07458901020084
80.95,80.96,190.9683207820833
80.96,80.97,188.7748625363387
80.97,80.98,186.60659830736148
80.98,80.99,187.68759933422865
80.99,81.0,187.68759933422865
81.0,81.01,185.5318233882619
81.01,81.02,184.46323871718783
81.02,81.03,183.40080864093423
81.03,81.04,183.40080864093423
81.04,81.05,182.34449771164336
81.05,81.06,182.34449771164336
81.06,81.07,180.25009252216606
81.07,81.08,180.25009252216606
81.08,81.09,179.21192838239048
81.09,81.1,179.21192838239048
81.1,81.11,182.34449771164336
81.11,81.12,183.40080864093423
81.12,81.13,183.40080864093423
81.13,81.14,182.34449771164336
81.14,81.15,179.21192838239048
81.15,81.16,180.25009252216606
81.16,81.17,179.21192838239048
81.17,81.18,179.21192838239048
81.18,81.19,178.17974362806785
81.19,81.2,177.1535038204721
81.2,81.21,175.11872228117704
81.21,81.22,173.1073122012286
81.22,81.23,172.11028744886602
81.23,81.24,169.1535357262897
81.24,81.25,174.11011265922482
81.25,81.26,0.0
81.26,81.27,0.0
81.27,81.28,0.0
81.28,81.29,0.0
81.29,81.3,0.0
81.3,81.31,0.0
81.31,81.32,169.1535357262897
81.32,81.33,166.24757922855756
81.33,81.34,164.33806291715806
81.34,81.35,165.29006363084235
81.35,81.36,160.5845763726753
81.36,81.37,159.65967727133
81.37,81.38,157.8258294677283
81.38,81.39,156.0130452026747
81.39,81.4,156.0130452026747
81.4,81.41,156.0130452026747
81.41,81.42,161.5148333600084
81.42,81.43,167.2106416577019
81.43,81.44,172.11028744886602
81.44,81.45,173.1073122012286
81.45,81.46,173.1073122012286
81.46,81.47,173.1073122012286
81.47,81.48,173.1073122012286
81.48,81.49,181.29427068562208
81.49,81.5,188.7748625363387
81.5,81.51,190.9683207820833
81.51,81.52,190.9683207820833
81.52,81.53,192.07458901020084
81.53,81.54,193.1872657849691
81.54,81.55,194.30638823072118
81.55,81.56,194.30638823072118
81.56,81.57,195.43199368684918
81.57,81.58,192.07458901020084
81.58,81.59,196.56411970905023
81.59,81.6,196.56411970905023
81.6,81.61,205.86044732869837
81.61,81.62,228.41646786215435
81.62,81.63,235.10958125672175
81.63,81.64,239.21922434748075
81.64,81.65,243.40070273411817
81.65,81.66,246.2288826689832
81.66,81.67,250.53288772482563
81.67,81.68,256.3888163841458
81.68,81.69,259.3679109302019
81.69,81.7,263.9015821545788
81.7,81.71,266.96797083400685
81.71,81.72,270.06998923363795
81.72,81.73,271.6344887654643
81.73,81.74,271.6344887654643
81.74,81.75,273.20805135087915
81.75,81.76,271.6344887654643
81.76,81.77,270.06998923363795
81.77,81.78,268.51450055605267
81.78,81.79,263.9015821545788
81.79,81.8,260.87041395311286
81.8,81.81,257.8740616879158
81.81,81.82,254.91212546385245
81.82,81.83,250.53288772482563
81.83,81.84,247.65527207548806
81.84,81.85,244.81070866093103
81.85,81.86,237.8414230005442
81.86,81.87,214.35469250725862
81.87,81.88,201.15858821357068
81.88,81.89,195.43199368684918
81.89,81.9,190.9683207820833
81.9,81.91,187.68759933422865
81.91,81.92,186.60659830736148
81.92,81.93,184.46323871718783
81.93,81.94,183.40080864093423
81.94,81.95,182.34449771164336
81.95,81.96,181.29427068562208
81.96,81.97,180.25009252216606
81.97,81.98,178.17974362806785
81.98,81.99,176.1331747192297
81.99,82.0,174.11011265922482
82.0,82.01,170.13343219017113
82.01,82.02,0.0
82.02,82.03,180.25009252216606
82.03,82.04,179.21192838239048
82.04,82.05,180.25009252216606
82.05,82.06,179.21192838239048
82.06,82.07,181.29427068562208
82.07,82.08,182.34449771164336
82.08,82.09,184.46323871718783
82.09,82.1,183.40080864093423
82.1,82.11,181.29427068562208
82.11,82.12,181.29427068562208
82.12,82.13,181.29427068562208
82.13,82.14,180.25009252216606
82.14,82.15,178.17974362806785
82.15,82.16,178.17974362806785
82.16,82.17,179.21192838239048
82.17,82.18,178.17974362806785
82.18,82.19,0.0
82.19,82.2,0.0
82.2,82.21,0.0
82.21,82.22,0.0
82.22,82.23,0.0
82.23,82.24,0.0
82.24,82.25,0.0
82.25,82.26,0.0
82.26,82.27,0.0
82.27,82.28,0.0
82.28,82.29,0.0
82.29,82.3,0.0
82.3,82.31,0.0
82.31,82.32,0.0
82.32,82.33,0.0
82.33,82.34,0.0
82.34,82.35,0.0
82.35,82.36,0.0
82.36,82.37,0.0
82.37,82.38,0.0
82.38,82.39,0.0
82.39,82.4,0.0
82.4,82.41,0.0
82.41,82.42,0.0
82.42,82.43,0.0
82.43,82.44,0.0
82.44,82.45,0.0
82.45,82.46,0.0
82.46,82.47,0.0
82.47,82.48,0.0
82.48,82.49,0.0
82.49,82.5,0.0
82.5,82.51,0.0
82.51,82.52,0.0
82.52,82.53,0.0
82.53,82.54,0.0
82.54,82.55,0.0
82.55,82.56,0.0
82.56,82.57,0.0
82.57,82.58,0.0
82.58,82.59,0.0
82.59,82.6,0.0
82.6,82.61,0.0
82.61,82.62,0.0
82.62,82.63,0.0
82.63,82.64,0.0
82.64,82.65,0.0
82.65,82.66,0.0
82.66,82.67,0.0
82.67,82.68,0.0
82.68,82.69,0.0
82.69,82.7,0.0
82.7,82.71,0.0
82.71,82.72,0.0
82.72,82.73,0.0
82.73,82.74,0.0
82.74,82.75,0.0
82.75,82.76,0.0
82.76,82.77,0.0
82.77,82.78,0.0
82.78,82.79,0.0
82.79,82.8,0.0
82.8,82.81,0.0
82.81,82.82,0.0
82.82,82.83,0.0
82.83,82.84,0.0
82.84,82.85,0.0
82.85,82.86,0.0
82.86,82.87,0.0
82.87,82.88,0.0
82.88,82.89,0.0
82.89,82.9,0.0
82.9,82.91,0.0
82.91,82.92,0.0
82.92,82.93,0.0
82.93,82.94,0.0
82.94,82.95,0.0
82.95,82.96,0.0
82.96,82.97,0.0
82.97,82.98,0.0
82.98,82.99,0.0
82.99,83.0,0.0
83.0,83.01,0.0
83.01,83.02,0.0
83.02,83.03,0.0
83.03,83.04,0.0
83.04,83.05,0.0
83.05,83.06,0.0
83.06,83.07,0.0
83.07,83.08,0.0
83.08,83.09,0.0
83.09,83.1,0.0
83.1,83.11,0.0
83.11,83.12,0.0
83.12,83.13,0.0
83.13,83.14,0.0
83.14,83.15,0.0
83.15,83.16,0.0
83.16,83.17,0.0
83.17,83.18,0.0
83.18,83.19,0.0
83.19,83.2,0.0
83.2,83.21,0.0
83.21,83.22,0.0
83.22,83.23,0.0
83.23,83.24,0.0
83.24,83.25,0.0
83.25,83.26,221.91389441356898
83.26,83.27,227.10088581417543
83.27,83.28,227.10088581417543
83.28,83.29,227.10088581417543
83.29,83.3,227.10088581417543
83.3,83.31,227.10088581417543
83.31,83.32,227.10088581417543
83.32,83.33,228.41646786215435
83.33,83.34,231.07053937445463
83.34,83.35,236.47155720542963
83.35,83.36,235.10958125672175
83.36,83.37,231.07053937445463
83.37,83.38,225.79288096122622
83.38,83.39,220.63576443274928
83.39,83.4,214.35469250725862
83.4,83.41,228.41646786215435
83.41,83.42,233.75544971224912
83.42,83.43,232.40911739156792
83.43,83.44,211.89261887185907
83.44,83.45,211.89261887185907
83.45,83.46,210.67220719096719
83.46,83.47,209.4588245641254
83.47,83.48,208.25243050696125
83.48,83.49,205.86044732869837
83.49,83.5,203.49593842053727
83.5,83.51,201.15858821357068
83.51,83.52,201.15858821357068
83.52,83.53,201.15858821357068
83.53,83.54,202.3238880603845
83.54,83.55,201.15858821357068
83.55,83.56,201.15858821357068
83.56,83.57,198.8480847635095
83.57,83.58,198.8480847635095
83.58,83.59,197.70280407057922
83.59,83.6,196.56411970905023
83.6,83.61,196.56411970905023
83.61,83.62,196.56411970905023
83.62,83.63,195.43199368684918
83.63,83.64,194.30638823072118
83.64,83.65,192.07458901020084
83.65,83.66,187.68759933422865
83.66,83.67,185.5318233882619
83.67,83.68,180.25009252216606
83.68,83.69,175.11872228117704
83.69,83.7,170.13343219017113
83.7,83.71,166.24757922855756
83.71,83.72,163.39154532410998
83.72,83.73,162.4504792712471
83.73,83.74,166.24757922855756
83.74,83.75,175.11872228117704
83.75,83.76,176.1331747192297
83.76,83.77,174.11011265922482
83.77,83.78,173.1073122012286
83.78,83.79,172.11028744886602
83.79,83.8,170.13343219017113
83.8,83.81,169.1535357262897
83.81,83.82,168.1792830507429
83.82,83.83,167.2106416577019
83.83,83.84,170.13343219017113
83.84,83.85,173.1073122012286
83.85,83.86,177.1535038204721
83.86,83.87,181.29427068562208
83.87,83.88,185.5318233882619
83.88,83.89,194.30638823072118
83.89,83.9,198.8480847635095
83.9,83.91,200.0
83.91,83.92,203.49593842053727
83.92,83.93,205.86044732869837
83.93,83.94,207.05298476827548
83.94,83.95,208.25243050696125
83.95,83.96,209.4588245641254
83.96,83.97,209.4588245641254
83.97,83.98,210.67220719096719
83.98,83.99,0.0
83.99,84.0,0.0
84.0,84.01,0.0
84.01,84.02,0.0
84.02,84.03,219.36499593892518
84.03,84.04,216.8453740602837
84.04,84.05,214.35469250725862
84.05,84.06,213.12010032569688
84.06,84.07,211.89261887185907
84.07,84.08,210.67220719096719
84.08,84.09,207.05298476827548
84.09,84.1,201.15858821357068
84.1,84.11,198.8480847635095
84.11,84.12,200.0
84.12,84.13,189.86842419010387
84.13,84.14,182.34449771164336
84.14,84.15,176.1331747192297
84.15,84.16,172.11028744886602
84.16,84.17,169.1535357262897
84.17,84.18,167.2106416577019
84.18,84.19,158.74010519681997
84.19,84.2,159.65967727133
84.2,84.21,167.2106416577019
84.21,84.22,177.1535038204721
84.22,84.23,180.25009252216606
84.23,84.24,180.25009252216606
84.24,84.25,179.21192838239048
84.25,84.26,179.21192838239048
84.26,84.27,178.17974362806785
84.27,84.28,175.11872228117704
84.28,84.29,170.13343219017113
84.29,84.3,175.11872228117704
84.3,84.31,174.11011265922482
84.31,84.32,174.11011265922482
84.32,84.33,173.1073122012286
84.33,84.34,173.1073122012286
84.34,84.35,173.1073122012286
84.35,84.36,172.11028744886602
84.36,84.37,166.24757922855756
84.37,84.38,162.4504792712471
84.38,84.39,163.39154532410998
84.39,84.4,163.39154532410998
84.4,84.41,0.0
84.41,84.42,0.0
84.42,84.43,0.0
84.43,84.44,0.0
84.44,84.45,0.0
84.45,84.46,0.0
84.46,84.47,180.25009252216606
84.47,84.48,177.1535038204721
84.48,84.49,174.11011265922482
84.49,84.5,173.1073122012286
84.5,84.51,172.11028744886602
84.51,84.52,169.1535357262897
84.52,84.53,164.33806291715806
84.53,84.54,163.39154532410998
84.54,84.55,172.11028744886602
84.55,84.56,167.2106416577019
84.56,84.57,169.1535357262897
84.57,84.58,169.1535357262897
84.58,84.59,169.1535357262897
84.59,84.6,169.1535357262897
84.6,84.61,169.1535357262897
84.61,84.62,169.1535357262897
84.62,84.63,170.13343219017113
84.63,84.64,171.11900513652043
84.64,84.65,176.1331747192297
84.65,84.66,177.1535038204721
84.66,84.67,179.21192838239048
84.67,84.68,181.29427068562208
84.68,84.69,183.40080864093423
84.69,84.7,185.5318233882619
84.7,84.71,186.60659830736148
84.71,84.72,187.68759933422865
84.72,84.73,188.7748625363387
84.73,84.74,189.86842419010387
84.74,84.75,190.9683207820833
84.75,84.76,193.1872657849691
84.76,84.77,190.9683207820833
84.77,84.78,188.7748625363387
84.78,84.79,194.30638823072118
84.79,84.8,193.1872657849691
84.8,84.81,193.1872657849691
84.81,84.82,192.07458901020084
84.82,84.83,189.86842419010387
84.83,84.84,188.7748625363387
84.84,84.85,187.68759933422865
84.85,84.86,185.5318233882619
84.86,84.87,184.46323871718783
84.87,84.88,182.34449771164336
84.88,84.89,177.1535038204721
84.89,84.9,176.1331747192297
84.9,84.91,180.25009252216606
84.91,84.92,181.29427068562208
84.92,84.93,0.0
84.93,84.94,168.1792830507429
84.94,84.95,173.1073122012286
84.95,84.96,171.11900513652043
84.96,84.97,170.13343219017113
84.97,84.98,170.13343219017113
84.98,84.99,168.1792830507429
84.99,85.0,166.24757922855756
85.0,85.01,167.2106416577019
85.01,85.02,0.0
85.02,85.03,0.0
85.03,85.04,0.0
85.04,85.05,0.0
85.05,85.06,0.0
85.06,85.07,0.0
85.07,85.08,0.0
85.08,85.09,0.0
85.09,85.1,0.0
85.1,85.11,0.0
85.11,85.12,0.0
85.12,85.13,0.0
85.13,85.14,0.0
85.14,85.15,0.0
85.15,85.16,0.0
85.16,85.17,0.0
85.17,85.18,166.24757922855756
85.18,85.19,165.29006363084235
85.19,85.2,165.29006363084235
85.2,85.21,164.33806291715806
85.21,85.22,164.33806291715806
85.22,85.23,162.4504792712471
85.23,85.24,168.1792830507429
85.24,85.25,168.1792830507429
85.25,85.26,166.24757922855756
85.26,85.27,161.5148333600084
85.27,85.28,165.29006363084235
85.28,85.29,164.33806291715806
85.29,85.3,164.33806291715806
85.3,85.31,0.0
85.31,85.32,0.0
85.32,85.33,0.0
85.33,85.34,0.0
85.34,85.35,0.0
85.35,85.36,0.0
85.36,85.37,173.1073122012286
85.37,85.38,174.11011265922482
85.38,85.39,174.11011265922482
85.39,85.4,173.1073122012286
85.4,85.41,173.1073122012286
85.41,85.42,173.1073122012286
85.42,85.43,172.11028744886602
85.43,85.44,172.11028744886602
85.44,85.45,172.11028744886602
85.45,85.46,172.11028744886602
85.46,85.47,171.11900513652043
85.47,85.48,171.11900513652043
85.48,85.49,170.13343219017113
85.49,85.5,169.1535357262897
85.5,85.51,166.24757922855756
85.51,85.52,169.1535357262897
85.52,85.53,175.11872228117704
85.53,85.54,173.1073122012286
85.54,85.55,172.11028744886602
85.55,85.56,172.11028744886602
85.56,85.57,172.11028744886602
85.57,85.58,172.11028744886602
85.58,85.59,171.11900513652043
85.59,85.6,171.11900513652043
85.6,85.61,169.1535357262897
85.61,85.62,168.1792830507429
85.62,85.63,168.1792830507429
85.63,85.64,168.1792830507429
85.64,85.65,167.2106416577019
85.65,85.66,164.33806291715806
85.66,85.67,164.33806291715806
85.67,85.68,165.29006363084235
85.68,85.69,164.33806291715806
85.69,85.7,165.29006363084235
85.7,85.71,160.5845763726753
85.71,85.72,162.4504792712471
85.72,85.73,160.5845763726753
85.73,85.74,158.74010519681997
85.74,85.75,157.8258294677283
85.75,85.76,156.91681957935012
85.76,85.77,156.0130452026747
85.77,85.78,156.0130452026747
85.78,85.79,156.0130452026747
85.79,85.8,155.11447618337345
85.8,85.81,150.69866814745757
85.81,85.82,0.0
85.82,85.83,0.0
85.83,85.84,0.0
85.84,85.85,0.0
85.85,85.86,0.0
85.86,85.87,0.0
85.87,85.88,0.0
85.88,85.89,0.0
85.89,85.9,0.0
85.9,85.91,182.34449771164336
85.91,85.92,180.25009252216606
85.92,85.93,179.21192838239048
85.93,85.94,179.21192838239048
85.94,85.95,179.21192838239048
85.95,85.96,179.21192838239048
85.96,85.97,179.21192838239048
85.97,85.98,180.25009252216606
85.98,85.99,180.25009252216606
85.99,86.0,181.29427068562208
86.0,86.01,181.29427068562208
86.01,86.02,181.29427068562208
86.02,86.03,181.29427068562208
86.03,86.04,180.25009252216606
86.04,86.05,180.25009252216606
86.05,86.06,179.21192838239048
86.06,86.07,177.1535038204721
86.07,86.08,176.1331747192297
86.08,86.09,175.11872228117704
86.09,86.1,174.11011265922482
86.1,86.11,173.1073122012286
86.11,86.12,171.11900513652043
86.12,86.13,170.13343219017113
86.13,86.14,169.1535357262897
86.14,86.15,170.13343219017113
86.15,86.16,172.11028744886602
86.16,86.17,171.11900513652043
86.17,86.18,169.1535357262897
86.18,86.19,170.13343219017113
86.19,86.2,169.1535357262897
86.2,86.21,169.1535357262897
86.21,86.22,169.1535357262897
86.22,86.23,168.1792830507429
86.23,86.24,169.1535357262897
86.24,86.25,169.1535357262897
86.25,86.26,168.1792830507429
86.26,86.27,168.1792830507429
86.27,86.28,168.1792830507429
86.28,86.29,168.1792830507429
86.29,86.3,168.1792830507429
86.3,86.31,167.2106416577019
86.31,86.32,167.2106416577019
86.32,86.33,166.24757922855756
86.33,86.34,165.29006363084235
86.34,86.35,165.29006363084235
86.35,86.36,164.33806291715806
86.36,86.37,164.33806291715806
86.37,86.38,164.33806291715806
86.38,86.39,163.39154532410998
86.39,86.4,163.39154532410998
86.4,86.41,162.4504792712471
86.41,86.42,162.4504792712471
86.42,86.43,162.4504792712471
86.43,86.44,162.4504792712471
86.44,86.45,162.4504792712471
86.45,86.46,162.4504792712471
86.46,86.47,162.4504792712471
86.47,86.48,161.5148333600084
86.48,86.49,161.5148333600084
86.49,86.5,160.5845763726753
86.5,86.51,160.5845763726753
86.51,86.52,159.65967727133
86.52,86.53,159.65967727133
86.53,86.54,158.74010519681997
86.54,86.55,158.74010519681997
86.55,86.56,158.74010519681997
86.56,86.57,158.74010519681997
86.57,86.58,157.8258294677283
86.58,86.59,157.8258294677283
86.59,86.6,157.8258294677283
86.6,86.61,156.0130452026747
86.61,86.62,154.22108254079407
86.62,86.63,158.74010519681997
86.63,86.64,159.65967727133
86.64,86.65,0.0
86.65,86.66,0.0
86.66,86.67,159.65967727133
86.67,86.68,160.5845763726753
86.68,86.69,160.5845763726753
86.69,86.7,160.5845763726753
86.7,86.71,159.65967727133
86.71,86.72,159.65967727133
86.72,86.73,159.65967727133
86.73,86.74,157.8258294677283
86.74,86.75,156.0130452026747
86.75,86.76,158.74010519681997
86.76,86.77,159.65967727133
86.77,86.78,159.65967727133
86.78,86.79,160.5845763726753
86.79,86.8,159.65967727133
86.8,86.81,157.8258294677283
86.81,86.82,156.91681957935012
86.82,86.83,156.91681957935012
86.83,86.84,157.8258294677283
86.84,86.85,159.65967727133
86.85,86.86,161.5148333600084
86.86,86.87,166.24757922855756
86.87,86.88,169.1535357262897
86.88,86.89,171.11900513652043
86.89,86.9,173.1073122012286
86.9,86.91,173.1073122012286
86.91,86.92,175.11872228117704
86.92,86.93,178.17974362806785
86.93,86.94,181.29427068562208
86.94,86.95,183.40080864093423
86.95,86.96,197.70280407057922
86.96,86.97,203.49593842053727
86.97,86.98,210.67220719096719
86.98,86.99,210.67220719096719
86.99,87.0,229.73967099940702
87.0,87.01,229.73967099940702
87.01,87.02,229.73967099940702
87.02,87.03,228.41646786215435
87.03,87.04,231.07053937445463
87.04,87.05,216.8453740602837
87.05,87.06,214.35469250725862
87.06,87.07,0.0
87.07,87.08,0.0
87.08,87.09,0.0
87.09,87.1,0.0
87.1,87.11,0.0
87.11,87.12,0.0
87.12,87.13,0.0
87.13,87.14,0.0
87.14,87.15,0.0
87.15,87.16,0.0
87.16,87.17,0.0
87.17,87.18,0.0
87.18,87.19,0.0
87.19,87.2,0.0
87.2,87.21,0.0
87.21,87.22,0.0
87.22,87.23,0.0
87.23,87.24,0.0
87.24,87.25,0.0
87.25,87.26,0.0
87.26,87.27,0.0
87.27,87.28,0.0
87.28,87.29,0.0
87.29,87.3,0.0
87.3,87.31,0.0
87.31,87.32,0.0
87.32,87.33,0.0
87.33,87.34,0.0
87.34,87.35,0.0
87.35,87.36,154.22108254079407
87.36,87.37,156.0130452026747
87.37,87.38,157.8258294677283
87.38,87.39,157.8258294677283
87.39,87.4,156.0130452026747
87.4,87.41,156.0130452026747
87.41,87.42,156.0130452026747
87.42,87.43,156.0130452026747
87.43,87.44,156.0130452026747
87.44,87.45,156.0130452026747
87.45,87.46,153.33283446696007
87.46,87.47,152.4497023255762
87.47,87.48,150.69866814745757
87.48,87.49,148.96774631227024
87.49,87.5,0.0
87.5,87.51,0.0
87.51,87.52,0.0
87.52,87.53,0.0
87.53,87.54,0.0
87.54,87.55,0.0
87.55,87.56,0.0
87.56,87.57,0.0
87.57,87.58,0.0
87.58,87.59,0.0
87.59,87.6,0.0
87.6,87.61,0.0
87.61,87.62,0.0
87.62,87.63,0.0
87.63,87.64,0.0
87.64,87.65,0.0
87.65,87.66,0.0
87.66,87.67,0.0
87.67,87.68,0.0
87.68,87.69,0.0
87.69,87.7,0.0
87.7,87.71,0.0
87.71,87.72,0.0
87.72,87.73,0.0
87.73,87.74,0.0
87.74,87.75,0.0
87.75,87.76,0.0
87.76,87.77,0.0
87.77,87.78,0.0
87.78,87.79,0.0
87.79,87.8,0.0
87.8,87.81,0.0
87.81,87.82,0.0
87.82,87.83,0.0
87.83,87.84,0.0
87.84,87.85,0.0
87.85,87.86,0.0
87.86,87.87,0.0
87.87,87.88,0.0
87.88,87.89,0.0
87.89,87.9,0.0
87.9,87.91,0.0
87.91,87.92,0.0
87.92,87.93,0.0
87.93,87.94,0.0
87.94,87.95,0.0
87.95,87.96,0.0
87.96,87.97,0.0
87.97,87.98,0.0
87.98,87.99,0.0
87.99,88.0,0.0
88.0,88.01,0.0
88.01,88.02,0.0
88.02,88.03,0.0
88.03,88.04,0.0
88.04,88.05,0.0
88.05,88.06,0.0
88.06,88.07,0.0
88.07,88.08,0.0
88.08,88.09,0.0
88.09,88.1,0.0
88.1,88.11,0.0
88.11,88.12,0.0
88.12,88.13,0.0
88.13,88.14,0.0
88.14,88.15,0.0
88.15,88.16,0.0
88.16,88.17,0.0
88.17,88.18,0.0
88.18,88.19,0.0
88.19,88.2,0.0
88.2,88.21,0.0
88.21,88.22,0.0
88.22,88.23,0.0
88.23,88.24,0.0
88.24,88.25,0.0
88.25,88.26,0.0
88.26,88.27,0.0
88.27,88.28,0.0
88.28,88.29,0.0
88.29,88.3,0.0
88.3,88.31,0.0
88.31,88.32,0.0
88.32,88.33,0.0
88.33,88.34,0.0
88.34,88.35,0.0
88.35,88.36,0.0
88.36,88.37,0.0
88.37,88.38,0.0
88.38,88.39,0.0
88.39,88.4,0.0
88.4,88.41,0.0
88.41,88.42,0.0
88.42,88.43,0.0
88.43,88.44,0.0
88.44,88.45,0.0
88.45,88.46,0.0
88.46,88.47,0.0
88.47,88.48,0.0
88.48,88.49,185.5318233882619
88.49,88.5,185.5318233882619
88.5,88.51,185.5318233882619
88.51,88.52,185.5318233882619
88.52,88.53,185.5318233882619
88.53,88.54,185.5318233882619
88.54,88.55,186.60659830736148
88.55,88.56,186.60659830736148
88.56,88.57,186.60659830736148
88.57,88.58,186.60659830736148
88.58,88.59,186.60659830736148
88.59,88.6,186.60659830736148
88.6,88.61,185.5318233882619
88.61,88.62,185.5318233882619
88.62,88.63,185.5318233882619
88.63,88.64,184.46323871718783
88.64,88.65,184.46323871718783
88.65,88.66,184.46323871718783
88.66,88.67,184.46323871718783
88.67,88.68,183.40080864093423
88.68,88.69,183.40080864093423
88.69,88.7,183.40080864093423
88.7,88.71,183.40080864093423
88.71,88.72,183.40080864093423
88.72,88.73,183.40080864093423
88.73,88.74,183.40080864093423
88.74,88.75,183.40080864093423
88.75,88.76,182.34449771164336
88.76,88.77,182.34449771164336
88.77,88.78,182.34449771164336
88.78,88.79,182.34449771164336
88.79,88.8,182.34449771164336
88.8,88.81,183.40080864093423
88.81,88.82,183.40080864093423
88.82,88.83,183.40080864093423
88.83,88.84,183.40080864093423
88.84,88.85,183.40080864093423
88.85,88.86,183.40080864093423
88.86,88.87,183.40080864093423
88.87,88.88,183.40080864093423
88.88,88.89,182.34449771164336
88.89,88.9,182.34449771164336
88.9,88.91,181.29427068562208
88.91,88.92,181.29427068562208
88.92,88.93,180.25009252216606
88.93,88.94,180.25009252216606
88.94,88.95,180.25009252216606
88.95,88.96,180.25009252216606
88.96,88.97,180.25009252216606
88.97,88.98,180.25009252216606
88.98,88.99,179.21192838239048
88.99,89.0,179.21192838239048
89.0,89.01,178.17974362806785
89.01,89.02,178.17974362806785
89.02,89.03,178.17974362806785
89.03,89.04,177.1535038204721
89.04,89.05,177.1535038204721
89.05,89.06,176.1331747192297
89.06,89.07,176.1331747192297
89.07,89.08,175.11872228117704
89.08,89.09,174.11011265922482
89.09,89.1,174.11011265922482
89.1,89.11,173.1073122012286
89.11,89.12,173.1073122012286
89.12,89.13,173.1073122012286
89.13,89.14,173.1073122012286
89.14,89.15,173.1073122012286
89.15,89.16,172.11028744886602
89.16,89.17,0.0
89.17,89.18,0.0
89.18,89.19,0.0
89.19,89.2,0.0
89.2,89.21,0.0
89.21,89.22,0.0
89.22,89.23,0.0
89.23,89.24,0.0
89.24,89.25,0.0
89.25,89.26,0.0
89.26,89.27,0.0
89.27,89.28,0.0
89.28,89.29,0.0
89.29,89.3,0.0
89.3,89.31,0.0
89.31,89.32,0.0
89.32,89.33,0.0
89.33,89.34,0.0
89.34,89.35,0.0
89.35,89.36,0.0
89.36,89.37,0.0
89.37,89.38,0.0
89.38,89.39,0.0
89.39,89.4,0.0
89.4,89.41,0.0
89.41,89.42,0.0
89.42,89.43,0.0
89.43,89.44,0.0
89.44,89.45,189.86842419010387
89.45,89.46,186.60659830736148
89.46,89.47,184.46323871718783
89.47,89.48,182.34449771164336
89.48,89.49,180.25009252216606
89.49,89.5,179.21192838239048
89.5,89.51,177.1535038204721
89.51,89.52,174.11011265922482
89.52,89.53,175.11872228117704
89.53,89.54,177.1535038204721
89.54,89.55,178.17974362806785
89.55,89.56,179.21192838239048
89.56,89.57,179.21192838239048
89.57,89.58,180.25009252216606
89.58,89.59,180.25009252216606
89.59,89.6,180.25009252216606
89.6,89.61,180.25009252216606
89.61,89.62,0.0
89.62,89.63,0.0
89.63,89.64,0.0
89.64,89.65,0.0
89.65,89.66,0.0
89.66,89.67,0.0
89.67,89.68,0.0
89.68,89.69,0.0
89.69,89.7,0.0
89.7,89.71,0.0
89.71,89.72,0.0
89.72,89.73,0.0
89.73,89.74,0.0
89.74,89.75,0.0
89.75,89.76,0.0
89.76,89.77,0.0
89.77,89.78,0.0
89.78,89.79,273.20805135087915
89.79,89.8,276.38257599355524
89.8,89.81,276.38257599355524
89.81,89.82,276.38257599355524
89.82,89.83,276.38257599355524
89.83,89.84,274.79072949161787
89.84,89.85,274.79072949161787
89.85,89.86,274.79072949161787
89.86,89.87,273.20805135087915
89.87,89.88,271.6344887654643
89.88,89.89,270.06998923363795
89.89,89.9,266.96797083400685
89.9,89.91,262.38162088748976
89.91,89.92,259.3679109302019
89.92,89.93,250.53288772482563
89.93,89.94,243.40070273411817
89.94,89.95,235.10958125672175
89.95,89.96,228.41646786215435
89.96,89.97,223.1994285260446
89.97,89.98,218.10154653305153
89.98,89.99,210.67220719096719
89.99,90.0,204.67477839935495
90.0,90.01,209.4588245641254
90.01,90.02,208.25243050696125
90.02,90.03,208.25243050696125
90.03,90.04,208.25243050696125
90.04,90.05,207.05298476827548
90.05,90.06,205.86044732869837
90.06,90.07,205.86044732869837
90.07,90.08,204.67477839935495
90.08,90.09,203.49593842053727
90.09,90.1,201.15858821357068
90.1,90.11,200.0
90.11,90.12,198.8480847635095
90.12,90.13,196.56411970905023
90.13,90.14,196.56411970905023
90.14,90.15,196.56411970905023
90.15,90.16,194.30638823072118
90.16,90.17,190.9683207820833
90.17,90.18,186.60659830736148
90.18,90.19,181.29427068562208
90.19,90.2,181.29427068562208
90.2,90.21,201.15858821357068
90.21,90.22,0.0
90.22,90.23,0.0
90.23,90.24,204.67477839935495
90.24,90.25,195.43199368684918
90.25,90.26,192.07458901020084
90.26,90.27,189.86842419010387
90.27,90.28,187.68759933422865
90.28,90.29,186.60659830736148
90.29,90.3,185.5318233882619
90.3,90.31,185.5318233882619
90.31,90.32,185.5318233882619
90.32,90.33,184.46323871718783
90.33,90.34,175.11872228117704
90.34,90.35,0.0
90.35,90.36,0.0
90.36,90.37,0.0
90.37,90.38,0.0
90.38,90.39,0.0
90.39,90.4,0.0
90.4,90.41,0.0
90.41,90.42,224.49240966187455
90.42,90.43,223.1994285260446
90.43,90.44,221.91389441356898
90.44,90.45,219.36499593892518
90.45,90.46,216.8453740602837
90.46,90.47,0.0
90.47,90.48,0.0
90.48,90.49,0.0
90.49,90.5,0.0
90.5,90.51,0.0
90.51,90.52,0.0
90.52,90.53,225.79288096122622
90.53,90.54,215.59643660857103
90.54,90.55,214.35469250725862
90.55,90.56,214.35469250725862
90.56,90.57,211.89261887185907
90.57,90.58,209.4588245641254
90.58,90.59,202.3238880603845
90.59,90.6,196.56411970905023
90.6,90.61,192.07458901020084
90.61,90.62,190.9683207820833
90.62,90.63,185.5318233882619
90.63,90.64,183.40080864093423
90.64,90.65,182.34449771164336
90.65,90.66,180.25009252216606
90.66,90.67,178.17974362806785
90.67,90.68,177.1535038204721
90.68,90.69,174.11011265922482
90.69,90.7,173.1073122012286
90.7,90.71,178.17974362806785
90.71,90.72,178.17974362806785
90.72,90.73,177.1535038204721
90.73,90.74,176.1331747192297
90.74,90.75,177.1535038204721
90.75,90.76,179.21192838239048
90.76,90.77,182.34449771164336
90.77,90.78,184.46323871718783
90.78,90.79,186.60659830736148
90.79,90.8,187.68759933422865
90.8,90.81,188.7748625363387
90.81,90.82,185.5318233882619
90.82,90.83,181.29427068562208
90.83,90.84,183.40080864093423
90.84,90.85,201.15858821357068
90.85,90.86,211.89261887185907
90.86,90.87,216.8453740602837
90.87,90.88,219.36499593892518
90.88,90.89,220.63576443274928
90.89,90.9,220.63576443274928
90.9,90.91,220.63576443274928
90.91,90.92,219.36499593892518
90.92,90.93,218.10154653305153
90.93,90.94,215.59643660857103
90.94,90.95,214.35469250725862
90.95,90.96,211.89261887185907
90.96,90.97,209.4588245641254
90.97,90.98,207.05298476827548
90.98,90.99,203.49593842053727
90.99,91.0,194.30638823072118
91.0,91.01,187.68759933422865
91.01,91.02,183.40080864093423
91.02,91.03,181.29427068562208
91.03,91.04,178.17974362806785
91.04,91.05,0.0
91.05,91.06,183.40080864093423
91.06,91.07,183.40080864093423
91.07,91.08,181.29427068562208
91.08,91.09,181.29427068562208
91.09,91.1,179.21192838239048
91.1,91.11,178.17974362806785
91.11,91.12,177.1535038204721
91.12,91.13,176.1331747192297
91.13,91.14,176.1331747192297
91.14,91.15,176.1331747192297
91.15,91.16,177.1535038204721
91.16,91.17,177.1535038204721
91.17,91.18,174.11011265922482
91.18,91.19,182.34449771164336
91.19,91.2,189.86842419010387
91.2,91.21,189.86842419010387
91.21,91.22,190.9683207820833
91.22,91.23,192.07458901020084
91.23,91.24,194.30638823072118
91.24,91.25,198.8480847635095
91.25,91.26,203.49593842053727
91.26,91.27,210.67220719096719
91.27,91.28,0.0
91.28,91.29,243.40070273411817
91.29,91.3,246.2288826689832
91.3,91.31,247.65527207548806
91.31,91.32,249.08992447176465
91.32,91.33,251.98420997897463
91.33,91.34,251.98420997897463
91.34,91.35,251.98420997897463
91.35,91.36,250.53288772482563
91.36,91.37,232.40911739156792
91.37,91.38,218.10154653305153
91.38,91.39,202.3238880603845
91.39,91.4,203.49593842053727
91.4,91.41,203.49593842053727
91.41,91.42,203.49593842053727
91.42,91.43,204.67477839935495
91.43,91.44,204.67477839935495
91.44,91.45,205.86044732869837
91.45,91.46,205.86044732869837
91.46,91.47,208.25243050696125
91.47,91.48,209.4588245641254
91.48,91.49,203.49593842053727
91.49,91.5,208.25243050696125
91.5,91.51,0.0
91.51,91.52,0.0
91.52,91.53,0.0
91.53,91.54,0.0
91.54,91.55,0.0
91.55,91.56,0.0
91.56,91.57,0.0
91.57,91.58,0.0
91.58,91.59,0.0
91.59,91.6,195.43199368684918
91.6,91.61,194.30638823072118
91.61,91.62,194.30638823072118
91.62,91.63,194.30638823072118
91.63,91.64,192.07458901020084
91.64,91.65,188.7748625363387
91.65,91.66,183.40080864093423
91.66,91.67,179.21192838239048
91.67,91.68,177.1535038204721
91.68,91.69,173.1073122012286
91.69,91.7,175.11872228117704
91.7,91.71,173.1073122012286
91.71,91.72,171.11900513652043
91.72,91.73,169.1535357262897
91.73,91.74,169.1535357262897
91.74,91.75,169.1535357262897
91.75,91.76,168.1792830507429
91.76,91.77,168.1792830507429
91.77,91.78,165.29006363084235
91.78,91.79,164.33806291715806
91.79,91.8,167.2106416577019
91.8,91.81,169.1535357262897
91.81,91.82,170.13343219017113
91.82,91.83,169.1535357262897
91.83,91.84,168.1792830507429
91.84,91.85,171.11900513652043
91.85,91.86,168.1792830507429
91.86,91.87,166.24757922855756
91.87,91.88,165.29006363084235
91.88,91.89,164.33806291715806
91.89,91.9,163.39154532410998
91.9,91.91,162.4504792712471
91.91,91.92,160.5845763726753
91.92,91.93,162.4504792712471
91.93,91.94,164.33806291715806
91.94,91.95,162.4504792712471
91.95,91.96,162.4504792712471
91.96,91.97,160.5845763726753
91.97,91.98,158.74010519681997
91.98,91.99,156.91681957935012
91.99,92.0,152.4497023255762
92.0,92.01,0.0
92.01,92.02,0.0
92.02,92.03,0.0
92.03,92.04,171.11900513652043
92.04,92.05,178.17974362806785
92.05,92.06,183.40080864093423
92.06,92.07,185.5318233882619
92.07,92.08,185.5318233882619
92.08,92.09,186.60659830736148
92.09,92.1,187.68759933422865
92.1,92.11,192.07458901020084
92.11,92.12,194.30638823072118
92.12,92.13,194.30638823072118
92.13,92.14,192.07458901020084
92.14,92.15,188.7748625363387
92.15,92.16,190.9683207820833
92.16,92.17,185.5318233882619
92.17,92.18,185.5318233882619
92.18,92.19,0.0
92.19,92.2,185.5318233882619
92.2,92.21,183.40080864093423
92.21,92.22,182.34449771164336
92.22,92.23,181.29427068562208
92.23,92.24,178.17974362806785
92.24,92.25,176.1331747192297
92.25,92.26,173.1073122012286
92.26,92.27,171.11900513652043
92.27,92.28,171.11900513652043
92.28,92.29,172.11028744886602
92.29,92.3,172.11028744886602
92.3,92.31,170.13343219017113
92.31,92.32,168.1792830507429
92.32,92.33,167.2106416577019
92.33,92.34,169.1535357262897
92.34,92.35,169.1535357262897
92.35,92.36,170.13343219017113
92.36,92.37,168.1792830507429
92.37,92.38,165.29006363084235
92.38,92.39,163.39154532410998
92.39,92.4,160.5845763726753
92.4,92.41,158.74010519681997
92.41,92.42,156.91681957935012
92.42,92.43,154.22108254079407
92.43,92.44,152.4497023255762
92.44,92.45,152.4497023255762
92.45,92.46,153.33283446696007
92.46,92.47,160.5845763726753
92.47,92.48,159.65967727133
92.48,92.49,157.8258294677283
92.49,92.5,156.91681957935012
92.5,92.51,154.22108254079407
92.51,92.52,153.33283446696007
92.52,92.53,151.57165665103983
92.53,92.54,150.69866814745757
92.54,92.55,149.83070768766817
92.55,92.56,149.83070768766817
92.56,92.57,149.83070768766817
92.57,92.58,148.96774631227024
92.58,92.59,147.25670581005258
92.59,92.6,146.40856959456255
92.6,92.61,145.56531828421873
92.61,92.62,144.7269237440378
92.62,92.63,143.893358001082
92.63,92.64,143.06459324352582
92.64,92.65,142.24060181972814
92.65,92.66,141.4213562373095
92.66,92.67,142.24060181972814
92.67,92.68,141.4213562373095
92.68,92.69,142.24060181972814
92.69,92.7,141.4213562373095
92.7,92.71,141.4213562373095
92.71,92.72,141.4213562373095
92.72,92.73,140.60682916223496
92.73,92.74,140.60682916223496
92.74,92.75,0.0
92.75,92.76,0.0
92.76,92.77,0.0
92.77,92.78,0.0
92.78,92.79,0.0
92.79,92.8,0.0
92.8,92.81,0.0
92.81,92.82,0.0
92.82,92.83,0.0
92.83,92.84,0.0
92.84,92.85,0.0
92.85,92.86,0.0
92.86,92.87,0.0
92.87,92.88,0.0
92.88,92.89,0.0
92.89,92.9,0.0
92.9,92.91,0.0
92.91,92.92,0.0
92.92,92.93,0.0
92.93,92.94,0.0
92.94,92.95,0.0
92.95,92.96,0.0
92.96,92.97,0.0
92.97,92.98,0.0
92.98,92.99,0.0
92.99,93.0,0.0
93.0,93.01,0.0
93.01,93.02,0.0
93.02,93.03,0.0
93.03,93.04,0.0
93.04,93.05,0.0
93.05,93.06,0.0
93.06,93.07,0.0
93.07,93.08,0.0
93.08,93.09,0.0
93.09,93.1,0.0
93.1,93.11,0.0
93.11,93.12,0.0
93.12,93.13,0.0
93.13,93.14,0.0
93.14,93.15,0.0
93.15,93.16,0.0
93.16,93.17,0.0
93.17,93.18,0.0
93.18,93.19,0.0
93.19,93.2,0.0
93.2,93.21,0.0
93.21,93.22,0.0
93.22,93.23,0.0
93.23,93.24,0.0
93.24,93.25,0.0
93.25,93.26,0.0
93.26,93.27,0.0
93.27,93.28,0.0
93.28,93.29,0.0
93.29,93.3,0.0
93.3,93.31,0.0
93.31,93.32,0.0
93.32,93.33,0.0
93.33,93.34,0.0
93.34,93.35,0.0
93.35,93.36,0.0
93.36,93.37,0.0
93.37,93.38,0.0
93.38,93.39,0.0
93.39,93.4,0.0
93.4,93.41,0.0
93.41,93.42,0.0
93.42,93.43,0.0
93.43,93.44,0.0
93.44,93.45,0.0
93.45,93.46,0.0
93.46,93.47,0.0
93.47,93.48,0.0
93.48,93.49,0.0
93.49,93.5,0.0
93.5,93.51,0.0
93.51,93.52,0.0
93.52,93.53,0.0
93.53,93.54,0.0
93.54,93.55,0.0
93.55,93.56,0.0
93.56,93.57,0.0
93.57,93.58,0.0
93.58,93.59,0.0
93.59,93.6,0.0
93.6,93.61,0.0
93.61,93.62,0.0
93.62,93.63,0.0
93.63,93.64,0.0
93.64,93.65,0.0
93.65,93.66,0.0
93.66,93.67,0.0
93.67,93.68,0.0
93.68,93.69,0.0
93.69,93.7,0.0
93.7,93.71,0.0
93.71,93.72,0.0
93.72,93.73,0.0
93.73,93.74,0.0
93.74,93.75,0.0
93.75,93.76,0.0
93.76,93.77,0.0
93.77,93.78,0.0
93.78,93.79,0.0
93.79,93.8,0.0
93.8,93.81,0.0
93.81,93.82,0.0
93.82,93.83,0.0
93.83,93.84,0.0
93.84,93.85,0.0
93.85,93.86,221.91389441356898
93.86,93.87,223.1994285260446
93.87,93.88,219.36499593892518
93.88,93.89,218.10154653305153
93.89,93.9,216.8453740602837
93.9,93.91,214.35469250725862
93.91,93.92,211.89261887185907
93.92,93.93,208.25243050696125
93.93,93.94,207.05298476827548
93.94,93.95,201.15858821357068
93.95,93.96,196.56411970905023
93.96,93.97,194.30638823072118
93.97,93.98,192.07458901020084
93.98,93.99,189.86842419010387
93.99,94.0,187.68759933422865
94.0,94.01,186.60659830736148
94.01,94.02,185.5318233882619
94.02,94.03,183.40080864093423
94.03,94.04,182.34449771164336
94.04,94.05,185.5318233882619
94.05,94.06,184.46323871718783
94.06,94.07,182.34449771164336
94.07,94.08,181.29427068562208
94.08,94.09,181.29427068562208
94.09,94.1,183.40080864093423
94.1,94.11,188.7748625363387
94.11,94.12,205.86044732869837
94.12,94.13,0.0
94.13,94.14,0.0
94.14,94.15,0.0
94.15,94.16,211.89261887185907
94.16,94.17,210.67220719096719
94.17,94.18,209.4588245641254
94.18,94.19,207.05298476827548
94.19,94.2,204.67477839935495
94.2,94.21,203.49593842053727
94.21,94.22,201.15858821357068
94.22,94.23,200.0
94.23,94.24,197.70280407057922
94.24,94.25,194.30638823072118
94.25,94.26,190.9683207820833
94.26,94.27,185.5318233882619
94.27,94.28,184.46323871718783
94.28,94.29,182.34449771164336
94.29,94.3,181.29427068562208
94.3,94.31,179.21192838239048
94.31,94.32,178.17974362806785
94.32,94.33,176.1331747192297
94.33,94.34,174.11011265922482
94.34,94.35,171.11900513652043
94.35,94.36,168.1792830507429
94.36,94.37,157.8258294677283
94.37,94.38,170.13343219017113
94.38,94.39,175.11872228117704
94.39,94.4,180.25009252216606
94.4,94.41,184.46323871718783
94.41,94.42,183.40080864093423
94.42,94.43,183.40080864093423
94.43,94.44,183.40080864093423
94.44,94.45,184.46323871718783
94.45,94.46,184.46323871718783
94.46,94.47,184.46323871718783
94.47,94.48,184.46323871718783
94.48,94.49,181.29427068562208
94.49,94.5,173.1073122012286
94.5,94.51,168.1792830507429
94.51,94.52,0.0
94.52,94.53,0.0
94.53,94.54,0.0
94.54,94.55,0.0
94.55,94.56,0.0
94.56,94.57,0.0
94.57,94.58,0.0
94.58,94.59,0.0
94.59,94.6,0.0
94.6,94.61,0.0
94.61,94.62,0.0
94.62,94.63,0.0
94.63,94.64,0.0
94.64,94.65,0.0
94.65,94.66,0.0
94.66,94.67,0.0
94.67,94.68,291.13063656843747
94.68,94.69,287.786716002164
94.69,94.7,289.4538474880756
94.7,94.71,287.786716002164
94.71,94.72,286.12918648705164
94.72,94.73,282.842712474619
94.73,94.74,277.98364396846745
94.74,94.75,273.20805135087915
94.75,94.76,270.06998923363795
94.76,94.77,265.4303484677136
94.77,94.78,262.38162088748976
94.78,94.79,257.8740616879158
94.79,94.8,254.91212546385245
94.8,94.81,249.08992447176465
94.81,94.82,244.81070866093103
94.82,94.83,239.21922434748075
94.83,94.84,231.07053937445463
94.84,94.85,223.1994285260446
94.85,94.86,216.8453740602837
94.86,94.87,207.05298476827548
94.87,94.88,197.70280407057922
94.88,94.89,193.1872657849691
94.89,94.9,189.86842419010387
94.9,94.91,187.68759933422865
94.91,94.92,186.60659830736148
94.92,94.93,185.5318233882619
94.93,94.94,184.46323871718783
94.94,94.95,179.21192838239048
94.95,94.96,179.21192838239048
94.96,94.97,179.21192838239048
94.97,94.98,179.21192838239048
94.98,94.99,172.11028744886602
94.99,95.0,170.13343219017113
95.0,95.01,168.1792830507429
95.01,95.02,166.24757922855756
95.02,95.03,164.33806291715806
95.03,95.04,163.39154532410998
95.04,95.05,162.4504792712471
95.05,95.06,161.5148333600084
95.06,95.07,160.5845763726753
95.07,95.08,159.65967727133
95.08,95.09,158.74010519681997
95.09,95.1,157.8258294677283
95.1,95.11,156.91681957935012
95.11,95.12,156.91681957935012
95.12,95.13,156.0130452026747
95.13,95.14,155.11447618337345
95.14,95.15,155.11447618337345
95.15,95.16,156.0130452026747
95.16,95.17,156.0130452026747
95.17,95.18,156.0130452026747
95.18,95.19,154.22108254079407
95.19,95.2,0.0
95.2,95.21,0.0
95.21,95.22,0.0
95.22,95.23,0.0
95.23,95.24,0.0
95.24,95.25,0.0
95.25,95.26,0.0
95.26,95.27,0.0
95.27,95.28,0.0
95.28,95.29,0.0
95.29,95.3,215.59643660857103
95.3,95.31,213.12010032569688
95.31,95.32,213.12010032569688
95.32,95.33,213.12010032569688
95.33,95.34,211.89261887185907
95.34,95.35,211.89261887185907
95.35,95.36,213.12010032569688
95.36,95.37,216.8453740602837
95.37,95.38,220.63576443274928
95.38,95.39,221.91389441356898
95.39,95.4,220.63576443274928
95.4,95.41,216.8453740602837
95.41,95.42,208.25243050696125
95.42,95.43,201.15858821357068
95.43,95.44,196.56411970905023
95.44,95.45,200.0
95.45,95.46,204.67477839935495
95.46,95.47,200.0
95.47,95.48,205.86044732869837
95.48,95.49,205.86044732869837
95.49,95.5,205.86044732869837
95.5,95.51,205.86044732869837
95.51,95.52,205.86044732869837
95.52,95.53,204.67477839935495
95.53,95.54,204.67477839935495
95.54,95.55,203.49593842053727
95.55,95.56,202.3238880603845
95.56,95.57,200.0
95.57,95.58,195.43199368684918
95.58,95.59,194.30638823072118
95.59,95.6,193.1872657849691
95.6,95.61,192.07458901020084
95.61,95.62,189.86842419010387
95.62,95.63,188.7748625363387
95.63,95.64,187.68759933422865
95.64,95.65,187.68759933422865
95.65,95.66,187.68759933422865
95.66,95.67,188.7748625363387
95.67,95.68,190.9683207820833
95.68,95.69,192.07458901020084
95.69,95.7,193.1872657849691
95.7,95.71,193.1872657849691
95.71,95.72,193.1872657849691
95.72,95.73,190.9683207820833
95.73,95.74,187.68759933422865
95.74,95.75,187.68759933422865
95.75,95.76,185.5318233882619
95.76,95.77,181.29427068562208
95.77,95.78,175.11872228117704
95.78,95.79,180.25009252216606
95.79,95.8,189.86842419010387
95.8,95.81,192.07458901020084
95.81,95.82,192.07458901020084
95.82,95.83,193.1872657849691
95.83,95.84,192.07458901020084
95.84,95.85,190.9683207820833
95.85,95.86,189.86842419010387
95.86,95.87,188.7748625363387
95.87,95.88,190.9683207820833
95.88,95.89,192.07458901020084
95.89,95.9,189.86842419010387
95.9,95.91,190.9683207820833
95.91,95.92,189.86842419010387
95.92,95.93,190.9683207820833
95.93,95.94,189.86842419010387
95.94,95.95,0.0
95.95,95.96,0.0
95.96,95.97,186.60659830736148
95.97,95.98,185.5318233882619
95.98,95.99,185.5318233882619
95.99,96.0,184.46323871718783
96.0,96.01,184.46323871718783
96.01,96.02,184.46323871718783
96.02,96.03,183.40080864093423
96.03,96.04,183.40080864093423
96.04,96.05,183.40080864093423
96.05,96.06,183.40080864093423
96.06,96.07,183.40080864093423
96.07,96.08,183.40080864093423
96.08,96.09,183.40080864093423
96.09,96.1,182.34449771164336
96.1,96.11,181.29427068562208
96.11,96.12,181.29427068562208
96.12,96.13,181.29427068562208
96.13,96.14,181.29427068562208
96.14,96.15,181.29427068562208
96.15,96.16,180.25009252216606
96.16,96.17,180.25009252216606
96.17,96.18,179.21192838239048
96.18,96.19,179.21192838239048
96.19,96.2,179.21192838239048
96.2,96.21,178.17974362806785
96.21,96.22,178.17974362806785
96.22,96.23,178.17974362806785
96.23,96.24,178.17974362806785
96.24,96.25,178.17974362806785
96.25,96.26,178.17974362806785
96.26,96.27,178.17974362806785
96.27,96.28,178.17974362806785
96.28,96.29,177.1535038204721
96.29,96.3,177.1535038204721
96.3,96.31,177.1535038204721
96.31,96.32,176.1331747192297
96.32,96.33,176.1331747192297
96.33,96.34,175.11872228117704
96.34,96.35,174.11011265922482
96.35,96.36,173.1073122012286
96.36,96.37,171.11900513652043
96.37,96.38,170.13343219017113
96.38,96.39,169.1535357262897
96.39,96.4,168.1792830507429
96.4,96.41,0.0
96.41,96.42,0.0
96.42,96.43,0.0
96.43,96.44,0.0
96.44,96.45,0.0
96.45,96.46,0.0
96.46,96.47,178.17974362806785
96.47,96.48,177.1535038204721
96.48,96.49,176.1331747192297
96.49,96.5,174.11011265922482
96.5,96.51,171.11900513652043
96.51,96.52,168.1792830507429
96.52,96.53,166.24757922855756
96.53,96.54,0.0
96.54,96.55,0.0
96.55,96.56,0.0
96.56,96.57,166.24757922855756
96.57,96.58,172.11028744886602
96.58,96.59,170.13343219017113
96.59,96.6,166.24757922855756
96.6,96.61,167.2106416577019
96.61,96.62,167.2106416577019
96.62,96.63,163.39154532410998
96.63,96.64,162.4504792712471
96.64,96.65,160.5845763726753
96.65,96.66,159.65967727133
96.66,96.67,157.8258294677283
96.67,96.68,157.8258294677283
96.68,96.69,156.0130452026747
96.69,96.7,155.11447618337345
96.7,96.71,158.74010519681997
96.71,96.72,158.74010519681997
96.72,96.73,0.0
96.73,96.74,0.0
96.74,96.75,0.0
96.75,96.76,190.9683207820833
96.76,96.77,194.30638823072118
96.77,96.78,198.8480847635095
96.78,96.79,201.15858821357068
96.79,96.8,202.3238880603845
96.8,96.81,203.49593842053727
96.81,96.82,205.86044732869837
96.82,96.83,209.4588245641254
96.83,96.84,0.0
96.84,96.85,246.2288826689832
96.85,96.86,251.98420997897463
96.86,96.87,256.3888163841458
96.87,96.88,260.87041395311286
96.88,96.89,265.4303484677136
96.89,96.9,266.96797083400685
96.9,96.91,270.06998923363795
96.91,96.92,273.20805135087915
96.92,96.93,274.79072949161787
96.93,96.94,277.98364396846745
96.94,96.95,277.98364396846745
96.95,96.96,277.98364396846745
96.96,96.97,276.38257599355524
96.97,96.98,274.79072949161787
96.98,96.99,273.20805135087915
96.99,97.0,271.6344887654643
97.0,97.01,271.6344887654643
97.01,97.02,262.38162088748976
97.02,97.03,257.8740616879158
97.03,97.04,257.8740616879158
97.04,97.05,244.81070866093103
97.05,97.06,233.75544971224912
97.06,97.07,232.40911739156792
97.07,97.08,223.1994285260446
97.08,97.09,208.25243050696125
97.09,97.1,197.70280407057922
97.1,97.11,189.86842419010387
97.11,97.12,183.40080864093423
97.12,97.13,184.46323871718783
97.13,97.14,180.25009252216606
97.14,97.15,180.25009252216606
97.15,97.16,180.25009252216606
97.16,97.17,179.21192838239048
97.17,97.18,178.17974362806785
97.18,97.19,171.11900513652043
97.19,97.2,171.11900513652043
97.2,97.21,171.11900513652043
97.21,97.22,173.1073122012286
97.22,97.23,174.11011265922482
97.23,97.24,176.1331747192297
97.24,97.25,175.11872228117704
97.25,97.26,172.11028744886602
97.26,97.27,169.1535357262897
97.27,97.28,167.2106416577019
97.28,97.29,164.33806291715806
97.29,97.3,163.39154532410998
97.3,97.31,161.5148333600084
97.31,97.32,159.65967727133
97.32,97.33,157.8258294677283
97.33,97.34,156.91681957935012
97.34,97.35,156.0130452026747
97.35,97.36,155.11447618337345
97.36,97.37,153.33283446696007
97.37,97.38,152.4497023255762
97.38,97.39,150.69866814745757
97.39,97.4,148.1097552286564
97.4,97.41,148.96774631227024
97.41,97.42,147.25670581005258
97.42,97.43,0.0
97.43,97.44,0.0
97.44,97.45,0.0
97.45,97.46,0.0
97.46,97.47,0.0
97.47,97.48,0.0
97.48,97.49,0.0
97.49,97.5,0.0
97.5,97.51,0.0
97.51,97.52,0.0
97.52,97.53,0.0
97.53,97.54,0.0
97.54,97.55,0.0
97.55,97.56,0.0
97.56,97.57,0.0
97.57,97.58,0.0
97.58,97.59,0.0
97.59,97.6,0.0
97.6,97.61,0.0
97.61,97.62,0.0
97.62,97.63,0.0
97.63,97.64,0.0
97.64,97.65,0.0
97.65,97.66,0.0
97.66,97.67,0.0
97.67,97.68,0.0
97.68,97.69,0.0
97.69,97.7,0.0
97.7,97.71,0.0
97.71,97.72,0.0
97.72,97.73,0.0
97.73,97.74,0.0
97.74,97.75,0.0
97.75,97.76,0.0
97.76,97.77,0.0
97.77,97.78,0.0
97.78,97.79,0.0
97.79,97.8,0.0
97.8,97.81,0.0
97.81,97.82,0.0
97.82,97.83,0.0
97.83,97.84,174.11011265922482
97.84,97.85,179.21192838239048
97.85,97.86,181.29427068562208
97.86,97.87,181.29427068562208
97.87,97.88,182.34449771164336
97.88,97.89,182.34449771164336
97.89,97.9,183.40080864093423
97.9,97.91,184.46323871718783
97.91,97.92,186.60659830736148
97.92,97.93,186.60659830736148
97.93,97.94,185.5318233882619
97.94,97.95,182.34449771164336
97.95,97.96,178.17974362806785
97.96,97.97,178.17974362806785
97.97,97.98,185.5318233882619
97.98,97.99,185.5318233882619
97.99,98.0,184.46323871718783
98.0,98.01,183.40080864093423
98.01,98.02,181.29427068562208
98.02,98.03,180.25009252216606
98.03,98.04,186.60659830736148
98.04,98.05,187.68759933422865
98.05,98.06,184.46323871718783
98.06,98.07,182.34449771164336
98.07,98.08,181.29427068562208
98.08,98.09,180.25009252216606
98.09,98.1,179.21192838239048
98.1,98.11,178.17974362806785
98.11,98.12,177.1535038204721
98.12,98.13,180.25009252216606
98.13,98.14,185.5318233882619
98.14,98.15,184.46323871718783
98.15,98.16,188.7748625363387
98.16,98.17,197.70280407057922
98.17,98.18,209.4588245641254
98.18,98.19,208.25243050696125
98.19,98.2,209.4588245641254
98.2,98.21,209.4588245641254
98.21,98.22,209.4588245641254
98.22,98.23,209.4588245641254
98.23,98.24,209.4588245641254
98.24,98.25,209.4588245641254
98.25,98.26,209.4588245641254
98.26,98.27,208.25243050696125
98.27,98.28,205.86044732869837
98.28,98.29,201.15858821357068
98.29,98.3,192.07458901020084
98.3,98.31,192.07458901020084
98.31,98.32,194.30638823072118
98.32,98.33,192.07458901020084
98.33,98.34,189.86842419010387
98.34,98.35,187.68759933422865
98.35,98.36,184.46323871718783
98.36,98.37,182.34449771164336
98.37,98.38,180.25009252216606
98.38,98.39,177.1535038204721
98.39,98.4,173.1073122012286
98.4,98.41,176.1331747192297
98.41,98.42,178.17974362806785
98.42,98.43,179.21192838239048
98.43,98.44,179.21192838239048
98.44,98.45,179.21192838239048
98.45,98.46,178.17974362806785
98.46,98.47,174.11011265922482
98.47,98.48,170.13343219017113
98.48,98.49,171.11900513652043
98.49,98.5,171.11900513652043
98.5,98.51,170.13343219017113
98.51,98.52,169.1535357262897
98.52,98.53,168.1792830507429
98.53,98.54,167.2106416577019
98.54,98.55,166.24757922855756
98.55,98.56,161.5148333600084
98.56,98.57,151.57165665103983
98.57,98.58,143.893358001082
98.58,98.59,0.0
98.59,98.6,0.0
98.6,98.61,0.0
98.61,98.62,162.4504792712471
98.62,98.63,165.29006363084235
98.63,98.64,162.4504792712471
98.64,98.65,162.4504792712471
98.65,98.66,161.5148333600084
98.66,98.67,160.5845763726753
98.67,98.68,159.65967727133
98.68,98.69,157.8258294677283
98.69,98.7,156.0130452026747
98.7,98.71,154.22108254079407
98.71,98.72,152.4497023255762
98.72,98.73,151.57165665103983
98.73,98.74,149.83070768766817
98.74,98.75,148.96774631227024
98.75,98.76,148.1097552286564
98.76,98.77,148.1097552286564
98.77,98.78,148.1097552286564
98.78,98.79,148.1097552286564
98.79,98.8,148.96774631227024
98.8,98.81,148.96774631227024
98.81,98.82,148.1097552286564
98.82,98.83,148.1097552286564
98.83,98.84,149.83070768766817
98.84,98.85,150.69866814745757
98.85,98.86,151.57165665103983
98.86,98.87,154.22108254079407
98.87,98.88,153.33283446696007
98.88,98.89,148.1097552286564
98.89,98.9,147.25670581005258
98.9,98.91,152.4497023255762
98.91,98.92,153.33283446696007
98.92,98.93,153.33283446696007
98.93,98.94,153.33283446696007
98.94,98.95,153.33283446696007
98.95,98.96,152.4497023255762
98.96,98.97,152.4497023255762
98.97,98.98,151.57165665103983
98.98,98.99,151.57165665103983
98.99,99.0,150.69866814745757
99.0,99.01,150.69866814745757
99.01,99.02,149.83070768766817
99.02,99.03,149.83070768766817
99.03,99.04,148.96774631227024
99.04,99.05,147.25670581005258
99.05,99.06,147.25670581005258
99.06,99.07,144.7269237440378
99.07,99.08,143.893358001082
99.08,99.09,146.40856959456255
99.09,99.1,147.25670581005258
99.1,99.11,148.1097552286564
99.11,99.12,148.96774631227024
99.12,99.13,149.83070768766817
99.13,99.14,0.0
99.14,99.15,0.0
99.15,99.16,0.0
99.16,99.17,0.0
99.17,99.18,0.0
99.18,99.19,0.0
99.19,99.2,0.0
99.2,99.21,0.0
99.21,99.22,0.0
99.22,99.23,0.0
99.23,99.24,0.0
99.24,99.25,0.0
99.25,99.26,0.0
99.26,99.27,0.0
99.27,99.28,0.0
99.28,99.29,0.0
99.29,99.3,0.0
99.3,99.31,0.0
99.31,99.32,0.0
99.32,99.33,0.0
99.33,99.34,0.0
99.34,99.35,0.0
99.35,99.36,0.0
99.36,99.37,0.0
99.37,99.38,0.0
99.38,99.39,0.0
99.39,99.4,0.0
99.4,99.41,0.0
99.41,99.42,0.0
99.42,99.43,0.0
99.43,99.44,0.0
99.44,99.45,0.0
99.45,99.46,0.0
99.46,99.47,0.0
99.47,99.48,0.0
99.48,99.49,0.0
99.49,99.5,0.0
99.5,99.51,0.0
99.51,99.52,0.0
99.52,99.53,0.0
99.53,99.54,0.0
99.54,99.55,0.0
99.55,99.56,0.0
99.56,99.57,0.0
99.57,99.58,0.0
99.58,99.59,0.0
99.59,99.6,0.0
99.6,99.61,247.65527207548806
99.61,99.62,243.40070273411817
99.62,99.63,232.40911739156792
99.63,99.64,209.4588245641254
99.64,99.65,204.67477839935495
99.65,99.66,201.15858821357068
99.66,99.67,200.0
99.67,99.68,198.8480847635095
99.68,99.69,197.70280407057922
99.69,99.7,196.56411970905023
99.7,99.71,194.30638823072118
99.71,99.72,189.86842419010387
99.72,99.73,183.40080864093423
99.73,99.74,180.25009252216606
99.74,99.75,0.0
99.75,99.76,0.0
99.76,99.77,0.0
99.77,99.78,205.86044732869837
99.78,99.79,202.3238880603845
99.79,99.8,201.15858821357068
99.8,99.81,198.8480847635095
99.81,99.82,197.70280407057922
99.82,99.83,196.56411970905023
99.83,99.84,195.43199368684918
99.84,99.85,192.07458901020084
99.85,99.86,190.9683207820833
99.86,99.87,196.56411970905023
99.87,99.88,198.8480847635095
99.88,99.89,201.15858821357068
99.89,99.9,204.67477839935495
99.9,99.91,211.89261887185907
99.91,99.92,211.89261887185907
99.92,99.93,210.67220719096719
99.93,99.94,210.67220719096719
99.94,99.95,210.67220719096719
99.95,99.96,210.67220719096719
99.96,99.97,211.89261887185907
99.97,99.98,211.89261887185907
99.98,99.99,211.89261887185907
99.99,100.0,210.67220719096719
100.0,100.01,205.86044732869837
100.01,100.02,193.1872657849691
100.02,100.03,214.35469250725862
100.03,100.04,0.0
100.04,100.05,214.35469250725862
100.05,100.06,208.25243050696125
100.06,100.07,196.56411970905023
100.07,100.08,194.30638823072118
100.08,100.09,192.07458901020084
100.09,100.1,192.07458901020084
100.1,100.11,189.86842419010387
100.11,100.12,188.7748625363387
100.12,100.13,185.5318233882619
100.13,100.14,183.40080864093423
100.14,100.15,192.07458901020084
100.15,100.16,192.07458901020084
100.16,100.17,192.07458901020084
100.17,100.18,193.1872657849691
100.18,100.19,193.1872657849691
100.19,100.2,0.0
100.2,100.21,0.0
100.21,100.22,182.34449771164336
100.22,100.23,181.29427068562208
100.23,100.24,180.25009252216606
100.24,100.25,179.21192838239048
100.25,100.26,179.21192838239048
100.26,100.27,178.17974362806785
100.27,100.28,177.1535038204721
100.28,100.29,179.21192838239048
100.29,100.3,177.1535038204721
100.3,100.31,177.1535038204721
100.31,100.32,176.1331747192297
100.32,100.33,176.1331747192297
100.33,100.34,176.1331747192297
100.34,100.35,174.11011265922482
100.35,100.36,172.11028744886602
100.36,100.37,168.1792830507429
100.37,100.38,169.1535357262897
100.38,100.39,168.1792830507429
100.39,100.4,167.2106416577019
100.4,100.41,163.39154532410998
100.41,100.42,162.4504792712471
100.42,100.43,175.11872228117704
100.43,100.44,0.0
100.44,100.45,0.0
100.45,100.46,0.0
100.46,100.47,0.0
100.47,100.48,0.0
100.48,100.49,165.29006363084235
100.49,100.5,163.39154532410998
100.5,100.51,163.39154532410998
100.51,100.52,162.4504792712471
100.52,100.53,161.5148333600084
100.53,100.54,160.5845763726753
100.54,100.55,159.65967727133
100.55,100.56,157.8258294677283
100.56,100.57,157.8258294677283
100.57,100.58,157.8258294677283
100.58,100.59,156.0130452026747
100.59,100.6,156.0130452026747
100.6,100.61,154.22108254079407
100.61,100.62,153.33283446696007
100.62,100.63,154.22108254079407
100.63,100.64,152.4497023255762
100.64,100.65,149.83070768766817
100.65,100.66,150.69866814745757
100.66,100.67,151.57165665103983
100.67,100.68,153.33283446696007
100.68,100.69,151.57165665103983
100.69,100.7,150.69866814745757
100.7,100.71,149.83070768766817
100.71,100.72,146.40856959456255
100.72,100.73,145.56531828421873
100.73,100.74,144.7269237440378
100.74,100.75,143.06459324352582
100.75,100.76,142.24060181972814
100.76,100.77,142.24060181972814
100.77,100.78,143.06459324352582
100.78,100.79,143.06459324352582
100.79,100.8,138.99182198423372
100.8,100.81,138.99182198423372
100.81,100.82,138.1912879967776
100.82,100.83,141.4213562373095
100.83,100.84,144.7269237440378
100.84,100.85,144.7269237440378
100.85,100.86,143.893358001082
100.86,100.87,143.06459324352582
100.87,100.88,142.24060181972814
100.88,100.89,141.4213562373095
100.89,100.9,140.60682916223496
100.9,100.91,139.79699341790194
100.91,100.92,138.99182198423372
100.92,100.93,140.60682916223496
100.93,100.94,141.4213562373095
100.94,100.95,140.60682916223496
100.95,100.96,0.0
100.96,100.97,0.0
100.97,100.98,0.0
100.98,100.99,0.0
100.99,101.0,0.0
101.0,101.01,0.0
101.01,101.02,0.0
101.02,101.03,0.0
101.03,101.04,0.0
101.04,101.05,0.0
101.05,101.06,0.0
101.06,101.07,0.0
101.07,101.08,0.0
101.08,101.09,0.0
101.09,101.1,0.0
101.1,101.11,0.0
101.11,101.12,0.0
101.12,101.13,0.0
101.13,101.14,0.0
101.14,101.15,0.0
101.15,101.16,0.0
101.16,101.17,0.0
101.17,101.18,0.0
101.18,101.19,0.0
101.19,101.2,0.0
101.2,101.21,0.0
101.21,101.22,0.0
101.22,101.23,0.0
101.23,101.24,0.0
101.24,101.25,0.0
101.25,101.26,0.0
101.26,101.27,0.0
101.27,101.28,0.0
101.28,101.29,0.0
101.29,101.3,0.0
101.3,101.31,0.0
101.31,101.32,0.0
101.32,101.33,0.0
101.33,101.34,0.0
101.34,101.35,0.0
101.35,101.36,0.0
101.36,101.37,0.0
101.37,101.38,0.0
101.38,101.39,0.0
101.39,101.4,0.0
101.4,101.41,0.0
101.41,101.42,0.0
101.42,101.43,0.0
101.43,101.44,0.0
101.44,101.45,0.0
101.45,101.46,0.0
101.46,101.47,0.0
101.47,101.48,0.0
101.48,101.49,0.0
101.49,101.5,0.0
101.5,101.51,0.0
101.51,101.52,0.0
101.52,101.53,247.65527207548806
101.53,101.54,244.81070866093103
101.54,101.55,244.81070866093103
101.55,101.56,244.81070866093103
101.56,101.57,243.40070273411817
101.57,101.58,243.40070273411817
101.58,101.59,240.60500721642333
101.59,101.6,227.10088581417543
101.6,101.61,221.91389441356898
101.61,101.62,218.10154653305153
101.62,101.63,214.35469250725862
101.63,101.64,209.4588245641254
101.64,101.65,207.05298476827548
101.65,101.66,203.49593842053727
101.66,101.67,201.15858821357068
101.67,101.68,200.0
101.68,101.69,198.8480847635095
101.69,101.7,197.70280407057922
101.7,101.71,196.56411970905023
101.71,101.72,195.43199368684918
101.72,101.73,194.30638823072118
101.73,101.74,193.1872657849691
101.74,101.75,189.86842419010387
101.75,101.76,192.07458901020084
101.76,101.77,203.49593842053727
101.77,101.78,208.25243050696125
101.78,101.79,208.25243050696125
101.79,101.8,207.05298476827548
101.8,101.81,208.25243050696125
101.81,101.82,207.05298476827548
101.82,101.83,196.56411970905023
101.83,101.84,0.0
101.84,101.85,229.73967099940702
101.85,101.86,231.07053937445463
101.86,101.87,232.40911739156792
101.87,101.88,232.40911739156792
101.88,101.89,232.40911739156792
101.89,101.9,232.40911739156792
101.9,101.91,232.40911739156792
101.91,101.92,232.40911739156792
101.92,101.93,231.07053937445463
101.93,101.94,0.0
101.94,101.95,0.0
101.95,101.96,0.0
101.96,101.97,0.0
101.97,101.98,0.0
101.98,101.99,0.0
101.99,102.0,0.0
102.0,102.01,0.0
102.01,102.02,0.0
102.02,102.03,0.0
102.03,102.04,0.0
102.04,102.05,0.0
102.05,102.06,0.0
102.06,102.07,0.0
102.07,102.08,254.91212546385245
102.08,102.09,253.44393965741244
102.09,102.1,250.53288772482563
102.1,102.11,249.08992447176465
102.11,102.12,247.65527207548806
102.12,102.13,246.2288826689832
102.13,102.14,243.40070273411817
102.14,102.15,241.99881784385852
102.15,102.16,239.21922434748075
102.16,102.17,237.8414230005442
102.17,102.18,236.47155720542963
102.18,102.19,229.73967099940702
102.19,102.2,224.49240966187455
102.2,102.21,220.63576443274928
102.21,102.22,218.10154653305153
102.22,102.23,214.35469250725862
102.23,102.24,211.89261887185907
102.24,102.25,210.67220719096719
102.25,102.26,210.67220719096719
102.26,102.27,208.25243050696125
102.27,102.28,202.3238880603845
102.28,102.29,182.34449771164336
102.29,102.3,185.5318233882619
102.3,102.31,186.60659830736148
102.31,102.32,186.60659830736148
102.32,102.33,186.60659830736148
102.33,102.34,186.60659830736148
102.34,102.35,185.5318233882619
102.35,102.36,184.46323871718783
102.36,102.37,180.25009252216606
102.37,102.38,174.11011265922482
102.38,102.39,183.40080864093423
102.39,102.4,183.40080864093423
102.4,102.41,185.5318233882619
102.41,102.42,183.40080864093423
102.42,102.43,183.40080864093423
102.43,102.44,0.0
102.44,102.45,0.0
102.45,102.46,0.0
102.46,102.47,0.0
102.47,102.48,0.0
102.48,102.49,177.1535038204721
102.49,102.5,175.11872228117704
102.5,102.51,176.1331747192297
102.51,102.52,179.21192838239048
102.52,102.53,187.68759933422865
102.53,102.54,192.07458901020084
102.54,102.55,193.1872657849691
102.55,102.56,195.43199368684918
102.56,102.57,196.56411970905023
102.57,102.58,197.70280407057922
102.58,102.59,198.8480847635095
102.59,102.6,200.0
102.6,102.61,201.15858821357068
102.61,102.62,202.3238880603845
102.62,102.63,202.3238880603845
102.63,102.64,201.15858821357068
102.64,102.65,200.0
102.65,102.66,198.8480847635095
102.66,102.67,195.43199368684918
102.67,102.68,192.07458901020084
102.68,102.69,189.86842419010387
102.69,102.7,186.60659830736148
102.7,102.71,194.30638823072118
102.71,102.72,195.43199368684918
102.72,102.73,194.30638823072118
102.73,102.74,193.1872657849691
102.74,102.75,192.07458901020084
102.75,102.76,190.9683207820833
102.76,102.77,190.9683207820833
102.77,102.78,189.86842419010387
102.78,102.79,189.86842419010387
102.79,102.8,188.7748625363387
102.8,102.81,187.68759933422865
102.81,102.82,186.60659830736148
102.82,102.83,184.46323871718783
102.83,102.84,184.46323871718783
102.84,102.85,183.40080864093423
102.85,102.86,182.34449771164336
102.86,102.87,181.29427068562208
102.87,102.88,180.25009252216606
102.88,102.89,180.25009252216606
102.89,102.9,181.29427068562208
102.9,102.91,182.34449771164336
102.91,102.92,184.46323871718783
102.92,102.93,184.46323871718783
102.93,102.94,185.5318233882619
102.94,102.95,186.60659830736148
102.95,102.96,186.60659830736148
102.96,102.97,187.68759933422865
102.97,102.98,186.60659830736148
102.98,102.99,185.5318233882619
102.99,103.0,185.5318233882619
103.0,103.01,184.46323871718783
103.01,103.02,183.40080864093423
103.02,103.03,183.40080864093423
103.03,103.04,183.40080864093423
103.04,103.05,184.46323871718783
103.05,103.06,184.46323871718783
103.06,103.07,184.46323871718783
103.07,103.08,185.5318233882619
103.08,103.09,186.60659830736148
103.09,103.1,187.68759933422865
103.1,103.11,187.68759933422865
103.11,103.12,188.7748625363387
103.12,103.13,188.7748625363387
103.13,103.14,187.68759933422865
103.14,103.15,187.68759933422865
103.15,103.16,186.60659830736148
103.16,103.17,185.5318233882619
103.17,103.18,185.5318233882619
103.18,103.19,184.46323871718783
103.19,103.2,183.40080864093423
103.2,103.21,182.34449771164336
103.21,103.22,181.29427068562208
103.22,103.23,179.21192838239048
103.23,103.24,179.21192838239048
103.24,103.25,178.17974362806785
103.25,103.26,177.1535038204721
103.26,103.27,177.1535038204721
103.27,103.28,175.11872228117704
103.28,103.29,174.11011265922482
103.29,103.3,173.1073122012286
103.3,103.31,173.1073122012286
103.31,103.32,173.1073122012286
103.32,103.33,174.11011265922482
103.33,103.34,174.11011265922482
103.34,103.35,174.11011265922482
103.35,103.36,174.11011265922482
103.36,103.37,173.1073122012286
103.37,103.38,173.1073122012286
103.38,103.39,172.11028744886602
103.39,103.4,172.11028744886602
103.4,103.41,172.11028744886602
103.41,103.42,172.11028744886602
103.42,103.43,171.11900513652043
103.43,103.44,170.13343219017113
103.44,103.45,169.1535357262897
103.45,103.46,168.1792830507429
103.46,103.47,167.2106416577019
103.47,103.48,165.29006363084235
103.48,103.49,163.39154532410998
103.49,103.5,160.5845763726753
103.5,103.51,160.5845763726753
103.51,103.52,160.5845763726753
103.52,103.53,160.5845763726753
103.53,103.54,159.65967727133
103.54,103.55,157.8258294677283
103.55,103.56,156.91681957935012
103.56,103.57,153.33283446696007
103.57,103.58,151.57165665103983
103.58,103.59,149.83070768766817
103.59,103.6,155.11447618337345
103.6,103.61,0.0
103.61,103.62,0.0
103.62,103.63,0.0
103.63,103.64,0.0
103.64,103.65,0.0
103.65,103.66,0.0
103.66,103.67,0.0
103.67,103.68,0.0
103.68,103.69,0.0
103.69,103.7,0.0
103.7,103.71,0.0
103.71,103.72,0.0
103.72,103.73,0.0
103.73,103.74,198.8480847635095
103.74,103.75,200.0
103.75,103.76,201.15858821357068
103.76,103.77,201.15858821357068
103.77,103.78,202.3238880603845
103.78,103.79,204.67477839935495
103.79,103.8,204.67477839935495
103.8,103.81,204.67477839935495
103.81,103.82,203.49593842053727
103.82,103.83,202.3238880603845
103.83,103.84,201.15858821357068
103.84,103.85,200.0
103.85,103.86,198.8480847635095
103.86,103.87,196.56411970905023
103.87,103.88,196.56411970905023
103.88,103.89,194.30638823072118
103.89,103.9,190.9683207820833
103.9,103.91,186.60659830736148
103.91,103.92,186.60659830736148
103.92,103.93,184.46323871718783
103.93,103.94,192.07458901020084
103.94,103.95,192.07458901020084
103.95,103.96,192.07458901020084
103.96,103.97,190.9683207820833
103.97,103.98,189.86842419010387
103.98,103.99,188.7748625363387
103.99,104.0,186.60659830736148
104.0,104.01,184.46323871718783
104.01,104.02,182.34449771164336
104.02,104.03,182.34449771164336
104.03,104.04,181.29427068562208
104.04,104.05,180.25009252216606
104.05,104.06,177.1535038204721
104.06,104.07,176.1331747192297
104.07,104.08,175.11872228117704
104.08,104.09,175.11872228117704
104.09,104.1,173.1073122012286
104.1,104.11,173.1073122012286
104.11,104.12,173.1073122012286
104.12,104.13,171.11900513652043
104.13,104.14,173.1073122012286
104.14,104.15,172.11028744886602
104.15,104.16,173.1073122012286
104.16,104.17,162.4504792712471
104.17,104.18,0.0
104.18,104.19,0.0
104.19,104.2,0.0
104.2,104.21,0.0
104.21,104.22,0.0
104.22,104.23,0.0
104.23,104.24,0.0
104.24,104.25,0.0
104.25,104.26,0.0
104.26,104.27,0.0
104.27,104.28,0.0
104.28,104.29,0.0
104.29,104.3,0.0
104.3,104.31,0.0
104.31,104.32,0.0
104.32,104.33,0.0
104.33,104.34,0.0
104.34,104.35,0.0
104.35,104.36,0.0
104.36,104.37,0.0
104.37,104.38,0.0
104.38,104.39,0.0
104.39,104.4,0.0
104.4,104.41,0.0
104.41,104.42,0.0
104.42,104.43,0.0
104.43,104.44,0.0
104.44,104.45,0.0
104.45,104.46,0.0
104.46,104.47,0.0
104.47,104.48,0.0
104.48,104.49,0.0
104.49,104.5,0.0
104.5,104.51,148.96774631227024
104.51,104.52,148.1097552286564
104.52,104.53,148.1097552286564
104.53,104.54,148.96774631227024
104.54,104.55,144.7269237440378
104.55,104.56,143.06459324352582
104.56,104.57,144.7269237440378
104.57,104.58,145.56531828421873
104.58,104.59,144.7269237440378
104.59,104.6,145.56531828421873
104.6,104.61,144.7269237440378
104.61,104.62,141.4213562373095
104.62,104.63,138.1912879967776
104.63,104.64,137.3953647458089
104.64,104.65,0.0
104.65,104.66,143.06459324352582
104.66,104.67,143.06459324352582
104.67,104.68,143.06459324352582
104.68,104.69,143.06459324352582
104.69,104.7,143.06459324352582
104.7,104.71,142.24060181972814
104.71,104.72,141.4213562373095
104.72,104.73,141.4213562373095
104.73,104.74,141.4213562373095
104.74,104.75,140.60682916223496
104.75,104.76,141.4213562373095
104.76,104.77,140.60682916223496
104.77,104.78,141.4213562373095
104.78,104.79,142.24060181972814
104.79,104.8,0.0
104.8,104.81,0.0
104.81,104.82,0.0
104.82,104.83,0.0
104.83,104.84,0.0
104.84,104.85,0.0
104.85,104.86,0.0
104.86,104.87,0.0
104.87,104.88,0.0
104.88,104.89,0.0
104.89,104.9,0.0
104.9,104.91,0.0
104.91,104.92,0.0
104.92,104.93,0.0
104.93,104.94,0.0
104.94,104.95,0.0
104.95,104.96,0.0
104.96,104.97,0.0
104.97,104.98,0.0
104.98,104.99,0.0
104.99,105.0,0.0
105.0,105.01,0.0
105.01,105.02,0.0
105.02,105.03,0.0
105.03,105.04,0.0
105.04,105.05,0.0
105.05,105.06,0.0
105.06,105.07,0.0
105.07,105.08,0.0
105.08,105.09,185.5318233882619
105.09,105.1,183.40080864093423
105.1,105.11,182.34449771164336
105.11,105.12,182.34449771164336
105.12,105.13,181.29427068562208
105.13,105.14,182.34449771164336
105.14,105.15,184.46323871718783
105.15,105.16,184.46323871718783
105.16,105.17,183.40080864093423
105.17,105.18,183.40080864093423
105.18,105.19,183.40080864093423
105.19,105.2,0.0
105.2,105.21,0.0
105.21,105.22,0.0
105.22,105.23,0.0
105.23,105.24,0.0
105.24,105.25,0.0
105.25,105.26,0.0
105.26,105.27,0.0
105.27,105.28,0.0
105.28,105.29,0.0
105.29,105.3,0.0
105.3,105.31,0.0
105.31,105.32,0.0
105.32,105.33,0.0
105.33,105.34,0.0
105.34,105.35,0.0
105.35,105.36,0.0
105.36,105.37,0.0
105.37,105.38,0.0
105.38,105.39,0.0
105.39,105.4,0.0
105.4,105.41,0.0
105.41,105.42,0.0
105.42,105.43,0.0
105.43,105.44,0.0
105.44,105.45,0.0
105.45,105.46,164.33806291715806
105.46,105.47,165.29006363084235
105.47,105.48,164.33806291715806
105.48,105.49,164.33806291715806
105.49,105.5,163.39154532410998
105.5,105.51,162.4504792712471
105.51,105.52,161.5148333600084
105.52,105.53,167.2106416577019
105.53,105.54,165.29006363084235
105.54,105.55,166.24757922855756
105.55,105.56,168.1792830507429
105.56,105.57,169.1535357262897
105.57,105.58,170.13343219017113
105.58,105.59,170.13343219017113
105.59,105.6,171.11900513652043
105.6,105.61,172.11028744886602
105.61,105.62,172.11028744886602
105.62,105.63,172.11028744886602
105.63,105.64,172.11028744886602
105.64,105.65,172.11028744886602
105.65,105.66,170.13343219017113
105.66,105.67,168.1792830507429
105.67,105.68,168.1792830507429
105.68,105.69,167.2106416577019
105.69,105.7,167.2106416577019
105.7,105.71,167.2106416577019
105.71,105.72,166.24757922855756
105.72,105.73,165.29006363084235
105.73,105.74,165.29006363084235
105.74,105.75,166.24757922855756
105.75,105.76,167.2106416577019
105.76,105.77,166.24757922855756
105.77,105.78,165.29006363084235
105.78,105.79,165.29006363084235
105.79,105.8,164.33806291715806
105.8,105.81,164.33806291715806
105.81,105.82,169.1535357262897
105.82,105.83,164.33806291715806
105.83,105.84,175.11872228117704
105.84,105.85,183.40080864093423
105.85,105.86,186.60659830736148
105.86,105.87,188.7748625363387
105.87,105.88,188.7748625363387
105.88,105.89,188.7748625363387
105.89,105.9,187.68759933422865
105.9,105.91,186.60659830736148
105.91,105.92,185.5318233882619
105.92,105.93,185.5318233882619
105.93,105.94,184.46323871718783
105.94,105.95,183.40080864093423
105.95,105.96,181.29427068562208
105.96,105.97,175.11872228117704
105.97,105.98,174.11011265922482
105.98,105.99,169.1535357262897
105.99,106.0,169.1535357262897
106.0,106.01,0.0
106.01,106.02,0.0
106.02,106.03,0.0
106.03,106.04,0.0
106.04,106.05,170.13343219017113
106.05,106.06,169.1535357262897
106.06,106.07,169.1535357262897
106.07,106.08,168.1792830507429
106.08,106.09,168.1792830507429
106.09,106.1,170.13343219017113
106.1,106.11,171.11900513652043
106.11,106.12,171.11900513652043
106.12,106.13,171.11900513652043
106.13,106.14,171.11900513652043
106.14,106.15,172.11028744886602
106.15,106.16,172.11028744886602
106.16,106.17,172.11028744886602
106.17,106.18,173.1073122012286
106.18,106.19,172.11028744886602
106.19,106.2,172.11028744886602
106.2,106.21,171.11900513652043
106.21,106.22,169.1535357262897
106.22,106.23,168.1792830507429
106.23,106.24,166.24757922855756
106.24,106.25,161.5148333600084
106.25,106.26,161.5148333600084
106.26,106.27,160.5845763726753
106.27,106.28,159.65967727133
106.28,106.29,0.0
106.29,106.3,0.0
106.3,106.31,0.0
106.31,106.32,0.0
106.32,106.33,0.0
106.33,106.34,0.0
106.34,106.35,155.11447618337345
106.35,106.36,155.11447618337345
106.36,106.37,154.22108254079407
106.37,106.38,154.22108254079407
106.38,106.39,153.33283446696007
106.39,106.4,148.96774631227024
106.4,106.41,144.7269237440378
106.41,106.42,156.91681957935012
106.42,106.43,159.65967727133
106.43,106.44,0.0
106.44,106.45,0.0
106.45,106.46,0.0
106.46,106.47,0.0
106.47,106.48,0.0
106.48,106.49,0.0
106.49,106.5,0.0
106.5,106.51,0.0
106.51,106.52,0.0
106.52,106.53,0.0
106.53,106.54,163.39154532410998
106.54,106.55,163.39154532410998
106.55,106.56,163.39154532410998
106.56,106.57,163.39154532410998
106.57,106.58,164.33806291715806
106.58,106.59,168.1792830507429
106.59,106.6,168.1792830507429
106.6,106.61,168.1792830507429
106.61,106.62,167.2106416577019
106.62,106.63,166.24757922855756
106.63,106.64,165.29006363084235
106.64,106.65,170.13343219017113
106.65,106.66,168.1792830507429
106.66,106.67,168.1792830507429
106.67,106.68,171.11900513652043
106.68,106.69,170.13343219017113
106.69,106.7,168.1792830507429
106.7,106.71,167.2106416577019
106.71,106.72,165.29006363084235
106.72,106.73,162.4504792712471
106.73,106.74,159.65967727133
106.74,106.75,156.0130452026747
106.75,106.76,162.4504792712471
106.76,106.77,163.39154532410998
106.77,106.78,163.39154532410998
106.78,106.79,162.4504792712471
106.79,106.8,162.4504792712471
106.8,106.81,161.5148333600084
106.81,106.82,160.5845763726753
106.82,106.83,159.65967727133
106.83,106.84,157.8258294677283
106.84,106.85,0.0
106.85,106.86,167.2106416577019
106.86,106.87,166.24757922855756
106.87,106.88,168.1792830507429
106.88,106.89,171.11900513652043
106.89,106.9,173.1073122012286
106.9,106.91,174.11011265922482
106.91,106.92,175.11872228117704
106.92,106.93,175.11872228117704
106.93,106.94,174.11011265922482
106.94,106.95,173.1073122012286
106.95,106.96,171.11900513652043
106.96,106.97,169.1535357262897
106.97,106.98,166.24757922855756
106.98,106.99,173.1073122012286
106.99,107.0,176.1331747192297
107.0,107.01,174.11011265922482
107.01,107.02,172.11028744886602
107.02,107.03,171.11900513652043
107.03,107.04,170.13343219017113
107.04,107.05,168.1792830507429
107.05,107.06,166.24757922855756
107.06,107.07,165.29006363084235
107.07,107.08,164.33806291715806
107.08,107.09,164.33806291715806
107.09,107.1,162.4504792712471
107.1,107.11,159.65967727133
107.11,107.12,157.8258294677283
107.12,107.13,156.0130452026747
107.13,107.14,155.11447618337345
107.14,107.15,153.33283446696007
107.15,107.16,147.25670581005258
107.16,107.17,143.893358001082
107.17,107.18,145.56531828421873
107.18,107.19,142.24060181972814
107.19,107.2,141.4213562373095
107.2,107.21,141.4213562373095
107.21,107.22,139.79699341790194
107.22,107.23,138.1912879967776
107.23,107.24,137.3953647458089
107.24,107.25,136.60402567543954
107.25,107.26,134.25725027802636
107.26,107.27,0.0
107.27,107.28,0.0
107.28,107.29,0.0
107.29,107.3,0.0
107.3,107.31,0.0
107.31,107.32,0.0
107.32,107.33,0.0
107.33,107.34,0.0
107.34,107.35,0.0
107.35,107.36,0.0
107.36,107.37,0.0
107.37,107.38,0.0
107.38,107.39,0.0
107.39,107.4,0.0
107.4,107.41,0.0
107.41,107.42,0.0
107.42,107.43,0.0
107.43,107.44,0.0
107.44,107.45,0.0
107.45,107.46,0.0
107.46,107.47,0.0
107.47,107.48,0.0
107.48,107.49,0.0
107.49,107.5,0.0
107.5,107.51,0.0
107.51,107.52,0.0
107.52,107.53,0.0
107.53,107.54,0.0
107.54,107.55,0.0
107.55,107.56,0.0
107.56,107.57,0.0
107.57,107.58,0.0
107.58,107.59,0.0
107.59,107.6,0.0
107.6,107.61,0.0
107.61,107.62,0.0
107.62,107.63,0.0
107.63,107.64,0.0
107.64,107.65,0.0
107.65,107.66,0.0
107.66,107.67,0.0
107.67,107.68,0.0
107.68,107.69,0.0
107.69,107.7,0.0
107.7,107.71,0.0
107.71,107.72,0.0
107.72,107.73,0.0
107.73,107.74,0.0
107.74,107.75,0.0
107.75,107.76,0.0
107.76,107.77,0.0
107.77,107.78,0.0
107.78,107.79,0.0
107.79,107.8,0.0
107.8,107.81,0.0
107.81,107.82,0.0
107.82,107.83,0.0
107.83,107.84,0.0
107.84,107.85,0.0
107.85,107.86,0.0
107.86,107.87,0.0
107.87,107.88,0.0
107.88,107.89,0.0
107.89,107.9,0.0
107.9,107.91,0.0
107.91,107.92,0.0
107.92,107.93,0.0
107.93,107.94,0.0
107.94,107.95,0.0
107.95,107.96,0.0
107.96,107.97,0.0
107.97,107.98,0.0
107.98,107.99,0.0
107.99,108.0,0.0
108.0,108.01,0.0
108.01,108.02,0.0
108.02,108.03,0.0
108.03,108.04,184.46323871718783
108.04,108.05,186.60659830736148
108.05,108.06,188.7748625363387
108.06,108.07,189.86842419010387
108.07,108.08,190.9683207820833
108.08,108.09,190.9683207820833
108.09,108.1,190.9683207820833
108.1,108.11,192.07458901020084
108.11,108.12,194.30638823072118
108.12,108.13,195.43199368684918
108.13,108.14,195.43199368684918
108.14,108.15,194.30638823072118
108.15,108.16,193.1872657849691
108.16,108.17,189.86842419010387
108.17,108.18,187.68759933422865
108.18,108.19,186.60659830736148
108.19,108.2,185.5318233882619
108.2,108.21,184.46323871718783
108.21,108.22,182.34449771164336
108.22,108.23,180.25009252216606
108.23,108.24,178.17974362806785
108.24,108.25,176.1331747192297
108.25,108.26,175.11872228117704
108.26,108.27,173.1073122012286
108.27,108.28,172.11028744886602
108.28,108.29,172.11028744886602
108.29,108.3,172.11028744886602
108.3,108.31,172.11028744886602
108.31,108.32,172.11028744886602
108.32,108.33,172.11028744886602
108.33,108.34,172.11028744886602
108.34,108.35,171.11900513652043
108.35,108.36,169.1535357262897
108.36,108.37,168.1792830507429
108.37,108.38,160.5845763726753
108.38,108.39,0.0
108.39,108.4,0.0
108.4,108.41,0.0
108.41,108.42,0.0
108.42,108.43,0.0
108.43,108.44,0.0
108.44,108.45,0.0
108.45,108.46,0.0
108.46,108.47,178.17974362806785
108.47,108.48,175.11872228117704
108.48,108.49,174.11011265922482
108.49,108.5,173.1073122012286
108.5,108.51,173.1073122012286
108.51,108.52,172.11028744886602
108.52,108.53,173.1073122012286
108.53,108.54,172.11028744886602
108.54,108.55,172.11028744886602
108.55,108.56,170.13343219017113
108.56,108.57,169.1535357262897
108.57,108.58,167.2106416577019
108.58,108.59,165.29006363084235
108.59,108.6,166.24757922855756
108.6,108.61,167.2106416577019
108.61,108.62,166.24757922855756
108.62,108.63,166.24757922855756
108.63,108.64,165.29006363084235
108.64,108.65,162.4504792712471
108.65,108.66,164.33806291715806
108.66,108.67,172.11028744886602
108.67,108.68,173.1073122012286
108.68,108.69,171.11900513652043
108.69,108.7,170.13343219017113
108.7,108.71,170.13343219017113
108.71,108.72,170.13343219017113
108.72,108.73,170.13343219017113
108.73,108.74,170.13343219017113
108.74,108.75,170.13343219017113
108.75,108.76,170.13343219017113
108.76,108.77,172.11028744886602
108.77,108.78,173.1073122012286
108.78,108.79,173.1073122012286
108.79,108.8,173.1073122012286
108.8,108.81,174.11011265922482
108.81,108.82,174.11011265922482
108.82,108.83,173.1073122012286
108.83,108.84,173.1073122012286
108.84,108.85,173.1073122012286
108.85,108.86,173.1073122012286
108.86,108.87,172.11028744886602
108.87,108.88,173.1073122012286
108.88,108.89,173.1073122012286
108.89,108.9,172.11028744886602
108.9,108.91,172.11028744886602
108.91,108.92,174.11011265922482
108.92,108.93,174.11011265922482
108.93,108.94,173.1073122012286
108.94,108.95,171.11900513652043
108.95,108.96,170.13343219017113
108.96,108.97,169.1535357262897
108.97,108.98,168.1792830507429
108.98,108.99,168.1792830507429
108.99,109.0,168.1792830507429
109.0,109.01,167.2106416577019
109.01,109.02,167.2106416577019
109.02,109.03,167.2106416577019
109.03,109.04,166.24757922855756
109.04,109.05,165.29006363084235
109.05,109.06,165.29006363084235
109.06,109.07,166.24757922855756
109.07,109.08,166.24757922855756
109.08,109.09,166.24757922855756
109.09,109.1,167.2106416577019
109.1,109.11,172.11028744886602
109.11,109.12,172.11028744886602
109.12,109.13,172.11028744886602
109.13,109.14,171.11900513652043
109.14,109.15,171.11900513652043
109.15,109.16,171.11900513652043
109.16,109.17,171.11900513652043
109.17,109.18,169.1535357262897
109.18,109.19,169.1535357262897
109.19,109.2,170.13343219017113
109.2,109.21,0.0
109.21,109.22,196.56411970905023
109.22,109.23,196.56411970905023
109.23,109.24,196.56411970905023
109.24,109.25,195.43199368684918
109.25,109.26,203.49593842053727
109.26,109.27,220.63576443274928
109.27,109.28,221.91389441356898
109.28,109.29,220.63576443274928
109.29,109.3,220.63576443274928
109.3,109.31,220.63576443274928
109.31,109.32,218.10154653305153
109.32,109.33,215.59643660857103
109.33,109.34,210.67220719096719
109.34,109.35,204.67477839935495
109.35,109.36,202.3238880603845
109.36,109.37,195.43199368684918
109.37,109.38,188.7748625363387
109.38,109.39,185.5318233882619
109.39,109.4,183.40080864093423
109.4,109.41,180.25009252216606
109.41,109.42,178.17974362806785
109.42,109.43,176.1331747192297
109.43,109.44,175.11872228117704
109.44,109.45,174.11011265922482
109.45,109.46,174.11011265922482
109.46,109.47,176.1331747192297
109.47,109.48,179.21192838239048
109.48,109.49,181.29427068562208
109.49,109.5,183.40080864093423
109.5,109.51,193.1872657849691
109.51,109.52,201.15858821357068
109.52,109.53,204.67477839935495
109.53,109.54,208.25243050696125
109.54,109.55,210.67220719096719
109.55,109.56,215.59643660857103
109.56,109.57,220.63576443274928
109.57,109.58,225.79288096122622
109.58,109.59,232.40911739156792
109.59,109.6,237.8414230005442
109.6,109.61,244.81070866093103
109.61,109.62,250.53288772482563
109.62,109.63,256.3888163841458
109.63,109.64,259.3679109302019
109.64,109.65,260.87041395311286
109.65,109.66,262.38162088748976
109.66,109.67,262.38162088748976
109.67,109.68,259.3679109302019
109.68,109.69,254.91212546385245
109.69,109.7,244.81070866093103
109.7,109.71,241.99881784385852
109.71,109.72,239.21922434748075
109.72,109.73,236.47155720542963
109.73,109.74,233.75544971224912
109.74,109.75,232.40911739156792
109.75,109.76,236.47155720542963
109.76,109.77,0.0
109.77,109.78,271.6344887654643
109.78,109.79,268.51450055605267
109.79,109.8,271.6344887654643
109.8,109.81,270.06998923363795
109.81,109.82,270.06998923363795
109.82,109.83,271.6344887654643
109.83,109.84,271.6344887654643
109.84,109.85,273.20805135087915
109.85,109.86,273.20805135087915
109.86,109.87,274.79072949161787
109.87,109.88,274.79072949161787
109.88,109.89,274.79072949161787
109.89,109.9,274.79072949161787
109.9,109.91,273.20805135087915
109.91,109.92,270.06998923363795
109.92,109.93,268.51450055605267
109.93,109.94,273.20805135087915
109.94,109.95,274.79072949161787
109.95,109.96,274.79072949161787
109.96,109.97,274.79072949161787
109.97,109.98,273.20805135087915
109.98,109.99,271.6344887654643
109.99,110.0,270.06998923363795
110.0,110.01,270.06998923363795
110.01,110.02,273.20805135087915
110.02,110.03,273.20805135087915
110.03,110.04,273.20805135087915
110.04,110.05,271.6344887654643
110.05,110.06,271.6344887654643
110.06,110.07,271.6344887654643
110.07,110.08,273.20805135087915
110.08,110.09,0.0
110.09,110.1,0.0
110.1,110.11,0.0
110.11,110.12,0.0
110.12,110.13,0.0
110.13,110.14,0.0
110.14,110.15,0.0
110.15,110.16,0.0
110.16,110.17,0.0
110.17,110.18,0.0
110.18,110.19,0.0
110.19,110.2,0.0
110.2,110.21,0.0
110.21,110.22,0.0
110.22,110.23,0.0
110.23,110.24,0.0
110.24,110.25,0.0
110.25,110.26,0.0
110.26,110.27,0.0
110.27,110.28,0.0
110.28,110.29,0.0
110.29,110.3,0.0
110.3,110.31,0.0
110.31,110.32,0.0
110.32,110.33,0.0
110.33,110.34,0.0
110.34,110.35,0.0
110.35,110.36,0.0
110.36,110.37,181.29427068562208
110.37,110.38,185.5318233882619
110.38,110.39,183.40080864093423
110.39,110.4,182.34449771164336
110.4,110.41,181.29427068562208
110.41,110.42,181.29427068562208
110.42,110.43,180.25009252216606
110.43,110.44,180.25009252216606
110.44,110.45,179.21192838239048
110.45,110.46,179.21192838239048
110.46,110.47,178.17974362806785
110.47,110.48,177.1535038204721
110.48,110.49,177.1535038204721
110.49,110.5,176.1331747192297
110.5,110.51,175.11872228117704
110.51,110.52,175.11872228117704
110.52,110.53,174.11011265922482
110.53,110.54,173.1073122012286
110.54,110.55,171.11900513652043
110.55,110.56,169.1535357262897
110.56,110.57,168.1792830507429
110.57,110.58,168.1792830507429
110.58,110.59,169.1535357262897
110.59,110.6,171.11900513652043
110.6,110.61,171.11900513652043
110.61,110.62,171.11900513652043
110.62,110.63,171.11900513652043
110.63,110.64,170.13343219017113
110.64,110.65,169.1535357262897
110.65,110.66,168.1792830507429
110.66,110.67,168.1792830507429
110.67,110.68,169.1535357262897
110.68,110.69,171.11900513652043
110.69,110.7,170.13343219017113
110.7,110.71,169.1535357262897
110.71,110.72,169.1535357262897
110.72,110.73,168.1792830507429
110.73,110.74,168.1792830507429
110.74,110.75,179.21192838239048
110.75,110.76,184.46323871718783
110.76,110.77,184.46323871718783
110.77,110.78,186.60659830736148
110.78,110.79,187.68759933422865
110.79,110.8,187.68759933422865
110.8,110.81,187.68759933422865
110.81,110.82,187.68759933422865
110.82,110.83,183.40080864093423
110.83,110.84,183.40080864093423
110.84,110.85,183.40080864093423
110.85,110.86,188.7748625363387
110.86,110.87,192.07458901020084
110.87,110.88,185.5318233882619
110.88,110.89,195.43199368684918
110.89,110.9,182.34449771164336
110.9,110.91,182.34449771164336
110.91,110.92,181.29427068562208
110.92,110.93,180.25009252216606
110.93,110.94,180.25009252216606
110.94,110.95,179.21192838239048
110.95,110.96,177.1535038204721
110.96,110.97,176.1331747192297
110.97,110.98,177.1535038204721
110.98,110.99,179.21192838239048
110.99,111.0,178.17974362806785
111.0,111.01,177.1535038204721
111.01,111.02,175.11872228117704
111.02,111.03,173.1073122012286
111.03,111.04,170.13343219017113
111.04,111.05,166.24757922855756
111.05,111.06,166.24757922855756
111.06,111.07,167.2106416577019
111.07,111.08,168.1792830507429
111.08,111.09,168.1792830507429
111.09,111.1,166.24757922855756
111.1,111.11,165.29006363084235
111.11,111.12,163.39154532410998
111.12,111.13,162.4504792712471
111.13,111.14,161.5148333600084
111.14,111.15,161.5148333600084
111.15,111.16,162.4504792712471
111.16,111.17,162.4504792712471
111.17,111.18,162.4504792712471
111.18,111.19,161.5148333600084
111.19,111.2,158.74010519681997
111.2,111.21,158.74010519681997
111.21,111.22,158.74010519681997
111.22,111.23,159.65967727133
111.23,111.24,158.74010519681997
111.24,111.25,154.22108254079407
111.25,111.26,155.11447618337345
111.26,111.27,156.0130452026747
111.27,111.28,157.8258294677283
111.28,111.29,158.74010519681997
111.29,111.3,159.65967727133
111.3,111.31,159.65967727133
111.31,111.32,159.65967727133
111.32,111.33,0.0
111.33,111.34,180.25009252216606
111.34,111.35,180.25009252216606
111.35,111.36,180.25009252216606
111.36,111.37,180.25009252216606
111.37,111.38,0.0
111.38,111.39,0.0
111.39,111.4,205.86044732869837
111.4,111.41,210.67220719096719
111.41,111.42,211.89261887185907
111.42,111.43,215.59643660857103
111.43,111.44,219.36499593892518
111.44,111.45,223.1994285260446
111.45,111.46,227.10088581417543
111.46,111.47,231.07053937445463
111.47,111.48,233.75544971224912
111.48,111.49,236.47155720542963
111.49,111.5,237.8414230005442
111.5,111.51,239.21922434748075
111.51,111.52,241.99881784385852
111.52,111.53,244.81070866093103
111.53,111.54,247.65527207548806
111.54,111.55,249.08992447176465
111.55,111.56,250.53288772482563
111.56,111.57,250.53288772482563
111.57,111.58,250.53288772482563
111.58,111.59,250.53288772482563
111.59,111.6,250.53288772482563
111.6,111.61,250.53288772482563
111.61,111.62,250.53288772482563
111.62,111.63,250.53288772482563
111.63,111.64,250.53288772482563
111.64,111.65,250.53288772482563
111.65,111.66,247.65527207548806
111.66,111.67,247.65527207548806
111.67,111.68,250.53288772482563
111.68,111.69,253.44393965741244
111.69,111.7,256.3888163841458
111.7,111.71,257.8740616879158
111.71,111.72,259.3679109302019
111.72,111.73,259.3679109302019
111.73,111.74,259.3679109302019
111.74,111.75,257.8740616879158
111.75,111.76,257.8740616879158
111.76,111.77,259.3679109302019
111.77,111.78,259.3679109302019
111.78,111.79,0.0
111.79,111.8,0.0
111.8,111.81,0.0
111.81,111.82,0.0
111.82,111.83,0.0
111.83,111.84,0.0
111.84,111.85,0.0
111.85,111.86,0.0
111.86,111.87,0.0
111.87,111.88,0.0
111.88,111.89,0.0
111.89,111.9,0.0
111.9,111.91,0.0
111.91,111.92,0.0
111.92,111.93,0.0
111.93,111.94,0.0
111.94,111.95,0.0
111.95,111.96,0.0
111.96,111.97,0.0
111.97,111.98,0.0
111.98,111.99,0.0
111.99,112.0,0.0
112.0,112.01,0.0
112.01,112.02,0.0
112.02,112.03,0.0
112.03,112.04,0.0
112.04,112.05,0.0
112.05,112.06,0.0
112.06,112.07,0.0
112.07,112.08,0.0
112.08,112.09,0.0
112.09,112.1,0.0
112.1,112.11,0.0
112.11,112.12,0.0
112.12,112.13,0.0
112.13,112.14,0.0
112.14,112.15,0.0
112.15,112.16,0.0
112.16,112.17,0.0
112.17,112.18,0.0
112.18,112.19,0.0
112.19,112.2,0.0
112.2,112.21,0.0
112.21,112.22,0.0
112.22,112.23,0.0
112.23,112.24,0.0
112.24,112.25,0.0
112.25,112.26,0.0
112.26,112.27,0.0
112.27,112.28,0.0
112.28,112.29,0.0
112.29,112.3,0.0
112.3,112.31,0.0
112.31,112.32,0.0
112.32,112.33,0.0
112.33,112.34,0.0
112.34,112.35,0.0
112.35,112.36,0.0
112.36,112.37,0.0
112.37,112.38,0.0
112.38,112.39,0.0
112.39,112.4,0.0
112.4,112.41,0.0
112.41,112.42,0.0
112.42,112.43,0.0
112.43,112.44,171.11900513652043
112.44,112.45,171.11900513652043
112.45,112.46,171.11900513652043
112.46,112.47,172.11028744886602
112.47,112.48,172.11028744886602
112.48,112.49,173.1073122012286
112.49,112.5,174.11011265922482
112.5,112.51,176.1331747192297
112.51,112.52,177.1535038204721
112.52,112.53,180.25009252216606
112.53,112.54,181.29427068562208
112.54,112.55,180.25009252216606
112.55,112.56,180.25009252216606
112.56,112.57,180.25009252216606
112.57,112.58,180.25009252216606
112.58,112.59,179.21192838239048
112.59,112.6,177.1535038204721
112.6,112.61,176.1331747192297
112.61,112.62,174.11011265922482
112.62,112.63,173.1073122012286
112.63,112.64,169.1535357262897
112.64,112.65,172.11028744886602
112.65,112.66,171.11900513652043
112.66,112.67,170.13343219017113
112.67,112.68,169.1535357262897
112.68,112.69,170.13343219017113
112.69,112.7,171.11900513652043
112.7,112.71,171.11900513652043
112.71,112.72,169.1535357262897
112.72,112.73,168.1792830507429
112.73,112.74,167.2106416577019
112.74,112.75,166.24757922855756
112.75,112.76,165.29006363084235
112.76,112.77,165.29006363084235
112.77,112.78,165.29006363084235
112.78,112.79,165.29006363084235
112.79,112.8,167.2106416577019
112.8,112.81,166.24757922855756
112.81,112.82,166.24757922855756
112.82,112.83,165.29006363084235
112.83,112.84,163.39154532410998
112.84,112.85,162.4504792712471
112.85,112.86,160.5845763726753
112.86,112.87,159.65967727133
112.87,112.88,158.74010519681997
112.88,112.89,157.8258294677283
112.89,112.9,156.0130452026747
112.9,112.91,151.57165665103983
112.91,112.92,150.69866814745757
112.92,112.93,0.0
112.93,112.94,0.0
112.94,112.95,0.0
112.95,112.96,0.0
112.96,112.97,0.0
112.97,112.98,0.0
112.98,112.99,0.0
112.99,113.0,0.0
113.0,113.01,0.0
113.01,113.02,0.0
113.02,113.03,0.0
113.03,113.04,0.0
113.04,113.05,0.0
113.05,113.06,0.0
113.06,113.07,0.0
113.07,113.08,0.0
113.08,113.09,0.0
113.09,113.1,0.0
113.1,113.11,0.0
113.11,113.12,0.0
113.12,113.13,229.73967099940702
113.13,113.14,225.79288096122622
113.14,113.15,228.41646786215435
113.15,113.16,231.07053937445463
113.16,113.17,232.40911739156792
113.17,113.18,235.10958125672175
113.18,113.19,237.8414230005442
113.19,113.2,241.99881784385852
113.2,113.21,246.2288826689832
113.21,113.22,251.98420997897463
113.22,113.23,256.3888163841458
113.23,113.24,262.38162088748976
113.24,113.25,266.96797083400685
113.25,113.26,273.20805135087915
113.26,113.27,276.38257599355524
113.27,113.28,279.5939868358039
113.28,113.29,279.5939868358039
113.29,113.3,281.2136583244699
113.3,113.31,281.2136583244699
113.31,113.32,279.5939868358039
113.32,113.33,277.98364396846745
113.33,113.34,276.38257599355524
113.34,113.35,273.20805135087915
113.35,113.36,271.6344887654643
113.36,113.37,270.06998923363795
113.37,113.38,273.20805135087915
113.38,113.39,271.6344887654643
113.39,113.4,270.06998923363795
113.4,113.41,270.06998923363795
113.41,113.42,268.51450055605267
113.42,113.43,266.96797083400685
113.43,113.44,266.96797083400685
113.44,113.45,265.4303484677136
113.45,113.46,265.4303484677136
113.46,113.47,263.9015821545788
113.47,113.48,263.9015821545788
113.48,113.49,263.9015821545788
113.49,113.5,263.9015821545788
113.5,113.51,263.9015821545788
113.51,113.52,262.38162088748976
113.52,113.53,259.3679109302019
113.53,113.54,257.8740616879158
113.54,113.55,259.3679109302019
113.55,113.56,259.3679109302019
113.56,113.57,259.3679109302019
113.57,113.58,259.3679109302019
113.58,113.59,263.9015821545788
113.59,113.6,263.9015821545788
113.6,113.61,263.9015821545788
113.61,113.62,263.9015821545788
113.62,113.63,266.96797083400685
113.63,113.64,265.4303484677136
113.64,113.65,266.96797083400685
113.65,113.66,265.4303484677136
113.66,113.67,266.96797083400685
113.67,113.68,265.4303484677136
113.68,113.69,266.96797083400685
113.69,113.7,265.4303484677136
113.7,113.71,268.51450055605267
113.71,113.72,0.0
113.72,113.73,0.0
113.73,113.74,0.0
113.74,113.75,0.0
113.75,113.76,0.0
113.76,113.77,0.0
113.77,113.78,0.0
113.78,113.79,0.0
113.79,113.8,0.0
113.8,113.81,0.0
113.81,113.82,0.0
113.82,113.83,0.0
113.83,113.84,0.0
113.84,113.85,0.0
113.85,113.86,0.0
113.86,113.87,0.0
113.87,113.88,0.0
113.88,113.89,0.0
113.89,113.9,0.0
113.9,113.91,0.0
113.91,113.92,189.86842419010387
113.92,113.93,182.34449771164336
113.93,113.94,179.21192838239048
113.94,113.95,179.21192838239048
113.95,113.96,179.21192838239048
113.96,113.97,181.29427068562208
113.97,113.98,181.29427068562208
113.98,113.99,180.25009252216606
113.99,114.0,178.17974362806785
114.0,114.01,176.1331747192297
114.01,114.02,176.1331747192297
114.02,114.03,175.11872228117704
114.03,114.04,176.1331747192297
114.04,114.05,0.0
114.05,114.06,0.0
114.06,114.07,0.0
114.07,114.08,176.1331747192297
114.08,114.09,176.1331747192297
114.09,114.1,177.1535038204721
114.1,114.11,176.1331747192297
114.11,114.12,175.11872228117704
114.12,114.13,175.11872228117704
114.13,114.14,173.1073122012286
114.14,114.15,172.11028744886602
114.15,114.16,171.11900513652043
114.16,114.17,169.1535357262897
114.17,114.18,167.2106416577019
114.18,114.19,168.1792830507429
114.19,114.2,167.2106416577019
114.2,114.21,168.1792830507429
114.21,114.22,168.1792830507429
114.22,114.23,166.24757922855756
114.23,114.24,161.5148333600084
114.24,114.25,0.0
114.25,114.26,0.0
114.26,114.27,0.0
114.27,114.28,0.0
114.28,114.29,0.0
114.29,114.3,0.0
114.3,114.31,0.0
114.31,114.32,0.0
114.32,114.33,0.0
114.33,114.34,0.0
114.34,114.35,0.0
114.35,114.36,0.0
114.36,114.37,0.0
114.37,114.38,0.0
114.38,114.39,174.11011265922482
114.39,114.4,173.1073122012286
114.4,114.41,172.11028744886602
114.41,114.42,172.11028744886602
114.42,114.43,170.13343219017113
114.43,114.44,169.1535357262897
114.44,114.45,167.2106416577019
114.45,114.46,171.11900513652043
114.46,114.47,171.11900513652043
114.47,114.48,172.11028744886602
114.48,114.49,171.11900513652043
114.49,114.5,171.11900513652043
114.5,114.51,0.0
114.51,114.52,0.0
114.52,114.53,0.0
114.53,114.54,0.0
114.54,114.55,0.0
114.55,114.56,0.0
114.56,114.57,0.0
114.57,114.58,163.39154532410998
114.58,114.59,160.5845763726753
114.59,114.6,161.5148333600084
114.6,114.61,161.5148333600084
114.61,114.62,159.65967727133
114.62,114.63,157.8258294677283
114.63,114.64,156.91681957935012
114.64,114.65,156.91681957935012
114.65,114.66,156.91681957935012
114.66,114.67,156.0130452026747
114.67,114.68,155.11447618337345
114.68,114.69,154.22108254079407
114.69,114.7,149.83070768766817
114.7,114.71,146.40856959456255
114.71,114.72,145.56531828421873
114.72,114.73,144.7269237440378
114.73,114.74,146.40856959456255
114.74,114.75,145.56531828421873
114.75,114.76,144.7269237440378
114.76,114.77,143.893358001082
114.77,114.78,142.24060181972814
114.78,114.79,141.4213562373095
114.79,114.8,140.60682916223496
114.8,114.81,139.79699341790194
114.81,114.82,138.99182198423372
114.82,114.83,138.99182198423372
114.83,114.84,138.1912879967776
114.84,114.85,138.1912879967776
114.85,114.86,138.1912879967776
114.86,114.87,137.3953647458089
114.87,114.88,136.60402567543954
114.88,114.89,136.60402567543954
114.89,114.9,134.25725027802636
114.9,114.91,148.96774631227024
114.91,114.92,0.0
114.92,114.93,0.0
114.93,114.94,0.0
114.94,114.95,0.0
114.95,114.96,0.0
114.96,114.97,0.0
114.97,114.98,0.0
114.98,114.99,0.0
114.99,115.0,0.0
115.0,115.01,0.0
115.01,115.02,0.0
115.02,115.03,0.0
115.03,115.04,0.0
115.04,115.05,0.0
115.05,115.06,0.0
115.06,115.07,0.0
115.07,115.08,0.0
115.08,115.09,0.0
115.09,115.1,0.0
115.1,115.11,0.0
115.11,115.12,0.0
115.12,115.13,0.0
115.13,115.14,0.0
115.14,115.15,0.0
115.15,115.16,0.0
115.16,115.17,0.0
115.17,115.18,0.0
115.18,115.19,0.0
115.19,115.2,0.0
115.2,115.21,0.0
115.21,115.22,0.0
115.22,115.23,0.0
115.23,115.24,0.0
115.24,115.25,0.0
115.25,115.26,0.0
115.26,115.27,0.0
115.27,115.28,0.0
115.28,115.29,0.0
115.29,115.3,0.0
115.3,115.31,0.0
115.31,115.32,0.0
115.32,115.33,0.0
115.33,115.34,0.0
115.34,115.35,0.0
115.35,115.36,0.0
115.36,115.37,0.0
115.37,115.38,0.0
115.38,115.39,0.0
115.39,115.4,0.0
115.4,115.41,0.0
115.41,115.42,0.0
115.42,115.43,0.0
115.43,115.44,0.0
115.44,115.45,0.0
115.45,115.46,0.0
115.46,115.47,0.0
115.47,115.48,0.0
115.48,115.49,0.0
115.49,115.5,0.0
115.5,115.51,208.25243050696125
115.51,115.52,211.89261887185907
115.52,115.53,213.12010032569688
115.53,115.54,215.59643660857103
115.54,115.55,215.59643660857103
115.55,115.56,216.8453740602837
115.56,115.57,216.8453740602837
115.57,115.58,216.8453740602837
115.58,115.59,215.59643660857103
115.59,115.6,213.12010032569688
115.6,115.61,209.4588245641254
115.61,115.62,207.05298476827548
115.62,115.63,207.05298476827548
115.63,115.64,208.25243050696125
115.64,115.65,210.67220719096719
115.65,115.66,213.12010032569688
115.66,115.67,216.8453740602837
115.67,115.68,216.8453740602837
115.68,115.69,215.59643660857103
115.69,115.7,214.35469250725862
115.7,115.71,211.89261887185907
115.71,115.72,210.67220719096719
115.72,115.73,209.4588245641254
115.73,115.74,207.05298476827548
115.74,115.75,207.05298476827548
115.75,115.76,207.05298476827548
115.76,115.77,208.25243050696125
115.77,115.78,208.25243050696125
115.78,115.79,208.25243050696125
115.79,115.8,208.25243050696125
115.8,115.81,207.05298476827548
115.81,115.82,207.05298476827548
115.82,115.83,205.86044732869837
115.83,115.84,205.86044732869837
115.84,115.85,203.49593842053727
115.85,115.86,200.0
115.86,115.87,194.30638823072118
115.87,115.88,198.8480847635095
115.88,115.89,203.49593842053727
115.89,115.9,204.67477839935495
115.9,115.91,204.67477839935495
115.91,115.92,0.0
115.92,115.93,0.0
115.93,115.94,0.0
115.94,115.95,0.0
115.95,115.96,0.0
115.96,115.97,0.0
115.97,115.98,0.0
115.98,115.99,0.0
115.99,116.0,0.0
116.0,116.01,246.2288826689832
116.01,116.02,233.75544971224912
116.02,116.03,236.47155720542963
116.03,116.04,240.60500721642333
116.04,116.05,240.60500721642333
116.05,116.06,239.21922434748075
116.06,116.07,240.60500721642333
116.07,116.08,239.21922434748075
116.08,116.09,236.47155720542963
116.09,116.1,233.75544971224912
116.1,116.11,228.41646786215435
116.11,116.12,221.91389441356898
116.12,116.13,237.8414230005442
116.13,116.14,254.91212546385245
116.14,116.15,236.47155720542963
116.15,116.16,229.73967099940702
116.16,116.17,227.10088581417543
116.17,116.18,225.79288096122622
116.18,116.19,224.49240966187455
116.19,116.2,220.63576443274928
116.2,116.21,205.86044732869837
116.21,116.22,203.49593842053727
116.22,116.23,201.15858821357068
116.23,116.24,200.0
116.24,116.25,198.8480847635095
116.25,116.26,197.70280407057922
116.26,116.27,195.43199368684918
116.27,116.28,194.30638823072118
116.28,116.29,190.9683207820833
116.29,116.3,190.9683207820833
116.3,116.31,193.1872657849691
116.31,116.32,194.30638823072118
116.32,116.33,196.56411970905023
116.33,116.34,198.8480847635095
116.34,116.35,200.0
116.35,116.36,198.8480847635095
116.36,116.37,197.70280407057922
116.37,116.38,196.56411970905023
116.38,116.39,195.43199368684918
116.39,116.4,193.1872657849691
116.4,116.41,192.07458901020084
116.41,116.42,189.86842419010387
116.42,116.43,187.68759933422865
116.43,116.44,186.60659830736148
116.44,116.45,187.68759933422865
116.45,116.46,187.68759933422865
116.46,116.47,185.5318233882619
116.47,116.48,182.34449771164336
116.48,116.49,180.25009252216606
116.49,116.5,177.1535038204721
116.5,116.51,176.1331747192297
116.51,116.52,174.11011265922482
116.52,116.53,170.13343219017113
116.53,116.54,170.13343219017113
116.54,116.55,170.13343219017113
116.55,116.56,170.13343219017113
116.56,116.57,170.13343219017113
116.57,116.58,170.13343219017113
116.58,116.59,170.13343219017113
116.59,116.6,169.1535357262897
116.6,116.61,160.5845763726753
116.61,116.62,163.39154532410998
116.62,116.63,175.11872228117704
116.63,116.64,0.0
116.64,116.65,0.0
116.65,116.66,0.0
116.66,116.67,0.0
116.67,116.68,0.0
116.68,116.69,0.0
116.69,116.7,0.0
116.7,116.71,0.0
116.71,116.72,0.0
116.72,116.73,192.07458901020084
116.73,116.74,183.40080864093423
116.74,116.75,181.29427068562208
116.75,116.76,181.29427068562208
116.76,116.77,181.29427068562208
116.77,116.78,181.29427068562208
116.78,116.79,183.40080864093423
116.79,116.8,185.5318233882619
116.8,116.81,187.68759933422865
116.81,116.82,188.7748625363387
116.82,116.83,188.7748625363387
116.83,116.84,188.7748625363387
116.84,116.85,188.7748625363387
116.85,116.86,188.7748625363387
116.86,116.87,187.68759933422865
116.87,116.88,186.60659830736148
116.88,116.89,186.60659830736148
116.89,116.9,184.46323871718783
116.9,116.91,183.40080864093423
116.91,116.92,182.34449771164336
116.92,116.93,181.29427068562208
116.93,116.94,180.25009252216606
116.94,116.95,180.25009252216606
116.95,116.96,180.25009252216606
116.96,116.97,180.25009252216606
116.97,116.98,179.21192838239048
116.98,116.99,179.21192838239048
116.99,117.0,179.21192838239048
117.0,117.01,179.21192838239048
117.01,117.02,179.21192838239048
117.02,117.03,178.17974362806785
117.03,117.04,178.17974362806785
117.04,117.05,177.1535038204721
117.05,117.06,177.1535038204721
117.06,117.07,176.1331747192297
117.07,117.08,176.1331747192297
117.08,117.09,175.11872228117704
117.09,117.1,174.11011265922482
117.1,117.11,174.11011265922482
117.11,117.12,173.1073122012286
117.12,117.13,172.11028744886602
117.13,117.14,171.11900513652043
117.14,117.15,170.13343219017113
117.15,117.16,169.1535357262897
117.16,117.17,168.1792830507429
117.17,117.18,167.2106416577019
117.18,117.19,166.24757922855756
117.19,117.2,165.29006363084235
117.2,117.21,165.29006363084235
117.21,117.22,165.29006363084235
117.22,117.23,164.33806291715806
117.23,117.24,164.33806291715806
117.24,117.25,163.39154532410998
117.25,117.26,162.4504792712471
117.26,117.27,162.4504792712471
117.27,117.28,161.5148333600084
117.28,117.29,160.5845763726753
117.29,117.3,158.74010519681997
117.3,117.31,157.8258294677283
117.31,117.32,156.91681957935012
117.32,117.33,154.22108254079407
117.33,117.34,0.0
117.34,117.35,0.0
117.35,117.36,0.0
117.36,117.37,0.0
117.37,117.38,0.0
117.38,117.39,0.0
117.39,117.4,0.0
117.4,117.41,0.0
117.41,117.42,0.0
117.42,117.43,0.0
117.43,117.44,0.0
117.44,117.45,0.0
117.45,117.46,152.4497023255762
117.46,117.47,150.69866814745757
117.47,117.48,148.96774631227024
117.48,117.49,148.1097552286564
117.49,117.5,145.56531828421873
117.5,117.51,144.7269237440378
117.51,117.52,142.24060181972814
117.52,117.53,140.60682916223496
117.53,117.54,139.79699341790194
117.54,117.55,138.99182198423372
117.55,117.56,137.3953647458089
117.56,117.57,138.99182198423372
117.57,117.58,143.06459324352582
117.58,117.59,0.0
117.59,117.6,0.0
117.6,117.61,147.25670581005258
117.61,117.62,147.25670581005258
117.62,117.63,135.81724438273213
117.63,117.64,136.60402567543954
117.64,117.65,138.1912879967776
117.65,117.66,138.99182198423372
117.66,117.67,139.79699341790194
117.67,117.68,139.79699341790194
117.68,117.69,138.99182198423372
117.69,117.7,138.1912879967776
117.7,117.71,137.3953647458089
117.71,117.72,136.60402567543954
117.72,117.73,133.48398541700342
117.73,117.74,132.71517423385683
117.74,117.75,130.43520697655643
117.75,117.76,129.68395546510095
117.76,117.77,128.9370308439579
117.77,117.78,127.45606273192622
117.78,117.79,0.0
117.79,117.8,0.0
117.8,117.81,0.0
117.81,117.82,0.0
117.82,117.83,0.0
117.83,117.84,0.0
117.84,117.85,0.0
117.85,117.86,0.0
117.86,117.87,0.0
117.87,117.88,0.0
117.88,117.89,0.0
117.89,117.9,0.0
117.9,117.91,0.0
117.91,117.92,0.0
117.92,117.93,0.0
117.93,117.94,0.0
117.94,117.95,0.0
117.95,117.96,0.0
117.96,117.97,0.0
117.97,117.98,0.0
117.98,117.99,0.0
117.99,118.0,0.0
118.0,118.01,0.0
118.01,118.02,0.0
118.02,118.03,0.0
118.03,118.04,0.0
118.04,118.05,0.0
118.05,118.06,0.0
118.06,118.07,0.0
118.07,118.08,0.0
118.08,118.09,0.0
118.09,118.1,0.0
118.1,118.11,0.0
118.11,118.12,0.0
118.12,118.13,0.0
118.13,118.14,0.0
118.14,118.15,0.0
118.15,118.16,0.0
118.16,118.17,0.0
118.17,118.18,0.0
118.18,118.19,0.0
118.19,118.2,0.0
118.2,118.21,0.0
118.21,118.22,0.0
118.22,118.23,0.0
118.23,118.24,0.0
118.24,118.25,0.0
118.25,118.26,0.0
118.26,118.27,0.0
118.27,118.28,0.0
118.28,118.29,181.29427068562208
118.29,118.3,174.11011265922482
118.3,118.31,173.1073122012286
118.31,118.32,171.11900513652043
118.32,118.33,171.11900513652043
118.33,118.34,170.13343219017113
118.34,118.35,170.13343219017113
118.35,118.36,168.1792830507429
118.36,118.37,167.2106416577019
118.37,118.38,164.33806291715806
118.38,118.39,166.24757922855756
118.39,118.4,175.11872228117704
118.4,118.41,179.21192838239048
118.41,118.42,180.25009252216606
118.42,118.43,180.25009252216606
118.43,118.44,180.25009252216606
118.44,118.45,179.21192838239048
118.45,118.46,179.21192838239048
118.46,118.47,178.17974362806785
118.47,118.48,175.11872228117704
118.48,118.49,0.0
118.49,118.5,0.0
118.5,118.51,0.0
118.51,118.52,0.0
118.52,118.53,0.0
118.53,118.54,0.0
118.54,118.55,0.0
118.55,118.56,0.0
118.56,118.57,0.0
118.57,118.58,0.0
118.58,118.59,0.0
118.59,118.6,0.0
118.6,118.61,0.0
118.61,118.62,181.29427068562208
118.62,118.63,173.1073122012286
118.63,118.64,169.1535357262897
118.64,118.65,167.2106416577019
118.65,118.66,165.29006363084235
118.66,118.67,162.4504792712471
118.67,118.68,159.65967727133
118.68,118.69,157.8258294677283
118.69,118.7,151.57165665103983
118.7,118.71,147.25670581005258
118.71,118.72,0.0
118.72,118.73,0.0
118.73,118.74,0.0
118.74,118.75,0.0
118.75,118.76,0.0
118.76,118.77,0.0
118.77,118.78,0.0
118.78,118.79,0.0
118.79,118.8,0.0
118.8,118.81,0.0
118.81,118.82,0.0
118.82,118.83,0.0
118.83,118.84,0.0
118.84,118.85,0.0
118.85,118.86,0.0
118.86,118.87,0.0
118.87,118.88,0.0
118.88,118.89,0.0
118.89,118.9,0.0
118.9,118.91,0.0
118.91,118.92,0.0
118.92,118.93,0.0
118.93,118.94,0.0
118.94,118.95,0.0
118.95,118.96,0.0
118.96,118.97,0.0
118.97,118.98,0.0
118.98,118.99,0.0
118.99,119.0,0.0
119.0,119.01,0.0
119.01,119.02,0.0
119.02,119.03,0.0
119.03,119.04,0.0
119.04,119.05,0.0
119.05,119.06,0.0
119.06,119.07,0.0
119.07,119.08,0.0
119.08,119.09,0.0
119.09,119.1,0.0
119.1,119.11,0.0
119.11,119.12,0.0
119.12,119.13,0.0
119.13,119.14,0.0
119.14,119.15,0.0
119.15,119.16,0.0
119.16,119.17,0.0
119.17,119.18,0.0
119.18,119.19,0.0
119.19,119.2,0.0
119.2,119.21,0.0
119.21,119.22,0.0
119.22,119.23,0.0
119.23,119.24,0.0
119.24,119.25,0.0
119.25,119.26,0.0
119.26,119.27,0.0
119.27,119.28,0.0
119.28,119.29,0.0
119.29,119.3,0.0
119.3,119.31,0.0
119.31,119.32,0.0
119.32,119.33,0.0
119.33,119.34,0.0
119.34,119.35,0.0
119.35,119.36,0.0
119.36,119.37,0.0
119.37,119.38,0.0
119.38,119.39,0.0
119.39,119.4,0.0
119.4,119.41,0.0
119.41,119.42,0.0
119.42,119.43,0.0
119.43,119.44,0.0
119.44,119.45,0.0
119.45,119.46,0.0
119.46,119.47,0.0
119.47,119.48,0.0
119.48,119.49,0.0
119.49,119.5,0.0
119.5,119.51,0.0
119.51,119.52,0.0
119.52,119.53,0.0
119.53,119.54,0.0
119.54,119.55,0.0
119.55,119.56,0.0
119.56,119.57,0.0
119.57,119.58,0.0
119.58,119.59,0.0
119.59,119.6,0.0
119.6,119.61,0.0
119.61,119.62,0.0
119.62,119.63,0.0
119.63,119.64,0.0
119.64,119.65,0.0
119.65,119.66,0.0
119.66,119.67,0.0
119.67,119.68,0.0
119.68,119.69,0.0
119.69,119.7,0.0
119.7,119.71,0.0
119.71,119.72,0.0
119.72,119.73,0.0
119.73,119.74,0.0
119.74,119.75,0.0
119.75,119.76,0.0
119.76,119.77,0.0
119.77,119.78,162.4504792712471
119.78,119.79,162.4504792712471
119.79,119.8,164.33806291715806
119.8,119.81,169.1535357262897
119.81,119.82,174.11011265922482
119.82,119.83,177.1535038204721
119.83,119.84,179.21192838239048
119.84,119.85,180.25009252216606
119.85,119.86,181.29427068562208
119.86,119.87,180.25009252216606
119.87,119.88,179.21192838239048
119.88,119.89,171.11900513652043
119.89,119.9,171.11900513652043
119.9,119.91,183.40080864093423
119.91,119.92,183.40080864093423
119.92,119.93,183.40080864093423
119.93,119.94,181.29427068562208
119.94,119.95,180.25009252216606
119.95,119.96,179.21192838239048
119.96,119.97,176.1331747192297
119.97,119.98,181.29427068562208
119.98,119.99,182.34449771164336
119.99,120.0,180.25009252216606
120.0,120.01,178.17974362806785
120.01,120.02,178.17974362806785
120.02,120.03,177.1535038204721
120.03,120.04,177.1535038204721
120.04,120.05,176.1331747192297
120.05,120.06,177.1535038204721
120.06,120.07,180.25009252216606
120.07,120.08,182.34449771164336
120.08,120.09,184.46323871718783
120.09,120.1,192.07458901020084
120.1,120.11,203.49593842053727
120.11,120.12,215.59643660857103
120.12,120.13,235.10958125672175
120.13,120.14,244.81070866093103
120.14,120.15,254.91212546385245
120.15,120.16,271.6344887654643
120.16,120.17,276.38257599355524
120.17,120.18,277.98364396846745
120.18,120.19,281.2136583244699
120.19,120.2,284.4812036394563
120.2,120.21,289.4538474880756
120.21,120.22,297.93549262454053
120.22,120.23,310.2289523667469
120.23,120.24,313.83363915870024
120.24,120.25,313.83363915870024
120.25,120.26,308.44216508158814
120.26,120.27,304.8994046511524
120.27,120.28,297.93549262454053
120.28,120.29,291.13063656843747
120.29,120.3,284.4812036394563
120.3,120.31,279.5939868358039
120.31,120.32,276.38257599355524
120.32,120.33,273.20805135087915
120.33,120.34,268.51450055605267
120.34,120.35,263.9015821545788
120.35,120.36,254.91212546385245
120.36,120.37,249.08992447176465
120.37,120.38,249.08992447176465
120.38,120.39,246.2288826689832
120.39,120.4,243.40070273411817
120.4,120.41,237.8414230005442
120.41,120.42,231.07053937445463
120.42,120.43,228.41646786215435
120.43,120.44,225.79288096122622
120.44,120.45,224.49240966187455
120.45,120.46,223.1994285260446
120.46,120.47,219.36499593892518
120.47,120.48,213.12010032569688
120.48,120.49,201.15858821357068
120.49,120.5,213.12010032569688
120.5,120.51,207.05298476827548
120.51,120.52,208.25243050696125
120.52,120.53,201.15858821357068
120.53,120.54,198.8480847635095
120.54,120.55,196.56411970905023
120.55,120.56,193.1872657849691
120.56,120.57,192.07458901020084
120.57,120.58,188.7748625363387
120.58,120.59,186.60659830736148
120.59,120.6,184.46323871718783
120.6,120.61,183.40080864093423
120.61,120.62,0.0
120.62,120.63,0.0
120.63,120.64,0.0
120.64,120.65,0.0
120.65,120.66,0.0
120.66,120.67,0.0
120.67,120.68,0.0
120.68,120.69,0.0
120.69,120.7,0.0
120.7,120.71,182.34449771164336
120.71,120.72,184.46323871718783
120.72,120.73,182.34449771164336
120.73,120.74,181.29427068562208
120.74,120.75,179.21192838239048
120.75,120.76,177.1535038204721
120.76,120.77,175.11872228117704
120.77,120.78,172.11028744886602
120.78,120.79,174.11011265922482
120.79,120.8,185.5318233882619
120.8,120.81,190.9683207820833
120.81,120.82,193.1872657849691
120.82,120.83,194.30638823072118
120.83,120.84,195.43199368684918
120.84,120.85,195.43199368684918
120.85,120.86,194.30638823072118
120.86,120.87,193.1872657849691
120.87,120.88,190.9683207820833
120.88,120.89,188.7748625363387
120.89,120.9,180.25009252216606
120.9,120.91,177.1535038204721
120.91,120.92,184.46323871718783
120.92,120.93,184.46323871718783
120.93,120.94,0.0
120.94,120.95,204.67477839935495
120.95,120.96,204.67477839935495
120.96,120.97,204.67477839935495
120.97,120.98,196.56411970905023
120.98,120.99,188.7748625363387
120.99,121.0,187.68759933422865
121.0,121.01,183.40080864093423
121.01,121.02,176.1331747192297
121.02,121.03,167.2106416577019
121.03,121.04,164.33806291715806
121.04,121.05,0.0
121.05,121.06,186.60659830736148
121.06,121.07,194.30638823072118
121.07,121.08,189.86842419010387
121.08,121.09,188.7748625363387
121.09,121.1,187.68759933422865
121.1,121.11,186.60659830736148
121.11,121.12,185.5318233882619
121.12,121.13,184.46323871718783
121.13,121.14,182.34449771164336
121.14,121.15,180.25009252216606
121.15,121.16,179.21192838239048
121.16,121.17,178.17974362806785
121.17,121.18,177.1535038204721
121.18,121.19,174.11011265922482
121.19,121.2,172.11028744886602
121.2,121.21,168.1792830507429
121.21,121.22,166.24757922855756
121.22,121.23,162.4504792712471
121.23,121.24,160.5845763726753
121.24,121.25,160.5845763726753
121.25,121.26,156.0130452026747
121.26,121.27,153.33283446696007
121.27,121.28,152.4497023255762
121.28,121.29,151.57165665103983
121.29,121.3,150.69866814745757
121.3,121.31,149.83070768766817
121.31,121.32,148.96774631227024
121.32,121.33,148.1097552286564
121.33,121.34,148.1097552286564
121.34,121.35,147.25670581005258
121.35,121.36,146.40856959456255
121.36,121.37,144.7269237440378
121.37,121.38,143.06459324352582
121.38,121.39,141.4213562373095
121.39,121.4,139.79699341790194
121.4,121.41,138.99182198423372
121.41,121.42,138.99182198423372
121.42,121.43,137.3953647458089
121.43,121.44,136.60402567543954
121.44,121.45,133.48398541700342
121.45,121.46,132.71517423385683
121.46,121.47,133.48398541700342
121.47,121.48,135.034994616819
121.48,121.49,135.81724438273213
121.49,121.5,137.3953647458089
121.5,121.51,139.79699341790194
121.51,121.52,142.24060181972814
121.52,121.53,142.24060181972814
121.53,121.54,142.24060181972814
121.54,121.55,141.4213562373095
121.55,121.56,140.60682916223496
121.56,121.57,139.79699341790194
121.57,121.58,138.99182198423372
121.58,121.59,138.99182198423372
121.59,121.6,138.99182198423372
121.6,121.61,137.3953647458089
121.61,121.62,137.3953647458089
121.62,121.63,138.1912879967776
121.63,121.64,0.0
121.64,121.65,0.0
121.65,121.66,0.0
121.66,121.67,0.0
121.67,121.68,0.0
121.68,121.69,0.0
121.69,121.7,0.0
121.7,121.71,0.0
121.71,121.72,0.0
121.72,121.73,0.0
121.73,121.74,0.0
121.74,121.75,0.0
121.75,121.76,0.0
121.76,121.77,0.0
121.77,121.78,0.0
121.78,121.79,0.0
121.79,121.8,0.0
121.8,121.81,0.0
121.81,121.82,0.0
121.82,121.83,0.0
121.83,121.84,0.0
121.84,121.85,0.0
121.85,121.86,0.0
121.86,121.87,0.0
121.87,121.88,0.0
121.88,121.89,0.0
121.89,121.9,0.0
121.9,121.91,0.0
121.91,121.92,0.0
121.92,121.93,0.0
121.93,121.94,0.0
121.94,121.95,0.0
121.95,121.96,0.0
121.96,121.97,0.0
121.97,121.98,0.0
121.98,121.99,0.0
121.99,122.0,0.0
122.0,122.01,0.0
122.01,122.02,0.0
122.02,122.03,0.0
122.03,122.04,0.0
122.04,122.05,0.0
122.05,122.06,0.0
122.06,122.07,0.0
122.07,122.08,0.0
122.08,122.09,0.0
122.09,122.1,0.0
122.1,122.11,0.0
122.11,122.12,0.0
122.12,122.13,0.0
122.13,122.14,0.0
122.14,122.15,0.0
122.15,122.16,0.0
122.16,122.17,0.0
122.17,122.18,0.0
122.18,122.19,0.0
122.19,122.2,0.0
122.2,122.21,0.0
122.21,122.22,0.0
122.22,122.23,0.0
122.23,122.24,182.34449771164336
122.24,122.25,192.07458901020084
122.25,122.26,192.07458901020084
122.26,122.27,193.1872657849691
122.27,122.28,194.30638823072118
122.28,122.29,194.30638823072118
122.29,122.3,193.1872657849691
122.3,122.31,190.9683207820833
122.31,122.32,187.68759933422865
122.32,122.33,183.40080864093423
122.33,122.34,179.21192838239048
122.34,122.35,0.0
122.35,122.36,197.70280407057922
122.36,122.37,196.56411970905023
122.37,122.38,196.56411970905023
122.38,122.39,196.56411970905023
122.39,122.4,195.43199368684918
122.4,122.41,195.43199368684918
122.41,122.42,194.30638823072118
122.42,122.43,194.30638823072118
122.43,122.44,180.25009252216606
122.44,122.45,192.07458901020084
122.45,122.46,192.07458901020084
122.46,122.47,186.60659830736148
122.47,122.48,195.43199368684918
122.48,122.49,195.43199368684918
122.49,122.5,195.43199368684918
122.5,122.51,195.43199368684918
122.51,122.52,0.0
122.52,122.53,0.0
122.53,122.54,202.3238880603845
122.54,122.55,201.15858821357068
122.55,122.56,202.3238880603845
122.56,122.57,201.15858821357068
122.57,122.58,201.15858821357068
122.58,122.59,201.15858821357068
122.59,122.6,196.56411970905023
122.6,122.61,182.34449771164336
122.61,122.62,180.25009252216606
122.62,122.63,181.29427068562208
122.63,122.64,189.86842419010387
122.64,122.65,193.1872657849691
122.65,122.66,194.30638823072118
122.66,122.67,194.30638823072118
122.67,122.68,195.43199368684918
122.68,122.69,196.56411970905023
122.69,122.7,196.56411970905023
122.7,122.71,197.70280407057922
122.71,122.72,198.8480847635095
122.72,122.73,201.15858821357068
122.73,122.74,207.05298476827548
122.74,122.75,214.35469250725862
122.75,122.76,227.10088581417543
122.76,122.77,233.75544971224912
122.77,122.78,241.99881784385852
122.78,122.79,249.08992447176465
122.79,122.8,253.44393965741244
122.8,122.81,257.8740616879158
122.81,122.82,259.3679109302019
122.82,122.83,265.4303484677136
122.83,122.84,271.6344887654643
122.84,122.85,281.2136583244699
122.85,122.86,289.4538474880756
122.86,122.87,296.2195104573129
122.87,122.88,301.3973362949152
122.88,122.89,304.8994046511524
122.89,122.9,306.66566893392013
122.9,122.91,306.66566893392013
122.91,122.92,306.66566893392013
122.92,122.93,306.66566893392013
122.93,122.94,306.66566893392013
122.94,122.95,297.93549262454053
122.95,122.96,291.13063656843747
122.96,122.97,286.12918648705164
122.97,122.98,279.5939868358039
122.98,122.99,274.79072949161787
122.99,123.0,262.38162088748976
123.0,123.01,251.98420997897463
123.01,123.02,243.40070273411817
123.02,123.03,237.8414230005442
123.03,123.04,233.75544971224912
123.04,123.05,223.1994285260446
123.05,123.06,218.10154653305153
123.06,123.07,0.0
123.07,123.08,0.0
123.08,123.09,216.8453740602837
123.09,123.1,220.63576443274928
123.1,123.11,225.79288096122622
123.11,123.12,228.41646786215435
123.12,123.13,231.07053937445463
123.13,123.14,232.40911739156792
123.14,123.15,235.10958125672175
123.15,123.16,236.47155720542963
123.16,123.17,239.21922434748075
123.17,123.18,241.99881784385852
123.18,123.19,243.40070273411817
123.19,123.2,243.40070273411817
123.2,123.21,241.99881784385852
123.21,123.22,240.60500721642333
123.22,123.23,229.73967099940702
123.23,123.24,227.10088581417543
123.24,123.25,229.73967099940702
123.25,123.26,224.49240966187455
123.26,123.27,218.10154653305153
123.27,123.28,214.35469250725862
123.28,123.29,211.89261887185907
123.29,123.3,207.05298476827548
123.3,123.31,203.49593842053727
123.31,123.32,196.56411970905023
123.32,123.33,189.86842419010387
123.33,123.34,188.7748625363387
123.34,123.35,190.9683207820833
123.35,123.36,190.9683207820833
123.36,123.37,189.86842419010387
123.37,123.38,189.86842419010387
123.38,123.39,188.7748625363387
123.39,123.4,186.60659830736148
123.4,123.41,180.25009252216606
123.41,123.42,181.29427068562208
123.42,123.43,0.0
123.43,123.44,0.0
123.44,123.45,0.0
123.45,123.46,0.0
123.46,123.47,0.0
123.47,123.48,0.0
123.48,123.49,0.0
123.49,123.5,0.0
123.5,123.51,0.0
123.51,123.52,0.0
123.52,123.53,183.40080864093423
123.53,123.54,182.34449771164336
123.54,123.55,181.29427068562208
123.55,123.56,180.25009252216606
123.56,123.57,180.25009252216606
123.57,123.58,178.17974362806785
123.58,123.59,178.17974362806785
123.59,123.6,176.1331747192297
123.6,123.61,175.11872228117704
123.61,123.62,175.11872228117704
123.62,123.63,174.11011265922482
123.63,123.64,174.11011265922482
123.64,123.65,172.11028744886602
123.65,123.66,169.1535357262897
123.66,123.67,168.1792830507429
123.67,123.68,168.1792830507429
123.68,123.69,167.2106416577019
123.69,123.7,167.2106416577019
123.7,123.71,168.1792830507429
123.71,123.72,173.1073122012286
123.72,123.73,175.11872228117704
123.73,123.74,176.1331747192297
123.74,123.75,175.11872228117704
123.75,123.76,175.11872228117704
123.76,123.77,175.11872228117704
123.77,123.78,170.13343219017113
123.78,123.79,0.0
123.79,123.8,0.0
123.8,123.81,0.0
123.81,123.82,0.0
123.82,123.83,0.0
123.83,123.84,0.0
123.84,123.85,0.0
123.85,123.86,0.0
123.86,123.87,0.0
123.87,123.88,0.0
123.88,123.89,0.0
123.89,123.9,0.0
123.9,123.91,186.60659830736148
123.91,123.92,182.34449771164336
123.92,123.93,181.29427068562208
123.93,123.94,180.25009252216606
123.94,123.95,180.25009252216606
123.95,123.96,179.21192838239048
123.96,123.97,179.21192838239048
123.97,123.98,179.21192838239048
123.98,123.99,179.21192838239048
123.99,124.0,178.17974362806785
124.0,124.01,178.17974362806785
124.01,124.02,177.1535038204721
124.02,124.03,176.1331747192297
124.03,124.04,176.1331747192297
124.04,124.05,175.11872228117704
124.05,124.06,175.11872228117704
124.06,124.07,173.1073122012286
124.07,124.08,171.11900513652043
124.08,124.09,167.2106416577019
124.09,124.1,164.33806291715806
124.1,124.11,167.2106416577019
124.11,124.12,160.5845763726753
124.12,124.13,0.0
124.13,124.14,0.0
124.14,124.15,0.0
124.15,124.16,0.0
124.16,124.17,0.0
124.17,124.18,0.0
124.18,124.19,194.30638823072118
124.19,124.2,197.70280407057922
124.2,124.21,198.8480847635095
124.21,124.22,201.15858821357068
124.22,124.23,203.49593842053727
124.23,124.24,204.67477839935495
124.24,124.25,205.86044732869837
124.25,124.26,209.4588245641254
124.26,124.27,223.1994285260446
124.27,124.28,232.40911739156792
124.28,124.29,235.10958125672175
124.29,124.3,233.75544971224912
124.3,124.31,231.07053937445463
124.31,124.32,228.41646786215435
124.32,124.33,224.49240966187455
124.33,124.34,219.36499593892518
124.34,124.35,216.8453740602837
124.35,124.36,214.35469250725862
124.36,124.37,213.12010032569688
124.37,124.38,211.89261887185907
124.38,124.39,209.4588245641254
124.39,124.4,207.05298476827548
124.4,124.41,202.3238880603845
124.41,124.42,198.8480847635095
124.42,124.43,194.30638823072118
124.43,124.44,190.9683207820833
124.44,124.45,185.5318233882619
124.45,124.46,182.34449771164336
124.46,124.47,170.13343219017113
124.47,124.48,0.0
124.48,124.49,0.0
124.49,124.5,175.11872228117704
124.5,124.51,173.1073122012286
124.51,124.52,173.1073122012286
124.52,124.53,170.13343219017113
124.53,124.54,167.2106416577019
124.54,124.55,165.29006363084235
124.55,124.56,163.39154532410998
124.56,124.57,157.8258294677283
124.57,124.58,160.5845763726753
124.58,124.59,163.39154532410998
124.59,124.6,0.0
124.6,124.61,0.0
124.61,124.62,0.0
124.62,124.63,0.0
124.63,124.64,0.0
124.64,124.65,0.0
124.65,124.66,0.0
124.66,124.67,0.0
124.67,124.68,0.0
124.68,124.69,0.0
124.69,124.7,0.0
124.7,124.71,0.0
124.71,124.72,169.1535357262897
124.72,124.73,172.11028744886602
124.73,124.74,172.11028744886602
124.74,124.75,173.1073122012286
124.75,124.76,174.11011265922482
124.76,124.77,175.11872228117704
124.77,124.78,176.1331747192297
124.78,124.79,177.1535038204721
124.79,124.8,180.25009252216606
124.8,124.81,189.86842419010387
124.81,124.82,194.30638823072118
124.82,124.83,201.15858821357068
124.83,124.84,209.4588245641254
124.84,124.85,218.10154653305153
124.85,124.86,220.63576443274928
124.86,124.87,227.10088581417543
124.87,124.88,241.99881784385852
124.88,124.89,247.65527207548806
124.89,124.9,250.53288772482563
124.9,124.91,251.98420997897463
124.91,124.92,251.98420997897463
124.92,124.93,251.98420997897463
124.93,124.94,253.44393965741244
124.94,124.95,253.44393965741244
124.95,124.96,250.53288772482563
124.96,124.97,247.65527207548806
124.97,124.98,246.2288826689832
124.98,124.99,0.0
124.99,125.0,0.0
125.0,125.01,0.0
125.01,125.02,0.0
125.02,125.03,0.0
125.03,125.04,208.25243050696125
125.04,125.05,207.05298476827548
125.05,125.06,202.3238880603845
125.06,125.07,200.0
125.07,125.08,194.30638823072118
125.08,125.09,189.86842419010387
125.09,125.1,192.07458901020084
125.1,125.11,179.21192838239048
125.11,125.12,177.1535038204721
125.12,125.13,174.11011265922482
125.13,125.14,173.1073122012286
125.14,125.15,171.11900513652043
125.15,125.16,168.1792830507429
125.16,125.17,166.24757922855756
125.17,125.18,164.33806291715806
125.18,125.19,164.33806291715806
125.19,125.2,163.39154532410998
125.2,125.21,162.4504792712471
125.21,125.22,161.5148333600084
125.22,125.23,160.5845763726753
125.23,125.24,159.65967727133
125.24,125.25,159.65967727133
125.25,125.26,158.74010519681997
125.26,125.27,157.8258294677283
125.27,125.28,156.91681957935012
125.28,125.29,155.11447618337345
125.29,125.3,155.11447618337345
125.3,125.31,155.11447618337345
125.31,125.32,156.0130452026747
125.32,125.33,156.0130452026747
125.33,125.34,0.0
125.34,125.35,0.0
125.35,125.36,0.0
125.36,125.37,158.74010519681997
125.37,125.38,157.8258294677283
125.38,125.39,157.8258294677283
125.39,125.4,156.91681957935012
125.4,125.41,156.91681957935012
125.41,125.42,156.91681957935012
125.42,125.43,157.8258294677283
125.43,125.44,157.8258294677283
125.44,125.45,160.5845763726753
125.45,125.46,0.0
125.46,125.47,0.0
125.47,125.48,0.0
125.48,125.49,0.0
125.49,125.5,0.0
125.5,125.51,0.0
125.51,125.52,0.0
125.52,125.53,0.0
125.53,125.54,0.0
125.54,125.55,0.0
125.55,125.56,0.0
125.56,125.57,0.0
125.57,125.58,0.0
125.58,125.59,0.0
125.59,125.6,0.0
125.6,125.61,0.0
125.61,125.62,0.0
125.62,125.63,0.0
125.63,125.64,0.0
125.64,125.65,0.0
125.65,125.66,0.0
125.66,125.67,0.0
125.67,125.68,0.0
125.68,125.69,0.0
125.69,125.7,0.0
125.7,125.71,0.0
125.71,125.72,0.0
125.72,125.73,0.0
125.73,125.74,0.0
125.74,125.75,0.0
125.75,125.76,177.1535038204721
125.76,125.77,179.21192838239048
125.77,125.78,179.21192838239048
125.78,125.79,180.25009252216606
125.79,125.8,180.25009252216606
125.8,125.81,179.21192838239048
125.81,125.82,179.21192838239048
125.82,125.83,179.21192838239048
125.83,125.84,179.21192838239048
125.84,125.85,179.21192838239048
125.85,125.86,179.21192838239048
125.86,125.87,178.17974362806785
125.87,125.88,178.17974362806785
125.88,125.89,178.17974362806785
125.89,125.9,178.17974362806785
125.9,125.91,178.17974362806785
125.91,125.92,178.17974362806785
125.92,125.93,178.17974362806785
125.93,125.94,179.21192838239048
125.94,125.95,179.21192838239048
125.95,125.96,178.17974362806785
125.96,125.97,178.17974362806785
125.97,125.98,177.1535038204721
125.98,125.99,176.1331747192297
125.99,126.0,176.1331747192297
126.0,126.01,176.1331747192297
126.01,126.02,176.1331747192297
126.02,126.03,176.1331747192297
126.03,126.04,176.1331747192297
126.04,126.05,176.1331747192297
126.05,126.06,175.11872228117704
126.06,126.07,175.11872228117704
126.07,126.08,175.11872228117704
126.08,126.09,174.11011265922482
126.09,126.1,175.11872228117704
126.1,126.11,175.11872228117704
126.11,126.12,174.11011265922482
126.12,126.13,173.1073122012286
126.13,126.14,173.1073122012286
126.14,126.15,172.11028744886602
126.15,126.16,172.11028744886602
126.16,126.17,173.1073122012286
126.17,126.18,173.1073122012286
126.18,126.19,173.1073122012286
126.19,126.2,174.11011265922482
126.2,126.21,174.11011265922482
126.21,126.22,174.11011265922482
126.22,126.23,174.11011265922482
126.23,126.24,173.1073122012286
126.24,126.25,171.11900513652043
126.25,126.26,170.13343219017113
126.26,126.27,173.1073122012286
126.27,126.28,174.11011265922482
126.28,126.29,172.11028744886602
126.29,126.3,173.1073122012286
126.3,126.31,175.11872228117704
126.31,126.32,0.0
126.32,126.33,0.0
126.33,126.34,0.0
126.34,126.35,0.0
126.35,126.36,0.0
126.36,126.37,165.29006363084235
126.37,126.38,168.1792830507429
126.38,126.39,165.29006363084235
126.39,126.4,170.13343219017113
126.4,126.41,173.1073122012286
126.41,126.42,178.17974362806785
126.42,126.43,185.5318233882619
126.43,126.44,187.68759933422865
126.44,126.45,188.7748625363387
126.45,126.46,188.7748625363387
126.46,126.47,0.0
126.47,126.48,0.0
126.48,126.49,0.0
126.49,126.5,0.0
126.5,126.51,177.1535038204721
126.51,126.52,169.1535357262897
126.52,126.53,165.29006363084235
126.53,126.54,162.4504792712471
126.54,126.55,166.24757922855756
126.55,126.56,169.1535357262897
126.56,126.57,184.46323871718783
126.57,126.58,181.29427068562208
126.58,126.59,178.17974362806785
126.59,126.6,178.17974362806785
126.6,126.61,177.1535038204721
126.61,126.62,177.1535038204721
126.62,126.63,177.1535038204721
126.63,126.64,176.1331747192297
126.64,126.65,176.1331747192297
126.65,126.66,176.1331747192297
126.66,126.67,176.1331747192297
126.67,126.68,175.11872228117704
126.68,126.69,176.1331747192297
126.69,126.7,174.11011265922482
126.7,126.71,169.1535357262897
126.71,126.72,169.1535357262897
126.72,126.73,170.13343219017113
126.73,126.74,172.11028744886602
126.74,126.75,175.11872228117704
126.75,126.76,175.11872228117704
126.76,126.77,175.11872228117704
126.77,126.78,175.11872228117704
126.78,126.79,174.11011265922482
126.79,126.8,174.11011265922482
126.8,126.81,174.11011265922482
126.81,126.82,173.1073122012286
126.82,126.83,172.11028744886602
126.83,126.84,177.1535038204721
126.84,126.85,176.1331747192297
126.85,126.86,170.13343219017113
126.86,126.87,172.11028744886602
126.87,126.88,172.11028744886602
126.88,126.89,172.11028744886602
126.89,126.9,174.11011265922482
126.9,126.91,172.11028744886602
126.91,126.92,170.13343219017113
126.92,126.93,0.0
126.93,126.94,0.0
126.94,126.95,0.0
126.95,126.96,0.0
126.96,126.97,0.0
126.97,126.98,0.0
126.98,126.99,0.0
126.99,127.0,0.0
127.0,127.01,0.0
127.01,127.02,0.0
127.02,127.03,0.0
127.03,127.04,0.0
127.04,127.05,0.0
127.05,127.06,0.0
127.06,127.07,0.0
127.07,127.08,0.0
127.08,127.09,0.0
127.09,127.1,209.4588245641254
127.1,127.11,205.86044732869837
127.11,127.12,203.49593842053727
127.12,127.13,204.67477839935495
127.13,127.14,204.67477839935495
127.14,127.15,205.86044732869837
127.15,127.16,207.05298476827548
127.16,127.17,208.25243050696125
127.17,127.18,209.4588245641254
127.18,127.19,210.67220719096719
127.19,127.2,210.67220719096719
127.2,127.21,210.67220719096719
127.21,127.22,210.67220719096719
127.22,127.23,209.4588245641254
127.23,127.24,209.4588245641254
127.24,127.25,207.05298476827548
127.25,127.26,207.05298476827548
127.26,127.27,208.25243050696125
127.27,127.28,208.25243050696125
127.28,127.29,208.25243050696125
127.29,127.3,204.67477839935495
127.3,127.31,201.15858821357068
127.31,127.32,198.8480847635095
127.32,127.33,197.70280407057922
127.33,127.34,197.70280407057922
127.34,127.35,196.56411970905023
127.35,127.36,196.56411970905023
127.36,127.37,194.30638823072118
127.37,127.38,193.1872657849691
127.38,127.39,190.9683207820833
127.39,127.4,189.86842419010387
127.4,127.41,189.86842419010387
127.41,127.42,188.7748625363387
127.42,127.43,188.7748625363387
127.43,127.44,187.68759933422865
127.44,127.45,186.60659830736148
127.45,127.46,185.5318233882619
127.46,127.47,185.5318233882619
127.47,127.48,184.46323871718783
127.48,127.49,183.40080864093423
127.49,127.5,182.34449771164336
127.5,127.51,181.29427068562208
127.51,127.52,179.21192838239048
127.52,127.53,173.1073122012286
127.53,127.54,171.11900513652043
127.54,127.55,169.1535357262897
127.55,127.56,167.2106416577019
127.56,127.57,170.13343219017113
127.57,127.58,174.11011265922482
127.58,127.59,176.1331747192297
127.59,127.6,177.1535038204721
127.6,127.61,177.1535038204721
127.61,127.62,177.1535038204721
127.62,127.63,176.1331747192297
127.63,127.64,170.13343219017113
127.64,127.65,168.1792830507429
127.65,127.66,0.0
127.66,127.67,0.0
127.67,127.68,174.11011265922482
127.68,127.69,181.29427068562208
127.69,127.7,188.7748625363387
127.7,127.71,193.1872657849691
127.71,127.72,197.70280407057922
127.72,127.73,201.15858821357068
127.73,127.74,203.49593842053727
127.74,127.75,207.05298476827548
127.75,127.76,210.67220719096719
127.76,127.77,214.35469250725862
127.77,127.78,220.63576443274928
127.78,127.79,227.10088581417543
127.79,127.8,233.75544971224912
127.8,127.81,239.21922434748075
127.81,127.82,241.99881784385852
127.82,127.83,243.40070273411817
127.83,127.84,243.40070273411817
127.84,127.85,237.8414230005442
127.85,127.86,232.40911739156792
127.86,127.87,220.63576443274928
127.87,127.88,235.10958125672175
127.88,127.89,0.0
127.89,127.9,0.0
127.9,127.91,0.0
127.91,127.92,0.0
127.92,127.93,0.0
127.93,127.94,0.0
127.94,127.95,0.0
127.95,127.96,198.8480847635095
127.96,127.97,188.7748625363387
127.97,127.98,184.46323871718783
127.98,127.99,181.29427068562208
127.99,128.0,179.21192838239048
128.0,128.01,179.21192838239048
128.01,128.02,178.17974362806785
128.02,128.03,177.1535038204721
128.03,128.04,177.1535038204721
128.04,128.05,178.17974362806785
128.05,128.06,178.17974362806785
128.06,128.07,178.17974362806785
128.07,128.08,177.1535038204721
128.08,128.09,178.17974362806785
128.09,128.1,180.25009252216606
128.1,128.11,181.29427068562208
128.11,128.12,182.34449771164336
128.12,128.13,183.40080864093423
128.13,128.14,182.34449771164336
128.14,128.15,181.29427068562208
128.15,128.16,180.25009252216606
128.16,128.17,180.25009252216606
128.17,128.18,179.21192838239048
128.18,128.19,179.21192838239048
128.19,128.2,180.25009252216606
128.2,128.21,0.0
128.21,128.22,0.0
128.22,128.23,185.5318233882619
128.23,128.24,185.5318233882619
128.24,128.25,184.46323871718783
128.25,128.26,184.46323871718783
128.26,128.27,184.46323871718783
128.27,128.28,183.40080864093423
128.28,128.29,183.40080864093423
128.29,128.3,183.40080864093423
128.3,128.31,180.25009252216606
128.31,128.32,182.34449771164336
128.32,128.33,181.29427068562208
128.33,128.34,181.29427068562208
128.34,128.35,181.29427068562208
128.35,128.36,179.21192838239048
128.36,128.37,178.17974362806785
128.37,128.38,177.1535038204721
128.38,128.39,177.1535038204721
128.39,128.4,176.1331747192297
128.4,128.41,176.1331747192297
128.41,128.42,176.1331747192297
128.42,128.43,176.1331747192297
128.43,128.44,176.1331747192297
128.44,128.45,176.1331747192297
128.45,128.46,175.11872228117704
128.46,128.47,175.11872228117704
128.47,128.48,174.11011265922482
128.48,128.49,0.0
128.49,128.5,0.0
128.5,128.51,0.0
128.51,128.52,0.0
128.52,128.53,0.0
128.53,128.54,0.0
128.54,128.55,0.0
128.55,128.56,0.0
128.56,128.57,179.21192838239048
128.57,128.58,186.60659830736148
128.58,128.59,182.34449771164336
128.59,128.6,180.25009252216606
128.6,128.61,178.17974362806785
128.61,128.62,176.1331747192297
128.62,128.63,173.1073122012286
128.63,128.64,171.11900513652043
128.64,128.65,169.1535357262897
128.65,128.66,166.24757922855756
128.66,128.67,184.46323871718783
128.67,128.68,175.11872228117704
128.68,128.69,175.11872228117704
128.69,128.7,174.11011265922482
128.7,128.71,172.11028744886602
128.71,128.72,171.11900513652043
128.72,128.73,170.13343219017113
128.73,128.74,169.1535357262897
128.74,128.75,162.4504792712471
128.75,128.76,157.8258294677283
128.76,128.77,0.0
128.77,128.78,0.0
128.78,128.79,0.0
128.79,128.8,0.0
128.8,128.81,0.0
128.81,128.82,0.0
128.82,128.83,0.0
128.83,128.84,0.0
128.84,128.85,208.25243050696125
128.85,128.86,208.25243050696125
128.86,128.87,207.05298476827548
128.87,128.88,207.05298476827548
128.88,128.89,209.4588245641254
128.89,128.9,204.67477839935495
128.9,128.91,0.0
128.91,128.92,0.0
128.92,128.93,0.0
128.93,128.94,0.0
128.94,128.95,0.0
128.95,128.96,0.0
128.96,128.97,0.0
128.97,128.98,0.0
128.98,128.99,0.0
128.99,129.0,0.0
129.0,129.01,0.0
129.01,129.02,0.0
129.02,129.03,0.0
129.03,129.04,175.11872228117704
129.04,129.05,175.11872228117704
129.05,129.06,174.11011265922482
129.06,129.07,174.11011265922482
129.07,129.08,174.11011265922482
129.08,129.09,174.11011265922482
129.09,129.1,174.11011265922482
129.1,129.11,175.11872228117704
129.11,129.12,175.11872228117704
129.12,129.13,174.11011265922482
129.13,129.14,174.11011265922482
129.14,129.15,173.1073122012286
129.15,129.16,171.11900513652043
129.16,129.17,168.1792830507429
129.17,129.18,168.1792830507429
129.18,129.19,166.24757922855756
129.19,129.2,167.2106416577019
129.2,129.21,167.2106416577019
129.21,129.22,166.24757922855756
129.22,129.23,166.24757922855756
129.23,129.24,165.29006363084235
129.24,129.25,163.39154532410998
129.25,129.26,161.5148333600084
129.26,129.27,164.33806291715806
129.27,129.28,164.33806291715806
129.28,129.29,161.5148333600084
129.29,129.3,161.5148333600084
129.3,129.31,157.8258294677283
129.31,129.32,153.33283446696007
129.32,129.33,151.57165665103983
129.33,129.34,152.4497023255762
129.34,129.35,153.33283446696007
129.35,129.36,0.0
129.36,129.37,0.0
129.37,129.38,0.0
129.38,129.39,0.0
129.39,129.4,0.0
129.4,129.41,0.0
129.41,129.42,173.1073122012286
129.42,129.43,172.11028744886602
129.43,129.44,171.11900513652043
129.44,129.45,170.13343219017113
129.45,129.46,169.1535357262897
129.46,129.47,168.1792830507429
129.47,129.48,168.1792830507429
129.48,129.49,165.29006363084235
129.49,129.5,168.1792830507429
129.5,129.51,169.1535357262897
129.51,129.52,171.11900513652043
129.52,129.53,170.13343219017113
129.53,129.54,169.1535357262897
129.54,129.55,169.1535357262897
129.55,129.56,166.24757922855756
129.56,129.57,165.29006363084235
129.57,129.58,164.33806291715806
129.58,129.59,163.39154532410998
129.59,129.6,162.4504792712471
129.6,129.61,160.5845763726753
129.61,129.62,156.0130452026747
129.62,129.63,159.65967727133
129.63,129.64,160.5845763726753
129.64,129.65,160.5845763726753
129.65,129.66,159.65967727133
129.66,129.67,158.74010519681997
129.67,129.68,157.8258294677283
129.68,129.69,156.0130452026747
129.69,129.7,155.11447618337345
129.7,129.71,159.65967727133
129.71,129.72,163.39154532410998
129.72,129.73,167.2106416577019
129.73,129.74,163.39154532410998
129.74,129.75,161.5148333600084
129.75,129.76,160.5845763726753
129.76,129.77,159.65967727133
129.77,129.78,158.74010519681997
129.78,129.79,157.8258294677283
129.79,129.8,156.0130452026747
129.8,129.81,0.0
129.81,129.82,0.0
129.82,129.83,0.0
129.83,129.84,0.0
129.84,129.85,0.0
129.85,129.86,0.0
129.86,129.87,0.0
129.87,129.88,0.0
129.88,129.89,0.0
129.89,129.9,0.0
129.9,129.91,0.0
129.91,129.92,0.0
129.92,129.93,0.0
129.93,129.94,158.74010519681997
129.94,129.95,159.65967727133
129.95,129.96,159.65967727133
129.96,129.97,160.5845763726753
129.97,129.98,160.5845763726753
129.98,129.99,160.5845763726753
129.99,130.0,159.65967727133
130.0,130.01,156.91681957935012
130.01,130.02,0.0
130.02,130.03,156.0130452026747
130.03,130.04,155.11447618337345
130.04,130.05,154.22108254079407
130.05,130.06,152.4497023255762
130.06,130.07,150.69866814745757
130.07,130.08,148.96774631227024
130.08,130.09,147.25670581005258
130.09,130.1,146.40856959456255
130.1,130.11,146.40856959456255
130.11,130.12,145.56531828421873
130.12,130.13,144.7269237440378
130.13,130.14,143.893358001082
130.14,130.15,143.893358001082
130.15,130.16,143.893358001082
130.16,130.17,143.893358001082
130.17,130.18,143.893358001082
130.18,130.19,142.24060181972814
130.19,130.2,143.893358001082
130.2,130.21,144.7269237440378
130.21,130.22,144.7269237440378
130.22,130.23,143.893358001082
130.23,130.24,143.893358001082
130.24,130.25,143.06459324352582
130.25,130.26,143.893358001082
130.26,130.27,144.7269237440378
130.27,130.28,144.7269237440378
130.28,130.29,0.0
130.29,130.3,0.0
130.3,130.31,0.0
130.31,130.32,0.0
130.32,130.33,0.0
130.33,130.34,0.0
130.34,130.35,0.0
130.35,130.36,0.0
130.36,130.37,0.0
130.37,130.38,0.0
130.38,130.39,0.0
130.39,130.4,0.0
130.4,130.41,0.0
130.41,130.42,0.0
130.42,130.43,0.0
130.43,130.44,0.0
130.44,130.45,0.0
130.45,130.46,0.0
130.46,130.47,0.0
130.47,130.48,0.0
130.48,130.49,0.0
130.49,130.5,0.0
130.5,130.51,0.0
130.51,130.52,0.0
130.52,130.53,0.0
130.53,130.54,0.0
130.54,130.55,50.28964705339267
130.55,130.56,50.0
130.56,130.57,50.0
130.57,130.58,50.0
130.58,130.59,50.58097201509612
130.59,130.6,51.76324619206888
130.6,130.61,51.46511183217461
130.61,130.62,50.87398460513432
130.62,130.63,52.364706141031334
130.63,130.64,52.063107626740326
130.64,130.65,52.063107626740326
130.65,130.66,52.063107626740326
130.66,130.67,0.0
130.67,130.68,0.0
130.68,130.69,0.0
130.69,130.7,0.0
130.7,130.71,0.0
130.71,130.72,0.0
130.72,130.73,0.0
130.73,130.74,0.0
130.74,130.75,0.0
130.75,130.76,0.0
130.76,130.77,0.0
130.77,130.78,0.0
130.78,130.79,0.0
130.79,130.8,0.0
130.8,130.81,0.0
130.81,130.82,0.0
130.82,130.83,0.0
130.83,130.84,0.0
130.84,130.85,0.0
130.85,130.86,0.0
130.86,130.87,0.0
130.87,130.88,0.0
130.88,130.89,0.0
130.89,130.9,0.0
130.9,130.91,0.0
130.91,130.92,0.0
130.92,130.93,0.0
130.93,130.94,0.0
130.94,130.95,0.0
130.95,130.96,0.0
130.96,130.97,0.0
130.97,130.98,0.0
130.98,130.99,0.0
130.99,131.0,0.0
131.0,131.01,0.0
131.01,131.02,0.0
131.02,131.03,0.0
131.03,131.04,0.0
131.04,131.05,0.0
131.05,131.06,0.0
131.06,131.07,0.0
131.07,131.08,0.0
131.08,131.09,0.0
131.09,131.1,0.0
131.1,131.11,0.0
131.11,131.12,0.0
131.12,131.13,0.0
131.13,131.14,0.0
131.14,131.15,0.0
131.15,131.16,0.0
131.16,131.17,0.0
131.17,131.18,0.0
131.18,131.19,158.74010519681997
131.19,131.2,162.4504792712471
131.2,131.21,162.4504792712471
131.21,131.22,160.5845763726753
131.22,131.23,163.39154532410998
131.23,131.24,159.65967727133
131.24,131.25,148.96774631227024
131.25,131.26,156.91681957935012
131.26,131.27,158.74010519681997
131.27,131.28,171.11900513652043
131.28,131.29,0.0
131.29,131.3,0.0
131.3,131.31,0.0
131.31,131.32,188.7748625363387
131.32,131.33,188.7748625363387
131.33,131.34,189.86842419010387
131.34,131.35,188.7748625363387
131.35,131.36,188.7748625363387
131.36,131.37,188.7748625363387
131.37,131.38,187.68759933422865
131.38,131.39,185.5318233882619
131.39,131.4,189.86842419010387
131.4,131.41,193.1872657849691
131.41,131.42,193.1872657849691
131.42,131.43,192.07458901020084
131.43,131.44,192.07458901020084
131.44,131.45,190.9683207820833
131.45,131.46,189.86842419010387
131.46,131.47,188.7748625363387
131.47,131.48,187.68759933422865
131.48,131.49,185.5318233882619
131.49,131.5,192.07458901020084
131.5,131.51,0.0
131.51,131.52,0.0
131.52,131.53,0.0
131.53,131.54,220.63576443274928
131.54,131.55,231.07053937445463
131.55,131.56,233.75544971224912
131.56,131.57,236.47155720542963
131.57,131.58,237.8414230005442
131.58,131.59,241.99881784385852
131.59,131.6,247.65527207548806
131.6,131.61,251.98420997897463
131.61,131.62,254.91212546385245
131.62,131.63,256.3888163841458
131.63,131.64,256.3888163841458
131.64,131.65,253.44393965741244
131.65,131.66,232.40911739156792
131.66,131.67,225.79288096122622
131.67,131.68,221.91389441356898
131.68,131.69,224.49240966187455
131.69,131.7,0.0
131.7,131.71,0.0
131.71,131.72,0.0
131.72,131.73,0.0
131.73,131.74,0.0
131.74,131.75,0.0
131.75,131.76,0.0
131.76,131.77,0.0
131.77,131.78,0.0
131.78,131.79,210.67220719096719
131.79,131.8,207.05298476827548
131.8,131.81,204.67477839935495
131.81,131.82,203.49593842053727
131.82,131.83,201.15858821357068
131.83,131.84,195.43199368684918
131.84,131.85,188.7748625363387
131.85,131.86,186.60659830736148
131.86,131.87,182.34449771164336
131.87,131.88,180.25009252216606
131.88,131.89,178.17974362806785
131.89,131.9,179.21192838239048
131.9,131.91,180.25009252216606
131.91,131.92,181.29427068562208
131.92,131.93,181.29427068562208
131.93,131.94,181.29427068562208
131.94,131.95,180.25009252216606
131.95,131.96,176.1331747192297
131.96,131.97,173.1073122012286
131.97,131.98,0.0
131.98,131.99,0.0
131.99,132.0,0.0
132.0,132.01,0.0
132.01,132.02,0.0
132.02,132.03,196.56411970905023
132.03,132.04,201.15858821357068
132.04,132.05,202.3238880603845
132.05,132.06,201.15858821357068
132.06,132.07,197.70280407057922
132.07,132.08,195.43199368684918
132.08,132.09,194.30638823072118
132.09,132.1,193.1872657849691
132.1,132.11,192.07458901020084
132.11,132.12,192.07458901020084
132.12,132.13,189.86842419010387
132.13,132.14,187.68759933422865
132.14,132.15,186.60659830736148
132.15,132.16,185.5318233882619
132.16,132.17,184.46323871718783
132.17,132.18,182.34449771164336
132.18,132.19,181.29427068562208
132.19,132.2,179.21192838239048
132.2,132.21,177.1535038204721
132.21,132.22,174.11011265922482
132.22,132.23,171.11900513652043
132.23,132.24,169.1535357262897
132.24,132.25,168.1792830507429
132.25,132.26,168.1792830507429
132.26,132.27,168.1792830507429
132.27,132.28,167.2106416577019
132.28,132.29,167.2106416577019
132.29,132.3,167.2106416577019
132.3,132.31,167.2106416577019
132.31,132.32,168.1792830507429
132.32,132.33,170.13343219017113
132.33,132.34,167.2106416577019
132.34,132.35,166.24757922855756
132.35,132.36,169.1535357262897
132.36,132.37,170.13343219017113
132.37,132.38,171.11900513652043
132.38,132.39,171.11900513652043
132.39,132.4,171.11900513652043
132.4,132.41,171.11900513652043
132.41,132.42,171.11900513652043
132.42,132.43,170.13343219017113
132.43,132.44,168.1792830507429
132.44,132.45,167.2106416577019
132.45,132.46,171.11900513652043
132.46,132.47,173.1073122012286
132.47,132.48,173.1073122012286
132.48,132.49,173.1073122012286
132.49,132.5,172.11028744886602
132.5,132.51,172.11028744886602
132.51,132.52,171.11900513652043
132.52,132.53,170.13343219017113
132.53,132.54,170.13343219017113
132.54,132.55,170.13343219017113
132.55,132.56,170.13343219017113
132.56,132.57,170.13343219017113
132.57,132.58,170.13343219017113
132.58,132.59,171.11900513652043
132.59,132.6,0.0
132.6,132.61,0.0
132.61,132.62,0.0
132.62,132.63,173.1073122012286
132.63,132.64,170.13343219017113
132.64,132.65,169.1535357262897
132.65,132.66,168.1792830507429
132.66,132.67,168.1792830507429
132.67,132.68,168.1792830507429
132.68,132.69,168.1792830507429
132.69,132.7,168.1792830507429
132.7,132.71,167.2106416577019
132.71,132.72,167.2106416577019
132.72,132.73,167.2106416577019
132.73,132.74,166.24757922855756
132.74,132.75,166.24757922855756
132.75,132.76,166.24757922855756
132.76,132.77,166.24757922855756
132.77,132.78,166.24757922855756
132.78,132.79,165.29006363084235
132.79,132.8,165.29006363084235
132.8,132.81,164.33806291715806
132.81,132.82,164.33806291715806
132.82,132.83,163.39154532410998
132.83,132.84,163.39154532410998
132.84,132.85,163.39154532410998
132.85,132.86,163.39154532410998
132.86,132.87,163.39154532410998
132.87,132.88,162.4504792712471
132.88,132.89,162.4504792712471
132.89,132.9,162.4504792712471
132.9,132.91,161.5148333600084
132.91,132.92,160.5845763726753
132.92,132.93,159.65967727133
132.93,132.94,159.65967727133
132.94,132.95,159.65967727133
132.95,132.96,159.65967727133
132.96,132.97,159.65967727133
132.97,132.98,159.65967727133
132.98,132.99,159.65967727133
132.99,133.0,159.65967727133
133.0,133.01,158.74010519681997
133.01,133.02,158.74010519681997
133.02,133.03,158.74010519681997
133.03,133.04,157.8258294677283
133.04,133.05,157.8258294677283
133.05,133.06,156.91681957935012
133.06,133.07,155.11447618337345
133.07,133.08,155.11447618337345
133.08,133.09,154.22108254079407
133.09,133.1,153.33283446696007
133.1,133.11,152.4497023255762
133.11,133.12,150.69866814745757
133.12,133.13,149.83070768766817
133.13,133.14,148.96774631227024
133.14,133.15,148.96774631227024
133.15,133.16,148.1097552286564
133.16,133.17,0.0
133.17,133.18,0.0
133.18,133.19,0.0
133.19,133.2,0.0
133.2,133.21,0.0
133.21,133.22,0.0
133.22,133.23,0.0
133.23,133.24,0.0
133.24,133.25,0.0
133.25,133.26,0.0
133.26,133.27,0.0
133.27,133.28,0.0
133.28,133.29,0.0
133.29,133.3,0.0
133.3,133.31,0.0
133.31,133.32,0.0
133.32,133.33,0.0
133.33,133.34,0.0
133.34,133.35,0.0
133.35,133.36,0.0
133.36,133.37,0.0
133.37,133.38,0.0
133.38,133.39,0.0
133.39,133.4,0.0
133.4,133.41,0.0
133.41,133.42,0.0
133.42,133.43,0.0
133.43,133.44,0.0
133.44,133.45,0.0
133.45,133.46,0.0
133.46,133.47,0.0
133.47,133.48,0.0
133.48,133.49,0.0
133.49,133.5,0.0
133.5,133.51,0.0
133.51,133.52,0.0
133.52,133.53,164.33806291715806
133.53,133.54,166.24757922855756
133.54,133.55,168.1792830507429
133.55,133.56,174.11011265922482
133.56,133.57,186.60659830736148
133.57,133.58,201.15858821357068
133.58,133.59,225.79288096122622
133.59,133.6,236.47155720542963
133.6,133.61,239.21922434748075
133.61,133.62,246.2288826689832
133.62,133.63,246.2288826689832
133.63,133.64,244.81070866093103
133.64,133.65,233.75544971224912
133.65,133.66,219.36499593892518
133.66,133.67,211.89261887185907
133.67,133.68,208.25243050696125
133.68,133.69,202.3238880603845
133.69,133.7,198.8480847635095
133.7,133.71,195.43199368684918
133.71,133.72,192.07458901020084
133.72,133.73,187.68759933422865
133.73,133.74,183.40080864093423
133.74,133.75,179.21192838239048
133.75,133.76,177.1535038204721
133.76,133.77,176.1331747192297
133.77,133.78,176.1331747192297
133.78,133.79,180.25009252216606
133.79,133.8,184.46323871718783
133.8,133.81,184.46323871718783
133.81,133.82,184.46323871718783
133.82,133.83,183.40080864093423
133.83,133.84,183.40080864093423
133.84,133.85,182.34449771164336
133.85,133.86,182.34449771164336
133.86,133.87,181.29427068562208
133.87,133.88,179.21192838239048
133.88,133.89,179.21192838239048
133.89,133.9,178.17974362806785
133.9,133.91,177.1535038204721
133.91,133.92,177.1535038204721
133.92,133.93,177.1535038204721
133.93,133.94,176.1331747192297
133.94,133.95,176.1331747192297
133.95,133.96,176.1331747192297
133.96,133.97,176.1331747192297
133.97,133.98,178.17974362806785
133.98,133.99,180.25009252216606
133.99,134.0,181.29427068562208
134.0,134.01,182.34449771164336
134.01,134.02,182.34449771164336
134.02,134.03,185.5318233882619
134.03,134.04,188.7748625363387
134.04,134.05,189.86842419010387
134.05,134.06,190.9683207820833
134.06,134.07,193.1872657849691
134.07,134.08,195.43199368684918
134.08,134.09,198.8480847635095
134.09,134.1,202.3238880603845
134.1,134.11,204.67477839935495
134.11,134.12,208.25243050696125
134.12,134.13,209.4588245641254
134.13,134.14,213.12010032569688
134.14,134.15,214.35469250725862
134.15,134.16,211.89261887185907
134.16,134.17,0.0
134.17,134.18,0.0
134.18,134.19,0.0
134.19,134.2,0.0
134.2,134.21,0.0
134.21,134.22,0.0
134.22,134.23,0.0
134.23,134.24,0.0
134.24,134.25,0.0
134.25,134.26,0.0
134.26,134.27,0.0
134.27,134.28,0.0
134.28,134.29,0.0
134.29,134.3,0.0
134.3,134.31,0.0
134.31,134.32,0.0
134.32,134.33,0.0
134.33,134.34,0.0
134.34,134.35,0.0
134.35,134.36,0.0
134.36,134.37,0.0
134.37,134.38,0.0
134.38,134.39,0.0
134.39,134.4,0.0
134.4,134.41,0.0
134.41,134.42,0.0
134.42,134.43,0.0
134.43,134.44,0.0
134.44,134.45,0.0
134.45,134.46,0.0
134.46,134.47,0.0
134.47,134.48,0.0
134.48,134.49,0.0
134.49,134.5,0.0
134.5,134.51,0.0
134.51,134.52,0.0
134.52,134.53,0.0
134.53,134.54,0.0
134.54,134.55,0.0
134.55,134.56,0.0
134.56,134.57,0.0
134.57,134.58,0.0
134.58,134.59,0.0
134.59,134.6,0.0
134.6,134.61,0.0
134.61,134.62,0.0
134.62,134.63,0.0
134.63,134.64,0.0
134.64,134.65,0.0
134.65,134.66,0.0
134.66,134.67,0.0
134.67,134.68,0.0
134.68,134.69,0.0
134.69,134.7,0.0
134.7,134.71,0.0
134.71,134.72,0.0
134.72,134.73,0.0
134.73,134.74,0.0
134.74,134.75,241.99881784385852
134.75,134.76,250.53288772482563
134.76,134.77,254.91212546385245
134.77,134.78,262.38162088748976
134.78,134.79,271.6344887654643
134.79,134.8,279.5939868358039
134.8,134.81,279.5939868358039
134.81,134.82,279.5939868358039
134.82,134.83,287.786716002164
134.83,134.84,276.38257599355524
134.84,134.85,277.98364396846745
134.85,134.86,279.5939868358039
134.86,134.87,0.0
134.87,134.88,0.0
134.88,134.89,0.0
134.89,134.9,0.0
134.9,134.91,0.0
134.91,134.92,0.0
134.92,134.93,0.0
134.93,134.94,0.0
134.94,134.95,223.1994285260446
134.95,134.96,223.1994285260446
134.96,134.97,221.91389441356898
134.97,134.98,220.63576443274928
134.98,134.99,215.59643660857103
134.99,135.0,205.86044732869837
135.0,135.01,193.1872657849691
135.01,135.02,192.07458901020084
135.02,135.03,190.9683207820833
135.03,135.04,0.0
135.04,135.05,0.0
135.05,135.06,193.1872657849691
135.06,135.07,189.86842419010387
135.07,135.08,187.68759933422865
135.08,135.09,186.60659830736148
135.09,135.1,184.46323871718783
135.1,135.11,183.40080864093423
135.11,135.12,184.46323871718783
135.12,135.13,182.34449771164336
135.13,135.14,190.9683207820833
135.14,135.15,190.9683207820833
135.15,135.16,189.86842419010387
135.16,135.17,190.9683207820833
135.17,135.18,193.1872657849691
135.18,135.19,201.15858821357068
135.19,135.2,202.3238880603845
135.2,135.21,202.3238880603845
135.21,135.22,204.67477839935495
135.22,135.23,201.15858821357068
135.23,135.24,196.56411970905023
135.24,135.25,194.30638823072118
135.25,135.26,194.30638823072118
135.26,135.27,195.43199368684918
135.27,135.28,195.43199368684918
135.28,135.29,196.56411970905023
135.29,135.3,197.70280407057922
135.3,135.31,200.0
135.31,135.32,0.0
135.32,135.33,232.40911739156792
135.33,135.34,229.73967099940702
135.34,135.35,227.10088581417543
135.35,135.36,227.10088581417543
135.36,135.37,223.1994285260446
135.37,135.38,213.12010032569688
135.38,135.39,205.86044732869837
135.39,135.4,200.0
135.4,135.41,194.30638823072118
135.41,135.42,187.68759933422865
135.42,135.43,185.5318233882619
135.43,135.44,183.40080864093423
135.44,135.45,182.34449771164336
135.45,135.46,180.25009252216606
135.46,135.47,179.21192838239048
135.47,135.48,178.17974362806785
135.48,135.49,178.17974362806785
135.49,135.5,177.1535038204721
135.5,135.51,176.1331747192297
135.51,135.52,175.11872228117704
135.52,135.53,175.11872228117704
135.53,135.54,177.1535038204721
135.54,135.55,178.17974362806785
135.55,135.56,178.17974362806785
135.56,135.57,177.1535038204721
135.57,135.58,175.11872228117704
135.58,135.59,174.11011265922482
135.59,135.6,173.1073122012286
135.6,135.61,171.11900513652043
135.61,135.62,170.13343219017113
135.62,135.63,169.1535357262897
135.63,135.64,179.21192838239048
135.64,135.65,184.46323871718783
135.65,135.66,184.46323871718783
135.66,135.67,184.46323871718783
135.67,135.68,183.40080864093423
135.68,135.69,182.34449771164336
135.69,135.7,180.25009252216606
135.7,135.71,178.17974362806785
135.71,135.72,174.11011265922482
135.72,135.73,166.24757922855756
135.73,135.74,0.0
135.74,135.75,0.0
135.75,135.76,0.0
135.76,135.77,0.0
135.77,135.78,0.0
135.78,135.79,0.0
135.79,135.8,0.0
135.8,135.81,0.0
135.81,135.82,0.0
135.82,135.83,0.0
135.83,135.84,0.0
135.84,135.85,225.79288096122622
135.85,135.86,223.1994285260446
135.86,135.87,221.91389441356898
135.87,135.88,220.63576443274928
135.88,135.89,219.36499593892518
135.89,135.9,218.10154653305153
135.9,135.91,215.59643660857103
135.91,135.92,209.4588245641254
135.92,135.93,196.56411970905023
135.93,135.94,192.07458901020084
135.94,135.95,187.68759933422865
135.95,135.96,184.46323871718783
135.96,135.97,181.29427068562208
135.97,135.98,183.40080864093423
135.98,135.99,183.40080864093423
135.99,136.0,183.40080864093423
136.0,136.01,182.34449771164336
136.01,136.02,181.29427068562208
136.02,136.03,180.25009252216606
136.03,136.04,179.21192838239048
136.04,136.05,179.21192838239048
136.05,136.06,180.25009252216606
136.06,136.07,181.29427068562208
136.07,136.08,181.29427068562208
136.08,136.09,181.29427068562208
136.09,136.1,181.29427068562208
136.1,136.11,182.34449771164336
136.11,136.12,182.34449771164336
136.12,136.13,181.29427068562208
136.13,136.14,180.25009252216606
136.14,136.15,179.21192838239048
136.15,136.16,177.1535038204721
136.16,136.17,177.1535038204721
136.17,136.18,176.1331747192297
136.18,136.19,177.1535038204721
136.19,136.2,176.1331747192297
136.2,136.21,174.11011265922482
136.21,136.22,172.11028744886602
136.22,136.23,171.11900513652043
136.23,136.24,170.13343219017113
136.24,136.25,169.1535357262897
136.25,136.26,168.1792830507429
136.26,136.27,168.1792830507429
136.27,136.28,166.24757922855756
136.28,136.29,164.33806291715806
136.29,136.3,169.1535357262897
136.3,136.31,167.2106416577019
136.31,136.32,166.24757922855756
136.32,136.33,0.0
136.33,136.34,167.2106416577019
136.34,136.35,165.29006363084235
136.35,136.36,165.29006363084235
136.36,136.37,164.33806291715806
136.37,136.38,163.39154532410998
136.38,136.39,162.4504792712471
136.39,136.4,162.4504792712471
136.4,136.41,161.5148333600084
136.41,136.42,160.5845763726753
136.42,136.43,162.4504792712471
136.43,136.44,163.39154532410998
136.44,136.45,163.39154532410998
136.45,136.46,163.39154532410998
136.46,136.47,163.39154532410998
136.47,136.48,163.39154532410998
136.48,136.49,163.39154532410998
136.49,136.5,162.4504792712471
136.5,136.51,162.4504792712471
136.51,136.52,161.5148333600084
136.52,136.53,161.5148333600084
136.53,136.54,168.1792830507429
136.54,136.55,164.33806291715806
136.55,136.56,161.5148333600084
136.56,136.57,160.5845763726753
136.57,136.58,160.5845763726753
136.58,136.59,160.5845763726753
136.59,136.6,160.5845763726753
136.6,136.61,160.5845763726753
136.61,136.62,160.5845763726753
136.62,136.63,161.5148333600084
136.63,136.64,160.5845763726753
136.64,136.65,160.5845763726753
136.65,136.66,160.5845763726753
136.66,136.67,159.65967727133
136.67,136.68,158.74010519681997
136.68,136.69,157.8258294677283
136.69,136.7,156.0130452026747
136.7,136.71,156.91681957935012
136.71,136.72,159.65967727133
136.72,136.73,159.65967727133
136.73,136.74,159.65967727133
136.74,136.75,159.65967727133
136.75,136.76,159.65967727133
136.76,136.77,159.65967727133
136.77,136.78,159.65967727133
136.78,136.79,0.0
136.79,136.8,0.0
136.8,136.81,182.34449771164336
136.81,136.82,183.40080864093423
136.82,136.83,183.40080864093423
136.83,136.84,182.34449771164336
136.84,136.85,180.25009252216606
136.85,136.86,179.21192838239048
136.86,136.87,177.1535038204721
136.87,136.88,172.11028744886602
136.88,136.89,166.24757922855756
136.89,136.9,162.4504792712471
136.9,136.91,162.4504792712471
136.91,136.92,168.1792830507429
136.92,136.93,168.1792830507429
136.93,136.94,168.1792830507429
136.94,136.95,168.1792830507429
136.95,136.96,167.2106416577019
136.96,136.97,167.2106416577019
136.97,136.98,166.24757922855756
136.98,136.99,164.33806291715806
136.99,137.0,162.4504792712471
137.0,137.01,162.4504792712471
137.01,137.02,163.39154532410998
137.02,137.03,162.4504792712471
137.03,137.04,162.4504792712471
137.04,137.05,162.4504792712471
137.05,137.06,161.5148333600084
137.06,137.07,160.5845763726753
137.07,137.08,159.65967727133
137.08,137.09,158.74010519681997
137.09,137.1,158.74010519681997
137.1,137.11,159.65967727133
137.11,137.12,158.74010519681997
137.12,137.13,155.11447618337345
137.13,137.14,149.83070768766817
137.14,137.15,148.1097552286564
137.15,137.16,0.0
137.16,137.17,0.0
137.17,137.18,0.0
137.18,137.19,0.0
137.19,137.2,0.0
137.2,137.21,0.0
137.21,137.22,0.0
137.22,137.23,0.0
137.23,137.24,0.0
137.24,137.25,0.0
137.25,137.26,0.0
137.26,137.27,0.0
137.27,137.28,0.0
137.28,137.29,0.0
137.29,137.3,0.0
137.3,137.31,0.0
137.31,137.32,0.0
137.32,137.33,0.0
137.33,137.34,0.0
137.34,137.35,0.0
137.35,137.36,0.0
137.36,137.37,0.0
137.37,137.38,0.0
137.38,137.39,0.0
137.39,137.4,0.0
137.4,137.41,0.0
137.41,137.42,0.0
137.42,137.43,0.0
137.43,137.44,0.0
137.44,137.45,0.0
137.45,137.46,0.0
137.46,137.47,0.0
137.47,137.48,0.0
137.48,137.49,0.0
137.49,137.5,0.0
137.5,137.51,0.0
137.51,137.52,0.0
137.52,137.53,0.0
137.53,137.54,0.0
137.54,137.55,0.0
137.55,137.56,0.0
137.56,137.57,0.0
137.57,137.58,0.0
137.58,137.59,0.0
137.59,137.6,0.0
137.6,137.61,0.0
137.61,137.62,0.0
137.62,137.63,0.0
137.63,137.64,0.0
137.64,137.65,0.0
137.65,137.66,0.0
137.66,137.67,0.0
137.67,137.68,0.0
137.68,137.69,0.0
137.69,137.7,0.0
137.7,137.71,0.0
137.71,137.72,0.0
137.72,137.73,0.0
137.73,137.74,0.0
137.74,137.75,0.0
137.75,137.76,0.0
137.76,137.77,0.0
137.77,137.78,0.0
137.78,137.79,0.0
137.79,137.8,0.0
137.8,137.81,0.0
137.81,137.82,0.0
137.82,137.83,0.0
137.83,137.84,0.0
137.84,137.85,0.0
137.85,137.86,0.0
137.86,137.87,0.0
137.87,137.88,0.0
137.88,137.89,0.0
137.89,137.9,0.0
137.9,137.91,0.0
137.91,137.92,0.0
137.92,137.93,0.0
137.93,137.94,0.0
137.94,137.95,0.0
137.95,137.96,0.0
137.96,137.97,0.0
137.97,137.98,0.0
137.98,137.99,0.0
137.99,138.0,0.0
138.0,138.01,0.0
138.01,138.02,0.0
138.02,138.03,0.0
138.03,138.04,0.0
138.04,138.05,0.0
138.05,138.06,0.0
138.06,138.07,0.0
138.07,138.08,0.0
138.08,138.09,0.0
138.09,138.1,0.0
138.1,138.11,0.0
138.11,138.12,0.0
138.12,138.13,0.0
138.13,138.14,0.0
138.14,138.15,0.0
138.15,138.16,0.0
138.16,138.17,0.0
138.17,138.18,0.0
138.18,138.19,0.0
138.19,138.2,0.0
138.2,138.21,0.0
138.21,138.22,0.0
138.22,138.23,0.0
138.23,138.24,0.0
138.24,138.25,0.0
138.25,138.26,0.0
138.26,138.27,0.0
138.27,138.28,0.0
138.28,138.29,0.0
138.29,138.3,0.0
138.3,138.31,0.0
138.31,138.32,0.0
138.32,138.33,0.0
138.33,138.34,0.0
138.34,138.35,0.0
138.35,138.36,0.0
138.36,138.37,0.0
138.37,138.38,0.0
138.38,138.39,0.0
138.39,138.4,0.0
138.4,138.41,0.0
138.41,138.42,0.0
138.42,138.43,0.0
138.43,138.44,0.0
138.44,138.45,0.0
138.45,138.46,0.0
138.46,138.47,0.0
138.47,138.48,0.0
138.48,138.49,0.0
138.49,138.5,0.0
138.5,138.51,0.0
138.51,138.52,0.0
138.52,138.53,0.0
138.53,138.54,0.0
138.54,138.55,0.0
138.55,138.56,0.0
138.56,138.57,0.0
138.57,138.58,0.0
138.58,138.59,0.0
138.59,138.6,0.0
138.6,138.61,0.0
138.61,138.62,0.0
138.62,138.63,0.0
138.63,138.64,0.0
138.64,138.65,0.0
138.65,138.66,0.0
138.66,138.67,0.0
138.67,138.68,0.0
138.68,138.69,0.0
138.69,138.7,0.0
138.7,138.71,0.0
138.71,138.72,0.0
138.72,138.73,0.0
138.73,138.74,0.0
138.74,138.75,0.0
138.75,138.76,0.0
138.76,138.77,0.0
138.77,138.78,0.0
138.78,138.79,0.0
138.79,138.8,0.0
138.8,138.81,0.0
138.81,138.82,0.0
138.82,138.83,0.0
138.83,138.84,0.0
138.84,138.85,0.0
138.85,138.86,0.0
138.86,138.87,0.0
138.87,138.88,0.0
138.88,138.89,0.0
138.89,138.9,0.0
138.9,138.91,0.0
138.91,138.92,0.0
138.92,138.93,0.0
138.93,138.94,0.0
138.94,138.95,0.0
138.95,138.96,0.0
138.96,138.97,0.0
138.97,138.98,0.0
138.98,138.99,0.0
138.99,139.0,0.0
139.0,139.01,0.0
139.01,139.02,0.0
139.02,139.03,0.0
139.03,139.04,0.0
139.04,139.05,0.0
139.05,139.06,0.0
139.06,139.07,0.0
139.07,139.08,0.0
139.08,139.09,0.0
139.09,139.1,0.0
139.1,139.11,0.0
139.11,139.12,0.0
139.12,139.13,0.0
139.13,139.14,0.0
139.14,139.15,0.0
139.15,139.16,0.0
139.16,139.17,0.0
139.17,139.18,0.0
139.18,139.19,0.0
139.19,139.2,0.0
139.2,139.21,0.0
