Start_Time,End_Time,F0_Hz
0.025,0.035,0.0
0.035,0.045,0.0
0.045,0.055,0.0
0.055,0.065,0.0
0.065,0.075,0.0
0.075,0.085,0.0
0.085,0.095,0.0
0.095,0.105,0.0
0.105,0.115,0.0
0.115,0.125,0.0
0.125,0.135,0.0
0.135,0.145,0.0
0.145,0.155,221.0137057757959
0.155,0.165,222.73759905112527
0.165,0.175,224.6918105658155
0.175,0.185,226.87383479871212
0.185,0.195,229.59452536357162
0.195,0.205,232.10931208570238
0.205,0.215,233.7420680136723
0.215,0.225,235.2479767666487
0.225,0.235,236.50878207938203
0.235,0.245,237.66919023204304
0.245,0.255,238.8530757723486
0.255,0.265,240.22621929107734
0.265,0.275,241.80089858887513
0.275,0.285,243.55062758810604
0.285,0.295,245.37252298108544
0.295,0.305,247.37519866309597
0.305,0.315,249.75465684488375
0.315,0.325,251.98096004314365
0.325,0.335,254.25487058464208
0.335,0.345,257.3283596774923
0.345,0.355,260.98582030727016
0.355,0.365,263.9432786750968
0.365,0.375,266.34327797407684
0.375,0.385,268.9127764961342
0.385,0.395,270.33520820759765
0.395,0.405,269.6225863730402
0.405,0.415,268.16261418709144
0.415,0.425,267.16783743219827
0.425,0.435,266.5397196298862
0.435,0.445,265.9211898613892
0.445,0.455,265.83043780425544
0.455,0.465,266.3860963281743
0.465,0.475,266.46221841785496
0.475,0.485,266.78380999031685
0.485,0.495,269.59215384828036
0.495,0.505,271.43099602965015
0.505,0.515,271.621403690977
0.515,0.525,271.03863475549963
0.525,0.535,269.7298361100713
0.535,0.545,268.10276115021964
0.545,0.555,266.67583504803054
0.555,0.565,265.37088301501865
0.565,0.575,263.85978220609184
0.575,0.585,262.18430169780834
0.585,0.595,260.53457032186697
0.595,0.605,258.8210530271219
0.605,0.615,257.3606701818624
0.615,0.625,256.41776892642457
0.625,0.635,256.315514069585
0.635,0.645,257.8540027510476
0.645,0.655,258.91695072003597
0.655,0.665,258.02740797919813
0.665,0.675,256.3740395214585
0.675,0.685,254.83178711648128
0.685,0.695,253.3970551293354
0.695,0.705,251.7386413649723
0.705,0.715,249.78605395906533
0.715,0.725,248.35244062295286
0.725,0.735,246.81139175332015
0.735,0.745,243.72173865976976
0.745,0.755,242.33695131013286
0.755,0.765,242.1278148433929
0.765,0.775,241.90260301512336
0.775,0.785,241.77924562712352
0.785,0.795,243.7986020050873
0.795,0.805,251.04792331001835
0.805,0.815,254.99565959377435
0.815,0.825,0.0
0.825,0.835,0.0
0.835,0.845,0.0
0.845,0.855,0.0
0.855,0.865,0.0
0.865,0.875,0.0
0.875,0.885,0.0
0.885,0.895,0.0
0.895,0.905,0.0
0.905,0.915,0.0
0.915,0.925,0.0
0.925,0.935,0.0
0.935,0.945,244.6043622885224
0.945,0.955,238.65117111349434
0.955,0.965,235.3609458660533
0.965,0.975,234.05771356189328
0.975,0.985,233.7056467119581
0.985,0.995,233.0766809486171
0.995,1.005,231.95395792106027
1.005,1.015,231.04812585321122
1.015,1.025,230.32142049467885
1.025,1.035,229.09897102972633
1.035,1.045,226.6711192482321
1.045,1.055,203.31085648585966
1.055,1.065,197.6330962376666
1.065,1.075,185.00478516250817
1.075,1.085,0.0
1.085,1.095,0.0
1.095,1.105,0.0
1.105,1.115,0.0
1.115,1.125,232.60733135051856
1.125,1.135,232.68016655392523
1.135,1.145,231.296839736489
1.145,1.155,227.1921429653212
1.155,1.165,207.1412859964097
1.165,1.175,193.0916880101289
1.175,1.185,0.0
1.185,1.195,0.0
1.195,1.205,0.0
1.205,1.215,0.0
1.215,1.225,0.0
1.225,1.235,0.0
1.235,1.245,0.0
1.245,1.255,218.35139759014805
1.255,1.265,222.01299556979134
1.265,1.275,222.81604277834103
1.275,1.285,221.8330070875903
1.285,1.295,221.30110215022225
1.295,1.305,220.53027053112865
1.305,1.315,216.83485829464138
1.315,1.325,218.0511938277838
1.325,1.335,221.74703811036534
1.335,1.345,222.57240335746636
1.345,1.355,221.93753977172142
1.355,1.365,220.30537577155044
1.365,1.375,217.57026567426672
1.375,1.385,214.73162752318063
1.385,1.395,213.08775898971035
1.395,1.405,212.64354807158816
1.405,1.415,212.67505370673163
1.415,1.425,212.6208949163452
1.425,1.435,210.92849004784782
1.435,1.445,208.5913964301118
1.445,1.455,207.7176552118158
1.455,1.465,198.1476558435674
1.465,1.475,186.88630414676638
1.475,1.485,0.0
1.485,1.495,0.0
1.495,1.505,219.5784866680783
1.505,1.515,221.7775710363416
1.515,1.525,221.99495665419354
1.525,1.535,219.33958644887053
1.535,1.545,202.67502367131272
1.545,1.555,196.43476941996582
1.555,1.565,192.94056526352512
1.565,1.575,191.9192458379433
1.575,1.585,191.18014064899347
1.585,1.595,189.88557206454226
1.595,1.605,188.4239609255352
1.605,1.615,186.81850311652664
1.615,1.625,185.70205107437346
1.625,1.635,186.6911687483575
1.635,1.645,196.76977651522046
1.645,1.655,209.30090935466188
1.655,1.665,209.9545433475938
1.665,1.675,209.20004610713283
1.675,1.685,207.25134104602068
1.685,1.695,204.15075954613948
1.695,1.705,199.90499696199072
1.705,1.715,196.10493129237622
1.715,1.725,193.763167196484
1.725,1.735,191.67323479322584
1.735,1.745,190.0191780065793
1.745,1.755,189.29209849664355
1.755,1.765,189.02768655899408
1.765,1.775,188.8954221076401
1.775,1.785,188.5255299265279
1.785,1.795,187.5429015246841
1.795,1.805,186.56873608526368
1.805,1.815,185.8645722633631
1.815,1.825,184.81106163256104
1.825,1.835,184.92996520247723
1.835,1.845,186.68736254657102
1.845,1.855,0.0
1.855,1.865,0.0
1.865,1.875,0.0
1.875,1.885,0.0
1.885,1.895,0.0
1.895,1.905,197.98872201056204
1.905,1.915,199.31246231044983
1.915,1.925,200.88453119018095
1.925,1.935,202.0955479697523
1.935,1.945,0.0
1.945,1.955,0.0
1.955,1.965,0.0
1.965,1.975,0.0
1.975,1.985,0.0
1.985,1.995,212.12989851855144
1.995,2.005,213.3712795136967
2.005,2.015,215.28760362462307
2.015,2.025,218.01574575754978
2.025,2.035,220.59353707728386
2.035,2.045,221.3729952380014
2.045,2.055,221.89687313529166
2.055,2.065,225.56037642692274
2.065,2.075,233.72049808727908
2.075,2.085,0.0
2.085,2.095,0.0
2.095,2.105,0.0
2.105,2.115,0.0
2.115,2.125,0.0
2.125,2.135,0.0
2.135,2.145,0.0
2.145,2.155,0.0
2.155,2.165,260.29628384132644
2.165,2.175,258.82581418821155
2.175,2.185,257.05239206352496
2.185,2.195,255.4415290290669
2.195,2.205,254.67443771850935
2.205,2.215,255.02487718064586
2.215,2.225,256.0230200891048
2.225,2.235,256.7375532870285
2.235,2.245,256.9596818085149
2.245,2.255,257.2817219146483
2.255,2.265,257.9178201137847
2.265,2.275,258.0403115578951
2.275,2.285,257.49844194259373
2.285,2.295,256.12112495314693
2.295,2.305,253.38269439367608
2.305,2.315,246.5278764444213
2.315,2.325,232.88925264954452
2.325,2.335,219.04675332107283
2.335,2.345,0.0
2.345,2.355,0.0
2.355,2.365,0.0
2.365,2.375,0.0
2.375,2.385,0.0
2.385,2.395,244.39920286942893
2.395,2.405,242.16303336112287
2.405,2.415,240.32358440195662
2.415,2.425,237.63656398367328
2.425,2.435,234.58474795328482
2.435,2.445,231.80180233719233
2.445,2.455,229.480662238024
2.455,2.465,228.269729060897
2.465,2.475,228.94202257248256
2.475,2.485,229.91308391571584
2.485,2.495,223.34929331272556
2.495,2.505,0.0
2.505,2.515,0.0
2.515,2.525,0.0
2.525,2.535,0.0
2.535,2.545,0.0
2.545,2.555,216.4434153438895
2.555,2.565,220.3385521489445
2.565,2.575,222.43695479571613
2.575,2.585,222.859446946649
2.585,2.595,223.40528369849872
2.595,2.605,236.76006875664234
2.605,2.615,239.41625872692057
2.615,2.625,239.2153932602802
2.625,2.635,235.00925225938292
2.635,2.645,0.0
2.645,2.655,0.0
2.655,2.665,0.0
2.665,2.675,0.0
2.675,2.685,0.0
2.685,2.695,0.0
2.695,2.705,0.0
2.705,2.715,0.0
2.715,2.725,0.0
2.725,2.735,0.0
2.735,2.745,0.0
2.745,2.755,0.0
2.755,2.765,0.0
2.765,2.775,278.6437535925972
2.775,2.785,277.3283361782785
2.785,2.795,274.73376016770766
2.795,2.805,271.9782005463604
2.805,2.815,270.89852934746347
2.815,2.825,270.8650373238322
2.825,2.835,270.9959781784482
2.835,2.845,270.65020067871376
2.845,2.855,269.407066591953
2.855,2.865,267.86815015298754
2.865,2.875,267.04227646834727
2.875,2.885,266.5322598948671
2.885,2.895,265.2836881844874
2.895,2.905,263.301381902986
2.905,2.915,260.856611352347
2.915,2.925,257.9029708623955
2.925,2.935,254.85169566122283
2.935,2.945,251.66388491686254
2.945,2.955,248.27475447466847
2.955,2.965,245.85629733116704
2.965,2.975,244.79382227541123
2.975,2.985,243.85629580793935
2.985,2.995,242.51460691748227
2.995,3.005,240.84240335268225
3.005,3.015,239.51582350640462
3.015,3.025,238.27720594225542
3.025,3.035,236.6423986141874
3.035,3.045,234.64270653296123
3.045,3.055,232.78513503383456
3.055,3.065,231.5167449688973
3.065,3.075,230.6332594818784
3.075,3.085,230.60666369439784
3.085,3.095,230.5615401219827
3.095,3.105,229.3955641686307
3.105,3.115,228.25432387808308
3.115,3.125,228.05352093065653
3.125,3.135,227.50382550375497
3.135,3.145,226.05378974047682
3.145,3.155,224.25563993451064
3.155,3.165,222.74317073871404
3.165,3.175,221.82564937396114
3.175,3.185,221.26316220629204
3.185,3.195,220.88143481890737
3.195,3.205,220.41681074707935
3.205,3.215,219.48788921515253
3.215,3.225,218.13122831311154
3.225,3.235,217.20990898382377
3.235,3.245,217.01714637589865
3.245,3.255,216.96848153320312
3.255,3.265,216.6361763217865
3.265,3.275,216.3293029697768
3.275,3.285,216.03319196118613
3.285,3.295,215.67305833502616
3.295,3.305,216.2800512572871
3.305,3.315,217.79261583087316
3.315,3.325,217.68560990657758
3.325,3.335,216.3273595851068
3.335,3.345,215.30716645387315
3.345,3.355,214.97128097329642
3.355,3.365,214.89157384354402
3.365,3.375,213.92481743333394
3.375,3.385,211.85767020862056
3.385,3.395,210.3797361945628
3.395,3.405,209.19014935593376
3.405,3.415,208.40497282566488
3.415,3.425,207.45591952453566
3.425,3.435,205.39515789748933
3.435,3.445,203.31950816195277
3.445,3.455,201.49067752218681
3.455,3.465,199.3976798167158
3.465,3.475,197.62088251074414
3.475,3.485,0.0
3.485,3.495,0.0
3.495,3.505,0.0
3.505,3.515,0.0
3.515,3.525,0.0
3.525,3.535,0.0
3.535,3.545,0.0
3.545,3.555,0.0
3.555,3.565,0.0
3.565,3.575,0.0
3.575,3.585,0.0
3.585,3.595,0.0
3.595,3.605,0.0
3.605,3.615,0.0
3.615,3.625,0.0
3.625,3.635,0.0
3.635,3.645,0.0
3.645,3.655,246.51463677217546
3.655,3.665,241.77080940371357
3.665,3.675,237.0883490967811
3.675,3.685,232.4633742754856
3.685,3.695,229.4774991855161
3.695,3.705,227.80122276580568
3.705,3.715,226.80818840814692
3.715,3.725,226.6752309009571
3.725,3.735,226.77764305277205
3.735,3.745,226.35939643603575
3.745,3.755,225.69946407899118
3.755,3.765,225.20401213320076
3.765,3.775,224.89783657322016
3.775,3.785,225.21528542736792
3.785,3.795,226.1974446267436
3.795,3.805,226.06083572578189
3.805,3.815,224.8472704172559
3.815,3.825,223.10318717640104
3.825,3.835,211.2888990375417
3.835,3.845,217.88960042885978
3.845,3.855,219.2071599350963
3.855,3.865,218.95376987120028
3.865,3.875,217.8370547658326
3.875,3.885,216.5155855633348
3.885,3.895,214.84970267170766
3.895,3.905,212.9873832879796
3.905,3.915,211.71052020594126
3.915,3.925,210.9143186199746
3.925,3.935,210.07832142885528
3.935,3.945,209.29448461218354
3.945,3.955,208.42307685531082
3.955,3.965,206.9345696563556
3.965,3.975,204.71606853088548
3.975,3.985,201.96185554342475
3.985,3.995,199.90331471457804
3.995,4.005,199.21565804525957
4.005,4.015,199.2620160627999
4.015,4.025,199.93594055186674
4.025,4.035,201.05634796842295
4.035,4.045,201.5250991531774
4.045,4.055,201.45017316825678
4.055,4.065,201.76223426984177
4.065,4.075,202.38220275470823
4.075,4.085,202.05130862776505
4.085,4.095,200.75075895517426
4.095,4.105,202.19282591807882
4.105,4.115,207.01186668058196
4.115,4.125,211.09951456150827
4.125,4.135,212.54986407649005
4.135,4.145,212.80004119366535
4.145,4.155,212.31109874797667
4.155,4.165,211.14107988274006
4.165,4.175,209.57445777690796
4.175,4.185,0.0
4.185,4.195,0.0
4.195,4.205,0.0
4.205,4.215,0.0
4.215,4.225,0.0
4.225,4.235,0.0
4.235,4.245,0.0
4.245,4.255,0.0
4.255,4.265,0.0
4.265,4.275,242.64103487208428
4.275,4.285,237.5844968181024
4.285,4.295,231.51077804721757
4.295,4.305,227.7053847032817
4.305,4.315,226.11322938486322
4.315,4.325,218.43484270842063
4.325,4.335,195.34267541009035
4.335,4.345,189.459518144763
4.345,4.355,188.71173854959315
4.355,4.365,188.11593970677083
4.365,4.375,189.56200152502487
4.375,4.385,193.2807461006963
4.385,4.395,211.95469414077738
4.395,4.405,213.67385555150221
4.405,4.415,215.73530410267867
4.415,4.425,230.69296034779146
4.425,4.435,235.6726140636242
4.435,4.445,0.0
4.445,4.455,0.0
4.455,4.465,0.0
4.465,4.475,0.0
4.475,4.485,0.0
4.485,4.495,0.0
4.495,4.505,0.0
4.505,4.515,0.0
4.515,4.525,0.0
4.525,4.535,0.0
4.535,4.545,0.0
4.545,4.555,0.0
4.555,4.565,0.0
4.565,4.575,0.0
4.575,4.585,0.0
4.585,4.595,0.0
4.595,4.605,0.0
4.605,4.615,0.0
4.615,4.625,0.0
4.625,4.635,0.0
4.635,4.645,0.0
4.645,4.655,0.0
4.655,4.665,0.0
4.665,4.675,0.0
4.675,4.685,0.0
4.685,4.695,0.0
4.695,4.705,0.0
4.705,4.715,218.81393162389242
4.715,4.725,210.3511520298433
4.725,4.735,208.55001198465814
4.735,4.745,207.75675050646748
4.745,4.755,207.8295149478658
4.755,4.765,208.50124557416672
4.765,4.775,209.18750808199516
4.775,4.785,209.4338792540903
4.785,4.795,0.0
4.795,4.805,0.0
4.805,4.815,0.0
4.815,4.825,0.0
4.825,4.835,213.66905742261278
4.835,4.845,214.0660776742944
4.845,4.855,214.4036965777666
4.855,4.865,214.41106635689036
4.865,4.875,214.5631670115932
4.875,4.885,215.02763268180223
4.885,4.895,214.9766477800469
4.895,4.905,214.03292345228581
4.905,4.915,212.3045455469138
4.915,4.925,0.0
4.925,4.935,0.0
4.935,4.945,0.0
4.945,4.955,0.0
4.955,4.965,240.0664682575642
4.965,4.975,254.0495383317156
4.975,4.985,261.67441334101267
4.985,4.995,266.48893437716697
4.995,5.005,271.1368131086173
5.005,5.015,276.284582270128
5.015,5.025,280.74726443324334
5.025,5.035,283.68330443031186
5.035,5.045,284.53952899573534
5.045,5.055,277.9593652693144
5.055,5.065,274.3513625879571
5.065,5.075,281.8383661205266
5.075,5.085,289.4453830764505
5.085,5.095,289.35041885509384
5.095,5.105,284.8004328171047
5.105,5.115,280.5512696268116
5.115,5.125,277.11222838610934
5.125,5.135,273.6101872267417
5.135,5.145,269.9919289640309
5.145,5.155,271.38284484741524
5.155,5.165,274.8869771570046
5.165,5.175,274.87583143704086
5.175,5.185,273.2814132643201
5.185,5.195,271.16983266886564
5.195,5.205,268.510688191916
5.205,5.215,265.42281950981373
5.215,5.225,262.3876987455351
5.225,5.235,259.51148680834945
5.235,5.245,256.8293196644033
5.245,5.255,254.51263253287436
5.255,5.265,252.5779445677891
5.265,5.275,250.50209103163465
5.275,5.285,248.32323805355713
5.285,5.295,246.38712793610867
5.295,5.305,244.21162353596745
5.305,5.315,241.545487377577
5.315,5.325,239.68885946890137
5.325,5.335,238.92239121357048
5.335,5.345,238.53773559928243
5.345,5.355,238.0307930777563
5.355,5.365,237.13826857719988
5.365,5.375,236.0105099900691
5.375,5.385,235.21210506203678
5.385,5.395,234.5128778223464
5.395,5.405,233.86628519579023
5.405,5.415,233.56731821571722
5.415,5.425,233.48396795606524
5.425,5.435,233.4172111310523
5.435,5.445,233.04137528832965
5.445,5.455,232.26580768072378
5.455,5.465,231.12946362375317
5.465,5.475,230.1660171296673
5.475,5.485,229.4745919467768
5.485,5.495,228.63128610148746
5.495,5.505,227.83351917722683
5.505,5.515,227.06814472319653
5.515,5.525,226.08563367501458
5.525,5.535,225.1752708287264
5.535,5.545,224.399221277999
5.545,5.555,223.67958274909378
5.555,5.565,222.95965421591973
5.565,5.575,222.26815340369444
5.575,5.585,221.88346378613946
5.585,5.595,221.48097307231492
5.595,5.605,220.72039945318483
5.605,5.615,219.93606919725815
5.615,5.625,219.42998057831275
5.625,5.635,219.18344507235525
5.635,5.645,219.07768477668546
5.645,5.655,219.12419117020684
5.655,5.665,219.17745515280262
5.665,5.675,218.86515206652965
5.675,5.685,218.2171038185262
5.685,5.695,217.66780377704072
5.695,5.705,217.3090400315146
5.705,5.715,216.89108798188482
5.715,5.725,216.32218422179557
5.725,5.735,215.81600027080555
5.735,5.745,215.4686677955874
5.745,5.755,215.063586297632
5.755,5.765,214.51940330225622
5.765,5.775,213.94846372543282
5.775,5.785,213.37372612439964
5.785,5.795,212.88261255627776
5.795,5.805,212.77743927575298
5.805,5.815,213.0417371394636
5.815,5.825,213.327761910519
5.825,5.835,213.3920877514615
5.835,5.845,213.2689967463537
5.845,5.855,212.9824317426831
5.855,5.865,212.4639605941682
5.865,5.875,211.9624420116851
5.875,5.885,211.36126719569114
5.885,5.895,210.6198502421005
5.895,5.905,210.1364297242559
5.905,5.915,209.980256502853
5.915,5.925,209.8806414329776
5.925,5.935,209.76516605133503
5.935,5.945,209.88266002072703
5.945,5.955,210.3114554726081
5.955,5.965,210.73362313562157
5.965,5.975,211.02589947942198
5.975,5.985,211.19999727489468
5.985,5.995,0.0
5.995,6.005,0.0
6.005,6.015,0.0
6.015,6.025,0.0
6.025,6.035,0.0
6.035,6.045,0.0
6.045,6.055,0.0
6.055,6.065,0.0
6.065,6.075,0.0
6.075,6.085,0.0
6.085,6.095,0.0
6.095,6.105,0.0
6.105,6.115,0.0
6.115,6.125,231.3848248927929
6.125,6.135,233.6080719701429
6.135,6.145,233.79607912547038
6.145,6.155,232.78844807241322
6.155,6.165,231.9781909671808
6.165,6.175,231.88979689608112
6.175,6.185,231.93702666378286
6.185,6.195,231.1505849152537
6.195,6.205,229.7986718229194
6.205,6.215,228.66202637087403
6.215,6.225,227.85004198719307
6.225,6.235,226.98198311213537
6.235,6.245,226.31524105081982
6.245,6.255,226.0593917653801
6.255,6.265,225.71531593699214
6.265,6.275,225.43035360565446
6.275,6.285,225.4356519980751
6.285,6.295,225.2618629845359
6.295,6.305,224.76908711415206
6.305,6.315,223.967355718432
6.315,6.325,222.8551538717356
6.325,6.335,221.6994494448386
6.335,6.345,220.81615292595214
6.345,6.355,219.7994660068067
6.355,6.365,218.8246915253707
6.365,6.375,218.28717814640706
6.375,6.385,217.98365587671623
6.385,6.395,217.64852208529027
6.395,6.405,217.37609868789548
6.405,6.415,217.35480319555106
6.415,6.425,217.40846727548828
6.425,6.435,217.2528041370531
6.435,6.445,216.7592118855954
6.445,6.455,215.96390243673423
6.455,6.465,214.76172945876405
6.465,6.475,213.40868678699258
6.475,6.485,212.49450121920896
6.485,6.495,212.08680044335546
6.495,6.505,211.8547892008599
6.505,6.515,211.45714331158067
6.515,6.525,210.73003861991938
6.525,6.535,209.64967388082633
6.535,6.545,208.63485990688778
6.545,6.555,207.78199908352826
6.555,6.565,207.09086091425547
6.565,6.575,206.4966062655966
6.575,6.585,205.72762952996865
6.585,6.595,205.046348792243
6.595,6.605,0.0
6.605,6.615,0.0
6.615,6.625,0.0
6.625,6.635,0.0
6.635,6.645,0.0
6.645,6.655,0.0
6.655,6.665,0.0
6.665,6.675,202.71765260266892
6.675,6.685,202.5254282084616
6.685,6.695,202.25722043558662
6.695,6.705,201.71211592186714
6.705,6.715,200.85456871723977
6.715,6.725,199.73655406461404
6.725,6.735,198.90105301267482
6.735,6.745,198.20027096412767
6.745,6.755,197.2192062369138
6.755,6.765,196.36007306413674
6.765,6.775,196.12838483645436
6.775,6.785,196.61616933147343
6.785,6.795,198.0469725131003
6.795,6.805,0.0
6.805,6.815,0.0
6.815,6.825,0.0
6.825,6.835,0.0
6.835,6.845,0.0
6.845,6.855,0.0
6.855,6.865,0.0
6.865,6.875,0.0
6.875,6.885,0.0
6.885,6.895,0.0
6.895,6.905,0.0
6.905,6.915,0.0
6.915,6.925,0.0
6.925,6.935,0.0
6.935,6.945,0.0
6.945,6.955,0.0
6.955,6.965,220.23693700308397
6.965,6.975,218.98925017722996
6.975,6.985,217.69052575950465
6.985,6.995,215.66786454483204
6.995,7.005,0.0
7.005,7.015,0.0
7.015,7.025,0.0
7.025,7.035,208.35881621038385
7.035,7.045,207.0696843786334
7.045,7.055,206.05325969171824
7.055,7.065,205.43198505696847
7.065,7.075,204.75996667338308
7.075,7.085,203.7068308728469
7.085,7.095,202.7420859335885
7.095,7.105,202.44687754794796
7.105,7.115,202.5894916258347
7.115,7.125,202.78105299873178
7.125,7.135,202.99571518968358
7.135,7.145,203.28192967150056
7.145,7.155,203.49632441456677
7.155,7.165,203.20386502097642
7.165,7.175,0.0
7.175,7.185,0.0
7.185,7.195,0.0
7.195,7.205,0.0
7.205,7.215,211.46065002377551
7.215,7.225,212.52819312330013
7.225,7.235,213.02427332163018
7.235,7.245,213.21589055194391
7.245,7.255,213.5292694271818
7.255,7.265,0.0
7.265,7.275,0.0
7.275,7.285,0.0
7.285,7.295,0.0
7.295,7.305,0.0
7.305,7.315,0.0
7.315,7.325,223.74856049566574
7.325,7.335,220.38493916289718
7.335,7.345,217.95054178264044
7.345,7.355,216.0485079962448
7.355,7.365,214.067496422534
7.365,7.375,211.61399335053594
7.375,7.385,208.77009447994496
7.385,7.395,206.09435748639083
7.395,7.405,0.0
7.405,7.415,0.0
7.415,7.425,0.0
7.425,7.435,0.0
7.435,7.445,0.0
7.445,7.455,0.0
7.455,7.465,0.0
7.465,7.475,0.0
7.475,7.485,243.8063857099389
7.485,7.495,243.5136269574895
7.495,7.505,241.50171639590823
7.505,7.515,236.5947596360242
7.515,7.525,214.26471166781383
7.525,7.535,206.0701237352358
7.535,7.545,204.26635715685143
7.545,7.555,203.80650695457692
7.555,7.565,204.87348022016528
7.565,7.575,206.06124840927936
7.575,7.585,206.39109638190695
7.585,7.595,205.79339144498817
7.595,7.605,204.73767123595965
7.605,7.615,203.7553048120897
7.615,7.625,202.79135745025587
7.625,7.635,201.69090199177057
7.635,7.645,201.4559210004675
7.645,7.655,219.14234575075153
7.655,7.665,237.4666011779493
7.665,7.675,236.61213956703642
7.675,7.685,0.0
7.685,7.695,0.0
7.695,7.705,0.0
7.705,7.715,0.0
7.715,7.725,0.0
7.725,7.735,234.9052056284782
7.735,7.745,236.8089902175655
7.745,7.755,238.46927650952577
7.755,7.765,239.6366353181097
7.765,7.775,240.84591491433187
7.775,7.785,242.33152698096305
7.785,7.795,243.44673630855004
7.795,7.805,243.85521946948856
7.805,7.815,243.18172865356271
7.815,7.825,238.84585623937164
7.825,7.835,0.0
7.835,7.845,0.0
7.845,7.855,0.0
7.855,7.865,0.0
7.865,7.875,0.0
7.875,7.885,0.0
7.885,7.895,0.0
7.895,7.905,0.0
7.905,7.915,0.0
7.915,7.925,0.0
7.925,7.935,234.8300706830586
7.935,7.945,234.94598152066118
7.945,7.955,233.96985831450607
7.955,7.965,231.95518713860827
7.965,7.975,230.79343543201065
7.975,7.985,230.83870336558968
7.985,7.995,231.07178437220048
7.995,8.005,230.96222156852355
8.005,8.015,230.51499449888482
8.015,8.025,230.0697609741981
8.025,8.035,229.5459272233904
8.035,8.045,228.67297845568442
8.045,8.055,0.0
8.055,8.065,0.0
8.065,8.075,0.0
8.075,8.085,0.0
8.085,8.095,0.0
8.095,8.105,0.0
8.105,8.115,0.0
8.115,8.125,0.0
8.125,8.135,0.0
8.135,8.145,0.0
8.145,8.155,0.0
8.155,8.165,0.0
8.165,8.175,0.0
8.175,8.185,0.0
8.185,8.195,0.0
8.195,8.205,0.0
8.205,8.215,0.0
8.215,8.225,0.0
8.225,8.235,0.0
8.235,8.245,0.0
8.245,8.255,0.0
8.255,8.265,0.0
8.265,8.275,0.0
8.275,8.285,0.0
8.285,8.295,0.0
8.295,8.305,0.0
8.305,8.315,0.0
8.315,8.325,0.0
8.325,8.335,0.0
8.335,8.345,0.0
8.345,8.355,0.0
8.355,8.365,0.0
8.365,8.375,0.0
8.375,8.385,0.0
8.385,8.395,0.0
8.395,8.405,0.0
8.405,8.415,0.0
8.415,8.425,0.0
8.425,8.435,0.0
8.435,8.445,0.0
8.445,8.455,0.0
8.455,8.465,0.0
8.465,8.475,0.0
8.475,8.485,0.0
8.485,8.495,0.0
8.495,8.505,0.0
8.505,8.515,0.0
8.515,8.525,0.0
8.525,8.535,0.0
8.535,8.545,0.0
8.545,8.555,0.0
8.555,8.565,0.0
8.565,8.575,0.0
8.575,8.585,0.0
8.585,8.595,0.0
8.595,8.605,0.0
8.605,8.615,0.0
8.615,8.625,0.0
8.625,8.635,0.0
8.635,8.645,0.0
8.645,8.655,0.0
8.655,8.665,0.0
8.665,8.675,0.0
8.675,8.685,0.0
8.685,8.695,0.0
8.695,8.705,215.3807438443214
8.705,8.715,217.00892190117307
8.715,8.725,219.88752636865595
8.725,8.735,222.47403008550992
8.735,8.745,226.85737724696403
8.745,8.755,236.7309445629763
8.755,8.765,240.2735492837908
8.765,8.775,239.07631132164104
8.775,8.785,231.57775997429744
8.785,8.795,217.7142243649261
8.795,8.805,214.43758501939038
8.805,8.815,212.90225284500778
8.815,8.825,213.16909956536304
8.825,8.835,225.26427307793014
8.835,8.845,230.9234292784426
8.845,8.855,230.70149781710623
8.855,8.865,229.31597036993713
8.865,8.875,226.06814789325858
8.875,8.885,0.0
8.885,8.895,0.0
8.895,8.905,0.0
8.905,8.915,0.0
8.915,8.925,0.0
8.925,8.935,0.0
8.935,8.945,0.0
8.945,8.955,276.79659058646104
8.955,8.965,273.9665153382131
8.965,8.975,258.1017042179622
8.975,8.985,236.72456172567507
8.985,8.995,234.25442318706345
8.995,9.005,230.88073484010025
9.005,9.015,225.1218831240872
9.015,9.025,224.8203414412023
9.025,9.035,225.88882483196682
9.035,9.045,227.46902420239104
9.045,9.055,228.4125206244284
9.055,9.065,228.79774718442246
9.065,9.075,228.1458693621622
9.075,9.085,226.78666452110463
9.085,9.095,225.9221371635646
9.095,9.105,0.0
9.105,9.115,0.0
9.115,9.125,0.0
9.125,9.135,0.0
9.135,9.145,0.0
9.145,9.155,0.0
9.155,9.165,0.0
9.165,9.175,213.2893799199452
9.175,9.185,214.5680064133331
9.185,9.195,214.8357942188005
9.195,9.205,214.61763751729333
9.205,9.215,214.0619853120871
9.215,9.225,213.0454405716452
9.225,9.235,211.5466521408174
9.235,9.245,209.67904246021033
9.245,9.255,208.4248952573974
9.255,9.265,208.72627633878415
9.265,9.275,210.10471423845522
9.275,9.285,212.24081535470398
9.285,9.295,213.95829351009996
9.295,9.305,214.0333492260981
9.305,9.315,212.5602234790678
9.315,9.325,210.29285570321778
9.325,9.335,0.0
9.335,9.345,0.0
9.345,9.355,0.0
9.355,9.365,0.0
9.365,9.375,0.0
9.375,9.385,0.0
9.385,9.395,0.0
9.395,9.405,0.0
9.405,9.415,0.0
9.415,9.425,0.0
9.425,9.435,0.0
9.435,9.445,0.0
9.445,9.455,0.0
9.455,9.465,0.0
9.465,9.475,0.0
9.475,9.485,0.0
9.485,9.495,0.0
9.495,9.505,218.91749883894974
9.505,9.515,219.79094965238818
9.515,9.525,218.59337600968155
9.525,9.535,216.6357211571084
9.535,9.545,215.09665084522706
9.545,9.555,214.08289792608022
9.555,9.565,213.61954546155434
9.565,9.575,213.94638570708597
9.575,9.585,215.57642462843137
9.585,9.595,220.27970321839354
9.595,9.605,223.06746950261618
9.605,9.615,223.94426343383915
9.615,9.625,223.85150794297107
9.625,9.635,223.12543865782905
9.635,9.645,222.4041417374089
9.645,9.655,221.91286008517113
9.655,9.665,221.66245554363948
9.665,9.675,221.72156100178702
9.675,9.685,222.00907358516443
9.685,9.695,222.33815513830214
9.695,9.705,222.76121455196534
9.705,9.715,223.03360753793842
9.715,9.725,222.82420152773764
9.725,9.735,222.63314768364296
9.735,9.745,222.8922079032656
9.745,9.755,222.90302611803344
9.755,9.765,222.59173473586137
9.765,9.775,222.6194030867758
9.775,9.785,0.0
9.785,9.795,0.0
9.795,9.805,214.10738244313472
9.805,9.815,214.43604853962657
9.815,9.825,214.55955661432708
9.825,9.835,214.03198466323815
9.835,9.845,212.84183787648897
9.845,9.855,211.58229472193386
9.855,9.865,0.0
9.865,9.875,0.0
9.875,9.885,0.0
9.885,9.895,0.0
9.895,9.905,0.0
9.905,9.915,0.0
9.915,9.925,0.0
9.925,9.935,0.0
9.935,9.945,210.10273666189022
9.945,9.955,210.192755641093
9.955,9.965,209.68816689904847
9.965,9.975,209.14503419565764
9.975,9.985,208.73647750925593
9.985,9.995,0.0
9.995,10.005,0.0
10.005,10.015,0.0
10.015,10.025,0.0
10.025,10.035,0.0
10.035,10.045,0.0
10.045,10.055,0.0
10.055,10.065,0.0
10.065,10.075,0.0
10.075,10.085,0.0
10.085,10.095,0.0
10.095,10.105,0.0
10.105,10.115,0.0
10.115,10.125,0.0
10.125,10.135,0.0
10.135,10.145,0.0
10.145,10.155,0.0
10.155,10.165,0.0
10.165,10.175,0.0
10.175,10.185,0.0
10.185,10.195,0.0
10.195,10.205,0.0
10.205,10.215,208.00690079097078
10.215,10.225,208.66165668895883
10.225,10.235,209.1847190292042
10.235,10.245,209.3780660673432
10.245,10.255,209.03730585892635
10.255,10.265,0.0
10.265,10.275,0.0
10.275,10.285,0.0
10.285,10.295,0.0
10.295,10.305,0.0
10.305,10.315,0.0
10.315,10.325,218.84715445655942
10.325,10.335,216.5931189873816
10.335,10.345,214.3700617458011
10.345,10.355,212.5450546973808
10.355,10.365,211.1375112732604
10.365,10.375,209.82596810587134
10.375,10.385,0.0
10.385,10.395,0.0
10.395,10.405,0.0
10.405,10.415,0.0
10.415,10.425,0.0
10.425,10.435,0.0
10.435,10.445,207.44017788483268
10.445,10.455,208.31186342340365
10.455,10.465,208.54662992196876
10.465,10.475,0.0
10.475,10.485,0.0
10.485,10.495,0.0
10.495,10.505,0.0
10.505,10.515,0.0
10.515,10.525,207.9952299556537
10.525,10.535,209.9819784892593
10.535,10.545,210.35807942415389
10.545,10.555,209.83457727359618
10.555,10.565,208.423262037916
10.565,10.575,206.2662358731706
10.575,10.585,203.75017515123068
10.585,10.595,0.0
10.595,10.605,0.0
10.605,10.615,0.0
10.615,10.625,0.0
10.625,10.635,0.0
10.635,10.645,0.0
10.645,10.655,205.2165851496362
10.655,10.665,209.68251292956285
10.665,10.675,211.0861874633096
10.675,10.685,210.62322465412566
10.685,10.695,209.59886325865332
10.695,10.705,208.98332263697145
10.705,10.715,208.90502725469628
10.715,10.725,209.12209888432258
10.725,10.735,209.42431013947453
10.735,10.745,209.63663635982368
10.745,10.755,209.80974183277687
10.755,10.765,210.00105016771772
10.765,10.775,209.86428738595143
10.775,10.785,0.0
10.785,10.795,0.0
10.795,10.805,0.0
10.805,10.815,0.0
10.815,10.825,0.0
10.825,10.835,0.0
10.835,10.845,0.0
10.845,10.855,0.0
10.855,10.865,0.0
10.865,10.875,0.0
10.875,10.885,0.0
10.885,10.895,0.0
10.895,10.905,197.95945682104644
10.905,10.915,200.02230587177374
10.915,10.925,200.67628242935308
10.925,10.935,199.91041650606164
10.935,10.945,197.5950902211987
10.945,10.955,194.97852358953853
10.955,10.965,188.27338117687674
10.965,10.975,0.0
10.975,10.985,0.0
10.985,10.995,0.0
10.995,11.005,0.0
11.005,11.015,198.25794032389257
11.015,11.025,200.13993971887965
11.025,11.035,200.09854375922723
11.035,11.045,198.87461089796156
11.045,11.055,196.3627555384829
11.055,11.065,194.25252941282875
11.065,11.075,0.0
11.075,11.085,0.0
11.085,11.095,0.0
11.095,11.105,0.0
11.105,11.115,192.7132505469938
11.115,11.125,193.21989075824288
11.125,11.135,193.87930958960965
11.135,11.145,194.0502830750885
11.145,11.155,194.0750758930319
11.155,11.165,194.61501438873802
11.165,11.175,0.0
11.175,11.185,0.0
11.185,11.195,0.0
11.195,11.205,0.0
11.205,11.215,0.0
11.215,11.225,0.0
11.225,11.235,0.0
11.235,11.245,0.0
11.245,11.255,0.0
11.255,11.265,0.0
11.265,11.275,212.96237958646836
11.275,11.285,204.2523197930095
11.285,11.295,200.78011657651157
11.295,11.305,199.2498286616275
11.305,11.315,198.92544351591573
11.315,11.325,199.04709624676522
11.325,11.335,198.89106489077972
11.335,11.345,198.27001750971434
11.345,11.355,197.22771256357464
11.355,11.365,0.0
11.365,11.375,0.0
11.375,11.385,0.0
11.385,11.395,0.0
11.395,11.405,0.0
11.405,11.415,0.0
11.415,11.425,0.0
11.425,11.435,0.0
11.435,11.445,0.0
11.445,11.455,228.65115064713763
11.455,11.465,229.56620341633288
11.465,11.475,229.2524622673214
11.475,11.485,228.98118907779624
11.485,11.495,229.50987997287757
11.495,11.505,230.82290600868654
11.505,11.515,232.30613534015785
11.515,11.525,233.2479963580526
11.525,11.535,235.55319163507247
11.535,11.545,237.72666690097975
11.545,11.555,240.62611535710505
11.555,11.565,242.3189552041294
11.565,11.575,244.63472596751083
11.575,11.585,247.50636851021176
11.585,11.595,248.92794537723606
11.595,11.605,248.83251550101346
11.605,11.615,248.94578738993889
11.615,11.625,249.72141396136578
11.625,11.635,249.34533595133462
11.635,11.645,248.19716152358438
11.645,11.655,246.7387769829653
11.655,11.665,245.02635239822595
11.665,11.675,243.4408381082609
11.675,11.685,241.98814506287968
11.685,11.695,240.47131594914214
11.695,11.705,239.31782866622214
11.705,11.715,238.53247542504502
11.715,11.725,237.64834127498398
11.725,11.735,236.32966638509214
11.735,11.745,234.41347932142224
11.745,11.755,232.11383956376503
11.755,11.765,229.8072734962055
11.765,11.775,228.06919603692248
11.775,11.785,226.76997061545268
11.785,11.795,225.78715509106453
11.795,11.805,0.0
11.805,11.815,0.0
11.815,11.825,0.0
11.825,11.835,0.0
11.835,11.845,0.0
11.845,11.855,0.0
11.855,11.865,0.0
11.865,11.875,0.0
11.875,11.885,0.0
11.885,11.895,0.0
11.895,11.905,0.0
11.905,11.915,0.0
11.915,11.925,0.0
11.925,11.935,219.40828490758278
11.935,11.945,218.74186612485337
11.945,11.955,217.86197173568007
11.955,11.965,217.664848918849
11.965,11.975,219.1110115576591
11.975,11.985,221.88924274579526
11.985,11.995,224.3779085965642
11.995,12.005,226.69686463320707
12.005,12.015,229.10254511866418
12.015,12.025,231.3182391227836
12.025,12.035,233.16179163715034
12.035,12.045,234.29503187773832
12.045,12.055,234.43538574664754
12.055,12.065,233.2692068953602
12.065,12.075,231.2445403566138
12.075,12.085,230.81342876934073
12.085,12.095,231.15861802380635
12.095,12.105,231.22795245398657
12.105,12.115,230.8516853509785
12.115,12.125,230.48058223088344
12.125,12.135,230.4590026861508
12.135,12.145,230.4146530473912
12.145,12.155,229.44088634538485
12.155,12.165,225.94260249190103
12.165,12.175,223.34947880751898
12.175,12.185,222.7262798758763
12.185,12.195,221.7214236086676
12.195,12.205,220.21461019629018
12.205,12.215,218.3948728116993
12.215,12.225,218.26424051982275
12.225,12.235,215.87662491401093
12.235,12.245,212.70011783646626
12.245,12.255,211.29380067158644
12.255,12.265,210.80304070483763
12.265,12.275,210.55242834386948
12.275,12.285,209.7903762522491
12.285,12.295,207.7810018345153
12.295,12.305,0.0
12.305,12.315,0.0
12.315,12.325,0.0
12.325,12.335,0.0
12.335,12.345,0.0
12.345,12.355,210.4348181341682
12.355,12.365,211.57858605481718
12.365,12.375,211.58505431219015
12.375,12.385,210.9647876757943
12.385,12.395,209.96564386418447
12.395,12.405,0.0
12.405,12.415,0.0
12.415,12.425,238.38992431365412
12.425,12.435,240.80103189998223
12.435,12.445,238.50154642650432
12.445,12.455,0.0
12.455,12.465,0.0
12.465,12.475,0.0
12.475,12.485,0.0
12.485,12.495,0.0
12.495,12.505,0.0
12.505,12.515,234.0458846739928
12.515,12.525,225.73546961178857
12.525,12.535,219.3069289228058
12.535,12.545,213.96699624032988
12.545,12.555,209.46889176696158
12.555,12.565,206.2118833223813
12.565,12.575,203.45211588674832
12.575,12.585,200.85487200672702
12.585,12.595,198.29627583720253
12.595,12.605,195.7112367302129
12.605,12.615,0.0
12.615,12.625,0.0
12.625,12.635,0.0
12.635,12.645,0.0
12.645,12.655,0.0
12.655,12.665,0.0
12.665,12.675,200.36886043244542
12.675,12.685,199.93514557992236
12.685,12.695,198.08862679162385
12.695,12.705,195.36585852178865
12.705,12.715,191.87639296344537
12.715,12.725,0.0
12.725,12.735,0.0
12.735,12.745,0.0
12.745,12.755,0.0
12.755,12.765,185.95264880456386
12.765,12.775,189.7619057311814
12.775,12.785,191.0154115629738
12.785,12.795,191.57736622897488
12.795,12.805,192.70643200212285
12.805,12.815,230.1537211913622
12.815,12.825,233.71591758718967
12.825,12.835,0.0
12.835,12.845,0.0
12.845,12.855,0.0
12.855,12.865,0.0
12.865,12.875,0.0
12.875,12.885,0.0
12.885,12.895,0.0
12.895,12.905,0.0
12.905,12.915,0.0
12.915,12.925,0.0
12.925,12.935,0.0
12.935,12.945,0.0
12.945,12.955,0.0
12.955,12.965,0.0
12.965,12.975,0.0
12.975,12.985,0.0
12.985,12.995,0.0
12.995,13.005,0.0
13.005,13.015,0.0
13.015,13.025,0.0
13.025,13.035,0.0
13.035,13.045,0.0
13.045,13.055,243.67826763542445
13.055,13.065,242.96332634309138
13.065,13.075,242.10300011675758
13.075,13.085,240.8759897838297
13.085,13.095,239.45738250198704
13.095,13.105,238.1451254654585
13.105,13.115,236.86006161630044
13.115,13.125,235.2524437367112
13.125,13.135,233.30384996289806
13.135,13.145,230.99020959561147
13.145,13.155,0.0
13.155,13.165,0.0
13.165,13.175,0.0
13.175,13.185,0.0
13.185,13.195,0.0
13.195,13.205,0.0
13.205,13.215,0.0
13.215,13.225,0.0
13.225,13.235,226.75716055929016
13.235,13.245,226.26037699911845
13.245,13.255,225.16098957138732
13.255,13.265,223.79526150110158
13.265,13.275,221.11531021314843
13.275,13.285,216.16557131025547
13.285,13.295,215.27286438313206
13.295,13.305,215.4467035512985
13.305,13.315,214.12948731660583
13.315,13.325,213.51799478707926
13.325,13.335,213.5467349330224
13.335,13.345,212.8752918864382
13.345,13.355,212.069552249963
13.355,13.365,211.47921830113347
13.365,13.375,210.9981498841231
13.375,13.385,210.7159868360268
13.385,13.395,210.66695530923826
13.395,13.405,210.9081615740003
13.405,13.415,211.6097268042882
13.415,13.425,212.87025531073
13.425,13.435,214.70932375171992
13.435,13.445,0.0
13.445,13.455,0.0
13.455,13.465,0.0
13.465,13.475,0.0
13.475,13.485,0.0
13.485,13.495,0.0
13.495,13.505,0.0
13.505,13.515,0.0
13.515,13.525,0.0
13.525,13.535,0.0
13.535,13.545,0.0
13.545,13.555,0.0
13.555,13.565,0.0
13.565,13.575,0.0
13.575,13.585,0.0
13.585,13.595,0.0
13.595,13.605,0.0
13.605,13.615,0.0
13.615,13.625,0.0
13.625,13.635,0.0
13.635,13.645,0.0
13.645,13.655,0.0
13.655,13.665,0.0
13.665,13.675,0.0
13.675,13.685,0.0
13.685,13.695,0.0
13.695,13.705,0.0
13.705,13.715,0.0
13.715,13.725,0.0
13.725,13.735,0.0
13.735,13.745,0.0
13.745,13.755,0.0
13.755,13.765,0.0
13.765,13.775,0.0
13.775,13.785,0.0
13.785,13.795,0.0
13.795,13.805,225.71953159506927
13.805,13.815,229.06293180269307
13.815,13.825,233.00473351397827
13.825,13.835,235.26783756936146
13.835,13.845,235.42650900895637
13.845,13.855,234.67296418113625
13.855,13.865,235.98355343806037
13.865,13.875,238.9259876869123
13.875,13.885,238.63448055012478
13.885,13.895,238.42547906439916
13.895,13.905,236.4535950116906
13.905,13.915,233.05677885116552
13.915,13.925,230.2904436426974
13.925,13.935,229.38077961856993
13.935,13.945,228.87697639994417
13.945,13.955,227.96695993246885
13.955,13.965,229.81503594228107
13.965,13.975,0.0
13.975,13.985,0.0
13.985,13.995,0.0
13.995,14.005,0.0
14.005,14.015,0.0
14.015,14.025,0.0
14.025,14.035,0.0
14.035,14.045,0.0
14.045,14.055,0.0
14.055,14.065,0.0
14.065,14.075,267.8641963884906
14.075,14.085,255.05148464074762
14.085,14.095,244.25275634915724
14.095,14.105,239.27258859906598
14.105,14.115,236.42942196967772
14.115,14.125,233.65550068950677
14.125,14.135,231.50287982767713
14.135,14.145,229.73615487458412
14.145,14.155,227.36801208036883
14.155,14.165,224.6066182294581
14.165,14.175,226.07220424433953
14.175,14.185,215.50436922611456
14.185,14.195,216.45469358959684
14.195,14.205,215.97751793171514
14.205,14.215,214.62130735961674
14.215,14.225,212.3151605781423
14.225,14.235,209.00114217267347
14.235,14.245,205.58686370471037
14.245,14.255,202.33416131430687
14.255,14.265,201.8785110808912
14.265,14.275,202.61106284523552
14.275,14.285,201.20214455648576
14.285,14.295,199.45057587450017
14.295,14.305,198.26024685275567
14.305,14.315,196.6265863676494
14.315,14.325,194.7269978764702
14.325,14.335,193.19354252987037
14.335,14.345,192.05687456592617
14.345,14.355,191.82823459315776
14.355,14.365,0.0
14.365,14.375,0.0
14.375,14.385,0.0
14.385,14.395,0.0
14.395,14.405,187.3433542441462
14.405,14.415,187.37534419926388
14.415,14.425,186.46525417852212
14.425,14.435,184.6007100123297
14.435,14.445,182.39573717821352
14.445,14.455,181.1860578482298
14.455,14.465,180.90724180467282
14.465,14.475,180.9064694681335
14.475,14.485,180.87052976983585
14.485,14.495,180.96015811819555
14.495,14.505,181.33604232774925
14.505,14.515,181.68735479050548
14.515,14.525,181.87947936635513
14.525,14.535,181.90284126919528
14.535,14.545,181.86871945947559
14.545,14.555,182.6417486076412
14.555,14.565,184.59089786895325
14.565,14.575,186.29643278015192
14.575,14.585,186.64407587319218
14.585,14.595,185.85176373327735
14.595,14.605,184.9551243709877
14.605,14.615,0.0
14.615,14.625,0.0
14.625,14.635,0.0
14.635,14.645,0.0
14.645,14.655,0.0
14.655,14.665,0.0
14.665,14.675,0.0
14.675,14.685,0.0
14.685,14.695,0.0
14.695,14.705,0.0
14.705,14.715,0.0
14.715,14.725,0.0
14.725,14.735,0.0
14.735,14.745,0.0
14.745,14.755,0.0
14.755,14.765,0.0
14.765,14.775,184.74405745558695
14.775,14.785,185.7980375745712
14.785,14.795,185.5984820762107
14.795,14.805,184.49584798326973
14.805,14.815,183.74164779701755
14.815,14.825,183.4564086488152
14.825,14.835,182.4881898399063
14.835,14.845,182.1739575469714
14.845,14.855,184.85125888899012
14.855,14.865,187.00575929139282
14.865,14.875,186.58382587872322
14.875,14.885,185.2028468884727
14.885,14.895,184.2327929281724
14.895,14.905,183.48697045235218
14.905,14.915,183.27555375920525
14.915,14.925,184.55798920562094
14.925,14.935,186.3162523007855
14.935,14.945,0.0
14.945,14.955,0.0
14.955,14.965,0.0
14.965,14.975,0.0
14.975,14.985,0.0
14.985,14.995,0.0
14.995,15.005,0.0
15.005,15.015,0.0
15.015,15.025,0.0
15.025,15.035,0.0
15.035,15.045,0.0
15.045,15.055,0.0
15.055,15.065,0.0
15.065,15.075,0.0
15.075,15.085,0.0
15.085,15.095,0.0
15.095,15.105,0.0
15.105,15.115,0.0
15.115,15.125,0.0
15.125,15.135,0.0
15.135,15.145,0.0
15.145,15.155,0.0
15.155,15.165,0.0
15.165,15.175,0.0
15.175,15.185,0.0
15.185,15.195,0.0
15.195,15.205,0.0
15.205,15.215,0.0
15.215,15.225,0.0
15.225,15.235,0.0
15.235,15.245,0.0
15.245,15.255,0.0
15.255,15.265,0.0
15.265,15.275,0.0
15.275,15.285,0.0
15.285,15.295,0.0
15.295,15.305,0.0
15.305,15.315,0.0
15.315,15.325,0.0
15.325,15.335,0.0
15.335,15.345,0.0
15.345,15.355,273.92552926429994
15.355,15.365,279.12441505098116
15.365,15.375,281.9499535187305
15.375,15.385,285.0122015903105
15.385,15.395,289.20221684204427
15.395,15.405,293.3519918423781
15.405,15.415,296.0909282620186
15.415,15.425,297.75270501765766
15.425,15.435,299.1539913625498
15.435,15.445,300.0672923703718
15.445,15.455,299.8621825409606
15.455,15.465,298.67908623806943
15.465,15.475,295.51209405479875
15.475,15.485,290.9598220718356
15.485,15.495,288.053376514109
15.495,15.505,285.900524518191
15.505,15.515,283.16204972092174
15.515,15.525,278.73026396893374
15.525,15.535,269.18844556078557
15.535,15.545,250.55451418116655
15.545,15.555,264.4780240600315
15.555,15.565,270.61765985073
15.565,15.575,271.81260306532414
15.575,15.585,267.51176973333816
15.585,15.595,266.01237272682346
15.595,15.605,280.0498684240125
15.605,15.615,284.7187793461649
15.615,15.625,287.44029430558487
15.625,15.635,291.1308422983259
15.635,15.645,296.18460940277737
15.645,15.655,299.84954493066004
15.655,15.665,302.11926945900365
15.665,15.675,304.5967159477744
15.675,15.685,306.0864361353488
15.685,15.695,305.34461892983245
15.695,15.705,303.0459450702767
15.705,15.715,299.35267758722813
15.715,15.725,294.4591972489144
15.725,15.735,287.90125472361103
15.735,15.745,280.25320678094295
15.745,15.755,272.530976353549
15.755,15.765,260.57399637218055
15.765,15.775,245.61287399755275
15.775,15.785,242.22718968763232
15.785,15.795,261.364842595163
15.795,15.805,270.8425591378559
15.805,15.815,275.65637865183345
15.815,15.825,277.96361440300717
15.825,15.835,279.1669901218629
15.835,15.845,280.254865586997
15.845,15.855,281.62609186916177
15.855,15.865,282.93028020157243
15.865,15.875,284.10759583153515
15.875,15.885,285.3717009691239
15.885,15.895,287.3674463004151
15.895,15.905,293.0161663418696
15.905,15.915,303.36786070036464
15.915,15.925,0.0
15.925,15.935,0.0
15.935,15.945,0.0
15.945,15.955,0.0
15.955,15.965,0.0
15.965,15.975,0.0
15.975,15.985,0.0
15.985,15.995,284.20077732077914
15.995,16.005,280.99141387477334
16.005,16.015,264.9905060500521
16.015,16.025,252.07483264489957
16.025,16.035,248.70467986685674
16.035,16.045,246.6764685689227
16.045,16.055,244.31892864084747
16.055,16.065,0.0
16.065,16.075,0.0
16.075,16.085,0.0
16.085,16.095,0.0
16.095,16.105,0.0
16.105,16.115,0.0
16.115,16.125,0.0
16.125,16.135,234.90679765493152
16.135,16.145,238.66272236922222
16.145,16.155,249.99877728214437
16.155,16.165,252.88914509779605
16.165,16.175,0.0
16.175,16.185,0.0
16.185,16.195,0.0
16.195,16.205,0.0
16.205,16.215,0.0
16.215,16.225,0.0
16.225,16.235,0.0
16.235,16.245,0.0
16.245,16.255,0.0
16.255,16.265,262.06748630689884
16.265,16.275,258.2795361900604
16.275,16.285,254.64668856345912
16.285,16.295,242.1227689905987
16.295,16.305,235.93689735861102
16.305,16.315,233.48981343836147
16.315,16.325,232.3264080659774
16.325,16.335,231.26312524829717
16.335,16.345,229.67946245183788
16.345,16.355,228.00537475911676
16.355,16.365,226.14256387636973
16.365,16.375,223.32423328626732
16.375,16.385,220.2054399827053
16.385,16.395,217.4439608281718
16.395,16.405,0.0
16.405,16.415,0.0
16.415,16.425,0.0
16.425,16.435,0.0
16.435,16.445,0.0
16.445,16.455,0.0
16.455,16.465,0.0
16.465,16.475,204.5040426241349
16.475,16.485,206.9763093881149
16.485,16.495,207.9245592365677
16.495,16.505,207.97782872643327
16.505,16.515,207.34073631774478
16.515,16.525,206.33944001801214
16.525,16.535,205.69375754642434
16.535,16.545,205.1992999350836
16.545,16.555,204.32980698241695
16.555,16.565,203.68581278888257
16.565,16.575,203.83922619454952
16.575,16.585,203.39420007173203
16.585,16.595,0.0
16.595,16.605,0.0
16.605,16.615,0.0
16.615,16.625,0.0
16.625,16.635,0.0
16.635,16.645,0.0
16.645,16.655,0.0
16.655,16.665,0.0
16.665,16.675,0.0
16.675,16.685,0.0
16.685,16.695,0.0
16.695,16.705,0.0
16.705,16.715,0.0
16.715,16.725,0.0
16.725,16.735,0.0
16.735,16.745,0.0
16.745,16.755,0.0
16.755,16.765,0.0
16.765,16.775,0.0
16.775,16.785,0.0
16.785,16.795,0.0
16.795,16.805,0.0
16.805,16.815,0.0
16.815,16.825,0.0
16.825,16.835,0.0
16.835,16.845,0.0
16.845,16.855,215.04400574628917
16.855,16.865,212.73417657602948
16.865,16.875,207.8414158577923
16.875,16.885,205.1059849999545
16.885,16.895,202.82695613928936
16.895,16.905,201.7975007423044
16.905,16.915,201.64929085575548
16.915,16.925,0.0
16.925,16.935,0.0
16.935,16.945,0.0
16.945,16.955,0.0
16.955,16.965,0.0
16.965,16.975,0.0
16.975,16.985,0.0
16.985,16.995,0.0
16.995,17.005,0.0
17.005,17.015,0.0
17.015,17.025,0.0
17.025,17.035,0.0
17.035,17.045,0.0
17.045,17.055,0.0
17.055,17.065,0.0
17.065,17.075,0.0
17.075,17.085,199.0023544805083
17.085,17.095,195.00827919343553
17.095,17.105,192.93084208337265
17.105,17.115,191.87877881523002
17.115,17.125,191.81649455375694
17.125,17.135,192.64903379665932
17.135,17.145,194.12038944310237
17.145,17.155,195.85247533854664
17.155,17.165,197.72943277459152
17.165,17.175,200.1917484571193
17.175,17.185,203.48862467557808
17.185,17.195,207.66671094949044
17.195,17.205,211.92583900238364
17.205,17.215,216.0601944846164
17.215,17.225,221.00859938067424
17.225,17.235,225.81412457108527
17.235,17.245,231.0128319149957
17.245,17.255,235.12945116747767
17.255,17.265,239.71130662824044
17.265,17.275,246.1292230428431
17.275,17.285,249.6318553078928
17.285,17.295,252.3544561481448
17.295,17.305,256.0379914471423
17.305,17.315,264.0022829847076
17.315,17.325,272.04006620128484
17.325,17.335,274.8432259740768
17.335,17.345,276.48115450644644
17.345,17.355,278.45250853270085
17.355,17.365,282.22834038507233
17.365,17.375,294.617466775684
17.375,17.385,309.11152699716575
17.385,17.395,310.921469502623
17.395,17.405,0.0
17.405,17.415,0.0
17.415,17.425,0.0
17.425,17.435,0.0
17.435,17.445,0.0
17.445,17.455,0.0
17.455,17.465,0.0
17.465,17.475,250.54266888534303
17.475,17.485,247.62402678985228
17.485,17.495,245.33135718458837
17.495,17.505,243.23884087161727
17.505,17.515,234.84103054800377
17.515,17.525,233.47401849627713
17.525,17.535,231.8898603131533
17.535,17.545,0.0
17.545,17.555,0.0
17.555,17.565,0.0
17.565,17.575,0.0
17.575,17.585,0.0
17.585,17.595,0.0
17.595,17.605,0.0
17.605,17.615,0.0
17.615,17.625,0.0
17.625,17.635,0.0
17.635,17.645,0.0
17.645,17.655,0.0
17.655,17.665,0.0
17.665,17.675,0.0
17.675,17.685,0.0
17.685,17.695,0.0
17.695,17.705,0.0
17.705,17.715,0.0
17.715,17.725,0.0
17.725,17.735,0.0
17.735,17.745,0.0
17.745,17.755,0.0
17.755,17.765,0.0
17.765,17.775,228.51303269872167
17.775,17.785,228.72053420075065
17.785,17.795,228.8595677399829
17.795,17.805,228.79361313949823
17.805,17.815,228.5847886057978
17.815,17.825,228.28636139151803
17.825,17.835,227.98209744367057
17.835,17.845,227.77872628690284
17.845,17.855,227.25060446291513
17.855,17.865,225.7350276809401
17.865,17.875,0.0
17.875,17.885,0.0
17.885,17.895,0.0
17.895,17.905,0.0
17.905,17.915,0.0
17.915,17.925,0.0
17.925,17.935,0.0
17.935,17.945,0.0
17.945,17.955,0.0
17.955,17.965,0.0
17.965,17.975,0.0
17.975,17.985,0.0
17.985,17.995,0.0
17.995,18.005,0.0
18.005,18.015,0.0
18.015,18.025,0.0
18.025,18.035,0.0
18.035,18.045,0.0
18.045,18.055,0.0
18.055,18.065,0.0
18.065,18.075,0.0
18.075,18.085,0.0
18.085,18.095,0.0
18.095,18.105,0.0
18.105,18.115,0.0
18.115,18.125,0.0
18.125,18.135,0.0
18.135,18.145,0.0
18.145,18.155,0.0
18.155,18.165,0.0
18.165,18.175,0.0
18.175,18.185,0.0
18.185,18.195,0.0
18.195,18.205,0.0
18.205,18.215,0.0
18.215,18.225,0.0
18.225,18.235,0.0
18.235,18.245,0.0
18.245,18.255,0.0
18.255,18.265,0.0
18.265,18.275,0.0
18.275,18.285,0.0
18.285,18.295,0.0
18.295,18.305,0.0
18.305,18.315,0.0
18.315,18.325,0.0
18.325,18.335,0.0
18.335,18.345,0.0
18.345,18.355,0.0
18.355,18.365,0.0
18.365,18.375,0.0
18.375,18.385,0.0
18.385,18.395,0.0
18.395,18.405,0.0
18.405,18.415,0.0
18.415,18.425,0.0
18.425,18.435,0.0
18.435,18.445,0.0
18.445,18.455,0.0
18.455,18.465,0.0
18.465,18.475,0.0
18.475,18.485,0.0
18.485,18.495,0.0
18.495,18.505,0.0
18.505,18.515,0.0
18.515,18.525,0.0
18.525,18.535,0.0
18.535,18.545,0.0
18.545,18.555,0.0
18.555,18.565,0.0
18.565,18.575,0.0
18.575,18.585,0.0
18.585,18.595,0.0
18.595,18.605,0.0
18.605,18.615,0.0
18.615,18.625,0.0
18.625,18.635,0.0
18.635,18.645,0.0
18.645,18.655,0.0
18.655,18.665,0.0
18.665,18.675,0.0
18.675,18.685,0.0
18.685,18.695,0.0
18.695,18.705,0.0
18.705,18.715,0.0
18.715,18.725,0.0
18.725,18.735,0.0
18.735,18.745,0.0
18.745,18.755,0.0
18.755,18.765,0.0
18.765,18.775,0.0
18.775,18.785,0.0
18.785,18.795,0.0
18.795,18.805,0.0
18.805,18.815,0.0
18.815,18.825,0.0
18.825,18.835,0.0
18.835,18.845,0.0
18.845,18.855,0.0
18.855,18.865,0.0
18.865,18.875,0.0
18.875,18.885,0.0
18.885,18.895,0.0
18.895,18.905,0.0
18.905,18.915,0.0
18.915,18.925,0.0
18.925,18.935,0.0
18.935,18.945,0.0
18.945,18.955,0.0
18.955,18.965,0.0
18.965,18.975,0.0
18.975,18.985,0.0
18.985,18.995,0.0
18.995,19.005,0.0
19.005,19.015,0.0
19.015,19.025,0.0
19.025,19.035,0.0
19.035,19.045,238.1648363593155
19.045,19.055,247.3327619971672
19.055,19.065,256.16788661830185
19.065,19.075,259.6757550112482
19.075,19.085,262.21448753481036
19.085,19.095,264.98127984356836
19.095,19.105,267.73527270355584
19.105,19.115,269.9571798893084
19.115,19.125,271.85783639290645
19.125,19.135,272.7588618025642
19.135,19.145,269.5520942008797
19.145,19.155,267.42208022813986
19.155,19.165,267.6276454154673
19.165,19.175,266.63748023226407
19.175,19.185,262.710821720702
19.185,19.195,256.5675659409188
19.195,19.205,249.6265144443794
19.205,19.215,0.0
19.215,19.225,0.0
19.225,19.235,0.0
19.235,19.245,268.1433545667859
19.245,19.255,265.24307583179365
19.255,19.265,261.65260326515187
19.265,19.275,257.6032774187616
19.275,19.285,254.0333024130443
19.285,19.295,250.6724773034985
19.295,19.305,247.1101683032272
19.305,19.315,243.77540886403582
19.315,19.325,240.6106099638476
19.325,19.335,238.5491757014869
19.335,19.345,243.23262018409196
19.345,19.355,249.39050691264777
19.355,19.365,254.93159937453476
19.365,19.375,255.2044876999152
19.375,19.385,248.96986595654997
19.385,19.395,0.0
19.395,19.405,0.0
19.405,19.415,0.0
19.415,19.425,0.0
19.425,19.435,253.39504937437644
19.435,19.445,243.31310264020635
19.445,19.455,237.0496527543426
19.455,19.465,232.40673427893427
19.465,19.475,227.40758804511773
19.475,19.485,222.71763812595233
19.485,19.495,219.15256629855304
19.495,19.505,216.04181655984962
19.505,19.515,212.8549395170378
19.515,19.525,209.84005626268157
19.525,19.535,207.8626130860317
19.535,19.545,206.7648155625102
19.545,19.555,205.75581870516066
19.555,19.565,205.75292537824842
19.565,19.575,207.78306348490412
19.575,19.585,0.0
19.585,19.595,0.0
19.595,19.605,0.0
19.605,19.615,0.0
19.615,19.625,210.09273822303564
19.625,19.635,210.00557387987422
19.635,19.645,209.30628474871327
19.645,19.655,207.82125441378443
19.655,19.665,204.99114460284537
19.665,19.675,201.12342369708443
19.675,19.685,198.25317152462762
19.685,19.695,197.29956391849493
19.695,19.705,0.0
19.705,19.715,0.0
19.715,19.725,0.0
19.725,19.735,0.0
19.735,19.745,204.12998302515282
19.745,19.755,205.16403286878605
19.755,19.765,204.67328752429506
19.765,19.775,204.0221147208894
19.775,19.785,203.60579756251758
19.785,19.795,202.66860704943574
19.795,19.805,201.30655412842574
19.805,19.815,200.1821956541112
19.815,19.825,0.0
19.825,19.835,0.0
19.835,19.845,0.0
19.845,19.855,0.0
19.855,19.865,0.0
19.865,19.875,0.0
19.875,19.885,0.0
19.885,19.895,216.83118696927187
19.895,19.905,217.05380995715075
19.905,19.915,216.52590499215336
19.915,19.925,215.11459553481447
19.925,19.935,214.29950250935366
19.935,19.945,215.35568680298982
19.945,19.955,0.0
19.955,19.965,0.0
19.965,19.975,0.0
19.975,19.985,0.0
19.985,19.995,240.57765882867687
19.995,20.005,244.8081886863157
20.005,20.015,247.82496182192722
20.015,20.025,248.53624263633003
20.025,20.035,249.33186860214144
20.035,20.045,249.932168861018
20.045,20.055,250.03462450308004
20.055,20.065,0.0
20.065,20.075,0.0
20.075,20.085,0.0
20.085,20.095,0.0
20.095,20.105,0.0
20.105,20.115,0.0
20.115,20.125,0.0
20.125,20.135,0.0
20.135,20.145,0.0
20.145,20.155,0.0
20.155,20.165,0.0
20.165,20.175,0.0
20.175,20.185,0.0
20.185,20.195,0.0
20.195,20.205,0.0
20.205,20.215,0.0
20.215,20.225,0.0
20.225,20.235,0.0
20.235,20.245,0.0
20.245,20.255,0.0
20.255,20.265,0.0
20.265,20.275,0.0
20.275,20.285,0.0
20.285,20.295,0.0
20.295,20.305,0.0
20.305,20.315,0.0
20.315,20.325,0.0
20.325,20.335,0.0
20.335,20.345,0.0
20.345,20.355,0.0
20.355,20.365,0.0
20.365,20.375,0.0
20.375,20.385,0.0
20.385,20.395,0.0
20.395,20.405,0.0
20.405,20.415,0.0
20.415,20.425,0.0
20.425,20.435,0.0
20.435,20.445,0.0
20.445,20.455,0.0
20.455,20.465,0.0
20.465,20.475,0.0
20.475,20.485,0.0
20.485,20.495,0.0
20.495,20.505,0.0
20.505,20.515,0.0
20.515,20.525,0.0
20.525,20.535,0.0
20.535,20.545,0.0
20.545,20.555,0.0
20.555,20.565,0.0
20.565,20.575,0.0
20.575,20.585,0.0
20.585,20.595,0.0
20.595,20.605,0.0
20.605,20.615,0.0
20.615,20.625,0.0
20.625,20.635,0.0
20.635,20.645,0.0
20.645,20.655,0.0
20.655,20.665,0.0
20.665,20.675,215.74693935803276
20.675,20.685,216.41158532061658
20.685,20.695,215.26963950150596
20.695,20.705,212.77005050438106
20.705,20.715,208.901803681049
20.715,20.725,205.23735465734592
20.725,20.735,202.40768163088725
20.735,20.745,198.98184259836376
20.745,20.755,0.0
20.755,20.765,0.0
20.765,20.775,0.0
20.775,20.785,0.0
20.785,20.795,0.0
20.795,20.805,0.0
20.805,20.815,193.5485666529335
20.815,20.825,197.05771555110923
20.825,20.835,198.17579447028737
20.835,20.845,198.3292951018096
20.845,20.855,198.3695423972345
20.855,20.865,198.5908995431708
20.865,20.875,198.08237574875082
20.875,20.885,196.33565153285662
20.885,20.895,195.00069652682615
20.895,20.905,0.0
20.905,20.915,0.0
20.915,20.925,0.0
20.925,20.935,0.0
20.935,20.945,0.0
20.945,20.955,0.0
20.955,20.965,0.0
20.965,20.975,0.0
20.975,20.985,0.0
20.985,20.995,0.0
20.995,21.005,0.0
21.005,21.015,0.0
21.015,21.025,234.71484826054052
21.025,21.035,234.9264761791608
21.035,21.045,234.345179312179
21.045,21.055,232.84482535622772
21.055,21.065,230.89600751135194
21.065,21.075,229.05393847590867
21.075,21.085,227.36275245295525
21.085,21.095,0.0
21.095,21.105,0.0
21.105,21.115,0.0
21.115,21.125,203.1104866878377
21.125,21.135,200.1645751300959
21.135,21.145,194.24916456996004
21.145,21.155,189.1894296331818
21.155,21.165,182.63140543030352
21.165,21.175,176.49809665207908
21.175,21.185,173.08025629039943
21.185,21.195,171.6928308081732
21.195,21.205,172.26984258136895
21.205,21.215,174.15137982539633
21.215,21.225,175.7364255909752
21.225,21.235,176.73720357010728
21.235,21.245,177.25138924712638
21.245,21.255,177.33242948175894
21.255,21.265,176.8024508597053
21.265,21.275,175.40356211996178
21.275,21.285,174.72102573588884
21.285,21.295,0.0
21.295,21.305,0.0
21.305,21.315,0.0
21.315,21.325,0.0
21.325,21.335,0.0
21.335,21.345,0.0
21.345,21.355,0.0
21.355,21.365,0.0
21.365,21.375,0.0
21.375,21.385,0.0
21.385,21.395,186.37343263360043
21.395,21.405,185.4626961378803
21.405,21.415,184.09528689449252
21.415,21.425,182.9505778521931
21.425,21.435,182.1322177444518
21.435,21.445,181.31345998314285
21.445,21.455,0.0
21.455,21.465,0.0
21.465,21.475,0.0
21.475,21.485,0.0
21.485,21.495,0.0
21.495,21.505,181.95775496990635
21.505,21.515,181.36479341507746
21.515,21.525,180.7567245721075
21.525,21.535,179.5614574871838
21.535,21.545,177.50505254467845
21.545,21.555,175.8241879353645
21.555,21.565,175.21254356046637
21.565,21.575,0.0
21.575,21.585,0.0
21.585,21.595,0.0
21.595,21.605,0.0
21.605,21.615,0.0
21.615,21.625,175.516304310674
21.625,21.635,175.98378209649857
21.635,21.645,175.5736396875513
21.645,21.655,173.9784614219263
21.655,21.665,0.0
21.665,21.675,0.0
21.675,21.685,0.0
21.685,21.695,0.0
21.695,21.705,0.0
21.705,21.715,0.0
21.715,21.725,0.0
21.725,21.735,0.0
21.735,21.745,0.0
21.745,21.755,0.0
21.755,21.765,0.0
21.765,21.775,0.0
21.775,21.785,0.0
21.785,21.795,0.0
21.795,21.805,0.0
21.805,21.815,0.0
21.815,21.825,0.0
21.825,21.835,0.0
21.835,21.845,0.0
21.845,21.855,0.0
21.855,21.865,0.0
21.865,21.875,0.0
21.875,21.885,0.0
21.885,21.895,0.0
21.895,21.905,0.0
21.905,21.915,0.0
21.915,21.925,0.0
21.925,21.935,0.0
21.935,21.945,0.0
21.945,21.955,0.0
21.955,21.965,0.0
21.965,21.975,0.0
21.975,21.985,0.0
21.985,21.995,0.0
21.995,22.005,0.0
22.005,22.015,0.0
22.015,22.025,0.0
22.025,22.035,0.0
22.035,22.045,0.0
22.045,22.055,0.0
22.055,22.065,0.0
22.065,22.075,0.0
22.075,22.085,0.0
22.085,22.095,0.0
22.095,22.105,0.0
22.105,22.115,0.0
22.115,22.125,0.0
22.125,22.135,0.0
22.135,22.145,0.0
22.145,22.155,0.0
22.155,22.165,0.0
22.165,22.175,0.0
22.175,22.185,0.0
22.185,22.195,0.0
22.195,22.205,0.0
22.205,22.215,0.0
22.215,22.225,0.0
22.225,22.235,0.0
22.235,22.245,0.0
22.245,22.255,0.0
22.255,22.265,0.0
22.265,22.275,385.3794168752984
22.275,22.285,398.69584912834694
22.285,22.295,417.5980145197685
22.295,22.305,422.22389132090365
22.305,22.315,425.6328452799468
22.315,22.325,436.10332256769954
22.325,22.335,447.93585320300036
22.335,22.345,449.3296060631322
22.345,22.355,441.67963145038254
22.355,22.365,438.634597123867
22.365,22.375,440.98968906600254
22.375,22.385,437.4716900619403
22.385,22.395,425.2471460041982
22.395,22.405,418.7410490309476
22.405,22.415,0.0
22.415,22.425,0.0
22.425,22.435,0.0
22.435,22.445,0.0
22.445,22.455,0.0
22.455,22.465,0.0
22.465,22.475,0.0
22.475,22.485,0.0
22.485,22.495,0.0
22.495,22.505,0.0
22.505,22.515,0.0
22.515,22.525,0.0
22.525,22.535,0.0
22.535,22.545,0.0
22.545,22.555,0.0
22.555,22.565,0.0
22.565,22.575,0.0
22.575,22.585,0.0
22.585,22.595,0.0
22.595,22.605,0.0
22.605,22.615,0.0
22.615,22.625,0.0
22.625,22.635,0.0
22.635,22.645,0.0
22.645,22.655,0.0
22.655,22.665,0.0
22.665,22.675,0.0
22.675,22.685,0.0
22.685,22.695,0.0
22.695,22.705,0.0
22.705,22.715,0.0
22.715,22.725,0.0
22.725,22.735,0.0
22.735,22.745,0.0
22.745,22.755,0.0
22.755,22.765,0.0
22.765,22.775,0.0
22.775,22.785,0.0
22.785,22.795,0.0
22.795,22.805,0.0
22.805,22.815,0.0
22.815,22.825,0.0
22.825,22.835,0.0
22.835,22.845,0.0
22.845,22.855,0.0
22.855,22.865,0.0
22.865,22.875,0.0
22.875,22.885,0.0
22.885,22.895,0.0
22.895,22.905,0.0
22.905,22.915,0.0
22.915,22.925,0.0
22.925,22.935,0.0
22.935,22.945,0.0
22.945,22.955,0.0
22.955,22.965,207.9357390500687
22.965,22.975,212.0208362623051
22.975,22.985,217.2525359242051
22.985,22.995,221.4927484663842
22.995,23.005,224.78537995212932
23.005,23.015,228.1594668374363
23.015,23.025,231.43613128497353
23.025,23.035,235.36657363249208
23.035,23.045,241.48538814555175
23.045,23.055,245.71060195305978
23.055,23.065,249.54816993110674
23.065,23.075,254.6085681151663
23.075,23.085,255.40609392400373
23.085,23.095,254.13055947456158
23.095,23.105,248.92551829808272
23.105,23.115,236.18807486530815
23.115,23.125,0.0
23.125,23.135,0.0
23.135,23.145,241.1527449629023
23.145,23.155,241.9252050900764
23.155,23.165,240.23908097848891
23.165,23.175,235.40848756550818
23.175,23.185,230.77338148260074
23.185,23.195,226.97384090980765
23.195,23.205,224.47439254993137
23.205,23.215,224.59344822767392
23.215,23.225,230.64944782836798
23.225,23.235,0.0
23.235,23.245,0.0
23.245,23.255,0.0
23.255,23.265,0.0
23.265,23.275,0.0
23.275,23.285,218.64252140737347
23.285,23.295,220.07709619359878
23.295,23.305,218.41977221575507
23.305,23.315,214.50181406750286
23.315,23.325,208.63162491769157
23.325,23.335,204.70797913355648
23.335,23.345,202.90360014138287
23.345,23.355,201.89747037577507
23.355,23.365,201.27462711454143
23.365,23.375,201.02121829399613
23.375,23.385,201.22029699584257
23.385,23.395,201.59063973173494
23.395,23.405,201.6581869814551
23.405,23.415,201.6271424390363
23.415,23.425,202.8641044332016
23.425,23.435,0.0
23.435,23.445,0.0
23.445,23.455,0.0
23.455,23.465,0.0
23.465,23.475,0.0
23.475,23.485,0.0
23.485,23.495,0.0
23.495,23.505,0.0
23.505,23.515,0.0
23.515,23.525,0.0
23.525,23.535,0.0
23.535,23.545,0.0
23.545,23.555,197.5706867507303
23.555,23.565,198.6827553998396
23.565,23.575,198.32641645481087
23.575,23.585,197.21812954211893
23.585,23.595,196.43829739626366
23.595,23.605,196.05960343338137
23.605,23.615,195.93852230360997
23.615,23.625,196.0335174334279
23.625,23.635,196.15040730801877
23.635,23.645,196.29142659202319
23.645,23.655,196.5262305961871
23.655,23.665,196.76997696111184
23.665,23.675,197.0803899520618
23.675,23.685,197.51492607315188
23.685,23.695,197.76518209170376
23.695,23.705,197.46741558564273
23.705,23.715,196.8210408075431
23.715,23.725,196.2691724820535
23.725,23.735,196.06044948719386
23.735,23.745,196.01782016432418
23.745,23.755,195.8399493994523
23.755,23.765,195.86500573571277
23.765,23.775,196.27952153179913
23.775,23.785,196.85156483331224
23.785,23.795,197.80457378321597
23.795,23.805,200.6085266001772
23.805,23.815,0.0
23.815,23.825,0.0
23.825,23.835,0.0
23.835,23.845,0.0
23.845,23.855,0.0
23.855,23.865,0.0
23.865,23.875,0.0
23.875,23.885,0.0
23.885,23.895,225.74817609032027
23.895,23.905,227.35213989245898
23.905,23.915,229.89640052619757
23.915,23.925,233.0699583516379
23.925,23.935,234.56964794510202
23.935,23.945,233.83842185500416
23.945,23.955,232.88321596502098
23.955,23.965,232.7713822217098
23.965,23.975,232.7974916081133
23.975,23.985,231.65992967524127
23.985,23.995,230.63697207043148
23.995,24.005,229.79019650878223
24.005,24.015,229.03527215248894
24.015,24.025,228.7258717597141
24.025,24.035,227.76239860992794
24.035,24.045,225.5264609715844
24.045,24.055,223.71952491048486
24.055,24.065,224.33757862402194
24.065,24.075,226.41672643811134
24.075,24.085,218.12066596508168
24.085,24.095,211.63624866926853
24.095,24.105,206.71225839020644
24.105,24.115,203.05070755369778
24.115,24.125,199.98554620042253
24.125,24.135,197.41265550168924
24.135,24.145,195.56710103149115
24.145,24.155,194.07845090297153
24.155,24.165,192.40779851587212
24.165,24.175,190.94836004413818
24.175,24.185,191.60860957908338
24.185,24.195,194.10168903556874
24.195,24.205,196.16585946476357
24.205,24.215,197.16403733441533
24.215,24.225,197.55736942797597
24.225,24.235,197.49777705158556
24.235,24.245,197.1914684772895
24.245,24.255,196.66097491410252
24.255,24.265,195.98845277132781
24.265,24.275,195.35985523030422
24.275,24.285,194.6526488086905
24.285,24.295,194.0120443468481
24.295,24.305,194.46215154226533
24.305,24.315,195.65067505885204
24.315,24.325,196.55912385673992
24.325,24.335,197.06397046238158
24.335,24.345,197.4077743182495
24.345,24.355,197.76397569216186
24.355,24.365,198.14018969670968
24.365,24.375,198.30420580116117
24.375,24.385,198.16748843374097
24.385,24.395,198.36759086603024
24.395,24.405,198.95292146782884
24.405,24.415,199.33401793890138
24.415,24.425,0.0
24.425,24.435,0.0
24.435,24.445,0.0
24.445,24.455,0.0
24.455,24.465,0.0
24.465,24.475,0.0
24.475,24.485,0.0
24.485,24.495,0.0
24.495,24.505,0.0
24.505,24.515,252.52863454998428
24.515,24.525,245.38068095751262
24.525,24.535,239.50355693286053
24.535,24.545,235.1357097084263
24.545,24.555,233.36425631851912
24.555,24.565,233.604688288687
24.565,24.575,234.77732335510552
24.575,24.585,235.23546801571274
24.585,24.595,233.80943842320855
24.595,24.605,0.0
24.605,24.615,0.0
24.615,24.625,0.0
24.625,24.635,0.0
24.635,24.645,0.0
24.645,24.655,0.0
24.655,24.665,249.52836798424158
24.665,24.675,245.93956209392834
24.675,24.685,243.9200234388049
24.685,24.695,243.72496175776882
24.695,24.705,245.59485990933052
24.705,24.715,250.2608085062492
24.715,24.725,260.70246274254396
24.725,24.735,269.0730055602697
24.735,24.745,0.0
24.745,24.755,0.0
24.755,24.765,0.0
24.765,24.775,0.0
24.775,24.785,0.0
24.785,24.795,0.0
24.795,24.805,0.0
24.805,24.815,0.0
24.815,24.825,287.7851675474766
24.825,24.835,280.1013876700846
24.835,24.845,275.0416072054198
24.845,24.855,271.6964484672431
24.855,24.865,268.77027717955673
24.865,24.875,264.7591848555702
24.875,24.885,258.7438352438219
24.885,24.895,252.1308495084488
24.895,24.905,246.2160818559857
24.905,24.915,239.98511711670866
24.915,24.925,232.767494057372
24.925,24.935,229.6315092277306
24.935,24.945,228.38047824603078
24.945,24.955,227.55676762545653
24.955,24.965,226.99781228299736
24.965,24.975,226.49011545646135
24.975,24.985,225.99074147872733
24.985,24.995,0.0
24.995,25.005,0.0
25.005,25.015,0.0
25.015,25.025,0.0
25.025,25.035,0.0
25.035,25.045,0.0
25.045,25.055,0.0
25.055,25.065,0.0
25.065,25.075,0.0
25.075,25.085,224.49294440878325
25.085,25.095,219.68623845641926
25.095,25.105,216.91707835979636
25.105,25.115,211.75018913287445
25.115,25.125,206.00506098041052
25.125,25.135,200.10911712392354
25.135,25.145,0.0
25.145,25.155,0.0
25.155,25.165,0.0
25.165,25.175,0.0
25.175,25.185,0.0
25.185,25.195,181.30743401486134
25.195,25.205,181.51821773727286
25.205,25.215,181.15250388849864
25.215,25.225,180.85665172013177
25.225,25.235,180.75273522716842
25.235,25.245,180.39297121425386
25.245,25.255,0.0
25.255,25.265,0.0
25.265,25.275,0.0
25.275,25.285,0.0
25.285,25.295,0.0
25.295,25.305,0.0
25.305,25.315,182.6390689731564
25.315,25.325,182.51070030845796
25.325,25.335,181.62227766356494
25.335,25.345,0.0
25.345,25.355,0.0
25.355,25.365,0.0
25.365,25.375,0.0
25.375,25.385,0.0
25.385,25.395,0.0
25.395,25.405,0.0
25.405,25.415,0.0
25.415,25.425,0.0
25.425,25.435,180.34903248266156
25.435,25.445,180.85024605275115
25.445,25.455,181.02211330067303
25.455,25.465,180.53015452979943
25.465,25.475,179.74303076868142
25.475,25.485,178.80106007603135
25.485,25.495,177.55305093830353
25.495,25.505,175.6745386185249
25.505,25.515,175.50687976209912
25.515,25.525,176.69925349162705
25.525,25.535,176.59749938508168
25.535,25.545,176.3213749815655
25.545,25.555,176.5081256021888
25.555,25.565,176.9122148454573
25.565,25.575,176.42600425797548
25.575,25.585,174.67993113257495
25.585,25.595,0.0
25.595,25.605,0.0
25.605,25.615,0.0
25.615,25.625,0.0
25.625,25.635,0.0
25.635,25.645,0.0
25.645,25.655,0.0
25.655,25.665,0.0
25.665,25.675,0.0
25.675,25.685,0.0
25.685,25.695,0.0
25.695,25.705,0.0
25.705,25.715,0.0
25.715,25.725,174.03364826292716
25.725,25.735,175.777446296053
25.735,25.745,176.92584012406664
25.745,25.755,177.79013512859126
25.755,25.765,178.17303780011798
25.765,25.775,177.90674056186435
25.775,25.785,177.24908975692318
25.785,25.795,176.50020715239603
25.795,25.805,175.44600568036267
25.805,25.815,173.91778711361266
25.815,25.825,0.0
25.825,25.835,0.0
25.835,25.845,0.0
25.845,25.855,174.9768737699817
25.855,25.865,174.711792209567
25.865,25.875,174.842062610914
25.875,25.885,174.48987386905637
25.885,25.895,173.25895373838804
25.895,25.905,171.63031827607307
25.905,25.915,0.0
25.915,25.925,0.0
25.925,25.935,0.0
25.935,25.945,0.0
25.945,25.955,0.0
25.955,25.965,0.0
25.965,25.975,171.62968226531942
25.975,25.985,173.56450770063032
25.985,25.995,173.92844883766514
25.995,26.005,172.9987775623
26.005,26.015,171.4146923036789
26.015,26.025,170.25008204997138
26.025,26.035,169.60659073832664
26.035,26.045,0.0
26.045,26.055,0.0
26.055,26.065,0.0
26.065,26.075,0.0
26.075,26.085,0.0
26.085,26.095,0.0
26.095,26.105,0.0
26.105,26.115,0.0
26.115,26.125,0.0
26.125,26.135,0.0
26.135,26.145,0.0
26.145,26.155,0.0
26.155,26.165,0.0
26.165,26.175,0.0
26.175,26.185,0.0
26.185,26.195,0.0
26.195,26.205,0.0
26.205,26.215,0.0
26.215,26.225,0.0
26.225,26.235,0.0
26.235,26.245,0.0
26.245,26.255,0.0
26.255,26.265,0.0
26.265,26.275,0.0
26.275,26.285,0.0
26.285,26.295,0.0
26.295,26.305,0.0
26.305,26.315,0.0
26.315,26.325,0.0
26.325,26.335,0.0
26.335,26.345,0.0
26.345,26.355,0.0
26.355,26.365,0.0
26.365,26.375,0.0
26.375,26.385,0.0
26.385,26.395,0.0
26.395,26.405,0.0
26.405,26.415,0.0
26.415,26.425,0.0
26.425,26.435,0.0
26.435,26.445,0.0
26.445,26.455,0.0
26.455,26.465,0.0
26.465,26.475,0.0
26.475,26.485,0.0
26.485,26.495,0.0
26.495,26.505,0.0
26.505,26.515,0.0
26.515,26.525,0.0
26.525,26.535,0.0
26.535,26.545,0.0
26.545,26.555,0.0
26.555,26.565,0.0
26.565,26.575,0.0
26.575,26.585,0.0
26.585,26.595,0.0
26.595,26.605,0.0
26.605,26.615,0.0
26.615,26.625,0.0
26.625,26.635,153.17703333572706
26.635,26.645,151.13230366737707
26.645,26.655,148.40486499769466
26.655,26.665,145.346512110019
26.665,26.675,142.043267886424
26.675,26.685,138.5850264928868
26.685,26.695,136.2518485719794
26.695,26.705,134.7156133045944
26.705,26.715,134.36940806753773
26.715,26.725,136.69307473965569
26.725,26.735,139.74193331285892
26.735,26.745,143.11089237294516
26.745,26.755,146.13807207274192
26.755,26.765,148.00617032296844
26.765,26.775,149.1723547600785
26.775,26.785,0.0
26.785,26.795,0.0
26.795,26.805,0.0
26.805,26.815,0.0
26.815,26.825,0.0
26.825,26.835,0.0
26.835,26.845,0.0
26.845,26.855,0.0
26.855,26.865,0.0
26.865,26.875,0.0
26.875,26.885,0.0
26.885,26.895,0.0
26.895,26.905,0.0
26.905,26.915,0.0
26.915,26.925,0.0
26.925,26.935,0.0
26.935,26.945,0.0
26.945,26.955,0.0
26.955,26.965,0.0
26.965,26.975,0.0
26.975,26.985,0.0
26.985,26.995,0.0
26.995,27.005,0.0
27.005,27.015,0.0
27.015,27.025,0.0
27.025,27.035,0.0
27.035,27.045,0.0
27.045,27.055,0.0
27.055,27.065,0.0
27.065,27.075,0.0
27.075,27.085,0.0
27.085,27.095,0.0
27.095,27.105,0.0
27.105,27.115,0.0
27.115,27.125,0.0
27.125,27.135,0.0
27.135,27.145,0.0
27.145,27.155,0.0
27.155,27.165,0.0
27.165,27.175,0.0
27.175,27.185,0.0
27.185,27.195,0.0
27.195,27.205,0.0
27.205,27.215,0.0
27.215,27.225,0.0
27.225,27.235,0.0
27.235,27.245,0.0
27.245,27.255,0.0
27.255,27.265,0.0
27.265,27.275,0.0
27.275,27.285,0.0
27.285,27.295,0.0
27.295,27.305,0.0
27.305,27.315,0.0
27.315,27.325,0.0
27.325,27.335,0.0
27.335,27.345,0.0
27.345,27.355,0.0
27.355,27.365,0.0
27.365,27.375,0.0
27.375,27.385,0.0
27.385,27.395,0.0
27.395,27.405,0.0
27.405,27.415,186.3520623148484
27.415,27.425,185.77030805813772
27.425,27.435,185.02691414582148
27.435,27.445,184.94834926176884
27.445,27.455,185.46961778433862
27.455,27.465,186.37642268730852
27.465,27.475,187.60056431191552
27.475,27.485,188.85293693875258
27.485,27.495,192.3385057225947
27.495,27.505,197.28869248933628
27.505,27.515,198.91789933288538
27.515,27.525,199.23444441669372
27.525,27.535,199.20587120182117
27.535,27.545,198.68545516273102
27.545,27.555,197.87465285939896
27.555,27.565,196.90391356675238
27.565,27.575,196.06097614256262
27.575,27.585,195.8136695319152
27.585,27.595,196.64732005933783
27.595,27.605,198.58600102518972
27.605,27.615,199.9092515475485
27.615,27.625,202.3400597852891
27.625,27.635,205.8935876940223
27.635,27.645,209.89754662855933
27.645,27.655,222.54964593875135
27.655,27.665,226.77880612845883
27.665,27.675,228.16985454227805
27.675,27.685,229.1005646173616
27.685,27.695,230.2594028762913
27.695,27.705,231.63833627607315
27.705,27.715,233.57578417344976
27.715,27.725,235.4175855865034
27.725,27.735,235.8956084935973
27.735,27.745,235.2315879431013
27.745,27.755,235.801977298347
27.755,27.765,238.95575226059506
27.765,27.775,244.39348349367916
27.775,27.785,253.2764210199289
27.785,27.795,269.39899771284536
27.795,27.805,297.54602649164514
27.805,27.815,305.4648296307448
27.815,27.825,287.53527341126795
27.825,27.835,259.5614126958407
27.835,27.845,247.97741184559504
27.845,27.855,0.0
27.855,27.865,0.0
27.865,27.875,0.0
27.875,27.885,0.0
27.885,27.895,0.0
27.895,27.905,0.0
27.905,27.915,0.0
27.915,27.925,0.0
27.925,27.935,0.0
27.935,27.945,0.0
27.945,27.955,0.0
27.955,27.965,0.0
27.965,27.975,0.0
27.975,27.985,0.0
27.985,27.995,0.0
27.995,28.005,0.0
28.005,28.015,0.0
28.015,28.025,0.0
28.025,28.035,239.73759600221663
28.035,28.045,238.9060616954688
28.045,28.055,233.61123436906294
28.055,28.065,228.63059043410712
28.065,28.075,222.96234626344256
28.075,28.085,220.6844284742064
28.085,28.095,218.83952418456457
28.095,28.105,217.47391704315527
28.105,28.115,216.65575670620257
28.115,28.125,216.06652827130736
28.125,28.135,215.1351034434283
28.135,28.145,213.86508134576852
28.145,28.155,212.87675083399822
28.155,28.165,212.41521474040405
28.165,28.175,212.15807559406392
28.175,28.185,211.76668981623308
28.185,28.195,210.90745208582572
28.195,28.205,209.53780672317623
28.205,28.215,208.35694391998055
28.215,28.225,207.73502231894219
28.225,28.235,207.0246032891744
28.235,28.245,205.9078315000847
28.245,28.255,204.54733487593626
28.255,28.265,203.11085028343672
28.265,28.275,201.93632822527383
28.275,28.285,201.02606785940208
28.285,28.295,200.50049229229077
28.295,28.305,200.39478537219657
28.305,28.315,200.30970817313224
28.315,28.325,200.3836993888091
28.325,28.335,200.51508392736045
28.335,28.345,200.4709095901222
28.345,28.355,200.2897284183116
28.355,28.365,200.00524502766314
28.365,28.375,199.7343288680231
28.375,28.385,199.52534092505124
28.385,28.395,199.03166175504518
28.395,28.405,198.06493102945493
28.405,28.415,196.9902677088217
28.415,28.425,195.84616535726295
28.425,28.435,194.84315369778602
28.435,28.445,194.30117110270822
28.445,28.455,193.60783853568398
28.455,28.465,192.42735428527158
28.465,28.475,0.0
28.475,28.485,0.0
28.485,28.495,0.0
28.495,28.505,0.0
28.505,28.515,0.0
28.515,28.525,0.0
28.525,28.535,0.0
28.535,28.545,0.0
28.545,28.555,0.0
28.555,28.565,0.0
28.565,28.575,0.0
28.575,28.585,0.0
28.585,28.595,0.0
28.595,28.605,0.0
28.605,28.615,0.0
28.615,28.625,0.0
28.625,28.635,0.0
28.635,28.645,0.0
28.645,28.655,0.0
28.655,28.665,0.0
28.665,28.675,0.0
28.675,28.685,0.0
28.685,28.695,0.0
28.695,28.705,0.0
28.705,28.715,0.0
28.715,28.725,0.0
28.725,28.735,0.0
28.735,28.745,0.0
28.745,28.755,0.0
28.755,28.765,0.0
28.765,28.775,0.0
28.775,28.785,0.0
28.785,28.795,0.0
28.795,28.805,0.0
28.805,28.815,0.0
28.815,28.825,0.0
28.825,28.835,0.0
28.835,28.845,0.0
28.845,28.855,0.0
28.855,28.865,0.0
28.865,28.875,0.0
28.875,28.885,0.0
28.885,28.895,0.0
28.895,28.905,0.0
28.905,28.915,0.0
28.915,28.925,0.0
28.925,28.935,0.0
28.935,28.945,0.0
28.945,28.955,0.0
28.955,28.965,0.0
28.965,28.975,0.0
28.975,28.985,0.0
28.985,28.995,0.0
28.995,29.005,0.0
29.005,29.015,0.0
29.015,29.025,0.0
29.025,29.035,0.0
29.035,29.045,0.0
29.045,29.055,0.0
29.055,29.065,0.0
29.065,29.075,0.0
29.075,29.085,0.0
29.085,29.095,0.0
29.095,29.105,0.0
29.105,29.115,0.0
29.115,29.125,0.0
29.125,29.135,0.0
29.135,29.145,0.0
29.145,29.155,0.0
29.155,29.165,0.0
29.165,29.175,0.0
29.175,29.185,0.0
29.185,29.195,0.0
29.195,29.205,0.0
29.205,29.215,0.0
29.215,29.225,0.0
29.225,29.235,0.0
29.235,29.245,0.0
29.245,29.255,0.0
29.255,29.265,0.0
29.265,29.275,0.0
29.275,29.285,0.0
29.285,29.295,0.0
29.295,29.305,0.0
29.305,29.315,0.0
29.315,29.325,0.0
29.325,29.335,0.0
29.335,29.345,0.0
29.345,29.355,0.0
29.355,29.365,0.0
29.365,29.375,0.0
29.375,29.385,0.0
29.385,29.395,0.0
29.395,29.405,0.0
29.405,29.415,0.0
29.415,29.425,0.0
29.425,29.435,0.0
29.435,29.445,0.0
29.445,29.455,0.0
29.455,29.465,0.0
29.465,29.475,0.0
29.475,29.485,0.0
29.485,29.495,0.0
29.495,29.505,0.0
29.505,29.515,0.0
29.515,29.525,0.0
29.525,29.535,0.0
29.535,29.545,0.0
29.545,29.555,0.0
29.555,29.565,0.0
29.565,29.575,0.0
29.575,29.585,0.0
29.585,29.595,0.0
29.595,29.605,0.0
29.605,29.615,0.0
29.615,29.625,0.0
29.625,29.635,0.0
29.635,29.645,0.0
29.645,29.655,0.0
29.655,29.665,0.0
29.665,29.675,0.0
29.675,29.685,0.0
29.685,29.695,0.0
29.695,29.705,0.0
29.705,29.715,0.0
29.715,29.725,0.0
29.725,29.735,0.0
29.735,29.745,0.0
29.745,29.755,0.0
29.755,29.765,0.0
29.765,29.775,0.0
29.775,29.785,0.0
29.785,29.795,0.0
29.795,29.805,0.0
29.805,29.815,0.0
29.815,29.825,0.0
29.825,29.835,0.0
29.835,29.845,0.0
29.845,29.855,0.0
29.855,29.865,0.0
29.865,29.875,0.0
29.875,29.885,0.0
29.885,29.895,0.0
29.895,29.905,0.0
29.905,29.915,0.0
29.915,29.925,0.0
29.925,29.935,0.0
29.935,29.945,0.0
29.945,29.955,0.0
29.955,29.965,0.0
29.965,29.975,0.0
29.975,29.985,0.0
29.985,29.995,0.0
29.995,30.005,0.0
30.005,30.015,0.0
30.015,30.025,0.0
30.025,30.035,0.0
30.035,30.045,0.0
30.045,30.055,0.0
30.055,30.065,0.0
30.065,30.075,0.0
30.075,30.085,0.0
30.085,30.095,0.0
30.095,30.105,0.0
30.105,30.115,0.0
30.115,30.125,0.0
30.125,30.135,0.0
30.135,30.145,0.0
30.145,30.155,0.0
30.155,30.165,0.0
30.165,30.175,0.0
30.175,30.185,0.0
30.185,30.195,0.0
30.195,30.205,0.0
30.205,30.215,0.0
30.215,30.225,0.0
30.225,30.235,0.0
30.235,30.245,0.0
30.245,30.255,0.0
30.255,30.265,0.0
30.265,30.275,0.0
30.275,30.285,0.0
30.285,30.295,0.0
30.295,30.305,0.0
30.305,30.315,0.0
30.315,30.325,0.0
30.325,30.335,0.0
30.335,30.345,0.0
30.345,30.355,0.0
30.355,30.365,0.0
30.365,30.375,0.0
30.375,30.385,0.0
30.385,30.395,0.0
30.395,30.405,0.0
30.405,30.415,0.0
30.415,30.425,0.0
30.425,30.435,0.0
30.435,30.445,0.0
30.445,30.455,0.0
30.455,30.465,0.0
30.465,30.475,0.0
30.475,30.485,0.0
30.485,30.495,0.0
30.495,30.505,0.0
30.505,30.515,0.0
30.515,30.525,0.0
30.525,30.535,0.0
30.535,30.545,0.0
30.545,30.555,0.0
30.555,30.565,0.0
30.565,30.575,0.0
30.575,30.585,0.0
30.585,30.595,0.0
30.595,30.605,0.0
30.605,30.615,0.0
30.615,30.625,0.0
30.625,30.635,0.0
30.635,30.645,0.0
30.645,30.655,0.0
30.655,30.665,0.0
30.665,30.675,0.0
30.675,30.685,0.0
30.685,30.695,0.0
30.695,30.705,0.0
30.705,30.715,0.0
30.715,30.725,0.0
30.725,30.735,0.0
30.735,30.745,0.0
30.745,30.755,0.0
30.755,30.765,0.0
30.765,30.775,0.0
30.775,30.785,0.0
30.785,30.795,0.0
30.795,30.805,0.0
30.805,30.815,0.0
30.815,30.825,0.0
30.825,30.835,0.0
30.835,30.845,0.0
30.845,30.855,0.0
30.855,30.865,0.0
30.865,30.875,0.0
30.875,30.885,0.0
30.885,30.895,0.0
30.895,30.905,0.0
30.905,30.915,0.0
30.915,30.925,0.0
30.925,30.935,0.0
30.935,30.945,0.0
30.945,30.955,0.0
30.955,30.965,0.0
30.965,30.975,0.0
30.975,30.985,0.0
30.985,30.995,0.0
30.995,31.005,0.0
31.005,31.015,0.0
31.015,31.025,0.0
31.025,31.035,0.0
31.035,31.045,0.0
31.045,31.055,0.0
31.055,31.065,0.0
31.065,31.075,0.0
31.075,31.085,0.0
31.085,31.095,0.0
31.095,31.105,0.0
31.105,31.115,0.0
31.115,31.125,0.0
31.125,31.135,0.0
31.135,31.145,0.0
31.145,31.155,0.0
31.155,31.165,0.0
31.165,31.175,0.0
31.175,31.185,0.0
31.185,31.195,0.0
31.195,31.205,0.0
31.205,31.215,0.0
31.215,31.225,0.0
31.225,31.235,0.0
31.235,31.245,0.0
31.245,31.255,0.0
31.255,31.265,0.0
31.265,31.275,0.0
31.275,31.285,0.0
31.285,31.295,0.0
31.295,31.305,0.0
31.305,31.315,0.0
31.315,31.325,0.0
31.325,31.335,0.0
31.335,31.345,0.0
31.345,31.355,0.0
31.355,31.365,0.0
31.365,31.375,0.0
31.375,31.385,0.0
31.385,31.395,0.0
31.395,31.405,0.0
31.405,31.415,0.0
31.415,31.425,0.0
31.425,31.435,0.0
31.435,31.445,0.0
31.445,31.455,0.0
31.455,31.465,0.0
31.465,31.475,0.0
31.475,31.485,0.0
31.485,31.495,0.0
31.495,31.505,0.0
31.505,31.515,0.0
31.515,31.525,0.0
31.525,31.535,0.0
31.535,31.545,0.0
31.545,31.555,0.0
31.555,31.565,0.0
31.565,31.575,0.0
31.575,31.585,0.0
31.585,31.595,0.0
31.595,31.605,0.0
31.605,31.615,0.0
31.615,31.625,0.0
31.625,31.635,0.0
31.635,31.645,0.0
31.645,31.655,0.0
31.655,31.665,0.0
31.665,31.675,0.0
31.675,31.685,0.0
31.685,31.695,0.0
31.695,31.705,0.0
31.705,31.715,0.0
31.715,31.725,0.0
31.725,31.735,0.0
31.735,31.745,0.0
31.745,31.755,0.0
31.755,31.765,0.0
31.765,31.775,0.0
31.775,31.785,0.0
31.785,31.795,0.0
31.795,31.805,0.0
31.805,31.815,0.0
31.815,31.825,0.0
31.825,31.835,0.0
31.835,31.845,0.0
31.845,31.855,0.0
31.855,31.865,0.0
31.865,31.875,0.0
31.875,31.885,0.0
31.885,31.895,176.87945837663338
31.895,31.905,178.10726203487684
31.905,31.915,180.8547147568116
31.915,31.925,183.65575735771287
31.925,31.935,185.37847516132706
31.935,31.945,185.89223226766882
31.945,31.955,185.8053961264301
31.955,31.965,185.13128309027016
31.965,31.975,183.99645563366585
31.975,31.985,182.8858228338107
31.985,31.995,181.9695940745167
31.995,32.005,181.32504841403312
32.005,32.015,181.108566831509
32.015,32.025,181.2502723358861
32.025,32.035,181.5797440424809
32.035,32.045,182.01351486850427
32.045,32.055,182.2005477362596
32.055,32.065,181.93263862258382
32.065,32.075,181.18209879969316
32.075,32.085,180.05059369344698
32.085,32.095,179.2965296368106
32.095,32.105,179.19343398304804
32.105,32.115,179.25962021646882
32.115,32.125,179.16640291609673
32.125,32.135,178.75100090504486
32.135,32.145,178.21880719898948
32.145,32.155,177.82555379126183
32.155,32.165,177.46690027709283
32.165,32.175,177.2293555944437
32.175,32.185,177.41104448691874
32.185,32.195,177.80681739938902
32.195,32.205,177.91524380729348
32.205,32.215,177.55347298130036
32.215,32.225,176.76510983594127
32.225,32.235,175.63280328677854
32.235,32.245,174.29748556967417
32.245,32.255,173.0297455959117
32.255,32.265,172.01365662343204
32.265,32.275,171.55922921034792
32.275,32.285,171.6098516005405
32.285,32.295,171.56082208379192
32.295,32.305,171.14911136171457
32.305,32.315,170.59443988669088
32.315,32.325,170.33865686735632
32.325,32.335,170.45361452640978
32.335,32.345,170.4832067841463
32.345,32.355,170.1490558728152
32.355,32.365,169.7717477800964
32.365,32.375,169.8108138200364
32.375,32.385,170.0290583333594
32.385,32.395,170.29253094292818
32.395,32.405,171.0083841741814
32.405,32.415,172.04107477376056
32.415,32.425,172.69545274049054
32.425,32.435,173.01910608905132
32.435,32.445,173.2271781495753
32.445,32.455,173.38305354816023
32.455,32.465,173.44105062531048
32.465,32.475,173.25137547479113
32.475,32.485,172.66237731517398
32.485,32.495,171.86072064769124
32.495,32.505,171.24477887648075
32.505,32.515,170.96856736119054
32.515,32.525,170.95403903681188
32.525,32.535,171.60167900013158
32.535,32.545,173.27164824706912
32.545,32.555,174.49818749928335
32.555,32.565,175.36297439529406
32.565,32.575,176.01778414187925
32.575,32.585,175.8933133373392
32.585,32.595,175.24079224756292
32.595,32.605,174.64899636023821
32.605,32.615,173.72647255187266
32.615,32.625,172.59549954344575
32.625,32.635,171.54438528949328
32.635,32.645,170.58735083663862
32.645,32.655,169.70634410419856
32.655,32.665,168.57256019287166
32.665,32.675,0.0
32.675,32.685,0.0
32.685,32.695,0.0
32.695,32.705,0.0
32.705,32.715,0.0
32.715,32.725,0.0
32.725,32.735,0.0
32.735,32.745,0.0
32.745,32.755,0.0
32.755,32.765,0.0
32.765,32.775,0.0
32.775,32.785,0.0
32.785,32.795,0.0
32.795,32.805,0.0
32.805,32.815,0.0
32.815,32.825,0.0
32.825,32.835,0.0
32.835,32.845,0.0
32.845,32.855,0.0
32.855,32.865,0.0
32.865,32.875,0.0
32.875,32.885,0.0
32.885,32.895,0.0
32.895,32.905,0.0
32.905,32.915,0.0
32.915,32.925,0.0
32.925,32.935,0.0
32.935,32.945,0.0
32.945,32.955,0.0
32.955,32.965,0.0
32.965,32.975,0.0
32.975,32.985,0.0
32.985,32.995,0.0
32.995,33.005,0.0
33.005,33.015,0.0
33.015,33.025,0.0
33.025,33.035,0.0
33.035,33.045,0.0
33.045,33.055,0.0
33.055,33.065,0.0
33.065,33.075,0.0
33.075,33.085,0.0
33.085,33.095,0.0
33.095,33.105,0.0
33.105,33.115,0.0
33.115,33.125,0.0
33.125,33.135,0.0
33.135,33.145,0.0
33.145,33.155,0.0
33.155,33.165,0.0
33.165,33.175,0.0
33.175,33.185,0.0
33.185,33.195,0.0
33.195,33.205,0.0
33.205,33.215,0.0
33.215,33.225,0.0
33.225,33.235,0.0
33.235,33.245,0.0
33.245,33.255,0.0
33.255,33.265,0.0
33.265,33.275,0.0
33.275,33.285,0.0
33.285,33.295,0.0
33.295,33.305,0.0
33.305,33.315,0.0
33.315,33.325,0.0
33.325,33.335,0.0
33.335,33.345,0.0
33.345,33.355,0.0
33.355,33.365,0.0
33.365,33.375,0.0
33.375,33.385,0.0
33.385,33.395,0.0
33.395,33.405,0.0
33.405,33.415,0.0
33.415,33.425,0.0
33.425,33.435,0.0
33.435,33.445,232.9968485034662
33.445,33.455,228.6168090307075
33.455,33.465,224.78840708410868
33.465,33.475,219.4889980713936
33.475,33.485,213.20835439923786
33.485,33.495,205.90333279719977
33.495,33.505,202.32071108414678
33.505,33.515,199.51882109566236
33.515,33.525,196.8588930445321
33.525,33.535,193.5337631796787
33.535,33.545,0.0
33.545,33.555,0.0
33.555,33.565,0.0
33.565,33.575,0.0
33.575,33.585,0.0
33.585,33.595,189.8889405456776
33.595,33.605,189.00113338850016
33.605,33.615,188.77094592201794
33.615,33.625,189.0376202776306
33.625,33.635,190.03642677582704
33.635,33.645,192.01555622379678
33.645,33.655,193.52377319342597
33.655,33.665,193.9391338430535
33.665,33.675,194.62168116818657
33.675,33.685,0.0
33.685,33.695,0.0
33.695,33.705,0.0
33.705,33.715,0.0
33.715,33.725,0.0
33.725,33.735,0.0
33.735,33.745,0.0
33.745,33.755,0.0
33.755,33.765,0.0
33.765,33.775,231.51090797865433
33.775,33.785,227.36668662053953
33.785,33.795,224.39736243544246
33.795,33.805,222.67323875035916
33.805,33.815,222.0236755279915
33.815,33.825,222.2624886726653
33.825,33.835,223.04559836346843
33.835,33.845,223.9689182924079
33.845,33.855,225.469971715854
33.855,33.865,231.93853059566595
33.865,33.875,243.3038256419534
33.875,33.885,251.1325608507422
33.885,33.895,255.49951962816434
33.895,33.905,259.2046402586209
33.905,33.915,261.3864152410311
33.915,33.925,260.83557554514664
33.925,33.935,258.15086674278376
33.935,33.945,0.0
33.945,33.955,0.0
33.955,33.965,0.0
33.965,33.975,0.0
33.975,33.985,0.0
33.985,33.995,0.0
33.995,34.005,0.0
34.005,34.015,0.0
34.015,34.025,0.0
34.025,34.035,0.0
34.035,34.045,0.0
34.045,34.055,0.0
34.055,34.065,0.0
34.065,34.075,211.7607754787416
34.075,34.085,206.2092523456475
34.085,34.095,199.96379366880498
34.095,34.105,193.21819222633897
34.105,34.115,181.38531920691796
34.115,34.125,177.63220996270348
34.125,34.135,173.5559980642222
34.135,34.145,170.6262704529957
34.145,34.155,168.93011854941514
34.155,34.165,167.62911071941312
34.165,34.175,166.4863515609009
34.175,34.185,165.13481389169735
34.185,34.195,0.0
34.195,34.205,0.0
34.205,34.215,0.0
34.215,34.225,0.0
34.225,34.235,0.0
34.235,34.245,0.0
34.245,34.255,0.0
34.255,34.265,0.0
34.265,34.275,0.0
34.275,34.285,0.0
34.285,34.295,0.0
34.295,34.305,0.0
34.305,34.315,0.0
34.315,34.325,0.0
34.325,34.335,0.0
34.335,34.345,0.0
34.345,34.355,0.0
34.355,34.365,0.0
34.365,34.375,0.0
34.375,34.385,0.0
34.385,34.395,0.0
34.395,34.405,0.0
34.405,34.415,0.0
34.415,34.425,0.0
34.425,34.435,0.0
34.435,34.445,0.0
34.445,34.455,0.0
34.455,34.465,0.0
34.465,34.475,0.0
34.475,34.485,0.0
34.485,34.495,0.0
34.495,34.505,0.0
34.505,34.515,0.0
34.515,34.525,0.0
34.525,34.535,0.0
34.535,34.545,0.0
34.545,34.555,0.0
34.555,34.565,0.0
34.565,34.575,0.0
34.575,34.585,0.0
34.585,34.595,0.0
34.595,34.605,194.18682991357667
34.605,34.615,198.9950418787576
34.615,34.625,200.5487257874668
34.625,34.635,200.26468221549595
34.635,34.645,201.69571504026854
34.645,34.655,203.48355897265733
34.655,34.665,201.75693326895617
34.665,34.675,199.74423223051568
34.675,34.685,199.4666072101298
34.685,34.695,201.0631808377249
34.695,34.705,205.8034777898087
34.705,34.715,214.27091411172415
34.715,34.725,220.57029145499249
34.725,34.735,223.07097996310483
34.735,34.745,223.651792275297
34.745,34.755,223.43457111165247
34.755,34.765,221.94321063460885
34.765,34.775,219.3553018600193
34.775,34.785,0.0
34.785,34.795,0.0
34.795,34.805,0.0
34.805,34.815,0.0
34.815,34.825,0.0
34.825,34.835,0.0
34.835,34.845,0.0
34.845,34.855,0.0
34.855,34.865,0.0
34.865,34.875,0.0
34.875,34.885,0.0
34.885,34.895,253.6959187692283
34.895,34.905,248.87374192143574
34.905,34.915,244.3866205188826
34.915,34.925,238.02130892902065
34.925,34.935,229.5587192521601
34.935,34.945,221.6951492977817
34.945,34.955,216.9997823826634
34.955,34.965,216.06230990881465
34.965,34.975,218.288150967192
34.975,34.985,220.5309819467378
34.985,34.995,223.0306535419756
34.995,35.005,226.42024452925776
35.005,35.015,0.0
35.015,35.025,0.0
35.025,35.035,0.0
35.035,35.045,223.5660962982731
35.045,35.055,223.6272494712224
35.055,35.065,223.30419891962342
35.065,35.075,222.76795701644056
35.075,35.085,222.18762850871786
35.085,35.095,221.4925773553942
35.095,35.105,0.0
35.105,35.115,0.0
35.115,35.125,0.0
35.125,35.135,0.0
35.135,35.145,0.0
35.145,35.155,0.0
35.155,35.165,0.0
35.165,35.175,0.0
35.175,35.185,268.2247734109787
35.185,35.195,266.11214948477436
35.195,35.205,264.78889612408744
35.205,35.215,262.5865721204131
35.215,35.225,259.1193034250596
35.225,35.235,255.9820681863191
35.235,35.245,254.15539968087037
35.245,35.255,253.5073209885665
35.255,35.265,253.93111711066166
35.265,35.275,254.89701029465445
35.275,35.285,256.32236249023015
35.285,35.295,258.114460583829
35.295,35.305,259.54522512399046
35.305,35.315,260.3736590206344
35.315,35.325,261.1977148905617
35.325,35.335,262.22275395681453
35.335,35.345,263.1379149021101
35.345,35.355,263.63754118169675
35.355,35.365,264.244956812366
35.365,35.375,266.18781604606943
35.375,35.385,268.9071226318102
35.385,35.395,271.86685844870215
35.395,35.405,275.7764979037641
35.405,35.415,279.9027947583485
35.415,35.425,283.3018287979029
35.425,35.435,285.7433217879694
35.435,35.445,287.18229535890583
35.445,35.455,288.06167131691024
35.455,35.465,288.17536965966406
35.465,35.475,287.0249930796664
35.475,35.485,285.00393773786743
35.485,35.495,282.2314922471467
35.495,35.505,279.3015625460032
35.505,35.515,279.45049200980986
35.515,35.525,282.89171411488303
35.525,35.535,283.5590271199715
35.535,35.545,295.2712001354498
35.545,35.555,296.95086165803343
35.555,35.565,294.3330429295564
35.565,35.575,290.8132143251051
35.575,35.585,288.372915980293
35.585,35.595,286.816400045263
35.595,35.605,285.4772425270886
35.605,35.615,283.67122834360106
35.615,35.625,282.02830506142504
35.625,35.635,280.6755844996942
35.635,35.645,279.939672386165
35.645,35.655,280.2027120487509
35.655,35.665,280.5894040235288
35.665,35.675,280.8131651761434
35.675,35.685,281.1606001322727
35.685,35.695,281.8666447789093
35.695,35.705,282.6776248248486
35.705,35.715,282.83438864189816
35.715,35.725,281.8089330800364
35.725,35.735,279.6469709886268
35.735,35.745,276.96568246901666
35.745,35.755,275.10143673667136
35.755,35.765,274.2097107584445
35.765,35.775,272.5079154826018
35.775,35.785,269.6939555555342
35.785,35.795,266.91909084881826
35.795,35.805,264.59800208376095
35.805,35.815,263.91339446912053
35.815,35.825,260.8017134054106
35.825,35.835,255.9086619495514
35.835,35.845,251.1716041642085
35.845,35.855,246.84349850129945
35.855,35.865,242.82435913565055
35.865,35.875,239.96783115338857
35.875,35.885,237.6097128331715
35.885,35.895,235.09518220197808
35.895,35.905,234.35637340666602
35.905,35.915,0.0
35.915,35.925,0.0
35.925,35.935,0.0
35.935,35.945,0.0
35.945,35.955,0.0
35.955,35.965,221.66056493951035
35.965,35.975,220.11401363688665
35.975,35.985,218.50349643826485
35.985,35.995,217.8666222711762
35.995,36.005,218.07067383026862
36.005,36.015,218.996172474042
36.015,36.025,219.7214917353059
36.025,36.035,219.9149392643829
36.035,36.045,220.00771134421973
36.045,36.055,220.01271470316993
36.055,36.065,219.6897860926709
36.065,36.075,220.20955576974882
36.075,36.085,222.1726464757368
36.085,36.095,222.66858373594738
36.095,36.105,0.0
36.105,36.115,0.0
36.115,36.125,0.0
36.125,36.135,0.0
36.135,36.145,0.0
36.145,36.155,0.0
36.155,36.165,0.0
36.165,36.175,0.0
36.175,36.185,0.0
36.185,36.195,0.0
36.195,36.205,229.41461266247364
36.205,36.215,227.0645286034087
36.215,36.225,225.2170324707446
36.225,36.235,222.90472398765863
36.235,36.245,220.04654692513873
36.245,36.255,216.24511806787052
36.255,36.265,212.87882126529954
36.265,36.275,211.39732143078172
36.275,36.285,211.39812274227637
36.285,36.295,211.87867304860623
36.295,36.305,212.10500433903223
36.305,36.315,213.680404596467
36.315,36.325,217.77612725349644
36.325,36.335,223.73456475353078
36.335,36.345,231.2544358966945
36.345,36.355,236.4078900999164
36.355,36.365,238.95662250067267
36.365,36.375,237.2075973357044
36.375,36.385,0.0
36.385,36.395,0.0
36.395,36.405,0.0
36.405,36.415,0.0
36.415,36.425,0.0
36.425,36.435,0.0
36.435,36.445,0.0
36.445,36.455,0.0
36.455,36.465,0.0
36.465,36.475,227.65424266137313
36.475,36.485,218.9326507206971
36.485,36.495,209.78652389276556
36.495,36.505,203.57541065873565
36.505,36.515,199.83913489756517
36.515,36.525,197.0566266962384
36.525,36.535,194.25684708710597
36.535,36.545,191.66305672080435
36.545,36.555,189.4289336679396
36.555,36.565,187.10846552135678
36.565,36.575,184.42534741170553
36.575,36.585,185.2605139904782
36.585,36.595,185.336051558605
36.595,36.605,184.17546209699353
36.605,36.615,182.1809201109481
36.615,36.625,179.4568191025725
36.625,36.635,176.05705594927502
36.635,36.645,173.67878283542598
36.645,36.655,171.4445088346629
36.655,36.665,169.26740370704584
36.665,36.675,167.80562990056612
36.675,36.685,166.51058398848906
36.685,36.695,166.55584619150684
36.695,36.705,167.97121793129364
36.705,36.715,168.77203210396792
36.715,36.725,168.07751068428672
36.725,36.735,165.52466195875184
36.735,36.745,162.72599901238675
36.745,36.755,162.74013501919714
36.755,36.765,163.76193465568522
36.765,36.775,167.96712983286136
36.775,36.785,169.90889765060504
36.785,36.795,169.87752036939486
36.795,36.805,168.95076744351852
36.805,36.815,167.09224983208298
36.815,36.825,163.8630243783909
36.825,36.835,160.6614375724326
36.835,36.845,158.88970234275482
36.845,36.855,157.87907070286374
36.855,36.865,0.0
36.865,36.875,0.0
36.875,36.885,0.0
36.885,36.895,0.0
36.895,36.905,0.0
36.905,36.915,0.0
36.915,36.925,0.0
36.925,36.935,0.0
36.935,36.945,0.0
36.945,36.955,0.0
36.955,36.965,0.0
36.965,36.975,0.0
36.975,36.985,0.0
36.985,36.995,0.0
36.995,37.005,0.0
37.005,37.015,0.0
37.015,37.025,0.0
37.025,37.035,0.0
37.035,37.045,0.0
37.045,37.055,0.0
37.055,37.065,0.0
37.065,37.075,0.0
37.075,37.085,0.0
37.085,37.095,0.0
37.095,37.105,0.0
37.105,37.115,0.0
37.115,37.125,0.0
37.125,37.135,0.0
37.135,37.145,0.0
37.145,37.155,0.0
37.155,37.165,0.0
37.165,37.175,0.0
37.175,37.185,0.0
37.185,37.195,0.0
37.195,37.205,0.0
37.205,37.215,0.0
37.215,37.225,0.0
37.225,37.235,0.0
37.235,37.245,0.0
37.245,37.255,0.0
37.255,37.265,0.0
37.265,37.275,0.0
37.275,37.285,0.0
37.285,37.295,0.0
37.295,37.305,0.0
37.305,37.315,0.0
37.315,37.325,0.0
37.325,37.335,0.0
37.335,37.345,0.0
37.345,37.355,0.0
37.355,37.365,0.0
37.365,37.375,0.0
37.375,37.385,0.0
37.385,37.395,0.0
37.395,37.405,0.0
37.405,37.415,0.0
37.415,37.425,0.0
37.425,37.435,0.0
37.435,37.445,0.0
37.445,37.455,0.0
37.455,37.465,0.0
37.465,37.475,0.0
37.475,37.485,0.0
37.485,37.495,0.0
37.495,37.505,0.0
37.505,37.515,0.0
37.515,37.525,0.0
37.525,37.535,0.0
37.535,37.545,0.0
37.545,37.555,0.0
37.555,37.565,0.0
37.565,37.575,0.0
37.575,37.585,0.0
37.585,37.595,0.0
37.595,37.605,0.0
37.605,37.615,0.0
37.615,37.625,0.0
37.625,37.635,0.0
37.635,37.645,0.0
37.645,37.655,0.0
37.655,37.665,0.0
37.665,37.675,0.0
37.675,37.685,0.0
37.685,37.695,0.0
37.695,37.705,0.0
37.705,37.715,0.0
37.715,37.725,0.0
37.725,37.735,0.0
37.735,37.745,0.0
37.745,37.755,0.0
37.755,37.765,0.0
37.765,37.775,0.0
37.775,37.785,0.0
37.785,37.795,0.0
37.795,37.805,0.0
37.805,37.815,0.0
37.815,37.825,0.0
37.825,37.835,0.0
37.835,37.845,0.0
37.845,37.855,0.0
37.855,37.865,0.0
37.865,37.875,0.0
37.875,37.885,0.0
37.885,37.895,0.0
37.895,37.905,0.0
37.905,37.915,0.0
37.915,37.925,0.0
37.925,37.935,0.0
37.935,37.945,0.0
37.945,37.955,0.0
37.955,37.965,0.0
37.965,37.975,0.0
37.975,37.985,0.0
37.985,37.995,0.0
37.995,38.005,0.0
38.005,38.015,0.0
38.015,38.025,0.0
38.025,38.035,0.0
38.035,38.045,0.0
38.045,38.055,0.0
38.055,38.065,0.0
38.065,38.075,0.0
38.075,38.085,0.0
38.085,38.095,0.0
38.095,38.105,0.0
38.105,38.115,0.0
38.115,38.125,0.0
38.125,38.135,0.0
38.135,38.145,0.0
38.145,38.155,0.0
38.155,38.165,0.0
38.165,38.175,0.0
38.175,38.185,0.0
38.185,38.195,0.0
38.195,38.205,0.0
38.205,38.215,0.0
38.215,38.225,0.0
38.225,38.235,0.0
38.235,38.245,0.0
38.245,38.255,0.0
38.255,38.265,0.0
38.265,38.275,0.0
38.275,38.285,0.0
38.285,38.295,0.0
38.295,38.305,0.0
38.305,38.315,0.0
38.315,38.325,0.0
38.325,38.335,0.0
38.335,38.345,0.0
38.345,38.355,0.0
38.355,38.365,0.0
38.365,38.375,0.0
38.375,38.385,0.0
38.385,38.395,0.0
38.395,38.405,0.0
38.405,38.415,0.0
38.415,38.425,0.0
38.425,38.435,0.0
38.435,38.445,0.0
38.445,38.455,0.0
38.455,38.465,0.0
38.465,38.475,198.74877211523224
38.475,38.485,200.32900537423953
38.485,38.495,204.82361728939347
38.495,38.505,217.78153862676453
38.505,38.515,219.2312155874934
38.515,38.525,221.5243869139566
38.525,38.535,231.59264386328178
38.535,38.545,237.50296426259823
38.545,38.555,236.41330686934742
38.555,38.565,0.0
38.565,38.575,0.0
38.575,38.585,0.0
38.585,38.595,0.0
38.595,38.605,0.0
38.605,38.615,0.0
38.615,38.625,0.0
38.625,38.635,0.0
38.635,38.645,253.18519688116447
38.645,38.655,253.10253417530558
38.655,38.665,252.34772778979573
38.665,38.675,250.66390429874303
38.675,38.685,236.2547246258449
38.685,38.695,224.0649922295959
38.695,38.705,205.5351226538738
38.705,38.715,202.71145281543417
38.715,38.725,201.5077262926802
38.725,38.735,200.20383646279825
38.735,38.745,200.13164983463358
38.745,38.755,200.6879886622743
38.755,38.765,0.0
38.765,38.775,0.0
38.775,38.785,0.0
38.785,38.795,0.0
38.795,38.805,0.0
38.805,38.815,0.0
38.815,38.825,0.0
38.825,38.835,299.2524136252942
38.835,38.845,304.3042762121569
38.845,38.855,308.889661772928
38.855,38.865,312.29185053135825
38.865,38.875,314.7125217144585
38.875,38.885,315.3924698816584
38.885,38.895,314.8300797735758
38.895,38.905,314.0036205392414
38.905,38.915,312.7759026993672
38.915,38.925,311.4520114351919
38.925,38.935,310.6759090361751
38.935,38.945,310.1021666162957
38.945,38.955,309.42033372666117
38.955,38.965,308.7623503811365
38.965,38.975,308.0123642131081
38.975,38.985,306.3959369112058
38.985,38.995,298.65412383433005
38.995,39.005,291.13521993890413
39.005,39.015,295.86870878370644
39.015,39.025,294.2001997299793
39.025,39.035,290.5313201021983
39.035,39.045,286.7522240245983
39.045,39.055,282.68606736561907
39.055,39.065,278.33250223010265
39.065,39.075,275.14610193544746
39.075,39.085,272.99459347683825
39.085,39.095,270.21498819956133
39.095,39.105,268.49460306999373
39.105,39.115,272.88759684638035
39.115,39.125,274.2945309781564
39.125,39.135,249.29464462605884
39.135,39.145,251.0652053844011
39.145,39.155,250.05864159223543
39.155,39.165,248.10846101197436
39.165,39.175,246.09892485784755
39.175,39.185,244.25557438690146
39.185,39.195,241.7319301283852
39.195,39.205,237.82524537527746
39.205,39.215,234.89373951533597
39.215,39.225,238.4869484678052
39.225,39.235,241.54256855313895
39.235,39.245,240.69870792298696
39.245,39.255,239.14089450704085
39.255,39.265,238.41182895528124
39.265,39.275,238.04162125135187
39.275,39.285,236.5048502129129
39.285,39.295,232.59117170248493
39.295,39.305,231.29403062835274
39.305,39.315,230.61837176127028
39.315,39.325,229.42060739164802
39.325,39.335,227.31161349084175
39.335,39.345,224.53021940551943
39.345,39.355,222.04969144208704
39.355,39.365,0.0
39.365,39.375,0.0
39.375,39.385,0.0
39.385,39.395,0.0
39.395,39.405,0.0
39.405,39.415,242.61167884411293
39.415,39.425,240.84061849953818
39.425,39.435,240.33644060079988
39.435,39.445,239.9412233367985
39.445,39.455,239.9233340348783
39.455,39.465,240.78269464442823
39.465,39.475,241.9835081153912
39.475,39.485,243.08203265753767
39.485,39.495,244.292682991629
39.495,39.505,245.45077285415948
39.505,39.515,245.77613672810585
39.515,39.525,245.563567566812
39.525,39.535,246.88176549370044
39.535,39.545,251.03898706055637
39.545,39.555,246.95287352273246
39.555,39.565,245.52339788202028
39.565,39.575,245.88678846663655
39.575,39.585,246.43490044502718
39.585,39.595,247.87521018260637
39.595,39.605,0.0
39.605,39.615,0.0
39.615,39.625,0.0
39.625,39.635,255.32331471509798
39.635,39.645,251.46878213629796
39.645,39.655,245.12958000895773
39.655,39.665,238.68870071338486
39.665,39.675,232.5888492184407
39.675,39.685,229.0825234607689
39.685,39.695,227.68271677640706
39.695,39.705,227.86849290603078
39.705,39.715,229.60788259545032
39.715,39.725,228.41269792569324
39.725,39.735,0.0
39.735,39.745,0.0
39.745,39.755,0.0
39.755,39.765,0.0
39.765,39.775,0.0
39.775,39.785,229.32785082431226
39.785,39.795,232.74811652330766
39.795,39.805,234.18498430041706
39.805,39.815,235.71990238540596
39.815,39.825,237.5157666400744
39.825,39.835,240.68293943989644
39.835,39.845,243.57439888100095
39.845,39.855,245.79049135514336
39.855,39.865,248.00196270414472
39.865,39.875,251.06293335296206
39.875,39.885,257.830946017197
39.885,39.895,265.9738296782111
39.895,39.905,0.0
39.905,39.915,0.0
39.915,39.925,0.0
39.925,39.935,0.0
39.935,39.945,0.0
39.945,39.955,0.0
39.955,39.965,0.0
39.965,39.975,0.0
39.975,39.985,0.0
39.985,39.995,295.0515630685713
39.995,40.005,294.62561515165436
40.005,40.015,294.1310261195718
40.015,40.025,294.4323018494054
40.025,40.035,295.88851973143846
40.035,40.045,297.77993021136854
40.045,40.055,299.0518498150718
40.055,40.065,299.6533557219078
40.065,40.075,299.6710768916204
40.075,40.085,299.0638010239956
40.085,40.095,297.80905531305984
40.095,40.105,295.6888668204443
40.105,40.115,288.7364017957955
40.115,40.125,284.92023840006436
40.125,40.135,285.9151070739748
40.135,40.145,285.65138453883026
40.145,40.155,284.4990846966602
40.155,40.165,282.9538907226841
40.165,40.175,281.01321879544184
40.175,40.185,277.88703471323623
40.185,40.195,273.2721133182259
40.195,40.205,0.0
40.205,40.215,0.0
40.215,40.225,0.0
40.225,40.235,0.0
40.235,40.245,256.41101956578484
40.245,40.255,258.14714970218785
40.255,40.265,258.9527170877173
40.265,40.275,258.83978848304076
40.275,40.285,258.38939319215604
40.285,40.295,258.28044342600833
40.295,40.305,258.57685392300215
40.305,40.315,259.1809723443068
40.315,40.325,259.7546758686112
40.325,40.335,259.78856071969454
40.335,40.345,258.98858584056217
40.345,40.355,256.9953621346024
40.355,40.365,253.90862347428137
40.365,40.375,250.39610369431898
40.375,40.385,0.0
40.385,40.395,0.0
40.395,40.405,0.0
40.405,40.415,0.0
40.415,40.425,0.0
40.425,40.435,0.0
40.435,40.445,0.0
40.445,40.455,0.0
40.455,40.465,0.0
40.465,40.475,0.0
40.475,40.485,0.0
40.485,40.495,0.0
40.495,40.505,283.77587476789523
40.505,40.515,275.3123806567178
40.515,40.525,265.84071575151876
40.525,40.535,262.24069114802563
40.535,40.545,261.07586808960536
40.545,40.555,260.71453894545806
40.555,40.565,260.0620167100945
40.565,40.575,259.1154198462624
40.575,40.585,258.1305973132521
40.585,40.595,257.833573264982
40.595,40.605,259.59443860219204
40.605,40.615,264.335413483756
40.615,40.625,272.7896506408244
40.625,40.635,281.60170785279206
40.635,40.645,285.25509835798437
40.645,40.655,282.06199260804453
40.655,40.665,276.0560472995796
40.665,40.675,0.0
40.675,40.685,0.0
40.685,40.695,0.0
40.695,40.705,0.0
40.705,40.715,0.0
40.715,40.725,279.8828087722163
40.725,40.735,283.6907959649453
40.735,40.745,288.4344615885772
40.745,40.755,290.7230949841201
40.755,40.765,289.0938484456639
40.765,40.775,285.04009381197096
40.775,40.785,278.08346774074187
40.785,40.795,0.0
40.795,40.805,0.0
40.805,40.815,0.0
40.815,40.825,0.0
40.825,40.835,0.0
40.835,40.845,0.0
40.845,40.855,0.0
40.855,40.865,250.00416422276732
40.865,40.875,246.76607344087523
40.875,40.885,242.6935936669825
40.885,40.895,237.95397080455993
40.895,40.905,232.4853773360977
40.905,40.915,228.74274756310896
40.915,40.925,226.89197714279567
40.925,40.935,226.005559305161
40.935,40.945,226.05039869782735
40.945,40.955,226.48579535959723
40.955,40.965,226.65402213170205
40.965,40.975,226.03485648527686
40.975,40.985,224.54789017476017
40.985,40.995,223.4118778217113
40.995,41.005,224.28498675045282
41.005,41.015,225.47455610669846
41.015,41.025,219.65236382473196
41.025,41.035,219.36878403532586
41.035,41.045,220.53713554522784
41.045,41.055,220.09319411650333
41.055,41.065,217.18992025549824
41.065,41.075,212.9365132749173
41.075,41.085,206.65869077363374
41.085,41.095,205.99373976704868
41.095,41.105,206.47448502456413
41.105,41.115,206.78380724709965
41.115,41.125,206.5192547010553
41.125,41.135,205.74537447920508
41.135,41.145,204.89679348888203
41.145,41.155,203.61071188512693
41.155,41.165,0.0
41.165,41.175,0.0
41.175,41.185,0.0
41.185,41.195,0.0
41.195,41.205,0.0
41.205,41.215,0.0
41.215,41.225,0.0
41.225,41.235,231.9852228202326
41.235,41.245,224.24213339739686
41.245,41.255,220.5403947779586
41.255,41.265,218.14038265423562
41.265,41.275,216.2916491735004
41.275,41.285,215.05901511922886
41.285,41.295,214.62648627623818
41.295,41.305,214.84967358116214
41.305,41.315,0.0
41.315,41.325,0.0
41.325,41.335,0.0
41.335,41.345,0.0
41.345,41.355,0.0
41.355,41.365,0.0
41.365,41.375,0.0
41.375,41.385,0.0
41.385,41.395,0.0
41.395,41.405,0.0
41.405,41.415,0.0
41.415,41.425,0.0
41.425,41.435,0.0
41.435,41.445,0.0
41.445,41.455,0.0
41.455,41.465,0.0
41.465,41.475,233.53324762393527
41.475,41.485,236.62343538733896
41.485,41.495,238.70070706593629
41.495,41.505,240.04674846873252
41.505,41.515,240.56996124215803
41.515,41.525,240.12603621536329
41.525,41.535,238.96645892391297
41.535,41.545,237.59069346419483
41.545,41.555,236.47234658361342
41.555,41.565,236.02651909151203
41.565,41.575,236.0117533583523
41.575,41.585,236.28249894571408
41.585,41.595,237.1299744197963
41.595,41.605,238.9122922658235
41.605,41.615,241.38518521567912
41.615,41.625,242.38477352782354
41.625,41.635,242.1266404882943
41.635,41.645,241.07866743817243
41.645,41.655,238.8595872208793
41.655,41.665,233.92449380956498
41.665,41.675,229.2695675706929
41.675,41.685,233.12866059569092
41.685,41.695,234.01542032557344
41.695,41.705,233.88518185306532
41.705,41.715,233.43945931038948
41.715,41.725,233.3662539201714
41.725,41.735,234.0331734180387
41.735,41.745,235.05710937601964
41.745,41.755,235.67868069504817
41.755,41.765,236.02623639573747
41.765,41.775,236.63384354292964
41.775,41.785,237.62266279007602
41.785,41.795,239.2032884341048
41.795,41.805,242.1164212012151
41.805,41.815,0.0
41.815,41.825,0.0
41.825,41.835,0.0
41.835,41.845,0.0
41.845,41.855,0.0
41.855,41.865,0.0
41.865,41.875,0.0
41.875,41.885,0.0
41.885,41.895,0.0
41.895,41.905,0.0
41.905,41.915,0.0
41.915,41.925,0.0
41.925,41.935,0.0
41.935,41.945,0.0
41.945,41.955,0.0
41.955,41.965,0.0
41.965,41.975,0.0
41.975,41.985,0.0
41.985,41.995,0.0
41.995,42.005,0.0
42.005,42.015,0.0
42.015,42.025,0.0
42.025,42.035,0.0
42.035,42.045,0.0
42.045,42.055,0.0
42.055,42.065,0.0
42.065,42.075,0.0
42.075,42.085,0.0
42.085,42.095,0.0
42.095,42.105,0.0
42.105,42.115,0.0
42.115,42.125,0.0
42.125,42.135,0.0
42.135,42.145,0.0
42.145,42.155,0.0
42.155,42.165,0.0
42.165,42.175,0.0
42.175,42.185,0.0
42.185,42.195,0.0
42.195,42.205,0.0
42.205,42.215,0.0
42.215,42.225,0.0
42.225,42.235,0.0
42.235,42.245,0.0
42.245,42.255,0.0
42.255,42.265,0.0
42.265,42.275,0.0
42.275,42.285,0.0
42.285,42.295,0.0
42.295,42.305,0.0
42.305,42.315,0.0
42.315,42.325,223.86605314723514
42.325,42.335,225.7787580785084
42.335,42.345,226.2611993458963
42.345,42.355,219.37104429889615
42.355,42.365,218.64835937431442
42.365,42.375,219.26992440984762
42.375,42.385,222.3549238112346
42.385,42.395,233.79057497478766
42.395,42.405,237.09143943689955
42.405,42.415,239.5972177312356
42.415,42.425,239.0773812989693
42.425,42.435,237.77785979321635
42.435,42.445,237.1376381016489
42.445,42.455,237.02546432974916
42.455,42.465,236.9888250921155
42.465,42.475,236.19221899022295
42.475,42.485,234.70471561404327
42.485,42.495,233.26521180912744
42.495,42.505,232.02074745527466
42.505,42.515,230.7357491586768
42.515,42.525,228.97854493308094
42.525,42.535,0.0
42.535,42.545,0.0
42.545,42.555,0.0
42.555,42.565,221.76816429258102
42.565,42.575,222.70552248124886
42.575,42.585,221.5013367224371
42.585,42.595,218.72936996057584
42.595,42.605,215.79676063641992
42.605,42.615,213.63465337514685
42.615,42.625,211.58803700930332
42.625,42.635,210.17120106326678
42.635,42.645,209.99035361782563
42.645,42.655,210.2941360734157
42.655,42.665,211.2838275031894
42.665,42.675,212.66999460243903
42.675,42.685,213.24188547901124
42.685,42.695,212.74015419389613
42.695,42.705,211.92329790527225
42.705,42.715,211.37017962005353
42.715,42.725,211.35522450700657
42.725,42.735,211.84571325148121
42.735,42.745,212.58006252673667
42.745,42.755,213.34521741496675
42.755,42.765,213.85078061183253
42.765,42.775,213.70332381117493
42.775,42.785,212.5216378962494
42.785,42.795,0.0
42.795,42.805,0.0
42.805,42.815,0.0
42.815,42.825,0.0
42.825,42.835,0.0
42.835,42.845,0.0
42.845,42.855,0.0
42.855,42.865,0.0
42.865,42.875,0.0
42.875,42.885,209.0653037140997
42.885,42.895,209.04750359358496
42.895,42.905,207.4823726332314
42.905,42.915,206.61146504751588
42.915,42.925,207.25576057551064
42.925,42.935,208.36234000029594
42.935,42.945,208.6384950432821
42.945,42.955,208.4239797333574
42.955,42.965,208.23165187337517
42.965,42.975,208.0438405181165
42.975,42.985,208.02165265659968
42.985,42.995,208.82516390799452
42.995,43.005,0.0
43.005,43.015,0.0
43.015,43.025,0.0
43.025,43.035,0.0
43.035,43.045,0.0
43.045,43.055,0.0
43.055,43.065,0.0
43.065,43.075,0.0
43.075,43.085,0.0
43.085,43.095,0.0
43.095,43.105,0.0
43.105,43.115,0.0
43.115,43.125,0.0
43.125,43.135,0.0
43.135,43.145,0.0
43.145,43.155,0.0
43.155,43.165,0.0
43.165,43.175,0.0
43.175,43.185,0.0
43.185,43.195,0.0
43.195,43.205,0.0
43.205,43.215,0.0
43.215,43.225,0.0
43.225,43.235,0.0
43.235,43.245,0.0
43.245,43.255,0.0
43.255,43.265,0.0
43.265,43.275,0.0
43.275,43.285,0.0
43.285,43.295,0.0
43.295,43.305,0.0
43.305,43.315,0.0
43.315,43.325,0.0
43.325,43.335,0.0
43.335,43.345,0.0
43.345,43.355,0.0
43.355,43.365,0.0
43.365,43.375,0.0
43.375,43.385,0.0
43.385,43.395,0.0
43.395,43.405,0.0
43.405,43.415,0.0
43.415,43.425,0.0
43.425,43.435,0.0
43.435,43.445,0.0
43.445,43.455,0.0
43.455,43.465,0.0
43.465,43.475,0.0
43.475,43.485,0.0
43.485,43.495,0.0
43.495,43.505,0.0
43.505,43.515,0.0
43.515,43.525,0.0
43.525,43.535,0.0
43.535,43.545,0.0
43.545,43.555,0.0
43.555,43.565,0.0
43.565,43.575,0.0
43.575,43.585,0.0
43.585,43.595,0.0
43.595,43.605,0.0
43.605,43.615,0.0
43.615,43.625,0.0
43.625,43.635,0.0
43.635,43.645,0.0
43.645,43.655,0.0
43.655,43.665,0.0
43.665,43.675,0.0
43.675,43.685,0.0
43.685,43.695,0.0
43.695,43.705,0.0
43.705,43.715,0.0
43.715,43.725,0.0
43.725,43.735,0.0
43.735,43.745,0.0
43.745,43.755,0.0
43.755,43.765,0.0
43.765,43.775,0.0
43.775,43.785,0.0
43.785,43.795,0.0
43.795,43.805,0.0
43.805,43.815,0.0
43.815,43.825,0.0
43.825,43.835,0.0
43.835,43.845,0.0
43.845,43.855,0.0
43.855,43.865,0.0
43.865,43.875,0.0
43.875,43.885,0.0
43.885,43.895,0.0
43.895,43.905,0.0
43.905,43.915,0.0
43.915,43.925,0.0
43.925,43.935,0.0
43.935,43.945,0.0
43.945,43.955,0.0
43.955,43.965,0.0
43.965,43.975,0.0
43.975,43.985,0.0
43.985,43.995,0.0
43.995,44.005,0.0
44.005,44.015,0.0
44.015,44.025,0.0
44.025,44.035,0.0
44.035,44.045,0.0
44.045,44.055,0.0
44.055,44.065,0.0
44.065,44.075,0.0
44.075,44.085,0.0
44.085,44.095,0.0
44.095,44.105,0.0
44.105,44.115,0.0
44.115,44.125,0.0
44.125,44.135,0.0
44.135,44.145,0.0
44.145,44.155,0.0
44.155,44.165,0.0
44.165,44.175,0.0
44.175,44.185,0.0
44.185,44.195,0.0
44.195,44.205,0.0
44.205,44.215,0.0
44.215,44.225,0.0
44.225,44.235,0.0
44.235,44.245,0.0
44.245,44.255,0.0
44.255,44.265,0.0
44.265,44.275,0.0
44.275,44.285,0.0
44.285,44.295,0.0
44.295,44.305,0.0
44.305,44.315,0.0
44.315,44.325,0.0
44.325,44.335,0.0
44.335,44.345,0.0
44.345,44.355,0.0
44.355,44.365,0.0
44.365,44.375,0.0
44.375,44.385,0.0
44.385,44.395,0.0
44.395,44.405,0.0
44.405,44.415,0.0
44.415,44.425,0.0
44.425,44.435,0.0
44.435,44.445,0.0
44.445,44.455,0.0
44.455,44.465,0.0
44.465,44.475,0.0
44.475,44.485,0.0
44.485,44.495,0.0
44.495,44.505,0.0
44.505,44.515,242.09963277443865
44.515,44.525,235.25426811273502
44.525,44.535,227.57845314753027
44.535,44.545,216.65565999597052
44.545,44.555,211.13949131860565
44.555,44.565,209.73950374992367
44.565,44.575,208.63261477633856
44.575,44.585,207.35267680064578
44.585,44.595,206.08218760473724
44.595,44.605,204.68352652734742
44.605,44.615,202.8345773168279
44.615,44.625,199.67980029239152
44.625,44.635,194.80159307768002
44.635,44.645,195.34861401802362
44.645,44.655,198.70284847190072
44.655,44.665,199.70259261430914
44.665,44.675,198.82311312252384
44.675,44.685,197.44292243192402
44.685,44.695,196.7203114860916
44.695,44.705,196.02976339030383
44.705,44.715,195.02987960732125
44.715,44.725,194.4440464459442
44.725,44.735,194.93730911360325
44.735,44.745,195.49207404741233
44.745,44.755,195.53856545900993
44.755,44.765,195.69021638996006
44.765,44.775,196.04215125587604
44.775,44.785,196.75740586131923
44.785,44.795,198.2840963444102
44.795,44.805,200.35479069638643
44.805,44.815,201.82431699106297
44.815,44.825,202.41662336491868
44.825,44.835,202.84318337144387
44.835,44.845,202.80428797656378
44.845,44.855,200.97702821437937
44.855,44.865,196.71863938182383
44.865,44.875,286.3780259074074
44.875,44.885,279.76780619214713
44.885,44.895,279.241663693469
44.895,44.905,294.95063383781616
44.905,44.915,300.48887278055855
44.915,44.925,304.34579507390345
44.925,44.935,0.0
44.935,44.945,0.0
44.945,44.955,0.0
44.955,44.965,0.0
44.965,44.975,0.0
44.975,44.985,0.0
44.985,44.995,0.0
44.995,45.005,222.14401162760205
45.005,45.015,217.20672951809362
45.015,45.025,211.11501365533977
45.025,45.035,208.44828373652652
45.035,45.045,211.5441193758591
45.045,45.055,0.0
45.055,45.065,0.0
45.065,45.075,0.0
45.075,45.085,0.0
45.085,45.095,0.0
45.095,45.105,0.0
45.105,45.115,0.0
45.115,45.125,0.0
45.125,45.135,0.0
45.135,45.145,0.0
45.145,45.155,0.0
45.155,45.165,0.0
45.165,45.175,0.0
45.175,45.185,202.79861874119112
45.185,45.195,200.0258375088493
45.195,45.205,198.58787613427629
45.205,45.215,197.14703300466508
45.215,45.225,195.90190203730913
45.225,45.235,194.58868805818773
45.235,45.245,0.0
45.245,45.255,0.0
45.255,45.265,187.9348006659889
45.265,45.275,185.84594231881871
45.275,45.285,183.02674435716503
45.285,45.295,178.7399744721842
45.295,45.305,177.82756554698219
45.305,45.315,177.2651742782108
45.315,45.325,176.2772856126642
45.325,45.335,174.76794449444512
45.335,45.345,172.8908967046705
45.345,45.355,171.31745270695808
45.355,45.365,170.484651932225
45.365,45.375,170.29766970063477
45.375,45.385,170.3733922442877
45.385,45.395,170.23072185629005
45.395,45.405,169.50350797930204
45.405,45.415,167.72142289173232
45.415,45.425,164.90146959637886
45.425,45.435,162.61607270161116
45.435,45.445,162.12357783510942
45.445,45.455,0.0
45.455,45.465,0.0
45.465,45.475,0.0
45.475,45.485,0.0
45.485,45.495,0.0
45.495,45.505,0.0
45.505,45.515,0.0
45.515,45.525,0.0
45.525,45.535,0.0
45.535,45.545,0.0
45.545,45.555,0.0
45.555,45.565,166.2123954047853
45.565,45.575,165.61911732349606
45.575,45.585,164.1014085514439
45.585,45.595,0.0
45.595,45.605,0.0
45.605,45.615,0.0
45.615,45.625,0.0
45.625,45.635,0.0
45.635,45.645,0.0
45.645,45.655,0.0
45.655,45.665,0.0
45.665,45.675,0.0
45.675,45.685,0.0
45.685,45.695,0.0
45.695,45.705,0.0
45.705,45.715,0.0
45.715,45.725,0.0
45.725,45.735,0.0
45.735,45.745,0.0
45.745,45.755,0.0
45.755,45.765,0.0
45.765,45.775,0.0
45.775,45.785,0.0
45.785,45.795,0.0
45.795,45.805,0.0
45.805,45.815,0.0
45.815,45.825,0.0
45.825,45.835,0.0
45.835,45.845,0.0
45.845,45.855,0.0
45.855,45.865,0.0
45.865,45.875,0.0
45.875,45.885,0.0
45.885,45.895,0.0
45.895,45.905,0.0
45.905,45.915,0.0
45.915,45.925,0.0
45.925,45.935,0.0
45.935,45.945,0.0
45.945,45.955,0.0
45.955,45.965,0.0
45.965,45.975,0.0
45.975,45.985,0.0
45.985,45.995,0.0
45.995,46.005,0.0
46.005,46.015,0.0
46.015,46.025,0.0
46.025,46.035,0.0
46.035,46.045,0.0
46.045,46.055,0.0
46.055,46.065,0.0
46.065,46.075,0.0
46.075,46.085,0.0
46.085,46.095,0.0
46.095,46.105,0.0
46.105,46.115,0.0
46.115,46.125,0.0
46.125,46.135,0.0
46.135,46.145,0.0
46.145,46.155,0.0
46.155,46.165,0.0
46.165,46.175,0.0
46.175,46.185,0.0
46.185,46.195,0.0
46.195,46.205,0.0
46.205,46.215,0.0
46.215,46.225,0.0
46.225,46.235,0.0
46.235,46.245,0.0
46.245,46.255,0.0
46.255,46.265,0.0
46.265,46.275,0.0
46.275,46.285,0.0
46.285,46.295,0.0
46.295,46.305,0.0
46.305,46.315,0.0
46.315,46.325,0.0
46.325,46.335,0.0
46.335,46.345,0.0
46.345,46.355,0.0
46.355,46.365,0.0
46.365,46.375,0.0
46.375,46.385,0.0
46.385,46.395,0.0
46.395,46.405,0.0
46.405,46.415,0.0
46.415,46.425,0.0
46.425,46.435,0.0
46.435,46.445,0.0
46.445,46.455,0.0
46.455,46.465,0.0
46.465,46.475,0.0
46.475,46.485,0.0
46.485,46.495,0.0
46.495,46.505,0.0
46.505,46.515,0.0
46.515,46.525,0.0
46.525,46.535,0.0
46.535,46.545,0.0
46.545,46.555,0.0
46.555,46.565,0.0
46.565,46.575,0.0
46.575,46.585,0.0
46.585,46.595,0.0
46.595,46.605,0.0
46.605,46.615,0.0
46.615,46.625,0.0
46.625,46.635,0.0
46.635,46.645,0.0
46.645,46.655,0.0
46.655,46.665,0.0
46.665,46.675,0.0
46.675,46.685,0.0
46.685,46.695,0.0
46.695,46.705,0.0
46.705,46.715,0.0
46.715,46.725,0.0
46.725,46.735,0.0
46.735,46.745,0.0
46.745,46.755,0.0
46.755,46.765,0.0
46.765,46.775,0.0
46.775,46.785,0.0
46.785,46.795,0.0
46.795,46.805,0.0
46.805,46.815,0.0
46.815,46.825,199.78601076003346
46.825,46.835,204.45439606460047
46.835,46.845,205.66713304431468
46.845,46.855,206.61631752179872
46.855,46.865,208.85964202749304
46.865,46.875,210.49061933269982
46.875,46.885,211.2178955989775
46.885,46.895,210.88398966031033
46.895,46.905,209.3626376610783
46.905,46.915,208.6162466654303
46.915,46.925,208.25381202295515
46.925,46.935,206.87475998818263
46.935,46.945,204.02085558076232
46.945,46.955,200.10395696719658
46.955,46.965,195.94184182327808
46.965,46.975,192.72206561249672
46.975,46.985,187.20009519862026
46.985,46.995,180.99145507374573
46.995,47.005,0.0
47.005,47.015,0.0
47.015,47.025,0.0
47.025,47.035,0.0
47.035,47.045,0.0
47.045,47.055,0.0
47.055,47.065,0.0
47.065,47.075,0.0
47.075,47.085,0.0
47.085,47.095,0.0
47.095,47.105,0.0
47.105,47.115,0.0
47.115,47.125,0.0
47.125,47.135,0.0
47.135,47.145,0.0
47.145,47.155,0.0
47.155,47.165,0.0
47.165,47.175,0.0
47.175,47.185,0.0
47.185,47.195,0.0
47.195,47.205,0.0
47.205,47.215,0.0
47.215,47.225,0.0
47.225,47.235,0.0
47.235,47.245,0.0
47.245,47.255,0.0
47.255,47.265,0.0
47.265,47.275,0.0
47.275,47.285,0.0
47.285,47.295,0.0
47.295,47.305,0.0
47.305,47.315,0.0
47.315,47.325,0.0
47.325,47.335,0.0
47.335,47.345,0.0
47.345,47.355,0.0
47.355,47.365,0.0
47.365,47.375,0.0
47.375,47.385,0.0
47.385,47.395,0.0
47.395,47.405,0.0
47.405,47.415,0.0
47.415,47.425,0.0
47.425,47.435,0.0
47.435,47.445,0.0
47.445,47.455,0.0
47.455,47.465,0.0
47.465,47.475,0.0
47.475,47.485,0.0
47.485,47.495,0.0
47.495,47.505,0.0
47.505,47.515,0.0
47.515,47.525,0.0
47.525,47.535,0.0
47.535,47.545,220.2195193861633
47.545,47.555,221.7317481815158
47.555,47.565,224.46422953503097
47.565,47.575,226.39589398193368
47.575,47.585,227.83022370520928
47.585,47.595,230.69524093214775
47.595,47.605,231.9813503583082
47.605,47.615,230.22425614028793
47.615,47.625,228.28672709928156
47.625,47.635,225.55999192725722
47.635,47.645,221.05487066962914
47.645,47.655,215.39119761277055
47.655,47.665,209.4215920481806
47.665,47.675,204.61222349451717
47.675,47.685,199.77355278370976
47.685,47.695,193.22180543907558
47.695,47.705,186.731241903809
47.705,47.715,180.72003161048065
47.715,47.725,175.99894690752257
47.725,47.735,173.02391945088596
47.735,47.745,170.9417275432659
47.745,47.755,169.16235520460208
47.755,47.765,168.03960152199284
47.765,47.775,167.44592860028956
47.775,47.785,166.5263588454334
47.785,47.795,164.93822798106785
47.795,47.805,163.6254226092967
47.805,47.815,163.96885743668966
47.815,47.825,165.02565729000085
47.825,47.835,166.41703203585695
47.835,47.845,167.3758725046737
47.845,47.855,168.80745950490737
47.855,47.865,172.37090190898476
47.865,47.875,174.0732870292147
47.875,47.885,173.4932791055585
47.885,47.895,172.956670372311
47.895,47.905,173.75768689129595
47.905,47.915,175.6266579003343
47.915,47.925,176.7883636178714
47.925,47.935,176.97849162056278
47.935,47.945,176.16142274629448
47.945,47.955,174.26512690286089
47.955,47.965,0.0
47.965,47.975,0.0
47.975,47.985,0.0
47.985,47.995,0.0
47.995,48.005,0.0
48.005,48.015,0.0
48.015,48.025,0.0
48.025,48.035,0.0
48.035,48.045,0.0
48.045,48.055,0.0
48.055,48.065,0.0
48.065,48.075,0.0
48.075,48.085,0.0
48.085,48.095,0.0
48.095,48.105,0.0
48.105,48.115,192.99707276323926
48.115,48.125,187.41570374394252
48.125,48.135,185.14056989494543
48.135,48.145,183.89719743080434
48.145,48.155,184.1204497967975
48.155,48.165,187.29066957663457
48.165,48.175,192.45278719492035
48.175,48.185,0.0
48.185,48.195,0.0
48.195,48.205,0.0
48.205,48.215,0.0
48.215,48.225,0.0
48.225,48.235,0.0
48.235,48.245,0.0
48.245,48.255,0.0
48.255,48.265,0.0
48.265,48.275,0.0
48.275,48.285,0.0
48.285,48.295,0.0
48.295,48.305,0.0
48.305,48.315,224.74481068439889
48.315,48.325,218.6025668749434
48.325,48.335,216.106912460328
48.335,48.345,213.7096306098527
48.345,48.355,200.26363259673408
48.355,48.365,198.21929676586922
48.365,48.375,197.15633823386528
48.375,48.385,196.32637275294766
48.385,48.395,195.97554552476637
48.395,48.405,195.81449866036365
48.405,48.415,195.501480781018
48.415,48.425,195.10971632397175
48.425,48.435,194.91634623430275
48.435,48.445,195.07057091974232
48.445,48.455,195.69973252351704
48.455,48.465,196.59535953377735
48.465,48.475,197.10508831612518
48.475,48.485,197.0394000041358
48.485,48.495,196.66138858366816
48.495,48.505,196.36318763608148
48.505,48.515,196.04145326471098
48.515,48.525,195.50151826839908
48.525,48.535,194.7987997480681
48.535,48.545,194.15811936427085
48.545,48.555,194.05774489345268
48.555,48.565,194.64770273551383
48.565,48.575,195.4767968235842
48.575,48.585,196.04827171406816
48.585,48.595,196.30547456307355
48.595,48.605,196.2935919351214
48.605,48.615,196.21378348233313
48.615,48.625,196.2892345602268
48.625,48.635,196.55445018559718
48.635,48.645,196.9233585731028
48.645,48.655,197.3532757969804
48.655,48.665,197.92778821105568
48.665,48.675,198.84682808386304
48.675,48.685,199.80782176964797
48.685,48.695,200.48812319688182
48.695,48.705,203.3761092211086
48.705,48.715,209.2286729600211
48.715,48.725,211.38765645880994
48.725,48.735,214.57626226100177
48.735,48.745,222.80209814287255
48.745,48.755,226.4941368682775
48.755,48.765,227.81308556203047
48.765,48.775,229.9997354282808
48.775,48.785,232.20540667713553
48.785,48.795,234.35197049039894
48.795,48.805,237.77999242870138
48.805,48.815,243.91179020557982
48.815,48.825,255.8699741776846
48.825,48.835,268.21671012648807
48.835,48.845,267.56211877839854
48.845,48.855,256.8023513500863
48.855,48.865,248.890281107715
48.865,48.875,242.11644867449616
48.875,48.885,242.77266091873935
48.885,48.895,244.14849572275475
48.895,48.905,252.47348714481157
48.905,48.915,260.70483436474825
48.915,48.925,261.4217085895471
48.925,48.935,257.13549515708144
48.935,48.945,251.64890041371524
48.945,48.955,246.16556497129505
48.955,48.965,237.11948129584636
48.965,48.975,0.0
48.975,48.985,0.0
48.985,48.995,0.0
48.995,49.005,0.0
49.005,49.015,266.17852792358667
49.015,49.025,265.250649284778
49.025,49.035,264.72336985877246
49.035,49.045,261.00102500428113
49.045,49.055,253.11631353936244
49.055,49.065,226.2883716937169
49.065,49.075,222.54056807932787
49.075,49.085,221.00658474711113
49.085,49.095,220.0351087918284
49.095,49.105,219.76978526195916
49.105,49.115,222.31925411182706
49.115,49.125,222.72969960382954
49.125,49.135,220.509542056163
49.135,49.145,214.4603691409293
49.145,49.155,0.0
49.155,49.165,0.0
49.165,49.175,0.0
49.175,49.185,0.0
49.185,49.195,211.9602915494364
49.195,49.205,211.13709695856102
49.205,49.215,209.7648243944605
49.215,49.225,207.04460356918528
49.225,49.235,204.1939970695404
49.235,49.245,0.0
49.245,49.255,0.0
49.255,49.265,0.0
49.265,49.275,0.0
49.275,49.285,0.0
49.285,49.295,0.0
49.295,49.305,0.0
49.305,49.315,0.0
49.315,49.325,0.0
49.325,49.335,0.0
49.335,49.345,0.0
49.345,49.355,0.0
49.355,49.365,210.9683983280072
49.365,49.375,210.03559487366664
49.375,49.385,210.0555437354035
49.385,49.395,210.3953591195818
49.395,49.405,210.0817526148504
49.405,49.415,207.97285052036918
49.415,49.425,205.6514699550037
49.425,49.435,203.63806837377211
49.435,49.445,201.47285936370903
49.445,49.455,200.113561436696
49.455,49.465,199.6916346910122
49.465,49.475,199.5935242755975
49.475,49.485,199.34715709437157
49.485,49.495,198.86853196971015
49.495,49.505,197.89094762512187
49.505,49.515,195.63509575749498
49.515,49.525,192.8503756756851
49.525,49.535,190.92094430916026
49.535,49.545,0.0
49.545,49.555,0.0
49.555,49.565,0.0
49.565,49.575,0.0
49.575,49.585,0.0
49.585,49.595,0.0
49.595,49.605,0.0
49.605,49.615,0.0
49.615,49.625,0.0
49.625,49.635,193.09378447569827
49.635,49.645,197.9030402226997
49.645,49.655,199.95020227914966
49.655,49.665,199.27035148064093
49.665,49.675,197.05604857457766
49.675,49.685,194.50438052606583
49.685,49.695,192.418525721578
49.695,49.705,191.01512404062458
49.705,49.715,189.8698104217059
49.715,49.725,188.57342197478167
49.725,49.735,187.4722201799746
49.735,49.745,186.68708862724142
49.745,49.755,185.81768023629695
49.755,49.765,185.02841787111265
49.765,49.775,184.63075072920083
49.775,49.785,184.72679048025208
49.785,49.795,185.15559959913963
49.795,49.805,185.41696029502918
49.805,49.815,185.193064089681
49.815,49.825,184.5352240765263
49.825,49.835,183.38280937290676
49.835,49.845,180.83308163837046
49.845,49.855,180.02686762048592
49.855,49.865,181.8015677101848
49.865,49.875,181.24930605904632
49.875,49.885,179.7156970551173
49.885,49.895,178.70627375334362
49.895,49.905,178.11474897736542
49.905,49.915,179.55638983932886
49.915,49.925,179.41484953439962
49.925,49.935,177.21404890500264
49.935,49.945,176.15888538343
49.945,49.955,175.92157476884952
49.955,49.965,175.88812057424113
49.965,49.975,175.5948265123396
49.975,49.985,175.27169958020633
49.985,49.995,175.1423981289868
49.995,50.005,175.0622106723553
50.005,50.015,174.94029094574145
50.015,50.025,174.77090699683114
50.025,50.035,174.5475292450479
50.035,50.045,174.27258580439928
50.045,50.055,174.1763458594982
50.055,50.065,174.24830089346867
50.065,50.075,174.16214717757774
50.075,50.085,173.85462168931133
50.085,50.095,173.48743657158695
50.095,50.105,173.03954162183544
50.105,50.115,172.42216849177106
50.115,50.125,171.6665169552715
50.125,50.135,170.79724804096648
50.135,50.145,169.94980682026076
50.145,50.155,169.342806368664
50.155,50.165,169.34624816116263
50.165,50.175,170.16198469532264
50.175,50.185,171.30640071106373
50.185,50.195,172.11189704483556
50.195,50.205,172.28823335775215
50.205,50.215,171.93640974192877
50.215,50.225,171.25955935627886
50.225,50.235,170.58160212123968
50.235,50.245,170.22899555954982
50.245,50.255,170.14548577696104
50.255,50.265,170.01069887945926
50.265,50.275,169.82877116548346
50.275,50.285,169.61407398917322
50.285,50.295,169.15519899098484
50.295,50.305,168.34271893881652
50.305,50.315,167.23209061913792
50.315,50.325,166.25341668077
50.325,50.335,165.98056124206215
50.335,50.345,166.43178319046365
50.345,50.355,167.09649785846946
50.355,50.365,167.5481423885435
50.365,50.375,167.5486322475307
50.375,50.385,167.19578635894428
50.385,50.395,166.69967941594945
50.395,50.405,166.0676071186678
50.405,50.415,165.39881124025712
50.415,50.425,164.7477976001127
50.425,50.435,164.01661807617577
50.435,50.445,163.4808631314305
50.445,50.455,163.32802096229423
50.455,50.465,163.06807073831942
50.465,50.475,162.3481545310165
50.475,50.485,161.59054510640067
50.485,50.495,161.20730082395562
50.495,50.505,160.97637033454842
50.505,50.515,160.73100589073425
50.515,50.525,160.5287872346608
50.525,50.535,160.7015081322749
50.535,50.545,161.4940284990321
50.545,50.555,162.38894296033033
50.555,50.565,162.69756856883558
50.565,50.575,162.2411980067054
50.575,50.585,161.27388987595012
50.585,50.595,160.5918681539544
50.595,50.605,160.5958551841173
50.605,50.615,161.02918980645177
50.615,50.625,161.86929725581052
50.625,50.635,162.75209637514698
50.635,50.645,162.94004467795477
50.645,50.655,162.38701529575485
50.655,50.665,161.51163899740317
50.665,50.675,160.66521086766136
50.675,50.685,159.8258066871163
50.685,50.695,159.31445534960724
50.695,50.705,159.42483996570752
50.705,50.715,159.7865851903154
50.715,50.725,160.0410258365681
50.725,50.735,159.88826192405008
50.735,50.745,159.3343073142444
50.745,50.755,158.59144935450905
50.755,50.765,157.88934128382016
50.765,50.775,0.0
50.775,50.785,0.0
50.785,50.795,0.0
50.795,50.805,0.0
50.805,50.815,0.0
50.815,50.825,0.0
50.825,50.835,0.0
50.835,50.845,0.0
50.845,50.855,0.0
50.855,50.865,0.0
50.865,50.875,0.0
50.875,50.885,0.0
50.885,50.895,0.0
50.895,50.905,0.0
50.905,50.915,0.0
50.915,50.925,0.0
50.925,50.935,0.0
50.935,50.945,0.0
50.945,50.955,0.0
50.955,50.965,0.0
50.965,50.975,0.0
50.975,50.985,0.0
50.985,50.995,0.0
50.995,51.005,0.0
51.005,51.015,0.0
51.015,51.025,0.0
51.025,51.035,0.0
51.035,51.045,0.0
51.045,51.055,0.0
51.055,51.065,0.0
51.065,51.075,0.0
51.075,51.085,0.0
51.085,51.095,0.0
51.095,51.105,0.0
51.105,51.115,0.0
51.115,51.125,0.0
51.125,51.135,0.0
51.135,51.145,0.0
51.145,51.155,0.0
51.155,51.165,0.0
51.165,51.175,0.0
51.175,51.185,0.0
51.185,51.195,0.0
51.195,51.205,0.0
51.205,51.215,0.0
51.215,51.225,201.13492355275022
51.225,51.235,198.36786368048053
51.235,51.245,194.69822186960212
51.245,51.255,191.84295869621965
51.255,51.265,188.12226625950083
51.265,51.275,186.2655210290274
51.275,51.285,184.95313117714588
51.285,51.295,184.17745910208473
51.295,51.305,184.7517535540369
51.305,51.315,184.46371847856838
51.315,51.325,182.60319809142268
51.325,51.335,183.4489402044702
51.335,51.345,0.0
51.345,51.355,0.0
51.355,51.365,0.0
51.365,51.375,0.0
51.375,51.385,0.0
51.385,51.395,0.0
51.395,51.405,0.0
51.405,51.415,0.0
51.415,51.425,173.77192127754742
51.425,51.435,172.45520881723297
51.435,51.445,171.61091704142524
51.445,51.455,170.4816468871749
51.455,51.465,168.98804095361234
51.465,51.475,0.0
51.475,51.485,0.0
51.485,51.495,0.0
51.495,51.505,0.0
51.505,51.515,168.93109371239998
51.515,51.525,165.97535323785812
51.525,51.535,161.06445776361252
51.535,51.545,157.74731888468952
51.545,51.555,155.39337153910486
51.555,51.565,150.48160322297937
51.565,51.575,148.17818664855454
51.575,51.585,148.4571874250588
51.585,51.595,146.63521419467585
51.595,51.605,140.6835218681657
51.605,51.615,140.74801682272383
51.615,51.625,142.39356222011475
51.625,51.635,125.72100872608056
51.635,51.645,128.74304226260213
51.645,51.655,128.66886301190263
51.655,51.665,128.21975606072175
51.665,51.675,128.65782345304908
51.675,51.685,129.44410819330315
51.685,51.695,0.0
51.695,51.705,0.0
51.705,51.715,0.0
51.715,51.725,0.0
51.725,51.735,0.0
51.735,51.745,0.0
51.745,51.755,0.0
51.755,51.765,0.0
51.765,51.775,0.0
51.775,51.785,0.0
51.785,51.795,0.0
51.795,51.805,0.0
51.805,51.815,0.0
51.815,51.825,0.0
51.825,51.835,0.0
51.835,51.845,0.0
51.845,51.855,0.0
51.855,51.865,0.0
51.865,51.875,0.0
51.875,51.885,0.0
51.885,51.895,0.0
51.895,51.905,0.0
51.905,51.915,0.0
51.915,51.925,0.0
51.925,51.935,0.0
51.935,51.945,0.0
51.945,51.955,0.0
51.955,51.965,0.0
51.965,51.975,0.0
51.975,51.985,0.0
51.985,51.995,0.0
51.995,52.005,0.0
52.005,52.015,0.0
52.015,52.025,0.0
52.025,52.035,0.0
52.035,52.045,0.0
52.045,52.055,0.0
52.055,52.065,0.0
52.065,52.075,0.0
52.075,52.085,0.0
52.085,52.095,0.0
52.095,52.105,0.0
52.105,52.115,0.0
52.115,52.125,0.0
52.125,52.135,0.0
52.135,52.145,0.0
52.145,52.155,0.0
52.155,52.165,0.0
52.165,52.175,0.0
52.175,52.185,0.0
52.185,52.195,0.0
52.195,52.205,0.0
52.205,52.215,0.0
52.215,52.225,0.0
52.225,52.235,0.0
52.235,52.245,0.0
52.245,52.255,0.0
52.255,52.265,0.0
52.265,52.275,0.0
52.275,52.285,0.0
52.285,52.295,0.0
52.295,52.305,0.0
52.305,52.315,0.0
52.315,52.325,0.0
52.325,52.335,0.0
52.335,52.345,0.0
52.345,52.355,0.0
52.355,52.365,0.0
52.365,52.375,0.0
52.375,52.385,0.0
52.385,52.395,225.73042597595168
52.395,52.405,228.17740736195773
52.405,52.415,229.33320086696455
52.415,52.425,228.38459402370836
52.425,52.435,225.88192938111007
52.435,52.445,223.12666619114395
52.445,52.455,223.11345225573032
52.455,52.465,225.9651915795251
52.465,52.475,225.81244279951463
52.475,52.485,223.27627062054705
52.485,52.495,219.0098047467762
52.495,52.505,214.37077813435195
52.505,52.515,210.081458670893
52.515,52.525,205.09111819207152
52.525,52.535,200.8170631725401
52.535,52.545,197.3700789571426
52.545,52.555,191.6805651845554
52.555,52.565,188.19759106214997
52.565,52.575,186.52885459916166
52.575,52.585,184.71781830243484
52.585,52.595,183.26214636710773
52.595,52.605,182.0750771628863
52.605,52.615,180.52894425891586
52.615,52.625,178.1458622914796
52.625,52.635,0.0
52.635,52.645,0.0
52.645,52.655,0.0
52.655,52.665,187.18520143525728
52.665,52.675,187.53688999788343
52.675,52.685,188.48705471459542
52.685,52.695,189.9363312244307
52.695,52.705,191.40375317226966
52.705,52.715,192.6423390413838
52.715,52.725,195.46919670068087
52.725,52.735,199.89737203691004
52.735,52.745,201.90217731263584
52.745,52.755,204.56864552638433
52.755,52.765,208.81307298684206
52.765,52.775,212.10074741717912
52.775,52.785,215.52136926370926
52.785,52.795,215.87279140074486
52.795,52.805,0.0
52.805,52.815,0.0
52.815,52.825,0.0
52.825,52.835,0.0
52.835,52.845,0.0
52.845,52.855,0.0
52.855,52.865,0.0
52.865,52.875,0.0
52.875,52.885,0.0
52.885,52.895,0.0
52.895,52.905,268.57150555825933
52.905,52.915,269.28982131690736
52.915,52.925,271.0010379708977
52.925,52.935,274.44819032368116
52.935,52.945,279.64124248013854
52.945,52.955,285.82246059628557
52.955,52.965,293.0240410731537
52.965,52.975,297.98172952238855
52.975,52.985,288.71838328269575
52.985,52.995,0.0
52.995,53.005,0.0
53.005,53.015,0.0
53.015,53.025,0.0
53.025,53.035,0.0
53.035,53.045,0.0
53.045,53.055,0.0
53.055,53.065,0.0
53.065,53.075,0.0
53.075,53.085,0.0
53.085,53.095,289.335170611264
53.095,53.105,273.1281745434075
53.105,53.115,258.9176146800338
53.115,53.125,249.76724897184403
53.125,53.135,244.57879659842126
53.135,53.145,243.18242661889678
53.145,53.155,243.1969160638251
53.155,53.165,241.2103595360748
53.165,53.175,0.0
53.175,53.185,0.0
53.185,53.195,0.0
53.195,53.205,0.0
53.205,53.215,0.0
53.215,53.225,0.0
53.225,53.235,221.43481874299246
53.235,53.245,215.64938725087256
53.245,53.255,211.82137933065584
53.255,53.265,208.0086748117002
53.265,53.275,204.07673250205548
53.275,53.285,198.5416299769576
53.285,53.295,0.0
53.295,53.305,0.0
53.305,53.315,0.0
53.315,53.325,0.0
53.325,53.335,0.0
53.335,53.345,0.0
53.345,53.355,0.0
53.355,53.365,0.0
53.365,53.375,0.0
53.375,53.385,0.0
53.385,53.395,0.0
53.395,53.405,0.0
53.405,53.415,0.0
53.415,53.425,0.0
53.425,53.435,0.0
53.435,53.445,242.64510451711425
53.445,53.455,242.23799588119292
53.455,53.465,0.0
53.465,53.475,0.0
53.475,53.485,0.0
53.485,53.495,0.0
53.495,53.505,264.45785591527414
53.505,53.515,270.25352184634295
53.515,53.525,281.4551027771199
53.525,53.535,283.5840994502902
53.535,53.545,281.7642769075132
53.545,53.555,278.7415989382616
53.555,53.565,276.23635948669903
53.565,53.575,275.32147065792714
53.575,53.585,274.94082826146354
53.585,53.595,274.47629041947124
53.595,53.605,274.0530968115468
53.605,53.615,273.88169186225775
53.615,53.625,273.99991866628653
53.625,53.635,274.3219119698616
53.635,53.645,274.39053634067454
53.645,53.655,274.1835298366033
53.655,53.665,273.65180195813514
53.665,53.675,272.40645480087403
53.675,53.685,270.7147841637118
53.685,53.695,269.34303281416146
53.695,53.705,268.36223524140695
53.705,53.715,267.1632018956644
53.715,53.725,265.47840251653247
53.725,53.735,263.6079879857822
53.735,53.745,261.51237295673945
53.745,53.755,260.1953160330529
53.755,53.765,260.17918528431414
53.765,53.775,259.280177877808
53.775,53.785,258.23341833815766
53.785,53.795,257.0234720388524
53.795,53.805,254.6929114912297
53.805,53.815,251.19683501459048
53.815,53.825,247.6543889494453
53.825,53.835,245.24051398646628
53.835,53.845,245.13710443478172
53.845,53.855,245.19571040995706
53.855,53.865,244.1703111743873
53.865,53.875,242.60292091470566
53.875,53.885,241.02204239435426
53.885,53.895,239.8589399344034
53.895,53.905,238.94829075278756
53.905,53.915,238.14132159901925
53.915,53.925,237.8272317570658
53.925,53.935,237.77535533095272
53.935,53.945,237.52457445049734
53.945,53.955,236.94043079073046
53.955,53.965,235.45491397101694
53.965,53.975,232.76415507146393
53.975,53.985,231.12387515159827
53.985,53.995,229.92658300452788
53.995,54.005,228.192512284861
54.005,54.015,227.13693149218292
54.015,54.025,226.84555242798442
54.025,54.035,226.5863979255604
54.035,54.045,226.51578127516294
54.045,54.055,226.05922191740146
54.055,54.065,225.3002028771855
54.065,54.075,224.47768251059335
54.075,54.085,223.37353455041534
54.085,54.095,222.2831519926554
54.095,54.105,221.68328589860107
54.105,54.115,221.12214749290095
54.115,54.125,219.96183782539512
54.125,54.135,218.73855618365386
54.135,54.145,217.547545333074
54.145,54.155,216.0925697401859
54.155,54.165,215.4841238442458
54.165,54.175,214.89847725955656
54.175,54.185,213.44359367490463
54.185,54.195,212.21492965716823
54.195,54.205,211.6182306126312
54.205,54.215,210.68646711345806
54.215,54.225,209.00532106850923
54.225,54.235,207.81802620577142
54.235,54.245,207.04425560093253
54.245,54.255,206.12960223569917
54.255,54.265,205.5882234515059
54.265,54.275,205.45546881663657
54.275,54.285,205.21377370293598
54.285,54.295,205.1980379315431
54.295,54.305,205.16505912842294
54.305,54.315,204.77507357070462
54.315,54.325,204.06847992176495
54.325,54.335,203.31390815167376
54.335,54.345,0.0
54.345,54.355,0.0
54.355,54.365,0.0
54.365,54.375,0.0
54.375,54.385,0.0
54.385,54.395,0.0
54.395,54.405,0.0
54.405,54.415,0.0
54.415,54.425,0.0
54.425,54.435,0.0
54.435,54.445,0.0
54.445,54.455,0.0
54.455,54.465,0.0
54.465,54.475,0.0
54.475,54.485,0.0
54.485,54.495,0.0
54.495,54.505,0.0
54.505,54.515,0.0
54.515,54.525,0.0
54.525,54.535,0.0
54.535,54.545,0.0
54.545,54.555,0.0
54.555,54.565,0.0
54.565,54.575,0.0
54.575,54.585,0.0
54.585,54.595,0.0
54.595,54.605,0.0
54.605,54.615,0.0
54.615,54.625,0.0
54.625,54.635,0.0
54.635,54.645,0.0
54.645,54.655,0.0
54.655,54.665,0.0
54.665,54.675,0.0
54.675,54.685,0.0
54.685,54.695,0.0
54.695,54.705,0.0
54.705,54.715,0.0
54.715,54.725,0.0
54.725,54.735,0.0
54.735,54.745,0.0
54.745,54.755,0.0
54.755,54.765,0.0
54.765,54.775,0.0
54.775,54.785,0.0
54.785,54.795,0.0
54.795,54.805,0.0
54.805,54.815,0.0
54.815,54.825,0.0
54.825,54.835,240.49257659377966
54.835,54.845,239.7640225622639
54.845,54.855,243.201867605382
54.855,54.865,246.61794546927558
54.865,54.875,244.98657195090118
54.875,54.885,0.0
54.885,54.895,0.0
54.895,54.905,0.0
54.905,54.915,0.0
54.915,54.925,0.0
54.925,54.935,0.0
54.935,54.945,0.0
54.945,54.955,0.0
54.955,54.965,0.0
54.965,54.975,0.0
54.975,54.985,0.0
54.985,54.995,0.0
54.995,55.005,0.0
55.005,55.015,275.46105935609984
55.015,55.025,272.4171286944786
55.025,55.035,268.77432770669384
55.035,55.045,263.0438459815414
55.045,55.055,254.91998215373144
55.055,55.065,247.94547101175644
55.065,55.075,242.2990414410406
55.075,55.085,238.7383060871758
55.085,55.095,235.4811967438166
55.095,55.105,231.76902941061465
55.105,55.115,230.0015499140874
55.115,55.125,231.8821608948451
55.125,55.135,238.2817270148019
55.135,55.145,238.79389825192675
55.145,55.155,240.27775231078556
55.155,55.165,241.2758341189671
55.165,55.175,0.0
55.175,55.185,0.0
55.185,55.195,0.0
55.195,55.205,0.0
55.205,55.215,0.0
55.215,55.225,0.0
55.225,55.235,0.0
55.235,55.245,0.0
55.245,55.255,0.0
55.255,55.265,0.0
55.265,55.275,0.0
55.275,55.285,0.0
55.285,55.295,0.0
55.295,55.305,0.0
55.305,55.315,0.0
55.315,55.325,0.0
55.325,55.335,0.0
55.335,55.345,246.19682850368073
55.345,55.355,238.0920884582976
55.355,55.365,230.27332902760907
55.365,55.375,222.98869281367556
55.375,55.385,219.00972822278305
55.385,55.395,216.20825425676702
55.395,55.405,213.41769532153813
55.405,55.415,0.0
55.415,55.425,0.0
55.425,55.435,0.0
55.435,55.445,0.0
55.445,55.455,0.0
55.455,55.465,0.0
55.465,55.475,0.0
55.475,55.485,0.0
55.485,55.495,0.0
55.495,55.505,0.0
55.505,55.515,0.0
55.515,55.525,0.0
55.525,55.535,0.0
55.535,55.545,0.0
55.545,55.555,0.0
55.555,55.565,0.0
55.565,55.575,0.0
55.575,55.585,0.0
55.585,55.595,0.0
55.595,55.605,0.0
55.605,55.615,0.0
55.615,55.625,298.82019245018563
55.625,55.635,300.99512836339744
55.635,55.645,304.4085773059934
55.645,55.655,306.80028876419544
55.655,55.665,305.03188394864
55.665,55.675,297.8050868995838
55.675,55.685,287.1768552824193
55.685,55.695,0.0
55.695,55.705,0.0
55.705,55.715,0.0
55.715,55.725,0.0
55.725,55.735,0.0
55.735,55.745,0.0
55.745,55.755,0.0
55.755,55.765,0.0
55.765,55.775,0.0
55.775,55.785,0.0
55.785,55.795,0.0
55.795,55.805,0.0
55.805,55.815,0.0
55.815,55.825,0.0
55.825,55.835,0.0
55.835,55.845,0.0
55.845,55.855,0.0
55.855,55.865,0.0
55.865,55.875,283.9153746236116
55.875,55.885,282.9919264772227
55.885,55.895,272.65717070751924
55.895,55.905,254.75146400206327
55.905,55.915,248.68247319629776
55.915,55.925,245.85084220944327
55.925,55.935,243.47972239347914
55.935,55.945,241.46299060485515
55.945,55.955,240.67177113633687
55.955,55.965,241.05592571751177
55.965,55.975,241.79359749116756
55.975,55.985,242.9481793994231
55.985,55.995,244.13992540603098
55.995,56.005,245.13109246328577
56.005,56.015,246.365332937355
56.015,56.025,248.14460537441974
56.025,56.035,250.2497982473323
56.035,56.045,251.82511829294063
56.045,56.055,253.40716086837182
56.055,56.065,257.2384484679444
56.065,56.075,265.05658717892805
56.075,56.085,272.80283022485924
56.085,56.095,276.1363343477788
56.095,56.105,274.4004103776393
56.105,56.115,267.150642491984
56.115,56.125,254.94693709050168
56.125,56.135,0.0
56.135,56.145,0.0
56.145,56.155,0.0
56.155,56.165,0.0
56.165,56.175,0.0
56.175,56.185,0.0
56.185,56.195,0.0
56.195,56.205,0.0
56.205,56.215,0.0
56.215,56.225,0.0
56.225,56.235,0.0
56.235,56.245,0.0
56.245,56.255,0.0
56.255,56.265,0.0
56.265,56.275,262.7044345824235
56.275,56.285,254.33522833769229
56.285,56.295,245.4954095304968
56.295,56.305,238.68694804490133
56.305,56.315,234.72358692255773
56.315,56.325,232.6112652467493
56.325,56.335,231.3481909405632
56.335,56.345,230.17984077184497
56.345,56.355,228.82344842429166
56.355,56.365,227.61220342922095
56.365,56.375,226.67352427443407
56.375,56.385,225.97247594816736
56.385,56.395,225.2956909682045
56.395,56.405,224.59416826394968
56.405,56.415,224.10861031435542
56.415,56.425,223.83655716035264
56.425,56.435,223.4437303967065
56.435,56.445,222.54336395422322
56.445,56.455,220.91767395317152
56.455,56.465,218.58771342030616
56.465,56.475,214.0242885761194
56.475,56.485,209.81829284589602
56.485,56.495,0.0
56.495,56.505,0.0
56.505,56.515,0.0
56.515,56.525,0.0
56.525,56.535,0.0
56.535,56.545,0.0
56.545,56.555,0.0
56.555,56.565,0.0
56.565,56.575,0.0
56.575,56.585,0.0
56.585,56.595,0.0
56.595,56.605,0.0
56.605,56.615,0.0
56.615,56.625,0.0
56.625,56.635,185.0557688031809
56.635,56.645,185.89017531336177
56.645,56.655,186.5854249284887
56.655,56.665,187.16781669377522
56.665,56.675,187.65146863240548
56.675,56.685,187.92757489837808
56.685,56.695,187.76292930176
56.695,56.705,187.1364185177005
56.705,56.715,186.63943796377424
56.715,56.725,186.54082058884865
56.725,56.735,186.50357189955417
56.735,56.745,186.25602604765496
56.745,56.755,185.52798019591768
56.755,56.765,184.24043284714128
56.765,56.775,182.38208699933276
56.775,56.785,180.3018147457989
56.785,56.795,179.09611861011967
56.795,56.805,178.73860440631785
56.805,56.815,179.34687146903048
56.815,56.825,180.42432575267696
56.825,56.835,181.1360124726758
56.835,56.845,181.69844429189573
56.845,56.855,182.3426107510456
56.855,56.865,182.8095288942542
56.865,56.875,182.63686989686838
56.875,56.885,181.66540847849416
56.885,56.895,180.35450983993846
56.895,56.905,179.216306247434
56.905,56.915,178.32501969433537
56.915,56.925,177.62925075512533
56.925,56.935,177.21277951798118
56.935,56.945,176.91754801130722
56.945,56.955,176.73293676021584
56.955,56.965,0.0
56.965,56.975,0.0
56.975,56.985,0.0
56.985,56.995,0.0
56.995,57.005,0.0
57.005,57.015,0.0
57.015,57.025,0.0
57.025,57.035,0.0
57.035,57.045,173.49335615236362
57.045,57.055,172.83196255907487
57.055,57.065,172.15763944272817
57.065,57.075,171.48340166933556
57.075,57.085,170.81974832779864
57.085,57.095,170.1376146108135
57.095,57.105,169.66170770426402
57.105,57.115,0.0
57.115,57.125,0.0
57.125,57.135,0.0
57.135,57.145,0.0
57.145,57.155,0.0
57.155,57.165,0.0
57.165,57.175,0.0
57.175,57.185,0.0
57.185,57.195,0.0
57.195,57.205,0.0
57.205,57.215,0.0
57.215,57.225,0.0
57.225,57.235,0.0
57.235,57.245,0.0
57.245,57.255,0.0
57.255,57.265,0.0
57.265,57.275,0.0
57.275,57.285,0.0
57.285,57.295,0.0
57.295,57.305,0.0
57.305,57.315,0.0
57.315,57.325,0.0
57.325,57.335,0.0
57.335,57.345,0.0
57.345,57.355,0.0
57.355,57.365,0.0
57.365,57.375,0.0
57.375,57.385,0.0
57.385,57.395,0.0
57.395,57.405,0.0
57.405,57.415,0.0
57.415,57.425,0.0
57.425,57.435,0.0
57.435,57.445,0.0
57.445,57.455,201.06725138695148
57.455,57.465,198.97699989780116
57.465,57.475,198.4913536963604
57.475,57.485,197.50147834927864
57.485,57.495,193.7045440587713
57.495,57.505,189.7911687226275
57.505,57.515,187.60468817562
57.515,57.525,185.60718022241605
57.525,57.535,184.17777841400033
57.535,57.545,183.7515577170626
57.545,57.555,184.63564224904363
57.555,57.565,186.405471584893
57.565,57.575,187.9026129666361
57.575,57.585,189.77127983847967
57.585,57.595,192.3694209325441
57.595,57.605,193.83701360457488
57.605,57.615,193.63353900152913
57.615,57.625,192.57992481844818
57.625,57.635,191.7446529782881
57.635,57.645,191.45396011448491
57.645,57.655,191.32798945286189
57.655,57.665,191.1957551207474
57.665,57.675,191.1677454436874
57.675,57.685,191.44071993646747
57.685,57.695,192.12220513696045
57.695,57.705,193.0330261900783
57.705,57.715,194.20640700379687
57.715,57.725,195.25724328398624
57.725,57.735,195.67337523773918
57.735,57.745,195.30570847212798
57.745,57.755,194.6701114818311
57.755,57.765,194.19832751078204
57.765,57.775,193.48339055140409
57.775,57.785,192.2599653791835
57.785,57.795,191.38038316781248
57.795,57.805,192.3769398100134
57.805,57.815,0.0
57.815,57.825,0.0
57.825,57.835,0.0
57.835,57.845,0.0
57.845,57.855,0.0
57.855,57.865,0.0
57.865,57.875,0.0
57.875,57.885,0.0
57.885,57.895,210.58853428353495
57.895,57.905,207.57182247427897
57.905,57.915,206.2843112791661
57.915,57.925,205.60555466406868
57.925,57.935,205.03549251392934
57.935,57.945,204.3802311171107
57.945,57.955,203.67133120999657
57.955,57.965,203.04670771549254
57.965,57.975,202.47927169115155
57.975,57.985,201.5028235365009
57.985,57.995,199.59210710841555
57.995,58.005,196.88968010994515
58.005,58.015,193.7833719977122
58.015,58.025,189.86535396786317
58.025,58.035,185.01593181470537
58.035,58.045,181.09489979196405
58.045,58.055,282.9852070653797
58.055,58.065,281.7427130515595
58.065,58.075,0.0
58.075,58.085,0.0
58.085,58.095,0.0
58.095,58.105,0.0
58.105,58.115,0.0
58.115,58.125,0.0
58.125,58.135,0.0
58.135,58.145,0.0
58.145,58.155,0.0
58.155,58.165,0.0
58.165,58.175,0.0
58.175,58.185,204.35681101340438
58.185,58.195,208.07748369643045
58.195,58.205,210.1791432719403
58.205,58.215,211.00116024912646
58.215,58.225,210.85169481341364
58.225,58.235,210.33136997025733
58.235,58.245,209.4236430621082
58.245,58.255,207.62174909008215
58.255,58.265,204.60016057537612
58.265,58.275,200.89465307956897
58.275,58.285,198.47254378645874
58.285,58.295,197.89693165514464
58.295,58.305,198.80654594659416
58.305,58.315,200.50010873719322
58.315,58.325,201.67377042798367
58.325,58.335,207.88373393738723
58.335,58.345,208.52402068075878
58.345,58.355,207.8529029357472
58.355,58.365,206.2669454681259
58.365,58.375,204.01813719200695
58.375,58.385,202.0554561971422
58.385,58.395,196.51963947331117
58.395,58.405,0.0
58.405,58.415,0.0
58.415,58.425,0.0
58.425,58.435,181.38564177500513
58.435,58.445,179.52361455505067
58.445,58.455,179.38504174091003
58.455,58.465,180.3702817543419
58.465,58.475,180.07212546822063
58.475,58.485,177.6633713539807
58.485,58.495,174.57269130518515
58.495,58.505,173.90978687786827
58.505,58.515,173.45646716259986
58.515,58.525,173.38647141916542
58.525,58.535,174.97210147723695
58.535,58.545,176.93222246174918
58.545,58.555,176.71238603639557
58.555,58.565,177.488876683963
58.565,58.575,180.98305520863818
58.575,58.585,191.0682091811979
58.585,58.595,207.21171417128397
58.595,58.605,211.12982036889514
58.605,58.615,212.9309849484821
58.615,58.625,214.42994081471275
58.625,58.635,0.0
58.635,58.645,0.0
58.645,58.655,0.0
58.655,58.665,0.0
58.665,58.675,0.0
58.675,58.685,0.0
58.685,58.695,0.0
58.695,58.705,0.0
58.705,58.715,0.0
58.715,58.725,0.0
58.725,58.735,0.0
58.735,58.745,0.0
58.745,58.755,0.0
58.755,58.765,166.10799427892923
58.765,58.775,162.2806175007558
58.775,58.785,158.4852706583443
58.785,58.795,154.006937478257
58.795,58.805,150.0260900037512
58.805,58.815,147.4777609566238
58.815,58.825,146.8297584481409
58.825,58.835,148.03151806935006
58.835,58.845,150.83503254695114
58.845,58.855,155.15784857461793
58.855,58.865,159.65094177155711
58.865,58.875,162.32180740727853
58.875,58.885,164.67967246519387
58.885,58.895,165.58658805753055
58.895,58.905,164.67801051501516
58.905,58.915,0.0
58.915,58.925,0.0
58.925,58.935,0.0
58.935,58.945,175.81675200353212
58.945,58.955,178.3708752664287
58.955,58.965,180.22054216932233
58.965,58.975,181.9212812233351
58.975,58.985,183.3911530368795
58.985,58.995,184.4189712615466
58.995,59.005,185.48829110289276
59.005,59.015,186.75433008300368
59.015,59.025,187.60376384226586
59.025,59.035,187.35769551335153
59.035,59.045,0.0
59.045,59.055,0.0
59.055,59.065,0.0
59.065,59.075,0.0
59.075,59.085,0.0
59.085,59.095,0.0
59.095,59.105,0.0
59.105,59.115,0.0
59.115,59.125,0.0
59.125,59.135,0.0
59.135,59.145,0.0
59.145,59.155,0.0
59.155,59.165,0.0
59.165,59.175,0.0
59.175,59.185,0.0
59.185,59.195,0.0
59.195,59.205,0.0
59.205,59.215,0.0
59.215,59.225,0.0
59.225,59.235,0.0
59.235,59.245,0.0
59.245,59.255,0.0
59.255,59.265,0.0
59.265,59.275,0.0
59.275,59.285,0.0
59.285,59.295,212.05207630287555
59.295,59.305,208.22299218747852
59.305,59.315,204.86565768194845
59.315,59.325,202.75693954304958
59.325,59.335,202.0181704494293
59.335,59.345,201.9845461134405
59.345,59.355,201.89916789858037
59.355,59.365,201.5287978211796
59.365,59.375,0.0
59.375,59.385,0.0
59.385,59.395,0.0
59.395,59.405,0.0
59.405,59.415,0.0
59.415,59.425,0.0
59.425,59.435,0.0
59.435,59.445,0.0
59.445,59.455,0.0
59.455,59.465,0.0
59.465,59.475,0.0
59.475,59.485,0.0
59.485,59.495,0.0
59.495,59.505,0.0
59.505,59.515,0.0
59.515,59.525,0.0
59.525,59.535,0.0
59.535,59.545,0.0
59.545,59.555,209.90390645561774
59.555,59.565,205.42345144189713
59.565,59.575,200.46963313949757
59.575,59.585,196.03609676427467
59.585,59.595,193.35864506896186
59.595,59.605,191.8986978415712
59.605,59.615,190.56603074426548
59.615,59.625,188.97166316989785
59.625,59.635,187.1736574655736
59.635,59.645,0.0
59.645,59.655,0.0
59.655,59.665,0.0
59.665,59.675,0.0
59.675,59.685,0.0
59.685,59.695,0.0
59.695,59.705,0.0
59.705,59.715,0.0
59.715,59.725,0.0
59.725,59.735,0.0
59.735,59.745,0.0
59.745,59.755,190.6456174900001
59.755,59.765,185.82412037536474
59.765,59.775,181.61183575481311
59.775,59.785,178.63501304012996
59.785,59.795,175.63323853753843
59.795,59.805,172.82423313926736
59.805,59.815,171.15742855339337
59.815,59.825,170.53940078433936
59.825,59.835,170.99353796055226
59.835,59.845,172.7194737348798
59.845,59.855,0.0
59.855,59.865,0.0
59.865,59.875,0.0
59.875,59.885,0.0
59.885,59.895,0.0
59.895,59.905,0.0
59.905,59.915,0.0
59.915,59.925,0.0
59.925,59.935,0.0
59.935,59.945,0.0
59.945,59.955,0.0
59.955,59.965,0.0
59.965,59.975,0.0
59.975,59.985,184.90342672035067
59.985,59.995,184.7530291746855
59.995,60.005,184.18423476699886
60.005,60.015,183.081796826686
60.015,60.025,181.02696085211528
60.025,60.035,178.4970446306166
60.035,60.045,0.0
60.045,60.055,0.0
60.055,60.065,0.0
60.065,60.075,172.34048698441038
60.075,60.085,172.8911381838602
60.085,60.095,173.66616557507157
60.095,60.105,174.26709238749768
60.105,60.115,175.11680271195513
60.115,60.125,0.0
60.125,60.135,0.0
60.135,60.145,0.0
60.145,60.155,0.0
60.155,60.165,0.0
60.165,60.175,0.0
60.175,60.185,0.0
60.185,60.195,0.0
60.195,60.205,0.0
60.205,60.215,0.0
60.215,60.225,174.6638789209353
60.225,60.235,172.47856106692277
60.235,60.245,172.0559139899056
60.245,60.255,172.43672628493
60.255,60.265,173.18820914440954
60.265,60.275,174.60285075000425
60.275,60.285,0.0
60.285,60.295,0.0
60.295,60.305,0.0
60.305,60.315,0.0
60.315,60.325,0.0
60.325,60.335,0.0
60.335,60.345,0.0
60.345,60.355,0.0
60.355,60.365,0.0
60.365,60.375,185.81798055757488
60.375,60.385,183.86303973044647
60.385,60.395,182.1247148451752
60.395,60.405,180.4821803869279
60.405,60.415,178.76494199371385
60.415,60.425,177.22991446024483
60.425,60.435,176.12868365974288
60.435,60.445,175.30621265234
60.445,60.455,174.23015404758866
60.455,60.465,172.78379840786286
60.465,60.475,171.27491897813707
60.475,60.485,169.88225275872807
60.485,60.495,168.64997989029646
60.495,60.505,167.021536344221
60.505,60.515,0.0
60.515,60.525,0.0
60.525,60.535,0.0
60.535,60.545,0.0
60.545,60.555,0.0
60.555,60.565,171.15864962523727
60.565,60.575,171.574152758474
60.575,60.585,171.72205299458489
60.585,60.595,0.0
60.595,60.605,0.0
60.605,60.615,0.0
60.615,60.625,169.6319596173385
60.625,60.635,168.64950381120485
60.635,60.645,167.4086943287173
60.645,60.655,166.47088372527682
60.655,60.665,0.0
60.665,60.675,0.0
60.675,60.685,0.0
60.685,60.695,0.0
60.695,60.705,0.0
60.705,60.715,0.0
60.715,60.725,0.0
60.725,60.735,0.0
60.735,60.745,0.0
60.745,60.755,0.0
60.755,60.765,0.0
60.765,60.775,0.0
60.775,60.785,179.94666507233444
60.785,60.795,177.50664980737915
60.795,60.805,174.57326959841427
60.805,60.815,171.8906171693787
60.815,60.825,0.0
60.825,60.835,0.0
60.835,60.845,0.0
60.845,60.855,0.0
60.855,60.865,0.0
60.865,60.875,0.0
60.875,60.885,0.0
60.885,60.895,0.0
60.895,60.905,0.0
60.905,60.915,0.0
60.915,60.925,0.0
60.925,60.935,0.0
60.935,60.945,0.0
60.945,60.955,0.0
60.955,60.965,0.0
60.965,60.975,0.0
60.975,60.985,0.0
60.985,60.995,0.0
60.995,61.005,0.0
61.005,61.015,0.0
61.015,61.025,0.0
61.025,61.035,0.0
61.035,61.045,0.0
61.045,61.055,0.0
61.055,61.065,0.0
61.065,61.075,0.0
61.075,61.085,0.0
61.085,61.095,0.0
61.095,61.105,0.0
61.105,61.115,0.0
61.115,61.125,0.0
61.125,61.135,0.0
61.135,61.145,0.0
61.145,61.155,0.0
61.155,61.165,0.0
61.165,61.175,0.0
61.175,61.185,0.0
61.185,61.195,0.0
61.195,61.205,0.0
61.205,61.215,0.0
61.215,61.225,0.0
61.225,61.235,0.0
61.235,61.245,0.0
61.245,61.255,0.0
61.255,61.265,0.0
61.265,61.275,0.0
61.275,61.285,0.0
61.285,61.295,0.0
61.295,61.305,0.0
61.305,61.315,0.0
61.315,61.325,0.0
61.325,61.335,0.0
61.335,61.345,0.0
61.345,61.355,0.0
61.355,61.365,0.0
61.365,61.375,0.0
61.375,61.385,0.0
61.385,61.395,0.0
61.395,61.405,0.0
61.405,61.415,0.0
61.415,61.425,0.0
61.425,61.435,0.0
61.435,61.445,0.0
61.445,61.455,0.0
61.455,61.465,0.0
61.465,61.475,0.0
61.475,61.485,0.0
61.485,61.495,0.0
61.495,61.505,0.0
61.505,61.515,0.0
61.515,61.525,0.0
61.525,61.535,0.0
61.535,61.545,0.0
61.545,61.555,0.0
61.555,61.565,0.0
61.565,61.575,0.0
61.575,61.585,0.0
61.585,61.595,0.0
61.595,61.605,0.0
61.605,61.615,0.0
61.615,61.625,0.0
61.625,61.635,0.0
61.635,61.645,0.0
61.645,61.655,0.0
61.655,61.665,0.0
61.665,61.675,0.0
61.675,61.685,0.0
61.685,61.695,0.0
61.695,61.705,0.0
61.705,61.715,0.0
61.715,61.725,0.0
61.725,61.735,0.0
61.735,61.745,0.0
61.745,61.755,0.0
61.755,61.765,0.0
61.765,61.775,0.0
61.775,61.785,0.0
61.785,61.795,0.0
61.795,61.805,0.0
61.805,61.815,0.0
61.815,61.825,0.0
61.825,61.835,0.0
61.835,61.845,0.0
61.845,61.855,0.0
61.855,61.865,0.0
61.865,61.875,0.0
61.875,61.885,0.0
61.885,61.895,0.0
61.895,61.905,0.0
61.905,61.915,0.0
61.915,61.925,0.0
61.925,61.935,0.0
61.935,61.945,0.0
61.945,61.955,0.0
61.955,61.965,0.0
61.965,61.975,0.0
61.975,61.985,0.0
61.985,61.995,0.0
61.995,62.005,0.0
62.005,62.015,0.0
62.015,62.025,0.0
62.025,62.035,0.0
62.035,62.045,0.0
62.045,62.055,0.0
62.055,62.065,0.0
62.065,62.075,0.0
62.075,62.085,0.0
62.085,62.095,0.0
62.095,62.105,0.0
62.105,62.115,0.0
62.115,62.125,0.0
62.125,62.135,0.0
62.135,62.145,0.0
62.145,62.155,0.0
62.155,62.165,0.0
62.165,62.175,0.0
62.175,62.185,0.0
62.185,62.195,0.0
62.195,62.205,0.0
62.205,62.215,0.0
62.215,62.225,0.0
62.225,62.235,0.0
62.235,62.245,0.0
62.245,62.255,0.0
62.255,62.265,0.0
62.265,62.275,0.0
62.275,62.285,0.0
62.285,62.295,0.0
62.295,62.305,0.0
62.305,62.315,0.0
62.315,62.325,0.0
62.325,62.335,0.0
62.335,62.345,0.0
62.345,62.355,0.0
62.355,62.365,0.0
62.365,62.375,0.0
62.375,62.385,0.0
62.385,62.395,0.0
62.395,62.405,0.0
62.405,62.415,0.0
62.415,62.425,0.0
62.425,62.435,0.0
62.435,62.445,0.0
62.445,62.455,193.78876335264385
62.455,62.465,195.3767162469148
62.465,62.475,196.69050538306814
62.475,62.485,198.2976336092958
62.485,62.495,205.69075713180652
62.495,62.505,217.13989125258058
62.505,62.515,219.77120855270465
62.515,62.525,0.0
62.525,62.535,0.0
62.535,62.545,0.0
62.545,62.555,0.0
62.555,62.565,0.0
62.565,62.575,0.0
62.575,62.585,0.0
62.585,62.595,0.0
62.595,62.605,0.0
62.605,62.615,257.19332811390007
62.615,62.625,245.37367598263634
62.625,62.635,240.12963162041171
62.635,62.645,236.86566771205932
62.645,62.655,234.65402423681155
62.655,62.665,233.16368464273367
62.665,62.675,232.66773070452328
62.675,62.685,232.82248127904643
62.685,62.695,233.1756720514315
62.695,62.705,233.53110263710394
62.705,62.715,234.2808514672167
62.715,62.725,235.16944593250966
62.725,62.735,235.39713617015
62.735,62.745,234.04473911442705
62.745,62.755,230.28324046137155
62.755,62.765,0.0
62.765,62.775,0.0
62.775,62.785,0.0
62.785,62.795,216.51040188464424
62.795,62.805,217.51217852095016
62.805,62.815,217.57627309924248
62.815,62.825,216.78852380327808
62.825,62.835,214.78691070485658
62.835,62.845,211.55680061707352
62.845,62.855,206.76223054316267
62.855,62.865,204.7296713005709
62.865,62.875,0.0
62.875,62.885,0.0
62.885,62.895,0.0
62.895,62.905,194.32634999274592
62.905,62.915,201.4641863941471
62.915,62.925,201.93676883718953
62.925,62.935,201.6292616572781
62.935,62.945,200.78578786842317
62.945,62.955,199.92054276291097
62.955,62.965,199.14263638016823
62.965,62.975,0.0
62.975,62.985,0.0
62.985,62.995,0.0
62.995,63.005,0.0
63.005,63.015,0.0
63.015,63.025,0.0
63.025,63.035,0.0
63.035,63.045,195.54446267512793
63.045,63.055,195.83119357985328
63.055,63.065,196.05465771302565
63.065,63.075,0.0
63.075,63.085,0.0
63.085,63.095,0.0
63.095,63.105,0.0
63.105,63.115,0.0
63.115,63.125,0.0
63.125,63.135,0.0
63.135,63.145,0.0
63.145,63.155,220.34139282284545
63.155,63.165,209.04371144424172
63.165,63.175,202.52466017495956
63.175,63.185,198.17335580725262
63.185,63.195,195.4601822966091
63.195,63.205,193.78696402291214
63.205,63.215,192.8220689192261
63.215,63.225,0.0
63.225,63.235,0.0
63.235,63.245,0.0
63.245,63.255,191.08569446049154
63.255,63.265,188.76251828222144
63.265,63.275,186.75201321150922
63.275,63.285,184.85713448278943
63.285,63.295,183.0554766473048
63.295,63.305,181.45519396061042
63.305,63.315,0.0
63.315,63.325,0.0
63.325,63.335,0.0
63.335,63.345,0.0
63.345,63.355,174.95283525979613
63.355,63.365,177.77730271006186
63.365,63.375,179.3362593418462
63.375,63.385,179.80310357656674
63.385,63.395,179.55120923879306
63.395,63.405,178.6915250355905
63.405,63.415,177.39831020229275
63.415,63.425,175.67289498816345
63.425,63.435,0.0
63.435,63.445,0.0
63.445,63.455,0.0
63.455,63.465,0.0
63.465,63.475,0.0
63.475,63.485,173.05700871886845
63.485,63.495,174.80038317496292
63.495,63.505,174.35628797972157
63.505,63.515,171.81517988749474
63.515,63.525,0.0
63.525,63.535,0.0
63.535,63.545,0.0
63.545,63.555,0.0
63.555,63.565,0.0
63.565,63.575,0.0
63.575,63.585,193.51887776278065
63.585,63.595,189.06281927382145
63.595,63.605,183.93581920556383
63.605,63.615,181.44743209373385
63.615,63.625,180.723222172256
63.625,63.635,180.46810092580253
63.635,63.645,180.31856009359493
63.645,63.655,180.29307289345886
63.655,63.665,180.4717026197889
63.665,63.675,180.57493531951698
63.675,63.685,180.42652170949515
63.685,63.695,0.0
63.695,63.705,0.0
63.705,63.715,0.0
63.715,63.725,0.0
63.725,63.735,185.23981177004043
63.735,63.745,185.76212778963492
63.745,63.755,184.66554348068527
63.755,63.765,181.97770813004027
63.765,63.775,178.37761613592235
63.775,63.785,175.31125582194494
63.785,63.795,173.94830858517892
63.795,63.805,174.1220041628493
63.805,63.815,0.0
63.815,63.825,0.0
63.825,63.835,0.0
63.835,63.845,0.0
63.845,63.855,0.0
63.855,63.865,0.0
63.865,63.875,0.0
63.875,63.885,178.10164675183958
63.885,63.895,177.4019469904016
63.895,63.905,0.0
63.905,63.915,0.0
63.915,63.925,0.0
63.925,63.935,0.0
63.935,63.945,0.0
63.945,63.955,0.0
63.955,63.965,0.0
63.965,63.975,0.0
63.975,63.985,0.0
63.985,63.995,0.0
63.995,64.005,0.0
64.005,64.015,0.0
64.015,64.025,0.0
64.025,64.035,0.0
64.035,64.045,200.03654769831613
64.045,64.055,196.94577500537451
64.055,64.065,194.45418719380876
64.065,64.075,192.33967931778992
64.075,64.085,190.60913539822627
64.085,64.095,189.38196271090004
64.095,64.105,188.39201412075528
64.105,64.115,186.88988929444525
64.115,64.125,184.7156674078352
64.125,64.135,182.36730086462947
64.135,64.145,180.12780586106558
64.145,64.155,178.35821080387336
64.155,64.165,177.56340638323843
64.165,64.175,177.59605445797567
64.175,64.185,177.77822968132088
64.185,64.195,0.0
64.195,64.205,0.0
64.205,64.215,0.0
64.215,64.225,0.0
64.225,64.235,0.0
64.235,64.245,0.0
64.245,64.255,0.0
64.255,64.265,0.0
64.265,64.275,0.0
64.275,64.285,178.48151677273546
64.285,64.295,178.26129745829522
64.295,64.305,178.41736366652412
64.305,64.315,178.76329005667645
64.315,64.325,179.13900544731297
64.325,64.335,179.61297806261754
64.335,64.345,180.648070558211
64.345,64.355,0.0
64.355,64.365,0.0
64.365,64.375,0.0
64.375,64.385,0.0
64.385,64.395,0.0
64.395,64.405,0.0
64.405,64.415,0.0
64.415,64.425,0.0
64.425,64.435,0.0
64.435,64.445,0.0
64.445,64.455,0.0
64.455,64.465,0.0
64.465,64.475,234.97899123371525
64.475,64.485,234.2900480773903
64.485,64.495,234.23666951786697
64.495,64.505,234.55746251534578
64.505,64.515,235.31958127142923
64.515,64.525,236.79196757998292
64.525,64.535,238.59416505168534
64.535,64.545,240.19437627442093
64.545,64.555,241.3217639194494
64.555,64.565,241.56715924014293
64.565,64.575,241.0740424259199
64.575,64.585,241.50338258714342
64.585,64.595,244.41305040841326
64.595,64.605,246.2253129852812
64.605,64.615,247.42206984369517
64.615,64.625,247.79865725605148
64.625,64.635,247.30078874672662
64.635,64.645,246.31913659210477
64.645,64.655,245.20722764606535
64.655,64.665,244.09379923320384
64.665,64.675,243.22935567625325
64.675,64.685,0.0
64.685,64.695,0.0
64.695,64.705,0.0
64.705,64.715,0.0
64.715,64.725,0.0
64.725,64.735,247.6434599110956
64.735,64.745,251.7844070004927
64.745,64.755,255.64358022979496
64.755,64.765,258.99399450417917
64.765,64.775,261.5365010357693
64.775,64.785,262.729882157983
64.785,64.795,262.37420413030424
64.795,64.805,261.2070556652598
64.805,64.815,259.10816023102353
64.815,64.825,256.4564681620047
64.825,64.835,254.20056047256566
64.835,64.845,0.0
64.845,64.855,0.0
64.855,64.865,0.0
64.865,64.875,0.0
64.875,64.885,0.0
64.885,64.895,0.0
64.895,64.905,0.0
64.905,64.915,0.0
64.915,64.925,0.0
64.925,64.935,0.0
64.935,64.945,0.0
64.945,64.955,0.0
64.955,64.965,0.0
64.965,64.975,0.0
64.975,64.985,0.0
64.985,64.995,0.0
64.995,65.005,0.0
65.005,65.015,0.0
65.015,65.025,0.0
65.025,65.035,0.0
65.035,65.045,0.0
65.045,65.055,0.0
65.055,65.065,0.0
65.065,65.075,0.0
65.075,65.085,0.0
65.085,65.095,0.0
65.095,65.105,0.0
65.105,65.115,0.0
65.115,65.125,0.0
65.125,65.135,0.0
65.135,65.145,0.0
65.145,65.155,0.0
65.155,65.165,0.0
65.165,65.175,0.0
65.175,65.185,0.0
65.185,65.195,0.0
65.195,65.205,0.0
65.205,65.215,0.0
65.215,65.225,0.0
65.225,65.235,0.0
65.235,65.245,0.0
65.245,65.255,0.0
65.255,65.265,0.0
65.265,65.275,0.0
65.275,65.285,0.0
65.285,65.295,0.0
65.295,65.305,0.0
65.305,65.315,0.0
65.315,65.325,0.0
65.325,65.335,0.0
65.335,65.345,0.0
65.345,65.355,0.0
65.355,65.365,0.0
65.365,65.375,0.0
65.375,65.385,0.0
65.385,65.395,0.0
65.395,65.405,0.0
65.405,65.415,0.0
65.415,65.425,0.0
65.425,65.435,0.0
65.435,65.445,0.0
65.445,65.455,0.0
65.455,65.465,0.0
65.465,65.475,0.0
65.475,65.485,0.0
65.485,65.495,0.0
65.495,65.505,0.0
65.505,65.515,0.0
65.515,65.525,0.0
65.525,65.535,0.0
65.535,65.545,0.0
65.545,65.555,0.0
65.555,65.565,0.0
65.565,65.575,0.0
65.575,65.585,0.0
65.585,65.595,0.0
65.595,65.605,0.0
65.605,65.615,0.0
65.615,65.625,0.0
65.625,65.635,0.0
65.635,65.645,0.0
65.645,65.655,0.0
65.655,65.665,0.0
65.665,65.675,0.0
65.675,65.685,0.0
65.685,65.695,0.0
65.695,65.705,0.0
65.705,65.715,0.0
65.715,65.725,0.0
65.725,65.735,0.0
65.735,65.745,0.0
65.745,65.755,0.0
65.755,65.765,0.0
65.765,65.775,175.62660756749648
65.775,65.785,177.13998576071734
65.785,65.795,179.03917417274573
65.795,65.805,180.5407474771542
65.805,65.815,181.74516968718774
65.815,65.825,183.0735866597885
65.825,65.835,0.0
65.835,65.845,0.0
65.845,65.855,0.0
65.855,65.865,0.0
65.865,65.875,0.0
65.875,65.885,0.0
65.885,65.895,0.0
65.895,65.905,0.0
65.905,65.915,0.0
65.915,65.925,0.0
65.925,65.935,0.0
65.935,65.945,0.0
65.945,65.955,228.6731956405372
65.955,65.965,226.31475003714826
65.965,65.975,222.75594080172664
65.975,65.985,218.65256955340095
65.985,65.995,210.81841974009
65.995,66.005,209.61706983071994
66.005,66.015,209.859225502099
66.015,66.025,210.19651927815482
66.025,66.035,210.6345043722603
66.035,66.045,211.50380015065076
66.045,66.055,212.55759822440322
66.055,66.065,213.2128149903092
66.065,66.075,213.4290448282211
66.075,66.085,213.66805109113534
66.085,66.095,213.54760498910164
66.095,66.105,211.74762252389638
66.105,66.115,207.9287559847218
66.115,66.125,0.0
66.125,66.135,0.0
66.135,66.145,0.0
66.145,66.155,0.0
66.155,66.165,0.0
66.165,66.175,197.59506923647987
66.175,66.185,199.76458556245566
66.185,66.195,199.56700269506067
66.195,66.205,197.7118689498105
66.205,66.215,195.40736408255967
66.215,66.225,193.63133873058268
66.225,66.235,192.56249678037224
66.235,66.245,191.63019465599325
66.245,66.255,185.397573115178
66.255,66.265,178.51763836890004
66.265,66.275,178.88266093592483
66.275,66.285,184.10925145306882
66.285,66.295,190.08703466363963
66.295,66.305,190.86105927763933
66.305,66.315,190.53759743594867
66.315,66.325,189.63312293769707
66.325,66.335,188.4821325892642
66.335,66.345,186.59685672769447
66.345,66.355,184.6155142838525
66.355,66.365,0.0
66.365,66.375,0.0
66.375,66.385,0.0
66.385,66.395,0.0
66.395,66.405,0.0
66.405,66.415,0.0
66.415,66.425,0.0
66.425,66.435,188.861720924474
66.435,66.445,188.84579212741613
66.445,66.455,189.77517780301554
66.455,66.465,0.0
66.465,66.475,0.0
66.475,66.485,0.0
66.485,66.495,0.0
66.495,66.505,0.0
66.505,66.515,0.0
66.515,66.525,0.0
66.525,66.535,0.0
66.535,66.545,0.0
66.545,66.555,0.0
66.555,66.565,195.87941193735455
66.565,66.575,193.64362161110657
66.575,66.585,192.80507659974697
66.585,66.595,0.0
66.595,66.605,0.0
66.605,66.615,0.0
66.615,66.625,0.0
66.625,66.635,0.0
66.635,66.645,0.0
66.645,66.655,187.4674010016117
66.655,66.665,186.290341820772
66.665,66.675,186.0542688059326
66.675,66.685,185.340852361631
66.685,66.695,183.88938801043696
66.695,66.705,182.24009879374267
66.705,66.715,180.4237699438135
66.715,66.725,0.0
66.725,66.735,0.0
66.735,66.745,0.0
66.745,66.755,0.0
66.755,66.765,0.0
66.765,66.775,175.9564955149991
66.775,66.785,179.61689882385974
66.785,66.795,181.27989669673548
66.795,66.805,181.69775905548133
66.805,66.815,181.45422718658284
66.815,66.825,181.22689306404288
66.825,66.835,181.29227765357604
66.835,66.845,181.1283300375304
66.845,66.855,0.0
66.855,66.865,0.0
66.865,66.875,0.0
66.875,66.885,0.0
66.885,66.895,0.0
66.895,66.905,0.0
66.905,66.915,178.02956005184993
66.915,66.925,179.27802134657276
66.925,66.935,178.40761023343228
66.935,66.945,171.69626302051756
66.945,66.955,0.0
66.955,66.965,0.0
66.965,66.975,0.0
66.975,66.985,0.0
66.985,66.995,0.0
66.995,67.005,201.6057596427916
67.005,67.015,199.7102778184468
67.015,67.025,194.7890313190726
67.025,67.035,191.5317848090787
67.035,67.045,190.52159969800604
67.045,67.055,190.40153864397925
67.055,67.065,190.60610954118687
67.065,67.075,190.64543278539017
67.075,67.085,190.14999820534484
67.085,67.095,189.0428720995837
67.095,67.105,187.49926847980376
67.105,67.115,185.98513226937266
67.115,67.125,184.8928243497858
67.125,67.135,0.0
67.135,67.145,0.0
67.145,67.155,0.0
67.155,67.165,0.0
67.165,67.175,0.0
67.175,67.185,186.96059591022114
67.185,67.195,188.26460641773483
67.195,67.205,188.19304849462682
67.205,67.215,186.67851444467905
67.215,67.225,184.27577806677635
67.225,67.235,181.7519708025037
67.235,67.245,179.06101635309352
67.245,67.255,0.0
67.255,67.265,0.0
67.265,67.275,0.0
67.275,67.285,0.0
67.285,67.295,0.0
67.295,67.305,0.0
67.305,67.315,0.0
67.315,67.325,0.0
67.325,67.335,0.0
67.335,67.345,0.0
67.345,67.355,0.0
67.355,67.365,0.0
67.365,67.375,0.0
67.375,67.385,0.0
67.385,67.395,0.0
67.395,67.405,216.41588491183168
67.405,67.415,212.8135555729243
67.415,67.425,209.6520903751177
67.425,67.435,206.34073602817472
67.435,67.445,202.88852273798847
67.445,67.455,200.74555654775253
67.455,67.465,200.3122245974168
67.465,67.475,199.67982129957377
67.475,67.485,197.25766735436278
67.485,67.495,194.6084621642676
67.495,67.505,193.1359322803103
67.505,67.515,191.74402451168402
67.515,67.525,189.87423064704925
67.525,67.535,187.49590776838073
67.535,67.545,185.12612400206402
67.545,67.555,183.679953384527
67.555,67.565,183.3912763202297
67.565,67.575,183.46878451646134
67.575,67.585,182.666653885475
67.585,67.595,181.76371078813952
67.595,67.605,181.31628090326774
67.605,67.615,181.20610437098526
67.615,67.625,181.14865400888237
67.625,67.635,182.16242607822926
67.635,67.645,181.65637841732843
67.645,67.655,180.11452363576126
67.655,67.665,177.95365126588374
67.665,67.675,176.01425598873743
67.675,67.685,175.4750499330249
67.685,67.695,175.83412536855133
67.695,67.705,175.98328851877903
67.705,67.715,174.7329651168614
67.715,67.725,0.0
67.725,67.735,0.0
67.735,67.745,0.0
67.745,67.755,0.0
67.755,67.765,0.0
67.765,67.775,0.0
67.775,67.785,203.3689433149259
67.785,67.795,199.01363496122218
67.795,67.805,196.09570901939932
67.805,67.815,194.29431343809796
67.815,67.825,192.87547213823794
67.825,67.835,191.6837487357403
67.835,67.845,191.15599224971047
67.845,67.855,191.09934377284284
67.855,67.865,190.84176627905256
67.865,67.875,190.40221789403356
67.875,67.885,190.06792608170218
67.885,67.895,189.80896824056143
67.895,67.905,189.67715381177152
67.905,67.915,189.76541343432228
67.915,67.925,189.94739666122405
67.925,67.935,190.1709460822755
67.935,67.945,190.7359457086972
67.945,67.955,191.72817839111585
67.955,67.965,192.4194190548114
67.965,67.975,192.1870418512691
67.975,67.985,190.97350622451643
67.985,67.995,190.45911133399065
67.995,68.005,0.0
68.005,68.015,0.0
68.015,68.025,0.0
68.025,68.035,0.0
68.035,68.045,0.0
68.045,68.055,0.0
68.055,68.065,202.27835228825754
68.065,68.075,198.4606185797933
68.075,68.085,194.13053204339943
68.085,68.095,190.22365954742153
68.095,68.105,187.4772228558231
68.105,68.115,184.70287067062853
68.115,68.125,182.10399638002093
68.125,68.135,180.6190813568034
68.135,68.145,0.0
68.145,68.155,0.0
68.155,68.165,0.0
68.165,68.175,0.0
68.175,68.185,0.0
68.185,68.195,180.24898611490107
68.195,68.205,179.8617800396084
68.205,68.215,180.00539370681756
68.215,68.225,180.398751601331
68.225,68.235,180.67636004481497
68.235,68.245,180.65786208179665
68.245,68.255,180.3215361074447
68.255,68.265,179.63602005501724
68.265,68.275,178.50792298617026
68.275,68.285,0.0
68.285,68.295,0.0
68.295,68.305,0.0
68.305,68.315,0.0
68.315,68.325,0.0
68.325,68.335,0.0
68.335,68.345,0.0
68.345,68.355,0.0
68.355,68.365,0.0
68.365,68.375,0.0
68.375,68.385,182.5893284032539
68.385,68.395,182.62826813122132
68.395,68.405,182.81859333451655
68.405,68.415,183.31317437286722
68.415,68.425,184.02683671744393
68.425,68.435,184.54668088045628
68.435,68.445,184.270190015542
68.445,68.455,182.73773052077559
68.455,68.465,0.0
68.465,68.475,0.0
68.475,68.485,0.0
68.485,68.495,0.0
68.495,68.505,0.0
68.505,68.515,0.0
68.515,68.525,0.0
68.525,68.535,0.0
68.535,68.545,0.0
68.545,68.555,0.0
68.555,68.565,0.0
68.565,68.575,0.0
68.575,68.585,0.0
68.585,68.595,0.0
68.595,68.605,0.0
68.605,68.615,0.0
68.615,68.625,0.0
68.625,68.635,0.0
68.635,68.645,218.3710746364943
68.645,68.655,215.1621351274846
68.655,68.665,212.6103164888105
68.665,68.675,210.42064188171335
68.675,68.685,207.8971951253422
68.685,68.695,204.85352084663072
68.695,68.705,202.37341544396457
68.705,68.715,200.97649320017754
68.715,68.725,200.360613039816
68.725,68.735,200.42183893170952
68.735,68.745,200.92187253966077
68.745,68.755,201.4636754152421
68.755,68.765,201.87986335922662
68.765,68.775,202.27594842309392
68.775,68.785,202.78816400203246
68.785,68.795,203.49073257026888
68.795,68.805,204.42641331224118
68.805,68.815,205.43550668143175
68.815,68.825,205.970561020442
68.825,68.835,205.8544256718714
68.835,68.845,205.49769056097813
68.845,68.855,205.19026007179923
68.855,68.865,205.02723092206526
68.865,68.875,204.97539644816018
68.875,68.885,204.8935518177364
68.885,68.895,205.2770176615382
68.895,68.905,210.27575919197344
68.905,68.915,219.5945815850734
68.915,68.925,0.0
68.925,68.935,0.0
68.935,68.945,0.0
68.945,68.955,0.0
68.955,68.965,0.0
68.965,68.975,0.0
68.975,68.985,0.0
68.985,68.995,0.0
68.995,69.005,0.0
69.005,69.015,0.0
69.015,69.025,0.0
69.025,69.035,0.0
69.035,69.045,0.0
69.045,69.055,0.0
69.055,69.065,0.0
69.065,69.075,0.0
69.075,69.085,203.96967405620583
69.085,69.095,203.3529875357037
69.095,69.105,201.5978272108413
69.105,69.115,198.85009302881053
69.115,69.125,194.34396803183026
69.125,69.135,191.38379656280185
69.135,69.145,189.56870198125017
69.145,69.155,188.26001648111668
69.155,69.165,187.55971234956615
69.165,69.175,187.25257945698257
69.175,69.185,187.14064376113754
69.185,69.195,187.53309066755054
69.195,69.205,188.65930341944448
69.205,69.215,189.69354601910348
69.215,69.225,190.09580456845327
69.225,69.235,190.13320398682734
69.235,69.245,189.95391986549782
69.245,69.255,189.1908196051227
69.255,69.265,188.09046603103937
69.265,69.275,187.55638555530774
69.275,69.285,186.77784410036904
69.285,69.295,184.63647320007618
69.295,69.305,182.24095219423668
69.305,69.315,0.0
69.315,69.325,0.0
69.325,69.335,0.0
69.335,69.345,0.0
69.345,69.355,0.0
69.355,69.365,0.0
69.365,69.375,0.0
69.375,69.385,0.0
69.385,69.395,0.0
69.395,69.405,0.0
69.405,69.415,0.0
69.415,69.425,0.0
69.425,69.435,0.0
69.435,69.445,0.0
69.445,69.455,0.0
69.455,69.465,0.0
69.465,69.475,0.0
69.475,69.485,0.0
69.485,69.495,0.0
69.495,69.505,0.0
69.505,69.515,0.0
69.515,69.525,0.0
69.525,69.535,0.0
69.535,69.545,0.0
69.545,69.555,0.0
69.555,69.565,0.0
69.565,69.575,0.0
69.575,69.585,0.0
69.585,69.595,0.0
69.595,69.605,0.0
69.605,69.615,0.0
69.615,69.625,0.0
69.625,69.635,0.0
69.635,69.645,0.0
69.645,69.655,0.0
69.655,69.665,0.0
69.665,69.675,0.0
69.675,69.685,0.0
69.685,69.695,0.0
69.695,69.705,0.0
69.705,69.715,0.0
69.715,69.725,0.0
69.725,69.735,0.0
69.735,69.745,0.0
69.745,69.755,0.0
69.755,69.765,0.0
69.765,69.775,0.0
69.775,69.785,0.0
69.785,69.795,0.0
69.795,69.805,0.0
69.805,69.815,0.0
69.815,69.825,0.0
69.825,69.835,0.0
69.835,69.845,0.0
69.845,69.855,0.0
69.855,69.865,0.0
69.865,69.875,0.0
69.875,69.885,0.0
69.885,69.895,0.0
69.895,69.905,0.0
69.905,69.915,0.0
69.915,69.925,0.0
69.925,69.935,0.0
69.935,69.945,0.0
69.945,69.955,0.0
69.955,69.965,0.0
69.965,69.975,0.0
69.975,69.985,0.0
69.985,69.995,0.0
69.995,70.005,0.0
70.005,70.015,0.0
70.015,70.025,0.0
70.025,70.035,0.0
70.035,70.045,0.0
70.045,70.055,0.0
70.055,70.065,0.0
70.065,70.075,0.0
70.075,70.085,0.0
70.085,70.095,0.0
70.095,70.105,0.0
70.105,70.115,0.0
70.115,70.125,0.0
70.125,70.135,0.0
70.135,70.145,0.0
70.145,70.155,0.0
70.155,70.165,0.0
70.165,70.175,0.0
70.175,70.185,0.0
70.185,70.195,0.0
70.195,70.205,0.0
70.205,70.215,0.0
70.215,70.225,0.0
70.225,70.235,0.0
70.235,70.245,0.0
70.245,70.255,0.0
70.255,70.265,0.0
70.265,70.275,0.0
70.275,70.285,0.0
70.285,70.295,0.0
70.295,70.305,0.0
70.305,70.315,219.9853556411304
70.315,70.325,217.19952873718367
70.325,70.335,215.11552742677452
70.335,70.345,214.35263107709582
70.345,70.355,214.60547512051468
70.355,70.365,214.96918575732784
70.365,70.375,214.9235601584272
70.375,70.385,214.39786484184475
70.385,70.395,213.41989477539718
70.395,70.405,211.6220533272422
70.405,70.415,0.0
70.415,70.425,0.0
70.425,70.435,0.0
70.435,70.445,0.0
70.445,70.455,0.0
70.455,70.465,193.40958315903163
70.465,70.475,197.28790850259475
70.475,70.485,198.77224445739503
70.485,70.495,198.551087570849
70.495,70.505,196.80644339108107
70.505,70.515,194.42172703425595
70.515,70.525,192.36980849495743
70.525,70.535,190.33085078641253
70.535,70.545,187.83107998904987
70.545,70.555,185.39822104007763
70.555,70.565,185.08836508892486
70.565,70.575,184.05639906018942
70.575,70.585,181.3446795734339
70.585,70.595,178.88765775265767
70.595,70.605,178.77713163078874
70.605,70.615,179.2740489219351
70.615,70.625,178.90536554454488
70.625,70.635,177.49829212003658
70.635,70.645,175.12595520615585
70.645,70.655,172.06288443541132
70.655,70.665,170.0122258688722
70.665,70.675,169.4048270799717
70.675,70.685,170.00128330139276
70.685,70.695,172.28548702506671
70.695,70.705,176.9663721851866
70.705,70.715,179.42315633322463
70.715,70.725,180.7723786968337
70.725,70.735,181.6261060156539
70.735,70.745,181.80029461405374
70.745,70.755,181.69345862065498
70.755,70.765,182.3281978700277
70.765,70.775,184.370979125171
70.775,70.785,187.25596684129673
70.785,70.795,190.34079295489292
70.795,70.805,193.90557286911357
70.805,70.815,198.3775039720908
70.815,70.825,204.55173733470323
70.825,70.835,217.08856319949425
70.835,70.845,219.45884822320792
70.845,70.855,221.13841058090352
70.855,70.865,223.4076947657254
70.865,70.875,225.6533427949613
70.875,70.885,227.5667159874706
70.885,70.895,229.42645207524427
70.895,70.905,231.1360229547528
70.905,70.915,232.31659539578428
70.915,70.925,233.13310853420782
70.925,70.935,233.43292036499565
70.935,70.945,232.90721515098542
70.945,70.955,231.798753733151
70.955,70.965,230.7078947749612
70.965,70.975,229.86556484110383
70.975,70.985,229.3400865924425
70.985,70.995,228.86958506021213
70.995,71.005,227.9236824498568
71.005,71.015,226.624418572628
71.015,71.025,225.63526308514494
71.025,71.035,225.83158529338218
71.035,71.045,228.10872255338333
71.045,71.055,229.5039165334173
71.055,71.065,228.1301233332833
71.065,71.075,226.52302301781006
71.075,71.085,225.88262941851673
71.085,71.095,225.48574130248127
71.095,71.105,225.5508274809983
71.105,71.115,226.118049641702
71.115,71.125,226.9511714946318
71.125,71.135,227.5634630544536
71.135,71.145,227.65999839608597
71.145,71.155,0.0
71.155,71.165,0.0
71.165,71.175,0.0
71.175,71.185,0.0
71.185,71.195,0.0
71.195,71.205,0.0
71.205,71.215,0.0
71.215,71.225,0.0
71.225,71.235,0.0
71.235,71.245,0.0
71.245,71.255,0.0
71.255,71.265,0.0
71.265,71.275,0.0
71.275,71.285,0.0
71.285,71.295,0.0
71.295,71.305,0.0
71.305,71.315,0.0
71.315,71.325,0.0
71.325,71.335,0.0
71.335,71.345,0.0
71.345,71.355,0.0
71.355,71.365,0.0
71.365,71.375,0.0
71.375,71.385,0.0
71.385,71.395,0.0
71.395,71.405,0.0
71.405,71.415,0.0
71.415,71.425,0.0
71.425,71.435,0.0
71.435,71.445,0.0
71.445,71.455,0.0
71.455,71.465,0.0
71.465,71.475,0.0
71.475,71.485,0.0
71.485,71.495,0.0
71.495,71.505,0.0
71.505,71.515,0.0
71.515,71.525,0.0
71.525,71.535,0.0
71.535,71.545,0.0
71.545,71.555,0.0
71.555,71.565,0.0
71.565,71.575,0.0
71.575,71.585,0.0
71.585,71.595,0.0
71.595,71.605,0.0
71.605,71.615,0.0
71.615,71.625,0.0
71.625,71.635,0.0
71.635,71.645,0.0
71.645,71.655,0.0
71.655,71.665,0.0
71.665,71.675,0.0
71.675,71.685,0.0
71.685,71.695,0.0
71.695,71.705,0.0
71.705,71.715,0.0
71.715,71.725,0.0
71.725,71.735,0.0
71.735,71.745,0.0
71.745,71.755,0.0
71.755,71.765,0.0
71.765,71.775,0.0
71.775,71.785,0.0
71.785,71.795,0.0
71.795,71.805,0.0
71.805,71.815,0.0
71.815,71.825,0.0
71.825,71.835,0.0
71.835,71.845,0.0
71.845,71.855,0.0
71.855,71.865,0.0
71.865,71.875,0.0
71.875,71.885,0.0
71.885,71.895,0.0
71.895,71.905,0.0
71.905,71.915,0.0
71.915,71.925,0.0
71.925,71.935,0.0
71.935,71.945,0.0
71.945,71.955,0.0
71.955,71.965,0.0
71.965,71.975,0.0
71.975,71.985,166.3237200428514
71.985,71.995,165.76774645129996
71.995,72.005,166.5322789976845
72.005,72.015,169.80217625406908
72.015,72.025,175.24438934214206
72.025,72.035,181.44449365672455
72.035,72.045,185.1587298971607
72.045,72.055,189.0077844886836
72.055,72.065,191.25370198767217
72.065,72.075,191.82758236593259
72.075,72.085,192.07868143442624
72.085,72.095,195.66884898455805
72.095,72.105,207.69184906987604
72.105,72.115,208.8054676748732
72.115,72.125,209.65443843264873
72.125,72.135,209.89534015401597
72.135,72.145,219.16982530393256
72.145,72.155,218.72984200189066
72.155,72.165,219.35863497041234
72.165,72.175,219.34898438812655
72.175,72.185,217.84074607199253
72.185,72.195,216.345301612341
72.195,72.205,215.68913795078498
72.205,72.215,215.61754538028322
72.215,72.225,215.59021410949688
72.225,72.235,213.01376704673712
72.235,72.245,189.58147297006542
72.245,72.255,186.62502597256022
72.255,72.265,184.52898662528045
72.265,72.275,0.0
72.275,72.285,0.0
72.285,72.295,0.0
72.295,72.305,0.0
72.305,72.315,0.0
72.315,72.325,0.0
72.325,72.335,0.0
72.335,72.345,0.0
72.345,72.355,0.0
72.355,72.365,0.0
72.365,72.375,0.0
72.375,72.385,185.88754430390853
72.385,72.395,201.302551407437
72.395,72.405,203.0711316373579
72.405,72.415,203.0599909229174
72.415,72.425,201.88989823708764
72.425,72.435,199.90527203258753
72.435,72.445,197.94782228646937
72.445,72.455,0.0
72.455,72.465,0.0
72.465,72.475,0.0
72.475,72.485,0.0
72.485,72.495,0.0
72.495,72.505,0.0
72.505,72.515,181.24034060461392
72.515,72.525,190.15670072046527
72.525,72.535,191.93967896449473
72.535,72.545,191.55391246318706
72.545,72.555,190.64488910756143
72.555,72.565,189.88498658581682
72.565,72.575,189.65249351992495
72.575,72.585,190.00363432586542
72.585,72.595,190.44612131189234
72.595,72.605,190.63716936867365
72.605,72.615,190.44089872176167
72.615,72.625,189.9091027758992
72.625,72.635,189.29438906883559
72.635,72.645,188.6634106271336
72.645,72.655,0.0
72.655,72.665,0.0
72.665,72.675,0.0
72.675,72.685,0.0
72.685,72.695,0.0
72.695,72.705,0.0
72.705,72.715,0.0
72.715,72.725,0.0
72.725,72.735,0.0
72.735,72.745,0.0
72.745,72.755,184.6679901441862
72.755,72.765,184.2588428354634
72.765,72.775,183.67587419896103
72.775,72.785,183.1363826079367
72.785,72.795,182.87427784516117
72.795,72.805,183.29081702580027
72.805,72.815,184.04525318704628
72.815,72.825,184.11299342016767
72.825,72.835,183.52601298488997
72.835,72.845,183.08935872057
72.845,72.855,0.0
72.855,72.865,0.0
72.865,72.875,0.0
72.875,72.885,0.0
72.885,72.895,0.0
72.895,72.905,0.0
72.905,72.915,0.0
72.915,72.925,0.0
72.925,72.935,0.0
72.935,72.945,0.0
72.945,72.955,0.0
72.955,72.965,236.30404394248697
72.965,72.975,235.13804260794595
72.975,72.985,234.68129345301327
72.985,72.995,234.3876460086431
72.995,73.005,234.17601157609897
73.005,73.015,234.24112700817403
73.015,73.025,234.712975851337
73.025,73.035,235.49843499720842
73.035,73.045,236.59312819377234
73.045,73.055,237.8813584450717
73.055,73.065,238.88631918247273
73.065,73.075,239.40117932974644
73.075,73.085,239.83136396321623
73.085,73.095,240.4796082474288
73.095,73.105,241.0469744224343
73.105,73.115,241.12282188409296
73.115,73.125,240.5568940336879
73.125,73.135,239.02418243446988
73.135,73.145,237.52493939988898
73.145,73.155,237.77259414529965
73.155,73.165,237.24204563242427
73.165,73.175,236.4453436790122
73.175,73.185,236.1232975728077
73.185,73.195,236.40242555300776
73.195,73.205,237.06373273836286
73.205,73.215,237.6000998982279
73.215,73.225,237.78549597621299
73.225,73.235,237.69856217955842
73.235,73.245,237.34391882566018
73.245,73.255,236.76079281793437
73.255,73.265,235.92746588587437
73.265,73.275,234.7727680338046
73.275,73.285,233.32923182756076
73.285,73.295,231.5948831540641
73.295,73.305,0.0
73.305,73.315,0.0
73.315,73.325,0.0
73.325,73.335,0.0
73.335,73.345,0.0
73.345,73.355,0.0
73.355,73.365,228.91240693818983
73.365,73.375,230.13605170433775
73.375,73.385,230.9627445578982
73.385,73.395,231.5610915239451
73.395,73.405,232.04287699140065
73.405,73.415,232.36316678385307
73.415,73.425,232.53831119149322
73.425,73.435,232.65711183151555
73.435,73.445,232.57845962380958
73.445,73.455,232.0566740955328
73.455,73.465,231.2270779639023
73.465,73.475,0.0
73.475,73.485,0.0
73.485,73.495,0.0
73.495,73.505,0.0
73.505,73.515,0.0
73.515,73.525,0.0
73.525,73.535,0.0
73.535,73.545,0.0
73.545,73.555,0.0
73.555,73.565,0.0
73.565,73.575,0.0
73.575,73.585,0.0
73.585,73.595,0.0
73.595,73.605,0.0
73.605,73.615,0.0
73.615,73.625,0.0
73.625,73.635,0.0
73.635,73.645,0.0
73.645,73.655,0.0
73.655,73.665,0.0
73.665,73.675,0.0
73.675,73.685,0.0
73.685,73.695,0.0
73.695,73.705,0.0
73.705,73.715,0.0
73.715,73.725,0.0
73.725,73.735,0.0
73.735,73.745,0.0
73.745,73.755,0.0
73.755,73.765,0.0
73.765,73.775,0.0
73.775,73.785,0.0
73.785,73.795,0.0
73.795,73.805,0.0
73.805,73.815,0.0
73.815,73.825,0.0
73.825,73.835,0.0
73.835,73.845,0.0
73.845,73.855,0.0
73.855,73.865,0.0
73.865,73.875,0.0
73.875,73.885,0.0
73.885,73.895,0.0
73.895,73.905,0.0
73.905,73.915,0.0
73.915,73.925,0.0
73.925,73.935,0.0
73.935,73.945,0.0
73.945,73.955,0.0
73.955,73.965,0.0
73.965,73.975,0.0
73.975,73.985,0.0
73.985,73.995,0.0
73.995,74.005,0.0
74.005,74.015,0.0
74.015,74.025,0.0
74.025,74.035,0.0
74.035,74.045,0.0
74.045,74.055,0.0
74.055,74.065,0.0
74.065,74.075,0.0
74.075,74.085,0.0
74.085,74.095,0.0
74.095,74.105,0.0
74.105,74.115,0.0
74.115,74.125,0.0
74.125,74.135,0.0
74.135,74.145,0.0
74.145,74.155,0.0
74.155,74.165,0.0
74.165,74.175,0.0
74.175,74.185,0.0
74.185,74.195,0.0
74.195,74.205,0.0
74.205,74.215,0.0
74.215,74.225,0.0
74.225,74.235,0.0
74.235,74.245,0.0
74.245,74.255,0.0
74.255,74.265,0.0
74.265,74.275,0.0
74.275,74.285,0.0
74.285,74.295,0.0
74.295,74.305,0.0
74.305,74.315,0.0
74.315,74.325,0.0
74.325,74.335,0.0
74.335,74.345,0.0
74.345,74.355,183.09459731078212
74.355,74.365,183.68789240135166
74.365,74.375,184.6446763112946
74.375,74.385,0.0
74.385,74.395,0.0
74.395,74.405,0.0
74.405,74.415,0.0
74.415,74.425,0.0
74.425,74.435,0.0
74.435,74.445,0.0
74.445,74.455,0.0
74.455,74.465,0.0
74.465,74.475,0.0
74.475,74.485,0.0
74.485,74.495,0.0
74.495,74.505,0.0
74.505,74.515,0.0
74.515,74.525,213.22543560791686
74.525,74.535,0.0
74.535,74.545,0.0
74.545,74.555,0.0
74.555,74.565,0.0
74.565,74.575,0.0
74.575,74.585,0.0
74.585,74.595,0.0
74.595,74.605,0.0
74.605,74.615,0.0
74.615,74.625,0.0
74.625,74.635,0.0
74.635,74.645,0.0
74.645,74.655,0.0
74.655,74.665,0.0
74.665,74.675,230.24269675300388
74.675,74.685,222.3850749666742
74.685,74.695,219.9059336127069
74.695,74.705,218.0665800328143
74.705,74.715,215.8036823227643
74.715,74.725,212.73022696475522
74.725,74.735,0.0
74.735,74.745,0.0
74.745,74.755,0.0
74.755,74.765,0.0
74.765,74.775,0.0
74.775,74.785,0.0
74.785,74.795,0.0
74.795,74.805,203.84384365357613
74.805,74.815,203.29631645066482
74.815,74.825,203.07867459664675
74.825,74.835,202.97984184660083
74.835,74.845,202.57937506611177
74.845,74.855,201.96354916472242
74.855,74.865,201.57689415746253
74.865,74.875,201.5442953372454
74.875,74.885,201.65574870869384
74.885,74.895,201.50483782139096
74.895,74.905,200.80069323140677
74.905,74.915,199.8925345961556
74.915,74.925,199.53766843897895
74.925,74.935,199.96724556424152
74.935,74.945,200.35988180225988
74.945,74.955,199.84917288347398
74.955,74.965,198.69685064301476
74.965,74.975,197.4459599109764
74.975,74.985,196.97547133723307
74.985,74.995,197.62216712865626
74.995,75.005,197.9158002927707
75.005,75.015,198.62205356607507
75.015,75.025,201.9099988166991
75.025,75.035,203.78450652765645
75.035,75.045,203.35324085665528
75.045,75.055,201.8095891652353
75.055,75.065,199.7221124317795
75.065,75.075,197.61446848037835
75.075,75.085,195.9139458250402
75.085,75.095,194.58044376529247
75.095,75.105,193.49849993690472
75.105,75.115,192.64591397984069
75.115,75.125,191.99909821779855
75.125,75.135,191.59355647886628
75.135,75.145,191.41225580961571
75.145,75.155,191.2068865018674
75.155,75.165,190.9324899016055
75.165,75.175,190.68071470293503
75.175,75.185,190.45279220090697
75.185,75.195,190.093763638683
75.195,75.205,189.45096797104404
75.205,75.215,188.8838486507957
75.215,75.225,189.46583460219344
75.225,75.235,191.68276242559162
75.235,75.245,193.05869251732713
75.245,75.255,193.10047183822812
75.255,75.265,192.6031760374668
75.265,75.275,192.2186598136718
75.275,75.285,192.04178892784645
75.285,75.295,192.05369925739657
75.295,75.305,192.3854656762828
75.305,75.315,192.84446387189192
75.315,75.325,193.0337045484861
75.325,75.335,192.74593460906198
75.335,75.345,191.89597974598203
75.345,75.355,190.60179659721786
75.355,75.365,189.47922176093076
75.365,75.375,189.02151825938887
75.375,75.385,188.93979295729127
75.385,75.395,189.10386043035874
75.395,75.405,189.27688544831426
75.405,75.415,189.1294240496302
75.415,75.425,188.84457838578498
75.425,75.435,188.48340547914947
75.435,75.445,187.93409026079016
75.445,75.455,187.3987843599626
75.455,75.465,187.2651494997522
75.465,75.475,187.40331330466776
75.475,75.485,187.51606185389812
75.485,75.495,187.47448797551073
75.495,75.505,187.25517291518264
75.505,75.515,187.04129111112806
75.515,75.525,186.90483855987168
75.525,75.535,186.78999343636818
75.535,75.545,186.7364441241274
75.545,75.555,186.86802184283673
75.555,75.565,187.14842886879472
75.565,75.575,187.53309976438464
75.575,75.585,188.08557235152568
75.585,75.595,188.55430346234627
75.595,75.605,188.5826645215004
75.605,75.615,188.1377510437776
75.615,75.625,187.6086189603566
75.625,75.635,187.54794754031565
75.635,75.645,187.98442534269006
75.645,75.655,188.48426400520543
75.655,75.665,188.65911246816975
75.665,75.675,188.35257164168894
75.675,75.685,187.75530223030424
75.685,75.695,187.24408139728482
75.695,75.705,187.12035363091832
75.705,75.715,187.32817864160438
75.715,75.725,187.65674383513485
75.725,75.735,187.87698119047857
75.735,75.745,187.6588313286262
75.745,75.755,186.922361920459
75.755,75.765,185.75585526062514
75.765,75.775,184.46164890967748
75.775,75.785,183.4573253919153
75.785,75.795,182.96235041842925
75.795,75.805,183.16460780393595
75.805,75.815,183.86012070327232
75.815,75.825,184.4924343032133
75.825,75.835,184.7658654962266
75.835,75.845,184.69258038709458
75.845,75.855,184.3841589878408
75.855,75.865,184.14628001124416
75.865,75.875,184.22226757099818
75.875,75.885,184.27720618890444
75.885,75.895,183.8645947188528
75.895,75.905,183.266989761282
75.905,75.915,182.75815129705103
75.915,75.925,182.26078793444245
75.925,75.935,181.7082083700444
75.935,75.945,181.1671005158161
75.945,75.955,180.54769916174305
75.955,75.965,179.68015257103178
75.965,75.975,178.52819953392046
75.975,75.985,176.90561555714282
75.985,75.995,175.5364040125428
75.995,76.005,0.0
76.005,76.015,0.0
76.015,76.025,0.0
76.025,76.035,0.0
76.035,76.045,0.0
76.045,76.055,0.0
76.055,76.065,0.0
76.065,76.075,0.0
76.075,76.085,0.0
76.085,76.095,0.0
76.095,76.105,0.0
76.105,76.115,0.0
76.115,76.125,0.0
76.125,76.135,0.0
76.135,76.145,0.0
76.145,76.155,0.0
76.155,76.165,0.0
76.165,76.175,0.0
76.175,76.185,0.0
76.185,76.195,0.0
76.195,76.205,0.0
76.205,76.215,0.0
76.215,76.225,0.0
76.225,76.235,0.0
76.235,76.245,0.0
76.245,76.255,0.0
76.255,76.265,0.0
76.265,76.275,0.0
76.275,76.285,0.0
76.285,76.295,0.0
76.295,76.305,0.0
76.305,76.315,0.0
76.315,76.325,0.0
76.325,76.335,0.0
76.335,76.345,0.0
76.345,76.355,0.0
76.355,76.365,0.0
76.365,76.375,0.0
76.375,76.385,0.0
76.385,76.395,0.0
76.395,76.405,0.0
76.405,76.415,0.0
76.415,76.425,0.0
76.425,76.435,0.0
76.435,76.445,0.0
76.445,76.455,0.0
76.455,76.465,0.0
76.465,76.475,0.0
76.475,76.485,0.0
76.485,76.495,0.0
76.495,76.505,0.0
76.505,76.515,0.0
76.515,76.525,0.0
76.525,76.535,0.0
76.535,76.545,0.0
76.545,76.555,0.0
76.555,76.565,0.0
76.565,76.575,0.0
76.575,76.585,0.0
76.585,76.595,0.0
76.595,76.605,0.0
76.605,76.615,0.0
76.615,76.625,0.0
76.625,76.635,0.0
76.635,76.645,0.0
76.645,76.655,0.0
76.655,76.665,0.0
76.665,76.675,0.0
76.675,76.685,203.17532875988
76.685,76.695,208.21644584912283
76.695,76.705,208.99749456217515
76.705,76.715,208.07812105590432
76.715,76.725,208.60389865521063
76.725,76.735,209.70348308125656
76.735,76.745,210.12370312066903
76.745,76.755,209.5044323943852
76.755,76.765,208.06167443525942
76.765,76.775,206.66151228804577
76.775,76.785,207.98614453914212
76.785,76.795,212.3537453747335
76.795,76.805,212.72506853937534
76.805,76.815,213.22143211463768
76.815,76.825,212.59356922327322
76.825,76.835,212.16872034251494
76.835,76.845,213.13849480642347
76.845,76.855,214.6456243376965
76.855,76.865,212.95751100807
76.865,76.875,211.29338095572214
76.875,76.885,209.37817231567257
76.885,76.895,205.83197730327433
76.895,76.905,203.95163749882468
76.905,76.915,202.96871546068365
76.915,76.925,202.22976713568167
76.925,76.935,201.2977060300851
76.935,76.945,200.13357954266704
76.945,76.955,199.26159070547317
76.955,76.965,199.08184517239994
76.965,76.975,199.46499374873278
76.975,76.985,199.66446788575806
76.985,76.995,199.2115487593946
76.995,77.005,197.25981691063728
77.005,77.015,0.0
77.015,77.025,0.0
77.025,77.035,0.0
77.035,77.045,0.0
77.045,77.055,0.0
77.055,77.065,0.0
77.065,77.075,0.0
77.075,77.085,0.0
77.085,77.095,0.0
77.095,77.105,229.97322840701906
77.105,77.115,228.19280342105574
77.115,77.125,228.41876078279984
77.125,77.135,230.28854204635
77.135,77.145,232.70919601800398
77.145,77.155,234.1500172210179
77.155,77.165,234.70715959120332
77.165,77.175,235.48889136149035
77.175,77.185,236.72385792352284
77.185,77.195,237.83396157346377
77.195,77.205,238.67388420668212
77.205,77.215,239.01212156912527
77.215,77.225,238.58439505993132
77.225,77.235,237.51579707197934
77.235,77.245,236.0794198379523
77.245,77.255,234.77051358175748
77.255,77.265,234.10877345945673
77.265,77.275,233.96043955760123
77.275,77.285,233.84293538647944
77.285,77.295,233.94605941318204
77.295,77.305,235.3297841174859
77.305,77.315,239.43969699399477
77.315,77.325,243.81135436411577
77.325,77.335,238.56838203541966
77.335,77.345,239.19121685062913
77.345,77.355,0.0
77.355,77.365,0.0
77.365,77.375,0.0
77.375,77.385,0.0
77.385,77.395,0.0
77.395,77.405,0.0
77.405,77.415,0.0
77.415,77.425,0.0
77.425,77.435,249.23466909883587
77.435,77.445,237.99021864480306
77.445,77.455,216.5054885326048
77.455,77.465,210.03436025945032
77.465,77.475,205.42381887899853
77.475,77.485,0.0
77.485,77.495,0.0
77.495,77.505,0.0
77.505,77.515,0.0
77.515,77.525,0.0
77.525,77.535,0.0
77.535,77.545,0.0
77.545,77.555,202.1631017586403
77.555,77.565,200.44605680326492
77.565,77.575,198.98722108849262
77.575,77.585,196.71503020763117
77.585,77.595,193.05715378294119
77.595,77.605,190.77985377453163
77.605,77.615,191.5363395876811
77.615,77.625,0.0
77.625,77.635,0.0
77.635,77.645,0.0
77.645,77.655,0.0
77.655,77.665,0.0
77.665,77.675,0.0
77.675,77.685,0.0
77.685,77.695,0.0
77.695,77.705,0.0
77.705,77.715,0.0
77.715,77.725,0.0
77.725,77.735,0.0
77.735,77.745,0.0
77.745,77.755,0.0
77.755,77.765,0.0
77.765,77.775,208.91698776928888
77.775,77.785,207.4218193610328
77.785,77.795,205.46482025344474
77.795,77.805,204.01443767621532
77.805,77.815,203.2994265870437
77.815,77.825,203.40783072861322
77.825,77.835,204.06343981707244
77.835,77.845,204.43398373223295
77.845,77.855,0.0
77.855,77.865,0.0
77.865,77.875,0.0
77.875,77.885,225.4952515246083
77.885,77.895,227.76501245362186
77.895,77.905,230.00051231816556
77.905,77.915,232.3624821953822
77.915,77.925,234.81216755473602
77.925,77.935,237.33159500702163
77.935,77.945,239.6945447691696
77.945,77.955,241.47844646149662
77.955,77.965,242.8430618102294
77.965,77.975,244.15890855103578
77.975,77.985,245.55144353434645
77.985,77.995,246.6860708139539
77.995,78.005,247.36971545792917
78.005,78.015,247.5586050432413
78.015,78.025,247.36684346555222
78.025,78.035,247.00529810401278
78.035,78.045,246.4558557657798
78.045,78.055,246.0251670391788
78.055,78.065,245.88045427743958
78.065,78.075,245.98717533014158
78.075,78.085,246.33704656098772
78.085,78.095,246.6371587067636
78.095,78.105,246.73468548868746
78.105,78.115,246.44798826402157
78.115,78.125,245.71319313513837
78.125,78.135,244.74200106237814
78.135,78.145,243.79101388367388
78.145,78.155,244.1019882119555
78.155,78.165,246.82786732452294
78.165,78.175,248.38658082563956
78.175,78.185,248.74198358919915
78.185,78.195,247.6510177098539
78.195,78.205,245.61516970991636
78.205,78.215,244.2145503856789
78.215,78.225,244.17223125180095
78.225,78.235,244.21246813761996
78.235,78.245,243.8901290614498
78.245,78.255,243.3186653491715
78.255,78.265,242.66429628486725
78.265,78.275,242.4284555449157
78.275,78.285,243.32142829356783
78.285,78.295,244.9892158565239
78.295,78.305,246.04413289234864
78.305,78.315,246.4820992209833
78.315,78.325,0.0
78.325,78.335,0.0
78.335,78.345,0.0
78.345,78.355,0.0
78.355,78.365,0.0
78.365,78.375,0.0
78.375,78.385,0.0
78.385,78.395,0.0
78.395,78.405,0.0
78.405,78.415,0.0
78.415,78.425,0.0
78.425,78.435,0.0
78.435,78.445,0.0
78.445,78.455,0.0
78.455,78.465,0.0
78.465,78.475,0.0
78.475,78.485,0.0
78.485,78.495,0.0
78.495,78.505,0.0
78.505,78.515,0.0
78.515,78.525,0.0
78.525,78.535,0.0
78.535,78.545,0.0
78.545,78.555,0.0
78.555,78.565,0.0
78.565,78.575,0.0
78.575,78.585,0.0
78.585,78.595,0.0
78.595,78.605,0.0
78.605,78.615,0.0
78.615,78.625,0.0
78.625,78.635,0.0
78.635,78.645,0.0
78.645,78.655,0.0
78.655,78.665,0.0
78.665,78.675,0.0
78.675,78.685,0.0
78.685,78.695,0.0
78.695,78.705,0.0
78.705,78.715,0.0
78.715,78.725,0.0
78.725,78.735,0.0
78.735,78.745,0.0
78.745,78.755,0.0
78.755,78.765,0.0
78.765,78.775,0.0
78.775,78.785,0.0
78.785,78.795,0.0
78.795,78.805,0.0
78.805,78.815,0.0
78.815,78.825,0.0
78.825,78.835,0.0
78.835,78.845,0.0
78.845,78.855,0.0
78.855,78.865,0.0
78.865,78.875,0.0
78.875,78.885,0.0
78.885,78.895,0.0
78.895,78.905,0.0
78.905,78.915,0.0
78.915,78.925,0.0
78.925,78.935,0.0
78.935,78.945,0.0
78.945,78.955,0.0
78.955,78.965,0.0
78.965,78.975,0.0
78.975,78.985,0.0
78.985,78.995,0.0
78.995,79.005,0.0
79.005,79.015,0.0
79.015,79.025,0.0
79.025,79.035,0.0
79.035,79.045,0.0
79.045,79.055,0.0
79.055,79.065,0.0
79.065,79.075,0.0
79.075,79.085,0.0
79.085,79.095,0.0
79.095,79.105,0.0
79.105,79.115,0.0
79.115,79.125,0.0
79.125,79.135,0.0
79.135,79.145,0.0
79.145,79.155,0.0
79.155,79.165,0.0
79.165,79.175,0.0
79.175,79.185,0.0
79.185,79.195,0.0
79.195,79.205,0.0
79.205,79.215,0.0
79.215,79.225,0.0
79.225,79.235,0.0
79.235,79.245,0.0
79.245,79.255,0.0
79.255,79.265,0.0
79.265,79.275,0.0
79.275,79.285,0.0
79.285,79.295,0.0
79.295,79.305,0.0
79.305,79.315,0.0
79.315,79.325,0.0
79.325,79.335,0.0
79.335,79.345,0.0
79.345,79.355,197.82879458317313
79.355,79.365,197.96046524584682
79.365,79.375,197.4917421591568
79.375,79.385,197.44733593534576
79.385,79.395,197.6253463636538
79.395,79.405,197.39467404893352
79.405,79.415,197.01278260684995
79.415,79.425,196.93114188532007
79.425,79.435,197.0979388631679
79.435,79.445,197.29857221241866
79.445,79.455,197.48157644452152
79.455,79.465,197.43757094744169
79.465,79.475,197.1431641679364
79.475,79.485,196.9542261277123
79.485,79.495,196.9612457451647
79.495,79.505,197.06467243853058
79.505,79.515,197.12497521275282
79.515,79.525,197.07875131814612
79.525,79.535,196.99596393997973
79.535,79.545,196.80709381890702
79.545,79.555,196.45468168377272
79.555,79.565,195.5841112866543
79.565,79.575,194.27614299094998
79.575,79.585,193.24922707130872
79.585,79.595,192.40306996608678
79.595,79.605,191.67870526582882
79.605,79.615,191.05563646871428
79.615,79.625,190.68990298311624
79.625,79.635,190.7827623928608
79.635,79.645,191.28737994586322
79.645,79.655,191.85002252600864
79.655,79.665,192.0866679399993
79.665,79.675,192.00854361531393
79.675,79.685,191.953946770788
79.685,79.695,192.26822193363353
79.695,79.705,192.9129434310563
79.705,79.715,193.22691076819578
79.715,79.725,193.18649809037427
79.725,79.735,193.24258164457513
79.735,79.745,193.17927627609893
79.745,79.755,192.72132223269037
79.755,79.765,192.03372600946076
79.765,79.775,191.15565695088515
79.775,79.785,190.34160184993266
79.785,79.795,189.93222352007777
79.795,79.805,189.86671431603844
79.805,79.815,189.7859500371375
79.815,79.825,189.48351367292034
79.825,79.835,189.33248744473207
79.835,79.845,189.58578592947293
79.845,79.855,190.02078064256168
79.855,79.865,190.3508647745471
79.865,79.875,190.44699478997055
79.875,79.885,190.36647527390994
79.885,79.895,190.13437160277712
79.895,79.905,189.8193474505876
79.905,79.915,189.59794435127074
79.915,79.925,189.52468623375188
79.925,79.935,189.48529247967815
79.935,79.945,189.27711853209223
79.945,79.955,188.860454249793
79.955,79.965,188.28587262960832
79.965,79.975,187.5037153398795
79.975,79.985,186.75750821345096
79.985,79.995,186.16186748608916
79.995,80.005,185.62173477390292
80.005,80.015,185.2111446351622
80.015,80.025,184.83114512182894
80.025,80.035,184.24000269804495
80.035,80.045,183.62834170638513
80.045,80.055,183.4059906349269
80.055,80.065,183.6349812698761
80.065,80.075,184.07425712372773
80.075,80.085,184.39476841075273
80.085,80.095,184.32947350824165
80.095,80.105,183.8964715918161
80.105,80.115,183.32704321654296
80.115,80.125,182.8207497159563
80.125,80.135,182.56668004295048
80.135,80.145,0.0
80.145,80.155,0.0
80.155,80.165,0.0
80.165,80.175,0.0
80.175,80.185,181.73155713716537
80.185,80.195,181.141361803247
80.195,80.205,180.47054754784762
80.205,80.215,179.77382233857747
80.215,80.225,179.18709201652598
80.225,80.235,178.73838097655536
80.235,80.245,178.47844426492367
80.245,80.255,178.51955677557342
80.255,80.265,0.0
80.265,80.275,0.0
80.275,80.285,0.0
80.285,80.295,0.0
80.295,80.305,0.0
80.305,80.315,0.0
80.315,80.325,0.0
80.325,80.335,0.0
80.335,80.345,0.0
80.345,80.355,0.0
80.355,80.365,0.0
80.365,80.375,0.0
80.375,80.385,0.0
80.385,80.395,0.0
80.395,80.405,0.0
80.405,80.415,0.0
80.415,80.425,0.0
80.425,80.435,0.0
80.435,80.445,0.0
80.445,80.455,0.0
80.455,80.465,0.0
80.465,80.475,0.0
80.475,80.485,0.0
80.485,80.495,202.90931417692076
80.495,80.505,202.44032578787733
80.505,80.515,202.38024412661483
80.515,80.525,202.80956448148152
80.525,80.535,203.9592346866846
80.535,80.545,205.30223636843914
80.545,80.555,206.1668383074647
80.555,80.565,206.61207662988568
80.565,80.575,0.0
80.575,80.585,0.0
80.585,80.595,0.0
80.595,80.605,0.0
80.605,80.615,0.0
80.615,80.625,0.0
80.625,80.635,0.0
80.635,80.645,228.37956189100012
80.645,80.655,229.47865691730448
80.655,80.665,229.2634079185523
80.665,80.675,227.4195482244594
80.675,80.685,222.2618013038525
80.685,80.695,217.6502308764517
80.695,80.705,216.16803217057716
80.705,80.715,215.88201664805533
80.715,80.725,215.85249233844863
80.725,80.735,215.20811739748893
80.735,80.745,213.1568963545039
80.745,80.755,214.4565852545026
80.755,80.765,0.0
80.765,80.775,0.0
80.775,80.785,0.0
80.785,80.795,0.0
80.795,80.805,0.0
80.805,80.815,0.0
80.815,80.825,215.16215991970404
80.825,80.835,218.72760838145803
80.835,80.845,219.78661703877603
80.845,80.855,220.01102749305335
80.855,80.865,219.76839880160816
80.865,80.875,218.82233549330687
80.875,80.885,216.51642426250748
80.885,80.895,212.6379612934313
80.895,80.905,209.89781487512556
80.905,80.915,0.0
80.915,80.925,0.0
80.925,80.935,0.0
80.935,80.945,0.0
80.945,80.955,0.0
80.955,80.965,0.0
80.965,80.975,0.0
80.975,80.985,0.0
80.985,80.995,0.0
80.995,81.005,0.0
81.005,81.015,0.0
81.015,81.025,0.0
81.025,81.035,0.0
81.035,81.045,0.0
81.045,81.055,0.0
81.055,81.065,0.0
81.065,81.075,243.41224205186322
81.075,81.085,245.14362987368452
81.085,81.095,247.68449581037305
81.095,81.105,249.69675632354785
81.105,81.115,251.45492567974264
81.115,81.125,252.99362745255564
81.125,81.135,254.47955279897343
81.135,81.145,256.35925852333
81.145,81.155,258.6050875576962
81.155,81.165,260.2069609958522
81.165,81.175,260.8017047732658
81.175,81.185,261.06367818727176
81.185,81.195,261.3902907894563
81.195,81.205,261.80974503871073
81.205,81.215,262.2781992581373
81.215,81.225,262.874481267835
81.225,81.235,263.47682402373437
81.235,81.245,263.65746614121275
81.245,81.255,262.48087749038956
81.255,81.265,258.36426588121384
81.265,81.275,252.95099232543427
81.275,81.285,248.6118842148308
81.285,81.295,243.58048807493432
81.295,81.305,0.0
81.305,81.315,0.0
81.315,81.325,0.0
81.325,81.335,0.0
81.335,81.345,0.0
81.345,81.355,0.0
81.355,81.365,0.0
81.365,81.375,0.0
81.375,81.385,190.94438885931532
81.385,81.395,195.26091209062255
81.395,81.405,198.04315043180722
81.405,81.415,199.14186257000569
81.415,81.425,198.91339052028638
81.425,81.435,198.59746110954683
81.435,81.445,199.18362299309672
81.445,81.455,200.31690943054548
81.455,81.465,201.1350736056522
81.465,81.475,201.5024877898069
81.475,81.485,201.55059188413708
81.485,81.495,201.32260367679248
81.495,81.505,201.03616756322154
81.505,81.515,200.6699726816321
81.515,81.525,200.06232120519925
81.525,81.535,199.20960960874
81.535,81.545,198.45520602385278
81.545,81.555,198.07591547779873
81.555,81.565,197.6426979652572
81.565,81.575,196.97485246084935
81.575,81.585,196.33696040418567
81.585,81.595,195.97396619650124
81.595,81.605,196.0296927497478
81.605,81.615,196.32674106267157
81.615,81.625,196.4576676140744
81.625,81.635,196.3612339750372
81.635,81.645,196.2023505349379
81.645,81.655,195.9564817028655
81.655,81.665,195.55184567122487
81.665,81.675,195.05298164797523
81.675,81.685,194.60378694399455
81.685,81.695,194.10553279102666
81.695,81.705,193.55348675398184
81.705,81.715,192.98583445939013
81.715,81.725,192.30923667983586
81.725,81.735,191.5695821029443
81.735,81.745,190.87625782975937
81.745,81.755,190.44187527570116
81.755,81.765,190.26902856609016
81.765,81.775,190.10357441600192
81.775,81.785,190.07228189350164
81.785,81.795,190.339489482577
81.795,81.805,190.69697175369998
81.805,81.815,190.87796282995288
81.815,81.825,190.84382082833156
81.825,81.835,190.8286693355611
81.835,81.845,190.70283190201215
81.845,81.855,190.18840022788615
81.855,81.865,189.4046422524945
81.865,81.875,188.4084719234879
81.875,81.885,187.5154049043718
81.885,81.895,187.08636810775644
81.895,81.905,186.9652822969573
81.905,81.915,186.8282161431283
81.915,81.925,186.2139863232498
81.925,81.935,185.15906457846404
81.935,81.945,184.16162689535494
81.945,81.955,183.68162571764853
81.955,81.965,183.49109579821936
81.965,81.975,183.33337116247577
81.975,81.985,183.10252218618393
81.985,81.995,182.72697285611864
81.995,82.005,182.22627531886033
82.005,82.015,181.66545738385778
82.015,82.025,181.26157120665397
82.025,82.035,181.20783333583242
82.035,82.045,181.35751086862768
82.045,82.055,181.40843411740113
82.055,82.065,181.33182052795036
82.065,82.075,181.16802185354808
82.075,82.085,180.88009682733636
82.085,82.095,180.52928492103993
82.095,82.105,180.05811827588246
82.105,82.115,179.36724283360405
82.115,82.125,178.5884406538537
82.125,82.135,177.99618534499692
82.135,82.145,177.63447010389123
82.145,82.155,177.33965879365638
82.155,82.165,177.0111736142093
82.165,82.175,176.87524214229623
82.175,82.185,178.17124881728228
82.185,82.195,0.0
82.195,82.205,0.0
82.205,82.215,0.0
82.215,82.225,0.0
82.225,82.235,0.0
82.235,82.245,0.0
82.245,82.255,0.0
82.255,82.265,0.0
82.265,82.275,0.0
82.275,82.285,0.0
82.285,82.295,0.0
82.295,82.305,0.0
82.305,82.315,0.0
82.315,82.325,0.0
82.325,82.335,0.0
82.335,82.345,0.0
82.345,82.355,0.0
82.355,82.365,0.0
82.365,82.375,0.0
82.375,82.385,0.0
82.385,82.395,0.0
82.395,82.405,0.0
82.405,82.415,247.97637638719243
82.415,82.425,245.50662657848864
82.425,82.435,241.15066648434185
82.435,82.445,235.96615822437093
82.445,82.455,233.22014499186636
82.455,82.465,232.33516573379544
82.465,82.475,232.15254045347186
82.475,82.485,232.32709795511343
82.485,82.495,232.3069648522904
82.495,82.505,231.97245893914084
82.505,82.515,231.71402914015258
82.515,82.525,231.60738200681894
82.525,82.535,231.6137004899489
82.535,82.545,231.81539414792755
82.545,82.555,232.44252069350878
82.555,82.565,233.71687166531802
82.565,82.575,235.24612112628725
82.575,82.585,0.0
82.585,82.595,0.0
82.595,82.605,0.0
82.605,82.615,0.0
82.615,82.625,0.0
82.625,82.635,0.0
82.635,82.645,0.0
82.645,82.655,0.0
82.655,82.665,0.0
82.665,82.675,0.0
82.675,82.685,0.0
82.685,82.695,0.0
82.695,82.705,0.0
82.705,82.715,0.0
82.715,82.725,0.0
82.725,82.735,0.0
82.735,82.745,0.0
82.745,82.755,0.0
82.755,82.765,0.0
82.765,82.775,0.0
82.775,82.785,0.0
82.785,82.795,0.0
82.795,82.805,0.0
82.805,82.815,0.0
82.815,82.825,0.0
82.825,82.835,227.3615214504762
82.835,82.845,225.63747914925506
82.845,82.855,218.89196019170356
82.855,82.865,214.49878969738265
82.865,82.875,212.0780825979928
82.875,82.885,211.56647697647207
82.885,82.895,211.31432642071312
82.895,82.905,211.33680905004982
82.905,82.915,211.4093854953013
82.915,82.925,211.22435643431737
82.925,82.935,211.03636055291776
82.935,82.945,210.75976763108923
82.945,82.955,210.14923806269826
82.955,82.965,209.24972913175267
82.965,82.975,208.41649010845316
82.975,82.985,207.90825042135177
82.985,82.995,207.72907318410628
82.995,83.005,207.45567357331277
83.005,83.015,206.48688745306154
83.015,83.025,204.60125343095672
83.025,83.035,202.24641092934695
83.035,83.045,200.2390321220781
83.045,83.055,198.45544450931823
83.055,83.065,195.18294535188855
83.065,83.075,191.42243494560407
83.075,83.085,187.57498441985385
83.085,83.095,0.0
83.095,83.105,0.0
83.105,83.115,0.0
83.115,83.125,0.0
83.125,83.135,0.0
83.135,83.145,0.0
83.145,83.155,0.0
83.155,83.165,0.0
83.165,83.175,0.0
83.175,83.185,0.0
83.185,83.195,0.0
83.195,83.205,0.0
83.205,83.215,0.0
83.215,83.225,0.0
83.225,83.235,0.0
83.235,83.245,195.7462034309373
83.245,83.255,197.64578005751628
83.255,83.265,198.08503533756397
83.265,83.275,196.9226958387253
83.275,83.285,195.10381021176227
83.285,83.295,194.41189713908406
83.295,83.305,194.4368696336904
83.305,83.315,194.53654447092467
83.315,83.325,194.65288755731115
83.325,83.335,194.6174302125175
83.335,83.345,194.33956599812538
83.345,83.355,194.13617739131936
83.355,83.365,194.15768957807208
83.365,83.375,194.17204107316297
83.375,83.385,193.91885892516063
83.385,83.395,193.24471943442333
83.395,83.405,192.2165155160773
83.405,83.415,191.34757859296693
83.415,83.425,191.2810540124265
83.425,83.435,191.50543371092658
83.435,83.445,191.11181591571525
83.445,83.455,190.09382467642018
83.455,83.465,188.67343008010067
83.465,83.475,187.20606091145117
83.475,83.485,186.22959320079394
83.485,83.495,186.39937981626824
83.495,83.505,0.0
83.505,83.515,0.0
83.515,83.525,0.0
83.525,83.535,0.0
83.535,83.545,0.0
83.545,83.555,0.0
83.555,83.565,198.50580084853343
83.565,83.575,199.85508901595495
83.575,83.585,199.46181230482773
83.585,83.595,198.676561919302
83.595,83.605,198.67777835081273
83.605,83.615,199.54386466519202
83.615,83.625,200.68043189322117
83.625,83.635,201.2762851856504
83.635,83.645,200.7557107956302
83.645,83.655,198.8744790074728
83.655,83.665,198.52433085275038
83.665,83.675,0.0
83.675,83.685,0.0
83.685,83.695,0.0
83.695,83.705,106.01975428170866
83.705,83.715,105.29403675823171
83.715,83.725,104.96504444409447
83.725,83.735,106.28316247998715
83.735,83.745,219.44494196713546
83.745,83.755,220.53293274820248
83.755,83.765,220.4611116602879
83.765,83.775,219.73604597639368
83.775,83.785,218.4450791979701
83.785,83.795,216.95358393766546
83.795,83.805,215.8167338302172
83.805,83.815,215.0200032062344
83.815,83.825,214.1121823993791
83.825,83.835,212.60512467852544
83.835,83.845,210.95369182130915
83.845,83.855,209.58425839927074
83.855,83.865,208.5961268518055
83.865,83.875,208.22237140056902
83.875,83.885,208.17309209732187
83.885,83.895,207.3576228048035
83.895,83.905,205.02622148605437
83.905,83.915,218.0446357211915
83.915,83.925,233.53331250898077
83.925,83.935,239.16667374872299
83.935,83.945,237.54487435243576
83.945,83.955,230.47982306303777
83.955,83.965,0.0
83.965,83.975,0.0
83.975,83.985,0.0
83.985,83.995,0.0
83.995,84.005,0.0
84.005,84.015,0.0
84.015,84.025,0.0
84.025,84.035,0.0
84.035,84.045,0.0
84.045,84.055,215.86057513264637
84.055,84.065,215.0447264176852
84.065,84.075,205.14239061489718
84.075,84.085,202.79149445315642
84.085,84.095,199.53901077244507
84.095,84.105,0.0
84.105,84.115,0.0
84.115,84.125,0.0
84.125,84.135,0.0
84.135,84.145,0.0
84.145,84.155,0.0
84.155,84.165,0.0
84.165,84.175,0.0
84.175,84.185,0.0
84.185,84.195,0.0
84.195,84.205,0.0
84.205,84.215,0.0
84.215,84.225,219.87027752825858
84.225,84.235,225.23182375077167
84.235,84.245,228.69266827572025
84.245,84.255,230.66399581254478
84.255,84.265,232.23001715453367
84.265,84.275,234.0421588703939
84.275,84.285,235.64352850927668
84.285,84.295,236.28358562309884
84.295,84.305,236.30971649615608
84.305,84.315,235.77472125191244
84.315,84.325,234.8304365332367
84.325,84.335,234.2464000257401
84.335,84.345,234.67296865810323
84.345,84.355,235.69833222438206
84.355,84.365,236.6902834339245
84.365,84.375,238.9329669176467
84.375,84.385,241.6416014899829
84.385,84.395,242.72412284514624
84.395,84.405,243.2516619619525
84.405,84.415,243.75835376513183
84.415,84.425,244.3202740373147
84.425,84.435,246.29499822496877
84.435,84.445,251.37880845859974
84.445,84.455,254.43104844287933
84.455,84.465,252.30022433556587
84.465,84.475,247.7396690082868
84.475,84.485,243.26166010310493
84.485,84.495,0.0
84.495,84.505,0.0
84.505,84.515,0.0
84.515,84.525,0.0
84.525,84.535,0.0
84.535,84.545,0.0
84.545,84.555,0.0
84.555,84.565,0.0
84.565,84.575,0.0
84.575,84.585,268.156748215077
84.585,84.595,258.4270598540231
84.595,84.605,249.81791339197517
84.605,84.615,241.7851370662638
84.615,84.625,237.2576973984013
84.625,84.635,234.82041591890163
84.635,84.645,232.47830101729164
84.645,84.655,229.23075848866515
84.655,84.665,225.4905840184234
84.665,84.675,222.4266382739988
84.675,84.685,219.7766036535919
84.685,84.695,0.0
84.695,84.705,0.0
84.705,84.715,0.0
84.715,84.725,0.0
84.725,84.735,198.27860658469274
84.735,84.745,200.0567496996048
84.745,84.755,201.54682426075308
84.755,84.765,202.99353522233778
84.765,84.775,205.39096664917454
84.775,84.785,213.57869100457086
84.785,84.795,0.0
84.795,84.805,0.0
84.805,84.815,0.0
84.815,84.825,0.0
84.825,84.835,0.0
84.835,84.845,0.0
84.845,84.855,0.0
84.855,84.865,0.0
84.865,84.875,0.0
84.875,84.885,0.0
84.885,84.895,0.0
84.895,84.905,0.0
84.905,84.915,206.9661684975701
84.915,84.925,205.00939144209173
84.925,84.935,202.3605191602094
84.935,84.945,199.41656840485973
84.945,84.955,196.94864880844491
84.955,84.965,194.44566508109884
84.965,84.975,192.01523529969296
84.975,84.985,190.13104224222172
84.985,84.995,0.0
84.995,85.005,0.0
85.005,85.015,0.0
85.015,85.025,0.0
85.025,85.035,0.0
85.035,85.045,0.0
85.045,85.055,0.0
85.055,85.065,0.0
85.065,85.075,0.0
85.075,85.085,0.0
85.085,85.095,0.0
85.095,85.105,0.0
85.105,85.115,0.0
85.115,85.125,0.0
85.125,85.135,0.0
85.135,85.145,204.19600620797158
85.145,85.155,199.45817560219675
85.155,85.165,195.6866992965721
85.165,85.175,192.22719130032903
85.175,85.185,189.35792633381274
85.185,85.195,186.87089401630323
85.195,85.205,184.44219895278604
85.205,85.215,182.6401654193202
85.215,85.225,0.0
85.225,85.235,0.0
85.235,85.245,0.0
85.245,85.255,0.0
85.255,85.265,0.0
85.265,85.275,0.0
85.275,85.285,0.0
85.285,85.295,0.0
85.295,85.305,0.0
85.305,85.315,0.0
85.315,85.325,0.0
85.325,85.335,0.0
85.335,85.345,0.0
85.345,85.355,0.0
85.355,85.365,0.0
85.365,85.375,0.0
85.375,85.385,226.1190232807087
85.385,85.395,225.3124335809415
85.395,85.405,224.75790569752553
85.405,85.415,0.0
85.415,85.425,0.0
85.425,85.435,0.0
85.435,85.445,207.12485052463649
85.445,85.455,217.14526021845546
85.455,85.465,218.38069803810808
85.465,85.475,218.7645030372688
85.475,85.485,218.67253763191934
85.485,85.495,218.38994637111128
85.495,85.505,218.07349793063545
85.505,85.515,217.81142216517648
85.515,85.525,217.70091657986853
85.525,85.535,217.5552897868015
85.535,85.545,217.14006144974923
85.545,85.555,216.3444013457616
85.555,85.565,215.6894824169294
85.565,85.575,215.57717320210023
85.575,85.585,215.00336850674913
85.585,85.595,213.63283611242517
85.595,85.605,211.83878362196765
85.605,85.615,210.33953008700044
85.615,85.625,209.2237464427278
85.625,85.635,0.0
85.635,85.645,0.0
85.645,85.655,0.0
85.655,85.665,0.0
85.665,85.675,0.0
85.675,85.685,0.0
85.685,85.695,0.0
85.695,85.705,195.9462392562763
85.705,85.715,192.61307433632928
85.715,85.725,190.70573723164478
85.725,85.735,188.49824518652142
85.735,85.745,186.10214867575044
85.745,85.755,184.55294980556255
85.755,85.765,183.83919331988682
85.765,85.775,183.48860307187837
85.775,85.785,183.63726347307187
85.785,85.795,184.36226505495452
85.795,85.805,184.88840391344533
85.805,85.815,185.0184285040517
85.815,85.825,185.0581548126747
85.825,85.835,184.86845722847445
85.835,85.845,0.0
85.845,85.855,0.0
85.855,85.865,0.0
85.865,85.875,0.0
85.875,85.885,0.0
85.885,85.895,0.0
85.895,85.905,0.0
85.905,85.915,0.0
85.915,85.925,0.0
85.925,85.935,0.0
85.935,85.945,0.0
85.945,85.955,0.0
85.955,85.965,0.0
85.965,85.975,186.65555560880296
85.975,85.985,184.01604314651638
85.985,85.995,181.56304790679354
85.995,86.005,179.67768372279656
86.005,86.015,178.38826564724104
86.015,86.025,177.04263630573485
86.025,86.035,175.78267285337748
86.035,86.045,174.65677331741045
86.045,86.055,173.9550073685263
86.055,86.065,173.40128503154764
86.065,86.075,172.60067891172005
86.075,86.085,171.44945013182937
86.085,86.095,0.0
86.095,86.105,0.0
86.105,86.115,0.0
86.115,86.125,0.0
86.125,86.135,0.0
86.135,86.145,0.0
86.145,86.155,0.0
86.155,86.165,0.0
86.165,86.175,0.0
86.175,86.185,0.0
86.185,86.195,0.0
86.195,86.205,0.0
86.205,86.215,0.0
86.215,86.225,0.0
86.225,86.235,0.0
86.235,86.245,0.0
86.245,86.255,0.0
86.255,86.265,0.0
86.265,86.275,0.0
86.275,86.285,0.0
86.285,86.295,0.0
86.295,86.305,0.0
86.305,86.315,0.0
86.315,86.325,0.0
86.325,86.335,0.0
86.335,86.345,0.0
86.345,86.355,0.0
86.355,86.365,0.0
86.365,86.375,0.0
86.375,86.385,0.0
86.385,86.395,0.0
86.395,86.405,0.0
86.405,86.415,0.0
86.415,86.425,0.0
86.425,86.435,0.0
86.435,86.445,0.0
86.445,86.455,0.0
86.455,86.465,0.0
86.465,86.475,0.0
86.475,86.485,0.0
86.485,86.495,0.0
86.495,86.505,0.0
86.505,86.515,0.0
86.515,86.525,0.0
86.525,86.535,0.0
86.535,86.545,0.0
86.545,86.555,0.0
86.555,86.565,0.0
86.565,86.575,0.0
86.575,86.585,0.0
86.585,86.595,0.0
86.595,86.605,0.0
86.605,86.615,0.0
86.615,86.625,0.0
86.625,86.635,0.0
86.635,86.645,0.0
86.645,86.655,0.0
86.655,86.665,0.0
86.665,86.675,0.0
86.675,86.685,0.0
86.685,86.695,0.0
86.695,86.705,0.0
86.705,86.715,0.0
86.715,86.725,0.0
86.725,86.735,0.0
86.735,86.745,0.0
86.745,86.755,0.0
86.755,86.765,0.0
86.765,86.775,0.0
86.775,86.785,0.0
86.785,86.795,0.0
86.795,86.805,0.0
86.805,86.815,0.0
86.815,86.825,233.13622295016518
86.825,86.835,239.08297995581754
86.835,86.845,252.4508341422779
86.845,86.855,260.0802707995313
86.855,86.865,262.3133753333679
86.865,86.875,263.84643463609126
86.875,86.885,265.4916181412214
86.885,86.895,267.97213550605886
86.895,86.905,272.36599221313577
86.905,86.915,277.53049326195185
86.915,86.925,275.21607729725
86.925,86.935,260.4041700641799
86.935,86.945,0.0
86.945,86.955,0.0
86.955,86.965,0.0
86.965,86.975,0.0
86.975,86.985,259.96825401245445
86.985,86.995,252.62435607314833
86.995,87.005,244.16834480964488
87.005,87.015,238.58527917239732
87.015,87.025,223.8557003197412
87.025,87.035,219.21550951294466
87.035,87.045,0.0
87.045,87.055,0.0
87.055,87.065,0.0
87.065,87.075,0.0
87.075,87.085,0.0
87.085,87.095,0.0
87.095,87.105,205.7844912301016
87.105,87.115,203.6730047667537
87.115,87.125,202.69634801633578
87.125,87.135,201.34641770504712
87.135,87.145,199.4182394871102
87.145,87.155,196.92794184674608
87.155,87.165,0.0
87.165,87.175,0.0
87.175,87.185,0.0
87.185,87.195,0.0
87.195,87.205,0.0
87.205,87.215,0.0
87.215,87.225,0.0
87.225,87.235,0.0
87.235,87.245,185.60118562502117
87.245,87.255,187.2435547375662
87.255,87.265,187.44959870081928
87.265,87.275,187.50011380991967
87.275,87.285,187.80954964225666
87.285,87.295,188.43365553899062
87.295,87.305,189.41286479529185
87.305,87.315,190.4769600753782
87.315,87.325,191.50264365947353
87.325,87.335,192.802587316367
87.335,87.345,194.14940103074858
87.345,87.355,194.4927513324456
87.355,87.365,0.0
87.365,87.375,0.0
87.375,87.385,0.0
87.385,87.395,0.0
87.395,87.405,0.0
87.405,87.415,0.0
87.415,87.425,0.0
87.425,87.435,0.0
87.435,87.445,0.0
87.445,87.455,0.0
87.455,87.465,0.0
87.465,87.475,0.0
87.475,87.485,0.0
87.485,87.495,0.0
87.495,87.505,0.0
87.505,87.515,290.15780768145925
87.515,87.525,286.8418285217953
87.525,87.535,283.4294685554426
87.535,87.545,280.5790835966198
87.545,87.555,278.2734490713513
87.555,87.565,275.6162222973134
87.565,87.575,271.78998777286495
87.575,87.585,261.0707818480678
87.585,87.595,258.2286131232497
87.595,87.605,255.44375847441512
87.605,87.615,173.7883913004424
87.615,87.625,170.79266133363245
87.625,87.635,165.29709377745226
87.635,87.645,198.85012220756465
87.645,87.655,195.83706752053544
87.655,87.665,195.00444986908468
87.665,87.675,195.63406993481473
87.675,87.685,197.13128840299453
87.685,87.695,198.67765515275872
87.695,87.705,200.37160277067645
87.705,87.715,201.8707363231013
87.715,87.725,202.28919562809605
87.725,87.735,201.7184089364611
87.735,87.745,199.98741340252613
87.745,87.755,197.73877905265817
87.755,87.765,195.8606656236825
87.765,87.775,194.49990966600004
87.775,87.785,193.17295659073847
87.785,87.795,191.56300035178023
87.795,87.805,189.88944858004228
87.805,87.815,188.23294678743338
87.815,87.825,187.3964892986527
87.825,87.835,193.20766642218098
87.835,87.845,197.4837077626329
87.845,87.855,195.58262337250454
87.855,87.865,191.8110140371445
87.865,87.875,189.50582935254926
87.875,87.885,187.0052987140844
87.885,87.895,183.71070007187788
87.895,87.905,180.6245493361367
87.905,87.915,177.77340518398861
87.915,87.925,175.5125698235409
87.925,87.935,174.3898876175162
87.935,87.945,0.0
87.945,87.955,0.0
87.955,87.965,0.0
87.965,87.975,0.0
87.975,87.985,0.0
87.985,87.995,0.0
87.995,88.005,0.0
88.005,88.015,0.0
88.015,88.025,0.0
88.025,88.035,198.6770464040737
88.035,88.045,199.1432002289586
88.045,88.055,199.3123306372096
88.055,88.065,199.6358141875632
88.065,88.075,200.55102571104362
88.075,88.085,202.055911630562
88.085,88.095,203.55451583315633
88.095,88.105,204.78592960425885
88.105,88.115,205.43497099006606
88.115,88.125,204.32594667638494
88.125,88.135,202.28437137752775
88.135,88.145,203.60463126045508
88.145,88.155,202.22784971107956
88.155,88.165,199.22657201432446
88.165,88.175,194.6657744066679
88.175,88.185,188.9087138082048
88.185,88.195,184.4852943708641
88.195,88.205,183.17820818893847
88.205,88.215,183.5169675712339
88.215,88.225,184.63341199692985
88.225,88.235,185.67942505187625
88.235,88.245,186.029328258954
88.245,88.255,185.5925760611837
88.255,88.265,184.67991573112056
88.265,88.275,183.56977525234592
88.275,88.285,182.31699411579393
88.285,88.295,180.86224089242543
88.295,88.305,178.41499338818562
88.305,88.315,173.94264622198793
88.315,88.325,0.0
88.325,88.335,0.0
88.335,88.345,0.0
88.345,88.355,0.0
88.355,88.365,0.0
88.365,88.375,0.0
88.375,88.385,0.0
88.385,88.395,0.0
88.395,88.405,0.0
88.405,88.415,0.0
88.415,88.425,0.0
88.425,88.435,0.0
88.435,88.445,0.0
88.445,88.455,0.0
88.455,88.465,0.0
88.465,88.475,0.0
88.475,88.485,0.0
88.485,88.495,0.0
88.495,88.505,0.0
88.505,88.515,0.0
88.515,88.525,0.0
88.525,88.535,0.0
88.535,88.545,0.0
88.545,88.555,0.0
88.555,88.565,0.0
88.565,88.575,0.0
88.575,88.585,0.0
88.585,88.595,0.0
88.595,88.605,0.0
88.605,88.615,0.0
88.615,88.625,0.0
88.625,88.635,0.0
88.635,88.645,0.0
88.645,88.655,0.0
88.655,88.665,0.0
88.665,88.675,0.0
88.675,88.685,0.0
88.685,88.695,0.0
88.695,88.705,0.0
88.705,88.715,0.0
88.715,88.725,0.0
88.725,88.735,0.0
88.735,88.745,0.0
88.745,88.755,0.0
88.755,88.765,0.0
88.765,88.775,0.0
88.775,88.785,0.0
88.785,88.795,0.0
88.795,88.805,0.0
88.805,88.815,0.0
88.815,88.825,0.0
88.825,88.835,0.0
88.835,88.845,0.0
88.845,88.855,0.0
88.855,88.865,0.0
88.865,88.875,173.95706857582192
88.875,88.885,174.19629421132905
88.885,88.895,174.77407576306098
88.895,88.905,176.17745842607164
88.905,88.915,178.9081643263808
88.915,88.925,181.7841552967047
88.925,88.935,183.34899536290322
88.935,88.945,185.15602364358764
88.945,88.955,186.42499426060613
88.955,88.965,187.01983227405918
88.965,88.975,187.19259873755033
88.975,88.985,186.52580919503288
88.985,88.995,186.7369300986856
88.995,89.005,189.25096743399786
89.005,89.015,190.39319851087575
89.015,89.025,190.03904545405916
89.025,89.035,188.28273168457588
89.035,89.045,186.48498531681494
89.045,89.055,185.45171809388447
89.055,89.065,185.71691151291282
89.065,89.075,186.9200752540513
89.075,89.085,188.19094967309076
89.085,89.095,189.21029930291544
89.095,89.105,191.02781583117314
89.105,89.115,201.3944569522329
89.115,89.125,213.6991307925389
89.125,89.135,218.21855399787438
89.135,89.145,0.0
89.145,89.155,0.0
89.155,89.165,0.0
89.165,89.175,0.0
89.175,89.185,0.0
89.185,89.195,0.0
89.195,89.205,0.0
89.205,89.215,0.0
89.215,89.225,0.0
89.225,89.235,0.0
89.235,89.245,224.22920377997568
89.245,89.255,211.3447029178381
89.255,89.265,202.04766081409042
89.265,89.275,196.84306994021108
89.275,89.285,194.96490613735608
89.285,89.295,194.39710682340433
89.295,89.305,194.52835303905894
89.305,89.315,0.0
89.315,89.325,0.0
89.325,89.335,0.0
89.335,89.345,0.0
89.345,89.355,195.8661847910529
89.355,89.365,196.680399462686
89.365,89.375,196.19038781904734
89.375,89.385,194.7576412627007
89.385,89.395,192.78869466735406
89.395,89.405,190.84904519812721
89.405,89.415,189.8677097991887
89.415,89.425,189.8805676861776
89.425,89.435,190.95293943901052
89.435,89.445,195.6137828417684
89.445,89.455,195.8316614130421
89.455,89.465,195.5185306599034
89.465,89.475,196.39132301471116
89.475,89.485,198.9691718220764
89.485,89.495,201.6557876093687
89.495,89.505,202.62811618676943
89.505,89.515,200.43596088797545
89.515,89.525,193.74023745142867
89.525,89.535,185.47728402213647
89.535,89.545,190.0380929159651
89.545,89.555,194.94445506225895
89.555,89.565,195.9774483587499
89.565,89.575,194.99607148839212
89.575,89.585,191.50074234929917
89.585,89.595,186.06617086091686
89.595,89.605,180.8568164999843
89.605,89.615,176.0347205145944
89.615,89.625,171.46334507481868
89.625,89.635,168.11058865813615
89.635,89.645,165.61186873123293
89.645,89.655,163.2364206261597
89.655,89.665,161.6523203297104
89.665,89.675,160.20821884562324
89.675,89.685,159.5112218359446
89.685,89.695,161.0558318562913
89.695,89.705,162.56849894598693
89.705,89.715,163.49437158144312
89.715,89.725,164.20390662462628
89.725,89.735,0.0
89.735,89.745,0.0
89.745,89.755,0.0
89.755,89.765,0.0
89.765,89.775,0.0
89.775,89.785,0.0
89.785,89.795,0.0
89.795,89.805,0.0
89.805,89.815,0.0
89.815,89.825,0.0
89.825,89.835,0.0
89.835,89.845,0.0
89.845,89.855,0.0
89.855,89.865,0.0
89.865,89.875,0.0
89.875,89.885,0.0
89.885,89.895,0.0
89.895,89.905,159.12757405525073
89.905,89.915,159.15888653915465
89.915,89.925,0.0
89.925,89.935,0.0
89.935,89.945,0.0
89.945,89.955,0.0
89.955,89.965,0.0
89.965,89.975,0.0
89.975,89.985,0.0
89.985,89.995,0.0
89.995,90.005,0.0
90.005,90.015,0.0
90.015,90.025,0.0
90.025,90.035,0.0
90.035,90.045,0.0
90.045,90.055,0.0
90.055,90.065,0.0
90.065,90.075,0.0
90.075,90.085,0.0
90.085,90.095,0.0
90.095,90.105,0.0
90.105,90.115,0.0
90.115,90.125,0.0
90.125,90.135,0.0
90.135,90.145,0.0
90.145,90.155,0.0
90.155,90.165,0.0
90.165,90.175,0.0
90.175,90.185,0.0
90.185,90.195,0.0
90.195,90.205,0.0
90.205,90.215,0.0
90.215,90.225,0.0
90.225,90.235,0.0
90.235,90.245,0.0
90.245,90.255,0.0
90.255,90.265,0.0
90.265,90.275,0.0
90.275,90.285,0.0
90.285,90.295,0.0
90.295,90.305,0.0
90.305,90.315,0.0
90.315,90.325,0.0
90.325,90.335,0.0
90.335,90.345,0.0
90.345,90.355,0.0
90.355,90.365,0.0
90.365,90.375,0.0
90.375,90.385,0.0
90.385,90.395,0.0
90.395,90.405,0.0
90.405,90.415,0.0
90.415,90.425,0.0
90.425,90.435,0.0
90.435,90.445,0.0
90.445,90.455,0.0
90.455,90.465,0.0
90.465,90.475,0.0
90.475,90.485,0.0
90.485,90.495,0.0
90.495,90.505,0.0
90.505,90.515,0.0
90.515,90.525,0.0
90.525,90.535,0.0
90.535,90.545,0.0
90.545,90.555,0.0
90.555,90.565,0.0
90.565,90.575,0.0
90.575,90.585,0.0
90.585,90.595,0.0
90.595,90.605,0.0
90.605,90.615,0.0
90.615,90.625,0.0
90.625,90.635,0.0
90.635,90.645,0.0
90.645,90.655,0.0
90.655,90.665,0.0
90.665,90.675,0.0
90.675,90.685,0.0
90.685,90.695,0.0
90.695,90.705,0.0
90.705,90.715,0.0
90.715,90.725,173.3231267831106
90.725,90.735,182.2212770268833
90.735,90.745,187.54985680511265
90.745,90.755,192.37960464223272
90.755,90.765,197.59218398081032
90.765,90.775,202.29896372543664
90.775,90.785,205.82449300478925
90.785,90.795,209.73700237031395
90.795,90.805,212.88777958298147
90.805,90.815,213.9258681484868
90.815,90.825,213.03665749153677
90.825,90.835,211.7306888440383
90.835,90.845,211.0828975118882
90.845,90.855,210.79198427849758
90.855,90.865,209.98609132220247
90.865,90.875,208.58841590979375
90.875,90.885,207.17736454748808
90.885,90.895,206.04357730309883
90.895,90.905,205.30911202665592
90.905,90.915,204.9310761781769
90.915,90.925,204.6318039460846
90.925,90.935,204.05865247533066
90.935,90.945,203.24094318954823
90.945,90.955,202.34582566943286
90.955,90.965,201.33664400783982
90.965,90.975,200.02647764325445
90.975,90.985,198.34731928424767
90.985,90.995,196.7422528803734
90.995,91.005,195.2431201431865
91.005,91.015,192.99964540254194
91.015,91.025,188.39880973259474
91.025,91.035,184.67054566319945
91.035,91.045,153.4611555831752
91.045,91.055,0.0
91.055,91.065,0.0
91.065,91.075,0.0
91.075,91.085,0.0
91.085,91.095,0.0
91.095,91.105,256.5585032680462
91.105,91.115,251.1196726970116
91.115,91.125,252.33159427054764
91.125,91.135,258.14478893440315
91.135,91.145,269.5901382922539
91.145,91.155,275.71783691787743
91.155,91.165,281.7138825446692
91.165,91.175,285.43459934186893
91.175,91.185,286.64255758886196
91.185,91.195,286.1124508739303
91.195,91.205,284.8097550649378
91.205,91.215,283.30317845484575
91.215,91.225,281.79157155671624
91.225,91.235,280.8401144678066
91.235,91.245,281.49983364533864
91.245,91.255,282.4405907476395
91.255,91.265,282.1978677462243
91.265,91.275,280.84171356223214
91.275,91.285,278.9773340454777
91.285,91.295,277.41354786803925
91.295,91.305,273.1086641306035
91.305,91.315,268.92748283180765
91.315,91.325,266.3231689402884
91.325,91.335,264.64412633388406
91.335,91.345,263.3848336063604
91.345,91.355,261.9745934560527
91.355,91.365,260.6054034925898
91.365,91.375,259.66211350088884
91.375,91.385,259.1430665979289
91.385,91.395,260.9473817990053
91.395,91.405,262.2665152031982
91.405,91.415,262.2422840227358
91.415,91.425,260.9180915848687
91.425,91.435,256.20415090018435
91.435,91.445,252.23622675883715
91.445,91.455,251.97339047530926
91.455,91.465,252.43048423527446
91.465,91.475,251.89911029149008
91.475,91.485,250.74959350773818
91.485,91.495,249.59350667265466
91.495,91.505,248.32642017000302
91.505,91.515,245.81595005480304
91.515,91.525,238.66730418185543
91.525,91.535,225.89152104990606
91.535,91.545,220.42100648546153
91.545,91.555,229.441739118371
91.555,91.565,242.0213426530026
91.565,91.575,245.12614562955912
91.575,91.585,246.02749602852873
91.585,91.595,245.66512449841525
91.595,91.605,244.25135881460767
91.605,91.615,242.682792041064
91.615,91.625,242.0434303000738
91.625,91.635,243.6342767358774
91.635,91.645,245.9550411862242
91.645,91.655,244.50731005842232
91.655,91.665,243.97965658477784
91.665,91.675,0.0
91.675,91.685,0.0
91.685,91.695,0.0
91.695,91.705,0.0
91.705,91.715,0.0
91.715,91.725,0.0
91.725,91.735,0.0
91.735,91.745,0.0
91.745,91.755,0.0
91.755,91.765,283.92966707995373
91.765,91.775,283.1898000880251
91.775,91.785,281.1077125946966
91.785,91.795,277.41309303747585
91.795,91.805,274.4475170454404
91.805,91.815,272.41779894768007
91.815,91.825,270.1580962200034
91.825,91.835,262.48931344794806
91.835,91.845,247.68205779687807
91.845,91.855,253.18318191953924
91.855,91.865,258.06389527368844
91.865,91.875,257.7588049774064
91.875,91.885,254.9812213554786
91.885,91.895,251.44453434490757
91.895,91.905,248.39869393809906
91.905,91.915,246.27311467619114
91.915,91.925,244.85549496802986
91.925,91.935,243.66676087002827
91.935,91.945,241.80245152086664
91.945,91.955,238.17746782821155
91.955,91.965,237.15258019869125
91.965,91.975,238.17802891456324
91.975,91.985,234.0107846884719
91.985,91.995,238.63151561977637
91.995,92.005,240.92270984807013
92.005,92.015,241.6803703779781
92.015,92.025,241.86782125396076
92.025,92.035,241.0459482852765
92.035,92.045,238.69904749838102
92.045,92.055,236.35384016453187
92.055,92.065,234.67908286170996
92.065,92.075,234.18716390337772
92.075,92.085,238.68115329476322
92.085,92.095,243.42164919069018
92.095,92.105,246.47761234458767
92.105,92.115,246.8675713839491
92.115,92.125,247.77485272109095
92.125,92.135,249.0369991032939
92.135,92.145,250.63240829954594
92.145,92.155,255.77730021081297
92.155,92.165,265.9834488256106
92.165,92.175,255.73365016205273
92.175,92.185,247.83892645274483
92.185,92.195,0.0
92.195,92.205,0.0
92.205,92.215,0.0
92.215,92.225,0.0
92.225,92.235,0.0
92.235,92.245,0.0
92.245,92.255,334.82790498665696
92.255,92.265,303.6561686090262
92.265,92.275,293.43040730571573
92.275,92.285,289.07786036796415
92.285,92.295,285.61687578919526
92.295,92.305,281.53852661885054
92.305,92.315,276.1697496714649
92.315,92.325,271.0862397870998
92.325,92.335,264.9643947631295
92.335,92.345,261.2561502119302
92.345,92.355,260.4039135417719
92.355,92.365,259.0921116643312
92.365,92.375,257.9913544451015
92.375,92.385,256.8661276544667
92.385,92.395,255.81634863408777
92.395,92.405,254.88887556067752
92.405,92.415,254.1292737773453
92.415,92.425,253.55006451313048
92.425,92.435,252.84318787416083
92.435,92.445,251.66061717620687
92.445,92.455,249.76432655169015
92.455,92.465,248.29375878525596
92.465,92.475,250.46745743246038
92.475,92.485,250.43235766624264
92.485,92.495,247.1401955473596
92.495,92.505,241.28808612368402
92.505,92.515,234.56896062415416
92.515,92.525,229.80546866543312
92.525,92.535,0.0
92.535,92.545,0.0
92.545,92.555,0.0
92.555,92.565,235.5228009897186
92.565,92.575,234.0770915367776
92.575,92.585,231.80763347834414
92.585,92.595,228.7673431342356
92.595,92.605,225.5511593904446
92.605,92.615,222.8800261424916
92.615,92.625,221.08068037768416
92.625,92.635,219.4229481746527
92.635,92.645,216.53412355581608
92.645,92.655,213.08031954832418
92.655,92.665,212.74247804051262
92.665,92.675,212.8342049633342
92.675,92.685,210.66824768729663
92.685,92.695,209.96111911793068
92.695,92.705,210.51723629048243
92.705,92.715,211.03853500927272
92.715,92.725,211.59059195408088
92.725,92.735,212.94553225877826
92.735,92.745,214.78372906178424
92.745,92.755,215.83427035137817
92.755,92.765,214.60694978524734
92.765,92.775,0.0
92.775,92.785,0.0
92.785,92.795,0.0
92.795,92.805,0.0
92.805,92.815,216.37973298830337
92.815,92.825,214.30659259363776
92.825,92.835,212.35036893275324
92.835,92.845,210.09654777862193
92.845,92.855,207.92882506592565
92.855,92.865,206.85214610941097
92.865,92.875,207.30565113069014
92.875,92.885,248.72326106682524
92.885,92.895,247.27003879749296
92.895,92.905,0.0
92.905,92.915,0.0
92.915,92.925,0.0
92.925,92.935,0.0
92.935,92.945,0.0
92.945,92.955,0.0
92.955,92.965,0.0
92.965,92.975,0.0
92.975,92.985,255.9241438340936
92.985,92.995,251.16671198528854
92.995,93.005,243.87373915529616
93.005,93.015,233.2230733502614
93.015,93.025,225.50107754968477
93.025,93.035,221.99483370103462
93.035,93.045,219.8480855094278
93.045,93.055,217.2757337206928
93.055,93.065,215.0394831118727
93.065,93.075,213.8881857927215
93.075,93.085,213.1492385720183
93.085,93.095,212.78233370794143
93.095,93.105,212.79478078957428
93.105,93.115,212.38882868838633
93.115,93.125,210.2657175184061
93.125,93.135,207.2886169466033
93.135,93.145,205.49348474654298
93.145,93.155,0.0
93.155,93.165,0.0
93.165,93.175,211.7399793986932
93.175,93.185,214.40999405624115
93.185,93.195,213.23655817293422
93.195,93.205,211.1709937984672
93.205,93.215,210.050432986857
93.215,93.225,210.2846002332799
93.225,93.235,211.56994440836704
93.235,93.245,214.1702280303486
93.245,93.255,218.8805035253902
93.255,93.265,223.0552178041506
93.265,93.275,0.0
93.275,93.285,0.0
93.285,93.295,0.0
93.295,93.305,0.0
93.305,93.315,0.0
93.315,93.325,0.0
93.325,93.335,0.0
93.335,93.345,242.36983418195092
93.345,93.355,234.10196612163992
93.355,93.365,228.88608464172583
93.365,93.375,224.3854934751104
93.375,93.385,220.84904751316762
93.385,93.395,218.69101486713978
93.395,93.405,216.6086004264503
93.405,93.415,214.65774515427088
93.415,93.425,215.04402569015093
93.425,93.435,215.16923221400398
93.435,93.445,210.60829181387075
93.445,93.455,210.12842489123307
93.455,93.465,209.94055715016435
93.465,93.475,209.52222718118992
93.475,93.485,209.0102465678168
93.485,93.495,208.77773956123582
93.495,93.505,209.16050446492093
93.505,93.515,210.262421994943
93.515,93.525,211.83126094207466
93.525,93.535,213.89614022578505
93.535,93.545,216.16714728264074
93.545,93.555,218.2968578278346
93.555,93.565,220.43756249259138
93.565,93.575,222.08105583570367
93.575,93.585,226.03072312275296
93.585,93.595,229.52308147135759
93.595,93.605,230.36165888598146
93.605,93.615,223.1772802132812
93.615,93.625,0.0
93.625,93.635,0.0
93.635,93.645,214.1390177441796
93.645,93.655,220.71459142949723
93.655,93.665,221.70783376304433
93.665,93.675,220.7402100847
93.675,93.685,219.28626353797176
93.685,93.695,217.82870337500273
93.695,93.705,216.36944008035334
93.705,93.715,214.50567412341672
93.715,93.725,209.57480283662588
93.725,93.735,201.6800492491964
93.735,93.745,203.0596489940262
93.745,93.755,205.62118611994958
93.755,93.765,205.70718940317357
93.765,93.775,203.5434311494171
93.775,93.785,202.62242919513716
93.785,93.795,201.8867747744639
93.795,93.805,201.1359602003727
93.805,93.815,200.58163146547645
93.815,93.825,200.1678394360202
93.825,93.835,199.77837933283718
93.835,93.845,199.58664867195213
93.845,93.855,199.6792201080863
93.855,93.865,199.677017446736
93.865,93.875,198.8945816943869
93.875,93.885,198.83116515937033
93.885,93.895,175.51325877690698
93.895,93.905,177.1509164542251
93.905,93.915,178.5936334211283
93.915,93.925,181.49433669657373
93.925,93.935,183.71645844960193
93.935,93.945,0.0
93.945,93.955,0.0
93.955,93.965,0.0
93.965,93.975,197.04305791517464
93.975,93.985,197.4121784617769
93.985,93.995,196.1657800467778
93.995,94.005,190.66487795319148
94.005,94.015,0.0
94.015,94.025,0.0
94.025,94.035,0.0
94.035,94.045,0.0
94.045,94.055,194.87520852763078
94.055,94.065,195.23615704496987
94.065,94.075,195.376598124935
94.075,94.085,197.30216034069377
94.085,94.095,198.85350142267578
94.095,94.105,199.6199688132272
94.105,94.115,199.98710634471988
94.115,94.125,199.7933409891784
94.125,94.135,199.1939651142774
94.135,94.145,198.29732689668168
94.145,94.155,197.48130837834972
94.155,94.165,0.0
94.165,94.175,0.0
94.175,94.185,197.24470451598887
94.185,94.195,197.7926237538048
94.195,94.205,198.1337922228852
94.205,94.215,197.9698423987927
94.215,94.225,197.47122366920289
94.225,94.235,197.0644096898074
94.235,94.245,196.92997679623545
94.245,94.255,196.94416045134648
94.255,94.265,197.0312852666982
94.265,94.275,0.0
94.275,94.285,0.0
94.285,94.295,0.0
94.295,94.305,0.0
94.305,94.315,0.0
94.315,94.325,0.0
94.325,94.335,0.0
94.335,94.345,0.0
94.345,94.355,0.0
94.355,94.365,0.0
94.365,94.375,0.0
94.375,94.385,0.0
94.385,94.395,196.774300119838
94.395,94.405,197.10322590421433
94.405,94.415,196.55765371243976
94.415,94.425,195.44757205742653
94.425,94.435,194.09302094570614
94.435,94.445,191.81200882831803
94.445,94.455,188.31498093962725
94.455,94.465,182.8165412340365
94.465,94.475,178.18465759639452
94.475,94.485,175.93458817330782
94.485,94.495,182.5172694709059
94.495,94.505,192.4124454540298
94.505,94.515,198.67283622737108
94.515,94.525,199.3498060759565
94.525,94.535,199.4592323194468
94.535,94.545,199.15617712308136
94.545,94.555,199.38814229647318
94.555,94.565,201.62327679457394
94.565,94.575,0.0
94.575,94.585,0.0
94.585,94.595,0.0
94.595,94.605,211.30776280115762
94.605,94.615,214.69059640358415
94.615,94.625,219.2059289102255
94.625,94.635,227.65363932936737
94.635,94.645,233.89632276307157
94.645,94.655,235.41189991545588
94.655,94.665,240.64403530119796
94.665,94.675,256.1355287152267
94.675,94.685,258.3285916708584
94.685,94.695,254.770849839332
94.695,94.705,0.0
94.705,94.715,0.0
94.715,94.725,0.0
94.725,94.735,0.0
94.735,94.745,0.0
94.745,94.755,0.0
94.755,94.765,0.0
94.765,94.775,0.0
94.775,94.785,0.0
94.785,94.795,0.0
94.795,94.805,0.0
94.805,94.815,0.0
94.815,94.825,237.4394540925571
94.825,94.835,231.381345429193
94.835,94.845,228.5210178711796
94.845,94.855,226.42132039405217
94.855,94.865,225.03559069116957
94.865,94.875,224.16548351413547
94.875,94.885,223.34192321208369
94.885,94.895,222.25781199342086
94.895,94.905,221.3744554365965
94.905,94.915,221.16878668844228
94.915,94.925,221.02472377756143
94.925,94.935,220.55974669987523
94.935,94.945,220.10994626062936
94.945,94.955,219.93959593179986
94.955,94.965,219.91880721813087
94.965,94.975,219.9309790193195
94.975,94.985,220.15144828545
94.985,94.995,220.69841801327854
94.995,95.005,221.47727549029233
95.005,95.015,221.94091340681305
95.015,95.025,221.70860769534292
95.025,95.035,220.92963520570012
95.035,95.045,219.84985115359723
95.045,95.055,218.69056498761205
95.055,95.065,217.75954004140274
95.065,95.075,215.8445885348064
95.075,95.085,206.95663870862575
95.085,95.095,203.89964204916294
95.095,95.105,0.0
95.105,95.115,0.0
95.115,95.125,199.17879840982297
95.125,95.135,202.40685335134907
95.135,95.145,208.42926910445604
95.145,95.155,211.13415649997827
95.155,95.165,211.52694841202592
95.165,95.175,210.60824644314255
95.175,95.185,209.43724115441867
95.185,95.195,208.7358040503166
95.195,95.205,208.47328293229998
95.205,95.215,208.5155382453904
95.215,95.225,208.82637751303096
95.225,95.235,208.99415318705726
95.235,95.245,208.4802657496808
95.245,95.255,207.35982789206463
95.255,95.265,205.97046159452677
95.265,95.275,204.54092154014128
95.275,95.285,203.53200637298283
95.285,95.295,203.1025106260967
95.295,95.305,203.00287814168803
95.305,95.315,203.23529753958914
95.315,95.325,203.75023103506865
95.325,95.335,204.13889582452111
95.335,95.345,204.10482139350674
95.345,95.355,203.6759965477466
95.355,95.365,203.07682559099902
95.365,95.375,202.52483381233517
95.375,95.385,201.91264287918773
95.385,95.395,201.00692567260938
95.395,95.405,199.91667445198024
95.405,95.415,199.05956818984276
95.415,95.425,198.58656732955384
95.425,95.435,198.37041751237302
95.435,95.445,198.29502184261364
95.445,95.455,198.10626401631617
95.455,95.465,197.50136250020032
95.465,95.475,196.32314566316109
95.475,95.485,194.94760026265192
95.485,95.495,194.01927578238679
95.495,95.505,193.32167535940397
95.505,95.515,192.58034677924854
95.515,95.525,191.89034792056586
95.525,95.535,191.3453858685825
95.535,95.545,191.43160323979154
95.545,95.555,192.06059467859416
95.555,95.565,192.29775354179762
95.565,95.575,192.14874240404072
95.575,95.585,191.9925476580352
95.585,95.595,191.8902241448079
95.595,95.605,191.46947431721998
95.605,95.615,190.2335531597303
95.615,95.625,188.6577584390351
95.625,95.635,187.64914814311473
95.635,95.645,186.77471955942377
95.645,95.655,185.7332718213349
95.655,95.665,184.5711047643604
95.665,95.675,183.40671201399874
95.675,95.685,182.81271760921783
95.685,95.695,182.85748858211468
95.695,95.705,182.92833263263208
95.705,95.715,182.9304307265772
95.715,95.725,183.31199692155053
95.725,95.735,183.87111907703246
95.735,95.745,184.04530602097117
95.745,95.755,184.27737892148394
95.755,95.765,185.0180242408879
95.765,95.775,185.65008946875636
95.775,95.785,185.88040247401815
95.785,95.795,185.99739571514598
95.795,95.805,186.1489108517131
95.805,95.815,186.1127760230554
95.815,95.825,185.86626927441077
95.825,95.835,185.60962102056476
95.835,95.845,185.31862321585993
95.845,95.855,184.94909888519197
95.855,95.865,184.55306083709493
95.865,95.875,184.07253099134286
95.875,95.885,183.49315008324012
95.885,95.895,182.80466152700734
95.895,95.905,181.8622275563905
95.905,95.915,180.8350042262608
95.915,95.925,180.3424141970425
95.925,95.935,180.50680336152996
95.935,95.945,181.1278105882319
95.945,95.955,182.10760973818316
95.955,95.965,183.22360882010352
95.965,95.975,183.8369947143804
95.975,95.985,183.39434477370267
95.985,95.995,181.97945903267842
95.995,96.005,179.3146139034137
96.005,96.015,175.40338138422527
96.015,96.025,173.48102030665726
96.025,96.035,172.30854998114157
96.035,96.045,170.44810544257288
96.045,96.055,170.22397270762693
96.055,96.065,0.0
96.065,96.075,0.0
96.075,96.085,0.0
96.085,96.095,0.0
96.095,96.105,0.0
96.105,96.115,0.0
96.115,96.125,0.0
96.125,96.135,0.0
96.135,96.145,0.0
96.145,96.155,0.0
96.155,96.165,0.0
96.165,96.175,0.0
96.175,96.185,0.0
96.185,96.195,0.0
96.195,96.205,0.0
96.205,96.215,0.0
96.215,96.225,0.0
96.225,96.235,0.0
96.235,96.245,0.0
96.245,96.255,0.0
96.255,96.265,0.0
96.265,96.275,0.0
96.275,96.285,0.0
96.285,96.295,0.0
96.295,96.305,0.0
96.305,96.315,0.0
96.315,96.325,0.0
96.325,96.335,0.0
96.335,96.345,0.0
96.345,96.355,0.0
96.355,96.365,214.83393314652855
96.365,96.375,213.27835768839415
96.375,96.385,213.30422523751812
96.385,96.395,213.48070849290133
96.395,96.405,212.8832521533528
96.405,96.415,211.13861376599291
96.415,96.425,209.24494936780167
96.425,96.435,207.9755680468739
96.435,96.445,206.2215812774812
96.445,96.455,202.24522967531954
96.455,96.465,203.73888604988028
96.465,96.475,204.91513243915213
96.475,96.485,205.65732660594693
96.485,96.495,206.55221672561174
96.495,96.505,207.93932016850016
96.505,96.515,209.38857638984635
96.515,96.525,208.13409321939508
96.525,96.535,207.82356511238177
96.535,96.545,209.4240188222394
96.545,96.555,208.9483101275358
96.555,96.565,206.47763623684278
96.565,96.575,202.71506905997256
96.575,96.585,200.26882037611955
96.585,96.595,198.71481534623163
96.595,96.605,197.74990953211193
96.605,96.615,197.51099251703556
96.615,96.625,197.97625124595496
96.625,96.635,198.40356980909831
96.635,96.645,198.39236894030137
96.645,96.655,198.35855866411413
96.655,96.665,199.2318964421749
96.665,96.675,200.58368759301467
96.675,96.685,201.23376040402908
96.685,96.695,202.60131743610637
96.695,96.705,204.19062508149165
96.705,96.715,205.0845471919864
96.715,96.725,205.5298364114894
96.725,96.735,205.7256085839701
96.735,96.745,205.48561397146108
96.745,96.755,204.6815385435214
96.755,96.765,203.08979772782772
96.765,96.775,200.80515616856763
96.775,96.785,196.5671353214857
96.785,96.795,194.07313584511738
96.795,96.805,195.0656249698294
96.805,96.815,197.43277402887648
96.815,96.825,198.3349299279114
96.825,96.835,198.20681806834435
96.835,96.845,198.01877339697168
96.845,96.855,198.16179121660892
96.855,96.865,198.13221896701546
96.865,96.875,197.46065036724028
96.875,96.885,195.70413931057408
96.885,96.895,0.0
96.895,96.905,0.0
96.905,96.915,191.6988308666963
96.915,96.925,190.84659492603467
96.925,96.935,190.85596456450978
96.935,96.945,190.8182621919888
96.945,96.955,190.554134444126
96.955,96.965,190.03962351489383
96.965,96.975,189.60563487259716
96.975,96.985,189.5530876806284
96.985,96.995,189.7040122468707
96.995,97.005,190.00033518354454
97.005,97.015,190.66302276804115
97.015,97.025,192.2376215076388
97.025,97.035,195.07927001478808
97.035,97.045,197.82136527176542
97.045,97.055,200.30550578706877
97.055,97.065,202.24257265643172
97.065,97.075,203.9022106200567
97.075,97.085,205.77903751143182
97.085,97.095,207.24682579359555
97.095,97.105,207.62753516391035
97.105,97.115,207.71550308378548
97.115,97.125,207.90009197936274
97.125,97.135,208.74269786518803
97.135,97.145,209.51472610392668
97.145,97.155,209.1345372376137
97.155,97.165,207.97964716048926
97.165,97.175,207.12550162323316
97.175,97.185,204.55259509128436
97.185,97.195,200.86758463445102
97.195,97.205,200.86941501151512
97.205,97.215,200.85142861286408
97.215,97.225,200.14325120988394
97.225,97.235,198.58622630507242
97.235,97.245,196.4204981789462
97.245,97.255,194.21986238028435
97.255,97.265,192.18262190910113
97.265,97.275,190.68303862543752
97.275,97.285,190.27612619210507
97.285,97.295,0.0
97.295,97.305,0.0
97.305,97.315,0.0
97.315,97.325,0.0
97.325,97.335,0.0
97.335,97.345,0.0
97.345,97.355,0.0
97.355,97.365,0.0
97.365,97.375,0.0
97.375,97.385,0.0
97.385,97.395,0.0
97.395,97.405,0.0
97.405,97.415,0.0
97.415,97.425,0.0
97.425,97.435,167.80236271735404
97.435,97.445,165.38115677247043
97.445,97.455,161.80912647527498
97.455,97.465,158.95101038610542
97.465,97.475,156.75998775817155
97.475,97.485,155.3941905779622
97.485,97.495,154.79765699460083
97.495,97.505,153.7515244272397
97.505,97.515,151.91375388830184
97.515,97.525,150.31142526983618
97.525,97.535,149.6757477917096
97.535,97.545,149.32831082225758
97.545,97.555,149.16461818267825
97.555,97.565,149.5959886421274
97.565,97.575,150.41458845880265
97.575,97.585,151.5160868031735
97.585,97.595,153.15644254886988
97.595,97.605,155.70548875286906
97.605,97.615,0.0
97.615,97.625,0.0
97.625,97.635,0.0
97.635,97.645,0.0
97.645,97.655,0.0
97.655,97.665,0.0
97.665,97.675,0.0
97.675,97.685,0.0
97.685,97.695,0.0
97.695,97.705,0.0
97.705,97.715,0.0
97.715,97.725,0.0
97.725,97.735,0.0
97.735,97.745,0.0
97.745,97.755,209.4135914371001
97.755,97.765,205.3557136180426
97.765,97.775,203.64153463644206
97.775,97.785,203.5587749937594
97.785,97.795,204.39416120614666
97.795,97.805,205.56427622737667
97.805,97.815,206.8507452058676
97.815,97.825,208.25085818453474
97.825,97.835,209.78565844515592
97.835,97.845,211.49456829763085
97.845,97.855,212.96494174528033
97.855,97.865,214.2112172329424
97.865,97.875,215.63828671754297
97.875,97.885,216.92630434177858
97.885,97.895,218.0680350932578
97.895,97.905,219.58050060312704
97.905,97.915,221.27521110600014
97.915,97.925,223.10577630976925
97.925,97.935,225.16323179039418
97.935,97.945,226.753100846901
97.945,97.955,228.04488248798233
97.955,97.965,229.37253944740968
97.965,97.975,230.80140255071876
97.975,97.985,232.80741962434942
97.985,97.995,234.75493286581752
97.995,98.005,235.5402165030645
98.005,98.015,234.73838722543596
98.015,98.025,231.6234177652093
98.025,98.035,232.67655947032813
98.035,98.045,234.03718184141326
98.045,98.055,244.93804352120844
98.055,98.065,248.01832838415638
98.065,98.075,249.93367708582093
98.075,98.085,251.25721663017472
98.085,98.095,252.45754422275502
98.095,98.105,253.87764786838667
98.105,98.115,255.5477456625969
98.115,98.125,257.25447120747003
98.125,98.135,258.8724487894743
98.135,98.145,261.70331735669225
98.145,98.155,281.84923135790444
98.155,98.165,285.4698530822554
98.165,98.175,267.7829600189702
98.175,98.185,258.25460878980965
98.185,98.195,256.45488324154496
98.195,98.205,0.0
98.205,98.215,0.0
98.215,98.225,0.0
98.225,98.235,0.0
98.235,98.245,0.0
98.245,98.255,0.0
98.255,98.265,0.0
98.265,98.275,0.0
98.275,98.285,0.0
98.285,98.295,0.0
98.295,98.305,0.0
98.305,98.315,0.0
98.315,98.325,0.0
98.325,98.335,0.0
98.335,98.345,237.85115022784086
98.345,98.355,234.10379695708394
98.355,98.365,227.44242545902404
98.365,98.375,223.9728711875973
98.375,98.385,221.29953367077286
98.385,98.395,219.07764983298188
98.395,98.405,217.69614597851825
98.405,98.415,216.58393907678604
98.415,98.425,215.15938693732886
98.425,98.435,213.43667143764907
98.435,98.445,211.63131896096434
98.445,98.455,210.30705000416674
98.455,98.465,209.82415506397084
98.465,98.475,209.93803930534474
98.475,98.485,210.26202666543446
98.485,98.495,210.40862245271072
98.495,98.505,210.1127625872732
98.505,98.515,209.21877926668043
98.515,98.525,207.95798347071099
98.525,98.535,206.69176021882058
98.535,98.545,205.1593037743856
98.545,98.555,203.09604962399794
98.555,98.565,201.2087394184754
98.565,98.575,199.63820233680428
98.575,98.585,198.152289250197
98.585,98.595,197.04738941461702
98.595,98.605,196.75331030931474
98.605,98.615,197.39239150153935
98.615,98.625,198.91795640430672
98.625,98.635,201.12298240145952
98.635,98.645,202.80213867182727
98.645,98.655,204.1429841072942
98.655,98.665,0.0
98.665,98.675,0.0
98.675,98.685,0.0
98.685,98.695,0.0
98.695,98.705,0.0
98.705,98.715,0.0
98.715,98.725,0.0
98.725,98.735,0.0
98.735,98.745,0.0
98.745,98.755,253.9268821403906
98.755,98.765,247.71897724564744
98.765,98.775,234.89446138167943
98.775,98.785,221.76964492800536
98.785,98.795,219.10879829532723
98.795,98.805,217.1406777059594
98.805,98.815,216.15840833623383
98.815,98.825,217.09023095350054
98.825,98.835,211.23887970817373
98.835,98.845,205.41359973428013
98.845,98.855,205.89374505280145
98.855,98.865,207.5480238538712
98.865,98.875,206.14055617613852
98.875,98.885,205.26078482315367
98.885,98.895,205.64643947734191
98.895,98.905,220.39113475613541
98.905,98.915,228.92021742095997
98.915,98.925,230.01640298447944
98.925,98.935,0.0
98.935,98.945,0.0
98.945,98.955,0.0
98.955,98.965,0.0
98.965,98.975,0.0
98.975,98.985,0.0
98.985,98.995,0.0
98.995,99.005,0.0
99.005,99.015,0.0
99.015,99.025,0.0
99.025,99.035,0.0
99.035,99.045,0.0
99.045,99.055,0.0
99.055,99.065,0.0
99.065,99.075,0.0
99.075,99.085,239.44849360557316
99.085,99.095,237.80293842921904
99.095,99.105,233.6559150838382
99.105,99.115,230.13329621861212
99.115,99.125,227.9227907871302
99.125,99.135,224.1564882904276
99.135,99.145,221.0192262567456
99.145,99.155,218.05261836546626
99.155,99.165,216.75015449205443
99.165,99.175,215.98503232175432
99.175,99.185,0.0
99.185,99.195,0.0
99.195,99.205,222.0441248322025
99.205,99.215,223.16080019318628
99.215,99.225,222.43970002336297
99.225,99.235,221.60598980123407
99.235,99.245,220.87533285383935
99.245,99.255,219.9362069566061
99.255,99.265,219.11857246176135
99.265,99.275,218.9651704723672
99.275,99.285,219.72523269745244
99.285,99.295,221.05038060094233
99.295,99.305,212.4862990768486
99.305,99.315,201.78744248102765
99.315,99.325,0.0
99.325,99.335,0.0
99.335,99.345,213.31983422018277
99.345,99.355,213.8285282369328
99.355,99.365,235.00384710073797
99.365,99.375,236.03446128443855
99.375,99.385,236.81764077637038
99.385,99.395,237.28585342663524
99.395,99.405,236.57432379279985
99.405,99.415,0.0
99.415,99.425,0.0
99.425,99.435,0.0
99.435,99.445,0.0
99.445,99.455,0.0
99.455,99.465,0.0
99.465,99.475,0.0
99.475,99.485,0.0
99.485,99.495,0.0
99.495,99.505,0.0
99.505,99.515,0.0
99.515,99.525,0.0
99.525,99.535,235.27742370511757
99.535,99.545,231.79709319459226
99.545,99.555,229.58546147901197
99.555,99.565,227.59159940054192
99.565,99.575,224.66800519949058
99.575,99.585,221.03021962258978
99.585,99.595,218.19666767707443
99.595,99.605,216.5968462445102
99.605,99.615,215.7707802987312
99.615,99.625,214.64923169246174
99.625,99.635,212.26268284165658
99.635,99.645,209.26719513564544
99.645,99.655,0.0
99.655,99.665,0.0
99.665,99.675,0.0
99.675,99.685,0.0
99.685,99.695,0.0
99.695,99.705,0.0
99.705,99.715,0.0
99.715,99.725,0.0
99.725,99.735,0.0
99.735,99.745,0.0
99.745,99.755,0.0
99.755,99.765,0.0
99.765,99.775,0.0
99.775,99.785,0.0
99.785,99.795,0.0
99.795,99.805,0.0
99.805,99.815,0.0
99.815,99.825,0.0
99.825,99.835,0.0
99.835,99.845,0.0
99.845,99.855,0.0
99.855,99.865,0.0
99.865,99.875,0.0
99.875,99.885,0.0
99.885,99.895,0.0
99.895,99.905,0.0
99.905,99.915,0.0
99.915,99.925,0.0
99.925,99.935,0.0
99.935,99.945,0.0
99.945,99.955,0.0
99.955,99.965,0.0
99.965,99.975,0.0
99.975,99.985,0.0
99.985,99.995,0.0
99.995,100.005,0.0
100.005,100.015,0.0
100.015,100.025,0.0
100.025,100.035,0.0
100.035,100.045,0.0
100.045,100.055,0.0
100.055,100.065,178.48022188800098
100.065,100.075,179.8036329391111
100.075,100.085,181.36406990907963
100.085,100.095,183.1048395555019
100.095,100.105,184.95658750791299
100.105,100.115,186.36602397974352
100.115,100.125,186.42877930250026
100.125,100.135,184.80153849917608
100.135,100.145,0.0
100.145,100.155,0.0
100.155,100.165,0.0
100.165,100.175,0.0
100.175,100.185,0.0
100.185,100.195,0.0
100.195,100.205,205.34720529416657
100.205,100.215,201.50808142247237
100.215,100.225,199.98057654119393
100.225,100.235,199.5374855876579
100.235,100.245,199.78212367708667
100.245,100.255,200.57924322163052
100.255,100.265,201.54817614117496
100.265,100.275,202.4045585508583
100.275,100.285,202.8174098342604
100.285,100.295,201.84353033646056
100.295,100.305,199.21283922761597
100.305,100.315,196.87854896649694
100.315,100.325,197.36644067758638
100.325,100.335,0.0
100.335,100.345,0.0
100.345,100.355,0.0
100.355,100.365,0.0
100.365,100.375,0.0
100.375,100.385,0.0
100.385,100.395,192.36594674714885
100.395,100.405,189.7362178581108
100.405,100.415,187.7219748173534
100.415,100.425,185.86996545135912
100.425,100.435,183.97323594698935
100.435,100.445,181.8906750869804
100.445,100.455,180.4322109296029
100.455,100.465,173.08070779352886
100.465,100.475,167.4690679419443
100.475,100.485,168.01260644265327
100.485,100.495,172.71630801649164
100.495,100.505,181.54079797850085
100.505,100.515,182.81399568261986
100.515,100.525,182.5919551967098
100.525,100.535,180.6765699881251
100.535,100.545,178.40207620386101
100.545,100.555,176.86725929869397
100.555,100.565,0.0
100.565,100.575,0.0
100.575,100.585,0.0
100.585,100.595,0.0
100.595,100.605,0.0
100.605,100.615,0.0
100.615,100.625,0.0
100.625,100.635,0.0
100.635,100.645,0.0
100.645,100.655,0.0
100.655,100.665,0.0
100.665,100.675,0.0
100.675,100.685,201.01642583181194
100.685,100.695,203.74886409044544
100.695,100.705,205.91811404747807
100.705,100.715,208.46607406631537
100.715,100.725,210.21406727444935
100.725,100.735,211.25277051990497
100.735,100.745,212.19140058610006
100.745,100.755,213.08582289557498
100.755,100.765,214.16801982262575
100.765,100.775,215.69970524635366
100.775,100.785,217.2237656124582
100.785,100.795,218.10858278045058
100.795,100.805,218.041938194261
100.805,100.815,217.39113650297514
100.815,100.825,216.8483879509345
100.825,100.835,216.65819548770108
100.835,100.845,0.0
100.845,100.855,0.0
100.855,100.865,0.0
100.865,100.875,0.0
100.875,100.885,0.0
100.885,100.895,0.0
100.895,100.905,0.0
100.905,100.915,0.0
100.915,100.925,0.0
100.925,100.935,0.0
100.935,100.945,0.0
100.945,100.955,0.0
100.955,100.965,0.0
100.965,100.975,0.0
100.975,100.985,0.0
100.985,100.995,0.0
100.995,101.005,0.0
101.005,101.015,0.0
101.015,101.025,0.0
101.025,101.035,0.0
101.035,101.045,0.0
101.045,101.055,0.0
101.055,101.065,0.0
101.065,101.075,0.0
101.075,101.085,0.0
101.085,101.095,201.3509663736281
101.095,101.105,198.00477674906475
101.105,101.115,194.9661507017129
101.115,101.125,192.55380866403524
101.125,101.135,190.86857282910117
101.135,101.145,190.20868152837525
101.145,101.155,190.72128028189658
101.155,101.165,192.111326055072
101.165,101.175,0.0
101.175,101.185,0.0
101.185,101.195,0.0
101.195,101.205,0.0
101.205,101.215,0.0
101.215,101.225,0.0
101.225,101.235,0.0
101.235,101.245,0.0
101.245,101.255,0.0
101.255,101.265,0.0
101.265,101.275,0.0
101.275,101.285,0.0
101.285,101.295,0.0
101.295,101.305,0.0
101.305,101.315,0.0
101.315,101.325,0.0
101.325,101.335,0.0
101.335,101.345,0.0
101.345,101.355,0.0
101.355,101.365,0.0
101.365,101.375,0.0
101.375,101.385,0.0
101.385,101.395,0.0
101.395,101.405,0.0
101.405,101.415,0.0
101.415,101.425,0.0
101.425,101.435,0.0
101.435,101.445,0.0
101.445,101.455,0.0
101.455,101.465,0.0
101.465,101.475,0.0
101.475,101.485,0.0
101.485,101.495,0.0
101.495,101.505,0.0
101.505,101.515,0.0
101.515,101.525,0.0
101.525,101.535,0.0
101.535,101.545,0.0
101.545,101.555,0.0
101.555,101.565,0.0
101.565,101.575,0.0
101.575,101.585,0.0
101.585,101.595,0.0
101.595,101.605,0.0
101.605,101.615,0.0
101.615,101.625,0.0
101.625,101.635,0.0
101.635,101.645,180.9009715748201
101.645,101.655,183.23540365800966
101.655,101.665,186.21697043756214
101.665,101.675,188.44966585118067
101.675,101.685,188.1913326950522
101.685,101.695,185.13803152546032
101.695,101.705,0.0
101.705,101.715,0.0
101.715,101.725,0.0
101.725,101.735,0.0
101.735,101.745,0.0
101.745,101.755,0.0
101.755,101.765,0.0
101.765,101.775,0.0
101.775,101.785,0.0
101.785,101.795,226.41628426420678
101.795,101.805,223.97682747372087
101.805,101.815,223.68315377471671
101.815,101.825,224.75492396783272
101.825,101.835,225.7891019692519
101.835,101.845,226.63267126643152
101.845,101.855,227.46536086642698
101.855,101.865,228.20269359861283
101.865,101.875,228.7171644075746
101.875,101.885,227.9328187627788
101.885,101.895,215.43066130109275
101.895,101.905,209.82990316612936
101.905,101.915,209.6971640436872
101.915,101.925,209.16869704601598
101.925,101.935,207.0349949960207
101.935,101.945,202.8642874309902
101.945,101.955,200.0422133602095
101.955,101.965,191.56109230265898
101.965,101.975,0.0
101.975,101.985,0.0
101.985,101.995,0.0
101.995,102.005,0.0
102.005,102.015,0.0
102.015,102.025,0.0
102.025,102.035,0.0
102.035,102.045,211.03937212781898
102.045,102.055,208.77651975986655
102.055,102.065,206.15284369967927
102.065,102.075,201.37900795928047
102.075,102.085,200.9412559476865
102.085,102.095,201.81319039449664
102.095,102.105,203.24232517277852
102.105,102.115,204.7370795566791
102.115,102.125,205.66596092583015
102.125,102.135,207.00709011562412
102.135,102.145,207.76784626713254
102.145,102.155,206.17448258987488
102.155,102.165,197.0047912352341
102.165,102.175,199.33589652613117
102.175,102.185,206.913915379064
102.185,102.195,207.94129758401147
102.195,102.205,207.04174144578437
102.205,102.215,205.1116611200926
102.215,102.225,201.2421006330978
102.225,102.235,194.91532325478747
102.235,102.245,0.0
102.245,102.255,0.0
102.255,102.265,0.0
102.265,102.275,0.0
102.275,102.285,0.0
102.285,102.295,0.0
102.295,102.305,0.0
102.305,102.315,0.0
102.315,102.325,242.36082227401533
102.325,102.335,241.9199102772745
102.335,102.345,241.79047269374556
102.345,102.355,241.17470687438376
102.355,102.365,238.9557833853772
102.365,102.375,235.14593946462935
102.375,102.385,230.6832748076184
102.385,102.395,226.88566691289506
102.395,102.405,0.0
102.405,102.415,0.0
102.415,102.425,0.0
102.425,102.435,0.0
102.435,102.445,0.0
102.445,102.455,0.0
102.455,102.465,0.0
102.465,102.475,0.0
102.475,102.485,0.0
102.485,102.495,0.0
102.495,102.505,0.0
102.505,102.515,0.0
102.515,102.525,0.0
102.525,102.535,0.0
102.535,102.545,220.87299949436232
102.545,102.555,219.35336125096094
102.555,102.565,219.72236977371531
102.565,102.575,220.7306045400428
102.575,102.585,221.38753683865548
102.585,102.595,222.72492417344782
102.595,102.605,225.37795644681648
102.605,102.615,228.0343384652056
102.615,102.625,229.74157458640565
102.625,102.635,230.0602451995528
102.635,102.645,229.6646454675717
102.645,102.655,229.10049854312808
102.655,102.665,228.59105644473743
102.665,102.675,227.9870783908476
102.675,102.685,217.62936551200528
102.685,102.695,214.07384004330717
102.695,102.705,213.99449389197574
102.705,102.715,211.40202145265172
102.715,102.725,208.81602742269794
102.725,102.735,206.81774285944786
102.735,102.745,204.49192304826602
102.745,102.755,201.8112116779739
102.755,102.765,198.901162420131
102.765,102.775,196.3515199488679
102.775,102.785,0.0
102.785,102.795,0.0
102.795,102.805,0.0
102.805,102.815,0.0
102.815,102.825,199.12723306759884
102.825,102.835,199.10944103720257
102.835,102.845,198.44490182356776
102.845,102.855,197.62480797900562
102.855,102.865,197.32618835871
102.865,102.875,197.39767507441823
102.875,102.885,197.37088493035802
102.885,102.895,196.79475788753632
102.895,102.905,194.83362438256412
102.905,102.915,0.0
102.915,102.925,0.0
102.925,102.935,0.0
102.935,102.945,0.0
102.945,102.955,196.08965387213158
102.955,102.965,197.26396830842467
102.965,102.975,196.39399318043195
102.975,102.985,193.97403940280145
102.985,102.995,192.26912169922335
102.995,103.005,191.45810635170258
103.005,103.015,191.09486967155112
103.015,103.025,191.25279484032438
103.025,103.035,191.2467033511961
103.035,103.045,191.09309659017416
103.045,103.055,191.1173708985019
103.055,103.065,191.0885755964648
103.065,103.075,190.44121526625324
103.075,103.085,0.0
103.085,103.095,0.0
103.095,103.105,0.0
103.105,103.115,0.0
103.115,103.125,193.8594330192408
103.125,103.135,193.90596017289482
103.135,103.145,194.39654720904724
103.145,103.155,194.28872209172735
103.155,103.165,193.68038673404877
103.165,103.175,193.34460315259315
103.175,103.185,193.17234915185395
103.185,103.195,192.53836366078866
103.195,103.205,190.8565496108711
103.205,103.215,188.027321595211
103.215,103.225,184.99326267800225
103.225,103.235,0.0
103.235,103.245,0.0
103.245,103.255,0.0
103.255,103.265,0.0
103.265,103.275,0.0
103.275,103.285,216.63051710445382
103.285,103.295,215.82768671259282
103.295,103.305,215.07463063023667
103.305,103.315,213.62639428201828
103.315,103.325,213.9872260178994
103.325,103.335,234.1813876994914
103.335,103.345,242.52285331344933
103.345,103.355,242.63834011747593
103.355,103.365,238.06336829247797
103.365,103.375,0.0
103.375,103.385,0.0
103.385,103.395,0.0
103.395,103.405,0.0
103.405,103.415,0.0
103.415,103.425,0.0
103.425,103.435,0.0
103.435,103.445,0.0
103.445,103.455,0.0
103.455,103.465,0.0
103.465,103.475,0.0
103.475,103.485,0.0
103.485,103.495,0.0
103.495,103.505,227.82507158211214
103.505,103.515,221.73381558579632
103.515,103.525,218.87223116919694
103.525,103.535,214.98831844287085
103.535,103.545,210.23810627544088
103.545,103.555,206.76874682710178
103.555,103.565,204.10505925498936
103.565,103.575,201.50628114948574
103.575,103.585,199.2349016192996
103.585,103.595,198.02587519155463
103.595,103.605,197.57994103472865
103.605,103.615,197.69545029467875
103.615,103.625,198.3250746793539
103.625,103.635,199.11841442778393
103.635,103.645,200.26944842264376
103.645,103.655,202.39523503689614
103.655,103.665,204.27186924123188
103.665,103.675,204.83739858781678
103.675,103.685,203.8784962767846
103.685,103.695,0.0
103.695,103.705,0.0
103.705,103.715,0.0
103.715,103.725,0.0
103.725,103.735,197.32000760767795
103.735,103.745,196.55630296523893
103.745,103.755,195.78516629369875
103.755,103.765,194.68155208794275
103.765,103.775,193.76200552276262
103.775,103.785,193.20928312851075
103.785,103.795,193.11983647349294
103.795,103.805,193.54706876133693
103.805,103.815,194.5224171195499
103.815,103.825,195.62667458766228
103.825,103.835,196.56946291299278
103.835,103.845,197.13735772692954
103.845,103.855,196.85295488699103
103.855,103.865,195.54719247244876
103.865,103.875,193.75677735607508
103.875,103.885,192.65155420482935
103.885,103.895,192.61300159810122
103.895,103.905,193.02538465972532
103.905,103.915,0.0
103.915,103.925,0.0
103.925,103.935,0.0
103.935,103.945,0.0
103.945,103.955,0.0
103.955,103.965,0.0
103.965,103.975,0.0
103.975,103.985,0.0
103.985,103.995,0.0
103.995,104.005,0.0
104.005,104.015,0.0
104.015,104.025,0.0
104.025,104.035,0.0
104.035,104.045,0.0
104.045,104.055,0.0
104.055,104.065,171.66055468156114
104.065,104.075,175.29195876729108
104.075,104.085,177.4300180590568
104.085,104.095,179.3855955271529
104.095,104.105,183.9505240525026
104.105,104.115,212.74296373349844
104.115,104.125,212.59334839991527
104.125,104.135,0.0
104.135,104.145,0.0
104.145,104.155,0.0
104.155,104.165,0.0
104.165,104.175,0.0
104.175,104.185,0.0
104.185,104.195,0.0
104.195,104.205,0.0
104.205,104.215,0.0
104.215,104.225,217.54014014356414
104.225,104.235,209.6985895175131
104.235,104.245,208.37116361810473
104.245,104.255,207.75073841880123
104.255,104.265,206.79209295580304
104.265,104.275,199.2920003954455
104.275,104.285,0.0
104.285,104.295,0.0
104.295,104.305,190.69322581023027
104.305,104.315,198.33853027356105
104.315,104.325,199.28753066757716
104.325,104.335,199.23487600868341
104.335,104.345,198.6105396218658
104.345,104.355,198.2896408249366
104.355,104.365,198.54658344352774
104.365,104.375,199.03660727213872
104.375,104.385,199.5687183068369
104.385,104.395,200.0245080334144
104.395,104.405,200.45923557688505
104.405,104.415,202.33802134306652
104.415,104.425,207.86329786264577
104.425,104.435,214.13955183432918
104.435,104.445,216.7493469083231
104.445,104.455,216.5695780408461
104.455,104.465,213.4193186940977
104.465,104.475,0.0
104.475,104.485,0.0
104.485,104.495,0.0
104.495,104.505,0.0
104.505,104.515,0.0
104.515,104.525,0.0
104.525,104.535,0.0
104.535,104.545,0.0
104.545,104.555,208.00608375880645
104.555,104.565,205.4525440315494
104.565,104.575,202.49304237158336
104.575,104.585,199.18584760381702
104.585,104.595,196.34864073227018
104.595,104.605,193.10254030187357
104.605,104.615,188.8571870086811
104.615,104.625,0.0
104.625,104.635,0.0
104.635,104.645,0.0
104.645,104.655,0.0
104.655,104.665,195.75083965230482
104.665,104.675,195.35802379977395
104.675,104.685,195.02321426825233
104.685,104.695,194.58890966686806
104.695,104.705,194.09264277440332
104.705,104.715,193.6404725715004
104.715,104.725,193.3180520219838
104.725,104.735,193.12288695604389
104.735,104.745,193.00179441113087
104.745,104.755,192.69154122619145
104.755,104.765,192.17291413006475
104.765,104.775,191.92669127838212
104.775,104.785,0.0
104.785,104.795,0.0
104.795,104.805,0.0
104.805,104.815,0.0
104.815,104.825,0.0
104.825,104.835,0.0
104.835,104.845,205.73447541159638
104.845,104.855,210.8360506996649
104.855,104.865,213.12105777572052
104.865,104.875,209.6132950149961
104.875,104.885,0.0
104.885,104.895,0.0
104.895,104.905,0.0
104.905,104.915,0.0
104.915,104.925,0.0
104.925,104.935,0.0
104.935,104.945,0.0
104.945,104.955,0.0
104.955,104.965,0.0
104.965,104.975,198.89368246999695
104.975,104.985,197.66880685653263
104.985,104.995,196.92838291579554
104.995,105.005,196.3691177521779
105.005,105.015,195.42888715721833
105.015,105.025,193.64636469413
105.025,105.035,191.19466368043604
105.035,105.045,189.2893990732766
105.045,105.055,188.06482223441472
105.055,105.065,187.35814287478865
105.065,105.075,187.12743171539623
105.075,105.085,186.999539072924
105.085,105.095,187.0871440873009
105.095,105.105,187.49366397395502
105.105,105.115,187.9273147632359
105.115,105.125,189.04131697019318
105.125,105.135,190.57436317073748
105.135,105.145,191.29592967630433
105.145,105.155,191.33924299606656
105.155,105.165,191.15333003661078
105.165,105.175,0.0
105.175,105.185,0.0
105.185,105.195,0.0
105.195,105.205,0.0
105.205,105.215,0.0
105.215,105.225,0.0
105.225,105.235,0.0
105.235,105.245,0.0
105.245,105.255,0.0
105.255,105.265,0.0
105.265,105.275,0.0
105.275,105.285,0.0
105.285,105.295,202.9976059640879
105.295,105.305,203.45708318043881
105.305,105.315,202.7569949815476
105.315,105.325,200.61878507300705
105.325,105.335,197.80129062012216
105.335,105.345,194.66444398175554
105.345,105.355,191.46399065664642
105.355,105.365,189.0560190569116
105.365,105.375,187.95151216363823
105.375,105.385,189.41896943793859
105.385,105.395,192.48975330471725
105.395,105.405,189.5966601149196
105.405,105.415,188.35445455366488
105.415,105.425,189.2546250763334
105.425,105.435,193.2519113035506
105.435,105.445,194.09800451923135
105.445,105.455,194.12976392365073
105.455,105.465,193.89177543587783
105.465,105.475,193.9244422657467
105.475,105.485,196.2586846246188
105.485,105.495,199.18306450931408
105.495,105.505,202.56640901393754
105.505,105.515,207.42424735133713
105.515,105.525,214.9251198388968
105.525,105.535,220.71289113625852
105.535,105.545,221.9733765467556
105.545,105.555,223.64564379570086
105.555,105.565,226.12815024615213
105.565,105.575,228.56369825488238
105.575,105.585,230.61869048093098
105.585,105.595,232.2461199897079
105.595,105.605,233.42458689055576
105.605,105.615,234.17726918016018
105.615,105.625,234.73232166218207
105.625,105.635,235.2938871280668
105.635,105.645,236.00688243370357
105.645,105.655,236.84591714336287
105.655,105.665,237.59853366334045
105.665,105.675,237.97539662588085
105.675,105.685,237.74206837466718
105.685,105.695,236.96361795810353
105.695,105.705,235.81337066781535
105.705,105.715,234.78140934737942
105.715,105.725,234.11694209506913
105.725,105.735,233.32334239192102
105.735,105.745,231.897095990329
105.745,105.755,231.4461502947219
105.755,105.765,231.87777897193234
105.765,105.775,231.41392205305735
105.775,105.785,232.28340790872707
105.785,105.795,234.34306084071653
105.795,105.805,233.2943633070295
105.805,105.815,230.92520954424734
105.815,105.825,228.55281006132728
105.825,105.835,226.75473755133277
105.835,105.845,226.0482432589806
105.845,105.855,226.37090493693557
105.855,105.865,227.20525967371475
105.865,105.875,228.53510651592373
105.875,105.885,230.79582268187457
105.885,105.895,234.27393618661276
105.895,105.905,237.6591085988463
105.905,105.915,239.18596457204046
105.915,105.925,0.0
105.925,105.935,0.0
105.935,105.945,0.0
105.945,105.955,0.0
105.955,105.965,0.0
105.965,105.975,0.0
105.975,105.985,0.0
105.985,105.995,0.0
105.995,106.005,0.0
106.005,106.015,0.0
106.015,106.025,0.0
106.025,106.035,0.0
106.035,106.045,0.0
106.045,106.055,0.0
106.055,106.065,0.0
106.065,106.075,0.0
106.075,106.085,0.0
106.085,106.095,0.0
106.095,106.105,0.0
106.105,106.115,0.0
106.115,106.125,0.0
106.125,106.135,0.0
106.135,106.145,0.0
106.145,106.155,0.0
106.155,106.165,0.0
106.165,106.175,0.0
106.175,106.185,0.0
106.185,106.195,0.0
106.195,106.205,0.0
106.205,106.215,0.0
106.215,106.225,0.0
106.225,106.235,0.0
106.235,106.245,0.0
106.245,106.255,0.0
106.255,106.265,0.0
106.265,106.275,0.0
106.275,106.285,0.0
106.285,106.295,0.0
106.295,106.305,0.0
106.305,106.315,0.0
106.315,106.325,0.0
106.325,106.335,0.0
106.335,106.345,0.0
106.345,106.355,0.0
106.355,106.365,0.0
106.365,106.375,0.0
106.375,106.385,0.0
106.385,106.395,0.0
106.395,106.405,0.0
106.405,106.415,0.0
106.415,106.425,0.0
106.425,106.435,0.0
106.435,106.445,0.0
106.445,106.455,0.0
106.455,106.465,303.0641703469808
106.465,106.475,306.1564932933422
106.475,106.485,305.90691849491816
106.485,106.495,304.05904698618923
106.495,106.505,300.9234760161401
106.505,106.515,297.1808097735701
106.515,106.525,294.17184636228353
106.525,106.535,291.8754571169741
106.535,106.545,289.9717931310233
106.545,106.555,287.8100324957409
106.555,106.565,284.39566182925853
106.565,106.575,281.6115058579715
106.575,106.585,281.7463585341269
106.585,106.595,287.1251641934651
106.595,106.605,218.56992900426758
106.605,106.615,218.98251731197743
106.615,106.625,0.0
106.625,106.635,0.0
106.635,106.645,0.0
106.645,106.655,257.94924423963613
106.655,106.665,264.2562988421423
106.665,106.675,265.51774446799595
106.675,106.685,265.2020128788352
106.685,106.695,262.5735953599017
106.695,106.705,258.6750815029714
106.705,106.715,256.14331303320535
106.715,106.725,254.7949662690492
106.725,106.735,253.83978393388156
106.735,106.745,253.2968794157755
106.745,106.755,253.5114467606318
106.755,106.765,254.47017349376182
106.765,106.775,255.82390795564305
106.775,106.785,256.7348502683729
106.785,106.795,256.26400724034454
106.795,106.805,254.42987600371924
106.805,106.815,252.8143647210554
106.815,106.825,254.08384666868176
106.825,106.835,253.98201842253556
106.835,106.845,253.02348120591427
106.845,106.855,251.76585537679918
106.855,106.865,250.62838057161974
106.865,106.875,250.0681005728658
106.875,106.885,249.88585211321413
106.885,106.895,250.1538744374729
106.895,106.905,250.13069945055696
106.905,106.915,249.60637996551844
106.915,106.925,248.90772825936165
106.925,106.935,248.36703207156495
106.935,106.945,248.10282206253848
106.945,106.955,248.15510403905455
106.955,106.965,248.2533516658554
106.965,106.975,248.04405422549237
106.975,106.985,247.60750560064687
106.985,106.995,247.0251562862008
106.995,107.005,246.07159129106543
107.005,107.015,244.68968215475977
107.015,107.025,243.0804477264433
107.025,107.035,241.44472807613465
107.035,107.045,240.21569745708575
107.045,107.055,240.02295599829978
107.055,107.065,240.35184515302672
107.065,107.075,240.29415680864093
107.075,107.085,239.67600932806425
107.085,107.095,238.7612463370842
107.095,107.105,237.89338941230574
107.105,107.115,237.310136271757
107.115,107.125,237.04135373044892
107.125,107.135,237.0652174032117
107.135,107.145,237.2423404457317
107.145,107.155,237.22560741035625
107.155,107.165,237.0824681105905
107.165,107.175,236.87458463110764
107.175,107.185,236.3442363727297
107.185,107.195,235.65310187545555
107.195,107.205,234.99530531652795
107.205,107.215,234.19406961686687
107.215,107.225,233.2639903524707
107.225,107.235,232.33640558436616
107.235,107.245,231.45977964526776
107.245,107.255,231.1243380804384
107.255,107.265,231.64764301490578
107.265,107.275,232.30872595692023
107.275,107.285,232.79497477214483
107.285,107.295,233.39748364013187
107.295,107.305,234.05604369566237
107.305,107.315,234.32417367319488
107.315,107.325,234.05182268086566
107.325,107.335,233.2967562993937
107.335,107.345,232.196655304332
107.345,107.355,230.84059148718902
107.355,107.365,229.15904094147066
107.365,107.375,227.1991863830678
107.375,107.385,225.29969549684293
107.385,107.395,224.03457519905567
107.395,107.405,223.05099320489492
107.405,107.415,221.88349150879299
107.415,107.425,221.40067135821454
107.425,107.435,221.15914660573685
107.435,107.445,220.52481341753747
107.445,107.455,219.82829922330433
107.455,107.465,0.0
107.465,107.475,0.0
107.475,107.485,0.0
107.485,107.495,0.0
107.495,107.505,0.0
107.505,107.515,0.0
107.515,107.525,0.0
107.525,107.535,0.0
107.535,107.545,0.0
107.545,107.555,0.0
107.555,107.565,270.0795723962778
107.565,107.575,280.253343584558
107.575,107.585,286.58223467511584
107.585,107.595,291.385614681714
107.595,107.605,294.9608411697933
107.605,107.615,297.8630608988148
107.615,107.625,301.5589683275185
107.625,107.635,307.30538520579574
107.635,107.645,317.8128558069511
107.645,107.655,332.95244193574575
107.655,107.665,337.10823382293074
107.665,107.675,334.15459045242216
107.675,107.685,0.0
107.685,107.695,0.0
107.695,107.705,0.0
107.705,107.715,0.0
107.715,107.725,0.0
107.725,107.735,0.0
107.735,107.745,0.0
107.745,107.755,0.0
107.755,107.765,0.0
107.765,107.775,316.13894889985914
107.775,107.785,314.3035137797766
107.785,107.795,310.4043451956296
107.795,107.805,290.1015636430752
107.805,107.815,287.6570077508202
107.815,107.825,284.6411650149313
107.825,107.835,275.82880743316827
107.835,107.845,272.8404623332191
107.845,107.855,274.2333595698005
107.855,107.865,275.38209777400203
107.865,107.875,271.456315349351
107.875,107.885,0.0
107.885,107.895,0.0
107.895,107.905,0.0
107.905,107.915,0.0
107.915,107.925,0.0
107.925,107.935,0.0
107.935,107.945,0.0
107.945,107.955,279.8329681565551
107.955,107.965,281.64751880132246
107.965,107.975,281.0744449307769
107.975,107.985,279.6677099149195
107.985,107.995,279.1440447713161
107.995,108.005,281.38929998348686
108.005,108.015,289.47475120206366
108.015,108.025,300.96520488167494
108.025,108.035,0.0
108.035,108.045,0.0
108.045,108.055,0.0
108.055,108.065,0.0
108.065,108.075,0.0
108.075,108.085,0.0
108.085,108.095,0.0
108.095,108.105,0.0
108.105,108.115,0.0
108.115,108.125,0.0
108.125,108.135,272.34362440916715
108.135,108.145,266.0893071046851
108.145,108.155,260.8555147790059
108.155,108.165,257.0974119835475
108.165,108.175,255.37013203870694
108.175,108.185,255.29409664435718
108.185,108.195,255.85152329287365
108.195,108.205,255.8674733044227
108.205,108.215,255.43908364483636
108.215,108.225,255.61713633082414
108.225,108.235,256.0198612473272
108.235,108.245,255.89872871815666
108.245,108.255,255.24964323161072
108.255,108.265,254.62959581995258
108.265,108.275,254.6976944740139
108.275,108.285,254.94422316013856
108.285,108.295,254.7220177412084
108.295,108.305,254.8891348496833
108.305,108.315,256.4626326884345
108.315,108.325,259.9848611313968
108.325,108.335,0.0
108.335,108.345,0.0
108.345,108.355,0.0
108.355,108.365,0.0
108.365,108.375,0.0
108.375,108.385,0.0
108.385,108.395,0.0
108.395,108.405,0.0
108.405,108.415,0.0
108.415,108.425,0.0
108.425,108.435,0.0
108.435,108.445,252.71647010105488
108.445,108.455,248.7019748600683
108.455,108.465,246.20403860395217
108.465,108.475,243.86332634072087
108.475,108.485,241.33756868381744
108.485,108.495,238.37563583231497
108.495,108.505,235.22021421836365
108.505,108.515,233.04464244470137
108.515,108.525,232.02311332790782
108.525,108.535,231.72386371792606
108.535,108.545,231.06107042250989
108.545,108.555,229.8434908067993
108.555,108.565,228.6610887714514
108.565,108.575,227.73839937113004
108.575,108.585,226.79595806504634
108.585,108.595,225.76807959269945
108.595,108.605,224.89666810228996
108.605,108.615,224.19584428116417
108.615,108.625,223.24528363916124
108.625,108.635,221.9773673461558
108.635,108.645,220.74844858378492
108.645,108.655,219.73613621265255
108.655,108.665,218.83851329475985
108.665,108.675,217.8878413023158
108.675,108.685,217.17851930017724
108.685,108.695,217.01849799177464
108.695,108.705,217.11119913614894
108.705,108.715,216.98768465213888
108.715,108.725,216.4115353064229
108.725,108.735,215.45736411626876
108.735,108.745,214.22167759115575
108.745,108.755,212.9441062170763
108.755,108.765,212.07095190613975
108.765,108.775,211.18909853828652
108.775,108.785,210.22009890835827
108.785,108.795,209.27690037156324
108.795,108.805,207.54073595631561
108.805,108.815,204.47676699105952
108.815,108.825,0.0
108.825,108.835,0.0
108.835,108.845,0.0
108.845,108.855,0.0
108.855,108.865,218.500151318798
108.865,108.875,222.41074032659054
108.875,108.885,226.63224412945019
108.885,108.895,229.30613366189922
108.895,108.905,230.00729133389606
108.905,108.915,228.83296135964775
108.915,108.925,227.1375385007553
108.925,108.935,225.72714959718132
108.935,108.945,224.89582172452566
108.945,108.955,228.8347728747923
108.955,108.965,237.24484293604644
108.965,108.975,238.49531477182623
108.975,108.985,239.97620428456187
108.985,108.995,241.766599702434
108.995,109.005,242.3857204892365
109.005,109.015,242.64265718900077
109.015,109.025,243.58479914496732
109.025,109.035,236.1196113369676
109.035,109.045,232.92396916870408
109.045,109.055,230.84730521739596
109.055,109.065,228.49849877081522
109.065,109.075,226.20539041506623
109.075,109.085,0.0
109.085,109.095,0.0
109.095,109.105,0.0
109.105,109.115,0.0
109.115,109.125,0.0
109.125,109.135,0.0
109.135,109.145,242.14148383169567
109.145,109.155,243.69897687281264
109.155,109.165,243.16876248730617
109.165,109.175,243.38860337676084
109.175,109.185,248.72355891909643
109.185,109.195,260.03652875917294
109.195,109.205,268.4227775419989
109.205,109.215,270.23719650612736
109.215,109.225,0.0
109.225,109.235,0.0
109.235,109.245,0.0
109.245,109.255,0.0
109.255,109.265,0.0
109.265,109.275,0.0
109.275,109.285,0.0
109.285,109.295,0.0
109.295,109.305,0.0
109.305,109.315,0.0
109.315,109.325,285.6227982099745
109.325,109.335,282.6471080769124
109.335,109.345,277.80936291696395
109.345,109.355,272.72689841643415
109.355,109.365,268.4962492811246
109.365,109.375,264.3643274685908
109.375,109.385,259.4541716968998
109.385,109.395,254.5247986406136
109.395,109.405,251.6854084896652
109.405,109.415,248.881735401443
109.415,109.425,249.17614735035414
109.425,109.435,248.7307954135994
109.435,109.445,248.49953344628852
109.445,109.455,248.06392498900186
109.455,109.465,247.0101278631051
109.465,109.475,245.37765722763965
109.475,109.485,242.60074714653513
109.485,109.495,238.26492338169422
109.495,109.505,233.46862611711606
109.505,109.515,233.0027021003613
109.515,109.525,0.0
109.525,109.535,0.0
109.535,109.545,0.0
109.545,109.555,0.0
109.555,109.565,223.94221344839
109.565,109.575,224.34377806939855
109.575,109.585,223.34748406021194
109.585,109.595,221.75068830332629
109.595,109.605,220.47828950965973
109.605,109.615,219.92950849411568
109.615,109.625,0.0
109.625,109.635,0.0
109.635,109.645,0.0
109.645,109.655,0.0
109.655,109.665,0.0
109.665,109.675,0.0
109.675,109.685,0.0
109.685,109.695,0.0
109.695,109.705,0.0
109.705,109.715,0.0
109.715,109.725,0.0
109.725,109.735,0.0
109.735,109.745,0.0
109.745,109.755,0.0
109.755,109.765,0.0
109.765,109.775,0.0
109.775,109.785,0.0
109.785,109.795,0.0
109.795,109.805,0.0
109.805,109.815,0.0
109.815,109.825,0.0
109.825,109.835,0.0
109.835,109.845,241.84064322080133
109.845,109.855,239.54416247620162
109.855,109.865,236.00057910863177
109.865,109.875,229.75197836643045
109.875,109.885,225.40675812321933
109.885,109.895,224.1288365294732
109.895,109.905,223.25619409612568
109.905,109.915,222.4742019485653
109.915,109.925,221.96967575188214
109.925,109.935,221.9567922351088
109.935,109.945,222.81155790468378
109.945,109.955,224.12900662392767
109.955,109.965,224.78971480916542
109.965,109.975,224.5452028843457
109.975,109.985,223.70581437016585
109.985,109.995,222.86500106575605
109.995,110.005,222.1323846194528
110.005,110.015,0.0
110.015,110.025,0.0
110.025,110.035,0.0
110.035,110.045,0.0
110.045,110.055,0.0
110.055,110.065,0.0
110.065,110.075,0.0
110.075,110.085,216.05928882113363
110.085,110.095,214.61055663972658
110.095,110.105,212.7127588374289
110.105,110.115,210.1401788542501
110.115,110.125,207.77275355479318
110.125,110.135,0.0
110.135,110.145,0.0
110.145,110.155,0.0
110.155,110.165,0.0
110.165,110.175,0.0
110.175,110.185,0.0
110.185,110.195,0.0
110.195,110.205,0.0
110.205,110.215,0.0
110.215,110.225,0.0
110.225,110.235,0.0
110.235,110.245,0.0
110.245,110.255,0.0
110.255,110.265,0.0
110.265,110.275,0.0
110.275,110.285,0.0
110.285,110.295,0.0
110.295,110.305,0.0
110.305,110.315,0.0
110.315,110.325,0.0
110.325,110.335,0.0
110.335,110.345,0.0
110.345,110.355,0.0
110.355,110.365,198.72100963356337
110.365,110.375,195.52140731851588
110.375,110.385,193.8039860412554
110.385,110.395,192.5451770600532
110.395,110.405,191.4316177840368
110.405,110.415,190.61296572390708
110.415,110.425,189.96843350526024
110.425,110.435,188.96096767872757
110.435,110.445,187.59384393281937
110.445,110.455,0.0
110.455,110.465,0.0
110.465,110.475,0.0
110.475,110.485,0.0
110.485,110.495,0.0
110.495,110.505,0.0
110.505,110.515,0.0
110.515,110.525,0.0
110.525,110.535,0.0
110.535,110.545,0.0
110.545,110.555,0.0
110.555,110.565,0.0
110.565,110.575,0.0
110.575,110.585,0.0
110.585,110.595,0.0
110.595,110.605,0.0
110.605,110.615,0.0
110.615,110.625,0.0
110.625,110.635,0.0
110.635,110.645,0.0
110.645,110.655,0.0
110.655,110.665,0.0
110.665,110.675,0.0
110.675,110.685,0.0
110.685,110.695,233.61145340052855
110.695,110.705,231.34781601492494
110.705,110.715,231.8132441184083
110.715,110.725,233.18968691895478
110.725,110.735,234.17659894579592
110.735,110.745,234.17618757174503
110.745,110.755,232.74192163629618
110.755,110.765,230.16477177884505
110.765,110.775,228.2285093244584
110.775,110.785,227.64110851838123
110.785,110.795,0.0
110.795,110.805,0.0
110.805,110.815,0.0
110.815,110.825,0.0
110.825,110.835,0.0
110.835,110.845,0.0
110.845,110.855,0.0
110.855,110.865,0.0
110.865,110.875,0.0
110.875,110.885,0.0
110.885,110.895,0.0
110.895,110.905,0.0
110.905,110.915,0.0
110.915,110.925,0.0
110.925,110.935,0.0
110.935,110.945,0.0
110.945,110.955,0.0
110.955,110.965,0.0
110.965,110.975,250.48732599957845
110.975,110.985,244.2784694986053
110.985,110.995,238.4078444277582
110.995,111.005,232.09677592551932
111.005,111.015,227.44357834747646
111.015,111.025,225.58394003298662
111.025,111.035,0.0
111.035,111.045,0.0
111.045,111.055,0.0
111.055,111.065,0.0
111.065,111.075,0.0
111.075,111.085,0.0
111.085,111.095,0.0
111.095,111.105,0.0
111.105,111.115,0.0
111.115,111.125,0.0
111.125,111.135,0.0
111.135,111.145,0.0
111.145,111.155,0.0
111.155,111.165,0.0
111.165,111.175,247.09842342041404
111.175,111.185,240.91081752200589
111.185,111.195,233.88141706678746
111.195,111.205,228.48411465913975
111.205,111.215,225.88846170970226
111.215,111.225,224.1935445072651
111.225,111.235,0.0
111.235,111.245,0.0
111.245,111.255,230.38265831629204
111.255,111.265,231.31123039674407
111.265,111.275,230.39987509130313
111.275,111.285,228.4302211833584
111.285,111.295,226.2250025424557
111.295,111.305,224.7165452275275
111.305,111.315,224.1757376253981
111.315,111.325,224.0300890968216
111.325,111.335,223.74475410390178
111.335,111.345,223.32618332598693
111.345,111.355,0.0
111.355,111.365,0.0
111.365,111.375,0.0
111.375,111.385,0.0
111.385,111.395,0.0
111.395,111.405,0.0
111.405,111.415,0.0
111.415,111.425,0.0
111.425,111.435,0.0
111.435,111.445,0.0
111.445,111.455,0.0
111.455,111.465,0.0
111.465,111.475,0.0
111.475,111.485,0.0
111.485,111.495,0.0
111.495,111.505,0.0
111.505,111.515,254.8130680811459
111.515,111.525,247.27268508792108
111.525,111.535,238.97612870628237
111.535,111.545,230.505844655686
111.545,111.555,226.64427398944898
111.555,111.565,224.82171334413067
111.565,111.575,223.75152989287977
111.575,111.585,223.32731266306465
111.585,111.595,223.20105881284712
111.595,111.605,223.13580881945654
111.605,111.615,223.15273833137118
111.615,111.625,223.3519330052638
111.625,111.635,223.75563297103707
111.635,111.645,224.01122460781883
111.645,111.655,0.0
111.655,111.665,0.0
111.665,111.675,0.0
111.675,111.685,0.0
111.685,111.695,0.0
111.695,111.705,0.0
111.705,111.715,0.0
111.715,111.725,0.0
111.725,111.735,0.0
111.735,111.745,0.0
111.745,111.755,0.0
111.755,111.765,0.0
111.765,111.775,0.0
111.775,111.785,0.0
111.785,111.795,0.0
111.795,111.805,222.42183991129602
111.805,111.815,221.2770344680878
111.815,111.825,219.1604487333572
111.825,111.835,0.0
111.835,111.845,0.0
111.845,111.855,0.0
111.855,111.865,0.0
111.865,111.875,0.0
111.875,111.885,0.0
111.885,111.895,0.0
111.895,111.905,0.0
111.905,111.915,0.0
111.915,111.925,0.0
111.925,111.935,0.0
111.935,111.945,0.0
111.945,111.955,0.0
111.955,111.965,0.0
111.965,111.975,0.0
111.975,111.985,0.0
111.985,111.995,0.0
111.995,112.005,0.0
112.005,112.015,222.81033309342797
112.015,112.025,217.90485375763413
112.025,112.035,214.05338779783477
112.035,112.045,211.6237126643983
112.045,112.055,210.27430291947047
112.055,112.065,209.39100022089394
112.065,112.075,208.81350310696686
112.075,112.085,208.3862048759062
112.085,112.095,207.9478588857004
112.095,112.105,207.50007104013065
112.105,112.115,207.08458243629158
112.115,112.125,206.6794909757433
112.125,112.135,206.1178239339373
112.135,112.145,205.22585264765502
112.145,112.155,204.26646091284385
112.155,112.165,203.6042896725152
112.165,112.175,203.0538690183959
112.175,112.185,0.0
112.185,112.195,0.0
112.195,112.205,0.0
112.205,112.215,0.0
112.215,112.225,0.0
112.225,112.235,0.0
112.235,112.245,0.0
112.245,112.255,0.0
112.255,112.265,0.0
112.265,112.275,0.0
112.275,112.285,0.0
112.285,112.295,0.0
112.295,112.305,0.0
112.305,112.315,0.0
112.315,112.325,0.0
112.325,112.335,0.0
112.335,112.345,0.0
112.345,112.355,0.0
112.355,112.365,223.86362022657363
112.365,112.375,220.22724310535185
112.375,112.385,218.489936753855
112.385,112.395,216.98287575929012
112.395,112.405,214.12356701853486
112.405,112.415,209.6517726250017
112.415,112.425,207.0403061746176
112.425,112.435,201.47931750696677
112.435,112.445,197.28167182838928
112.445,112.455,193.62264681853688
112.455,112.465,183.16595489155424
112.465,112.475,0.0
112.475,112.485,0.0
112.485,112.495,0.0
112.495,112.505,0.0
112.505,112.515,0.0
112.515,112.525,0.0
112.525,112.535,0.0
112.535,112.545,0.0
112.545,112.555,0.0
112.555,112.565,0.0
112.565,112.575,0.0
112.575,112.585,0.0
112.585,112.595,0.0
112.595,112.605,0.0
112.605,112.615,0.0
112.615,112.625,0.0
112.625,112.635,0.0
112.635,112.645,0.0
112.645,112.655,0.0
112.655,112.665,0.0
112.665,112.675,0.0
112.675,112.685,0.0
112.685,112.695,0.0
112.695,112.705,0.0
112.705,112.715,0.0
112.715,112.725,0.0
112.725,112.735,0.0
112.735,112.745,0.0
112.745,112.755,0.0
112.755,112.765,0.0
112.765,112.775,0.0
112.775,112.785,0.0
112.785,112.795,0.0
112.795,112.805,0.0
112.805,112.815,0.0
112.815,112.825,0.0
112.825,112.835,0.0
112.835,112.845,0.0
112.845,112.855,0.0
112.855,112.865,0.0
112.865,112.875,0.0
112.875,112.885,0.0
112.885,112.895,0.0
112.895,112.905,0.0
112.905,112.915,0.0
112.915,112.925,0.0
112.925,112.935,0.0
112.935,112.945,0.0
112.945,112.955,0.0
112.955,112.965,0.0
112.965,112.975,0.0
112.975,112.985,0.0
112.985,112.995,0.0
112.995,113.005,0.0
113.005,113.015,0.0
113.015,113.025,0.0
113.025,113.035,0.0
113.035,113.045,0.0
113.045,113.055,0.0
113.055,113.065,0.0
113.065,113.075,0.0
113.075,113.085,234.4567443480596
113.085,113.095,231.88808627723702
113.095,113.105,220.35917770950113
113.105,113.115,210.12023160965668
113.115,113.125,208.20742311045095
113.125,113.135,207.52403853608726
113.135,113.145,207.42969444096394
113.145,113.155,208.27900472585088
113.155,113.165,209.58131392986837
113.165,113.175,210.37685134425897
113.175,113.185,0.0
113.185,113.195,0.0
113.195,113.205,0.0
113.205,113.215,229.05463728009371
113.215,113.225,233.327193999876
113.225,113.235,239.0094963894997
113.235,113.245,237.03552489738442
113.245,113.255,236.49345553048394
113.255,113.265,239.05797838864603
113.265,113.275,259.25697436666195
113.275,113.285,273.35163835990693
113.285,113.295,279.86520621939457
113.295,113.305,0.0
113.305,113.315,0.0
113.315,113.325,0.0
113.325,113.335,0.0
113.335,113.345,0.0
113.345,113.355,0.0
113.355,113.365,0.0
113.365,113.375,0.0
113.375,113.385,0.0
113.385,113.395,0.0
113.395,113.405,261.11416624931496
113.405,113.415,258.30490573436714
113.415,113.425,253.39197485702397
113.425,113.435,247.23514115962706
113.435,113.445,242.99322054114623
113.445,113.455,241.28534627010416
113.455,113.465,241.32009805399568
113.465,113.475,241.61554529102722
113.475,113.485,241.8834144657703
113.485,113.495,241.94081150757668
113.495,113.505,241.17530937546755
113.505,113.515,240.79039353698533
113.515,113.525,242.49734954326922
113.525,113.535,243.28440368413442
113.535,113.545,243.41696798382915
113.545,113.555,244.00317439479008
113.555,113.565,244.08569639668553
113.565,113.575,243.04777803837027
113.575,113.585,241.4428126120428
113.585,113.595,0.0
113.595,113.605,0.0
113.605,113.615,0.0
113.615,113.625,0.0
113.625,113.635,0.0
113.635,113.645,0.0
113.645,113.655,0.0
113.655,113.665,0.0
113.665,113.675,0.0
113.675,113.685,0.0
113.685,113.695,0.0
113.695,113.705,0.0
113.705,113.715,0.0
113.715,113.725,0.0
113.725,113.735,0.0
113.735,113.745,0.0
113.745,113.755,0.0
113.755,113.765,0.0
113.765,113.775,229.6928583072403
113.775,113.785,229.30199175090658
113.785,113.795,229.3222703944658
113.795,113.805,230.2892382248712
113.805,113.815,235.84941890231678
113.815,113.825,250.5718571942849
113.825,113.835,0.0
113.835,113.845,0.0
113.845,113.855,0.0
113.855,113.865,0.0
113.865,113.875,0.0
113.875,113.885,0.0
113.885,113.895,0.0
113.895,113.905,0.0
113.905,113.915,258.39488178570895
113.915,113.925,250.5931137913421
113.925,113.935,245.18031088146645
113.935,113.945,241.98003681794464
113.945,113.955,240.31710710560037
113.955,113.965,239.46490267170546
113.965,113.975,238.83836950861084
113.975,113.985,238.26406357308588
113.985,113.995,237.6981085533984
113.995,114.005,236.98641952813358
114.005,114.015,236.26034125170125
114.015,114.025,0.0
114.025,114.035,0.0
114.035,114.045,0.0
114.045,114.055,0.0
114.055,114.065,0.0
114.065,114.075,236.17797000339806
114.075,114.085,228.00502506261736
114.085,114.095,227.21267509903748
114.095,114.105,226.0721087982832
114.105,114.115,224.3079367097178
114.115,114.125,0.0
114.125,114.135,0.0
114.135,114.145,0.0
114.145,114.155,0.0
114.155,114.165,0.0
114.165,114.175,0.0
114.175,114.185,0.0
114.185,114.195,0.0
114.195,114.205,0.0
114.205,114.215,0.0
114.215,114.225,0.0
114.225,114.235,235.21815932645663
114.235,114.245,243.26677093741566
114.245,114.255,0.0
114.255,114.265,0.0
114.265,114.275,0.0
114.275,114.285,0.0
114.285,114.295,0.0
114.295,114.305,0.0
114.305,114.315,0.0
114.315,114.325,0.0
114.325,114.335,0.0
114.335,114.345,244.84710837327918
114.345,114.355,236.65197215099104
114.355,114.365,219.10781851374844
114.365,114.375,214.62464328251247
114.375,114.385,213.14454403626328
114.385,114.395,212.97247405993053
114.395,114.405,0.0
114.405,114.415,0.0
114.415,114.425,0.0
114.425,114.435,0.0
114.435,114.445,0.0
114.445,114.455,0.0
114.455,114.465,210.1640819581269
114.465,114.475,211.25400925207208
114.475,114.485,209.83974829693796
114.485,114.495,206.98794528843177
114.495,114.505,204.15511609156917
114.505,114.515,0.0
114.515,114.525,0.0
114.525,114.535,0.0
114.535,114.545,0.0
114.545,114.555,0.0
114.555,114.565,0.0
114.565,114.575,0.0
114.575,114.585,0.0
114.585,114.595,0.0
114.595,114.605,0.0
114.605,114.615,0.0
114.615,114.625,0.0
114.625,114.635,0.0
114.635,114.645,0.0
114.645,114.655,186.35286346161587
114.655,114.665,184.2628112480396
114.665,114.675,181.3956113075645
114.675,114.685,179.20958295159664
114.685,114.695,177.70780463040145
114.695,114.705,176.3860521421275
114.705,114.715,176.07424680320628
114.715,114.725,176.73459219004812
114.725,114.735,177.34927628653486
114.735,114.745,177.93802308378875
114.745,114.755,0.0
114.755,114.765,0.0
114.765,114.775,0.0
114.775,114.785,0.0
114.785,114.795,0.0
114.795,114.805,0.0
114.805,114.815,0.0
114.815,114.825,0.0
114.825,114.835,0.0
114.835,114.845,0.0
114.845,114.855,0.0
114.855,114.865,0.0
114.865,114.875,0.0
114.875,114.885,0.0
114.885,114.895,0.0
114.895,114.905,0.0
114.905,114.915,0.0
114.915,114.925,0.0
114.925,114.935,0.0
114.935,114.945,0.0
114.945,114.955,0.0
114.955,114.965,0.0
114.965,114.975,0.0
114.975,114.985,0.0
114.985,114.995,0.0
114.995,115.005,0.0
115.005,115.015,0.0
115.015,115.025,0.0
115.025,115.035,0.0
115.035,115.045,0.0
115.045,115.055,0.0
115.055,115.065,0.0
115.065,115.075,0.0
115.075,115.085,0.0
115.085,115.095,0.0
115.095,115.105,0.0
115.105,115.115,0.0
115.115,115.125,0.0
115.125,115.135,0.0
115.135,115.145,0.0
115.145,115.155,0.0
115.155,115.165,0.0
115.165,115.175,0.0
115.175,115.185,0.0
115.185,115.195,0.0
115.195,115.205,0.0
115.205,115.215,0.0
115.215,115.225,0.0
115.225,115.235,0.0
115.235,115.245,0.0
115.245,115.255,0.0
115.255,115.265,0.0
115.265,115.275,0.0
115.275,115.285,0.0
115.285,115.295,0.0
115.295,115.305,0.0
115.305,115.315,0.0
115.315,115.325,0.0
115.325,115.335,0.0
115.335,115.345,0.0
115.345,115.355,0.0
115.355,115.365,0.0
115.365,115.375,0.0
115.375,115.385,0.0
115.385,115.395,0.0
115.395,115.405,0.0
115.405,115.415,0.0
115.415,115.425,0.0
115.425,115.435,0.0
115.435,115.445,0.0
115.445,115.455,0.0
115.455,115.465,0.0
115.465,115.475,0.0
115.475,115.485,0.0
115.485,115.495,0.0
115.495,115.505,0.0
115.505,115.515,0.0
115.515,115.525,0.0
115.525,115.535,0.0
115.535,115.545,0.0
115.545,115.555,0.0
115.555,115.565,233.2878348337641
115.565,115.575,236.04158655181962
115.575,115.585,239.7552129139323
115.585,115.595,244.19175929475307
115.595,115.605,249.81444363559754
115.605,115.615,254.85970106632075
115.615,115.625,258.0709402568841
115.625,115.635,238.30993678559193
115.635,115.645,0.0
115.645,115.655,0.0
115.655,115.665,0.0
115.665,115.675,308.5684634881136
115.675,115.685,313.1182551364063
115.685,115.695,316.73733135780276
115.695,115.705,320.86692759408567
115.705,115.715,326.1760906380414
115.715,115.725,331.713743378951
115.725,115.735,336.5472566673694
115.735,115.745,341.0857670613576
115.745,115.755,345.95904780244183
115.755,115.765,355.4927031766958
115.765,115.775,395.5130013777817
115.775,115.785,400.14814124025924
115.785,115.795,395.3131667147089
115.795,115.805,382.8848304065496
115.805,115.815,366.7849744356991
115.815,115.825,0.0
115.825,115.835,0.0
115.835,115.845,0.0
115.845,115.855,0.0
115.855,115.865,0.0
115.865,115.875,0.0
115.875,115.885,0.0
115.885,115.895,0.0
115.895,115.905,0.0
115.905,115.915,0.0
115.915,115.925,0.0
115.925,115.935,0.0
115.935,115.945,0.0
115.945,115.955,0.0
115.955,115.965,0.0
115.965,115.975,0.0
115.975,115.985,0.0
115.985,115.995,0.0
115.995,116.005,0.0
116.005,116.015,0.0
116.015,116.025,0.0
116.025,116.035,0.0
116.035,116.045,271.2280838639855
116.045,116.055,269.465547366024
116.055,116.065,267.0364309844194
116.065,116.075,263.91346882957765
116.075,116.085,260.6269761016896
116.085,116.095,257.9241831469431
116.095,116.105,256.2406756353719
116.105,116.115,255.2275042570186
116.115,116.125,254.2875010416058
116.125,116.135,252.95404181826092
116.135,116.145,251.8453721747857
116.145,116.155,251.4332902473728
116.155,116.165,250.98671746333272
116.165,116.175,249.80461417696233
116.175,116.185,247.04601745917407
116.185,116.195,240.90188216029287
116.195,116.205,352.96831913774304
116.205,116.215,353.48073701420947
116.215,116.225,355.64641695066865
116.225,116.235,0.0
116.235,116.245,0.0
116.245,116.255,0.0
116.255,116.265,0.0
116.265,116.275,0.0
116.275,116.285,0.0
116.285,116.295,0.0
116.295,116.305,0.0
116.305,116.315,0.0
116.315,116.325,0.0
116.325,116.335,0.0
116.335,116.345,0.0
116.345,116.355,0.0
116.355,116.365,0.0
116.365,116.375,0.0
116.375,116.385,0.0
116.385,116.395,0.0
116.395,116.405,0.0
116.405,116.415,0.0
116.415,116.425,0.0
116.425,116.435,0.0
116.435,116.445,0.0
116.445,116.455,0.0
116.455,116.465,0.0
116.465,116.475,0.0
116.475,116.485,0.0
116.485,116.495,0.0
116.495,116.505,0.0
116.505,116.515,0.0
116.515,116.525,0.0
116.525,116.535,0.0
116.535,116.545,0.0
116.545,116.555,0.0
116.555,116.565,0.0
116.565,116.575,0.0
116.575,116.585,0.0
116.585,116.595,233.79164236930055
116.595,116.605,237.42362114215072
116.605,116.615,240.0726043754612
116.615,116.625,242.43207772385782
116.625,116.635,244.55075670054399
116.635,116.645,246.04385400372465
116.645,116.655,246.75714400865485
116.655,116.665,246.02651752086436
116.665,116.675,243.6553798207588
116.675,116.685,243.3859760983525
116.685,116.695,245.0216776581076
116.695,116.705,250.111311917096
116.705,116.715,255.52015896612775
116.715,116.725,257.4681522699572
116.725,116.735,258.79501983383034
116.735,116.745,259.64856356704263
116.745,116.755,259.9498233357008
116.755,116.765,260.2828363967979
116.765,116.775,261.3827421899579
116.775,116.785,263.83578687990104
116.785,116.795,270.3686342140937
116.795,116.805,296.90335875263065
116.805,116.815,298.8758040275392
116.815,116.825,0.0
116.825,116.835,0.0
116.835,116.845,0.0
116.845,116.855,0.0
116.855,116.865,0.0
116.865,116.875,0.0
116.875,116.885,0.0
116.885,116.895,0.0
116.895,116.905,0.0
116.905,116.915,0.0
116.915,116.925,0.0
116.925,116.935,0.0
116.935,116.945,0.0
116.945,116.955,0.0
116.955,116.965,0.0
116.965,116.975,0.0
116.975,116.985,0.0
116.985,116.995,0.0
116.995,117.005,0.0
117.005,117.015,0.0
117.015,117.025,244.65335689021612
117.025,117.035,243.18513550211958
117.035,117.045,240.082436187613
117.045,117.055,234.95241285826268
117.055,117.065,230.1710755384024
117.065,117.075,227.82015295348913
117.075,117.085,226.04127953137947
117.085,117.095,224.65817147356196
117.095,117.105,223.3806794765478
117.105,117.115,221.70069678014417
117.115,117.125,218.40264243763926
117.125,117.135,212.2399545985291
117.135,117.145,204.30495144892222
117.145,117.155,0.0
117.155,117.165,0.0
117.165,117.175,0.0
117.175,117.185,0.0
117.185,117.195,0.0
117.195,117.205,0.0
117.205,117.215,0.0
117.215,117.225,0.0
117.225,117.235,0.0
117.235,117.245,0.0
117.245,117.255,0.0
117.255,117.265,0.0
117.265,117.275,0.0
117.275,117.285,0.0
117.285,117.295,0.0
117.295,117.305,0.0
117.305,117.315,0.0
117.315,117.325,0.0
117.325,117.335,0.0
117.335,117.345,0.0
117.345,117.355,0.0
117.355,117.365,0.0
117.365,117.375,0.0
117.375,117.385,0.0
117.385,117.395,0.0
117.395,117.405,0.0
117.405,117.415,0.0
117.415,117.425,0.0
117.425,117.435,0.0
117.435,117.445,0.0
117.445,117.455,0.0
117.455,117.465,0.0
117.465,117.475,0.0
117.475,117.485,0.0
117.485,117.495,0.0
117.495,117.505,0.0
117.505,117.515,0.0
117.515,117.525,0.0
117.525,117.535,0.0
117.535,117.545,0.0
117.545,117.555,0.0
117.555,117.565,0.0
117.565,117.575,0.0
117.575,117.585,0.0
117.585,117.595,0.0
117.595,117.605,0.0
117.605,117.615,0.0
117.615,117.625,0.0
117.625,117.635,0.0
117.635,117.645,285.80390560393806
117.645,117.655,295.92340224605965
117.655,117.665,308.00442982570644
117.665,117.675,327.8747505678652
117.675,117.685,334.0112102904655
117.685,117.695,337.47060422060423
117.695,117.705,342.2185014808964
117.705,117.715,347.657732129534
117.715,117.725,352.106997309289
117.725,117.735,355.5295461467081
117.735,117.745,358.12363827322855
117.745,117.755,359.7632063976446
117.755,117.765,359.7326869473504
117.765,117.775,357.9190813797968
117.775,117.785,354.7784238272746
117.785,117.795,349.9415431947021
117.795,117.805,344.4481231921833
117.805,117.815,337.6292756571794
117.815,117.825,325.8063800211672
117.825,117.835,314.0137664318191
117.835,117.845,299.8721376310097
117.845,117.855,290.4958608375525
117.855,117.865,286.1192150419216
117.865,117.875,279.3131288161481
117.875,117.885,271.6604631358525
117.885,117.895,268.3207851409284
117.895,117.905,264.9969783691725
117.905,117.915,260.8428288683584
117.915,117.925,257.31508781009455
117.925,117.935,253.88194288933715
117.935,117.945,251.31841583944518
117.945,117.955,249.14289787805782
117.955,117.965,246.4472164943396
117.965,117.975,243.36970874234933
117.975,117.985,238.97400111745827
117.985,117.995,0.0
117.995,118.005,0.0
118.005,118.015,0.0
118.015,118.025,0.0
118.025,118.035,0.0
118.035,118.045,0.0
118.045,118.055,0.0
118.055,118.065,0.0
118.065,118.075,0.0
118.075,118.085,237.8528626435048
118.085,118.095,232.03599702186716
118.095,118.105,0.0
118.105,118.115,222.95454409567984
118.115,118.125,228.05148118895048
118.125,118.135,229.78747541268558
118.135,118.145,230.27450078205783
118.145,118.155,230.26666556392416
118.155,118.165,229.86953714047536
118.165,118.175,228.43253002038315
118.175,118.185,224.09643020731497
118.185,118.195,221.1482803373198
118.195,118.205,221.12509173201863
118.205,118.215,221.41496516415702
118.215,118.225,220.19453451756632
118.225,118.235,217.76321115233864
118.235,118.245,215.30590329680038
118.245,118.255,212.33795942255358
118.255,118.265,207.65850139572692
118.265,118.275,205.20511823369864
118.275,118.285,203.98301228110694
118.285,118.295,202.55507896610004
118.295,118.305,200.7992680258621
118.305,118.315,199.13574379761428
118.315,118.325,197.94635370840214
118.325,118.335,196.08384029298063
118.335,118.345,193.54835160388959
118.345,118.355,191.8850086190323
118.355,118.365,190.40365834291973
118.365,118.375,188.17916797752218
118.375,118.385,186.2635937374962
118.385,118.395,186.2212657661913
118.395,118.405,186.98257605069676
118.405,118.415,187.7046507878515
118.415,118.425,187.57331800630087
118.425,118.435,0.0
118.435,118.445,0.0
118.445,118.455,0.0
118.455,118.465,0.0
118.465,118.475,0.0
118.475,118.485,0.0
118.485,118.495,0.0
118.495,118.505,0.0
118.505,118.515,0.0
118.515,118.525,0.0
118.525,118.535,0.0
118.535,118.545,268.75676493649905
118.545,118.555,271.65455287378177
118.555,118.565,275.7460483359418
118.565,118.575,281.8768026092284
118.575,118.585,287.6104560654571
118.585,118.595,0.0
118.595,118.605,0.0
118.605,118.615,0.0
118.615,118.625,0.0
118.625,118.635,0.0
118.635,118.645,0.0
118.645,118.655,0.0
118.655,118.665,0.0
118.665,118.675,0.0
118.675,118.685,0.0
118.685,118.695,0.0
118.695,118.705,0.0
118.705,118.715,0.0
118.715,118.725,0.0
118.725,118.735,0.0
118.735,118.745,0.0
118.745,118.755,0.0
118.755,118.765,0.0
118.765,118.775,0.0
118.775,118.785,0.0
118.785,118.795,346.64532714719024
118.795,118.805,355.49807755894193
118.805,118.815,362.61014114862
118.815,118.825,366.98031750713284
118.825,118.835,369.2412277799635
118.835,118.845,370.0688800173723
118.845,118.855,369.4127134694463
118.855,118.865,354.3837069952135
118.865,118.875,340.5680809086253
118.875,118.885,353.70613625589795
118.885,118.895,349.539651158278
118.895,118.905,335.7436921733385
118.905,118.915,315.23528447422916
118.915,118.925,274.20407836769766
118.925,118.935,268.38985080152827
118.935,118.945,265.1164614990405
118.945,118.955,263.11602813042214
118.955,118.965,261.9312064846028
118.965,118.975,260.6654642868616
118.975,118.985,258.9005484225217
118.985,118.995,256.53337501592165
118.995,119.005,253.47186204183245
119.005,119.015,249.01089455137227
119.015,119.025,244.27174937394614
119.025,119.035,241.8755276097452
119.035,119.045,239.78023452577605
119.045,119.055,236.3107288519101
119.055,119.065,229.88321082621056
119.065,119.075,0.0
119.075,119.085,0.0
119.085,119.095,0.0
119.095,119.105,0.0
119.105,119.115,0.0
119.115,119.125,0.0
119.125,119.135,0.0
119.135,119.145,0.0
119.145,119.155,0.0
119.155,119.165,0.0
119.165,119.175,0.0
119.175,119.185,0.0
119.185,119.195,0.0
119.195,119.205,0.0
119.205,119.215,0.0
119.215,119.225,0.0
119.225,119.235,0.0
119.235,119.245,0.0
119.245,119.255,0.0
119.255,119.265,223.2767642247447
119.265,119.275,220.2895628597708
119.275,119.285,217.26007743365142
119.285,119.295,215.06868709931118
119.295,119.305,213.8561027215697
119.305,119.315,212.5775344328198
119.315,119.325,211.399079540203
119.325,119.335,210.32188587925842
119.335,119.345,209.1311533251851
119.345,119.355,208.54149678038294
119.355,119.365,208.58914049180956
119.365,119.375,208.51052318531856
119.375,119.385,208.20199662721404
119.385,119.395,207.86626573413048
119.395,119.405,207.60980869467988
119.405,119.415,207.5244972544917
119.415,119.425,207.59601166450832
119.425,119.435,207.59824453708333
119.435,119.445,207.3322949041856
119.445,119.455,206.64890710433178
119.455,119.465,0.0
119.465,119.475,0.0
119.475,119.485,0.0
119.485,119.495,0.0
119.495,119.505,0.0
119.505,119.515,0.0
119.515,119.525,0.0
119.525,119.535,0.0
119.535,119.545,0.0
119.545,119.555,0.0
119.555,119.565,0.0
119.565,119.575,0.0
119.575,119.585,0.0
119.585,119.595,0.0
119.595,119.605,0.0
119.605,119.615,0.0
119.615,119.625,0.0
119.625,119.635,0.0
119.635,119.645,0.0
119.645,119.655,0.0
119.655,119.665,0.0
119.665,119.675,0.0
119.675,119.685,0.0
119.685,119.695,0.0
119.695,119.705,0.0
119.705,119.715,0.0
119.715,119.725,0.0
119.725,119.735,0.0
119.735,119.745,0.0
119.745,119.755,0.0
119.755,119.765,0.0
119.765,119.775,0.0
119.775,119.785,0.0
119.785,119.795,0.0
119.795,119.805,0.0
119.805,119.815,0.0
119.815,119.825,0.0
119.825,119.835,0.0
119.835,119.845,0.0
119.845,119.855,0.0
119.855,119.865,0.0
119.865,119.875,0.0
119.875,119.885,0.0
119.885,119.895,0.0
119.895,119.905,0.0
119.905,119.915,0.0
119.915,119.925,0.0
119.925,119.935,0.0
119.935,119.945,0.0
119.945,119.955,0.0
119.955,119.965,0.0
119.965,119.975,0.0
119.975,119.985,0.0
119.985,119.995,0.0
119.995,120.005,0.0
120.005,120.015,0.0
120.015,120.025,0.0
120.025,120.035,0.0
120.035,120.045,0.0
120.045,120.055,0.0
120.055,120.065,0.0
120.065,120.075,0.0
120.075,120.085,0.0
120.085,120.095,0.0
120.095,120.105,0.0
120.105,120.115,0.0
120.115,120.125,0.0
120.125,120.135,0.0
120.135,120.145,0.0
120.145,120.155,0.0
120.155,120.165,0.0
120.165,120.175,0.0
120.175,120.185,0.0
120.185,120.195,0.0
120.195,120.205,284.5056002285541
120.205,120.215,279.3523809563399
120.215,120.225,275.34690281250096
120.225,120.235,267.4189089692906
120.235,120.245,257.9670519317946
120.245,120.255,254.6115421740459
120.255,120.265,258.77391608811604
120.265,120.275,274.34456421048935
120.275,120.285,280.0616007729164
120.285,120.295,0.0
120.295,120.305,0.0
120.305,120.315,0.0
120.315,120.325,0.0
120.325,120.335,0.0
120.335,120.345,0.0
120.345,120.355,0.0
120.355,120.365,0.0
120.365,120.375,0.0
120.375,120.385,256.16365344045346
120.385,120.395,250.91436377108033
120.395,120.405,243.826193723722
120.405,120.415,236.10973346408352
120.415,120.425,225.4028734207486
120.425,120.435,223.85128077170586
120.435,120.445,234.08169754498806
120.445,120.455,0.0
120.455,120.465,0.0
120.465,120.475,0.0
120.475,120.485,0.0
120.485,120.495,221.98580548091002
120.495,120.505,222.61957924540826
120.505,120.515,222.15668503082924
120.515,120.525,221.20249989107316
120.525,120.535,0.0
120.535,120.545,0.0
120.545,120.555,0.0
120.555,120.565,0.0
120.565,120.575,0.0
120.575,120.585,0.0
120.585,120.595,215.7792057713456
120.595,120.605,213.90750847905338
120.605,120.615,209.797343598183
120.615,120.625,205.820061610131
120.625,120.635,203.80692826590604
120.635,120.645,202.6798657546407
120.645,120.655,202.0986653932104
120.655,120.665,202.02918860613946
120.665,120.675,202.09004961829186
120.675,120.685,201.84648152349217
120.685,120.695,200.99861693118365
120.695,120.705,0.0
120.705,120.715,0.0
120.715,120.725,200.71342558664264
120.725,120.735,201.62937265797157
120.735,120.745,200.86433006283684
120.745,120.755,199.07948976024096
120.755,120.765,196.74607657211325
120.765,120.775,193.69326630363298
120.775,120.785,0.0
120.785,120.795,0.0
120.795,120.805,0.0
120.805,120.815,0.0
120.815,120.825,0.0
120.825,120.835,0.0
120.835,120.845,0.0
120.845,120.855,0.0
120.855,120.865,0.0
120.865,120.875,0.0
120.875,120.885,0.0
120.885,120.895,0.0
120.895,120.905,0.0
120.905,120.915,0.0
120.915,120.925,191.59334041290205
120.925,120.935,186.50154038271472
120.935,120.945,184.27205761151285
120.945,120.955,180.70221548577697
120.955,120.965,175.298128066843
120.965,120.975,172.81153441123027
120.975,120.985,171.34840354526787
120.985,120.995,169.6994089240629
120.995,121.005,168.23785721554373
121.005,121.015,167.53201872313045
121.015,121.025,166.8555693942471
121.025,121.035,166.5198863610419
121.035,121.045,166.8592652920667
121.045,121.055,167.10246099450498
121.055,121.065,167.32731535455054
121.065,121.075,167.52393627041877
121.075,121.085,167.4044639838765
121.085,121.095,166.841900627471
121.095,121.105,166.00418853687816
121.105,121.115,165.1257788703381
121.115,121.125,164.2711680507614
121.125,121.135,0.0
121.135,121.145,0.0
121.145,121.155,0.0
121.155,121.165,0.0
121.165,121.175,0.0
121.175,121.185,0.0
121.185,121.195,0.0
121.195,121.205,0.0
121.205,121.215,0.0
121.215,121.225,0.0
121.225,121.235,0.0
121.235,121.245,0.0
121.245,121.255,0.0
121.255,121.265,0.0
121.265,121.275,0.0
121.275,121.285,0.0
121.285,121.295,0.0
121.295,121.305,0.0
121.305,121.315,0.0
121.315,121.325,0.0
121.325,121.335,0.0
121.335,121.345,0.0
121.345,121.355,0.0
121.355,121.365,0.0
121.365,121.375,0.0
121.375,121.385,0.0
121.385,121.395,0.0
121.395,121.405,0.0
121.405,121.415,0.0
121.415,121.425,0.0
121.425,121.435,0.0
121.435,121.445,0.0
121.445,121.455,0.0
121.455,121.465,0.0
121.465,121.475,0.0
121.475,121.485,0.0
121.485,121.495,0.0
121.495,121.505,0.0
121.505,121.515,0.0
121.515,121.525,0.0
121.525,121.535,0.0
121.535,121.545,0.0
121.545,121.555,0.0
121.555,121.565,0.0
121.565,121.575,0.0
121.575,121.585,0.0
121.585,121.595,0.0
121.595,121.605,0.0
121.605,121.615,0.0
121.615,121.625,0.0
121.625,121.635,0.0
121.635,121.645,0.0
121.645,121.655,0.0
121.655,121.665,0.0
121.665,121.675,0.0
121.675,121.685,0.0
121.685,121.695,0.0
121.695,121.705,0.0
121.705,121.715,0.0
121.715,121.725,0.0
121.725,121.735,0.0
121.735,121.745,0.0
121.745,121.755,0.0
121.755,121.765,0.0
121.765,121.775,0.0
121.775,121.785,0.0
121.785,121.795,0.0
121.795,121.805,0.0
121.805,121.815,0.0
121.815,121.825,0.0
121.825,121.835,0.0
121.835,121.845,0.0
121.845,121.855,0.0
121.855,121.865,0.0
121.865,121.875,0.0
121.875,121.885,0.0
121.885,121.895,0.0
121.895,121.905,0.0
121.905,121.915,0.0
121.915,121.925,0.0
121.925,121.935,0.0
121.935,121.945,0.0
121.945,121.955,0.0
121.955,121.965,0.0
121.965,121.975,0.0
121.975,121.985,0.0
121.985,121.995,0.0
121.995,122.005,0.0
122.005,122.015,0.0
122.015,122.025,0.0
122.025,122.035,0.0
122.035,122.045,0.0
122.045,122.055,0.0
122.055,122.065,0.0
122.065,122.075,0.0
122.075,122.085,0.0
122.085,122.095,0.0
122.095,122.105,0.0
122.105,122.115,0.0
122.115,122.125,0.0
122.125,122.135,270.5334209761372
122.135,122.145,270.7214204680006
122.145,122.155,267.7595562852613
122.155,122.165,272.2330054668684
122.165,122.175,277.46657198416926
122.175,122.185,281.244047051555
122.185,122.195,283.4083388023464
122.195,122.205,284.6927362908071
122.205,122.215,285.3984994112786
122.215,122.225,285.58491643632635
122.225,122.235,285.67082732106223
122.235,122.245,285.8573247574778
122.245,122.255,286.4656168643599
122.255,122.265,286.38161083046293
122.265,122.275,285.12884973992414
122.275,122.285,282.7877573980488
122.285,122.295,277.71662498084544
122.295,122.305,273.22490689185156
122.305,122.315,267.7877047151252
122.315,122.325,261.2651237065255
122.325,122.335,255.63411168159678
122.335,122.345,250.47088919587773
122.345,122.355,244.88477725250462
122.355,122.365,240.5043831981889
122.365,122.375,237.58462088820107
122.375,122.385,234.40768423569395
122.385,122.395,231.7075422759205
122.395,122.405,230.7182908340113
122.405,122.415,234.032234069374
122.415,122.425,236.51510387181344
122.425,122.435,238.5791363564983
122.435,122.445,242.1042743536839
122.445,122.455,245.8400218050987
122.455,122.465,252.27579638980248
122.465,122.475,264.1436774415366
122.475,122.485,275.71849075117495
122.485,122.495,282.43222975934157
122.495,122.505,302.65808090123903
122.505,122.515,308.7977921528081
122.515,122.525,323.68699959190576
122.525,122.535,334.61519822597154
122.535,122.545,375.85376959588206
122.545,122.555,390.383054928062
122.555,122.565,402.43946726365476
122.565,122.575,399.35907117014835
122.575,122.585,0.0
122.585,122.595,0.0
122.595,122.605,0.0
122.605,122.615,0.0
122.615,122.625,0.0
122.625,122.635,0.0
122.635,122.645,0.0
122.645,122.655,0.0
122.655,122.665,0.0
122.665,122.675,317.42441254548646
122.675,122.685,315.04057382183436
122.685,122.695,312.62028299538844
122.695,122.705,312.1303841259092
122.705,122.715,314.6437657498483
122.715,122.725,319.3291533041931
122.725,122.735,323.0458555792523
122.735,122.745,325.79441095207136
122.745,122.755,327.4447797861115
122.755,122.765,326.7499376472707
122.765,122.775,321.3240068124678
122.775,122.785,0.0
122.785,122.795,0.0
122.795,122.805,0.0
122.805,122.815,0.0
122.815,122.825,0.0
122.825,122.835,0.0
122.835,122.845,0.0
122.845,122.855,0.0
122.855,122.865,0.0
122.865,122.875,277.19921087408386
122.875,122.885,277.62636257784106
122.885,122.895,275.48704110869636
122.895,122.905,269.98423370162516
122.905,122.915,263.3691594824755
122.915,122.925,257.61252245791326
122.925,122.935,252.75251592636033
122.935,122.945,248.54833555860935
122.945,122.955,244.1781071702935
122.955,122.965,239.37869413063694
122.965,122.975,235.98722756389017
122.975,122.985,0.0
122.985,122.995,0.0
122.995,123.005,0.0
123.005,123.015,0.0
123.015,123.025,0.0
123.025,123.035,0.0
123.035,123.045,0.0
123.045,123.055,0.0
123.055,123.065,0.0
123.065,123.075,0.0
123.075,123.085,0.0
123.085,123.095,0.0
123.095,123.105,262.6352370696818
123.105,123.115,257.489416686154
123.115,123.125,252.75247490684148
123.125,123.135,248.7580248847615
123.135,123.145,245.97437270704555
123.145,123.155,243.99502499035157
123.155,123.165,242.15245345492372
123.165,123.175,240.2030548313543
123.175,123.185,238.58491592892148
123.185,123.195,238.14046906539866
123.195,123.205,238.1685584310617
123.205,123.215,237.68451778519943
123.215,123.225,236.97807427577422
123.225,123.235,235.96867570320092
123.235,123.245,233.80081792038277
123.245,123.255,230.27051773736235
123.255,123.265,225.18712126547533
123.265,123.275,221.33904639316444
123.275,123.285,220.44066389834714
123.285,123.295,226.45877590614114
123.295,123.305,227.01051038582736
123.305,123.315,226.2057488223682
123.315,123.325,224.5350794259523
123.325,123.335,222.73837126040846
123.335,123.345,220.92865733126126
123.345,123.355,218.80382641516928
123.355,123.365,215.11078839699525
123.365,123.375,212.19026088402325
123.375,123.385,210.69424891399387
123.385,123.395,209.9038313836178
123.395,123.405,209.75521495093489
123.405,123.415,209.90451995893346
123.415,123.425,209.91097140632084
123.425,123.435,209.54940455409718
123.435,123.445,209.0129507507315
123.445,123.455,208.5063431566965
123.455,123.465,207.8719903663631
123.465,123.475,206.89238350854706
123.475,123.485,206.0876920263278
123.485,123.495,205.6769879590227
123.495,123.505,0.0
123.505,123.515,0.0
123.515,123.525,0.0
123.525,123.535,0.0
123.535,123.545,0.0
123.545,123.555,0.0
123.555,123.565,0.0
123.565,123.575,0.0
123.575,123.585,0.0
123.585,123.595,0.0
123.595,123.605,0.0
123.605,123.615,0.0
123.615,123.625,0.0
123.625,123.635,0.0
123.635,123.645,0.0
123.645,123.655,0.0
123.655,123.665,0.0
123.665,123.675,0.0
123.675,123.685,0.0
123.685,123.695,0.0
123.695,123.705,0.0
123.705,123.715,0.0
123.715,123.725,0.0
123.725,123.735,0.0
123.735,123.745,0.0
123.745,123.755,0.0
123.755,123.765,0.0
123.765,123.775,0.0
123.775,123.785,0.0
123.785,123.795,0.0
123.795,123.805,0.0
123.805,123.815,0.0
123.815,123.825,0.0
123.825,123.835,0.0
123.835,123.845,0.0
123.845,123.855,0.0
123.855,123.865,0.0
123.865,123.875,0.0
123.875,123.885,0.0
123.885,123.895,0.0
123.895,123.905,0.0
123.905,123.915,0.0
123.915,123.925,0.0
123.925,123.935,0.0
123.935,123.945,0.0
123.945,123.955,0.0
123.955,123.965,0.0
123.965,123.975,0.0
123.975,123.985,0.0
123.985,123.995,0.0
123.995,124.005,0.0
124.005,124.015,0.0
124.015,124.025,0.0
124.025,124.035,0.0
124.035,124.045,0.0
124.045,124.055,0.0
124.055,124.065,0.0
124.065,124.075,0.0
124.075,124.085,0.0
124.085,124.095,0.0
124.095,124.105,0.0
124.105,124.115,0.0
124.115,124.125,0.0
124.125,124.135,232.7088482042719
124.135,124.145,225.84827109018795
124.145,124.155,220.36596787682458
124.155,124.165,216.207858194538
124.165,124.175,213.25158581935605
124.175,124.185,210.87759489775533
124.185,124.195,208.79253546734947
124.195,124.205,206.33652288010623
124.205,124.215,201.67980539604144
124.215,124.225,0.0
124.225,124.235,0.0
124.235,124.245,0.0
124.245,124.255,0.0
124.255,124.265,0.0
124.265,124.275,0.0
124.275,124.285,0.0
124.285,124.295,0.0
124.295,124.305,0.0
124.305,124.315,0.0
124.315,124.325,0.0
124.325,124.335,0.0
124.335,124.345,0.0
124.345,124.355,233.50821769303283
124.355,124.365,218.05450770739628
124.365,124.375,210.90374177038916
124.375,124.385,207.51104569448654
124.385,124.395,0.0
124.395,124.405,0.0
124.405,124.415,0.0
124.415,124.425,0.0
124.425,124.435,202.25304604381324
124.435,124.445,202.5880578216824
124.445,124.455,202.22512442904957
124.455,124.465,201.0907362957305
124.465,124.475,199.64258827648598
124.475,124.485,198.07343887755732
124.485,124.495,0.0
124.495,124.505,0.0
124.505,124.515,0.0
124.515,124.525,0.0
124.525,124.535,0.0
124.535,124.545,0.0
124.545,124.555,208.53831380241658
124.555,124.565,209.94404012439998
124.565,124.575,210.1345943588868
124.575,124.585,209.305005596708
124.585,124.595,208.13049605920355
124.595,124.605,206.9882840099387
124.605,124.615,205.91508845491506
124.615,124.625,204.9673984001746
124.625,124.635,204.5605952710894
124.635,124.645,205.5990043650092
124.645,124.655,0.0
124.655,124.665,0.0
124.665,124.675,0.0
124.675,124.685,0.0
124.685,124.695,0.0
124.695,124.705,0.0
124.705,124.715,0.0
124.715,124.725,0.0
124.725,124.735,220.98268938524834
124.735,124.745,207.5046784604759
124.745,124.755,199.93285407464563
124.755,124.765,194.2676479430233
124.765,124.775,191.24110634114191
124.775,124.785,0.0
124.785,124.795,0.0
124.795,124.805,0.0
124.805,124.815,0.0
124.815,124.825,0.0
124.825,124.835,0.0
124.835,124.845,0.0
124.845,124.855,0.0
124.855,124.865,0.0
124.865,124.875,0.0
124.875,124.885,0.0
124.885,124.895,0.0
124.895,124.905,0.0
124.905,124.915,0.0
124.915,124.925,0.0
124.925,124.935,0.0
124.935,124.945,0.0
124.945,124.955,0.0
124.955,124.965,0.0
124.965,124.975,0.0
124.975,124.985,0.0
124.985,124.995,0.0
124.995,125.005,0.0
125.005,125.015,0.0
125.015,125.025,0.0
125.025,125.035,0.0
125.035,125.045,0.0
125.045,125.055,0.0
125.055,125.065,0.0
125.065,125.075,0.0
125.075,125.085,0.0
125.085,125.095,0.0
125.095,125.105,0.0
125.105,125.115,188.17168195355862
125.115,125.125,188.49878174093269
125.125,125.135,188.68721253006447
125.135,125.145,188.78992627529053
125.145,125.155,188.76410013514283
125.155,125.165,188.30904980400504
125.165,125.175,187.15794154928852
125.175,125.185,185.40464688928515
125.185,125.195,183.6467982536562
125.195,125.205,182.30400649866365
125.205,125.215,0.0
125.215,125.225,0.0
125.225,125.235,0.0
125.235,125.245,0.0
125.245,125.255,0.0
125.255,125.265,0.0
125.265,125.275,0.0
125.275,125.285,0.0
125.285,125.295,0.0
125.295,125.305,0.0
125.305,125.315,0.0
125.315,125.325,0.0
125.325,125.335,0.0
125.335,125.345,0.0
125.345,125.355,0.0
125.355,125.365,0.0
125.365,125.375,0.0
125.375,125.385,0.0
125.385,125.395,186.3043258735674
125.395,125.405,185.08582451331907
125.405,125.415,183.49839131493053
125.415,125.425,181.73388885485434
125.425,125.435,179.6511623826719
125.435,125.445,177.01609675644295
125.445,125.455,173.72060311043128
125.455,125.465,0.0
125.465,125.475,0.0
125.475,125.485,0.0
125.485,125.495,0.0
125.495,125.505,0.0
125.505,125.515,0.0
125.515,125.525,0.0
125.525,125.535,0.0
125.535,125.545,0.0
125.545,125.555,0.0
125.555,125.565,0.0
125.565,125.575,0.0
125.575,125.585,0.0
125.585,125.595,0.0
125.595,125.605,0.0
125.605,125.615,0.0
125.615,125.625,0.0
125.625,125.635,0.0
125.635,125.645,0.0
125.645,125.655,0.0
125.655,125.665,0.0
125.665,125.675,0.0
125.675,125.685,0.0
125.685,125.695,0.0
125.695,125.705,0.0
125.705,125.715,0.0
125.715,125.725,0.0
125.725,125.735,0.0
125.735,125.745,0.0
125.745,125.755,0.0
125.755,125.765,0.0
125.765,125.775,0.0
125.775,125.785,0.0
125.785,125.795,0.0
125.795,125.805,0.0
125.805,125.815,0.0
125.815,125.825,0.0
125.825,125.835,0.0
125.835,125.845,0.0
125.845,125.855,0.0
125.855,125.865,0.0
125.865,125.875,0.0
125.875,125.885,0.0
125.885,125.895,0.0
125.895,125.905,0.0
125.905,125.915,0.0
125.915,125.925,0.0
125.925,125.935,0.0
125.935,125.945,0.0
125.945,125.955,0.0
125.955,125.965,0.0
125.965,125.975,0.0
125.975,125.985,0.0
125.985,125.995,0.0
125.995,126.005,0.0
126.005,126.015,0.0
126.015,126.025,0.0
126.025,126.035,0.0
126.035,126.045,0.0
126.045,126.055,0.0
126.055,126.065,0.0
126.065,126.075,0.0
126.075,126.085,267.02871158822904
126.085,126.095,259.891434238521
126.095,126.105,255.12313825909885
126.105,126.115,252.1218025812043
126.115,126.125,250.3273178126851
126.125,126.135,249.20714344602678
126.135,126.145,248.13203901795328
126.145,126.155,246.39532313963232
126.155,126.165,251.93013115047594
126.165,126.175,255.41727341689415
126.175,126.185,255.9204378310773
126.185,126.195,256.1432448488716
126.195,126.205,256.6556050610199
126.205,126.215,257.17111423423376
126.215,126.225,257.25821318535327
126.225,126.235,257.06814829020686
126.235,126.245,256.9745696341404
126.245,126.255,257.25337296325995
126.255,126.265,257.7313041243744
126.265,126.275,258.05843811093933
126.275,126.285,258.3237336199428
126.285,126.295,258.2415762678049
126.295,126.305,258.4625348332672
126.305,126.315,260.58689416429485
126.315,126.325,263.10372332166264
126.325,126.335,265.9575284436163
126.335,126.345,270.6456586607811
126.345,126.355,276.1348815884305
126.355,126.365,281.5869824445147
126.365,126.375,287.48450930371627
126.375,126.385,291.11918409348954
126.385,126.395,295.01988694268044
126.395,126.405,306.7897054901166
126.405,126.415,316.5208932130618
126.415,126.425,317.39449617139957
126.425,126.435,316.2065565512638
126.435,126.445,315.9950845636813
126.445,126.455,318.06094899137696
126.455,126.465,320.37094438268207
126.465,126.475,321.8962333573628
126.475,126.485,323.9988509732677
126.485,126.495,327.72250216235125
126.495,126.505,333.36436190132395
126.505,126.515,337.83054565845106
126.515,126.525,339.18437788640557
126.525,126.535,338.7355772942156
126.535,126.545,338.34353195362286
126.545,126.555,338.0695953979294
126.555,126.565,332.39087358660413
126.565,126.575,327.8783745541439
126.575,126.585,325.51857939679445
126.585,126.595,321.86865204878995
126.595,126.605,316.26700839066984
126.605,126.615,311.98844965934825
126.615,126.625,308.5542249290396
126.625,126.635,304.7768612006138
126.635,126.645,302.42859166793164
126.645,126.655,302.4602460096226
126.655,126.665,302.4995015229449
126.665,126.675,301.50643745352954
126.675,126.685,300.07512364207616
126.685,126.695,297.62483820315686
126.695,126.705,293.9091893952872
126.705,126.715,290.7706091516386
126.715,126.725,288.41881494646464
126.725,126.735,286.9520743242063
126.735,126.745,285.4788574186498
126.745,126.755,283.2672199330542
126.755,126.765,280.8324874711755
126.765,126.775,278.3062000480746
126.775,126.785,275.323005836604
126.785,126.795,273.2689685356284
126.795,126.805,273.66417736124487
126.805,126.815,275.45381125576654
126.815,126.825,276.3235314331624
126.825,126.835,275.9404056799536
126.835,126.845,274.4923328907218
126.845,126.855,272.4015906888203
126.855,126.865,269.9889281619776
126.865,126.875,267.7169693489797
126.875,126.885,266.2077918542052
126.885,126.895,264.77239384057566
126.895,126.905,262.4567835855664
126.905,126.915,259.38916110535706
126.915,126.925,256.5084302299369
126.925,126.935,253.8559715771403
126.935,126.945,252.319003863537
126.945,126.955,0.0
126.955,126.965,0.0
126.965,126.975,0.0
126.975,126.985,0.0
126.985,126.995,0.0
126.995,127.005,0.0
127.005,127.015,0.0
127.015,127.025,0.0
127.025,127.035,0.0
127.035,127.045,0.0
127.045,127.055,0.0
127.055,127.065,0.0
127.065,127.075,0.0
127.075,127.085,0.0
127.085,127.095,0.0
127.095,127.105,0.0
127.105,127.115,0.0
127.115,127.125,0.0
127.125,127.135,0.0
127.135,127.145,0.0
127.145,127.155,0.0
127.155,127.165,0.0
127.165,127.175,0.0
127.175,127.185,0.0
127.185,127.195,0.0
127.195,127.205,0.0
127.205,127.215,0.0
127.215,127.225,0.0
127.225,127.235,0.0
127.235,127.245,0.0
127.245,127.255,0.0
127.255,127.265,0.0
127.265,127.275,0.0
127.275,127.285,207.93610912882613
127.285,127.295,207.18639348084764
127.295,127.305,206.55557857516112
127.305,127.315,206.19737837145516
127.315,127.325,206.38324681387317
127.325,127.335,206.81570721359458
127.335,127.345,207.0205283057497
127.345,127.355,206.70815114934072
127.355,127.365,206.04783576394655
127.365,127.375,205.45509271924527
127.375,127.385,205.0601731352949
127.385,127.395,204.7112538509338
127.395,127.405,204.25256752163878
127.405,127.415,203.34229307468055
127.415,127.425,201.89601835040364
127.425,127.435,200.36782792682112
127.435,127.445,198.85425122787947
127.445,127.455,197.2711189173865
127.455,127.465,196.10976271850774
127.465,127.475,195.15444902391866
127.475,127.485,194.0861991945862
127.485,127.495,192.8884148750489
127.495,127.505,191.88441423477855
127.505,127.515,191.17600358961852
127.515,127.525,191.04384114163304
127.525,127.535,191.70700525939463
127.535,127.545,192.6095155700401
127.545,127.555,0.0
127.555,127.565,0.0
127.565,127.575,0.0
127.575,127.585,0.0
127.585,127.595,0.0
127.595,127.605,0.0
127.605,127.615,0.0
127.615,127.625,0.0
127.625,127.635,0.0
127.635,127.645,0.0
127.645,127.655,0.0
127.655,127.665,0.0
127.665,127.675,0.0
127.675,127.685,0.0
127.685,127.695,0.0
127.695,127.705,0.0
127.705,127.715,0.0
127.715,127.725,0.0
127.725,127.735,0.0
127.735,127.745,0.0
127.745,127.755,0.0
127.755,127.765,0.0
127.765,127.775,0.0
127.775,127.785,0.0
