filepath,start_time_sec,end_time_sec
IT/37_PF40_3/37_PF40_3_1.wav,2.25,2.94
IT/37_PF40_3/37_PF40_3_1.wav,5.31,6.22
IT/37_PF40_3/37_PF40_3_1.wav,12.08,13.2
IT/37_PF40_3/37_PF40_3_1.wav,17.24,17.7
IT/37_PF40_3/37_PF40_3_1.wav,19.44,19.72
IT/10_CF51_2/10_CF51_2_4.wav,3.6,4.92
IT/10_CF51_2/10_CF51_2_4.wav,7.65,8.53
IT/10_CF51_2/10_CF51_2_4.wav,9.39,9.74
IT/10_CF51_2/10_CF51_2_4.wav,11.88,13.08
IT/10_CF51_2/10_CF51_2_4.wav,14.29,14.6
IT/10_CF51_2/10_CF51_2_4.wav,15.32,16.13
IT/10_CF51_2/10_CF51_2_4.wav,18.2,19.31
IT/10_CF51_2/10_CF51_2_4.wav,20.47,21.3
IT/10_CF51_2/10_CF51_2_4.wav,24.04,24.42
IT/10_CF51_2/10_CF51_2_4.wav,27.27,27.99
IT/10_CF51_2/10_CF51_2_4.wav,30.59,31.92
IT/10_CF51_2/10_CF51_2_4.wav,33.24,34.08
IT/10_CF51_2/10_CF51_2_4.wav,36.16,36.58
IT/10_CF51_2/10_CF51_2_12.wav,1.3,1.87
IT/10_CF51_2/10_CF51_2_12.wav,7.78,8.74
IT/10_CF51_2/10_CF51_2_12.wav,13.04,13.61
IT/10_CF51_2/10_CF51_2_12.wav,15.23,15.47
IT/10_CF51_2/10_CF51_2_12.wav,16.93,17.14
IT/10_CF51_2/10_CF51_2_6.wav,0.13,0.45
IT/10_CF51_2/10_CF51_2_6.wav,1.98,2.41
IT/10_CF51_2/10_CF51_2_1.wav,3.87,4.74
IT/10_CF51_2/10_CF51_2_1.wav,5.66,7.07
IT/10_CF51_2/10_CF51_2_1.wav,8.44,8.81
IT/10_CF51_2/10_CF51_2_1.wav,10.82,11.61
IT/10_CF51_2/10_CF51_2_1.wav,17.05,17.29
IT/10_CF51_2/10_CF51_2_1.wav,19.3,19.77
IT/10_CF51_2/10_CF51_2_1.wav,19.96,20.41
IT/10_CF51_2/10_CF51_2_1.wav,21.15,21.63
IT/10_CF51_2/10_CF51_2_1.wav,23.04,23.51
IT/10_CF51_2/10_CF51_2_1.wav,23.8,24.31
IT/10_CF51_2/10_CF51_2_1.wav,25.26,26.07
IT/10_CF51_2/10_CF51_2_1.wav,26.45,27.2
IT/10_CF51_2/10_CF51_2_1.wav,29.13,30.07
IT/10_CF51_2/10_CF51_2_1.wav,31.51,32.74
IT/10_CF51_2/10_CF51_2_1.wav,40.29,40.79
IT/10_CF51_2/10_CF51_2_1.wav,41.88,42.23
IT/10_CF51_2/10_CF51_2_1.wav,46.05,47.06
IT/10_CF51_2/10_CF51_2_1.wav,48.08,48.43
IT/10_CF51_2/10_CF51_2_1.wav,55.29,55.58
IT/10_CF51_2/10_CF51_2_1.wav,58.14,58.83
IT/10_CF51_2/10_CF51_2_1.wav,59.98,60.38
IT/10_CF51_2/10_CF51_2_1.wav,61.83,62.19
IT/10_CF51_2/10_CF51_2_1.wav,64.22,64.66
IT/10_CF51_2/10_CF51_2_2.wav,6.91,7.87
IT/10_CF51_2/10_CF51_2_2.wav,9.28,9.67
IT/10_CF51_2/10_CF51_2_2.wav,12.32,12.9
IT/10_CF51_2/10_CF51_2_2.wav,14.82,16.25
IT/10_CF51_2/10_CF51_2_15.wav,1.19,1.75
IT/10_CF51_2/10_CF51_2_9.wav,2.69,3.08
IT/10_CF51_2/10_CF51_2_9.wav,5.99,6.41
IT/10_CF51_2/10_CF51_2_9.wav,8.62,9.13
IT/10_CF51_2/10_CF51_2_9.wav,10.3,10.75
IT/10_CF51_2/10_CF51_2_9.wav,12.42,12.71
IT/10_CF51_2/10_CF51_2_9.wav,13.58,13.8
IT/10_CF51_2/10_CF51_2_7.wav,0.56,0.92
IT/10_CF51_2/10_CF51_2_7.wav,1.8,2.01
IT/10_CF51_2/10_CF51_2_7.wav,4.09,4.96
IT/10_CF51_2/10_CF51_2_7.wav,6.11,6.82
IT/10_CF51_2/10_CF51_2_7.wav,7.87,9.26
IT/10_CF51_2/10_CF51_2_7.wav,10.17,10.4
IT/10_CF51_2/10_CF51_2_7.wav,11.08,12.52
IT/10_CF51_2/10_CF51_2_7.wav,16.22,16.7
IT/10_CF51_2/10_CF51_2_11.wav,2.06,2.27
IT/10_CF51_2/10_CF51_2_3.wav,2.26,2.51
IT/10_CF51_2/10_CF51_2_3.wav,2.58,3.46
IT/10_CF51_2/10_CF51_2_3.wav,4.48,4.84
IT/10_CF51_2/10_CF51_2_3.wav,7.28,7.93
IT/10_CF51_2/10_CF51_2_3.wav,10.28,10.89
IT/10_CF51_2/10_CF51_2_3.wav,12.92,13.21
IT/10_CF51_2/10_CF51_2_3.wav,14.5,14.72
IT/10_CF51_2/10_CF51_2_14.wav,4.39,5.1
IT/28_CF34_3/28_CF34_3_5.wav,13.06,13.51
IT/28_CF34_3/28_CF34_3_5.wav,21.25,21.65
IT/28_CF34_3/28_CF34_3_5.wav,27.54,27.74
IT/28_CF34_3/28_CF34_3_4.wav,3.26,3.64
IT/28_CF34_3/28_CF34_3_4.wav,9.17,9.63
IT/28_CF34_3/28_CF34_3_1.wav,6.24,6.93
IT/28_CF34_3/28_CF34_3_1.wav,20.81,21.06
IT/28_CF34_3/28_CF34_3_1.wav,29.81,30.21
IT/28_CF34_3/28_CF34_3_1.wav,34.33,34.76
IT/28_CF34_3/28_CF34_3_1.wav,44.74,45.15
IT/28_CF34_3/28_CF34_3_1.wav,48.01,48.33
IT/28_CF34_3/28_CF34_3_1.wav,54.56,55.03
IT/28_CF34_3/28_CF34_3_1.wav,65.8,66.17
IT/28_CF34_3/28_CF34_3_1.wav,73.56,73.96
IT/28_CF34_3/28_CF34_3_1.wav,76.61,76.97
IT/28_CF34_3/28_CF34_3_1.wav,87.62,88.07
IT/28_CF34_3/28_CF34_3_2.wav,9.72,10.2
IT/28_CF34_3/28_CF34_3_2.wav,12.47,13.98
IT/02_PM65_2/02_PM65_2_3.wav,3.03,3.99
IT/02_PM65_2/02_PM65_2_3.wav,5.79,6.03
IT/02_PM65_2/02_PM65_2_3.wav,9.7,10.03
IT/02_PM65_2/02_PM65_2_3.wav,12.54,13.2
IT/02_PM65_2/02_PM65_2_3.wav,14.77,15.87
IT/02_PM65_2/02_PM65_2_3.wav,17.14,18.23
IT/02_PM65_2/02_PM65_2_4.wav,1.44,2.23
IT/02_PM65_2/02_PM65_2_5.wav,1.87,2.85
IT/02_PM65_2/02_PM65_2_5.wav,7.66,8.86
IT/02_PM65_2/02_PM65_2_5.wav,13.27,14.16
IT/02_PM65_2/02_PM65_2_5.wav,15.46,16.37
IT/02_PM65_2/02_PM65_2_5.wav,17.15,17.96
IT/02_PM65_2/02_PM65_2_5.wav,19.77,21.11
IT/02_PM65_2/02_PM65_2_5.wav,27.84,28.93
IT/02_PM65_2/02_PM65_2_5.wav,33.9,34.6
IT/02_PM65_2/02_PM65_2_5.wav,38.46,39.5
IT/02_PM65_2/02_PM65_2_5.wav,41.3,41.86
IT/02_PM65_2/02_PM65_2_5.wav,45.75,46.32
IT/02_PM65_2/02_PM65_2_5.wav,48.38,49.11
IT/02_PM65_2/02_PM65_2_5.wav,51.18,52.15
IT/02_PM65_2/02_PM65_2_5.wav,55.67,56.12
IT/02_PM65_2/02_PM65_2_2.wav,2.84,3.81
IT/02_PM65_2/02_PM65_2_2.wav,7.46,8.13
IT/02_PM65_2/02_PM65_2_2.wav,10.04,11.34
IT/02_PM65_2/02_PM65_2_2.wav,13.19,13.74
IT/02_PM65_2/02_PM65_2_2.wav,17.07,18.5
IT/02_PM65_2/02_PM65_2_2.wav,21.94,23.24
IT/02_PM65_2/02_PM65_2_2.wav,25.36,25.67
IT/02_PM65_2/02_PM65_2_2.wav,27.08,27.29
IT/02_PM65_2/02_PM65_2_2.wav,30.81,32.22
IT/02_PM65_2/02_PM65_2_2.wav,34.52,35.66
IT/02_PM65_2/02_PM65_2_2.wav,37.26,37.56
IT/02_PM65_2/02_PM65_2_2.wav,37.64,38.79
IT/02_PM65_2/02_PM65_2_2.wav,39.88,41.28
IT/02_PM65_2/02_PM65_2_2.wav,41.69,42.08
IT/02_PM65_2/02_PM65_2_2.wav,43.38,44.0
IT/02_PM65_2/02_PM65_2_2.wav,45.75,46.63
IT/02_PM65_2/02_PM65_2_2.wav,49.16,49.72
IT/02_PM65_2/02_PM65_2_2.wav,53.13,53.86
IT/02_PM65_2/02_PM65_2_2.wav,56.32,57.02
IT/02_PM65_2/02_PM65_2_2.wav,58.53,59.07
IT/02_PM65_2/02_PM65_2_2.wav,61.45,62.78
IT/02_PM65_2/02_PM65_2_2.wav,65.56,66.51
IT/02_PM65_2/02_PM65_2_2.wav,68.23,69.1
IT/02_PM65_2/02_PM65_2_2.wav,76.02,77.57
IT/02_PM65_2/02_PM65_2_2.wav,83.03,83.57
IT/02_PM65_2/02_PM65_2_1.wav,4.82,5.49
IT/02_PM65_2/02_PM65_2_1.wav,9.5,10.01
IT/02_PM65_2/02_PM65_2_1.wav,11.89,12.44
IT/02_PM65_2/02_PM65_2_1.wav,17.29,18.25
IT/02_PM65_2/02_PM65_2_1.wav,22.46,23.79
IT/02_PM65_2/02_PM65_2_1.wav,27.03,27.28
IT/02_PM65_2/02_PM65_2_1.wav,28.77,30.01
IT/02_PM65_2/02_PM65_2_1.wav,31.82,32.6
IT/02_PM65_2/02_PM65_2_1.wav,36.32,37.17
IT/02_PM65_2/02_PM65_2_1.wav,41.09,41.96
IT/02_PM65_2/02_PM65_2_1.wav,45.77,46.08
IT/02_PM65_2/02_PM65_2_1.wav,47.44,47.99
IT/02_PM65_2/02_PM65_2_1.wav,50.44,50.81
IT/02_PM65_2/02_PM65_2_1.wav,53.87,54.35
IT/02_PM65_2/02_PM65_2_1.wav,58.9,59.76
IT/02_PM65_2/02_PM65_2_1.wav,62.29,62.71
IT/02_PM65_2/02_PM65_2_1.wav,65.13,65.86
IT/02_PM65_2/02_PM65_2_1.wav,66.8,67.34
IT/02_PM65_2/02_PM65_2_1.wav,70.4,71.15
IT/02_PM65_2/02_PM65_2_1.wav,75.08,75.88
IT/02_PM65_2/02_PM65_2_1.wav,77.55,78.37
IT/02_PM65_2/02_PM65_2_1.wav,79.8,80.7
IT/02_PM65_2/02_PM65_2_1.wav,83.63,84.68
IT/02_PM65_2/02_PM65_2_1.wav,86.68,87.85
IT/02_PM65_2/02_PM65_2_1.wav,89.79,90.47
IT/02_PM65_2/02_PM65_2_1.wav,90.95,91.75
IT/02_PM65_2/02_PM65_2_1.wav,95.02,95.7
IT/23_PF55_2/23_PF55_2_1.wav,9.69,10.11
IT/23_PF55_2/23_PF55_2_1.wav,12.52,13.09
IT/23_PF55_2/23_PF55_2_1.wav,14.7,15.88
IT/23_PF55_2/23_PF55_2_2.wav,5.28,6.26
IT/23_PF55_2/23_PF55_2_2.wav,11.44,12.33
IT/23_PF55_2/23_PF55_2_4.wav,2.37,2.74
IT/23_PF55_2/23_PF55_2_6.wav,3.68,5.02
IT/23_PF55_2/23_PF55_2_5.wav,4.82,5.02
IT/48_PF43_3/48_PF43_3_2.wav,2.33,2.62
IT/48_PF43_3/48_PF43_3_2.wav,5.61,5.94
IT/48_PF43_3/48_PF43_3_2.wav,6.77,7.0
IT/48_PF43_3/48_PF43_3_2.wav,7.52,7.84
IT/48_PF43_3/48_PF43_3_2.wav,9.12,9.54
IT/48_PF43_3/48_PF43_3_2.wav,11.95,13.34
IT/48_PF43_3/48_PF43_3_2.wav,15.23,15.43
IT/48_PF43_3/48_PF43_3_2.wav,17.08,17.42
IT/48_PF43_3/48_PF43_3_2.wav,22.24,22.55
IT/48_PF43_3/48_PF43_3_2.wav,23.71,24.0
IT/48_PF43_3/48_PF43_3_2.wav,27.55,27.86
IT/48_PF43_3/48_PF43_3_2.wav,30.14,30.82
IT/48_PF43_3/48_PF43_3_2.wav,31.58,32.05
IT/48_PF43_3/48_PF43_3_2.wav,36.67,37.11
IT/48_PF43_3/48_PF43_3_2.wav,39.68,40.09
IT/48_PF43_3/48_PF43_3_2.wav,48.41,49.0
IT/48_PF43_3/48_PF43_3_2.wav,53.29,53.64
IT/48_PF43_3/48_PF43_3_2.wav,56.75,58.93
IT/48_PF43_3/48_PF43_3_1.wav,4.9,5.6
IT/48_PF43_3/48_PF43_3_1.wav,8.82,9.31
IT/48_PF43_3/48_PF43_3_1.wav,11.95,12.43
IT/48_PF43_3/48_PF43_3_1.wav,18.42,19.02
IT/48_PF43_3/48_PF43_3_1.wav,23.04,23.89
IT/48_PF43_3/48_PF43_3_1.wav,25.44,25.82
IT/48_PF43_3/48_PF43_3_1.wav,31.39,33.12
IT/48_PF43_3/48_PF43_3_1.wav,35.85,36.35
IT/48_PF43_3/48_PF43_3_3.wav,2.09,2.35
IT/48_PF43_3/48_PF43_3_3.wav,4.62,4.93
IT/48_PF43_3/48_PF43_3_3.wav,6.05,6.34
IT/48_PF43_3/48_PF43_3_3.wav,10.83,11.15
IT/48_PF43_3/48_PF43_3_3.wav,15.1,15.48
IT/48_PF43_3/48_PF43_3_3.wav,19.19,19.54
IT/48_PF43_3/48_PF43_3_3.wav,21.62,22.12
IT/48_PF43_3/48_PF43_3_3.wav,28.24,29.29
IT/54_CM48_2/54_CM48_2_2.wav,2.49,3.39
IT/54_CM48_2/54_CM48_2_6.wav,3.19,3.52
IT/54_CM48_2/54_CM48_2_3.wav,4.1,5.11
IT/54_CM48_2/54_CM48_2_3.wav,8.9,9.13
IT/54_CM48_2/54_CM48_2_3.wav,12.24,13.09
IT/54_CM48_2/54_CM48_2_3.wav,14.44,15.27
IT/54_CM48_2/54_CM48_2_3.wav,20.32,21.06
IT/54_CM48_2/54_CM48_2_7.wav,5.52,6.26
IT/54_CM48_2/54_CM48_2_7.wav,9.04,9.58
IT/54_CM48_2/54_CM48_2_7.wav,15.45,15.69
IT/54_CM48_2/54_CM48_2_8.wav,8.1,9.08
IT/54_CM48_2/54_CM48_2_8.wav,12.65,12.91
IT/54_CM48_2/54_CM48_2_8.wav,19.51,20.13
IT/54_CM48_2/54_CM48_2_8.wav,31.94,32.96
IT/54_CM48_2/54_CM48_2_8.wav,36.52,36.96
IT/54_CM48_2/54_CM48_2_8.wav,41.82,42.1
IT/54_CM48_2/54_CM48_2_4.wav,2.51,3.08
IT/54_CM48_2/54_CM48_2_4.wav,3.31,4.38
IT/54_CM48_2/54_CM48_2_4.wav,4.7,5.02
IT/54_CM48_2/54_CM48_2_4.wav,13.02,14.03
IT/54_CM48_2/54_CM48_2_4.wav,15.04,16.45
IT/54_CM48_2/54_CM48_2_4.wav,18.95,19.34
IT/54_CM48_2/54_CM48_2_12.wav,4.13,4.7
IT/54_CM48_2/54_CM48_2_9.wav,8.33,9.06
IT/54_CM48_2/54_CM48_2_1.wav,4.13,4.39
IT/54_CM48_2/54_CM48_2_1.wav,6.29,6.78
IT/54_CM48_2/54_CM48_2_1.wav,9.63,11.47
IT/54_CM48_2/54_CM48_2_1.wav,13.61,13.84
IT/54_CM48_2/54_CM48_2_1.wav,14.33,15.22
IT/54_CM48_2/54_CM48_2_1.wav,17.81,18.13
IT/54_CM48_2/54_CM48_2_1.wav,19.53,19.78
IT/47_CF61_2/47_CF61_2_4.wav,1.01,1.6
IT/47_CF61_2/47_CF61_2_16.wav,2.46,3.2
IT/47_CF61_2/47_CF61_2_16.wav,7.79,8.37
IT/47_CF61_2/47_CF61_2_16.wav,10.17,11.48
IT/47_CF61_2/47_CF61_2_16.wav,16.75,16.99
IT/47_CF61_2/47_CF61_2_16.wav,17.61,19.06
IT/47_CF61_2/47_CF61_2_16.wav,21.96,22.38
IT/47_CF61_2/47_CF61_2_16.wav,24.23,25.24
IT/47_CF61_2/47_CF61_2_10.wav,11.93,13.14
IT/47_CF61_2/47_CF61_2_10.wav,13.97,14.78
IT/47_CF61_2/47_CF61_2_7.wav,3.66,4.03
IT/47_CF61_2/47_CF61_2_7.wav,5.49,6.2
IT/47_CF61_2/47_CF61_2_2.wav,0.18,1.73
IT/47_CF61_2/47_CF61_2_2.wav,2.28,3.47
IT/47_CF61_2/47_CF61_2_2.wav,5.64,6.33
IT/47_CF61_2/47_CF61_2_11.wav,2.18,2.79
IT/47_CF61_2/47_CF61_2_11.wav,5.97,6.58
IT/47_CF61_2/47_CF61_2_11.wav,7.63,8.78
IT/47_CF61_2/47_CF61_2_11.wav,11.86,13.18
IT/47_CF61_2/47_CF61_2_5.wav,5.27,5.94
IT/47_CF61_2/47_CF61_2_5.wav,8.66,9.05
IT/47_CF61_2/47_CF61_2_5.wav,10.68,11.2
IT/47_CF61_2/47_CF61_2_13.wav,0.0,0.59
IT/47_CF61_2/47_CF61_2_13.wav,1.83,2.22
IT/47_CF61_2/47_CF61_2_13.wav,3.47,3.72
IT/47_CF61_2/47_CF61_2_13.wav,5.05,5.72
IT/47_CF61_2/47_CF61_2_13.wav,8.52,8.77
IT/47_CF61_2/47_CF61_2_9.wav,10.55,11.21
IT/47_CF61_2/47_CF61_2_9.wav,13.01,13.61
IT/47_CF61_2/47_CF61_2_12.wav,0.52,1.17
IT/47_CF61_2/47_CF61_2_14.wav,1.46,1.84
IT/47_CF61_2/47_CF61_2_14.wav,3.1,3.3
IT/47_CF61_2/47_CF61_2_14.wav,3.76,4.53
IT/47_CF61_2/47_CF61_2_15.wav,1.53,2.19
IT/47_CF61_2/47_CF61_2_15.wav,4.39,4.91
IT/47_CF61_2/47_CF61_2_1.wav,2.13,2.77
IT/47_CF61_2/47_CF61_2_1.wav,4.52,5.13
IT/47_CF61_2/47_CF61_2_1.wav,6.73,6.95
IT/47_CF61_2/47_CF61_2_1.wav,8.79,9.5
IT/47_CF61_2/47_CF61_2_1.wav,10.96,12.72
IT/47_CF61_2/47_CF61_2_1.wav,15.42,15.89
IT/47_CF61_2/47_CF61_2_1.wav,18.52,19.19
IT/47_CF61_2/47_CF61_2_1.wav,20.45,20.83
IT/49_CM54_4/49_CM54_4_7.wav,7.9,8.44
IT/49_CM54_4/49_CM54_4_2.wav,2.4,3.0
IT/49_CM54_4/49_CM54_4_2.wav,4.8,5.27
IT/49_CM54_4/49_CM54_4_5.wav,5.83,6.37
IT/49_CM54_4/49_CM54_4_5.wav,8.1,8.35
IT/49_CM54_4/49_CM54_4_5.wav,13.65,14.76
IT/49_CM54_4/49_CM54_4_5.wav,15.69,16.09
IT/49_CM54_4/49_CM54_4_5.wav,20.62,21.29
IT/49_CM54_4/49_CM54_4_5.wav,31.25,31.88
IT/49_CM54_4/49_CM54_4_4.wav,3.21,3.67
IT/49_CM54_4/49_CM54_4_4.wav,17.97,18.65
IT/49_CM54_4/49_CM54_4_4.wav,21.65,21.96
IT/49_CM54_4/49_CM54_4_6.wav,3.49,3.81
IT/49_CM54_4/49_CM54_4_6.wav,7.32,9.3
IT/49_CM54_4/49_CM54_4_6.wav,11.98,12.4
IT/49_CM54_4/49_CM54_4_6.wav,17.41,17.89
IT/49_CM54_4/49_CM54_4_6.wav,19.79,20.34
IT/49_CM54_4/49_CM54_4_1.wav,0.0,0.57
IT/49_CM54_4/49_CM54_4_1.wav,1.6,1.81
IT/49_CM54_4/49_CM54_4_1.wav,6.16,7.05
IT/49_CM54_4/49_CM54_4_1.wav,11.09,12.04
IT/49_CM54_4/49_CM54_4_1.wav,14.74,15.34
IT/49_CM54_4/49_CM54_4_1.wav,18.27,19.05
IT/49_CM54_4/49_CM54_4_1.wav,21.41,21.92
IT/49_CM54_4/49_CM54_4_1.wav,23.33,23.94
IT/49_CM54_4/49_CM54_4_3.wav,0.08,0.28
IT/49_CM54_4/49_CM54_4_3.wav,4.13,5.19
IT/49_CM54_4/49_CM54_4_9.wav,0.1,1.37
IT/49_CM54_4/49_CM54_4_9.wav,3.65,3.87
IT/49_CM54_4/49_CM54_4_9.wav,12.35,13.0
IT/49_CM54_4/49_CM54_4_8.wav,0.18,0.89
IT/49_CM54_4/49_CM54_4_8.wav,8.12,8.76
IT/49_CM54_4/49_CM54_4_8.wav,13.98,14.73
IT/49_CM54_4/49_CM54_4_8.wav,18.29,19.43
IT/49_CM54_4/49_CM54_4_8.wav,24.16,24.66
IT/49_CM54_4/49_CM54_4_8.wav,27.72,28.23
IT/61_PM59_3/61_PM59_3_1.wav,3.68,4.17
IT/61_PM59_3/61_PM59_3_1.wav,5.39,5.98
IT/61_PM59_3/61_PM59_3_1.wav,6.63,7.12
IT/61_PM59_3/61_PM59_3_1.wav,8.58,9.54
IT/61_PM59_3/61_PM59_3_1.wav,12.71,13.85
IT/61_PM59_3/61_PM59_3_1.wav,16.67,17.0
IT/61_PM59_3/61_PM59_3_1.wav,18.17,18.87
IT/61_PM59_3/61_PM59_3_1.wav,23.34,24.27
IT/61_PM59_3/61_PM59_3_1.wav,24.8,25.17
IT/61_PM59_3/61_PM59_3_1.wav,28.21,28.7
IT/61_PM59_3/61_PM59_3_1.wav,29.34,30.78
IT/61_PM59_3/61_PM59_3_1.wav,32.1,32.86
IT/61_PM59_3/61_PM59_3_1.wav,37.33,38.6
IT/61_PM59_3/61_PM59_3_1.wav,40.13,40.45
IT/61_PM59_3/61_PM59_3_1.wav,42.46,43.35
IT/61_PM59_3/61_PM59_3_1.wav,48.71,49.56
IT/61_PM59_3/61_PM59_3_1.wav,52.5,53.98
IT/61_PM59_3/61_PM59_3_1.wav,57.64,59.08
IT/61_PM59_3/61_PM59_3_1.wav,61.16,61.96
IT/61_PM59_3/61_PM59_3_1.wav,62.84,63.45
IT/61_PM59_3/61_PM59_3_4.wav,1.45,1.85
IT/61_PM59_3/61_PM59_3_4.wav,4.38,5.3
IT/61_PM59_3/61_PM59_3_4.wav,10.38,11.21
IT/61_PM59_3/61_PM59_3_4.wav,12.15,12.48
IT/61_PM59_3/61_PM59_3_4.wav,13.5,14.98
IT/61_PM59_3/61_PM59_3_4.wav,18.11,18.61
IT/61_PM59_3/61_PM59_3_4.wav,18.88,19.58
IT/61_PM59_3/61_PM59_3_4.wav,21.22,22.06
IT/61_PM59_3/61_PM59_3_4.wav,22.92,23.17
IT/61_PM59_3/61_PM59_3_4.wav,24.62,26.19
IT/61_PM59_3/61_PM59_3_4.wav,27.18,28.01
IT/61_PM59_3/61_PM59_3_4.wav,28.97,30.2
IT/61_PM59_3/61_PM59_3_4.wav,31.7,32.84
IT/61_PM59_3/61_PM59_3_4.wav,34.17,36.09
IT/61_PM59_3/61_PM59_3_4.wav,37.61,38.18
IT/61_PM59_3/61_PM59_3_4.wav,38.53,39.53
IT/61_PM59_3/61_PM59_3_4.wav,39.87,40.39
IT/61_PM59_3/61_PM59_3_4.wav,41.16,42.14
IT/61_PM59_3/61_PM59_3_4.wav,42.89,43.42
IT/61_PM59_3/61_PM59_3_4.wav,44.7,45.74
IT/61_PM59_3/61_PM59_3_4.wav,47.21,49.58
IT/61_PM59_3/61_PM59_3_4.wav,50.21,53.29
IT/61_PM59_3/61_PM59_3_4.wav,54.09,54.77
IT/61_PM59_3/61_PM59_3_4.wav,55.08,55.94
IT/61_PM59_3/61_PM59_3_3.wav,2.18,3.12
IT/61_PM59_3/61_PM59_3_3.wav,4.92,5.65
IT/61_PM59_3/61_PM59_3_3.wav,8.41,9.0
IT/61_PM59_3/61_PM59_3_3.wav,11.73,12.63
IT/61_PM59_3/61_PM59_3_3.wav,13.67,14.05
IT/61_PM59_3/61_PM59_3_3.wav,15.91,16.44
IT/61_PM59_3/61_PM59_3_3.wav,17.51,18.23
IT/61_PM59_3/61_PM59_3_3.wav,20.25,21.2
IT/61_PM59_3/61_PM59_3_3.wav,24.17,24.94
IT/61_PM59_3/61_PM59_3_3.wav,25.97,26.46
IT/61_PM59_3/61_PM59_3_3.wav,29.31,29.97
IT/61_PM59_3/61_PM59_3_3.wav,32.12,33.97
IT/61_PM59_3/61_PM59_3_3.wav,35.5,35.92
IT/61_PM59_3/61_PM59_3_2.wav,1.65,2.39
IT/61_PM59_3/61_PM59_3_2.wav,4.66,5.46
IT/61_PM59_3/61_PM59_3_2.wav,9.11,9.86
IT/61_PM59_3/61_PM59_3_2.wav,13.29,13.54
IT/61_PM59_3/61_PM59_3_2.wav,14.48,15.31
IT/61_PM59_3/61_PM59_3_2.wav,19.11,20.17
IT/61_PM59_3/61_PM59_3_2.wav,22.47,23.43
IT/61_PM59_3/61_PM59_3_2.wav,26.14,27.19
IT/61_PM59_3/61_PM59_3_2.wav,28.09,29.43
IT/61_PM59_3/61_PM59_3_2.wav,31.44,33.13
IT/61_PM59_3/61_PM59_3_2.wav,33.91,34.21
IT/16_CF33_4/16_CF33_4_2.wav,2.57,3.53
IT/16_CF33_4/16_CF33_4_2.wav,9.73,10.04
IT/16_CF33_4/16_CF33_4_2.wav,13.62,14.04
IT/16_CF33_4/16_CF33_4_2.wav,17.23,17.66
IT/16_CF33_4/16_CF33_4_2.wav,27.06,27.29
IT/16_CF33_4/16_CF33_4_2.wav,29.13,29.66
IT/16_CF33_4/16_CF33_4_2.wav,32.62,33.04
IT/16_CF33_4/16_CF33_4_2.wav,39.71,39.92
IT/16_CF33_4/16_CF33_4_2.wav,43.72,44.47
IT/16_CF33_4/16_CF33_4_2.wav,54.73,54.96
IT/16_CF33_4/16_CF33_4_2.wav,61.57,62.18
IT/16_CF33_4/16_CF33_4_2.wav,78.09,78.66
IT/16_CF33_4/16_CF33_4_2.wav,80.81,81.16
IT/16_CF33_4/16_CF33_4_2.wav,87.37,88.33
IT/16_CF33_4/16_CF33_4_2.wav,89.04,89.6
IT/16_CF33_4/16_CF33_4_2.wav,94.96,95.74
IT/16_CF33_4/16_CF33_4_1.wav,18.84,19.11
IT/16_CF33_4/16_CF33_4_1.wav,20.23,21.07
IT/16_CF33_4/16_CF33_4_1.wav,23.04,23.35
IT/16_CF33_4/16_CF33_4_1.wav,30.54,30.92
IT/16_CF33_4/16_CF33_4_1.wav,34.71,35.14
IT/16_CF33_4/16_CF33_4_1.wav,37.09,37.49
IT/16_CF33_4/16_CF33_4_1.wav,39.09,39.32
IT/16_CF33_4/16_CF33_4_1.wav,42.65,43.12
IT/16_CF33_4/16_CF33_4_1.wav,48.22,48.42
IT/16_CF33_4/16_CF33_4_1.wav,51.86,52.79
IT/16_CF33_4/16_CF33_4_1.wav,57.97,58.38
IT/16_CF33_4/16_CF33_4_1.wav,72.29,72.67
IT/16_CF33_4/16_CF33_4_1.wav,73.99,74.56
IT/16_CF33_4/16_CF33_4_1.wav,77.06,77.67
IT/16_CF33_4/16_CF33_4_1.wav,79.85,80.29
IT/16_CF33_4/16_CF33_4_1.wav,84.87,85.32
IT/16_CF33_4/16_CF33_4_1.wav,96.85,97.62
IT/16_CF33_4/16_CF33_4_1.wav,100.77,101.18
IT/16_CF33_4/16_CF33_4_1.wav,103.48,103.98
IT/16_CF33_4/16_CF33_4_1.wav,105.26,106.18
IT/16_CF33_4/16_CF33_4_3.wav,8.94,9.19
IT/16_CF33_4/16_CF33_4_3.wav,14.99,15.31
IT/16_CF33_4/16_CF33_4_3.wav,26.69,27.06
IT/30_CF62_3/30_CF62_3_1.wav,2.48,2.73
IT/30_CF62_3/30_CF62_3_4.wav,4.15,4.46
IT/30_CF62_3/30_CF62_3_4.wav,6.02,6.22
IT/30_CF62_3/30_CF62_3_4.wav,9.42,9.63
IT/30_CF62_3/30_CF62_3_4.wav,15.84,16.15
IT/30_CF62_3/30_CF62_3_4.wav,17.46,17.7
IT/30_CF62_3/30_CF62_3_4.wav,18.13,18.38
IT/30_CF62_3/30_CF62_3_4.wav,19.34,19.7
IT/30_CF62_3/30_CF62_3_4.wav,20.75,21.01
IT/30_CF62_3/30_CF62_3_4.wav,21.84,22.75
IT/30_CF62_3/30_CF62_3_4.wav,23.49,23.82
IT/30_CF62_3/30_CF62_3_4.wav,25.95,26.66
IT/30_CF62_3/30_CF62_3_4.wav,31.44,31.76
IT/30_CF62_3/30_CF62_3_4.wav,35.04,35.36
IT/30_CF62_3/30_CF62_3_4.wav,36.21,36.47
IT/30_CF62_3/30_CF62_3_4.wav,41.85,42.15
IT/30_CF62_3/30_CF62_3_4.wav,44.14,44.58
IT/30_CF62_3/30_CF62_3_4.wav,48.04,48.47
IT/30_CF62_3/30_CF62_3_4.wav,52.41,52.68
IT/30_CF62_3/30_CF62_3_4.wav,56.04,56.43
IT/30_CF62_3/30_CF62_3_4.wav,57.82,58.37
IT/30_CF62_3/30_CF62_3_4.wav,61.08,61.43
IT/30_CF62_3/30_CF62_3_4.wav,62.94,63.34
IT/30_CF62_3/30_CF62_3_4.wav,67.22,67.46
IT/30_CF62_3/30_CF62_3_4.wav,69.37,70.05
IT/30_CF62_3/30_CF62_3_4.wav,74.29,74.51
IT/30_CF62_3/30_CF62_3_4.wav,76.38,76.62
IT/30_CF62_3/30_CF62_3_4.wav,77.63,77.84
IT/30_CF62_3/30_CF62_3_4.wav,79.94,80.21
IT/30_CF62_3/30_CF62_3_4.wav,82.0,82.45
IT/30_CF62_3/30_CF62_3_4.wav,86.66,86.96
IT/30_CF62_3/30_CF62_3_4.wav,88.76,89.0
IT/30_CF62_3/30_CF62_3_4.wav,93.42,93.62
IT/30_CF62_3/30_CF62_3_4.wav,94.65,94.85
IT/30_CF62_3/30_CF62_3_4.wav,96.86,97.15
IT/30_CF62_3/30_CF62_3_4.wav,97.54,98.04
IT/30_CF62_3/30_CF62_3_4.wav,99.04,99.34
IT/30_CF62_3/30_CF62_3_4.wav,104.06,104.52
IT/30_CF62_3/30_CF62_3_4.wav,107.04,107.46
IT/30_CF62_3/30_CF62_3_4.wav,109.54,110.55
IT/30_CF62_3/30_CF62_3_2.wav,3.36,3.75
IT/30_CF62_3/30_CF62_3_2.wav,7.0,7.41
IT/30_CF62_3/30_CF62_3_2.wav,9.16,9.38
IT/30_CF62_3/30_CF62_3_2.wav,10.88,11.22
IT/30_CF62_3/30_CF62_3_2.wav,14.62,14.85
IT/30_CF62_3/30_CF62_3_2.wav,16.46,16.85
IT/30_CF62_3/30_CF62_3_2.wav,17.88,18.17
IT/30_CF62_3/30_CF62_3_2.wav,18.47,18.87
IT/30_CF62_3/30_CF62_3_2.wav,22.39,22.83
IT/30_CF62_3/30_CF62_3_2.wav,25.09,25.61
IT/30_CF62_3/30_CF62_3_2.wav,27.1,27.4
IT/30_CF62_3/30_CF62_3_2.wav,29.42,29.62
IT/30_CF62_3/30_CF62_3_2.wav,31.02,31.33
IT/30_CF62_3/30_CF62_3_2.wav,31.96,32.4
IT/30_CF62_3/30_CF62_3_2.wav,35.72,36.02
IT/30_CF62_3/30_CF62_3_2.wav,42.0,42.5
IT/30_CF62_3/30_CF62_3_2.wav,46.06,46.27
IT/30_CF62_3/30_CF62_3_2.wav,46.94,47.16
IT/30_CF62_3/30_CF62_3_2.wav,49.45,49.77
IT/30_CF62_3/30_CF62_3_2.wav,54.17,54.46
IT/30_CF62_3/30_CF62_3_2.wav,56.29,56.65
IT/30_CF62_3/30_CF62_3_2.wav,59.35,60.29
IT/30_CF62_3/30_CF62_3_2.wav,67.24,67.48
IT/30_CF62_3/30_CF62_3_2.wav,68.25,68.54
IT/30_CF62_3/30_CF62_3_2.wav,69.95,70.16
IT/30_CF62_3/30_CF62_3_2.wav,71.64,71.9
IT/30_CF62_3/30_CF62_3_2.wav,72.83,73.14
IT/30_CF62_3/30_CF62_3_2.wav,75.13,75.43
IT/30_CF62_3/30_CF62_3_2.wav,76.56,76.86
IT/30_CF62_3/30_CF62_3_2.wav,78.94,79.6
IT/30_CF62_3/30_CF62_3_2.wav,83.05,83.48
IT/07_CF50_2/07_CF50_2_1.wav,0.41,0.62
IT/07_CF50_2/07_CF50_2_1.wav,3.3,4.19
IT/07_CF50_2/07_CF50_2_1.wav,6.46,7.26
IT/07_CF50_2/07_CF50_2_1.wav,15.71,15.93
IT/07_CF50_2/07_CF50_2_1.wav,20.41,21.55
IT/07_CF50_2/07_CF50_2_1.wav,22.87,23.47
IT/07_CF50_2/07_CF50_2_1.wav,24.9,25.82
IT/07_CF50_2/07_CF50_2_1.wav,30.58,30.96
IT/07_CF50_2/07_CF50_2_1.wav,32.53,33.04
IT/07_CF50_2/07_CF50_2_1.wav,36.3,36.59
IT/07_CF50_2/07_CF50_2_1.wav,38.23,38.5
IT/07_CF50_2/07_CF50_2_1.wav,41.17,41.64
IT/07_CF50_2/07_CF50_2_1.wav,43.11,43.56
IT/07_CF50_2/07_CF50_2_1.wav,45.23,46.05
IT/07_CF50_2/07_CF50_2_2.wav,2.37,2.88
IT/07_CF50_2/07_CF50_2_2.wav,6.45,7.07
IT/07_CF50_2/07_CF50_2_2.wav,7.51,7.73
IT/07_CF50_2/07_CF50_2_2.wav,10.64,11.94
IT/07_CF50_2/07_CF50_2_2.wav,13.25,13.81
IT/07_CF50_2/07_CF50_2_2.wav,15.21,15.53
IT/07_CF50_2/07_CF50_2_3.wav,1.19,1.79
IT/07_CF50_2/07_CF50_2_3.wav,5.82,6.32
IT/07_CF50_2/07_CF50_2_3.wav,9.35,9.63
IT/07_CF50_2/07_CF50_2_3.wav,11.0,11.66
IT/07_CF50_2/07_CF50_2_3.wav,12.97,13.38
IT/07_CF50_2/07_CF50_2_3.wav,14.39,14.66
IT/07_CF50_2/07_CF50_2_3.wav,17.96,18.99
IT/07_CF50_2/07_CF50_2_7.wav,2.97,3.3
IT/07_CF50_2/07_CF50_2_6.wav,4.45,5.53
IT/07_CF50_2/07_CF50_2_6.wav,7.05,8.13
IT/07_CF50_2/07_CF50_2_6.wav,11.66,11.98
IT/07_CF50_2/07_CF50_2_6.wav,14.06,14.54
IT/07_CF50_2/07_CF50_2_6.wav,18.17,19.09
IT/07_CF50_2/07_CF50_2_6.wav,22.06,22.58
IT/07_CF50_2/07_CF50_2_6.wav,25.1,25.33
IT/07_CF50_2/07_CF50_2_6.wav,26.28,26.62
IT/07_CF50_2/07_CF50_2_6.wav,27.14,27.51
IT/07_CF50_2/07_CF50_2_6.wav,31.16,31.43
IT/07_CF50_2/07_CF50_2_6.wav,32.82,33.18
IT/07_CF50_2/07_CF50_2_6.wav,37.27,37.77
IT/07_CF50_2/07_CF50_2_6.wav,41.32,41.53
IT/07_CF50_2/07_CF50_2_6.wav,45.81,46.39
IT/07_CF50_2/07_CF50_2_8.wav,4.32,4.72
IT/07_CF50_2/07_CF50_2_8.wav,6.69,6.93
IT/07_CF50_2/07_CF50_2_8.wav,8.77,9.23
IT/07_CF50_2/07_CF50_2_8.wav,13.41,13.87
IT/07_CF50_2/07_CF50_2_8.wav,15.02,15.45
IT/07_CF50_2/07_CF50_2_8.wav,18.77,19.23
IT/07_CF50_2/07_CF50_2_8.wav,23.17,23.6
IT/07_CF50_2/07_CF50_2_8.wav,27.57,28.03
IT/07_CF50_2/07_CF50_2_8.wav,28.92,29.29
IT/07_CF50_2/07_CF50_2_8.wav,30.13,30.58
IT/07_CF50_2/07_CF50_2_5.wav,4.53,4.98
IT/07_CF50_2/07_CF50_2_5.wav,5.86,6.27
IT/07_CF50_2/07_CF50_2_5.wav,8.49,9.62
IT/07_CF50_2/07_CF50_2_5.wav,13.85,14.66
IT/07_CF50_2/07_CF50_2_5.wav,15.95,16.89
IT/07_CF50_2/07_CF50_2_5.wav,19.3,20.23
IT/07_CF50_2/07_CF50_2_5.wav,22.84,24.07
IT/40_CF59_1/40_CF59_1_8.wav,1.7,1.95
IT/40_CF59_1/40_CF59_1_8.wav,4.1,4.31
IT/40_CF59_1/40_CF59_1_8.wav,6.93,7.4
IT/40_CF59_1/40_CF59_1_8.wav,8.13,8.45
IT/40_CF59_1/40_CF59_1_8.wav,12.01,12.37
IT/40_CF59_1/40_CF59_1_8.wav,13.01,13.39
IT/40_CF59_1/40_CF59_1_8.wav,14.06,14.7
IT/40_CF59_1/40_CF59_1_8.wav,19.36,19.71
IT/40_CF59_1/40_CF59_1_8.wav,20.96,21.3
IT/40_CF59_1/40_CF59_1_8.wav,22.52,22.72
IT/40_CF59_1/40_CF59_1_8.wav,23.57,24.16
IT/40_CF59_1/40_CF59_1_8.wav,27.36,27.67
IT/40_CF59_1/40_CF59_1_8.wav,29.61,29.96
IT/40_CF59_1/40_CF59_1_8.wav,30.57,30.81
IT/40_CF59_1/40_CF59_1_8.wav,33.53,33.94
IT/40_CF59_1/40_CF59_1_8.wav,34.37,34.91
IT/40_CF59_1/40_CF59_1_8.wav,35.94,36.3
IT/40_CF59_1/40_CF59_1_8.wav,37.89,38.18
IT/40_CF59_1/40_CF59_1_5.wav,2.55,3.02
IT/40_CF59_1/40_CF59_1_5.wav,3.58,3.95
IT/40_CF59_1/40_CF59_1_5.wav,10.3,10.73
IT/40_CF59_1/40_CF59_1_5.wav,14.25,14.45
IT/40_CF59_1/40_CF59_1_6.wav,2.2,2.48
IT/40_CF59_1/40_CF59_1_6.wav,4.54,4.93
IT/40_CF59_1/40_CF59_1_6.wav,6.65,7.77
IT/40_CF59_1/40_CF59_1_6.wav,8.73,9.06
IT/40_CF59_1/40_CF59_1_6.wav,10.31,10.68
IT/40_CF59_1/40_CF59_1_6.wav,11.65,11.94
IT/40_CF59_1/40_CF59_1_6.wav,14.94,15.68
IT/40_CF59_1/40_CF59_1_6.wav,16.09,16.44
IT/40_CF59_1/40_CF59_1_6.wav,17.28,17.88
IT/40_CF59_1/40_CF59_1_6.wav,20.69,21.06
IT/40_CF59_1/40_CF59_1_6.wav,22.64,23.3
IT/40_CF59_1/40_CF59_1_6.wav,24.25,24.71
IT/40_CF59_1/40_CF59_1_6.wav,27.5,27.92
IT/40_CF59_1/40_CF59_1_6.wav,30.21,30.75
IT/40_CF59_1/40_CF59_1_6.wav,32.71,33.09
IT/40_CF59_1/40_CF59_1_6.wav,35.38,35.71
IT/40_CF59_1/40_CF59_1_6.wav,37.77,38.22
IT/40_CF59_1/40_CF59_1_1.wav,1.15,1.86
IT/40_CF59_1/40_CF59_1_7.wav,3.47,3.85
IT/40_CF59_1/40_CF59_1_7.wav,7.48,7.89
IT/40_CF59_1/40_CF59_1_7.wav,9.68,10.2
IT/40_CF59_1/40_CF59_1_7.wav,22.74,23.26
IT/40_CF59_1/40_CF59_1_7.wav,26.12,26.99
IT/40_CF59_1/40_CF59_1_7.wav,28.74,29.41
IT/40_CF59_1/40_CF59_1_7.wav,31.44,31.83
IT/40_CF59_1/40_CF59_1_7.wav,37.53,37.94
IT/40_CF59_1/40_CF59_1_7.wav,40.45,40.67
IT/40_CF59_1/40_CF59_1_7.wav,42.54,43.28
IT/40_CF59_1/40_CF59_1_7.wav,45.54,46.14
IT/40_CF59_1/40_CF59_1_7.wav,49.28,49.58
IT/40_CF59_1/40_CF59_1_7.wav,53.36,53.74
IT/40_CF59_1/40_CF59_1_7.wav,56.22,56.57
IT/40_CF59_1/40_CF59_1_7.wav,60.14,60.42
IT/40_CF59_1/40_CF59_1_7.wav,62.09,62.41
IT/40_CF59_1/40_CF59_1_7.wav,62.86,63.18
IT/40_CF59_1/40_CF59_1_7.wav,63.79,64.09
IT/40_CF59_1/40_CF59_1_7.wav,66.46,66.87
IT/40_CF59_1/40_CF59_1_7.wav,67.81,68.65
IT/40_CF59_1/40_CF59_1_7.wav,71.41,71.85
IT/40_CF59_1/40_CF59_1_7.wav,74.01,74.33
IT/40_CF59_1/40_CF59_1_7.wav,79.2,79.53
IT/40_CF59_1/40_CF59_1_2.wav,1.37,1.96
IT/40_CF59_1/40_CF59_1_2.wav,4.25,4.75
IT/40_CF59_1/40_CF59_1_2.wav,6.28,7.01
IT/40_CF59_1/40_CF59_1_2.wav,11.11,11.39
IT/40_CF59_1/40_CF59_1_2.wav,13.39,13.83
IT/40_CF59_1/40_CF59_1_2.wav,16.17,16.52
IT/40_CF59_1/40_CF59_1_4.wav,0.84,1.12
IT/40_CF59_1/40_CF59_1_4.wav,1.99,2.46
IT/40_CF59_1/40_CF59_1_4.wav,4.36,4.69
IT/40_CF59_1/40_CF59_1_4.wav,6.09,6.53
IT/40_CF59_1/40_CF59_1_4.wav,7.28,7.53
IT/40_CF59_1/40_CF59_1_4.wav,9.82,10.1
IT/40_CF59_1/40_CF59_1_4.wav,15.07,15.33
IT/40_CF59_1/40_CF59_1_4.wav,16.24,16.88
IT/40_CF59_1/40_CF59_1_4.wav,18.95,19.45
IT/40_CF59_1/40_CF59_1_4.wav,22.19,22.53
IT/40_CF59_1/40_CF59_1_4.wav,24.37,24.7
IT/40_CF59_1/40_CF59_1_4.wav,25.27,25.84
IT/40_CF59_1/40_CF59_1_4.wav,27.9,28.44
IT/40_CF59_1/40_CF59_1_4.wav,29.94,30.45
IT/40_CF59_1/40_CF59_1_3.wav,1.86,2.43
IT/40_CF59_1/40_CF59_1_3.wav,3.14,3.43
IT/40_CF59_1/40_CF59_1_3.wav,4.14,4.46
IT/40_CF59_1/40_CF59_1_3.wav,5.54,5.86
IT/40_CF59_1/40_CF59_1_3.wav,6.6,6.82
IT/40_CF59_1/40_CF59_1_3.wav,7.63,8.25
IT/40_CF59_1/40_CF59_1_3.wav,9.1,10.01
IT/40_CF59_1/40_CF59_1_3.wav,12.73,13.07
IT/40_CF59_1/40_CF59_1_3.wav,14.5,14.74
IT/40_CF59_1/40_CF59_1_3.wav,16.93,17.34
IT/40_CF59_1/40_CF59_1_3.wav,19.94,20.32
IT/40_CF59_1/40_CF59_1_3.wav,24.06,24.41
IT/40_CF59_1/40_CF59_1_3.wav,26.88,27.26
IT/40_CF59_1/40_CF59_1_3.wav,31.55,31.98
IT/53_PM50_2/53_PM50_2_3.wav,4.03,4.76
IT/53_PM50_2/53_PM50_2_3.wav,9.65,10.14
IT/53_PM50_2/53_PM50_2_3.wav,11.44,12.13
IT/53_PM50_2/53_PM50_2_3.wav,16.5,17.04
IT/53_PM50_2/53_PM50_2_3.wav,18.2,18.73
IT/53_PM50_2/53_PM50_2_3.wav,19.82,20.13
IT/53_PM50_2/53_PM50_2_3.wav,23.94,24.26
IT/53_PM50_2/53_PM50_2_3.wav,25.47,26.03
IT/53_PM50_2/53_PM50_2_3.wav,27.25,27.51
IT/53_PM50_2/53_PM50_2_3.wav,30.47,30.91
IT/53_PM50_2/53_PM50_2_3.wav,35.66,36.61
IT/53_PM50_2/53_PM50_2_3.wav,37.78,38.29
IT/53_PM50_2/53_PM50_2_3.wav,40.68,42.06
IT/53_PM50_2/53_PM50_2_3.wav,43.66,44.37
IT/53_PM50_2/53_PM50_2_3.wav,46.54,46.75
IT/53_PM50_2/53_PM50_2_3.wav,51.69,52.14
IT/53_PM50_2/53_PM50_2_3.wav,54.51,55.15
IT/53_PM50_2/53_PM50_2_3.wav,56.67,57.51
IT/53_PM50_2/53_PM50_2_3.wav,62.33,63.47
IT/53_PM50_2/53_PM50_2_3.wav,64.15,64.37
IT/53_PM50_2/53_PM50_2_3.wav,67.13,67.67
IT/53_PM50_2/53_PM50_2_3.wav,70.11,70.96
IT/53_PM50_2/53_PM50_2_3.wav,73.09,73.5
IT/53_PM50_2/53_PM50_2_3.wav,75.8,76.82
IT/53_PM50_2/53_PM50_2_3.wav,81.16,83.02
IT/53_PM50_2/53_PM50_2_3.wav,86.76,87.37
IT/53_PM50_2/53_PM50_2_3.wav,90.54,93.0
IT/53_PM50_2/53_PM50_2_3.wav,95.04,97.59
IT/53_PM50_2/53_PM50_2_3.wav,101.76,102.29
IT/53_PM50_2/53_PM50_2_3.wav,104.53,105.11
IT/53_PM50_2/53_PM50_2_3.wav,107.94,108.94
IT/53_PM50_2/53_PM50_2_1.wav,3.09,3.96
IT/53_PM50_2/53_PM50_2_1.wav,5.97,6.98
IT/53_PM50_2/53_PM50_2_1.wav,10.0,10.54
IT/53_PM50_2/53_PM50_2_1.wav,13.05,14.1
IT/53_PM50_2/53_PM50_2_1.wav,15.39,16.23
IT/53_PM50_2/53_PM50_2_1.wav,20.68,21.42
IT/53_PM50_2/53_PM50_2_1.wav,24.91,25.96
IT/53_PM50_2/53_PM50_2_1.wav,27.02,27.3
IT/53_PM50_2/53_PM50_2_1.wav,31.69,32.82
IT/53_PM50_2/53_PM50_2_1.wav,33.94,34.98
IT/53_PM50_2/53_PM50_2_1.wav,39.04,40.1
IT/53_PM50_2/53_PM50_2_1.wav,41.94,42.59
IT/53_PM50_2/53_PM50_2_1.wav,45.05,45.41
IT/53_PM50_2/53_PM50_2_1.wav,47.31,48.3
IT/53_PM50_2/53_PM50_2_1.wav,52.19,52.64
IT/53_PM50_2/53_PM50_2_1.wav,54.62,54.88
IT/53_PM50_2/53_PM50_2_1.wav,58.23,59.08
IT/53_PM50_2/53_PM50_2_1.wav,61.45,61.7
IT/53_PM50_2/53_PM50_2_1.wav,62.45,63.22
IT/53_PM50_2/53_PM50_2_2.wav,3.92,4.54
IT/53_PM50_2/53_PM50_2_2.wav,8.89,9.29
IT/53_PM50_2/53_PM50_2_2.wav,9.93,10.48
IT/53_PM50_2/53_PM50_2_2.wav,11.72,12.09
IT/53_PM50_2/53_PM50_2_2.wav,14.5,15.7
IT/53_PM50_2/53_PM50_2_2.wav,17.8,18.29
IT/53_PM50_2/53_PM50_2_2.wav,20.05,20.46
IT/53_PM50_2/53_PM50_2_2.wav,21.72,22.71
IT/53_PM50_2/53_PM50_2_2.wav,24.31,25.31
IT/07_PM39_4/07_PM39_4_1.wav,4.04,4.47
IT/07_PM39_4/07_PM39_4_1.wav,5.86,6.43
IT/07_PM39_4/07_PM39_4_1.wav,9.95,10.74
IT/07_PM39_4/07_PM39_4_1.wav,17.29,18.58
IT/07_PM39_4/07_PM39_4_1.wav,22.74,23.08
IT/07_PM39_4/07_PM39_4_1.wav,26.42,26.92
IT/07_PM39_4/07_PM39_4_1.wav,29.81,30.46
IT/07_PM39_4/07_PM39_4_1.wav,32.43,32.65
IT/07_PM39_4/07_PM39_4_1.wav,34.47,34.76
IT/07_PM39_4/07_PM39_4_1.wav,40.85,41.17
IT/07_PM39_4/07_PM39_4_1.wav,43.66,44.13
IT/07_PM39_4/07_PM39_4_1.wav,48.72,49.4
IT/07_PM39_4/07_PM39_4_1.wav,52.69,53.24
IT/07_PM39_4/07_PM39_4_1.wav,58.45,58.94
IT/07_PM39_4/07_PM39_4_1.wav,62.0,62.42
IT/07_PM39_4/07_PM39_4_1.wav,63.79,65.24
IT/07_PM39_4/07_PM39_4_1.wav,70.34,70.66
IT/07_PM39_4/07_PM39_4_1.wav,72.47,72.82
IT/07_PM39_4/07_PM39_4_1.wav,74.64,75.14
IT/07_PM39_4/07_PM39_4_1.wav,84.84,85.67
IT/07_PM39_4/07_PM39_4_1.wav,90.24,90.75
IT/07_PM39_4/07_PM39_4_1.wav,96.42,97.06
IT/07_PM39_4/07_PM39_4_1.wav,103.08,103.68
IT/07_PM39_4/07_PM39_4_1.wav,106.37,106.93
IT/07_PM39_4/07_PM39_4_1.wav,109.34,109.94
IT/07_PM39_4/07_PM39_4_1.wav,114.34,114.72
IT/07_PM39_4/07_PM39_4_1.wav,118.19,118.63
IT/07_PM39_4/07_PM39_4_1.wav,124.17,125.09
IT/07_PM39_4/07_PM39_4_1.wav,128.95,129.56
IT/07_PM39_4/07_PM39_4_1.wav,132.17,132.76
IT/07_PM39_4/07_PM39_4_1.wav,134.03,134.37
IT/07_PM39_4/07_PM39_4_1.wav,135.54,136.27
IT/07_PM39_4/07_PM39_4_1.wav,136.78,137.41
IT/07_PM39_4/07_PM39_4_1.wav,141.12,141.32
IT/07_PM39_4/07_PM39_4_1.wav,142.7,143.11
IT/07_PM39_4/07_PM39_4_1.wav,146.77,147.07
IT/07_PM39_4/07_PM39_4_1.wav,150.6,151.06
IT/07_PM39_4/07_PM39_4_1.wav,153.33,153.83
IT/07_PM39_4/07_PM39_4_5.wav,2.94,3.26
IT/07_PM39_4/07_PM39_4_5.wav,5.1,5.47
IT/07_PM39_4/07_PM39_4_5.wav,10.11,10.61
IT/07_PM39_4/07_PM39_4_5.wav,14.95,15.24
IT/07_PM39_4/07_PM39_4_5.wav,16.77,17.18
IT/07_PM39_4/07_PM39_4_5.wav,26.14,26.74
IT/07_PM39_4/07_PM39_4_5.wav,28.12,28.86
IT/07_PM39_4/07_PM39_4_5.wav,30.53,31.39
IT/07_PM39_4/07_PM39_4_5.wav,35.09,35.42
IT/07_PM39_4/07_PM39_4_5.wav,40.59,41.03
IT/07_PM39_4/07_PM39_4_2.wav,2.4,3.37
IT/07_PM39_4/07_PM39_4_2.wav,4.95,5.4
IT/07_PM39_4/07_PM39_4_2.wav,8.05,8.68
IT/07_PM39_4/07_PM39_4_2.wav,13.0,13.49
IT/07_PM39_4/07_PM39_4_2.wav,14.66,14.87
IT/07_PM39_4/07_PM39_4_2.wav,15.59,15.99
IT/07_PM39_4/07_PM39_4_2.wav,18.9,19.36
IT/07_PM39_4/07_PM39_4_2.wav,25.77,26.87
IT/07_PM39_4/07_PM39_4_2.wav,31.19,31.52
IT/07_PM39_4/07_PM39_4_2.wav,33.27,33.61
IT/07_PM39_4/07_PM39_4_2.wav,38.42,38.77
IT/07_PM39_4/07_PM39_4_2.wav,40.25,40.66
IT/07_PM39_4/07_PM39_4_2.wav,43.92,44.57
IT/07_PM39_4/07_PM39_4_2.wav,49.31,49.65
IT/07_PM39_4/07_PM39_4_2.wav,51.68,51.91
IT/07_PM39_4/07_PM39_4_2.wav,54.2,54.72
IT/07_PM39_4/07_PM39_4_2.wav,55.93,56.23
IT/07_PM39_4/07_PM39_4_2.wav,57.61,57.99
IT/07_PM39_4/07_PM39_4_2.wav,59.36,59.6
IT/07_PM39_4/07_PM39_4_2.wav,64.48,65.56
IT/07_PM39_4/07_PM39_4_2.wav,66.73,66.97
IT/07_PM39_4/07_PM39_4_2.wav,72.48,72.94
IT/07_PM39_4/07_PM39_4_2.wav,73.74,73.97
IT/07_PM39_4/07_PM39_4_2.wav,75.09,75.33
IT/07_PM39_4/07_PM39_4_2.wav,79.09,79.53
IT/07_PM39_4/07_PM39_4_2.wav,87.28,87.56
IT/07_PM39_4/07_PM39_4_2.wav,89.11,89.35
IT/07_PM39_4/07_PM39_4_2.wav,91.93,92.18
IT/07_PM39_4/07_PM39_4_2.wav,93.55,93.96
IT/07_PM39_4/07_PM39_4_2.wav,99.16,99.49
IT/07_PM39_4/07_PM39_4_2.wav,102.15,102.51
IT/07_PM39_4/07_PM39_4_2.wav,107.89,108.14
IT/07_PM39_4/07_PM39_4_2.wav,109.58,109.82
IT/07_PM39_4/07_PM39_4_2.wav,112.98,113.64
IT/07_PM39_4/07_PM39_4_2.wav,117.21,117.52
IT/07_PM39_4/07_PM39_4_2.wav,120.15,121.22
IT/07_PM39_4/07_PM39_4_2.wav,122.69,122.91
IT/07_PM39_4/07_PM39_4_2.wav,124.13,124.74
IT/07_PM39_4/07_PM39_4_2.wav,128.34,129.49
IT/07_PM39_4/07_PM39_4_2.wav,131.28,131.62
IT/07_PM39_4/07_PM39_4_2.wav,133.53,134.19
IT/07_PM39_4/07_PM39_4_2.wav,136.81,137.14
IT/07_PM39_4/07_PM39_4_2.wav,138.11,138.52
IT/07_PM39_4/07_PM39_4_2.wav,140.46,140.84
IT/07_PM39_4/07_PM39_4_2.wav,143.29,144.61
IT/07_PM39_4/07_PM39_4_2.wav,149.27,149.49
IT/07_PM39_4/07_PM39_4_2.wav,152.77,153.09
IT/07_PM39_4/07_PM39_4_2.wav,157.51,157.88
IT/07_PM39_4/07_PM39_4_2.wav,161.28,161.71
IT/08_PF37_2/08_PF37_2_1.wav,4.74,5.81
IT/08_PF37_2/08_PF37_2_1.wav,9.02,10.28
IT/08_PF37_2/08_PF37_2_1.wav,13.1,13.49
IT/08_PF37_2/08_PF37_2_1.wav,14.21,14.86
IT/08_PF37_2/08_PF37_2_1.wav,15.21,17.02
IT/08_PF37_2/08_PF37_2_1.wav,21.43,22.16
IT/08_PF37_2/08_PF37_2_1.wav,27.75,28.17
IT/08_PF37_2/08_PF37_2_1.wav,30.97,31.53
IT/08_PF37_2/08_PF37_2_1.wav,36.96,37.61
IT/08_PF37_2/08_PF37_2_1.wav,38.24,39.08
IT/08_PF37_2/08_PF37_2_1.wav,44.82,46.89
IT/08_PF37_2/08_PF37_2_1.wav,55.13,55.36
IT/08_PF37_2/08_PF37_2_1.wav,58.24,59.13
IT/08_PF37_2/08_PF37_2_1.wav,60.87,61.17
IT/08_PF37_2/08_PF37_2_1.wav,62.33,63.27
IT/08_PF37_2/08_PF37_2_1.wav,64.76,64.96
IT/08_PF37_2/08_PF37_2_1.wav,66.08,66.72
IT/08_PF37_2/08_PF37_2_1.wav,66.85,71.71
IT/08_PF37_2/08_PF37_2_1.wav,76.46,77.45
IT/08_PF37_2/08_PF37_2_1.wav,86.61,88.1
IT/08_PF37_2/08_PF37_2_1.wav,92.12,93.05
IT/08_PF37_2/08_PF37_2_1.wav,96.35,96.93
IT/08_PF37_2/08_PF37_2_1.wav,104.63,106.33
IT/08_PF37_2/08_PF37_2_1.wav,108.5,108.78
IT/08_PF37_2/08_PF37_2_1.wav,110.42,115.49
IT/08_PF37_2/08_PF37_2_1.wav,119.36,123.43
IT/08_PF37_2/08_PF37_2_2.wav,3.96,5.15
IT/05_PM53_4/05_PM53_4_1.wav,6.02,6.32
IT/05_PM53_4/05_PM53_4_1.wav,10.65,10.87
IT/05_PM53_4/05_PM53_4_1.wav,12.15,12.96
IT/05_PM53_4/05_PM53_4_1.wav,17.0,17.24
IT/05_PM53_4/05_PM53_4_1.wav,20.4,20.85
IT/05_PM53_4/05_PM53_4_1.wav,21.94,23.62
IT/05_PM53_4/05_PM53_4_1.wav,24.45,25.45
IT/05_PM53_4/05_PM53_4_1.wav,30.4,30.94
IT/05_PM53_4/05_PM53_4_1.wav,33.27,33.52
IT/05_PM53_4/05_PM53_4_1.wav,34.3,34.8
IT/05_PM53_4/05_PM53_4_1.wav,40.12,40.45
IT/05_PM53_4/05_PM53_4_1.wav,46.23,47.0
IT/05_PM53_4/05_PM53_4_1.wav,50.71,51.05
IT/05_PM53_4/05_PM53_4_1.wav,52.94,53.36
IT/05_PM53_4/05_PM53_4_1.wav,57.2,57.56
IT/05_PM53_4/05_PM53_4_1.wav,62.27,62.66
IT/05_PM53_4/05_PM53_4_1.wav,64.56,65.72
IT/05_PM53_4/05_PM53_4_1.wav,75.72,75.95
IT/05_PM53_4/05_PM53_4_1.wav,79.26,79.96
IT/05_PM53_4/05_PM53_4_1.wav,85.29,85.63
IT/05_PM53_4/05_PM53_4_1.wav,88.33,88.73
IT/05_PM53_4/05_PM53_4_1.wav,91.04,91.41
IT/05_PM53_4/05_PM53_4_1.wav,94.8,95.28
IT/05_PM53_4/05_PM53_4_1.wav,98.4,98.92
IT/05_PM53_4/05_PM53_4_1.wav,103.24,103.54
IT/05_PM53_4/05_PM53_4_1.wav,104.51,104.81
IT/05_PM53_4/05_PM53_4_1.wav,109.93,110.69
IT/05_PM53_4/05_PM53_4_1.wav,120.01,120.28
IT/05_PM53_4/05_PM53_4_1.wav,124.32,124.65
IT/05_PM53_4/05_PM53_4_1.wav,130.32,130.67
IT/05_PM53_4/05_PM53_4_1.wav,133.78,134.12
IT/05_PM53_4/05_PM53_4_1.wav,136.41,136.81
IT/05_PM53_4/05_PM53_4_1.wav,141.94,142.23
IT/05_PM53_4/05_PM53_4_1.wav,148.37,148.64
IT/05_PM53_4/05_PM53_4_1.wav,152.81,153.61
IT/05_PM53_4/05_PM53_4_1.wav,159.74,159.95
IT/05_PM53_4/05_PM53_4_1.wav,164.81,165.37
IT/05_PM53_4/05_PM53_4_1.wav,172.51,172.85
IT/05_PM53_4/05_PM53_4_1.wav,175.76,176.06
IT/05_PM53_4/05_PM53_4_1.wav,177.74,178.19
IT/05_PM53_4/05_PM53_4_1.wav,185.22,185.58
IT/05_PM53_4/05_PM53_4_1.wav,188.24,188.57
IT/05_PM53_4/05_PM53_4_1.wav,192.71,193.19
IT/05_PM53_4/05_PM53_4_1.wav,199.1,199.71
IT/05_PM53_4/05_PM53_4_1.wav,202.97,203.25
IT/05_PM53_4/05_PM53_4_1.wav,204.93,205.24
IT/05_PM53_4/05_PM53_4_1.wav,209.01,209.35
IT/05_PM53_4/05_PM53_4_1.wav,210.28,210.9
IT/05_PM53_4/05_PM53_4_1.wav,214.68,215.3
IT/05_PM53_4/05_PM53_4_1.wav,220.16,220.36
IT/05_PM53_4/05_PM53_4_1.wav,223.36,223.94
IT/05_PM53_4/05_PM53_4_1.wav,225.9,226.23
IT/05_PM53_4/05_PM53_4_1.wav,230.4,231.28
IT/05_PM53_4/05_PM53_4_1.wav,236.51,236.78
IT/05_PM53_4/05_PM53_4_1.wav,239.19,239.47
IT/05_PM53_4/05_PM53_4_1.wav,241.84,242.25
IT/05_PM53_4/05_PM53_4_1.wav,247.5,247.77
IT/05_PM53_4/05_PM53_4_1.wav,252.68,252.99
IT/05_PM53_4/05_PM53_4_1.wav,254.12,254.38
IT/05_PM53_4/05_PM53_4_1.wav,254.6,255.21
IT/05_PM53_4/05_PM53_4_1.wav,261.8,262.4
IT/05_PM53_4/05_PM53_4_1.wav,266.92,267.27
IT/05_PM53_4/05_PM53_4_1.wav,268.6,268.91
IT/05_PM53_4/05_PM53_4_1.wav,274.86,275.33
IT/05_PM53_4/05_PM53_4_1.wav,279.49,280.17
IT/05_PM53_4/05_PM53_4_1.wav,281.63,281.83
IT/05_PM53_4/05_PM53_4_1.wav,286.44,286.87
IT/05_PM53_4/05_PM53_4_1.wav,289.16,289.86
IT/05_PM53_4/05_PM53_4_1.wav,294.06,294.7
IT/05_PM53_4/05_PM53_4_1.wav,300.21,300.68
IT/05_PM53_4/05_PM53_4_1.wav,302.04,302.82
IT/05_PM53_4/05_PM53_4_1.wav,304.69,304.97
IT/05_PM53_4/05_PM53_4_1.wav,307.13,307.53
IT/05_PM53_4/05_PM53_4_1.wav,312.84,313.08
IT/05_PM53_4/05_PM53_4_1.wav,318.1,318.37
IT/05_PM53_4/05_PM53_4_1.wav,319.78,320.33
IT/05_PM53_4/05_PM53_4_1.wav,324.57,324.81
IT/05_PM53_4/05_PM53_4_1.wav,325.88,326.12
IT/05_PM53_4/05_PM53_4_1.wav,332.13,332.35
IT/05_PM53_4/05_PM53_4_1.wav,333.63,334.06
IT/05_PM53_4/05_PM53_4_1.wav,339.63,339.97
IT/05_PM53_4/05_PM53_4_1.wav,344.24,344.57
IT/05_PM53_4/05_PM53_4_1.wav,348.4,348.73
IT/05_PM53_4/05_PM53_4_1.wav,352.49,352.89
IT/05_PM53_4/05_PM53_4_1.wav,354.55,354.76
IT/05_PM53_4/05_PM53_4_1.wav,356.49,356.85
IT/05_PM53_4/05_PM53_4_1.wav,359.93,360.36
IT/05_PM53_4/05_PM53_4_1.wav,362.38,362.69
IT/05_PM53_4/05_PM53_4_1.wav,367.85,368.14
IT/05_PM53_4/05_PM53_4_1.wav,373.29,373.79
IT/05_PM53_4/05_PM53_4_1.wav,378.53,378.9
IT/05_PM53_4/05_PM53_4_1.wav,379.51,379.95
IT/05_PM53_4/05_PM53_4_1.wav,383.26,383.61
IT/05_PM53_4/05_PM53_4_1.wav,384.74,385.57
IT/05_PM53_4/05_PM53_4_1.wav,389.33,389.67
IT/05_PM53_4/05_PM53_4_1.wav,392.16,392.91
IT/05_PM53_4/05_PM53_4_1.wav,395.82,396.15
IT/05_PM53_4/05_PM53_4_1.wav,397.52,397.77
IT/05_PM53_4/05_PM53_4_1.wav,402.67,403.41
IT/05_PM53_4/05_PM53_4_1.wav,409.45,409.8
IT/05_PM53_4/05_PM53_4_1.wav,420.77,421.04
IT/05_PM53_4/05_PM53_4_1.wav,422.86,423.73
IT/05_PM53_4/05_PM53_4_1.wav,429.1,429.45
IT/05_PM53_4/05_PM53_4_1.wav,433.68,433.99
IT/05_PM53_4/05_PM53_4_1.wav,435.57,435.89
IT/05_PM53_4/05_PM53_4_1.wav,437.92,438.17
IT/05_PM53_4/05_PM53_4_1.wav,440.09,440.46
IT/05_PM53_4/05_PM53_4_1.wav,444.59,445.24
IT/05_PM53_4/05_PM53_4_1.wav,447.67,448.66
IT/05_PM53_4/05_PM53_4_1.wav,451.86,452.11
IT/05_PM53_4/05_PM53_4_1.wav,453.37,453.58
IT/05_PM53_4/05_PM53_4_1.wav,456.86,457.22
IT/05_PM53_4/05_PM53_4_1.wav,461.49,461.91
IT/05_PM53_4/05_PM53_4_1.wav,464.05,464.59
IT/05_PM53_4/05_PM53_4_1.wav,470.89,471.21
IT/05_PM53_4/05_PM53_4_1.wav,476.9,477.39
IT/05_PM53_4/05_PM53_4_1.wav,478.41,479.36
IT/05_PM53_4/05_PM53_4_1.wav,484.83,485.47
IT/05_PM53_4/05_PM53_4_1.wav,486.08,486.75
IT/05_PM53_4/05_PM53_4_1.wav,490.03,490.33
IT/05_PM53_4/05_PM53_4_1.wav,491.74,492.1
IT/05_PM53_4/05_PM53_4_1.wav,497.21,497.75
IT/05_PM53_4/05_PM53_4_1.wav,500.09,501.18
IT/05_PM53_4/05_PM53_4_1.wav,504.82,505.12
IT/05_PM53_4/05_PM53_4_1.wav,506.86,507.21
IT/05_PM53_4/05_PM53_4_1.wav,511.67,512.13
IT/05_PM53_4/05_PM53_4_1.wav,515.38,515.74
IT/05_PM53_4/05_PM53_4_1.wav,516.67,517.68
IT/05_PM53_4/05_PM53_4_1.wav,518.82,519.57
IT/05_PM53_4/05_PM53_4_1.wav,523.12,523.58
IT/05_PM53_4/05_PM53_4_1.wav,526.02,527.35
IT/05_PM53_4/05_PM53_4_1.wav,529.13,529.75
IT/56_PM57_4/56_PM57_4_12.wav,0.2,1.24
IT/56_PM57_4/56_PM57_4_15.wav,1.8,2.47
IT/56_PM57_4/56_PM57_4_19.wav,1.07,1.41
IT/56_PM57_4/56_PM57_4_19.wav,1.86,2.14
IT/56_PM57_4/56_PM57_4_20.wav,2.13,3.06
IT/56_PM57_4/56_PM57_4_20.wav,6.91,8.33
IT/56_PM57_4/56_PM57_4_2.wav,2.04,3.64
IT/56_PM57_4/56_PM57_4_2.wav,4.13,4.92
IT/56_PM57_4/56_PM57_4_11.wav,1.03,1.56
IT/56_PM57_4/56_PM57_4_11.wav,2.53,3.7
IT/56_PM57_4/56_PM57_4_6.wav,1.29,2.72
IT/56_PM57_4/56_PM57_4_5.wav,2.43,2.78
IT/56_PM57_4/56_PM57_4_5.wav,3.64,4.36
IT/56_PM57_4/56_PM57_4_5.wav,6.47,7.51
IT/56_PM57_4/56_PM57_4_18.wav,0.42,2.38
IT/56_PM57_4/56_PM57_4_18.wav,8.24,8.78
IT/56_PM57_4/56_PM57_4_13.wav,1.28,2.01
IT/56_PM57_4/56_PM57_4_7.wav,1.39,3.21
IT/56_PM57_4/56_PM57_4_14.wav,1.79,3.2
IT/56_PM57_4/56_PM57_4_14.wav,4.18,4.96
IT/56_PM57_4/56_PM57_4_14.wav,10.79,11.46
IT/56_PM57_4/56_PM57_4_14.wav,12.58,14.53
IT/56_PM57_4/56_PM57_4_14.wav,17.57,17.98
IT/56_PM57_4/56_PM57_4_1.wav,0.85,1.54
IT/56_PM57_4/56_PM57_4_1.wav,5.9,6.45
IT/56_PM57_4/56_PM57_4_1.wav,8.5,9.16
IT/56_PM57_4/56_PM57_4_1.wav,11.34,12.19
IT/56_PM57_4/56_PM57_4_3.wav,2.61,4.82
IT/56_PM57_4/56_PM57_4_3.wav,5.73,6.01
IT/56_PM57_4/56_PM57_4_10.wav,4.92,5.41
IT/56_PM57_4/56_PM57_4_10.wav,6.99,7.77
IT/56_PM57_4/56_PM57_4_10.wav,11.66,12.06
IT/56_PM57_4/56_PM57_4_4.wav,1.23,1.66
IT/56_PM57_4/56_PM57_4_4.wav,2.57,2.79
IT/56_PM57_4/56_PM57_4_4.wav,4.21,4.58
IT/56_PM57_4/56_PM57_4_4.wav,7.03,7.92
IT/56_PM57_4/56_PM57_4_8.wav,1.68,2.9
IT/56_PM57_4/56_PM57_4_17.wav,2.55,3.9
IT/56_PM57_4/56_PM57_4_17.wav,5.1,5.98
IT/29_CF34_3/29_CF34_3_2.wav,0.65,1.18
IT/29_CF34_3/29_CF34_3_2.wav,6.6,7.04
IT/29_CF34_3/29_CF34_3_2.wav,11.62,12.15
IT/29_CF34_3/29_CF34_3_2.wav,17.67,18.22
IT/29_CF34_3/29_CF34_3_2.wav,19.18,19.99
IT/29_CF34_3/29_CF34_3_2.wav,26.85,27.36
IT/29_CF34_3/29_CF34_3_2.wav,30.22,30.67
IT/29_CF34_3/29_CF34_3_2.wav,34.57,35.21
IT/29_CF34_3/29_CF34_3_2.wav,43.77,44.53
IT/29_CF34_3/29_CF34_3_2.wav,50.1,50.46
IT/29_CF34_3/29_CF34_3_2.wav,52.78,53.83
IT/29_CF34_3/29_CF34_3_2.wav,54.67,54.94
IT/29_CF34_3/29_CF34_3_2.wav,59.79,60.52
IT/29_CF34_3/29_CF34_3_2.wav,64.74,65.38
IT/29_CF34_3/29_CF34_3_2.wav,70.97,71.42
IT/29_CF34_3/29_CF34_3_2.wav,73.54,73.78
IT/29_CF34_3/29_CF34_3_3.wav,3.03,3.37
IT/29_CF34_3/29_CF34_3_3.wav,7.88,8.25
IT/29_CF34_3/29_CF34_3_3.wav,12.41,12.96
IT/29_CF34_3/29_CF34_3_3.wav,16.75,17.26
IT/29_CF34_3/29_CF34_3_3.wav,20.99,21.47
IT/29_CF34_3/29_CF34_3_3.wav,26.91,27.26
IT/29_CF34_3/29_CF34_3_3.wav,39.83,40.59
IT/29_CF34_3/29_CF34_3_3.wav,48.54,49.16
IT/29_CF34_3/29_CF34_3_3.wav,57.74,58.69
IT/29_CF34_3/29_CF34_3_3.wav,62.65,63.35
IT/29_CF34_3/29_CF34_3_3.wav,64.98,65.6
IT/29_CF34_3/29_CF34_3_3.wav,65.75,66.14
IT/29_CF34_3/29_CF34_3_3.wav,71.45,71.81
IT/29_CF34_3/29_CF34_3_3.wav,80.36,80.76
IT/29_CF34_3/29_CF34_3_3.wav,81.74,82.16
IT/29_CF34_3/29_CF34_3_3.wav,83.85,84.17
IT/29_CF34_3/29_CF34_3_3.wav,96.94,97.35
IT/29_CF34_3/29_CF34_3_3.wav,98.43,98.82
IT/29_CF34_3/29_CF34_3_3.wav,102.39,102.88
IT/29_CF34_3/29_CF34_3_3.wav,104.97,105.38
IT/29_CF34_3/29_CF34_3_3.wav,108.17,108.66
IT/29_CF34_3/29_CF34_3_3.wav,114.84,115.63
IT/12_PF68_1/12_PF68_1_3.wav,4.23,4.53
IT/12_PF68_1/12_PF68_1_3.wav,6.22,6.98
IT/12_PF68_1/12_PF68_1_3.wav,8.41,8.85
IT/12_PF68_1/12_PF68_1_3.wav,10.79,11.09
IT/12_PF68_1/12_PF68_1_3.wav,11.91,12.68
IT/12_PF68_1/12_PF68_1_3.wav,15.96,16.48
IT/12_PF68_1/12_PF68_1_3.wav,19.21,19.57
IT/12_PF68_1/12_PF68_1_3.wav,21.25,22.93
IT/12_PF68_1/12_PF68_1_3.wav,24.26,25.5
IT/12_PF68_1/12_PF68_1_3.wav,26.5,26.85
IT/12_PF68_1/12_PF68_1_2.wav,4.78,5.3
IT/12_PF68_1/12_PF68_1_2.wav,8.77,9.49
IT/12_PF68_1/12_PF68_1_2.wav,12.84,13.22
IT/12_PF68_1/12_PF68_1_2.wav,14.47,14.98
IT/12_PF68_1/12_PF68_1_2.wav,16.52,16.74
IT/12_PF68_1/12_PF68_1_2.wav,18.85,19.12
IT/12_PF68_1/12_PF68_1_2.wav,21.56,22.01
IT/12_PF68_1/12_PF68_1_2.wav,24.12,25.43
IT/12_PF68_1/12_PF68_1_2.wav,27.55,27.75
IT/12_PF68_1/12_PF68_1_2.wav,29.21,30.14
IT/12_PF68_1/12_PF68_1_2.wav,30.51,30.82
IT/12_PF68_1/12_PF68_1_2.wav,31.96,32.35
IT/12_PF68_1/12_PF68_1_2.wav,33.58,34.24
IT/12_PF68_1/12_PF68_1_2.wav,36.2,36.77
IT/12_PF68_1/12_PF68_1_2.wav,38.55,38.77
IT/12_PF68_1/12_PF68_1_2.wav,40.17,40.6
IT/12_PF68_1/12_PF68_1_2.wav,43.38,43.63
IT/12_PF68_1/12_PF68_1_2.wav,44.43,45.13
IT/12_PF68_1/12_PF68_1_2.wav,46.78,46.98
IT/12_PF68_1/12_PF68_1_2.wav,47.34,47.54
IT/12_PF68_1/12_PF68_1_2.wav,49.69,50.64
IT/12_PF68_1/12_PF68_1_2.wav,51.92,52.16
IT/12_PF68_1/12_PF68_1_2.wav,53.11,54.66
IT/12_PF68_1/12_PF68_1_1.wav,1.53,2.01
IT/12_PF68_1/12_PF68_1_1.wav,5.86,6.35
IT/12_PF68_1/12_PF68_1_1.wav,7.89,8.65
IT/12_PF68_1/12_PF68_1_1.wav,10.87,11.33
IT/12_PF68_1/12_PF68_1_1.wav,16.14,17.0
IT/12_PF68_1/12_PF68_1_1.wav,20.4,21.17
IT/12_PF68_1/12_PF68_1_1.wav,23.41,24.06
IT/12_PF68_1/12_PF68_1_1.wav,24.9,25.11
IT/12_PF68_1/12_PF68_1_1.wav,26.56,27.05
IT/12_PF68_1/12_PF68_1_1.wav,29.14,29.68
IT/12_PF68_1/12_PF68_1_1.wav,33.65,35.36
IT/12_PF68_1/12_PF68_1_1.wav,39.53,40.61
IT/12_PF68_1/12_PF68_1_4.wav,1.13,1.58
IT/12_PF68_1/12_PF68_1_4.wav,5.12,5.39
IT/12_PF68_1/12_PF68_1_4.wav,6.2,6.57
IT/12_PF68_1/12_PF68_1_4.wav,7.94,8.3
IT/12_PF68_1/12_PF68_1_4.wav,10.17,10.39
IT/12_PF68_1/12_PF68_1_4.wav,11.38,11.73
IT/12_PF68_1/12_PF68_1_4.wav,12.97,13.59
IT/12_PF68_1/12_PF68_1_4.wav,14.31,15.03
IT/09_PM60_2/09_PM60_2_3.wav,2.04,3.3
IT/09_PM60_2/09_PM60_2_3.wav,5.17,6.13
IT/09_PM60_2/09_PM60_2_8.wav,0.24,0.58
IT/09_PM60_2/09_PM60_2_8.wav,3.38,4.15
IT/09_PM60_2/09_PM60_2_8.wav,5.95,6.47
IT/09_PM60_2/09_PM60_2_8.wav,8.1,8.38
IT/09_PM60_2/09_PM60_2_8.wav,9.9,10.16
IT/09_PM60_2/09_PM60_2_8.wav,11.34,11.89
IT/09_PM60_2/09_PM60_2_8.wav,13.02,14.53
IT/09_PM60_2/09_PM60_2_8.wav,17.89,18.41
IT/09_PM60_2/09_PM60_2_8.wav,20.39,20.77
IT/09_PM60_2/09_PM60_2_4.wav,0.95,1.78
IT/09_PM60_2/09_PM60_2_4.wav,5.92,6.81
IT/09_PM60_2/09_PM60_2_7.wav,3.79,4.01
IT/09_PM60_2/09_PM60_2_7.wav,4.86,5.13
IT/09_PM60_2/09_PM60_2_7.wav,6.18,6.44
IT/09_PM60_2/09_PM60_2_7.wav,7.49,7.72
IT/09_PM60_2/09_PM60_2_7.wav,9.38,9.81
IT/09_PM60_2/09_PM60_2_7.wav,10.9,11.1
IT/09_PM60_2/09_PM60_2_9.wav,1.92,3.07
IT/09_PM60_2/09_PM60_2_9.wav,4.65,5.43
IT/09_PM60_2/09_PM60_2_9.wav,8.42,9.69
IT/09_PM60_2/09_PM60_2_2.wav,1.74,3.84
IT/09_PM60_2/09_PM60_2_2.wav,5.82,6.4
IT/09_PM60_2/09_PM60_2_2.wav,7.29,8.22
IT/09_PM60_2/09_PM60_2_2.wav,12.47,13.02
IT/09_PM60_2/09_PM60_2_2.wav,15.9,16.48
IT/09_PM60_2/09_PM60_2_2.wav,20.67,21.04
IT/09_PM60_2/09_PM60_2_2.wav,22.42,23.83
IT/09_PM60_2/09_PM60_2_2.wav,26.45,26.94
IT/09_PM60_2/09_PM60_2_2.wav,27.67,28.47
IT/09_PM60_2/09_PM60_2_2.wav,29.92,31.98
IT/09_PM60_2/09_PM60_2_2.wav,36.9,37.51
IT/09_PM60_2/09_PM60_2_2.wav,40.86,41.8
IT/09_PM60_2/09_PM60_2_2.wav,42.8,43.15
IT/09_PM60_2/09_PM60_2_2.wav,43.29,43.54
IT/09_PM60_2/09_PM60_2_2.wav,45.19,45.87
IT/09_PM60_2/09_PM60_2_2.wav,47.04,48.21
IT/09_PM60_2/09_PM60_2_5.wav,3.98,5.43
IT/09_PM60_2/09_PM60_2_5.wav,9.28,9.67
IT/09_PM60_2/09_PM60_2_5.wav,10.55,11.59
IT/09_PM60_2/09_PM60_2_5.wav,13.22,13.76
IT/09_PM60_2/09_PM60_2_1.wav,2.37,2.89
IT/09_PM60_2/09_PM60_2_1.wav,6.62,6.85
IT/09_PM60_2/09_PM60_2_1.wav,7.94,8.46
IT/09_PM60_2/09_PM60_2_1.wav,11.43,11.82
IT/09_PM60_2/09_PM60_2_1.wav,12.69,13.26
IT/09_PM60_2/09_PM60_2_1.wav,15.89,16.74
IT/09_PM60_2/09_PM60_2_1.wav,18.94,19.89
IT/09_PM60_2/09_PM60_2_1.wav,24.37,25.03
IT/09_PM60_2/09_PM60_2_1.wav,29.81,30.59
IT/09_PM60_2/09_PM60_2_1.wav,31.87,32.13
IT/09_PM60_2/09_PM60_2_1.wav,33.85,34.72
IT/09_PM60_2/09_PM60_2_1.wav,35.61,35.83
IT/09_PM60_2/09_PM60_2_1.wav,38.54,39.2
IT/09_PM60_2/09_PM60_2_1.wav,40.74,41.21
IT/09_PM60_2/09_PM60_2_1.wav,46.28,47.0
IT/09_PM60_2/09_PM60_2_1.wav,49.15,50.09
IT/09_PM60_2/09_PM60_2_1.wav,53.19,54.11
IT/09_PM60_2/09_PM60_2_1.wav,58.9,59.52
IT/09_PM60_2/09_PM60_2_1.wav,62.88,63.39
IT/09_PM60_2/09_PM60_2_1.wav,64.58,65.5
IT/09_PM60_2/09_PM60_2_6.wav,2.73,3.97
IT/09_PM60_2/09_PM60_2_6.wav,5.51,6.14
IT/09_PM60_2/09_PM60_2_6.wav,9.46,9.97
IT/09_PM60_2/09_PM60_2_6.wav,12.42,13.03
IT/09_PM60_2/09_PM60_2_6.wav,18.7,19.19
IT/09_PM60_2/09_PM60_2_6.wav,20.85,21.12
IT/09_PM60_2/09_PM60_2_6.wav,24.09,24.56
IT/09_PM60_2/09_PM60_2_6.wav,27.93,28.27
IT/09_PM60_2/09_PM60_2_6.wav,32.19,32.59
IT/09_PM60_2/09_PM60_2_6.wav,33.43,33.68
IT/09_PM60_2/09_PM60_2_6.wav,35.61,35.97
IT/09_PM60_2/09_PM60_2_6.wav,38.05,38.38
IT/09_PM60_2/09_PM60_2_6.wav,39.08,39.31
IT/09_PM60_2/09_PM60_2_6.wav,42.96,43.3
IT/02_CM57_2/02_CM57_2_9.wav,2.1,3.1
IT/02_CM57_2/02_CM57_2_9.wav,5.97,6.6
IT/02_CM57_2/02_CM57_2_9.wav,9.41,10.39
IT/02_CM57_2/02_CM57_2_9.wav,13.16,13.65
IT/02_CM57_2/02_CM57_2_9.wav,14.9,15.52
IT/02_CM57_2/02_CM57_2_9.wav,17.41,18.43
IT/02_CM57_2/02_CM57_2_3.wav,4.06,4.78
IT/02_CM57_2/02_CM57_2_6.wav,1.73,2.7
IT/02_CM57_2/02_CM57_2_6.wav,4.2,5.55
IT/02_CM57_2/02_CM57_2_6.wav,6.99,7.41
IT/02_CM57_2/02_CM57_2_11.wav,3.58,3.96
IT/02_CM57_2/02_CM57_2_11.wav,9.31,9.85
IT/02_CM57_2/02_CM57_2_11.wav,17.05,17.8
IT/02_CM57_2/02_CM57_2_11.wav,19.31,19.85
IT/02_CM57_2/02_CM57_2_11.wav,27.09,28.9
IT/02_CM57_2/02_CM57_2_11.wav,30.06,30.56
IT/02_CM57_2/02_CM57_2_11.wav,33.3,34.14
IT/02_CM57_2/02_CM57_2_12.wav,3.72,4.62
IT/02_CM57_2/02_CM57_2_12.wav,6.14,6.5
IT/02_CM57_2/02_CM57_2_12.wav,10.53,11.94
IT/02_CM57_2/02_CM57_2_12.wav,13.93,14.17
IT/02_CM57_2/02_CM57_2_12.wav,15.53,15.95
IT/02_CM57_2/02_CM57_2_1.wav,1.11,1.35
IT/02_CM57_2/02_CM57_2_5.wav,2.74,3.09
IT/02_CM57_2/02_CM57_2_5.wav,4.39,6.03
IT/02_CM57_2/02_CM57_2_5.wav,7.58,7.83
IT/02_CM57_2/02_CM57_2_5.wav,11.38,12.12
IT/02_CM57_2/02_CM57_2_5.wav,12.76,13.32
IT/02_CM57_2/02_CM57_2_7.wav,4.65,5.7
IT/02_CM57_2/02_CM57_2_10.wav,3.84,4.84
IT/02_CM57_2/02_CM57_2_4.wav,6.3,7.03
IT/02_CM57_2/02_CM57_2_4.wav,9.85,10.23
IT/02_CM57_2/02_CM57_2_8.wav,6.52,8.66
IT/02_CM57_2/02_CM57_2_8.wav,10.83,11.54
IT/02_CM57_2/02_CM57_2_2.wav,1.6,2.28
IT/02_CM57_2/02_CM57_2_2.wav,4.69,5.46
IT/02_CM57_2/02_CM57_2_2.wav,6.65,7.09
IT/02_CM57_2/02_CM57_2_2.wav,12.0,12.76
IT/02_CM57_2/02_CM57_2_2.wav,15.94,17.7
IT/02_CM57_2/02_CM57_2_2.wav,18.86,19.36
IT/31_PF68_4/31_PF68_4_1.wav,0.36,0.67
IT/31_PF68_4/31_PF68_4_1.wav,2.2,2.81
IT/31_PF68_4/31_PF68_4_1.wav,6.36,6.74
IT/31_PF68_4/31_PF68_4_1.wav,8.14,9.44
IT/31_PF68_4/31_PF68_4_1.wav,10.55,12.01
IT/31_PF68_4/31_PF68_4_1.wav,15.57,16.14
IT/31_PF68_4/31_PF68_4_1.wav,17.15,17.53
IT/31_PF68_4/31_PF68_4_1.wav,20.2,21.17
IT/31_PF68_4/31_PF68_4_1.wav,21.97,23.98
IT/31_PF68_4/31_PF68_4_1.wav,27.34,27.93
IT/31_PF68_4/31_PF68_4_1.wav,28.95,30.79
IT/31_PF68_4/31_PF68_4_1.wav,31.7,31.99
IT/31_PF68_4/31_PF68_4_1.wav,34.09,35.06
IT/31_PF68_4/31_PF68_4_1.wav,37.63,39.1
IT/31_PF68_4/31_PF68_4_1.wav,40.31,42.15
IT/31_PF68_4/31_PF68_4_1.wav,46.52,46.74
IT/31_PF68_4/31_PF68_4_1.wav,48.24,48.75
IT/31_PF68_4/31_PF68_4_1.wav,50.12,50.65
IT/31_PF68_4/31_PF68_4_1.wav,51.62,51.82
IT/31_PF68_4/31_PF68_4_1.wav,53.12,53.43
IT/31_PF68_4/31_PF68_4_1.wav,56.14,56.63
IT/31_PF68_4/31_PF68_4_1.wav,57.51,57.98
IT/31_PF68_4/31_PF68_4_1.wav,60.28,61.21
IT/31_PF68_4/31_PF68_4_1.wav,61.57,62.09
IT/31_PF68_4/31_PF68_4_1.wav,63.38,64.35
IT/31_PF68_4/31_PF68_4_1.wav,65.54,65.85
IT/31_PF68_4/31_PF68_4_1.wav,66.63,67.11
IT/31_PF68_4/31_PF68_4_1.wav,67.97,68.34
IT/31_PF68_4/31_PF68_4_1.wav,71.08,71.73
IT/31_PF68_4/31_PF68_4_1.wav,72.78,74.45
IT/31_PF68_4/31_PF68_4_1.wav,75.12,75.7
IT/31_PF68_4/31_PF68_4_1.wav,76.23,76.74
IT/31_PF68_4/31_PF68_4_1.wav,79.1,79.45
IT/31_PF68_4/31_PF68_4_1.wav,80.95,82.26
IT/31_PF68_4/31_PF68_4_1.wav,83.37,84.04
IT/31_PF68_4/31_PF68_4_1.wav,89.12,89.98
IT/31_PF68_4/31_PF68_4_1.wav,91.26,91.8
IT/31_PF68_4/31_PF68_4_1.wav,94.8,95.51
IT/31_PF68_4/31_PF68_4_1.wav,99.86,100.36
IT/31_PF68_4/31_PF68_4_1.wav,102.27,103.42
IT/31_PF68_4/31_PF68_4_1.wav,104.29,106.51
IT/31_PF68_4/31_PF68_4_1.wav,107.93,108.89
IT/31_PF68_4/31_PF68_4_1.wav,109.63,111.48
IT/31_PF68_4/31_PF68_4_1.wav,114.07,114.99
IT/31_PF68_4/31_PF68_4_1.wav,116.55,117.43
IT/31_PF68_4/31_PF68_4_1.wav,118.83,119.12
IT/31_PF68_4/31_PF68_4_1.wav,119.76,120.39
IT/31_PF68_4/31_PF68_4_1.wav,125.27,125.78
IT/31_PF68_4/31_PF68_4_1.wav,127.76,128.16
IT/31_PF68_4/31_PF68_4_1.wav,130.88,132.46
IT/31_PF68_4/31_PF68_4_1.wav,136.59,137.15
IT/31_PF68_4/31_PF68_4_1.wav,137.96,138.33
IT/31_PF68_4/31_PF68_4_1.wav,140.57,140.78
IT/31_PF68_4/31_PF68_4_1.wav,142.66,142.99
IT/31_PF68_4/31_PF68_4_1.wav,145.11,145.39
IT/31_PF68_4/31_PF68_4_1.wav,146.78,147.42
IT/31_PF68_4/31_PF68_4_1.wav,151.6,153.19
IT/31_PF68_4/31_PF68_4_1.wav,155.05,156.69
IT/31_PF68_4/31_PF68_4_1.wav,157.71,158.3
IT/31_PF68_4/31_PF68_4_1.wav,162.93,163.49
IT/31_PF68_4/31_PF68_4_1.wav,164.49,164.71
IT/31_PF68_4/31_PF68_4_1.wav,166.25,166.92
IT/31_PF68_4/31_PF68_4_1.wav,167.93,168.22
IT/31_PF68_4/31_PF68_4_1.wav,170.99,171.44
IT/31_PF68_4/31_PF68_4_1.wav,172.82,175.5
IT/31_PF68_4/31_PF68_4_1.wav,176.79,177.26
IT/31_PF68_4/31_PF68_4_1.wav,178.4,178.75
IT/31_PF68_4/31_PF68_4_1.wav,179.82,180.14
IT/31_PF68_4/31_PF68_4_1.wav,180.97,181.49
IT/04_CF57_3/04_CF57_3_7.wav,5.42,5.93
IT/04_CF57_3/04_CF57_3_7.wav,13.34,13.99
IT/04_CF57_3/04_CF57_3_7.wav,17.36,17.7
IT/04_CF57_3/04_CF57_3_7.wav,26.44,26.93
IT/04_CF57_3/04_CF57_3_7.wav,29.48,29.69
IT/04_CF57_3/04_CF57_3_7.wav,30.21,31.1
IT/04_CF57_3/04_CF57_3_7.wav,33.22,33.44
IT/04_CF57_3/04_CF57_3_7.wav,41.28,41.77
IT/04_CF57_3/04_CF57_3_7.wav,49.54,50.02
IT/04_CF57_3/04_CF57_3_7.wav,50.93,51.47
IT/04_CF57_3/04_CF57_3_7.wav,55.03,55.4
IT/04_CF57_3/04_CF57_3_7.wav,61.84,62.31
IT/04_CF57_3/04_CF57_3_1.wav,4.49,4.71
IT/04_CF57_3/04_CF57_3_1.wav,8.24,8.98
IT/04_CF57_3/04_CF57_3_1.wav,12.53,13.19
IT/04_CF57_3/04_CF57_3_1.wav,19.29,19.66
IT/04_CF57_3/04_CF57_3_4.wav,10.5,11.33
IT/04_CF57_3/04_CF57_3_4.wav,15.0,15.66
IT/04_CF57_3/04_CF57_3_2.wav,5.62,6.3
IT/04_CF57_3/04_CF57_3_2.wav,13.13,13.57
IT/04_CF57_3/04_CF57_3_2.wav,17.19,17.54
IT/04_CF57_3/04_CF57_3_2.wav,21.97,22.49
IT/04_CF57_3/04_CF57_3_3.wav,4.78,5.3
IT/04_CF57_3/04_CF57_3_3.wav,6.04,6.49
IT/04_CF57_3/04_CF57_3_3.wav,8.17,8.75
IT/04_CF57_3/04_CF57_3_3.wav,9.76,10.11
IT/04_CF57_3/04_CF57_3_3.wav,11.81,12.26
IT/04_CF57_3/04_CF57_3_3.wav,15.92,16.37
IT/04_CF57_3/04_CF57_3_6.wav,4.04,4.3
IT/04_CF57_3/04_CF57_3_6.wav,15.38,15.99
IT/04_CF57_3/04_CF57_3_5.wav,3.91,4.17
IT/04_CF57_3/04_CF57_3_5.wav,5.63,6.56
IT/04_CF57_3/04_CF57_3_5.wav,11.81,12.39
IT/04_CF57_3/04_CF57_3_5.wav,18.42,18.88
IT/04_CF57_3/04_CF57_3_5.wav,26.86,27.29
IT/04_CF57_3/04_CF57_3_5.wav,30.3,30.57
IT/04_CF57_3/04_CF57_3_5.wav,36.76,37.31
IT/04_CF57_3/04_CF57_3_5.wav,40.79,41.22
IT/60_PF56_x/60_PF56_x_1.wav,2.58,3.11
IT/60_PF56_x/60_PF56_x_1.wav,5.7,6.92
IT/60_PF56_x/60_PF56_x_5.wav,2.53,3.46
IT/60_PF56_x/60_PF56_x_5.wav,6.7,7.49
IT/60_PF56_x/60_PF56_x_5.wav,9.65,10.11
IT/60_PF56_x/60_PF56_x_4.wav,2.36,2.66
IT/60_PF56_x/60_PF56_x_4.wav,6.76,7.7
IT/60_PF56_x/60_PF56_x_4.wav,11.92,13.17
IT/60_PF56_x/60_PF56_x_4.wav,14.69,15.1
IT/60_PF56_x/60_PF56_x_4.wav,15.79,16.71
IT/60_PF56_x/60_PF56_x_2.wav,0.41,0.7
IT/60_PF56_x/60_PF56_x_2.wav,1.93,3.79
IT/60_PF56_x/60_PF56_x_3.wav,1.49,1.92
IT/60_PF56_x/60_PF56_x_3.wav,2.98,3.45
IT/60_PF56_x/60_PF56_x_3.wav,5.11,6.09
IT/60_PF56_x/60_PF56_x_3.wav,9.93,10.81
IT/60_PF56_x/60_PF56_x_3.wav,16.1,16.42
IT/60_PF56_x/60_PF56_x_3.wav,17.51,19.2
IT/60_PF56_x/60_PF56_x_3.wav,19.72,20.46
IT/27_PF26_3/27_PF26_3_1.wav,1.77,2.29
IT/27_PF26_3/27_PF26_3_1.wav,3.87,4.08
IT/27_PF26_3/27_PF26_3_1.wav,12.17,12.69
IT/27_PF26_3/27_PF26_3_1.wav,14.16,14.82
IT/27_PF26_3/27_PF26_3_1.wav,20.38,20.65
IT/27_PF26_3/27_PF26_3_1.wav,25.44,26.15
IT/27_PF26_3/27_PF26_3_1.wav,26.89,27.16
IT/27_PF26_3/27_PF26_3_1.wav,27.5,27.88
IT/27_PF26_3/27_PF26_3_1.wav,35.55,36.11
IT/27_PF26_3/27_PF26_3_1.wav,45.48,46.32
IT/27_PF26_3/27_PF26_3_1.wav,52.09,52.37
IT/27_PF26_3/27_PF26_3_1.wav,55.29,55.74
IT/27_PF26_3/27_PF26_3_1.wav,57.4,57.92
IT/27_PF26_3/27_PF26_3_1.wav,60.3,60.81
IT/27_PF26_3/27_PF26_3_1.wav,63.1,63.58
IT/27_PF26_3/27_PF26_3_1.wav,69.46,70.08
IT/27_PF26_3/27_PF26_3_1.wav,71.97,72.51
IT/27_PF26_3/27_PF26_3_1.wav,74.34,74.75
IT/27_PF26_3/27_PF26_3_2.wav,13.44,13.83
IT/27_PF26_3/27_PF26_3_2.wav,16.19,16.76
IT/27_PF26_3/27_PF26_3_2.wav,24.93,25.86
IT/27_PF26_3/27_PF26_3_2.wav,31.29,32.09
IT/27_PF26_3/27_PF26_3_2.wav,36.12,36.6
IT/27_PF26_3/27_PF26_3_2.wav,47.64,48.76
IT/27_PF26_3/27_PF26_3_2.wav,51.19,52.26
IT/27_PF26_3/27_PF26_3_2.wav,58.4,58.71
IT/27_PF26_3/27_PF26_3_2.wav,61.02,61.28
IT/27_PF26_3/27_PF26_3_2.wav,67.98,68.55
IT/27_PF26_3/27_PF26_3_2.wav,70.72,71.93
IT/27_PF26_3/27_PF26_3_2.wav,77.32,77.76
IT/27_PF26_3/27_PF26_3_2.wav,81.96,82.81
IT/23_CF55_3/23_CF55_3_1.wav,7.53,8.38
IT/23_CF55_3/23_CF55_3_1.wav,10.46,10.76
IT/23_CF55_3/23_CF55_3_1.wav,15.17,15.48
IT/23_CF55_3/23_CF55_3_1.wav,17.39,18.3
IT/23_CF55_3/23_CF55_3_1.wav,24.47,24.86
IT/23_CF55_3/23_CF55_3_1.wav,26.57,27.12
IT/23_CF55_3/23_CF55_3_1.wav,32.45,32.75
IT/23_CF55_3/23_CF55_3_1.wav,34.69,34.91
IT/23_CF55_3/23_CF55_3_1.wav,36.76,37.68
IT/23_CF55_3/23_CF55_3_1.wav,45.92,46.58
IT/23_CF55_3/23_CF55_3_1.wav,48.08,48.66
IT/23_CF55_3/23_CF55_3_1.wav,53.26,53.65
IT/23_CF55_3/23_CF55_3_1.wav,57.04,57.7
IT/23_CF55_3/23_CF55_3_1.wav,63.62,63.9
IT/23_CF55_3/23_CF55_3_1.wav,70.52,71.23
IT/23_CF55_3/23_CF55_3_1.wav,76.83,77.53
IT/23_CF55_3/23_CF55_3_1.wav,83.85,84.45
IT/23_CF55_3/23_CF55_3_1.wav,89.22,89.73
IT/23_CF55_3/23_CF55_3_1.wav,97.08,97.48
IT/23_CF55_3/23_CF55_3_1.wav,100.21,100.54
IT/23_CF55_3/23_CF55_3_1.wav,101.68,102.2
IT/23_CF55_3/23_CF55_3_1.wav,108.1,108.33
IT/23_CF55_3/23_CF55_3_1.wav,109.75,110.02
IT/23_CF55_3/23_CF55_3_1.wav,111.52,111.84
IT/23_CF55_3/23_CF55_3_1.wav,112.36,112.86
IT/23_CF55_3/23_CF55_3_1.wav,117.37,117.89
IT/23_CF55_3/23_CF55_3_1.wav,125.07,125.27
IT/23_CF55_3/23_CF55_3_1.wav,127.26,127.48
IT/23_CF55_3/23_CF55_3_1.wav,130.65,131.01
IT/23_CF55_3/23_CF55_3_1.wav,137.29,137.57
IT/23_CF55_3/23_CF55_3_1.wav,139.8,140.43
IT/23_CF55_3/23_CF55_3_1.wav,145.37,145.84
IT/23_CF55_3/23_CF55_3_1.wav,148.45,148.69
IT/23_CF55_3/23_CF55_3_1.wav,157.23,157.62
IT/23_CF55_3/23_CF55_3_1.wav,158.87,159.82
IT/23_CF55_3/23_CF55_3_1.wav,169.91,170.3
IT/23_CF55_3/23_CF55_3_1.wav,172.13,172.72
IT/23_CF55_3/23_CF55_3_1.wav,174.65,175.14
IT/23_CF55_3/23_CF55_3_1.wav,180.55,181.01
IT/23_CF55_3/23_CF55_3_1.wav,182.29,182.71
IT/23_CF55_3/23_CF55_3_1.wav,188.22,188.63
IT/23_CF55_3/23_CF55_3_1.wav,191.49,191.75
IT/23_CF55_3/23_CF55_3_1.wav,193.46,193.88
IT/23_CF55_3/23_CF55_3_1.wav,198.13,198.4
IT/23_CF55_3/23_CF55_3_1.wav,199.79,200.3
IT/23_CF55_3/23_CF55_3_1.wav,201.38,202.05
IT/23_CF55_3/23_CF55_3_1.wav,204.2,204.4
IT/23_CF55_3/23_CF55_3_1.wav,204.72,205.07
IT/23_CF55_3/23_CF55_3_1.wav,210.67,211.04
IT/23_CF55_3/23_CF55_3_1.wav,218.04,218.42
IT/23_CF55_3/23_CF55_3_1.wav,222.82,223.22
IT/23_CF55_3/23_CF55_3_1.wav,225.26,225.84
IT/23_CF55_3/23_CF55_3_1.wav,239.26,239.56
IT/26_PM54_3/26_PM54_3_1.wav,2.17,3.86
IT/26_PM54_3/26_PM54_3_1.wav,4.65,6.21
IT/26_PM54_3/26_PM54_3_1.wav,7.8,8.0
IT/26_PM54_3/26_PM54_3_1.wav,10.12,10.8
IT/26_PM54_3/26_PM54_3_1.wav,14.52,15.38
IT/26_PM54_3/26_PM54_3_1.wav,16.13,16.63
IT/26_PM54_3/26_PM54_3_1.wav,18.71,19.87
IT/26_PM54_3/26_PM54_3_1.wav,20.72,22.19
IT/26_PM54_3/26_PM54_3_1.wav,24.5,25.37
IT/26_PM54_3/26_PM54_3_1.wav,28.55,30.11
IT/26_PM54_3/26_PM54_3_1.wav,30.76,32.49
IT/26_PM54_3/26_PM54_3_1.wav,34.89,36.27
IT/26_PM54_3/26_PM54_3_1.wav,39.83,40.95
IT/26_PM54_3/26_PM54_3_1.wav,41.39,41.74
IT/26_PM54_3/26_PM54_3_1.wav,42.41,43.91
IT/26_PM54_3/26_PM54_3_1.wav,49.19,49.6
IT/26_PM54_3/26_PM54_3_1.wav,51.15,51.62
IT/26_PM54_3/26_PM54_3_1.wav,55.14,56.31
IT/26_PM54_3/26_PM54_3_1.wav,58.33,58.89
IT/26_PM54_3/26_PM54_3_1.wav,61.15,61.64
IT/26_PM54_3/26_PM54_3_3.wav,0.23,0.47
IT/26_PM54_3/26_PM54_3_3.wav,7.7,8.3
IT/26_PM54_3/26_PM54_3_3.wav,9.75,11.13
IT/26_PM54_3/26_PM54_3_3.wav,12.8,14.21
IT/26_PM54_3/26_PM54_3_3.wav,14.38,15.09
IT/26_PM54_3/26_PM54_3_3.wav,22.19,22.76
IT/26_PM54_3/26_PM54_3_3.wav,26.49,27.12
IT/26_PM54_3/26_PM54_3_3.wav,28.37,29.14
IT/26_PM54_3/26_PM54_3_3.wav,30.78,32.28
IT/26_PM54_3/26_PM54_3_3.wav,33.23,33.52
IT/26_PM54_3/26_PM54_3_3.wav,37.73,39.21
IT/26_PM54_3/26_PM54_3_3.wav,46.89,47.99
IT/26_PM54_3/26_PM54_3_3.wav,49.03,49.28
IT/26_PM54_3/26_PM54_3_3.wav,50.57,51.02
IT/26_PM54_3/26_PM54_3_3.wav,52.85,54.1
IT/26_PM54_3/26_PM54_3_3.wav,59.3,59.9
IT/26_PM54_3/26_PM54_3_3.wav,65.09,65.43
IT/26_PM54_3/26_PM54_3_3.wav,65.47,66.48
IT/26_PM54_3/26_PM54_3_3.wav,69.97,70.61
IT/26_PM54_3/26_PM54_3_3.wav,71.69,72.24
IT/26_PM54_3/26_PM54_3_3.wav,73.19,73.78
IT/26_PM54_3/26_PM54_3_3.wav,75.24,76.54
IT/26_PM54_3/26_PM54_3_3.wav,77.27,77.48
IT/26_PM54_3/26_PM54_3_3.wav,77.75,78.82
IT/26_PM54_3/26_PM54_3_3.wav,81.07,82.3
IT/26_PM54_3/26_PM54_3_3.wav,82.89,84.07
IT/26_PM54_3/26_PM54_3_3.wav,86.01,87.23
IT/26_PM54_3/26_PM54_3_3.wav,89.55,90.13
IT/26_PM54_3/26_PM54_3_3.wav,93.15,93.77
IT/26_PM54_3/26_PM54_3_3.wav,95.11,95.97
IT/26_PM54_3/26_PM54_3_3.wav,99.53,100.22
IT/26_PM54_3/26_PM54_3_3.wav,104.33,105.22
IT/26_PM54_3/26_PM54_3_3.wav,106.96,107.93
IT/26_PM54_3/26_PM54_3_3.wav,108.26,108.96
IT/26_PM54_3/26_PM54_3_3.wav,110.22,111.24
IT/26_PM54_3/26_PM54_3_3.wav,115.95,116.95
IT/26_PM54_3/26_PM54_3_3.wav,117.07,117.41
IT/26_PM54_3/26_PM54_3_3.wav,119.4,119.6
IT/26_PM54_3/26_PM54_3_3.wav,119.83,120.07
IT/26_PM54_3/26_PM54_3_3.wav,121.52,122.4
IT/26_PM54_3/26_PM54_3_3.wav,122.83,123.06
IT/26_PM54_3/26_PM54_3_3.wav,123.54,123.85
IT/26_PM54_3/26_PM54_3_3.wav,126.2,126.85
IT/26_PM54_3/26_PM54_3_2.wav,3.13,4.05
IT/26_PM54_3/26_PM54_3_2.wav,5.37,5.59
IT/26_PM54_3/26_PM54_3_2.wav,7.1,7.33
IT/26_PM54_3/26_PM54_3_2.wav,8.97,9.74
IT/26_PM54_3/26_PM54_3_2.wav,11.37,11.73
IT/26_PM54_3/26_PM54_3_2.wav,12.86,13.11
IT/26_PM54_3/26_PM54_3_2.wav,14.18,15.15
IT/26_PM54_3/26_PM54_3_2.wav,17.63,18.36
IT/26_PM54_3/26_PM54_3_2.wav,20.43,21.99
IT/19_CF62_4/19_CF62_4_2.wav,0.78,1.51
IT/19_CF62_4/19_CF62_4_2.wav,7.16,7.56
IT/19_CF62_4/19_CF62_4_2.wav,11.94,12.47
IT/19_CF62_4/19_CF62_4_2.wav,16.15,16.44
IT/19_CF62_4/19_CF62_4_2.wav,24.02,24.52
IT/19_CF62_4/19_CF62_4_2.wav,32.45,32.72
IT/19_CF62_4/19_CF62_4_2.wav,39.9,40.25
IT/19_CF62_4/19_CF62_4_2.wav,42.22,42.49
IT/19_CF62_4/19_CF62_4_2.wav,48.21,48.79
IT/19_CF62_4/19_CF62_4_2.wav,55.82,56.34
IT/19_CF62_4/19_CF62_4_1.wav,3.24,3.92
IT/19_CF62_4/19_CF62_4_1.wav,4.77,5.44
IT/19_CF62_4/19_CF62_4_1.wav,13.25,13.78
IT/19_CF62_4/19_CF62_4_1.wav,20.91,21.11
IT/19_CF62_4/19_CF62_4_1.wav,28.58,28.95
IT/19_CF62_4/19_CF62_4_1.wav,34.8,35.32
IT/19_CF62_4/19_CF62_4_1.wav,38.73,39.58
IT/19_CF62_4/19_CF62_4_1.wav,53.78,54.27
IT/19_CF62_4/19_CF62_4_1.wav,57.95,58.64
IT/19_CF62_4/19_CF62_4_1.wav,61.95,62.57
IT/19_CF62_4/19_CF62_4_1.wav,75.37,76.35
IT/19_CF62_4/19_CF62_4_1.wav,82.35,82.88
IT/19_CF62_4/19_CF62_4_3.wav,10.05,10.52
IT/19_CF62_4/19_CF62_4_3.wav,14.91,15.17
IT/19_CF62_4/19_CF62_4_3.wav,22.76,22.98
IT/19_CF62_4/19_CF62_4_3.wav,24.63,24.99
IT/19_CF62_4/19_CF62_4_3.wav,29.86,30.14
IT/19_CF62_4/19_CF62_4_3.wav,34.24,34.7
IT/19_CF62_4/19_CF62_4_3.wav,39.05,39.76
IT/19_CF62_4/19_CF62_4_3.wav,42.31,42.74
IT/19_CF62_4/19_CF62_4_3.wav,45.4,45.77
IT/19_CF62_4/19_CF62_4_3.wav,51.87,52.24
IT/19_CF62_4/19_CF62_4_3.wav,56.23,57.19
IT/19_CF62_4/19_CF62_4_3.wav,62.98,63.42
IT/19_CF62_4/19_CF62_4_3.wav,67.9,68.21
IT/19_CF62_4/19_CF62_4_3.wav,70.55,71.08
IT/19_CF62_4/19_CF62_4_3.wav,73.18,73.41
IT/19_CF62_4/19_CF62_4_3.wav,75.78,76.09
IT/19_CF62_4/19_CF62_4_3.wav,78.19,78.49
IT/18_PF33_2/18_PF33_2_4.wav,0.71,1.17
IT/18_PF33_2/18_PF33_2_4.wav,1.44,1.74
IT/18_PF33_2/18_PF33_2_6.wav,0.77,1.01
IT/18_PF33_2/18_PF33_2_6.wav,2.14,2.81
IT/18_PF33_2/18_PF33_2_1.wav,4.68,5.02
IT/18_PF33_2/18_PF33_2_1.wav,6.63,7.4
IT/18_PF33_2/18_PF33_2_1.wav,10.86,12.2
IT/18_PF33_2/18_PF33_2_1.wav,13.66,14.72
IT/18_PF33_2/18_PF33_2_1.wav,15.88,16.3
IT/18_PF33_2/18_PF33_2_1.wav,17.35,18.33
IT/18_PF33_2/18_PF33_2_1.wav,22.24,22.65
IT/18_PF33_2/18_PF33_2_1.wav,24.31,25.34
IT/18_PF33_2/18_PF33_2_1.wav,25.9,26.18
IT/18_PF33_2/18_PF33_2_1.wav,26.45,28.04
IT/18_PF33_2/18_PF33_2_1.wav,32.2,33.38
IT/18_PF33_2/18_PF33_2_1.wav,35.41,36.91
IT/18_PF33_2/18_PF33_2_1.wav,37.47,38.1
IT/18_PF33_2/18_PF33_2_3.wav,2.09,2.29
IT/18_PF33_2/18_PF33_2_3.wav,4.02,4.74
IT/18_PF33_2/18_PF33_2_3.wav,5.53,5.94
IT/18_PF33_2/18_PF33_2_3.wav,7.44,9.35
IT/18_PF33_2/18_PF33_2_3.wav,10.79,11.53
IT/18_PF33_2/18_PF33_2_3.wav,12.63,14.11
IT/18_PF33_2/18_PF33_2_5.wav,1.94,3.72
IT/18_PF33_2/18_PF33_2_2.wav,1.74,2.01
IT/18_PF33_2/18_PF33_2_2.wav,4.01,5.42
IT/18_PF33_2/18_PF33_2_2.wav,6.93,7.57
IT/18_PF33_2/18_PF33_2_2.wav,11.0,11.63
IT/18_PF33_2/18_PF33_2_2.wav,12.08,13.26
IT/18_PF33_2/18_PF33_2_2.wav,14.86,15.6
IT/18_PF33_2/18_PF33_2_2.wav,16.71,17.2
IT/18_PF33_2/18_PF33_2_2.wav,17.34,17.84
IT/18_PF33_2/18_PF33_2_2.wav,18.21,19.44
IT/18_PF33_2/18_PF33_2_2.wav,21.39,22.46
IT/18_PF33_2/18_PF33_2_2.wav,25.34,25.89
IT/18_PF33_2/18_PF33_2_2.wav,29.58,30.28
IT/18_PF33_2/18_PF33_2_2.wav,30.34,31.01
IT/18_PF33_2/18_PF33_2_2.wav,32.46,32.86
IT/18_PF33_2/18_PF33_2_2.wav,33.5,34.13
IT/06_CF44_2/06_CF44_2_22.wav,1.0,1.34
IT/06_CF44_2/06_CF44_2_25.wav,0.81,1.12
IT/06_CF44_2/06_CF44_2_25.wav,4.55,4.95
IT/06_CF44_2/06_CF44_2_25.wav,7.01,7.39
IT/06_CF44_2/06_CF44_2_25.wav,10.79,11.0
IT/06_CF44_2/06_CF44_2_18.wav,1.51,2.4
IT/06_CF44_2/06_CF44_2_18.wav,9.3,9.73
IT/06_CF44_2/06_CF44_2_5.wav,5.45,6.0
IT/06_CF44_2/06_CF44_2_24.wav,4.8,5.16
IT/06_CF44_2/06_CF44_2_24.wav,7.31,8.07
IT/06_CF44_2/06_CF44_2_21.wav,1.83,2.29
IT/06_CF44_2/06_CF44_2_21.wav,3.97,5.14
IT/06_CF44_2/06_CF44_2_21.wav,5.96,6.37
IT/06_CF44_2/06_CF44_2_21.wav,7.26,8.02
IT/06_CF44_2/06_CF44_2_21.wav,9.41,9.77
IT/06_CF44_2/06_CF44_2_21.wav,11.02,11.93
IT/06_CF44_2/06_CF44_2_21.wav,12.96,13.23
IT/06_CF44_2/06_CF44_2_17.wav,6.42,6.93
IT/06_CF44_2/06_CF44_2_26.wav,3.13,3.56
IT/06_CF44_2/06_CF44_2_26.wav,7.48,7.97
IT/06_CF44_2/06_CF44_2_16.wav,8.57,8.79
IT/06_CF44_2/06_CF44_2_6.wav,1.97,2.7
IT/06_CF44_2/06_CF44_2_4.wav,2.77,3.02
IT/06_CF44_2/06_CF44_2_3.wav,2.59,4.8
IT/06_CF44_2/06_CF44_2_15.wav,5.73,6.35
IT/06_CF44_2/06_CF44_2_19.wav,4.87,5.42
IT/06_CF44_2/06_CF44_2_8.wav,1.45,2.18
IT/06_CF44_2/06_CF44_2_8.wav,3.38,3.72
IT/06_CF44_2/06_CF44_2_8.wav,5.01,5.67
IT/06_CF44_2/06_CF44_2_8.wav,7.28,8.56
IT/06_CF44_2/06_CF44_2_8.wav,11.1,11.67
IT/06_CF44_2/06_CF44_2_8.wav,14.12,14.48
IT/06_CF44_2/06_CF44_2_2.wav,0.66,1.3
IT/06_CF44_2/06_CF44_2_2.wav,2.85,3.43
IT/06_CF44_2/06_CF44_2_2.wav,7.18,7.61
IT/06_CF44_2/06_CF44_2_2.wav,10.18,10.39
IT/35_PF43_2/35_PF43_2_1.wav,4.22,4.69
IT/35_PF43_2/35_PF43_2_1.wav,10.02,10.51
IT/35_PF43_2/35_PF43_2_1.wav,12.7,13.27
IT/35_PF43_2/35_PF43_2_1.wav,16.13,17.02
IT/35_PF43_2/35_PF43_2_1.wav,19.07,19.57
IT/35_PF43_2/35_PF43_2_1.wav,21.66,22.16
IT/35_PF43_2/35_PF43_2_1.wav,23.75,24.27
IT/35_PF43_2/35_PF43_2_1.wav,26.72,27.3
IT/35_PF43_2/35_PF43_2_1.wav,28.98,30.16
IT/35_PF43_2/35_PF43_2_1.wav,31.62,32.14
IT/35_PF43_2/35_PF43_2_1.wav,33.24,33.79
IT/35_PF43_2/35_PF43_2_1.wav,36.49,37.13
IT/35_PF43_2/35_PF43_2_1.wav,47.67,48.16
IT/35_PF43_2/35_PF43_2_1.wav,51.78,52.1
IT/35_PF43_2/35_PF43_2_1.wav,54.37,54.83
IT/35_PF43_2/35_PF43_2_1.wav,57.63,58.04
IT/35_PF43_2/35_PF43_2_1.wav,63.72,64.38
IT/35_PF43_2/35_PF43_2_1.wav,65.83,66.54
IT/35_PF43_2/35_PF43_2_1.wav,73.3,73.75
IT/35_PF43_2/35_PF43_2_1.wav,77.66,78.2
IT/35_PF43_2/35_PF43_2_1.wav,81.16,81.62
IT/35_PF43_2/35_PF43_2_1.wav,82.2,82.49
IT/35_PF43_2/35_PF43_2_1.wav,88.29,88.58
IT/35_PF43_2/35_PF43_2_1.wav,89.97,90.61
IT/35_PF43_2/35_PF43_2_1.wav,91.64,92.08
IT/35_PF43_2/35_PF43_2_1.wav,94.74,95.5
IT/35_PF43_2/35_PF43_2_1.wav,99.76,100.34
IT/35_PF43_2/35_PF43_2_1.wav,102.57,103.0
IT/35_PF43_2/35_PF43_2_1.wav,104.82,105.02
IT/35_PF43_2/35_PF43_2_1.wav,108.79,109.19
IT/35_PF43_2/35_PF43_2_1.wav,109.44,109.84
IT/35_PF43_2/35_PF43_2_1.wav,111.85,112.32
IT/35_PF43_2/35_PF43_2_1.wav,115.68,116.14
IT/35_PF43_2/35_PF43_2_1.wav,118.47,118.68
IT/35_PF43_2/35_PF43_2_1.wav,121.32,121.85
IT/35_PF43_2/35_PF43_2_1.wav,124.65,125.08
IT/35_PF43_2/35_PF43_2_1.wav,126.87,127.38
IT/35_PF43_2/35_PF43_2_1.wav,130.55,132.42
IT/35_PF43_2/35_PF43_2_1.wav,134.7,135.35
IT/35_PF43_2/35_PF43_2_1.wav,141.13,141.66
IT/35_PF43_2/35_PF43_2_1.wav,145.73,146.1
IT/35_PF43_2/35_PF43_2_1.wav,149.35,149.71
IT/35_PF43_2/35_PF43_2_1.wav,152.76,153.18
IT/35_PF43_2/35_PF43_2_1.wav,156.94,157.23
IT/35_PF43_2/35_PF43_2_1.wav,161.19,161.63
IT/35_PF43_2/35_PF43_2_1.wav,166.54,167.81
IT/35_PF43_2/35_PF43_2_1.wav,169.37,170.22
IT/35_PF43_2/35_PF43_2_1.wav,172.36,173.1
IT/35_PF43_2/35_PF43_2_1.wav,180.91,181.31
IT/35_PF43_2/35_PF43_2_1.wav,183.53,184.1
IT/35_PF43_2/35_PF43_2_1.wav,185.26,185.82
IT/35_PF43_2/35_PF43_2_1.wav,189.08,190.03
IT/35_PF43_2/35_PF43_2_1.wav,191.13,191.34
IT/35_PF43_2/35_PF43_2_1.wav,194.1,195.16
IT/35_PF43_2/35_PF43_2_1.wav,197.35,197.66
IT/35_PF43_2/35_PF43_2_1.wav,199.0,199.46
IT/35_PF43_2/35_PF43_2_1.wav,202.91,203.31
IT/35_PF43_2/35_PF43_2_1.wav,207.14,207.7
IT/35_PF43_2/35_PF43_2_1.wav,212.35,212.77
IT/35_PF43_2/35_PF43_2_1.wav,215.5,215.82
IT/35_PF43_2/35_PF43_2_1.wav,220.31,220.84
IT/35_PF43_2/35_PF43_2_1.wav,223.76,224.3
IT/35_PF43_2/35_PF43_2_1.wav,225.7,226.24
IT/35_PF43_2/35_PF43_2_1.wav,226.97,227.51
IT/35_PF43_2/35_PF43_2_1.wav,228.95,229.82
IT/35_PF43_2/35_PF43_2_1.wav,231.5,231.85
IT/35_PF43_2/35_PF43_2_1.wav,236.28,237.01
IT/35_PF43_2/35_PF43_2_1.wav,243.47,243.82
IT/35_PF43_2/35_PF43_2_1.wav,246.44,246.84
IT/35_PF43_2/35_PF43_2_1.wav,250.66,251.15
IT/35_PF43_2/35_PF43_2_1.wav,253.61,254.0
IT/35_PF43_2/35_PF43_2_1.wav,257.54,258.52
IT/35_PF43_2/35_PF43_2_1.wav,264.93,265.38
IT/31_CF55_2/31_CF55_2_3.wav,3.09,3.52
IT/31_CF55_2/31_CF55_2_3.wav,4.12,4.87
IT/31_CF55_2/31_CF55_2_3.wav,8.62,10.25
IT/31_CF55_2/31_CF55_2_3.wav,16.41,16.97
IT/31_CF55_2/31_CF55_2_7.wav,1.49,2.06
IT/31_CF55_2/31_CF55_2_7.wav,4.01,4.57
IT/31_CF55_2/31_CF55_2_7.wav,5.75,6.14
IT/31_CF55_2/31_CF55_2_19.wav,3.11,3.92
IT/31_CF55_2/31_CF55_2_17.wav,0.2,0.57
IT/31_CF55_2/31_CF55_2_17.wav,2.57,3.89
IT/31_CF55_2/31_CF55_2_17.wav,4.99,5.57
IT/31_CF55_2/31_CF55_2_17.wav,5.93,6.67
IT/31_CF55_2/31_CF55_2_13.wav,0.16,0.71
IT/31_CF55_2/31_CF55_2_13.wav,1.59,2.01
IT/31_CF55_2/31_CF55_2_13.wav,3.8,4.74
IT/31_CF55_2/31_CF55_2_13.wav,5.42,5.87
IT/31_CF55_2/31_CF55_2_13.wav,7.07,8.53
IT/31_CF55_2/31_CF55_2_13.wav,9.82,10.6
IT/31_CF55_2/31_CF55_2_13.wav,11.77,12.17
IT/31_CF55_2/31_CF55_2_11.wav,4.49,5.58
IT/31_CF55_2/31_CF55_2_11.wav,8.44,8.64
IT/31_CF55_2/31_CF55_2_11.wav,9.7,10.39
IT/31_CF55_2/31_CF55_2_18.wav,0.97,1.24
IT/31_CF55_2/31_CF55_2_18.wav,2.73,3.32
IT/31_CF55_2/31_CF55_2_18.wav,7.07,8.09
IT/31_CF55_2/31_CF55_2_18.wav,8.97,9.6
IT/31_CF55_2/31_CF55_2_18.wav,15.04,15.42
IT/31_CF55_2/31_CF55_2_4.wav,0.71,1.42
IT/31_CF55_2/31_CF55_2_4.wav,4.42,4.77
IT/31_CF55_2/31_CF55_2_16.wav,1.49,1.77
IT/31_CF55_2/31_CF55_2_16.wav,4.46,5.6
IT/31_CF55_2/31_CF55_2_16.wav,6.28,7.05
IT/31_CF55_2/31_CF55_2_16.wav,8.64,9.39
IT/31_CF55_2/31_CF55_2_16.wav,11.52,12.14
IT/31_CF55_2/31_CF55_2_2.wav,3.36,3.75
IT/31_CF55_2/31_CF55_2_6.wav,0.53,0.77
IT/31_CF55_2/31_CF55_2_1.wav,0.0,0.32
IT/32_CF22_3/32_CF22_3_4.wav,1.75,2.01
IT/32_CF22_3/32_CF22_3_4.wav,8.23,8.5
IT/32_CF22_3/32_CF22_3_4.wav,24.43,24.97
IT/32_CF22_3/32_CF22_3_4.wav,53.91,54.32
IT/32_CF22_3/32_CF22_3_9.wav,4.54,4.86
IT/32_CF22_3/32_CF22_3_9.wav,7.64,7.86
IT/32_CF22_3/32_CF22_3_9.wav,9.96,10.27
IT/32_CF22_3/32_CF22_3_9.wav,18.72,19.06
IT/32_CF22_3/32_CF22_3_9.wav,25.71,25.95
IT/32_CF22_3/32_CF22_3_9.wav,30.16,30.54
IT/32_CF22_3/32_CF22_3_9.wav,36.69,37.01
IT/32_CF22_3/32_CF22_3_6.wav,1.02,1.24
IT/32_CF22_3/32_CF22_3_7.wav,4.62,4.9
IT/32_CF22_3/32_CF22_3_1.wav,6.91,7.21
IT/32_CF22_3/32_CF22_3_1.wav,12.3,12.6
IT/32_CF22_3/32_CF22_3_1.wav,19.46,20.31
IT/32_CF22_3/32_CF22_3_3.wav,5.77,6.01
IT/32_CF22_3/32_CF22_3_3.wav,14.58,14.84
IT/32_CF22_3/32_CF22_3_3.wav,18.22,18.46
IT/57_PM56_2/57_PM56_2_4.wav,2.75,3.53
IT/57_PM56_2/57_PM56_2_2.wav,0.55,1.0
IT/57_PM56_2/57_PM56_2_2.wav,2.57,3.02
IT/57_PM56_2/57_PM56_2_6.wav,4.99,6.13
IT/57_PM56_2/57_PM56_2_6.wav,7.36,7.74
IT/57_PM56_2/57_PM56_2_6.wav,9.11,9.8
IT/57_PM56_2/57_PM56_2_6.wav,12.02,12.62
IT/57_PM56_2/57_PM56_2_1.wav,2.14,4.09
IT/57_PM56_2/57_PM56_2_1.wav,6.41,7.12
IT/57_PM56_2/57_PM56_2_1.wav,9.61,9.93
IT/57_PM56_2/57_PM56_2_1.wav,12.08,12.39
IT/57_PM56_2/57_PM56_2_1.wav,14.23,14.84
IT/57_PM56_2/57_PM56_2_1.wav,18.18,18.85
IT/57_PM56_2/57_PM56_2_1.wav,21.27,22.09
IT/57_PM56_2/57_PM56_2_1.wav,23.91,24.5
IT/57_PM56_2/57_PM56_2_5.wav,6.24,7.16
IT/57_PM56_2/57_PM56_2_5.wav,8.07,9.43
IT/57_PM56_2/57_PM56_2_5.wav,11.89,12.6
IT/57_PM56_2/57_PM56_2_5.wav,15.6,15.93
IT/57_PM56_2/57_PM56_2_5.wav,17.86,18.37
IT/57_PM56_2/57_PM56_2_3.wav,3.16,4.27
IT/57_PM56_2/57_PM56_2_3.wav,7.35,8.18
IT/57_PM56_2/57_PM56_2_3.wav,8.49,9.3
IT/57_PM56_2/57_PM56_2_7.wav,4.61,5.79
IT/57_PM56_2/57_PM56_2_7.wav,11.68,11.99
IT/57_PM56_2/57_PM56_2_7.wav,14.49,14.71
IT/57_PM56_2/57_PM56_2_7.wav,16.2,16.99
IT/57_PM56_2/57_PM56_2_7.wav,19.89,21.07
IT/57_PM56_2/57_PM56_2_7.wav,23.02,23.29
IT/57_PM56_2/57_PM56_2_7.wav,25.37,25.96
IT/57_PM56_2/57_PM56_2_7.wav,27.14,29.77
IT/13_PF58_2/13_PF58_2_3.wav,2.34,2.57
IT/13_PF58_2/13_PF58_2_3.wav,5.78,6.24
IT/13_PF58_2/13_PF58_2_3.wav,7.45,8.53
IT/13_PF58_2/13_PF58_2_5.wav,1.48,1.97
IT/13_PF58_2/13_PF58_2_5.wav,3.21,3.63
IT/13_PF58_2/13_PF58_2_5.wav,6.28,7.18
IT/13_PF58_2/13_PF58_2_5.wav,10.27,11.09
IT/13_PF58_2/13_PF58_2_5.wav,13.13,13.5
IT/13_PF58_2/13_PF58_2_5.wav,18.05,18.26
IT/13_PF58_2/13_PF58_2_5.wav,19.12,19.64
IT/13_PF58_2/13_PF58_2_5.wav,22.8,23.21
IT/13_PF58_2/13_PF58_2_5.wav,27.26,27.85
IT/13_PF58_2/13_PF58_2_5.wav,29.14,29.66
IT/13_PF58_2/13_PF58_2_5.wav,34.13,34.44
IT/13_PF58_2/13_PF58_2_5.wav,36.01,36.65
IT/13_PF58_2/13_PF58_2_5.wav,38.36,38.85
IT/13_PF58_2/13_PF58_2_5.wav,41.38,42.08
IT/13_PF58_2/13_PF58_2_5.wav,43.0,43.49
IT/13_PF58_2/13_PF58_2_5.wav,45.23,46.58
IT/13_PF58_2/13_PF58_2_4.wav,3.29,3.95
IT/13_PF58_2/13_PF58_2_4.wav,4.73,4.96
IT/13_PF58_2/13_PF58_2_4.wav,5.07,5.28
IT/13_PF58_2/13_PF58_2_4.wav,6.02,6.56
IT/13_PF58_2/13_PF58_2_4.wav,10.91,11.46
IT/13_PF58_2/13_PF58_2_4.wav,12.15,12.48
IT/13_PF58_2/13_PF58_2_4.wav,14.2,14.48
IT/13_PF58_2/13_PF58_2_4.wav,16.64,17.5
IT/13_PF58_2/13_PF58_2_1.wav,1.07,2.46
IT/13_PF58_2/13_PF58_2_1.wav,6.01,7.36
IT/13_PF58_2/13_PF58_2_1.wav,12.86,13.39
IT/13_PF58_2/13_PF58_2_1.wav,14.87,15.46
IT/13_PF58_2/13_PF58_2_1.wav,18.04,18.73
IT/13_PF58_2/13_PF58_2_1.wav,23.51,23.75
IT/13_PF58_2/13_PF58_2_1.wav,24.97,25.36
IT/13_PF58_2/13_PF58_2_1.wav,27.41,27.79
IT/13_PF58_2/13_PF58_2_1.wav,31.65,32.29
IT/13_PF58_2/13_PF58_2_1.wav,35.21,36.15
IT/13_PF58_2/13_PF58_2_1.wav,39.69,40.55
IT/13_PF58_2/13_PF58_2_1.wav,40.95,41.47
IT/13_PF58_2/13_PF58_2_1.wav,43.24,43.49
IT/13_PF58_2/13_PF58_2_1.wav,45.65,46.1
IT/13_PF58_2/13_PF58_2_1.wav,51.16,51.67
IT/13_PF58_2/13_PF58_2_1.wav,55.88,56.31
IT/13_PF58_2/13_PF58_2_1.wav,57.59,58.85
IT/13_PF58_2/13_PF58_2_2.wav,1.67,2.06
IT/13_PF58_2/13_PF58_2_2.wav,3.46,4.13
IT/13_PF58_2/13_PF58_2_2.wav,4.94,5.2
IT/13_PF58_2/13_PF58_2_2.wav,9.16,9.89
IT/13_PF58_2/13_PF58_2_2.wav,10.85,11.15
IT/27_CF63_4/27_CF63_4_2.wav,4.7,5.29
IT/27_CF63_4/27_CF63_4_2.wav,12.21,12.48
IT/27_CF63_4/27_CF63_4_2.wav,18.11,18.46
IT/27_CF63_4/27_CF63_4_2.wav,21.26,21.74
IT/27_CF63_4/27_CF63_4_2.wav,23.94,24.33
IT/27_CF63_4/27_CF63_4_2.wav,32.19,32.41
IT/27_CF63_4/27_CF63_4_2.wav,34.49,34.93
IT/27_CF63_4/27_CF63_4_1.wav,5.07,6.05
IT/27_CF63_4/27_CF63_4_1.wav,8.17,8.51
IT/27_CF63_4/27_CF63_4_1.wav,12.16,12.77
IT/27_CF63_4/27_CF63_4_1.wav,16.73,17.27
IT/27_CF63_4/27_CF63_4_1.wav,19.41,19.93
IT/27_CF63_4/27_CF63_4_1.wav,23.56,24.22
IT/27_CF63_4/27_CF63_4_1.wav,26.31,26.91
IT/27_CF63_4/27_CF63_4_1.wav,31.53,32.04
IT/27_CF63_4/27_CF63_4_1.wav,33.19,34.07
IT/27_CF63_4/27_CF63_4_1.wav,35.88,36.47
IT/27_CF63_4/27_CF63_4_1.wav,40.14,40.66
IT/27_CF63_4/27_CF63_4_1.wav,47.32,50.27
IT/27_CF63_4/27_CF63_4_1.wav,61.73,62.06
IT/27_CF63_4/27_CF63_4_1.wav,65.44,65.95
IT/27_CF63_4/27_CF63_4_1.wav,67.51,67.89
IT/27_CF63_4/27_CF63_4_1.wav,70.57,72.4
IT/27_CF63_4/27_CF63_4_1.wav,76.81,77.58
IT/27_CF63_4/27_CF63_4_1.wav,81.35,81.78
IT/27_CF63_4/27_CF63_4_1.wav,86.42,87.1
IT/27_CF63_4/27_CF63_4_1.wav,90.9,91.22
IT/27_CF63_4/27_CF63_4_1.wav,92.64,93.14
IT/27_CF63_4/27_CF63_4_1.wav,96.17,96.67
IT/27_CF63_4/27_CF63_4_1.wav,100.87,102.07
IT/27_CF63_4/27_CF63_4_1.wav,104.1,104.33
IT/27_CF63_4/27_CF63_4_1.wav,106.93,107.24
IT/27_CF63_4/27_CF63_4_4.wav,6.93,7.3
IT/27_CF63_4/27_CF63_4_4.wav,17.42,17.82
IT/33_PM19_3/33_PM19_3_1.wav,4.03,4.23
IT/33_PM19_3/33_PM19_3_1.wav,7.22,7.72
IT/33_PM19_3/33_PM19_3_1.wav,10.12,10.47
IT/33_PM19_3/33_PM19_3_1.wav,15.04,15.37
IT/33_PM19_3/33_PM19_3_1.wav,19.42,19.67
IT/33_PM19_3/33_PM19_3_1.wav,20.87,21.8
IT/33_PM19_3/33_PM19_3_1.wav,22.75,23.34
IT/33_PM19_3/33_PM19_3_1.wav,24.7,25.47
IT/33_PM19_3/33_PM19_3_1.wav,27.85,28.65
IT/33_PM19_3/33_PM19_3_1.wav,32.72,32.95
IT/33_PM19_3/33_PM19_3_1.wav,36.47,37.1
IT/33_PM19_3/33_PM19_3_1.wav,40.12,41.5
IT/33_PM19_3/33_PM19_3_1.wav,42.47,43.54
IT/33_PM19_3/33_PM19_3_7.wav,0.86,1.51
IT/33_PM19_3/33_PM19_3_7.wav,11.54,11.77
IT/33_PM19_3/33_PM19_3_2.wav,2.31,3.35
IT/33_PM19_3/33_PM19_3_2.wav,14.46,14.77
IT/33_PM19_3/33_PM19_3_2.wav,17.49,17.69
IT/33_PM19_3/33_PM19_3_8.wav,1.21,1.76
IT/33_PM19_3/33_PM19_3_8.wav,2.97,3.57
IT/33_PM19_3/33_PM19_3_6.wav,2.94,3.78
IT/33_PM19_3/33_PM19_3_6.wav,5.04,5.39
IT/33_PM19_3/33_PM19_3_6.wav,7.37,7.58
IT/33_PM19_3/33_PM19_3_6.wav,9.78,10.23
IT/33_PM19_3/33_PM19_3_6.wav,11.73,12.02
IT/33_PM19_3/33_PM19_3_6.wav,12.33,12.59
IT/33_PM19_3/33_PM19_3_6.wav,13.62,13.91
IT/33_PM19_3/33_PM19_3_6.wav,14.77,15.2
IT/33_PM19_3/33_PM19_3_6.wav,21.54,21.89
IT/33_PM19_3/33_PM19_3_6.wav,23.27,23.9
IT/33_PM19_3/33_PM19_3_6.wav,24.66,24.87
IT/33_PM19_3/33_PM19_3_6.wav,32.25,33.26
IT/33_PM19_3/33_PM19_3_6.wav,36.44,36.8
IT/33_PM19_3/33_PM19_3_6.wav,38.78,39.09
IT/33_PM19_3/33_PM19_3_4.wav,7.15,7.38
IT/42_PF63_4/42_PF63_4_1.wav,4.62,5.27
IT/42_PF63_4/42_PF63_4_1.wav,7.12,7.54
IT/42_PF63_4/42_PF63_4_1.wav,12.44,12.98
IT/42_PF63_4/42_PF63_4_1.wav,15.28,15.86
IT/42_PF63_4/42_PF63_4_1.wav,18.78,19.35
IT/42_PF63_4/42_PF63_4_1.wav,25.38,25.97
IT/42_PF63_4/42_PF63_4_1.wav,28.95,29.4
IT/42_PF63_4/42_PF63_4_1.wav,34.46,35.06
IT/42_PF63_4/42_PF63_4_1.wav,36.05,37.9
IT/42_PF63_4/42_PF63_4_1.wav,43.45,43.85
IT/42_PF63_4/42_PF63_4_1.wav,47.76,48.53
IT/42_PF63_4/42_PF63_4_1.wav,53.87,54.39
IT/42_PF63_4/42_PF63_4_1.wav,62.49,63.25
IT/42_PF63_4/42_PF63_4_1.wav,67.14,67.68
IT/42_PF63_4/42_PF63_4_1.wav,69.02,69.61
IT/42_PF63_4/42_PF63_4_1.wav,70.67,73.51
IT/42_PF63_4/42_PF63_4_2.wav,0.24,0.53
IT/42_PF63_4/42_PF63_4_2.wav,6.89,7.42
IT/42_PF63_4/42_PF63_4_2.wav,9.53,9.99
IT/42_PF63_4/42_PF63_4_2.wav,12.48,13.02
IT/42_PF63_4/42_PF63_4_2.wav,19.8,20.42
IT/42_PF63_4/42_PF63_4_2.wav,22.05,22.62
IT/42_PF63_4/42_PF63_4_2.wav,23.99,25.58
IT/42_PF63_4/42_PF63_4_2.wav,27.92,28.29
IT/42_PF63_4/42_PF63_4_2.wav,31.45,31.77
IT/42_PF63_4/42_PF63_4_2.wav,35.74,36.13
IT/42_PF63_4/42_PF63_4_2.wav,39.18,40.14
IT/42_PF63_4/42_PF63_4_2.wav,46.38,46.93
IT/70_PF51_1/70_PF51_1_2.wav,1.91,3.45
IT/70_PF51_1/70_PF51_1_5.wav,1.65,2.4
IT/70_PF51_1/70_PF51_1_5.wav,6.88,7.59
IT/70_PF51_1/70_PF51_1_1.wav,2.57,3.79
IT/70_PF51_1/70_PF51_1_1.wav,5.89,6.32
IT/70_PF51_1/70_PF51_1_1.wav,11.07,11.88
IT/70_PF51_1/70_PF51_1_1.wav,16.69,17.19
IT/70_PF51_1/70_PF51_1_1.wav,17.91,19.62
IT/70_PF51_1/70_PF51_1_3.wav,5.67,6.42
IT/70_PF51_1/70_PF51_1_3.wav,7.9,8.51
IT/70_PF51_1/70_PF51_1_3.wav,10.26,10.52
IT/70_PF51_1/70_PF51_1_3.wav,12.24,12.78
IT/70_PF51_1/70_PF51_1_3.wav,14.22,14.64
IT/70_PF51_1/70_PF51_1_3.wav,15.58,17.64
IT/70_PF51_1/70_PF51_1_3.wav,21.55,22.17
IT/45_CF40_3/45_CF40_3_7.wav,8.32,8.85
IT/45_CF40_3/45_CF40_3_7.wav,12.42,12.86
IT/45_CF40_3/45_CF40_3_7.wav,13.47,13.78
IT/45_CF40_3/45_CF40_3_7.wav,17.01,17.41
IT/45_CF40_3/45_CF40_3_7.wav,27.34,27.69
IT/45_CF40_3/45_CF40_3_1.wav,2.16,2.83
IT/45_CF40_3/45_CF40_3_1.wav,5.25,5.92
IT/45_CF40_3/45_CF40_3_1.wav,7.74,9.38
IT/45_CF40_3/45_CF40_3_2.wav,4.42,5.45
IT/45_CF40_3/45_CF40_3_9.wav,2.32,3.1
IT/45_CF40_3/45_CF40_3_9.wav,10.75,11.21
IT/45_CF40_3/45_CF40_3_9.wav,21.61,22.19
IT/45_CF40_3/45_CF40_3_9.wav,33.36,34.72
IT/45_CF40_3/45_CF40_3_9.wav,36.66,37.11
IT/45_CF40_3/45_CF40_3_9.wav,45.57,45.98
IT/45_CF40_3/45_CF40_3_8.wav,1.53,2.13
IT/45_CF40_3/45_CF40_3_8.wav,7.97,8.44
IT/45_CF40_3/45_CF40_3_8.wav,10.62,10.85
IT/45_CF40_3/45_CF40_3_8.wav,15.79,16.2
IT/45_CF40_3/45_CF40_3_8.wav,23.21,23.58
IT/45_CF40_3/45_CF40_3_8.wav,25.27,25.66
IT/45_CF40_3/45_CF40_3_8.wav,34.15,34.63
IT/45_CF40_3/45_CF40_3_3.wav,1.83,2.92
IT/45_CF40_3/45_CF40_3_6.wav,4.47,5.32
IT/45_CF40_3/45_CF40_3_6.wav,15.49,15.79
IT/45_CF40_3/45_CF40_3_6.wav,20.68,21.12
IT/45_CF40_3/45_CF40_3_5.wav,0.57,1.1
IT/45_CF40_3/45_CF40_3_5.wav,12.49,13.1
IT/45_CF40_3/45_CF40_3_5.wav,13.89,14.63
IT/45_CF40_3/45_CF40_3_5.wav,17.92,18.39
IT/45_CF40_3/45_CF40_3_5.wav,21.21,21.62
IT/45_CF40_3/45_CF40_3_5.wav,23.55,24.05
IT/45_CF40_3/45_CF40_3_4.wav,0.33,1.07
IT/45_CF40_3/45_CF40_3_4.wav,5.51,6.13
IT/45_CF40_3/45_CF40_3_4.wav,7.76,8.78
IT/45_CF40_3/45_CF40_3_4.wav,11.69,12.21
IT/45_CF40_3/45_CF40_3_4.wav,18.2,18.67
IT/38_CM27_3/38_CM27_3_11.wav,2.92,3.41
IT/38_CM27_3/38_CM27_3_2.wav,1.9,2.2
IT/38_CM27_3/38_CM27_3_2.wav,2.71,3.44
IT/38_CM27_3/38_CM27_3_2.wav,6.11,6.6
IT/38_CM27_3/38_CM27_3_2.wav,8.16,9.5
IT/38_CM27_3/38_CM27_3_2.wav,11.34,11.86
IT/38_CM27_3/38_CM27_3_8.wav,4.42,5.66
IT/38_CM27_3/38_CM27_3_8.wav,9.74,11.12
IT/38_CM27_3/38_CM27_3_8.wav,12.22,12.71
IT/38_CM27_3/38_CM27_3_1.wav,3.8,4.15
IT/38_CM27_3/38_CM27_3_1.wav,5.26,5.47
IT/38_CM27_3/38_CM27_3_1.wav,6.3,7.01
IT/38_CM27_3/38_CM27_3_1.wav,8.95,9.32
IT/38_CM27_3/38_CM27_3_5.wav,6.22,6.83
IT/38_CM27_3/38_CM27_3_5.wav,9.31,9.75
IT/38_CM27_3/38_CM27_3_5.wav,13.37,13.98
IT/38_CM27_3/38_CM27_3_5.wav,15.11,15.33
IT/38_CM27_3/38_CM27_3_5.wav,15.56,16.43
IT/38_CM27_3/38_CM27_3_5.wav,17.64,18.36
IT/38_CM27_3/38_CM27_3_5.wav,19.6,20.81
IT/38_CM27_3/38_CM27_3_5.wav,25.52,25.93
IT/38_CM27_3/38_CM27_3_5.wav,27.18,27.69
IT/38_CM27_3/38_CM27_3_5.wav,29.89,30.28
IT/38_CM27_3/38_CM27_3_5.wav,30.69,30.89
IT/38_CM27_3/38_CM27_3_3.wav,4.46,5.24
IT/38_CM27_3/38_CM27_3_3.wav,11.96,12.46
IT/38_CM27_3/38_CM27_3_3.wav,13.43,14.37
IT/38_CM27_3/38_CM27_3_3.wav,18.7,19.07
IT/38_CM27_3/38_CM27_3_3.wav,21.8,22.11
IT/38_CM27_3/38_CM27_3_3.wav,22.89,23.33
IT/38_CM27_3/38_CM27_3_3.wav,25.31,25.54
IT/38_CM27_3/38_CM27_3_3.wav,27.55,29.41
IT/38_CM27_3/38_CM27_3_3.wav,29.92,30.82
IT/38_CM27_3/38_CM27_3_13.wav,3.8,4.9
IT/38_CM27_3/38_CM27_3_13.wav,8.45,8.78
IT/38_CM27_3/38_CM27_3_6.wav,4.49,4.69
IT/38_CM27_3/38_CM27_3_6.wav,8.83,9.29
IT/38_CM27_3/38_CM27_3_6.wav,10.38,11.17
IT/38_CM27_3/38_CM27_3_6.wav,13.78,14.48
IT/38_CM27_3/38_CM27_3_6.wav,20.27,20.82
IT/38_CM27_3/38_CM27_3_6.wav,27.76,28.15
IT/38_CM27_3/38_CM27_3_6.wav,33.48,33.92
IT/38_CM27_3/38_CM27_3_6.wav,37.94,38.33
IT/38_CM27_3/38_CM27_3_6.wav,39.79,40.41
IT/38_CM27_3/38_CM27_3_6.wav,40.82,41.03
IT/38_CM27_3/38_CM27_3_6.wav,43.22,43.6
IT/38_CM27_3/38_CM27_3_6.wav,46.98,47.69
IT/38_CM27_3/38_CM27_3_6.wav,51.58,52.1
IT/38_CM27_3/38_CM27_3_6.wav,53.48,54.11
IT/38_CM27_3/38_CM27_3_6.wav,55.38,55.68
IT/38_CM27_3/38_CM27_3_6.wav,57.1,58.17
IT/38_CM27_3/38_CM27_3_6.wav,67.22,67.87
IT/38_CM27_3/38_CM27_3_7.wav,2.31,2.74
IT/38_CM27_3/38_CM27_3_7.wav,5.33,5.96
IT/38_CM27_3/38_CM27_3_7.wav,7.64,7.94
IT/38_CM27_3/38_CM27_3_14.wav,2.76,3.88
IT/38_CM27_3/38_CM27_3_14.wav,5.51,7.59
IT/38_CM27_3/38_CM27_3_14.wav,8.04,9.97
IT/38_CM27_3/38_CM27_3_10.wav,1.83,2.94
IT/38_CM27_3/38_CM27_3_10.wav,3.48,4.05
IT/38_CM27_3/38_CM27_3_10.wav,4.81,5.31
IT/38_CM27_3/38_CM27_3_10.wav,7.03,7.4
IT/38_CM27_3/38_CM27_3_10.wav,8.28,8.71
IT/38_CM27_3/38_CM27_3_10.wav,12.95,13.67
IT/38_CM27_3/38_CM27_3_12.wav,1.08,1.71
IT/38_CM27_3/38_CM27_3_12.wav,2.19,2.7
IT/38_CM27_3/38_CM27_3_12.wav,3.7,3.98
IT/38_CM27_3/38_CM27_3_4.wav,4.09,4.29
IT/46_PF44_2/46_PF44_2_3.wav,3.24,7.99
IT/46_PF44_2/46_PF44_2_2.wav,2.13,3.82
IT/46_PF44_2/46_PF44_2_2.wav,5.22,5.93
IT/46_PF44_2/46_PF44_2_2.wav,6.89,7.18
IT/46_PF44_2/46_PF44_2_2.wav,9.17,10.19
IT/46_PF44_2/46_PF44_2_2.wav,12.6,14.33
IT/46_PF44_2/46_PF44_2_2.wav,16.48,17.43
IT/46_PF44_2/46_PF44_2_2.wav,18.5,19.74
IT/46_PF44_2/46_PF44_2_2.wav,21.52,22.3
IT/46_PF44_2/46_PF44_2_6.wav,3.02,3.33
IT/19_PF43_2/19_PF43_2_1.wav,7.74,8.17
IT/19_PF43_2/19_PF43_2_1.wav,14.01,14.58
IT/19_PF43_2/19_PF43_2_1.wav,21.34,21.81
IT/19_PF43_2/19_PF43_2_1.wav,23.82,24.13
IT/19_PF43_2/19_PF43_2_1.wav,26.06,26.89
IT/19_PF43_2/19_PF43_2_1.wav,27.92,28.16
IT/19_PF43_2/19_PF43_2_1.wav,32.05,33.43
IT/19_PF43_2/19_PF43_2_1.wav,38.3,38.72
IT/19_PF43_2/19_PF43_2_1.wav,41.5,42.04
IT/19_PF43_2/19_PF43_2_1.wav,45.51,46.39
IT/19_PF43_2/19_PF43_2_1.wav,49.44,50.78
IT/19_PF43_2/19_PF43_2_1.wav,53.8,54.29
IT/19_PF43_2/19_PF43_2_1.wav,55.13,55.34
IT/19_PF43_2/19_PF43_2_1.wav,56.91,57.12
IT/19_PF43_2/19_PF43_2_1.wav,59.31,59.68
IT/19_PF43_2/19_PF43_2_1.wav,61.06,61.62
IT/19_PF43_2/19_PF43_2_1.wav,66.16,66.82
IT/19_PF43_2/19_PF43_2_1.wav,70.08,70.57
IT/19_PF43_2/19_PF43_2_1.wav,74.99,75.35
IT/19_PF43_2/19_PF43_2_1.wav,76.36,77.47
IT/19_PF43_2/19_PF43_2_1.wav,78.18,78.54
IT/19_PF43_2/19_PF43_2_1.wav,81.07,82.06
IT/19_PF43_2/19_PF43_2_1.wav,84.28,85.09
IT/19_PF43_2/19_PF43_2_1.wav,85.97,86.29
IT/19_PF43_2/19_PF43_2_1.wav,91.9,92.29
IT/19_PF43_2/19_PF43_2_1.wav,99.29,99.67
IT/19_PF43_2/19_PF43_2_1.wav,103.78,104.35
IT/19_PF43_2/19_PF43_2_2.wav,2.52,2.78
IT/19_PF43_2/19_PF43_2_2.wav,5.66,6.18
IT/19_PF43_2/19_PF43_2_2.wav,9.6,10.39
IT/19_PF43_2/19_PF43_2_2.wav,13.6,13.86
IT/19_PF43_2/19_PF43_2_2.wav,14.67,14.99
IT/19_PF43_2/19_PF43_2_2.wav,19.12,19.36
IT/19_PF43_2/19_PF43_2_2.wav,28.11,28.83
IT/19_PF43_2/19_PF43_2_2.wav,31.55,32.11
IT/19_PF43_2/19_PF43_2_2.wav,35.03,35.31
IT/19_PF43_2/19_PF43_2_2.wav,38.25,38.7
IT/19_PF43_2/19_PF43_2_2.wav,45.17,45.69
IT/19_PF43_2/19_PF43_2_2.wav,50.63,51.02
IT/19_PF43_2/19_PF43_2_2.wav,53.14,53.63
IT/19_PF43_2/19_PF43_2_2.wav,60.57,60.84
IT/19_PF43_2/19_PF43_2_2.wav,62.59,63.29
IT/19_PF43_2/19_PF43_2_2.wav,72.0,72.26
IT/22_PF40_3/22_PF40_3_2.wav,4.1,4.55
IT/22_PF40_3/22_PF40_3_2.wav,15.74,16.06
IT/22_PF40_3/22_PF40_3_6.wav,2.62,3.49
IT/22_PF40_3/22_PF40_3_6.wav,11.62,12.43
IT/22_PF40_3/22_PF40_3_6.wav,14.9,15.21
IT/22_PF40_3/22_PF40_3_6.wav,20.69,21.07
IT/22_PF40_3/22_PF40_3_6.wav,25.37,25.84
IT/22_PF40_3/22_PF40_3_6.wav,30.98,31.53
IT/22_PF40_3/22_PF40_3_6.wav,37.76,38.51
IT/22_PF40_3/22_PF40_3_6.wav,43.34,43.64
IT/22_PF40_3/22_PF40_3_6.wav,46.62,47.34
IT/22_PF40_3/22_PF40_3_6.wav,51.15,53.03
IT/22_PF40_3/22_PF40_3_5.wav,2.44,2.73
IT/22_PF40_3/22_PF40_3_5.wav,14.05,14.44
IT/22_PF40_3/22_PF40_3_1.wav,4.7,5.52
IT/22_PF40_3/22_PF40_3_1.wav,7.12,7.75
IT/22_PF40_3/22_PF40_3_1.wav,10.52,11.18
IT/22_PF40_3/22_PF40_3_1.wav,15.38,15.77
IT/22_PF40_3/22_PF40_3_1.wav,21.11,22.24
IT/22_PF40_3/22_PF40_3_1.wav,26.8,27.08
IT/22_PF40_3/22_PF40_3_1.wav,30.32,30.62
IT/22_PF40_3/22_PF40_3_1.wav,33.06,33.29
IT/22_PF40_3/22_PF40_3_1.wav,37.3,37.98
IT/22_PF40_3/22_PF40_3_1.wav,39.2,39.8
IT/22_PF40_3/22_PF40_3_3.wav,9.72,10.02
IT/22_PF40_3/22_PF40_3_3.wav,11.84,12.16
IT/22_PF40_3/22_PF40_3_4.wav,1.04,1.29
IT/59_PF36_x/59_PF36_x_1.wav,5.32,6.08
IT/59_PF36_x/59_PF36_x_1.wav,11.2,12.23
IT/59_PF36_x/59_PF36_x_1.wav,16.73,17.45
IT/59_PF36_x/59_PF36_x_1.wav,17.8,18.4
IT/59_PF36_x/59_PF36_x_1.wav,19.22,19.63
IT/59_PF36_x/59_PF36_x_1.wav,26.48,26.79
IT/59_PF36_x/59_PF36_x_1.wav,28.68,29.13
IT/59_PF36_x/59_PF36_x_1.wav,31.49,31.83
IT/59_PF36_x/59_PF36_x_1.wav,33.56,34.23
IT/59_PF36_x/59_PF36_x_1.wav,36.05,36.65
IT/59_PF36_x/59_PF36_x_1.wav,39.08,40.03
IT/59_PF36_x/59_PF36_x_1.wav,41.57,42.34
IT/59_PF36_x/59_PF36_x_1.wav,46.57,47.3
IT/59_PF36_x/59_PF36_x_1.wav,53.81,54.52
IT/59_PF36_x/59_PF36_x_1.wav,55.72,56.66
IT/59_PF36_x/59_PF36_x_1.wav,57.55,57.94
IT/59_PF36_x/59_PF36_x_1.wav,58.97,59.72
IT/59_PF36_x/59_PF36_x_1.wav,65.3,66.28
IT/59_PF36_x/59_PF36_x_1.wav,68.53,69.25
IT/59_PF36_x/59_PF36_x_1.wav,72.93,73.73
IT/59_PF36_x/59_PF36_x_1.wav,80.61,80.95
IT/59_PF36_x/59_PF36_x_1.wav,82.03,82.71
IT/59_PF36_x/59_PF36_x_1.wav,83.95,84.39
IT/59_PF36_x/59_PF36_x_1.wav,85.35,86.08
IT/59_PF36_x/59_PF36_x_1.wav,87.68,88.7
IT/59_PF36_x/59_PF36_x_1.wav,89.71,90.35
IT/59_PF36_x/59_PF36_x_1.wav,91.38,92.46
IT/59_PF36_x/59_PF36_x_2.wav,3.04,3.68
IT/59_PF36_x/59_PF36_x_2.wav,7.81,8.08
IT/59_PF36_x/59_PF36_x_2.wav,13.17,13.85
IT/59_PF36_x/59_PF36_x_2.wav,20.6,21.58
IT/59_PF36_x/59_PF36_x_2.wav,23.35,23.62
IT/59_PF36_x/59_PF36_x_2.wav,27.56,28.12
IT/59_PF36_x/59_PF36_x_2.wav,31.88,32.47
IT/59_PF36_x/59_PF36_x_2.wav,34.57,35.28
IT/59_PF36_x/59_PF36_x_2.wav,36.18,36.54
IT/59_PF36_x/59_PF36_x_2.wav,39.91,40.53
IT/59_PF36_x/59_PF36_x_2.wav,46.68,47.21
IT/59_PF36_x/59_PF36_x_2.wav,51.53,52.13
IT/59_PF36_x/59_PF36_x_2.wav,54.79,55.66
IT/59_PF36_x/59_PF36_x_2.wav,57.13,57.61
IT/59_PF36_x/59_PF36_x_2.wav,63.65,64.29
IT/59_PF36_x/59_PF36_x_2.wav,67.25,67.69
IT/59_PF36_x/59_PF36_x_2.wav,70.98,71.24
IT/59_PF36_x/59_PF36_x_2.wav,72.87,74.02
IT/59_PF36_x/59_PF36_x_2.wav,83.05,83.78
IT/59_PF36_x/59_PF36_x_2.wav,89.62,90.19
IT/59_PF36_x/59_PF36_x_2.wav,95.25,96.07
IT/59_PF36_x/59_PF36_x_2.wav,98.26,98.67
IT/59_PF36_x/59_PF36_x_2.wav,99.32,99.61
IT/59_PF36_x/59_PF36_x_2.wav,101.59,102.25
IT/59_PF36_x/59_PF36_x_2.wav,102.63,102.85
IT/59_PF36_x/59_PF36_x_2.wav,104.68,105.24
IT/59_PF36_x/59_PF36_x_2.wav,107.53,108.13
IT/59_PF36_x/59_PF36_x_2.wav,110.69,111.71
IT/59_PF36_x/59_PF36_x_2.wav,113.31,113.53
IT/59_PF36_x/59_PF36_x_2.wav,116.3,116.51
IT/59_PF36_x/59_PF36_x_2.wav,120.42,120.98
IT/59_PF36_x/59_PF36_x_2.wav,128.41,128.84
IT/59_PF36_x/59_PF36_x_2.wav,134.1,134.52
IT/59_PF36_x/59_PF36_x_2.wav,139.02,139.85
IT/59_PF36_x/59_PF36_x_2.wav,146.01,146.84
IT/59_PF36_x/59_PF36_x_2.wav,149.98,150.96
IT/59_PF36_x/59_PF36_x_2.wav,151.93,152.53
IT/59_PF36_x/59_PF36_x_3.wav,0.45,0.71
IT/59_PF36_x/59_PF36_x_3.wav,4.5,4.95
IT/59_PF36_x/59_PF36_x_3.wav,9.69,10.0
IT/59_PF36_x/59_PF36_x_3.wav,13.76,14.16
IT/59_PF36_x/59_PF36_x_3.wav,16.71,17.57
IT/59_PF36_x/59_PF36_x_3.wav,20.07,21.71
IT/59_PF36_x/59_PF36_x_3.wav,23.67,24.39
IT/59_PF36_x/59_PF36_x_3.wav,25.7,26.08
IT/24_CM63_3/24_CM63_3_2.wav,2.63,3.05
IT/24_CM63_3/24_CM63_3_2.wav,8.94,9.31
IT/24_CM63_3/24_CM63_3_2.wav,14.64,15.17
IT/24_CM63_3/24_CM63_3_2.wav,21.47,22.19
IT/24_CM63_3/24_CM63_3_2.wav,32.03,32.64
IT/24_CM63_3/24_CM63_3_2.wav,39.74,40.1
IT/24_CM63_3/24_CM63_3_2.wav,41.46,42.02
IT/24_CM63_3/24_CM63_3_2.wav,45.98,46.49
IT/24_CM63_3/24_CM63_3_2.wav,51.51,52.09
IT/24_CM63_3/24_CM63_3_2.wav,55.81,56.43
IT/24_CM63_3/24_CM63_3_2.wav,57.32,57.96
IT/24_CM63_3/24_CM63_3_2.wav,63.34,63.73
IT/24_CM63_3/24_CM63_3_2.wav,64.86,65.31
IT/24_CM63_3/24_CM63_3_2.wav,70.12,70.66
IT/24_CM63_3/24_CM63_3_2.wav,76.09,76.55
IT/24_CM63_3/24_CM63_3_2.wav,81.65,81.95
IT/24_CM63_3/24_CM63_3_2.wav,83.94,84.33
IT/24_CM63_3/24_CM63_3_2.wav,86.05,86.51
IT/24_CM63_3/24_CM63_3_2.wav,90.36,90.93
IT/24_CM63_3/24_CM63_3_1.wav,8.97,9.44
IT/24_CM63_3/24_CM63_3_1.wav,11.97,12.87
IT/24_CM63_3/24_CM63_3_1.wav,18.93,19.55
IT/24_CM63_3/24_CM63_3_1.wav,21.9,22.3
IT/24_CM63_3/24_CM63_3_1.wav,27.89,28.66
IT/24_CM63_3/24_CM63_3_1.wav,31.49,31.85
IT/24_CM63_3/24_CM63_3_1.wav,33.07,33.7
IT/24_CM63_3/24_CM63_3_1.wav,35.14,36.01
IT/24_CM63_3/24_CM63_3_3.wav,3.7,4.21
IT/24_CM63_3/24_CM63_3_3.wav,10.37,10.74
IT/24_CM63_3/24_CM63_3_3.wav,13.28,13.74
IT/24_CM63_3/24_CM63_3_3.wav,16.08,16.41
IT/24_CM63_3/24_CM63_3_3.wav,20.0,20.76
IT/24_CM63_3/24_CM63_3_3.wav,23.59,23.96
IT/24_CM63_3/24_CM63_3_3.wav,26.21,26.65
IT/24_CM63_3/24_CM63_3_3.wav,30.83,31.26
IT/24_CM63_3/24_CM63_3_3.wav,33.09,33.61
IT/24_CM63_3/24_CM63_3_3.wav,38.1,38.67
IT/24_CM63_3/24_CM63_3_3.wav,43.0,43.56
IT/24_CM63_3/24_CM63_3_3.wav,50.65,51.7
IT/24_CM63_3/24_CM63_3_3.wav,59.04,59.54
IT/24_CM63_3/24_CM63_3_3.wav,63.13,63.66
IT/58_PM43_3/58_PM43_3_2.wav,0.29,0.81
IT/58_PM43_3/58_PM43_3_2.wav,3.45,4.18
IT/58_PM43_3/58_PM43_3_2.wav,5.57,6.73
IT/58_PM43_3/58_PM43_3_1.wav,3.29,3.87
IT/58_PM43_3/58_PM43_3_1.wav,5.14,5.7
IT/58_PM43_3/58_PM43_3_1.wav,8.43,9.16
IT/58_PM43_3/58_PM43_3_1.wav,13.14,13.62
IT/58_PM43_3/58_PM43_3_1.wav,16.06,16.74
IT/58_PM43_3/58_PM43_3_1.wav,17.77,18.66
IT/58_PM43_3/58_PM43_3_1.wav,20.54,21.09
IT/58_PM43_3/58_PM43_3_1.wav,22.37,23.09
IT/58_PM43_3/58_PM43_3_1.wav,26.02,26.74
IT/58_PM43_3/58_PM43_3_1.wav,27.55,27.94
IT/58_PM43_3/58_PM43_3_1.wav,29.85,30.9
IT/58_PM43_3/58_PM43_3_1.wav,32.76,33.32
IT/58_PM43_3/58_PM43_3_1.wav,34.83,35.25
IT/58_PM43_3/58_PM43_3_5.wav,3.64,4.27
IT/58_PM43_3/58_PM43_3_5.wav,5.38,6.46
IT/58_PM43_3/58_PM43_3_5.wav,8.18,8.74
IT/58_PM43_3/58_PM43_3_5.wav,11.33,11.94
IT/58_PM43_3/58_PM43_3_5.wav,15.08,15.53
IT/58_PM43_3/58_PM43_3_5.wav,18.02,18.75
IT/58_PM43_3/58_PM43_3_5.wav,24.43,25.02
IT/58_PM43_3/58_PM43_3_5.wav,26.1,27.03
IT/58_PM43_3/58_PM43_3_5.wav,30.83,31.34
IT/58_PM43_3/58_PM43_3_5.wav,35.7,36.96
IT/58_PM43_3/58_PM43_3_5.wav,37.86,39.18
IT/58_PM43_3/58_PM43_3_5.wav,41.58,42.08
IT/58_PM43_3/58_PM43_3_5.wav,44.13,44.6
IT/58_PM43_3/58_PM43_3_5.wav,45.4,46.09
IT/58_PM43_3/58_PM43_3_5.wav,48.79,49.01
IT/58_PM43_3/58_PM43_3_5.wav,50.93,51.61
IT/58_PM43_3/58_PM43_3_5.wav,53.64,54.57
IT/58_PM43_3/58_PM43_3_5.wav,57.04,57.53
IT/58_PM43_3/58_PM43_3_5.wav,58.74,59.5
IT/58_PM43_3/58_PM43_3_5.wav,60.95,61.53
IT/58_PM43_3/58_PM43_3_5.wav,62.7,63.4
IT/58_PM43_3/58_PM43_3_5.wav,65.3,65.92
IT/58_PM43_3/58_PM43_3_5.wav,66.55,68.46
IT/58_PM43_3/58_PM43_3_5.wav,70.4,70.85
IT/58_PM43_3/58_PM43_3_5.wav,73.21,73.73
IT/58_PM43_3/58_PM43_3_5.wav,74.67,75.15
IT/58_PM43_3/58_PM43_3_5.wav,77.27,77.97
IT/58_PM43_3/58_PM43_3_5.wav,79.84,80.27
IT/58_PM43_3/58_PM43_3_5.wav,82.07,82.76
IT/58_PM43_3/58_PM43_3_5.wav,83.68,84.04
IT/58_PM43_3/58_PM43_3_5.wav,85.42,86.57
IT/58_PM43_3/58_PM43_3_5.wav,87.6,89.56
IT/58_PM43_3/58_PM43_3_5.wav,91.26,91.8
IT/58_PM43_3/58_PM43_3_5.wav,92.95,93.6
IT/58_PM43_3/58_PM43_3_5.wav,96.12,96.5
IT/58_PM43_3/58_PM43_3_5.wav,97.5,98.92
IT/58_PM43_3/58_PM43_3_5.wav,99.87,100.55
IT/58_PM43_3/58_PM43_3_5.wav,102.85,103.78
IT/58_PM43_3/58_PM43_3_5.wav,104.46,104.87
IT/58_PM43_3/58_PM43_3_5.wav,106.7,107.28
IT/58_PM43_3/58_PM43_3_5.wav,108.57,110.22
IT/58_PM43_3/58_PM43_3_5.wav,112.54,113.76
IT/58_PM43_3/58_PM43_3_3.wav,1.16,1.76
IT/58_PM43_3/58_PM43_3_3.wav,4.31,5.09
IT/58_PM43_3/58_PM43_3_3.wav,6.33,7.25
IT/58_PM43_3/58_PM43_3_3.wav,10.94,11.77
IT/58_PM43_3/58_PM43_3_3.wav,13.02,13.93
IT/58_PM43_3/58_PM43_3_3.wav,16.45,17.35
IT/58_PM43_3/58_PM43_3_3.wav,18.05,19.46
IT/58_PM43_3/58_PM43_3_3.wav,22.35,22.98
IT/58_PM43_3/58_PM43_3_4.wav,0.94,4.04
IT/20_CM51_3/20_CM51_3_4.wav,3.16,3.63
IT/20_CM51_3/20_CM51_3_4.wav,5.62,6.07
IT/20_CM51_3/20_CM51_3_4.wav,8.66,8.99
IT/20_CM51_3/20_CM51_3_4.wav,12.44,12.78
IT/20_CM51_3/20_CM51_3_4.wav,15.65,16.18
IT/20_CM51_3/20_CM51_3_4.wav,18.62,19.28
IT/20_CM51_3/20_CM51_3_4.wav,21.65,21.86
IT/20_CM51_3/20_CM51_3_2.wav,3.1,3.49
IT/20_CM51_3/20_CM51_3_2.wav,5.29,5.49
IT/20_CM51_3/20_CM51_3_2.wav,8.49,8.93
IT/20_CM51_3/20_CM51_3_2.wav,11.41,11.87
IT/20_CM51_3/20_CM51_3_2.wav,13.46,13.81
IT/20_CM51_3/20_CM51_3_2.wav,15.8,16.23
IT/20_CM51_3/20_CM51_3_2.wav,17.78,18.09
IT/20_CM51_3/20_CM51_3_2.wav,18.82,19.14
IT/20_CM51_3/20_CM51_3_2.wav,20.63,21.35
IT/20_CM51_3/20_CM51_3_2.wav,21.88,22.2
IT/20_CM51_3/20_CM51_3_2.wav,24.96,25.18
IT/20_CM51_3/20_CM51_3_2.wav,27.54,28.01
IT/20_CM51_3/20_CM51_3_2.wav,28.67,28.98
IT/20_CM51_3/20_CM51_3_2.wav,30.41,30.84
IT/20_CM51_3/20_CM51_3_2.wav,34.73,35.13
IT/20_CM51_3/20_CM51_3_2.wav,38.46,38.94
IT/20_CM51_3/20_CM51_3_2.wav,41.97,42.65
IT/20_CM51_3/20_CM51_3_2.wav,49.48,49.98
IT/20_CM51_3/20_CM51_3_2.wav,51.3,51.7
IT/20_CM51_3/20_CM51_3_2.wav,54.48,55.0
IT/20_CM51_3/20_CM51_3_2.wav,56.82,57.27
IT/20_CM51_3/20_CM51_3_2.wav,58.51,58.87
IT/20_CM51_3/20_CM51_3_2.wav,62.27,63.07
IT/20_CM51_3/20_CM51_3_2.wav,68.32,68.58
IT/20_CM51_3/20_CM51_3_2.wav,68.63,69.5
IT/20_CM51_3/20_CM51_3_2.wav,74.64,75.14
IT/20_CM51_3/20_CM51_3_2.wav,79.3,79.91
IT/20_CM51_3/20_CM51_3_2.wav,86.41,87.1
IT/20_CM51_3/20_CM51_3_3.wav,2.27,2.55
IT/20_CM51_3/20_CM51_3_3.wav,6.56,7.27
IT/20_CM51_3/20_CM51_3_3.wav,13.02,13.45
IT/20_CM51_3/20_CM51_3_3.wav,16.46,16.85
IT/20_CM51_3/20_CM51_3_3.wav,18.57,18.95
IT/20_CM51_3/20_CM51_3_3.wav,19.66,20.54
IT/20_CM51_3/20_CM51_3_3.wav,26.98,27.25
IT/20_CM51_3/20_CM51_3_3.wav,28.7,28.91
IT/20_CM51_3/20_CM51_3_3.wav,30.19,30.54
IT/20_CM51_3/20_CM51_3_1.wav,5.49,6.87
IT/20_CM51_3/20_CM51_3_1.wav,8.93,9.58
IT/20_CM51_3/20_CM51_3_1.wav,12.94,13.36
IT/20_CM51_3/20_CM51_3_1.wav,18.01,18.55
IT/20_CM51_3/20_CM51_3_1.wav,23.07,23.33
IT/20_CM51_3/20_CM51_3_1.wav,25.52,25.94
IT/20_CM51_3/20_CM51_3_1.wav,27.72,28.32
IT/20_CM51_3/20_CM51_3_1.wav,31.42,31.95
IT/20_CM51_3/20_CM51_3_1.wav,35.74,36.01
IT/20_CM51_3/20_CM51_3_1.wav,42.97,43.47
IT/20_CM51_3/20_CM51_3_1.wav,48.44,48.69
IT/20_CM51_3/20_CM51_3_1.wav,50.63,50.98
IT/20_CM51_3/20_CM51_3_1.wav,56.14,56.38
IT/20_CM51_3/20_CM51_3_1.wav,58.3,58.79
IT/20_CM51_3/20_CM51_3_1.wav,63.73,64.12
IT/20_CM51_3/20_CM51_3_1.wav,68.19,68.85
IT/20_CM51_3/20_CM51_3_1.wav,73.44,73.81
IT/20_CM51_3/20_CM51_3_1.wav,78.11,78.46
IT/20_CM51_3/20_CM51_3_1.wav,80.88,81.23
IT/20_CM51_3/20_CM51_3_1.wav,86.97,87.51
IT/20_CM51_3/20_CM51_3_1.wav,91.48,91.9
IT/20_CM51_3/20_CM51_3_1.wav,95.14,95.56
IT/20_CM51_3/20_CM51_3_1.wav,99.34,99.74
IT/20_CM51_3/20_CM51_3_1.wav,101.97,102.83
IT/20_CM51_3/20_CM51_3_1.wav,104.04,104.41
IT/20_CM51_3/20_CM51_3_1.wav,107.7,108.06
IT/03_CF30_3/03_CF30_3_10.wav,1.33,1.62
IT/03_CF30_3/03_CF30_3_10.wav,5.27,5.48
IT/03_CF30_3/03_CF30_3_10.wav,5.97,6.54
IT/03_CF30_3/03_CF30_3_2.wav,0.64,1.39
IT/03_CF30_3/03_CF30_3_1.wav,0.8,1.38
IT/03_CF30_3/03_CF30_3_1.wav,4.62,6.3
IT/03_CF30_3/03_CF30_3_1.wav,9.01,9.27
IT/03_CF30_3/03_CF30_3_1.wav,10.88,11.24
IT/03_CF30_3/03_CF30_3_1.wav,12.1,12.56
IT/03_CF30_3/03_CF30_3_1.wav,13.82,14.86
IT/03_CF30_3/03_CF30_3_1.wav,21.6,22.99
IT/03_CF30_3/03_CF30_3_1.wav,27.46,28.43
IT/03_CF30_3/03_CF30_3_1.wav,31.02,31.3
IT/03_CF30_3/03_CF30_3_9.wav,5.99,6.33
IT/03_CF30_3/03_CF30_3_9.wav,10.83,11.03
IT/03_CF30_3/03_CF30_3_9.wav,13.22,13.63
IT/03_CF30_3/03_CF30_3_9.wav,23.85,24.5
IT/03_CF30_3/03_CF30_3_9.wav,25.98,26.41
IT/03_CF30_3/03_CF30_3_9.wav,30.38,30.74
IT/03_CF30_3/03_CF30_3_6.wav,0.75,1.04
IT/03_CF30_3/03_CF30_3_6.wav,2.87,3.37
IT/03_CF30_3/03_CF30_3_8.wav,2.02,2.78
IT/03_CF30_3/03_CF30_3_8.wav,7.72,8.17
IT/03_CF30_3/03_CF30_3_4.wav,4.2,5.52
IT/03_CF30_3/03_CF30_3_4.wav,8.2,9.6
IT/03_CF30_3/03_CF30_3_13.wav,11.66,12.24
IT/03_CF30_3/03_CF30_3_7.wav,2.2,2.67
IT/03_CF30_3/03_CF30_3_11.wav,3.47,3.72
IT/03_CF30_3/03_CF30_3_11.wav,4.33,5.4
IT/03_CF30_3/03_CF30_3_11.wav,10.64,11.76
IT/03_CF30_3/03_CF30_3_11.wav,14.45,15.03
IT/03_CF30_3/03_CF30_3_5.wav,0.99,1.37
IT/05_CF41_3/05_CF41_3_11.wav,5.58,6.35
IT/05_CF41_3/05_CF41_3_11.wav,8.45,8.89
IT/05_CF41_3/05_CF41_3_11.wav,13.78,14.39
IT/05_CF41_3/05_CF41_3_11.wav,19.67,20.17
IT/05_CF41_3/05_CF41_3_11.wav,25.86,26.1
IT/05_CF41_3/05_CF41_3_11.wav,27.32,27.63
IT/05_CF41_3/05_CF41_3_7.wav,1.89,2.31
IT/05_CF41_3/05_CF41_3_7.wav,4.96,5.43
IT/05_CF41_3/05_CF41_3_7.wav,6.63,7.22
IT/05_CF41_3/05_CF41_3_7.wav,9.29,9.92
IT/05_CF41_3/05_CF41_3_13.wav,2.7,3.52
IT/05_CF41_3/05_CF41_3_13.wav,5.49,6.2
IT/05_CF41_3/05_CF41_3_13.wav,10.95,11.53
IT/05_CF41_3/05_CF41_3_13.wav,16.33,17.16
IT/05_CF41_3/05_CF41_3_13.wav,22.51,22.71
IT/05_CF41_3/05_CF41_3_1.wav,3.23,3.83
IT/05_CF41_3/05_CF41_3_12.wav,3.58,4.17
IT/05_CF41_3/05_CF41_3_12.wav,6.34,6.54
IT/05_CF41_3/05_CF41_3_12.wav,10.54,11.01
IT/05_CF41_3/05_CF41_3_12.wav,14.84,15.58
IT/05_CF41_3/05_CF41_3_12.wav,24.8,25.0
IT/05_CF41_3/05_CF41_3_5.wav,2.14,2.67
IT/05_CF41_3/05_CF41_3_5.wav,5.89,6.12
IT/05_CF41_3/05_CF41_3_5.wav,10.95,11.26
IT/05_CF41_3/05_CF41_3_5.wav,14.76,15.07
IT/05_CF41_3/05_CF41_3_5.wav,18.09,20.85
IT/05_CF41_3/05_CF41_3_8.wav,1.3,2.35
IT/05_CF41_3/05_CF41_3_8.wav,4.53,4.92
IT/05_CF41_3/05_CF41_3_8.wav,6.23,6.81
IT/05_CF41_3/05_CF41_3_8.wav,8.99,9.35
IT/05_CF41_3/05_CF41_3_8.wav,11.67,12.31
IT/05_CF41_3/05_CF41_3_8.wav,14.33,14.76
IT/05_CF41_3/05_CF41_3_8.wav,16.17,16.47
IT/05_CF41_3/05_CF41_3_10.wav,4.69,5.33
IT/05_CF41_3/05_CF41_3_10.wav,6.96,7.58
IT/05_CF41_3/05_CF41_3_10.wav,10.09,10.35
IT/05_CF41_3/05_CF41_3_10.wav,14.14,14.72
IT/05_CF41_3/05_CF41_3_6.wav,5.49,5.89
IT/05_CF41_3/05_CF41_3_6.wav,7.87,8.25
IT/05_CF41_3/05_CF41_3_6.wav,14.61,15.17
IT/05_CF41_3/05_CF41_3_2.wav,4.11,4.36
IT/16_PF52_3/16_PF52_3_3.wav,1.82,2.09
IT/16_PF52_3/16_PF52_3_3.wav,6.66,7.05
IT/16_PF52_3/16_PF52_3_3.wav,11.05,12.15
IT/16_PF52_3/16_PF52_3_3.wav,13.62,14.08
IT/16_PF52_3/16_PF52_3_3.wav,15.06,16.52
IT/16_PF52_3/16_PF52_3_3.wav,18.41,19.29
IT/16_PF52_3/16_PF52_3_3.wav,26.41,26.9
IT/16_PF52_3/16_PF52_3_3.wav,29.62,30.41
IT/16_PF52_3/16_PF52_3_3.wav,32.54,33.05
IT/16_PF52_3/16_PF52_3_3.wav,34.29,34.69
IT/16_PF52_3/16_PF52_3_2.wav,1.29,1.7
IT/16_PF52_3/16_PF52_3_2.wav,3.62,4.89
IT/16_PF52_3/16_PF52_3_2.wav,6.53,6.92
IT/16_PF52_3/16_PF52_3_2.wav,11.54,12.46
IT/16_PF52_3/16_PF52_3_2.wav,14.42,14.83
IT/16_PF52_3/16_PF52_3_1.wav,5.1,5.4
IT/16_PF52_3/16_PF52_3_1.wav,8.39,9.21
IT/16_PF52_3/16_PF52_3_1.wav,11.76,12.45
IT/16_PF52_3/16_PF52_3_1.wav,15.35,16.02
IT/16_PF52_3/16_PF52_3_1.wav,18.42,18.97
IT/16_PF52_3/16_PF52_3_1.wav,20.53,21.87
IT/16_PF52_3/16_PF52_3_1.wav,28.11,28.57
IT/16_PF52_3/16_PF52_3_1.wav,29.04,30.24
IT/26_CM31_3/26_CM31_3_1.wav,9.48,10.31
IT/26_CM31_3/26_CM31_3_1.wav,13.23,13.88
IT/26_CM31_3/26_CM31_3_1.wav,22.26,22.68
IT/26_CM31_3/26_CM31_3_1.wav,29.05,31.22
IT/26_CM31_3/26_CM31_3_1.wav,33.96,34.58
IT/26_CM31_3/26_CM31_3_1.wav,36.86,38.7
IT/26_CM31_3/26_CM31_3_1.wav,40.3,41.07
IT/26_CM31_3/26_CM31_3_1.wav,41.99,42.69
IT/26_CM31_3/26_CM31_3_1.wav,46.47,46.68
IT/26_CM31_3/26_CM31_3_1.wav,50.62,51.14
IT/26_CM31_3/26_CM31_3_1.wav,58.8,59.07
IT/26_CM31_3/26_CM31_3_1.wav,65.88,66.89
IT/26_CM31_3/26_CM31_3_1.wav,73.65,74.14
IT/26_CM31_3/26_CM31_3_1.wav,78.98,79.34
IT/26_CM31_3/26_CM31_3_1.wav,82.18,82.73
IT/26_CM31_3/26_CM31_3_1.wav,100.76,101.32
IT/26_CM31_3/26_CM31_3_1.wav,104.98,105.38
IT/26_CM31_3/26_CM31_3_1.wav,108.48,109.18
IT/26_CM31_3/26_CM31_3_1.wav,113.5,113.94
IT/26_CM31_3/26_CM31_3_1.wav,114.48,115.09
IT/26_CM31_3/26_CM31_3_1.wav,121.54,121.98
IT/26_CM31_3/26_CM31_3_1.wav,122.63,123.49
IT/26_CM31_3/26_CM31_3_1.wav,135.5,136.56
IT/26_CM31_3/26_CM31_3_1.wav,144.85,145.27
IT/26_CM31_3/26_CM31_3_1.wav,148.51,148.94
IT/26_CM31_3/26_CM31_3_1.wav,157.73,158.03
IT/26_CM31_3/26_CM31_3_1.wav,162.32,162.59
IT/26_CM31_3/26_CM31_3_1.wav,164.91,165.39
IT/26_CM31_3/26_CM31_3_1.wav,170.88,171.22
IT/26_CM31_3/26_CM31_3_1.wav,172.94,174.12
IT/26_CM31_3/26_CM31_3_1.wav,180.34,180.57
IT/26_CM31_3/26_CM31_3_1.wav,182.73,183.11
IT/26_CM31_3/26_CM31_3_1.wav,192.78,193.4
IT/26_CM31_3/26_CM31_3_1.wav,200.1,201.46
IT/26_CM31_3/26_CM31_3_1.wav,209.22,209.62
IT/26_CM31_3/26_CM31_3_1.wav,219.22,219.56
IT/26_CM31_3/26_CM31_3_1.wav,223.43,224.22
IT/62_PF56_3/62_PF56_3_1.wav,12.15,12.74
IT/62_PF56_3/62_PF56_3_1.wav,15.32,15.73
IT/62_PF56_3/62_PF56_3_1.wav,21.33,21.8
IT/62_PF56_3/62_PF56_3_1.wav,23.98,24.27
IT/62_PF56_3/62_PF56_3_1.wav,30.38,30.81
IT/62_PF56_3/62_PF56_3_1.wav,39.08,39.51
IT/62_PF56_3/62_PF56_3_1.wav,41.37,41.7
IT/62_PF56_3/62_PF56_3_1.wav,46.29,48.18
IT/62_PF56_3/62_PF56_3_1.wav,54.09,54.35
IT/62_PF56_3/62_PF56_3_1.wav,58.28,59.02
IT/62_PF56_3/62_PF56_3_1.wav,70.28,71.32
IT/62_PF56_3/62_PF56_3_3.wav,12.13,12.66
IT/62_PF56_3/62_PF56_3_3.wav,17.26,17.61
IT/62_PF56_3/62_PF56_3_3.wav,25.76,26.11
IT/62_PF56_3/62_PF56_3_3.wav,30.53,30.91
IT/62_PF56_3/62_PF56_3_3.wav,32.06,32.31
IT/62_PF56_3/62_PF56_3_3.wav,37.77,38.06
IT/62_PF56_3/62_PF56_3_3.wav,40.31,41.18
IT/62_PF56_3/62_PF56_3_3.wav,45.38,45.92
IT/62_PF56_3/62_PF56_3_3.wav,54.17,54.59
IT/62_PF56_3/62_PF56_3_3.wav,62.81,63.53
IT/62_PF56_3/62_PF56_3_3.wav,64.04,64.32
IT/62_PF56_3/62_PF56_3_3.wav,69.45,69.82
IT/62_PF56_3/62_PF56_3_3.wav,74.93,76.53
IT/62_PF56_3/62_PF56_3_3.wav,82.99,83.63
IT/62_PF56_3/62_PF56_3_3.wav,87.78,88.0
IT/62_PF56_3/62_PF56_3_3.wav,90.6,91.37
IT/62_PF56_3/62_PF56_3_3.wav,93.33,94.04
IT/62_PF56_3/62_PF56_3_3.wav,99.96,100.33
IT/62_PF56_3/62_PF56_3_3.wav,108.15,108.7
IT/62_PF56_3/62_PF56_3_3.wav,110.38,111.06
IT/62_PF56_3/62_PF56_3_3.wav,113.32,114.81
IT/62_PF56_3/62_PF56_3_3.wav,122.39,123.2
IT/62_PF56_3/62_PF56_3_3.wav,131.77,132.11
IT/62_PF56_3/62_PF56_3_3.wav,137.64,138.32
IT/62_PF56_3/62_PF56_3_3.wav,141.49,142.0
IT/62_PF56_3/62_PF56_3_3.wav,144.57,145.8
IT/62_PF56_3/62_PF56_3_3.wav,149.26,149.82
IT/62_PF56_3/62_PF56_3_3.wav,158.24,158.69
IT/62_PF56_3/62_PF56_3_3.wav,168.85,169.17
IT/62_PF56_3/62_PF56_3_2.wav,5.21,5.69
IT/62_PF56_3/62_PF56_3_2.wav,7.62,9.02
IT/62_PF56_3/62_PF56_3_2.wav,11.19,12.07
IT/62_PF56_3/62_PF56_3_2.wav,15.03,15.43
IT/62_PF56_3/62_PF56_3_2.wav,16.72,17.13
IT/62_PF56_3/62_PF56_3_2.wav,20.65,21.42
IT/62_PF56_3/62_PF56_3_2.wav,28.76,29.47
IT/62_PF56_3/62_PF56_3_2.wav,39.83,40.34
IT/62_PF56_3/62_PF56_3_2.wav,43.3,43.71
IT/62_PF56_3/62_PF56_3_2.wav,47.24,47.47
IT/62_PF56_3/62_PF56_3_2.wav,54.93,56.59
IT/62_PF56_3/62_PF56_3_2.wav,58.65,59.57
IT/13_CF45_2/13_CF45_2_7.wav,0.67,1.12
IT/13_CF45_2/13_CF45_2_12.wav,5.19,5.65
IT/13_CF45_2/13_CF45_2_12.wav,6.74,7.0
IT/13_CF45_2/13_CF45_2_12.wav,10.04,11.31
IT/13_CF45_2/13_CF45_2_21.wav,0.43,0.69
IT/13_CF45_2/13_CF45_2_21.wav,3.66,4.53
IT/13_CF45_2/13_CF45_2_21.wav,7.6,7.87
IT/13_CF45_2/13_CF45_2_4.wav,0.42,1.06
IT/13_CF45_2/13_CF45_2_4.wav,2.86,4.39
IT/13_CF45_2/13_CF45_2_4.wav,5.59,6.15
IT/13_CF45_2/13_CF45_2_4.wav,7.42,7.87
IT/13_CF45_2/13_CF45_2_4.wav,11.92,12.53
IT/13_CF45_2/13_CF45_2_4.wav,15.27,15.83
IT/13_CF45_2/13_CF45_2_4.wav,20.87,21.52
IT/13_CF45_2/13_CF45_2_4.wav,24.19,24.48
IT/13_CF45_2/13_CF45_2_20.wav,0.62,1.09
IT/13_CF45_2/13_CF45_2_20.wav,5.39,6.45
IT/13_CF45_2/13_CF45_2_20.wav,8.94,9.29
IT/13_CF45_2/13_CF45_2_3.wav,3.34,3.57
IT/13_CF45_2/13_CF45_2_15.wav,3.19,3.8
IT/13_CF45_2/13_CF45_2_15.wav,4.81,6.28
IT/13_CF45_2/13_CF45_2_15.wav,7.93,8.67
IT/13_CF45_2/13_CF45_2_15.wav,10.12,10.45
IT/13_CF45_2/13_CF45_2_5.wav,0.81,2.11
IT/13_CF45_2/13_CF45_2_1.wav,2.06,2.75
IT/13_CF45_2/13_CF45_2_1.wav,5.22,6.13
IT/13_CF45_2/13_CF45_2_1.wav,8.2,8.62
IT/13_CF45_2/13_CF45_2_1.wav,10.85,11.62
IT/13_CF45_2/13_CF45_2_1.wav,13.5,14.66
IT/13_CF45_2/13_CF45_2_1.wav,15.69,16.63
IT/13_CF45_2/13_CF45_2_1.wav,18.77,19.39
IT/13_CF45_2/13_CF45_2_1.wav,20.2,22.03
IT/13_CF45_2/13_CF45_2_19.wav,0.95,1.54
IT/13_CF45_2/13_CF45_2_19.wav,2.52,3.05
IT/13_CF45_2/13_CF45_2_19.wav,4.31,4.79
IT/13_CF45_2/13_CF45_2_19.wav,6.81,7.55
IT/13_CF45_2/13_CF45_2_19.wav,9.64,10.01
IT/13_CF45_2/13_CF45_2_19.wav,10.81,11.72
IT/13_CF45_2/13_CF45_2_22.wav,4.19,5.02
IT/13_CF45_2/13_CF45_2_22.wav,6.28,6.53
IT/13_CF45_2/13_CF45_2_22.wav,7.77,9.31
IT/13_CF45_2/13_CF45_2_22.wav,9.89,10.73
IT/13_CF45_2/13_CF45_2_8.wav,1.1,1.5
IT/13_CF45_2/13_CF45_2_8.wav,3.58,4.91
IT/13_CF45_2/13_CF45_2_8.wav,9.68,9.97
IT/13_CF45_2/13_CF45_2_8.wav,11.17,11.93
IT/13_CF45_2/13_CF45_2_2.wav,2.28,2.78
IT/13_CF45_2/13_CF45_2_2.wav,4.69,5.73
IT/13_CF45_2/13_CF45_2_2.wav,7.72,8.5
IT/13_CF45_2/13_CF45_2_2.wav,9.19,10.27
IT/13_CF45_2/13_CF45_2_2.wav,13.74,15.42
IT/13_CF45_2/13_CF45_2_10.wav,2.62,2.82
IT/13_CF45_2/13_CF45_2_14.wav,3.48,4.42
IT/37_CF69_1/37_CF69_1_7.wav,1.25,1.99
IT/37_CF69_1/37_CF69_1_7.wav,3.84,4.21
IT/37_CF69_1/37_CF69_1_7.wav,5.12,6.53
IT/37_CF69_1/37_CF69_1_7.wav,8.34,9.96
IT/37_CF69_1/37_CF69_1_7.wav,11.57,13.17
IT/37_CF69_1/37_CF69_1_7.wav,14.4,15.76
IT/37_CF69_1/37_CF69_1_7.wav,16.13,16.88
IT/37_CF69_1/37_CF69_1_7.wav,17.02,17.7
IT/37_CF69_1/37_CF69_1_7.wav,23.32,23.64
IT/37_CF69_1/37_CF69_1_7.wav,24.61,24.91
IT/37_CF69_1/37_CF69_1_7.wav,28.01,28.76
IT/37_CF69_1/37_CF69_1_7.wav,31.31,32.95
IT/37_CF69_1/37_CF69_1_7.wav,34.25,34.97
IT/37_CF69_1/37_CF69_1_7.wav,36.03,36.46
IT/37_CF69_1/37_CF69_1_18.wav,2.24,2.55
IT/37_CF69_1/37_CF69_1_13.wav,3.03,3.63
IT/37_CF69_1/37_CF69_1_20.wav,1.16,2.16
IT/37_CF69_1/37_CF69_1_20.wav,3.95,4.17
IT/37_CF69_1/37_CF69_1_20.wav,5.25,5.83
IT/37_CF69_1/37_CF69_1_20.wav,11.85,12.12
IT/37_CF69_1/37_CF69_1_9.wav,2.24,3.14
IT/37_CF69_1/37_CF69_1_9.wav,3.67,4.18
IT/37_CF69_1/37_CF69_1_9.wav,5.33,5.86
IT/37_CF69_1/37_CF69_1_2.wav,6.36,7.03
IT/37_CF69_1/37_CF69_1_8.wav,1.74,2.14
IT/37_CF69_1/37_CF69_1_8.wav,3.76,4.04
IT/37_CF69_1/37_CF69_1_8.wav,4.87,5.75
IT/37_CF69_1/37_CF69_1_3.wav,0.0,0.54
IT/37_CF69_1/37_CF69_1_6.wav,1.73,2.0
IT/37_CF69_1/37_CF69_1_6.wav,2.66,3.88
IT/37_CF69_1/37_CF69_1_6.wav,4.77,5.03
IT/37_CF69_1/37_CF69_1_6.wav,5.77,6.11
IT/37_CF69_1/37_CF69_1_6.wav,8.01,8.5
IT/37_CF69_1/37_CF69_1_6.wav,10.88,11.24
IT/37_CF69_1/37_CF69_1_6.wav,13.89,15.21
IT/37_CF69_1/37_CF69_1_6.wav,17.18,18.08
IT/37_CF69_1/37_CF69_1_15.wav,6.14,6.37
IT/37_CF69_1/37_CF69_1_15.wav,7.32,7.72
IT/37_CF69_1/37_CF69_1_15.wav,9.59,9.79
IT/37_CF69_1/37_CF69_1_15.wav,10.44,11.67
IT/37_CF69_1/37_CF69_1_15.wav,13.65,14.3
IT/37_CF69_1/37_CF69_1_15.wav,16.34,18.32
IT/37_CF69_1/37_CF69_1_15.wav,20.37,20.61
IT/37_CF69_1/37_CF69_1_1.wav,2.67,3.11
IT/37_CF69_1/37_CF69_1_5.wav,2.08,2.62
IT/37_CF69_1/37_CF69_1_5.wav,3.6,4.14
IT/37_CF69_1/37_CF69_1_5.wav,8.64,8.84
IT/37_CF69_1/37_CF69_1_12.wav,1.76,2.88
IT/37_CF69_1/37_CF69_1_4.wav,5.37,5.65
IT/37_CF69_1/37_CF69_1_4.wav,6.77,7.75
IT/37_CF69_1/37_CF69_1_4.wav,7.82,8.46
IT/37_CF69_1/37_CF69_1_4.wav,9.08,9.41
IT/37_CF69_1/37_CF69_1_4.wav,10.99,11.22
IT/37_CF69_1/37_CF69_1_4.wav,11.51,12.42
IT/37_CF69_1/37_CF69_1_11.wav,0.11,0.47
IT/37_CF69_1/37_CF69_1_11.wav,1.55,1.75
IT/37_CF69_1/37_CF69_1_11.wav,3.53,3.76
IT/37_CF69_1/37_CF69_1_11.wav,5.14,5.71
IT/37_CF69_1/37_CF69_1_11.wav,7.66,7.9
IT/37_CF69_1/37_CF69_1_11.wav,10.3,11.29
IT/37_CF69_1/37_CF69_1_11.wav,11.67,12.54
IT/37_CF69_1/37_CF69_1_11.wav,17.3,17.95
IT/37_CF69_1/37_CF69_1_11.wav,20.33,21.02
IT/37_CF69_1/37_CF69_1_19.wav,3.23,3.61
IT/37_CF69_1/37_CF69_1_14.wav,4.46,5.03
IT/37_CF69_1/37_CF69_1_14.wav,6.16,6.36
IT/37_CF69_1/37_CF69_1_14.wav,8.35,9.25
IT/37_CF69_1/37_CF69_1_14.wav,10.88,11.19
IT/37_CF69_1/37_CF69_1_14.wav,11.33,11.58
IT/37_CF69_1/37_CF69_1_16.wav,0.78,1.44
IT/37_CF69_1/37_CF69_1_16.wav,3.34,4.04
IT/37_CF69_1/37_CF69_1_16.wav,5.09,5.43
IT/37_CF69_1/37_CF69_1_16.wav,8.91,10.27
IT/37_CF69_1/37_CF69_1_16.wav,12.64,13.03
IT/37_CF69_1/37_CF69_1_10.wav,2.33,3.63
IT/37_CF69_1/37_CF69_1_10.wav,6.28,7.11
IT/06_PM64_2/06_PM64_2_2.wav,3.21,4.32
IT/06_PM64_2/06_PM64_2_2.wav,11.17,13.25
IT/06_PM64_2/06_PM64_2_2.wav,15.07,15.55
IT/06_PM64_2/06_PM64_2_2.wav,16.34,16.89
IT/06_PM64_2/06_PM64_2_2.wav,20.22,20.78
IT/06_PM64_2/06_PM64_2_2.wav,22.02,22.67
IT/06_PM64_2/06_PM64_2_2.wav,25.12,25.54
IT/06_PM64_2/06_PM64_2_2.wav,26.21,27.17
IT/06_PM64_2/06_PM64_2_2.wav,33.84,34.25
IT/06_PM64_2/06_PM64_2_2.wav,35.02,35.47
IT/06_PM64_2/06_PM64_2_2.wav,36.85,38.73
IT/06_PM64_2/06_PM64_2_2.wav,40.22,40.54
IT/06_PM64_2/06_PM64_2_2.wav,41.81,42.39
IT/06_PM64_2/06_PM64_2_2.wav,44.66,45.68
IT/06_PM64_2/06_PM64_2_2.wav,47.89,48.11
IT/06_PM64_2/06_PM64_2_2.wav,49.85,50.3
IT/06_PM64_2/06_PM64_2_2.wav,52.36,53.81
IT/06_PM64_2/06_PM64_2_2.wav,56.02,56.38
IT/06_PM64_2/06_PM64_2_2.wav,57.04,57.63
IT/06_PM64_2/06_PM64_2_2.wav,59.39,60.45
IT/06_PM64_2/06_PM64_2_2.wav,64.65,65.08
IT/06_PM64_2/06_PM64_2_2.wav,66.62,68.9
IT/06_PM64_2/06_PM64_2_2.wav,72.29,72.8
IT/06_PM64_2/06_PM64_2_2.wav,74.41,74.91
IT/06_PM64_2/06_PM64_2_2.wav,76.47,78.36
IT/06_PM64_2/06_PM64_2_2.wav,80.33,80.7
IT/06_PM64_2/06_PM64_2_2.wav,81.32,82.19
IT/06_PM64_2/06_PM64_2_2.wav,84.01,84.54
IT/06_PM64_2/06_PM64_2_2.wav,85.79,87.37
IT/06_PM64_2/06_PM64_2_2.wav,90.43,91.04
IT/06_PM64_2/06_PM64_2_2.wav,93.25,94.05
IT/06_PM64_2/06_PM64_2_2.wav,95.3,95.51
IT/06_PM64_2/06_PM64_2_2.wav,98.89,100.26
IT/06_PM64_2/06_PM64_2_2.wav,104.59,105.36
IT/06_PM64_2/06_PM64_2_2.wav,108.69,109.66
IT/06_PM64_2/06_PM64_2_2.wav,112.79,114.95
IT/06_PM64_2/06_PM64_2_2.wav,116.42,116.66
IT/06_PM64_2/06_PM64_2_2.wav,120.88,122.98
IT/06_PM64_2/06_PM64_2_2.wav,124.9,125.32
IT/06_PM64_2/06_PM64_2_2.wav,128.47,129.44
IT/06_PM64_2/06_PM64_2_2.wav,131.71,133.28
IT/06_PM64_2/06_PM64_2_2.wav,136.7,137.59
IT/06_PM64_2/06_PM64_2_2.wav,137.77,139.52
IT/06_PM64_2/06_PM64_2_2.wav,140.9,141.42
IT/06_PM64_2/06_PM64_2_2.wav,144.12,144.36
IT/06_PM64_2/06_PM64_2_2.wav,145.56,146.06
IT/06_PM64_2/06_PM64_2_2.wav,146.88,147.28
IT/06_PM64_2/06_PM64_2_2.wav,151.43,152.45
IT/06_PM64_2/06_PM64_2_2.wav,155.25,156.11
IT/06_PM64_2/06_PM64_2_2.wav,162.5,164.54
IT/06_PM64_2/06_PM64_2_2.wav,165.01,165.5
IT/06_PM64_2/06_PM64_2_1.wav,2.22,3.21
IT/06_PM64_2/06_PM64_2_1.wav,4.25,4.96
IT/06_PM64_2/06_PM64_2_1.wav,9.79,10.68
IT/06_PM64_2/06_PM64_2_1.wav,12.72,13.52
IT/06_PM64_2/06_PM64_2_1.wav,15.22,15.79
IT/06_PM64_2/06_PM64_2_1.wav,16.62,17.85
IT/06_PM64_2/06_PM64_2_1.wav,19.47,19.82
IT/06_PM64_2/06_PM64_2_1.wav,20.94,22.12
IT/06_PM64_2/06_PM64_2_1.wav,24.83,26.12
IT/06_PM64_2/06_PM64_2_1.wav,29.35,30.0
IT/06_PM64_2/06_PM64_2_1.wav,31.67,32.01
IT/06_PM64_2/06_PM64_2_1.wav,33.21,34.09
IT/06_PM64_2/06_PM64_2_1.wav,35.9,36.51
IT/06_PM64_2/06_PM64_2_1.wav,38.0,39.38
IT/06_PM64_2/06_PM64_2_1.wav,40.51,41.57
IT/06_PM64_2/06_PM64_2_1.wav,45.86,46.33
IT/06_PM64_2/06_PM64_2_1.wav,51.29,53.39
IT/06_PM64_2/06_PM64_2_1.wav,54.02,55.25
IT/06_PM64_2/06_PM64_2_1.wav,56.57,57.12
IT/06_PM64_2/06_PM64_2_1.wav,59.42,59.84
IT/06_PM64_2/06_PM64_2_1.wav,63.34,63.8
IT/06_PM64_2/06_PM64_2_1.wav,64.99,65.33
IT/06_PM64_2/06_PM64_2_1.wav,66.43,66.77
IT/06_PM64_2/06_PM64_2_1.wav,67.67,67.92
IT/06_PM64_2/06_PM64_2_1.wav,69.62,70.23
IT/06_PM64_2/06_PM64_2_1.wav,74.17,74.83
IT/06_PM64_2/06_PM64_2_1.wav,75.82,76.22
IT/06_PM64_2/06_PM64_2_1.wav,78.59,79.09
IT/06_PM64_2/06_PM64_2_1.wav,80.96,83.25
IT/06_PM64_2/06_PM64_2_1.wav,87.67,88.03
IT/06_PM64_2/06_PM64_2_1.wav,88.83,90.04
IT/06_PM64_2/06_PM64_2_1.wav,91.73,93.59
IT/06_PM64_2/06_PM64_2_1.wav,97.21,97.88
IT/06_PM64_2/06_PM64_2_1.wav,100.18,101.96
IT/06_PM64_2/06_PM64_2_1.wav,102.97,103.74
IT/06_PM64_2/06_PM64_2_1.wav,106.74,107.17
IT/06_PM64_2/06_PM64_2_1.wav,107.37,108.18
IT/06_PM64_2/06_PM64_2_1.wav,111.36,112.84
IT/06_PM64_2/06_PM64_2_1.wav,114.46,115.27
IT/06_PM64_2/06_PM64_2_1.wav,118.27,119.07
IT/06_PM64_2/06_PM64_2_1.wav,121.79,122.56
IT/06_PM64_2/06_PM64_2_1.wav,123.98,124.47
IT/06_PM64_2/06_PM64_2_1.wav,126.35,127.95
IT/06_PM64_2/06_PM64_2_1.wav,128.72,129.07
IT/06_PM64_2/06_PM64_2_1.wav,129.84,130.44
IT/06_PM64_2/06_PM64_2_1.wav,131.66,132.2
IT/06_PM64_2/06_PM64_2_1.wav,135.04,135.69
IT/06_PM64_2/06_PM64_2_1.wav,138.09,140.35
IT/06_PM64_2/06_PM64_2_1.wav,141.47,142.99
IT/17_CF55_3/17_CF55_3_2.wav,0.74,1.97
IT/17_CF55_3/17_CF55_3_2.wav,3.17,4.06
IT/17_CF55_3/17_CF55_3_2.wav,11.29,12.18
IT/17_CF55_3/17_CF55_3_2.wav,12.78,13.16
IT/17_CF55_3/17_CF55_3_2.wav,18.03,18.24
IT/17_CF55_3/17_CF55_3_2.wav,21.64,22.46
IT/17_CF55_3/17_CF55_3_3.wav,2.64,3.25
IT/17_CF55_3/17_CF55_3_3.wav,6.67,7.49
IT/17_CF55_3/17_CF55_3_3.wav,9.01,9.65
IT/17_CF55_3/17_CF55_3_3.wav,10.91,11.27
IT/17_CF55_3/17_CF55_3_3.wav,13.02,13.45
IT/17_CF55_3/17_CF55_3_3.wav,16.73,16.98
IT/17_CF55_3/17_CF55_3_3.wav,18.68,18.92
IT/17_CF55_3/17_CF55_3_3.wav,20.79,21.79
IT/17_CF55_3/17_CF55_3_3.wav,22.91,23.24
IT/17_CF55_3/17_CF55_3_3.wav,28.1,28.69
IT/17_CF55_3/17_CF55_3_3.wav,42.19,42.4
IT/17_CF55_3/17_CF55_3_3.wav,45.12,47.06
IT/17_CF55_3/17_CF55_3_1.wav,4.44,4.72
IT/17_CF55_3/17_CF55_3_1.wav,15.62,15.86
IT/17_CF55_3/17_CF55_3_1.wav,24.71,24.91
IT/17_CF55_3/17_CF55_3_1.wav,25.79,27.12
IT/17_CF55_3/17_CF55_3_1.wav,29.18,30.03
IT/17_CF55_3/17_CF55_3_1.wav,35.44,35.81
IT/17_CF55_3/17_CF55_3_1.wav,44.99,45.29
IT/17_CF55_3/17_CF55_3_1.wav,46.02,46.45
IT/17_CF55_3/17_CF55_3_1.wav,57.64,57.87
IT/17_CF55_3/17_CF55_3_1.wav,60.3,60.63
IT/17_CF55_3/17_CF55_3_1.wav,66.73,67.62
IT/17_CF55_3/17_CF55_3_1.wav,77.16,77.72
IT/17_CF55_3/17_CF55_3_1.wav,78.62,79.04
IT/17_CF55_3/17_CF55_3_1.wav,82.9,83.47
IT/17_CF55_3/17_CF55_3_1.wav,84.53,84.74
IT/17_CF55_3/17_CF55_3_1.wav,89.24,89.62
IT/17_CF55_3/17_CF55_3_1.wav,91.35,91.61
IT/17_CF55_3/17_CF55_3_1.wav,93.3,94.19
IT/17_CF55_3/17_CF55_3_1.wav,97.37,97.87
IT/17_CF55_3/17_CF55_3_1.wav,99.06,99.46
IT/17_CF55_3/17_CF55_3_1.wav,102.57,103.02
IT/17_CF55_3/17_CF55_3_1.wav,104.7,104.96
IT/17_CF55_3/17_CF55_3_1.wav,107.62,108.11
IT/17_CF55_3/17_CF55_3_1.wav,111.38,111.67
IT/17_CF55_3/17_CF55_3_1.wav,112.05,112.36
IT/17_CF55_3/17_CF55_3_1.wav,113.62,113.84
IT/17_CF55_3/17_CF55_3_1.wav,114.43,114.78
IT/17_CF55_3/17_CF55_3_1.wav,115.6,116.57
IT/17_CF55_3/17_CF55_3_1.wav,124.65,125.2
IT/17_CF55_3/17_CF55_3_1.wav,135.38,135.61
IT/17_CF55_3/17_CF55_3_1.wav,138.58,138.81
IT/17_CF55_3/17_CF55_3_1.wav,141.73,142.08
IT/17_CF55_3/17_CF55_3_1.wav,143.76,144.19
IT/17_CF55_3/17_CF55_3_1.wav,145.47,145.99
IT/17_CF55_3/17_CF55_3_1.wav,148.42,148.95
IT/17_CF55_3/17_CF55_3_1.wav,149.97,150.17
IT/17_CF55_3/17_CF55_3_1.wav,151.34,151.89
IT/17_CF55_3/17_CF55_3_1.wav,152.9,153.87
IT/17_CF55_3/17_CF55_3_1.wav,154.77,155.81
IT/17_CF55_3/17_CF55_3_1.wav,161.01,161.41
IT/17_CF55_3/17_CF55_3_1.wav,165.34,165.54
IT/36_PF38_2/36_PF38_2_3.wav,1.89,2.41
IT/36_PF38_2/36_PF38_2_3.wav,8.51,8.83
IT/36_PF38_2/36_PF38_2_3.wav,13.96,14.55
IT/36_PF38_2/36_PF38_2_3.wav,15.47,16.04
IT/36_PF38_2/36_PF38_2_3.wav,20.88,21.43
IT/36_PF38_2/36_PF38_2_3.wav,24.24,24.9
IT/36_PF38_2/36_PF38_2_3.wav,30.13,30.71
IT/36_PF38_2/36_PF38_2_3.wav,32.23,33.49
IT/36_PF38_2/36_PF38_2_3.wav,37.73,38.38
IT/36_PF38_2/36_PF38_2_3.wav,40.63,41.38
IT/36_PF38_2/36_PF38_2_3.wav,44.06,44.28
IT/36_PF38_2/36_PF38_2_3.wav,45.62,45.91
IT/36_PF38_2/36_PF38_2_3.wav,47.11,47.99
IT/36_PF38_2/36_PF38_2_3.wav,50.84,51.9
IT/36_PF38_2/36_PF38_2_3.wav,53.26,54.22
IT/36_PF38_2/36_PF38_2_3.wav,55.33,56.08
IT/36_PF38_2/36_PF38_2_4.wav,2.8,3.61
IT/36_PF38_2/36_PF38_2_6.wav,1.04,2.18
IT/36_PF38_2/36_PF38_2_6.wav,4.13,4.7
IT/36_PF38_2/36_PF38_2_6.wav,4.97,5.36
IT/36_PF38_2/36_PF38_2_1.wav,0.79,3.1
IT/36_PF38_2/36_PF38_2_7.wav,3.15,3.81
IT/36_PF38_2/36_PF38_2_2.wav,2.34,3.4
IT/36_PF38_2/36_PF38_2_2.wav,9.39,10.62
IT/36_PF38_2/36_PF38_2_2.wav,15.42,16.24
IT/36_PF38_2/36_PF38_2_2.wav,18.72,20.29
IT/36_PF38_2/36_PF38_2_2.wav,22.01,22.49
IT/36_PF38_2/36_PF38_2_2.wav,25.48,26.06
IT/36_PF38_2/36_PF38_2_2.wav,28.14,28.45
IT/36_PF38_2/36_PF38_2_2.wav,30.42,31.91
IT/56_CM23_3/56_CM23_3_2.wav,0.32,0.52
IT/56_CM23_3/56_CM23_3_2.wav,0.72,1.29
IT/56_CM23_3/56_CM23_3_2.wav,1.92,2.22
IT/56_CM23_3/56_CM23_3_2.wav,5.89,6.32
IT/56_CM23_3/56_CM23_3_2.wav,6.37,7.03
IT/56_CM23_3/56_CM23_3_2.wav,8.5,9.01
IT/56_CM23_3/56_CM23_3_2.wav,9.79,10.0
IT/56_CM23_3/56_CM23_3_2.wav,12.08,12.86
IT/56_CM23_3/56_CM23_3_2.wav,13.56,14.59
IT/56_CM23_3/56_CM23_3_2.wav,15.29,15.51
IT/56_CM23_3/56_CM23_3_2.wav,16.65,17.08
IT/56_CM23_3/56_CM23_3_2.wav,18.14,18.7
IT/56_CM23_3/56_CM23_3_2.wav,19.86,20.56
IT/56_CM23_3/56_CM23_3_2.wav,21.23,22.23
IT/56_CM23_3/56_CM23_3_2.wav,27.96,28.3
IT/56_CM23_3/56_CM23_3_13.wav,0.38,1.36
IT/56_CM23_3/56_CM23_3_13.wav,2.78,3.23
IT/56_CM23_3/56_CM23_3_13.wav,5.93,6.15
IT/56_CM23_3/56_CM23_3_9.wav,0.82,1.37
IT/56_CM23_3/56_CM23_3_9.wav,2.74,3.26
IT/56_CM23_3/56_CM23_3_9.wav,6.6,7.04
IT/56_CM23_3/56_CM23_3_9.wav,9.27,9.67
IT/56_CM23_3/56_CM23_3_11.wav,0.42,0.74
IT/56_CM23_3/56_CM23_3_11.wav,0.92,1.24
IT/56_CM23_3/56_CM23_3_11.wav,2.42,2.69
IT/56_CM23_3/56_CM23_3_11.wav,3.94,4.3
IT/56_CM23_3/56_CM23_3_11.wav,5.05,5.58
IT/56_CM23_3/56_CM23_3_11.wav,8.6,9.4
IT/56_CM23_3/56_CM23_3_7.wav,0.53,1.27
IT/56_CM23_3/56_CM23_3_7.wav,1.61,2.14
IT/56_CM23_3/56_CM23_3_4.wav,1.93,2.23
IT/56_CM23_3/56_CM23_3_4.wav,3.48,4.37
IT/56_CM23_3/56_CM23_3_4.wav,5.03,6.24
IT/56_CM23_3/56_CM23_3_4.wav,6.8,7.05
IT/56_CM23_3/56_CM23_3_4.wav,7.77,8.7
IT/56_CM23_3/56_CM23_3_1.wav,0.19,0.63
IT/56_CM23_3/56_CM23_3_1.wav,1.49,1.94
IT/56_CM23_3/56_CM23_3_1.wav,2.42,2.71
IT/56_CM23_3/56_CM23_3_1.wav,3.84,4.93
IT/56_CM23_3/56_CM23_3_1.wav,5.96,6.47
IT/56_CM23_3/56_CM23_3_1.wav,9.88,10.08
IT/56_CM23_3/56_CM23_3_1.wav,12.33,12.93
IT/56_CM23_3/56_CM23_3_1.wav,14.43,14.95
IT/56_CM23_3/56_CM23_3_1.wav,17.63,18.61
IT/56_CM23_3/56_CM23_3_1.wav,19.57,20.3
IT/56_CM23_3/56_CM23_3_1.wav,20.42,21.02
IT/56_CM23_3/56_CM23_3_1.wav,21.83,22.97
IT/56_CM23_3/56_CM23_3_1.wav,27.11,27.8
IT/56_CM23_3/56_CM23_3_1.wav,29.25,29.58
IT/56_CM23_3/56_CM23_3_1.wav,30.93,31.83
IT/56_CM23_3/56_CM23_3_12.wav,2.53,3.06
IT/56_CM23_3/56_CM23_3_12.wav,6.74,7.29
IT/56_CM23_3/56_CM23_3_12.wav,8.61,8.91
IT/56_CM23_3/56_CM23_3_8.wav,0.51,0.87
IT/56_CM23_3/56_CM23_3_8.wav,0.96,1.24
IT/56_CM23_3/56_CM23_3_16.wav,0.0,0.46
IT/56_CM23_3/56_CM23_3_16.wav,3.68,4.82
IT/56_CM23_3/56_CM23_3_16.wav,8.29,8.92
IT/56_CM23_3/56_CM23_3_16.wav,10.71,11.42
IT/56_CM23_3/56_CM23_3_5.wav,0.47,0.69
IT/56_CM23_3/56_CM23_3_14.wav,2.08,3.37
IT/56_CM23_3/56_CM23_3_14.wav,4.41,6.04
IT/56_CM23_3/56_CM23_3_14.wav,9.27,9.9
IT/56_CM23_3/56_CM23_3_14.wav,13.29,13.59
IT/56_CM23_3/56_CM23_3_14.wav,16.45,17.62
IT/56_CM23_3/56_CM23_3_14.wav,18.85,19.35
IT/56_CM23_3/56_CM23_3_10.wav,0.57,0.93
IT/56_CM23_3/56_CM23_3_10.wav,1.34,1.58
IT/56_CM23_3/56_CM23_3_10.wav,4.02,4.55
IT/56_CM23_3/56_CM23_3_10.wav,5.31,6.42
IT/56_CM23_3/56_CM23_3_10.wav,6.79,7.43
IT/56_CM23_3/56_CM23_3_10.wav,8.15,8.58
IT/56_CM23_3/56_CM23_3_10.wav,9.12,9.6
IT/56_CM23_3/56_CM23_3_10.wav,12.7,13.54
IT/56_CM23_3/56_CM23_3_15.wav,0.52,1.16
IT/56_CM23_3/56_CM23_3_15.wav,3.08,3.35
IT/56_CM23_3/56_CM23_3_15.wav,6.47,6.67
IT/56_CM23_3/56_CM23_3_15.wav,7.08,7.54
IT/56_CM23_3/56_CM23_3_15.wav,8.19,8.41
IT/56_CM23_3/56_CM23_3_15.wav,12.98,13.18
IT/56_CM23_3/56_CM23_3_15.wav,18.79,19.23
IT/56_CM23_3/56_CM23_3_15.wav,21.36,21.59
IT/56_CM23_3/56_CM23_3_3.wav,0.52,1.24
IT/56_CM23_3/56_CM23_3_3.wav,2.56,2.79
IT/56_CM23_3/56_CM23_3_3.wav,7.01,7.54
IT/56_CM23_3/56_CM23_3_3.wav,10.23,10.49
IT/21_PM33_3/21_PM33_3_2.wav,0.65,1.6
IT/21_PM33_3/21_PM33_3_2.wav,2.58,2.81
IT/21_PM33_3/21_PM33_3_2.wav,3.82,4.58
IT/21_PM33_3/21_PM33_3_2.wav,5.39,5.71
IT/21_PM33_3/21_PM33_3_2.wav,5.84,6.93
IT/21_PM33_3/21_PM33_3_6.wav,0.38,0.75
IT/21_PM33_3/21_PM33_3_1.wav,5.13,5.75
IT/21_PM33_3/21_PM33_3_1.wav,8.43,9.43
IT/21_PM33_3/21_PM33_3_1.wav,11.64,12.21
IT/21_PM33_3/21_PM33_3_1.wav,13.49,14.26
IT/21_PM33_3/21_PM33_3_1.wav,17.01,20.04
IT/21_PM33_3/21_PM33_3_1.wav,23.37,24.62
IT/21_PM33_3/21_PM33_3_1.wav,26.29,27.67
IT/21_PM33_3/21_PM33_3_1.wav,30.64,31.01
IT/21_PM33_3/21_PM33_3_1.wav,32.68,34.69
IT/21_PM33_3/21_PM33_3_1.wav,37.08,37.53
IT/21_PM33_3/21_PM33_3_1.wav,39.98,40.48
IT/21_PM33_3/21_PM33_3_1.wav,41.51,42.73
IT/21_PM33_3/21_PM33_3_1.wav,45.26,49.64
IT/21_PM33_3/21_PM33_3_1.wav,53.97,55.64
IT/21_PM33_3/21_PM33_3_7.wav,2.01,2.44
IT/21_PM33_3/21_PM33_3_5.wav,4.46,4.86
IT/21_PM33_3/21_PM33_3_5.wav,5.24,6.44
IT/11_CF44_2/11_CF44_2_2.wav,3.89,5.1
IT/11_CF44_2/11_CF44_2_2.wav,7.81,8.79
IT/11_CF44_2/11_CF44_2_2.wav,11.55,12.73
IT/11_CF44_2/11_CF44_2_2.wav,14.93,16.22
IT/11_CF44_2/11_CF44_2_2.wav,18.7,20.65
IT/11_CF44_2/11_CF44_2_2.wav,22.93,23.2
IT/11_CF44_2/11_CF44_2_2.wav,25.76,25.96
IT/11_CF44_2/11_CF44_2_2.wav,30.23,31.32
IT/11_CF44_2/11_CF44_2_2.wav,35.42,36.41
IT/11_CF44_2/11_CF44_2_2.wav,42.19,42.81
IT/11_CF44_2/11_CF44_2_2.wav,44.83,45.37
IT/11_CF44_2/11_CF44_2_2.wav,45.58,45.83
IT/11_CF44_2/11_CF44_2_2.wav,50.28,51.11
IT/11_CF44_2/11_CF44_2_2.wav,54.18,54.76
IT/11_CF44_2/11_CF44_2_2.wav,56.67,57.08
IT/11_CF44_2/11_CF44_2_2.wav,58.38,58.69
IT/11_CF44_2/11_CF44_2_4.wav,4.98,5.37
IT/11_CF44_2/11_CF44_2_4.wav,5.61,6.37
IT/11_CF44_2/11_CF44_2_4.wav,8.21,8.85
IT/11_CF44_2/11_CF44_2_1.wav,5.81,6.52
IT/11_CF44_2/11_CF44_2_1.wav,8.55,8.82
IT/11_CF44_2/11_CF44_2_1.wav,9.86,10.81
IT/11_CF44_2/11_CF44_2_1.wav,13.3,13.53
IT/11_CF44_2/11_CF44_2_1.wav,14.15,15.44
IT/11_CF44_2/11_CF44_2_1.wav,18.58,19.38
IT/11_CF44_2/11_CF44_2_1.wav,21.65,22.04
IT/11_CF44_2/11_CF44_2_1.wav,22.64,22.89
IT/11_CF44_2/11_CF44_2_5.wav,2.03,2.43
IT/11_CF44_2/11_CF44_2_5.wav,4.88,5.72
IT/11_CF44_2/11_CF44_2_5.wav,9.15,10.18
IT/11_CF44_2/11_CF44_2_5.wav,10.73,10.96
IT/11_CF44_2/11_CF44_2_5.wav,17.09,17.76
IT/11_CF44_2/11_CF44_2_6.wav,6.85,7.48
IT/11_CF44_2/11_CF44_2_6.wav,10.61,11.44
IT/11_CF44_2/11_CF44_2_6.wav,14.32,14.71
IT/11_CF44_2/11_CF44_2_6.wav,20.13,20.42
IT/11_CF44_2/11_CF44_2_6.wav,22.17,22.54
IT/11_CF44_2/11_CF44_2_6.wav,27.87,28.43
IT/11_CF44_2/11_CF44_2_6.wav,35.99,37.4
IT/11_CF44_2/11_CF44_2_6.wav,39.6,40.5
IT/11_CF44_2/11_CF44_2_6.wav,46.33,47.03
IT/11_CF44_2/11_CF44_2_6.wav,49.19,49.58
IT/11_CF44_2/11_CF44_2_6.wav,52.28,53.4
IT/11_CF44_2/11_CF44_2_6.wav,54.41,55.35
IT/11_CF44_2/11_CF44_2_6.wav,57.18,58.45
IT/11_CF44_2/11_CF44_2_3.wav,3.97,5.38
IT/11_CF44_2/11_CF44_2_3.wav,7.98,8.58
IT/11_CF44_2/11_CF44_2_3.wav,10.27,11.63
IT/11_CF44_2/11_CF44_2_3.wav,16.22,17.12
IT/11_CF44_2/11_CF44_2_3.wav,21.07,21.72
IT/11_CF44_2/11_CF44_2_3.wav,29.61,30.02
IT/11_CF44_2/11_CF44_2_3.wav,33.8,34.35
IT/11_CF44_2/11_CF44_2_3.wav,37.52,37.83
IT/11_CF44_2/11_CF44_2_3.wav,41.15,41.43
IT/11_CF44_2/11_CF44_2_3.wav,43.47,44.33
IT/11_CF44_2/11_CF44_2_3.wav,46.77,47.52
IT/11_CF44_2/11_CF44_2_3.wav,49.04,49.31
IT/11_CF44_2/11_CF44_2_3.wav,50.96,52.09
IT/11_CF44_2/11_CF44_2_3.wav,53.29,53.66
IT/11_CF44_2/11_CF44_2_3.wav,55.57,56.39
IT/11_CF44_2/11_CF44_2_3.wav,61.28,62.11
IT/11_CF44_2/11_CF44_2_3.wav,67.14,67.97
IT/11_CF44_2/11_CF44_2_3.wav,68.93,69.5
IT/11_CF44_2/11_CF44_2_3.wav,71.33,71.91
IT/11_CF44_2/11_CF44_2_3.wav,83.48,84.27
IT/11_CF44_2/11_CF44_2_3.wav,86.59,87.19
IT/11_CF44_2/11_CF44_2_3.wav,90.46,90.88
IT/11_CF44_2/11_CF44_2_3.wav,93.93,94.31
IT/11_CF44_2/11_CF44_2_3.wav,98.05,98.67
IT/18_CM64_3/18_CM64_3_2.wav,3.07,3.42
IT/18_CM64_3/18_CM64_3_2.wav,4.24,4.55
IT/18_CM64_3/18_CM64_3_2.wav,11.61,12.09
IT/18_CM64_3/18_CM64_3_2.wav,17.3,17.77
IT/18_CM64_3/18_CM64_3_2.wav,18.81,19.26
IT/18_CM64_3/18_CM64_3_2.wav,24.26,24.72
IT/18_CM64_3/18_CM64_3_2.wav,26.06,26.65
IT/18_CM64_3/18_CM64_3_2.wav,34.51,35.92
IT/18_CM64_3/18_CM64_3_2.wav,42.09,44.0
IT/18_CM64_3/18_CM64_3_2.wav,48.82,49.26
IT/18_CM64_3/18_CM64_3_2.wav,54.59,54.98
IT/18_CM64_3/18_CM64_3_1.wav,5.24,5.62
IT/18_CM64_3/18_CM64_3_1.wav,11.42,11.82
IT/18_CM64_3/18_CM64_3_1.wav,13.89,14.18
IT/18_CM64_3/18_CM64_3_1.wav,16.04,16.64
IT/18_CM64_3/18_CM64_3_1.wav,19.06,19.79
IT/18_CM64_3/18_CM64_3_1.wav,25.58,26.16
IT/18_CM64_3/18_CM64_3_1.wav,28.88,29.52
IT/18_CM64_3/18_CM64_3_1.wav,33.18,33.81
IT/18_CM64_3/18_CM64_3_1.wav,36.79,37.03
IT/18_CM64_3/18_CM64_3_1.wav,40.38,40.65
IT/18_CM64_3/18_CM64_3_1.wav,45.86,46.39
IT/18_CM64_3/18_CM64_3_1.wav,47.78,48.21
IT/18_CM64_3/18_CM64_3_1.wav,51.97,52.5
IT/18_CM64_3/18_CM64_3_1.wav,58.47,58.96
IT/18_CM64_3/18_CM64_3_1.wav,60.34,60.71
IT/18_CM64_3/18_CM64_3_1.wav,66.25,67.08
IT/18_CM64_3/18_CM64_3_1.wav,68.92,69.19
IT/18_CM64_3/18_CM64_3_1.wav,75.23,75.82
IT/18_CM64_3/18_CM64_3_1.wav,77.58,78.13
IT/18_CM64_3/18_CM64_3_1.wav,79.67,80.11
IT/18_CM64_3/18_CM64_3_1.wav,82.48,83.01
IT/18_CM64_3/18_CM64_3_1.wav,88.1,88.75
IT/18_CM64_3/18_CM64_3_1.wav,89.16,89.57
IT/18_CM64_3/18_CM64_3_1.wav,93.65,94.08
IT/18_CM64_3/18_CM64_3_1.wav,102.38,102.89
IT/18_CM64_3/18_CM64_3_1.wav,104.88,105.52
IT/18_CM64_3/18_CM64_3_1.wav,109.45,109.85
IT/18_CM64_3/18_CM64_3_1.wav,112.86,113.38
IT/18_CM64_3/18_CM64_3_1.wav,119.6,119.87
IT/18_CM64_3/18_CM64_3_1.wav,120.84,121.31
IT/18_CM64_3/18_CM64_3_1.wav,122.83,123.37
IT/18_CM64_3/18_CM64_3_1.wav,129.85,130.22
IT/18_CM64_3/18_CM64_3_1.wav,135.04,135.64
IT/18_CM64_3/18_CM64_3_1.wav,141.98,143.42
IT/18_CM64_3/18_CM64_3_1.wav,146.82,147.08
IT/18_CM64_3/18_CM64_3_1.wav,148.47,148.89
IT/18_CM64_3/18_CM64_3_1.wav,152.12,152.43
IT/18_CM64_3/18_CM64_3_1.wav,155.63,156.07
IT/18_CM64_3/18_CM64_3_1.wav,161.49,161.9
IT/18_CM64_3/18_CM64_3_1.wav,165.74,166.16
IT/18_CM64_3/18_CM64_3_1.wav,167.42,167.69
IT/18_CM64_3/18_CM64_3_3.wav,7.47,7.89
IT/18_CM64_3/18_CM64_3_3.wav,13.47,13.88
IT/18_CM64_3/18_CM64_3_3.wav,19.12,19.59
IT/18_CM64_3/18_CM64_3_3.wav,22.33,22.69
IT/18_CM64_3/18_CM64_3_3.wav,25.7,26.49
IT/18_CM64_3/18_CM64_3_3.wav,27.26,27.74
IT/18_CM64_3/18_CM64_3_3.wav,31.71,32.03
IT/18_CM64_3/18_CM64_3_3.wav,34.73,35.13
IT/18_CM64_3/18_CM64_3_3.wav,40.75,41.08
IT/18_CM64_3/18_CM64_3_3.wav,46.25,46.5
IT/18_CM64_3/18_CM64_3_3.wav,49.02,49.6
IT/18_CM64_3/18_CM64_3_3.wav,54.65,55.09
IT/18_CM64_3/18_CM64_3_3.wav,59.86,60.23
IT/18_CM64_3/18_CM64_3_3.wav,61.78,62.73
IT/18_CM64_3/18_CM64_3_3.wav,63.64,64.25
IT/50_CF46_2/50_CF46_2_3.wav,6.25,6.81
IT/50_CF46_2/50_CF46_2_13.wav,1.83,2.35
IT/50_CF46_2/50_CF46_2_7.wav,1.54,1.95
IT/50_CF46_2/50_CF46_2_12.wav,0.0,0.49
IT/50_CF46_2/50_CF46_2_12.wav,2.53,3.32
IT/50_CF46_2/50_CF46_2_12.wav,4.49,4.85
IT/50_CF46_2/50_CF46_2_12.wav,6.28,6.91
IT/50_CF46_2/50_CF46_2_8.wav,0.84,1.15
IT/50_CF46_2/50_CF46_2_8.wav,2.25,2.71
IT/50_CF46_2/50_CF46_2_8.wav,4.53,4.76
IT/50_CF46_2/50_CF46_2_8.wav,6.89,8.01
IT/50_CF46_2/50_CF46_2_4.wav,4.49,4.82
IT/50_CF46_2/50_CF46_2_11.wav,5.32,5.66
IT/50_CF46_2/50_CF46_2_11.wav,9.46,10.15
IT/50_CF46_2/50_CF46_2_11.wav,11.09,11.56
IT/50_CF46_2/50_CF46_2_11.wav,12.87,13.58
IT/50_CF46_2/50_CF46_2_11.wav,19.19,19.76
IT/50_CF46_2/50_CF46_2_9.wav,2.86,3.08
IT/50_CF46_2/50_CF46_2_9.wav,6.86,7.25
IT/50_CF46_2/50_CF46_2_1.wav,0.19,0.42
IT/50_CF46_2/50_CF46_2_1.wav,2.42,2.82
IT/50_CF46_2/50_CF46_2_1.wav,7.54,8.18
IT/50_CF46_2/50_CF46_2_1.wav,9.23,9.73
IT/50_CF46_2/50_CF46_2_16.wav,8.15,8.77
IT/50_CF46_2/50_CF46_2_16.wav,10.47,11.06
IT/50_CF46_2/50_CF46_2_16.wav,15.72,16.42
IT/50_CF46_2/50_CF46_2_16.wav,19.82,20.06
IT/50_CF46_2/50_CF46_2_16.wav,21.75,22.04
IT/50_CF46_2/50_CF46_2_16.wav,25.62,26.01
IT/50_CF46_2/50_CF46_2_16.wav,29.99,30.46
IT/50_CF46_2/50_CF46_2_16.wav,33.69,34.06
IT/50_CF46_2/50_CF46_2_16.wav,38.15,39.49
IT/50_CF46_2/50_CF46_2_5.wav,0.59,0.83
IT/50_CF46_2/50_CF46_2_5.wav,1.77,2.29
IT/50_CF46_2/50_CF46_2_5.wav,8.35,8.65
IT/50_CF46_2/50_CF46_2_5.wav,12.17,12.52
IT/50_CF46_2/50_CF46_2_2.wav,0.0,0.66
IT/50_CF46_2/50_CF46_2_2.wav,8.54,9.15
IT/50_CF46_2/50_CF46_2_2.wav,12.47,12.94
IT/50_CF46_2/50_CF46_2_2.wav,14.12,14.68
IT/48_CF34_3/48_CF34_3_6.wav,3.43,3.85
IT/48_CF34_3/48_CF34_3_6.wav,5.44,6.0
IT/48_CF34_3/48_CF34_3_6.wav,8.13,8.63
IT/48_CF34_3/48_CF34_3_6.wav,9.27,9.58
IT/48_CF34_3/48_CF34_3_5.wav,0.87,1.09
IT/48_CF34_3/48_CF34_3_5.wav,2.4,2.93
IT/48_CF34_3/48_CF34_3_1.wav,5.37,5.66
IT/48_CF34_3/48_CF34_3_1.wav,7.92,8.44
IT/48_CF34_3/48_CF34_3_21.wav,2.16,2.43
IT/48_CF34_3/48_CF34_3_3.wav,0.42,0.73
IT/48_CF34_3/48_CF34_3_9.wav,4.45,4.8
IT/48_CF34_3/48_CF34_3_17.wav,4.0,4.39
IT/48_CF34_3/48_CF34_3_17.wav,7.58,8.41
IT/48_CF34_3/48_CF34_3_17.wav,11.81,12.61
IT/48_CF34_3/48_CF34_3_17.wav,13.92,14.53
IT/48_CF34_3/48_CF34_3_7.wav,3.32,3.85
IT/48_CF34_3/48_CF34_3_7.wav,7.94,8.35
IT/48_CF34_3/48_CF34_3_7.wav,10.34,11.11
IT/48_CF34_3/48_CF34_3_12.wav,4.89,5.5
IT/48_CF34_3/48_CF34_3_12.wav,9.15,9.6
IT/48_CF34_3/48_CF34_3_15.wav,1.29,2.1
IT/48_CF34_3/48_CF34_3_15.wav,6.09,6.73
IT/48_CF34_3/48_CF34_3_15.wav,7.48,7.78
IT/48_CF34_3/48_CF34_3_14.wav,7.0,7.4
IT/48_CF34_3/48_CF34_3_19.wav,8.54,9.1
IT/48_CF34_3/48_CF34_3_11.wav,1.04,1.77
IT/32_PF51_2/32_PF51_2_1.wav,1.99,3.35
IT/32_PF51_2/32_PF51_2_1.wav,5.68,7.22
IT/32_PF51_2/32_PF51_2_1.wav,11.61,12.21
IT/32_PF51_2/32_PF51_2_1.wav,13.65,14.04
IT/32_PF51_2/32_PF51_2_1.wav,15.78,16.5
IT/32_PF51_2/32_PF51_2_1.wav,19.83,20.39
IT/32_PF51_2/32_PF51_2_1.wav,22.17,22.99
IT/32_PF51_2/32_PF51_2_1.wav,24.53,25.01
IT/32_PF51_2/32_PF51_2_1.wav,27.68,28.38
IT/32_PF51_2/32_PF51_2_1.wav,30.13,31.32
IT/32_PF51_2/32_PF51_2_2.wav,3.99,4.92
IT/32_PF51_2/32_PF51_2_2.wav,7.23,7.85
IT/32_PF51_2/32_PF51_2_3.wav,3.98,4.36
IT/32_PF51_2/32_PF51_2_3.wav,5.44,7.22
IT/32_PF51_2/32_PF51_2_3.wav,10.85,11.15
IT/32_PF51_2/32_PF51_2_3.wav,14.57,15.24
IT/47_PF42_2/47_PF42_2_5.wav,0.67,1.44
IT/47_PF42_2/47_PF42_2_3.wav,2.76,3.05
IT/47_PF42_2/47_PF42_2_3.wav,8.75,9.13
IT/47_PF42_2/47_PF42_2_3.wav,11.01,11.24
IT/47_PF42_2/47_PF42_2_3.wav,11.95,12.35
IT/47_PF42_2/47_PF42_2_3.wav,13.2,13.59
IT/47_PF42_2/47_PF42_2_3.wav,15.3,15.68
IT/47_PF42_2/47_PF42_2_3.wav,16.68,17.08
IT/47_PF42_2/47_PF42_2_4.wav,0.29,0.52
IT/47_PF42_2/47_PF42_2_4.wav,4.45,5.06
IT/47_PF42_2/47_PF42_2_4.wav,5.82,6.58
IT/47_PF42_2/47_PF42_2_4.wav,7.55,7.79
IT/47_PF42_2/47_PF42_2_4.wav,8.41,8.64
IT/47_PF42_2/47_PF42_2_4.wav,13.82,14.27
IT/47_PF42_2/47_PF42_2_4.wav,19.08,20.24
IT/47_PF42_2/47_PF42_2_4.wav,20.87,21.13
IT/47_PF42_2/47_PF42_2_4.wav,21.66,22.09
IT/47_PF42_2/47_PF42_2_4.wav,23.31,23.92
IT/47_PF42_2/47_PF42_2_4.wav,25.09,26.44
IT/47_PF42_2/47_PF42_2_4.wav,28.63,29.21
IT/47_PF42_2/47_PF42_2_4.wav,29.5,29.93
IT/47_PF42_2/47_PF42_2_4.wav,30.13,30.91
IT/47_PF42_2/47_PF42_2_4.wav,33.37,34.21
IT/47_PF42_2/47_PF42_2_4.wav,35.16,35.59
IT/47_PF42_2/47_PF42_2_4.wav,36.48,36.9
IT/47_PF42_2/47_PF42_2_4.wav,38.57,39.5
IT/47_PF42_2/47_PF42_2_4.wav,44.25,44.61
IT/47_PF42_2/47_PF42_2_4.wav,46.6,47.58
IT/47_PF42_2/47_PF42_2_4.wav,48.49,48.8
IT/47_PF42_2/47_PF42_2_6.wav,7.26,7.71
IT/47_PF42_2/47_PF42_2_6.wav,9.75,10.17
IT/47_PF42_2/47_PF42_2_6.wav,15.98,16.77
IT/47_PF42_2/47_PF42_2_6.wav,20.27,20.92
IT/47_PF42_2/47_PF42_2_6.wav,23.61,24.06
IT/47_PF42_2/47_PF42_2_6.wav,25.3,25.67
IT/47_PF42_2/47_PF42_2_6.wav,26.97,27.54
IT/47_PF42_2/47_PF42_2_6.wav,29.13,29.54
IT/47_PF42_2/47_PF42_2_6.wav,31.76,32.0
IT/47_PF42_2/47_PF42_2_6.wav,34.28,34.5
IT/47_PF42_2/47_PF42_2_6.wav,37.82,38.13
IT/47_PF42_2/47_PF42_2_6.wav,41.19,41.54
IT/47_PF42_2/47_PF42_2_6.wav,46.73,47.03
IT/47_PF42_2/47_PF42_2_6.wav,49.38,49.66
IT/47_PF42_2/47_PF42_2_6.wav,51.16,51.61
IT/47_PF42_2/47_PF42_2_6.wav,54.24,54.46
IT/47_PF42_2/47_PF42_2_6.wav,56.31,56.73
IT/47_PF42_2/47_PF42_2_6.wav,59.78,60.07
IT/47_PF42_2/47_PF42_2_6.wav,60.65,61.36
IT/47_PF42_2/47_PF42_2_6.wav,64.84,65.53
IT/47_PF42_2/47_PF42_2_6.wav,66.68,67.2
IT/47_PF42_2/47_PF42_2_6.wav,68.26,68.63
IT/47_PF42_2/47_PF42_2_6.wav,73.02,73.39
IT/47_PF42_2/47_PF42_2_6.wav,73.58,73.96
IT/47_PF42_2/47_PF42_2_6.wav,75.04,75.28
IT/47_PF42_2/47_PF42_2_6.wav,76.12,76.39
IT/47_PF42_2/47_PF42_2_6.wav,80.01,80.37
IT/47_PF42_2/47_PF42_2_6.wav,85.33,85.79
IT/47_PF42_2/47_PF42_2_6.wav,85.87,86.19
IT/47_PF42_2/47_PF42_2_6.wav,86.66,87.12
IT/47_PF42_2/47_PF42_2_6.wav,88.96,89.2
IT/47_PF42_2/47_PF42_2_2.wav,3.86,4.08
IT/47_PF42_2/47_PF42_2_2.wav,5.76,6.11
IT/47_PF42_2/47_PF42_2_2.wav,8.42,8.69
IT/47_PF42_2/47_PF42_2_2.wav,10.65,10.89
IT/47_PF42_2/47_PF42_2_2.wav,12.86,13.21
IT/47_PF42_2/47_PF42_2_2.wav,13.66,14.17
IT/47_PF42_2/47_PF42_2_2.wav,16.86,17.21
IT/47_PF42_2/47_PF42_2_2.wav,20.98,21.46
IT/47_PF42_2/47_PF42_2_2.wav,23.41,23.7
IT/47_PF42_2/47_PF42_2_2.wav,26.49,26.86
IT/47_PF42_2/47_PF42_2_2.wav,30.32,30.59
IT/47_PF42_2/47_PF42_2_2.wav,41.45,43.31
IT/14_CF49_3/14_CF49_3_2.wav,0.64,1.04
IT/14_CF49_3/14_CF49_3_2.wav,4.46,5.59
IT/14_CF49_3/14_CF49_3_2.wav,9.85,10.62
IT/14_CF49_3/14_CF49_3_6.wav,4.18,4.79
IT/14_CF49_3/14_CF49_3_12.wav,5.57,5.89
IT/14_CF49_3/14_CF49_3_12.wav,8.15,9.08
IT/14_CF49_3/14_CF49_3_12.wav,9.39,10.08
IT/14_CF49_3/14_CF49_3_12.wav,12.68,13.14
IT/14_CF49_3/14_CF49_3_12.wav,19.86,20.3
IT/14_CF49_3/14_CF49_3_12.wav,25.1,25.52
IT/14_CF49_3/14_CF49_3_12.wav,30.49,30.86
IT/14_CF49_3/14_CF49_3_5.wav,9.23,9.74
IT/14_CF49_3/14_CF49_3_5.wav,15.37,15.92
IT/14_CF49_3/14_CF49_3_5.wav,24.36,24.82
IT/14_CF49_3/14_CF49_3_3.wav,1.69,2.22
IT/14_CF49_3/14_CF49_3_3.wav,4.13,5.16
IT/14_CF49_3/14_CF49_3_3.wav,7.48,7.88
IT/14_CF49_3/14_CF49_3_3.wav,15.76,16.35
IT/14_CF49_3/14_CF49_3_3.wav,17.83,18.63
IT/14_CF49_3/14_CF49_3_3.wav,24.33,24.99
IT/14_CF49_3/14_CF49_3_3.wav,26.77,27.14
IT/14_CF49_3/14_CF49_3_3.wav,33.29,33.65
IT/14_CF49_3/14_CF49_3_3.wav,36.7,37.15
IT/14_CF49_3/14_CF49_3_3.wav,39.08,39.67
IT/14_CF49_3/14_CF49_3_8.wav,4.6,5.24
IT/14_CF49_3/14_CF49_3_8.wav,8.3,8.55
IT/14_CF49_3/14_CF49_3_8.wav,8.59,8.94
IT/14_CF49_3/14_CF49_3_11.wav,0.93,1.46
IT/14_CF49_3/14_CF49_3_11.wav,4.91,5.48
IT/14_CF49_3/14_CF49_3_10.wav,2.47,2.82
IT/14_CF49_3/14_CF49_3_10.wav,4.2,4.91
IT/14_CF49_3/14_CF49_3_10.wav,6.85,7.41
IT/14_CF49_3/14_CF49_3_1.wav,3.8,5.49
IT/14_CF49_3/14_CF49_3_1.wav,9.09,9.88
IT/14_CF49_3/14_CF49_3_1.wav,12.26,12.61
IT/14_CF49_3/14_CF49_3_1.wav,15.23,15.82
IT/14_CF49_3/14_CF49_3_1.wav,16.88,17.25
IT/14_CF49_3/14_CF49_3_1.wav,19.74,21.47
IT/14_CF49_3/14_CF49_3_1.wav,22.33,22.69
IT/14_CF49_3/14_CF49_3_1.wav,23.89,24.52
IT/14_CF49_3/14_CF49_3_1.wav,26.51,27.05
IT/29_PF42_3/29_PF42_3_1.wav,4.78,5.23
IT/29_PF42_3/29_PF42_3_1.wav,9.96,10.33
IT/29_PF42_3/29_PF42_3_1.wav,15.16,15.54
IT/29_PF42_3/29_PF42_3_1.wav,18.05,18.39
IT/29_PF42_3/29_PF42_3_1.wav,23.76,24.04
IT/29_PF42_3/29_PF42_3_1.wav,24.33,24.63
IT/29_PF42_3/29_PF42_3_1.wav,33.54,34.04
IT/29_PF42_3/29_PF42_3_1.wav,35.31,35.97
IT/29_PF42_3/29_PF42_3_1.wav,42.64,43.18
IT/29_PF42_3/29_PF42_3_1.wav,45.39,45.85
IT/29_PF42_3/29_PF42_3_1.wav,48.66,49.21
IT/29_PF42_3/29_PF42_3_1.wav,53.97,54.43
IT/29_PF42_3/29_PF42_3_1.wav,59.14,59.82
IT/29_PF42_3/29_PF42_3_1.wav,64.77,65.61
IT/29_PF42_3/29_PF42_3_1.wav,71.7,72.48
IT/29_PF42_3/29_PF42_3_1.wav,78.25,78.7
IT/29_PF42_3/29_PF42_3_1.wav,82.0,82.48
IT/29_PF42_3/29_PF42_3_1.wav,86.4,87.02
IT/29_PF42_3/29_PF42_3_1.wav,87.75,88.34
IT/29_PF42_3/29_PF42_3_1.wav,92.62,92.95
IT/29_PF42_3/29_PF42_3_1.wav,95.81,96.22
IT/29_PF42_3/29_PF42_3_1.wav,101.21,101.75
IT/29_PF42_3/29_PF42_3_1.wav,102.11,103.17
IT/29_PF42_3/29_PF42_3_1.wav,104.65,105.18
IT/29_PF42_3/29_PF42_3_1.wav,112.5,112.7
IT/29_PF42_3/29_PF42_3_1.wav,113.07,113.73
IT/29_PF42_3/29_PF42_3_1.wav,116.62,117.22
IT/29_PF42_3/29_PF42_3_1.wav,124.81,125.34
IT/29_PF42_3/29_PF42_3_1.wav,131.39,131.95
IT/29_PF42_3/29_PF42_3_1.wav,135.37,135.75
IT/29_PF42_3/29_PF42_3_1.wav,139.95,140.76
IT/29_PF42_3/29_PF42_3_1.wav,143.24,144.56
IT/14_PF35_3/14_PF35_3_2.wav,10.4,11.05
IT/14_PF35_3/14_PF35_3_2.wav,13.98,14.48
IT/14_PF35_3/14_PF35_3_2.wav,20.0,20.54
IT/14_PF35_3/14_PF35_3_2.wav,22.55,23.28
IT/14_PF35_3/14_PF35_3_2.wav,26.86,27.39
IT/14_PF35_3/14_PF35_3_3.wav,4.9,5.73
IT/14_PF35_3/14_PF35_3_3.wav,13.1,13.73
IT/14_PF35_3/14_PF35_3_3.wav,15.17,16.81
IT/14_PF35_3/14_PF35_3_3.wav,20.65,21.29
IT/14_PF35_3/14_PF35_3_3.wav,28.64,29.17
IT/14_PF35_3/14_PF35_3_4.wav,4.49,5.04
IT/14_PF35_3/14_PF35_3_4.wav,8.98,9.76
IT/14_PF35_3/14_PF35_3_1.wav,2.84,3.28
IT/14_PF35_3/14_PF35_3_1.wav,5.59,5.94
IT/14_PF35_3/14_PF35_3_1.wav,12.88,13.37
IT/14_PF35_3/14_PF35_3_1.wav,20.76,21.23
IT/14_PF35_3/14_PF35_3_1.wav,31.46,31.92
IT/14_PF35_3/14_PF35_3_1.wav,36.73,38.04
IT/14_PF35_3/14_PF35_3_1.wav,38.43,38.93
IT/49_PM31_3/49_PM31_3_2.wav,2.51,2.97
IT/49_PM31_3/49_PM31_3_2.wav,4.06,6.2
IT/49_PM31_3/49_PM31_3_2.wav,10.5,10.83
IT/49_PM31_3/49_PM31_3_2.wav,12.02,13.3
IT/49_PM31_3/49_PM31_3_2.wav,14.05,15.77
IT/49_PM31_3/49_PM31_3_2.wav,18.8,19.31
IT/49_PM31_3/49_PM31_3_2.wav,19.9,20.63
IT/49_PM31_3/49_PM31_3_2.wav,21.45,22.13
IT/49_PM31_3/49_PM31_3_2.wav,24.68,25.18
IT/49_PM31_3/49_PM31_3_2.wav,27.81,28.96
IT/49_PM31_3/49_PM31_3_2.wav,30.05,30.69
IT/49_PM31_3/49_PM31_3_2.wav,31.62,32.16
IT/49_PM31_3/49_PM31_3_2.wav,33.34,33.69
IT/49_PM31_3/49_PM31_3_1.wav,1.77,1.99
IT/49_PM31_3/49_PM31_3_1.wav,2.98,5.05
IT/49_PM31_3/49_PM31_3_1.wav,5.93,6.43
IT/49_PM31_3/49_PM31_3_1.wav,6.74,8.42
IT/49_PM31_3/49_PM31_3_1.wav,9.86,11.19
IT/49_PM31_3/49_PM31_3_1.wav,14.37,15.59
IT/49_PM31_3/49_PM31_3_1.wav,17.84,18.53
IT/49_PM31_3/49_PM31_3_1.wav,20.72,21.5
IT/49_PM31_3/49_PM31_3_1.wav,23.53,23.75
IT/49_PM31_3/49_PM31_3_1.wav,24.56,25.53
IT/49_PM31_3/49_PM31_3_1.wav,26.08,27.0
IT/49_PM31_3/49_PM31_3_1.wav,29.1,29.34
IT/49_PM31_3/49_PM31_3_1.wav,31.43,31.65
IT/49_PM31_3/49_PM31_3_1.wav,32.26,33.06
IT/49_PM31_3/49_PM31_3_1.wav,34.43,34.67
IT/49_PM31_3/49_PM31_3_1.wav,34.86,35.59
IT/49_PM31_3/49_PM31_3_1.wav,37.6,38.24
IT/49_PM31_3/49_PM31_3_1.wav,41.13,42.94
IT/49_PM31_3/49_PM31_3_1.wav,44.09,44.74
IT/49_PM31_3/49_PM31_3_1.wav,45.49,45.84
IT/49_PM31_3/49_PM31_3_1.wav,47.44,48.07
IT/49_PM31_3/49_PM31_3_1.wav,49.17,49.51
IT/49_PM31_3/49_PM31_3_1.wav,50.86,51.83
IT/49_PM31_3/49_PM31_3_1.wav,52.7,52.9
IT/49_PM31_3/49_PM31_3_1.wav,53.25,53.45
IT/49_PM31_3/49_PM31_3_4.wav,2.31,3.74
IT/49_PM31_3/49_PM31_3_4.wav,5.72,6.76
IT/49_PM31_3/49_PM31_3_4.wav,7.84,9.06
IT/49_PM31_3/49_PM31_3_4.wav,12.89,14.35
IT/49_PM31_3/49_PM31_3_4.wav,17.13,17.52
IT/49_PM31_3/49_PM31_3_5.wav,2.17,3.85
IT/49_PM31_3/49_PM31_3_5.wav,6.53,10.21
IT/49_PM31_3/49_PM31_3_5.wav,11.49,11.95
IT/49_PM31_3/49_PM31_3_3.wav,1.42,1.64
IT/49_PM31_3/49_PM31_3_3.wav,3.05,4.36
IT/49_PM31_3/49_PM31_3_3.wav,5.71,6.95
IT/49_PM31_3/49_PM31_3_3.wav,10.72,11.76
IT/49_PM31_3/49_PM31_3_3.wav,12.15,12.81
IT/44_CF37_3/44_CF37_3_5.wav,1.61,2.26
IT/44_CF37_3/44_CF37_3_5.wav,5.15,5.78
IT/44_CF37_3/44_CF37_3_5.wav,8.97,9.56
IT/44_CF37_3/44_CF37_3_5.wav,12.68,13.1
IT/44_CF37_3/44_CF37_3_5.wav,16.27,16.68
IT/44_CF37_3/44_CF37_3_5.wav,22.18,23.27
IT/44_CF37_3/44_CF37_3_5.wav,33.14,33.94
IT/44_CF37_3/44_CF37_3_5.wav,34.83,35.57
IT/44_CF37_3/44_CF37_3_10.wav,5.74,6.24
IT/44_CF37_3/44_CF37_3_10.wav,7.68,8.24
IT/44_CF37_3/44_CF37_3_10.wav,10.23,10.92
IT/44_CF37_3/44_CF37_3_10.wav,11.75,12.65
IT/44_CF37_3/44_CF37_3_10.wav,15.62,16.33
IT/44_CF37_3/44_CF37_3_3.wav,2.28,3.27
IT/44_CF37_3/44_CF37_3_3.wav,4.52,5.97
IT/44_CF37_3/44_CF37_3_1.wav,2.96,5.53
IT/44_CF37_3/44_CF37_3_1.wav,10.91,11.75
IT/44_CF37_3/44_CF37_3_1.wav,12.66,12.96
IT/44_CF37_3/44_CF37_3_1.wav,14.4,15.76
IT/44_CF37_3/44_CF37_3_1.wav,18.76,19.6
IT/44_CF37_3/44_CF37_3_7.wav,3.39,3.64
IT/44_CF37_3/44_CF37_3_7.wav,4.65,5.42
IT/44_CF37_3/44_CF37_3_7.wav,13.09,13.61
IT/44_CF37_3/44_CF37_3_7.wav,17.18,17.39
IT/44_CF37_3/44_CF37_3_7.wav,19.76,20.04
IT/44_CF37_3/44_CF37_3_7.wav,22.49,23.2
IT/44_CF37_3/44_CF37_3_7.wav,26.47,26.88
IT/44_CF37_3/44_CF37_3_11.wav,2.98,3.28
IT/44_CF37_3/44_CF37_3_11.wav,7.22,7.5
IT/44_CF37_3/44_CF37_3_11.wav,14.08,14.48
IT/44_CF37_3/44_CF37_3_11.wav,15.42,15.96
IT/44_CF37_3/44_CF37_3_11.wav,19.63,20.14
IT/44_CF37_3/44_CF37_3_11.wav,21.89,22.45
IT/44_CF37_3/44_CF37_3_9.wav,9.28,9.79
IT/44_CF37_3/44_CF37_3_8.wav,0.0,0.64
IT/44_CF37_3/44_CF37_3_8.wav,8.19,8.84
IT/44_CF37_3/44_CF37_3_8.wav,13.94,14.32
IT/44_CF37_3/44_CF37_3_6.wav,5.47,5.96
IT/44_CF37_3/44_CF37_3_4.wav,1.61,2.83
IT/44_CF37_3/44_CF37_3_4.wav,6.15,6.63
IT/44_CF37_3/44_CF37_3_4.wav,11.75,12.4
IT/44_CF37_3/44_CF37_3_4.wav,14.42,14.7
IT/44_CF37_3/44_CF37_3_2.wav,0.23,0.53
IT/10_PF51_1/10_PF51_1_1.wav,1.67,2.41
IT/10_PF51_1/10_PF51_1_1.wav,3.57,4.35
IT/10_PF51_1/10_PF51_1_1.wav,6.63,7.81
IT/10_PF51_1/10_PF51_1_1.wav,10.3,10.96
IT/10_PF51_1/10_PF51_1_1.wav,12.39,12.6
IT/10_PF51_1/10_PF51_1_1.wav,13.4,14.1
IT/10_PF51_1/10_PF51_1_1.wav,20.39,22.06
IT/10_PF51_1/10_PF51_1_1.wav,28.8,29.37
IT/10_PF51_1/10_PF51_1_1.wav,33.4,34.86
IT/10_PF51_1/10_PF51_1_1.wav,37.58,37.89
IT/10_PF51_1/10_PF51_1_1.wav,41.94,42.61
IT/10_PF51_1/10_PF51_1_1.wav,48.73,49.83
IT/10_PF51_1/10_PF51_1_1.wav,49.94,50.58
IT/10_PF51_1/10_PF51_1_1.wav,51.42,51.94
IT/10_PF51_1/10_PF51_1_5.wav,9.66,10.63
IT/10_PF51_1/10_PF51_1_5.wav,13.31,14.45
IT/10_PF51_1/10_PF51_1_5.wav,16.98,17.76
IT/10_PF51_1/10_PF51_1_5.wav,21.07,21.64
IT/10_PF51_1/10_PF51_1_5.wav,22.36,23.73
IT/10_PF51_1/10_PF51_1_5.wav,29.72,29.97
IT/10_PF51_1/10_PF51_1_5.wav,31.21,31.91
IT/10_PF51_1/10_PF51_1_5.wav,36.75,37.95
IT/10_PF51_1/10_PF51_1_5.wav,39.66,39.97
IT/10_PF51_1/10_PF51_1_5.wav,40.34,40.67
IT/10_PF51_1/10_PF51_1_5.wav,44.33,45.1
IT/10_PF51_1/10_PF51_1_5.wav,55.18,55.56
IT/10_PF51_1/10_PF51_1_5.wav,58.2,59.73
IT/10_PF51_1/10_PF51_1_5.wav,61.76,62.15
IT/10_PF51_1/10_PF51_1_5.wav,64.3,64.74
IT/10_PF51_1/10_PF51_1_5.wav,66.54,68.35
IT/10_PF51_1/10_PF51_1_5.wav,70.62,72.41
IT/10_PF51_1/10_PF51_1_5.wav,73.26,73.61
IT/10_PF51_1/10_PF51_1_5.wav,78.43,78.74
IT/10_PF51_1/10_PF51_1_5.wav,80.53,81.21
IT/10_PF51_1/10_PF51_1_5.wav,84.13,85.64
IT/10_PF51_1/10_PF51_1_5.wav,88.81,89.69
IT/10_PF51_1/10_PF51_1_5.wav,91.93,93.45
IT/10_PF51_1/10_PF51_1_3.wav,1.76,2.06
IT/10_PF51_1/10_PF51_1_3.wav,2.32,2.88
IT/10_PF51_1/10_PF51_1_3.wav,3.92,4.68
IT/10_PF51_1/10_PF51_1_3.wav,5.45,6.17
IT/10_PF51_1/10_PF51_1_3.wav,7.62,7.98
IT/10_PF51_1/10_PF51_1_3.wav,9.01,9.48
IT/10_PF51_1/10_PF51_1_3.wav,10.69,12.31
IT/10_PF51_1/10_PF51_1_3.wav,12.51,13.0
IT/10_PF51_1/10_PF51_1_2.wav,1.89,2.49
IT/10_PF51_1/10_PF51_1_2.wav,4.31,4.67
IT/10_PF51_1/10_PF51_1_4.wav,0.81,2.38
IT/10_PF51_1/10_PF51_1_4.wav,3.83,5.09
IT/10_PF51_1/10_PF51_1_4.wav,8.77,9.13
IT/10_PF51_1/10_PF51_1_4.wav,10.05,10.61
IT/10_PF51_1/10_PF51_1_4.wav,14.23,16.13
IT/10_PF51_1/10_PF51_1_4.wav,19.01,20.97
IT/33_CF46_3/33_CF46_3_4.wav,9.25,9.9
IT/33_CF46_3/33_CF46_3_4.wav,13.3,13.93
IT/33_CF46_3/33_CF46_3_4.wav,19.07,19.53
IT/33_CF46_3/33_CF46_3_4.wav,21.56,22.11
IT/33_CF46_3/33_CF46_3_4.wav,31.32,31.74
IT/33_CF46_3/33_CF46_3_4.wav,34.29,35.21
IT/33_CF46_3/33_CF46_3_4.wav,36.41,37.12
IT/33_CF46_3/33_CF46_3_4.wav,41.88,42.08
IT/33_CF46_3/33_CF46_3_4.wav,44.94,45.49
IT/33_CF46_3/33_CF46_3_4.wav,47.36,47.69
IT/33_CF46_3/33_CF46_3_3.wav,4.7,4.93
IT/33_CF46_3/33_CF46_3_3.wav,5.51,6.34
IT/33_CF46_3/33_CF46_3_3.wav,8.08,8.68
IT/33_CF46_3/33_CF46_3_3.wav,13.26,13.68
IT/33_CF46_3/33_CF46_3_3.wav,16.84,17.42
IT/33_CF46_3/33_CF46_3_3.wav,20.87,21.47
IT/33_CF46_3/33_CF46_3_3.wav,23.81,24.29
IT/33_CF46_3/33_CF46_3_3.wav,27.98,28.3
IT/33_CF46_3/33_CF46_3_3.wav,28.42,28.9
IT/33_CF46_3/33_CF46_3_3.wav,36.49,37.05
IT/33_CF46_3/33_CF46_3_3.wav,40.89,41.17
IT/33_CF46_3/33_CF46_3_3.wav,42.77,43.37
IT/33_CF46_3/33_CF46_3_3.wav,46.44,46.69
IT/33_CF46_3/33_CF46_3_7.wav,5.34,5.96
IT/33_CF46_3/33_CF46_3_7.wav,7.76,8.33
IT/33_CF46_3/33_CF46_3_7.wav,12.62,13.15
IT/33_CF46_3/33_CF46_3_7.wav,16.42,16.87
IT/33_CF46_3/33_CF46_3_7.wav,19.86,20.2
IT/33_CF46_3/33_CF46_3_7.wav,30.1,30.42
IT/33_CF46_3/33_CF46_3_7.wav,33.05,33.4
IT/33_CF46_3/33_CF46_3_1.wav,0.77,1.02
IT/33_CF46_3/33_CF46_3_1.wav,3.56,3.97
IT/33_CF46_3/33_CF46_3_1.wav,8.21,8.64
IT/33_CF46_3/33_CF46_3_1.wav,10.74,11.22
IT/33_CF46_3/33_CF46_3_1.wav,12.98,13.27
IT/33_CF46_3/33_CF46_3_1.wav,18.13,18.46
IT/33_CF46_3/33_CF46_3_6.wav,14.37,15.04
IT/33_CF46_3/33_CF46_3_6.wav,20.53,21.0
IT/33_CF46_3/33_CF46_3_6.wav,27.24,27.99
IT/33_CF46_3/33_CF46_3_6.wav,28.18,28.44
IT/33_CF46_3/33_CF46_3_6.wav,30.29,30.86
IT/33_CF46_3/33_CF46_3_2.wav,1.89,2.46
IT/33_CF46_3/33_CF46_3_2.wav,12.12,12.4
IT/33_CF46_3/33_CF46_3_2.wav,18.94,19.71
IT/33_CF46_3/33_CF46_3_5.wav,6.24,6.72
IT/33_CF46_3/33_CF46_3_5.wav,8.99,9.29
IT/33_CF46_3/33_CF46_3_5.wav,19.68,20.17
IT/33_CF46_3/33_CF46_3_5.wav,21.07,21.67
IT/33_CF46_3/33_CF46_3_5.wav,22.61,23.13
IT/03_PF66_3/03_PF66_3_3.wav,4.07,4.77
IT/03_PF66_3/03_PF66_3_3.wav,7.69,8.63
IT/03_PF66_3/03_PF66_3_3.wav,12.64,14.32
IT/03_PF66_3/03_PF66_3_3.wav,21.03,21.61
IT/03_PF66_3/03_PF66_3_3.wav,25.22,27.05
IT/03_PF66_3/03_PF66_3_3.wav,30.11,30.62
IT/03_PF66_3/03_PF66_3_4.wav,7.87,8.29
IT/03_PF66_3/03_PF66_3_4.wav,13.58,14.2
IT/03_PF66_3/03_PF66_3_4.wav,18.17,18.61
IT/03_PF66_3/03_PF66_3_4.wav,22.47,22.85
IT/03_PF66_3/03_PF66_3_4.wav,25.78,26.22
IT/03_PF66_3/03_PF66_3_4.wav,28.18,28.91
IT/03_PF66_3/03_PF66_3_4.wav,29.14,30.18
IT/03_PF66_3/03_PF66_3_4.wav,41.97,42.61
IT/03_PF66_3/03_PF66_3_4.wav,43.93,44.22
IT/03_PF66_3/03_PF66_3_4.wav,45.71,46.56
IT/03_PF66_3/03_PF66_3_4.wav,51.04,51.84
IT/03_PF66_3/03_PF66_3_4.wav,60.63,61.44
IT/03_PF66_3/03_PF66_3_1.wav,7.37,7.82
IT/03_PF66_3/03_PF66_3_1.wav,16.94,17.6
IT/03_PF66_3/03_PF66_3_1.wav,20.64,21.08
IT/03_PF66_3/03_PF66_3_1.wav,27.53,28.15
IT/03_PF66_3/03_PF66_3_1.wav,30.41,30.61
IT/03_PF66_3/03_PF66_3_1.wav,32.31,33.03
IT/03_PF66_3/03_PF66_3_1.wav,42.67,43.48
IT/03_PF66_3/03_PF66_3_1.wav,47.48,48.38
IT/03_PF66_3/03_PF66_3_1.wav,51.49,52.28
IT/03_PF66_3/03_PF66_3_1.wav,55.36,55.96
IT/03_PF66_3/03_PF66_3_1.wav,58.09,58.35
IT/03_PF66_3/03_PF66_3_1.wav,59.3,60.98
IT/03_PF66_3/03_PF66_3_1.wav,62.26,63.6
IT/03_PF66_3/03_PF66_3_1.wav,69.07,70.13
IT/03_PF66_3/03_PF66_3_1.wav,75.43,75.86
IT/03_PF66_3/03_PF66_3_1.wav,81.91,82.69
IT/03_PF66_3/03_PF66_3_1.wav,89.63,89.93
IT/03_PF66_3/03_PF66_3_1.wav,91.82,93.06
IT/03_PF66_3/03_PF66_3_1.wav,95.5,96.22
IT/03_PF66_3/03_PF66_3_1.wav,98.4,99.03
IT/03_PF66_3/03_PF66_3_1.wav,101.84,102.15
IT/03_PF66_3/03_PF66_3_1.wav,105.43,106.16
IT/03_PF66_3/03_PF66_3_1.wav,110.91,111.39
IT/03_PF66_3/03_PF66_3_1.wav,116.64,117.25
IT/03_PF66_3/03_PF66_3_1.wav,122.71,123.14
IT/03_PF66_3/03_PF66_3_1.wav,126.17,126.93
IT/03_PF66_3/03_PF66_3_1.wav,130.5,131.52
IT/03_PF66_3/03_PF66_3_1.wav,138.82,140.69
IT/03_PF66_3/03_PF66_3_2.wav,3.58,4.28
IT/03_PF66_3/03_PF66_3_2.wav,6.89,7.45
IT/03_PF66_3/03_PF66_3_2.wav,9.34,9.58
IT/03_PF66_3/03_PF66_3_2.wav,10.04,10.72
IT/03_PF66_3/03_PF66_3_2.wav,14.62,15.53
IT/03_PF66_3/03_PF66_3_2.wav,18.21,18.49
IT/03_PF66_3/03_PF66_3_2.wav,22.9,23.85
IT/03_PF66_3/03_PF66_3_2.wav,33.57,34.33
IT/03_PF66_3/03_PF66_3_2.wav,35.55,35.75
IT/03_PF66_3/03_PF66_3_2.wav,38.88,39.44
IT/03_PF66_3/03_PF66_3_2.wav,43.97,44.9
IT/03_PF66_3/03_PF66_3_2.wav,48.96,49.83
IT/03_PF66_3/03_PF66_3_2.wav,58.87,59.89
IT/03_PF66_3/03_PF66_3_2.wav,61.14,61.66
IT/03_PF66_3/03_PF66_3_2.wav,64.47,66.12
IT/03_PF66_3/03_PF66_3_2.wav,70.53,71.21
IT/03_PF66_3/03_PF66_3_2.wav,79.42,80.04
IT/03_PF66_3/03_PF66_3_2.wav,88.72,89.35
IT/03_PF66_3/03_PF66_3_2.wav,94.43,94.92
IT/03_PF66_3/03_PF66_3_2.wav,100.97,101.49
IT/03_PF66_3/03_PF66_3_2.wav,104.85,105.27
IT/03_PF66_3/03_PF66_3_2.wav,108.74,109.08
IT/03_PF66_3/03_PF66_3_2.wav,110.59,111.43
IT/03_PF66_3/03_PF66_3_2.wav,118.96,120.18
IT/03_PF66_3/03_PF66_3_2.wav,124.29,125.28
IT/03_PF66_3/03_PF66_3_2.wav,125.57,126.69
IT/54_PF48_3/54_PF48_3_4.wav,3.61,3.99
IT/54_PF48_3/54_PF48_3_4.wav,6.46,6.99
IT/54_PF48_3/54_PF48_3_5.wav,5.85,6.23
IT/54_PF48_3/54_PF48_3_5.wav,8.63,9.27
IT/54_PF48_3/54_PF48_3_5.wav,11.2,11.71
IT/54_PF48_3/54_PF48_3_5.wav,15.56,15.98
IT/54_PF48_3/54_PF48_3_5.wav,18.7,19.26
IT/54_PF48_3/54_PF48_3_5.wav,21.53,21.75
IT/54_PF48_3/54_PF48_3_12.wav,3.41,3.69
IT/54_PF48_3/54_PF48_3_7.wav,0.42,0.73
IT/54_PF48_3/54_PF48_3_9.wav,3.25,3.88
IT/54_PF48_3/54_PF48_3_11.wav,3.8,5.18
IT/54_PF48_3/54_PF48_3_11.wav,8.67,8.97
IT/54_PF48_3/54_PF48_3_11.wav,9.87,11.23
IT/54_PF48_3/54_PF48_3_11.wav,12.53,13.43
IT/54_PF48_3/54_PF48_3_8.wav,2.24,3.13
IT/54_PF48_3/54_PF48_3_8.wav,7.98,8.81
IT/54_PF48_3/54_PF48_3_8.wav,14.86,15.69
IT/54_PF48_3/54_PF48_3_8.wav,17.83,18.52
IT/54_PF48_3/54_PF48_3_8.wav,20.59,21.27
IT/54_PF48_3/54_PF48_3_8.wav,22.97,23.51
IT/54_PF48_3/54_PF48_3_8.wav,27.57,28.03
IT/54_PF48_3/54_PF48_3_10.wav,2.04,2.71
IT/54_PF48_3/54_PF48_3_10.wav,11.12,11.39
IT/54_PF48_3/54_PF48_3_10.wav,16.25,16.47
IT/54_PF48_3/54_PF48_3_10.wav,17.79,18.05
IT/54_PF48_3/54_PF48_3_10.wav,20.76,21.71
IT/54_PF48_3/54_PF48_3_10.wav,25.26,25.65
IT/54_PF48_3/54_PF48_3_10.wav,29.71,30.13
IT/54_PF48_3/54_PF48_3_10.wav,32.14,34.58
IT/54_PF48_3/54_PF48_3_1.wav,9.22,10.02
IT/54_PF48_3/54_PF48_3_1.wav,12.56,13.37
IT/54_PF48_3/54_PF48_3_1.wav,17.09,17.7
IT/54_PF48_3/54_PF48_3_1.wav,18.9,19.58
IT/54_PF48_3/54_PF48_3_1.wav,21.23,21.91
IT/54_PF48_3/54_PF48_3_1.wav,23.77,24.26
IT/54_PF48_3/54_PF48_3_1.wav,26.1,26.89
IT/54_PF48_3/54_PF48_3_1.wav,33.82,34.41
IT/54_PF48_3/54_PF48_3_1.wav,36.15,36.49
IT/54_PF48_3/54_PF48_3_3.wav,6.1,6.57
IT/54_PF48_3/54_PF48_3_3.wav,8.68,9.05
IT/54_PF48_3/54_PF48_3_3.wav,10.84,11.1
IT/54_PF48_3/54_PF48_3_3.wav,14.88,15.64
IT/54_PF48_3/54_PF48_3_3.wav,19.2,19.58
IT/54_PF48_3/54_PF48_3_3.wav,21.33,21.61
IT/54_PF48_3/54_PF48_3_3.wav,22.58,24.15
IT/54_PF48_3/54_PF48_3_3.wav,25.8,26.33
IT/54_PF48_3/54_PF48_3_2.wav,9.13,9.39
IT/54_PF48_3/54_PF48_3_2.wav,10.64,10.96
IT/17_PF44_2/17_PF44_2_1.wav,3.0,3.39
IT/17_PF44_2/17_PF44_2_1.wav,5.48,5.79
IT/17_PF44_2/17_PF44_2_1.wav,8.25,8.65
IT/17_PF44_2/17_PF44_2_1.wav,10.35,10.78
IT/17_PF44_2/17_PF44_2_1.wav,13.23,13.91
IT/17_PF44_2/17_PF44_2_1.wav,14.97,15.87
IT/17_PF44_2/17_PF44_2_1.wav,19.41,19.91
IT/17_PF44_2/17_PF44_2_1.wav,22.4,22.78
IT/17_PF44_2/17_PF44_2_1.wav,26.95,27.47
IT/17_PF44_2/17_PF44_2_1.wav,28.81,29.26
IT/17_PF44_2/17_PF44_2_1.wav,31.86,32.23
IT/17_PF44_2/17_PF44_2_1.wav,34.28,34.6
IT/17_PF44_2/17_PF44_2_1.wav,36.35,37.88
IT/17_PF44_2/17_PF44_2_1.wav,39.07,39.32
IT/17_PF44_2/17_PF44_2_1.wav,41.36,41.86
IT/17_PF44_2/17_PF44_2_2.wav,4.31,4.72
IT/17_PF44_2/17_PF44_2_2.wav,7.47,8.01
IT/17_PF44_2/17_PF44_2_2.wav,10.82,11.24
IT/17_PF44_2/17_PF44_2_2.wav,14.07,14.66
IT/17_PF44_2/17_PF44_2_2.wav,15.58,16.69
IT/17_PF44_2/17_PF44_2_2.wav,20.5,21.01
IT/17_PF44_2/17_PF44_2_2.wav,24.3,25.23
IT/17_PF44_2/17_PF44_2_2.wav,27.23,28.6
IT/17_PF44_2/17_PF44_2_2.wav,30.94,32.39
IT/17_PF44_2/17_PF44_2_2.wav,33.58,34.31
IT/17_PF44_2/17_PF44_2_5.wav,5.33,6.81
IT/17_PF44_2/17_PF44_2_3.wav,4.65,5.25
IT/17_PF44_2/17_PF44_2_3.wav,8.01,8.97
IT/17_PF44_2/17_PF44_2_3.wav,13.18,13.66
IT/17_PF44_2/17_PF44_2_3.wav,16.75,18.68
IT/17_PF44_2/17_PF44_2_7.wav,0.0,0.3
IT/64_PF54_2/64_PF54_2_6.wav,7.14,7.74
IT/64_PF54_2/64_PF54_2_6.wav,8.87,9.86
IT/64_PF54_2/64_PF54_2_6.wav,15.48,16.02
IT/64_PF54_2/64_PF54_2_6.wav,17.74,19.03
IT/64_PF54_2/64_PF54_2_6.wav,25.53,25.77
IT/64_PF54_2/64_PF54_2_6.wav,26.53,26.8
IT/64_PF54_2/64_PF54_2_1.wav,1.56,2.37
IT/64_PF54_2/64_PF54_2_1.wav,4.25,5.62
IT/64_PF54_2/64_PF54_2_1.wav,6.34,6.55
IT/64_PF54_2/64_PF54_2_1.wav,9.29,9.69
IT/64_PF54_2/64_PF54_2_1.wav,11.0,11.47
IT/64_PF54_2/64_PF54_2_1.wav,21.87,22.15
IT/64_PF54_2/64_PF54_2_1.wav,25.4,25.71
IT/64_PF54_2/64_PF54_2_1.wav,28.85,29.46
IT/64_PF54_2/64_PF54_2_1.wav,31.25,31.72
IT/64_PF54_2/64_PF54_2_1.wav,34.66,35.23
IT/64_PF54_2/64_PF54_2_1.wav,37.71,38.18
IT/64_PF54_2/64_PF54_2_1.wav,39.58,40.0
IT/64_PF54_2/64_PF54_2_1.wav,41.71,42.98
IT/64_PF54_2/64_PF54_2_1.wav,45.24,45.53
IT/64_PF54_2/64_PF54_2_1.wav,45.77,46.39
IT/64_PF54_2/64_PF54_2_1.wav,47.03,47.62
IT/64_PF54_2/64_PF54_2_1.wav,53.64,54.37
IT/64_PF54_2/64_PF54_2_1.wav,57.81,58.41
IT/64_PF54_2/64_PF54_2_1.wav,66.13,66.56
IT/64_PF54_2/64_PF54_2_1.wav,74.03,75.18
IT/64_PF54_2/64_PF54_2_1.wav,76.07,76.45
IT/64_PF54_2/64_PF54_2_2.wav,3.45,3.76
IT/64_PF54_2/64_PF54_2_5.wav,5.45,5.9
IT/64_PF54_2/64_PF54_2_5.wav,9.29,9.59
IT/64_PF54_2/64_PF54_2_5.wav,13.83,14.73
IT/64_PF54_2/64_PF54_2_5.wav,15.88,16.41
IT/64_PF54_2/64_PF54_2_5.wav,20.81,21.29
IT/64_PF54_2/64_PF54_2_5.wav,23.91,24.92
IT/64_PF54_2/64_PF54_2_5.wav,32.94,33.14
IT/64_PF54_2/64_PF54_2_5.wav,37.61,37.84
IT/64_PF54_2/64_PF54_2_5.wav,38.37,38.88
IT/64_PF54_2/64_PF54_2_5.wav,41.99,42.52
IT/64_PF54_2/64_PF54_2_5.wav,46.7,47.82
IT/64_PF54_2/64_PF54_2_5.wav,49.07,49.39
IT/64_PF54_2/64_PF54_2_5.wav,51.93,52.14
IT/64_PF54_2/64_PF54_2_4.wav,10.64,10.94
IT/64_PF54_2/64_PF54_2_4.wav,14.72,14.99
IT/64_PF54_2/64_PF54_2_4.wav,18.39,19.08
IT/64_PF54_2/64_PF54_2_4.wav,21.16,21.44
IT/64_PF54_2/64_PF54_2_4.wav,22.3,22.84
IT/64_PF54_2/64_PF54_2_3.wav,2.27,2.69
IT/64_PF54_2/64_PF54_2_3.wav,7.06,7.29
IT/64_PF54_2/64_PF54_2_3.wav,8.54,9.21
IT/64_PF54_2/64_PF54_2_3.wav,11.5,12.34
IT/68_PF43_3/68_PF43_3_6.wav,0.83,1.15
IT/68_PF43_3/68_PF43_3_6.wav,11.65,12.27
IT/68_PF43_3/68_PF43_3_6.wav,13.74,14.13
IT/68_PF43_3/68_PF43_3_6.wav,28.72,29.17
IT/68_PF43_3/68_PF43_3_6.wav,32.52,33.07
IT/68_PF43_3/68_PF43_3_1.wav,3.49,4.38
IT/68_PF43_3/68_PF43_3_1.wav,10.12,11.22
IT/68_PF43_3/68_PF43_3_2.wav,1.53,2.52
IT/68_PF43_3/68_PF43_3_2.wav,8.05,8.71
IT/68_PF43_3/68_PF43_3_5.wav,2.35,2.86
IT/68_PF43_3/68_PF43_3_5.wav,5.83,6.6
IT/68_PF43_3/68_PF43_3_5.wav,11.61,12.34
IT/68_PF43_3/68_PF43_3_4.wav,4.25,5.59
IT/68_PF43_3/68_PF43_3_4.wav,6.52,6.82
IT/68_PF43_3/68_PF43_3_3.wav,5.66,6.21
IT/68_PF43_3/68_PF43_3_3.wav,10.31,10.94
IT/68_PF43_3/68_PF43_3_3.wav,14.41,14.81
IT/68_PF43_3/68_PF43_3_3.wav,17.77,18.15
IT/68_PF43_3/68_PF43_3_3.wav,20.57,20.79
IT/11_PF34_4/11_PF34_4_3.wav,3.9,4.36
IT/11_PF34_4/11_PF34_4_3.wav,5.96,6.39
IT/11_PF34_4/11_PF34_4_3.wav,8.29,8.96
IT/11_PF34_4/11_PF34_4_3.wav,12.51,12.81
IT/11_PF34_4/11_PF34_4_3.wav,16.24,16.81
IT/11_PF34_4/11_PF34_4_3.wav,25.64,26.3
IT/11_PF34_4/11_PF34_4_3.wav,37.28,38.34
IT/11_PF34_4/11_PF34_4_3.wav,44.05,44.61
IT/11_PF34_4/11_PF34_4_3.wav,55.24,56.04
IT/11_PF34_4/11_PF34_4_3.wav,59.61,60.98
IT/11_PF34_4/11_PF34_4_3.wav,63.3,63.58
IT/11_PF34_4/11_PF34_4_3.wav,69.45,69.88
IT/11_PF34_4/11_PF34_4_3.wav,75.51,75.84
IT/11_PF34_4/11_PF34_4_3.wav,91.8,92.7
IT/11_PF34_4/11_PF34_4_2.wav,6.4,6.67
IT/11_PF34_4/11_PF34_4_2.wav,10.69,11.13
IT/11_PF34_4/11_PF34_4_2.wav,13.02,13.43
IT/11_PF34_4/11_PF34_4_2.wav,25.77,27.28
IT/11_PF34_4/11_PF34_4_2.wav,40.32,40.88
IT/11_PF34_4/11_PF34_4_2.wav,42.14,42.48
IT/11_PF34_4/11_PF34_4_2.wav,48.52,48.72
IT/11_PF34_4/11_PF34_4_2.wav,50.89,51.73
IT/11_PF34_4/11_PF34_4_2.wav,52.5,52.73
IT/11_PF34_4/11_PF34_4_2.wav,53.92,54.19
IT/11_PF34_4/11_PF34_4_2.wav,56.02,56.71
IT/11_PF34_4/11_PF34_4_2.wav,60.5,62.64
IT/11_PF34_4/11_PF34_4_1.wav,6.02,6.51
IT/11_PF34_4/11_PF34_4_1.wav,9.24,11.13
IT/11_PF34_4/11_PF34_4_1.wav,13.39,14.29
IT/11_PF34_4/11_PF34_4_1.wav,17.9,18.72
IT/11_PF34_4/11_PF34_4_1.wav,21.22,21.59
IT/11_PF34_4/11_PF34_4_1.wav,32.12,32.96
IT/11_PF34_4/11_PF34_4_1.wav,50.33,51.24
IT/11_PF34_4/11_PF34_4_1.wav,66.48,67.28
IT/11_PF34_4/11_PF34_4_1.wav,68.81,69.24
IT/11_PF34_4/11_PF34_4_1.wav,79.68,80.16
IT/11_PF34_4/11_PF34_4_1.wav,81.01,81.38
IT/11_PF34_4/11_PF34_4_1.wav,86.42,87.64
IT/11_PF34_4/11_PF34_4_1.wav,89.74,91.03
IT/11_PF34_4/11_PF34_4_1.wav,99.64,100.11
IT/11_PF34_4/11_PF34_4_1.wav,105.35,105.87
IT/11_PF34_4/11_PF34_4_1.wav,108.24,108.9
IT/11_PF34_4/11_PF34_4_1.wav,109.91,110.76
IT/11_PF34_4/11_PF34_4_1.wav,120.06,120.63
IT/11_PF34_4/11_PF34_4_1.wav,122.74,123.31
IT/11_PF34_4/11_PF34_4_1.wav,128.55,129.13
IT/11_PF34_4/11_PF34_4_1.wav,138.31,138.85
IT/11_PF34_4/11_PF34_4_1.wav,141.36,141.95
IT/11_PF34_4/11_PF34_4_1.wav,144.26,144.72
IT/11_PF34_4/11_PF34_4_1.wav,147.33,147.94
IT/11_PF34_4/11_PF34_4_1.wav,153.37,153.83
IT/21_CF58_3/21_CF58_3_4.wav,3.02,3.22
IT/21_CF58_3/21_CF58_3_4.wav,10.15,10.52
IT/21_CF58_3/21_CF58_3_4.wav,11.42,11.76
IT/21_CF58_3/21_CF58_3_4.wav,13.25,14.23
IT/21_CF58_3/21_CF58_3_2.wav,8.01,8.62
IT/21_CF58_3/21_CF58_3_3.wav,0.15,0.63
IT/21_CF58_3/21_CF58_3_3.wav,6.76,7.17
IT/21_CF58_3/21_CF58_3_3.wav,10.37,10.92
IT/21_CF58_3/21_CF58_3_3.wav,13.02,13.69
IT/21_CF58_3/21_CF58_3_3.wav,15.23,15.9
IT/21_CF58_3/21_CF58_3_3.wav,19.56,20.62
IT/21_CF58_3/21_CF58_3_3.wav,21.73,22.2
IT/21_CF58_3/21_CF58_3_3.wav,22.88,23.85
IT/21_CF58_3/21_CF58_3_5.wav,2.05,2.55
IT/21_CF58_3/21_CF58_3_5.wav,6.97,7.3
IT/21_CF58_3/21_CF58_3_5.wav,9.73,10.1
IT/21_CF58_3/21_CF58_3_5.wav,14.98,15.19
IT/21_CF58_3/21_CF58_3_5.wav,17.07,17.97
IT/21_CF58_3/21_CF58_3_5.wav,28.43,28.82
IT/21_CF58_3/21_CF58_3_5.wav,32.58,33.06
IT/21_CF58_3/21_CF58_3_5.wav,37.66,37.97
IT/21_CF58_3/21_CF58_3_6.wav,1.73,2.42
IT/21_CF58_3/21_CF58_3_7.wav,6.01,6.25
IT/21_CF58_3/21_CF58_3_7.wav,9.91,10.26
IT/21_CF58_3/21_CF58_3_7.wav,11.85,12.44
IT/21_CF58_3/21_CF58_3_7.wav,16.23,16.53
IT/21_CF58_3/21_CF58_3_7.wav,17.66,18.03
IT/21_CF58_3/21_CF58_3_7.wav,20.91,21.58
IT/21_CF58_3/21_CF58_3_1.wav,10.51,11.05
IT/21_CF58_3/21_CF58_3_1.wav,14.08,14.75
IT/21_CF58_3/21_CF58_3_1.wav,17.43,17.65
IT/21_CF58_3/21_CF58_3_1.wav,25.04,25.39
IT/21_CF58_3/21_CF58_3_1.wav,25.64,25.86
IT/21_CF58_3/21_CF58_3_1.wav,30.17,30.56
IT/04_PF50_2/04_PF50_2_6.wav,10.6,11.95
IT/04_PF50_2/04_PF50_2_6.wav,14.74,15.23
IT/04_PF50_2/04_PF50_2_6.wav,20.62,22.11
IT/04_PF50_2/04_PF50_2_6.wav,28.55,30.37
IT/04_PF50_2/04_PF50_2_6.wav,31.7,32.14
IT/04_PF50_2/04_PF50_2_1.wav,2.29,2.83
IT/04_PF50_2/04_PF50_2_1.wav,4.72,6.35
IT/04_PF50_2/04_PF50_2_7.wav,1.14,1.65
IT/04_PF50_2/04_PF50_2_4.wav,1.71,3.15
IT/04_PF50_2/04_PF50_2_4.wav,4.43,4.75
IT/04_PF50_2/04_PF50_2_4.wav,5.21,6.25
IT/04_PF50_2/04_PF50_2_4.wav,6.46,6.86
IT/04_PF50_2/04_PF50_2_4.wav,12.94,14.15
IT/04_PF50_2/04_PF50_2_2.wav,4.38,4.64
IT/04_PF50_2/04_PF50_2_2.wav,5.79,6.43
IT/04_PF50_2/04_PF50_2_2.wav,11.18,11.66
IT/04_PF50_2/04_PF50_2_2.wav,14.92,15.41
IT/04_PF50_2/04_PF50_2_2.wav,22.79,23.39
IT/04_PF50_2/04_PF50_2_2.wav,23.86,24.82
IT/04_PF50_2/04_PF50_2_2.wav,29.49,30.98
IT/04_PF50_2/04_PF50_2_2.wav,31.36,31.93
IT/04_PF50_2/04_PF50_2_3.wav,8.32,8.59
IT/04_PF50_2/04_PF50_2_3.wav,12.95,13.92
IT/04_PF50_2/04_PF50_2_3.wav,14.28,14.71
IT/04_PF50_2/04_PF50_2_3.wav,18.77,19.5
IT/04_PF50_2/04_PF50_2_3.wav,20.99,22.35
IT/04_PF50_2/04_PF50_2_3.wav,22.69,23.23
IT/04_PF50_2/04_PF50_2_3.wav,23.39,25.05
IT/04_PF50_2/04_PF50_2_3.wav,31.25,31.8
IT/04_PF50_2/04_PF50_2_3.wav,33.07,33.63
IT/04_PF50_2/04_PF50_2_3.wav,35.16,36.56
IT/04_PF50_2/04_PF50_2_3.wav,42.14,42.35
IT/04_PF50_2/04_PF50_2_3.wav,46.28,47.11
IT/04_PF50_2/04_PF50_2_3.wav,48.81,49.67
IT/04_PF50_2/04_PF50_2_3.wav,53.08,53.71
IT/04_PF50_2/04_PF50_2_3.wav,54.27,54.72
IT/04_PF50_2/04_PF50_2_3.wav,55.86,56.13
IT/04_PF50_2/04_PF50_2_3.wav,59.45,59.97
IT/04_PF50_2/04_PF50_2_3.wav,65.6,66.59
IT/04_PF50_2/04_PF50_2_3.wav,67.02,68.09
IT/04_PF50_2/04_PF50_2_3.wav,69.32,70.02
IT/04_PF50_2/04_PF50_2_3.wav,73.5,74.72
IT/04_PF50_2/04_PF50_2_3.wav,74.92,75.54
IT/04_PF50_2/04_PF50_2_5.wav,6.48,6.96
IT/04_PF50_2/04_PF50_2_5.wav,16.57,16.96
IT/04_PF50_2/04_PF50_2_5.wav,17.94,19.42
IT/04_PF50_2/04_PF50_2_5.wav,26.42,28.17
IT/04_PF50_2/04_PF50_2_5.wav,33.86,34.53
IT/04_PF50_2/04_PF50_2_5.wav,35.1,35.45
IT/04_PF50_2/04_PF50_2_5.wav,39.66,40.15
IT/15_CF53_3/15_CF53_3_3.wav,0.17,0.47
IT/15_CF53_3/15_CF53_3_3.wav,1.62,2.14
IT/15_CF53_3/15_CF53_3_3.wav,2.61,3.21
IT/15_CF53_3/15_CF53_3_3.wav,6.76,7.62
IT/15_CF53_3/15_CF53_3_3.wav,17.23,17.91
IT/15_CF53_3/15_CF53_3_3.wav,18.32,18.64
IT/15_CF53_3/15_CF53_3_3.wav,28.2,28.47
IT/15_CF53_3/15_CF53_3_3.wav,33.22,33.5
IT/15_CF53_3/15_CF53_3_3.wav,35.65,36.19
IT/15_CF53_3/15_CF53_3_3.wav,38.9,39.98
IT/15_CF53_3/15_CF53_3_3.wav,41.61,42.01
IT/15_CF53_3/15_CF53_3_3.wav,50.38,50.84
IT/15_CF53_3/15_CF53_3_3.wav,56.47,56.98
IT/15_CF53_3/15_CF53_3_3.wav,59.53,60.07
IT/15_CF53_3/15_CF53_3_3.wav,62.13,62.67
IT/15_CF53_3/15_CF53_3_3.wav,62.94,63.43
IT/15_CF53_3/15_CF53_3_2.wav,1.74,1.94
IT/15_CF53_3/15_CF53_3_2.wav,10.79,11.4
IT/15_CF53_3/15_CF53_3_2.wav,14.62,15.13
IT/15_CF53_3/15_CF53_3_2.wav,18.74,20.22
IT/15_CF53_3/15_CF53_3_2.wav,27.6,27.91
IT/15_CF53_3/15_CF53_3_2.wav,32.13,32.47
IT/15_CF53_3/15_CF53_3_2.wav,39.14,39.92
IT/15_CF53_3/15_CF53_3_2.wav,48.03,49.15
IT/15_CF53_3/15_CF53_3_2.wav,51.35,52.56
IT/15_CF53_3/15_CF53_3_2.wav,53.85,54.63
IT/15_CF53_3/15_CF53_3_2.wav,60.86,61.26
IT/15_CF53_3/15_CF53_3_2.wav,63.34,63.99
IT/15_CF53_3/15_CF53_3_2.wav,65.38,66.06
IT/15_CF53_3/15_CF53_3_2.wav,70.58,70.94
IT/15_CF53_3/15_CF53_3_2.wav,73.28,74.1
IT/15_CF53_3/15_CF53_3_2.wav,76.0,76.48
IT/15_CF53_3/15_CF53_3_2.wav,80.56,81.06
IT/15_CF53_3/15_CF53_3_2.wav,81.49,81.73
IT/15_CF53_3/15_CF53_3_1.wav,5.9,6.39
IT/15_CF53_3/15_CF53_3_1.wav,11.15,11.48
IT/15_CF53_3/15_CF53_3_1.wav,16.85,17.36
IT/15_CF53_3/15_CF53_3_1.wav,20.81,21.32
IT/15_CF53_3/15_CF53_3_1.wav,28.05,28.38
IT/15_CF53_3/15_CF53_3_1.wav,31.65,32.1
IT/15_CF53_3/15_CF53_3_1.wav,36.82,37.55
IT/15_CF53_3/15_CF53_3_1.wav,40.43,40.74
IT/15_CF53_3/15_CF53_3_1.wav,46.36,46.76
IT/15_CF53_3/15_CF53_3_1.wav,47.66,47.99
IT/15_CF53_3/15_CF53_3_1.wav,53.69,54.49
IT/15_CF53_3/15_CF53_3_1.wav,63.09,63.42
IT/15_CF53_3/15_CF53_3_1.wav,64.84,65.51
IT/15_CF53_3/15_CF53_3_1.wav,71.1,73.07
IT/15_CF53_3/15_CF53_3_1.wav,75.82,76.39
IT/15_CF53_3/15_CF53_3_1.wav,82.26,82.74
IT/15_CF53_3/15_CF53_3_1.wav,85.23,85.82
IT/15_CF53_3/15_CF53_3_1.wav,88.09,88.66
IT/15_CF53_3/15_CF53_3_1.wav,94.11,94.45
IT/15_CF53_3/15_CF53_3_1.wav,94.71,95.01
IT/15_CF53_3/15_CF53_3_1.wav,98.38,98.76
IT/15_CF53_3/15_CF53_3_1.wav,100.34,100.72
IT/15_CF53_3/15_CF53_3_1.wav,102.98,103.33
IT/15_CF53_3/15_CF53_3_1.wav,105.25,105.72
IT/15_CF53_3/15_CF53_3_1.wav,109.4,110.46
IT/15_CF53_3/15_CF53_3_1.wav,110.67,111.33
IT/15_CF53_3/15_CF53_3_1.wav,114.81,115.55
IT/69_PF48_3/69_PF48_3_2.wav,1.91,2.38
IT/69_PF48_3/69_PF48_3_2.wav,8.12,8.56
IT/69_PF48_3/69_PF48_3_2.wav,10.49,11.63
IT/69_PF48_3/69_PF48_3_2.wav,13.62,14.21
IT/69_PF48_3/69_PF48_3_2.wav,19.51,19.79
IT/69_PF48_3/69_PF48_3_2.wav,22.03,22.43
IT/69_PF48_3/69_PF48_3_2.wav,24.34,24.62
IT/69_PF48_3/69_PF48_3_2.wav,25.23,25.61
IT/69_PF48_3/69_PF48_3_2.wav,27.3,27.9
IT/69_PF48_3/69_PF48_3_2.wav,30.27,30.71
IT/69_PF48_3/69_PF48_3_2.wav,37.6,38.07
IT/69_PF48_3/69_PF48_3_2.wav,43.39,43.78
IT/69_PF48_3/69_PF48_3_2.wav,51.86,52.12
IT/69_PF48_3/69_PF48_3_2.wav,55.6,56.11
IT/69_PF48_3/69_PF48_3_2.wav,59.3,59.71
IT/69_PF48_3/69_PF48_3_2.wav,67.26,67.77
IT/69_PF48_3/69_PF48_3_2.wav,73.71,74.23
IT/69_PF48_3/69_PF48_3_2.wav,78.2,78.41
IT/69_PF48_3/69_PF48_3_2.wav,81.21,81.72
IT/69_PF48_3/69_PF48_3_2.wav,82.77,83.35
IT/69_PF48_3/69_PF48_3_2.wav,85.78,87.46
IT/69_PF48_3/69_PF48_3_2.wav,87.57,87.81
IT/69_PF48_3/69_PF48_3_2.wav,100.56,101.25
IT/69_PF48_3/69_PF48_3_2.wav,103.08,104.54
IT/69_PF48_3/69_PF48_3_2.wav,107.28,108.08
IT/69_PF48_3/69_PF48_3_2.wav,109.87,110.1
IT/69_PF48_3/69_PF48_3_2.wav,111.81,112.5
IT/69_PF48_3/69_PF48_3_2.wav,115.13,115.71
IT/69_PF48_3/69_PF48_3_2.wav,116.85,117.43
IT/69_PF48_3/69_PF48_3_2.wav,123.0,123.69
IT/69_PF48_3/69_PF48_3_2.wav,124.6,125.98
IT/69_PF48_3/69_PF48_3_2.wav,130.26,130.46
IT/69_PF48_3/69_PF48_3_2.wav,133.63,133.91
IT/69_PF48_3/69_PF48_3_2.wav,138.35,138.96
IT/69_PF48_3/69_PF48_3_2.wav,143.27,143.7
IT/69_PF48_3/69_PF48_3_2.wav,145.66,145.95
IT/69_PF48_3/69_PF48_3_2.wav,147.5,147.85
IT/69_PF48_3/69_PF48_3_2.wav,152.31,152.65
IT/69_PF48_3/69_PF48_3_2.wav,155.56,155.99
IT/69_PF48_3/69_PF48_3_2.wav,160.96,161.6
IT/69_PF48_3/69_PF48_3_2.wav,166.84,167.14
IT/69_PF48_3/69_PF48_3_2.wav,169.66,170.01
IT/69_PF48_3/69_PF48_3_2.wav,172.53,173.24
IT/69_PF48_3/69_PF48_3_2.wav,179.73,180.27
IT/69_PF48_3/69_PF48_3_2.wav,180.95,181.16
IT/69_PF48_3/69_PF48_3_2.wav,183.66,183.9
IT/69_PF48_3/69_PF48_3_2.wav,185.83,186.03
IT/69_PF48_3/69_PF48_3_2.wav,188.96,189.26
IT/69_PF48_3/69_PF48_3_2.wav,192.45,193.17
IT/69_PF48_3/69_PF48_3_2.wav,196.44,198.27
IT/69_PF48_3/69_PF48_3_2.wav,201.86,203.43
IT/69_PF48_3/69_PF48_3_2.wav,205.59,206.99
IT/69_PF48_3/69_PF48_3_2.wav,209.67,210.37
IT/69_PF48_3/69_PF48_3_2.wav,211.33,211.63
IT/69_PF48_3/69_PF48_3_2.wav,217.06,217.82
IT/69_PF48_3/69_PF48_3_2.wav,221.5,222.13
IT/69_PF48_3/69_PF48_3_2.wav,224.67,224.88
IT/69_PF48_3/69_PF48_3_2.wav,231.23,231.61
IT/69_PF48_3/69_PF48_3_2.wav,235.04,235.69
IT/69_PF48_3/69_PF48_3_2.wav,236.6,236.83
IT/69_PF48_3/69_PF48_3_2.wav,241.43,241.98
IT/69_PF48_3/69_PF48_3_2.wav,244.49,244.75
IT/69_PF48_3/69_PF48_3_2.wav,250.73,251.09
IT/69_PF48_3/69_PF48_3_2.wav,253.56,254.03
IT/69_PF48_3/69_PF48_3_2.wav,258.16,258.92
IT/69_PF48_3/69_PF48_3_2.wav,260.09,260.32
IT/69_PF48_3/69_PF48_3_2.wav,268.19,268.68
IT/69_PF48_3/69_PF48_3_2.wav,270.59,271.11
IT/69_PF48_3/69_PF48_3_2.wav,275.09,275.91
IT/69_PF48_3/69_PF48_3_1.wav,1.34,1.62
IT/69_PF48_3/69_PF48_3_1.wav,1.74,2.61
IT/69_PF48_3/69_PF48_3_1.wav,2.95,3.22
IT/69_PF48_3/69_PF48_3_1.wav,4.47,4.97
IT/69_PF48_3/69_PF48_3_1.wav,6.45,6.68
IT/69_PF48_3/69_PF48_3_1.wav,8.11,8.49
IT/69_PF48_3/69_PF48_3_1.wav,10.16,10.81
IT/69_PF48_3/69_PF48_3_1.wav,16.07,16.36
IT/69_PF48_3/69_PF48_3_1.wav,20.66,21.59
IT/69_PF48_3/69_PF48_3_1.wav,22.99,23.86
IT/69_PF48_3/69_PF48_3_1.wav,27.12,28.04
IT/69_PF48_3/69_PF48_3_1.wav,29.14,29.52
IT/69_PF48_3/69_PF48_3_1.wav,29.73,30.01
IT/69_PF48_3/69_PF48_3_1.wav,31.49,31.91
IT/69_PF48_3/69_PF48_3_1.wav,32.89,33.4
IT/69_PF48_3/69_PF48_3_1.wav,39.97,40.41
IT/69_PF48_3/69_PF48_3_1.wav,43.52,44.4
IT/69_PF48_3/69_PF48_3_1.wav,46.45,46.94
IT/69_PF48_3/69_PF48_3_1.wav,49.0,49.51
IT/69_PF48_3/69_PF48_3_1.wav,51.98,52.25
IT/69_PF48_3/69_PF48_3_1.wav,55.38,55.68
IT/69_PF48_3/69_PF48_3_1.wav,59.45,59.65
IT/69_PF48_3/69_PF48_3_1.wav,61.0,61.33
IT/69_PF48_3/69_PF48_3_1.wav,67.23,67.51
IT/69_PF48_3/69_PF48_3_1.wav,69.56,70.46
IT/69_PF48_3/69_PF48_3_1.wav,71.41,71.91
IT/69_PF48_3/69_PF48_3_1.wav,73.49,74.3
IT/69_PF48_3/69_PF48_3_1.wav,76.27,77.23
IT/69_PF48_3/69_PF48_3_1.wav,80.57,80.84
IT/69_PF48_3/69_PF48_3_1.wav,82.85,83.39
IT/69_PF48_3/69_PF48_3_1.wav,86.61,86.99
IT/69_PF48_3/69_PF48_3_1.wav,88.93,89.61
IT/69_PF48_3/69_PF48_3_1.wav,90.71,90.97
IT/69_PF48_3/69_PF48_3_1.wav,94.52,94.78
IT/69_PF48_3/69_PF48_3_1.wav,97.01,97.63
IT/69_PF48_3/69_PF48_3_1.wav,99.34,99.74
IT/69_PF48_3/69_PF48_3_1.wav,100.35,100.76
IT/69_PF48_3/69_PF48_3_1.wav,101.81,102.39
IT/69_PF48_3/69_PF48_3_1.wav,103.0,103.51
IT/69_PF48_3/69_PF48_3_1.wav,104.98,105.78
IT/69_PF48_3/69_PF48_3_1.wav,110.7,111.05
IT/69_PF48_3/69_PF48_3_1.wav,113.73,113.95
IT/69_PF48_3/69_PF48_3_1.wav,114.28,114.76
IT/69_PF48_3/69_PF48_3_1.wav,119.82,120.59
IT/69_PF48_3/69_PF48_3_1.wav,125.67,126.95
IT/69_PF48_3/69_PF48_3_1.wav,128.65,129.05
IT/69_PF48_3/69_PF48_3_1.wav,133.23,133.66
IT/69_PF48_3/69_PF48_3_1.wav,134.87,135.57
IT/69_PF48_3/69_PF48_3_1.wav,138.65,139.65
IT/69_PF48_3/69_PF48_3_1.wav,140.49,142.38
IT/69_PF48_3/69_PF48_3_1.wav,144.28,144.77
IT/69_PF48_3/69_PF48_3_1.wav,148.41,148.63
IT/69_PF48_3/69_PF48_3_1.wav,152.92,153.29
IT/69_PF48_3/69_PF48_3_1.wav,156.67,156.99
IT/69_PF48_3/69_PF48_3_1.wav,158.32,158.78
IT/69_PF48_3/69_PF48_3_1.wav,160.37,160.91
IT/69_PF48_3/69_PF48_3_1.wav,163.95,164.27
IT/69_PF48_3/69_PF48_3_1.wav,168.16,168.62
IT/69_PF48_3/69_PF48_3_1.wav,171.11,171.49
IT/69_PF48_3/69_PF48_3_1.wav,174.86,175.07
IT/69_PF48_3/69_PF48_3_1.wav,176.53,176.88
IT/69_PF48_3/69_PF48_3_1.wav,179.39,179.67
IT/69_PF48_3/69_PF48_3_1.wav,182.99,183.23
IT/69_PF48_3/69_PF48_3_1.wav,185.64,186.0
IT/69_PF48_3/69_PF48_3_1.wav,187.84,188.11
IT/69_PF48_3/69_PF48_3_1.wav,189.83,190.17
IT/69_PF48_3/69_PF48_3_1.wav,194.31,194.67
IT/69_PF48_3/69_PF48_3_1.wav,197.3,198.01
IT/69_PF48_3/69_PF48_3_1.wav,200.35,200.57
IT/69_PF48_3/69_PF48_3_1.wav,206.54,206.96
IT/69_PF48_3/69_PF48_3_1.wav,209.16,209.6
IT/69_PF48_3/69_PF48_3_1.wav,213.49,214.2
IT/69_PF48_3/69_PF48_3_1.wav,214.78,215.25
IT/69_PF48_3/69_PF48_3_1.wav,220.11,221.7
IT/69_PF48_3/69_PF48_3_1.wav,226.23,226.5
IT/69_PF48_3/69_PF48_3_1.wav,233.21,233.59
IT/69_PF48_3/69_PF48_3_1.wav,237.08,237.45
IT/69_PF48_3/69_PF48_3_1.wav,238.36,239.02
IT/69_PF48_3/69_PF48_3_1.wav,242.97,243.38
IT/69_PF48_3/69_PF48_3_1.wav,249.12,249.41
IT/69_PF48_3/69_PF48_3_1.wav,249.96,250.3
IT/69_PF48_3/69_PF48_3_1.wav,252.2,252.57
IT/69_PF48_3/69_PF48_3_1.wav,255.54,255.98
IT/69_PF48_3/69_PF48_3_1.wav,256.28,257.07
IT/69_PF48_3/69_PF48_3_1.wav,262.82,263.15
IT/69_PF48_3/69_PF48_3_1.wav,267.15,267.41
IT/69_PF48_3/69_PF48_3_1.wav,268.33,268.85
IT/69_PF48_3/69_PF48_3_1.wav,271.49,271.79
IT/69_PF48_3/69_PF48_3_1.wav,275.7,276.41
IT/69_PF48_3/69_PF48_3_1.wav,277.24,277.83
IT/69_PF48_3/69_PF48_3_1.wav,283.73,284.71
IT/69_PF48_3/69_PF48_3_1.wav,285.87,286.29
IT/69_PF48_3/69_PF48_3_1.wav,288.04,290.31
IT/36_CF59_2/36_CF59_2_2.wav,1.72,2.08
IT/36_CF59_2/36_CF59_2_2.wav,3.42,3.84
IT/36_CF59_2/36_CF59_2_2.wav,5.62,5.87
IT/36_CF59_2/36_CF59_2_2.wav,7.97,8.65
IT/36_CF59_2/36_CF59_2_2.wav,10.4,10.74
IT/36_CF59_2/36_CF59_2_7.wav,0.0,0.26
IT/36_CF59_2/36_CF59_2_7.wav,5.1,5.88
IT/36_CF59_2/36_CF59_2_7.wav,10.41,10.8
IT/36_CF59_2/36_CF59_2_7.wav,11.83,12.4
IT/36_CF59_2/36_CF59_2_7.wav,14.69,15.42
IT/36_CF59_2/36_CF59_2_7.wav,21.44,22.41
IT/36_CF59_2/36_CF59_2_7.wav,23.61,24.12
IT/36_CF59_2/36_CF59_2_7.wav,30.47,30.74
IT/36_CF59_2/36_CF59_2_6.wav,1.14,1.47
IT/36_CF59_2/36_CF59_2_6.wav,1.57,2.22
IT/36_CF59_2/36_CF59_2_6.wav,8.24,9.01
IT/36_CF59_2/36_CF59_2_6.wav,14.72,15.41
IT/36_CF59_2/36_CF59_2_6.wav,18.04,18.92
IT/36_CF59_2/36_CF59_2_6.wav,23.43,24.19
IT/36_CF59_2/36_CF59_2_6.wav,28.51,29.74
IT/36_CF59_2/36_CF59_2_6.wav,35.09,36.15
IT/36_CF59_2/36_CF59_2_6.wav,38.51,39.22
IT/36_CF59_2/36_CF59_2_6.wav,39.77,41.04
IT/36_CF59_2/36_CF59_2_6.wav,47.74,48.73
IT/36_CF59_2/36_CF59_2_6.wav,53.37,54.09
IT/36_CF59_2/36_CF59_2_6.wav,58.65,59.62
IT/36_CF59_2/36_CF59_2_6.wav,60.84,61.27
IT/36_CF59_2/36_CF59_2_6.wav,62.91,63.82
IT/36_CF59_2/36_CF59_2_6.wav,67.82,68.78
IT/36_CF59_2/36_CF59_2_6.wav,69.42,69.66
IT/36_CF59_2/36_CF59_2_4.wav,1.99,2.5
IT/36_CF59_2/36_CF59_2_4.wav,4.42,5.75
IT/36_CF59_2/36_CF59_2_4.wav,12.48,13.01
IT/36_CF59_2/36_CF59_2_11.wav,0.82,1.54
IT/36_CF59_2/36_CF59_2_11.wav,2.62,3.26
IT/36_CF59_2/36_CF59_2_11.wav,9.69,10.69
IT/36_CF59_2/36_CF59_2_11.wav,11.62,12.85
IT/36_CF59_2/36_CF59_2_11.wav,14.38,15.17
IT/36_CF59_2/36_CF59_2_11.wav,19.37,19.77
IT/36_CF59_2/36_CF59_2_11.wav,22.85,23.62
IT/36_CF59_2/36_CF59_2_11.wav,27.37,27.74
IT/36_CF59_2/36_CF59_2_11.wav,29.51,29.88
IT/36_CF59_2/36_CF59_2_11.wav,32.26,33.79
IT/36_CF59_2/36_CF59_2_11.wav,36.36,36.86
IT/36_CF59_2/36_CF59_2_11.wav,39.81,40.53
IT/36_CF59_2/36_CF59_2_11.wav,46.13,46.79
IT/36_CF59_2/36_CF59_2_11.wav,49.4,49.98
IT/36_CF59_2/36_CF59_2_11.wav,52.02,52.39
IT/36_CF59_2/36_CF59_2_11.wav,52.5,53.62
IT/36_CF59_2/36_CF59_2_8.wav,0.0,0.34
IT/36_CF59_2/36_CF59_2_5.wav,2.0,2.59
IT/36_CF59_2/36_CF59_2_5.wav,4.36,4.79
IT/36_CF59_2/36_CF59_2_10.wav,3.06,3.42
IT/36_CF59_2/36_CF59_2_10.wav,5.15,5.49
IT/36_CF59_2/36_CF59_2_10.wav,7.18,7.62
IT/36_CF59_2/36_CF59_2_10.wav,8.54,9.36
IT/36_CF59_2/36_CF59_2_10.wav,12.05,12.77
IT/36_CF59_2/36_CF59_2_10.wav,15.22,15.5
IT/36_CF59_2/36_CF59_2_10.wav,17.68,18.88
IT/36_CF59_2/36_CF59_2_10.wav,24.62,25.74
IT/36_CF59_2/36_CF59_2_10.wav,29.46,29.86
IT/36_CF59_2/36_CF59_2_10.wav,32.8,33.48
IT/36_CF59_2/36_CF59_2_10.wav,37.1,38.23
IT/36_CF59_2/36_CF59_2_10.wav,41.77,42.69
IT/36_CF59_2/36_CF59_2_10.wav,44.99,45.25
IT/36_CF59_2/36_CF59_2_1.wav,2.9,3.83
IT/36_CF59_2/36_CF59_2_9.wav,1.19,1.52
IT/46_CF39_3/46_CF39_3_11.wav,3.66,3.95
IT/46_CF39_3/46_CF39_3_11.wav,5.31,5.91
IT/46_CF39_3/46_CF39_3_11.wav,11.74,12.29
IT/46_CF39_3/46_CF39_3_4.wav,0.0,0.36
IT/46_CF39_3/46_CF39_3_4.wav,0.93,1.69
IT/46_CF39_3/46_CF39_3_4.wav,4.43,5.25
IT/46_CF39_3/46_CF39_3_10.wav,2.37,3.84
IT/46_CF39_3/46_CF39_3_10.wav,4.9,5.94
IT/46_CF39_3/46_CF39_3_10.wav,8.32,8.89
IT/46_CF39_3/46_CF39_3_10.wav,9.31,10.68
IT/46_CF39_3/46_CF39_3_10.wav,16.74,17.25
IT/46_CF39_3/46_CF39_3_10.wav,19.84,20.48
IT/46_CF39_3/46_CF39_3_7.wav,9.46,10.09
IT/46_CF39_3/46_CF39_3_7.wav,10.82,11.14
IT/46_CF39_3/46_CF39_3_7.wav,11.85,12.93
IT/46_CF39_3/46_CF39_3_9.wav,3.89,4.77
IT/46_CF39_3/46_CF39_3_3.wav,0.9,1.13
IT/46_CF39_3/46_CF39_3_3.wav,2.34,3.58
IT/46_CF39_3/46_CF39_3_3.wav,7.77,8.96
IT/46_CF39_3/46_CF39_3_3.wav,12.73,13.1
IT/46_CF39_3/46_CF39_3_3.wav,16.47,17.15
IT/46_CF39_3/46_CF39_3_3.wav,19.26,19.66
IT/46_CF39_3/46_CF39_3_3.wav,21.31,21.59
IT/46_CF39_3/46_CF39_3_3.wav,25.48,26.21
IT/46_CF39_3/46_CF39_3_3.wav,28.52,28.78
IT/46_CF39_3/46_CF39_3_1.wav,5.49,6.04
IT/46_CF39_3/46_CF39_3_1.wav,7.42,9.53
IT/46_CF39_3/46_CF39_3_6.wav,0.16,0.39
IT/46_CF39_3/46_CF39_3_5.wav,3.48,3.98
IT/46_CF39_3/46_CF39_3_13.wav,0.27,0.8
IT/46_CF39_3/46_CF39_3_13.wav,6.25,6.6
IT/46_CF39_3/46_CF39_3_13.wav,11.4,12.0
IT/46_CF39_3/46_CF39_3_13.wav,16.51,16.84
IT/46_CF39_3/46_CF39_3_13.wav,19.4,19.74
IT/46_CF39_3/46_CF39_3_13.wav,23.64,24.13
IT/46_CF39_3/46_CF39_3_12.wav,2.8,4.04
IT/46_CF39_3/46_CF39_3_12.wav,10.29,10.9
IT/46_CF39_3/46_CF39_3_12.wav,18.85,19.4
IT/46_CF39_3/46_CF39_3_8.wav,14.85,15.44
IT/46_CF39_3/46_CF39_3_8.wav,16.37,16.7
IT/46_CF39_3/46_CF39_3_8.wav,16.93,17.34
IT/46_CF39_3/46_CF39_3_8.wav,19.48,19.88
IT/46_CF39_3/46_CF39_3_8.wav,24.92,25.13
IT/46_CF39_3/46_CF39_3_8.wav,28.17,29.31
IT/72_PM53_1/72_PM53_1_2.wav,4.81,5.52
IT/72_PM53_1/72_PM53_1_2.wav,7.53,8.31
IT/72_PM53_1/72_PM53_1_2.wav,10.46,12.2
IT/72_PM53_1/72_PM53_1_2.wav,16.4,17.17
IT/72_PM53_1/72_PM53_1_2.wav,18.42,20.67
IT/72_PM53_1/72_PM53_1_2.wav,24.73,25.49
IT/72_PM53_1/72_PM53_1_2.wav,29.18,29.38
IT/72_PM53_1/72_PM53_1_4.wav,2.16,2.95
IT/72_PM53_1/72_PM53_1_4.wav,5.01,6.8
IT/72_PM53_1/72_PM53_1_4.wav,9.6,10.18
IT/72_PM53_1/72_PM53_1_4.wav,12.44,13.96
IT/72_PM53_1/72_PM53_1_4.wav,16.16,17.0
IT/72_PM53_1/72_PM53_1_4.wav,20.17,21.74
IT/72_PM53_1/72_PM53_1_4.wav,25.14,27.01
IT/72_PM53_1/72_PM53_1_4.wav,29.93,30.77
IT/72_PM53_1/72_PM53_1_4.wav,34.31,35.22
IT/72_PM53_1/72_PM53_1_4.wav,37.5,38.49
IT/72_PM53_1/72_PM53_1_4.wav,43.63,43.86
IT/72_PM53_1/72_PM53_1_1.wav,3.55,4.21
IT/72_PM53_1/72_PM53_1_1.wav,5.7,7.22
IT/72_PM53_1/72_PM53_1_1.wav,9.78,10.77
IT/72_PM53_1/72_PM53_1_1.wav,13.71,14.02
IT/72_PM53_1/72_PM53_1_1.wav,16.43,18.11
IT/72_PM53_1/72_PM53_1_1.wav,21.83,23.65
IT/72_PM53_1/72_PM53_1_1.wav,29.48,30.33
IT/72_PM53_1/72_PM53_1_1.wav,31.7,33.85
IT/72_PM53_1/72_PM53_1_1.wav,36.53,37.87
IT/72_PM53_1/72_PM53_1_1.wav,42.21,43.51
IT/72_PM53_1/72_PM53_1_1.wav,46.29,47.48
IT/72_PM53_1/72_PM53_1_1.wav,49.27,50.12
IT/72_PM53_1/72_PM53_1_1.wav,53.78,56.41
IT/72_PM53_1/72_PM53_1_1.wav,58.49,59.18
IT/72_PM53_1/72_PM53_1_1.wav,61.19,62.49
IT/72_PM53_1/72_PM53_1_1.wav,64.34,66.37
IT/72_PM53_1/72_PM53_1_1.wav,69.41,73.6
IT/72_PM53_1/72_PM53_1_3.wav,2.92,4.69
IT/72_PM53_1/72_PM53_1_3.wav,7.66,8.19
IT/72_PM53_1/72_PM53_1_3.wav,11.18,12.49
IT/72_PM53_1/72_PM53_1_3.wav,16.58,17.49
IT/72_PM53_1/72_PM53_1_3.wav,19.39,19.7
IT/72_PM53_1/72_PM53_1_3.wav,21.75,22.92
IT/72_PM53_1/72_PM53_1_3.wav,27.72,28.33
IT/72_PM53_1/72_PM53_1_3.wav,31.76,35.16
IT/72_PM53_1/72_PM53_1_3.wav,37.87,39.47
IT/72_PM53_1/72_PM53_1_3.wav,41.85,42.85
IT/72_PM53_1/72_PM53_1_3.wav,44.91,46.78
IT/72_PM53_1/72_PM53_1_3.wav,47.97,48.5
IT/72_PM53_1/72_PM53_1_3.wav,50.71,53.2
IT/72_PM53_1/72_PM53_1_3.wav,58.87,59.74
IT/72_PM53_1/72_PM53_1_3.wav,61.17,62.53
IT/72_PM53_1/72_PM53_1_3.wav,64.65,65.26
IT/72_PM53_1/72_PM53_1_3.wav,68.97,70.04
IT/72_PM53_1/72_PM53_1_3.wav,72.8,73.12
IT/72_PM53_1/72_PM53_1_3.wav,76.23,77.14
IT/09_CF56_3/09_CF56_3_4.wav,2.21,2.53
IT/09_CF56_3/09_CF56_3_4.wav,7.03,7.48
IT/09_CF56_3/09_CF56_3_4.wav,14.83,15.46
IT/09_CF56_3/09_CF56_3_4.wav,21.22,21.46
IT/09_CF56_3/09_CF56_3_4.wav,24.71,24.91
IT/09_CF56_3/09_CF56_3_4.wav,27.4,27.79
IT/09_CF56_3/09_CF56_3_4.wav,33.46,33.82
IT/09_CF56_3/09_CF56_3_4.wav,35.44,35.88
IT/09_CF56_3/09_CF56_3_4.wav,38.02,38.44
IT/09_CF56_3/09_CF56_3_4.wav,42.49,42.86
IT/09_CF56_3/09_CF56_3_4.wav,51.13,51.42
IT/09_CF56_3/09_CF56_3_4.wav,53.85,54.17
IT/09_CF56_3/09_CF56_3_4.wav,60.36,60.59
IT/09_CF56_3/09_CF56_3_4.wav,65.51,65.92
IT/09_CF56_3/09_CF56_3_4.wav,69.1,69.52
IT/09_CF56_3/09_CF56_3_4.wav,72.86,73.43
IT/09_CF56_3/09_CF56_3_4.wav,77.85,78.37
IT/09_CF56_3/09_CF56_3_4.wav,82.89,83.19
IT/09_CF56_3/09_CF56_3_4.wav,87.94,88.33
IT/09_CF56_3/09_CF56_3_4.wav,93.21,93.44
IT/09_CF56_3/09_CF56_3_4.wav,96.47,96.9
IT/09_CF56_3/09_CF56_3_4.wav,99.91,100.26
IT/09_CF56_3/09_CF56_3_4.wav,103.93,104.61
IT/09_CF56_3/09_CF56_3_4.wav,111.49,111.87
IT/09_CF56_3/09_CF56_3_4.wav,115.17,115.55
IT/09_CF56_3/09_CF56_3_2.wav,0.48,0.75
IT/09_CF56_3/09_CF56_3_2.wav,10.6,11.13
IT/09_CF56_3/09_CF56_3_2.wav,14.84,15.3
IT/09_CF56_3/09_CF56_3_2.wav,19.58,19.8
IT/09_CF56_3/09_CF56_3_2.wav,29.31,29.73
IT/09_CF56_3/09_CF56_3_2.wav,35.02,35.5
IT/09_CF56_3/09_CF56_3_2.wav,40.22,40.58
IT/09_CF56_3/09_CF56_3_2.wav,43.98,44.34
IT/09_CF56_3/09_CF56_3_2.wav,46.05,46.52
IT/09_CF56_3/09_CF56_3_2.wav,48.42,48.93
IT/09_CF56_3/09_CF56_3_2.wav,55.24,56.12
IT/09_CF56_3/09_CF56_3_2.wav,59.16,59.73
IT/09_CF56_3/09_CF56_3_3.wav,8.81,9.34
IT/09_CF56_3/09_CF56_3_3.wav,11.27,11.67
IT/09_CF56_3/09_CF56_3_3.wav,16.32,16.59
IT/09_CF56_3/09_CF56_3_3.wav,24.98,25.32
IT/09_CF56_3/09_CF56_3_3.wav,26.52,26.96
IT/09_CF56_3/09_CF56_3_3.wav,32.93,33.3
IT/09_CF56_3/09_CF56_3_3.wav,41.63,42.2
IT/09_CF56_3/09_CF56_3_3.wav,44.38,44.84
IT/09_CF56_3/09_CF56_3_3.wav,47.5,47.8
IT/09_CF56_3/09_CF56_3_1.wav,1.29,1.92
IT/09_CF56_3/09_CF56_3_1.wav,6.97,7.28
IT/09_CF56_3/09_CF56_3_1.wav,11.27,11.83
IT/53_CF52_1/53_CF52_1_30.wav,0.82,1.75
IT/53_CF52_1/53_CF52_1_2.wav,0.37,1.72
IT/53_CF52_1/53_CF52_1_2.wav,2.54,2.81
IT/53_CF52_1/53_CF52_1_33.wav,0.26,0.92
IT/53_CF52_1/53_CF52_1_33.wav,1.84,2.13
IT/53_CF52_1/53_CF52_1_23.wav,0.7,1.1
IT/53_CF52_1/53_CF52_1_27.wav,0.6,0.95
IT/53_CF52_1/53_CF52_1_27.wav,2.06,2.57
IT/53_CF52_1/53_CF52_1_28.wav,0.73,1.99
IT/53_CF52_1/53_CF52_1_28.wav,3.14,3.87
IT/53_CF52_1/53_CF52_1_28.wav,4.7,5.27
IT/53_CF52_1/53_CF52_1_21.wav,4.06,5.08
IT/53_CF52_1/53_CF52_1_12.wav,0.59,0.93
IT/53_CF52_1/53_CF52_1_9.wav,3.07,3.57
IT/53_CF52_1/53_CF52_1_29.wav,3.37,3.61
IT/53_CF52_1/53_CF52_1_4.wav,1.8,2.81
IT/53_CF52_1/53_CF52_1_4.wav,3.39,3.62
IT/53_CF52_1/53_CF52_1_10.wav,0.59,1.33
IT/53_CF52_1/53_CF52_1_11.wav,2.07,2.69
IT/53_CF52_1/53_CF52_1_18.wav,0.55,1.14
IT/53_CF52_1/53_CF52_1_5.wav,1.3,2.78
IT/53_CF52_1/53_CF52_1_16.wav,5.64,6.43
IT/53_CF52_1/53_CF52_1_25.wav,0.67,0.91
IT/53_CF52_1/53_CF52_1_25.wav,1.5,2.24
IT/53_CF52_1/53_CF52_1_25.wav,3.29,3.72
IT/53_CF52_1/53_CF52_1_1.wav,0.31,1.82
IT/53_CF52_1/53_CF52_1_1.wav,2.79,3.25
IT/53_CF52_1/53_CF52_1_17.wav,1.31,1.75
IT/53_CF52_1/53_CF52_1_3.wav,0.0,0.34
IT/53_CF52_1/53_CF52_1_3.wav,1.14,1.84
IT/53_CF52_1/53_CF52_1_3.wav,3.29,4.32
IT/53_CF52_1/53_CF52_1_3.wav,6.34,7.2
IT/53_CF52_1/53_CF52_1_3.wav,8.63,9.67
IT/53_CF52_1/53_CF52_1_3.wav,11.35,12.25
IT/53_CF52_1/53_CF52_1_3.wav,13.37,15.36
IT/53_CF52_1/53_CF52_1_3.wav,17.51,18.17
IT/53_CF52_1/53_CF52_1_3.wav,20.14,20.87
IT/53_CF52_1/53_CF52_1_3.wav,22.92,23.36
IT/22_CF50_3/22_CF50_3_1.wav,9.36,10.03
IT/22_CF50_3/22_CF50_3_1.wav,13.47,13.96
IT/22_CF50_3/22_CF50_3_9.wav,2.65,3.17
IT/22_CF50_3/22_CF50_3_6.wav,6.2,6.78
IT/22_CF50_3/22_CF50_3_6.wav,9.37,9.71
IT/22_CF50_3/22_CF50_3_6.wav,16.88,17.9
IT/22_CF50_3/22_CF50_3_11.wav,10.84,11.21
IT/22_CF50_3/22_CF50_3_11.wav,13.06,13.56
IT/22_CF50_3/22_CF50_3_12.wav,2.41,2.89
IT/22_CF50_3/22_CF50_3_12.wav,4.91,5.18
IT/22_CF50_3/22_CF50_3_2.wav,8.32,8.74
IT/22_CF50_3/22_CF50_3_2.wav,10.87,11.2
IT/22_CF50_3/22_CF50_3_4.wav,1.65,2.14
IT/22_CF50_3/22_CF50_3_10.wav,9.28,9.68
IT/22_CF50_3/22_CF50_3_10.wav,11.24,11.59
IT/22_CF50_3/22_CF50_3_10.wav,16.65,17.24
IT/22_CF50_3/22_CF50_3_10.wav,32.57,33.05
IT/22_CF50_3/22_CF50_3_10.wav,34.92,35.25
IT/22_CF50_3/22_CF50_3_3.wav,1.8,2.16
IT/22_CF50_3/22_CF50_3_3.wav,8.92,9.13
IT/22_CF50_3/22_CF50_3_3.wav,12.48,12.8
IT/22_CF50_3/22_CF50_3_3.wav,22.54,23.05
IT/22_CF50_3/22_CF50_3_3.wav,28.9,29.57
IT/22_CF50_3/22_CF50_3_3.wav,33.45,33.7
IT/22_CF50_3/22_CF50_3_3.wav,36.52,37.07
IT/22_CF50_3/22_CF50_3_3.wav,46.73,47.34
IT/22_CF50_3/22_CF50_3_13.wav,8.37,8.63
IT/22_CF50_3/22_CF50_3_5.wav,2.18,2.86
IT/22_CF50_3/22_CF50_3_5.wav,4.63,4.92
IT/22_CF50_3/22_CF50_3_7.wav,2.1,2.52
IT/22_CF50_3/22_CF50_3_7.wav,5.98,6.25
IT/22_CF50_3/22_CF50_3_7.wav,11.2,11.5
IT/22_CF50_3/22_CF50_3_7.wav,15.55,15.78
IT/38_PF31_2/38_PF31_2_2.wav,0.67,1.0
IT/38_PF31_2/38_PF31_2_2.wav,2.53,3.13
IT/38_PF31_2/38_PF31_2_2.wav,7.45,7.76
IT/38_PF31_2/38_PF31_2_2.wav,11.77,12.25
IT/38_PF31_2/38_PF31_2_2.wav,16.0,16.58
IT/38_PF31_2/38_PF31_2_2.wav,17.54,17.97
IT/38_PF31_2/38_PF31_2_5.wav,4.09,4.54
IT/38_PF31_2/38_PF31_2_5.wav,10.33,10.83
IT/38_PF31_2/38_PF31_2_5.wav,12.52,12.81
IT/38_PF31_2/38_PF31_2_3.wav,2.76,3.15
IT/38_PF31_2/38_PF31_2_1.wav,0.69,1.6
IT/38_PF31_2/38_PF31_2_1.wav,4.76,5.02
IT/38_PF31_2/38_PF31_2_1.wav,8.53,9.1
IT/38_PF31_2/38_PF31_2_1.wav,13.51,14.31
IT/38_PF31_2/38_PF31_2_1.wav,19.2,19.6
IT/38_PF31_2/38_PF31_2_1.wav,22.84,23.34
IT/38_PF31_2/38_PF31_2_1.wav,27.1,28.07
IT/38_PF31_2/38_PF31_2_1.wav,29.71,30.0
IT/38_PF31_2/38_PF31_2_1.wav,34.72,35.9
IT/38_PF31_2/38_PF31_2_1.wav,38.96,39.75
IT/38_PF31_2/38_PF31_2_4.wav,3.35,3.89
IT/38_PF31_2/38_PF31_2_4.wav,8.85,9.13
IT/38_PF31_2/38_PF31_2_4.wav,12.15,12.65
IT/38_PF31_2/38_PF31_2_4.wav,13.72,14.26
IT/38_PF31_2/38_PF31_2_4.wav,18.44,18.79
IT/38_PF31_2/38_PF31_2_4.wav,23.89,24.72
IT/38_PF31_2/38_PF31_2_4.wav,31.1,31.38
IT/38_PF31_2/38_PF31_2_4.wav,32.47,32.71
IT/25_CF59_3/25_CF59_3_2.wav,8.26,8.84
IT/25_CF59_3/25_CF59_3_2.wav,12.92,13.31
IT/25_CF59_3/25_CF59_3_2.wav,19.28,20.35
IT/25_CF59_3/25_CF59_3_2.wav,22.93,23.13
IT/25_CF59_3/25_CF59_3_2.wav,24.7,25.45
IT/25_CF59_3/25_CF59_3_2.wav,33.02,34.17
IT/25_CF59_3/25_CF59_3_2.wav,35.58,35.99
IT/25_CF59_3/25_CF59_3_2.wav,40.23,40.5
IT/25_CF59_3/25_CF59_3_2.wav,40.76,41.02
IT/25_CF59_3/25_CF59_3_2.wav,49.15,49.8
IT/25_CF59_3/25_CF59_3_4.wav,7.65,8.26
IT/25_CF59_3/25_CF59_3_4.wav,16.18,16.46
IT/25_CF59_3/25_CF59_3_4.wav,19.12,19.72
IT/25_CF59_3/25_CF59_3_4.wav,22.69,22.89
IT/25_CF59_3/25_CF59_3_3.wav,4.62,5.05
IT/25_CF59_3/25_CF59_3_3.wav,10.38,10.83
IT/25_CF59_3/25_CF59_3_3.wav,12.99,13.25
IT/25_CF59_3/25_CF59_3_3.wav,15.36,15.74
IT/25_CF59_3/25_CF59_3_3.wav,18.18,18.54
IT/25_CF59_3/25_CF59_3_3.wav,23.68,24.91
IT/25_CF59_3/25_CF59_3_3.wav,27.78,28.14
IT/25_CF59_3/25_CF59_3_3.wav,34.26,34.58
IT/25_CF59_3/25_CF59_3_5.wav,3.83,4.03
IT/25_CF59_3/25_CF59_3_5.wav,5.71,6.56
IT/25_CF59_3/25_CF59_3_5.wav,9.02,9.48
IT/25_CF59_3/25_CF59_3_5.wav,13.79,14.55
IT/25_CF59_3/25_CF59_3_5.wav,15.89,16.26
IT/25_CF59_3/25_CF59_3_5.wav,18.57,19.82
IT/25_CF59_3/25_CF59_3_5.wav,26.74,27.35
IT/25_CF59_3/25_CF59_3_5.wav,28.3,29.18
IT/25_CF59_3/25_CF59_3_1.wav,0.42,0.85
IT/25_CF59_3/25_CF59_3_1.wav,5.66,6.09
IT/25_CF59_3/25_CF59_3_1.wav,14.0,14.55
IT/25_CF59_3/25_CF59_3_1.wav,21.64,22.07
IT/25_CF59_3/25_CF59_3_1.wav,25.67,25.98
IT/25_CF59_3/25_CF59_3_1.wav,31.34,31.56
IT/25_CF59_3/25_CF59_3_1.wav,33.85,34.08
IT/25_CF59_3/25_CF59_3_1.wav,36.17,36.69
IT/25_CF59_3/25_CF59_3_1.wav,39.99,40.29
IT/25_CF59_3/25_CF59_3_1.wav,44.76,45.11
IT/25_CF59_3/25_CF59_3_1.wav,47.57,48.4
IT/25_CF59_3/25_CF59_3_1.wav,55.91,56.31
IT/25_CF59_3/25_CF59_3_1.wav,60.34,61.4
IT/25_CF59_3/25_CF59_3_1.wav,61.63,62.12
IT/25_CF59_3/25_CF59_3_1.wav,68.15,68.44
IT/41_CM71_2/41_CM71_2_10.wav,2.03,2.77
IT/41_CM71_2/41_CM71_2_10.wav,4.02,4.85
IT/41_CM71_2/41_CM71_2_10.wav,8.78,9.32
IT/41_CM71_2/41_CM71_2_10.wav,17.1,17.68
IT/41_CM71_2/41_CM71_2_10.wav,20.36,21.59
IT/41_CM71_2/41_CM71_2_10.wav,25.42,25.86
IT/41_CM71_2/41_CM71_2_10.wav,27.61,28.2
IT/41_CM71_2/41_CM71_2_10.wav,30.26,30.55
IT/41_CM71_2/41_CM71_2_10.wav,31.69,32.21
IT/41_CM71_2/41_CM71_2_10.wav,32.8,34.4
IT/41_CM71_2/41_CM71_2_15.wav,0.29,0.81
IT/41_CM71_2/41_CM71_2_15.wav,1.68,2.01
IT/41_CM71_2/41_CM71_2_15.wav,4.71,5.01
IT/41_CM71_2/41_CM71_2_15.wav,6.21,6.41
IT/41_CM71_2/41_CM71_2_15.wav,9.67,10.33
IT/41_CM71_2/41_CM71_2_15.wav,12.6,12.81
IT/41_CM71_2/41_CM71_2_15.wav,16.09,17.1
IT/41_CM71_2/41_CM71_2_17.wav,3.73,4.44
IT/41_CM71_2/41_CM71_2_4.wav,5.45,6.13
IT/41_CM71_2/41_CM71_2_4.wav,7.1,7.31
IT/41_CM71_2/41_CM71_2_4.wav,9.14,10.02
IT/41_CM71_2/41_CM71_2_11.wav,4.62,5.36
IT/41_CM71_2/41_CM71_2_11.wav,9.36,9.58
IT/41_CM71_2/41_CM71_2_11.wav,12.76,13.25
IT/41_CM71_2/41_CM71_2_11.wav,17.02,17.35
IT/41_CM71_2/41_CM71_2_11.wav,18.9,19.14
IT/41_CM71_2/41_CM71_2_5.wav,0.83,1.04
IT/41_CM71_2/41_CM71_2_12.wav,0.58,1.17
IT/41_CM71_2/41_CM71_2_12.wav,3.73,4.67
IT/41_CM71_2/41_CM71_2_12.wav,7.18,7.48
IT/41_CM71_2/41_CM71_2_12.wav,9.65,10.04
IT/41_CM71_2/41_CM71_2_3.wav,1.49,2.26
IT/41_CM71_2/41_CM71_2_16.wav,1.46,2.05
IT/41_CM71_2/41_CM71_2_16.wav,6.76,7.61
IT/41_CM71_2/41_CM71_2_16.wav,9.67,10.01
IT/41_CM71_2/41_CM71_2_16.wav,13.73,14.13
IT/41_CM71_2/41_CM71_2_16.wav,15.24,15.66
IT/41_CM71_2/41_CM71_2_9.wav,4.89,5.22
IT/41_CM71_2/41_CM71_2_9.wav,8.66,9.14
IT/41_CM71_2/41_CM71_2_2.wav,3.29,4.0
IT/41_CM71_2/41_CM71_2_2.wav,7.39,7.98
IT/41_CM71_2/41_CM71_2_8.wav,3.06,3.6
IT/41_CM71_2/41_CM71_2_8.wav,5.51,5.82
IT/41_CM71_2/41_CM71_2_8.wav,7.78,8.12
IT/41_CM71_2/41_CM71_2_8.wav,9.86,10.12
IT/41_CM71_2/41_CM71_2_8.wav,12.22,12.91
IT/41_CM71_2/41_CM71_2_8.wav,13.31,13.65
IT/41_CM71_2/41_CM71_2_8.wav,17.22,17.84
IT/41_CM71_2/41_CM71_2_8.wav,20.41,20.84
IT/41_CM71_2/41_CM71_2_8.wav,23.79,24.41
IT/41_CM71_2/41_CM71_2_13.wav,4.79,5.5
IT/41_CM71_2/41_CM71_2_13.wav,8.65,9.62
IT/41_CM71_2/41_CM71_2_13.wav,13.33,14.66
IT/41_CM71_2/41_CM71_2_13.wav,16.86,17.81
IT/41_CM71_2/41_CM71_2_13.wav,21.15,21.89
IT/41_CM71_2/41_CM71_2_13.wav,25.85,26.22
IT/41_CM71_2/41_CM71_2_13.wav,30.17,30.75
IT/41_CM71_2/41_CM71_2_13.wav,33.57,34.01
IT/41_CM71_2/41_CM71_2_6.wav,0.69,1.1
IT/41_CM71_2/41_CM71_2_6.wav,4.06,4.51
IT/41_CM71_2/41_CM71_2_6.wav,12.21,12.71
IT/41_CM71_2/41_CM71_2_6.wav,14.12,14.83
IT/41_CM71_2/41_CM71_2_6.wav,17.65,19.53
IT/41_CM71_2/41_CM71_2_14.wav,0.36,0.87
IT/15_PM63_4/15_PM63_4_3.wav,6.25,6.82
IT/15_PM63_4/15_PM63_4_3.wav,10.21,10.65
IT/15_PM63_4/15_PM63_4_3.wav,17.9,18.3
IT/15_PM63_4/15_PM63_4_3.wav,24.57,24.79
IT/15_PM63_4/15_PM63_4_3.wav,25.53,26.07
IT/15_PM63_4/15_PM63_4_3.wav,28.53,28.86
IT/15_PM63_4/15_PM63_4_3.wav,30.69,31.28
IT/15_PM63_4/15_PM63_4_1.wav,8.35,8.93
IT/15_PM63_4/15_PM63_4_1.wav,12.23,12.62
IT/15_PM63_4/15_PM63_4_1.wav,15.95,16.58
IT/15_PM63_4/15_PM63_4_1.wav,20.01,20.65
IT/15_PM63_4/15_PM63_4_1.wav,24.64,25.11
IT/15_PM63_4/15_PM63_4_1.wav,32.99,33.45
IT/15_PM63_4/15_PM63_4_1.wav,34.4,34.76
IT/15_PM63_4/15_PM63_4_1.wav,36.33,36.99
IT/15_PM63_4/15_PM63_4_1.wav,38.96,39.31
IT/15_PM63_4/15_PM63_4_1.wav,45.48,45.86
IT/15_PM63_4/15_PM63_4_1.wav,48.85,49.26
IT/15_PM63_4/15_PM63_4_1.wav,53.92,54.56
IT/15_PM63_4/15_PM63_4_1.wav,60.73,61.18
IT/15_PM63_4/15_PM63_4_1.wav,66.97,67.43
IT/15_PM63_4/15_PM63_4_1.wav,69.96,70.7
IT/15_PM63_4/15_PM63_4_1.wav,75.34,75.6
IT/15_PM63_4/15_PM63_4_1.wav,77.58,77.94
IT/15_PM63_4/15_PM63_4_2.wav,5.13,5.55
IT/15_PM63_4/15_PM63_4_2.wav,11.72,12.0
IT/15_PM63_4/15_PM63_4_2.wav,18.32,19.37
IT/15_PM63_4/15_PM63_4_2.wav,23.05,23.59
IT/15_PM63_4/15_PM63_4_2.wav,27.79,28.11
IT/51_CF52_2/51_CF52_2_2.wav,6.57,6.96
IT/51_CF52_2/51_CF52_2_11.wav,0.62,0.84
IT/51_CF52_2/51_CF52_2_11.wav,1.62,2.39
IT/51_CF52_2/51_CF52_2_11.wav,3.85,4.74
IT/51_CF52_2/51_CF52_2_7.wav,0.5,0.93
IT/51_CF52_2/51_CF52_2_7.wav,2.47,3.27
IT/51_CF52_2/51_CF52_2_7.wav,3.93,4.31
IT/51_CF52_2/51_CF52_2_7.wav,7.45,7.69
IT/51_CF52_2/51_CF52_2_7.wav,17.24,17.93
IT/51_CF52_2/51_CF52_2_1.wav,0.2,0.84
IT/51_CF52_2/51_CF52_2_1.wav,3.73,4.07
IT/51_CF52_2/51_CF52_2_1.wav,5.01,5.23
IT/51_CF52_2/51_CF52_2_1.wav,6.71,7.04
IT/51_CF52_2/51_CF52_2_1.wav,11.46,12.61
IT/51_CF52_2/51_CF52_2_1.wav,14.94,15.56
IT/51_CF52_2/51_CF52_2_1.wav,18.54,18.97
IT/51_CF52_2/51_CF52_2_1.wav,20.42,20.87
IT/51_CF52_2/51_CF52_2_1.wav,23.85,24.27
IT/51_CF52_2/51_CF52_2_3.wav,5.85,6.06
IT/51_CF52_2/51_CF52_2_3.wav,7.4,7.6
IT/51_CF52_2/51_CF52_2_3.wav,8.59,8.9
IT/51_CF52_2/51_CF52_2_3.wav,9.12,9.44
IT/51_CF52_2/51_CF52_2_5.wav,1.45,1.77
IT/51_CF52_2/51_CF52_2_5.wav,3.06,3.63
IT/51_CF52_2/51_CF52_2_5.wav,4.57,4.85
IT/51_CF52_2/51_CF52_2_5.wav,8.61,9.04
IT/51_CF52_2/51_CF52_2_5.wav,10.21,11.05
IT/51_CF52_2/51_CF52_2_5.wav,12.15,12.7
IT/51_CF52_2/51_CF52_2_5.wav,13.26,13.71
IT/51_CF52_2/51_CF52_2_5.wav,14.93,15.51
IT/51_CF52_2/51_CF52_2_5.wav,16.89,17.69
IT/51_CF52_2/51_CF52_2_4.wav,4.47,4.78
IT/51_CF52_2/51_CF52_2_4.wav,6.55,7.68
IT/51_CF52_2/51_CF52_2_10.wav,5.96,6.18
IT/51_CF52_2/51_CF52_2_10.wav,12.68,12.91
IT/51_CF52_2/51_CF52_2_10.wav,25.52,25.82
IT/51_CF52_2/51_CF52_2_10.wav,26.91,27.26
IT/51_CF52_2/51_CF52_2_6.wav,3.25,3.59
IT/51_CF52_2/51_CF52_2_6.wav,4.37,4.76
IT/08_CF42_2/08_CF42_2_2.wav,5.94,7.38
IT/08_CF42_2/08_CF42_2_2.wav,11.93,12.42
IT/08_CF42_2/08_CF42_2_2.wav,16.07,16.78
IT/08_CF42_2/08_CF42_2_2.wav,22.26,22.49
IT/08_CF42_2/08_CF42_2_2.wav,25.06,25.67
IT/08_CF42_2/08_CF42_2_2.wav,27.93,28.98
IT/08_CF42_2/08_CF42_2_2.wav,32.39,32.65
IT/08_CF42_2/08_CF42_2_2.wav,34.44,35.31
IT/08_CF42_2/08_CF42_2_2.wav,36.09,37.06
IT/08_CF42_2/08_CF42_2_2.wav,41.19,42.12
IT/08_CF42_2/08_CF42_2_1.wav,7.09,7.66
IT/08_CF42_2/08_CF42_2_1.wav,11.71,12.52
IT/08_CF42_2/08_CF42_2_1.wav,15.42,16.07
IT/08_CF42_2/08_CF42_2_1.wav,25.09,25.48
IT/08_CF42_2/08_CF42_2_1.wav,26.62,27.25
IT/08_CF42_2/08_CF42_2_1.wav,36.45,36.86
IT/08_CF42_2/08_CF42_2_1.wav,40.04,41.12
IT/08_CF42_2/08_CF42_2_1.wav,45.48,45.83
IT/08_CF42_2/08_CF42_2_1.wav,47.04,47.84
IT/08_CF42_2/08_CF42_2_1.wav,54.39,55.47
IT/08_CF42_2/08_CF42_2_1.wav,62.59,63.33
IT/08_CF42_2/08_CF42_2_1.wav,63.97,64.79
IT/08_CF42_2/08_CF42_2_1.wav,66.5,66.87
IT/08_CF42_2/08_CF42_2_1.wav,67.97,68.66
IT/08_CF42_2/08_CF42_2_1.wav,74.16,75.26
IT/08_CF42_2/08_CF42_2_1.wav,79.59,80.73
IT/08_CF42_2/08_CF42_2_1.wav,87.85,88.43
IT/08_CF42_2/08_CF42_2_1.wav,95.07,95.36
IT/08_CF42_2/08_CF42_2_1.wav,98.38,98.85
IT/08_CF42_2/08_CF42_2_1.wav,101.17,101.61
IT/08_CF42_2/08_CF42_2_3.wav,4.33,4.67
IT/08_CF42_2/08_CF42_2_3.wav,10.03,10.69
IT/08_CF42_2/08_CF42_2_3.wav,19.91,20.32
IT/08_CF42_2/08_CF42_2_3.wav,22.17,22.73
IT/08_CF42_2/08_CF42_2_3.wav,25.18,25.84
IT/08_CF42_2/08_CF42_2_3.wav,27.18,27.61
IT/08_CF42_2/08_CF42_2_3.wav,34.7,35.66
IT/08_CF42_2/08_CF42_2_3.wav,40.77,42.17
IT/08_CF42_2/08_CF42_2_3.wav,44.65,45.1
IT/08_CF42_2/08_CF42_2_3.wav,46.97,47.81
IT/08_CF42_2/08_CF42_2_3.wav,52.22,52.56
IT/08_CF42_2/08_CF42_2_3.wav,55.67,56.18
IT/08_CF42_2/08_CF42_2_3.wav,61.29,62.46
IT/08_CF42_2/08_CF42_2_3.wav,69.28,69.7
IT/08_CF42_2/08_CF42_2_3.wav,71.13,71.82
IT/08_CF42_2/08_CF42_2_3.wav,72.8,73.32
IT/08_CF42_2/08_CF42_2_3.wav,78.29,79.42
IT/08_CF42_2/08_CF42_2_3.wav,82.02,82.4
IT/08_CF42_2/08_CF42_2_3.wav,85.73,86.12
IT/08_CF42_2/08_CF42_2_3.wav,88.33,88.93
IT/08_CF42_2/08_CF42_2_3.wav,92.26,92.73
IT/08_CF42_2/08_CF42_2_3.wav,95.43,96.01
IT/08_CF42_2/08_CF42_2_3.wav,103.15,104.17
IT/08_CF42_2/08_CF42_2_3.wav,112.13,112.93
IT/08_CF42_2/08_CF42_2_3.wav,114.58,114.94
IT/08_CF42_2/08_CF42_2_3.wav,115.8,116.18
IT/08_CF42_2/08_CF42_2_3.wav,119.34,120.06
IT/08_CF42_2/08_CF42_2_5.wav,5.81,6.23
IT/08_CF42_2/08_CF42_2_5.wav,15.24,15.67
IT/08_CF42_2/08_CF42_2_5.wav,20.73,21.2
IT/08_CF42_2/08_CF42_2_5.wav,22.13,23.11
IT/08_CF42_2/08_CF42_2_5.wav,27.62,27.97
IT/08_CF42_2/08_CF42_2_5.wav,32.48,32.88
IT/08_CF42_2/08_CF42_2_5.wav,37.35,37.75
IT/08_CF42_2/08_CF42_2_5.wav,43.4,43.95
IT/08_CF42_2/08_CF42_2_5.wav,46.3,46.51
IT/08_CF42_2/08_CF42_2_5.wav,48.81,49.18
IT/08_CF42_2/08_CF42_2_5.wav,51.48,51.79
IT/08_CF42_2/08_CF42_2_5.wav,56.43,56.79
IT/08_CF42_2/08_CF42_2_5.wav,59.35,60.05
IT/08_CF42_2/08_CF42_2_5.wav,61.49,61.98
IT/08_CF42_2/08_CF42_2_5.wav,66.11,66.63
IT/08_CF42_2/08_CF42_2_5.wav,71.89,72.23
IT/08_CF42_2/08_CF42_2_5.wav,74.74,75.16
IT/08_CF42_2/08_CF42_2_5.wav,81.29,81.57
IT/08_CF42_2/08_CF42_2_5.wav,83.37,83.83
IT/08_CF42_2/08_CF42_2_5.wav,86.98,87.37
IT/08_CF42_2/08_CF42_2_5.wav,93.31,94.69
IT/08_CF42_2/08_CF42_2_5.wav,98.93,99.19
IT/08_CF42_2/08_CF42_2_5.wav,101.68,101.97
IT/08_CF42_2/08_CF42_2_5.wav,105.8,106.37
IT/08_CF42_2/08_CF42_2_5.wav,114.01,115.19
IT/08_CF42_2/08_CF42_2_5.wav,119.3,119.51
IT/51_PF58_2/51_PF58_2_6.wav,1.28,2.05
IT/51_PF58_2/51_PF58_2_6.wav,6.43,7.91
IT/51_PF58_2/51_PF58_2_6.wav,10.87,11.18
IT/51_PF58_2/51_PF58_2_6.wav,15.5,17.05
IT/51_PF58_2/51_PF58_2_7.wav,2.06,2.49
IT/51_PF58_2/51_PF58_2_7.wav,4.27,5.07
IT/51_PF58_2/51_PF58_2_7.wav,6.85,7.82
IT/51_PF58_2/51_PF58_2_7.wav,9.01,9.49
IT/51_PF58_2/51_PF58_2_7.wav,12.23,12.86
IT/51_PF58_2/51_PF58_2_7.wav,14.49,15.18
IT/51_PF58_2/51_PF58_2_7.wav,17.16,18.67
IT/51_PF58_2/51_PF58_2_2.wav,2.79,4.2
IT/51_PF58_2/51_PF58_2_2.wav,6.46,7.61
IT/51_PF58_2/51_PF58_2_2.wav,11.41,12.28
IT/51_PF58_2/51_PF58_2_1.wav,4.2,5.31
IT/51_PF58_2/51_PF58_2_3.wav,1.78,3.67
IT/51_PF58_2/51_PF58_2_4.wav,2.75,3.23
IT/51_PF58_2/51_PF58_2_4.wav,4.3,5.87
IT/51_PF58_2/51_PF58_2_4.wav,8.71,9.21
IT/51_PF58_2/51_PF58_2_4.wav,11.09,11.35
IT/20_PM43_2/20_PM43_2_2.wav,6.03,7.14
IT/20_PM43_2/20_PM43_2_6.wav,0.97,1.72
IT/20_PM43_2/20_PM43_2_7.wav,2.56,3.99
IT/20_PM43_2/20_PM43_2_7.wav,7.93,9.26
IT/20_PM43_2/20_PM43_2_7.wav,12.61,13.22
IT/20_PM43_2/20_PM43_2_7.wav,16.13,16.79
IT/20_PM43_2/20_PM43_2_7.wav,19.25,19.87
IT/20_PM43_2/20_PM43_2_1.wav,4.69,6.07
IT/20_PM43_2/20_PM43_2_1.wav,8.85,9.74
IT/20_PM43_2/20_PM43_2_1.wav,13.33,14.6
IT/20_PM43_2/20_PM43_2_1.wav,19.02,19.62
IT/20_PM43_2/20_PM43_2_1.wav,20.93,21.85
IT/20_PM43_2/20_PM43_2_1.wav,24.04,24.64
IT/20_PM43_2/20_PM43_2_1.wav,27.55,28.57
IT/20_PM43_2/20_PM43_2_1.wav,30.58,31.66
IT/20_PM43_2/20_PM43_2_1.wav,33.88,34.77
IT/20_PM43_2/20_PM43_2_1.wav,36.84,37.49
IT/50_PF35_3/50_PF35_3_1.wav,4.12,5.02
IT/50_PF35_3/50_PF35_3_1.wav,9.86,10.73
IT/50_PF35_3/50_PF35_3_1.wav,16.84,17.14
IT/50_PF35_3/50_PF35_3_1.wav,17.5,18.09
IT/50_PF35_3/50_PF35_3_1.wav,19.14,19.42
IT/50_PF35_3/50_PF35_3_1.wav,24.44,25.53
IT/50_PF35_3/50_PF35_3_1.wav,27.24,27.47
IT/50_PF35_3/50_PF35_3_1.wav,31.92,32.52
IT/50_PF35_3/50_PF35_3_1.wav,36.81,37.48
IT/50_PF35_3/50_PF35_3_1.wav,40.68,41.12
IT/50_PF35_3/50_PF35_3_1.wav,42.51,43.74
IT/50_PF35_3/50_PF35_3_3.wav,2.72,3.22
IT/50_PF35_3/50_PF35_3_3.wav,5.04,5.54
IT/50_PF35_3/50_PF35_3_3.wav,13.54,13.99
IT/50_PF35_3/50_PF35_3_3.wav,17.94,18.38
IT/50_PF35_3/50_PF35_3_3.wav,25.34,25.81
IT/50_PF35_3/50_PF35_3_2.wav,2.68,3.21
IT/50_PF35_3/50_PF35_3_2.wav,8.89,9.4
IT/50_PF35_3/50_PF35_3_2.wav,17.21,17.73
IT/50_PF35_3/50_PF35_3_2.wav,23.41,23.91
IT/50_PF35_3/50_PF35_3_2.wav,29.27,29.94
IT/50_PF35_3/50_PF35_3_2.wav,35.37,35.69
IT/50_PF35_3/50_PF35_3_2.wav,36.26,37.06
IT/25_PF36_4/25_PF36_4_1.wav,2.75,3.28
IT/25_PF36_4/25_PF36_4_1.wav,6.81,7.12
IT/25_PF36_4/25_PF36_4_1.wav,9.08,9.39
IT/25_PF36_4/25_PF36_4_1.wav,15.19,15.86
IT/25_PF36_4/25_PF36_4_1.wav,17.1,17.6
IT/25_PF36_4/25_PF36_4_1.wav,20.14,20.41
IT/25_PF36_4/25_PF36_4_1.wav,21.79,22.49
IT/25_PF36_4/25_PF36_4_1.wav,24.87,25.76
IT/25_PF36_4/25_PF36_4_1.wav,31.08,32.65
IT/25_PF36_4/25_PF36_4_1.wav,42.59,43.04
IT/25_PF36_4/25_PF36_4_1.wav,45.4,46.28
IT/25_PF36_4/25_PF36_4_1.wav,49.68,50.31
IT/25_PF36_4/25_PF36_4_2.wav,3.46,3.84
IT/25_PF36_4/25_PF36_4_2.wav,6.27,6.93
IT/25_PF36_4/25_PF36_4_2.wav,8.5,8.73
IT/25_PF36_4/25_PF36_4_2.wav,11.12,11.58
IT/25_PF36_4/25_PF36_4_2.wav,15.77,16.32
IT/25_PF36_4/25_PF36_4_2.wav,19.3,20.19
IT/25_PF36_4/25_PF36_4_2.wav,23.16,23.95
IT/25_PF36_4/25_PF36_4_2.wav,27.31,27.7
IT/25_PF36_4/25_PF36_4_2.wav,28.5,29.01
IT/25_PF36_4/25_PF36_4_2.wav,31.98,32.69
IT/25_PF36_4/25_PF36_4_2.wav,34.03,34.45
IT/25_PF36_4/25_PF36_4_2.wav,42.31,42.8
IT/25_PF36_4/25_PF36_4_2.wav,44.52,45.03
IT/25_PF36_4/25_PF36_4_2.wav,53.5,53.87
IT/25_PF36_4/25_PF36_4_2.wav,56.02,56.47
IT/25_PF36_4/25_PF36_4_2.wav,58.36,58.88
IT/25_PF36_4/25_PF36_4_2.wav,64.95,65.37
IT/25_PF36_4/25_PF36_4_2.wav,68.63,69.12
IT/43_PF53_4/43_PF53_4_2.wav,2.85,3.81
IT/43_PF53_4/43_PF53_4_2.wav,7.35,7.64
IT/43_PF53_4/43_PF53_4_2.wav,9.39,10.08
IT/43_PF53_4/43_PF53_4_2.wav,12.23,12.74
IT/43_PF53_4/43_PF53_4_2.wav,16.44,16.94
IT/43_PF53_4/43_PF53_4_2.wav,18.46,18.66
IT/43_PF53_4/43_PF53_4_2.wav,19.29,19.71
IT/43_PF53_4/43_PF53_4_2.wav,20.6,21.35
IT/43_PF53_4/43_PF53_4_2.wav,26.14,26.75
IT/43_PF53_4/43_PF53_4_2.wav,27.45,28.92
IT/43_PF53_4/43_PF53_4_2.wav,32.33,32.77
IT/43_PF53_4/43_PF53_4_2.wav,35.39,35.86
IT/43_PF53_4/43_PF53_4_2.wav,38.22,38.58
IT/43_PF53_4/43_PF53_4_2.wav,41.44,42.82
IT/43_PF53_4/43_PF53_4_2.wav,44.92,45.25
IT/43_PF53_4/43_PF53_4_2.wav,45.84,46.2
IT/43_PF53_4/43_PF53_4_2.wav,46.89,47.84
IT/43_PF53_4/43_PF53_4_2.wav,49.78,50.12
IT/43_PF53_4/43_PF53_4_2.wav,51.15,51.56
IT/43_PF53_4/43_PF53_4_2.wav,52.62,53.27
IT/43_PF53_4/43_PF53_4_2.wav,57.07,57.58
IT/43_PF53_4/43_PF53_4_2.wav,59.37,61.27
IT/43_PF53_4/43_PF53_4_2.wav,66.01,66.47
IT/43_PF53_4/43_PF53_4_2.wav,69.79,70.3
IT/43_PF53_4/43_PF53_4_2.wav,74.81,75.17
IT/43_PF53_4/43_PF53_4_2.wav,76.13,76.87
IT/43_PF53_4/43_PF53_4_2.wav,80.79,81.35
IT/43_PF53_4/43_PF53_4_2.wav,83.02,83.43
IT/43_PF53_4/43_PF53_4_2.wav,85.53,85.85
IT/43_PF53_4/43_PF53_4_2.wav,89.53,90.69
IT/43_PF53_4/43_PF53_4_2.wav,92.34,92.68
IT/43_PF53_4/43_PF53_4_2.wav,95.27,95.66
IT/43_PF53_4/43_PF53_4_2.wav,98.49,98.96
IT/43_PF53_4/43_PF53_4_2.wav,101.13,101.93
IT/43_PF53_4/43_PF53_4_2.wav,104.45,105.2
IT/43_PF53_4/43_PF53_4_2.wav,105.72,106.0
IT/43_PF53_4/43_PF53_4_2.wav,107.12,107.34
IT/43_PF53_4/43_PF53_4_2.wav,108.41,109.16
IT/43_PF53_4/43_PF53_4_2.wav,112.6,113.02
IT/43_PF53_4/43_PF53_4_2.wav,113.41,113.86
IT/43_PF53_4/43_PF53_4_2.wav,115.86,116.54
IT/39_CM27_3/39_CM27_3_7.wav,3.26,3.94
IT/39_CM27_3/39_CM27_3_7.wav,15.27,15.93
IT/39_CM27_3/39_CM27_3_13.wav,1.37,1.78
IT/39_CM27_3/39_CM27_3_13.wav,2.82,3.1
IT/39_CM27_3/39_CM27_3_13.wav,7.59,7.97
IT/39_CM27_3/39_CM27_3_13.wav,11.65,12.51
IT/39_CM27_3/39_CM27_3_13.wav,14.22,15.03
IT/39_CM27_3/39_CM27_3_2.wav,3.21,3.61
IT/39_CM27_3/39_CM27_3_2.wav,4.52,4.75
IT/39_CM27_3/39_CM27_3_8.wav,1.23,1.56
IT/39_CM27_3/39_CM27_3_8.wav,1.92,2.34
IT/39_CM27_3/39_CM27_3_8.wav,4.74,5.66
IT/39_CM27_3/39_CM27_3_8.wav,9.37,9.89
IT/39_CM27_3/39_CM27_3_9.wav,3.33,3.67
IT/39_CM27_3/39_CM27_3_10.wav,0.27,0.87
IT/39_CM27_3/39_CM27_3_10.wav,3.44,4.05
IT/39_CM27_3/39_CM27_3_20.wav,10.24,10.6
IT/39_CM27_3/39_CM27_3_16.wav,8.14,9.07
IT/39_CM27_3/39_CM27_3_16.wav,13.06,13.28
IT/39_CM27_3/39_CM27_3_16.wav,16.97,17.25
IT/39_CM27_3/39_CM27_3_16.wav,21.02,21.32
IT/39_CM27_3/39_CM27_3_1.wav,3.5,3.77
IT/39_CM27_3/39_CM27_3_15.wav,4.76,4.98
IT/39_CM27_3/39_CM27_3_15.wav,8.07,8.53
IT/39_CM27_3/39_CM27_3_15.wav,11.38,11.79
IT/39_CM27_3/39_CM27_3_15.wav,13.62,13.83
IT/39_CM27_3/39_CM27_3_3.wav,0.58,0.83
IT/39_CM27_3/39_CM27_3_3.wav,1.88,2.43
IT/39_CM27_3/39_CM27_3_5.wav,2.72,3.49
IT/39_CM27_3/39_CM27_3_5.wav,5.53,6.55
IT/39_CM27_3/39_CM27_3_4.wav,2.59,3.16
IT/39_CM27_3/39_CM27_3_4.wav,8.58,9.51
IT/41_PF32_4/41_PF32_4_4.wav,1.45,2.35
IT/41_PF32_4/41_PF32_4_4.wav,3.83,5.1
IT/41_PF32_4/41_PF32_4_4.wav,5.89,6.26
IT/41_PF32_4/41_PF32_4_4.wav,8.8,9.08
IT/41_PF32_4/41_PF32_4_4.wav,10.35,10.58
IT/41_PF32_4/41_PF32_4_4.wav,12.44,12.71
IT/41_PF32_4/41_PF32_4_4.wav,13.53,14.12
IT/41_PF32_4/41_PF32_4_2.wav,6.25,7.67
IT/41_PF32_4/41_PF32_4_3.wav,2.64,3.12
IT/41_PF32_4/41_PF32_4_3.wav,6.46,7.52
IT/41_PF32_4/41_PF32_4_3.wav,10.22,11.65
IT/41_PF32_4/41_PF32_4_3.wav,13.38,14.06
IT/41_PF32_4/41_PF32_4_3.wav,17.7,18.54
IT/41_PF32_4/41_PF32_4_3.wav,19.04,19.31
IT/41_PF32_4/41_PF32_4_3.wav,21.82,22.36
IT/41_PF32_4/41_PF32_4_3.wav,25.36,25.93
IT/41_PF32_4/41_PF32_4_3.wav,28.6,29.08
IT/41_PF32_4/41_PF32_4_3.wav,32.9,33.59
IT/41_PF32_4/41_PF32_4_3.wav,36.49,38.09
IT/41_PF32_4/41_PF32_4_1.wav,1.84,2.62
IT/41_PF32_4/41_PF32_4_1.wav,4.65,5.31
IT/41_PF32_4/41_PF32_4_1.wav,6.4,6.64
IT/41_PF32_4/41_PF32_4_1.wav,7.12,7.72
IT/41_PF32_4/41_PF32_4_1.wav,10.59,11.98
IT/41_PF32_4/41_PF32_4_1.wav,14.29,14.63
IT/41_PF32_4/41_PF32_4_1.wav,16.96,17.38
IT/41_PF32_4/41_PF32_4_1.wav,19.58,21.37
IT/41_PF32_4/41_PF32_4_1.wav,23.96,24.5
IT/41_PF32_4/41_PF32_4_1.wav,25.6,26.24
IT/41_PF32_4/41_PF32_4_1.wav,29.42,29.97
IT/41_PF32_4/41_PF32_4_1.wav,31.44,31.69
IT/41_PF32_4/41_PF32_4_1.wav,32.64,32.91
IT/41_PF32_4/41_PF32_4_1.wav,34.66,35.04
IT/41_PF32_4/41_PF32_4_1.wav,36.85,37.68
IT/41_PF32_4/41_PF32_4_1.wav,41.84,42.37
IT/41_PF32_4/41_PF32_4_1.wav,43.44,43.81
IT/41_PF32_4/41_PF32_4_1.wav,44.5,46.04
IT/41_PF32_4/41_PF32_4_1.wav,46.68,47.31
IT/41_PF32_4/41_PF32_4_1.wav,48.82,49.19
IT/41_PF32_4/41_PF32_4_1.wav,50.85,51.33
IT/41_PF32_4/41_PF32_4_1.wav,52.01,52.61
IT/41_PF32_4/41_PF32_4_1.wav,54.58,55.25
IT/52_PM53_4/52_PM53_4_5.wav,2.01,3.02
IT/52_PM53_4/52_PM53_4_5.wav,7.7,8.97
IT/52_PM53_4/52_PM53_4_5.wav,11.14,11.97
IT/52_PM53_4/52_PM53_4_5.wav,14.48,15.16
IT/52_PM53_4/52_PM53_4_6.wav,3.27,3.65
IT/52_PM53_4/52_PM53_4_6.wav,5.76,6.26
IT/52_PM53_4/52_PM53_4_2.wav,3.35,4.16
IT/52_PM53_4/52_PM53_4_2.wav,9.05,9.48
IT/52_PM53_4/52_PM53_4_2.wav,14.99,15.36
IT/52_PM53_4/52_PM53_4_2.wav,16.88,17.27
IT/52_PM53_4/52_PM53_4_2.wav,22.3,22.6
IT/52_PM53_4/52_PM53_4_2.wav,26.8,27.38
IT/52_PM53_4/52_PM53_4_2.wav,30.46,31.36
IT/52_PM53_4/52_PM53_4_2.wav,35.86,36.08
IT/52_PM53_4/52_PM53_4_2.wav,37.76,38.66
IT/52_PM53_4/52_PM53_4_2.wav,40.56,40.94
IT/52_PM53_4/52_PM53_4_2.wav,45.36,46.14
IT/52_PM53_4/52_PM53_4_1.wav,6.67,7.81
IT/52_PM53_4/52_PM53_4_7.wav,0.64,1.03
IT/52_PM53_4/52_PM53_4_7.wav,4.82,5.6
IT/52_PM53_4/52_PM53_4_7.wav,11.1,11.51
IT/52_PM53_4/52_PM53_4_7.wav,12.94,13.51
IT/52_PM53_4/52_PM53_4_7.wav,14.27,14.69
IT/52_PM53_4/52_PM53_4_7.wav,16.01,16.6
IT/52_PM53_4/52_PM53_4_7.wav,19.34,19.99
IT/52_PM53_4/52_PM53_4_7.wav,26.55,26.91
IT/52_PM53_4/52_PM53_4_4.wav,5.44,6.33
IT/52_PM53_4/52_PM53_4_3.wav,4.17,5.03
IT/66_PM33_3/66_PM33_3_2.wav,2.38,3.55
IT/66_PM33_3/66_PM33_3_2.wav,5.99,6.52
IT/66_PM33_3/66_PM33_3_2.wav,11.9,12.46
IT/66_PM33_3/66_PM33_3_2.wav,15.9,16.82
IT/66_PM33_3/66_PM33_3_2.wav,17.85,18.48
IT/66_PM33_3/66_PM33_3_2.wav,19.14,20.06
IT/66_PM33_3/66_PM33_3_2.wav,21.02,21.43
IT/66_PM33_3/66_PM33_3_2.wav,25.92,26.16
IT/66_PM33_3/66_PM33_3_2.wav,31.28,32.9
IT/66_PM33_3/66_PM33_3_2.wav,34.8,36.64
IT/66_PM33_3/66_PM33_3_2.wav,39.31,40.29
IT/66_PM33_3/66_PM33_3_2.wav,44.52,44.95
IT/66_PM33_3/66_PM33_3_2.wav,48.3,50.1
IT/66_PM33_3/66_PM33_3_2.wav,55.65,57.32
IT/66_PM33_3/66_PM33_3_2.wav,58.64,60.34
IT/66_PM33_3/66_PM33_3_2.wav,61.9,63.26
IT/66_PM33_3/66_PM33_3_1.wav,4.84,5.68
IT/66_PM33_3/66_PM33_3_1.wav,6.89,7.32
IT/66_PM33_3/66_PM33_3_1.wav,11.78,12.27
IT/66_PM33_3/66_PM33_3_1.wav,15.72,17.51
IT/66_PM33_3/66_PM33_3_1.wav,24.33,25.37
IT/66_PM33_3/66_PM33_3_1.wav,26.51,27.46
IT/66_PM33_3/66_PM33_3_1.wav,32.99,34.72
IT/66_PM33_3/66_PM33_3_1.wav,39.77,40.8
IT/66_PM33_3/66_PM33_3_1.wav,42.09,42.33
IT/66_PM33_3/66_PM33_3_1.wav,43.17,43.63
IT/66_PM33_3/66_PM33_3_1.wav,47.6,50.12
IT/66_PM33_3/66_PM33_3_1.wav,51.4,51.6
IT/66_PM33_3/66_PM33_3_1.wav,58.14,59.2
IT/66_PM33_3/66_PM33_3_1.wav,65.42,66.63
IT/66_PM33_3/66_PM33_3_1.wav,69.92,70.54
IT/66_PM33_3/66_PM33_3_1.wav,72.02,72.88
IT/66_PM33_3/66_PM33_3_1.wav,75.0,75.62
IT/66_PM33_3/66_PM33_3_1.wav,79.17,80.39
IT/66_PM33_3/66_PM33_3_1.wav,89.41,90.1
IT/52_CF29_3/52_CF29_3_15.wav,3.34,3.75
IT/52_CF29_3/52_CF29_3_20.wav,0.54,0.86
IT/52_CF29_3/52_CF29_3_5.wav,0.06,0.32
IT/52_CF29_3/52_CF29_3_5.wav,2.04,2.5
IT/52_CF29_3/52_CF29_3_6.wav,0.09,0.59
IT/52_CF29_3/52_CF29_3_14.wav,4.35,4.9
IT/52_CF29_3/52_CF29_3_9.wav,0.0,0.55
IT/52_CF29_3/52_CF29_3_9.wav,5.64,5.99
IT/52_CF29_3/52_CF29_3_3.wav,8.65,9.08
IT/52_CF29_3/52_CF29_3_13.wav,1.41,2.2
IT/52_CF29_3/52_CF29_3_22.wav,0.34,0.72
IT/52_CF29_3/52_CF29_3_2.wav,0.0,0.36
IT/52_CF29_3/52_CF29_3_2.wav,3.81,4.19
IT/52_CF29_3/52_CF29_3_4.wav,0.94,1.27
IT/52_CF29_3/52_CF29_3_19.wav,6.94,7.37
IT/52_CF29_3/52_CF29_3_12.wav,0.0,0.24
IT/52_CF29_3/52_CF29_3_12.wav,4.61,4.97
IT/52_CF29_3/52_CF29_3_17.wav,6.04,6.72
IT/52_CF29_3/52_CF29_3_1.wav,0.0,0.5
IT/52_CF29_3/52_CF29_3_1.wav,9.66,9.98
IT/52_CF29_3/52_CF29_3_1.wav,10.33,10.81
IT/52_CF29_3/52_CF29_3_1.wav,18.31,18.82
IT/52_CF29_3/52_CF29_3_18.wav,4.88,5.42
IT/52_CF29_3/52_CF29_3_11.wav,0.0,0.47
IT/52_CF29_3/52_CF29_3_11.wav,5.41,5.75
IT/52_CF29_3/52_CF29_3_16.wav,0.0,0.32
IT/01_CF56_1/01_CF56_1_6.wav,1.65,2.05
IT/01_CF56_1/01_CF56_1_6.wav,3.09,4.01
IT/01_CF56_1/01_CF56_1_6.wav,8.81,9.34
IT/01_CF56_1/01_CF56_1_6.wav,12.77,13.35
IT/01_CF56_1/01_CF56_1_6.wav,14.56,15.79
IT/01_CF56_1/01_CF56_1_6.wav,18.16,18.66
IT/01_CF56_1/01_CF56_1_6.wav,20.21,20.92
IT/01_CF56_1/01_CF56_1_6.wav,23.38,23.71
IT/01_CF56_1/01_CF56_1_6.wav,26.65,27.27
IT/01_CF56_1/01_CF56_1_6.wav,28.71,29.68
IT/01_CF56_1/01_CF56_1_6.wav,31.13,31.86
IT/01_CF56_1/01_CF56_1_3.wav,1.46,2.29
IT/01_CF56_1/01_CF56_1_3.wav,8.69,10.14
IT/01_CF56_1/01_CF56_1_3.wav,13.04,14.01
IT/01_CF56_1/01_CF56_1_3.wav,17.24,18.13
IT/01_CF56_1/01_CF56_1_3.wav,19.04,20.05
IT/01_CF56_1/01_CF56_1_3.wav,22.75,23.27
IT/01_CF56_1/01_CF56_1_3.wav,24.25,25.56
IT/01_CF56_1/01_CF56_1_3.wav,27.37,28.27
IT/01_CF56_1/01_CF56_1_3.wav,29.51,30.19
IT/01_CF56_1/01_CF56_1_2.wav,1.54,1.99
IT/01_CF56_1/01_CF56_1_4.wav,4.52,5.07
IT/01_CF56_1/01_CF56_1_4.wav,6.8,7.54
IT/01_CF56_1/01_CF56_1_4.wav,10.34,12.05
IT/01_CF56_1/01_CF56_1_4.wav,13.63,14.33
IT/01_CF56_1/01_CF56_1_4.wav,17.06,17.97
IT/01_CF56_1/01_CF56_1_4.wav,19.83,21.51
IT/01_CF56_1/01_CF56_1_4.wav,22.13,22.79
IT/01_CF56_1/01_CF56_1_4.wav,25.51,26.17
IT/01_CF56_1/01_CF56_1_4.wav,27.28,28.57
IT/01_CF56_1/01_CF56_1_4.wav,29.38,30.66
IT/01_CF56_1/01_CF56_1_4.wav,32.8,33.69
IT/01_CF56_1/01_CF56_1_4.wav,35.22,35.8
IT/01_CF56_1/01_CF56_1_4.wav,37.19,38.27
IT/01_CF56_1/01_CF56_1_10.wav,0.62,0.83
IT/01_CF56_1/01_CF56_1_5.wav,0.97,1.27
IT/01_CF56_1/01_CF56_1_5.wav,3.73,5.29
IT/01_CF56_1/01_CF56_1_5.wav,9.45,11.03
IT/01_CF56_1/01_CF56_1_8.wav,4.49,5.86
IT/01_CF56_1/01_CF56_1_8.wav,7.86,9.51
IT/01_CF56_1/01_CF56_1_1.wav,0.59,0.94
IT/01_CF56_1/01_CF56_1_1.wav,3.95,5.35
IT/01_CF56_1/01_CF56_1_1.wav,10.71,11.16
IT/01_CF56_1/01_CF56_1_1.wav,13.2,13.96
IT/01_CF56_1/01_CF56_1_1.wav,16.7,17.14
IT/01_CF56_1/01_CF56_1_1.wav,19.57,21.11
IT/01_CF56_1/01_CF56_1_1.wav,22.85,23.4
IT/01_CF56_1/01_CF56_1_1.wav,24.53,24.92
IT/01_CF56_1/01_CF56_1_1.wav,26.1,27.35
IT/01_CF56_1/01_CF56_1_7.wav,0.54,1.18
IT/01_CF56_1/01_CF56_1_7.wav,2.73,3.49
IT/01_CF56_1/01_CF56_1_7.wav,4.04,4.31
IT/01_CF56_1/01_CF56_1_7.wav,5.22,8.58
IT/01_CF56_1/01_CF56_1_9.wav,1.36,2.46
IT/01_CF56_1/01_CF56_1_9.wav,3.85,4.46
IT/01_CF56_1/01_CF56_1_9.wav,9.31,10.05
IT/01_CF56_1/01_CF56_1_9.wav,13.13,14.55
IT/01_CF56_1/01_CF56_1_9.wav,17.28,18.95
IT/01_CF56_1/01_CF56_1_9.wav,20.36,21.42
IT/57_CF25_3/57_CF25_3_4.wav,0.63,0.83
IT/57_CF25_3/57_CF25_3_4.wav,3.24,3.65
IT/57_CF25_3/57_CF25_3_5.wav,1.68,2.21
IT/57_CF25_3/57_CF25_3_5.wav,3.05,4.08
IT/57_CF25_3/57_CF25_3_5.wav,6.32,6.69
IT/57_CF25_3/57_CF25_3_5.wav,9.54,10.56
IT/57_CF25_3/57_CF25_3_5.wav,13.84,14.39
IT/57_CF25_3/57_CF25_3_5.wav,16.0,16.51
IT/57_CF25_3/57_CF25_3_5.wav,18.52,19.43
IT/57_CF25_3/57_CF25_3_5.wav,24.48,25.38
IT/57_CF25_3/57_CF25_3_5.wav,26.58,26.93
IT/57_CF25_3/57_CF25_3_5.wav,31.47,32.07
IT/57_CF25_3/57_CF25_3_5.wav,37.6,37.83
IT/57_CF25_3/57_CF25_3_5.wav,41.86,42.83
IT/57_CF25_3/57_CF25_3_5.wav,44.3,45.81
IT/57_CF25_3/57_CF25_3_5.wav,48.23,48.78
IT/57_CF25_3/57_CF25_3_5.wav,50.56,51.42
IT/57_CF25_3/57_CF25_3_5.wav,54.27,54.75
IT/57_CF25_3/57_CF25_3_5.wav,61.31,61.89
IT/57_CF25_3/57_CF25_3_5.wav,63.15,63.63
IT/57_CF25_3/57_CF25_3_5.wav,67.5,68.24
IT/57_CF25_3/57_CF25_3_5.wav,69.96,70.18
IT/57_CF25_3/57_CF25_3_5.wav,73.05,73.72
IT/57_CF25_3/57_CF25_3_5.wav,76.65,77.42
IT/57_CF25_3/57_CF25_3_5.wav,77.92,78.29
IT/57_CF25_3/57_CF25_3_5.wav,79.38,79.74
IT/57_CF25_3/57_CF25_3_5.wav,85.39,85.8
IT/57_CF25_3/57_CF25_3_5.wav,89.38,89.82
IT/57_CF25_3/57_CF25_3_6.wav,2.81,3.18
IT/57_CF25_3/57_CF25_3_6.wav,6.8,7.58
IT/57_CF25_3/57_CF25_3_6.wav,9.64,10.05
IT/57_CF25_3/57_CF25_3_6.wav,12.01,12.57
IT/57_CF25_3/57_CF25_3_6.wav,15.99,16.23
IT/57_CF25_3/57_CF25_3_6.wav,18.64,18.88
IT/57_CF25_3/57_CF25_3_6.wav,21.81,22.38
IT/57_CF25_3/57_CF25_3_6.wav,24.74,25.37
IT/57_CF25_3/57_CF25_3_6.wav,26.73,27.04
IT/57_CF25_3/57_CF25_3_6.wav,28.84,29.75
IT/57_CF25_3/57_CF25_3_6.wav,34.88,35.29
IT/57_CF25_3/57_CF25_3_6.wav,43.85,44.48
IT/57_CF25_3/57_CF25_3_6.wav,46.65,47.27
IT/57_CF25_3/57_CF25_3_6.wav,50.06,50.9
IT/57_CF25_3/57_CF25_3_6.wav,52.48,52.92
IT/57_CF25_3/57_CF25_3_6.wav,56.27,56.65
IT/57_CF25_3/57_CF25_3_6.wav,57.62,58.08
IT/57_CF25_3/57_CF25_3_6.wav,60.67,61.12
IT/57_CF25_3/57_CF25_3_6.wav,64.54,64.82
IT/57_CF25_3/57_CF25_3_6.wav,65.58,66.23
IT/57_CF25_3/57_CF25_3_6.wav,68.13,68.57
IT/57_CF25_3/57_CF25_3_6.wav,71.97,72.77
IT/57_CF25_3/57_CF25_3_7.wav,3.29,3.82
IT/57_CF25_3/57_CF25_3_7.wav,6.27,7.57
IT/57_CF25_3/57_CF25_3_7.wav,11.23,11.54
IT/57_CF25_3/57_CF25_3_7.wav,12.29,12.53
IT/57_CF25_3/57_CF25_3_7.wav,14.07,15.56
IT/57_CF25_3/57_CF25_3_7.wav,20.08,20.38
IT/57_CF25_3/57_CF25_3_7.wav,23.79,24.42
IT/57_CF25_3/57_CF25_3_7.wav,26.93,27.47
IT/57_CF25_3/57_CF25_3_7.wav,29.05,29.65
IT/57_CF25_3/57_CF25_3_7.wav,30.5,31.06
IT/57_CF25_3/57_CF25_3_7.wav,38.22,39.31
IT/57_CF25_3/57_CF25_3_7.wav,40.51,41.12
IT/57_CF25_3/57_CF25_3_7.wav,45.18,45.86
IT/71_PM68_1/71_PM68_1_1.wav,3.79,5.18
IT/71_PM68_1/71_PM68_1_1.wav,7.07,8.6
IT/71_PM68_1/71_PM68_1_1.wav,13.09,14.35
IT/71_PM68_1/71_PM68_1_1.wav,19.59,20.02
IT/71_PM68_1/71_PM68_1_1.wav,20.86,21.88
IT/71_PM68_1/71_PM68_1_1.wav,22.78,23.26
IT/71_PM68_1/71_PM68_1_1.wav,25.3,25.52
IT/71_PM68_1/71_PM68_1_1.wav,27.82,28.31
IT/71_PM68_1/71_PM68_1_1.wav,29.11,29.53
IT/71_PM68_1/71_PM68_1_1.wav,31.42,31.9
IT/71_PM68_1/71_PM68_1_1.wav,33.8,34.64
IT/71_PM68_1/71_PM68_1_1.wav,37.42,38.32
IT/71_PM68_1/71_PM68_1_1.wav,40.28,41.63
IT/71_PM68_1/71_PM68_1_1.wav,45.59,46.08
IT/71_PM68_1/71_PM68_1_1.wav,47.25,47.5
IT/71_PM68_1/71_PM68_1_1.wav,48.9,49.65
IT/71_PM68_1/71_PM68_1_1.wav,50.14,50.98
IT/71_PM68_1/71_PM68_1_1.wav,51.61,51.88
IT/71_PM68_1/71_PM68_1_1.wav,52.33,53.87
IT/71_PM68_1/71_PM68_1_1.wav,58.17,58.85
IT/71_PM68_1/71_PM68_1_1.wav,60.03,60.8
IT/71_PM68_1/71_PM68_1_1.wav,63.11,64.26
IT/71_PM68_1/71_PM68_1_1.wav,65.23,67.21
IT/71_PM68_1/71_PM68_1_1.wav,68.03,68.94
IT/71_PM68_1/71_PM68_1_1.wav,72.8,73.01
IT/71_PM68_1/71_PM68_1_1.wav,73.8,74.81
IT/71_PM68_1/71_PM68_1_1.wav,75.84,76.76
IT/71_PM68_1/71_PM68_1_1.wav,81.18,83.94
IT/71_PM68_1/71_PM68_1_1.wav,86.06,87.02
IT/71_PM68_1/71_PM68_1_1.wav,89.48,90.3
IT/71_PM68_1/71_PM68_1_1.wav,91.47,94.57
IT/71_PM68_1/71_PM68_1_1.wav,96.94,98.26
IT/71_PM68_1/71_PM68_1_1.wav,100.57,102.64
IT/71_PM68_1/71_PM68_1_1.wav,106.99,107.77
IT/71_PM68_1/71_PM68_1_1.wav,108.44,108.86
IT/71_PM68_1/71_PM68_1_1.wav,111.33,112.56
IT/71_PM68_1/71_PM68_1_1.wav,114.62,116.26
IT/71_PM68_1/71_PM68_1_1.wav,121.83,122.75
IT/71_PM68_1/71_PM68_1_1.wav,125.82,126.25
IT/71_PM68_1/71_PM68_1_1.wav,128.11,128.68
IT/71_PM68_1/71_PM68_1_1.wav,129.71,130.68
IT/71_PM68_1/71_PM68_1_1.wav,131.71,132.51
IT/71_PM68_1/71_PM68_1_1.wav,137.01,137.66
IT/71_PM68_1/71_PM68_1_1.wav,138.37,138.85
IT/71_PM68_1/71_PM68_1_1.wav,139.94,140.98
IT/71_PM68_1/71_PM68_1_1.wav,142.11,142.54
IT/71_PM68_1/71_PM68_1_1.wav,142.69,144.02
IT/71_PM68_1/71_PM68_1_1.wav,147.76,148.89
IT/71_PM68_1/71_PM68_1_1.wav,155.06,155.46
IT/71_PM68_1/71_PM68_1_1.wav,157.92,159.01
IT/71_PM68_1/71_PM68_1_1.wav,161.54,162.34
IT/71_PM68_1/71_PM68_1_1.wav,163.26,164.42
IT/71_PM68_1/71_PM68_1_1.wav,165.6,165.93
IT/71_PM68_1/71_PM68_1_1.wav,170.65,171.17
IT/71_PM68_1/71_PM68_1_1.wav,172.78,173.34
IT/71_PM68_1/71_PM68_1_1.wav,174.44,175.33
IT/71_PM68_1/71_PM68_1_1.wav,176.65,177.47
IT/71_PM68_1/71_PM68_1_1.wav,179.47,180.24
IT/71_PM68_1/71_PM68_1_1.wav,188.17,189.04
IT/71_PM68_1/71_PM68_1_1.wav,191.05,191.61
IT/71_PM68_1/71_PM68_1_1.wav,192.98,193.98
IT/71_PM68_1/71_PM68_1_1.wav,199.07,200.36
IT/71_PM68_1/71_PM68_1_1.wav,200.85,201.88
IT/71_PM68_1/71_PM68_1_1.wav,205.66,206.17
IT/71_PM68_1/71_PM68_1_1.wav,206.92,209.17
IT/71_PM68_1/71_PM68_1_1.wav,209.85,210.9
IT/71_PM68_1/71_PM68_1_1.wav,211.48,213.72
IT/71_PM68_1/71_PM68_1_1.wav,215.63,216.25
IT/71_PM68_1/71_PM68_1_1.wav,219.36,220.02
IT/71_PM68_1/71_PM68_1_1.wav,220.85,221.16
IT/71_PM68_1/71_PM68_1_1.wav,224.16,224.99
IT/71_PM68_1/71_PM68_1_1.wav,226.92,227.76
IT/71_PM68_1/71_PM68_1_1.wav,229.13,230.31
IT/71_PM68_1/71_PM68_1_1.wav,232.49,233.52
IT/71_PM68_1/71_PM68_1_1.wav,234.98,235.7
IT/71_PM68_1/71_PM68_1_1.wav,236.62,237.27
IT/71_PM68_1/71_PM68_1_1.wav,239.38,239.71
IT/71_PM68_1/71_PM68_1_1.wav,240.77,241.12
IT/71_PM68_1/71_PM68_1_1.wav,243.57,244.42
IT/71_PM68_1/71_PM68_1_1.wav,245.48,249.77
IT/71_PM68_1/71_PM68_1_1.wav,250.89,251.83
IT/71_PM68_1/71_PM68_1_1.wav,254.43,254.9
IT/71_PM68_1/71_PM68_1_1.wav,257.18,257.92
IT/71_PM68_1/71_PM68_1_1.wav,259.46,261.09
IT/71_PM68_1/71_PM68_1_1.wav,262.82,264.23
IT/71_PM68_1/71_PM68_1_1.wav,265.77,266.21
IT/71_PM68_1/71_PM68_1_1.wav,268.6,269.66
IT/71_PM68_1/71_PM68_1_1.wav,270.91,272.36
IT/71_PM68_1/71_PM68_1_1.wav,275.3,276.28
IT/71_PM68_1/71_PM68_1_1.wav,277.57,279.11
IT/71_PM68_1/71_PM68_1_1.wav,281.01,281.61
IT/71_PM68_1/71_PM68_1_1.wav,282.48,282.82
IT/24_PF56_2/24_PF56_2_1.wav,0.54,3.17
IT/24_PF56_2/24_PF56_2_1.wav,6.63,8.1
IT/24_PF56_2/24_PF56_2_1.wav,17.21,17.77
IT/24_PF56_2/24_PF56_2_1.wav,19.94,20.59
IT/24_PF56_2/24_PF56_2_1.wav,25.59,27.29
IT/24_PF56_2/24_PF56_2_1.wav,33.47,34.36
IT/24_PF56_2/24_PF56_2_1.wav,40.72,41.3
IT/24_PF56_2/24_PF56_2_1.wav,44.77,45.35
IT/24_PF56_2/24_PF56_2_1.wav,48.1,49.3
IT/24_PF56_2/24_PF56_2_1.wav,52.07,53.1
IT/24_PF56_2/24_PF56_2_1.wav,56.2,56.86
IT/24_PF56_2/24_PF56_2_1.wav,65.69,66.21
IT/24_PF56_2/24_PF56_2_1.wav,67.82,69.19
IT/24_PF56_2/24_PF56_2_1.wav,71.14,71.75
IT/24_PF56_2/24_PF56_2_1.wav,76.45,77.23
IT/24_PF56_2/24_PF56_2_1.wav,80.19,80.78
IT/24_PF56_2/24_PF56_2_1.wav,86.63,87.65
IT/24_PF56_2/24_PF56_2_1.wav,89.55,90.22
IT/24_PF56_2/24_PF56_2_1.wav,92.86,93.76
IT/24_PF56_2/24_PF56_2_1.wav,98.02,98.59
IT/24_PF56_2/24_PF56_2_1.wav,100.22,100.83
IT/24_PF56_2/24_PF56_2_1.wav,103.64,104.24
IT/24_PF56_2/24_PF56_2_1.wav,106.06,106.27
IT/24_PF56_2/24_PF56_2_1.wav,106.47,106.72
IT/24_PF56_2/24_PF56_2_1.wav,107.35,107.76
IT/24_PF56_2/24_PF56_2_1.wav,113.86,114.9
IT/24_PF56_2/24_PF56_2_1.wav,117.13,117.47
IT/24_PF56_2/24_PF56_2_1.wav,120.54,121.57
IT/24_PF56_2/24_PF56_2_1.wav,124.03,125.09
IT/24_PF56_2/24_PF56_2_1.wav,128.49,129.19
IT/24_PF56_2/24_PF56_2_1.wav,132.28,133.75
IT/24_PF56_2/24_PF56_2_1.wav,136.45,137.03
IT/24_PF56_2/24_PF56_2_1.wav,138.25,138.93
IT/24_PF56_2/24_PF56_2_1.wav,140.16,140.47
IT/24_PF56_2/24_PF56_2_1.wav,141.14,141.46
IT/24_PF56_2/24_PF56_2_1.wav,142.61,142.93
IT/24_PF56_2/24_PF56_2_1.wav,143.38,143.76
IT/24_PF56_2/24_PF56_2_1.wav,145.78,146.6
IT/24_PF56_2/24_PF56_2_1.wav,147.05,148.82
IT/12_CF36_1/12_CF36_1_16.wav,5.54,5.91
IT/12_CF36_1/12_CF36_1_20.wav,4.5,4.89
IT/12_CF36_1/12_CF36_1_12.wav,0.71,0.97
IT/12_CF36_1/12_CF36_1_19.wav,6.69,7.26
IT/12_CF36_1/12_CF36_1_19.wav,11.35,11.8
IT/12_CF36_1/12_CF36_1_19.wav,18.45,18.69
IT/12_CF36_1/12_CF36_1_19.wav,19.57,19.79
IT/12_CF36_1/12_CF36_1_19.wav,21.71,22.1
IT/12_CF36_1/12_CF36_1_19.wav,23.37,24.05
IT/12_CF36_1/12_CF36_1_8.wav,0.41,1.03
IT/12_CF36_1/12_CF36_1_6.wav,3.09,3.57
IT/12_CF36_1/12_CF36_1_6.wav,4.82,5.3
IT/12_CF36_1/12_CF36_1_13.wav,5.76,6.38
IT/12_CF36_1/12_CF36_1_13.wav,7.85,9.01
IT/12_CF36_1/12_CF36_1_13.wav,14.61,15.33
IT/12_CF36_1/12_CF36_1_13.wav,18.2,18.87
IT/12_CF36_1/12_CF36_1_13.wav,23.75,23.97
IT/12_CF36_1/12_CF36_1_13.wav,25.58,26.45
IT/12_CF36_1/12_CF36_1_15.wav,1.84,2.05
IT/12_CF36_1/12_CF36_1_15.wav,7.45,7.77
IT/12_CF36_1/12_CF36_1_5.wav,5.79,6.1
IT/12_CF36_1/12_CF36_1_4.wav,3.29,4.02
IT/12_CF36_1/12_CF36_1_9.wav,4.53,4.78
IT/12_CF36_1/12_CF36_1_9.wav,6.56,7.61
IT/12_CF36_1/12_CF36_1_21.wav,8.42,8.78
IT/12_CF36_1/12_CF36_1_10.wav,3.0,3.67
IT/12_CF36_1/12_CF36_1_10.wav,7.62,8.18
IT/12_CF36_1/12_CF36_1_10.wav,10.04,10.99
IT/12_CF36_1/12_CF36_1_10.wav,16.2,16.74
IT/01_PM58_2/01_PM58_2_5.wav,3.38,3.7
IT/01_PM58_2/01_PM58_2_5.wav,9.01,9.64
IT/01_PM58_2/01_PM58_2_5.wav,14.64,15.02
IT/01_PM58_2/01_PM58_2_5.wav,17.4,17.95
IT/01_PM58_2/01_PM58_2_5.wav,20.94,21.57
IT/01_PM58_2/01_PM58_2_5.wav,22.91,23.17
IT/01_PM58_2/01_PM58_2_5.wav,25.42,26.28
IT/01_PM58_2/01_PM58_2_5.wav,32.35,32.97
IT/01_PM58_2/01_PM58_2_5.wav,34.87,35.1
IT/01_PM58_2/01_PM58_2_5.wav,39.38,39.68
IT/01_PM58_2/01_PM58_2_5.wav,40.86,41.57
IT/01_PM58_2/01_PM58_2_4.wav,1.92,2.14
IT/01_PM58_2/01_PM58_2_4.wav,4.23,5.25
IT/01_PM58_2/01_PM58_2_4.wav,8.0,8.35
IT/01_PM58_2/01_PM58_2_4.wav,10.28,10.79
IT/01_PM58_2/01_PM58_2_1.wav,3.4,3.71
IT/01_PM58_2/01_PM58_2_1.wav,9.32,9.69
IT/01_PM58_2/01_PM58_2_1.wav,10.93,11.43
IT/01_PM58_2/01_PM58_2_1.wav,13.07,13.4
IT/01_PM58_2/01_PM58_2_1.wav,15.33,16.25
IT/01_PM58_2/01_PM58_2_1.wav,18.03,19.31
IT/01_PM58_2/01_PM58_2_1.wav,20.72,21.29
IT/01_PM58_2/01_PM58_2_1.wav,22.64,23.17
IT/01_PM58_2/01_PM58_2_1.wav,27.11,27.42
IT/01_PM58_2/01_PM58_2_1.wav,30.08,30.82
IT/01_PM58_2/01_PM58_2_2.wav,3.7,4.34
IT/01_PM58_2/01_PM58_2_2.wav,6.71,7.38
IT/01_PM58_2/01_PM58_2_3.wav,1.83,2.08
IT/01_PM58_2/01_PM58_2_3.wav,3.9,4.18
IT/01_PM58_2/01_PM58_2_3.wav,4.68,5.11
IT/01_PM58_2/01_PM58_2_3.wav,5.95,6.45
IT/01_PM58_2/01_PM58_2_3.wav,9.9,10.32
IT/01_PM58_2/01_PM58_2_3.wav,15.59,16.43
IT/01_PM58_2/01_PM58_2_3.wav,22.74,23.35
IT/01_PM58_2/01_PM58_2_3.wav,25.25,25.54
IT/01_PM58_2/01_PM58_2_3.wav,27.04,27.53
IT/01_PM58_2/01_PM58_2_3.wav,28.83,29.45
IT/01_PM58_2/01_PM58_2_3.wav,30.22,30.65
IT/01_PM58_2/01_PM58_2_3.wav,32.26,32.92
IT/01_PM58_2/01_PM58_2_7.wav,12.46,12.87
IT/01_PM58_2/01_PM58_2_7.wav,14.48,15.24
IT/01_PM58_2/01_PM58_2_7.wav,20.51,21.49
IT/01_PM58_2/01_PM58_2_7.wav,23.98,24.89
IT/01_PM58_2/01_PM58_2_7.wav,27.45,28.3
IT/01_PM58_2/01_PM58_2_7.wav,30.38,30.86
IT/01_PM58_2/01_PM58_2_7.wav,33.52,33.72
IT/01_PM58_2/01_PM58_2_7.wav,34.85,35.34
IT/01_PM58_2/01_PM58_2_7.wav,39.12,39.88
IT/01_PM58_2/01_PM58_2_7.wav,41.7,42.57
IT/01_PM58_2/01_PM58_2_7.wav,46.07,46.45
IT/01_PM58_2/01_PM58_2_7.wav,47.3,48.39
IT/01_PM58_2/01_PM58_2_7.wav,53.92,55.48
IT/01_PM58_2/01_PM58_2_7.wav,64.2,64.42
IT/01_PM58_2/01_PM58_2_7.wav,67.91,68.44
IT/01_PM58_2/01_PM58_2_7.wav,69.36,70.35
IT/01_PM58_2/01_PM58_2_6.wav,4.3,4.59
IT/01_PM58_2/01_PM58_2_6.wav,5.85,6.59
IT/01_PM58_2/01_PM58_2_6.wav,7.35,7.94
IT/01_PM58_2/01_PM58_2_6.wav,10.64,13.36
IT/01_PM58_2/01_PM58_2_6.wav,13.69,15.15
IT/01_PM58_2/01_PM58_2_6.wav,18.02,19.67
IT/01_PM58_2/01_PM58_2_6.wav,23.09,23.44
IT/01_PM58_2/01_PM58_2_6.wav,30.04,30.36
IT/01_PM58_2/01_PM58_2_6.wav,31.86,32.16
IT/01_PM58_2/01_PM58_2_6.wav,35.83,36.49
IT/67_PF54_1/67_PF54_1_1.wav,1.35,1.97
IT/67_PF54_1/67_PF54_1_1.wav,9.64,10.51
IT/67_PF54_1/67_PF54_1_2.wav,1.63,2.51
IT/67_PF54_1/67_PF54_1_2.wav,5.77,7.41
IT/67_PF54_1/67_PF54_1_2.wav,11.3,13.18
IT/67_PF54_1/67_PF54_1_2.wav,16.14,17.91
IT/67_PF54_1/67_PF54_1_2.wav,20.62,23.03
IT/67_PF54_1/67_PF54_1_2.wav,24.74,27.36
IT/67_PF54_1/67_PF54_1_2.wav,28.79,30.65
IT/67_PF54_1/67_PF54_1_2.wav,32.17,32.5
IT/67_PF54_1/67_PF54_1_2.wav,34.95,36.25
IT/67_PF54_1/67_PF54_1_2.wav,40.23,40.52
IT/67_PF54_1/67_PF54_1_2.wav,44.7,46.24
IT/67_PF54_1/67_PF54_1_2.wav,49.74,52.66
IT/67_PF54_1/67_PF54_1_2.wav,54.98,55.25
IT/67_PF54_1/67_PF54_1_5.wav,1.48,1.92
IT/67_PF54_1/67_PF54_1_5.wav,3.79,4.17
IT/67_PF54_1/67_PF54_1_5.wav,5.18,6.09
IT/67_PF54_1/67_PF54_1_6.wav,0.75,2.11
IT/67_PF54_1/67_PF54_1_3.wav,3.23,5.43
IT/67_PF54_1/67_PF54_1_3.wav,11.23,11.64
IT/67_PF54_1/67_PF54_1_3.wav,14.73,14.99
IT/67_PF54_1/67_PF54_1_3.wav,15.44,16.32
IT/67_PF54_1/67_PF54_1_3.wav,19.93,20.15
IT/67_PF54_1/67_PF54_1_3.wav,22.26,24.79
IT/67_PF54_1/67_PF54_1_3.wav,28.43,29.22
IT/67_PF54_1/67_PF54_1_3.wav,31.2,31.94
IT/67_PF54_1/67_PF54_1_3.wav,32.86,33.12
IT/67_PF54_1/67_PF54_1_4.wav,0.29,0.55
IT/67_PF54_1/67_PF54_1_4.wav,0.94,1.23
IT/67_PF54_1/67_PF54_1_4.wav,4.04,5.3
IT/67_PF54_1/67_PF54_1_4.wav,6.72,7.31
IT/67_PF54_1/67_PF54_1_4.wav,10.72,12.73
IT/67_PF54_1/67_PF54_1_4.wav,14.07,14.34
IT/67_PF54_1/67_PF54_1_4.wav,18.91,20.73
IT/67_PF54_1/67_PF54_1_7.wav,0.93,2.19
IT/67_PF54_1/67_PF54_1_7.wav,2.29,2.93
IT/67_PF54_1/67_PF54_1_7.wav,4.33,7.01
IT/65_PF41_3/65_PF41_3_4.wav,1.6,2.15
IT/65_PF41_3/65_PF41_3_4.wav,5.45,6.06
IT/65_PF41_3/65_PF41_3_4.wav,8.72,9.02
IT/65_PF41_3/65_PF41_3_4.wav,14.65,15.35
IT/65_PF41_3/65_PF41_3_4.wav,19.57,21.06
IT/65_PF41_3/65_PF41_3_3.wav,3.19,3.83
IT/65_PF41_3/65_PF41_3_3.wav,9.36,9.6
IT/65_PF41_3/65_PF41_3_3.wav,14.01,14.33
IT/65_PF41_3/65_PF41_3_2.wav,4.22,5.34
IT/65_PF41_3/65_PF41_3_2.wav,9.11,10.21
IT/65_PF41_3/65_PF41_3_2.wav,14.3,14.65
IT/65_PF41_3/65_PF41_3_2.wav,19.64,20.98
IT/65_PF41_3/65_PF41_3_1.wav,4.73,5.69
IT/65_PF41_3/65_PF41_3_1.wav,9.33,10.28
IT/65_PF41_3/65_PF41_3_1.wav,15.2,15.69
IT/65_PF41_3/65_PF41_3_1.wav,18.58,19.84
IT/65_PF41_3/65_PF41_3_1.wav,22.93,23.65
IT/65_PF41_3/65_PF41_3_1.wav,23.8,24.09
IT/65_PF41_3/65_PF41_3_1.wav,27.34,29.1
IT/65_PF41_3/65_PF41_3_1.wav,30.12,31.12
IT/65_PF41_3/65_PF41_3_1.wav,39.07,40.88
IT/65_PF41_3/65_PF41_3_1.wav,41.76,42.25
IT/65_PF41_3/65_PF41_3_1.wav,45.63,47.82
IT/65_PF41_3/65_PF41_3_1.wav,49.58,49.8
IT/65_PF41_3/65_PF41_3_1.wav,51.2,51.59
IT/65_PF41_3/65_PF41_3_1.wav,53.79,53.99
IT/44_PF29_3/44_PF29_3_3.wav,2.16,2.72
IT/44_PF29_3/44_PF29_3_3.wav,4.8,5.45
IT/44_PF29_3/44_PF29_3_3.wav,6.27,6.8
IT/44_PF29_3/44_PF29_3_2.wav,0.93,1.75
IT/44_PF29_3/44_PF29_3_2.wav,4.51,4.84
IT/44_PF29_3/44_PF29_3_2.wav,6.37,7.03
IT/44_PF29_3/44_PF29_3_2.wav,7.41,8.05
IT/44_PF29_3/44_PF29_3_2.wav,11.06,11.27
IT/44_PF29_3/44_PF29_3_2.wav,13.4,13.68
IT/44_PF29_3/44_PF29_3_2.wav,15.3,16.05
IT/44_PF29_3/44_PF29_3_2.wav,19.42,19.85
IT/44_PF29_3/44_PF29_3_2.wav,21.71,23.09
IT/44_PF29_3/44_PF29_3_2.wav,24.57,25.07
IT/44_PF29_3/44_PF29_3_2.wav,28.19,30.55
IT/44_PF29_3/44_PF29_3_2.wav,33.7,34.02
IT/44_PF29_3/44_PF29_3_2.wav,35.12,36.81
IT/44_PF29_3/44_PF29_3_2.wav,41.5,42.97
IT/44_PF29_3/44_PF29_3_1.wav,3.3,4.22
IT/44_PF29_3/44_PF29_3_1.wav,6.09,6.73
IT/44_PF29_3/44_PF29_3_1.wav,7.83,8.76
IT/44_PF29_3/44_PF29_3_1.wav,10.32,11.37
IT/44_PF29_3/44_PF29_3_1.wav,12.49,12.73
IT/44_PF29_3/44_PF29_3_1.wav,14.14,15.04
IT/44_PF29_3/44_PF29_3_1.wav,19.44,19.85
IT/44_PF29_3/44_PF29_3_1.wav,22.68,22.98
IT/44_PF29_3/44_PF29_3_1.wav,28.2,29.13
IT/44_PF29_3/44_PF29_3_1.wav,33.9,35.12
IT/44_PF29_3/44_PF29_3_1.wav,39.73,42.4
IT/44_PF29_3/44_PF29_3_4.wav,5.35,5.66
IT/44_PF29_3/44_PF29_3_4.wav,7.68,8.07
IT/44_PF29_3/44_PF29_3_4.wav,9.76,10.55
IT/44_PF29_3/44_PF29_3_4.wav,14.43,14.93
