filepath,start_time_sec,end_time_sec
CleanCorpus/InterviewTaskok/audio_clipok/17_CF55_3ok/17_CF55_3_2ok.wav,1.48,1.91
CleanCorpus/InterviewTaskok/audio_clipok/17_CF55_3ok/17_CF55_3_2ok.wav,3.16,4.04
CleanCorpus/InterviewTaskok/audio_clipok/17_CF55_3ok/17_CF55_3_2ok.wav,11.29,12.17
CleanCorpus/InterviewTaskok/audio_clipok/17_CF55_3ok/17_CF55_3_2ok.wav,12.8,13.14
CleanCorpus/InterviewTaskok/audio_clipok/17_CF55_3ok/17_CF55_3_2ok.wav,21.64,22.41
CleanCorpus/InterviewTaskok/audio_clipok/17_CF55_3ok/17_CF55_3_3ok.wav,2.64,3.25
CleanCorpus/InterviewTaskok/audio_clipok/17_CF55_3ok/17_CF55_3_3ok.wav,6.69,7.4
CleanCorpus/InterviewTaskok/audio_clipok/17_CF55_3ok/17_CF55_3_3ok.wav,9.0,9.34
CleanCorpus/InterviewTaskok/audio_clipok/17_CF55_3ok/17_CF55_3_3ok.wav,10.9,11.25
CleanCorpus/InterviewTaskok/audio_clipok/17_CF55_3ok/17_CF55_3_3ok.wav,12.99,13.38
CleanCorpus/InterviewTaskok/audio_clipok/17_CF55_3ok/17_CF55_3_3ok.wav,16.74,16.95
CleanCorpus/InterviewTaskok/audio_clipok/17_CF55_3ok/17_CF55_3_3ok.wav,18.69,18.91
CleanCorpus/InterviewTaskok/audio_clipok/17_CF55_3ok/17_CF55_3_3ok.wav,20.79,21.66
CleanCorpus/InterviewTaskok/audio_clipok/17_CF55_3ok/17_CF55_3_3ok.wav,22.89,23.3
CleanCorpus/InterviewTaskok/audio_clipok/17_CF55_3ok/17_CF55_3_3ok.wav,28.06,28.66
CleanCorpus/InterviewTaskok/audio_clipok/17_CF55_3ok/17_CF55_3_3ok.wav,45.24,47.01
CleanCorpus/InterviewTaskok/audio_clipok/17_CF55_3ok/17_CF55_3_1ok.wav,4.26,4.73
CleanCorpus/InterviewTaskok/audio_clipok/17_CF55_3ok/17_CF55_3_1ok.wav,24.72,25.02
CleanCorpus/InterviewTaskok/audio_clipok/17_CF55_3ok/17_CF55_3_1ok.wav,25.78,27.29
CleanCorpus/InterviewTaskok/audio_clipok/17_CF55_3ok/17_CF55_3_1ok.wav,35.45,35.81
CleanCorpus/InterviewTaskok/audio_clipok/17_CF55_3ok/17_CF55_3_1ok.wav,46.0,46.45
CleanCorpus/InterviewTaskok/audio_clipok/17_CF55_3ok/17_CF55_3_1ok.wav,60.28,60.62
CleanCorpus/InterviewTaskok/audio_clipok/17_CF55_3ok/17_CF55_3_1ok.wav,66.73,67.57
CleanCorpus/InterviewTaskok/audio_clipok/17_CF55_3ok/17_CF55_3_1ok.wav,75.75,75.95
CleanCorpus/InterviewTaskok/audio_clipok/17_CF55_3ok/17_CF55_3_1ok.wav,77.15,77.71
CleanCorpus/InterviewTaskok/audio_clipok/17_CF55_3ok/17_CF55_3_1ok.wav,82.95,83.22
CleanCorpus/InterviewTaskok/audio_clipok/17_CF55_3ok/17_CF55_3_1ok.wav,89.27,89.67
CleanCorpus/InterviewTaskok/audio_clipok/17_CF55_3ok/17_CF55_3_1ok.wav,93.33,93.84
CleanCorpus/InterviewTaskok/audio_clipok/17_CF55_3ok/17_CF55_3_1ok.wav,97.37,97.88
CleanCorpus/InterviewTaskok/audio_clipok/17_CF55_3ok/17_CF55_3_1ok.wav,102.58,102.95
CleanCorpus/InterviewTaskok/audio_clipok/17_CF55_3ok/17_CF55_3_1ok.wav,107.62,108.07
CleanCorpus/InterviewTaskok/audio_clipok/17_CF55_3ok/17_CF55_3_1ok.wav,111.46,111.7
CleanCorpus/InterviewTaskok/audio_clipok/17_CF55_3ok/17_CF55_3_1ok.wav,115.6,116.52
CleanCorpus/InterviewTaskok/audio_clipok/17_CF55_3ok/17_CF55_3_1ok.wav,124.67,125.09
CleanCorpus/InterviewTaskok/audio_clipok/17_CF55_3ok/17_CF55_3_1ok.wav,143.77,144.18
CleanCorpus/InterviewTaskok/audio_clipok/17_CF55_3ok/17_CF55_3_1ok.wav,145.44,145.86
CleanCorpus/InterviewTaskok/audio_clipok/17_CF55_3ok/17_CF55_3_1ok.wav,148.5,148.96
CleanCorpus/InterviewTaskok/audio_clipok/17_CF55_3ok/17_CF55_3_1ok.wav,151.39,151.86
CleanCorpus/InterviewTaskok/audio_clipok/17_CF55_3ok/17_CF55_3_1ok.wav,152.97,153.84
CleanCorpus/InterviewTaskok/audio_clipok/17_CF55_3ok/17_CF55_3_1ok.wav,154.78,155.44
CleanCorpus/InterviewTaskok/audio_clipok/17_CF55_3ok/17_CF55_3_1ok.wav,161.02,161.41
CleanCorpus/InterviewTaskok/audio_clipok/49_PM31_3ok/49_PM31_3_5ok.wav,2.57,3.83
CleanCorpus/InterviewTaskok/audio_clipok/49_PM31_3ok/49_PM31_3_5ok.wav,6.53,7.42
CleanCorpus/InterviewTaskok/audio_clipok/49_PM31_3ok/49_PM31_3_5ok.wav,7.6,8.67
CleanCorpus/InterviewTaskok/audio_clipok/49_PM31_3ok/49_PM31_3_5ok.wav,8.81,10.17
CleanCorpus/InterviewTaskok/audio_clipok/49_PM31_3ok/49_PM31_3_1ok.wav,2.98,5.02
CleanCorpus/InterviewTaskok/audio_clipok/49_PM31_3ok/49_PM31_3_1ok.wav,5.98,6.29
CleanCorpus/InterviewTaskok/audio_clipok/49_PM31_3ok/49_PM31_3_1ok.wav,6.73,8.41
CleanCorpus/InterviewTaskok/audio_clipok/49_PM31_3ok/49_PM31_3_1ok.wav,10.04,11.19
CleanCorpus/InterviewTaskok/audio_clipok/49_PM31_3ok/49_PM31_3_1ok.wav,14.38,15.52
CleanCorpus/InterviewTaskok/audio_clipok/49_PM31_3ok/49_PM31_3_1ok.wav,17.89,18.22
CleanCorpus/InterviewTaskok/audio_clipok/49_PM31_3ok/49_PM31_3_1ok.wav,20.7,21.5
CleanCorpus/InterviewTaskok/audio_clipok/49_PM31_3ok/49_PM31_3_1ok.wav,24.54,25.51
CleanCorpus/InterviewTaskok/audio_clipok/49_PM31_3ok/49_PM31_3_1ok.wav,26.09,26.99
CleanCorpus/InterviewTaskok/audio_clipok/49_PM31_3ok/49_PM31_3_1ok.wav,32.26,33.03
CleanCorpus/InterviewTaskok/audio_clipok/49_PM31_3ok/49_PM31_3_1ok.wav,34.86,35.42
CleanCorpus/InterviewTaskok/audio_clipok/49_PM31_3ok/49_PM31_3_1ok.wav,37.59,38.24
CleanCorpus/InterviewTaskok/audio_clipok/49_PM31_3ok/49_PM31_3_1ok.wav,41.11,42.83
CleanCorpus/InterviewTaskok/audio_clipok/49_PM31_3ok/49_PM31_3_1ok.wav,47.46,48.05
CleanCorpus/InterviewTaskok/audio_clipok/49_PM31_3ok/49_PM31_3_1ok.wav,49.23,49.49
CleanCorpus/InterviewTaskok/audio_clipok/49_PM31_3ok/49_PM31_3_1ok.wav,50.89,51.82
CleanCorpus/InterviewTaskok/audio_clipok/49_PM31_3ok/49_PM31_3_2ok.wav,4.06,6.19
CleanCorpus/InterviewTaskok/audio_clipok/49_PM31_3ok/49_PM31_3_2ok.wav,12.03,13.28
CleanCorpus/InterviewTaskok/audio_clipok/49_PM31_3ok/49_PM31_3_2ok.wav,14.19,14.95
CleanCorpus/InterviewTaskok/audio_clipok/49_PM31_3ok/49_PM31_3_2ok.wav,18.83,19.31
CleanCorpus/InterviewTaskok/audio_clipok/49_PM31_3ok/49_PM31_3_2ok.wav,19.9,20.58
CleanCorpus/InterviewTaskok/audio_clipok/49_PM31_3ok/49_PM31_3_2ok.wav,21.44,22.13
CleanCorpus/InterviewTaskok/audio_clipok/49_PM31_3ok/49_PM31_3_2ok.wav,24.68,25.14
CleanCorpus/InterviewTaskok/audio_clipok/49_PM31_3ok/49_PM31_3_2ok.wav,28.14,28.95
CleanCorpus/InterviewTaskok/audio_clipok/49_PM31_3ok/49_PM31_3_2ok.wav,30.34,30.59
CleanCorpus/InterviewTaskok/audio_clipok/49_PM31_3ok/49_PM31_3_2ok.wav,31.61,32.1
CleanCorpus/InterviewTaskok/audio_clipok/49_PM31_3ok/49_PM31_3_4ok.wav,2.3,3.73
CleanCorpus/InterviewTaskok/audio_clipok/49_PM31_3ok/49_PM31_3_4ok.wav,5.74,6.74
CleanCorpus/InterviewTaskok/audio_clipok/49_PM31_3ok/49_PM31_3_4ok.wav,7.84,9.05
CleanCorpus/InterviewTaskok/audio_clipok/49_PM31_3ok/49_PM31_3_4ok.wav,12.92,14.34
CleanCorpus/InterviewTaskok/audio_clipok/49_PM31_3ok/49_PM31_3_3ok.wav,3.13,4.31
CleanCorpus/InterviewTaskok/audio_clipok/49_PM31_3ok/49_PM31_3_3ok.wav,5.71,6.94
CleanCorpus/InterviewTaskok/audio_clipok/49_PM31_3ok/49_PM31_3_3ok.wav,12.3,12.58
CleanCorpus/InterviewTaskok/audio_clipok/52_PM53_4ok/52_PM53_4_4ok.wav,5.35,6.34
CleanCorpus/InterviewTaskok/audio_clipok/52_PM53_4ok/52_PM53_4_4ok.wav,9.34,9.87
CleanCorpus/InterviewTaskok/audio_clipok/52_PM53_4ok/52_PM53_4_3ok.wav,4.15,5.04
CleanCorpus/InterviewTaskok/audio_clipok/52_PM53_4ok/52_PM53_4_1ok.wav,4.06,4.26
CleanCorpus/InterviewTaskok/audio_clipok/52_PM53_4ok/52_PM53_4_1ok.wav,6.65,7.81
CleanCorpus/InterviewTaskok/audio_clipok/52_PM53_4ok/52_PM53_4_5ok.wav,2.0,3.02
CleanCorpus/InterviewTaskok/audio_clipok/52_PM53_4ok/52_PM53_4_5ok.wav,7.69,8.81
CleanCorpus/InterviewTaskok/audio_clipok/52_PM53_4ok/52_PM53_4_5ok.wav,11.17,11.97
CleanCorpus/InterviewTaskok/audio_clipok/52_PM53_4ok/52_PM53_4_5ok.wav,14.45,14.99
CleanCorpus/InterviewTaskok/audio_clipok/52_PM53_4ok/52_PM53_4_6ok.wav,3.25,3.65
CleanCorpus/InterviewTaskok/audio_clipok/52_PM53_4ok/52_PM53_4_6ok.wav,5.71,6.26
CleanCorpus/InterviewTaskok/audio_clipok/52_PM53_4ok/52_PM53_4_2ok.wav,3.27,4.16
CleanCorpus/InterviewTaskok/audio_clipok/52_PM53_4ok/52_PM53_4_2ok.wav,9.03,9.46
CleanCorpus/InterviewTaskok/audio_clipok/52_PM53_4ok/52_PM53_4_2ok.wav,14.98,15.35
CleanCorpus/InterviewTaskok/audio_clipok/52_PM53_4ok/52_PM53_4_2ok.wav,16.9,17.17
CleanCorpus/InterviewTaskok/audio_clipok/52_PM53_4ok/52_PM53_4_2ok.wav,26.82,27.33
CleanCorpus/InterviewTaskok/audio_clipok/52_PM53_4ok/52_PM53_4_2ok.wav,30.4,31.36
CleanCorpus/InterviewTaskok/audio_clipok/52_PM53_4ok/52_PM53_4_2ok.wav,35.81,36.09
CleanCorpus/InterviewTaskok/audio_clipok/52_PM53_4ok/52_PM53_4_2ok.wav,37.7,38.66
CleanCorpus/InterviewTaskok/audio_clipok/52_PM53_4ok/52_PM53_4_2ok.wav,40.52,40.96
CleanCorpus/InterviewTaskok/audio_clipok/52_PM53_4ok/52_PM53_4_2ok.wav,45.32,46.14
CleanCorpus/InterviewTaskok/audio_clipok/52_PM53_4ok/52_PM53_4_7ok.wav,4.82,5.58
CleanCorpus/InterviewTaskok/audio_clipok/52_PM53_4ok/52_PM53_4_7ok.wav,11.11,11.51
CleanCorpus/InterviewTaskok/audio_clipok/52_PM53_4ok/52_PM53_4_7ok.wav,12.93,13.51
CleanCorpus/InterviewTaskok/audio_clipok/52_PM53_4ok/52_PM53_4_7ok.wav,14.25,14.68
CleanCorpus/InterviewTaskok/audio_clipok/52_PM53_4ok/52_PM53_4_7ok.wav,15.97,16.6
CleanCorpus/InterviewTaskok/audio_clipok/52_PM53_4ok/52_PM53_4_7ok.wav,19.32,19.99
CleanCorpus/InterviewTaskok/audio_clipok/52_PM53_4ok/52_PM53_4_7ok.wav,26.52,26.9
CleanCorpus/InterviewTaskok/audio_clipok/53_CF52_1ok/53_CF52_1_28ok.wav,0.85,1.99
CleanCorpus/InterviewTaskok/audio_clipok/53_CF52_1ok/53_CF52_1_28ok.wav,3.62,3.82
CleanCorpus/InterviewTaskok/audio_clipok/53_CF52_1ok/53_CF52_1_28ok.wav,4.88,5.27
CleanCorpus/InterviewTaskok/audio_clipok/53_CF52_1ok/53_CF52_1_1ok.wav,0.47,0.78
CleanCorpus/InterviewTaskok/audio_clipok/53_CF52_1ok/53_CF52_1_1ok.wav,0.86,1.81
CleanCorpus/InterviewTaskok/audio_clipok/53_CF52_1ok/53_CF52_1_16ok.wav,5.62,6.43
CleanCorpus/InterviewTaskok/audio_clipok/53_CF52_1ok/53_CF52_1_25ok.wav,1.53,2.24
CleanCorpus/InterviewTaskok/audio_clipok/53_CF52_1ok/53_CF52_1_25ok.wav,3.36,3.72
CleanCorpus/InterviewTaskok/audio_clipok/53_CF52_1ok/53_CF52_1_33ok.wav,0.29,0.9
CleanCorpus/InterviewTaskok/audio_clipok/53_CF52_1ok/53_CF52_1_33ok.wav,1.89,2.13
CleanCorpus/InterviewTaskok/audio_clipok/53_CF52_1ok/53_CF52_1_3ok.wav,0.11,0.32
CleanCorpus/InterviewTaskok/audio_clipok/53_CF52_1ok/53_CF52_1_3ok.wav,3.33,4.29
CleanCorpus/InterviewTaskok/audio_clipok/53_CF52_1ok/53_CF52_1_3ok.wav,6.39,7.19
CleanCorpus/InterviewTaskok/audio_clipok/53_CF52_1ok/53_CF52_1_3ok.wav,8.64,9.52
CleanCorpus/InterviewTaskok/audio_clipok/53_CF52_1ok/53_CF52_1_3ok.wav,11.37,12.2
CleanCorpus/InterviewTaskok/audio_clipok/53_CF52_1ok/53_CF52_1_3ok.wav,13.41,15.35
CleanCorpus/InterviewTaskok/audio_clipok/53_CF52_1ok/53_CF52_1_3ok.wav,17.5,18.16
CleanCorpus/InterviewTaskok/audio_clipok/53_CF52_1ok/53_CF52_1_3ok.wav,20.22,20.85
CleanCorpus/InterviewTaskok/audio_clipok/53_CF52_1ok/53_CF52_1_30ok.wav,1.22,1.7
CleanCorpus/InterviewTaskok/audio_clipok/53_CF52_1ok/53_CF52_1_21ok.wav,4.07,5.07
CleanCorpus/InterviewTaskok/audio_clipok/53_CF52_1ok/53_CF52_1_11ok.wav,2.22,2.43
CleanCorpus/InterviewTaskok/audio_clipok/53_CF52_1ok/53_CF52_1_10ok.wav,0.9,1.23
CleanCorpus/InterviewTaskok/audio_clipok/53_CF52_1ok/53_CF52_1_27ok.wav,0.63,0.94
CleanCorpus/InterviewTaskok/audio_clipok/53_CF52_1ok/53_CF52_1_4ok.wav,1.78,2.78
CleanCorpus/InterviewTaskok/audio_clipok/53_CF52_1ok/53_CF52_1_4ok.wav,3.41,3.62
CleanCorpus/InterviewTaskok/audio_clipok/53_CF52_1ok/53_CF52_1_2ok.wav,0.4,0.99
CleanCorpus/InterviewTaskok/audio_clipok/53_CF52_1ok/53_CF52_1_23ok.wav,0.81,1.04
CleanCorpus/InterviewTaskok/audio_clipok/53_CF52_1ok/53_CF52_1_9ok.wav,3.32,3.57
CleanCorpus/InterviewTaskok/audio_clipok/53_CF52_1ok/53_CF52_1_5ok.wav,1.32,2.32
CleanCorpus/InterviewTaskok/audio_clipok/23_CF55_3ok/23_CF55_3_1ok.wav,2.44,2.7
CleanCorpus/InterviewTaskok/audio_clipok/23_CF55_3ok/23_CF55_3_1ok.wav,7.69,8.27
CleanCorpus/InterviewTaskok/audio_clipok/23_CF55_3ok/23_CF55_3_1ok.wav,32.44,32.74
CleanCorpus/InterviewTaskok/audio_clipok/23_CF55_3ok/23_CF55_3_1ok.wav,76.96,77.27
CleanCorpus/InterviewTaskok/audio_clipok/23_CF55_3ok/23_CF55_3_1ok.wav,83.93,84.45
CleanCorpus/InterviewTaskok/audio_clipok/23_CF55_3ok/23_CF55_3_1ok.wav,100.21,100.53
CleanCorpus/InterviewTaskok/audio_clipok/23_CF55_3ok/23_CF55_3_1ok.wav,109.78,110.04
CleanCorpus/InterviewTaskok/audio_clipok/23_CF55_3ok/23_CF55_3_1ok.wav,111.42,111.84
CleanCorpus/InterviewTaskok/audio_clipok/23_CF55_3ok/23_CF55_3_1ok.wav,117.45,117.91
CleanCorpus/InterviewTaskok/audio_clipok/23_CF55_3ok/23_CF55_3_1ok.wav,127.18,127.45
CleanCorpus/InterviewTaskok/audio_clipok/23_CF55_3ok/23_CF55_3_1ok.wav,139.72,140.42
CleanCorpus/InterviewTaskok/audio_clipok/23_CF55_3ok/23_CF55_3_1ok.wav,159.22,159.89
CleanCorpus/InterviewTaskok/audio_clipok/23_CF55_3ok/23_CF55_3_1ok.wav,169.91,170.31
CleanCorpus/InterviewTaskok/audio_clipok/23_CF55_3ok/23_CF55_3_1ok.wav,182.29,182.71
CleanCorpus/InterviewTaskok/audio_clipok/46_PF44_2ok/46_PF44_2_2ok.wav,2.19,3.82
CleanCorpus/InterviewTaskok/audio_clipok/46_PF44_2ok/46_PF44_2_2ok.wav,5.21,5.94
CleanCorpus/InterviewTaskok/audio_clipok/46_PF44_2ok/46_PF44_2_2ok.wav,6.96,7.18
CleanCorpus/InterviewTaskok/audio_clipok/46_PF44_2ok/46_PF44_2_2ok.wav,9.16,10.2
CleanCorpus/InterviewTaskok/audio_clipok/46_PF44_2ok/46_PF44_2_2ok.wav,12.59,14.32
CleanCorpus/InterviewTaskok/audio_clipok/46_PF44_2ok/46_PF44_2_2ok.wav,16.49,17.43
CleanCorpus/InterviewTaskok/audio_clipok/46_PF44_2ok/46_PF44_2_2ok.wav,18.49,19.73
CleanCorpus/InterviewTaskok/audio_clipok/46_PF44_2ok/46_PF44_2_2ok.wav,21.54,22.3
CleanCorpus/InterviewTaskok/audio_clipok/46_PF44_2ok/46_PF44_2_3ok.wav,3.24,4.43
CleanCorpus/InterviewTaskok/audio_clipok/46_PF44_2ok/46_PF44_2_3ok.wav,5.36,6.55
CleanCorpus/InterviewTaskok/audio_clipok/46_PF44_2ok/46_PF44_2_3ok.wav,7.08,7.97
CleanCorpus/InterviewTaskok/audio_clipok/46_PF44_2ok/46_PF44_2_6ok.wav,2.98,3.33
CleanCorpus/InterviewTaskok/audio_clipok/29_CF34_3ok/29_CF34_3_3ok.wav,7.92,8.3
CleanCorpus/InterviewTaskok/audio_clipok/29_CF34_3ok/29_CF34_3_3ok.wav,16.84,17.27
CleanCorpus/InterviewTaskok/audio_clipok/29_CF34_3ok/29_CF34_3_3ok.wav,21.19,21.44
CleanCorpus/InterviewTaskok/audio_clipok/29_CF34_3ok/29_CF34_3_3ok.wav,26.93,27.25
CleanCorpus/InterviewTaskok/audio_clipok/29_CF34_3ok/29_CF34_3_3ok.wav,33.18,33.39
CleanCorpus/InterviewTaskok/audio_clipok/29_CF34_3ok/29_CF34_3_3ok.wav,39.87,40.56
CleanCorpus/InterviewTaskok/audio_clipok/29_CF34_3ok/29_CF34_3_3ok.wav,62.9,63.21
CleanCorpus/InterviewTaskok/audio_clipok/29_CF34_3ok/29_CF34_3_3ok.wav,80.35,80.76
CleanCorpus/InterviewTaskok/audio_clipok/29_CF34_3ok/29_CF34_3_3ok.wav,97.89,98.81
CleanCorpus/InterviewTaskok/audio_clipok/29_CF34_3ok/29_CF34_3_3ok.wav,104.98,105.37
CleanCorpus/InterviewTaskok/audio_clipok/29_CF34_3ok/29_CF34_3_2ok.wav,17.86,18.12
CleanCorpus/InterviewTaskok/audio_clipok/29_CF34_3ok/29_CF34_3_2ok.wav,19.2,19.97
CleanCorpus/InterviewTaskok/audio_clipok/29_CF34_3ok/29_CF34_3_2ok.wav,21.57,22.07
CleanCorpus/InterviewTaskok/audio_clipok/29_CF34_3ok/29_CF34_3_2ok.wav,26.77,27.34
CleanCorpus/InterviewTaskok/audio_clipok/29_CF34_3ok/29_CF34_3_2ok.wav,43.78,44.52
CleanCorpus/InterviewTaskok/audio_clipok/29_CF34_3ok/29_CF34_3_2ok.wav,54.69,54.94
CleanCorpus/InterviewTaskok/audio_clipok/29_CF34_3ok/29_CF34_3_2ok.wav,70.97,71.4
CleanCorpus/InterviewTaskok/audio_clipok/48_PF43_3ok/48_PF43_3_1ok.wav,4.93,5.59
CleanCorpus/InterviewTaskok/audio_clipok/48_PF43_3ok/48_PF43_3_1ok.wav,8.82,9.27
CleanCorpus/InterviewTaskok/audio_clipok/48_PF43_3ok/48_PF43_3_1ok.wav,18.37,18.98
CleanCorpus/InterviewTaskok/audio_clipok/48_PF43_3ok/48_PF43_3_1ok.wav,22.98,23.75
CleanCorpus/InterviewTaskok/audio_clipok/48_PF43_3ok/48_PF43_3_1ok.wav,25.45,25.82
CleanCorpus/InterviewTaskok/audio_clipok/48_PF43_3ok/48_PF43_3_1ok.wav,31.42,33.11
CleanCorpus/InterviewTaskok/audio_clipok/48_PF43_3ok/48_PF43_3_1ok.wav,35.93,36.34
CleanCorpus/InterviewTaskok/audio_clipok/48_PF43_3ok/48_PF43_3_2ok.wav,5.58,5.93
CleanCorpus/InterviewTaskok/audio_clipok/48_PF43_3ok/48_PF43_3_2ok.wav,7.61,7.82
CleanCorpus/InterviewTaskok/audio_clipok/48_PF43_3ok/48_PF43_3_2ok.wav,9.11,9.55
CleanCorpus/InterviewTaskok/audio_clipok/48_PF43_3ok/48_PF43_3_2ok.wav,11.93,12.66
CleanCorpus/InterviewTaskok/audio_clipok/48_PF43_3ok/48_PF43_3_2ok.wav,12.76,13.33
CleanCorpus/InterviewTaskok/audio_clipok/48_PF43_3ok/48_PF43_3_2ok.wav,17.06,17.41
CleanCorpus/InterviewTaskok/audio_clipok/48_PF43_3ok/48_PF43_3_2ok.wav,23.7,23.99
CleanCorpus/InterviewTaskok/audio_clipok/48_PF43_3ok/48_PF43_3_2ok.wav,27.54,27.85
CleanCorpus/InterviewTaskok/audio_clipok/48_PF43_3ok/48_PF43_3_2ok.wav,30.14,30.42
CleanCorpus/InterviewTaskok/audio_clipok/48_PF43_3ok/48_PF43_3_2ok.wav,31.38,32.0
CleanCorpus/InterviewTaskok/audio_clipok/48_PF43_3ok/48_PF43_3_2ok.wav,36.67,37.1
CleanCorpus/InterviewTaskok/audio_clipok/48_PF43_3ok/48_PF43_3_2ok.wav,37.75,37.98
CleanCorpus/InterviewTaskok/audio_clipok/48_PF43_3ok/48_PF43_3_2ok.wav,39.7,40.08
CleanCorpus/InterviewTaskok/audio_clipok/48_PF43_3ok/48_PF43_3_2ok.wav,41.06,41.31
CleanCorpus/InterviewTaskok/audio_clipok/48_PF43_3ok/48_PF43_3_2ok.wav,48.38,48.99
CleanCorpus/InterviewTaskok/audio_clipok/48_PF43_3ok/48_PF43_3_2ok.wav,53.3,53.64
CleanCorpus/InterviewTaskok/audio_clipok/48_PF43_3ok/48_PF43_3_2ok.wav,56.9,58.92
CleanCorpus/InterviewTaskok/audio_clipok/48_PF43_3ok/48_PF43_3_3ok.wav,2.1,2.35
CleanCorpus/InterviewTaskok/audio_clipok/48_PF43_3ok/48_PF43_3_3ok.wav,4.62,4.94
CleanCorpus/InterviewTaskok/audio_clipok/48_PF43_3ok/48_PF43_3_3ok.wav,6.07,6.33
CleanCorpus/InterviewTaskok/audio_clipok/48_PF43_3ok/48_PF43_3_3ok.wav,10.76,11.14
CleanCorpus/InterviewTaskok/audio_clipok/48_PF43_3ok/48_PF43_3_3ok.wav,15.11,15.48
CleanCorpus/InterviewTaskok/audio_clipok/48_PF43_3ok/48_PF43_3_3ok.wav,19.19,19.52
CleanCorpus/InterviewTaskok/audio_clipok/48_PF43_3ok/48_PF43_3_3ok.wav,21.59,22.11
CleanCorpus/InterviewTaskok/audio_clipok/48_PF43_3ok/48_PF43_3_3ok.wav,28.24,29.29
CleanCorpus/InterviewTaskok/audio_clipok/15_PM63_4ok/15_PM63_4_1ok.wav,8.3,8.94
CleanCorpus/InterviewTaskok/audio_clipok/15_PM63_4ok/15_PM63_4_1ok.wav,12.2,12.61
CleanCorpus/InterviewTaskok/audio_clipok/15_PM63_4ok/15_PM63_4_1ok.wav,15.96,16.57
CleanCorpus/InterviewTaskok/audio_clipok/15_PM63_4ok/15_PM63_4_1ok.wav,19.94,20.65
CleanCorpus/InterviewTaskok/audio_clipok/15_PM63_4ok/15_PM63_4_1ok.wav,24.65,25.11
CleanCorpus/InterviewTaskok/audio_clipok/15_PM63_4ok/15_PM63_4_1ok.wav,33.11,33.44
CleanCorpus/InterviewTaskok/audio_clipok/15_PM63_4ok/15_PM63_4_1ok.wav,34.38,34.77
CleanCorpus/InterviewTaskok/audio_clipok/15_PM63_4ok/15_PM63_4_1ok.wav,36.32,36.99
CleanCorpus/InterviewTaskok/audio_clipok/15_PM63_4ok/15_PM63_4_1ok.wav,38.93,39.3
CleanCorpus/InterviewTaskok/audio_clipok/15_PM63_4ok/15_PM63_4_1ok.wav,43.16,43.41
CleanCorpus/InterviewTaskok/audio_clipok/15_PM63_4ok/15_PM63_4_1ok.wav,45.49,45.86
CleanCorpus/InterviewTaskok/audio_clipok/15_PM63_4ok/15_PM63_4_1ok.wav,48.83,49.26
CleanCorpus/InterviewTaskok/audio_clipok/15_PM63_4ok/15_PM63_4_1ok.wav,53.91,54.56
CleanCorpus/InterviewTaskok/audio_clipok/15_PM63_4ok/15_PM63_4_1ok.wav,60.73,61.17
CleanCorpus/InterviewTaskok/audio_clipok/15_PM63_4ok/15_PM63_4_1ok.wav,67.13,67.41
CleanCorpus/InterviewTaskok/audio_clipok/15_PM63_4ok/15_PM63_4_1ok.wav,69.94,70.74
CleanCorpus/InterviewTaskok/audio_clipok/15_PM63_4ok/15_PM63_4_1ok.wav,75.34,75.59
CleanCorpus/InterviewTaskok/audio_clipok/15_PM63_4ok/15_PM63_4_1ok.wav,77.58,77.93
CleanCorpus/InterviewTaskok/audio_clipok/15_PM63_4ok/15_PM63_4_2ok.wav,5.15,5.54
CleanCorpus/InterviewTaskok/audio_clipok/15_PM63_4ok/15_PM63_4_2ok.wav,11.63,11.98
CleanCorpus/InterviewTaskok/audio_clipok/15_PM63_4ok/15_PM63_4_2ok.wav,18.32,19.37
CleanCorpus/InterviewTaskok/audio_clipok/15_PM63_4ok/15_PM63_4_2ok.wav,23.06,23.57
CleanCorpus/InterviewTaskok/audio_clipok/15_PM63_4ok/15_PM63_4_3ok.wav,6.21,6.83
CleanCorpus/InterviewTaskok/audio_clipok/15_PM63_4ok/15_PM63_4_3ok.wav,14.62,14.82
CleanCorpus/InterviewTaskok/audio_clipok/15_PM63_4ok/15_PM63_4_3ok.wav,17.9,18.3
CleanCorpus/InterviewTaskok/audio_clipok/15_PM63_4ok/15_PM63_4_3ok.wav,24.58,24.78
CleanCorpus/InterviewTaskok/audio_clipok/15_PM63_4ok/15_PM63_4_3ok.wav,28.49,28.84
CleanCorpus/InterviewTaskok/audio_clipok/15_PM63_4ok/15_PM63_4_3ok.wav,30.68,31.27
CleanCorpus/InterviewTaskok/audio_clipok/69_PF48_3ok/69_PF48_3_1ok.wav,2.06,2.54
CleanCorpus/InterviewTaskok/audio_clipok/69_PF48_3ok/69_PF48_3_1ok.wav,2.97,3.17
CleanCorpus/InterviewTaskok/audio_clipok/69_PF48_3ok/69_PF48_3_1ok.wav,4.45,4.96
CleanCorpus/InterviewTaskok/audio_clipok/69_PF48_3ok/69_PF48_3_1ok.wav,8.11,8.49
CleanCorpus/InterviewTaskok/audio_clipok/69_PF48_3ok/69_PF48_3_1ok.wav,10.13,10.8
CleanCorpus/InterviewTaskok/audio_clipok/69_PF48_3ok/69_PF48_3_1ok.wav,16.07,16.37
CleanCorpus/InterviewTaskok/audio_clipok/69_PF48_3ok/69_PF48_3_1ok.wav,20.68,21.59
CleanCorpus/InterviewTaskok/audio_clipok/69_PF48_3ok/69_PF48_3_1ok.wav,22.92,23.9
CleanCorpus/InterviewTaskok/audio_clipok/69_PF48_3ok/69_PF48_3_1ok.wav,27.04,28.01
CleanCorpus/InterviewTaskok/audio_clipok/69_PF48_3ok/69_PF48_3_1ok.wav,29.23,29.54
CleanCorpus/InterviewTaskok/audio_clipok/69_PF48_3ok/69_PF48_3_1ok.wav,29.73,29.99
CleanCorpus/InterviewTaskok/audio_clipok/69_PF48_3ok/69_PF48_3_1ok.wav,31.49,31.91
CleanCorpus/InterviewTaskok/audio_clipok/69_PF48_3ok/69_PF48_3_1ok.wav,32.85,33.41
CleanCorpus/InterviewTaskok/audio_clipok/69_PF48_3ok/69_PF48_3_1ok.wav,39.91,40.41
CleanCorpus/InterviewTaskok/audio_clipok/69_PF48_3ok/69_PF48_3_1ok.wav,43.45,44.38
CleanCorpus/InterviewTaskok/audio_clipok/69_PF48_3ok/69_PF48_3_1ok.wav,46.4,46.93
CleanCorpus/InterviewTaskok/audio_clipok/69_PF48_3ok/69_PF48_3_1ok.wav,48.91,49.52
CleanCorpus/InterviewTaskok/audio_clipok/69_PF48_3ok/69_PF48_3_1ok.wav,52.02,52.25
CleanCorpus/InterviewTaskok/audio_clipok/69_PF48_3ok/69_PF48_3_1ok.wav,55.37,55.67
CleanCorpus/InterviewTaskok/audio_clipok/69_PF48_3ok/69_PF48_3_1ok.wav,57.1,57.31
CleanCorpus/InterviewTaskok/audio_clipok/69_PF48_3ok/69_PF48_3_1ok.wav,57.75,57.96
CleanCorpus/InterviewTaskok/audio_clipok/69_PF48_3ok/69_PF48_3_1ok.wav,61.0,61.34
CleanCorpus/InterviewTaskok/audio_clipok/69_PF48_3ok/69_PF48_3_1ok.wav,67.21,67.52
CleanCorpus/InterviewTaskok/audio_clipok/69_PF48_3ok/69_PF48_3_1ok.wav,69.53,70.46
CleanCorpus/InterviewTaskok/audio_clipok/69_PF48_3ok/69_PF48_3_1ok.wav,71.45,71.93
CleanCorpus/InterviewTaskok/audio_clipok/69_PF48_3ok/69_PF48_3_1ok.wav,73.38,74.29
CleanCorpus/InterviewTaskok/audio_clipok/69_PF48_3ok/69_PF48_3_1ok.wav,76.04,77.25
CleanCorpus/InterviewTaskok/audio_clipok/69_PF48_3ok/69_PF48_3_1ok.wav,80.48,80.84
CleanCorpus/InterviewTaskok/audio_clipok/69_PF48_3ok/69_PF48_3_1ok.wav,82.8,83.39
CleanCorpus/InterviewTaskok/audio_clipok/69_PF48_3ok/69_PF48_3_1ok.wav,86.6,86.97
CleanCorpus/InterviewTaskok/audio_clipok/69_PF48_3ok/69_PF48_3_1ok.wav,88.92,89.62
CleanCorpus/InterviewTaskok/audio_clipok/69_PF48_3ok/69_PF48_3_1ok.wav,90.67,90.95
CleanCorpus/InterviewTaskok/audio_clipok/69_PF48_3ok/69_PF48_3_1ok.wav,94.48,94.77
CleanCorpus/InterviewTaskok/audio_clipok/69_PF48_3ok/69_PF48_3_1ok.wav,96.93,97.62
CleanCorpus/InterviewTaskok/audio_clipok/69_PF48_3ok/69_PF48_3_1ok.wav,100.33,100.76
CleanCorpus/InterviewTaskok/audio_clipok/69_PF48_3ok/69_PF48_3_1ok.wav,101.71,102.37
CleanCorpus/InterviewTaskok/audio_clipok/69_PF48_3ok/69_PF48_3_1ok.wav,104.97,105.77
CleanCorpus/InterviewTaskok/audio_clipok/69_PF48_3ok/69_PF48_3_1ok.wav,110.69,111.04
CleanCorpus/InterviewTaskok/audio_clipok/69_PF48_3ok/69_PF48_3_1ok.wav,114.27,114.75
CleanCorpus/InterviewTaskok/audio_clipok/69_PF48_3ok/69_PF48_3_1ok.wav,116.58,117.01
CleanCorpus/InterviewTaskok/audio_clipok/69_PF48_3ok/69_PF48_3_1ok.wav,119.74,120.59
CleanCorpus/InterviewTaskok/audio_clipok/69_PF48_3ok/69_PF48_3_1ok.wav,125.63,126.95
CleanCorpus/InterviewTaskok/audio_clipok/69_PF48_3ok/69_PF48_3_1ok.wav,128.63,129.05
CleanCorpus/InterviewTaskok/audio_clipok/69_PF48_3ok/69_PF48_3_1ok.wav,133.2,133.65
CleanCorpus/InterviewTaskok/audio_clipok/69_PF48_3ok/69_PF48_3_1ok.wav,134.22,135.57
CleanCorpus/InterviewTaskok/audio_clipok/69_PF48_3ok/69_PF48_3_1ok.wav,138.73,139.64
CleanCorpus/InterviewTaskok/audio_clipok/69_PF48_3ok/69_PF48_3_1ok.wav,140.53,142.36
CleanCorpus/InterviewTaskok/audio_clipok/69_PF48_3ok/69_PF48_3_1ok.wav,143.92,144.69
CleanCorpus/InterviewTaskok/audio_clipok/69_PF48_3ok/69_PF48_3_1ok.wav,148.23,148.61
CleanCorpus/InterviewTaskok/audio_clipok/69_PF48_3ok/69_PF48_3_1ok.wav,149.54,149.78
CleanCorpus/InterviewTaskok/audio_clipok/69_PF48_3ok/69_PF48_3_1ok.wav,150.19,150.43
CleanCorpus/InterviewTaskok/audio_clipok/69_PF48_3ok/69_PF48_3_1ok.wav,152.88,153.28
CleanCorpus/InterviewTaskok/audio_clipok/69_PF48_3ok/69_PF48_3_1ok.wav,158.29,158.78
CleanCorpus/InterviewTaskok/audio_clipok/69_PF48_3ok/69_PF48_3_1ok.wav,160.34,160.91
CleanCorpus/InterviewTaskok/audio_clipok/69_PF48_3ok/69_PF48_3_1ok.wav,163.97,164.24
CleanCorpus/InterviewTaskok/audio_clipok/69_PF48_3ok/69_PF48_3_1ok.wav,168.12,168.62
CleanCorpus/InterviewTaskok/audio_clipok/69_PF48_3ok/69_PF48_3_1ok.wav,171.15,171.49
CleanCorpus/InterviewTaskok/audio_clipok/69_PF48_3ok/69_PF48_3_1ok.wav,174.87,175.34
CleanCorpus/InterviewTaskok/audio_clipok/69_PF48_3ok/69_PF48_3_1ok.wav,176.52,176.88
CleanCorpus/InterviewTaskok/audio_clipok/69_PF48_3ok/69_PF48_3_1ok.wav,179.37,179.68
CleanCorpus/InterviewTaskok/audio_clipok/69_PF48_3ok/69_PF48_3_1ok.wav,182.96,183.22
CleanCorpus/InterviewTaskok/audio_clipok/69_PF48_3ok/69_PF48_3_1ok.wav,185.61,186.01
CleanCorpus/InterviewTaskok/audio_clipok/69_PF48_3ok/69_PF48_3_1ok.wav,189.84,190.18
CleanCorpus/InterviewTaskok/audio_clipok/69_PF48_3ok/69_PF48_3_1ok.wav,194.29,194.67
CleanCorpus/InterviewTaskok/audio_clipok/69_PF48_3ok/69_PF48_3_1ok.wav,197.25,198.0
CleanCorpus/InterviewTaskok/audio_clipok/69_PF48_3ok/69_PF48_3_1ok.wav,200.31,200.55
CleanCorpus/InterviewTaskok/audio_clipok/69_PF48_3ok/69_PF48_3_1ok.wav,206.52,206.95
CleanCorpus/InterviewTaskok/audio_clipok/69_PF48_3ok/69_PF48_3_1ok.wav,209.13,209.59
CleanCorpus/InterviewTaskok/audio_clipok/69_PF48_3ok/69_PF48_3_1ok.wav,213.58,214.19
CleanCorpus/InterviewTaskok/audio_clipok/69_PF48_3ok/69_PF48_3_1ok.wav,214.69,215.25
CleanCorpus/InterviewTaskok/audio_clipok/69_PF48_3ok/69_PF48_3_1ok.wav,220.01,221.7
CleanCorpus/InterviewTaskok/audio_clipok/69_PF48_3ok/69_PF48_3_1ok.wav,226.21,226.5
CleanCorpus/InterviewTaskok/audio_clipok/69_PF48_3ok/69_PF48_3_1ok.wav,233.29,233.52
CleanCorpus/InterviewTaskok/audio_clipok/69_PF48_3ok/69_PF48_3_1ok.wav,237.06,237.46
CleanCorpus/InterviewTaskok/audio_clipok/69_PF48_3ok/69_PF48_3_1ok.wav,238.21,239.03
CleanCorpus/InterviewTaskok/audio_clipok/69_PF48_3ok/69_PF48_3_1ok.wav,242.93,243.38
CleanCorpus/InterviewTaskok/audio_clipok/69_PF48_3ok/69_PF48_3_1ok.wav,249.09,249.41
CleanCorpus/InterviewTaskok/audio_clipok/69_PF48_3ok/69_PF48_3_1ok.wav,252.13,252.56
CleanCorpus/InterviewTaskok/audio_clipok/69_PF48_3ok/69_PF48_3_1ok.wav,255.55,255.98
CleanCorpus/InterviewTaskok/audio_clipok/69_PF48_3ok/69_PF48_3_1ok.wav,256.44,257.03
CleanCorpus/InterviewTaskok/audio_clipok/69_PF48_3ok/69_PF48_3_1ok.wav,262.81,263.1
CleanCorpus/InterviewTaskok/audio_clipok/69_PF48_3ok/69_PF48_3_1ok.wav,267.13,267.43
CleanCorpus/InterviewTaskok/audio_clipok/69_PF48_3ok/69_PF48_3_1ok.wav,268.41,268.85
CleanCorpus/InterviewTaskok/audio_clipok/69_PF48_3ok/69_PF48_3_1ok.wav,271.46,271.79
CleanCorpus/InterviewTaskok/audio_clipok/69_PF48_3ok/69_PF48_3_1ok.wav,275.7,276.4
CleanCorpus/InterviewTaskok/audio_clipok/69_PF48_3ok/69_PF48_3_1ok.wav,277.22,277.81
CleanCorpus/InterviewTaskok/audio_clipok/69_PF48_3ok/69_PF48_3_1ok.wav,283.64,284.47
CleanCorpus/InterviewTaskok/audio_clipok/69_PF48_3ok/69_PF48_3_1ok.wav,285.78,286.31
CleanCorpus/InterviewTaskok/audio_clipok/69_PF48_3ok/69_PF48_3_1ok.wav,288.18,290.28
CleanCorpus/InterviewTaskok/audio_clipok/69_PF48_3ok/69_PF48_3_2ok.wav,1.49,2.28
CleanCorpus/InterviewTaskok/audio_clipok/69_PF48_3ok/69_PF48_3_2ok.wav,8.08,8.56
CleanCorpus/InterviewTaskok/audio_clipok/69_PF48_3ok/69_PF48_3_2ok.wav,10.44,11.46
CleanCorpus/InterviewTaskok/audio_clipok/69_PF48_3ok/69_PF48_3_2ok.wav,13.62,14.21
CleanCorpus/InterviewTaskok/audio_clipok/69_PF48_3ok/69_PF48_3_2ok.wav,19.48,19.79
CleanCorpus/InterviewTaskok/audio_clipok/69_PF48_3ok/69_PF48_3_2ok.wav,21.99,22.44
CleanCorpus/InterviewTaskok/audio_clipok/69_PF48_3ok/69_PF48_3_2ok.wav,24.36,24.62
CleanCorpus/InterviewTaskok/audio_clipok/69_PF48_3ok/69_PF48_3_2ok.wav,27.2,27.85
CleanCorpus/InterviewTaskok/audio_clipok/69_PF48_3ok/69_PF48_3_2ok.wav,30.24,30.71
CleanCorpus/InterviewTaskok/audio_clipok/69_PF48_3ok/69_PF48_3_2ok.wav,37.61,38.06
CleanCorpus/InterviewTaskok/audio_clipok/69_PF48_3ok/69_PF48_3_2ok.wav,43.36,43.79
CleanCorpus/InterviewTaskok/audio_clipok/69_PF48_3ok/69_PF48_3_2ok.wav,47.14,47.35
CleanCorpus/InterviewTaskok/audio_clipok/69_PF48_3ok/69_PF48_3_2ok.wav,51.85,52.13
CleanCorpus/InterviewTaskok/audio_clipok/69_PF48_3ok/69_PF48_3_2ok.wav,55.61,56.1
CleanCorpus/InterviewTaskok/audio_clipok/69_PF48_3ok/69_PF48_3_2ok.wav,59.27,59.72
CleanCorpus/InterviewTaskok/audio_clipok/69_PF48_3ok/69_PF48_3_2ok.wav,67.26,67.78
CleanCorpus/InterviewTaskok/audio_clipok/69_PF48_3ok/69_PF48_3_2ok.wav,73.91,74.23
CleanCorpus/InterviewTaskok/audio_clipok/69_PF48_3ok/69_PF48_3_2ok.wav,76.61,76.81
CleanCorpus/InterviewTaskok/audio_clipok/69_PF48_3ok/69_PF48_3_2ok.wav,78.2,78.42
CleanCorpus/InterviewTaskok/audio_clipok/69_PF48_3ok/69_PF48_3_2ok.wav,81.18,81.72
CleanCorpus/InterviewTaskok/audio_clipok/69_PF48_3ok/69_PF48_3_2ok.wav,82.77,83.22
CleanCorpus/InterviewTaskok/audio_clipok/69_PF48_3ok/69_PF48_3_2ok.wav,85.74,87.79
CleanCorpus/InterviewTaskok/audio_clipok/69_PF48_3ok/69_PF48_3_2ok.wav,94.45,94.68
CleanCorpus/InterviewTaskok/audio_clipok/69_PF48_3ok/69_PF48_3_2ok.wav,100.54,101.24
CleanCorpus/InterviewTaskok/audio_clipok/69_PF48_3ok/69_PF48_3_2ok.wav,103.06,104.53
CleanCorpus/InterviewTaskok/audio_clipok/69_PF48_3ok/69_PF48_3_2ok.wav,107.24,108.08
CleanCorpus/InterviewTaskok/audio_clipok/69_PF48_3ok/69_PF48_3_2ok.wav,111.68,112.5
CleanCorpus/InterviewTaskok/audio_clipok/69_PF48_3ok/69_PF48_3_2ok.wav,113.35,113.6
CleanCorpus/InterviewTaskok/audio_clipok/69_PF48_3ok/69_PF48_3_2ok.wav,115.08,115.55
CleanCorpus/InterviewTaskok/audio_clipok/69_PF48_3ok/69_PF48_3_2ok.wav,116.8,117.4
CleanCorpus/InterviewTaskok/audio_clipok/69_PF48_3ok/69_PF48_3_2ok.wav,122.9,123.7
CleanCorpus/InterviewTaskok/audio_clipok/69_PF48_3ok/69_PF48_3_2ok.wav,124.42,125.97
CleanCorpus/InterviewTaskok/audio_clipok/69_PF48_3ok/69_PF48_3_2ok.wav,130.2,130.5
CleanCorpus/InterviewTaskok/audio_clipok/69_PF48_3ok/69_PF48_3_2ok.wav,133.58,133.98
CleanCorpus/InterviewTaskok/audio_clipok/69_PF48_3ok/69_PF48_3_2ok.wav,138.33,138.96
CleanCorpus/InterviewTaskok/audio_clipok/69_PF48_3ok/69_PF48_3_2ok.wav,143.26,143.7
CleanCorpus/InterviewTaskok/audio_clipok/69_PF48_3ok/69_PF48_3_2ok.wav,147.48,147.85
CleanCorpus/InterviewTaskok/audio_clipok/69_PF48_3ok/69_PF48_3_2ok.wav,152.31,152.64
CleanCorpus/InterviewTaskok/audio_clipok/69_PF48_3ok/69_PF48_3_2ok.wav,155.55,155.99
CleanCorpus/InterviewTaskok/audio_clipok/69_PF48_3ok/69_PF48_3_2ok.wav,160.98,161.6
CleanCorpus/InterviewTaskok/audio_clipok/69_PF48_3ok/69_PF48_3_2ok.wav,166.81,167.15
CleanCorpus/InterviewTaskok/audio_clipok/69_PF48_3ok/69_PF48_3_2ok.wav,169.61,169.9
CleanCorpus/InterviewTaskok/audio_clipok/69_PF48_3ok/69_PF48_3_2ok.wav,172.5,173.24
CleanCorpus/InterviewTaskok/audio_clipok/69_PF48_3ok/69_PF48_3_2ok.wav,179.71,180.08
CleanCorpus/InterviewTaskok/audio_clipok/69_PF48_3ok/69_PF48_3_2ok.wav,180.9,181.18
CleanCorpus/InterviewTaskok/audio_clipok/69_PF48_3ok/69_PF48_3_2ok.wav,183.62,184.03
CleanCorpus/InterviewTaskok/audio_clipok/69_PF48_3ok/69_PF48_3_2ok.wav,188.94,189.27
CleanCorpus/InterviewTaskok/audio_clipok/69_PF48_3ok/69_PF48_3_2ok.wav,192.41,193.18
CleanCorpus/InterviewTaskok/audio_clipok/69_PF48_3ok/69_PF48_3_2ok.wav,195.03,195.26
CleanCorpus/InterviewTaskok/audio_clipok/69_PF48_3ok/69_PF48_3_2ok.wav,196.41,198.15
CleanCorpus/InterviewTaskok/audio_clipok/69_PF48_3ok/69_PF48_3_2ok.wav,201.83,203.38
CleanCorpus/InterviewTaskok/audio_clipok/69_PF48_3ok/69_PF48_3_2ok.wav,205.22,207.4
CleanCorpus/InterviewTaskok/audio_clipok/69_PF48_3ok/69_PF48_3_2ok.wav,209.61,210.48
CleanCorpus/InterviewTaskok/audio_clipok/69_PF48_3ok/69_PF48_3_2ok.wav,216.99,217.83
CleanCorpus/InterviewTaskok/audio_clipok/69_PF48_3ok/69_PF48_3_2ok.wav,221.19,222.13
CleanCorpus/InterviewTaskok/audio_clipok/69_PF48_3ok/69_PF48_3_2ok.wav,224.64,224.9
CleanCorpus/InterviewTaskok/audio_clipok/69_PF48_3ok/69_PF48_3_2ok.wav,227.02,227.51
CleanCorpus/InterviewTaskok/audio_clipok/69_PF48_3ok/69_PF48_3_2ok.wav,231.19,231.62
CleanCorpus/InterviewTaskok/audio_clipok/69_PF48_3ok/69_PF48_3_2ok.wav,234.97,235.68
CleanCorpus/InterviewTaskok/audio_clipok/69_PF48_3ok/69_PF48_3_2ok.wav,236.57,236.82
CleanCorpus/InterviewTaskok/audio_clipok/69_PF48_3ok/69_PF48_3_2ok.wav,241.39,241.99
CleanCorpus/InterviewTaskok/audio_clipok/69_PF48_3ok/69_PF48_3_2ok.wav,244.41,244.74
CleanCorpus/InterviewTaskok/audio_clipok/69_PF48_3ok/69_PF48_3_2ok.wav,250.7,251.08
CleanCorpus/InterviewTaskok/audio_clipok/69_PF48_3ok/69_PF48_3_2ok.wav,253.56,254.03
CleanCorpus/InterviewTaskok/audio_clipok/69_PF48_3ok/69_PF48_3_2ok.wav,258.11,258.91
CleanCorpus/InterviewTaskok/audio_clipok/69_PF48_3ok/69_PF48_3_2ok.wav,260.04,260.32
CleanCorpus/InterviewTaskok/audio_clipok/69_PF48_3ok/69_PF48_3_2ok.wav,268.33,268.68
CleanCorpus/InterviewTaskok/audio_clipok/69_PF48_3ok/69_PF48_3_2ok.wav,270.52,271.1
CleanCorpus/InterviewTaskok/audio_clipok/69_PF48_3ok/69_PF48_3_2ok.wav,272.03,272.23
CleanCorpus/InterviewTaskok/audio_clipok/69_PF48_3ok/69_PF48_3_2ok.wav,275.02,275.8
CleanCorpus/InterviewTaskok/audio_clipok/42_PF63_4ok/42_PF63_4_1ok.wav,4.61,5.27
CleanCorpus/InterviewTaskok/audio_clipok/42_PF63_4ok/42_PF63_4_1ok.wav,7.12,7.54
CleanCorpus/InterviewTaskok/audio_clipok/42_PF63_4ok/42_PF63_4_1ok.wav,12.42,12.98
CleanCorpus/InterviewTaskok/audio_clipok/42_PF63_4ok/42_PF63_4_1ok.wav,15.28,15.86
CleanCorpus/InterviewTaskok/audio_clipok/42_PF63_4ok/42_PF63_4_1ok.wav,18.78,19.35
CleanCorpus/InterviewTaskok/audio_clipok/42_PF63_4ok/42_PF63_4_1ok.wav,25.37,25.96
CleanCorpus/InterviewTaskok/audio_clipok/42_PF63_4ok/42_PF63_4_1ok.wav,29.01,29.39
CleanCorpus/InterviewTaskok/audio_clipok/42_PF63_4ok/42_PF63_4_1ok.wav,36.57,37.9
CleanCorpus/InterviewTaskok/audio_clipok/42_PF63_4ok/42_PF63_4_1ok.wav,43.44,43.87
CleanCorpus/InterviewTaskok/audio_clipok/42_PF63_4ok/42_PF63_4_1ok.wav,47.74,48.53
CleanCorpus/InterviewTaskok/audio_clipok/42_PF63_4ok/42_PF63_4_1ok.wav,53.85,54.39
CleanCorpus/InterviewTaskok/audio_clipok/42_PF63_4ok/42_PF63_4_1ok.wav,62.5,63.25
CleanCorpus/InterviewTaskok/audio_clipok/42_PF63_4ok/42_PF63_4_1ok.wav,67.13,67.68
CleanCorpus/InterviewTaskok/audio_clipok/42_PF63_4ok/42_PF63_4_1ok.wav,69.02,69.59
CleanCorpus/InterviewTaskok/audio_clipok/42_PF63_4ok/42_PF63_4_1ok.wav,70.66,73.48
CleanCorpus/InterviewTaskok/audio_clipok/42_PF63_4ok/42_PF63_4_2ok.wav,0.31,0.52
CleanCorpus/InterviewTaskok/audio_clipok/42_PF63_4ok/42_PF63_4_2ok.wav,6.89,7.43
CleanCorpus/InterviewTaskok/audio_clipok/42_PF63_4ok/42_PF63_4_2ok.wav,9.52,9.99
CleanCorpus/InterviewTaskok/audio_clipok/42_PF63_4ok/42_PF63_4_2ok.wav,12.47,13.02
CleanCorpus/InterviewTaskok/audio_clipok/42_PF63_4ok/42_PF63_4_2ok.wav,19.8,20.42
CleanCorpus/InterviewTaskok/audio_clipok/42_PF63_4ok/42_PF63_4_2ok.wav,22.04,22.62
CleanCorpus/InterviewTaskok/audio_clipok/42_PF63_4ok/42_PF63_4_2ok.wav,23.87,25.57
CleanCorpus/InterviewTaskok/audio_clipok/42_PF63_4ok/42_PF63_4_2ok.wav,27.91,28.3
CleanCorpus/InterviewTaskok/audio_clipok/42_PF63_4ok/42_PF63_4_2ok.wav,31.43,31.78
CleanCorpus/InterviewTaskok/audio_clipok/42_PF63_4ok/42_PF63_4_2ok.wav,35.75,36.13
CleanCorpus/InterviewTaskok/audio_clipok/42_PF63_4ok/42_PF63_4_2ok.wav,39.21,40.14
CleanCorpus/InterviewTaskok/audio_clipok/42_PF63_4ok/42_PF63_4_2ok.wav,46.34,46.94
CleanCorpus/InterviewTaskok/audio_clipok/06_CF44_2ok/06_CF44_2_3ok.wav,2.66,4.79
CleanCorpus/InterviewTaskok/audio_clipok/06_CF44_2ok/06_CF44_2_22ok.wav,0.99,1.33
CleanCorpus/InterviewTaskok/audio_clipok/06_CF44_2ok/06_CF44_2_19ok.wav,4.99,5.39
CleanCorpus/InterviewTaskok/audio_clipok/06_CF44_2ok/06_CF44_2_26ok.wav,3.17,3.53
CleanCorpus/InterviewTaskok/audio_clipok/06_CF44_2ok/06_CF44_2_26ok.wav,7.48,7.97
CleanCorpus/InterviewTaskok/audio_clipok/06_CF44_2ok/06_CF44_2_8ok.wav,1.51,1.87
CleanCorpus/InterviewTaskok/audio_clipok/06_CF44_2ok/06_CF44_2_8ok.wav,5.03,5.67
CleanCorpus/InterviewTaskok/audio_clipok/06_CF44_2ok/06_CF44_2_8ok.wav,7.29,8.56
CleanCorpus/InterviewTaskok/audio_clipok/06_CF44_2ok/06_CF44_2_8ok.wav,11.09,11.34
CleanCorpus/InterviewTaskok/audio_clipok/06_CF44_2ok/06_CF44_2_8ok.wav,14.04,14.48
CleanCorpus/InterviewTaskok/audio_clipok/06_CF44_2ok/06_CF44_2_6ok.wav,1.99,2.68
CleanCorpus/InterviewTaskok/audio_clipok/06_CF44_2ok/06_CF44_2_21ok.wav,1.89,2.25
CleanCorpus/InterviewTaskok/audio_clipok/06_CF44_2ok/06_CF44_2_21ok.wav,4.0,5.13
CleanCorpus/InterviewTaskok/audio_clipok/06_CF44_2ok/06_CF44_2_21ok.wav,6.03,6.33
CleanCorpus/InterviewTaskok/audio_clipok/06_CF44_2ok/06_CF44_2_21ok.wav,7.32,7.88
CleanCorpus/InterviewTaskok/audio_clipok/06_CF44_2ok/06_CF44_2_21ok.wav,9.53,9.75
CleanCorpus/InterviewTaskok/audio_clipok/06_CF44_2ok/06_CF44_2_21ok.wav,11.56,11.76
CleanCorpus/InterviewTaskok/audio_clipok/06_CF44_2ok/06_CF44_2_2ok.wav,0.67,1.29
CleanCorpus/InterviewTaskok/audio_clipok/06_CF44_2ok/06_CF44_2_2ok.wav,2.86,3.4
CleanCorpus/InterviewTaskok/audio_clipok/06_CF44_2ok/06_CF44_2_2ok.wav,7.18,7.54
CleanCorpus/InterviewTaskok/audio_clipok/06_CF44_2ok/06_CF44_2_17ok.wav,6.46,6.91
CleanCorpus/InterviewTaskok/audio_clipok/06_CF44_2ok/06_CF44_2_24ok.wav,4.81,5.15
CleanCorpus/InterviewTaskok/audio_clipok/06_CF44_2ok/06_CF44_2_24ok.wav,7.32,8.03
CleanCorpus/InterviewTaskok/audio_clipok/06_CF44_2ok/06_CF44_2_15ok.wav,5.74,6.34
CleanCorpus/InterviewTaskok/audio_clipok/06_CF44_2ok/06_CF44_2_15ok.wav,7.04,7.3
CleanCorpus/InterviewTaskok/audio_clipok/06_CF44_2ok/06_CF44_2_18ok.wav,1.58,2.38
CleanCorpus/InterviewTaskok/audio_clipok/06_CF44_2ok/06_CF44_2_18ok.wav,9.29,9.74
CleanCorpus/InterviewTaskok/audio_clipok/06_CF44_2ok/06_CF44_2_5ok.wav,5.49,5.99
CleanCorpus/InterviewTaskok/audio_clipok/06_CF44_2ok/06_CF44_2_16ok.wav,8.54,8.77
CleanCorpus/InterviewTaskok/audio_clipok/06_CF44_2ok/06_CF44_2_25ok.wav,4.55,4.95
CleanCorpus/InterviewTaskok/audio_clipok/06_CF44_2ok/06_CF44_2_25ok.wav,7.01,7.38
CleanCorpus/InterviewTaskok/audio_clipok/06_CF44_2ok/06_CF44_2_25ok.wav,10.79,10.99
CleanCorpus/InterviewTaskok/audio_clipok/18_CM64_3ok/18_CM64_3_2ok.wav,3.02,3.44
CleanCorpus/InterviewTaskok/audio_clipok/18_CM64_3ok/18_CM64_3_2ok.wav,4.28,4.71
CleanCorpus/InterviewTaskok/audio_clipok/18_CM64_3ok/18_CM64_3_2ok.wav,9.02,9.37
CleanCorpus/InterviewTaskok/audio_clipok/18_CM64_3ok/18_CM64_3_2ok.wav,11.59,12.05
CleanCorpus/InterviewTaskok/audio_clipok/18_CM64_3ok/18_CM64_3_2ok.wav,17.26,17.77
CleanCorpus/InterviewTaskok/audio_clipok/18_CM64_3ok/18_CM64_3_2ok.wav,18.78,19.27
CleanCorpus/InterviewTaskok/audio_clipok/18_CM64_3ok/18_CM64_3_2ok.wav,19.95,21.26
CleanCorpus/InterviewTaskok/audio_clipok/18_CM64_3ok/18_CM64_3_2ok.wav,24.27,24.69
CleanCorpus/InterviewTaskok/audio_clipok/18_CM64_3ok/18_CM64_3_2ok.wav,25.94,26.64
CleanCorpus/InterviewTaskok/audio_clipok/18_CM64_3ok/18_CM64_3_2ok.wav,31.2,31.51
CleanCorpus/InterviewTaskok/audio_clipok/18_CM64_3ok/18_CM64_3_2ok.wav,42.75,43.2
CleanCorpus/InterviewTaskok/audio_clipok/18_CM64_3ok/18_CM64_3_2ok.wav,48.79,49.25
CleanCorpus/InterviewTaskok/audio_clipok/18_CM64_3ok/18_CM64_3_2ok.wav,51.54,51.85
CleanCorpus/InterviewTaskok/audio_clipok/18_CM64_3ok/18_CM64_3_2ok.wav,54.33,54.73
CleanCorpus/InterviewTaskok/audio_clipok/18_CM64_3ok/18_CM64_3_1ok.wav,5.3,5.51
CleanCorpus/InterviewTaskok/audio_clipok/18_CM64_3ok/18_CM64_3_1ok.wav,6.92,7.35
CleanCorpus/InterviewTaskok/audio_clipok/18_CM64_3ok/18_CM64_3_1ok.wav,11.42,11.94
CleanCorpus/InterviewTaskok/audio_clipok/18_CM64_3ok/18_CM64_3_1ok.wav,15.89,16.64
CleanCorpus/InterviewTaskok/audio_clipok/18_CM64_3ok/18_CM64_3_1ok.wav,19.18,19.75
CleanCorpus/InterviewTaskok/audio_clipok/18_CM64_3ok/18_CM64_3_1ok.wav,25.59,26.23
CleanCorpus/InterviewTaskok/audio_clipok/18_CM64_3ok/18_CM64_3_1ok.wav,28.16,29.52
CleanCorpus/InterviewTaskok/audio_clipok/18_CM64_3ok/18_CM64_3_1ok.wav,45.85,46.38
CleanCorpus/InterviewTaskok/audio_clipok/18_CM64_3ok/18_CM64_3_1ok.wav,51.97,52.5
CleanCorpus/InterviewTaskok/audio_clipok/18_CM64_3ok/18_CM64_3_1ok.wav,58.58,58.95
CleanCorpus/InterviewTaskok/audio_clipok/18_CM64_3ok/18_CM64_3_1ok.wav,65.76,67.09
CleanCorpus/InterviewTaskok/audio_clipok/18_CM64_3ok/18_CM64_3_1ok.wav,75.22,75.82
CleanCorpus/InterviewTaskok/audio_clipok/18_CM64_3ok/18_CM64_3_1ok.wav,77.62,77.95
CleanCorpus/InterviewTaskok/audio_clipok/18_CM64_3ok/18_CM64_3_1ok.wav,82.05,82.37
CleanCorpus/InterviewTaskok/audio_clipok/18_CM64_3ok/18_CM64_3_1ok.wav,82.41,83.0
CleanCorpus/InterviewTaskok/audio_clipok/18_CM64_3ok/18_CM64_3_1ok.wav,88.01,89.22
CleanCorpus/InterviewTaskok/audio_clipok/18_CM64_3ok/18_CM64_3_1ok.wav,99.36,100.43
CleanCorpus/InterviewTaskok/audio_clipok/18_CM64_3ok/18_CM64_3_1ok.wav,104.91,105.12
CleanCorpus/InterviewTaskok/audio_clipok/18_CM64_3ok/18_CM64_3_1ok.wav,109.46,109.85
CleanCorpus/InterviewTaskok/audio_clipok/18_CM64_3ok/18_CM64_3_1ok.wav,112.86,113.06
CleanCorpus/InterviewTaskok/audio_clipok/18_CM64_3ok/18_CM64_3_1ok.wav,120.85,121.27
CleanCorpus/InterviewTaskok/audio_clipok/18_CM64_3ok/18_CM64_3_1ok.wav,122.73,123.34
CleanCorpus/InterviewTaskok/audio_clipok/18_CM64_3ok/18_CM64_3_1ok.wav,135.03,135.64
CleanCorpus/InterviewTaskok/audio_clipok/18_CM64_3ok/18_CM64_3_1ok.wav,142.12,143.4
CleanCorpus/InterviewTaskok/audio_clipok/18_CM64_3ok/18_CM64_3_1ok.wav,146.27,147.1
CleanCorpus/InterviewTaskok/audio_clipok/18_CM64_3ok/18_CM64_3_1ok.wav,152.13,152.43
CleanCorpus/InterviewTaskok/audio_clipok/18_CM64_3ok/18_CM64_3_1ok.wav,154.01,154.26
CleanCorpus/InterviewTaskok/audio_clipok/18_CM64_3ok/18_CM64_3_1ok.wav,155.8,156.05
CleanCorpus/InterviewTaskok/audio_clipok/18_CM64_3ok/18_CM64_3_3ok.wav,7.48,7.89
CleanCorpus/InterviewTaskok/audio_clipok/18_CM64_3ok/18_CM64_3_3ok.wav,13.49,13.88
CleanCorpus/InterviewTaskok/audio_clipok/18_CM64_3ok/18_CM64_3_3ok.wav,19.05,19.55
CleanCorpus/InterviewTaskok/audio_clipok/18_CM64_3ok/18_CM64_3_3ok.wav,22.34,22.68
CleanCorpus/InterviewTaskok/audio_clipok/18_CM64_3ok/18_CM64_3_3ok.wav,27.29,27.51
CleanCorpus/InterviewTaskok/audio_clipok/18_CM64_3ok/18_CM64_3_3ok.wav,31.71,32.05
CleanCorpus/InterviewTaskok/audio_clipok/18_CM64_3ok/18_CM64_3_3ok.wav,34.73,35.13
CleanCorpus/InterviewTaskok/audio_clipok/18_CM64_3ok/18_CM64_3_3ok.wav,46.27,46.5
CleanCorpus/InterviewTaskok/audio_clipok/18_CM64_3ok/18_CM64_3_3ok.wav,49.02,49.6
CleanCorpus/InterviewTaskok/audio_clipok/18_CM64_3ok/18_CM64_3_3ok.wav,54.65,55.1
CleanCorpus/InterviewTaskok/audio_clipok/18_CM64_3ok/18_CM64_3_3ok.wav,58.24,58.61
CleanCorpus/InterviewTaskok/audio_clipok/18_CM64_3ok/18_CM64_3_3ok.wav,62.15,62.58
CleanCorpus/InterviewTaskok/audio_clipok/46_CF39_3ok/46_CF39_3_12ok.wav,2.82,4.04
CleanCorpus/InterviewTaskok/audio_clipok/46_CF39_3ok/46_CF39_3_12ok.wav,10.29,10.9
CleanCorpus/InterviewTaskok/audio_clipok/46_CF39_3ok/46_CF39_3_12ok.wav,18.85,19.39
CleanCorpus/InterviewTaskok/audio_clipok/46_CF39_3ok/46_CF39_3_8ok.wav,14.84,15.43
CleanCorpus/InterviewTaskok/audio_clipok/46_CF39_3ok/46_CF39_3_8ok.wav,16.34,16.7
CleanCorpus/InterviewTaskok/audio_clipok/46_CF39_3ok/46_CF39_3_8ok.wav,16.94,17.3
CleanCorpus/InterviewTaskok/audio_clipok/46_CF39_3ok/46_CF39_3_8ok.wav,19.52,19.87
CleanCorpus/InterviewTaskok/audio_clipok/46_CF39_3ok/46_CF39_3_8ok.wav,28.19,29.3
CleanCorpus/InterviewTaskok/audio_clipok/46_CF39_3ok/46_CF39_3_9ok.wav,3.91,4.77
CleanCorpus/InterviewTaskok/audio_clipok/46_CF39_3ok/46_CF39_3_3ok.wav,2.34,3.57
CleanCorpus/InterviewTaskok/audio_clipok/46_CF39_3ok/46_CF39_3_3ok.wav,7.78,8.94
CleanCorpus/InterviewTaskok/audio_clipok/46_CF39_3ok/46_CF39_3_3ok.wav,12.72,13.11
CleanCorpus/InterviewTaskok/audio_clipok/46_CF39_3ok/46_CF39_3_3ok.wav,16.47,17.13
CleanCorpus/InterviewTaskok/audio_clipok/46_CF39_3ok/46_CF39_3_3ok.wav,19.25,19.66
CleanCorpus/InterviewTaskok/audio_clipok/46_CF39_3ok/46_CF39_3_3ok.wav,21.33,21.59
CleanCorpus/InterviewTaskok/audio_clipok/46_CF39_3ok/46_CF39_3_3ok.wav,25.48,26.21
CleanCorpus/InterviewTaskok/audio_clipok/46_CF39_3ok/46_CF39_3_3ok.wav,28.51,28.78
CleanCorpus/InterviewTaskok/audio_clipok/46_CF39_3ok/46_CF39_3_1ok.wav,7.47,8.57
CleanCorpus/InterviewTaskok/audio_clipok/46_CF39_3ok/46_CF39_3_1ok.wav,8.9,9.53
CleanCorpus/InterviewTaskok/audio_clipok/46_CF39_3ok/46_CF39_3_10ok.wav,2.37,3.15
CleanCorpus/InterviewTaskok/audio_clipok/46_CF39_3ok/46_CF39_3_10ok.wav,4.88,5.93
CleanCorpus/InterviewTaskok/audio_clipok/46_CF39_3ok/46_CF39_3_10ok.wav,8.58,8.88
CleanCorpus/InterviewTaskok/audio_clipok/46_CF39_3ok/46_CF39_3_10ok.wav,9.28,9.84
CleanCorpus/InterviewTaskok/audio_clipok/46_CF39_3ok/46_CF39_3_10ok.wav,10.12,10.67
CleanCorpus/InterviewTaskok/audio_clipok/46_CF39_3ok/46_CF39_3_10ok.wav,16.74,17.25
CleanCorpus/InterviewTaskok/audio_clipok/46_CF39_3ok/46_CF39_3_13ok.wav,0.27,0.79
CleanCorpus/InterviewTaskok/audio_clipok/46_CF39_3ok/46_CF39_3_13ok.wav,6.22,6.6
CleanCorpus/InterviewTaskok/audio_clipok/46_CF39_3ok/46_CF39_3_13ok.wav,11.39,12.0
CleanCorpus/InterviewTaskok/audio_clipok/46_CF39_3ok/46_CF39_3_13ok.wav,16.55,16.81
CleanCorpus/InterviewTaskok/audio_clipok/46_CF39_3ok/46_CF39_3_13ok.wav,19.36,19.73
CleanCorpus/InterviewTaskok/audio_clipok/46_CF39_3ok/46_CF39_3_13ok.wav,23.65,24.1
CleanCorpus/InterviewTaskok/audio_clipok/46_CF39_3ok/46_CF39_3_7ok.wav,9.45,10.03
CleanCorpus/InterviewTaskok/audio_clipok/46_CF39_3ok/46_CF39_3_7ok.wav,10.8,11.13
CleanCorpus/InterviewTaskok/audio_clipok/46_CF39_3ok/46_CF39_3_7ok.wav,11.84,12.93
CleanCorpus/InterviewTaskok/audio_clipok/46_CF39_3ok/46_CF39_3_11ok.wav,3.67,3.94
CleanCorpus/InterviewTaskok/audio_clipok/46_CF39_3ok/46_CF39_3_11ok.wav,5.29,5.9
CleanCorpus/InterviewTaskok/audio_clipok/46_CF39_3ok/46_CF39_3_11ok.wav,11.97,12.29
CleanCorpus/InterviewTaskok/audio_clipok/70_PF51_1ok/70_PF51_1_1ok.wav,2.52,3.8
CleanCorpus/InterviewTaskok/audio_clipok/70_PF51_1ok/70_PF51_1_1ok.wav,5.89,6.33
CleanCorpus/InterviewTaskok/audio_clipok/70_PF51_1ok/70_PF51_1_1ok.wav,11.03,11.88
CleanCorpus/InterviewTaskok/audio_clipok/70_PF51_1ok/70_PF51_1_1ok.wav,16.68,17.19
CleanCorpus/InterviewTaskok/audio_clipok/70_PF51_1ok/70_PF51_1_1ok.wav,17.9,19.58
CleanCorpus/InterviewTaskok/audio_clipok/70_PF51_1ok/70_PF51_1_3ok.wav,5.64,6.42
CleanCorpus/InterviewTaskok/audio_clipok/70_PF51_1ok/70_PF51_1_3ok.wav,7.89,8.5
CleanCorpus/InterviewTaskok/audio_clipok/70_PF51_1ok/70_PF51_1_3ok.wav,10.24,10.53
CleanCorpus/InterviewTaskok/audio_clipok/70_PF51_1ok/70_PF51_1_3ok.wav,12.21,12.77
CleanCorpus/InterviewTaskok/audio_clipok/70_PF51_1ok/70_PF51_1_3ok.wav,14.17,14.62
CleanCorpus/InterviewTaskok/audio_clipok/70_PF51_1ok/70_PF51_1_3ok.wav,15.58,16.97
CleanCorpus/InterviewTaskok/audio_clipok/70_PF51_1ok/70_PF51_1_3ok.wav,17.14,17.64
CleanCorpus/InterviewTaskok/audio_clipok/70_PF51_1ok/70_PF51_1_3ok.wav,21.53,22.16
CleanCorpus/InterviewTaskok/audio_clipok/70_PF51_1ok/70_PF51_1_2ok.wav,1.9,3.45
CleanCorpus/InterviewTaskok/audio_clipok/70_PF51_1ok/70_PF51_1_5ok.wav,1.64,2.39
CleanCorpus/InterviewTaskok/audio_clipok/70_PF51_1ok/70_PF51_1_5ok.wav,6.9,7.57
CleanCorpus/InterviewTaskok/audio_clipok/41_CM71_2ok/41_CM71_2_12ok.wav,0.66,1.17
CleanCorpus/InterviewTaskok/audio_clipok/41_CM71_2ok/41_CM71_2_12ok.wav,3.73,4.66
CleanCorpus/InterviewTaskok/audio_clipok/41_CM71_2ok/41_CM71_2_12ok.wav,7.26,7.48
CleanCorpus/InterviewTaskok/audio_clipok/41_CM71_2ok/41_CM71_2_12ok.wav,9.64,10.04
CleanCorpus/InterviewTaskok/audio_clipok/41_CM71_2ok/41_CM71_2_4ok.wav,5.44,6.14
CleanCorpus/InterviewTaskok/audio_clipok/41_CM71_2ok/41_CM71_2_4ok.wav,9.13,10.01
CleanCorpus/InterviewTaskok/audio_clipok/41_CM71_2ok/41_CM71_2_8ok.wav,3.05,3.6
CleanCorpus/InterviewTaskok/audio_clipok/41_CM71_2ok/41_CM71_2_8ok.wav,5.51,5.81
CleanCorpus/InterviewTaskok/audio_clipok/41_CM71_2ok/41_CM71_2_8ok.wav,7.8,8.13
CleanCorpus/InterviewTaskok/audio_clipok/41_CM71_2ok/41_CM71_2_8ok.wav,9.83,10.12
CleanCorpus/InterviewTaskok/audio_clipok/41_CM71_2ok/41_CM71_2_8ok.wav,12.2,12.79
CleanCorpus/InterviewTaskok/audio_clipok/41_CM71_2ok/41_CM71_2_8ok.wav,13.29,13.63
CleanCorpus/InterviewTaskok/audio_clipok/41_CM71_2ok/41_CM71_2_8ok.wav,17.29,17.84
CleanCorpus/InterviewTaskok/audio_clipok/41_CM71_2ok/41_CM71_2_8ok.wav,20.38,20.84
CleanCorpus/InterviewTaskok/audio_clipok/41_CM71_2ok/41_CM71_2_8ok.wav,23.95,24.41
CleanCorpus/InterviewTaskok/audio_clipok/41_CM71_2ok/41_CM71_2_10ok.wav,2.01,2.69
CleanCorpus/InterviewTaskok/audio_clipok/41_CM71_2ok/41_CM71_2_10ok.wav,4.02,4.84
CleanCorpus/InterviewTaskok/audio_clipok/41_CM71_2ok/41_CM71_2_10ok.wav,8.76,9.33
CleanCorpus/InterviewTaskok/audio_clipok/41_CM71_2ok/41_CM71_2_10ok.wav,17.06,17.68
CleanCorpus/InterviewTaskok/audio_clipok/41_CM71_2ok/41_CM71_2_10ok.wav,20.38,21.58
CleanCorpus/InterviewTaskok/audio_clipok/41_CM71_2ok/41_CM71_2_10ok.wav,25.42,25.86
CleanCorpus/InterviewTaskok/audio_clipok/41_CM71_2ok/41_CM71_2_10ok.wav,27.61,28.18
CleanCorpus/InterviewTaskok/audio_clipok/41_CM71_2ok/41_CM71_2_10ok.wav,30.29,30.52
CleanCorpus/InterviewTaskok/audio_clipok/41_CM71_2ok/41_CM71_2_10ok.wav,31.71,32.2
CleanCorpus/InterviewTaskok/audio_clipok/41_CM71_2ok/41_CM71_2_10ok.wav,32.79,34.06
CleanCorpus/InterviewTaskok/audio_clipok/41_CM71_2ok/41_CM71_2_15ok.wav,0.29,0.78
CleanCorpus/InterviewTaskok/audio_clipok/41_CM71_2ok/41_CM71_2_15ok.wav,1.7,1.99
CleanCorpus/InterviewTaskok/audio_clipok/41_CM71_2ok/41_CM71_2_15ok.wav,4.72,4.98
CleanCorpus/InterviewTaskok/audio_clipok/41_CM71_2ok/41_CM71_2_15ok.wav,9.68,10.31
CleanCorpus/InterviewTaskok/audio_clipok/41_CM71_2ok/41_CM71_2_15ok.wav,16.16,16.82
CleanCorpus/InterviewTaskok/audio_clipok/41_CM71_2ok/41_CM71_2_6ok.wav,0.64,1.08
CleanCorpus/InterviewTaskok/audio_clipok/41_CM71_2ok/41_CM71_2_6ok.wav,4.06,4.51
CleanCorpus/InterviewTaskok/audio_clipok/41_CM71_2ok/41_CM71_2_6ok.wav,12.22,12.69
CleanCorpus/InterviewTaskok/audio_clipok/41_CM71_2ok/41_CM71_2_6ok.wav,14.15,14.82
CleanCorpus/InterviewTaskok/audio_clipok/41_CM71_2ok/41_CM71_2_6ok.wav,17.66,19.5
CleanCorpus/InterviewTaskok/audio_clipok/41_CM71_2ok/41_CM71_2_3ok.wav,1.5,2.24
CleanCorpus/InterviewTaskok/audio_clipok/41_CM71_2ok/41_CM71_2_11ok.wav,4.67,5.34
CleanCorpus/InterviewTaskok/audio_clipok/41_CM71_2ok/41_CM71_2_11ok.wav,9.34,9.57
CleanCorpus/InterviewTaskok/audio_clipok/41_CM71_2ok/41_CM71_2_11ok.wav,12.77,13.23
CleanCorpus/InterviewTaskok/audio_clipok/41_CM71_2ok/41_CM71_2_16ok.wav,1.46,2.06
CleanCorpus/InterviewTaskok/audio_clipok/41_CM71_2ok/41_CM71_2_16ok.wav,6.74,7.62
CleanCorpus/InterviewTaskok/audio_clipok/41_CM71_2ok/41_CM71_2_16ok.wav,9.66,10.0
CleanCorpus/InterviewTaskok/audio_clipok/41_CM71_2ok/41_CM71_2_16ok.wav,13.72,14.13
CleanCorpus/InterviewTaskok/audio_clipok/41_CM71_2ok/41_CM71_2_16ok.wav,15.23,15.66
CleanCorpus/InterviewTaskok/audio_clipok/41_CM71_2ok/41_CM71_2_9ok.wav,4.9,5.21
CleanCorpus/InterviewTaskok/audio_clipok/41_CM71_2ok/41_CM71_2_9ok.wav,8.65,9.14
CleanCorpus/InterviewTaskok/audio_clipok/41_CM71_2ok/41_CM71_2_17ok.wav,3.71,4.44
CleanCorpus/InterviewTaskok/audio_clipok/41_CM71_2ok/41_CM71_2_14ok.wav,2.15,2.42
CleanCorpus/InterviewTaskok/audio_clipok/41_CM71_2ok/41_CM71_2_2ok.wav,3.28,4.0
CleanCorpus/InterviewTaskok/audio_clipok/41_CM71_2ok/41_CM71_2_2ok.wav,7.48,7.97
CleanCorpus/InterviewTaskok/audio_clipok/41_CM71_2ok/41_CM71_2_13ok.wav,4.75,5.5
CleanCorpus/InterviewTaskok/audio_clipok/41_CM71_2ok/41_CM71_2_13ok.wav,8.67,9.61
CleanCorpus/InterviewTaskok/audio_clipok/41_CM71_2ok/41_CM71_2_13ok.wav,13.36,14.66
CleanCorpus/InterviewTaskok/audio_clipok/41_CM71_2ok/41_CM71_2_13ok.wav,16.86,17.76
CleanCorpus/InterviewTaskok/audio_clipok/41_CM71_2ok/41_CM71_2_13ok.wav,21.14,21.89
CleanCorpus/InterviewTaskok/audio_clipok/41_CM71_2ok/41_CM71_2_13ok.wav,25.84,26.22
CleanCorpus/InterviewTaskok/audio_clipok/41_CM71_2ok/41_CM71_2_13ok.wav,30.17,30.74
CleanCorpus/InterviewTaskok/audio_clipok/41_CM71_2ok/41_CM71_2_13ok.wav,33.57,34.0
CleanCorpus/InterviewTaskok/audio_clipok/40_CF59_1ok/40_CF59_1_7ok.wav,7.48,7.89
CleanCorpus/InterviewTaskok/audio_clipok/40_CF59_1ok/40_CF59_1_7ok.wav,9.63,10.2
CleanCorpus/InterviewTaskok/audio_clipok/40_CF59_1ok/40_CF59_1_7ok.wav,22.74,23.23
CleanCorpus/InterviewTaskok/audio_clipok/40_CF59_1ok/40_CF59_1_7ok.wav,26.14,26.97
CleanCorpus/InterviewTaskok/audio_clipok/40_CF59_1ok/40_CF59_1_7ok.wav,28.85,29.39
CleanCorpus/InterviewTaskok/audio_clipok/40_CF59_1ok/40_CF59_1_7ok.wav,31.45,31.82
CleanCorpus/InterviewTaskok/audio_clipok/40_CF59_1ok/40_CF59_1_7ok.wav,37.53,37.94
CleanCorpus/InterviewTaskok/audio_clipok/40_CF59_1ok/40_CF59_1_7ok.wav,40.45,40.67
CleanCorpus/InterviewTaskok/audio_clipok/40_CF59_1ok/40_CF59_1_7ok.wav,42.58,43.28
CleanCorpus/InterviewTaskok/audio_clipok/40_CF59_1ok/40_CF59_1_7ok.wav,45.55,46.15
CleanCorpus/InterviewTaskok/audio_clipok/40_CF59_1ok/40_CF59_1_7ok.wav,49.27,49.59
CleanCorpus/InterviewTaskok/audio_clipok/40_CF59_1ok/40_CF59_1_7ok.wav,53.34,53.74
CleanCorpus/InterviewTaskok/audio_clipok/40_CF59_1ok/40_CF59_1_7ok.wav,56.22,56.57
CleanCorpus/InterviewTaskok/audio_clipok/40_CF59_1ok/40_CF59_1_7ok.wav,60.14,60.43
CleanCorpus/InterviewTaskok/audio_clipok/40_CF59_1ok/40_CF59_1_7ok.wav,62.07,62.4
CleanCorpus/InterviewTaskok/audio_clipok/40_CF59_1ok/40_CF59_1_7ok.wav,62.84,63.18
CleanCorpus/InterviewTaskok/audio_clipok/40_CF59_1ok/40_CF59_1_7ok.wav,63.77,64.1
CleanCorpus/InterviewTaskok/audio_clipok/40_CF59_1ok/40_CF59_1_7ok.wav,66.45,66.86
CleanCorpus/InterviewTaskok/audio_clipok/40_CF59_1ok/40_CF59_1_7ok.wav,67.8,68.65
CleanCorpus/InterviewTaskok/audio_clipok/40_CF59_1ok/40_CF59_1_7ok.wav,71.45,71.84
CleanCorpus/InterviewTaskok/audio_clipok/40_CF59_1ok/40_CF59_1_7ok.wav,74.01,74.33
CleanCorpus/InterviewTaskok/audio_clipok/40_CF59_1ok/40_CF59_1_7ok.wav,79.22,79.52
CleanCorpus/InterviewTaskok/audio_clipok/40_CF59_1ok/40_CF59_1_5ok.wav,2.59,3.02
CleanCorpus/InterviewTaskok/audio_clipok/40_CF59_1ok/40_CF59_1_5ok.wav,3.61,3.95
CleanCorpus/InterviewTaskok/audio_clipok/40_CF59_1ok/40_CF59_1_5ok.wav,10.33,10.72
CleanCorpus/InterviewTaskok/audio_clipok/40_CF59_1ok/40_CF59_1_6ok.wav,2.26,2.46
CleanCorpus/InterviewTaskok/audio_clipok/40_CF59_1ok/40_CF59_1_6ok.wav,4.55,4.94
CleanCorpus/InterviewTaskok/audio_clipok/40_CF59_1ok/40_CF59_1_6ok.wav,6.64,7.75
CleanCorpus/InterviewTaskok/audio_clipok/40_CF59_1ok/40_CF59_1_6ok.wav,8.74,9.05
CleanCorpus/InterviewTaskok/audio_clipok/40_CF59_1ok/40_CF59_1_6ok.wav,10.31,10.63
CleanCorpus/InterviewTaskok/audio_clipok/40_CF59_1ok/40_CF59_1_6ok.wav,11.63,11.94
CleanCorpus/InterviewTaskok/audio_clipok/40_CF59_1ok/40_CF59_1_6ok.wav,15.23,15.68
CleanCorpus/InterviewTaskok/audio_clipok/40_CF59_1ok/40_CF59_1_6ok.wav,16.09,16.45
CleanCorpus/InterviewTaskok/audio_clipok/40_CF59_1ok/40_CF59_1_6ok.wav,17.48,17.88
CleanCorpus/InterviewTaskok/audio_clipok/40_CF59_1ok/40_CF59_1_6ok.wav,20.56,20.82
CleanCorpus/InterviewTaskok/audio_clipok/40_CF59_1ok/40_CF59_1_6ok.wav,22.65,23.29
CleanCorpus/InterviewTaskok/audio_clipok/40_CF59_1ok/40_CF59_1_6ok.wav,24.25,24.7
CleanCorpus/InterviewTaskok/audio_clipok/40_CF59_1ok/40_CF59_1_6ok.wav,27.45,27.93
CleanCorpus/InterviewTaskok/audio_clipok/40_CF59_1ok/40_CF59_1_6ok.wav,30.29,30.75
CleanCorpus/InterviewTaskok/audio_clipok/40_CF59_1ok/40_CF59_1_6ok.wav,32.76,33.06
CleanCorpus/InterviewTaskok/audio_clipok/40_CF59_1ok/40_CF59_1_6ok.wav,35.39,36.02
CleanCorpus/InterviewTaskok/audio_clipok/40_CF59_1ok/40_CF59_1_6ok.wav,37.68,38.22
CleanCorpus/InterviewTaskok/audio_clipok/40_CF59_1ok/40_CF59_1_4ok.wav,0.88,1.1
CleanCorpus/InterviewTaskok/audio_clipok/40_CF59_1ok/40_CF59_1_4ok.wav,2.0,2.46
CleanCorpus/InterviewTaskok/audio_clipok/40_CF59_1ok/40_CF59_1_4ok.wav,4.32,4.69
CleanCorpus/InterviewTaskok/audio_clipok/40_CF59_1ok/40_CF59_1_4ok.wav,6.1,6.52
CleanCorpus/InterviewTaskok/audio_clipok/40_CF59_1ok/40_CF59_1_4ok.wav,7.25,7.53
CleanCorpus/InterviewTaskok/audio_clipok/40_CF59_1ok/40_CF59_1_4ok.wav,9.81,10.1
CleanCorpus/InterviewTaskok/audio_clipok/40_CF59_1ok/40_CF59_1_4ok.wav,15.07,15.34
CleanCorpus/InterviewTaskok/audio_clipok/40_CF59_1ok/40_CF59_1_4ok.wav,16.48,16.88
CleanCorpus/InterviewTaskok/audio_clipok/40_CF59_1ok/40_CF59_1_4ok.wav,18.95,19.44
CleanCorpus/InterviewTaskok/audio_clipok/40_CF59_1ok/40_CF59_1_4ok.wav,22.18,22.52
CleanCorpus/InterviewTaskok/audio_clipok/40_CF59_1ok/40_CF59_1_4ok.wav,24.35,24.7
CleanCorpus/InterviewTaskok/audio_clipok/40_CF59_1ok/40_CF59_1_4ok.wav,25.24,25.84
CleanCorpus/InterviewTaskok/audio_clipok/40_CF59_1ok/40_CF59_1_4ok.wav,27.9,28.38
CleanCorpus/InterviewTaskok/audio_clipok/40_CF59_1ok/40_CF59_1_4ok.wav,29.99,30.45
CleanCorpus/InterviewTaskok/audio_clipok/40_CF59_1ok/40_CF59_1_2ok.wav,1.36,1.9
CleanCorpus/InterviewTaskok/audio_clipok/40_CF59_1ok/40_CF59_1_2ok.wav,4.23,4.74
CleanCorpus/InterviewTaskok/audio_clipok/40_CF59_1ok/40_CF59_1_2ok.wav,6.26,6.99
CleanCorpus/InterviewTaskok/audio_clipok/40_CF59_1ok/40_CF59_1_2ok.wav,11.12,11.35
CleanCorpus/InterviewTaskok/audio_clipok/40_CF59_1ok/40_CF59_1_2ok.wav,13.32,13.82
CleanCorpus/InterviewTaskok/audio_clipok/40_CF59_1ok/40_CF59_1_2ok.wav,16.2,16.52
CleanCorpus/InterviewTaskok/audio_clipok/40_CF59_1ok/40_CF59_1_3ok.wav,1.86,2.43
CleanCorpus/InterviewTaskok/audio_clipok/40_CF59_1ok/40_CF59_1_3ok.wav,3.18,3.38
CleanCorpus/InterviewTaskok/audio_clipok/40_CF59_1ok/40_CF59_1_3ok.wav,4.12,4.44
CleanCorpus/InterviewTaskok/audio_clipok/40_CF59_1ok/40_CF59_1_3ok.wav,5.53,5.86
CleanCorpus/InterviewTaskok/audio_clipok/40_CF59_1ok/40_CF59_1_3ok.wav,7.62,8.26
CleanCorpus/InterviewTaskok/audio_clipok/40_CF59_1ok/40_CF59_1_3ok.wav,9.22,9.99
CleanCorpus/InterviewTaskok/audio_clipok/40_CF59_1ok/40_CF59_1_3ok.wav,12.72,13.07
CleanCorpus/InterviewTaskok/audio_clipok/40_CF59_1ok/40_CF59_1_3ok.wav,14.46,14.74
CleanCorpus/InterviewTaskok/audio_clipok/40_CF59_1ok/40_CF59_1_3ok.wav,16.92,17.34
CleanCorpus/InterviewTaskok/audio_clipok/40_CF59_1ok/40_CF59_1_3ok.wav,19.93,20.31
CleanCorpus/InterviewTaskok/audio_clipok/40_CF59_1ok/40_CF59_1_3ok.wav,24.04,24.41
CleanCorpus/InterviewTaskok/audio_clipok/40_CF59_1ok/40_CF59_1_3ok.wav,26.89,27.22
CleanCorpus/InterviewTaskok/audio_clipok/40_CF59_1ok/40_CF59_1_3ok.wav,31.56,31.94
CleanCorpus/InterviewTaskok/audio_clipok/40_CF59_1ok/40_CF59_1_8ok.wav,8.11,8.43
CleanCorpus/InterviewTaskok/audio_clipok/40_CF59_1ok/40_CF59_1_8ok.wav,11.99,12.37
CleanCorpus/InterviewTaskok/audio_clipok/40_CF59_1ok/40_CF59_1_8ok.wav,13.02,13.38
CleanCorpus/InterviewTaskok/audio_clipok/40_CF59_1ok/40_CF59_1_8ok.wav,14.06,14.69
CleanCorpus/InterviewTaskok/audio_clipok/40_CF59_1ok/40_CF59_1_8ok.wav,19.38,19.71
CleanCorpus/InterviewTaskok/audio_clipok/40_CF59_1ok/40_CF59_1_8ok.wav,20.98,21.29
CleanCorpus/InterviewTaskok/audio_clipok/40_CF59_1ok/40_CF59_1_8ok.wav,23.56,24.17
CleanCorpus/InterviewTaskok/audio_clipok/40_CF59_1ok/40_CF59_1_8ok.wav,27.37,27.66
CleanCorpus/InterviewTaskok/audio_clipok/40_CF59_1ok/40_CF59_1_8ok.wav,29.62,29.95
CleanCorpus/InterviewTaskok/audio_clipok/40_CF59_1ok/40_CF59_1_8ok.wav,30.58,30.79
CleanCorpus/InterviewTaskok/audio_clipok/40_CF59_1ok/40_CF59_1_8ok.wav,33.51,33.91
CleanCorpus/InterviewTaskok/audio_clipok/40_CF59_1ok/40_CF59_1_8ok.wav,34.35,34.87
CleanCorpus/InterviewTaskok/audio_clipok/40_CF59_1ok/40_CF59_1_8ok.wav,37.91,38.17
CleanCorpus/InterviewTaskok/audio_clipok/57_PM56_2ok/57_PM56_2_7ok.wav,4.59,5.79
CleanCorpus/InterviewTaskok/audio_clipok/57_PM56_2ok/57_PM56_2_7ok.wav,11.65,12.0
CleanCorpus/InterviewTaskok/audio_clipok/57_PM56_2ok/57_PM56_2_7ok.wav,14.49,14.71
CleanCorpus/InterviewTaskok/audio_clipok/57_PM56_2ok/57_PM56_2_7ok.wav,16.18,16.98
CleanCorpus/InterviewTaskok/audio_clipok/57_PM56_2ok/57_PM56_2_7ok.wav,19.86,21.06
CleanCorpus/InterviewTaskok/audio_clipok/57_PM56_2ok/57_PM56_2_7ok.wav,22.96,23.29
CleanCorpus/InterviewTaskok/audio_clipok/57_PM56_2ok/57_PM56_2_7ok.wav,25.37,25.95
CleanCorpus/InterviewTaskok/audio_clipok/57_PM56_2ok/57_PM56_2_7ok.wav,27.42,29.77
CleanCorpus/InterviewTaskok/audio_clipok/57_PM56_2ok/57_PM56_2_4ok.wav,2.74,3.47
CleanCorpus/InterviewTaskok/audio_clipok/57_PM56_2ok/57_PM56_2_3ok.wav,3.38,4.22
CleanCorpus/InterviewTaskok/audio_clipok/57_PM56_2ok/57_PM56_2_3ok.wav,7.38,8.15
CleanCorpus/InterviewTaskok/audio_clipok/57_PM56_2ok/57_PM56_2_5ok.wav,6.24,7.35
CleanCorpus/InterviewTaskok/audio_clipok/57_PM56_2ok/57_PM56_2_5ok.wav,7.65,9.48
CleanCorpus/InterviewTaskok/audio_clipok/57_PM56_2ok/57_PM56_2_5ok.wav,15.46,15.97
CleanCorpus/InterviewTaskok/audio_clipok/57_PM56_2ok/57_PM56_2_5ok.wav,17.84,18.37
CleanCorpus/InterviewTaskok/audio_clipok/57_PM56_2ok/57_PM56_2_2ok.wav,2.62,3.01
CleanCorpus/InterviewTaskok/audio_clipok/57_PM56_2ok/57_PM56_2_1ok.wav,2.13,4.09
CleanCorpus/InterviewTaskok/audio_clipok/57_PM56_2ok/57_PM56_2_1ok.wav,6.42,7.09
CleanCorpus/InterviewTaskok/audio_clipok/57_PM56_2ok/57_PM56_2_1ok.wav,9.6,9.93
CleanCorpus/InterviewTaskok/audio_clipok/57_PM56_2ok/57_PM56_2_1ok.wav,11.98,12.39
CleanCorpus/InterviewTaskok/audio_clipok/57_PM56_2ok/57_PM56_2_1ok.wav,14.22,14.83
CleanCorpus/InterviewTaskok/audio_clipok/57_PM56_2ok/57_PM56_2_1ok.wav,18.03,18.86
CleanCorpus/InterviewTaskok/audio_clipok/57_PM56_2ok/57_PM56_2_1ok.wav,21.26,22.1
CleanCorpus/InterviewTaskok/audio_clipok/57_PM56_2ok/57_PM56_2_1ok.wav,23.91,24.43
CleanCorpus/InterviewTaskok/audio_clipok/57_PM56_2ok/57_PM56_2_6ok.wav,5.0,6.13
CleanCorpus/InterviewTaskok/audio_clipok/57_PM56_2ok/57_PM56_2_6ok.wav,7.35,7.75
CleanCorpus/InterviewTaskok/audio_clipok/57_PM56_2ok/57_PM56_2_6ok.wav,9.13,9.8
CleanCorpus/InterviewTaskok/audio_clipok/57_PM56_2ok/57_PM56_2_6ok.wav,12.01,12.62
CleanCorpus/InterviewTaskok/audio_clipok/45_CF40_3ok/45_CF40_3_9ok.wav,2.31,3.1
CleanCorpus/InterviewTaskok/audio_clipok/45_CF40_3ok/45_CF40_3_9ok.wav,10.74,11.22
CleanCorpus/InterviewTaskok/audio_clipok/45_CF40_3ok/45_CF40_3_9ok.wav,21.59,22.19
CleanCorpus/InterviewTaskok/audio_clipok/45_CF40_3ok/45_CF40_3_9ok.wav,33.35,34.72
CleanCorpus/InterviewTaskok/audio_clipok/45_CF40_3ok/45_CF40_3_9ok.wav,36.66,37.11
CleanCorpus/InterviewTaskok/audio_clipok/45_CF40_3ok/45_CF40_3_9ok.wav,45.56,45.98
CleanCorpus/InterviewTaskok/audio_clipok/45_CF40_3ok/45_CF40_3_1ok.wav,2.17,2.8
CleanCorpus/InterviewTaskok/audio_clipok/45_CF40_3ok/45_CF40_3_1ok.wav,5.27,5.89
CleanCorpus/InterviewTaskok/audio_clipok/45_CF40_3ok/45_CF40_3_1ok.wav,7.76,9.37
CleanCorpus/InterviewTaskok/audio_clipok/45_CF40_3ok/45_CF40_3_3ok.wav,1.83,2.91
CleanCorpus/InterviewTaskok/audio_clipok/45_CF40_3ok/45_CF40_3_6ok.wav,4.48,5.31
CleanCorpus/InterviewTaskok/audio_clipok/45_CF40_3ok/45_CF40_3_6ok.wav,15.48,15.79
CleanCorpus/InterviewTaskok/audio_clipok/45_CF40_3ok/45_CF40_3_6ok.wav,20.67,21.13
CleanCorpus/InterviewTaskok/audio_clipok/45_CF40_3ok/45_CF40_3_5ok.wav,0.57,1.1
CleanCorpus/InterviewTaskok/audio_clipok/45_CF40_3ok/45_CF40_3_5ok.wav,12.48,13.1
CleanCorpus/InterviewTaskok/audio_clipok/45_CF40_3ok/45_CF40_3_5ok.wav,13.88,14.61
CleanCorpus/InterviewTaskok/audio_clipok/45_CF40_3ok/45_CF40_3_5ok.wav,17.93,18.38
CleanCorpus/InterviewTaskok/audio_clipok/45_CF40_3ok/45_CF40_3_5ok.wav,21.2,21.59
CleanCorpus/InterviewTaskok/audio_clipok/45_CF40_3ok/45_CF40_3_5ok.wav,23.56,24.03
CleanCorpus/InterviewTaskok/audio_clipok/45_CF40_3ok/45_CF40_3_8ok.wav,1.53,2.1
CleanCorpus/InterviewTaskok/audio_clipok/45_CF40_3ok/45_CF40_3_8ok.wav,7.96,8.43
CleanCorpus/InterviewTaskok/audio_clipok/45_CF40_3ok/45_CF40_3_8ok.wav,10.61,10.85
CleanCorpus/InterviewTaskok/audio_clipok/45_CF40_3ok/45_CF40_3_8ok.wav,15.77,16.21
CleanCorpus/InterviewTaskok/audio_clipok/45_CF40_3ok/45_CF40_3_8ok.wav,23.21,23.58
CleanCorpus/InterviewTaskok/audio_clipok/45_CF40_3ok/45_CF40_3_8ok.wav,25.26,25.66
CleanCorpus/InterviewTaskok/audio_clipok/45_CF40_3ok/45_CF40_3_8ok.wav,34.14,34.63
CleanCorpus/InterviewTaskok/audio_clipok/45_CF40_3ok/45_CF40_3_2ok.wav,4.41,5.44
CleanCorpus/InterviewTaskok/audio_clipok/45_CF40_3ok/45_CF40_3_4ok.wav,0.33,1.06
CleanCorpus/InterviewTaskok/audio_clipok/45_CF40_3ok/45_CF40_3_4ok.wav,5.5,6.13
CleanCorpus/InterviewTaskok/audio_clipok/45_CF40_3ok/45_CF40_3_4ok.wav,7.74,8.78
CleanCorpus/InterviewTaskok/audio_clipok/45_CF40_3ok/45_CF40_3_4ok.wav,11.69,12.21
CleanCorpus/InterviewTaskok/audio_clipok/45_CF40_3ok/45_CF40_3_4ok.wav,18.19,18.67
CleanCorpus/InterviewTaskok/audio_clipok/45_CF40_3ok/45_CF40_3_7ok.wav,8.32,8.84
CleanCorpus/InterviewTaskok/audio_clipok/45_CF40_3ok/45_CF40_3_7ok.wav,12.42,12.86
CleanCorpus/InterviewTaskok/audio_clipok/45_CF40_3ok/45_CF40_3_7ok.wav,13.46,13.77
CleanCorpus/InterviewTaskok/audio_clipok/45_CF40_3ok/45_CF40_3_7ok.wav,17.02,17.4
CleanCorpus/InterviewTaskok/audio_clipok/45_CF40_3ok/45_CF40_3_7ok.wav,27.34,27.69
CleanCorpus/InterviewTaskok/audio_clipok/05_PM53_4ok/05_PM53_4_1ok.wav,5.88,6.3
CleanCorpus/InterviewTaskok/audio_clipok/05_PM53_4ok/05_PM53_4_1ok.wav,7.65,7.96
CleanCorpus/InterviewTaskok/audio_clipok/05_PM53_4ok/05_PM53_4_1ok.wav,13.82,14.23
CleanCorpus/InterviewTaskok/audio_clipok/05_PM53_4ok/05_PM53_4_1ok.wav,21.87,22.35
CleanCorpus/InterviewTaskok/audio_clipok/05_PM53_4ok/05_PM53_4_1ok.wav,22.54,22.95
CleanCorpus/InterviewTaskok/audio_clipok/05_PM53_4ok/05_PM53_4_1ok.wav,24.3,24.86
CleanCorpus/InterviewTaskok/audio_clipok/05_PM53_4ok/05_PM53_4_1ok.wav,30.69,30.91
CleanCorpus/InterviewTaskok/audio_clipok/05_PM53_4ok/05_PM53_4_1ok.wav,33.14,33.52
CleanCorpus/InterviewTaskok/audio_clipok/05_PM53_4ok/05_PM53_4_1ok.wav,34.31,34.79
CleanCorpus/InterviewTaskok/audio_clipok/05_PM53_4ok/05_PM53_4_1ok.wav,46.08,46.96
CleanCorpus/InterviewTaskok/audio_clipok/05_PM53_4ok/05_PM53_4_1ok.wav,61.74,62.63
CleanCorpus/InterviewTaskok/audio_clipok/05_PM53_4ok/05_PM53_4_1ok.wav,64.61,65.64
CleanCorpus/InterviewTaskok/audio_clipok/05_PM53_4ok/05_PM53_4_1ok.wav,75.73,75.97
CleanCorpus/InterviewTaskok/audio_clipok/05_PM53_4ok/05_PM53_4_1ok.wav,77.95,78.15
CleanCorpus/InterviewTaskok/audio_clipok/05_PM53_4ok/05_PM53_4_1ok.wav,79.32,79.94
CleanCorpus/InterviewTaskok/audio_clipok/05_PM53_4ok/05_PM53_4_1ok.wav,94.8,95.18
CleanCorpus/InterviewTaskok/audio_clipok/05_PM53_4ok/05_PM53_4_1ok.wav,98.41,98.8
CleanCorpus/InterviewTaskok/audio_clipok/05_PM53_4ok/05_PM53_4_1ok.wav,109.19,109.45
CleanCorpus/InterviewTaskok/audio_clipok/05_PM53_4ok/05_PM53_4_1ok.wav,110.43,110.67
CleanCorpus/InterviewTaskok/audio_clipok/05_PM53_4ok/05_PM53_4_1ok.wav,124.34,124.62
CleanCorpus/InterviewTaskok/audio_clipok/05_PM53_4ok/05_PM53_4_1ok.wav,127.67,128.08
CleanCorpus/InterviewTaskok/audio_clipok/05_PM53_4ok/05_PM53_4_1ok.wav,130.34,130.64
CleanCorpus/InterviewTaskok/audio_clipok/05_PM53_4ok/05_PM53_4_1ok.wav,133.78,134.03
CleanCorpus/InterviewTaskok/audio_clipok/05_PM53_4ok/05_PM53_4_1ok.wav,136.39,136.78
CleanCorpus/InterviewTaskok/audio_clipok/05_PM53_4ok/05_PM53_4_1ok.wav,141.92,142.23
CleanCorpus/InterviewTaskok/audio_clipok/05_PM53_4ok/05_PM53_4_1ok.wav,148.36,148.63
CleanCorpus/InterviewTaskok/audio_clipok/05_PM53_4ok/05_PM53_4_1ok.wav,152.54,153.15
CleanCorpus/InterviewTaskok/audio_clipok/05_PM53_4ok/05_PM53_4_1ok.wav,155.02,155.25
CleanCorpus/InterviewTaskok/audio_clipok/05_PM53_4ok/05_PM53_4_1ok.wav,164.79,165.36
CleanCorpus/InterviewTaskok/audio_clipok/05_PM53_4ok/05_PM53_4_1ok.wav,172.51,172.83
CleanCorpus/InterviewTaskok/audio_clipok/05_PM53_4ok/05_PM53_4_1ok.wav,175.81,176.04
CleanCorpus/InterviewTaskok/audio_clipok/05_PM53_4ok/05_PM53_4_1ok.wav,177.83,178.05
CleanCorpus/InterviewTaskok/audio_clipok/05_PM53_4ok/05_PM53_4_1ok.wav,184.11,184.32
CleanCorpus/InterviewTaskok/audio_clipok/05_PM53_4ok/05_PM53_4_1ok.wav,185.31,185.52
CleanCorpus/InterviewTaskok/audio_clipok/05_PM53_4ok/05_PM53_4_1ok.wav,188.25,188.54
CleanCorpus/InterviewTaskok/audio_clipok/05_PM53_4ok/05_PM53_4_1ok.wav,192.67,193.1
CleanCorpus/InterviewTaskok/audio_clipok/05_PM53_4ok/05_PM53_4_1ok.wav,199.08,199.66
CleanCorpus/InterviewTaskok/audio_clipok/05_PM53_4ok/05_PM53_4_1ok.wav,204.59,204.82
CleanCorpus/InterviewTaskok/audio_clipok/05_PM53_4ok/05_PM53_4_1ok.wav,209.01,209.24
CleanCorpus/InterviewTaskok/audio_clipok/05_PM53_4ok/05_PM53_4_1ok.wav,210.45,210.81
CleanCorpus/InterviewTaskok/audio_clipok/05_PM53_4ok/05_PM53_4_1ok.wav,214.8,215.3
CleanCorpus/InterviewTaskok/audio_clipok/05_PM53_4ok/05_PM53_4_1ok.wav,216.81,217.11
CleanCorpus/InterviewTaskok/audio_clipok/05_PM53_4ok/05_PM53_4_1ok.wav,217.3,217.81
CleanCorpus/InterviewTaskok/audio_clipok/05_PM53_4ok/05_PM53_4_1ok.wav,223.33,223.61
CleanCorpus/InterviewTaskok/audio_clipok/05_PM53_4ok/05_PM53_4_1ok.wav,225.9,226.19
CleanCorpus/InterviewTaskok/audio_clipok/05_PM53_4ok/05_PM53_4_1ok.wav,230.37,231.24
CleanCorpus/InterviewTaskok/audio_clipok/05_PM53_4ok/05_PM53_4_1ok.wav,240.13,240.5
CleanCorpus/InterviewTaskok/audio_clipok/05_PM53_4ok/05_PM53_4_1ok.wav,241.84,242.17
CleanCorpus/InterviewTaskok/audio_clipok/05_PM53_4ok/05_PM53_4_1ok.wav,254.02,255.17
CleanCorpus/InterviewTaskok/audio_clipok/05_PM53_4ok/05_PM53_4_1ok.wav,261.79,262.38
CleanCorpus/InterviewTaskok/audio_clipok/05_PM53_4ok/05_PM53_4_1ok.wav,265.93,266.15
CleanCorpus/InterviewTaskok/audio_clipok/05_PM53_4ok/05_PM53_4_1ok.wav,267.94,268.85
CleanCorpus/InterviewTaskok/audio_clipok/05_PM53_4ok/05_PM53_4_1ok.wav,279.6,279.8
CleanCorpus/InterviewTaskok/audio_clipok/05_PM53_4ok/05_PM53_4_1ok.wav,281.25,281.82
CleanCorpus/InterviewTaskok/audio_clipok/05_PM53_4ok/05_PM53_4_1ok.wav,293.42,293.76
CleanCorpus/InterviewTaskok/audio_clipok/05_PM53_4ok/05_PM53_4_1ok.wav,300.23,300.66
CleanCorpus/InterviewTaskok/audio_clipok/05_PM53_4ok/05_PM53_4_1ok.wav,301.95,302.73
CleanCorpus/InterviewTaskok/audio_clipok/05_PM53_4ok/05_PM53_4_1ok.wav,304.72,304.93
CleanCorpus/InterviewTaskok/audio_clipok/05_PM53_4ok/05_PM53_4_1ok.wav,307.14,307.52
CleanCorpus/InterviewTaskok/audio_clipok/05_PM53_4ok/05_PM53_4_1ok.wav,319.52,320.27
CleanCorpus/InterviewTaskok/audio_clipok/05_PM53_4ok/05_PM53_4_1ok.wav,332.13,332.36
CleanCorpus/InterviewTaskok/audio_clipok/05_PM53_4ok/05_PM53_4_1ok.wav,333.6,334.05
CleanCorpus/InterviewTaskok/audio_clipok/05_PM53_4ok/05_PM53_4_1ok.wav,352.49,352.86
CleanCorpus/InterviewTaskok/audio_clipok/05_PM53_4ok/05_PM53_4_1ok.wav,356.49,356.84
CleanCorpus/InterviewTaskok/audio_clipok/05_PM53_4ok/05_PM53_4_1ok.wav,359.93,360.32
CleanCorpus/InterviewTaskok/audio_clipok/05_PM53_4ok/05_PM53_4_1ok.wav,367.85,368.15
CleanCorpus/InterviewTaskok/audio_clipok/05_PM53_4ok/05_PM53_4_1ok.wav,384.33,384.97
CleanCorpus/InterviewTaskok/audio_clipok/05_PM53_4ok/05_PM53_4_1ok.wav,392.18,392.53
CleanCorpus/InterviewTaskok/audio_clipok/05_PM53_4ok/05_PM53_4_1ok.wav,395.86,396.27
CleanCorpus/InterviewTaskok/audio_clipok/05_PM53_4ok/05_PM53_4_1ok.wav,396.3,396.66
CleanCorpus/InterviewTaskok/audio_clipok/05_PM53_4ok/05_PM53_4_1ok.wav,401.86,402.13
CleanCorpus/InterviewTaskok/audio_clipok/05_PM53_4ok/05_PM53_4_1ok.wav,409.46,409.75
CleanCorpus/InterviewTaskok/audio_clipok/05_PM53_4ok/05_PM53_4_1ok.wav,414.42,414.71
CleanCorpus/InterviewTaskok/audio_clipok/05_PM53_4ok/05_PM53_4_1ok.wav,418.87,419.54
CleanCorpus/InterviewTaskok/audio_clipok/05_PM53_4ok/05_PM53_4_1ok.wav,422.97,423.7
CleanCorpus/InterviewTaskok/audio_clipok/05_PM53_4ok/05_PM53_4_1ok.wav,429.13,429.43
CleanCorpus/InterviewTaskok/audio_clipok/05_PM53_4ok/05_PM53_4_1ok.wav,433.68,433.97
CleanCorpus/InterviewTaskok/audio_clipok/05_PM53_4ok/05_PM53_4_1ok.wav,435.61,435.88
CleanCorpus/InterviewTaskok/audio_clipok/05_PM53_4ok/05_PM53_4_1ok.wav,440.1,440.31
CleanCorpus/InterviewTaskok/audio_clipok/05_PM53_4ok/05_PM53_4_1ok.wav,444.59,444.81
CleanCorpus/InterviewTaskok/audio_clipok/05_PM53_4ok/05_PM53_4_1ok.wav,451.64,452.11
CleanCorpus/InterviewTaskok/audio_clipok/05_PM53_4ok/05_PM53_4_1ok.wav,464.07,464.59
CleanCorpus/InterviewTaskok/audio_clipok/05_PM53_4ok/05_PM53_4_1ok.wav,476.92,477.38
CleanCorpus/InterviewTaskok/audio_clipok/05_PM53_4ok/05_PM53_4_1ok.wav,478.4,479.23
CleanCorpus/InterviewTaskok/audio_clipok/05_PM53_4ok/05_PM53_4_1ok.wav,486.08,486.73
CleanCorpus/InterviewTaskok/audio_clipok/05_PM53_4ok/05_PM53_4_1ok.wav,499.25,499.87
CleanCorpus/InterviewTaskok/audio_clipok/05_PM53_4ok/05_PM53_4_1ok.wav,499.98,500.64
CleanCorpus/InterviewTaskok/audio_clipok/05_PM53_4ok/05_PM53_4_1ok.wav,506.87,507.19
CleanCorpus/InterviewTaskok/audio_clipok/05_PM53_4ok/05_PM53_4_1ok.wav,511.19,511.39
CleanCorpus/InterviewTaskok/audio_clipok/05_PM53_4ok/05_PM53_4_1ok.wav,511.63,511.86
CleanCorpus/InterviewTaskok/audio_clipok/05_PM53_4ok/05_PM53_4_1ok.wav,515.4,515.71
CleanCorpus/InterviewTaskok/audio_clipok/05_PM53_4ok/05_PM53_4_1ok.wav,525.83,526.28
CleanCorpus/InterviewTaskok/audio_clipok/05_PM53_4ok/05_PM53_4_1ok.wav,529.14,529.72
CleanCorpus/InterviewTaskok/audio_clipok/50_CF46_2ok/50_CF46_2_16ok.wav,8.16,8.76
CleanCorpus/InterviewTaskok/audio_clipok/50_CF46_2ok/50_CF46_2_16ok.wav,10.44,11.06
CleanCorpus/InterviewTaskok/audio_clipok/50_CF46_2ok/50_CF46_2_16ok.wav,15.65,16.43
CleanCorpus/InterviewTaskok/audio_clipok/50_CF46_2ok/50_CF46_2_16ok.wav,19.82,20.07
CleanCorpus/InterviewTaskok/audio_clipok/50_CF46_2ok/50_CF46_2_16ok.wav,25.61,26.01
CleanCorpus/InterviewTaskok/audio_clipok/50_CF46_2ok/50_CF46_2_16ok.wav,29.99,30.46
CleanCorpus/InterviewTaskok/audio_clipok/50_CF46_2ok/50_CF46_2_16ok.wav,33.64,34.07
CleanCorpus/InterviewTaskok/audio_clipok/50_CF46_2ok/50_CF46_2_16ok.wav,38.35,39.41
CleanCorpus/InterviewTaskok/audio_clipok/50_CF46_2ok/50_CF46_2_2ok.wav,8.55,9.14
CleanCorpus/InterviewTaskok/audio_clipok/50_CF46_2ok/50_CF46_2_2ok.wav,12.5,12.9
CleanCorpus/InterviewTaskok/audio_clipok/50_CF46_2ok/50_CF46_2_2ok.wav,14.1,14.61
CleanCorpus/InterviewTaskok/audio_clipok/50_CF46_2ok/50_CF46_2_8ok.wav,0.86,1.14
CleanCorpus/InterviewTaskok/audio_clipok/50_CF46_2ok/50_CF46_2_8ok.wav,2.25,2.7
CleanCorpus/InterviewTaskok/audio_clipok/50_CF46_2ok/50_CF46_2_8ok.wav,4.54,4.75
CleanCorpus/InterviewTaskok/audio_clipok/50_CF46_2ok/50_CF46_2_8ok.wav,6.89,8.02
CleanCorpus/InterviewTaskok/audio_clipok/50_CF46_2ok/50_CF46_2_4ok.wav,4.49,4.82
CleanCorpus/InterviewTaskok/audio_clipok/50_CF46_2ok/50_CF46_2_1ok.wav,2.41,2.79
CleanCorpus/InterviewTaskok/audio_clipok/50_CF46_2ok/50_CF46_2_1ok.wav,7.54,8.17
CleanCorpus/InterviewTaskok/audio_clipok/50_CF46_2ok/50_CF46_2_1ok.wav,9.23,9.71
CleanCorpus/InterviewTaskok/audio_clipok/50_CF46_2ok/50_CF46_2_9ok.wav,6.85,7.25
CleanCorpus/InterviewTaskok/audio_clipok/50_CF46_2ok/50_CF46_2_3ok.wav,6.26,6.81
CleanCorpus/InterviewTaskok/audio_clipok/50_CF46_2ok/50_CF46_2_7ok.wav,1.52,1.9
CleanCorpus/InterviewTaskok/audio_clipok/50_CF46_2ok/50_CF46_2_12ok.wav,0.08,0.47
CleanCorpus/InterviewTaskok/audio_clipok/50_CF46_2ok/50_CF46_2_12ok.wav,2.54,3.31
CleanCorpus/InterviewTaskok/audio_clipok/50_CF46_2ok/50_CF46_2_12ok.wav,4.52,4.85
CleanCorpus/InterviewTaskok/audio_clipok/50_CF46_2ok/50_CF46_2_12ok.wav,6.28,6.9
CleanCorpus/InterviewTaskok/audio_clipok/50_CF46_2ok/50_CF46_2_5ok.wav,1.84,2.26
CleanCorpus/InterviewTaskok/audio_clipok/50_CF46_2ok/50_CF46_2_5ok.wav,8.29,8.64
CleanCorpus/InterviewTaskok/audio_clipok/50_CF46_2ok/50_CF46_2_5ok.wav,12.15,12.51
CleanCorpus/InterviewTaskok/audio_clipok/50_CF46_2ok/50_CF46_2_11ok.wav,5.32,5.62
CleanCorpus/InterviewTaskok/audio_clipok/50_CF46_2ok/50_CF46_2_11ok.wav,9.54,10.14
CleanCorpus/InterviewTaskok/audio_clipok/50_CF46_2ok/50_CF46_2_11ok.wav,11.1,11.56
CleanCorpus/InterviewTaskok/audio_clipok/50_CF46_2ok/50_CF46_2_11ok.wav,12.89,13.57
CleanCorpus/InterviewTaskok/audio_clipok/50_CF46_2ok/50_CF46_2_11ok.wav,19.17,19.76
CleanCorpus/InterviewTaskok/audio_clipok/50_CF46_2ok/50_CF46_2_13ok.wav,1.87,2.33
CleanCorpus/InterviewTaskok/audio_clipok/20_PM43_2ok/20_PM43_2_7ok.wav,2.53,4.0
CleanCorpus/InterviewTaskok/audio_clipok/20_PM43_2ok/20_PM43_2_7ok.wav,7.92,9.26
CleanCorpus/InterviewTaskok/audio_clipok/20_PM43_2ok/20_PM43_2_7ok.wav,12.6,13.23
CleanCorpus/InterviewTaskok/audio_clipok/20_PM43_2ok/20_PM43_2_7ok.wav,16.12,16.79
CleanCorpus/InterviewTaskok/audio_clipok/20_PM43_2ok/20_PM43_2_7ok.wav,19.24,19.87
CleanCorpus/InterviewTaskok/audio_clipok/20_PM43_2ok/20_PM43_2_2ok.wav,6.02,7.13
CleanCorpus/InterviewTaskok/audio_clipok/20_PM43_2ok/20_PM43_2_1ok.wav,4.67,5.99
CleanCorpus/InterviewTaskok/audio_clipok/20_PM43_2ok/20_PM43_2_1ok.wav,8.85,9.74
CleanCorpus/InterviewTaskok/audio_clipok/20_PM43_2ok/20_PM43_2_1ok.wav,13.32,14.61
CleanCorpus/InterviewTaskok/audio_clipok/20_PM43_2ok/20_PM43_2_1ok.wav,19.01,19.61
CleanCorpus/InterviewTaskok/audio_clipok/20_PM43_2ok/20_PM43_2_1ok.wav,20.92,21.86
CleanCorpus/InterviewTaskok/audio_clipok/20_PM43_2ok/20_PM43_2_1ok.wav,24.02,24.64
CleanCorpus/InterviewTaskok/audio_clipok/20_PM43_2ok/20_PM43_2_1ok.wav,27.55,28.58
CleanCorpus/InterviewTaskok/audio_clipok/20_PM43_2ok/20_PM43_2_1ok.wav,30.56,31.66
CleanCorpus/InterviewTaskok/audio_clipok/20_PM43_2ok/20_PM43_2_1ok.wav,33.85,34.76
CleanCorpus/InterviewTaskok/audio_clipok/20_PM43_2ok/20_PM43_2_1ok.wav,36.83,37.47
CleanCorpus/InterviewTaskok/audio_clipok/20_PM43_2ok/20_PM43_2_6ok.wav,1.42,1.7
CleanCorpus/InterviewTaskok/audio_clipok/19_CF62_4ok/19_CF62_4_2ok.wav,6.04,6.35
CleanCorpus/InterviewTaskok/audio_clipok/19_CF62_4ok/19_CF62_4_2ok.wav,7.09,7.55
CleanCorpus/InterviewTaskok/audio_clipok/19_CF62_4ok/19_CF62_4_2ok.wav,16.18,16.46
CleanCorpus/InterviewTaskok/audio_clipok/19_CF62_4ok/19_CF62_4_2ok.wav,23.2,23.41
CleanCorpus/InterviewTaskok/audio_clipok/19_CF62_4ok/19_CF62_4_2ok.wav,23.98,24.56
CleanCorpus/InterviewTaskok/audio_clipok/19_CF62_4ok/19_CF62_4_2ok.wav,28.58,28.79
CleanCorpus/InterviewTaskok/audio_clipok/19_CF62_4ok/19_CF62_4_2ok.wav,31.19,31.78
CleanCorpus/InterviewTaskok/audio_clipok/19_CF62_4ok/19_CF62_4_2ok.wav,32.39,32.72
CleanCorpus/InterviewTaskok/audio_clipok/19_CF62_4ok/19_CF62_4_2ok.wav,36.68,36.95
CleanCorpus/InterviewTaskok/audio_clipok/19_CF62_4ok/19_CF62_4_2ok.wav,37.29,37.83
CleanCorpus/InterviewTaskok/audio_clipok/19_CF62_4ok/19_CF62_4_2ok.wav,43.56,43.86
CleanCorpus/InterviewTaskok/audio_clipok/19_CF62_4ok/19_CF62_4_2ok.wav,48.17,48.68
CleanCorpus/InterviewTaskok/audio_clipok/19_CF62_4ok/19_CF62_4_3ok.wav,8.42,8.81
CleanCorpus/InterviewTaskok/audio_clipok/19_CF62_4ok/19_CF62_4_3ok.wav,10.01,10.49
CleanCorpus/InterviewTaskok/audio_clipok/19_CF62_4ok/19_CF62_4_3ok.wav,14.82,15.16
CleanCorpus/InterviewTaskok/audio_clipok/19_CF62_4ok/19_CF62_4_3ok.wav,18.58,19.15
CleanCorpus/InterviewTaskok/audio_clipok/19_CF62_4ok/19_CF62_4_3ok.wav,19.76,20.07
CleanCorpus/InterviewTaskok/audio_clipok/19_CF62_4ok/19_CF62_4_3ok.wav,24.44,24.96
CleanCorpus/InterviewTaskok/audio_clipok/19_CF62_4ok/19_CF62_4_3ok.wav,29.84,30.22
CleanCorpus/InterviewTaskok/audio_clipok/19_CF62_4ok/19_CF62_4_3ok.wav,34.35,34.87
CleanCorpus/InterviewTaskok/audio_clipok/19_CF62_4ok/19_CF62_4_3ok.wav,42.23,42.73
CleanCorpus/InterviewTaskok/audio_clipok/19_CF62_4ok/19_CF62_4_3ok.wav,45.21,45.77
CleanCorpus/InterviewTaskok/audio_clipok/19_CF62_4ok/19_CF62_4_3ok.wav,49.65,49.9
CleanCorpus/InterviewTaskok/audio_clipok/19_CF62_4ok/19_CF62_4_3ok.wav,53.99,54.29
CleanCorpus/InterviewTaskok/audio_clipok/19_CF62_4ok/19_CF62_4_3ok.wav,60.19,60.4
CleanCorpus/InterviewTaskok/audio_clipok/19_CF62_4ok/19_CF62_4_3ok.wav,62.96,63.42
CleanCorpus/InterviewTaskok/audio_clipok/19_CF62_4ok/19_CF62_4_3ok.wav,67.88,68.18
CleanCorpus/InterviewTaskok/audio_clipok/19_CF62_4ok/19_CF62_4_3ok.wav,69.3,69.56
CleanCorpus/InterviewTaskok/audio_clipok/19_CF62_4ok/19_CF62_4_3ok.wav,69.99,70.81
CleanCorpus/InterviewTaskok/audio_clipok/19_CF62_4ok/19_CF62_4_3ok.wav,72.68,73.64
CleanCorpus/InterviewTaskok/audio_clipok/19_CF62_4ok/19_CF62_4_1ok.wav,6.42,6.64
CleanCorpus/InterviewTaskok/audio_clipok/19_CF62_4ok/19_CF62_4_1ok.wav,33.84,34.05
CleanCorpus/InterviewTaskok/audio_clipok/19_CF62_4ok/19_CF62_4_1ok.wav,36.81,37.77
CleanCorpus/InterviewTaskok/audio_clipok/19_CF62_4ok/19_CF62_4_1ok.wav,44.78,44.99
CleanCorpus/InterviewTaskok/audio_clipok/19_CF62_4ok/19_CF62_4_1ok.wav,45.95,46.2
CleanCorpus/InterviewTaskok/audio_clipok/19_CF62_4ok/19_CF62_4_1ok.wav,55.83,56.17
CleanCorpus/InterviewTaskok/audio_clipok/19_CF62_4ok/19_CF62_4_1ok.wav,58.03,58.43
CleanCorpus/InterviewTaskok/audio_clipok/19_CF62_4ok/19_CF62_4_1ok.wav,59.26,59.92
CleanCorpus/InterviewTaskok/audio_clipok/19_CF62_4ok/19_CF62_4_1ok.wav,61.54,62.58
CleanCorpus/InterviewTaskok/audio_clipok/19_CF62_4ok/19_CF62_4_1ok.wav,65.7,65.91
CleanCorpus/InterviewTaskok/audio_clipok/19_CF62_4ok/19_CF62_4_1ok.wav,72.03,72.42
CleanCorpus/InterviewTaskok/audio_clipok/19_CF62_4ok/19_CF62_4_1ok.wav,81.31,81.63
CleanCorpus/InterviewTaskok/audio_clipok/19_CF62_4ok/19_CF62_4_1ok.wav,84.96,85.65
CleanCorpus/InterviewTaskok/audio_clipok/19_CF62_4ok/19_CF62_4_1ok.wav,86.19,86.46
CleanCorpus/InterviewTaskok/audio_clipok/19_CF62_4ok/19_CF62_4_1ok.wav,86.55,86.9
CleanCorpus/InterviewTaskok/audio_clipok/19_CF62_4ok/19_CF62_4_1ok.wav,88.94,89.58
CleanCorpus/InterviewTaskok/audio_clipok/19_CF62_4ok/19_CF62_4_1ok.wav,92.14,92.67
CleanCorpus/InterviewTaskok/audio_clipok/05_CF41_3ok/05_CF41_3_5ok.wav,2.18,2.67
CleanCorpus/InterviewTaskok/audio_clipok/05_CF41_3ok/05_CF41_3_5ok.wav,19.54,20.83
CleanCorpus/InterviewTaskok/audio_clipok/05_CF41_3ok/05_CF41_3_11ok.wav,5.71,6.28
CleanCorpus/InterviewTaskok/audio_clipok/05_CF41_3ok/05_CF41_3_11ok.wav,8.51,8.88
CleanCorpus/InterviewTaskok/audio_clipok/05_CF41_3ok/05_CF41_3_11ok.wav,13.8,14.36
CleanCorpus/InterviewTaskok/audio_clipok/05_CF41_3ok/05_CF41_3_11ok.wav,19.77,20.15
CleanCorpus/InterviewTaskok/audio_clipok/05_CF41_3ok/05_CF41_3_11ok.wav,25.87,26.08
CleanCorpus/InterviewTaskok/audio_clipok/05_CF41_3ok/05_CF41_3_8ok.wav,1.3,2.33
CleanCorpus/InterviewTaskok/audio_clipok/05_CF41_3ok/05_CF41_3_8ok.wav,4.55,4.9
CleanCorpus/InterviewTaskok/audio_clipok/05_CF41_3ok/05_CF41_3_8ok.wav,6.51,6.76
CleanCorpus/InterviewTaskok/audio_clipok/05_CF41_3ok/05_CF41_3_8ok.wav,11.73,12.26
CleanCorpus/InterviewTaskok/audio_clipok/05_CF41_3ok/05_CF41_3_8ok.wav,14.34,14.75
CleanCorpus/InterviewTaskok/audio_clipok/05_CF41_3ok/05_CF41_3_8ok.wav,16.2,16.46
CleanCorpus/InterviewTaskok/audio_clipok/05_CF41_3ok/05_CF41_3_1ok.wav,3.29,3.81
CleanCorpus/InterviewTaskok/audio_clipok/05_CF41_3ok/05_CF41_3_7ok.wav,1.95,2.29
CleanCorpus/InterviewTaskok/audio_clipok/05_CF41_3ok/05_CF41_3_7ok.wav,5.0,5.41
CleanCorpus/InterviewTaskok/audio_clipok/05_CF41_3ok/05_CF41_3_10ok.wav,4.69,5.32
CleanCorpus/InterviewTaskok/audio_clipok/05_CF41_3ok/05_CF41_3_10ok.wav,6.97,7.57
CleanCorpus/InterviewTaskok/audio_clipok/05_CF41_3ok/05_CF41_3_10ok.wav,14.14,14.7
CleanCorpus/InterviewTaskok/audio_clipok/07_CF50_2ok/07_CF50_2_3ok.wav,1.38,1.76
CleanCorpus/InterviewTaskok/audio_clipok/07_CF50_2ok/07_CF50_2_3ok.wav,5.79,6.33
CleanCorpus/InterviewTaskok/audio_clipok/07_CF50_2ok/07_CF50_2_3ok.wav,12.94,13.39
CleanCorpus/InterviewTaskok/audio_clipok/07_CF50_2ok/07_CF50_2_3ok.wav,14.43,14.64
CleanCorpus/InterviewTaskok/audio_clipok/07_CF50_2ok/07_CF50_2_6ok.wav,14.08,14.5
CleanCorpus/InterviewTaskok/audio_clipok/07_CF50_2ok/07_CF50_2_6ok.wav,19.96,20.36
CleanCorpus/InterviewTaskok/audio_clipok/07_CF50_2ok/07_CF50_2_6ok.wav,25.07,25.32
CleanCorpus/InterviewTaskok/audio_clipok/07_CF50_2ok/07_CF50_2_6ok.wav,32.83,33.17
CleanCorpus/InterviewTaskok/audio_clipok/07_CF50_2ok/07_CF50_2_6ok.wav,37.26,37.75
CleanCorpus/InterviewTaskok/audio_clipok/07_CF50_2ok/07_CF50_2_6ok.wav,45.82,46.38
CleanCorpus/InterviewTaskok/audio_clipok/07_CF50_2ok/07_CF50_2_1ok.wav,0.39,0.63
CleanCorpus/InterviewTaskok/audio_clipok/07_CF50_2ok/07_CF50_2_1ok.wav,8.99,9.47
CleanCorpus/InterviewTaskok/audio_clipok/07_CF50_2ok/07_CF50_2_1ok.wav,30.57,30.94
CleanCorpus/InterviewTaskok/audio_clipok/07_CF50_2ok/07_CF50_2_1ok.wav,32.53,33.02
CleanCorpus/InterviewTaskok/audio_clipok/07_CF50_2ok/07_CF50_2_1ok.wav,38.23,38.48
CleanCorpus/InterviewTaskok/audio_clipok/07_CF50_2ok/07_CF50_2_8ok.wav,4.32,4.72
CleanCorpus/InterviewTaskok/audio_clipok/07_CF50_2ok/07_CF50_2_8ok.wav,12.28,12.51
CleanCorpus/InterviewTaskok/audio_clipok/07_CF50_2ok/07_CF50_2_8ok.wav,13.44,13.86
CleanCorpus/InterviewTaskok/audio_clipok/07_CF50_2ok/07_CF50_2_8ok.wav,15.01,15.45
CleanCorpus/InterviewTaskok/audio_clipok/07_CF50_2ok/07_CF50_2_8ok.wav,18.8,19.1
CleanCorpus/InterviewTaskok/audio_clipok/07_CF50_2ok/07_CF50_2_8ok.wav,23.15,23.57
CleanCorpus/InterviewTaskok/audio_clipok/07_CF50_2ok/07_CF50_2_8ok.wav,28.7,29.28
CleanCorpus/InterviewTaskok/audio_clipok/07_CF50_2ok/07_CF50_2_8ok.wav,30.12,30.57
CleanCorpus/InterviewTaskok/audio_clipok/07_CF50_2ok/07_CF50_2_5ok.wav,8.74,9.04
CleanCorpus/InterviewTaskok/audio_clipok/07_CF50_2ok/07_CF50_2_5ok.wav,23.2,23.49
CleanCorpus/InterviewTaskok/audio_clipok/07_CF50_2ok/07_CF50_2_2ok.wav,2.38,2.89
CleanCorpus/InterviewTaskok/audio_clipok/07_CF50_2ok/07_CF50_2_2ok.wav,6.45,7.07
CleanCorpus/InterviewTaskok/audio_clipok/07_CF50_2ok/07_CF50_2_2ok.wav,7.52,7.72
CleanCorpus/InterviewTaskok/audio_clipok/07_CF50_2ok/07_CF50_2_2ok.wav,10.06,11.92
CleanCorpus/InterviewTaskok/audio_clipok/07_CF50_2ok/07_CF50_2_2ok.wav,15.22,15.52
CleanCorpus/InterviewTaskok/audio_clipok/32_PF51_2ok/32_PF51_2_3ok.wav,3.97,4.37
CleanCorpus/InterviewTaskok/audio_clipok/32_PF51_2ok/32_PF51_2_3ok.wav,5.43,7.22
CleanCorpus/InterviewTaskok/audio_clipok/32_PF51_2ok/32_PF51_2_3ok.wav,10.87,11.18
CleanCorpus/InterviewTaskok/audio_clipok/32_PF51_2ok/32_PF51_2_3ok.wav,14.66,15.24
CleanCorpus/InterviewTaskok/audio_clipok/32_PF51_2ok/32_PF51_2_2ok.wav,3.98,4.94
CleanCorpus/InterviewTaskok/audio_clipok/32_PF51_2ok/32_PF51_2_2ok.wav,7.22,7.85
CleanCorpus/InterviewTaskok/audio_clipok/32_PF51_2ok/32_PF51_2_1ok.wav,1.96,3.33
CleanCorpus/InterviewTaskok/audio_clipok/32_PF51_2ok/32_PF51_2_1ok.wav,5.64,6.48
CleanCorpus/InterviewTaskok/audio_clipok/32_PF51_2ok/32_PF51_2_1ok.wav,11.61,12.22
CleanCorpus/InterviewTaskok/audio_clipok/32_PF51_2ok/32_PF51_2_1ok.wav,13.63,14.05
CleanCorpus/InterviewTaskok/audio_clipok/32_PF51_2ok/32_PF51_2_1ok.wav,15.71,16.49
CleanCorpus/InterviewTaskok/audio_clipok/32_PF51_2ok/32_PF51_2_1ok.wav,19.77,20.4
CleanCorpus/InterviewTaskok/audio_clipok/32_PF51_2ok/32_PF51_2_1ok.wav,22.13,23.0
CleanCorpus/InterviewTaskok/audio_clipok/32_PF51_2ok/32_PF51_2_1ok.wav,24.46,25.02
CleanCorpus/InterviewTaskok/audio_clipok/32_PF51_2ok/32_PF51_2_1ok.wav,27.68,28.37
CleanCorpus/InterviewTaskok/audio_clipok/32_PF51_2ok/32_PF51_2_1ok.wav,30.07,31.31
CleanCorpus/InterviewTaskok/audio_clipok/33_PM19_3ok/33_PM19_3_7ok.wav,1.09,1.43
CleanCorpus/InterviewTaskok/audio_clipok/33_PM19_3ok/33_PM19_3_1ok.wav,0.62,0.84
CleanCorpus/InterviewTaskok/audio_clipok/33_PM19_3ok/33_PM19_3_1ok.wav,7.24,7.72
CleanCorpus/InterviewTaskok/audio_clipok/33_PM19_3ok/33_PM19_3_1ok.wav,10.11,10.46
CleanCorpus/InterviewTaskok/audio_clipok/33_PM19_3ok/33_PM19_3_1ok.wav,15.04,15.37
CleanCorpus/InterviewTaskok/audio_clipok/33_PM19_3ok/33_PM19_3_1ok.wav,20.81,21.85
CleanCorpus/InterviewTaskok/audio_clipok/33_PM19_3ok/33_PM19_3_1ok.wav,22.71,23.33
CleanCorpus/InterviewTaskok/audio_clipok/33_PM19_3ok/33_PM19_3_1ok.wav,24.54,25.46
CleanCorpus/InterviewTaskok/audio_clipok/33_PM19_3ok/33_PM19_3_1ok.wav,36.48,37.08
CleanCorpus/InterviewTaskok/audio_clipok/33_PM19_3ok/33_PM19_3_1ok.wav,40.17,41.48
CleanCorpus/InterviewTaskok/audio_clipok/33_PM19_3ok/33_PM19_3_6ok.wav,3.33,3.75
CleanCorpus/InterviewTaskok/audio_clipok/33_PM19_3ok/33_PM19_3_6ok.wav,5.0,5.38
CleanCorpus/InterviewTaskok/audio_clipok/33_PM19_3ok/33_PM19_3_6ok.wav,9.8,10.18
CleanCorpus/InterviewTaskok/audio_clipok/33_PM19_3ok/33_PM19_3_6ok.wav,11.78,11.98
CleanCorpus/InterviewTaskok/audio_clipok/33_PM19_3ok/33_PM19_3_6ok.wav,13.61,13.9
CleanCorpus/InterviewTaskok/audio_clipok/33_PM19_3ok/33_PM19_3_6ok.wav,14.81,15.19
CleanCorpus/InterviewTaskok/audio_clipok/33_PM19_3ok/33_PM19_3_6ok.wav,21.46,21.89
CleanCorpus/InterviewTaskok/audio_clipok/33_PM19_3ok/33_PM19_3_6ok.wav,23.4,23.89
CleanCorpus/InterviewTaskok/audio_clipok/33_PM19_3ok/33_PM19_3_6ok.wav,32.26,33.18
CleanCorpus/InterviewTaskok/audio_clipok/33_PM19_3ok/33_PM19_3_6ok.wav,36.46,36.78
CleanCorpus/InterviewTaskok/audio_clipok/33_PM19_3ok/33_PM19_3_6ok.wav,38.77,39.09
CleanCorpus/InterviewTaskok/audio_clipok/33_PM19_3ok/33_PM19_3_2ok.wav,2.35,3.33
CleanCorpus/InterviewTaskok/audio_clipok/33_PM19_3ok/33_PM19_3_2ok.wav,14.46,14.77
CleanCorpus/InterviewTaskok/audio_clipok/33_PM19_3ok/33_PM19_3_4ok.wav,7.16,7.37
CleanCorpus/InterviewTaskok/audio_clipok/16_PF52_3ok/16_PF52_3_1ok.wav,5.01,5.38
CleanCorpus/InterviewTaskok/audio_clipok/16_PF52_3ok/16_PF52_3_1ok.wav,8.37,9.19
CleanCorpus/InterviewTaskok/audio_clipok/16_PF52_3ok/16_PF52_3_1ok.wav,11.74,12.45
CleanCorpus/InterviewTaskok/audio_clipok/16_PF52_3ok/16_PF52_3_1ok.wav,15.35,16.02
CleanCorpus/InterviewTaskok/audio_clipok/16_PF52_3ok/16_PF52_3_1ok.wav,18.64,18.96
CleanCorpus/InterviewTaskok/audio_clipok/16_PF52_3ok/16_PF52_3_1ok.wav,20.53,21.82
CleanCorpus/InterviewTaskok/audio_clipok/16_PF52_3ok/16_PF52_3_1ok.wav,28.15,28.57
CleanCorpus/InterviewTaskok/audio_clipok/16_PF52_3ok/16_PF52_3_1ok.wav,29.03,30.21
CleanCorpus/InterviewTaskok/audio_clipok/16_PF52_3ok/16_PF52_3_3ok.wav,1.81,2.09
CleanCorpus/InterviewTaskok/audio_clipok/16_PF52_3ok/16_PF52_3_3ok.wav,6.66,7.05
CleanCorpus/InterviewTaskok/audio_clipok/16_PF52_3ok/16_PF52_3_3ok.wav,11.04,12.15
CleanCorpus/InterviewTaskok/audio_clipok/16_PF52_3ok/16_PF52_3_3ok.wav,15.15,16.46
CleanCorpus/InterviewTaskok/audio_clipok/16_PF52_3ok/16_PF52_3_3ok.wav,18.4,19.3
CleanCorpus/InterviewTaskok/audio_clipok/16_PF52_3ok/16_PF52_3_3ok.wav,26.4,26.9
CleanCorpus/InterviewTaskok/audio_clipok/16_PF52_3ok/16_PF52_3_3ok.wav,29.62,30.41
CleanCorpus/InterviewTaskok/audio_clipok/16_PF52_3ok/16_PF52_3_3ok.wav,32.58,33.05
CleanCorpus/InterviewTaskok/audio_clipok/16_PF52_3ok/16_PF52_3_3ok.wav,34.28,34.69
CleanCorpus/InterviewTaskok/audio_clipok/16_PF52_3ok/16_PF52_3_2ok.wav,1.29,1.71
CleanCorpus/InterviewTaskok/audio_clipok/16_PF52_3ok/16_PF52_3_2ok.wav,3.61,4.89
CleanCorpus/InterviewTaskok/audio_clipok/16_PF52_3ok/16_PF52_3_2ok.wav,6.54,6.91
CleanCorpus/InterviewTaskok/audio_clipok/16_PF52_3ok/16_PF52_3_2ok.wav,11.54,12.46
CleanCorpus/InterviewTaskok/audio_clipok/16_PF52_3ok/16_PF52_3_2ok.wav,14.43,14.83
CleanCorpus/InterviewTaskok/audio_clipok/29_PF42_3ok/29_PF42_3_1ok.wav,4.78,5.23
CleanCorpus/InterviewTaskok/audio_clipok/29_PF42_3ok/29_PF42_3_1ok.wav,9.92,10.32
CleanCorpus/InterviewTaskok/audio_clipok/29_PF42_3ok/29_PF42_3_1ok.wav,15.15,15.54
CleanCorpus/InterviewTaskok/audio_clipok/29_PF42_3ok/29_PF42_3_1ok.wav,18.06,18.37
CleanCorpus/InterviewTaskok/audio_clipok/29_PF42_3ok/29_PF42_3_1ok.wav,23.77,24.06
CleanCorpus/InterviewTaskok/audio_clipok/29_PF42_3ok/29_PF42_3_1ok.wav,24.36,24.61
CleanCorpus/InterviewTaskok/audio_clipok/29_PF42_3ok/29_PF42_3_1ok.wav,33.51,34.07
CleanCorpus/InterviewTaskok/audio_clipok/29_PF42_3ok/29_PF42_3_1ok.wav,35.31,35.96
CleanCorpus/InterviewTaskok/audio_clipok/29_PF42_3ok/29_PF42_3_1ok.wav,37.57,38.1
CleanCorpus/InterviewTaskok/audio_clipok/29_PF42_3ok/29_PF42_3_1ok.wav,42.66,43.18
CleanCorpus/InterviewTaskok/audio_clipok/29_PF42_3ok/29_PF42_3_1ok.wav,45.46,45.85
CleanCorpus/InterviewTaskok/audio_clipok/29_PF42_3ok/29_PF42_3_1ok.wav,48.68,49.17
CleanCorpus/InterviewTaskok/audio_clipok/29_PF42_3ok/29_PF42_3_1ok.wav,53.89,54.42
CleanCorpus/InterviewTaskok/audio_clipok/29_PF42_3ok/29_PF42_3_1ok.wav,59.16,59.81
CleanCorpus/InterviewTaskok/audio_clipok/29_PF42_3ok/29_PF42_3_1ok.wav,64.79,65.59
CleanCorpus/InterviewTaskok/audio_clipok/29_PF42_3ok/29_PF42_3_1ok.wav,71.71,72.45
CleanCorpus/InterviewTaskok/audio_clipok/29_PF42_3ok/29_PF42_3_1ok.wav,78.26,78.64
CleanCorpus/InterviewTaskok/audio_clipok/29_PF42_3ok/29_PF42_3_1ok.wav,82.0,82.45
CleanCorpus/InterviewTaskok/audio_clipok/29_PF42_3ok/29_PF42_3_1ok.wav,86.42,86.89
CleanCorpus/InterviewTaskok/audio_clipok/29_PF42_3ok/29_PF42_3_1ok.wav,87.73,88.32
CleanCorpus/InterviewTaskok/audio_clipok/29_PF42_3ok/29_PF42_3_1ok.wav,92.5,92.94
CleanCorpus/InterviewTaskok/audio_clipok/29_PF42_3ok/29_PF42_3_1ok.wav,95.81,96.21
CleanCorpus/InterviewTaskok/audio_clipok/29_PF42_3ok/29_PF42_3_1ok.wav,101.41,101.68
CleanCorpus/InterviewTaskok/audio_clipok/29_PF42_3ok/29_PF42_3_1ok.wav,102.24,102.75
CleanCorpus/InterviewTaskok/audio_clipok/29_PF42_3ok/29_PF42_3_1ok.wav,102.8,103.2
CleanCorpus/InterviewTaskok/audio_clipok/29_PF42_3ok/29_PF42_3_1ok.wav,104.67,105.15
CleanCorpus/InterviewTaskok/audio_clipok/29_PF42_3ok/29_PF42_3_1ok.wav,113.05,113.73
CleanCorpus/InterviewTaskok/audio_clipok/29_PF42_3ok/29_PF42_3_1ok.wav,116.73,117.21
CleanCorpus/InterviewTaskok/audio_clipok/29_PF42_3ok/29_PF42_3_1ok.wav,124.82,125.34
CleanCorpus/InterviewTaskok/audio_clipok/29_PF42_3ok/29_PF42_3_1ok.wav,131.37,131.94
CleanCorpus/InterviewTaskok/audio_clipok/29_PF42_3ok/29_PF42_3_1ok.wav,135.38,135.75
CleanCorpus/InterviewTaskok/audio_clipok/29_PF42_3ok/29_PF42_3_1ok.wav,140.01,140.74
CleanCorpus/InterviewTaskok/audio_clipok/29_PF42_3ok/29_PF42_3_1ok.wav,143.26,144.54
CleanCorpus/InterviewTaskok/audio_clipok/07_PM39_4ok/07_PM39_4_2ok.wav,2.39,3.34
CleanCorpus/InterviewTaskok/audio_clipok/07_PM39_4ok/07_PM39_4_2ok.wav,4.95,5.4
CleanCorpus/InterviewTaskok/audio_clipok/07_PM39_4ok/07_PM39_4_2ok.wav,8.08,8.66
CleanCorpus/InterviewTaskok/audio_clipok/07_PM39_4ok/07_PM39_4_2ok.wav,12.98,13.49
CleanCorpus/InterviewTaskok/audio_clipok/07_PM39_4ok/07_PM39_4_2ok.wav,15.58,15.98
CleanCorpus/InterviewTaskok/audio_clipok/07_PM39_4ok/07_PM39_4_2ok.wav,18.91,19.36
CleanCorpus/InterviewTaskok/audio_clipok/07_PM39_4ok/07_PM39_4_2ok.wav,25.75,25.97
CleanCorpus/InterviewTaskok/audio_clipok/07_PM39_4ok/07_PM39_4_2ok.wav,26.53,26.86
CleanCorpus/InterviewTaskok/audio_clipok/07_PM39_4ok/07_PM39_4_2ok.wav,33.28,33.59
CleanCorpus/InterviewTaskok/audio_clipok/07_PM39_4ok/07_PM39_4_2ok.wav,38.43,38.77
CleanCorpus/InterviewTaskok/audio_clipok/07_PM39_4ok/07_PM39_4_2ok.wav,40.25,40.66
CleanCorpus/InterviewTaskok/audio_clipok/07_PM39_4ok/07_PM39_4_2ok.wav,43.87,44.57
CleanCorpus/InterviewTaskok/audio_clipok/07_PM39_4ok/07_PM39_4_2ok.wav,49.32,49.59
CleanCorpus/InterviewTaskok/audio_clipok/07_PM39_4ok/07_PM39_4_2ok.wav,54.2,54.72
CleanCorpus/InterviewTaskok/audio_clipok/07_PM39_4ok/07_PM39_4_2ok.wav,55.92,56.23
CleanCorpus/InterviewTaskok/audio_clipok/07_PM39_4ok/07_PM39_4_2ok.wav,57.62,57.87
CleanCorpus/InterviewTaskok/audio_clipok/07_PM39_4ok/07_PM39_4_2ok.wav,59.36,59.6
CleanCorpus/InterviewTaskok/audio_clipok/07_PM39_4ok/07_PM39_4_2ok.wav,64.46,65.56
CleanCorpus/InterviewTaskok/audio_clipok/07_PM39_4ok/07_PM39_4_2ok.wav,66.73,66.97
CleanCorpus/InterviewTaskok/audio_clipok/07_PM39_4ok/07_PM39_4_2ok.wav,72.48,72.94
CleanCorpus/InterviewTaskok/audio_clipok/07_PM39_4ok/07_PM39_4_2ok.wav,75.06,75.32
CleanCorpus/InterviewTaskok/audio_clipok/07_PM39_4ok/07_PM39_4_2ok.wav,79.08,79.53
CleanCorpus/InterviewTaskok/audio_clipok/07_PM39_4ok/07_PM39_4_2ok.wav,87.29,87.56
CleanCorpus/InterviewTaskok/audio_clipok/07_PM39_4ok/07_PM39_4_2ok.wav,89.09,89.36
CleanCorpus/InterviewTaskok/audio_clipok/07_PM39_4ok/07_PM39_4_2ok.wav,91.93,92.17
CleanCorpus/InterviewTaskok/audio_clipok/07_PM39_4ok/07_PM39_4_2ok.wav,93.56,93.76
CleanCorpus/InterviewTaskok/audio_clipok/07_PM39_4ok/07_PM39_4_2ok.wav,99.16,99.48
CleanCorpus/InterviewTaskok/audio_clipok/07_PM39_4ok/07_PM39_4_2ok.wav,102.13,102.5
CleanCorpus/InterviewTaskok/audio_clipok/07_PM39_4ok/07_PM39_4_2ok.wav,107.89,108.15
CleanCorpus/InterviewTaskok/audio_clipok/07_PM39_4ok/07_PM39_4_2ok.wav,109.57,109.82
CleanCorpus/InterviewTaskok/audio_clipok/07_PM39_4ok/07_PM39_4_2ok.wav,112.99,113.64
CleanCorpus/InterviewTaskok/audio_clipok/07_PM39_4ok/07_PM39_4_2ok.wav,117.22,117.5
CleanCorpus/InterviewTaskok/audio_clipok/07_PM39_4ok/07_PM39_4_2ok.wav,119.99,120.2
CleanCorpus/InterviewTaskok/audio_clipok/07_PM39_4ok/07_PM39_4_2ok.wav,120.64,121.22
CleanCorpus/InterviewTaskok/audio_clipok/07_PM39_4ok/07_PM39_4_2ok.wav,122.7,122.9
CleanCorpus/InterviewTaskok/audio_clipok/07_PM39_4ok/07_PM39_4_2ok.wav,124.14,124.74
CleanCorpus/InterviewTaskok/audio_clipok/07_PM39_4ok/07_PM39_4_2ok.wav,128.34,129.48
CleanCorpus/InterviewTaskok/audio_clipok/07_PM39_4ok/07_PM39_4_2ok.wav,131.27,131.63
CleanCorpus/InterviewTaskok/audio_clipok/07_PM39_4ok/07_PM39_4_2ok.wav,133.53,134.18
CleanCorpus/InterviewTaskok/audio_clipok/07_PM39_4ok/07_PM39_4_2ok.wav,136.9,137.12
CleanCorpus/InterviewTaskok/audio_clipok/07_PM39_4ok/07_PM39_4_2ok.wav,138.15,138.51
CleanCorpus/InterviewTaskok/audio_clipok/07_PM39_4ok/07_PM39_4_2ok.wav,140.45,140.83
CleanCorpus/InterviewTaskok/audio_clipok/07_PM39_4ok/07_PM39_4_2ok.wav,143.43,144.59
CleanCorpus/InterviewTaskok/audio_clipok/07_PM39_4ok/07_PM39_4_2ok.wav,149.28,149.49
CleanCorpus/InterviewTaskok/audio_clipok/07_PM39_4ok/07_PM39_4_2ok.wav,152.77,153.09
CleanCorpus/InterviewTaskok/audio_clipok/07_PM39_4ok/07_PM39_4_2ok.wav,157.52,157.89
CleanCorpus/InterviewTaskok/audio_clipok/07_PM39_4ok/07_PM39_4_2ok.wav,161.27,161.79
CleanCorpus/InterviewTaskok/audio_clipok/07_PM39_4ok/07_PM39_4_1ok.wav,4.03,4.47
CleanCorpus/InterviewTaskok/audio_clipok/07_PM39_4ok/07_PM39_4_1ok.wav,5.83,6.47
CleanCorpus/InterviewTaskok/audio_clipok/07_PM39_4ok/07_PM39_4_1ok.wav,9.96,10.73
CleanCorpus/InterviewTaskok/audio_clipok/07_PM39_4ok/07_PM39_4_1ok.wav,17.26,17.94
CleanCorpus/InterviewTaskok/audio_clipok/07_PM39_4ok/07_PM39_4_1ok.wav,22.74,23.08
CleanCorpus/InterviewTaskok/audio_clipok/07_PM39_4ok/07_PM39_4_1ok.wav,26.42,26.86
CleanCorpus/InterviewTaskok/audio_clipok/07_PM39_4ok/07_PM39_4_1ok.wav,29.81,30.45
CleanCorpus/InterviewTaskok/audio_clipok/07_PM39_4ok/07_PM39_4_1ok.wav,32.43,32.65
CleanCorpus/InterviewTaskok/audio_clipok/07_PM39_4ok/07_PM39_4_1ok.wav,34.47,34.78
CleanCorpus/InterviewTaskok/audio_clipok/07_PM39_4ok/07_PM39_4_1ok.wav,40.85,41.17
CleanCorpus/InterviewTaskok/audio_clipok/07_PM39_4ok/07_PM39_4_1ok.wav,48.73,49.39
CleanCorpus/InterviewTaskok/audio_clipok/07_PM39_4ok/07_PM39_4_1ok.wav,52.68,53.22
CleanCorpus/InterviewTaskok/audio_clipok/07_PM39_4ok/07_PM39_4_1ok.wav,58.45,58.92
CleanCorpus/InterviewTaskok/audio_clipok/07_PM39_4ok/07_PM39_4_1ok.wav,61.98,62.34
CleanCorpus/InterviewTaskok/audio_clipok/07_PM39_4ok/07_PM39_4_1ok.wav,63.74,65.25
CleanCorpus/InterviewTaskok/audio_clipok/07_PM39_4ok/07_PM39_4_1ok.wav,70.34,70.65
CleanCorpus/InterviewTaskok/audio_clipok/07_PM39_4ok/07_PM39_4_1ok.wav,72.48,72.83
CleanCorpus/InterviewTaskok/audio_clipok/07_PM39_4ok/07_PM39_4_1ok.wav,74.64,75.23
CleanCorpus/InterviewTaskok/audio_clipok/07_PM39_4ok/07_PM39_4_1ok.wav,84.84,85.66
CleanCorpus/InterviewTaskok/audio_clipok/07_PM39_4ok/07_PM39_4_1ok.wav,90.24,90.59
CleanCorpus/InterviewTaskok/audio_clipok/07_PM39_4ok/07_PM39_4_1ok.wav,96.43,97.06
CleanCorpus/InterviewTaskok/audio_clipok/07_PM39_4ok/07_PM39_4_1ok.wav,103.08,103.4
CleanCorpus/InterviewTaskok/audio_clipok/07_PM39_4ok/07_PM39_4_1ok.wav,106.36,106.92
CleanCorpus/InterviewTaskok/audio_clipok/07_PM39_4ok/07_PM39_4_1ok.wav,109.33,109.94
CleanCorpus/InterviewTaskok/audio_clipok/07_PM39_4ok/07_PM39_4_1ok.wav,114.34,114.72
CleanCorpus/InterviewTaskok/audio_clipok/07_PM39_4ok/07_PM39_4_1ok.wav,118.2,118.64
CleanCorpus/InterviewTaskok/audio_clipok/07_PM39_4ok/07_PM39_4_1ok.wav,124.15,125.09
CleanCorpus/InterviewTaskok/audio_clipok/07_PM39_4ok/07_PM39_4_1ok.wav,128.88,129.55
CleanCorpus/InterviewTaskok/audio_clipok/07_PM39_4ok/07_PM39_4_1ok.wav,132.18,132.66
CleanCorpus/InterviewTaskok/audio_clipok/07_PM39_4ok/07_PM39_4_1ok.wav,134.02,134.37
CleanCorpus/InterviewTaskok/audio_clipok/07_PM39_4ok/07_PM39_4_1ok.wav,135.53,136.27
CleanCorpus/InterviewTaskok/audio_clipok/07_PM39_4ok/07_PM39_4_1ok.wav,136.76,137.3
CleanCorpus/InterviewTaskok/audio_clipok/07_PM39_4ok/07_PM39_4_1ok.wav,142.69,143.13
CleanCorpus/InterviewTaskok/audio_clipok/07_PM39_4ok/07_PM39_4_1ok.wav,146.76,147.06
CleanCorpus/InterviewTaskok/audio_clipok/07_PM39_4ok/07_PM39_4_1ok.wav,150.6,151.05
CleanCorpus/InterviewTaskok/audio_clipok/07_PM39_4ok/07_PM39_4_1ok.wav,153.32,153.83
CleanCorpus/InterviewTaskok/audio_clipok/07_PM39_4ok/07_PM39_4_5ok.wav,2.95,3.26
CleanCorpus/InterviewTaskok/audio_clipok/07_PM39_4ok/07_PM39_4_5ok.wav,5.12,5.45
CleanCorpus/InterviewTaskok/audio_clipok/07_PM39_4ok/07_PM39_4_5ok.wav,10.12,10.61
CleanCorpus/InterviewTaskok/audio_clipok/07_PM39_4ok/07_PM39_4_5ok.wav,14.95,15.23
CleanCorpus/InterviewTaskok/audio_clipok/07_PM39_4ok/07_PM39_4_5ok.wav,16.77,17.18
CleanCorpus/InterviewTaskok/audio_clipok/07_PM39_4ok/07_PM39_4_5ok.wav,26.13,26.74
CleanCorpus/InterviewTaskok/audio_clipok/07_PM39_4ok/07_PM39_4_5ok.wav,28.08,28.94
CleanCorpus/InterviewTaskok/audio_clipok/07_PM39_4ok/07_PM39_4_5ok.wav,30.55,31.37
CleanCorpus/InterviewTaskok/audio_clipok/07_PM39_4ok/07_PM39_4_5ok.wav,35.09,35.42
CleanCorpus/InterviewTaskok/audio_clipok/07_PM39_4ok/07_PM39_4_5ok.wav,40.59,41.03
CleanCorpus/InterviewTaskok/audio_clipok/06_PM64_2ok/06_PM64_2_1ok.wav,2.27,3.22
CleanCorpus/InterviewTaskok/audio_clipok/06_PM64_2ok/06_PM64_2_1ok.wav,4.3,4.94
CleanCorpus/InterviewTaskok/audio_clipok/06_PM64_2ok/06_PM64_2_1ok.wav,9.79,10.68
CleanCorpus/InterviewTaskok/audio_clipok/06_PM64_2ok/06_PM64_2_1ok.wav,12.77,13.52
CleanCorpus/InterviewTaskok/audio_clipok/06_PM64_2ok/06_PM64_2_1ok.wav,15.22,15.74
CleanCorpus/InterviewTaskok/audio_clipok/06_PM64_2ok/06_PM64_2_1ok.wav,16.61,17.36
CleanCorpus/InterviewTaskok/audio_clipok/06_PM64_2ok/06_PM64_2_1ok.wav,19.46,19.81
CleanCorpus/InterviewTaskok/audio_clipok/06_PM64_2ok/06_PM64_2_1ok.wav,20.97,21.75
CleanCorpus/InterviewTaskok/audio_clipok/06_PM64_2ok/06_PM64_2_1ok.wav,24.84,25.77
CleanCorpus/InterviewTaskok/audio_clipok/06_PM64_2ok/06_PM64_2_1ok.wav,29.35,29.99
CleanCorpus/InterviewTaskok/audio_clipok/06_PM64_2ok/06_PM64_2_1ok.wav,31.65,32.01
CleanCorpus/InterviewTaskok/audio_clipok/06_PM64_2ok/06_PM64_2_1ok.wav,33.22,34.04
CleanCorpus/InterviewTaskok/audio_clipok/06_PM64_2ok/06_PM64_2_1ok.wav,35.9,36.5
CleanCorpus/InterviewTaskok/audio_clipok/06_PM64_2ok/06_PM64_2_1ok.wav,38.01,39.34
CleanCorpus/InterviewTaskok/audio_clipok/06_PM64_2ok/06_PM64_2_1ok.wav,40.52,41.52
CleanCorpus/InterviewTaskok/audio_clipok/06_PM64_2ok/06_PM64_2_1ok.wav,45.86,46.33
CleanCorpus/InterviewTaskok/audio_clipok/06_PM64_2ok/06_PM64_2_1ok.wav,51.41,53.36
CleanCorpus/InterviewTaskok/audio_clipok/06_PM64_2ok/06_PM64_2_1ok.wav,54.05,55.23
CleanCorpus/InterviewTaskok/audio_clipok/06_PM64_2ok/06_PM64_2_1ok.wav,56.54,57.12
CleanCorpus/InterviewTaskok/audio_clipok/06_PM64_2ok/06_PM64_2_1ok.wav,59.42,59.85
CleanCorpus/InterviewTaskok/audio_clipok/06_PM64_2ok/06_PM64_2_1ok.wav,63.32,63.78
CleanCorpus/InterviewTaskok/audio_clipok/06_PM64_2ok/06_PM64_2_1ok.wav,64.98,65.33
CleanCorpus/InterviewTaskok/audio_clipok/06_PM64_2ok/06_PM64_2_1ok.wav,66.44,66.77
CleanCorpus/InterviewTaskok/audio_clipok/06_PM64_2ok/06_PM64_2_1ok.wav,67.67,67.91
CleanCorpus/InterviewTaskok/audio_clipok/06_PM64_2ok/06_PM64_2_1ok.wav,69.64,70.23
CleanCorpus/InterviewTaskok/audio_clipok/06_PM64_2ok/06_PM64_2_1ok.wav,74.16,74.84
CleanCorpus/InterviewTaskok/audio_clipok/06_PM64_2ok/06_PM64_2_1ok.wav,75.84,76.23
CleanCorpus/InterviewTaskok/audio_clipok/06_PM64_2ok/06_PM64_2_1ok.wav,78.55,79.09
CleanCorpus/InterviewTaskok/audio_clipok/06_PM64_2ok/06_PM64_2_1ok.wav,80.97,83.17
CleanCorpus/InterviewTaskok/audio_clipok/06_PM64_2ok/06_PM64_2_1ok.wav,87.69,88.02
CleanCorpus/InterviewTaskok/audio_clipok/06_PM64_2ok/06_PM64_2_1ok.wav,88.75,89.3
CleanCorpus/InterviewTaskok/audio_clipok/06_PM64_2ok/06_PM64_2_1ok.wav,91.72,92.1
CleanCorpus/InterviewTaskok/audio_clipok/06_PM64_2ok/06_PM64_2_1ok.wav,92.16,92.78
CleanCorpus/InterviewTaskok/audio_clipok/06_PM64_2ok/06_PM64_2_1ok.wav,97.24,97.9
CleanCorpus/InterviewTaskok/audio_clipok/06_PM64_2ok/06_PM64_2_1ok.wav,100.17,100.75
CleanCorpus/InterviewTaskok/audio_clipok/06_PM64_2ok/06_PM64_2_1ok.wav,102.99,103.59
CleanCorpus/InterviewTaskok/audio_clipok/06_PM64_2ok/06_PM64_2_1ok.wav,106.67,107.17
CleanCorpus/InterviewTaskok/audio_clipok/06_PM64_2ok/06_PM64_2_1ok.wav,107.42,108.16
CleanCorpus/InterviewTaskok/audio_clipok/06_PM64_2ok/06_PM64_2_1ok.wav,111.03,111.64
CleanCorpus/InterviewTaskok/audio_clipok/06_PM64_2ok/06_PM64_2_1ok.wav,114.45,115.26
CleanCorpus/InterviewTaskok/audio_clipok/06_PM64_2ok/06_PM64_2_1ok.wav,118.26,119.06
CleanCorpus/InterviewTaskok/audio_clipok/06_PM64_2ok/06_PM64_2_1ok.wav,121.77,122.57
CleanCorpus/InterviewTaskok/audio_clipok/06_PM64_2ok/06_PM64_2_1ok.wav,123.93,124.27
CleanCorpus/InterviewTaskok/audio_clipok/06_PM64_2ok/06_PM64_2_1ok.wav,126.3,127.41
CleanCorpus/InterviewTaskok/audio_clipok/06_PM64_2ok/06_PM64_2_1ok.wav,128.77,129.05
CleanCorpus/InterviewTaskok/audio_clipok/06_PM64_2ok/06_PM64_2_1ok.wav,129.77,130.42
CleanCorpus/InterviewTaskok/audio_clipok/06_PM64_2ok/06_PM64_2_1ok.wav,131.65,132.21
CleanCorpus/InterviewTaskok/audio_clipok/06_PM64_2ok/06_PM64_2_1ok.wav,135.05,135.63
CleanCorpus/InterviewTaskok/audio_clipok/06_PM64_2ok/06_PM64_2_1ok.wav,138.11,138.79
CleanCorpus/InterviewTaskok/audio_clipok/06_PM64_2ok/06_PM64_2_1ok.wav,141.86,142.95
CleanCorpus/InterviewTaskok/audio_clipok/06_PM64_2ok/06_PM64_2_2ok.wav,6.6,6.88
CleanCorpus/InterviewTaskok/audio_clipok/06_PM64_2ok/06_PM64_2_2ok.wav,11.11,11.31
CleanCorpus/InterviewTaskok/audio_clipok/06_PM64_2ok/06_PM64_2_2ok.wav,11.42,12.11
CleanCorpus/InterviewTaskok/audio_clipok/06_PM64_2ok/06_PM64_2_2ok.wav,15.06,15.55
CleanCorpus/InterviewTaskok/audio_clipok/06_PM64_2ok/06_PM64_2_2ok.wav,16.67,16.87
CleanCorpus/InterviewTaskok/audio_clipok/06_PM64_2ok/06_PM64_2_2ok.wav,20.45,20.75
CleanCorpus/InterviewTaskok/audio_clipok/06_PM64_2ok/06_PM64_2_2ok.wav,22.11,22.33
CleanCorpus/InterviewTaskok/audio_clipok/06_PM64_2ok/06_PM64_2_2ok.wav,25.13,25.52
CleanCorpus/InterviewTaskok/audio_clipok/06_PM64_2ok/06_PM64_2_2ok.wav,33.81,34.23
CleanCorpus/InterviewTaskok/audio_clipok/06_PM64_2ok/06_PM64_2_2ok.wav,35.02,35.46
CleanCorpus/InterviewTaskok/audio_clipok/06_PM64_2ok/06_PM64_2_2ok.wav,36.9,37.28
CleanCorpus/InterviewTaskok/audio_clipok/06_PM64_2ok/06_PM64_2_2ok.wav,40.15,40.53
CleanCorpus/InterviewTaskok/audio_clipok/06_PM64_2ok/06_PM64_2_2ok.wav,41.75,42.39
CleanCorpus/InterviewTaskok/audio_clipok/06_PM64_2ok/06_PM64_2_2ok.wav,47.85,48.14
CleanCorpus/InterviewTaskok/audio_clipok/06_PM64_2ok/06_PM64_2_2ok.wav,49.81,50.3
CleanCorpus/InterviewTaskok/audio_clipok/06_PM64_2ok/06_PM64_2_2ok.wav,52.28,52.67
CleanCorpus/InterviewTaskok/audio_clipok/06_PM64_2ok/06_PM64_2_2ok.wav,56.0,56.37
CleanCorpus/InterviewTaskok/audio_clipok/06_PM64_2ok/06_PM64_2_2ok.wav,57.07,57.61
CleanCorpus/InterviewTaskok/audio_clipok/06_PM64_2ok/06_PM64_2_2ok.wav,64.63,65.09
CleanCorpus/InterviewTaskok/audio_clipok/06_PM64_2ok/06_PM64_2_2ok.wav,66.76,67.34
CleanCorpus/InterviewTaskok/audio_clipok/06_PM64_2ok/06_PM64_2_2ok.wav,72.31,72.79
CleanCorpus/InterviewTaskok/audio_clipok/06_PM64_2ok/06_PM64_2_2ok.wav,74.39,74.9
CleanCorpus/InterviewTaskok/audio_clipok/06_PM64_2ok/06_PM64_2_2ok.wav,76.47,78.34
CleanCorpus/InterviewTaskok/audio_clipok/06_PM64_2ok/06_PM64_2_2ok.wav,80.31,80.7
CleanCorpus/InterviewTaskok/audio_clipok/06_PM64_2ok/06_PM64_2_2ok.wav,81.32,82.17
CleanCorpus/InterviewTaskok/audio_clipok/06_PM64_2ok/06_PM64_2_2ok.wav,83.99,84.54
CleanCorpus/InterviewTaskok/audio_clipok/06_PM64_2ok/06_PM64_2_2ok.wav,85.8,87.32
CleanCorpus/InterviewTaskok/audio_clipok/06_PM64_2ok/06_PM64_2_2ok.wav,95.3,95.5
CleanCorpus/InterviewTaskok/audio_clipok/06_PM64_2ok/06_PM64_2_2ok.wav,98.68,99.28
CleanCorpus/InterviewTaskok/audio_clipok/06_PM64_2ok/06_PM64_2_2ok.wav,104.65,105.35
CleanCorpus/InterviewTaskok/audio_clipok/06_PM64_2ok/06_PM64_2_2ok.wav,107.32,107.52
CleanCorpus/InterviewTaskok/audio_clipok/06_PM64_2ok/06_PM64_2_2ok.wav,108.65,109.65
CleanCorpus/InterviewTaskok/audio_clipok/06_PM64_2ok/06_PM64_2_2ok.wav,112.81,113.45
CleanCorpus/InterviewTaskok/audio_clipok/06_PM64_2ok/06_PM64_2_2ok.wav,118.69,119.01
CleanCorpus/InterviewTaskok/audio_clipok/06_PM64_2ok/06_PM64_2_2ok.wav,124.9,125.31
CleanCorpus/InterviewTaskok/audio_clipok/06_PM64_2ok/06_PM64_2_2ok.wav,130.24,130.45
CleanCorpus/InterviewTaskok/audio_clipok/06_PM64_2ok/06_PM64_2_2ok.wav,131.51,131.98
CleanCorpus/InterviewTaskok/audio_clipok/06_PM64_2ok/06_PM64_2_2ok.wav,132.58,133.26
CleanCorpus/InterviewTaskok/audio_clipok/06_PM64_2ok/06_PM64_2_2ok.wav,136.97,138.37
CleanCorpus/InterviewTaskok/audio_clipok/06_PM64_2ok/06_PM64_2_2ok.wav,140.89,141.41
CleanCorpus/InterviewTaskok/audio_clipok/06_PM64_2ok/06_PM64_2_2ok.wav,144.11,144.36
CleanCorpus/InterviewTaskok/audio_clipok/06_PM64_2ok/06_PM64_2_2ok.wav,145.59,146.04
CleanCorpus/InterviewTaskok/audio_clipok/06_PM64_2ok/06_PM64_2_2ok.wav,146.84,147.27
CleanCorpus/InterviewTaskok/audio_clipok/06_PM64_2ok/06_PM64_2_2ok.wav,155.22,156.06
CleanCorpus/InterviewTaskok/audio_clipok/06_PM64_2ok/06_PM64_2_2ok.wav,156.97,157.2
CleanCorpus/InterviewTaskok/audio_clipok/06_PM64_2ok/06_PM64_2_2ok.wav,162.49,164.45
CleanCorpus/InterviewTaskok/audio_clipok/06_PM64_2ok/06_PM64_2_2ok.wav,165.13,165.43
CleanCorpus/InterviewTaskok/audio_clipok/01_PM58_2ok/01_PM58_2_7ok.wav,26.37,27.71
CleanCorpus/InterviewTaskok/audio_clipok/01_PM58_2ok/01_PM58_2_7ok.wav,30.29,30.96
CleanCorpus/InterviewTaskok/audio_clipok/01_PM58_2ok/01_PM58_2_7ok.wav,33.42,33.73
CleanCorpus/InterviewTaskok/audio_clipok/01_PM58_2ok/01_PM58_2_7ok.wav,60.28,60.56
CleanCorpus/InterviewTaskok/audio_clipok/01_PM58_2ok/01_PM58_2_3ok.wav,4.66,5.09
CleanCorpus/InterviewTaskok/audio_clipok/01_PM58_2ok/01_PM58_2_3ok.wav,5.98,6.42
CleanCorpus/InterviewTaskok/audio_clipok/01_PM58_2ok/01_PM58_2_3ok.wav,10.01,10.29
CleanCorpus/InterviewTaskok/audio_clipok/01_PM58_2ok/01_PM58_2_3ok.wav,25.19,25.53
CleanCorpus/InterviewTaskok/audio_clipok/01_PM58_2ok/01_PM58_2_3ok.wav,27.02,27.52
CleanCorpus/InterviewTaskok/audio_clipok/01_PM58_2ok/01_PM58_2_3ok.wav,28.83,29.43
CleanCorpus/InterviewTaskok/audio_clipok/01_PM58_2ok/01_PM58_2_3ok.wav,30.18,30.65
CleanCorpus/InterviewTaskok/audio_clipok/01_PM58_2ok/01_PM58_2_2ok.wav,6.7,6.91
CleanCorpus/InterviewTaskok/audio_clipok/01_PM58_2ok/01_PM58_2_2ok.wav,10.57,10.99
CleanCorpus/InterviewTaskok/audio_clipok/01_PM58_2ok/01_PM58_2_2ok.wav,11.73,11.94
CleanCorpus/InterviewTaskok/audio_clipok/01_PM58_2ok/01_PM58_2_5ok.wav,3.24,3.67
CleanCorpus/InterviewTaskok/audio_clipok/01_PM58_2ok/01_PM58_2_5ok.wav,22.78,23.17
CleanCorpus/InterviewTaskok/audio_clipok/01_PM58_2ok/01_PM58_2_5ok.wav,34.76,35.07
CleanCorpus/InterviewTaskok/audio_clipok/01_PM58_2ok/01_PM58_2_5ok.wav,39.44,39.68
CleanCorpus/InterviewTaskok/audio_clipok/01_PM58_2ok/01_PM58_2_1ok.wav,3.36,3.64
CleanCorpus/InterviewTaskok/audio_clipok/01_PM58_2ok/01_PM58_2_1ok.wav,13.07,13.38
CleanCorpus/InterviewTaskok/audio_clipok/01_PM58_2ok/01_PM58_2_1ok.wav,18.01,18.59
CleanCorpus/InterviewTaskok/audio_clipok/01_PM58_2ok/01_PM58_2_1ok.wav,20.84,21.25
CleanCorpus/InterviewTaskok/audio_clipok/01_PM58_2ok/01_PM58_2_1ok.wav,27.16,27.37
CleanCorpus/InterviewTaskok/audio_clipok/01_PM58_2ok/01_PM58_2_1ok.wav,28.83,29.07
CleanCorpus/InterviewTaskok/audio_clipok/01_PM58_2ok/01_PM58_2_4ok.wav,1.8,2.13
CleanCorpus/InterviewTaskok/audio_clipok/01_PM58_2ok/01_PM58_2_4ok.wav,7.94,8.34
CleanCorpus/InterviewTaskok/audio_clipok/01_PM58_2ok/01_PM58_2_4ok.wav,10.17,10.77
CleanCorpus/InterviewTaskok/audio_clipok/01_PM58_2ok/01_PM58_2_6ok.wav,4.25,4.57
CleanCorpus/InterviewTaskok/audio_clipok/01_PM58_2ok/01_PM58_2_6ok.wav,5.91,6.56
CleanCorpus/InterviewTaskok/audio_clipok/01_PM58_2ok/01_PM58_2_6ok.wav,11.9,14.29
CleanCorpus/InterviewTaskok/audio_clipok/01_PM58_2ok/01_PM58_2_6ok.wav,22.92,23.43
CleanCorpus/InterviewTaskok/audio_clipok/01_PM58_2ok/01_PM58_2_6ok.wav,31.87,32.15
CleanCorpus/InterviewTaskok/audio_clipok/22_CF50_3ok/22_CF50_3_12ok.wav,2.41,2.89
CleanCorpus/InterviewTaskok/audio_clipok/22_CF50_3ok/22_CF50_3_12ok.wav,4.9,5.22
CleanCorpus/InterviewTaskok/audio_clipok/22_CF50_3ok/22_CF50_3_13ok.wav,1.84,2.16
CleanCorpus/InterviewTaskok/audio_clipok/22_CF50_3ok/22_CF50_3_13ok.wav,8.37,8.64
CleanCorpus/InterviewTaskok/audio_clipok/22_CF50_3ok/22_CF50_3_1ok.wav,9.56,10.02
CleanCorpus/InterviewTaskok/audio_clipok/22_CF50_3ok/22_CF50_3_4ok.wav,1.66,2.14
CleanCorpus/InterviewTaskok/audio_clipok/22_CF50_3ok/22_CF50_3_3ok.wav,1.89,2.09
CleanCorpus/InterviewTaskok/audio_clipok/22_CF50_3ok/22_CF50_3_3ok.wav,12.58,12.78
CleanCorpus/InterviewTaskok/audio_clipok/22_CF50_3ok/22_CF50_3_3ok.wav,22.55,23.05
CleanCorpus/InterviewTaskok/audio_clipok/22_CF50_3ok/22_CF50_3_3ok.wav,28.92,29.56
CleanCorpus/InterviewTaskok/audio_clipok/22_CF50_3ok/22_CF50_3_3ok.wav,33.12,33.79
CleanCorpus/InterviewTaskok/audio_clipok/22_CF50_3ok/22_CF50_3_3ok.wav,36.52,37.07
CleanCorpus/InterviewTaskok/audio_clipok/22_CF50_3ok/22_CF50_3_3ok.wav,46.78,47.34
CleanCorpus/InterviewTaskok/audio_clipok/22_CF50_3ok/22_CF50_3_7ok.wav,2.11,2.52
CleanCorpus/InterviewTaskok/audio_clipok/22_CF50_3ok/22_CF50_3_7ok.wav,6.0,6.24
CleanCorpus/InterviewTaskok/audio_clipok/22_CF50_3ok/22_CF50_3_11ok.wav,10.52,11.18
CleanCorpus/InterviewTaskok/audio_clipok/22_CF50_3ok/22_CF50_3_6ok.wav,6.14,6.72
CleanCorpus/InterviewTaskok/audio_clipok/22_CF50_3ok/22_CF50_3_6ok.wav,9.37,9.72
CleanCorpus/InterviewTaskok/audio_clipok/22_CF50_3ok/22_CF50_3_6ok.wav,17.5,17.88
CleanCorpus/InterviewTaskok/audio_clipok/22_CF50_3ok/22_CF50_3_10ok.wav,11.22,11.6
CleanCorpus/InterviewTaskok/audio_clipok/22_CF50_3ok/22_CF50_3_10ok.wav,32.64,33.06
CleanCorpus/InterviewTaskok/audio_clipok/22_CF50_3ok/22_CF50_3_9ok.wav,2.77,3.18
CleanCorpus/InterviewTaskok/audio_clipok/64_PF54_2ok/64_PF54_2_4ok.wav,10.65,10.96
CleanCorpus/InterviewTaskok/audio_clipok/64_PF54_2ok/64_PF54_2_4ok.wav,14.74,14.99
CleanCorpus/InterviewTaskok/audio_clipok/64_PF54_2ok/64_PF54_2_4ok.wav,18.51,19.07
CleanCorpus/InterviewTaskok/audio_clipok/64_PF54_2ok/64_PF54_2_4ok.wav,21.06,21.44
CleanCorpus/InterviewTaskok/audio_clipok/64_PF54_2ok/64_PF54_2_3ok.wav,2.14,2.69
CleanCorpus/InterviewTaskok/audio_clipok/64_PF54_2ok/64_PF54_2_3ok.wav,6.1,6.46
CleanCorpus/InterviewTaskok/audio_clipok/64_PF54_2ok/64_PF54_2_3ok.wav,6.78,7.3
CleanCorpus/InterviewTaskok/audio_clipok/64_PF54_2ok/64_PF54_2_3ok.wav,11.56,12.34
CleanCorpus/InterviewTaskok/audio_clipok/64_PF54_2ok/64_PF54_2_5ok.wav,2.42,2.79
CleanCorpus/InterviewTaskok/audio_clipok/64_PF54_2ok/64_PF54_2_5ok.wav,5.45,5.9
CleanCorpus/InterviewTaskok/audio_clipok/64_PF54_2ok/64_PF54_2_5ok.wav,7.12,7.38
CleanCorpus/InterviewTaskok/audio_clipok/64_PF54_2ok/64_PF54_2_5ok.wav,9.28,9.67
CleanCorpus/InterviewTaskok/audio_clipok/64_PF54_2ok/64_PF54_2_5ok.wav,14.42,14.72
CleanCorpus/InterviewTaskok/audio_clipok/64_PF54_2ok/64_PF54_2_5ok.wav,17.98,18.24
CleanCorpus/InterviewTaskok/audio_clipok/64_PF54_2ok/64_PF54_2_5ok.wav,18.92,19.4
CleanCorpus/InterviewTaskok/audio_clipok/64_PF54_2ok/64_PF54_2_5ok.wav,22.38,22.76
CleanCorpus/InterviewTaskok/audio_clipok/64_PF54_2ok/64_PF54_2_5ok.wav,23.42,24.03
CleanCorpus/InterviewTaskok/audio_clipok/64_PF54_2ok/64_PF54_2_5ok.wav,27.73,28.08
CleanCorpus/InterviewTaskok/audio_clipok/64_PF54_2ok/64_PF54_2_5ok.wav,32.87,33.14
CleanCorpus/InterviewTaskok/audio_clipok/64_PF54_2ok/64_PF54_2_5ok.wav,34.97,35.26
CleanCorpus/InterviewTaskok/audio_clipok/64_PF54_2ok/64_PF54_2_5ok.wav,37.63,37.85
CleanCorpus/InterviewTaskok/audio_clipok/64_PF54_2ok/64_PF54_2_5ok.wav,38.39,38.85
CleanCorpus/InterviewTaskok/audio_clipok/64_PF54_2ok/64_PF54_2_5ok.wav,39.96,40.17
CleanCorpus/InterviewTaskok/audio_clipok/64_PF54_2ok/64_PF54_2_5ok.wav,41.85,42.24
CleanCorpus/InterviewTaskok/audio_clipok/64_PF54_2ok/64_PF54_2_5ok.wav,48.79,49.39
CleanCorpus/InterviewTaskok/audio_clipok/64_PF54_2ok/64_PF54_2_2ok.wav,3.4,3.76
CleanCorpus/InterviewTaskok/audio_clipok/64_PF54_2ok/64_PF54_2_6ok.wav,2.38,3.01
CleanCorpus/InterviewTaskok/audio_clipok/64_PF54_2ok/64_PF54_2_6ok.wav,8.82,9.85
CleanCorpus/InterviewTaskok/audio_clipok/64_PF54_2ok/64_PF54_2_6ok.wav,18.15,19.18
CleanCorpus/InterviewTaskok/audio_clipok/64_PF54_2ok/64_PF54_2_6ok.wav,21.96,22.32
CleanCorpus/InterviewTaskok/audio_clipok/64_PF54_2ok/64_PF54_2_6ok.wav,24.36,24.58
CleanCorpus/InterviewTaskok/audio_clipok/64_PF54_2ok/64_PF54_2_6ok.wav,25.33,25.76
CleanCorpus/InterviewTaskok/audio_clipok/64_PF54_2ok/64_PF54_2_1ok.wav,1.7,2.16
CleanCorpus/InterviewTaskok/audio_clipok/64_PF54_2ok/64_PF54_2_1ok.wav,3.81,4.62
CleanCorpus/InterviewTaskok/audio_clipok/64_PF54_2ok/64_PF54_2_1ok.wav,6.18,6.54
CleanCorpus/InterviewTaskok/audio_clipok/64_PF54_2ok/64_PF54_2_1ok.wav,11.24,11.44
CleanCorpus/InterviewTaskok/audio_clipok/64_PF54_2ok/64_PF54_2_1ok.wav,12.11,12.31
CleanCorpus/InterviewTaskok/audio_clipok/64_PF54_2ok/64_PF54_2_1ok.wav,14.59,14.88
CleanCorpus/InterviewTaskok/audio_clipok/64_PF54_2ok/64_PF54_2_1ok.wav,20.12,20.68
CleanCorpus/InterviewTaskok/audio_clipok/64_PF54_2ok/64_PF54_2_1ok.wav,21.77,22.14
CleanCorpus/InterviewTaskok/audio_clipok/64_PF54_2ok/64_PF54_2_1ok.wav,28.88,29.36
CleanCorpus/InterviewTaskok/audio_clipok/64_PF54_2ok/64_PF54_2_1ok.wav,31.24,31.66
CleanCorpus/InterviewTaskok/audio_clipok/64_PF54_2ok/64_PF54_2_1ok.wav,32.68,32.93
CleanCorpus/InterviewTaskok/audio_clipok/64_PF54_2ok/64_PF54_2_1ok.wav,33.72,33.94
CleanCorpus/InterviewTaskok/audio_clipok/64_PF54_2ok/64_PF54_2_1ok.wav,37.5,38.09
CleanCorpus/InterviewTaskok/audio_clipok/64_PF54_2ok/64_PF54_2_1ok.wav,40.71,40.97
CleanCorpus/InterviewTaskok/audio_clipok/64_PF54_2ok/64_PF54_2_1ok.wav,41.55,42.14
CleanCorpus/InterviewTaskok/audio_clipok/64_PF54_2ok/64_PF54_2_1ok.wav,45.24,45.49
CleanCorpus/InterviewTaskok/audio_clipok/64_PF54_2ok/64_PF54_2_1ok.wav,47.03,47.51
CleanCorpus/InterviewTaskok/audio_clipok/64_PF54_2ok/64_PF54_2_1ok.wav,53.62,53.98
CleanCorpus/InterviewTaskok/audio_clipok/64_PF54_2ok/64_PF54_2_1ok.wav,62.11,62.5
CleanCorpus/InterviewTaskok/audio_clipok/64_PF54_2ok/64_PF54_2_1ok.wav,65.39,66.03
CleanCorpus/InterviewTaskok/audio_clipok/64_PF54_2ok/64_PF54_2_1ok.wav,73.96,74.54
CleanCorpus/InterviewTaskok/audio_clipok/02_CM57_2ok/02_CM57_2_6ok.wav,1.64,2.61
CleanCorpus/InterviewTaskok/audio_clipok/02_CM57_2ok/02_CM57_2_6ok.wav,3.99,4.53
CleanCorpus/InterviewTaskok/audio_clipok/02_CM57_2ok/02_CM57_2_6ok.wav,5.05,5.55
CleanCorpus/InterviewTaskok/audio_clipok/02_CM57_2ok/02_CM57_2_6ok.wav,10.94,11.37
CleanCorpus/InterviewTaskok/audio_clipok/02_CM57_2ok/02_CM57_2_3ok.wav,4.06,4.74
CleanCorpus/InterviewTaskok/audio_clipok/02_CM57_2ok/02_CM57_2_2ok.wav,1.68,2.27
CleanCorpus/InterviewTaskok/audio_clipok/02_CM57_2ok/02_CM57_2_2ok.wav,4.68,5.46
CleanCorpus/InterviewTaskok/audio_clipok/02_CM57_2ok/02_CM57_2_2ok.wav,6.64,7.09
CleanCorpus/InterviewTaskok/audio_clipok/02_CM57_2ok/02_CM57_2_2ok.wav,12.06,12.75
CleanCorpus/InterviewTaskok/audio_clipok/02_CM57_2ok/02_CM57_2_2ok.wav,15.95,17.69
CleanCorpus/InterviewTaskok/audio_clipok/02_CM57_2ok/02_CM57_2_2ok.wav,18.87,19.3
CleanCorpus/InterviewTaskok/audio_clipok/02_CM57_2ok/02_CM57_2_7ok.wav,4.68,5.7
CleanCorpus/InterviewTaskok/audio_clipok/02_CM57_2ok/02_CM57_2_9ok.wav,2.3,3.1
CleanCorpus/InterviewTaskok/audio_clipok/02_CM57_2ok/02_CM57_2_9ok.wav,6.3,6.59
CleanCorpus/InterviewTaskok/audio_clipok/02_CM57_2ok/02_CM57_2_9ok.wav,9.41,10.18
CleanCorpus/InterviewTaskok/audio_clipok/02_CM57_2ok/02_CM57_2_9ok.wav,13.14,13.64
CleanCorpus/InterviewTaskok/audio_clipok/02_CM57_2ok/02_CM57_2_9ok.wav,14.93,15.5
CleanCorpus/InterviewTaskok/audio_clipok/02_CM57_2ok/02_CM57_2_9ok.wav,17.4,18.42
CleanCorpus/InterviewTaskok/audio_clipok/02_CM57_2ok/02_CM57_2_4ok.wav,6.34,7.04
CleanCorpus/InterviewTaskok/audio_clipok/02_CM57_2ok/02_CM57_2_4ok.wav,9.87,10.25
CleanCorpus/InterviewTaskok/audio_clipok/02_CM57_2ok/02_CM57_2_5ok.wav,2.75,3.08
CleanCorpus/InterviewTaskok/audio_clipok/02_CM57_2ok/02_CM57_2_5ok.wav,4.4,5.97
CleanCorpus/InterviewTaskok/audio_clipok/02_CM57_2ok/02_CM57_2_5ok.wav,11.38,12.1
CleanCorpus/InterviewTaskok/audio_clipok/02_CM57_2ok/02_CM57_2_5ok.wav,12.78,13.32
CleanCorpus/InterviewTaskok/audio_clipok/02_CM57_2ok/02_CM57_2_10ok.wav,3.85,4.85
CleanCorpus/InterviewTaskok/audio_clipok/02_CM57_2ok/02_CM57_2_8ok.wav,6.53,8.66
CleanCorpus/InterviewTaskok/audio_clipok/02_CM57_2ok/02_CM57_2_8ok.wav,10.83,11.38
CleanCorpus/InterviewTaskok/audio_clipok/02_CM57_2ok/02_CM57_2_1ok.wav,1.13,1.35
CleanCorpus/InterviewTaskok/audio_clipok/02_CM57_2ok/02_CM57_2_11ok.wav,10.93,11.13
CleanCorpus/InterviewTaskok/audio_clipok/02_CM57_2ok/02_CM57_2_11ok.wav,13.2,13.47
CleanCorpus/InterviewTaskok/audio_clipok/02_CM57_2ok/02_CM57_2_11ok.wav,16.68,16.95
CleanCorpus/InterviewTaskok/audio_clipok/02_CM57_2ok/02_CM57_2_11ok.wav,19.3,19.83
CleanCorpus/InterviewTaskok/audio_clipok/02_CM57_2ok/02_CM57_2_11ok.wav,29.94,30.55
CleanCorpus/InterviewTaskok/audio_clipok/02_CM57_2ok/02_CM57_2_12ok.wav,3.73,4.61
CleanCorpus/InterviewTaskok/audio_clipok/02_CM57_2ok/02_CM57_2_12ok.wav,6.17,6.51
CleanCorpus/InterviewTaskok/audio_clipok/02_CM57_2ok/02_CM57_2_12ok.wav,10.61,10.88
CleanCorpus/InterviewTaskok/audio_clipok/02_CM57_2ok/02_CM57_2_12ok.wav,13.93,14.16
CleanCorpus/InterviewTaskok/audio_clipok/02_CM57_2ok/02_CM57_2_12ok.wav,15.53,15.91
CleanCorpus/InterviewTaskok/audio_clipok/52_CF29_3ok/52_CF29_3_18ok.wav,4.89,5.41
CleanCorpus/InterviewTaskok/audio_clipok/52_CF29_3ok/52_CF29_3_17ok.wav,10.92,11.17
CleanCorpus/InterviewTaskok/audio_clipok/52_CF29_3ok/52_CF29_3_15ok.wav,3.35,3.74
CleanCorpus/InterviewTaskok/audio_clipok/52_CF29_3ok/52_CF29_3_14ok.wav,4.38,4.89
CleanCorpus/InterviewTaskok/audio_clipok/52_CF29_3ok/52_CF29_3_5ok.wav,2.06,2.5
CleanCorpus/InterviewTaskok/audio_clipok/52_CF29_3ok/52_CF29_3_12ok.wav,0.0,0.24
CleanCorpus/InterviewTaskok/audio_clipok/52_CF29_3ok/52_CF29_3_12ok.wav,4.59,4.97
CleanCorpus/InterviewTaskok/audio_clipok/52_CF29_3ok/52_CF29_3_2ok.wav,0.09,0.35
CleanCorpus/InterviewTaskok/audio_clipok/52_CF29_3ok/52_CF29_3_2ok.wav,3.95,4.18
CleanCorpus/InterviewTaskok/audio_clipok/52_CF29_3ok/52_CF29_3_1ok.wav,0.0,0.49
CleanCorpus/InterviewTaskok/audio_clipok/52_CF29_3ok/52_CF29_3_1ok.wav,9.6,9.99
CleanCorpus/InterviewTaskok/audio_clipok/52_CF29_3ok/52_CF29_3_1ok.wav,18.56,18.82
CleanCorpus/InterviewTaskok/audio_clipok/52_CF29_3ok/52_CF29_3_11ok.wav,0.0,0.67
CleanCorpus/InterviewTaskok/audio_clipok/52_CF29_3ok/52_CF29_3_20ok.wav,0.54,0.78
CleanCorpus/InterviewTaskok/audio_clipok/52_CF29_3ok/52_CF29_3_9ok.wav,5.64,5.99
CleanCorpus/InterviewTaskok/audio_clipok/52_CF29_3ok/52_CF29_3_6ok.wav,0.08,0.59
CleanCorpus/InterviewTaskok/audio_clipok/13_PF58_2ok/13_PF58_2_5ok.wav,3.23,3.62
CleanCorpus/InterviewTaskok/audio_clipok/13_PF58_2ok/13_PF58_2_5ok.wav,13.12,13.48
CleanCorpus/InterviewTaskok/audio_clipok/13_PF58_2ok/13_PF58_2_5ok.wav,18.03,18.26
CleanCorpus/InterviewTaskok/audio_clipok/13_PF58_2ok/13_PF58_2_5ok.wav,22.78,23.22
CleanCorpus/InterviewTaskok/audio_clipok/13_PF58_2ok/13_PF58_2_5ok.wav,27.28,27.84
CleanCorpus/InterviewTaskok/audio_clipok/13_PF58_2ok/13_PF58_2_5ok.wav,29.27,29.66
CleanCorpus/InterviewTaskok/audio_clipok/13_PF58_2ok/13_PF58_2_5ok.wav,34.11,34.45
CleanCorpus/InterviewTaskok/audio_clipok/13_PF58_2ok/13_PF58_2_5ok.wav,36.03,36.65
CleanCorpus/InterviewTaskok/audio_clipok/13_PF58_2ok/13_PF58_2_5ok.wav,38.39,38.8
CleanCorpus/InterviewTaskok/audio_clipok/13_PF58_2ok/13_PF58_2_5ok.wav,41.39,42.08
CleanCorpus/InterviewTaskok/audio_clipok/13_PF58_2ok/13_PF58_2_5ok.wav,42.99,43.47
CleanCorpus/InterviewTaskok/audio_clipok/13_PF58_2ok/13_PF58_2_5ok.wav,45.25,46.53
CleanCorpus/InterviewTaskok/audio_clipok/13_PF58_2ok/13_PF58_2_2ok.wav,1.75,2.04
CleanCorpus/InterviewTaskok/audio_clipok/13_PF58_2ok/13_PF58_2_2ok.wav,4.92,5.19
CleanCorpus/InterviewTaskok/audio_clipok/13_PF58_2ok/13_PF58_2_2ok.wav,10.86,11.12
CleanCorpus/InterviewTaskok/audio_clipok/13_PF58_2ok/13_PF58_2_3ok.wav,2.28,2.57
CleanCorpus/InterviewTaskok/audio_clipok/13_PF58_2ok/13_PF58_2_3ok.wav,5.86,6.22
CleanCorpus/InterviewTaskok/audio_clipok/13_PF58_2ok/13_PF58_2_3ok.wav,7.47,8.52
CleanCorpus/InterviewTaskok/audio_clipok/13_PF58_2ok/13_PF58_2_4ok.wav,3.36,3.92
CleanCorpus/InterviewTaskok/audio_clipok/13_PF58_2ok/13_PF58_2_4ok.wav,4.71,5.27
CleanCorpus/InterviewTaskok/audio_clipok/13_PF58_2ok/13_PF58_2_4ok.wav,6.11,6.53
CleanCorpus/InterviewTaskok/audio_clipok/13_PF58_2ok/13_PF58_2_4ok.wav,10.91,11.47
CleanCorpus/InterviewTaskok/audio_clipok/13_PF58_2ok/13_PF58_2_4ok.wav,12.15,12.48
CleanCorpus/InterviewTaskok/audio_clipok/13_PF58_2ok/13_PF58_2_4ok.wav,14.15,14.47
CleanCorpus/InterviewTaskok/audio_clipok/13_PF58_2ok/13_PF58_2_4ok.wav,16.68,17.48
CleanCorpus/InterviewTaskok/audio_clipok/13_PF58_2ok/13_PF58_2_1ok.wav,1.11,1.82
CleanCorpus/InterviewTaskok/audio_clipok/13_PF58_2ok/13_PF58_2_1ok.wav,6.21,7.35
CleanCorpus/InterviewTaskok/audio_clipok/13_PF58_2ok/13_PF58_2_1ok.wav,14.86,15.46
CleanCorpus/InterviewTaskok/audio_clipok/13_PF58_2ok/13_PF58_2_1ok.wav,18.1,18.58
CleanCorpus/InterviewTaskok/audio_clipok/13_PF58_2ok/13_PF58_2_1ok.wav,27.4,27.8
CleanCorpus/InterviewTaskok/audio_clipok/13_PF58_2ok/13_PF58_2_1ok.wav,35.59,35.95
CleanCorpus/InterviewTaskok/audio_clipok/13_PF58_2ok/13_PF58_2_1ok.wav,39.75,40.54
CleanCorpus/InterviewTaskok/audio_clipok/13_PF58_2ok/13_PF58_2_1ok.wav,43.26,43.46
CleanCorpus/InterviewTaskok/audio_clipok/13_PF58_2ok/13_PF58_2_1ok.wav,44.51,44.79
CleanCorpus/InterviewTaskok/audio_clipok/13_PF58_2ok/13_PF58_2_1ok.wav,45.59,46.1
CleanCorpus/InterviewTaskok/audio_clipok/13_PF58_2ok/13_PF58_2_1ok.wav,51.16,51.66
CleanCorpus/InterviewTaskok/audio_clipok/13_PF58_2ok/13_PF58_2_1ok.wav,56.03,56.31
CleanCorpus/InterviewTaskok/audio_clipok/25_PF36_4ok/25_PF36_4_2ok.wav,7.83,8.75
CleanCorpus/InterviewTaskok/audio_clipok/25_PF36_4ok/25_PF36_4_2ok.wav,27.49,27.71
CleanCorpus/InterviewTaskok/audio_clipok/25_PF36_4ok/25_PF36_4_2ok.wav,28.14,29.02
CleanCorpus/InterviewTaskok/audio_clipok/25_PF36_4ok/25_PF36_4_2ok.wav,34.01,34.48
CleanCorpus/InterviewTaskok/audio_clipok/25_PF36_4ok/25_PF36_4_2ok.wav,42.37,42.97
CleanCorpus/InterviewTaskok/audio_clipok/25_PF36_4ok/25_PF36_4_2ok.wav,44.45,45.06
CleanCorpus/InterviewTaskok/audio_clipok/25_PF36_4ok/25_PF36_4_2ok.wav,53.43,53.88
CleanCorpus/InterviewTaskok/audio_clipok/25_PF36_4ok/25_PF36_4_2ok.wav,55.97,56.47
CleanCorpus/InterviewTaskok/audio_clipok/25_PF36_4ok/25_PF36_4_2ok.wav,58.47,58.88
CleanCorpus/InterviewTaskok/audio_clipok/25_PF36_4ok/25_PF36_4_2ok.wav,64.87,65.35
CleanCorpus/InterviewTaskok/audio_clipok/25_PF36_4ok/25_PF36_4_2ok.wav,66.25,66.54
CleanCorpus/InterviewTaskok/audio_clipok/25_PF36_4ok/25_PF36_4_1ok.wav,6.73,7.15
CleanCorpus/InterviewTaskok/audio_clipok/25_PF36_4ok/25_PF36_4_1ok.wav,15.54,15.86
CleanCorpus/InterviewTaskok/audio_clipok/25_PF36_4ok/25_PF36_4_1ok.wav,17.08,17.34
CleanCorpus/InterviewTaskok/audio_clipok/25_PF36_4ok/25_PF36_4_1ok.wav,21.82,22.26
CleanCorpus/InterviewTaskok/audio_clipok/25_PF36_4ok/25_PF36_4_1ok.wav,23.46,24.14
CleanCorpus/InterviewTaskok/audio_clipok/25_PF36_4ok/25_PF36_4_1ok.wav,24.83,25.47
CleanCorpus/InterviewTaskok/audio_clipok/25_PF36_4ok/25_PF36_4_1ok.wav,27.91,28.35
CleanCorpus/InterviewTaskok/audio_clipok/25_PF36_4ok/25_PF36_4_1ok.wav,31.02,31.32
CleanCorpus/InterviewTaskok/audio_clipok/25_PF36_4ok/25_PF36_4_1ok.wav,45.51,46.27
CleanCorpus/InterviewTaskok/audio_clipok/25_PF36_4ok/25_PF36_4_1ok.wav,54.72,55.13
CleanCorpus/InterviewTaskok/audio_clipok/51_CF52_2ok/51_CF52_2_6ok.wav,3.26,3.59
CleanCorpus/InterviewTaskok/audio_clipok/51_CF52_2ok/51_CF52_2_6ok.wav,4.39,4.76
CleanCorpus/InterviewTaskok/audio_clipok/51_CF52_2ok/51_CF52_2_11ok.wav,1.65,2.21
CleanCorpus/InterviewTaskok/audio_clipok/51_CF52_2ok/51_CF52_2_11ok.wav,3.87,4.35
CleanCorpus/InterviewTaskok/audio_clipok/51_CF52_2ok/51_CF52_2_11ok.wav,4.47,4.74
CleanCorpus/InterviewTaskok/audio_clipok/51_CF52_2ok/51_CF52_2_5ok.wav,3.11,3.55
CleanCorpus/InterviewTaskok/audio_clipok/51_CF52_2ok/51_CF52_2_5ok.wav,4.58,4.87
CleanCorpus/InterviewTaskok/audio_clipok/51_CF52_2ok/51_CF52_2_5ok.wav,8.59,9.0
CleanCorpus/InterviewTaskok/audio_clipok/51_CF52_2ok/51_CF52_2_5ok.wav,9.3,9.72
CleanCorpus/InterviewTaskok/audio_clipok/51_CF52_2ok/51_CF52_2_5ok.wav,13.27,13.68
CleanCorpus/InterviewTaskok/audio_clipok/51_CF52_2ok/51_CF52_2_5ok.wav,14.98,15.4
CleanCorpus/InterviewTaskok/audio_clipok/51_CF52_2ok/51_CF52_2_10ok.wav,5.95,6.16
CleanCorpus/InterviewTaskok/audio_clipok/51_CF52_2ok/51_CF52_2_10ok.wav,12.61,12.9
CleanCorpus/InterviewTaskok/audio_clipok/51_CF52_2ok/51_CF52_2_10ok.wav,25.5,25.82
CleanCorpus/InterviewTaskok/audio_clipok/51_CF52_2ok/51_CF52_2_10ok.wav,26.94,27.24
CleanCorpus/InterviewTaskok/audio_clipok/51_CF52_2ok/51_CF52_2_7ok.wav,0.57,0.9
CleanCorpus/InterviewTaskok/audio_clipok/51_CF52_2ok/51_CF52_2_7ok.wav,2.48,3.23
CleanCorpus/InterviewTaskok/audio_clipok/51_CF52_2ok/51_CF52_2_7ok.wav,3.95,4.31
CleanCorpus/InterviewTaskok/audio_clipok/51_CF52_2ok/51_CF52_2_7ok.wav,17.36,17.94
CleanCorpus/InterviewTaskok/audio_clipok/51_CF52_2ok/51_CF52_2_7ok.wav,23.38,23.67
CleanCorpus/InterviewTaskok/audio_clipok/51_CF52_2ok/51_CF52_2_1ok.wav,0.3,0.81
CleanCorpus/InterviewTaskok/audio_clipok/51_CF52_2ok/51_CF52_2_1ok.wav,3.75,4.06
CleanCorpus/InterviewTaskok/audio_clipok/51_CF52_2ok/51_CF52_2_1ok.wav,5.01,5.34
CleanCorpus/InterviewTaskok/audio_clipok/51_CF52_2ok/51_CF52_2_1ok.wav,6.7,7.05
CleanCorpus/InterviewTaskok/audio_clipok/51_CF52_2ok/51_CF52_2_1ok.wav,11.51,12.06
CleanCorpus/InterviewTaskok/audio_clipok/51_CF52_2ok/51_CF52_2_1ok.wav,12.27,12.53
CleanCorpus/InterviewTaskok/audio_clipok/51_CF52_2ok/51_CF52_2_1ok.wav,18.55,19.03
CleanCorpus/InterviewTaskok/audio_clipok/51_CF52_2ok/51_CF52_2_1ok.wav,20.43,20.86
CleanCorpus/InterviewTaskok/audio_clipok/51_CF52_2ok/51_CF52_2_1ok.wav,23.74,24.26
CleanCorpus/InterviewTaskok/audio_clipok/51_CF52_2ok/51_CF52_2_1ok.wav,26.42,26.84
CleanCorpus/InterviewTaskok/audio_clipok/51_CF52_2ok/51_CF52_2_3ok.wav,5.85,6.27
CleanCorpus/InterviewTaskok/audio_clipok/51_CF52_2ok/51_CF52_2_3ok.wav,7.39,7.6
CleanCorpus/InterviewTaskok/audio_clipok/51_CF52_2ok/51_CF52_2_3ok.wav,8.62,8.85
CleanCorpus/InterviewTaskok/audio_clipok/51_CF52_2ok/51_CF52_2_4ok.wav,4.42,4.81
CleanCorpus/InterviewTaskok/audio_clipok/51_CF52_2ok/51_CF52_2_4ok.wav,6.59,7.67
CleanCorpus/InterviewTaskok/audio_clipok/56_CM23_3ok/56_CM23_3_8ok.wav,0.58,0.81
CleanCorpus/InterviewTaskok/audio_clipok/56_CM23_3ok/56_CM23_3_9ok.wav,0.82,1.31
CleanCorpus/InterviewTaskok/audio_clipok/56_CM23_3ok/56_CM23_3_9ok.wav,2.74,3.2
CleanCorpus/InterviewTaskok/audio_clipok/56_CM23_3ok/56_CM23_3_9ok.wav,6.59,7.01
CleanCorpus/InterviewTaskok/audio_clipok/56_CM23_3ok/56_CM23_3_9ok.wav,9.19,9.65
CleanCorpus/InterviewTaskok/audio_clipok/56_CM23_3ok/56_CM23_3_9ok.wav,10.04,10.29
CleanCorpus/InterviewTaskok/audio_clipok/56_CM23_3ok/56_CM23_3_1ok.wav,0.27,0.58
CleanCorpus/InterviewTaskok/audio_clipok/56_CM23_3ok/56_CM23_3_1ok.wav,1.49,1.88
CleanCorpus/InterviewTaskok/audio_clipok/56_CM23_3ok/56_CM23_3_1ok.wav,2.45,2.68
CleanCorpus/InterviewTaskok/audio_clipok/56_CM23_3ok/56_CM23_3_1ok.wav,3.82,4.91
CleanCorpus/InterviewTaskok/audio_clipok/56_CM23_3ok/56_CM23_3_1ok.wav,5.97,6.35
CleanCorpus/InterviewTaskok/audio_clipok/56_CM23_3ok/56_CM23_3_1ok.wav,12.33,12.84
CleanCorpus/InterviewTaskok/audio_clipok/56_CM23_3ok/56_CM23_3_1ok.wav,14.44,14.72
CleanCorpus/InterviewTaskok/audio_clipok/56_CM23_3ok/56_CM23_3_1ok.wav,18.12,18.58
CleanCorpus/InterviewTaskok/audio_clipok/56_CM23_3ok/56_CM23_3_1ok.wav,19.57,20.27
CleanCorpus/InterviewTaskok/audio_clipok/56_CM23_3ok/56_CM23_3_1ok.wav,20.55,20.76
CleanCorpus/InterviewTaskok/audio_clipok/56_CM23_3ok/56_CM23_3_1ok.wav,21.84,22.96
CleanCorpus/InterviewTaskok/audio_clipok/56_CM23_3ok/56_CM23_3_1ok.wav,27.13,27.7
CleanCorpus/InterviewTaskok/audio_clipok/56_CM23_3ok/56_CM23_3_1ok.wav,30.97,31.79
CleanCorpus/InterviewTaskok/audio_clipok/56_CM23_3ok/56_CM23_3_14ok.wav,4.55,6.02
CleanCorpus/InterviewTaskok/audio_clipok/56_CM23_3ok/56_CM23_3_14ok.wav,9.27,9.9
CleanCorpus/InterviewTaskok/audio_clipok/56_CM23_3ok/56_CM23_3_14ok.wav,13.3,13.57
CleanCorpus/InterviewTaskok/audio_clipok/56_CM23_3ok/56_CM23_3_14ok.wav,16.42,17.6
CleanCorpus/InterviewTaskok/audio_clipok/56_CM23_3ok/56_CM23_3_14ok.wav,18.86,19.33
CleanCorpus/InterviewTaskok/audio_clipok/56_CM23_3ok/56_CM23_3_3ok.wav,0.57,1.23
CleanCorpus/InterviewTaskok/audio_clipok/56_CM23_3ok/56_CM23_3_3ok.wav,7.01,7.53
CleanCorpus/InterviewTaskok/audio_clipok/56_CM23_3ok/56_CM23_3_16ok.wav,0.0,0.45
CleanCorpus/InterviewTaskok/audio_clipok/56_CM23_3ok/56_CM23_3_16ok.wav,3.68,4.13
CleanCorpus/InterviewTaskok/audio_clipok/56_CM23_3ok/56_CM23_3_16ok.wav,4.59,4.8
CleanCorpus/InterviewTaskok/audio_clipok/56_CM23_3ok/56_CM23_3_16ok.wav,8.28,8.89
CleanCorpus/InterviewTaskok/audio_clipok/56_CM23_3ok/56_CM23_3_16ok.wav,10.82,11.39
CleanCorpus/InterviewTaskok/audio_clipok/56_CM23_3ok/56_CM23_3_11ok.wav,0.43,0.7
CleanCorpus/InterviewTaskok/audio_clipok/56_CM23_3ok/56_CM23_3_11ok.wav,0.97,1.21
CleanCorpus/InterviewTaskok/audio_clipok/56_CM23_3ok/56_CM23_3_11ok.wav,2.38,2.68
CleanCorpus/InterviewTaskok/audio_clipok/56_CM23_3ok/56_CM23_3_11ok.wav,3.93,4.29
CleanCorpus/InterviewTaskok/audio_clipok/56_CM23_3ok/56_CM23_3_11ok.wav,5.03,5.25
CleanCorpus/InterviewTaskok/audio_clipok/56_CM23_3ok/56_CM23_3_11ok.wav,8.67,9.35
CleanCorpus/InterviewTaskok/audio_clipok/56_CM23_3ok/56_CM23_3_10ok.wav,4.03,4.46
CleanCorpus/InterviewTaskok/audio_clipok/56_CM23_3ok/56_CM23_3_10ok.wav,5.34,5.59
CleanCorpus/InterviewTaskok/audio_clipok/56_CM23_3ok/56_CM23_3_10ok.wav,6.8,7.24
CleanCorpus/InterviewTaskok/audio_clipok/56_CM23_3ok/56_CM23_3_10ok.wav,8.18,8.5
CleanCorpus/InterviewTaskok/audio_clipok/56_CM23_3ok/56_CM23_3_10ok.wav,9.11,9.53
CleanCorpus/InterviewTaskok/audio_clipok/56_CM23_3ok/56_CM23_3_10ok.wav,12.7,13.03
CleanCorpus/InterviewTaskok/audio_clipok/56_CM23_3ok/56_CM23_3_10ok.wav,13.29,13.54
CleanCorpus/InterviewTaskok/audio_clipok/56_CM23_3ok/56_CM23_3_2ok.wav,0.75,1.1
CleanCorpus/InterviewTaskok/audio_clipok/56_CM23_3ok/56_CM23_3_2ok.wav,1.94,2.17
CleanCorpus/InterviewTaskok/audio_clipok/56_CM23_3ok/56_CM23_3_2ok.wav,5.93,6.22
CleanCorpus/InterviewTaskok/audio_clipok/56_CM23_3ok/56_CM23_3_2ok.wav,6.5,6.98
CleanCorpus/InterviewTaskok/audio_clipok/56_CM23_3ok/56_CM23_3_2ok.wav,8.51,9.0
CleanCorpus/InterviewTaskok/audio_clipok/56_CM23_3ok/56_CM23_3_2ok.wav,12.32,12.73
CleanCorpus/InterviewTaskok/audio_clipok/56_CM23_3ok/56_CM23_3_2ok.wav,13.57,14.52
CleanCorpus/InterviewTaskok/audio_clipok/56_CM23_3ok/56_CM23_3_2ok.wav,18.21,18.55
CleanCorpus/InterviewTaskok/audio_clipok/56_CM23_3ok/56_CM23_3_2ok.wav,19.86,20.34
CleanCorpus/InterviewTaskok/audio_clipok/56_CM23_3ok/56_CM23_3_2ok.wav,21.25,22.03
CleanCorpus/InterviewTaskok/audio_clipok/56_CM23_3ok/56_CM23_3_7ok.wav,1.76,2.1
CleanCorpus/InterviewTaskok/audio_clipok/56_CM23_3ok/56_CM23_3_4ok.wav,3.5,3.74
CleanCorpus/InterviewTaskok/audio_clipok/56_CM23_3ok/56_CM23_3_4ok.wav,3.89,4.36
CleanCorpus/InterviewTaskok/audio_clipok/56_CM23_3ok/56_CM23_3_4ok.wav,5.31,5.86
CleanCorpus/InterviewTaskok/audio_clipok/56_CM23_3ok/56_CM23_3_4ok.wav,7.86,8.1
CleanCorpus/InterviewTaskok/audio_clipok/56_CM23_3ok/56_CM23_3_4ok.wav,8.44,8.7
CleanCorpus/InterviewTaskok/audio_clipok/56_CM23_3ok/56_CM23_3_15ok.wav,0.54,1.16
CleanCorpus/InterviewTaskok/audio_clipok/56_CM23_3ok/56_CM23_3_15ok.wav,7.08,7.53
CleanCorpus/InterviewTaskok/audio_clipok/56_CM23_3ok/56_CM23_3_15ok.wav,8.18,8.41
CleanCorpus/InterviewTaskok/audio_clipok/56_CM23_3ok/56_CM23_3_15ok.wav,18.77,19.21
CleanCorpus/InterviewTaskok/audio_clipok/56_CM23_3ok/56_CM23_3_13ok.wav,0.37,1.13
CleanCorpus/InterviewTaskok/audio_clipok/56_CM23_3ok/56_CM23_3_13ok.wav,2.88,3.24
CleanCorpus/InterviewTaskok/audio_clipok/56_CM23_3ok/56_CM23_3_13ok.wav,5.94,6.15
CleanCorpus/InterviewTaskok/audio_clipok/56_CM23_3ok/56_CM23_3_12ok.wav,2.54,2.98
CleanCorpus/InterviewTaskok/audio_clipok/56_CM23_3ok/56_CM23_3_12ok.wav,6.75,7.27
CleanCorpus/InterviewTaskok/audio_clipok/65_PF41_3ok/65_PF41_3_2ok.wav,4.35,5.31
CleanCorpus/InterviewTaskok/audio_clipok/65_PF41_3ok/65_PF41_3_2ok.wav,14.33,14.62
CleanCorpus/InterviewTaskok/audio_clipok/65_PF41_3ok/65_PF41_3_1ok.wav,4.75,5.31
CleanCorpus/InterviewTaskok/audio_clipok/65_PF41_3ok/65_PF41_3_1ok.wav,9.35,10.21
CleanCorpus/InterviewTaskok/audio_clipok/65_PF41_3ok/65_PF41_3_1ok.wav,15.19,15.69
CleanCorpus/InterviewTaskok/audio_clipok/65_PF41_3ok/65_PF41_3_1ok.wav,18.61,19.83
CleanCorpus/InterviewTaskok/audio_clipok/65_PF41_3ok/65_PF41_3_1ok.wav,27.38,28.97
CleanCorpus/InterviewTaskok/audio_clipok/65_PF41_3ok/65_PF41_3_1ok.wav,30.2,31.09
CleanCorpus/InterviewTaskok/audio_clipok/65_PF41_3ok/65_PF41_3_1ok.wav,39.09,40.88
CleanCorpus/InterviewTaskok/audio_clipok/65_PF41_3ok/65_PF41_3_1ok.wav,41.86,42.24
CleanCorpus/InterviewTaskok/audio_clipok/65_PF41_3ok/65_PF41_3_1ok.wav,46.02,47.82
CleanCorpus/InterviewTaskok/audio_clipok/65_PF41_3ok/65_PF41_3_1ok.wav,51.17,51.57
CleanCorpus/InterviewTaskok/audio_clipok/65_PF41_3ok/65_PF41_3_4ok.wav,1.71,2.13
CleanCorpus/InterviewTaskok/audio_clipok/65_PF41_3ok/65_PF41_3_4ok.wav,5.45,6.06
CleanCorpus/InterviewTaskok/audio_clipok/65_PF41_3ok/65_PF41_3_4ok.wav,8.7,9.02
CleanCorpus/InterviewTaskok/audio_clipok/65_PF41_3ok/65_PF41_3_4ok.wav,14.65,15.32
CleanCorpus/InterviewTaskok/audio_clipok/65_PF41_3ok/65_PF41_3_4ok.wav,19.62,20.5
CleanCorpus/InterviewTaskok/audio_clipok/65_PF41_3ok/65_PF41_3_4ok.wav,20.58,20.95
CleanCorpus/InterviewTaskok/audio_clipok/65_PF41_3ok/65_PF41_3_3ok.wav,3.26,3.8
CleanCorpus/InterviewTaskok/audio_clipok/65_PF41_3ok/65_PF41_3_3ok.wav,14.02,14.33
CleanCorpus/InterviewTaskok/audio_clipok/22_PF40_3ok/22_PF40_3_3ok.wav,9.79,9.99
CleanCorpus/InterviewTaskok/audio_clipok/22_PF40_3ok/22_PF40_3_2ok.wav,4.05,4.54
CleanCorpus/InterviewTaskok/audio_clipok/22_PF40_3ok/22_PF40_3_2ok.wav,15.75,16.06
CleanCorpus/InterviewTaskok/audio_clipok/22_PF40_3ok/22_PF40_3_6ok.wav,2.86,3.47
CleanCorpus/InterviewTaskok/audio_clipok/22_PF40_3ok/22_PF40_3_6ok.wav,11.7,12.4
CleanCorpus/InterviewTaskok/audio_clipok/22_PF40_3ok/22_PF40_3_6ok.wav,14.92,15.19
CleanCorpus/InterviewTaskok/audio_clipok/22_PF40_3ok/22_PF40_3_6ok.wav,25.38,25.84
CleanCorpus/InterviewTaskok/audio_clipok/22_PF40_3ok/22_PF40_3_6ok.wav,30.96,31.51
CleanCorpus/InterviewTaskok/audio_clipok/22_PF40_3ok/22_PF40_3_6ok.wav,37.83,38.47
CleanCorpus/InterviewTaskok/audio_clipok/22_PF40_3ok/22_PF40_3_6ok.wav,43.32,43.65
CleanCorpus/InterviewTaskok/audio_clipok/22_PF40_3ok/22_PF40_3_6ok.wav,46.7,47.07
CleanCorpus/InterviewTaskok/audio_clipok/22_PF40_3ok/22_PF40_3_6ok.wav,52.01,52.75
CleanCorpus/InterviewTaskok/audio_clipok/22_PF40_3ok/22_PF40_3_5ok.wav,14.23,14.43
CleanCorpus/InterviewTaskok/audio_clipok/22_PF40_3ok/22_PF40_3_1ok.wav,4.7,5.51
CleanCorpus/InterviewTaskok/audio_clipok/22_PF40_3ok/22_PF40_3_1ok.wav,7.08,7.74
CleanCorpus/InterviewTaskok/audio_clipok/22_PF40_3ok/22_PF40_3_1ok.wav,10.51,11.17
CleanCorpus/InterviewTaskok/audio_clipok/22_PF40_3ok/22_PF40_3_1ok.wav,21.11,22.26
CleanCorpus/InterviewTaskok/audio_clipok/22_PF40_3ok/22_PF40_3_1ok.wav,26.77,27.08
CleanCorpus/InterviewTaskok/audio_clipok/22_PF40_3ok/22_PF40_3_1ok.wav,30.34,30.61
CleanCorpus/InterviewTaskok/audio_clipok/22_PF40_3ok/22_PF40_3_1ok.wav,37.28,37.97
CleanCorpus/InterviewTaskok/audio_clipok/22_PF40_3ok/22_PF40_3_1ok.wav,39.2,39.8
CleanCorpus/InterviewTaskok/audio_clipok/20_CM51_3ok/20_CM51_3_4ok.wav,3.16,3.62
CleanCorpus/InterviewTaskok/audio_clipok/20_CM51_3ok/20_CM51_3_4ok.wav,5.61,6.07
CleanCorpus/InterviewTaskok/audio_clipok/20_CM51_3ok/20_CM51_3_4ok.wav,8.66,9.05
CleanCorpus/InterviewTaskok/audio_clipok/20_CM51_3ok/20_CM51_3_4ok.wav,12.45,12.75
CleanCorpus/InterviewTaskok/audio_clipok/20_CM51_3ok/20_CM51_3_4ok.wav,15.64,16.18
CleanCorpus/InterviewTaskok/audio_clipok/20_CM51_3ok/20_CM51_3_4ok.wav,18.6,19.29
CleanCorpus/InterviewTaskok/audio_clipok/20_CM51_3ok/20_CM51_3_2ok.wav,3.19,3.48
CleanCorpus/InterviewTaskok/audio_clipok/20_CM51_3ok/20_CM51_3_2ok.wav,8.48,8.93
CleanCorpus/InterviewTaskok/audio_clipok/20_CM51_3ok/20_CM51_3_2ok.wav,11.5,11.89
CleanCorpus/InterviewTaskok/audio_clipok/20_CM51_3ok/20_CM51_3_2ok.wav,14.27,14.99
CleanCorpus/InterviewTaskok/audio_clipok/20_CM51_3ok/20_CM51_3_2ok.wav,15.8,16.25
CleanCorpus/InterviewTaskok/audio_clipok/20_CM51_3ok/20_CM51_3_2ok.wav,21.44,22.22
CleanCorpus/InterviewTaskok/audio_clipok/20_CM51_3ok/20_CM51_3_2ok.wav,27.51,28.01
CleanCorpus/InterviewTaskok/audio_clipok/20_CM51_3ok/20_CM51_3_2ok.wav,28.7,28.98
CleanCorpus/InterviewTaskok/audio_clipok/20_CM51_3ok/20_CM51_3_2ok.wav,30.37,30.72
CleanCorpus/InterviewTaskok/audio_clipok/20_CM51_3ok/20_CM51_3_2ok.wav,34.75,35.13
CleanCorpus/InterviewTaskok/audio_clipok/20_CM51_3ok/20_CM51_3_2ok.wav,38.45,38.98
CleanCorpus/InterviewTaskok/audio_clipok/20_CM51_3ok/20_CM51_3_2ok.wav,41.99,42.61
CleanCorpus/InterviewTaskok/audio_clipok/20_CM51_3ok/20_CM51_3_2ok.wav,43.88,44.14
CleanCorpus/InterviewTaskok/audio_clipok/20_CM51_3ok/20_CM51_3_2ok.wav,49.44,49.99
CleanCorpus/InterviewTaskok/audio_clipok/20_CM51_3ok/20_CM51_3_2ok.wav,51.31,51.7
CleanCorpus/InterviewTaskok/audio_clipok/20_CM51_3ok/20_CM51_3_2ok.wav,56.81,57.27
CleanCorpus/InterviewTaskok/audio_clipok/20_CM51_3ok/20_CM51_3_2ok.wav,62.29,63.05
CleanCorpus/InterviewTaskok/audio_clipok/20_CM51_3ok/20_CM51_3_2ok.wav,68.75,69.2
CleanCorpus/InterviewTaskok/audio_clipok/20_CM51_3ok/20_CM51_3_2ok.wav,74.65,75.14
CleanCorpus/InterviewTaskok/audio_clipok/20_CM51_3ok/20_CM51_3_2ok.wav,79.31,79.91
CleanCorpus/InterviewTaskok/audio_clipok/20_CM51_3ok/20_CM51_3_2ok.wav,86.43,86.97
CleanCorpus/InterviewTaskok/audio_clipok/20_CM51_3ok/20_CM51_3_1ok.wav,5.49,6.85
CleanCorpus/InterviewTaskok/audio_clipok/20_CM51_3ok/20_CM51_3_1ok.wav,8.92,9.59
CleanCorpus/InterviewTaskok/audio_clipok/20_CM51_3ok/20_CM51_3_1ok.wav,12.91,13.36
CleanCorpus/InterviewTaskok/audio_clipok/20_CM51_3ok/20_CM51_3_1ok.wav,18.03,18.53
CleanCorpus/InterviewTaskok/audio_clipok/20_CM51_3ok/20_CM51_3_1ok.wav,23.07,23.31
CleanCorpus/InterviewTaskok/audio_clipok/20_CM51_3ok/20_CM51_3_1ok.wav,25.52,25.94
CleanCorpus/InterviewTaskok/audio_clipok/20_CM51_3ok/20_CM51_3_1ok.wav,27.62,28.32
CleanCorpus/InterviewTaskok/audio_clipok/20_CM51_3ok/20_CM51_3_1ok.wav,31.42,31.95
CleanCorpus/InterviewTaskok/audio_clipok/20_CM51_3ok/20_CM51_3_1ok.wav,33.05,33.56
CleanCorpus/InterviewTaskok/audio_clipok/20_CM51_3ok/20_CM51_3_1ok.wav,35.73,36.0
CleanCorpus/InterviewTaskok/audio_clipok/20_CM51_3ok/20_CM51_3_1ok.wav,42.98,43.47
CleanCorpus/InterviewTaskok/audio_clipok/20_CM51_3ok/20_CM51_3_1ok.wav,48.37,48.69
CleanCorpus/InterviewTaskok/audio_clipok/20_CM51_3ok/20_CM51_3_1ok.wav,50.6,50.99
CleanCorpus/InterviewTaskok/audio_clipok/20_CM51_3ok/20_CM51_3_1ok.wav,56.1,56.56
CleanCorpus/InterviewTaskok/audio_clipok/20_CM51_3ok/20_CM51_3_1ok.wav,58.37,59.13
CleanCorpus/InterviewTaskok/audio_clipok/20_CM51_3ok/20_CM51_3_1ok.wav,63.71,64.11
CleanCorpus/InterviewTaskok/audio_clipok/20_CM51_3ok/20_CM51_3_1ok.wav,68.23,68.46
CleanCorpus/InterviewTaskok/audio_clipok/20_CM51_3ok/20_CM51_3_1ok.wav,68.6,68.85
CleanCorpus/InterviewTaskok/audio_clipok/20_CM51_3ok/20_CM51_3_1ok.wav,73.43,73.8
CleanCorpus/InterviewTaskok/audio_clipok/20_CM51_3ok/20_CM51_3_1ok.wav,78.08,78.45
CleanCorpus/InterviewTaskok/audio_clipok/20_CM51_3ok/20_CM51_3_1ok.wav,80.9,81.21
CleanCorpus/InterviewTaskok/audio_clipok/20_CM51_3ok/20_CM51_3_1ok.wav,87.01,87.5
CleanCorpus/InterviewTaskok/audio_clipok/20_CM51_3ok/20_CM51_3_1ok.wav,91.48,91.89
CleanCorpus/InterviewTaskok/audio_clipok/20_CM51_3ok/20_CM51_3_1ok.wav,95.1,95.56
CleanCorpus/InterviewTaskok/audio_clipok/20_CM51_3ok/20_CM51_3_1ok.wav,99.3,99.73
CleanCorpus/InterviewTaskok/audio_clipok/20_CM51_3ok/20_CM51_3_1ok.wav,101.96,102.79
CleanCorpus/InterviewTaskok/audio_clipok/20_CM51_3ok/20_CM51_3_1ok.wav,104.0,104.42
CleanCorpus/InterviewTaskok/audio_clipok/20_CM51_3ok/20_CM51_3_1ok.wav,107.69,108.06
CleanCorpus/InterviewTaskok/audio_clipok/20_CM51_3ok/20_CM51_3_3ok.wav,2.28,2.54
CleanCorpus/InterviewTaskok/audio_clipok/20_CM51_3ok/20_CM51_3_3ok.wav,6.56,7.29
CleanCorpus/InterviewTaskok/audio_clipok/20_CM51_3ok/20_CM51_3_3ok.wav,13.03,13.45
CleanCorpus/InterviewTaskok/audio_clipok/20_CM51_3ok/20_CM51_3_3ok.wav,16.42,16.86
CleanCorpus/InterviewTaskok/audio_clipok/20_CM51_3ok/20_CM51_3_3ok.wav,18.56,18.95
CleanCorpus/InterviewTaskok/audio_clipok/20_CM51_3ok/20_CM51_3_3ok.wav,19.65,20.54
CleanCorpus/InterviewTaskok/audio_clipok/20_CM51_3ok/20_CM51_3_3ok.wav,26.98,27.25
CleanCorpus/InterviewTaskok/audio_clipok/20_CM51_3ok/20_CM51_3_3ok.wav,28.69,28.92
CleanCorpus/InterviewTaskok/audio_clipok/20_CM51_3ok/20_CM51_3_3ok.wav,30.21,30.52
CleanCorpus/InterviewTaskok/audio_clipok/03_PF66_3ok/03_PF66_3_1ok.wav,7.32,7.82
CleanCorpus/InterviewTaskok/audio_clipok/03_PF66_3ok/03_PF66_3_1ok.wav,16.9,17.59
CleanCorpus/InterviewTaskok/audio_clipok/03_PF66_3ok/03_PF66_3_1ok.wav,20.62,21.08
CleanCorpus/InterviewTaskok/audio_clipok/03_PF66_3ok/03_PF66_3_1ok.wav,27.52,28.14
CleanCorpus/InterviewTaskok/audio_clipok/03_PF66_3ok/03_PF66_3_1ok.wav,30.37,30.59
CleanCorpus/InterviewTaskok/audio_clipok/03_PF66_3ok/03_PF66_3_1ok.wav,32.3,33.01
CleanCorpus/InterviewTaskok/audio_clipok/03_PF66_3ok/03_PF66_3_1ok.wav,42.66,43.45
CleanCorpus/InterviewTaskok/audio_clipok/03_PF66_3ok/03_PF66_3_1ok.wav,47.47,48.35
CleanCorpus/InterviewTaskok/audio_clipok/03_PF66_3ok/03_PF66_3_1ok.wav,51.5,52.27
CleanCorpus/InterviewTaskok/audio_clipok/03_PF66_3ok/03_PF66_3_1ok.wav,55.32,55.9
CleanCorpus/InterviewTaskok/audio_clipok/03_PF66_3ok/03_PF66_3_1ok.wav,58.08,58.34
CleanCorpus/InterviewTaskok/audio_clipok/03_PF66_3ok/03_PF66_3_1ok.wav,59.25,60.97
CleanCorpus/InterviewTaskok/audio_clipok/03_PF66_3ok/03_PF66_3_1ok.wav,62.25,63.18
CleanCorpus/InterviewTaskok/audio_clipok/03_PF66_3ok/03_PF66_3_1ok.wav,69.07,70.1
CleanCorpus/InterviewTaskok/audio_clipok/03_PF66_3ok/03_PF66_3_1ok.wav,75.39,75.86
CleanCorpus/InterviewTaskok/audio_clipok/03_PF66_3ok/03_PF66_3_1ok.wav,81.91,82.67
CleanCorpus/InterviewTaskok/audio_clipok/03_PF66_3ok/03_PF66_3_1ok.wav,89.62,89.92
CleanCorpus/InterviewTaskok/audio_clipok/03_PF66_3ok/03_PF66_3_1ok.wav,91.77,93.06
CleanCorpus/InterviewTaskok/audio_clipok/03_PF66_3ok/03_PF66_3_1ok.wav,95.5,96.2
CleanCorpus/InterviewTaskok/audio_clipok/03_PF66_3ok/03_PF66_3_1ok.wav,98.39,98.96
CleanCorpus/InterviewTaskok/audio_clipok/03_PF66_3ok/03_PF66_3_1ok.wav,101.8,102.14
CleanCorpus/InterviewTaskok/audio_clipok/03_PF66_3ok/03_PF66_3_1ok.wav,105.4,106.15
CleanCorpus/InterviewTaskok/audio_clipok/03_PF66_3ok/03_PF66_3_1ok.wav,110.84,111.39
CleanCorpus/InterviewTaskok/audio_clipok/03_PF66_3ok/03_PF66_3_1ok.wav,116.62,117.25
CleanCorpus/InterviewTaskok/audio_clipok/03_PF66_3ok/03_PF66_3_1ok.wav,122.7,123.14
CleanCorpus/InterviewTaskok/audio_clipok/03_PF66_3ok/03_PF66_3_1ok.wav,126.15,126.93
CleanCorpus/InterviewTaskok/audio_clipok/03_PF66_3ok/03_PF66_3_1ok.wav,130.48,131.5
CleanCorpus/InterviewTaskok/audio_clipok/03_PF66_3ok/03_PF66_3_1ok.wav,138.84,140.26
CleanCorpus/InterviewTaskok/audio_clipok/03_PF66_3ok/03_PF66_3_1ok.wav,140.43,140.66
CleanCorpus/InterviewTaskok/audio_clipok/03_PF66_3ok/03_PF66_3_4ok.wav,7.89,8.11
CleanCorpus/InterviewTaskok/audio_clipok/03_PF66_3ok/03_PF66_3_4ok.wav,13.59,14.18
CleanCorpus/InterviewTaskok/audio_clipok/03_PF66_3ok/03_PF66_3_4ok.wav,18.14,18.61
CleanCorpus/InterviewTaskok/audio_clipok/03_PF66_3ok/03_PF66_3_4ok.wav,22.47,22.84
CleanCorpus/InterviewTaskok/audio_clipok/03_PF66_3ok/03_PF66_3_4ok.wav,25.77,26.14
CleanCorpus/InterviewTaskok/audio_clipok/03_PF66_3ok/03_PF66_3_4ok.wav,28.14,28.91
CleanCorpus/InterviewTaskok/audio_clipok/03_PF66_3ok/03_PF66_3_4ok.wav,29.13,30.17
CleanCorpus/InterviewTaskok/audio_clipok/03_PF66_3ok/03_PF66_3_4ok.wav,41.86,42.54
CleanCorpus/InterviewTaskok/audio_clipok/03_PF66_3ok/03_PF66_3_4ok.wav,43.91,44.14
CleanCorpus/InterviewTaskok/audio_clipok/03_PF66_3ok/03_PF66_3_4ok.wav,45.32,45.58
CleanCorpus/InterviewTaskok/audio_clipok/03_PF66_3ok/03_PF66_3_4ok.wav,45.65,46.55
CleanCorpus/InterviewTaskok/audio_clipok/03_PF66_3ok/03_PF66_3_4ok.wav,51.01,51.83
CleanCorpus/InterviewTaskok/audio_clipok/03_PF66_3ok/03_PF66_3_4ok.wav,60.63,61.44
CleanCorpus/InterviewTaskok/audio_clipok/03_PF66_3ok/03_PF66_3_2ok.wav,3.56,4.26
CleanCorpus/InterviewTaskok/audio_clipok/03_PF66_3ok/03_PF66_3_2ok.wav,6.88,7.44
CleanCorpus/InterviewTaskok/audio_clipok/03_PF66_3ok/03_PF66_3_2ok.wav,9.34,9.57
CleanCorpus/InterviewTaskok/audio_clipok/03_PF66_3ok/03_PF66_3_2ok.wav,10.05,10.62
CleanCorpus/InterviewTaskok/audio_clipok/03_PF66_3ok/03_PF66_3_2ok.wav,14.61,15.5
CleanCorpus/InterviewTaskok/audio_clipok/03_PF66_3ok/03_PF66_3_2ok.wav,18.22,18.47
CleanCorpus/InterviewTaskok/audio_clipok/03_PF66_3ok/03_PF66_3_2ok.wav,23.09,23.85
CleanCorpus/InterviewTaskok/audio_clipok/03_PF66_3ok/03_PF66_3_2ok.wav,33.51,34.33
CleanCorpus/InterviewTaskok/audio_clipok/03_PF66_3ok/03_PF66_3_2ok.wav,35.53,35.75
CleanCorpus/InterviewTaskok/audio_clipok/03_PF66_3ok/03_PF66_3_2ok.wav,38.9,39.44
CleanCorpus/InterviewTaskok/audio_clipok/03_PF66_3ok/03_PF66_3_2ok.wav,43.98,44.39
CleanCorpus/InterviewTaskok/audio_clipok/03_PF66_3ok/03_PF66_3_2ok.wav,44.67,44.87
CleanCorpus/InterviewTaskok/audio_clipok/03_PF66_3ok/03_PF66_3_2ok.wav,48.91,49.82
CleanCorpus/InterviewTaskok/audio_clipok/03_PF66_3ok/03_PF66_3_2ok.wav,58.87,59.87
CleanCorpus/InterviewTaskok/audio_clipok/03_PF66_3ok/03_PF66_3_2ok.wav,61.14,61.66
CleanCorpus/InterviewTaskok/audio_clipok/03_PF66_3ok/03_PF66_3_2ok.wav,64.44,64.89
CleanCorpus/InterviewTaskok/audio_clipok/03_PF66_3ok/03_PF66_3_2ok.wav,65.33,66.12
CleanCorpus/InterviewTaskok/audio_clipok/03_PF66_3ok/03_PF66_3_2ok.wav,70.52,71.18
CleanCorpus/InterviewTaskok/audio_clipok/03_PF66_3ok/03_PF66_3_2ok.wav,79.38,80.03
CleanCorpus/InterviewTaskok/audio_clipok/03_PF66_3ok/03_PF66_3_2ok.wav,88.68,89.33
CleanCorpus/InterviewTaskok/audio_clipok/03_PF66_3ok/03_PF66_3_2ok.wav,94.41,94.9
CleanCorpus/InterviewTaskok/audio_clipok/03_PF66_3ok/03_PF66_3_2ok.wav,101.0,101.25
CleanCorpus/InterviewTaskok/audio_clipok/03_PF66_3ok/03_PF66_3_2ok.wav,104.82,105.25
CleanCorpus/InterviewTaskok/audio_clipok/03_PF66_3ok/03_PF66_3_2ok.wav,108.72,109.06
CleanCorpus/InterviewTaskok/audio_clipok/03_PF66_3ok/03_PF66_3_2ok.wav,110.54,111.42
CleanCorpus/InterviewTaskok/audio_clipok/03_PF66_3ok/03_PF66_3_2ok.wav,116.84,117.1
CleanCorpus/InterviewTaskok/audio_clipok/03_PF66_3ok/03_PF66_3_2ok.wav,118.92,120.18
CleanCorpus/InterviewTaskok/audio_clipok/03_PF66_3ok/03_PF66_3_2ok.wav,124.25,125.26
CleanCorpus/InterviewTaskok/audio_clipok/03_PF66_3ok/03_PF66_3_2ok.wav,125.85,126.64
CleanCorpus/InterviewTaskok/audio_clipok/03_PF66_3ok/03_PF66_3_3ok.wav,4.06,4.76
CleanCorpus/InterviewTaskok/audio_clipok/03_PF66_3ok/03_PF66_3_3ok.wav,7.69,8.57
CleanCorpus/InterviewTaskok/audio_clipok/03_PF66_3ok/03_PF66_3_3ok.wav,12.93,13.56
CleanCorpus/InterviewTaskok/audio_clipok/03_PF66_3ok/03_PF66_3_3ok.wav,21.02,21.6
CleanCorpus/InterviewTaskok/audio_clipok/03_PF66_3ok/03_PF66_3_3ok.wav,25.21,26.16
CleanCorpus/InterviewTaskok/audio_clipok/03_PF66_3ok/03_PF66_3_3ok.wav,26.19,27.01
CleanCorpus/InterviewTaskok/audio_clipok/03_PF66_3ok/03_PF66_3_3ok.wav,30.01,30.6
CleanCorpus/InterviewTaskok/audio_clipok/08_CF42_2ok/08_CF42_2_2ok.wav,5.95,6.86
CleanCorpus/InterviewTaskok/audio_clipok/08_CF42_2ok/08_CF42_2_2ok.wav,11.97,12.23
CleanCorpus/InterviewTaskok/audio_clipok/08_CF42_2ok/08_CF42_2_2ok.wav,16.1,16.44
CleanCorpus/InterviewTaskok/audio_clipok/08_CF42_2ok/08_CF42_2_2ok.wav,28.0,28.97
CleanCorpus/InterviewTaskok/audio_clipok/08_CF42_2ok/08_CF42_2_2ok.wav,34.46,35.3
CleanCorpus/InterviewTaskok/audio_clipok/08_CF42_2ok/08_CF42_2_2ok.wav,36.07,37.05
CleanCorpus/InterviewTaskok/audio_clipok/08_CF42_2ok/08_CF42_2_2ok.wav,41.18,42.11
CleanCorpus/InterviewTaskok/audio_clipok/08_CF42_2ok/08_CF42_2_1ok.wav,7.22,7.65
CleanCorpus/InterviewTaskok/audio_clipok/08_CF42_2ok/08_CF42_2_1ok.wav,11.71,12.49
CleanCorpus/InterviewTaskok/audio_clipok/08_CF42_2ok/08_CF42_2_1ok.wav,15.41,16.07
CleanCorpus/InterviewTaskok/audio_clipok/08_CF42_2ok/08_CF42_2_1ok.wav,25.25,25.46
CleanCorpus/InterviewTaskok/audio_clipok/08_CF42_2ok/08_CF42_2_1ok.wav,26.61,27.26
CleanCorpus/InterviewTaskok/audio_clipok/08_CF42_2ok/08_CF42_2_1ok.wav,40.16,40.68
CleanCorpus/InterviewTaskok/audio_clipok/08_CF42_2ok/08_CF42_2_1ok.wav,40.82,41.08
CleanCorpus/InterviewTaskok/audio_clipok/08_CF42_2ok/08_CF42_2_1ok.wav,45.48,45.83
CleanCorpus/InterviewTaskok/audio_clipok/08_CF42_2ok/08_CF42_2_1ok.wav,47.05,47.56
CleanCorpus/InterviewTaskok/audio_clipok/08_CF42_2ok/08_CF42_2_1ok.wav,54.38,55.36
CleanCorpus/InterviewTaskok/audio_clipok/08_CF42_2ok/08_CF42_2_1ok.wav,62.61,62.91
CleanCorpus/InterviewTaskok/audio_clipok/08_CF42_2ok/08_CF42_2_1ok.wav,63.97,64.78
CleanCorpus/InterviewTaskok/audio_clipok/08_CF42_2ok/08_CF42_2_1ok.wav,66.5,66.86
CleanCorpus/InterviewTaskok/audio_clipok/08_CF42_2ok/08_CF42_2_1ok.wav,67.9,68.65
CleanCorpus/InterviewTaskok/audio_clipok/08_CF42_2ok/08_CF42_2_1ok.wav,74.14,75.25
CleanCorpus/InterviewTaskok/audio_clipok/08_CF42_2ok/08_CF42_2_1ok.wav,79.58,80.28
CleanCorpus/InterviewTaskok/audio_clipok/08_CF42_2ok/08_CF42_2_1ok.wav,87.83,88.42
CleanCorpus/InterviewTaskok/audio_clipok/08_CF42_2ok/08_CF42_2_1ok.wav,95.06,95.38
CleanCorpus/InterviewTaskok/audio_clipok/08_CF42_2ok/08_CF42_2_1ok.wav,101.29,101.59
CleanCorpus/InterviewTaskok/audio_clipok/08_CF42_2ok/08_CF42_2_5ok.wav,5.97,6.19
CleanCorpus/InterviewTaskok/audio_clipok/08_CF42_2ok/08_CF42_2_5ok.wav,32.62,32.87
CleanCorpus/InterviewTaskok/audio_clipok/08_CF42_2ok/08_CF42_2_5ok.wav,37.53,37.73
CleanCorpus/InterviewTaskok/audio_clipok/08_CF42_2ok/08_CF42_2_5ok.wav,43.4,43.93
CleanCorpus/InterviewTaskok/audio_clipok/08_CF42_2ok/08_CF42_2_5ok.wav,48.7,49.17
CleanCorpus/InterviewTaskok/audio_clipok/08_CF42_2ok/08_CF42_2_5ok.wav,56.47,56.75
CleanCorpus/InterviewTaskok/audio_clipok/08_CF42_2ok/08_CF42_2_5ok.wav,59.42,60.01
CleanCorpus/InterviewTaskok/audio_clipok/08_CF42_2ok/08_CF42_2_5ok.wav,61.52,61.96
CleanCorpus/InterviewTaskok/audio_clipok/08_CF42_2ok/08_CF42_2_5ok.wav,74.94,75.16
CleanCorpus/InterviewTaskok/audio_clipok/08_CF42_2ok/08_CF42_2_5ok.wav,87.07,87.36
CleanCorpus/InterviewTaskok/audio_clipok/08_CF42_2ok/08_CF42_2_5ok.wav,93.59,94.14
CleanCorpus/InterviewTaskok/audio_clipok/08_CF42_2ok/08_CF42_2_5ok.wav,98.93,99.33
CleanCorpus/InterviewTaskok/audio_clipok/08_CF42_2ok/08_CF42_2_5ok.wav,105.8,106.36
CleanCorpus/InterviewTaskok/audio_clipok/08_CF42_2ok/08_CF42_2_5ok.wav,119.27,119.51
CleanCorpus/InterviewTaskok/audio_clipok/08_CF42_2ok/08_CF42_2_3ok.wav,10.01,10.67
CleanCorpus/InterviewTaskok/audio_clipok/08_CF42_2ok/08_CF42_2_3ok.wav,22.17,22.74
CleanCorpus/InterviewTaskok/audio_clipok/08_CF42_2ok/08_CF42_2_3ok.wav,25.18,25.43
CleanCorpus/InterviewTaskok/audio_clipok/08_CF42_2ok/08_CF42_2_3ok.wav,27.19,27.62
CleanCorpus/InterviewTaskok/audio_clipok/08_CF42_2ok/08_CF42_2_3ok.wav,35.18,35.64
CleanCorpus/InterviewTaskok/audio_clipok/08_CF42_2ok/08_CF42_2_3ok.wav,40.77,41.8
CleanCorpus/InterviewTaskok/audio_clipok/08_CF42_2ok/08_CF42_2_3ok.wav,47.02,47.8
CleanCorpus/InterviewTaskok/audio_clipok/08_CF42_2ok/08_CF42_2_3ok.wav,52.21,52.55
CleanCorpus/InterviewTaskok/audio_clipok/08_CF42_2ok/08_CF42_2_3ok.wav,55.71,56.16
CleanCorpus/InterviewTaskok/audio_clipok/08_CF42_2ok/08_CF42_2_3ok.wav,61.29,62.07
CleanCorpus/InterviewTaskok/audio_clipok/08_CF42_2ok/08_CF42_2_3ok.wav,69.29,69.7
CleanCorpus/InterviewTaskok/audio_clipok/08_CF42_2ok/08_CF42_2_3ok.wav,71.13,71.46
CleanCorpus/InterviewTaskok/audio_clipok/08_CF42_2ok/08_CF42_2_3ok.wav,72.96,73.3
CleanCorpus/InterviewTaskok/audio_clipok/08_CF42_2ok/08_CF42_2_3ok.wav,78.3,79.41
CleanCorpus/InterviewTaskok/audio_clipok/08_CF42_2ok/08_CF42_2_3ok.wav,85.76,86.12
CleanCorpus/InterviewTaskok/audio_clipok/08_CF42_2ok/08_CF42_2_3ok.wav,86.77,86.97
CleanCorpus/InterviewTaskok/audio_clipok/08_CF42_2ok/08_CF42_2_3ok.wav,88.34,88.94
CleanCorpus/InterviewTaskok/audio_clipok/08_CF42_2ok/08_CF42_2_3ok.wav,92.26,92.72
CleanCorpus/InterviewTaskok/audio_clipok/08_CF42_2ok/08_CF42_2_3ok.wav,103.73,104.15
CleanCorpus/InterviewTaskok/audio_clipok/08_CF42_2ok/08_CF42_2_3ok.wav,112.09,112.76
CleanCorpus/InterviewTaskok/audio_clipok/08_CF42_2ok/08_CF42_2_3ok.wav,114.58,114.94
CleanCorpus/InterviewTaskok/audio_clipok/08_CF42_2ok/08_CF42_2_3ok.wav,115.79,116.18
CleanCorpus/InterviewTaskok/audio_clipok/08_CF42_2ok/08_CF42_2_3ok.wav,119.35,119.97
CleanCorpus/InterviewTaskok/audio_clipok/49_CM54_4ok/49_CM54_4_3ok.wav,4.12,5.19
CleanCorpus/InterviewTaskok/audio_clipok/49_CM54_4ok/49_CM54_4_9ok.wav,0.14,1.35
CleanCorpus/InterviewTaskok/audio_clipok/49_CM54_4ok/49_CM54_4_9ok.wav,3.65,3.85
CleanCorpus/InterviewTaskok/audio_clipok/49_CM54_4ok/49_CM54_4_9ok.wav,12.31,12.99
CleanCorpus/InterviewTaskok/audio_clipok/49_CM54_4ok/49_CM54_4_7ok.wav,7.9,8.43
CleanCorpus/InterviewTaskok/audio_clipok/49_CM54_4ok/49_CM54_4_6ok.wav,3.51,3.82
CleanCorpus/InterviewTaskok/audio_clipok/49_CM54_4ok/49_CM54_4_6ok.wav,7.33,9.33
CleanCorpus/InterviewTaskok/audio_clipok/49_CM54_4ok/49_CM54_4_6ok.wav,12.17,12.37
CleanCorpus/InterviewTaskok/audio_clipok/49_CM54_4ok/49_CM54_4_6ok.wav,17.4,17.89
CleanCorpus/InterviewTaskok/audio_clipok/49_CM54_4ok/49_CM54_4_6ok.wav,19.81,20.33
CleanCorpus/InterviewTaskok/audio_clipok/49_CM54_4ok/49_CM54_4_5ok.wav,5.84,6.37
CleanCorpus/InterviewTaskok/audio_clipok/49_CM54_4ok/49_CM54_4_5ok.wav,8.1,8.35
CleanCorpus/InterviewTaskok/audio_clipok/49_CM54_4ok/49_CM54_4_5ok.wav,13.67,14.67
CleanCorpus/InterviewTaskok/audio_clipok/49_CM54_4ok/49_CM54_4_5ok.wav,15.69,16.08
CleanCorpus/InterviewTaskok/audio_clipok/49_CM54_4ok/49_CM54_4_5ok.wav,20.63,21.29
CleanCorpus/InterviewTaskok/audio_clipok/49_CM54_4ok/49_CM54_4_5ok.wav,31.23,31.88
CleanCorpus/InterviewTaskok/audio_clipok/49_CM54_4ok/49_CM54_4_4ok.wav,3.19,3.69
CleanCorpus/InterviewTaskok/audio_clipok/49_CM54_4ok/49_CM54_4_4ok.wav,17.95,18.65
CleanCorpus/InterviewTaskok/audio_clipok/49_CM54_4ok/49_CM54_4_4ok.wav,21.63,21.93
CleanCorpus/InterviewTaskok/audio_clipok/49_CM54_4ok/49_CM54_4_1ok.wav,0.0,0.57
CleanCorpus/InterviewTaskok/audio_clipok/49_CM54_4ok/49_CM54_4_1ok.wav,1.6,1.8
CleanCorpus/InterviewTaskok/audio_clipok/49_CM54_4ok/49_CM54_4_1ok.wav,6.17,7.04
CleanCorpus/InterviewTaskok/audio_clipok/49_CM54_4ok/49_CM54_4_1ok.wav,11.15,12.03
CleanCorpus/InterviewTaskok/audio_clipok/49_CM54_4ok/49_CM54_4_1ok.wav,14.78,15.33
CleanCorpus/InterviewTaskok/audio_clipok/49_CM54_4ok/49_CM54_4_1ok.wav,18.25,19.05
CleanCorpus/InterviewTaskok/audio_clipok/49_CM54_4ok/49_CM54_4_1ok.wav,21.42,21.9
CleanCorpus/InterviewTaskok/audio_clipok/49_CM54_4ok/49_CM54_4_1ok.wav,23.36,23.93
CleanCorpus/InterviewTaskok/audio_clipok/49_CM54_4ok/49_CM54_4_8ok.wav,0.22,0.88
CleanCorpus/InterviewTaskok/audio_clipok/49_CM54_4ok/49_CM54_4_8ok.wav,8.1,8.75
CleanCorpus/InterviewTaskok/audio_clipok/49_CM54_4ok/49_CM54_4_8ok.wav,10.83,11.34
CleanCorpus/InterviewTaskok/audio_clipok/49_CM54_4ok/49_CM54_4_8ok.wav,13.9,14.74
CleanCorpus/InterviewTaskok/audio_clipok/49_CM54_4ok/49_CM54_4_8ok.wav,18.19,19.4
CleanCorpus/InterviewTaskok/audio_clipok/49_CM54_4ok/49_CM54_4_8ok.wav,24.14,24.66
CleanCorpus/InterviewTaskok/audio_clipok/49_CM54_4ok/49_CM54_4_8ok.wav,27.71,28.22
CleanCorpus/InterviewTaskok/audio_clipok/49_CM54_4ok/49_CM54_4_2ok.wav,2.4,3.01
CleanCorpus/InterviewTaskok/audio_clipok/49_CM54_4ok/49_CM54_4_2ok.wav,4.79,5.26
CleanCorpus/InterviewTaskok/audio_clipok/26_PM54_3ok/26_PM54_3_1ok.wav,2.36,3.45
CleanCorpus/InterviewTaskok/audio_clipok/26_PM54_3ok/26_PM54_3_1ok.wav,3.48,3.85
CleanCorpus/InterviewTaskok/audio_clipok/26_PM54_3ok/26_PM54_3_1ok.wav,4.74,5.49
CleanCorpus/InterviewTaskok/audio_clipok/26_PM54_3ok/26_PM54_3_1ok.wav,5.8,6.15
CleanCorpus/InterviewTaskok/audio_clipok/26_PM54_3ok/26_PM54_3_1ok.wav,7.74,8.02
CleanCorpus/InterviewTaskok/audio_clipok/26_PM54_3ok/26_PM54_3_1ok.wav,10.08,10.78
CleanCorpus/InterviewTaskok/audio_clipok/26_PM54_3ok/26_PM54_3_1ok.wav,14.49,15.39
CleanCorpus/InterviewTaskok/audio_clipok/26_PM54_3ok/26_PM54_3_1ok.wav,16.02,16.62
CleanCorpus/InterviewTaskok/audio_clipok/26_PM54_3ok/26_PM54_3_1ok.wav,18.7,19.85
CleanCorpus/InterviewTaskok/audio_clipok/26_PM54_3ok/26_PM54_3_1ok.wav,20.6,22.19
CleanCorpus/InterviewTaskok/audio_clipok/26_PM54_3ok/26_PM54_3_1ok.wav,24.45,25.36
CleanCorpus/InterviewTaskok/audio_clipok/26_PM54_3ok/26_PM54_3_1ok.wav,28.54,30.09
CleanCorpus/InterviewTaskok/audio_clipok/26_PM54_3ok/26_PM54_3_1ok.wav,30.67,32.47
CleanCorpus/InterviewTaskok/audio_clipok/26_PM54_3ok/26_PM54_3_1ok.wav,34.77,36.27
CleanCorpus/InterviewTaskok/audio_clipok/26_PM54_3ok/26_PM54_3_1ok.wav,39.81,40.92
CleanCorpus/InterviewTaskok/audio_clipok/26_PM54_3ok/26_PM54_3_1ok.wav,41.38,41.76
CleanCorpus/InterviewTaskok/audio_clipok/26_PM54_3ok/26_PM54_3_1ok.wav,42.41,43.95
CleanCorpus/InterviewTaskok/audio_clipok/26_PM54_3ok/26_PM54_3_1ok.wav,49.18,49.59
CleanCorpus/InterviewTaskok/audio_clipok/26_PM54_3ok/26_PM54_3_1ok.wav,51.16,51.62
CleanCorpus/InterviewTaskok/audio_clipok/26_PM54_3ok/26_PM54_3_1ok.wav,52.18,52.42
CleanCorpus/InterviewTaskok/audio_clipok/26_PM54_3ok/26_PM54_3_1ok.wav,55.14,56.43
CleanCorpus/InterviewTaskok/audio_clipok/26_PM54_3ok/26_PM54_3_1ok.wav,58.33,58.87
CleanCorpus/InterviewTaskok/audio_clipok/26_PM54_3ok/26_PM54_3_1ok.wav,61.18,61.63
CleanCorpus/InterviewTaskok/audio_clipok/26_PM54_3ok/26_PM54_3_2ok.wav,3.16,4.06
CleanCorpus/InterviewTaskok/audio_clipok/26_PM54_3ok/26_PM54_3_2ok.wav,5.37,5.58
CleanCorpus/InterviewTaskok/audio_clipok/26_PM54_3ok/26_PM54_3_2ok.wav,7.11,7.33
CleanCorpus/InterviewTaskok/audio_clipok/26_PM54_3ok/26_PM54_3_2ok.wav,8.97,9.74
CleanCorpus/InterviewTaskok/audio_clipok/26_PM54_3ok/26_PM54_3_2ok.wav,11.36,11.71
CleanCorpus/InterviewTaskok/audio_clipok/26_PM54_3ok/26_PM54_3_2ok.wav,12.88,13.1
CleanCorpus/InterviewTaskok/audio_clipok/26_PM54_3ok/26_PM54_3_2ok.wav,14.19,15.12
CleanCorpus/InterviewTaskok/audio_clipok/26_PM54_3ok/26_PM54_3_2ok.wav,17.62,18.36
CleanCorpus/InterviewTaskok/audio_clipok/26_PM54_3ok/26_PM54_3_2ok.wav,20.46,21.96
CleanCorpus/InterviewTaskok/audio_clipok/26_PM54_3ok/26_PM54_3_3ok.wav,7.74,8.28
CleanCorpus/InterviewTaskok/audio_clipok/26_PM54_3ok/26_PM54_3_3ok.wav,12.73,13.18
CleanCorpus/InterviewTaskok/audio_clipok/26_PM54_3ok/26_PM54_3_3ok.wav,13.91,14.18
CleanCorpus/InterviewTaskok/audio_clipok/26_PM54_3ok/26_PM54_3_3ok.wav,14.43,15.03
CleanCorpus/InterviewTaskok/audio_clipok/26_PM54_3ok/26_PM54_3_3ok.wav,18.86,19.07
CleanCorpus/InterviewTaskok/audio_clipok/26_PM54_3ok/26_PM54_3_3ok.wav,21.56,21.93
CleanCorpus/InterviewTaskok/audio_clipok/26_PM54_3ok/26_PM54_3_3ok.wav,22.21,22.64
CleanCorpus/InterviewTaskok/audio_clipok/26_PM54_3ok/26_PM54_3_3ok.wav,26.47,27.12
CleanCorpus/InterviewTaskok/audio_clipok/26_PM54_3ok/26_PM54_3_3ok.wav,30.92,32.18
CleanCorpus/InterviewTaskok/audio_clipok/26_PM54_3ok/26_PM54_3_3ok.wav,33.15,33.52
CleanCorpus/InterviewTaskok/audio_clipok/26_PM54_3ok/26_PM54_3_3ok.wav,37.76,38.15
CleanCorpus/InterviewTaskok/audio_clipok/26_PM54_3ok/26_PM54_3_3ok.wav,38.58,38.9
CleanCorpus/InterviewTaskok/audio_clipok/26_PM54_3ok/26_PM54_3_3ok.wav,43.28,43.51
CleanCorpus/InterviewTaskok/audio_clipok/26_PM54_3ok/26_PM54_3_3ok.wav,46.9,47.89
CleanCorpus/InterviewTaskok/audio_clipok/26_PM54_3ok/26_PM54_3_3ok.wav,48.52,48.76
CleanCorpus/InterviewTaskok/audio_clipok/26_PM54_3ok/26_PM54_3_3ok.wav,48.94,49.22
CleanCorpus/InterviewTaskok/audio_clipok/26_PM54_3ok/26_PM54_3_3ok.wav,50.59,50.79
CleanCorpus/InterviewTaskok/audio_clipok/26_PM54_3ok/26_PM54_3_3ok.wav,52.87,54.07
CleanCorpus/InterviewTaskok/audio_clipok/26_PM54_3ok/26_PM54_3_3ok.wav,59.31,59.89
CleanCorpus/InterviewTaskok/audio_clipok/26_PM54_3ok/26_PM54_3_3ok.wav,65.1,66.46
CleanCorpus/InterviewTaskok/audio_clipok/26_PM54_3ok/26_PM54_3_3ok.wav,70.0,70.58
CleanCorpus/InterviewTaskok/audio_clipok/26_PM54_3ok/26_PM54_3_3ok.wav,71.68,72.23
CleanCorpus/InterviewTaskok/audio_clipok/26_PM54_3ok/26_PM54_3_3ok.wav,73.19,73.75
CleanCorpus/InterviewTaskok/audio_clipok/26_PM54_3ok/26_PM54_3_3ok.wav,75.34,76.45
CleanCorpus/InterviewTaskok/audio_clipok/26_PM54_3ok/26_PM54_3_3ok.wav,77.26,77.48
CleanCorpus/InterviewTaskok/audio_clipok/26_PM54_3ok/26_PM54_3_3ok.wav,77.71,78.8
CleanCorpus/InterviewTaskok/audio_clipok/26_PM54_3ok/26_PM54_3_3ok.wav,80.78,82.25
CleanCorpus/InterviewTaskok/audio_clipok/26_PM54_3ok/26_PM54_3_3ok.wav,82.94,83.95
CleanCorpus/InterviewTaskok/audio_clipok/26_PM54_3ok/26_PM54_3_3ok.wav,85.46,86.43
CleanCorpus/InterviewTaskok/audio_clipok/26_PM54_3ok/26_PM54_3_3ok.wav,86.65,87.2
CleanCorpus/InterviewTaskok/audio_clipok/26_PM54_3ok/26_PM54_3_3ok.wav,89.6,90.12
CleanCorpus/InterviewTaskok/audio_clipok/26_PM54_3ok/26_PM54_3_3ok.wav,93.19,93.76
CleanCorpus/InterviewTaskok/audio_clipok/26_PM54_3ok/26_PM54_3_3ok.wav,95.14,95.97
CleanCorpus/InterviewTaskok/audio_clipok/26_PM54_3ok/26_PM54_3_3ok.wav,99.54,100.21
CleanCorpus/InterviewTaskok/audio_clipok/26_PM54_3ok/26_PM54_3_3ok.wav,104.32,105.17
CleanCorpus/InterviewTaskok/audio_clipok/26_PM54_3ok/26_PM54_3_3ok.wav,106.97,107.91
CleanCorpus/InterviewTaskok/audio_clipok/26_PM54_3ok/26_PM54_3_3ok.wav,110.61,111.23
CleanCorpus/InterviewTaskok/audio_clipok/26_PM54_3ok/26_PM54_3_3ok.wav,115.97,116.95
CleanCorpus/InterviewTaskok/audio_clipok/26_PM54_3ok/26_PM54_3_3ok.wav,117.07,117.41
CleanCorpus/InterviewTaskok/audio_clipok/26_PM54_3ok/26_PM54_3_3ok.wav,119.38,119.62
CleanCorpus/InterviewTaskok/audio_clipok/26_PM54_3ok/26_PM54_3_3ok.wav,121.5,122.39
CleanCorpus/InterviewTaskok/audio_clipok/26_PM54_3ok/26_PM54_3_3ok.wav,122.8,123.11
CleanCorpus/InterviewTaskok/audio_clipok/14_CF49_3ok/14_CF49_3_12ok.wav,5.57,5.98
CleanCorpus/InterviewTaskok/audio_clipok/14_CF49_3ok/14_CF49_3_12ok.wav,12.67,13.13
CleanCorpus/InterviewTaskok/audio_clipok/14_CF49_3ok/14_CF49_3_12ok.wav,19.85,20.3
CleanCorpus/InterviewTaskok/audio_clipok/14_CF49_3ok/14_CF49_3_12ok.wav,25.1,25.52
CleanCorpus/InterviewTaskok/audio_clipok/14_CF49_3ok/14_CF49_3_12ok.wav,30.46,30.84
CleanCorpus/InterviewTaskok/audio_clipok/14_CF49_3ok/14_CF49_3_10ok.wav,2.45,2.92
CleanCorpus/InterviewTaskok/audio_clipok/14_CF49_3ok/14_CF49_3_10ok.wav,6.87,7.4
CleanCorpus/InterviewTaskok/audio_clipok/14_CF49_3ok/14_CF49_3_6ok.wav,4.18,4.79
CleanCorpus/InterviewTaskok/audio_clipok/14_CF49_3ok/14_CF49_3_11ok.wav,0.94,1.44
CleanCorpus/InterviewTaskok/audio_clipok/14_CF49_3ok/14_CF49_3_11ok.wav,4.92,5.48
CleanCorpus/InterviewTaskok/audio_clipok/14_CF49_3ok/14_CF49_3_5ok.wav,23.09,23.38
CleanCorpus/InterviewTaskok/audio_clipok/14_CF49_3ok/14_CF49_3_3ok.wav,1.79,2.25
CleanCorpus/InterviewTaskok/audio_clipok/14_CF49_3ok/14_CF49_3_3ok.wav,4.18,5.15
CleanCorpus/InterviewTaskok/audio_clipok/14_CF49_3ok/14_CF49_3_3ok.wav,7.47,7.89
CleanCorpus/InterviewTaskok/audio_clipok/14_CF49_3ok/14_CF49_3_3ok.wav,15.76,16.31
CleanCorpus/InterviewTaskok/audio_clipok/14_CF49_3ok/14_CF49_3_3ok.wav,24.32,24.98
CleanCorpus/InterviewTaskok/audio_clipok/14_CF49_3ok/14_CF49_3_3ok.wav,26.78,27.14
CleanCorpus/InterviewTaskok/audio_clipok/14_CF49_3ok/14_CF49_3_3ok.wav,36.63,37.15
CleanCorpus/InterviewTaskok/audio_clipok/14_CF49_3ok/14_CF49_3_3ok.wav,39.07,39.68
CleanCorpus/InterviewTaskok/audio_clipok/14_CF49_3ok/14_CF49_3_1ok.wav,3.87,4.28
CleanCorpus/InterviewTaskok/audio_clipok/14_CF49_3ok/14_CF49_3_1ok.wav,4.7,5.48
CleanCorpus/InterviewTaskok/audio_clipok/14_CF49_3ok/14_CF49_3_1ok.wav,9.09,9.89
CleanCorpus/InterviewTaskok/audio_clipok/14_CF49_3ok/14_CF49_3_1ok.wav,16.93,17.23
CleanCorpus/InterviewTaskok/audio_clipok/14_CF49_3ok/14_CF49_3_1ok.wav,20.35,21.43
CleanCorpus/InterviewTaskok/audio_clipok/14_CF49_3ok/14_CF49_3_1ok.wav,22.33,22.68
CleanCorpus/InterviewTaskok/audio_clipok/14_CF49_3ok/14_CF49_3_1ok.wav,24.28,24.5
CleanCorpus/InterviewTaskok/audio_clipok/14_CF49_3ok/14_CF49_3_1ok.wav,26.52,27.05
CleanCorpus/InterviewTaskok/audio_clipok/14_CF49_3ok/14_CF49_3_2ok.wav,0.67,1.01
CleanCorpus/InterviewTaskok/audio_clipok/14_CF49_3ok/14_CF49_3_2ok.wav,4.48,5.58
CleanCorpus/InterviewTaskok/audio_clipok/14_CF49_3ok/14_CF49_3_2ok.wav,9.88,10.6
CleanCorpus/InterviewTaskok/audio_clipok/62_PF56_3ok/62_PF56_3_2ok.wav,8.54,8.8
CleanCorpus/InterviewTaskok/audio_clipok/62_PF56_3ok/62_PF56_3_2ok.wav,11.35,11.82
CleanCorpus/InterviewTaskok/audio_clipok/62_PF56_3ok/62_PF56_3_2ok.wav,15.05,15.42
CleanCorpus/InterviewTaskok/audio_clipok/62_PF56_3ok/62_PF56_3_2ok.wav,16.78,17.12
CleanCorpus/InterviewTaskok/audio_clipok/62_PF56_3ok/62_PF56_3_2ok.wav,20.66,21.42
CleanCorpus/InterviewTaskok/audio_clipok/62_PF56_3ok/62_PF56_3_2ok.wav,28.77,29.44
CleanCorpus/InterviewTaskok/audio_clipok/62_PF56_3ok/62_PF56_3_2ok.wav,39.86,40.34
CleanCorpus/InterviewTaskok/audio_clipok/62_PF56_3ok/62_PF56_3_2ok.wav,43.37,43.69
CleanCorpus/InterviewTaskok/audio_clipok/62_PF56_3ok/62_PF56_3_2ok.wav,47.24,47.45
CleanCorpus/InterviewTaskok/audio_clipok/62_PF56_3ok/62_PF56_3_2ok.wav,61.6,61.94
CleanCorpus/InterviewTaskok/audio_clipok/62_PF56_3ok/62_PF56_3_3ok.wav,12.34,12.64
CleanCorpus/InterviewTaskok/audio_clipok/62_PF56_3ok/62_PF56_3_3ok.wav,17.27,17.62
CleanCorpus/InterviewTaskok/audio_clipok/62_PF56_3ok/62_PF56_3_3ok.wav,25.77,26.09
CleanCorpus/InterviewTaskok/audio_clipok/62_PF56_3ok/62_PF56_3_3ok.wav,30.54,30.91
CleanCorpus/InterviewTaskok/audio_clipok/62_PF56_3ok/62_PF56_3_3ok.wav,32.11,32.34
CleanCorpus/InterviewTaskok/audio_clipok/62_PF56_3ok/62_PF56_3_3ok.wav,37.82,38.06
CleanCorpus/InterviewTaskok/audio_clipok/62_PF56_3ok/62_PF56_3_3ok.wav,45.38,45.92
CleanCorpus/InterviewTaskok/audio_clipok/62_PF56_3ok/62_PF56_3_3ok.wav,54.17,54.59
CleanCorpus/InterviewTaskok/audio_clipok/62_PF56_3ok/62_PF56_3_3ok.wav,62.81,63.53
CleanCorpus/InterviewTaskok/audio_clipok/62_PF56_3ok/62_PF56_3_3ok.wav,69.47,69.79
CleanCorpus/InterviewTaskok/audio_clipok/62_PF56_3ok/62_PF56_3_3ok.wav,74.96,76.51
CleanCorpus/InterviewTaskok/audio_clipok/62_PF56_3ok/62_PF56_3_3ok.wav,83.1,83.58
CleanCorpus/InterviewTaskok/audio_clipok/62_PF56_3ok/62_PF56_3_3ok.wav,93.29,94.05
CleanCorpus/InterviewTaskok/audio_clipok/62_PF56_3ok/62_PF56_3_3ok.wav,99.95,100.32
CleanCorpus/InterviewTaskok/audio_clipok/62_PF56_3ok/62_PF56_3_3ok.wav,108.18,108.7
CleanCorpus/InterviewTaskok/audio_clipok/62_PF56_3ok/62_PF56_3_3ok.wav,122.44,123.12
CleanCorpus/InterviewTaskok/audio_clipok/62_PF56_3ok/62_PF56_3_3ok.wav,131.77,132.12
CleanCorpus/InterviewTaskok/audio_clipok/62_PF56_3ok/62_PF56_3_3ok.wav,137.66,138.3
CleanCorpus/InterviewTaskok/audio_clipok/62_PF56_3ok/62_PF56_3_3ok.wav,141.48,142.01
CleanCorpus/InterviewTaskok/audio_clipok/62_PF56_3ok/62_PF56_3_3ok.wav,145.01,145.62
CleanCorpus/InterviewTaskok/audio_clipok/62_PF56_3ok/62_PF56_3_3ok.wav,149.28,149.82
CleanCorpus/InterviewTaskok/audio_clipok/62_PF56_3ok/62_PF56_3_3ok.wav,158.25,158.69
CleanCorpus/InterviewTaskok/audio_clipok/62_PF56_3ok/62_PF56_3_3ok.wav,168.84,169.19
CleanCorpus/InterviewTaskok/audio_clipok/62_PF56_3ok/62_PF56_3_3ok.wav,173.87,174.11
CleanCorpus/InterviewTaskok/audio_clipok/62_PF56_3ok/62_PF56_3_1ok.wav,12.15,12.73
CleanCorpus/InterviewTaskok/audio_clipok/62_PF56_3ok/62_PF56_3_1ok.wav,15.35,15.73
CleanCorpus/InterviewTaskok/audio_clipok/62_PF56_3ok/62_PF56_3_1ok.wav,21.37,21.78
CleanCorpus/InterviewTaskok/audio_clipok/62_PF56_3ok/62_PF56_3_1ok.wav,24.0,24.27
CleanCorpus/InterviewTaskok/audio_clipok/62_PF56_3ok/62_PF56_3_1ok.wav,30.39,30.81
CleanCorpus/InterviewTaskok/audio_clipok/62_PF56_3ok/62_PF56_3_1ok.wav,39.1,39.5
CleanCorpus/InterviewTaskok/audio_clipok/62_PF56_3ok/62_PF56_3_1ok.wav,41.35,41.7
CleanCorpus/InterviewTaskok/audio_clipok/62_PF56_3ok/62_PF56_3_1ok.wav,46.91,48.17
CleanCorpus/InterviewTaskok/audio_clipok/62_PF56_3ok/62_PF56_3_1ok.wav,54.09,54.35
CleanCorpus/InterviewTaskok/audio_clipok/62_PF56_3ok/62_PF56_3_1ok.wav,58.27,59.02
CleanCorpus/InterviewTaskok/audio_clipok/32_CF22_3ok/32_CF22_3_9ok.wav,18.78,19.03
CleanCorpus/InterviewTaskok/audio_clipok/32_CF22_3ok/32_CF22_3_9ok.wav,30.28,30.52
CleanCorpus/InterviewTaskok/audio_clipok/32_CF22_3ok/32_CF22_3_1ok.wav,19.45,20.2
CleanCorpus/InterviewTaskok/audio_clipok/32_CF22_3ok/32_CF22_3_3ok.wav,18.24,18.45
CleanCorpus/InterviewTaskok/audio_clipok/32_CF22_3ok/32_CF22_3_6ok.wav,1.02,1.22
CleanCorpus/InterviewTaskok/audio_clipok/32_CF22_3ok/32_CF22_3_4ok.wav,24.55,24.83
CleanCorpus/InterviewTaskok/audio_clipok/12_CF36_1ok/12_CF36_1_12ok.wav,0.74,0.95
CleanCorpus/InterviewTaskok/audio_clipok/12_CF36_1ok/12_CF36_1_6ok.wav,3.08,3.56
CleanCorpus/InterviewTaskok/audio_clipok/12_CF36_1ok/12_CF36_1_6ok.wav,4.83,5.3
CleanCorpus/InterviewTaskok/audio_clipok/12_CF36_1ok/12_CF36_1_16ok.wav,5.54,5.91
CleanCorpus/InterviewTaskok/audio_clipok/12_CF36_1ok/12_CF36_1_15ok.wav,1.82,2.05
CleanCorpus/InterviewTaskok/audio_clipok/12_CF36_1ok/12_CF36_1_15ok.wav,7.49,7.77
CleanCorpus/InterviewTaskok/audio_clipok/12_CF36_1ok/12_CF36_1_19ok.wav,6.67,7.27
CleanCorpus/InterviewTaskok/audio_clipok/12_CF36_1ok/12_CF36_1_19ok.wav,11.39,11.8
CleanCorpus/InterviewTaskok/audio_clipok/12_CF36_1ok/12_CF36_1_19ok.wav,18.42,18.69
CleanCorpus/InterviewTaskok/audio_clipok/12_CF36_1ok/12_CF36_1_19ok.wav,21.71,22.08
CleanCorpus/InterviewTaskok/audio_clipok/12_CF36_1ok/12_CF36_1_19ok.wav,23.31,24.05
CleanCorpus/InterviewTaskok/audio_clipok/12_CF36_1ok/12_CF36_1_10ok.wav,2.99,3.66
CleanCorpus/InterviewTaskok/audio_clipok/12_CF36_1ok/12_CF36_1_10ok.wav,7.55,8.2
CleanCorpus/InterviewTaskok/audio_clipok/12_CF36_1ok/12_CF36_1_10ok.wav,10.04,10.98
CleanCorpus/InterviewTaskok/audio_clipok/12_CF36_1ok/12_CF36_1_10ok.wav,16.2,16.74
CleanCorpus/InterviewTaskok/audio_clipok/12_CF36_1ok/12_CF36_1_13ok.wav,5.76,6.38
CleanCorpus/InterviewTaskok/audio_clipok/12_CF36_1ok/12_CF36_1_13ok.wav,7.92,8.57
CleanCorpus/InterviewTaskok/audio_clipok/12_CF36_1ok/12_CF36_1_13ok.wav,18.1,18.86
CleanCorpus/InterviewTaskok/audio_clipok/12_CF36_1ok/12_CF36_1_13ok.wav,23.7,23.96
CleanCorpus/InterviewTaskok/audio_clipok/12_CF36_1ok/12_CF36_1_13ok.wav,25.67,26.44
CleanCorpus/InterviewTaskok/audio_clipok/12_CF36_1ok/12_CF36_1_8ok.wav,0.46,0.77
CleanCorpus/InterviewTaskok/audio_clipok/12_CF36_1ok/12_CF36_1_20ok.wav,4.51,4.9
CleanCorpus/InterviewTaskok/audio_clipok/12_CF36_1ok/12_CF36_1_4ok.wav,3.26,4.02
CleanCorpus/InterviewTaskok/audio_clipok/12_CF36_1ok/12_CF36_1_9ok.wav,4.53,4.78
CleanCorpus/InterviewTaskok/audio_clipok/12_CF36_1ok/12_CF36_1_9ok.wav,6.58,7.61
CleanCorpus/InterviewTaskok/audio_clipok/12_CF36_1ok/12_CF36_1_5ok.wav,5.82,6.08
CleanCorpus/InterviewTaskok/audio_clipok/12_CF36_1ok/12_CF36_1_21ok.wav,8.43,8.77
CleanCorpus/InterviewTaskok/audio_clipok/60_PF56_xok/60_PF56_x_2ok.wav,0.44,0.66
CleanCorpus/InterviewTaskok/audio_clipok/60_PF56_xok/60_PF56_x_2ok.wav,2.02,3.73
CleanCorpus/InterviewTaskok/audio_clipok/60_PF56_xok/60_PF56_x_1ok.wav,2.63,3.07
CleanCorpus/InterviewTaskok/audio_clipok/60_PF56_xok/60_PF56_x_1ok.wav,5.82,6.89
CleanCorpus/InterviewTaskok/audio_clipok/60_PF56_xok/60_PF56_x_3ok.wav,1.51,1.89
CleanCorpus/InterviewTaskok/audio_clipok/60_PF56_xok/60_PF56_x_3ok.wav,3.06,3.45
CleanCorpus/InterviewTaskok/audio_clipok/60_PF56_xok/60_PF56_x_3ok.wav,5.27,5.62
CleanCorpus/InterviewTaskok/audio_clipok/60_PF56_xok/60_PF56_x_3ok.wav,16.09,16.42
CleanCorpus/InterviewTaskok/audio_clipok/60_PF56_xok/60_PF56_x_3ok.wav,17.54,19.05
CleanCorpus/InterviewTaskok/audio_clipok/60_PF56_xok/60_PF56_x_3ok.wav,19.78,20.42
CleanCorpus/InterviewTaskok/audio_clipok/60_PF56_xok/60_PF56_x_5ok.wav,2.62,3.26
CleanCorpus/InterviewTaskok/audio_clipok/60_PF56_xok/60_PF56_x_5ok.wav,6.72,7.48
CleanCorpus/InterviewTaskok/audio_clipok/60_PF56_xok/60_PF56_x_4ok.wav,6.8,7.67
CleanCorpus/InterviewTaskok/audio_clipok/60_PF56_xok/60_PF56_x_4ok.wav,12.56,13.15
CleanCorpus/InterviewTaskok/audio_clipok/60_PF56_xok/60_PF56_x_4ok.wav,14.74,15.08
CleanCorpus/InterviewTaskok/audio_clipok/60_PF56_xok/60_PF56_x_4ok.wav,15.84,16.65
CleanCorpus/InterviewTaskok/audio_clipok/11_PF34_4ok/11_PF34_4_3ok.wav,8.04,8.55
CleanCorpus/InterviewTaskok/audio_clipok/11_PF34_4ok/11_PF34_4_3ok.wav,12.44,12.82
CleanCorpus/InterviewTaskok/audio_clipok/11_PF34_4ok/11_PF34_4_3ok.wav,13.94,14.56
CleanCorpus/InterviewTaskok/audio_clipok/11_PF34_4ok/11_PF34_4_3ok.wav,36.99,37.67
CleanCorpus/InterviewTaskok/audio_clipok/11_PF34_4ok/11_PF34_4_3ok.wav,43.98,44.6
CleanCorpus/InterviewTaskok/audio_clipok/11_PF34_4ok/11_PF34_4_3ok.wav,54.7,55.72
CleanCorpus/InterviewTaskok/audio_clipok/11_PF34_4ok/11_PF34_4_3ok.wav,56.74,57.27
CleanCorpus/InterviewTaskok/audio_clipok/11_PF34_4ok/11_PF34_4_3ok.wav,59.47,60.31
CleanCorpus/InterviewTaskok/audio_clipok/11_PF34_4ok/11_PF34_4_3ok.wav,63.28,63.56
CleanCorpus/InterviewTaskok/audio_clipok/11_PF34_4ok/11_PF34_4_3ok.wav,91.49,91.87
CleanCorpus/InterviewTaskok/audio_clipok/11_PF34_4ok/11_PF34_4_3ok.wav,94.86,95.2
CleanCorpus/InterviewTaskok/audio_clipok/11_PF34_4ok/11_PF34_4_3ok.wav,99.29,99.57
CleanCorpus/InterviewTaskok/audio_clipok/11_PF34_4ok/11_PF34_4_1ok.wav,4.82,6.55
CleanCorpus/InterviewTaskok/audio_clipok/11_PF34_4ok/11_PF34_4_1ok.wav,13.01,13.76
CleanCorpus/InterviewTaskok/audio_clipok/11_PF34_4ok/11_PF34_4_1ok.wav,23.55,23.93
CleanCorpus/InterviewTaskok/audio_clipok/11_PF34_4ok/11_PF34_4_1ok.wav,37.33,37.77
CleanCorpus/InterviewTaskok/audio_clipok/11_PF34_4ok/11_PF34_4_1ok.wav,41.43,41.94
CleanCorpus/InterviewTaskok/audio_clipok/11_PF34_4ok/11_PF34_4_1ok.wav,53.56,53.87
CleanCorpus/InterviewTaskok/audio_clipok/11_PF34_4ok/11_PF34_4_1ok.wav,68.54,69.12
CleanCorpus/InterviewTaskok/audio_clipok/11_PF34_4ok/11_PF34_4_1ok.wav,80.95,81.44
CleanCorpus/InterviewTaskok/audio_clipok/11_PF34_4ok/11_PF34_4_1ok.wav,89.41,90.16
CleanCorpus/InterviewTaskok/audio_clipok/11_PF34_4ok/11_PF34_4_1ok.wav,102.33,102.68
CleanCorpus/InterviewTaskok/audio_clipok/11_PF34_4ok/11_PF34_4_1ok.wav,109.82,110.28
CleanCorpus/InterviewTaskok/audio_clipok/11_PF34_4ok/11_PF34_4_1ok.wav,127.99,128.52
CleanCorpus/InterviewTaskok/audio_clipok/11_PF34_4ok/11_PF34_4_1ok.wav,129.92,130.31
CleanCorpus/InterviewTaskok/audio_clipok/11_PF34_4ok/11_PF34_4_2ok.wav,6.15,6.68
CleanCorpus/InterviewTaskok/audio_clipok/11_PF34_4ok/11_PF34_4_2ok.wav,10.51,11.14
CleanCorpus/InterviewTaskok/audio_clipok/11_PF34_4ok/11_PF34_4_2ok.wav,25.73,26.99
CleanCorpus/InterviewTaskok/audio_clipok/11_PF34_4ok/11_PF34_4_2ok.wav,41.9,42.48
CleanCorpus/InterviewTaskok/audio_clipok/11_PF34_4ok/11_PF34_4_2ok.wav,44.51,45.25
CleanCorpus/InterviewTaskok/audio_clipok/11_PF34_4ok/11_PF34_4_2ok.wav,52.27,52.74
CleanCorpus/InterviewTaskok/audio_clipok/11_PF34_4ok/11_PF34_4_2ok.wav,57.98,58.2
CleanCorpus/InterviewTaskok/audio_clipok/11_PF34_4ok/11_PF34_4_2ok.wav,61.65,62.64
CleanCorpus/InterviewTaskok/audio_clipok/27_PF26_3ok/27_PF26_3_2ok.wav,8.16,8.52
CleanCorpus/InterviewTaskok/audio_clipok/27_PF26_3ok/27_PF26_3_2ok.wav,12.86,13.86
CleanCorpus/InterviewTaskok/audio_clipok/27_PF26_3ok/27_PF26_3_2ok.wav,16.16,16.75
CleanCorpus/InterviewTaskok/audio_clipok/27_PF26_3ok/27_PF26_3_2ok.wav,33.11,33.75
CleanCorpus/InterviewTaskok/audio_clipok/27_PF26_3ok/27_PF26_3_2ok.wav,35.89,36.66
CleanCorpus/InterviewTaskok/audio_clipok/27_PF26_3ok/27_PF26_3_2ok.wav,61.0,61.32
CleanCorpus/InterviewTaskok/audio_clipok/27_PF26_3ok/27_PF26_3_2ok.wav,76.4,76.62
CleanCorpus/InterviewTaskok/audio_clipok/27_PF26_3ok/27_PF26_3_2ok.wav,77.31,77.72
CleanCorpus/InterviewTaskok/audio_clipok/27_PF26_3ok/27_PF26_3_2ok.wav,81.5,82.77
CleanCorpus/InterviewTaskok/audio_clipok/27_PF26_3ok/27_PF26_3_1ok.wav,1.78,2.11
CleanCorpus/InterviewTaskok/audio_clipok/27_PF26_3ok/27_PF26_3_1ok.wav,3.76,4.08
CleanCorpus/InterviewTaskok/audio_clipok/27_PF26_3ok/27_PF26_3_1ok.wav,6.67,7.91
CleanCorpus/InterviewTaskok/audio_clipok/27_PF26_3ok/27_PF26_3_1ok.wav,9.22,9.53
CleanCorpus/InterviewTaskok/audio_clipok/27_PF26_3ok/27_PF26_3_1ok.wav,14.12,14.81
CleanCorpus/InterviewTaskok/audio_clipok/27_PF26_3ok/27_PF26_3_1ok.wav,23.56,23.81
CleanCorpus/InterviewTaskok/audio_clipok/27_PF26_3ok/27_PF26_3_1ok.wav,25.76,26.07
CleanCorpus/InterviewTaskok/audio_clipok/27_PF26_3ok/27_PF26_3_1ok.wav,26.84,27.9
CleanCorpus/InterviewTaskok/audio_clipok/27_PF26_3ok/27_PF26_3_1ok.wav,42.37,42.73
CleanCorpus/InterviewTaskok/audio_clipok/27_PF26_3ok/27_PF26_3_1ok.wav,45.75,46.32
CleanCorpus/InterviewTaskok/audio_clipok/27_PF26_3ok/27_PF26_3_1ok.wav,52.1,52.37
CleanCorpus/InterviewTaskok/audio_clipok/27_PF26_3ok/27_PF26_3_1ok.wav,55.44,55.73
CleanCorpus/InterviewTaskok/audio_clipok/27_PF26_3ok/27_PF26_3_1ok.wav,57.4,57.87
CleanCorpus/InterviewTaskok/audio_clipok/27_PF26_3ok/27_PF26_3_1ok.wav,59.31,59.75
CleanCorpus/InterviewTaskok/audio_clipok/27_PF26_3ok/27_PF26_3_1ok.wav,63.13,63.44
CleanCorpus/InterviewTaskok/audio_clipok/27_PF26_3ok/27_PF26_3_1ok.wav,64.53,64.93
CleanCorpus/InterviewTaskok/audio_clipok/27_PF26_3ok/27_PF26_3_1ok.wav,71.33,71.75
CleanCorpus/InterviewTaskok/audio_clipok/27_PF26_3ok/27_PF26_3_1ok.wav,71.95,72.97
CleanCorpus/InterviewTaskok/audio_clipok/27_PF26_3ok/27_PF26_3_1ok.wav,74.35,74.74
CleanCorpus/InterviewTaskok/audio_clipok/18_PF33_2ok/18_PF33_2_5ok.wav,1.93,3.7
CleanCorpus/InterviewTaskok/audio_clipok/18_PF33_2ok/18_PF33_2_6ok.wav,2.13,2.81
CleanCorpus/InterviewTaskok/audio_clipok/18_PF33_2ok/18_PF33_2_1ok.wav,4.64,5.01
CleanCorpus/InterviewTaskok/audio_clipok/18_PF33_2ok/18_PF33_2_1ok.wav,6.6,7.39
CleanCorpus/InterviewTaskok/audio_clipok/18_PF33_2ok/18_PF33_2_1ok.wav,10.82,12.19
CleanCorpus/InterviewTaskok/audio_clipok/18_PF33_2ok/18_PF33_2_1ok.wav,13.62,14.71
CleanCorpus/InterviewTaskok/audio_clipok/18_PF33_2ok/18_PF33_2_1ok.wav,15.89,16.29
CleanCorpus/InterviewTaskok/audio_clipok/18_PF33_2ok/18_PF33_2_1ok.wav,17.34,18.3
CleanCorpus/InterviewTaskok/audio_clipok/18_PF33_2ok/18_PF33_2_1ok.wav,22.24,22.65
CleanCorpus/InterviewTaskok/audio_clipok/18_PF33_2ok/18_PF33_2_1ok.wav,24.29,25.05
CleanCorpus/InterviewTaskok/audio_clipok/18_PF33_2ok/18_PF33_2_1ok.wav,26.41,28.03
CleanCorpus/InterviewTaskok/audio_clipok/18_PF33_2ok/18_PF33_2_1ok.wav,32.3,33.22
CleanCorpus/InterviewTaskok/audio_clipok/18_PF33_2ok/18_PF33_2_1ok.wav,35.4,36.63
CleanCorpus/InterviewTaskok/audio_clipok/18_PF33_2ok/18_PF33_2_2ok.wav,4.02,5.42
CleanCorpus/InterviewTaskok/audio_clipok/18_PF33_2ok/18_PF33_2_2ok.wav,6.92,7.55
CleanCorpus/InterviewTaskok/audio_clipok/18_PF33_2ok/18_PF33_2_2ok.wav,11.06,11.43
CleanCorpus/InterviewTaskok/audio_clipok/18_PF33_2ok/18_PF33_2_2ok.wav,12.08,13.25
CleanCorpus/InterviewTaskok/audio_clipok/18_PF33_2ok/18_PF33_2_2ok.wav,14.89,15.09
CleanCorpus/InterviewTaskok/audio_clipok/18_PF33_2ok/18_PF33_2_2ok.wav,15.29,15.6
CleanCorpus/InterviewTaskok/audio_clipok/18_PF33_2ok/18_PF33_2_2ok.wav,16.71,17.15
CleanCorpus/InterviewTaskok/audio_clipok/18_PF33_2ok/18_PF33_2_2ok.wav,17.4,17.83
CleanCorpus/InterviewTaskok/audio_clipok/18_PF33_2ok/18_PF33_2_2ok.wav,18.21,19.35
CleanCorpus/InterviewTaskok/audio_clipok/18_PF33_2ok/18_PF33_2_2ok.wav,21.4,22.27
CleanCorpus/InterviewTaskok/audio_clipok/18_PF33_2ok/18_PF33_2_2ok.wav,25.32,25.87
CleanCorpus/InterviewTaskok/audio_clipok/18_PF33_2ok/18_PF33_2_2ok.wav,29.54,30.21
CleanCorpus/InterviewTaskok/audio_clipok/18_PF33_2ok/18_PF33_2_2ok.wav,30.4,31.0
CleanCorpus/InterviewTaskok/audio_clipok/18_PF33_2ok/18_PF33_2_2ok.wav,32.48,32.86
CleanCorpus/InterviewTaskok/audio_clipok/18_PF33_2ok/18_PF33_2_2ok.wav,33.51,33.96
CleanCorpus/InterviewTaskok/audio_clipok/18_PF33_2ok/18_PF33_2_3ok.wav,4.02,4.73
CleanCorpus/InterviewTaskok/audio_clipok/18_PF33_2ok/18_PF33_2_3ok.wav,5.52,5.93
CleanCorpus/InterviewTaskok/audio_clipok/18_PF33_2ok/18_PF33_2_3ok.wav,7.44,9.35
CleanCorpus/InterviewTaskok/audio_clipok/18_PF33_2ok/18_PF33_2_3ok.wav,10.79,11.48
CleanCorpus/InterviewTaskok/audio_clipok/18_PF33_2ok/18_PF33_2_3ok.wav,12.65,14.08
CleanCorpus/InterviewTaskok/audio_clipok/39_CM27_3ok/39_CM27_3_13ok.wav,1.37,1.78
CleanCorpus/InterviewTaskok/audio_clipok/39_CM27_3ok/39_CM27_3_13ok.wav,7.6,7.96
CleanCorpus/InterviewTaskok/audio_clipok/39_CM27_3ok/39_CM27_3_13ok.wav,12.01,12.51
CleanCorpus/InterviewTaskok/audio_clipok/39_CM27_3ok/39_CM27_3_13ok.wav,14.33,14.92
CleanCorpus/InterviewTaskok/audio_clipok/39_CM27_3ok/39_CM27_3_4ok.wav,2.55,3.15
CleanCorpus/InterviewTaskok/audio_clipok/39_CM27_3ok/39_CM27_3_4ok.wav,8.91,9.47
CleanCorpus/InterviewTaskok/audio_clipok/39_CM27_3ok/39_CM27_3_20ok.wav,10.3,10.57
CleanCorpus/InterviewTaskok/audio_clipok/39_CM27_3ok/39_CM27_3_7ok.wav,3.26,3.94
CleanCorpus/InterviewTaskok/audio_clipok/39_CM27_3ok/39_CM27_3_7ok.wav,15.26,15.94
CleanCorpus/InterviewTaskok/audio_clipok/39_CM27_3ok/39_CM27_3_3ok.wav,1.89,2.41
CleanCorpus/InterviewTaskok/audio_clipok/39_CM27_3ok/39_CM27_3_2ok.wav,3.24,3.57
CleanCorpus/InterviewTaskok/audio_clipok/39_CM27_3ok/39_CM27_3_2ok.wav,4.52,4.75
CleanCorpus/InterviewTaskok/audio_clipok/39_CM27_3ok/39_CM27_3_5ok.wav,2.7,3.39
CleanCorpus/InterviewTaskok/audio_clipok/39_CM27_3ok/39_CM27_3_5ok.wav,5.49,6.55
CleanCorpus/InterviewTaskok/audio_clipok/39_CM27_3ok/39_CM27_3_8ok.wav,1.91,2.22
CleanCorpus/InterviewTaskok/audio_clipok/39_CM27_3ok/39_CM27_3_8ok.wav,4.73,5.65
CleanCorpus/InterviewTaskok/audio_clipok/39_CM27_3ok/39_CM27_3_8ok.wav,9.38,9.76
CleanCorpus/InterviewTaskok/audio_clipok/39_CM27_3ok/39_CM27_3_1ok.wav,3.47,3.76
CleanCorpus/InterviewTaskok/audio_clipok/39_CM27_3ok/39_CM27_3_1ok.wav,7.79,7.99
CleanCorpus/InterviewTaskok/audio_clipok/39_CM27_3ok/39_CM27_3_15ok.wav,8.1,8.51
CleanCorpus/InterviewTaskok/audio_clipok/39_CM27_3ok/39_CM27_3_15ok.wav,11.38,11.78
CleanCorpus/InterviewTaskok/audio_clipok/39_CM27_3ok/39_CM27_3_16ok.wav,8.17,9.08
CleanCorpus/InterviewTaskok/audio_clipok/39_CM27_3ok/39_CM27_3_16ok.wav,13.06,13.27
CleanCorpus/InterviewTaskok/audio_clipok/39_CM27_3ok/39_CM27_3_16ok.wav,16.94,17.25
CleanCorpus/InterviewTaskok/audio_clipok/39_CM27_3ok/39_CM27_3_16ok.wav,21.04,21.3
CleanCorpus/InterviewTaskok/audio_clipok/39_CM27_3ok/39_CM27_3_10ok.wav,3.4,4.04
CleanCorpus/InterviewTaskok/audio_clipok/39_CM27_3ok/39_CM27_3_9ok.wav,3.35,3.65
CleanCorpus/InterviewTaskok/audio_clipok/11_CF44_2ok/11_CF44_2_6ok.wav,6.85,7.48
CleanCorpus/InterviewTaskok/audio_clipok/11_CF44_2ok/11_CF44_2_6ok.wav,10.66,11.43
CleanCorpus/InterviewTaskok/audio_clipok/11_CF44_2ok/11_CF44_2_6ok.wav,14.04,14.71
CleanCorpus/InterviewTaskok/audio_clipok/11_CF44_2ok/11_CF44_2_6ok.wav,20.13,20.41
CleanCorpus/InterviewTaskok/audio_clipok/11_CF44_2ok/11_CF44_2_6ok.wav,22.18,22.51
CleanCorpus/InterviewTaskok/audio_clipok/11_CF44_2ok/11_CF44_2_6ok.wav,27.87,28.43
CleanCorpus/InterviewTaskok/audio_clipok/11_CF44_2ok/11_CF44_2_6ok.wav,35.97,37.4
CleanCorpus/InterviewTaskok/audio_clipok/11_CF44_2ok/11_CF44_2_6ok.wav,39.63,40.51
CleanCorpus/InterviewTaskok/audio_clipok/11_CF44_2ok/11_CF44_2_6ok.wav,46.35,47.03
CleanCorpus/InterviewTaskok/audio_clipok/11_CF44_2ok/11_CF44_2_6ok.wav,49.2,49.58
CleanCorpus/InterviewTaskok/audio_clipok/11_CF44_2ok/11_CF44_2_6ok.wav,52.19,53.33
CleanCorpus/InterviewTaskok/audio_clipok/11_CF44_2ok/11_CF44_2_6ok.wav,54.42,55.36
CleanCorpus/InterviewTaskok/audio_clipok/11_CF44_2ok/11_CF44_2_6ok.wav,57.23,58.44
CleanCorpus/InterviewTaskok/audio_clipok/11_CF44_2ok/11_CF44_2_5ok.wav,2.03,2.42
CleanCorpus/InterviewTaskok/audio_clipok/11_CF44_2ok/11_CF44_2_5ok.wav,4.88,5.73
CleanCorpus/InterviewTaskok/audio_clipok/11_CF44_2ok/11_CF44_2_5ok.wav,8.8,10.22
CleanCorpus/InterviewTaskok/audio_clipok/11_CF44_2ok/11_CF44_2_5ok.wav,17.09,17.75
CleanCorpus/InterviewTaskok/audio_clipok/11_CF44_2ok/11_CF44_2_1ok.wav,5.8,6.51
CleanCorpus/InterviewTaskok/audio_clipok/11_CF44_2ok/11_CF44_2_1ok.wav,8.58,8.81
CleanCorpus/InterviewTaskok/audio_clipok/11_CF44_2ok/11_CF44_2_1ok.wav,9.85,10.79
CleanCorpus/InterviewTaskok/audio_clipok/11_CF44_2ok/11_CF44_2_1ok.wav,14.15,15.43
CleanCorpus/InterviewTaskok/audio_clipok/11_CF44_2ok/11_CF44_2_1ok.wav,18.56,19.29
CleanCorpus/InterviewTaskok/audio_clipok/11_CF44_2ok/11_CF44_2_1ok.wav,21.68,21.94
CleanCorpus/InterviewTaskok/audio_clipok/11_CF44_2ok/11_CF44_2_1ok.wav,22.65,22.89
CleanCorpus/InterviewTaskok/audio_clipok/11_CF44_2ok/11_CF44_2_4ok.wav,4.98,5.39
CleanCorpus/InterviewTaskok/audio_clipok/11_CF44_2ok/11_CF44_2_4ok.wav,5.61,6.36
CleanCorpus/InterviewTaskok/audio_clipok/11_CF44_2ok/11_CF44_2_4ok.wav,8.2,8.86
CleanCorpus/InterviewTaskok/audio_clipok/11_CF44_2ok/11_CF44_2_2ok.wav,3.9,4.95
CleanCorpus/InterviewTaskok/audio_clipok/11_CF44_2ok/11_CF44_2_2ok.wav,7.8,8.79
CleanCorpus/InterviewTaskok/audio_clipok/11_CF44_2ok/11_CF44_2_2ok.wav,11.54,12.69
CleanCorpus/InterviewTaskok/audio_clipok/11_CF44_2ok/11_CF44_2_2ok.wav,14.93,16.21
CleanCorpus/InterviewTaskok/audio_clipok/11_CF44_2ok/11_CF44_2_2ok.wav,18.69,20.61
CleanCorpus/InterviewTaskok/audio_clipok/11_CF44_2ok/11_CF44_2_2ok.wav,22.94,23.19
CleanCorpus/InterviewTaskok/audio_clipok/11_CF44_2ok/11_CF44_2_2ok.wav,30.26,31.31
CleanCorpus/InterviewTaskok/audio_clipok/11_CF44_2ok/11_CF44_2_2ok.wav,35.44,36.06
CleanCorpus/InterviewTaskok/audio_clipok/11_CF44_2ok/11_CF44_2_2ok.wav,42.18,42.81
CleanCorpus/InterviewTaskok/audio_clipok/11_CF44_2ok/11_CF44_2_2ok.wav,44.88,45.09
CleanCorpus/InterviewTaskok/audio_clipok/11_CF44_2ok/11_CF44_2_2ok.wav,50.25,51.09
CleanCorpus/InterviewTaskok/audio_clipok/11_CF44_2ok/11_CF44_2_2ok.wav,54.24,54.74
CleanCorpus/InterviewTaskok/audio_clipok/11_CF44_2ok/11_CF44_2_2ok.wav,56.68,57.08
CleanCorpus/InterviewTaskok/audio_clipok/11_CF44_2ok/11_CF44_2_2ok.wav,58.48,58.69
CleanCorpus/InterviewTaskok/audio_clipok/11_CF44_2ok/11_CF44_2_3ok.wav,4.06,4.95
CleanCorpus/InterviewTaskok/audio_clipok/11_CF44_2ok/11_CF44_2_3ok.wav,8.08,8.59
CleanCorpus/InterviewTaskok/audio_clipok/11_CF44_2ok/11_CF44_2_3ok.wav,10.31,11.62
CleanCorpus/InterviewTaskok/audio_clipok/11_CF44_2ok/11_CF44_2_3ok.wav,16.25,17.11
CleanCorpus/InterviewTaskok/audio_clipok/11_CF44_2ok/11_CF44_2_3ok.wav,21.08,21.72
CleanCorpus/InterviewTaskok/audio_clipok/11_CF44_2ok/11_CF44_2_3ok.wav,29.59,30.02
CleanCorpus/InterviewTaskok/audio_clipok/11_CF44_2ok/11_CF44_2_3ok.wav,33.8,34.35
CleanCorpus/InterviewTaskok/audio_clipok/11_CF44_2ok/11_CF44_2_3ok.wav,37.52,37.83
CleanCorpus/InterviewTaskok/audio_clipok/11_CF44_2ok/11_CF44_2_3ok.wav,41.14,41.43
CleanCorpus/InterviewTaskok/audio_clipok/11_CF44_2ok/11_CF44_2_3ok.wav,43.43,44.32
CleanCorpus/InterviewTaskok/audio_clipok/11_CF44_2ok/11_CF44_2_3ok.wav,46.74,47.5
CleanCorpus/InterviewTaskok/audio_clipok/11_CF44_2ok/11_CF44_2_3ok.wav,50.95,52.08
CleanCorpus/InterviewTaskok/audio_clipok/11_CF44_2ok/11_CF44_2_3ok.wav,53.29,53.66
CleanCorpus/InterviewTaskok/audio_clipok/11_CF44_2ok/11_CF44_2_3ok.wav,55.57,56.38
CleanCorpus/InterviewTaskok/audio_clipok/11_CF44_2ok/11_CF44_2_3ok.wav,61.27,62.1
CleanCorpus/InterviewTaskok/audio_clipok/11_CF44_2ok/11_CF44_2_3ok.wav,67.18,67.95
CleanCorpus/InterviewTaskok/audio_clipok/11_CF44_2ok/11_CF44_2_3ok.wav,68.95,69.46
CleanCorpus/InterviewTaskok/audio_clipok/11_CF44_2ok/11_CF44_2_3ok.wav,71.49,71.89
CleanCorpus/InterviewTaskok/audio_clipok/11_CF44_2ok/11_CF44_2_3ok.wav,83.49,83.87
CleanCorpus/InterviewTaskok/audio_clipok/11_CF44_2ok/11_CF44_2_3ok.wav,86.56,87.19
CleanCorpus/InterviewTaskok/audio_clipok/11_CF44_2ok/11_CF44_2_3ok.wav,90.45,90.89
CleanCorpus/InterviewTaskok/audio_clipok/11_CF44_2ok/11_CF44_2_3ok.wav,93.93,94.31
CleanCorpus/InterviewTaskok/audio_clipok/11_CF44_2ok/11_CF44_2_3ok.wav,98.06,98.65
CleanCorpus/InterviewTaskok/audio_clipok/26_CM31_3ok/26_CM31_3_1ok.wav,2.18,2.66
CleanCorpus/InterviewTaskok/audio_clipok/26_CM31_3ok/26_CM31_3_1ok.wav,9.87,10.19
CleanCorpus/InterviewTaskok/audio_clipok/26_CM31_3ok/26_CM31_3_1ok.wav,14.47,14.81
CleanCorpus/InterviewTaskok/audio_clipok/26_CM31_3ok/26_CM31_3_1ok.wav,22.3,22.61
CleanCorpus/InterviewTaskok/audio_clipok/26_CM31_3ok/26_CM31_3_1ok.wav,29.15,29.88
CleanCorpus/InterviewTaskok/audio_clipok/26_CM31_3ok/26_CM31_3_1ok.wav,34.07,34.57
CleanCorpus/InterviewTaskok/audio_clipok/26_CM31_3ok/26_CM31_3_1ok.wav,73.66,74.13
CleanCorpus/InterviewTaskok/audio_clipok/26_CM31_3ok/26_CM31_3_1ok.wav,82.21,82.71
CleanCorpus/InterviewTaskok/audio_clipok/26_CM31_3ok/26_CM31_3_1ok.wav,85.41,85.67
CleanCorpus/InterviewTaskok/audio_clipok/26_CM31_3ok/26_CM31_3_1ok.wav,86.71,87.08
CleanCorpus/InterviewTaskok/audio_clipok/26_CM31_3ok/26_CM31_3_1ok.wav,100.72,101.29
CleanCorpus/InterviewTaskok/audio_clipok/26_CM31_3ok/26_CM31_3_1ok.wav,104.99,105.36
CleanCorpus/InterviewTaskok/audio_clipok/26_CM31_3ok/26_CM31_3_1ok.wav,135.46,136.54
CleanCorpus/InterviewTaskok/audio_clipok/26_CM31_3ok/26_CM31_3_1ok.wav,144.28,145.04
CleanCorpus/InterviewTaskok/audio_clipok/26_CM31_3ok/26_CM31_3_1ok.wav,148.69,148.91
CleanCorpus/InterviewTaskok/audio_clipok/26_CM31_3ok/26_CM31_3_1ok.wav,157.73,158.03
CleanCorpus/InterviewTaskok/audio_clipok/26_CM31_3ok/26_CM31_3_1ok.wav,162.3,162.58
CleanCorpus/InterviewTaskok/audio_clipok/26_CM31_3ok/26_CM31_3_1ok.wav,164.93,165.39
CleanCorpus/InterviewTaskok/audio_clipok/26_CM31_3ok/26_CM31_3_1ok.wav,170.77,171.18
CleanCorpus/InterviewTaskok/audio_clipok/26_CM31_3ok/26_CM31_3_1ok.wav,182.71,183.11
CleanCorpus/InterviewTaskok/audio_clipok/26_CM31_3ok/26_CM31_3_1ok.wav,192.77,193.4
CleanCorpus/InterviewTaskok/audio_clipok/26_CM31_3ok/26_CM31_3_1ok.wav,209.23,209.53
CleanCorpus/InterviewTaskok/audio_clipok/26_CM31_3ok/26_CM31_3_1ok.wav,219.22,219.57
CleanCorpus/InterviewTaskok/audio_clipok/26_CM31_3ok/26_CM31_3_1ok.wav,223.47,224.12
CleanCorpus/InterviewTaskok/audio_clipok/31_PF68_4ok/31_PF68_4_1ok.wav,2.17,2.81
CleanCorpus/InterviewTaskok/audio_clipok/31_PF68_4ok/31_PF68_4_1ok.wav,6.32,6.73
CleanCorpus/InterviewTaskok/audio_clipok/31_PF68_4ok/31_PF68_4_1ok.wav,8.15,9.36
CleanCorpus/InterviewTaskok/audio_clipok/31_PF68_4ok/31_PF68_4_1ok.wav,10.51,12.0
CleanCorpus/InterviewTaskok/audio_clipok/31_PF68_4ok/31_PF68_4_1ok.wav,15.55,16.13
CleanCorpus/InterviewTaskok/audio_clipok/31_PF68_4ok/31_PF68_4_1ok.wav,17.15,17.53
CleanCorpus/InterviewTaskok/audio_clipok/31_PF68_4ok/31_PF68_4_1ok.wav,20.14,21.17
CleanCorpus/InterviewTaskok/audio_clipok/31_PF68_4ok/31_PF68_4_1ok.wav,21.94,22.78
CleanCorpus/InterviewTaskok/audio_clipok/31_PF68_4ok/31_PF68_4_1ok.wav,22.96,23.95
CleanCorpus/InterviewTaskok/audio_clipok/31_PF68_4ok/31_PF68_4_1ok.wav,27.33,27.94
CleanCorpus/InterviewTaskok/audio_clipok/31_PF68_4ok/31_PF68_4_1ok.wav,28.92,30.79
CleanCorpus/InterviewTaskok/audio_clipok/31_PF68_4ok/31_PF68_4_1ok.wav,31.68,31.99
CleanCorpus/InterviewTaskok/audio_clipok/31_PF68_4ok/31_PF68_4_1ok.wav,34.09,35.06
CleanCorpus/InterviewTaskok/audio_clipok/31_PF68_4ok/31_PF68_4_1ok.wav,37.55,38.87
CleanCorpus/InterviewTaskok/audio_clipok/31_PF68_4ok/31_PF68_4_1ok.wav,40.3,42.15
CleanCorpus/InterviewTaskok/audio_clipok/31_PF68_4ok/31_PF68_4_1ok.wav,46.5,46.74
CleanCorpus/InterviewTaskok/audio_clipok/31_PF68_4ok/31_PF68_4_1ok.wav,48.23,48.75
CleanCorpus/InterviewTaskok/audio_clipok/31_PF68_4ok/31_PF68_4_1ok.wav,50.1,50.65
CleanCorpus/InterviewTaskok/audio_clipok/31_PF68_4ok/31_PF68_4_1ok.wav,53.14,53.43
CleanCorpus/InterviewTaskok/audio_clipok/31_PF68_4ok/31_PF68_4_1ok.wav,56.13,56.63
CleanCorpus/InterviewTaskok/audio_clipok/31_PF68_4ok/31_PF68_4_1ok.wav,57.5,57.98
CleanCorpus/InterviewTaskok/audio_clipok/31_PF68_4ok/31_PF68_4_1ok.wav,60.28,61.21
CleanCorpus/InterviewTaskok/audio_clipok/31_PF68_4ok/31_PF68_4_1ok.wav,61.67,62.09
CleanCorpus/InterviewTaskok/audio_clipok/31_PF68_4ok/31_PF68_4_1ok.wav,63.33,64.36
CleanCorpus/InterviewTaskok/audio_clipok/31_PF68_4ok/31_PF68_4_1ok.wav,65.52,65.85
CleanCorpus/InterviewTaskok/audio_clipok/31_PF68_4ok/31_PF68_4_1ok.wav,66.61,67.14
CleanCorpus/InterviewTaskok/audio_clipok/31_PF68_4ok/31_PF68_4_1ok.wav,67.93,68.34
CleanCorpus/InterviewTaskok/audio_clipok/31_PF68_4ok/31_PF68_4_1ok.wav,71.1,71.72
CleanCorpus/InterviewTaskok/audio_clipok/31_PF68_4ok/31_PF68_4_1ok.wav,72.71,73.92
CleanCorpus/InterviewTaskok/audio_clipok/31_PF68_4ok/31_PF68_4_1ok.wav,74.15,74.45
CleanCorpus/InterviewTaskok/audio_clipok/31_PF68_4ok/31_PF68_4_1ok.wav,75.12,75.69
CleanCorpus/InterviewTaskok/audio_clipok/31_PF68_4ok/31_PF68_4_1ok.wav,76.24,76.74
CleanCorpus/InterviewTaskok/audio_clipok/31_PF68_4ok/31_PF68_4_1ok.wav,79.08,79.44
CleanCorpus/InterviewTaskok/audio_clipok/31_PF68_4ok/31_PF68_4_1ok.wav,80.91,81.97
CleanCorpus/InterviewTaskok/audio_clipok/31_PF68_4ok/31_PF68_4_1ok.wav,83.35,84.04
CleanCorpus/InterviewTaskok/audio_clipok/31_PF68_4ok/31_PF68_4_1ok.wav,89.05,89.96
CleanCorpus/InterviewTaskok/audio_clipok/31_PF68_4ok/31_PF68_4_1ok.wav,91.27,91.8
CleanCorpus/InterviewTaskok/audio_clipok/31_PF68_4ok/31_PF68_4_1ok.wav,94.79,95.51
CleanCorpus/InterviewTaskok/audio_clipok/31_PF68_4ok/31_PF68_4_1ok.wav,99.85,100.37
CleanCorpus/InterviewTaskok/audio_clipok/31_PF68_4ok/31_PF68_4_1ok.wav,102.24,103.4
CleanCorpus/InterviewTaskok/audio_clipok/31_PF68_4ok/31_PF68_4_1ok.wav,104.25,105.43
CleanCorpus/InterviewTaskok/audio_clipok/31_PF68_4ok/31_PF68_4_1ok.wav,107.91,108.86
CleanCorpus/InterviewTaskok/audio_clipok/31_PF68_4ok/31_PF68_4_1ok.wav,109.54,111.49
CleanCorpus/InterviewTaskok/audio_clipok/31_PF68_4ok/31_PF68_4_1ok.wav,114.03,114.99
CleanCorpus/InterviewTaskok/audio_clipok/31_PF68_4ok/31_PF68_4_1ok.wav,116.5,117.4
CleanCorpus/InterviewTaskok/audio_clipok/31_PF68_4ok/31_PF68_4_1ok.wav,118.78,119.12
CleanCorpus/InterviewTaskok/audio_clipok/31_PF68_4ok/31_PF68_4_1ok.wav,119.76,120.45
CleanCorpus/InterviewTaskok/audio_clipok/31_PF68_4ok/31_PF68_4_1ok.wav,125.27,125.78
CleanCorpus/InterviewTaskok/audio_clipok/31_PF68_4ok/31_PF68_4_1ok.wav,127.74,128.16
CleanCorpus/InterviewTaskok/audio_clipok/31_PF68_4ok/31_PF68_4_1ok.wav,130.88,132.29
CleanCorpus/InterviewTaskok/audio_clipok/31_PF68_4ok/31_PF68_4_1ok.wav,136.54,137.13
CleanCorpus/InterviewTaskok/audio_clipok/31_PF68_4ok/31_PF68_4_1ok.wav,137.96,138.33
CleanCorpus/InterviewTaskok/audio_clipok/31_PF68_4ok/31_PF68_4_1ok.wav,140.59,140.79
CleanCorpus/InterviewTaskok/audio_clipok/31_PF68_4ok/31_PF68_4_1ok.wav,142.64,143.0
CleanCorpus/InterviewTaskok/audio_clipok/31_PF68_4ok/31_PF68_4_1ok.wav,145.1,145.4
CleanCorpus/InterviewTaskok/audio_clipok/31_PF68_4ok/31_PF68_4_1ok.wav,146.82,147.42
CleanCorpus/InterviewTaskok/audio_clipok/31_PF68_4ok/31_PF68_4_1ok.wav,151.58,153.18
CleanCorpus/InterviewTaskok/audio_clipok/31_PF68_4ok/31_PF68_4_1ok.wav,154.96,156.3
CleanCorpus/InterviewTaskok/audio_clipok/31_PF68_4ok/31_PF68_4_1ok.wav,157.72,158.29
CleanCorpus/InterviewTaskok/audio_clipok/31_PF68_4ok/31_PF68_4_1ok.wav,162.88,163.49
CleanCorpus/InterviewTaskok/audio_clipok/31_PF68_4ok/31_PF68_4_1ok.wav,164.48,164.71
CleanCorpus/InterviewTaskok/audio_clipok/31_PF68_4ok/31_PF68_4_1ok.wav,166.24,166.92
CleanCorpus/InterviewTaskok/audio_clipok/31_PF68_4ok/31_PF68_4_1ok.wav,167.9,168.22
CleanCorpus/InterviewTaskok/audio_clipok/31_PF68_4ok/31_PF68_4_1ok.wav,170.97,171.46
CleanCorpus/InterviewTaskok/audio_clipok/31_PF68_4ok/31_PF68_4_1ok.wav,172.81,175.49
CleanCorpus/InterviewTaskok/audio_clipok/31_PF68_4ok/31_PF68_4_1ok.wav,176.77,177.26
CleanCorpus/InterviewTaskok/audio_clipok/31_PF68_4ok/31_PF68_4_1ok.wav,178.36,178.77
CleanCorpus/InterviewTaskok/audio_clipok/31_PF68_4ok/31_PF68_4_1ok.wav,179.78,180.14
CleanCorpus/InterviewTaskok/audio_clipok/31_PF68_4ok/31_PF68_4_1ok.wav,180.96,181.42
CleanCorpus/InterviewTaskok/audio_clipok/50_PF35_3ok/50_PF35_3_2ok.wav,2.68,3.21
CleanCorpus/InterviewTaskok/audio_clipok/50_PF35_3ok/50_PF35_3_2ok.wav,8.9,9.39
CleanCorpus/InterviewTaskok/audio_clipok/50_PF35_3ok/50_PF35_3_2ok.wav,17.2,17.73
CleanCorpus/InterviewTaskok/audio_clipok/50_PF35_3ok/50_PF35_3_2ok.wav,23.4,23.82
CleanCorpus/InterviewTaskok/audio_clipok/50_PF35_3ok/50_PF35_3_2ok.wav,29.27,29.93
CleanCorpus/InterviewTaskok/audio_clipok/50_PF35_3ok/50_PF35_3_2ok.wav,36.25,37.04
CleanCorpus/InterviewTaskok/audio_clipok/50_PF35_3ok/50_PF35_3_3ok.wav,2.72,3.21
CleanCorpus/InterviewTaskok/audio_clipok/50_PF35_3ok/50_PF35_3_3ok.wav,5.05,5.55
CleanCorpus/InterviewTaskok/audio_clipok/50_PF35_3ok/50_PF35_3_3ok.wav,13.55,13.98
CleanCorpus/InterviewTaskok/audio_clipok/50_PF35_3ok/50_PF35_3_3ok.wav,17.95,18.35
CleanCorpus/InterviewTaskok/audio_clipok/50_PF35_3ok/50_PF35_3_3ok.wav,25.35,25.81
CleanCorpus/InterviewTaskok/audio_clipok/50_PF35_3ok/50_PF35_3_1ok.wav,4.11,5.02
CleanCorpus/InterviewTaskok/audio_clipok/50_PF35_3ok/50_PF35_3_1ok.wav,9.86,10.73
CleanCorpus/InterviewTaskok/audio_clipok/50_PF35_3ok/50_PF35_3_1ok.wav,17.5,18.09
CleanCorpus/InterviewTaskok/audio_clipok/50_PF35_3ok/50_PF35_3_1ok.wav,24.42,25.53
CleanCorpus/InterviewTaskok/audio_clipok/50_PF35_3ok/50_PF35_3_1ok.wav,31.91,32.39
CleanCorpus/InterviewTaskok/audio_clipok/50_PF35_3ok/50_PF35_3_1ok.wav,36.81,37.46
CleanCorpus/InterviewTaskok/audio_clipok/50_PF35_3ok/50_PF35_3_1ok.wav,40.67,41.11
CleanCorpus/InterviewTaskok/audio_clipok/50_PF35_3ok/50_PF35_3_1ok.wav,42.5,43.74
CleanCorpus/InterviewTaskok/audio_clipok/33_CF46_3ok/33_CF46_3_7ok.wav,5.28,5.95
CleanCorpus/InterviewTaskok/audio_clipok/33_CF46_3ok/33_CF46_3_7ok.wav,7.78,8.32
CleanCorpus/InterviewTaskok/audio_clipok/33_CF46_3ok/33_CF46_3_7ok.wav,12.2,13.19
CleanCorpus/InterviewTaskok/audio_clipok/33_CF46_3ok/33_CF46_3_7ok.wav,16.08,16.86
CleanCorpus/InterviewTaskok/audio_clipok/33_CF46_3ok/33_CF46_3_7ok.wav,26.23,26.88
CleanCorpus/InterviewTaskok/audio_clipok/33_CF46_3ok/33_CF46_3_7ok.wav,29.14,29.54
CleanCorpus/InterviewTaskok/audio_clipok/33_CF46_3ok/33_CF46_3_7ok.wav,33.11,33.35
CleanCorpus/InterviewTaskok/audio_clipok/33_CF46_3ok/33_CF46_3_3ok.wav,4.68,5.08
CleanCorpus/InterviewTaskok/audio_clipok/33_CF46_3ok/33_CF46_3_3ok.wav,13.35,13.62
CleanCorpus/InterviewTaskok/audio_clipok/33_CF46_3ok/33_CF46_3_3ok.wav,16.85,17.39
CleanCorpus/InterviewTaskok/audio_clipok/33_CF46_3ok/33_CF46_3_3ok.wav,20.82,21.55
CleanCorpus/InterviewTaskok/audio_clipok/33_CF46_3ok/33_CF46_3_3ok.wav,23.78,24.27
CleanCorpus/InterviewTaskok/audio_clipok/33_CF46_3ok/33_CF46_3_3ok.wav,28.66,28.86
CleanCorpus/InterviewTaskok/audio_clipok/33_CF46_3ok/33_CF46_3_3ok.wav,36.52,37.05
CleanCorpus/InterviewTaskok/audio_clipok/33_CF46_3ok/33_CF46_3_3ok.wav,40.65,41.21
CleanCorpus/InterviewTaskok/audio_clipok/33_CF46_3ok/33_CF46_3_3ok.wav,46.43,46.68
CleanCorpus/InterviewTaskok/audio_clipok/33_CF46_3ok/33_CF46_3_5ok.wav,5.73,6.74
CleanCorpus/InterviewTaskok/audio_clipok/33_CF46_3ok/33_CF46_3_5ok.wav,9.01,9.3
CleanCorpus/InterviewTaskok/audio_clipok/33_CF46_3ok/33_CF46_3_5ok.wav,21.12,21.36
CleanCorpus/InterviewTaskok/audio_clipok/33_CF46_3ok/33_CF46_3_5ok.wav,22.58,23.13
CleanCorpus/InterviewTaskok/audio_clipok/33_CF46_3ok/33_CF46_3_4ok.wav,2.78,3.8
CleanCorpus/InterviewTaskok/audio_clipok/33_CF46_3ok/33_CF46_3_4ok.wav,5.13,5.48
CleanCorpus/InterviewTaskok/audio_clipok/33_CF46_3ok/33_CF46_3_4ok.wav,9.4,9.86
CleanCorpus/InterviewTaskok/audio_clipok/33_CF46_3ok/33_CF46_3_4ok.wav,13.14,13.93
CleanCorpus/InterviewTaskok/audio_clipok/33_CF46_3ok/33_CF46_3_4ok.wav,19.24,19.52
CleanCorpus/InterviewTaskok/audio_clipok/33_CF46_3ok/33_CF46_3_4ok.wav,19.95,20.28
CleanCorpus/InterviewTaskok/audio_clipok/33_CF46_3ok/33_CF46_3_4ok.wav,34.4,34.92
CleanCorpus/InterviewTaskok/audio_clipok/33_CF46_3ok/33_CF46_3_4ok.wav,44.21,44.41
CleanCorpus/InterviewTaskok/audio_clipok/33_CF46_3ok/33_CF46_3_2ok.wav,3.85,4.17
CleanCorpus/InterviewTaskok/audio_clipok/33_CF46_3ok/33_CF46_3_2ok.wav,5.83,6.07
CleanCorpus/InterviewTaskok/audio_clipok/33_CF46_3ok/33_CF46_3_2ok.wav,10.67,11.02
CleanCorpus/InterviewTaskok/audio_clipok/33_CF46_3ok/33_CF46_3_6ok.wav,12.26,12.61
CleanCorpus/InterviewTaskok/audio_clipok/33_CF46_3ok/33_CF46_3_6ok.wav,14.34,15.01
CleanCorpus/InterviewTaskok/audio_clipok/33_CF46_3ok/33_CF46_3_6ok.wav,16.18,16.39
CleanCorpus/InterviewTaskok/audio_clipok/33_CF46_3ok/33_CF46_3_6ok.wav,20.6,20.99
CleanCorpus/InterviewTaskok/audio_clipok/33_CF46_3ok/33_CF46_3_6ok.wav,25.81,26.12
CleanCorpus/InterviewTaskok/audio_clipok/33_CF46_3ok/33_CF46_3_6ok.wav,30.15,30.86
CleanCorpus/InterviewTaskok/audio_clipok/33_CF46_3ok/33_CF46_3_1ok.wav,3.54,4.0
CleanCorpus/InterviewTaskok/audio_clipok/33_CF46_3ok/33_CF46_3_1ok.wav,6.84,7.17
CleanCorpus/InterviewTaskok/audio_clipok/33_CF46_3ok/33_CF46_3_1ok.wav,8.18,8.4
CleanCorpus/InterviewTaskok/audio_clipok/33_CF46_3ok/33_CF46_3_1ok.wav,10.72,11.19
CleanCorpus/InterviewTaskok/audio_clipok/33_CF46_3ok/33_CF46_3_1ok.wav,12.88,13.27
CleanCorpus/InterviewTaskok/audio_clipok/33_CF46_3ok/33_CF46_3_1ok.wav,18.22,18.44
CleanCorpus/InterviewTaskok/audio_clipok/61_PM59_3ok/61_PM59_3_1ok.wav,3.65,4.16
CleanCorpus/InterviewTaskok/audio_clipok/61_PM59_3ok/61_PM59_3_1ok.wav,5.38,5.99
CleanCorpus/InterviewTaskok/audio_clipok/61_PM59_3ok/61_PM59_3_1ok.wav,6.61,7.11
CleanCorpus/InterviewTaskok/audio_clipok/61_PM59_3ok/61_PM59_3_1ok.wav,8.58,9.54
CleanCorpus/InterviewTaskok/audio_clipok/61_PM59_3ok/61_PM59_3_1ok.wav,12.69,13.83
CleanCorpus/InterviewTaskok/audio_clipok/61_PM59_3ok/61_PM59_3_1ok.wav,18.14,18.86
CleanCorpus/InterviewTaskok/audio_clipok/61_PM59_3ok/61_PM59_3_1ok.wav,23.3,24.27
CleanCorpus/InterviewTaskok/audio_clipok/61_PM59_3ok/61_PM59_3_1ok.wav,24.74,25.18
CleanCorpus/InterviewTaskok/audio_clipok/61_PM59_3ok/61_PM59_3_1ok.wav,28.19,28.7
CleanCorpus/InterviewTaskok/audio_clipok/61_PM59_3ok/61_PM59_3_1ok.wav,29.36,30.77
CleanCorpus/InterviewTaskok/audio_clipok/61_PM59_3ok/61_PM59_3_1ok.wav,32.09,32.84
CleanCorpus/InterviewTaskok/audio_clipok/61_PM59_3ok/61_PM59_3_1ok.wav,37.32,38.59
CleanCorpus/InterviewTaskok/audio_clipok/61_PM59_3ok/61_PM59_3_1ok.wav,40.09,40.46
CleanCorpus/InterviewTaskok/audio_clipok/61_PM59_3ok/61_PM59_3_1ok.wav,42.51,43.35
CleanCorpus/InterviewTaskok/audio_clipok/61_PM59_3ok/61_PM59_3_1ok.wav,48.69,49.55
CleanCorpus/InterviewTaskok/audio_clipok/61_PM59_3ok/61_PM59_3_1ok.wav,52.49,53.98
CleanCorpus/InterviewTaskok/audio_clipok/61_PM59_3ok/61_PM59_3_1ok.wav,57.58,59.07
CleanCorpus/InterviewTaskok/audio_clipok/61_PM59_3ok/61_PM59_3_1ok.wav,61.17,61.94
CleanCorpus/InterviewTaskok/audio_clipok/61_PM59_3ok/61_PM59_3_1ok.wav,62.86,63.42
CleanCorpus/InterviewTaskok/audio_clipok/61_PM59_3ok/61_PM59_3_3ok.wav,2.22,3.07
CleanCorpus/InterviewTaskok/audio_clipok/61_PM59_3ok/61_PM59_3_3ok.wav,4.88,5.66
CleanCorpus/InterviewTaskok/audio_clipok/61_PM59_3ok/61_PM59_3_3ok.wav,8.39,9.01
CleanCorpus/InterviewTaskok/audio_clipok/61_PM59_3ok/61_PM59_3_3ok.wav,11.74,12.63
CleanCorpus/InterviewTaskok/audio_clipok/61_PM59_3ok/61_PM59_3_3ok.wav,13.64,14.05
CleanCorpus/InterviewTaskok/audio_clipok/61_PM59_3ok/61_PM59_3_3ok.wav,15.85,16.44
CleanCorpus/InterviewTaskok/audio_clipok/61_PM59_3ok/61_PM59_3_3ok.wav,17.48,18.21
CleanCorpus/InterviewTaskok/audio_clipok/61_PM59_3ok/61_PM59_3_3ok.wav,20.25,21.18
CleanCorpus/InterviewTaskok/audio_clipok/61_PM59_3ok/61_PM59_3_3ok.wav,24.15,24.93
CleanCorpus/InterviewTaskok/audio_clipok/61_PM59_3ok/61_PM59_3_3ok.wav,25.96,26.46
CleanCorpus/InterviewTaskok/audio_clipok/61_PM59_3ok/61_PM59_3_3ok.wav,29.32,29.95
CleanCorpus/InterviewTaskok/audio_clipok/61_PM59_3ok/61_PM59_3_3ok.wav,32.14,33.96
CleanCorpus/InterviewTaskok/audio_clipok/61_PM59_3ok/61_PM59_3_3ok.wav,35.72,35.92
CleanCorpus/InterviewTaskok/audio_clipok/61_PM59_3ok/61_PM59_3_4ok.wav,1.48,1.85
CleanCorpus/InterviewTaskok/audio_clipok/61_PM59_3ok/61_PM59_3_4ok.wav,4.36,5.28
CleanCorpus/InterviewTaskok/audio_clipok/61_PM59_3ok/61_PM59_3_4ok.wav,10.36,10.91
CleanCorpus/InterviewTaskok/audio_clipok/61_PM59_3ok/61_PM59_3_4ok.wav,12.2,12.45
CleanCorpus/InterviewTaskok/audio_clipok/61_PM59_3ok/61_PM59_3_4ok.wav,13.51,14.97
CleanCorpus/InterviewTaskok/audio_clipok/61_PM59_3ok/61_PM59_3_4ok.wav,18.32,18.54
CleanCorpus/InterviewTaskok/audio_clipok/61_PM59_3ok/61_PM59_3_4ok.wav,18.72,19.58
CleanCorpus/InterviewTaskok/audio_clipok/61_PM59_3ok/61_PM59_3_4ok.wav,21.2,22.03
CleanCorpus/InterviewTaskok/audio_clipok/61_PM59_3ok/61_PM59_3_4ok.wav,24.63,26.19
CleanCorpus/InterviewTaskok/audio_clipok/61_PM59_3ok/61_PM59_3_4ok.wav,27.18,28.01
CleanCorpus/InterviewTaskok/audio_clipok/61_PM59_3ok/61_PM59_3_4ok.wav,29.28,30.19
CleanCorpus/InterviewTaskok/audio_clipok/61_PM59_3ok/61_PM59_3_4ok.wav,31.72,32.84
CleanCorpus/InterviewTaskok/audio_clipok/61_PM59_3ok/61_PM59_3_4ok.wav,34.16,36.07
CleanCorpus/InterviewTaskok/audio_clipok/61_PM59_3ok/61_PM59_3_4ok.wav,37.63,37.84
CleanCorpus/InterviewTaskok/audio_clipok/61_PM59_3ok/61_PM59_3_4ok.wav,38.53,39.5
CleanCorpus/InterviewTaskok/audio_clipok/61_PM59_3ok/61_PM59_3_4ok.wav,39.87,40.38
CleanCorpus/InterviewTaskok/audio_clipok/61_PM59_3ok/61_PM59_3_4ok.wav,41.33,41.94
CleanCorpus/InterviewTaskok/audio_clipok/61_PM59_3ok/61_PM59_3_4ok.wav,42.88,43.4
CleanCorpus/InterviewTaskok/audio_clipok/61_PM59_3ok/61_PM59_3_4ok.wav,44.74,45.49
CleanCorpus/InterviewTaskok/audio_clipok/61_PM59_3ok/61_PM59_3_4ok.wav,47.16,49.43
CleanCorpus/InterviewTaskok/audio_clipok/61_PM59_3ok/61_PM59_3_4ok.wav,50.42,53.27
CleanCorpus/InterviewTaskok/audio_clipok/61_PM59_3ok/61_PM59_3_4ok.wav,54.25,54.77
CleanCorpus/InterviewTaskok/audio_clipok/61_PM59_3ok/61_PM59_3_4ok.wav,55.02,55.85
CleanCorpus/InterviewTaskok/audio_clipok/61_PM59_3ok/61_PM59_3_2ok.wav,1.63,2.38
CleanCorpus/InterviewTaskok/audio_clipok/61_PM59_3ok/61_PM59_3_2ok.wav,4.61,5.46
CleanCorpus/InterviewTaskok/audio_clipok/61_PM59_3ok/61_PM59_3_2ok.wav,9.09,9.86
CleanCorpus/InterviewTaskok/audio_clipok/61_PM59_3ok/61_PM59_3_2ok.wav,13.27,13.54
CleanCorpus/InterviewTaskok/audio_clipok/61_PM59_3ok/61_PM59_3_2ok.wav,14.47,15.31
CleanCorpus/InterviewTaskok/audio_clipok/61_PM59_3ok/61_PM59_3_2ok.wav,19.09,20.18
CleanCorpus/InterviewTaskok/audio_clipok/61_PM59_3ok/61_PM59_3_2ok.wav,22.45,23.44
CleanCorpus/InterviewTaskok/audio_clipok/61_PM59_3ok/61_PM59_3_2ok.wav,26.23,27.19
CleanCorpus/InterviewTaskok/audio_clipok/61_PM59_3ok/61_PM59_3_2ok.wav,28.16,29.41
CleanCorpus/InterviewTaskok/audio_clipok/61_PM59_3ok/61_PM59_3_2ok.wav,31.45,33.11
CleanCorpus/InterviewTaskok/audio_clipok/31_CF55_2ok/31_CF55_2_2ok.wav,3.36,3.74
CleanCorpus/InterviewTaskok/audio_clipok/31_CF55_2ok/31_CF55_2_3ok.wav,3.13,3.5
CleanCorpus/InterviewTaskok/audio_clipok/31_CF55_2ok/31_CF55_2_3ok.wav,4.13,4.81
CleanCorpus/InterviewTaskok/audio_clipok/31_CF55_2ok/31_CF55_2_3ok.wav,8.63,10.25
CleanCorpus/InterviewTaskok/audio_clipok/31_CF55_2ok/31_CF55_2_3ok.wav,16.42,16.83
CleanCorpus/InterviewTaskok/audio_clipok/31_CF55_2ok/31_CF55_2_11ok.wav,4.46,5.57
CleanCorpus/InterviewTaskok/audio_clipok/31_CF55_2ok/31_CF55_2_11ok.wav,8.42,8.63
CleanCorpus/InterviewTaskok/audio_clipok/31_CF55_2ok/31_CF55_2_11ok.wav,9.72,10.37
CleanCorpus/InterviewTaskok/audio_clipok/31_CF55_2ok/31_CF55_2_13ok.wav,1.62,1.94
CleanCorpus/InterviewTaskok/audio_clipok/31_CF55_2ok/31_CF55_2_13ok.wav,3.82,4.73
CleanCorpus/InterviewTaskok/audio_clipok/31_CF55_2ok/31_CF55_2_13ok.wav,5.41,5.87
CleanCorpus/InterviewTaskok/audio_clipok/31_CF55_2ok/31_CF55_2_13ok.wav,7.05,8.52
CleanCorpus/InterviewTaskok/audio_clipok/31_CF55_2ok/31_CF55_2_13ok.wav,9.8,10.59
CleanCorpus/InterviewTaskok/audio_clipok/31_CF55_2ok/31_CF55_2_13ok.wav,11.78,12.16
CleanCorpus/InterviewTaskok/audio_clipok/31_CF55_2ok/31_CF55_2_19ok.wav,3.09,3.91
CleanCorpus/InterviewTaskok/audio_clipok/31_CF55_2ok/31_CF55_2_16ok.wav,6.6,6.85
CleanCorpus/InterviewTaskok/audio_clipok/31_CF55_2ok/31_CF55_2_7ok.wav,1.35,1.61
CleanCorpus/InterviewTaskok/audio_clipok/31_CF55_2ok/31_CF55_2_7ok.wav,4.02,4.57
CleanCorpus/InterviewTaskok/audio_clipok/31_CF55_2ok/31_CF55_2_7ok.wav,5.8,6.13
CleanCorpus/InterviewTaskok/audio_clipok/31_CF55_2ok/31_CF55_2_17ok.wav,2.56,3.89
CleanCorpus/InterviewTaskok/audio_clipok/31_CF55_2ok/31_CF55_2_17ok.wav,5.01,5.56
CleanCorpus/InterviewTaskok/audio_clipok/31_CF55_2ok/31_CF55_2_17ok.wav,5.9,6.67
CleanCorpus/InterviewTaskok/audio_clipok/31_CF55_2ok/31_CF55_2_4ok.wav,4.43,4.77
CleanCorpus/InterviewTaskok/audio_clipok/04_PF50_2ok/04_PF50_2_3ok.wav,8.23,8.61
CleanCorpus/InterviewTaskok/audio_clipok/04_PF50_2ok/04_PF50_2_3ok.wav,12.92,13.89
CleanCorpus/InterviewTaskok/audio_clipok/04_PF50_2ok/04_PF50_2_3ok.wav,16.93,17.16
CleanCorpus/InterviewTaskok/audio_clipok/04_PF50_2ok/04_PF50_2_3ok.wav,18.8,19.5
CleanCorpus/InterviewTaskok/audio_clipok/04_PF50_2ok/04_PF50_2_3ok.wav,21.02,21.5
CleanCorpus/InterviewTaskok/audio_clipok/04_PF50_2ok/04_PF50_2_3ok.wav,22.89,23.21
CleanCorpus/InterviewTaskok/audio_clipok/04_PF50_2ok/04_PF50_2_3ok.wav,23.72,23.96
CleanCorpus/InterviewTaskok/audio_clipok/04_PF50_2ok/04_PF50_2_3ok.wav,31.24,31.79
CleanCorpus/InterviewTaskok/audio_clipok/04_PF50_2ok/04_PF50_2_3ok.wav,33.02,33.73
CleanCorpus/InterviewTaskok/audio_clipok/04_PF50_2ok/04_PF50_2_3ok.wav,40.48,40.68
CleanCorpus/InterviewTaskok/audio_clipok/04_PF50_2ok/04_PF50_2_3ok.wav,42.09,42.36
CleanCorpus/InterviewTaskok/audio_clipok/04_PF50_2ok/04_PF50_2_3ok.wav,46.27,46.78
CleanCorpus/InterviewTaskok/audio_clipok/04_PF50_2ok/04_PF50_2_3ok.wav,53.46,53.69
CleanCorpus/InterviewTaskok/audio_clipok/04_PF50_2ok/04_PF50_2_3ok.wav,55.9,56.11
CleanCorpus/InterviewTaskok/audio_clipok/04_PF50_2ok/04_PF50_2_3ok.wav,64.1,64.35
CleanCorpus/InterviewTaskok/audio_clipok/04_PF50_2ok/04_PF50_2_3ok.wav,65.57,66.24
CleanCorpus/InterviewTaskok/audio_clipok/04_PF50_2ok/04_PF50_2_3ok.wav,66.92,67.23
CleanCorpus/InterviewTaskok/audio_clipok/04_PF50_2ok/04_PF50_2_3ok.wav,69.37,69.99
CleanCorpus/InterviewTaskok/audio_clipok/04_PF50_2ok/04_PF50_2_3ok.wav,74.29,74.7
CleanCorpus/InterviewTaskok/audio_clipok/04_PF50_2ok/04_PF50_2_3ok.wav,75.12,75.51
CleanCorpus/InterviewTaskok/audio_clipok/04_PF50_2ok/04_PF50_2_6ok.wav,10.67,10.95
CleanCorpus/InterviewTaskok/audio_clipok/04_PF50_2ok/04_PF50_2_6ok.wav,14.77,15.2
CleanCorpus/InterviewTaskok/audio_clipok/04_PF50_2ok/04_PF50_2_6ok.wav,20.52,21.08
CleanCorpus/InterviewTaskok/audio_clipok/04_PF50_2ok/04_PF50_2_6ok.wav,24.96,25.34
CleanCorpus/InterviewTaskok/audio_clipok/04_PF50_2ok/04_PF50_2_6ok.wav,28.51,29.43
CleanCorpus/InterviewTaskok/audio_clipok/04_PF50_2ok/04_PF50_2_5ok.wav,6.56,6.95
CleanCorpus/InterviewTaskok/audio_clipok/04_PF50_2ok/04_PF50_2_5ok.wav,10.96,11.19
CleanCorpus/InterviewTaskok/audio_clipok/04_PF50_2ok/04_PF50_2_5ok.wav,13.93,14.21
CleanCorpus/InterviewTaskok/audio_clipok/04_PF50_2ok/04_PF50_2_5ok.wav,17.71,18.17
CleanCorpus/InterviewTaskok/audio_clipok/04_PF50_2ok/04_PF50_2_5ok.wav,26.38,26.66
CleanCorpus/InterviewTaskok/audio_clipok/04_PF50_2ok/04_PF50_2_5ok.wav,35.12,35.45
CleanCorpus/InterviewTaskok/audio_clipok/04_PF50_2ok/04_PF50_2_7ok.wav,1.12,1.66
CleanCorpus/InterviewTaskok/audio_clipok/04_PF50_2ok/04_PF50_2_1ok.wav,4.66,5.06
CleanCorpus/InterviewTaskok/audio_clipok/04_PF50_2ok/04_PF50_2_4ok.wav,1.75,3.15
CleanCorpus/InterviewTaskok/audio_clipok/04_PF50_2ok/04_PF50_2_4ok.wav,4.4,4.75
CleanCorpus/InterviewTaskok/audio_clipok/04_PF50_2ok/04_PF50_2_4ok.wav,5.2,6.25
CleanCorpus/InterviewTaskok/audio_clipok/04_PF50_2ok/04_PF50_2_4ok.wav,6.45,6.78
CleanCorpus/InterviewTaskok/audio_clipok/04_PF50_2ok/04_PF50_2_4ok.wav,12.92,13.62
CleanCorpus/InterviewTaskok/audio_clipok/04_PF50_2ok/04_PF50_2_2ok.wav,5.73,6.38
CleanCorpus/InterviewTaskok/audio_clipok/04_PF50_2ok/04_PF50_2_2ok.wav,14.9,15.4
CleanCorpus/InterviewTaskok/audio_clipok/04_PF50_2ok/04_PF50_2_2ok.wav,22.78,23.38
CleanCorpus/InterviewTaskok/audio_clipok/04_PF50_2ok/04_PF50_2_2ok.wav,23.9,24.77
CleanCorpus/InterviewTaskok/audio_clipok/04_PF50_2ok/04_PF50_2_2ok.wav,29.39,30.95
CleanCorpus/InterviewTaskok/audio_clipok/04_PF50_2ok/04_PF50_2_2ok.wav,31.34,31.92
CleanCorpus/InterviewTaskok/audio_clipok/48_CF34_3ok/48_CF34_3_15ok.wav,1.31,2.1
CleanCorpus/InterviewTaskok/audio_clipok/48_CF34_3ok/48_CF34_3_15ok.wav,6.09,6.73
CleanCorpus/InterviewTaskok/audio_clipok/48_CF34_3ok/48_CF34_3_15ok.wav,7.48,7.78
CleanCorpus/InterviewTaskok/audio_clipok/48_CF34_3ok/48_CF34_3_9ok.wav,4.45,4.79
CleanCorpus/InterviewTaskok/audio_clipok/48_CF34_3ok/48_CF34_3_11ok.wav,1.05,1.77
CleanCorpus/InterviewTaskok/audio_clipok/48_CF34_3ok/48_CF34_3_3ok.wav,0.41,0.74
CleanCorpus/InterviewTaskok/audio_clipok/48_CF34_3ok/48_CF34_3_7ok.wav,3.29,3.85
CleanCorpus/InterviewTaskok/audio_clipok/48_CF34_3ok/48_CF34_3_7ok.wav,7.95,8.24
CleanCorpus/InterviewTaskok/audio_clipok/48_CF34_3ok/48_CF34_3_7ok.wav,10.37,10.57
CleanCorpus/InterviewTaskok/audio_clipok/48_CF34_3ok/48_CF34_3_12ok.wav,4.9,5.5
CleanCorpus/InterviewTaskok/audio_clipok/48_CF34_3ok/48_CF34_3_12ok.wav,9.22,9.59
CleanCorpus/InterviewTaskok/audio_clipok/48_CF34_3ok/48_CF34_3_21ok.wav,2.18,2.41
CleanCorpus/InterviewTaskok/audio_clipok/48_CF34_3ok/48_CF34_3_1ok.wav,5.36,5.68
CleanCorpus/InterviewTaskok/audio_clipok/48_CF34_3ok/48_CF34_3_6ok.wav,3.44,3.83
CleanCorpus/InterviewTaskok/audio_clipok/48_CF34_3ok/48_CF34_3_6ok.wav,5.43,6.0
CleanCorpus/InterviewTaskok/audio_clipok/48_CF34_3ok/48_CF34_3_6ok.wav,8.11,8.64
CleanCorpus/InterviewTaskok/audio_clipok/48_CF34_3ok/48_CF34_3_6ok.wav,9.28,9.58
CleanCorpus/InterviewTaskok/audio_clipok/48_CF34_3ok/48_CF34_3_17ok.wav,7.6,8.4
CleanCorpus/InterviewTaskok/audio_clipok/48_CF34_3ok/48_CF34_3_17ok.wav,11.84,12.56
CleanCorpus/InterviewTaskok/audio_clipok/48_CF34_3ok/48_CF34_3_19ok.wav,8.56,9.09
CleanCorpus/InterviewTaskok/audio_clipok/48_CF34_3ok/48_CF34_3_5ok.wav,2.42,2.94
CleanCorpus/InterviewTaskok/audio_clipok/58_PM43_3ok/58_PM43_3_3ok.wav,4.35,4.61
CleanCorpus/InterviewTaskok/audio_clipok/58_PM43_3ok/58_PM43_3_3ok.wav,6.32,7.21
CleanCorpus/InterviewTaskok/audio_clipok/58_PM43_3ok/58_PM43_3_3ok.wav,11.04,11.75
CleanCorpus/InterviewTaskok/audio_clipok/58_PM43_3ok/58_PM43_3_3ok.wav,13.04,13.93
CleanCorpus/InterviewTaskok/audio_clipok/58_PM43_3ok/58_PM43_3_3ok.wav,16.46,16.96
CleanCorpus/InterviewTaskok/audio_clipok/58_PM43_3ok/58_PM43_3_3ok.wav,18.11,18.41
CleanCorpus/InterviewTaskok/audio_clipok/58_PM43_3ok/58_PM43_3_3ok.wav,22.35,22.98
CleanCorpus/InterviewTaskok/audio_clipok/58_PM43_3ok/58_PM43_3_4ok.wav,0.96,2.73
CleanCorpus/InterviewTaskok/audio_clipok/58_PM43_3ok/58_PM43_3_4ok.wav,3.0,4.04
CleanCorpus/InterviewTaskok/audio_clipok/58_PM43_3ok/58_PM43_3_1ok.wav,3.32,3.85
CleanCorpus/InterviewTaskok/audio_clipok/58_PM43_3ok/58_PM43_3_1ok.wav,5.18,5.56
CleanCorpus/InterviewTaskok/audio_clipok/58_PM43_3ok/58_PM43_3_1ok.wav,8.41,9.16
CleanCorpus/InterviewTaskok/audio_clipok/58_PM43_3ok/58_PM43_3_1ok.wav,13.15,13.61
CleanCorpus/InterviewTaskok/audio_clipok/58_PM43_3ok/58_PM43_3_1ok.wav,17.78,18.65
CleanCorpus/InterviewTaskok/audio_clipok/58_PM43_3ok/58_PM43_3_1ok.wav,20.56,21.06
CleanCorpus/InterviewTaskok/audio_clipok/58_PM43_3ok/58_PM43_3_1ok.wav,22.41,23.08
CleanCorpus/InterviewTaskok/audio_clipok/58_PM43_3ok/58_PM43_3_1ok.wav,27.57,27.93
CleanCorpus/InterviewTaskok/audio_clipok/58_PM43_3ok/58_PM43_3_1ok.wav,32.81,33.27
CleanCorpus/InterviewTaskok/audio_clipok/58_PM43_3ok/58_PM43_3_1ok.wav,34.84,35.24
CleanCorpus/InterviewTaskok/audio_clipok/58_PM43_3ok/58_PM43_3_2ok.wav,3.49,4.16
CleanCorpus/InterviewTaskok/audio_clipok/58_PM43_3ok/58_PM43_3_2ok.wav,5.69,6.69
CleanCorpus/InterviewTaskok/audio_clipok/58_PM43_3ok/58_PM43_3_5ok.wav,3.68,4.26
CleanCorpus/InterviewTaskok/audio_clipok/58_PM43_3ok/58_PM43_3_5ok.wav,5.25,6.47
CleanCorpus/InterviewTaskok/audio_clipok/58_PM43_3ok/58_PM43_3_5ok.wav,8.21,8.7
CleanCorpus/InterviewTaskok/audio_clipok/58_PM43_3ok/58_PM43_3_5ok.wav,11.35,11.92
CleanCorpus/InterviewTaskok/audio_clipok/58_PM43_3ok/58_PM43_3_5ok.wav,15.1,15.51
CleanCorpus/InterviewTaskok/audio_clipok/58_PM43_3ok/58_PM43_3_5ok.wav,18.06,18.76
CleanCorpus/InterviewTaskok/audio_clipok/58_PM43_3ok/58_PM43_3_5ok.wav,24.43,25.0
CleanCorpus/InterviewTaskok/audio_clipok/58_PM43_3ok/58_PM43_3_5ok.wav,26.3,26.52
CleanCorpus/InterviewTaskok/audio_clipok/58_PM43_3ok/58_PM43_3_5ok.wav,27.62,28.26
CleanCorpus/InterviewTaskok/audio_clipok/58_PM43_3ok/58_PM43_3_5ok.wav,30.84,31.33
CleanCorpus/InterviewTaskok/audio_clipok/58_PM43_3ok/58_PM43_3_5ok.wav,35.73,36.46
CleanCorpus/InterviewTaskok/audio_clipok/58_PM43_3ok/58_PM43_3_5ok.wav,38.21,39.14
CleanCorpus/InterviewTaskok/audio_clipok/58_PM43_3ok/58_PM43_3_5ok.wav,41.63,42.06
CleanCorpus/InterviewTaskok/audio_clipok/58_PM43_3ok/58_PM43_3_5ok.wav,44.15,44.59
CleanCorpus/InterviewTaskok/audio_clipok/58_PM43_3ok/58_PM43_3_5ok.wav,45.39,46.09
CleanCorpus/InterviewTaskok/audio_clipok/58_PM43_3ok/58_PM43_3_5ok.wav,50.95,51.57
CleanCorpus/InterviewTaskok/audio_clipok/58_PM43_3ok/58_PM43_3_5ok.wav,53.75,54.2
CleanCorpus/InterviewTaskok/audio_clipok/58_PM43_3ok/58_PM43_3_5ok.wav,57.07,57.48
CleanCorpus/InterviewTaskok/audio_clipok/58_PM43_3ok/58_PM43_3_5ok.wav,58.82,59.19
CleanCorpus/InterviewTaskok/audio_clipok/58_PM43_3ok/58_PM43_3_5ok.wav,61.02,61.49
CleanCorpus/InterviewTaskok/audio_clipok/58_PM43_3ok/58_PM43_3_5ok.wav,62.61,63.42
CleanCorpus/InterviewTaskok/audio_clipok/58_PM43_3ok/58_PM43_3_5ok.wav,65.34,65.84
CleanCorpus/InterviewTaskok/audio_clipok/58_PM43_3ok/58_PM43_3_5ok.wav,66.55,66.95
CleanCorpus/InterviewTaskok/audio_clipok/58_PM43_3ok/58_PM43_3_5ok.wav,70.41,70.83
CleanCorpus/InterviewTaskok/audio_clipok/58_PM43_3ok/58_PM43_3_5ok.wav,73.25,73.72
CleanCorpus/InterviewTaskok/audio_clipok/58_PM43_3ok/58_PM43_3_5ok.wav,74.56,75.13
CleanCorpus/InterviewTaskok/audio_clipok/58_PM43_3ok/58_PM43_3_5ok.wav,77.34,77.8
CleanCorpus/InterviewTaskok/audio_clipok/58_PM43_3ok/58_PM43_3_5ok.wav,79.9,80.25
CleanCorpus/InterviewTaskok/audio_clipok/58_PM43_3ok/58_PM43_3_5ok.wav,82.23,82.68
CleanCorpus/InterviewTaskok/audio_clipok/58_PM43_3ok/58_PM43_3_5ok.wav,83.69,84.03
CleanCorpus/InterviewTaskok/audio_clipok/58_PM43_3ok/58_PM43_3_5ok.wav,85.51,86.55
CleanCorpus/InterviewTaskok/audio_clipok/58_PM43_3ok/58_PM43_3_5ok.wav,87.56,89.36
CleanCorpus/InterviewTaskok/audio_clipok/58_PM43_3ok/58_PM43_3_5ok.wav,92.5,93.55
CleanCorpus/InterviewTaskok/audio_clipok/58_PM43_3ok/58_PM43_3_5ok.wav,96.1,96.5
CleanCorpus/InterviewTaskok/audio_clipok/58_PM43_3ok/58_PM43_3_5ok.wav,99.92,100.45
CleanCorpus/InterviewTaskok/audio_clipok/58_PM43_3ok/58_PM43_3_5ok.wav,103.03,103.74
CleanCorpus/InterviewTaskok/audio_clipok/58_PM43_3ok/58_PM43_3_5ok.wav,106.72,107.18
CleanCorpus/InterviewTaskok/audio_clipok/58_PM43_3ok/58_PM43_3_5ok.wav,108.6,109.83
CleanCorpus/InterviewTaskok/audio_clipok/58_PM43_3ok/58_PM43_3_5ok.wav,112.57,112.9
CleanCorpus/InterviewTaskok/audio_clipok/09_PM60_2ok/09_PM60_2_7ok.wav,4.83,5.13
CleanCorpus/InterviewTaskok/audio_clipok/09_PM60_2ok/09_PM60_2_7ok.wav,6.18,6.42
CleanCorpus/InterviewTaskok/audio_clipok/09_PM60_2ok/09_PM60_2_7ok.wav,7.48,7.72
CleanCorpus/InterviewTaskok/audio_clipok/09_PM60_2ok/09_PM60_2_7ok.wav,9.39,9.81
CleanCorpus/InterviewTaskok/audio_clipok/09_PM60_2ok/09_PM60_2_6ok.wav,5.53,6.14
CleanCorpus/InterviewTaskok/audio_clipok/09_PM60_2ok/09_PM60_2_6ok.wav,9.46,9.97
CleanCorpus/InterviewTaskok/audio_clipok/09_PM60_2ok/09_PM60_2_6ok.wav,12.36,13.04
CleanCorpus/InterviewTaskok/audio_clipok/09_PM60_2ok/09_PM60_2_6ok.wav,18.68,19.07
CleanCorpus/InterviewTaskok/audio_clipok/09_PM60_2ok/09_PM60_2_6ok.wav,20.77,21.11
CleanCorpus/InterviewTaskok/audio_clipok/09_PM60_2ok/09_PM60_2_6ok.wav,24.05,24.57
CleanCorpus/InterviewTaskok/audio_clipok/09_PM60_2ok/09_PM60_2_6ok.wav,27.91,28.26
CleanCorpus/InterviewTaskok/audio_clipok/09_PM60_2ok/09_PM60_2_6ok.wav,32.17,32.58
CleanCorpus/InterviewTaskok/audio_clipok/09_PM60_2ok/09_PM60_2_6ok.wav,33.41,33.68
CleanCorpus/InterviewTaskok/audio_clipok/09_PM60_2ok/09_PM60_2_6ok.wav,35.6,35.98
CleanCorpus/InterviewTaskok/audio_clipok/09_PM60_2ok/09_PM60_2_6ok.wav,36.96,37.16
CleanCorpus/InterviewTaskok/audio_clipok/09_PM60_2ok/09_PM60_2_6ok.wav,38.08,38.38
CleanCorpus/InterviewTaskok/audio_clipok/09_PM60_2ok/09_PM60_2_6ok.wav,39.09,39.3
CleanCorpus/InterviewTaskok/audio_clipok/09_PM60_2ok/09_PM60_2_6ok.wav,42.94,43.3
CleanCorpus/InterviewTaskok/audio_clipok/09_PM60_2ok/09_PM60_2_5ok.wav,3.98,5.1
CleanCorpus/InterviewTaskok/audio_clipok/09_PM60_2ok/09_PM60_2_5ok.wav,9.27,9.67
CleanCorpus/InterviewTaskok/audio_clipok/09_PM60_2ok/09_PM60_2_5ok.wav,10.61,11.59
CleanCorpus/InterviewTaskok/audio_clipok/09_PM60_2ok/09_PM60_2_5ok.wav,13.23,13.77
CleanCorpus/InterviewTaskok/audio_clipok/09_PM60_2ok/09_PM60_2_2ok.wav,1.78,3.79
CleanCorpus/InterviewTaskok/audio_clipok/09_PM60_2ok/09_PM60_2_2ok.wav,5.86,6.4
CleanCorpus/InterviewTaskok/audio_clipok/09_PM60_2ok/09_PM60_2_2ok.wav,7.29,8.24
CleanCorpus/InterviewTaskok/audio_clipok/09_PM60_2ok/09_PM60_2_2ok.wav,12.46,13.01
CleanCorpus/InterviewTaskok/audio_clipok/09_PM60_2ok/09_PM60_2_2ok.wav,15.9,16.49
CleanCorpus/InterviewTaskok/audio_clipok/09_PM60_2ok/09_PM60_2_2ok.wav,20.66,21.04
CleanCorpus/InterviewTaskok/audio_clipok/09_PM60_2ok/09_PM60_2_2ok.wav,22.42,23.82
CleanCorpus/InterviewTaskok/audio_clipok/09_PM60_2ok/09_PM60_2_2ok.wav,26.53,26.94
CleanCorpus/InterviewTaskok/audio_clipok/09_PM60_2ok/09_PM60_2_2ok.wav,27.67,28.45
CleanCorpus/InterviewTaskok/audio_clipok/09_PM60_2ok/09_PM60_2_2ok.wav,29.92,31.97
CleanCorpus/InterviewTaskok/audio_clipok/09_PM60_2ok/09_PM60_2_2ok.wav,36.93,37.5
CleanCorpus/InterviewTaskok/audio_clipok/09_PM60_2ok/09_PM60_2_2ok.wav,40.8,41.79
CleanCorpus/InterviewTaskok/audio_clipok/09_PM60_2ok/09_PM60_2_2ok.wav,42.78,43.16
CleanCorpus/InterviewTaskok/audio_clipok/09_PM60_2ok/09_PM60_2_2ok.wav,43.29,43.53
CleanCorpus/InterviewTaskok/audio_clipok/09_PM60_2ok/09_PM60_2_2ok.wav,45.19,45.88
CleanCorpus/InterviewTaskok/audio_clipok/09_PM60_2ok/09_PM60_2_2ok.wav,47.06,48.09
CleanCorpus/InterviewTaskok/audio_clipok/09_PM60_2ok/09_PM60_2_1ok.wav,2.38,2.89
CleanCorpus/InterviewTaskok/audio_clipok/09_PM60_2ok/09_PM60_2_1ok.wav,6.61,6.85
CleanCorpus/InterviewTaskok/audio_clipok/09_PM60_2ok/09_PM60_2_1ok.wav,7.94,8.46
CleanCorpus/InterviewTaskok/audio_clipok/09_PM60_2ok/09_PM60_2_1ok.wav,11.42,11.82
CleanCorpus/InterviewTaskok/audio_clipok/09_PM60_2ok/09_PM60_2_1ok.wav,12.71,13.25
CleanCorpus/InterviewTaskok/audio_clipok/09_PM60_2ok/09_PM60_2_1ok.wav,15.88,16.73
CleanCorpus/InterviewTaskok/audio_clipok/09_PM60_2ok/09_PM60_2_1ok.wav,18.94,19.88
CleanCorpus/InterviewTaskok/audio_clipok/09_PM60_2ok/09_PM60_2_1ok.wav,24.35,25.03
CleanCorpus/InterviewTaskok/audio_clipok/09_PM60_2ok/09_PM60_2_1ok.wav,29.81,30.58
CleanCorpus/InterviewTaskok/audio_clipok/09_PM60_2ok/09_PM60_2_1ok.wav,31.9,32.13
CleanCorpus/InterviewTaskok/audio_clipok/09_PM60_2ok/09_PM60_2_1ok.wav,33.88,34.7
CleanCorpus/InterviewTaskok/audio_clipok/09_PM60_2ok/09_PM60_2_1ok.wav,35.61,35.83
CleanCorpus/InterviewTaskok/audio_clipok/09_PM60_2ok/09_PM60_2_1ok.wav,38.55,39.19
CleanCorpus/InterviewTaskok/audio_clipok/09_PM60_2ok/09_PM60_2_1ok.wav,40.74,41.22
CleanCorpus/InterviewTaskok/audio_clipok/09_PM60_2ok/09_PM60_2_1ok.wav,46.26,46.98
CleanCorpus/InterviewTaskok/audio_clipok/09_PM60_2ok/09_PM60_2_1ok.wav,49.17,50.06
CleanCorpus/InterviewTaskok/audio_clipok/09_PM60_2ok/09_PM60_2_1ok.wav,53.22,54.1
CleanCorpus/InterviewTaskok/audio_clipok/09_PM60_2ok/09_PM60_2_1ok.wav,58.93,59.53
CleanCorpus/InterviewTaskok/audio_clipok/09_PM60_2ok/09_PM60_2_1ok.wav,62.9,63.38
CleanCorpus/InterviewTaskok/audio_clipok/09_PM60_2ok/09_PM60_2_1ok.wav,64.57,65.49
CleanCorpus/InterviewTaskok/audio_clipok/09_PM60_2ok/09_PM60_2_3ok.wav,2.03,3.3
CleanCorpus/InterviewTaskok/audio_clipok/09_PM60_2ok/09_PM60_2_3ok.wav,5.19,6.14
CleanCorpus/InterviewTaskok/audio_clipok/09_PM60_2ok/09_PM60_2_8ok.wav,0.26,0.58
CleanCorpus/InterviewTaskok/audio_clipok/09_PM60_2ok/09_PM60_2_8ok.wav,5.88,6.35
CleanCorpus/InterviewTaskok/audio_clipok/09_PM60_2ok/09_PM60_2_8ok.wav,9.86,10.16
CleanCorpus/InterviewTaskok/audio_clipok/09_PM60_2ok/09_PM60_2_8ok.wav,11.43,11.88
CleanCorpus/InterviewTaskok/audio_clipok/09_PM60_2ok/09_PM60_2_8ok.wav,20.39,20.76
CleanCorpus/InterviewTaskok/audio_clipok/09_PM60_2ok/09_PM60_2_9ok.wav,1.91,3.07
CleanCorpus/InterviewTaskok/audio_clipok/09_PM60_2ok/09_PM60_2_9ok.wav,4.62,5.41
CleanCorpus/InterviewTaskok/audio_clipok/09_PM60_2ok/09_PM60_2_9ok.wav,8.44,9.69
CleanCorpus/InterviewTaskok/audio_clipok/09_PM60_2ok/09_PM60_2_4ok.wav,0.9,1.78
CleanCorpus/InterviewTaskok/audio_clipok/09_PM60_2ok/09_PM60_2_4ok.wav,5.9,6.79
CleanCorpus/InterviewTaskok/audio_clipok/17_PF44_2ok/17_PF44_2_1ok.wav,3.0,3.39
CleanCorpus/InterviewTaskok/audio_clipok/17_PF44_2ok/17_PF44_2_1ok.wav,5.49,5.78
CleanCorpus/InterviewTaskok/audio_clipok/17_PF44_2ok/17_PF44_2_1ok.wav,8.26,8.66
CleanCorpus/InterviewTaskok/audio_clipok/17_PF44_2ok/17_PF44_2_1ok.wav,10.36,10.78
CleanCorpus/InterviewTaskok/audio_clipok/17_PF44_2ok/17_PF44_2_1ok.wav,13.24,13.91
CleanCorpus/InterviewTaskok/audio_clipok/17_PF44_2ok/17_PF44_2_1ok.wav,14.95,15.87
CleanCorpus/InterviewTaskok/audio_clipok/17_PF44_2ok/17_PF44_2_1ok.wav,19.41,19.9
CleanCorpus/InterviewTaskok/audio_clipok/17_PF44_2ok/17_PF44_2_1ok.wav,22.39,22.78
CleanCorpus/InterviewTaskok/audio_clipok/17_PF44_2ok/17_PF44_2_1ok.wav,27.2,27.41
CleanCorpus/InterviewTaskok/audio_clipok/17_PF44_2ok/17_PF44_2_1ok.wav,28.81,29.26
CleanCorpus/InterviewTaskok/audio_clipok/17_PF44_2ok/17_PF44_2_1ok.wav,31.87,32.21
CleanCorpus/InterviewTaskok/audio_clipok/17_PF44_2ok/17_PF44_2_1ok.wav,34.27,34.59
CleanCorpus/InterviewTaskok/audio_clipok/17_PF44_2ok/17_PF44_2_1ok.wav,36.36,37.87
CleanCorpus/InterviewTaskok/audio_clipok/17_PF44_2ok/17_PF44_2_1ok.wav,41.4,41.82
CleanCorpus/InterviewTaskok/audio_clipok/17_PF44_2ok/17_PF44_2_3ok.wav,4.73,5.25
CleanCorpus/InterviewTaskok/audio_clipok/17_PF44_2ok/17_PF44_2_3ok.wav,8.01,8.96
CleanCorpus/InterviewTaskok/audio_clipok/17_PF44_2ok/17_PF44_2_3ok.wav,13.18,13.65
CleanCorpus/InterviewTaskok/audio_clipok/17_PF44_2ok/17_PF44_2_3ok.wav,16.73,18.67
CleanCorpus/InterviewTaskok/audio_clipok/17_PF44_2ok/17_PF44_2_5ok.wav,5.32,6.79
CleanCorpus/InterviewTaskok/audio_clipok/17_PF44_2ok/17_PF44_2_2ok.wav,4.34,4.68
CleanCorpus/InterviewTaskok/audio_clipok/17_PF44_2ok/17_PF44_2_2ok.wav,7.46,7.99
CleanCorpus/InterviewTaskok/audio_clipok/17_PF44_2ok/17_PF44_2_2ok.wav,10.82,11.25
CleanCorpus/InterviewTaskok/audio_clipok/17_PF44_2ok/17_PF44_2_2ok.wav,14.09,14.66
CleanCorpus/InterviewTaskok/audio_clipok/17_PF44_2ok/17_PF44_2_2ok.wav,15.57,16.69
CleanCorpus/InterviewTaskok/audio_clipok/17_PF44_2ok/17_PF44_2_2ok.wav,20.51,21.01
CleanCorpus/InterviewTaskok/audio_clipok/17_PF44_2ok/17_PF44_2_2ok.wav,24.28,24.99
CleanCorpus/InterviewTaskok/audio_clipok/17_PF44_2ok/17_PF44_2_2ok.wav,27.25,28.57
CleanCorpus/InterviewTaskok/audio_clipok/17_PF44_2ok/17_PF44_2_2ok.wav,30.94,32.38
CleanCorpus/InterviewTaskok/audio_clipok/17_PF44_2ok/17_PF44_2_2ok.wav,33.59,34.24
CleanCorpus/InterviewTaskok/audio_clipok/17_PF44_2ok/17_PF44_2_7ok.wav,0.0,0.28
CleanCorpus/InterviewTaskok/audio_clipok/13_CF45_2ok/13_CF45_2_19ok.wav,1.06,1.52
CleanCorpus/InterviewTaskok/audio_clipok/13_CF45_2ok/13_CF45_2_19ok.wav,2.52,3.02
CleanCorpus/InterviewTaskok/audio_clipok/13_CF45_2ok/13_CF45_2_19ok.wav,4.32,4.76
CleanCorpus/InterviewTaskok/audio_clipok/13_CF45_2ok/13_CF45_2_19ok.wav,6.75,7.55
CleanCorpus/InterviewTaskok/audio_clipok/13_CF45_2ok/13_CF45_2_19ok.wav,9.63,10.02
CleanCorpus/InterviewTaskok/audio_clipok/13_CF45_2ok/13_CF45_2_19ok.wav,10.78,11.73
CleanCorpus/InterviewTaskok/audio_clipok/13_CF45_2ok/13_CF45_2_1ok.wav,2.14,2.74
CleanCorpus/InterviewTaskok/audio_clipok/13_CF45_2ok/13_CF45_2_1ok.wav,5.21,6.11
CleanCorpus/InterviewTaskok/audio_clipok/13_CF45_2ok/13_CF45_2_1ok.wav,8.2,8.61
CleanCorpus/InterviewTaskok/audio_clipok/13_CF45_2ok/13_CF45_2_1ok.wav,10.84,11.61
CleanCorpus/InterviewTaskok/audio_clipok/13_CF45_2ok/13_CF45_2_1ok.wav,13.46,14.65
CleanCorpus/InterviewTaskok/audio_clipok/13_CF45_2ok/13_CF45_2_1ok.wav,18.73,19.38
CleanCorpus/InterviewTaskok/audio_clipok/13_CF45_2ok/13_CF45_2_1ok.wav,20.21,20.87
CleanCorpus/InterviewTaskok/audio_clipok/13_CF45_2ok/13_CF45_2_12ok.wav,5.17,5.64
CleanCorpus/InterviewTaskok/audio_clipok/13_CF45_2ok/13_CF45_2_12ok.wav,6.72,6.99
CleanCorpus/InterviewTaskok/audio_clipok/13_CF45_2ok/13_CF45_2_12ok.wav,10.03,11.3
CleanCorpus/InterviewTaskok/audio_clipok/13_CF45_2ok/13_CF45_2_15ok.wav,3.19,3.8
CleanCorpus/InterviewTaskok/audio_clipok/13_CF45_2ok/13_CF45_2_15ok.wav,4.79,6.28
CleanCorpus/InterviewTaskok/audio_clipok/13_CF45_2ok/13_CF45_2_15ok.wav,7.93,8.67
CleanCorpus/InterviewTaskok/audio_clipok/13_CF45_2ok/13_CF45_2_15ok.wav,10.09,10.45
CleanCorpus/InterviewTaskok/audio_clipok/13_CF45_2ok/13_CF45_2_4ok.wav,0.43,1.05
CleanCorpus/InterviewTaskok/audio_clipok/13_CF45_2ok/13_CF45_2_4ok.wav,2.87,3.7
CleanCorpus/InterviewTaskok/audio_clipok/13_CF45_2ok/13_CF45_2_4ok.wav,5.54,6.15
CleanCorpus/InterviewTaskok/audio_clipok/13_CF45_2ok/13_CF45_2_4ok.wav,7.37,7.86
CleanCorpus/InterviewTaskok/audio_clipok/13_CF45_2ok/13_CF45_2_4ok.wav,11.92,12.53
CleanCorpus/InterviewTaskok/audio_clipok/13_CF45_2ok/13_CF45_2_4ok.wav,15.25,15.83
CleanCorpus/InterviewTaskok/audio_clipok/13_CF45_2ok/13_CF45_2_4ok.wav,20.89,21.53
CleanCorpus/InterviewTaskok/audio_clipok/13_CF45_2ok/13_CF45_2_8ok.wav,1.08,1.49
CleanCorpus/InterviewTaskok/audio_clipok/13_CF45_2ok/13_CF45_2_8ok.wav,3.51,4.02
CleanCorpus/InterviewTaskok/audio_clipok/13_CF45_2ok/13_CF45_2_8ok.wav,9.67,9.95
CleanCorpus/InterviewTaskok/audio_clipok/13_CF45_2ok/13_CF45_2_8ok.wav,11.16,11.91
CleanCorpus/InterviewTaskok/audio_clipok/13_CF45_2ok/13_CF45_2_20ok.wav,0.62,1.1
CleanCorpus/InterviewTaskok/audio_clipok/13_CF45_2ok/13_CF45_2_20ok.wav,5.33,6.45
CleanCorpus/InterviewTaskok/audio_clipok/13_CF45_2ok/13_CF45_2_20ok.wav,8.91,9.29
CleanCorpus/InterviewTaskok/audio_clipok/13_CF45_2ok/13_CF45_2_2ok.wav,2.41,2.77
CleanCorpus/InterviewTaskok/audio_clipok/13_CF45_2ok/13_CF45_2_2ok.wav,4.65,5.74
CleanCorpus/InterviewTaskok/audio_clipok/13_CF45_2ok/13_CF45_2_2ok.wav,7.68,8.5
CleanCorpus/InterviewTaskok/audio_clipok/13_CF45_2ok/13_CF45_2_2ok.wav,9.18,10.29
CleanCorpus/InterviewTaskok/audio_clipok/13_CF45_2ok/13_CF45_2_2ok.wav,13.74,15.4
CleanCorpus/InterviewTaskok/audio_clipok/13_CF45_2ok/13_CF45_2_21ok.wav,0.42,0.69
CleanCorpus/InterviewTaskok/audio_clipok/13_CF45_2ok/13_CF45_2_21ok.wav,3.67,4.51
CleanCorpus/InterviewTaskok/audio_clipok/13_CF45_2ok/13_CF45_2_22ok.wav,7.78,8.29
CleanCorpus/InterviewTaskok/audio_clipok/13_CF45_2ok/13_CF45_2_5ok.wav,0.82,2.08
CleanCorpus/InterviewTaskok/audio_clipok/13_CF45_2ok/13_CF45_2_7ok.wav,0.79,1.04
CleanCorpus/InterviewTaskok/audio_clipok/13_CF45_2ok/13_CF45_2_14ok.wav,3.46,4.41
CleanCorpus/InterviewTaskok/audio_clipok/13_CF45_2ok/13_CF45_2_3ok.wav,3.35,3.56
CleanCorpus/InterviewTaskok/audio_clipok/21_CF58_3ok/21_CF58_3_4ok.wav,10.15,10.51
CleanCorpus/InterviewTaskok/audio_clipok/21_CF58_3ok/21_CF58_3_4ok.wav,11.42,11.76
CleanCorpus/InterviewTaskok/audio_clipok/21_CF58_3ok/21_CF58_3_4ok.wav,13.34,14.18
CleanCorpus/InterviewTaskok/audio_clipok/21_CF58_3ok/21_CF58_3_5ok.wav,2.05,2.5
CleanCorpus/InterviewTaskok/audio_clipok/21_CF58_3ok/21_CF58_3_5ok.wav,6.97,7.3
CleanCorpus/InterviewTaskok/audio_clipok/21_CF58_3ok/21_CF58_3_5ok.wav,9.73,10.12
CleanCorpus/InterviewTaskok/audio_clipok/21_CF58_3ok/21_CF58_3_5ok.wav,17.24,17.93
CleanCorpus/InterviewTaskok/audio_clipok/21_CF58_3ok/21_CF58_3_5ok.wav,28.44,28.82
CleanCorpus/InterviewTaskok/audio_clipok/21_CF58_3ok/21_CF58_3_5ok.wav,32.67,33.06
CleanCorpus/InterviewTaskok/audio_clipok/21_CF58_3ok/21_CF58_3_5ok.wav,37.69,37.98
CleanCorpus/InterviewTaskok/audio_clipok/21_CF58_3ok/21_CF58_3_7ok.wav,6.0,6.23
CleanCorpus/InterviewTaskok/audio_clipok/21_CF58_3ok/21_CF58_3_7ok.wav,11.86,12.45
CleanCorpus/InterviewTaskok/audio_clipok/21_CF58_3ok/21_CF58_3_7ok.wav,16.27,16.52
CleanCorpus/InterviewTaskok/audio_clipok/21_CF58_3ok/21_CF58_3_7ok.wav,17.63,18.01
CleanCorpus/InterviewTaskok/audio_clipok/21_CF58_3ok/21_CF58_3_1ok.wav,10.5,11.04
CleanCorpus/InterviewTaskok/audio_clipok/21_CF58_3ok/21_CF58_3_1ok.wav,14.09,14.74
CleanCorpus/InterviewTaskok/audio_clipok/21_CF58_3ok/21_CF58_3_1ok.wav,25.6,25.9
CleanCorpus/InterviewTaskok/audio_clipok/21_CF58_3ok/21_CF58_3_1ok.wav,30.17,30.55
CleanCorpus/InterviewTaskok/audio_clipok/21_CF58_3ok/21_CF58_3_6ok.wav,1.98,2.41
CleanCorpus/InterviewTaskok/audio_clipok/21_CF58_3ok/21_CF58_3_3ok.wav,0.16,0.59
CleanCorpus/InterviewTaskok/audio_clipok/21_CF58_3ok/21_CF58_3_3ok.wav,6.76,7.18
CleanCorpus/InterviewTaskok/audio_clipok/21_CF58_3ok/21_CF58_3_3ok.wav,10.47,10.89
CleanCorpus/InterviewTaskok/audio_clipok/21_CF58_3ok/21_CF58_3_3ok.wav,12.98,13.67
CleanCorpus/InterviewTaskok/audio_clipok/21_CF58_3ok/21_CF58_3_3ok.wav,20.16,20.48
CleanCorpus/InterviewTaskok/audio_clipok/21_CF58_3ok/21_CF58_3_3ok.wav,21.77,22.14
CleanCorpus/InterviewTaskok/audio_clipok/21_CF58_3ok/21_CF58_3_3ok.wav,22.93,23.8
CleanCorpus/InterviewTaskok/audio_clipok/21_CF58_3ok/21_CF58_3_2ok.wav,8.07,8.5
CleanCorpus/InterviewTaskok/audio_clipok/36_CF59_2ok/36_CF59_2_6ok.wav,1.16,1.43
CleanCorpus/InterviewTaskok/audio_clipok/36_CF59_2ok/36_CF59_2_6ok.wav,1.66,2.22
CleanCorpus/InterviewTaskok/audio_clipok/36_CF59_2ok/36_CF59_2_6ok.wav,8.24,9.01
CleanCorpus/InterviewTaskok/audio_clipok/36_CF59_2ok/36_CF59_2_6ok.wav,14.72,15.4
CleanCorpus/InterviewTaskok/audio_clipok/36_CF59_2ok/36_CF59_2_6ok.wav,18.03,18.91
CleanCorpus/InterviewTaskok/audio_clipok/36_CF59_2ok/36_CF59_2_6ok.wav,23.4,24.2
CleanCorpus/InterviewTaskok/audio_clipok/36_CF59_2ok/36_CF59_2_6ok.wav,28.48,29.02
CleanCorpus/InterviewTaskok/audio_clipok/36_CF59_2ok/36_CF59_2_6ok.wav,29.39,29.73
CleanCorpus/InterviewTaskok/audio_clipok/36_CF59_2ok/36_CF59_2_6ok.wav,35.08,36.15
CleanCorpus/InterviewTaskok/audio_clipok/36_CF59_2ok/36_CF59_2_6ok.wav,38.49,39.21
CleanCorpus/InterviewTaskok/audio_clipok/36_CF59_2ok/36_CF59_2_6ok.wav,39.77,41.02
CleanCorpus/InterviewTaskok/audio_clipok/36_CF59_2ok/36_CF59_2_6ok.wav,47.71,48.7
CleanCorpus/InterviewTaskok/audio_clipok/36_CF59_2ok/36_CF59_2_6ok.wav,53.37,54.09
CleanCorpus/InterviewTaskok/audio_clipok/36_CF59_2ok/36_CF59_2_6ok.wav,58.64,59.61
CleanCorpus/InterviewTaskok/audio_clipok/36_CF59_2ok/36_CF59_2_6ok.wav,60.8,61.27
CleanCorpus/InterviewTaskok/audio_clipok/36_CF59_2ok/36_CF59_2_6ok.wav,62.9,63.82
CleanCorpus/InterviewTaskok/audio_clipok/36_CF59_2ok/36_CF59_2_6ok.wav,67.81,68.72
CleanCorpus/InterviewTaskok/audio_clipok/36_CF59_2ok/36_CF59_2_10ok.wav,5.18,5.48
CleanCorpus/InterviewTaskok/audio_clipok/36_CF59_2ok/36_CF59_2_10ok.wav,7.3,7.59
CleanCorpus/InterviewTaskok/audio_clipok/36_CF59_2ok/36_CF59_2_10ok.wav,8.54,9.31
CleanCorpus/InterviewTaskok/audio_clipok/36_CF59_2ok/36_CF59_2_10ok.wav,12.07,12.74
CleanCorpus/InterviewTaskok/audio_clipok/36_CF59_2ok/36_CF59_2_10ok.wav,18.11,18.86
CleanCorpus/InterviewTaskok/audio_clipok/36_CF59_2ok/36_CF59_2_10ok.wav,24.81,25.41
CleanCorpus/InterviewTaskok/audio_clipok/36_CF59_2ok/36_CF59_2_10ok.wav,29.49,29.86
CleanCorpus/InterviewTaskok/audio_clipok/36_CF59_2ok/36_CF59_2_10ok.wav,32.84,33.46
CleanCorpus/InterviewTaskok/audio_clipok/36_CF59_2ok/36_CF59_2_10ok.wav,37.16,38.21
CleanCorpus/InterviewTaskok/audio_clipok/36_CF59_2ok/36_CF59_2_2ok.wav,1.7,2.07
CleanCorpus/InterviewTaskok/audio_clipok/36_CF59_2ok/36_CF59_2_2ok.wav,3.42,3.84
CleanCorpus/InterviewTaskok/audio_clipok/36_CF59_2ok/36_CF59_2_2ok.wav,5.61,5.86
CleanCorpus/InterviewTaskok/audio_clipok/36_CF59_2ok/36_CF59_2_2ok.wav,7.97,8.65
CleanCorpus/InterviewTaskok/audio_clipok/36_CF59_2ok/36_CF59_2_2ok.wav,10.5,10.74
CleanCorpus/InterviewTaskok/audio_clipok/36_CF59_2ok/36_CF59_2_11ok.wav,1.12,1.52
CleanCorpus/InterviewTaskok/audio_clipok/36_CF59_2ok/36_CF59_2_11ok.wav,2.73,3.22
CleanCorpus/InterviewTaskok/audio_clipok/36_CF59_2ok/36_CF59_2_11ok.wav,11.64,12.81
CleanCorpus/InterviewTaskok/audio_clipok/36_CF59_2ok/36_CF59_2_11ok.wav,14.48,15.17
CleanCorpus/InterviewTaskok/audio_clipok/36_CF59_2ok/36_CF59_2_11ok.wav,19.35,19.76
CleanCorpus/InterviewTaskok/audio_clipok/36_CF59_2ok/36_CF59_2_11ok.wav,22.9,23.6
CleanCorpus/InterviewTaskok/audio_clipok/36_CF59_2ok/36_CF59_2_11ok.wav,27.37,27.72
CleanCorpus/InterviewTaskok/audio_clipok/36_CF59_2ok/36_CF59_2_11ok.wav,29.52,29.88
CleanCorpus/InterviewTaskok/audio_clipok/36_CF59_2ok/36_CF59_2_11ok.wav,32.81,33.77
CleanCorpus/InterviewTaskok/audio_clipok/36_CF59_2ok/36_CF59_2_11ok.wav,36.34,36.85
CleanCorpus/InterviewTaskok/audio_clipok/36_CF59_2ok/36_CF59_2_11ok.wav,39.86,40.51
CleanCorpus/InterviewTaskok/audio_clipok/36_CF59_2ok/36_CF59_2_11ok.wav,46.15,46.76
CleanCorpus/InterviewTaskok/audio_clipok/36_CF59_2ok/36_CF59_2_11ok.wav,49.47,49.96
CleanCorpus/InterviewTaskok/audio_clipok/36_CF59_2ok/36_CF59_2_11ok.wav,52.02,52.36
CleanCorpus/InterviewTaskok/audio_clipok/36_CF59_2ok/36_CF59_2_11ok.wav,53.13,53.4
CleanCorpus/InterviewTaskok/audio_clipok/36_CF59_2ok/36_CF59_2_5ok.wav,1.96,2.57
CleanCorpus/InterviewTaskok/audio_clipok/36_CF59_2ok/36_CF59_2_5ok.wav,4.46,4.78
CleanCorpus/InterviewTaskok/audio_clipok/36_CF59_2ok/36_CF59_2_9ok.wav,1.26,1.52
CleanCorpus/InterviewTaskok/audio_clipok/36_CF59_2ok/36_CF59_2_4ok.wav,2.0,2.5
CleanCorpus/InterviewTaskok/audio_clipok/36_CF59_2ok/36_CF59_2_4ok.wav,4.42,5.75
CleanCorpus/InterviewTaskok/audio_clipok/36_CF59_2ok/36_CF59_2_4ok.wav,12.49,13.02
CleanCorpus/InterviewTaskok/audio_clipok/36_CF59_2ok/36_CF59_2_7ok.wav,0.0,0.26
CleanCorpus/InterviewTaskok/audio_clipok/36_CF59_2ok/36_CF59_2_7ok.wav,5.08,5.88
CleanCorpus/InterviewTaskok/audio_clipok/36_CF59_2ok/36_CF59_2_7ok.wav,10.4,10.79
CleanCorpus/InterviewTaskok/audio_clipok/36_CF59_2ok/36_CF59_2_7ok.wav,11.79,12.38
CleanCorpus/InterviewTaskok/audio_clipok/36_CF59_2ok/36_CF59_2_7ok.wav,14.68,15.33
CleanCorpus/InterviewTaskok/audio_clipok/36_CF59_2ok/36_CF59_2_7ok.wav,21.41,22.39
CleanCorpus/InterviewTaskok/audio_clipok/36_CF59_2ok/36_CF59_2_7ok.wav,23.61,24.09
CleanCorpus/InterviewTaskok/audio_clipok/36_CF59_2ok/36_CF59_2_7ok.wav,30.48,30.74
CleanCorpus/InterviewTaskok/audio_clipok/36_CF59_2ok/36_CF59_2_1ok.wav,2.93,3.83
CleanCorpus/InterviewTaskok/audio_clipok/30_CF62_3ok/30_CF62_3_4ok.wav,15.86,16.16
CleanCorpus/InterviewTaskok/audio_clipok/30_CF62_3ok/30_CF62_3_4ok.wav,19.36,19.68
CleanCorpus/InterviewTaskok/audio_clipok/30_CF62_3ok/30_CF62_3_4ok.wav,22.31,22.71
CleanCorpus/InterviewTaskok/audio_clipok/30_CF62_3ok/30_CF62_3_4ok.wav,31.46,31.76
CleanCorpus/InterviewTaskok/audio_clipok/30_CF62_3ok/30_CF62_3_4ok.wav,35.06,35.4
CleanCorpus/InterviewTaskok/audio_clipok/30_CF62_3ok/30_CF62_3_4ok.wav,44.18,44.55
CleanCorpus/InterviewTaskok/audio_clipok/30_CF62_3ok/30_CF62_3_4ok.wav,61.11,61.4
CleanCorpus/InterviewTaskok/audio_clipok/30_CF62_3ok/30_CF62_3_4ok.wav,63.07,63.32
CleanCorpus/InterviewTaskok/audio_clipok/30_CF62_3ok/30_CF62_3_4ok.wav,67.22,67.45
CleanCorpus/InterviewTaskok/audio_clipok/30_CF62_3ok/30_CF62_3_4ok.wav,79.91,80.2
CleanCorpus/InterviewTaskok/audio_clipok/30_CF62_3ok/30_CF62_3_4ok.wav,83.43,83.67
CleanCorpus/InterviewTaskok/audio_clipok/30_CF62_3ok/30_CF62_3_4ok.wav,93.4,93.61
CleanCorpus/InterviewTaskok/audio_clipok/30_CF62_3ok/30_CF62_3_1ok.wav,2.5,2.72
CleanCorpus/InterviewTaskok/audio_clipok/30_CF62_3ok/30_CF62_3_2ok.wav,3.38,3.78
CleanCorpus/InterviewTaskok/audio_clipok/30_CF62_3ok/30_CF62_3_2ok.wav,7.02,7.4
CleanCorpus/InterviewTaskok/audio_clipok/30_CF62_3ok/30_CF62_3_2ok.wav,10.9,11.19
CleanCorpus/InterviewTaskok/audio_clipok/30_CF62_3ok/30_CF62_3_2ok.wav,16.59,16.82
CleanCorpus/InterviewTaskok/audio_clipok/30_CF62_3ok/30_CF62_3_2ok.wav,17.9,18.16
CleanCorpus/InterviewTaskok/audio_clipok/30_CF62_3ok/30_CF62_3_2ok.wav,18.4,18.82
CleanCorpus/InterviewTaskok/audio_clipok/30_CF62_3ok/30_CF62_3_2ok.wav,22.42,22.66
CleanCorpus/InterviewTaskok/audio_clipok/30_CF62_3ok/30_CF62_3_2ok.wav,27.13,27.39
CleanCorpus/InterviewTaskok/audio_clipok/30_CF62_3ok/30_CF62_3_2ok.wav,31.0,31.32
CleanCorpus/InterviewTaskok/audio_clipok/30_CF62_3ok/30_CF62_3_2ok.wav,35.74,36.01
CleanCorpus/InterviewTaskok/audio_clipok/30_CF62_3ok/30_CF62_3_2ok.wav,42.01,42.5
CleanCorpus/InterviewTaskok/audio_clipok/30_CF62_3ok/30_CF62_3_2ok.wav,46.94,47.16
CleanCorpus/InterviewTaskok/audio_clipok/30_CF62_3ok/30_CF62_3_2ok.wav,49.44,49.77
CleanCorpus/InterviewTaskok/audio_clipok/30_CF62_3ok/30_CF62_3_2ok.wav,56.3,56.65
CleanCorpus/InterviewTaskok/audio_clipok/30_CF62_3ok/30_CF62_3_2ok.wav,59.43,60.29
CleanCorpus/InterviewTaskok/audio_clipok/30_CF62_3ok/30_CF62_3_2ok.wav,67.24,67.49
CleanCorpus/InterviewTaskok/audio_clipok/30_CF62_3ok/30_CF62_3_2ok.wav,72.84,73.12
CleanCorpus/InterviewTaskok/audio_clipok/30_CF62_3ok/30_CF62_3_2ok.wav,75.14,75.43
CleanCorpus/InterviewTaskok/audio_clipok/30_CF62_3ok/30_CF62_3_2ok.wav,76.55,76.87
CleanCorpus/InterviewTaskok/audio_clipok/30_CF62_3ok/30_CF62_3_2ok.wav,78.99,79.31
CleanCorpus/InterviewTaskok/audio_clipok/30_CF62_3ok/30_CF62_3_2ok.wav,83.06,83.46
CleanCorpus/InterviewTaskok/audio_clipok/72_PM53_1ok/72_PM53_1_1ok.wav,13.78,13.98
CleanCorpus/InterviewTaskok/audio_clipok/72_PM53_1ok/72_PM53_1_1ok.wav,16.56,16.87
CleanCorpus/InterviewTaskok/audio_clipok/72_PM53_1ok/72_PM53_1_1ok.wav,17.65,18.07
CleanCorpus/InterviewTaskok/audio_clipok/72_PM53_1ok/72_PM53_1_1ok.wav,21.84,23.63
CleanCorpus/InterviewTaskok/audio_clipok/72_PM53_1ok/72_PM53_1_1ok.wav,29.59,30.22
CleanCorpus/InterviewTaskok/audio_clipok/72_PM53_1ok/72_PM53_1_1ok.wav,31.71,32.49
CleanCorpus/InterviewTaskok/audio_clipok/72_PM53_1ok/72_PM53_1_1ok.wav,36.52,37.82
CleanCorpus/InterviewTaskok/audio_clipok/72_PM53_1ok/72_PM53_1_1ok.wav,42.23,43.49
CleanCorpus/InterviewTaskok/audio_clipok/72_PM53_1ok/72_PM53_1_1ok.wav,49.24,50.13
CleanCorpus/InterviewTaskok/audio_clipok/72_PM53_1ok/72_PM53_1_1ok.wav,53.79,56.39
CleanCorpus/InterviewTaskok/audio_clipok/72_PM53_1ok/72_PM53_1_1ok.wav,58.53,59.09
CleanCorpus/InterviewTaskok/audio_clipok/72_PM53_1ok/72_PM53_1_1ok.wav,61.54,62.25
CleanCorpus/InterviewTaskok/audio_clipok/72_PM53_1ok/72_PM53_1_1ok.wav,64.41,64.81
CleanCorpus/InterviewTaskok/audio_clipok/72_PM53_1ok/72_PM53_1_1ok.wav,69.48,69.92
CleanCorpus/InterviewTaskok/audio_clipok/72_PM53_1ok/72_PM53_1_1ok.wav,72.18,72.73
CleanCorpus/InterviewTaskok/audio_clipok/72_PM53_1ok/72_PM53_1_2ok.wav,4.77,5.52
CleanCorpus/InterviewTaskok/audio_clipok/72_PM53_1ok/72_PM53_1_2ok.wav,10.45,12.18
CleanCorpus/InterviewTaskok/audio_clipok/72_PM53_1ok/72_PM53_1_2ok.wav,16.38,17.18
CleanCorpus/InterviewTaskok/audio_clipok/72_PM53_1ok/72_PM53_1_2ok.wav,18.41,19.16
CleanCorpus/InterviewTaskok/audio_clipok/72_PM53_1ok/72_PM53_1_4ok.wav,7.98,8.34
CleanCorpus/InterviewTaskok/audio_clipok/72_PM53_1ok/72_PM53_1_4ok.wav,12.4,12.61
CleanCorpus/InterviewTaskok/audio_clipok/72_PM53_1ok/72_PM53_1_4ok.wav,16.03,16.43
CleanCorpus/InterviewTaskok/audio_clipok/72_PM53_1ok/72_PM53_1_4ok.wav,43.62,43.86
CleanCorpus/InterviewTaskok/audio_clipok/72_PM53_1ok/72_PM53_1_3ok.wav,33.54,33.82
CleanCorpus/InterviewTaskok/audio_clipok/72_PM53_1ok/72_PM53_1_3ok.wav,37.55,38.37
CleanCorpus/InterviewTaskok/audio_clipok/72_PM53_1ok/72_PM53_1_3ok.wav,44.91,45.53
CleanCorpus/InterviewTaskok/audio_clipok/72_PM53_1ok/72_PM53_1_3ok.wav,67.36,67.56
CleanCorpus/InterviewTaskok/audio_clipok/43_PF53_4ok/43_PF53_4_2ok.wav,2.73,3.11
CleanCorpus/InterviewTaskok/audio_clipok/43_PF53_4ok/43_PF53_4_2ok.wav,9.5,10.08
CleanCorpus/InterviewTaskok/audio_clipok/43_PF53_4ok/43_PF53_4_2ok.wav,12.24,12.71
CleanCorpus/InterviewTaskok/audio_clipok/43_PF53_4ok/43_PF53_4_2ok.wav,16.45,16.92
CleanCorpus/InterviewTaskok/audio_clipok/43_PF53_4ok/43_PF53_4_2ok.wav,19.31,19.68
CleanCorpus/InterviewTaskok/audio_clipok/43_PF53_4ok/43_PF53_4_2ok.wav,20.62,21.4
CleanCorpus/InterviewTaskok/audio_clipok/43_PF53_4ok/43_PF53_4_2ok.wav,29.33,29.64
CleanCorpus/InterviewTaskok/audio_clipok/43_PF53_4ok/43_PF53_4_2ok.wav,32.33,32.69
CleanCorpus/InterviewTaskok/audio_clipok/43_PF53_4ok/43_PF53_4_2ok.wav,35.38,35.86
CleanCorpus/InterviewTaskok/audio_clipok/43_PF53_4ok/43_PF53_4_2ok.wav,38.21,38.58
CleanCorpus/InterviewTaskok/audio_clipok/43_PF53_4ok/43_PF53_4_2ok.wav,42.3,42.72
CleanCorpus/InterviewTaskok/audio_clipok/43_PF53_4ok/43_PF53_4_2ok.wav,47.51,47.83
CleanCorpus/InterviewTaskok/audio_clipok/43_PF53_4ok/43_PF53_4_2ok.wav,49.79,50.12
CleanCorpus/InterviewTaskok/audio_clipok/43_PF53_4ok/43_PF53_4_2ok.wav,51.13,51.55
CleanCorpus/InterviewTaskok/audio_clipok/43_PF53_4ok/43_PF53_4_2ok.wav,52.67,53.23
CleanCorpus/InterviewTaskok/audio_clipok/43_PF53_4ok/43_PF53_4_2ok.wav,57.09,57.57
CleanCorpus/InterviewTaskok/audio_clipok/43_PF53_4ok/43_PF53_4_2ok.wav,60.86,61.25
CleanCorpus/InterviewTaskok/audio_clipok/43_PF53_4ok/43_PF53_4_2ok.wav,66.01,66.46
CleanCorpus/InterviewTaskok/audio_clipok/43_PF53_4ok/43_PF53_4_2ok.wav,69.78,70.29
CleanCorpus/InterviewTaskok/audio_clipok/43_PF53_4ok/43_PF53_4_2ok.wav,76.12,76.84
CleanCorpus/InterviewTaskok/audio_clipok/43_PF53_4ok/43_PF53_4_2ok.wav,78.74,79.07
CleanCorpus/InterviewTaskok/audio_clipok/43_PF53_4ok/43_PF53_4_2ok.wav,80.8,81.34
CleanCorpus/InterviewTaskok/audio_clipok/43_PF53_4ok/43_PF53_4_2ok.wav,83.0,83.43
CleanCorpus/InterviewTaskok/audio_clipok/43_PF53_4ok/43_PF53_4_2ok.wav,85.52,85.85
CleanCorpus/InterviewTaskok/audio_clipok/43_PF53_4ok/43_PF53_4_2ok.wav,89.82,90.63
CleanCorpus/InterviewTaskok/audio_clipok/43_PF53_4ok/43_PF53_4_2ok.wav,95.27,95.66
CleanCorpus/InterviewTaskok/audio_clipok/43_PF53_4ok/43_PF53_4_2ok.wav,98.49,98.95
CleanCorpus/InterviewTaskok/audio_clipok/43_PF53_4ok/43_PF53_4_2ok.wav,107.11,107.33
CleanCorpus/InterviewTaskok/audio_clipok/43_PF53_4ok/43_PF53_4_2ok.wav,108.47,109.15
CleanCorpus/InterviewTaskok/audio_clipok/43_PF53_4ok/43_PF53_4_2ok.wav,112.58,113.01
CleanCorpus/InterviewTaskok/audio_clipok/43_PF53_4ok/43_PF53_4_2ok.wav,113.31,113.91
CleanCorpus/InterviewTaskok/audio_clipok/43_PF53_4ok/43_PF53_4_2ok.wav,115.87,116.52
CleanCorpus/InterviewTaskok/audio_clipok/68_PF43_3ok/68_PF43_3_4ok.wav,4.24,5.58
CleanCorpus/InterviewTaskok/audio_clipok/68_PF43_3ok/68_PF43_3_4ok.wav,6.52,6.8
CleanCorpus/InterviewTaskok/audio_clipok/68_PF43_3ok/68_PF43_3_3ok.wav,2.79,3.01
CleanCorpus/InterviewTaskok/audio_clipok/68_PF43_3ok/68_PF43_3_3ok.wav,5.67,6.2
CleanCorpus/InterviewTaskok/audio_clipok/68_PF43_3ok/68_PF43_3_3ok.wav,10.31,10.92
CleanCorpus/InterviewTaskok/audio_clipok/68_PF43_3ok/68_PF43_3_3ok.wav,14.43,14.78
CleanCorpus/InterviewTaskok/audio_clipok/68_PF43_3ok/68_PF43_3_3ok.wav,17.76,18.08
CleanCorpus/InterviewTaskok/audio_clipok/68_PF43_3ok/68_PF43_3_2ok.wav,4.01,4.56
CleanCorpus/InterviewTaskok/audio_clipok/68_PF43_3ok/68_PF43_3_2ok.wav,8.05,8.65
CleanCorpus/InterviewTaskok/audio_clipok/68_PF43_3ok/68_PF43_3_6ok.wav,0.68,1.14
CleanCorpus/InterviewTaskok/audio_clipok/68_PF43_3ok/68_PF43_3_6ok.wav,11.66,12.29
CleanCorpus/InterviewTaskok/audio_clipok/68_PF43_3ok/68_PF43_3_6ok.wav,13.74,14.14
CleanCorpus/InterviewTaskok/audio_clipok/68_PF43_3ok/68_PF43_3_6ok.wav,28.72,29.15
CleanCorpus/InterviewTaskok/audio_clipok/68_PF43_3ok/68_PF43_3_6ok.wav,32.52,33.06
CleanCorpus/InterviewTaskok/audio_clipok/68_PF43_3ok/68_PF43_3_1ok.wav,3.57,4.37
CleanCorpus/InterviewTaskok/audio_clipok/68_PF43_3ok/68_PF43_3_1ok.wav,10.12,11.22
CleanCorpus/InterviewTaskok/audio_clipok/68_PF43_3ok/68_PF43_3_5ok.wav,2.56,2.77
CleanCorpus/InterviewTaskok/audio_clipok/68_PF43_3ok/68_PF43_3_5ok.wav,4.02,4.36
CleanCorpus/InterviewTaskok/audio_clipok/27_CF63_4ok/27_CF63_4_2ok.wav,4.8,5.29
CleanCorpus/InterviewTaskok/audio_clipok/27_CF63_4ok/27_CF63_4_2ok.wav,12.19,12.48
CleanCorpus/InterviewTaskok/audio_clipok/27_CF63_4ok/27_CF63_4_2ok.wav,18.14,18.55
CleanCorpus/InterviewTaskok/audio_clipok/27_CF63_4ok/27_CF63_4_2ok.wav,21.24,21.74
CleanCorpus/InterviewTaskok/audio_clipok/27_CF63_4ok/27_CF63_4_2ok.wav,23.91,24.33
CleanCorpus/InterviewTaskok/audio_clipok/27_CF63_4ok/27_CF63_4_2ok.wav,34.48,34.93
CleanCorpus/InterviewTaskok/audio_clipok/27_CF63_4ok/27_CF63_4_1ok.wav,5.27,6.04
CleanCorpus/InterviewTaskok/audio_clipok/27_CF63_4ok/27_CF63_4_1ok.wav,12.19,12.76
CleanCorpus/InterviewTaskok/audio_clipok/27_CF63_4ok/27_CF63_4_1ok.wav,16.6,17.27
CleanCorpus/InterviewTaskok/audio_clipok/27_CF63_4ok/27_CF63_4_1ok.wav,19.38,19.93
CleanCorpus/InterviewTaskok/audio_clipok/27_CF63_4ok/27_CF63_4_1ok.wav,23.59,24.2
CleanCorpus/InterviewTaskok/audio_clipok/27_CF63_4ok/27_CF63_4_1ok.wav,26.32,26.9
CleanCorpus/InterviewTaskok/audio_clipok/27_CF63_4ok/27_CF63_4_1ok.wav,40.18,40.67
CleanCorpus/InterviewTaskok/audio_clipok/27_CF63_4ok/27_CF63_4_1ok.wav,47.3,47.71
CleanCorpus/InterviewTaskok/audio_clipok/27_CF63_4ok/27_CF63_4_1ok.wav,47.82,48.07
CleanCorpus/InterviewTaskok/audio_clipok/27_CF63_4ok/27_CF63_4_1ok.wav,48.82,49.21
CleanCorpus/InterviewTaskok/audio_clipok/27_CF63_4ok/27_CF63_4_1ok.wav,49.39,50.26
CleanCorpus/InterviewTaskok/audio_clipok/27_CF63_4ok/27_CF63_4_1ok.wav,57.3,57.52
CleanCorpus/InterviewTaskok/audio_clipok/27_CF63_4ok/27_CF63_4_1ok.wav,61.71,62.05
CleanCorpus/InterviewTaskok/audio_clipok/27_CF63_4ok/27_CF63_4_1ok.wav,65.44,65.95
CleanCorpus/InterviewTaskok/audio_clipok/27_CF63_4ok/27_CF63_4_1ok.wav,67.49,67.89
CleanCorpus/InterviewTaskok/audio_clipok/27_CF63_4ok/27_CF63_4_1ok.wav,70.56,71.3
CleanCorpus/InterviewTaskok/audio_clipok/27_CF63_4ok/27_CF63_4_1ok.wav,76.83,77.58
CleanCorpus/InterviewTaskok/audio_clipok/27_CF63_4ok/27_CF63_4_1ok.wav,81.48,81.69
CleanCorpus/InterviewTaskok/audio_clipok/27_CF63_4ok/27_CF63_4_1ok.wav,86.41,87.09
CleanCorpus/InterviewTaskok/audio_clipok/27_CF63_4ok/27_CF63_4_1ok.wav,90.85,91.22
CleanCorpus/InterviewTaskok/audio_clipok/27_CF63_4ok/27_CF63_4_1ok.wav,92.67,93.13
CleanCorpus/InterviewTaskok/audio_clipok/27_CF63_4ok/27_CF63_4_1ok.wav,96.18,96.66
CleanCorpus/InterviewTaskok/audio_clipok/27_CF63_4ok/27_CF63_4_1ok.wav,100.9,102.04
CleanCorpus/InterviewTaskok/audio_clipok/27_CF63_4ok/27_CF63_4_1ok.wav,104.07,104.33
CleanCorpus/InterviewTaskok/audio_clipok/27_CF63_4ok/27_CF63_4_1ok.wav,106.92,107.24
CleanCorpus/InterviewTaskok/audio_clipok/27_CF63_4ok/27_CF63_4_4ok.wav,6.94,7.29
CleanCorpus/InterviewTaskok/audio_clipok/27_CF63_4ok/27_CF63_4_4ok.wav,17.51,17.78
CleanCorpus/InterviewTaskok/audio_clipok/38_PF31_2ok/38_PF31_2_2ok.wav,0.69,0.98
CleanCorpus/InterviewTaskok/audio_clipok/38_PF31_2ok/38_PF31_2_2ok.wav,2.48,3.11
CleanCorpus/InterviewTaskok/audio_clipok/38_PF31_2ok/38_PF31_2_2ok.wav,7.49,7.74
CleanCorpus/InterviewTaskok/audio_clipok/38_PF31_2ok/38_PF31_2_2ok.wav,11.78,12.26
CleanCorpus/InterviewTaskok/audio_clipok/38_PF31_2ok/38_PF31_2_2ok.wav,16.0,16.58
CleanCorpus/InterviewTaskok/audio_clipok/38_PF31_2ok/38_PF31_2_1ok.wav,0.75,1.49
CleanCorpus/InterviewTaskok/audio_clipok/38_PF31_2ok/38_PF31_2_1ok.wav,8.58,9.0
CleanCorpus/InterviewTaskok/audio_clipok/38_PF31_2ok/38_PF31_2_1ok.wav,13.49,14.3
CleanCorpus/InterviewTaskok/audio_clipok/38_PF31_2ok/38_PF31_2_1ok.wav,19.21,19.61
CleanCorpus/InterviewTaskok/audio_clipok/38_PF31_2ok/38_PF31_2_1ok.wav,22.85,23.32
CleanCorpus/InterviewTaskok/audio_clipok/38_PF31_2ok/38_PF31_2_1ok.wav,27.09,28.03
CleanCorpus/InterviewTaskok/audio_clipok/38_PF31_2ok/38_PF31_2_1ok.wav,34.7,35.66
CleanCorpus/InterviewTaskok/audio_clipok/38_PF31_2ok/38_PF31_2_1ok.wav,39.01,39.72
CleanCorpus/InterviewTaskok/audio_clipok/38_PF31_2ok/38_PF31_2_5ok.wav,4.11,4.54
CleanCorpus/InterviewTaskok/audio_clipok/38_PF31_2ok/38_PF31_2_5ok.wav,10.28,10.82
CleanCorpus/InterviewTaskok/audio_clipok/38_PF31_2ok/38_PF31_2_5ok.wav,12.47,12.81
CleanCorpus/InterviewTaskok/audio_clipok/38_PF31_2ok/38_PF31_2_3ok.wav,2.77,3.15
CleanCorpus/InterviewTaskok/audio_clipok/38_PF31_2ok/38_PF31_2_4ok.wav,3.32,3.87
CleanCorpus/InterviewTaskok/audio_clipok/38_PF31_2ok/38_PF31_2_4ok.wav,8.75,9.12
CleanCorpus/InterviewTaskok/audio_clipok/38_PF31_2ok/38_PF31_2_4ok.wav,12.07,12.65
CleanCorpus/InterviewTaskok/audio_clipok/38_PF31_2ok/38_PF31_2_4ok.wav,13.72,14.26
CleanCorpus/InterviewTaskok/audio_clipok/38_PF31_2ok/38_PF31_2_4ok.wav,18.53,18.78
CleanCorpus/InterviewTaskok/audio_clipok/38_PF31_2ok/38_PF31_2_4ok.wav,23.9,24.72
CleanCorpus/InterviewTaskok/audio_clipok/38_PF31_2ok/38_PF31_2_4ok.wav,31.08,31.35
CleanCorpus/InterviewTaskok/audio_clipok/51_PF58_2ok/51_PF58_2_6ok.wav,1.29,2.02
CleanCorpus/InterviewTaskok/audio_clipok/51_PF58_2ok/51_PF58_2_6ok.wav,6.45,7.92
CleanCorpus/InterviewTaskok/audio_clipok/51_PF58_2ok/51_PF58_2_6ok.wav,10.89,11.17
CleanCorpus/InterviewTaskok/audio_clipok/51_PF58_2ok/51_PF58_2_6ok.wav,15.5,17.03
CleanCorpus/InterviewTaskok/audio_clipok/51_PF58_2ok/51_PF58_2_7ok.wav,2.05,2.5
CleanCorpus/InterviewTaskok/audio_clipok/51_PF58_2ok/51_PF58_2_7ok.wav,4.39,4.86
CleanCorpus/InterviewTaskok/audio_clipok/51_PF58_2ok/51_PF58_2_7ok.wav,9.12,9.47
CleanCorpus/InterviewTaskok/audio_clipok/51_PF58_2ok/51_PF58_2_7ok.wav,12.22,12.86
CleanCorpus/InterviewTaskok/audio_clipok/51_PF58_2ok/51_PF58_2_7ok.wav,14.43,15.17
CleanCorpus/InterviewTaskok/audio_clipok/51_PF58_2ok/51_PF58_2_7ok.wav,17.2,18.65
CleanCorpus/InterviewTaskok/audio_clipok/51_PF58_2ok/51_PF58_2_4ok.wav,2.78,3.23
CleanCorpus/InterviewTaskok/audio_clipok/51_PF58_2ok/51_PF58_2_4ok.wav,4.3,5.87
CleanCorpus/InterviewTaskok/audio_clipok/51_PF58_2ok/51_PF58_2_4ok.wav,8.77,9.21
CleanCorpus/InterviewTaskok/audio_clipok/51_PF58_2ok/51_PF58_2_4ok.wav,11.11,11.32
CleanCorpus/InterviewTaskok/audio_clipok/51_PF58_2ok/51_PF58_2_1ok.wav,4.19,5.32
CleanCorpus/InterviewTaskok/audio_clipok/51_PF58_2ok/51_PF58_2_2ok.wav,2.78,4.21
CleanCorpus/InterviewTaskok/audio_clipok/51_PF58_2ok/51_PF58_2_2ok.wav,6.47,7.59
CleanCorpus/InterviewTaskok/audio_clipok/51_PF58_2ok/51_PF58_2_2ok.wav,11.45,12.28
CleanCorpus/InterviewTaskok/audio_clipok/51_PF58_2ok/51_PF58_2_3ok.wav,1.78,3.65
CleanCorpus/InterviewTaskok/audio_clipok/25_CF59_3ok/25_CF59_3_4ok.wav,7.65,8.25
CleanCorpus/InterviewTaskok/audio_clipok/25_CF59_3ok/25_CF59_3_4ok.wav,16.17,16.46
CleanCorpus/InterviewTaskok/audio_clipok/25_CF59_3ok/25_CF59_3_4ok.wav,19.12,19.73
CleanCorpus/InterviewTaskok/audio_clipok/25_CF59_3ok/25_CF59_3_3ok.wav,4.61,5.05
CleanCorpus/InterviewTaskok/audio_clipok/25_CF59_3ok/25_CF59_3_3ok.wav,12.97,13.25
CleanCorpus/InterviewTaskok/audio_clipok/25_CF59_3ok/25_CF59_3_3ok.wav,15.31,15.72
CleanCorpus/InterviewTaskok/audio_clipok/25_CF59_3ok/25_CF59_3_3ok.wav,18.18,18.54
CleanCorpus/InterviewTaskok/audio_clipok/25_CF59_3ok/25_CF59_3_3ok.wav,23.5,24.91
CleanCorpus/InterviewTaskok/audio_clipok/25_CF59_3ok/25_CF59_3_3ok.wav,27.79,28.13
CleanCorpus/InterviewTaskok/audio_clipok/25_CF59_3ok/25_CF59_3_3ok.wav,34.27,34.58
CleanCorpus/InterviewTaskok/audio_clipok/25_CF59_3ok/25_CF59_3_5ok.wav,5.69,6.55
CleanCorpus/InterviewTaskok/audio_clipok/25_CF59_3ok/25_CF59_3_5ok.wav,13.87,14.51
CleanCorpus/InterviewTaskok/audio_clipok/25_CF59_3ok/25_CF59_3_5ok.wav,15.89,16.25
CleanCorpus/InterviewTaskok/audio_clipok/25_CF59_3ok/25_CF59_3_5ok.wav,28.4,29.16
CleanCorpus/InterviewTaskok/audio_clipok/25_CF59_3ok/25_CF59_3_2ok.wav,8.24,8.85
CleanCorpus/InterviewTaskok/audio_clipok/25_CF59_3ok/25_CF59_3_2ok.wav,12.9,13.3
CleanCorpus/InterviewTaskok/audio_clipok/25_CF59_3ok/25_CF59_3_2ok.wav,35.66,35.97
CleanCorpus/InterviewTaskok/audio_clipok/25_CF59_3ok/25_CF59_3_2ok.wav,40.23,40.5
CleanCorpus/InterviewTaskok/audio_clipok/25_CF59_3ok/25_CF59_3_2ok.wav,40.77,41.01
CleanCorpus/InterviewTaskok/audio_clipok/25_CF59_3ok/25_CF59_3_2ok.wav,49.18,49.79
CleanCorpus/InterviewTaskok/audio_clipok/25_CF59_3ok/25_CF59_3_1ok.wav,0.46,0.84
CleanCorpus/InterviewTaskok/audio_clipok/25_CF59_3ok/25_CF59_3_1ok.wav,14.07,14.54
CleanCorpus/InterviewTaskok/audio_clipok/25_CF59_3ok/25_CF59_3_1ok.wav,21.7,22.05
CleanCorpus/InterviewTaskok/audio_clipok/25_CF59_3ok/25_CF59_3_1ok.wav,25.66,25.97
CleanCorpus/InterviewTaskok/audio_clipok/25_CF59_3ok/25_CF59_3_1ok.wav,31.34,31.56
CleanCorpus/InterviewTaskok/audio_clipok/25_CF59_3ok/25_CF59_3_1ok.wav,36.19,36.69
CleanCorpus/InterviewTaskok/audio_clipok/25_CF59_3ok/25_CF59_3_1ok.wav,47.59,48.39
CleanCorpus/InterviewTaskok/audio_clipok/25_CF59_3ok/25_CF59_3_1ok.wav,55.96,56.28
CleanCorpus/InterviewTaskok/audio_clipok/25_CF59_3ok/25_CF59_3_1ok.wav,60.34,60.58
CleanCorpus/InterviewTaskok/audio_clipok/25_CF59_3ok/25_CF59_3_1ok.wav,60.94,61.38
CleanCorpus/InterviewTaskok/audio_clipok/25_CF59_3ok/25_CF59_3_1ok.wav,61.68,62.11
CleanCorpus/InterviewTaskok/audio_clipok/24_PF56_2ok/24_PF56_2_1ok.wav,0.57,1.71
CleanCorpus/InterviewTaskok/audio_clipok/24_PF56_2ok/24_PF56_2_1ok.wav,1.93,3.13
CleanCorpus/InterviewTaskok/audio_clipok/24_PF56_2ok/24_PF56_2_1ok.wav,17.22,17.78
CleanCorpus/InterviewTaskok/audio_clipok/24_PF56_2ok/24_PF56_2_1ok.wav,19.99,20.58
CleanCorpus/InterviewTaskok/audio_clipok/24_PF56_2ok/24_PF56_2_1ok.wav,25.79,27.18
CleanCorpus/InterviewTaskok/audio_clipok/24_PF56_2ok/24_PF56_2_1ok.wav,33.67,34.34
CleanCorpus/InterviewTaskok/audio_clipok/24_PF56_2ok/24_PF56_2_1ok.wav,40.71,41.29
CleanCorpus/InterviewTaskok/audio_clipok/24_PF56_2ok/24_PF56_2_1ok.wav,44.77,45.33
CleanCorpus/InterviewTaskok/audio_clipok/24_PF56_2ok/24_PF56_2_1ok.wav,48.23,49.27
CleanCorpus/InterviewTaskok/audio_clipok/24_PF56_2ok/24_PF56_2_1ok.wav,56.22,56.85
CleanCorpus/InterviewTaskok/audio_clipok/24_PF56_2ok/24_PF56_2_1ok.wav,65.74,66.19
CleanCorpus/InterviewTaskok/audio_clipok/24_PF56_2ok/24_PF56_2_1ok.wav,68.13,69.19
CleanCorpus/InterviewTaskok/audio_clipok/24_PF56_2ok/24_PF56_2_1ok.wav,71.18,71.74
CleanCorpus/InterviewTaskok/audio_clipok/24_PF56_2ok/24_PF56_2_1ok.wav,76.45,77.25
CleanCorpus/InterviewTaskok/audio_clipok/24_PF56_2ok/24_PF56_2_1ok.wav,80.23,80.72
CleanCorpus/InterviewTaskok/audio_clipok/24_PF56_2ok/24_PF56_2_1ok.wav,86.66,86.9
CleanCorpus/InterviewTaskok/audio_clipok/24_PF56_2ok/24_PF56_2_1ok.wav,87.08,87.64
CleanCorpus/InterviewTaskok/audio_clipok/24_PF56_2ok/24_PF56_2_1ok.wav,89.89,90.21
CleanCorpus/InterviewTaskok/audio_clipok/24_PF56_2ok/24_PF56_2_1ok.wav,92.84,93.77
CleanCorpus/InterviewTaskok/audio_clipok/24_PF56_2ok/24_PF56_2_1ok.wav,98.04,98.6
CleanCorpus/InterviewTaskok/audio_clipok/24_PF56_2ok/24_PF56_2_1ok.wav,100.23,100.81
CleanCorpus/InterviewTaskok/audio_clipok/24_PF56_2ok/24_PF56_2_1ok.wav,106.05,106.69
CleanCorpus/InterviewTaskok/audio_clipok/24_PF56_2ok/24_PF56_2_1ok.wav,107.39,107.74
CleanCorpus/InterviewTaskok/audio_clipok/24_PF56_2ok/24_PF56_2_1ok.wav,114.28,114.89
CleanCorpus/InterviewTaskok/audio_clipok/24_PF56_2ok/24_PF56_2_1ok.wav,117.12,117.46
CleanCorpus/InterviewTaskok/audio_clipok/24_PF56_2ok/24_PF56_2_1ok.wav,120.84,121.56
CleanCorpus/InterviewTaskok/audio_clipok/24_PF56_2ok/24_PF56_2_1ok.wav,124.15,125.08
CleanCorpus/InterviewTaskok/audio_clipok/24_PF56_2ok/24_PF56_2_1ok.wav,128.67,129.08
CleanCorpus/InterviewTaskok/audio_clipok/24_PF56_2ok/24_PF56_2_1ok.wav,132.63,133.72
CleanCorpus/InterviewTaskok/audio_clipok/24_PF56_2ok/24_PF56_2_1ok.wav,136.45,137.01
CleanCorpus/InterviewTaskok/audio_clipok/24_PF56_2ok/24_PF56_2_1ok.wav,138.27,138.93
CleanCorpus/InterviewTaskok/audio_clipok/24_PF56_2ok/24_PF56_2_1ok.wav,141.15,141.45
CleanCorpus/InterviewTaskok/audio_clipok/24_PF56_2ok/24_PF56_2_1ok.wav,143.4,143.73
CleanCorpus/InterviewTaskok/audio_clipok/24_PF56_2ok/24_PF56_2_1ok.wav,145.79,146.55
CleanCorpus/InterviewTaskok/audio_clipok/24_PF56_2ok/24_PF56_2_1ok.wav,148.43,148.81
CleanCorpus/InterviewTaskok/audio_clipok/10_CF51_2ok/10_CF51_2_6ok.wav,0.19,0.43
CleanCorpus/InterviewTaskok/audio_clipok/10_CF51_2ok/10_CF51_2_6ok.wav,2.01,2.39
CleanCorpus/InterviewTaskok/audio_clipok/10_CF51_2ok/10_CF51_2_1ok.wav,4.1,4.72
CleanCorpus/InterviewTaskok/audio_clipok/10_CF51_2ok/10_CF51_2_1ok.wav,16.99,17.3
CleanCorpus/InterviewTaskok/audio_clipok/10_CF51_2ok/10_CF51_2_1ok.wav,19.33,19.73
CleanCorpus/InterviewTaskok/audio_clipok/10_CF51_2ok/10_CF51_2_1ok.wav,20.06,20.38
CleanCorpus/InterviewTaskok/audio_clipok/10_CF51_2ok/10_CF51_2_1ok.wav,21.27,21.63
CleanCorpus/InterviewTaskok/audio_clipok/10_CF51_2ok/10_CF51_2_1ok.wav,23.17,23.47
CleanCorpus/InterviewTaskok/audio_clipok/10_CF51_2ok/10_CF51_2_1ok.wav,25.29,25.8
CleanCorpus/InterviewTaskok/audio_clipok/10_CF51_2ok/10_CF51_2_1ok.wav,26.46,27.17
CleanCorpus/InterviewTaskok/audio_clipok/10_CF51_2ok/10_CF51_2_1ok.wav,31.51,31.96
CleanCorpus/InterviewTaskok/audio_clipok/10_CF51_2ok/10_CF51_2_1ok.wav,40.38,40.76
CleanCorpus/InterviewTaskok/audio_clipok/10_CF51_2ok/10_CF51_2_1ok.wav,46.16,46.36
CleanCorpus/InterviewTaskok/audio_clipok/10_CF51_2ok/10_CF51_2_1ok.wav,48.15,48.38
CleanCorpus/InterviewTaskok/audio_clipok/10_CF51_2ok/10_CF51_2_1ok.wav,52.53,52.77
CleanCorpus/InterviewTaskok/audio_clipok/10_CF51_2ok/10_CF51_2_1ok.wav,59.99,60.36
CleanCorpus/InterviewTaskok/audio_clipok/10_CF51_2ok/10_CF51_2_1ok.wav,64.22,64.66
CleanCorpus/InterviewTaskok/audio_clipok/10_CF51_2ok/10_CF51_2_2ok.wav,7.11,7.76
CleanCorpus/InterviewTaskok/audio_clipok/10_CF51_2ok/10_CF51_2_2ok.wav,9.32,9.66
CleanCorpus/InterviewTaskok/audio_clipok/10_CF51_2ok/10_CF51_2_2ok.wav,12.42,12.89
CleanCorpus/InterviewTaskok/audio_clipok/10_CF51_2ok/10_CF51_2_2ok.wav,14.86,16.23
CleanCorpus/InterviewTaskok/audio_clipok/10_CF51_2ok/10_CF51_2_7ok.wav,0.63,0.91
CleanCorpus/InterviewTaskok/audio_clipok/10_CF51_2ok/10_CF51_2_7ok.wav,4.04,4.96
CleanCorpus/InterviewTaskok/audio_clipok/10_CF51_2ok/10_CF51_2_7ok.wav,7.9,9.25
CleanCorpus/InterviewTaskok/audio_clipok/10_CF51_2ok/10_CF51_2_7ok.wav,16.37,16.64
CleanCorpus/InterviewTaskok/audio_clipok/10_CF51_2ok/10_CF51_2_4ok.wav,18.35,18.98
CleanCorpus/InterviewTaskok/audio_clipok/10_CF51_2ok/10_CF51_2_4ok.wav,33.08,33.59
CleanCorpus/InterviewTaskok/audio_clipok/10_CF51_2ok/10_CF51_2_14ok.wav,4.33,5.09
CleanCorpus/InterviewTaskok/audio_clipok/10_CF51_2ok/10_CF51_2_3ok.wav,2.67,3.46
CleanCorpus/InterviewTaskok/audio_clipok/10_CF51_2ok/10_CF51_2_3ok.wav,4.49,4.84
CleanCorpus/InterviewTaskok/audio_clipok/10_CF51_2ok/10_CF51_2_3ok.wav,5.87,6.25
CleanCorpus/InterviewTaskok/audio_clipok/10_CF51_2ok/10_CF51_2_3ok.wav,7.28,7.94
CleanCorpus/InterviewTaskok/audio_clipok/10_CF51_2ok/10_CF51_2_3ok.wav,10.28,10.88
CleanCorpus/InterviewTaskok/audio_clipok/10_CF51_2ok/10_CF51_2_3ok.wav,12.82,13.22
CleanCorpus/InterviewTaskok/audio_clipok/10_CF51_2ok/10_CF51_2_9ok.wav,2.68,3.09
CleanCorpus/InterviewTaskok/audio_clipok/10_CF51_2ok/10_CF51_2_9ok.wav,5.98,6.42
CleanCorpus/InterviewTaskok/audio_clipok/10_CF51_2ok/10_CF51_2_9ok.wav,8.66,9.13
CleanCorpus/InterviewTaskok/audio_clipok/10_CF51_2ok/10_CF51_2_9ok.wav,10.3,10.73
CleanCorpus/InterviewTaskok/audio_clipok/10_CF51_2ok/10_CF51_2_9ok.wav,12.46,12.69
CleanCorpus/InterviewTaskok/audio_clipok/41_PF32_4ok/41_PF32_4_3ok.wav,2.66,3.12
CleanCorpus/InterviewTaskok/audio_clipok/41_PF32_4ok/41_PF32_4_3ok.wav,6.44,7.52
CleanCorpus/InterviewTaskok/audio_clipok/41_PF32_4ok/41_PF32_4_3ok.wav,10.16,11.63
CleanCorpus/InterviewTaskok/audio_clipok/41_PF32_4ok/41_PF32_4_3ok.wav,13.36,14.07
CleanCorpus/InterviewTaskok/audio_clipok/41_PF32_4ok/41_PF32_4_3ok.wav,17.63,18.53
CleanCorpus/InterviewTaskok/audio_clipok/41_PF32_4ok/41_PF32_4_3ok.wav,19.03,19.31
CleanCorpus/InterviewTaskok/audio_clipok/41_PF32_4ok/41_PF32_4_3ok.wav,21.81,22.34
CleanCorpus/InterviewTaskok/audio_clipok/41_PF32_4ok/41_PF32_4_3ok.wav,23.71,23.91
CleanCorpus/InterviewTaskok/audio_clipok/41_PF32_4ok/41_PF32_4_3ok.wav,25.37,25.94
CleanCorpus/InterviewTaskok/audio_clipok/41_PF32_4ok/41_PF32_4_3ok.wav,28.6,29.08
CleanCorpus/InterviewTaskok/audio_clipok/41_PF32_4ok/41_PF32_4_3ok.wav,31.13,31.34
CleanCorpus/InterviewTaskok/audio_clipok/41_PF32_4ok/41_PF32_4_3ok.wav,32.82,33.58
CleanCorpus/InterviewTaskok/audio_clipok/41_PF32_4ok/41_PF32_4_3ok.wav,36.51,38.08
CleanCorpus/InterviewTaskok/audio_clipok/41_PF32_4ok/41_PF32_4_2ok.wav,6.25,7.62
CleanCorpus/InterviewTaskok/audio_clipok/41_PF32_4ok/41_PF32_4_4ok.wav,1.51,2.29
CleanCorpus/InterviewTaskok/audio_clipok/41_PF32_4ok/41_PF32_4_4ok.wav,3.83,5.09
CleanCorpus/InterviewTaskok/audio_clipok/41_PF32_4ok/41_PF32_4_4ok.wav,5.88,6.26
CleanCorpus/InterviewTaskok/audio_clipok/41_PF32_4ok/41_PF32_4_4ok.wav,10.37,10.58
CleanCorpus/InterviewTaskok/audio_clipok/41_PF32_4ok/41_PF32_4_4ok.wav,12.45,12.68
CleanCorpus/InterviewTaskok/audio_clipok/41_PF32_4ok/41_PF32_4_4ok.wav,13.52,14.0
CleanCorpus/InterviewTaskok/audio_clipok/41_PF32_4ok/41_PF32_4_1ok.wav,1.84,2.62
CleanCorpus/InterviewTaskok/audio_clipok/41_PF32_4ok/41_PF32_4_1ok.wav,4.64,5.3
CleanCorpus/InterviewTaskok/audio_clipok/41_PF32_4ok/41_PF32_4_1ok.wav,7.14,7.72
CleanCorpus/InterviewTaskok/audio_clipok/41_PF32_4ok/41_PF32_4_1ok.wav,10.51,11.96
CleanCorpus/InterviewTaskok/audio_clipok/41_PF32_4ok/41_PF32_4_1ok.wav,14.32,14.62
CleanCorpus/InterviewTaskok/audio_clipok/41_PF32_4ok/41_PF32_4_1ok.wav,16.92,17.38
CleanCorpus/InterviewTaskok/audio_clipok/41_PF32_4ok/41_PF32_4_1ok.wav,19.5,20.58
CleanCorpus/InterviewTaskok/audio_clipok/41_PF32_4ok/41_PF32_4_1ok.wav,20.94,21.32
CleanCorpus/InterviewTaskok/audio_clipok/41_PF32_4ok/41_PF32_4_1ok.wav,23.94,24.5
CleanCorpus/InterviewTaskok/audio_clipok/41_PF32_4ok/41_PF32_4_1ok.wav,25.56,25.78
CleanCorpus/InterviewTaskok/audio_clipok/41_PF32_4ok/41_PF32_4_1ok.wav,29.42,29.97
CleanCorpus/InterviewTaskok/audio_clipok/41_PF32_4ok/41_PF32_4_1ok.wav,31.43,31.69
CleanCorpus/InterviewTaskok/audio_clipok/41_PF32_4ok/41_PF32_4_1ok.wav,32.61,32.9
CleanCorpus/InterviewTaskok/audio_clipok/41_PF32_4ok/41_PF32_4_1ok.wav,34.66,35.06
CleanCorpus/InterviewTaskok/audio_clipok/41_PF32_4ok/41_PF32_4_1ok.wav,36.87,37.51
CleanCorpus/InterviewTaskok/audio_clipok/41_PF32_4ok/41_PF32_4_1ok.wav,41.81,42.36
CleanCorpus/InterviewTaskok/audio_clipok/41_PF32_4ok/41_PF32_4_1ok.wav,43.43,43.77
CleanCorpus/InterviewTaskok/audio_clipok/41_PF32_4ok/41_PF32_4_1ok.wav,44.54,46.02
CleanCorpus/InterviewTaskok/audio_clipok/41_PF32_4ok/41_PF32_4_1ok.wav,46.66,47.3
CleanCorpus/InterviewTaskok/audio_clipok/41_PF32_4ok/41_PF32_4_1ok.wav,50.88,51.32
CleanCorpus/InterviewTaskok/audio_clipok/41_PF32_4ok/41_PF32_4_1ok.wav,51.93,52.59
CleanCorpus/InterviewTaskok/audio_clipok/41_PF32_4ok/41_PF32_4_1ok.wav,54.56,55.24
CleanCorpus/InterviewTaskok/audio_clipok/10_PF51_1ok/10_PF51_1_5ok.wav,9.66,10.6
CleanCorpus/InterviewTaskok/audio_clipok/10_PF51_1ok/10_PF51_1_5ok.wav,13.31,14.13
CleanCorpus/InterviewTaskok/audio_clipok/10_PF51_1ok/10_PF51_1_5ok.wav,17.01,17.75
CleanCorpus/InterviewTaskok/audio_clipok/10_PF51_1ok/10_PF51_1_5ok.wav,21.06,21.31
CleanCorpus/InterviewTaskok/audio_clipok/10_PF51_1ok/10_PF51_1_5ok.wav,22.38,23.72
CleanCorpus/InterviewTaskok/audio_clipok/10_PF51_1ok/10_PF51_1_5ok.wav,29.72,29.95
CleanCorpus/InterviewTaskok/audio_clipok/10_PF51_1ok/10_PF51_1_5ok.wav,31.19,31.9
CleanCorpus/InterviewTaskok/audio_clipok/10_PF51_1ok/10_PF51_1_5ok.wav,36.78,37.32
CleanCorpus/InterviewTaskok/audio_clipok/10_PF51_1ok/10_PF51_1_5ok.wav,39.68,39.95
CleanCorpus/InterviewTaskok/audio_clipok/10_PF51_1ok/10_PF51_1_5ok.wav,40.38,40.59
CleanCorpus/InterviewTaskok/audio_clipok/10_PF51_1ok/10_PF51_1_5ok.wav,44.34,44.95
CleanCorpus/InterviewTaskok/audio_clipok/10_PF51_1ok/10_PF51_1_5ok.wav,55.2,55.59
CleanCorpus/InterviewTaskok/audio_clipok/10_PF51_1ok/10_PF51_1_5ok.wav,58.18,59.72
CleanCorpus/InterviewTaskok/audio_clipok/10_PF51_1ok/10_PF51_1_5ok.wav,61.75,62.14
CleanCorpus/InterviewTaskok/audio_clipok/10_PF51_1ok/10_PF51_1_5ok.wav,64.29,64.74
CleanCorpus/InterviewTaskok/audio_clipok/10_PF51_1ok/10_PF51_1_5ok.wav,66.49,67.91
CleanCorpus/InterviewTaskok/audio_clipok/10_PF51_1ok/10_PF51_1_5ok.wav,68.08,68.31
CleanCorpus/InterviewTaskok/audio_clipok/10_PF51_1ok/10_PF51_1_5ok.wav,70.65,72.39
CleanCorpus/InterviewTaskok/audio_clipok/10_PF51_1ok/10_PF51_1_5ok.wav,78.43,78.73
CleanCorpus/InterviewTaskok/audio_clipok/10_PF51_1ok/10_PF51_1_5ok.wav,80.51,81.19
CleanCorpus/InterviewTaskok/audio_clipok/10_PF51_1ok/10_PF51_1_5ok.wav,84.13,85.62
CleanCorpus/InterviewTaskok/audio_clipok/10_PF51_1ok/10_PF51_1_5ok.wav,88.95,89.63
CleanCorpus/InterviewTaskok/audio_clipok/10_PF51_1ok/10_PF51_1_5ok.wav,91.98,93.42
CleanCorpus/InterviewTaskok/audio_clipok/10_PF51_1ok/10_PF51_1_4ok.wav,0.81,2.37
CleanCorpus/InterviewTaskok/audio_clipok/10_PF51_1ok/10_PF51_1_4ok.wav,3.81,5.08
CleanCorpus/InterviewTaskok/audio_clipok/10_PF51_1ok/10_PF51_1_4ok.wav,8.78,9.12
CleanCorpus/InterviewTaskok/audio_clipok/10_PF51_1ok/10_PF51_1_4ok.wav,10.06,10.62
CleanCorpus/InterviewTaskok/audio_clipok/10_PF51_1ok/10_PF51_1_4ok.wav,14.24,14.54
CleanCorpus/InterviewTaskok/audio_clipok/10_PF51_1ok/10_PF51_1_4ok.wav,14.92,16.13
CleanCorpus/InterviewTaskok/audio_clipok/10_PF51_1ok/10_PF51_1_4ok.wav,19.0,20.97
CleanCorpus/InterviewTaskok/audio_clipok/10_PF51_1ok/10_PF51_1_1ok.wav,1.66,2.41
CleanCorpus/InterviewTaskok/audio_clipok/10_PF51_1ok/10_PF51_1_1ok.wav,3.61,4.33
CleanCorpus/InterviewTaskok/audio_clipok/10_PF51_1ok/10_PF51_1_1ok.wav,6.93,7.79
CleanCorpus/InterviewTaskok/audio_clipok/10_PF51_1ok/10_PF51_1_1ok.wav,10.32,10.93
CleanCorpus/InterviewTaskok/audio_clipok/10_PF51_1ok/10_PF51_1_1ok.wav,13.38,14.09
CleanCorpus/InterviewTaskok/audio_clipok/10_PF51_1ok/10_PF51_1_1ok.wav,20.39,22.06
CleanCorpus/InterviewTaskok/audio_clipok/10_PF51_1ok/10_PF51_1_1ok.wav,28.78,29.38
CleanCorpus/InterviewTaskok/audio_clipok/10_PF51_1ok/10_PF51_1_1ok.wav,33.41,34.86
CleanCorpus/InterviewTaskok/audio_clipok/10_PF51_1ok/10_PF51_1_1ok.wav,37.56,37.89
CleanCorpus/InterviewTaskok/audio_clipok/10_PF51_1ok/10_PF51_1_1ok.wav,41.91,42.62
CleanCorpus/InterviewTaskok/audio_clipok/10_PF51_1ok/10_PF51_1_1ok.wav,48.82,49.8
CleanCorpus/InterviewTaskok/audio_clipok/10_PF51_1ok/10_PF51_1_1ok.wav,49.98,50.19
CleanCorpus/InterviewTaskok/audio_clipok/10_PF51_1ok/10_PF51_1_1ok.wav,51.43,51.93
CleanCorpus/InterviewTaskok/audio_clipok/10_PF51_1ok/10_PF51_1_3ok.wav,1.78,2.06
CleanCorpus/InterviewTaskok/audio_clipok/10_PF51_1ok/10_PF51_1_3ok.wav,2.37,2.87
CleanCorpus/InterviewTaskok/audio_clipok/10_PF51_1ok/10_PF51_1_3ok.wav,3.93,4.67
CleanCorpus/InterviewTaskok/audio_clipok/10_PF51_1ok/10_PF51_1_3ok.wav,5.43,6.17
CleanCorpus/InterviewTaskok/audio_clipok/10_PF51_1ok/10_PF51_1_3ok.wav,9.02,9.48
CleanCorpus/InterviewTaskok/audio_clipok/10_PF51_1ok/10_PF51_1_3ok.wav,10.74,12.26
CleanCorpus/InterviewTaskok/audio_clipok/10_PF51_1ok/10_PF51_1_3ok.wav,12.58,12.88
CleanCorpus/InterviewTaskok/audio_clipok/10_PF51_1ok/10_PF51_1_2ok.wav,1.9,2.49
CleanCorpus/InterviewTaskok/audio_clipok/10_PF51_1ok/10_PF51_1_2ok.wav,4.31,4.68
CleanCorpus/InterviewTaskok/audio_clipok/24_CM63_3ok/24_CM63_3_3ok.wav,3.7,4.21
CleanCorpus/InterviewTaskok/audio_clipok/24_CM63_3ok/24_CM63_3_3ok.wav,10.37,10.74
CleanCorpus/InterviewTaskok/audio_clipok/24_CM63_3ok/24_CM63_3_3ok.wav,13.22,13.73
CleanCorpus/InterviewTaskok/audio_clipok/24_CM63_3ok/24_CM63_3_3ok.wav,16.09,16.41
CleanCorpus/InterviewTaskok/audio_clipok/24_CM63_3ok/24_CM63_3_3ok.wav,20.06,20.67
CleanCorpus/InterviewTaskok/audio_clipok/24_CM63_3ok/24_CM63_3_3ok.wav,23.59,23.93
CleanCorpus/InterviewTaskok/audio_clipok/24_CM63_3ok/24_CM63_3_3ok.wav,26.23,26.64
CleanCorpus/InterviewTaskok/audio_clipok/24_CM63_3ok/24_CM63_3_3ok.wav,30.82,31.24
CleanCorpus/InterviewTaskok/audio_clipok/24_CM63_3ok/24_CM63_3_3ok.wav,33.04,33.31
CleanCorpus/InterviewTaskok/audio_clipok/24_CM63_3ok/24_CM63_3_3ok.wav,33.39,33.59
CleanCorpus/InterviewTaskok/audio_clipok/24_CM63_3ok/24_CM63_3_3ok.wav,39.72,40.17
CleanCorpus/InterviewTaskok/audio_clipok/24_CM63_3ok/24_CM63_3_3ok.wav,42.99,43.53
CleanCorpus/InterviewTaskok/audio_clipok/24_CM63_3ok/24_CM63_3_3ok.wav,50.63,51.69
CleanCorpus/InterviewTaskok/audio_clipok/24_CM63_3ok/24_CM63_3_3ok.wav,59.1,59.54
CleanCorpus/InterviewTaskok/audio_clipok/24_CM63_3ok/24_CM63_3_3ok.wav,63.16,63.63
CleanCorpus/InterviewTaskok/audio_clipok/24_CM63_3ok/24_CM63_3_2ok.wav,2.63,3.04
CleanCorpus/InterviewTaskok/audio_clipok/24_CM63_3ok/24_CM63_3_2ok.wav,8.94,9.31
CleanCorpus/InterviewTaskok/audio_clipok/24_CM63_3ok/24_CM63_3_2ok.wav,14.64,15.17
CleanCorpus/InterviewTaskok/audio_clipok/24_CM63_3ok/24_CM63_3_2ok.wav,21.49,22.12
CleanCorpus/InterviewTaskok/audio_clipok/24_CM63_3ok/24_CM63_3_2ok.wav,26.71,27.23
CleanCorpus/InterviewTaskok/audio_clipok/24_CM63_3ok/24_CM63_3_2ok.wav,28.76,29.03
CleanCorpus/InterviewTaskok/audio_clipok/24_CM63_3ok/24_CM63_3_2ok.wav,32.18,32.62
CleanCorpus/InterviewTaskok/audio_clipok/24_CM63_3ok/24_CM63_3_2ok.wav,39.74,40.09
CleanCorpus/InterviewTaskok/audio_clipok/24_CM63_3ok/24_CM63_3_2ok.wav,41.46,41.99
CleanCorpus/InterviewTaskok/audio_clipok/24_CM63_3ok/24_CM63_3_2ok.wav,46.07,46.49
CleanCorpus/InterviewTaskok/audio_clipok/24_CM63_3ok/24_CM63_3_2ok.wav,51.48,52.09
CleanCorpus/InterviewTaskok/audio_clipok/24_CM63_3ok/24_CM63_3_2ok.wav,55.82,56.42
CleanCorpus/InterviewTaskok/audio_clipok/24_CM63_3ok/24_CM63_3_2ok.wav,57.62,57.95
CleanCorpus/InterviewTaskok/audio_clipok/24_CM63_3ok/24_CM63_3_2ok.wav,63.34,63.74
CleanCorpus/InterviewTaskok/audio_clipok/24_CM63_3ok/24_CM63_3_2ok.wav,64.87,65.3
CleanCorpus/InterviewTaskok/audio_clipok/24_CM63_3ok/24_CM63_3_2ok.wav,67.55,67.99
CleanCorpus/InterviewTaskok/audio_clipok/24_CM63_3ok/24_CM63_3_2ok.wav,70.11,70.66
CleanCorpus/InterviewTaskok/audio_clipok/24_CM63_3ok/24_CM63_3_2ok.wav,76.1,76.55
CleanCorpus/InterviewTaskok/audio_clipok/24_CM63_3ok/24_CM63_3_2ok.wav,81.65,81.94
CleanCorpus/InterviewTaskok/audio_clipok/24_CM63_3ok/24_CM63_3_2ok.wav,83.94,84.32
CleanCorpus/InterviewTaskok/audio_clipok/24_CM63_3ok/24_CM63_3_2ok.wav,86.19,86.48
CleanCorpus/InterviewTaskok/audio_clipok/24_CM63_3ok/24_CM63_3_2ok.wav,90.36,90.92
CleanCorpus/InterviewTaskok/audio_clipok/24_CM63_3ok/24_CM63_3_1ok.wav,8.98,9.43
CleanCorpus/InterviewTaskok/audio_clipok/24_CM63_3ok/24_CM63_3_1ok.wav,12.01,12.87
CleanCorpus/InterviewTaskok/audio_clipok/24_CM63_3ok/24_CM63_3_1ok.wav,18.94,19.53
CleanCorpus/InterviewTaskok/audio_clipok/24_CM63_3ok/24_CM63_3_1ok.wav,21.89,22.29
CleanCorpus/InterviewTaskok/audio_clipok/24_CM63_3ok/24_CM63_3_1ok.wav,27.88,28.65
CleanCorpus/InterviewTaskok/audio_clipok/24_CM63_3ok/24_CM63_3_1ok.wav,31.48,31.85
CleanCorpus/InterviewTaskok/audio_clipok/24_CM63_3ok/24_CM63_3_1ok.wav,33.09,33.7
CleanCorpus/InterviewTaskok/audio_clipok/24_CM63_3ok/24_CM63_3_1ok.wav,35.14,35.98
CleanCorpus/InterviewTaskok/audio_clipok/35_PF43_2ok/35_PF43_2_1ok.wav,4.2,4.65
CleanCorpus/InterviewTaskok/audio_clipok/35_PF43_2ok/35_PF43_2_1ok.wav,10.02,10.5
CleanCorpus/InterviewTaskok/audio_clipok/35_PF43_2ok/35_PF43_2_1ok.wav,12.66,13.27
CleanCorpus/InterviewTaskok/audio_clipok/35_PF43_2ok/35_PF43_2_1ok.wav,16.12,16.96
CleanCorpus/InterviewTaskok/audio_clipok/35_PF43_2ok/35_PF43_2_1ok.wav,18.99,19.56
CleanCorpus/InterviewTaskok/audio_clipok/35_PF43_2ok/35_PF43_2_1ok.wav,21.64,22.14
CleanCorpus/InterviewTaskok/audio_clipok/35_PF43_2ok/35_PF43_2_1ok.wav,23.69,24.26
CleanCorpus/InterviewTaskok/audio_clipok/35_PF43_2ok/35_PF43_2_1ok.wav,26.74,27.28
CleanCorpus/InterviewTaskok/audio_clipok/35_PF43_2ok/35_PF43_2_1ok.wav,28.9,30.13
CleanCorpus/InterviewTaskok/audio_clipok/35_PF43_2ok/35_PF43_2_1ok.wav,31.63,32.11
CleanCorpus/InterviewTaskok/audio_clipok/35_PF43_2ok/35_PF43_2_1ok.wav,33.21,33.78
CleanCorpus/InterviewTaskok/audio_clipok/35_PF43_2ok/35_PF43_2_1ok.wav,36.47,37.12
CleanCorpus/InterviewTaskok/audio_clipok/35_PF43_2ok/35_PF43_2_1ok.wav,47.65,48.15
CleanCorpus/InterviewTaskok/audio_clipok/35_PF43_2ok/35_PF43_2_1ok.wav,51.76,52.09
CleanCorpus/InterviewTaskok/audio_clipok/35_PF43_2ok/35_PF43_2_1ok.wav,54.4,54.82
CleanCorpus/InterviewTaskok/audio_clipok/35_PF43_2ok/35_PF43_2_1ok.wav,57.61,58.04
CleanCorpus/InterviewTaskok/audio_clipok/35_PF43_2ok/35_PF43_2_1ok.wav,63.69,64.38
CleanCorpus/InterviewTaskok/audio_clipok/35_PF43_2ok/35_PF43_2_1ok.wav,65.63,66.52
CleanCorpus/InterviewTaskok/audio_clipok/35_PF43_2ok/35_PF43_2_1ok.wav,73.29,73.74
CleanCorpus/InterviewTaskok/audio_clipok/35_PF43_2ok/35_PF43_2_1ok.wav,77.66,78.13
CleanCorpus/InterviewTaskok/audio_clipok/35_PF43_2ok/35_PF43_2_1ok.wav,81.14,81.61
CleanCorpus/InterviewTaskok/audio_clipok/35_PF43_2ok/35_PF43_2_1ok.wav,82.15,82.49
CleanCorpus/InterviewTaskok/audio_clipok/35_PF43_2ok/35_PF43_2_1ok.wav,88.26,88.57
CleanCorpus/InterviewTaskok/audio_clipok/35_PF43_2ok/35_PF43_2_1ok.wav,89.97,90.6
CleanCorpus/InterviewTaskok/audio_clipok/35_PF43_2ok/35_PF43_2_1ok.wav,91.59,92.06
CleanCorpus/InterviewTaskok/audio_clipok/35_PF43_2ok/35_PF43_2_1ok.wav,94.74,95.49
CleanCorpus/InterviewTaskok/audio_clipok/35_PF43_2ok/35_PF43_2_1ok.wav,99.67,100.31
CleanCorpus/InterviewTaskok/audio_clipok/35_PF43_2ok/35_PF43_2_1ok.wav,102.55,102.97
CleanCorpus/InterviewTaskok/audio_clipok/35_PF43_2ok/35_PF43_2_1ok.wav,104.81,105.02
CleanCorpus/InterviewTaskok/audio_clipok/35_PF43_2ok/35_PF43_2_1ok.wav,108.78,109.18
CleanCorpus/InterviewTaskok/audio_clipok/35_PF43_2ok/35_PF43_2_1ok.wav,109.5,109.82
CleanCorpus/InterviewTaskok/audio_clipok/35_PF43_2ok/35_PF43_2_1ok.wav,111.83,112.34
CleanCorpus/InterviewTaskok/audio_clipok/35_PF43_2ok/35_PF43_2_1ok.wav,115.67,116.14
CleanCorpus/InterviewTaskok/audio_clipok/35_PF43_2ok/35_PF43_2_1ok.wav,118.44,118.68
CleanCorpus/InterviewTaskok/audio_clipok/35_PF43_2ok/35_PF43_2_1ok.wav,121.28,121.82
CleanCorpus/InterviewTaskok/audio_clipok/35_PF43_2ok/35_PF43_2_1ok.wav,124.63,125.06
CleanCorpus/InterviewTaskok/audio_clipok/35_PF43_2ok/35_PF43_2_1ok.wav,126.86,127.37
CleanCorpus/InterviewTaskok/audio_clipok/35_PF43_2ok/35_PF43_2_1ok.wav,130.52,131.04
CleanCorpus/InterviewTaskok/audio_clipok/35_PF43_2ok/35_PF43_2_1ok.wav,131.45,132.27
CleanCorpus/InterviewTaskok/audio_clipok/35_PF43_2ok/35_PF43_2_1ok.wav,134.69,135.34
CleanCorpus/InterviewTaskok/audio_clipok/35_PF43_2ok/35_PF43_2_1ok.wav,141.12,141.66
CleanCorpus/InterviewTaskok/audio_clipok/35_PF43_2ok/35_PF43_2_1ok.wav,145.72,146.1
CleanCorpus/InterviewTaskok/audio_clipok/35_PF43_2ok/35_PF43_2_1ok.wav,149.33,149.7
CleanCorpus/InterviewTaskok/audio_clipok/35_PF43_2ok/35_PF43_2_1ok.wav,152.76,153.15
CleanCorpus/InterviewTaskok/audio_clipok/35_PF43_2ok/35_PF43_2_1ok.wav,156.9,157.23
CleanCorpus/InterviewTaskok/audio_clipok/35_PF43_2ok/35_PF43_2_1ok.wav,161.16,161.62
CleanCorpus/InterviewTaskok/audio_clipok/35_PF43_2ok/35_PF43_2_1ok.wav,166.52,167.72
CleanCorpus/InterviewTaskok/audio_clipok/35_PF43_2ok/35_PF43_2_1ok.wav,169.33,170.16
CleanCorpus/InterviewTaskok/audio_clipok/35_PF43_2ok/35_PF43_2_1ok.wav,172.31,173.09
CleanCorpus/InterviewTaskok/audio_clipok/35_PF43_2ok/35_PF43_2_1ok.wav,180.89,181.3
CleanCorpus/InterviewTaskok/audio_clipok/35_PF43_2ok/35_PF43_2_1ok.wav,183.52,184.1
CleanCorpus/InterviewTaskok/audio_clipok/35_PF43_2ok/35_PF43_2_1ok.wav,185.2,185.81
CleanCorpus/InterviewTaskok/audio_clipok/35_PF43_2ok/35_PF43_2_1ok.wav,189.08,190.01
CleanCorpus/InterviewTaskok/audio_clipok/35_PF43_2ok/35_PF43_2_1ok.wav,191.12,191.33
CleanCorpus/InterviewTaskok/audio_clipok/35_PF43_2ok/35_PF43_2_1ok.wav,197.35,197.65
CleanCorpus/InterviewTaskok/audio_clipok/35_PF43_2ok/35_PF43_2_1ok.wav,199.0,199.47
CleanCorpus/InterviewTaskok/audio_clipok/35_PF43_2ok/35_PF43_2_1ok.wav,202.91,203.31
CleanCorpus/InterviewTaskok/audio_clipok/35_PF43_2ok/35_PF43_2_1ok.wav,207.12,207.7
CleanCorpus/InterviewTaskok/audio_clipok/35_PF43_2ok/35_PF43_2_1ok.wav,212.34,212.76
CleanCorpus/InterviewTaskok/audio_clipok/35_PF43_2ok/35_PF43_2_1ok.wav,215.49,215.81
CleanCorpus/InterviewTaskok/audio_clipok/35_PF43_2ok/35_PF43_2_1ok.wav,220.32,220.82
CleanCorpus/InterviewTaskok/audio_clipok/35_PF43_2ok/35_PF43_2_1ok.wav,223.75,224.29
CleanCorpus/InterviewTaskok/audio_clipok/35_PF43_2ok/35_PF43_2_1ok.wav,225.7,226.23
CleanCorpus/InterviewTaskok/audio_clipok/35_PF43_2ok/35_PF43_2_1ok.wav,226.94,227.5
CleanCorpus/InterviewTaskok/audio_clipok/35_PF43_2ok/35_PF43_2_1ok.wav,228.9,229.77
CleanCorpus/InterviewTaskok/audio_clipok/35_PF43_2ok/35_PF43_2_1ok.wav,231.46,231.85
CleanCorpus/InterviewTaskok/audio_clipok/35_PF43_2ok/35_PF43_2_1ok.wav,236.22,237.0
CleanCorpus/InterviewTaskok/audio_clipok/35_PF43_2ok/35_PF43_2_1ok.wav,243.43,243.81
CleanCorpus/InterviewTaskok/audio_clipok/35_PF43_2ok/35_PF43_2_1ok.wav,246.4,246.84
CleanCorpus/InterviewTaskok/audio_clipok/35_PF43_2ok/35_PF43_2_1ok.wav,250.6,251.15
CleanCorpus/InterviewTaskok/audio_clipok/35_PF43_2ok/35_PF43_2_1ok.wav,253.62,253.98
CleanCorpus/InterviewTaskok/audio_clipok/35_PF43_2ok/35_PF43_2_1ok.wav,257.53,258.47
CleanCorpus/InterviewTaskok/audio_clipok/35_PF43_2ok/35_PF43_2_1ok.wav,264.94,265.39
CleanCorpus/InterviewTaskok/audio_clipok/37_PF40_3ok/37_PF40_3_1ok.wav,2.22,2.89
CleanCorpus/InterviewTaskok/audio_clipok/37_PF40_3ok/37_PF40_3_1ok.wav,5.3,6.22
CleanCorpus/InterviewTaskok/audio_clipok/37_PF40_3ok/37_PF40_3_1ok.wav,12.11,13.21
CleanCorpus/InterviewTaskok/audio_clipok/37_PF40_3ok/37_PF40_3_1ok.wav,17.21,17.7
CleanCorpus/InterviewTaskok/audio_clipok/37_PF40_3ok/37_PF40_3_1ok.wav,19.43,19.72
CleanCorpus/InterviewTaskok/audio_clipok/04_CF57_3ok/04_CF57_3_2ok.wav,5.67,6.29
CleanCorpus/InterviewTaskok/audio_clipok/04_CF57_3ok/04_CF57_3_2ok.wav,13.12,13.57
CleanCorpus/InterviewTaskok/audio_clipok/04_CF57_3ok/04_CF57_3_2ok.wav,17.2,17.54
CleanCorpus/InterviewTaskok/audio_clipok/04_CF57_3ok/04_CF57_3_2ok.wav,21.97,22.48
CleanCorpus/InterviewTaskok/audio_clipok/04_CF57_3ok/04_CF57_3_4ok.wav,10.34,10.73
CleanCorpus/InterviewTaskok/audio_clipok/04_CF57_3ok/04_CF57_3_6ok.wav,15.56,16.13
CleanCorpus/InterviewTaskok/audio_clipok/04_CF57_3ok/04_CF57_3_1ok.wav,8.6,8.95
CleanCorpus/InterviewTaskok/audio_clipok/04_CF57_3ok/04_CF57_3_1ok.wav,12.59,13.12
CleanCorpus/InterviewTaskok/audio_clipok/04_CF57_3ok/04_CF57_3_1ok.wav,19.31,19.65
CleanCorpus/InterviewTaskok/audio_clipok/04_CF57_3ok/04_CF57_3_5ok.wav,30.33,30.56
CleanCorpus/InterviewTaskok/audio_clipok/04_CF57_3ok/04_CF57_3_7ok.wav,26.5,26.92
CleanCorpus/InterviewTaskok/audio_clipok/04_CF57_3ok/04_CF57_3_7ok.wav,32.81,33.44
CleanCorpus/InterviewTaskok/audio_clipok/04_CF57_3ok/04_CF57_3_7ok.wav,61.84,62.3
CleanCorpus/InterviewTaskok/audio_clipok/04_CF57_3ok/04_CF57_3_3ok.wav,6.01,6.46
CleanCorpus/InterviewTaskok/audio_clipok/04_CF57_3ok/04_CF57_3_3ok.wav,14.34,14.64
CleanCorpus/InterviewTaskok/audio_clipok/36_PF38_2ok/36_PF38_2_4ok.wav,2.92,3.55
CleanCorpus/InterviewTaskok/audio_clipok/36_PF38_2ok/36_PF38_2_3ok.wav,1.88,2.34
CleanCorpus/InterviewTaskok/audio_clipok/36_PF38_2ok/36_PF38_2_3ok.wav,8.52,8.82
CleanCorpus/InterviewTaskok/audio_clipok/36_PF38_2ok/36_PF38_2_3ok.wav,13.96,14.53
CleanCorpus/InterviewTaskok/audio_clipok/36_PF38_2ok/36_PF38_2_3ok.wav,15.46,16.03
CleanCorpus/InterviewTaskok/audio_clipok/36_PF38_2ok/36_PF38_2_3ok.wav,20.85,21.37
CleanCorpus/InterviewTaskok/audio_clipok/36_PF38_2ok/36_PF38_2_3ok.wav,24.24,24.89
CleanCorpus/InterviewTaskok/audio_clipok/36_PF38_2ok/36_PF38_2_3ok.wav,30.12,30.71
CleanCorpus/InterviewTaskok/audio_clipok/36_PF38_2ok/36_PF38_2_3ok.wav,32.22,33.5
CleanCorpus/InterviewTaskok/audio_clipok/36_PF38_2ok/36_PF38_2_3ok.wav,37.72,38.38
CleanCorpus/InterviewTaskok/audio_clipok/36_PF38_2ok/36_PF38_2_3ok.wav,40.58,41.38
CleanCorpus/InterviewTaskok/audio_clipok/36_PF38_2ok/36_PF38_2_3ok.wav,44.08,44.28
CleanCorpus/InterviewTaskok/audio_clipok/36_PF38_2ok/36_PF38_2_3ok.wav,45.64,45.88
CleanCorpus/InterviewTaskok/audio_clipok/36_PF38_2ok/36_PF38_2_3ok.wav,47.1,47.99
CleanCorpus/InterviewTaskok/audio_clipok/36_PF38_2ok/36_PF38_2_3ok.wav,50.8,51.84
CleanCorpus/InterviewTaskok/audio_clipok/36_PF38_2ok/36_PF38_2_3ok.wav,53.28,54.21
CleanCorpus/InterviewTaskok/audio_clipok/36_PF38_2ok/36_PF38_2_2ok.wav,2.32,3.23
CleanCorpus/InterviewTaskok/audio_clipok/36_PF38_2ok/36_PF38_2_2ok.wav,9.37,10.62
CleanCorpus/InterviewTaskok/audio_clipok/36_PF38_2ok/36_PF38_2_2ok.wav,15.42,16.22
CleanCorpus/InterviewTaskok/audio_clipok/36_PF38_2ok/36_PF38_2_2ok.wav,18.72,20.27
CleanCorpus/InterviewTaskok/audio_clipok/36_PF38_2ok/36_PF38_2_2ok.wav,22.01,22.49
CleanCorpus/InterviewTaskok/audio_clipok/36_PF38_2ok/36_PF38_2_2ok.wav,25.46,26.02
CleanCorpus/InterviewTaskok/audio_clipok/36_PF38_2ok/36_PF38_2_2ok.wav,28.16,28.45
CleanCorpus/InterviewTaskok/audio_clipok/36_PF38_2ok/36_PF38_2_2ok.wav,30.47,31.89
CleanCorpus/InterviewTaskok/audio_clipok/36_PF38_2ok/36_PF38_2_6ok.wav,1.05,2.16
CleanCorpus/InterviewTaskok/audio_clipok/36_PF38_2ok/36_PF38_2_6ok.wav,4.37,4.6
CleanCorpus/InterviewTaskok/audio_clipok/36_PF38_2ok/36_PF38_2_7ok.wav,3.14,3.8
CleanCorpus/InterviewTaskok/audio_clipok/36_PF38_2ok/36_PF38_2_1ok.wav,0.88,2.87
CleanCorpus/InterviewTaskok/audio_clipok/56_PM57_4ok/56_PM57_4_2ok.wav,2.66,3.63
CleanCorpus/InterviewTaskok/audio_clipok/56_PM57_4ok/56_PM57_4_2ok.wav,4.12,4.9
CleanCorpus/InterviewTaskok/audio_clipok/56_PM57_4ok/56_PM57_4_2ok.wav,5.22,5.46
CleanCorpus/InterviewTaskok/audio_clipok/56_PM57_4ok/56_PM57_4_18ok.wav,0.69,2.37
CleanCorpus/InterviewTaskok/audio_clipok/56_PM57_4ok/56_PM57_4_18ok.wav,8.27,8.77
CleanCorpus/InterviewTaskok/audio_clipok/56_PM57_4ok/56_PM57_4_17ok.wav,2.55,3.9
CleanCorpus/InterviewTaskok/audio_clipok/56_PM57_4ok/56_PM57_4_17ok.wav,5.11,5.98
CleanCorpus/InterviewTaskok/audio_clipok/56_PM57_4ok/56_PM57_4_8ok.wav,1.98,2.86
CleanCorpus/InterviewTaskok/audio_clipok/56_PM57_4ok/56_PM57_4_11ok.wav,1.17,1.57
CleanCorpus/InterviewTaskok/audio_clipok/56_PM57_4ok/56_PM57_4_11ok.wav,2.62,3.69
CleanCorpus/InterviewTaskok/audio_clipok/56_PM57_4ok/56_PM57_4_4ok.wav,1.22,1.67
CleanCorpus/InterviewTaskok/audio_clipok/56_PM57_4ok/56_PM57_4_4ok.wav,4.2,4.59
CleanCorpus/InterviewTaskok/audio_clipok/56_PM57_4ok/56_PM57_4_4ok.wav,7.03,7.9
CleanCorpus/InterviewTaskok/audio_clipok/56_PM57_4ok/56_PM57_4_1ok.wav,5.93,6.43
CleanCorpus/InterviewTaskok/audio_clipok/56_PM57_4ok/56_PM57_4_1ok.wav,8.56,9.13
CleanCorpus/InterviewTaskok/audio_clipok/56_PM57_4ok/56_PM57_4_1ok.wav,11.36,12.18
CleanCorpus/InterviewTaskok/audio_clipok/56_PM57_4ok/56_PM57_4_5ok.wav,2.43,2.78
CleanCorpus/InterviewTaskok/audio_clipok/56_PM57_4ok/56_PM57_4_5ok.wav,3.65,4.37
CleanCorpus/InterviewTaskok/audio_clipok/56_PM57_4ok/56_PM57_4_5ok.wav,6.36,7.5
CleanCorpus/InterviewTaskok/audio_clipok/56_PM57_4ok/56_PM57_4_15ok.wav,1.82,2.47
CleanCorpus/InterviewTaskok/audio_clipok/56_PM57_4ok/56_PM57_4_12ok.wav,0.2,1.24
CleanCorpus/InterviewTaskok/audio_clipok/56_PM57_4ok/56_PM57_4_10ok.wav,4.94,5.4
CleanCorpus/InterviewTaskok/audio_clipok/56_PM57_4ok/56_PM57_4_10ok.wav,6.99,7.76
CleanCorpus/InterviewTaskok/audio_clipok/56_PM57_4ok/56_PM57_4_10ok.wav,11.62,12.06
CleanCorpus/InterviewTaskok/audio_clipok/56_PM57_4ok/56_PM57_4_6ok.wav,1.3,2.71
CleanCorpus/InterviewTaskok/audio_clipok/56_PM57_4ok/56_PM57_4_3ok.wav,2.62,4.32
CleanCorpus/InterviewTaskok/audio_clipok/56_PM57_4ok/56_PM57_4_3ok.wav,5.7,5.99
CleanCorpus/InterviewTaskok/audio_clipok/56_PM57_4ok/56_PM57_4_14ok.wav,2.51,3.12
CleanCorpus/InterviewTaskok/audio_clipok/56_PM57_4ok/56_PM57_4_14ok.wav,13.95,14.51
CleanCorpus/InterviewTaskok/audio_clipok/56_PM57_4ok/56_PM57_4_14ok.wav,17.61,18.0
CleanCorpus/InterviewTaskok/audio_clipok/56_PM57_4ok/56_PM57_4_19ok.wav,1.08,1.38
CleanCorpus/InterviewTaskok/audio_clipok/56_PM57_4ok/56_PM57_4_20ok.wav,1.87,3.03
CleanCorpus/InterviewTaskok/audio_clipok/56_PM57_4ok/56_PM57_4_20ok.wav,6.85,8.32
CleanCorpus/InterviewTaskok/audio_clipok/37_CF69_1ok/37_CF69_1_8ok.wav,1.86,2.13
CleanCorpus/InterviewTaskok/audio_clipok/37_CF69_1ok/37_CF69_1_8ok.wav,3.74,4.03
CleanCorpus/InterviewTaskok/audio_clipok/37_CF69_1ok/37_CF69_1_8ok.wav,4.87,5.75
CleanCorpus/InterviewTaskok/audio_clipok/37_CF69_1ok/37_CF69_1_1ok.wav,2.71,3.06
CleanCorpus/InterviewTaskok/audio_clipok/37_CF69_1ok/37_CF69_1_3ok.wav,0.0,0.5
CleanCorpus/InterviewTaskok/audio_clipok/37_CF69_1ok/37_CF69_1_9ok.wav,2.22,3.13
CleanCorpus/InterviewTaskok/audio_clipok/37_CF69_1ok/37_CF69_1_9ok.wav,3.67,4.18
CleanCorpus/InterviewTaskok/audio_clipok/37_CF69_1ok/37_CF69_1_9ok.wav,5.33,5.85
CleanCorpus/InterviewTaskok/audio_clipok/37_CF69_1ok/37_CF69_1_13ok.wav,3.01,3.63
CleanCorpus/InterviewTaskok/audio_clipok/37_CF69_1ok/37_CF69_1_19ok.wav,3.22,3.59
CleanCorpus/InterviewTaskok/audio_clipok/37_CF69_1ok/37_CF69_1_6ok.wav,2.67,2.92
CleanCorpus/InterviewTaskok/audio_clipok/37_CF69_1ok/37_CF69_1_6ok.wav,3.06,3.86
CleanCorpus/InterviewTaskok/audio_clipok/37_CF69_1ok/37_CF69_1_6ok.wav,4.79,5.03
CleanCorpus/InterviewTaskok/audio_clipok/37_CF69_1ok/37_CF69_1_6ok.wav,8.0,8.5
CleanCorpus/InterviewTaskok/audio_clipok/37_CF69_1ok/37_CF69_1_6ok.wav,10.87,11.25
CleanCorpus/InterviewTaskok/audio_clipok/37_CF69_1ok/37_CF69_1_6ok.wav,13.9,15.19
CleanCorpus/InterviewTaskok/audio_clipok/37_CF69_1ok/37_CF69_1_6ok.wav,17.2,18.06
CleanCorpus/InterviewTaskok/audio_clipok/37_CF69_1ok/37_CF69_1_10ok.wav,2.35,3.63
CleanCorpus/InterviewTaskok/audio_clipok/37_CF69_1ok/37_CF69_1_10ok.wav,6.26,7.09
CleanCorpus/InterviewTaskok/audio_clipok/37_CF69_1ok/37_CF69_1_4ok.wav,5.36,5.65
CleanCorpus/InterviewTaskok/audio_clipok/37_CF69_1ok/37_CF69_1_4ok.wav,6.78,7.67
CleanCorpus/InterviewTaskok/audio_clipok/37_CF69_1ok/37_CF69_1_4ok.wav,7.88,8.46
CleanCorpus/InterviewTaskok/audio_clipok/37_CF69_1ok/37_CF69_1_4ok.wav,9.09,9.4
CleanCorpus/InterviewTaskok/audio_clipok/37_CF69_1ok/37_CF69_1_4ok.wav,11.5,12.24
CleanCorpus/InterviewTaskok/audio_clipok/37_CF69_1ok/37_CF69_1_5ok.wav,2.09,2.62
CleanCorpus/InterviewTaskok/audio_clipok/37_CF69_1ok/37_CF69_1_5ok.wav,3.56,4.14
CleanCorpus/InterviewTaskok/audio_clipok/37_CF69_1ok/37_CF69_1_5ok.wav,8.62,8.84
CleanCorpus/InterviewTaskok/audio_clipok/37_CF69_1ok/37_CF69_1_7ok.wav,1.21,1.97
CleanCorpus/InterviewTaskok/audio_clipok/37_CF69_1ok/37_CF69_1_7ok.wav,3.84,4.21
CleanCorpus/InterviewTaskok/audio_clipok/37_CF69_1ok/37_CF69_1_7ok.wav,5.12,6.52
CleanCorpus/InterviewTaskok/audio_clipok/37_CF69_1ok/37_CF69_1_7ok.wav,8.33,9.96
CleanCorpus/InterviewTaskok/audio_clipok/37_CF69_1ok/37_CF69_1_7ok.wav,11.57,13.16
CleanCorpus/InterviewTaskok/audio_clipok/37_CF69_1ok/37_CF69_1_7ok.wav,14.4,15.73
CleanCorpus/InterviewTaskok/audio_clipok/37_CF69_1ok/37_CF69_1_7ok.wav,16.29,16.86
CleanCorpus/InterviewTaskok/audio_clipok/37_CF69_1ok/37_CF69_1_7ok.wav,17.08,17.7
CleanCorpus/InterviewTaskok/audio_clipok/37_CF69_1ok/37_CF69_1_7ok.wav,23.31,23.64
CleanCorpus/InterviewTaskok/audio_clipok/37_CF69_1ok/37_CF69_1_7ok.wav,24.59,25.06
CleanCorpus/InterviewTaskok/audio_clipok/37_CF69_1ok/37_CF69_1_7ok.wav,28.05,28.74
CleanCorpus/InterviewTaskok/audio_clipok/37_CF69_1ok/37_CF69_1_7ok.wav,31.31,32.94
CleanCorpus/InterviewTaskok/audio_clipok/37_CF69_1ok/37_CF69_1_7ok.wav,34.26,34.95
CleanCorpus/InterviewTaskok/audio_clipok/37_CF69_1ok/37_CF69_1_7ok.wav,36.08,36.45
CleanCorpus/InterviewTaskok/audio_clipok/37_CF69_1ok/37_CF69_1_2ok.wav,6.32,7.03
CleanCorpus/InterviewTaskok/audio_clipok/37_CF69_1ok/37_CF69_1_16ok.wav,0.78,1.39
CleanCorpus/InterviewTaskok/audio_clipok/37_CF69_1ok/37_CF69_1_16ok.wav,3.33,4.02
CleanCorpus/InterviewTaskok/audio_clipok/37_CF69_1ok/37_CF69_1_16ok.wav,5.09,5.42
CleanCorpus/InterviewTaskok/audio_clipok/37_CF69_1ok/37_CF69_1_16ok.wav,8.9,10.26
CleanCorpus/InterviewTaskok/audio_clipok/37_CF69_1ok/37_CF69_1_16ok.wav,12.65,13.02
CleanCorpus/InterviewTaskok/audio_clipok/37_CF69_1ok/37_CF69_1_15ok.wav,6.11,6.38
CleanCorpus/InterviewTaskok/audio_clipok/37_CF69_1ok/37_CF69_1_15ok.wav,7.36,7.71
CleanCorpus/InterviewTaskok/audio_clipok/37_CF69_1ok/37_CF69_1_15ok.wav,10.46,11.66
CleanCorpus/InterviewTaskok/audio_clipok/37_CF69_1ok/37_CF69_1_15ok.wav,13.64,14.3
CleanCorpus/InterviewTaskok/audio_clipok/37_CF69_1ok/37_CF69_1_15ok.wav,16.35,18.32
CleanCorpus/InterviewTaskok/audio_clipok/37_CF69_1ok/37_CF69_1_15ok.wav,20.37,20.61
CleanCorpus/InterviewTaskok/audio_clipok/37_CF69_1ok/37_CF69_1_12ok.wav,1.78,2.86
CleanCorpus/InterviewTaskok/audio_clipok/37_CF69_1ok/37_CF69_1_14ok.wav,4.44,4.98
CleanCorpus/InterviewTaskok/audio_clipok/37_CF69_1ok/37_CF69_1_14ok.wav,10.9,11.13
CleanCorpus/InterviewTaskok/audio_clipok/37_CF69_1ok/37_CF69_1_18ok.wav,2.24,2.51
CleanCorpus/InterviewTaskok/audio_clipok/37_CF69_1ok/37_CF69_1_20ok.wav,1.15,2.16
CleanCorpus/InterviewTaskok/audio_clipok/37_CF69_1ok/37_CF69_1_20ok.wav,3.95,4.17
CleanCorpus/InterviewTaskok/audio_clipok/37_CF69_1ok/37_CF69_1_20ok.wav,5.21,5.83
CleanCorpus/InterviewTaskok/audio_clipok/37_CF69_1ok/37_CF69_1_20ok.wav,11.84,12.11
CleanCorpus/InterviewTaskok/audio_clipok/37_CF69_1ok/37_CF69_1_11ok.wav,0.13,0.46
CleanCorpus/InterviewTaskok/audio_clipok/37_CF69_1ok/37_CF69_1_11ok.wav,3.53,3.76
CleanCorpus/InterviewTaskok/audio_clipok/37_CF69_1ok/37_CF69_1_11ok.wav,5.13,5.7
CleanCorpus/InterviewTaskok/audio_clipok/37_CF69_1ok/37_CF69_1_11ok.wav,7.67,7.88
CleanCorpus/InterviewTaskok/audio_clipok/37_CF69_1ok/37_CF69_1_11ok.wav,10.31,11.26
CleanCorpus/InterviewTaskok/audio_clipok/37_CF69_1ok/37_CF69_1_11ok.wav,11.58,12.54
CleanCorpus/InterviewTaskok/audio_clipok/37_CF69_1ok/37_CF69_1_11ok.wav,17.32,17.95
CleanCorpus/InterviewTaskok/audio_clipok/37_CF69_1ok/37_CF69_1_11ok.wav,20.34,21.02
CleanCorpus/InterviewTaskok/audio_clipok/53_PM50_2ok/53_PM50_2_2ok.wav,3.9,4.55
CleanCorpus/InterviewTaskok/audio_clipok/53_PM50_2ok/53_PM50_2_2ok.wav,8.86,9.29
CleanCorpus/InterviewTaskok/audio_clipok/53_PM50_2ok/53_PM50_2_2ok.wav,9.92,10.48
CleanCorpus/InterviewTaskok/audio_clipok/53_PM50_2ok/53_PM50_2_2ok.wav,11.72,12.09
CleanCorpus/InterviewTaskok/audio_clipok/53_PM50_2ok/53_PM50_2_2ok.wav,14.49,15.69
CleanCorpus/InterviewTaskok/audio_clipok/53_PM50_2ok/53_PM50_2_2ok.wav,17.85,18.29
CleanCorpus/InterviewTaskok/audio_clipok/53_PM50_2ok/53_PM50_2_2ok.wav,20.04,20.45
CleanCorpus/InterviewTaskok/audio_clipok/53_PM50_2ok/53_PM50_2_2ok.wav,21.7,22.62
CleanCorpus/InterviewTaskok/audio_clipok/53_PM50_2ok/53_PM50_2_2ok.wav,24.29,25.29
CleanCorpus/InterviewTaskok/audio_clipok/53_PM50_2ok/53_PM50_2_3ok.wav,4.0,4.75
CleanCorpus/InterviewTaskok/audio_clipok/53_PM50_2ok/53_PM50_2_3ok.wav,9.64,10.14
CleanCorpus/InterviewTaskok/audio_clipok/53_PM50_2ok/53_PM50_2_3ok.wav,11.42,12.14
CleanCorpus/InterviewTaskok/audio_clipok/53_PM50_2ok/53_PM50_2_3ok.wav,16.48,17.02
CleanCorpus/InterviewTaskok/audio_clipok/53_PM50_2ok/53_PM50_2_3ok.wav,18.2,18.68
CleanCorpus/InterviewTaskok/audio_clipok/53_PM50_2ok/53_PM50_2_3ok.wav,19.84,20.12
CleanCorpus/InterviewTaskok/audio_clipok/53_PM50_2ok/53_PM50_2_3ok.wav,23.92,24.26
CleanCorpus/InterviewTaskok/audio_clipok/53_PM50_2ok/53_PM50_2_3ok.wav,25.47,26.01
CleanCorpus/InterviewTaskok/audio_clipok/53_PM50_2ok/53_PM50_2_3ok.wav,27.25,27.5
CleanCorpus/InterviewTaskok/audio_clipok/53_PM50_2ok/53_PM50_2_3ok.wav,30.45,30.91
CleanCorpus/InterviewTaskok/audio_clipok/53_PM50_2ok/53_PM50_2_3ok.wav,35.63,36.61
CleanCorpus/InterviewTaskok/audio_clipok/53_PM50_2ok/53_PM50_2_3ok.wav,37.8,38.26
CleanCorpus/InterviewTaskok/audio_clipok/53_PM50_2ok/53_PM50_2_3ok.wav,40.66,42.05
CleanCorpus/InterviewTaskok/audio_clipok/53_PM50_2ok/53_PM50_2_3ok.wav,43.64,44.35
CleanCorpus/InterviewTaskok/audio_clipok/53_PM50_2ok/53_PM50_2_3ok.wav,46.52,46.74
CleanCorpus/InterviewTaskok/audio_clipok/53_PM50_2ok/53_PM50_2_3ok.wav,51.67,52.14
CleanCorpus/InterviewTaskok/audio_clipok/53_PM50_2ok/53_PM50_2_3ok.wav,54.48,55.15
CleanCorpus/InterviewTaskok/audio_clipok/53_PM50_2ok/53_PM50_2_3ok.wav,56.64,57.5
CleanCorpus/InterviewTaskok/audio_clipok/53_PM50_2ok/53_PM50_2_3ok.wav,62.3,63.47
CleanCorpus/InterviewTaskok/audio_clipok/53_PM50_2ok/53_PM50_2_3ok.wav,64.14,64.36
CleanCorpus/InterviewTaskok/audio_clipok/53_PM50_2ok/53_PM50_2_3ok.wav,67.11,67.66
CleanCorpus/InterviewTaskok/audio_clipok/53_PM50_2ok/53_PM50_2_3ok.wav,70.1,70.96
CleanCorpus/InterviewTaskok/audio_clipok/53_PM50_2ok/53_PM50_2_3ok.wav,73.08,73.51
CleanCorpus/InterviewTaskok/audio_clipok/53_PM50_2ok/53_PM50_2_3ok.wav,75.77,76.81
CleanCorpus/InterviewTaskok/audio_clipok/53_PM50_2ok/53_PM50_2_3ok.wav,81.1,82.98
CleanCorpus/InterviewTaskok/audio_clipok/53_PM50_2ok/53_PM50_2_3ok.wav,86.72,87.36
CleanCorpus/InterviewTaskok/audio_clipok/53_PM50_2ok/53_PM50_2_3ok.wav,90.53,93.0
CleanCorpus/InterviewTaskok/audio_clipok/53_PM50_2ok/53_PM50_2_3ok.wav,95.03,97.59
CleanCorpus/InterviewTaskok/audio_clipok/53_PM50_2ok/53_PM50_2_3ok.wav,101.73,102.3
CleanCorpus/InterviewTaskok/audio_clipok/53_PM50_2ok/53_PM50_2_3ok.wav,104.54,104.96
CleanCorpus/InterviewTaskok/audio_clipok/53_PM50_2ok/53_PM50_2_3ok.wav,107.93,108.93
CleanCorpus/InterviewTaskok/audio_clipok/53_PM50_2ok/53_PM50_2_1ok.wav,3.06,3.98
CleanCorpus/InterviewTaskok/audio_clipok/53_PM50_2ok/53_PM50_2_1ok.wav,5.95,6.98
CleanCorpus/InterviewTaskok/audio_clipok/53_PM50_2ok/53_PM50_2_1ok.wav,10.02,10.54
CleanCorpus/InterviewTaskok/audio_clipok/53_PM50_2ok/53_PM50_2_1ok.wav,13.04,14.1
CleanCorpus/InterviewTaskok/audio_clipok/53_PM50_2ok/53_PM50_2_1ok.wav,15.39,16.22
CleanCorpus/InterviewTaskok/audio_clipok/53_PM50_2ok/53_PM50_2_1ok.wav,20.66,21.42
CleanCorpus/InterviewTaskok/audio_clipok/53_PM50_2ok/53_PM50_2_1ok.wav,24.88,25.96
CleanCorpus/InterviewTaskok/audio_clipok/53_PM50_2ok/53_PM50_2_1ok.wav,27.03,27.3
CleanCorpus/InterviewTaskok/audio_clipok/53_PM50_2ok/53_PM50_2_1ok.wav,31.71,32.83
CleanCorpus/InterviewTaskok/audio_clipok/53_PM50_2ok/53_PM50_2_1ok.wav,33.94,34.98
CleanCorpus/InterviewTaskok/audio_clipok/53_PM50_2ok/53_PM50_2_1ok.wav,36.29,36.55
CleanCorpus/InterviewTaskok/audio_clipok/53_PM50_2ok/53_PM50_2_1ok.wav,39.04,40.11
CleanCorpus/InterviewTaskok/audio_clipok/53_PM50_2ok/53_PM50_2_1ok.wav,41.93,42.59
CleanCorpus/InterviewTaskok/audio_clipok/53_PM50_2ok/53_PM50_2_1ok.wav,45.03,45.38
CleanCorpus/InterviewTaskok/audio_clipok/53_PM50_2ok/53_PM50_2_1ok.wav,47.29,48.3
CleanCorpus/InterviewTaskok/audio_clipok/53_PM50_2ok/53_PM50_2_1ok.wav,52.17,52.62
CleanCorpus/InterviewTaskok/audio_clipok/53_PM50_2ok/53_PM50_2_1ok.wav,54.6,54.88
CleanCorpus/InterviewTaskok/audio_clipok/53_PM50_2ok/53_PM50_2_1ok.wav,58.23,59.09
CleanCorpus/InterviewTaskok/audio_clipok/53_PM50_2ok/53_PM50_2_1ok.wav,60.94,61.2
CleanCorpus/InterviewTaskok/audio_clipok/53_PM50_2ok/53_PM50_2_1ok.wav,61.44,61.7
CleanCorpus/InterviewTaskok/audio_clipok/53_PM50_2ok/53_PM50_2_1ok.wav,62.43,63.25
CleanCorpus/InterviewTaskok/audio_clipok/19_PF43_2ok/19_PF43_2_2ok.wav,2.45,2.91
CleanCorpus/InterviewTaskok/audio_clipok/19_PF43_2ok/19_PF43_2_2ok.wav,5.66,6.18
CleanCorpus/InterviewTaskok/audio_clipok/19_PF43_2ok/19_PF43_2_2ok.wav,15.84,16.06
CleanCorpus/InterviewTaskok/audio_clipok/19_PF43_2ok/19_PF43_2_2ok.wav,19.13,19.36
CleanCorpus/InterviewTaskok/audio_clipok/19_PF43_2ok/19_PF43_2_2ok.wav,28.14,28.82
CleanCorpus/InterviewTaskok/audio_clipok/19_PF43_2ok/19_PF43_2_2ok.wav,31.52,32.11
CleanCorpus/InterviewTaskok/audio_clipok/19_PF43_2ok/19_PF43_2_2ok.wav,38.26,38.69
CleanCorpus/InterviewTaskok/audio_clipok/19_PF43_2ok/19_PF43_2_2ok.wav,45.17,45.69
CleanCorpus/InterviewTaskok/audio_clipok/19_PF43_2ok/19_PF43_2_2ok.wav,46.74,47.19
CleanCorpus/InterviewTaskok/audio_clipok/19_PF43_2ok/19_PF43_2_2ok.wav,50.67,50.99
CleanCorpus/InterviewTaskok/audio_clipok/19_PF43_2ok/19_PF43_2_2ok.wav,53.14,53.61
CleanCorpus/InterviewTaskok/audio_clipok/19_PF43_2ok/19_PF43_2_2ok.wav,60.38,60.84
CleanCorpus/InterviewTaskok/audio_clipok/19_PF43_2ok/19_PF43_2_2ok.wav,62.58,63.3
CleanCorpus/InterviewTaskok/audio_clipok/19_PF43_2ok/19_PF43_2_1ok.wav,7.75,8.16
CleanCorpus/InterviewTaskok/audio_clipok/19_PF43_2ok/19_PF43_2_1ok.wav,14.03,14.57
CleanCorpus/InterviewTaskok/audio_clipok/19_PF43_2ok/19_PF43_2_1ok.wav,21.35,21.81
CleanCorpus/InterviewTaskok/audio_clipok/19_PF43_2ok/19_PF43_2_1ok.wav,23.61,24.11
CleanCorpus/InterviewTaskok/audio_clipok/19_PF43_2ok/19_PF43_2_1ok.wav,26.11,26.86
CleanCorpus/InterviewTaskok/audio_clipok/19_PF43_2ok/19_PF43_2_1ok.wav,28.81,29.21
CleanCorpus/InterviewTaskok/audio_clipok/19_PF43_2ok/19_PF43_2_1ok.wav,32.19,32.61
CleanCorpus/InterviewTaskok/audio_clipok/19_PF43_2ok/19_PF43_2_1ok.wav,33.11,33.44
CleanCorpus/InterviewTaskok/audio_clipok/19_PF43_2ok/19_PF43_2_1ok.wav,38.42,38.7
CleanCorpus/InterviewTaskok/audio_clipok/19_PF43_2ok/19_PF43_2_1ok.wav,41.47,42.02
CleanCorpus/InterviewTaskok/audio_clipok/19_PF43_2ok/19_PF43_2_1ok.wav,49.41,50.76
CleanCorpus/InterviewTaskok/audio_clipok/19_PF43_2ok/19_PF43_2_1ok.wav,53.81,54.28
CleanCorpus/InterviewTaskok/audio_clipok/19_PF43_2ok/19_PF43_2_1ok.wav,59.35,59.64
CleanCorpus/InterviewTaskok/audio_clipok/19_PF43_2ok/19_PF43_2_1ok.wav,61.03,61.6
CleanCorpus/InterviewTaskok/audio_clipok/19_PF43_2ok/19_PF43_2_1ok.wav,70.08,70.57
CleanCorpus/InterviewTaskok/audio_clipok/19_PF43_2ok/19_PF43_2_1ok.wav,75.0,75.35
CleanCorpus/InterviewTaskok/audio_clipok/19_PF43_2ok/19_PF43_2_1ok.wav,76.96,77.98
CleanCorpus/InterviewTaskok/audio_clipok/19_PF43_2ok/19_PF43_2_1ok.wav,78.31,78.54
CleanCorpus/InterviewTaskok/audio_clipok/19_PF43_2ok/19_PF43_2_1ok.wav,81.11,82.07
CleanCorpus/InterviewTaskok/audio_clipok/19_PF43_2ok/19_PF43_2_1ok.wav,84.42,84.81
CleanCorpus/InterviewTaskok/audio_clipok/19_PF43_2ok/19_PF43_2_1ok.wav,85.96,86.27
CleanCorpus/InterviewTaskok/audio_clipok/19_PF43_2ok/19_PF43_2_1ok.wav,99.3,99.62
CleanCorpus/InterviewTaskok/audio_clipok/19_PF43_2ok/19_PF43_2_1ok.wav,103.78,104.28
CleanCorpus/InterviewTaskok/audio_clipok/08_PF37_2ok/08_PF37_2_1ok.wav,4.72,5.81
CleanCorpus/InterviewTaskok/audio_clipok/08_PF37_2ok/08_PF37_2_1ok.wav,9.02,10.25
CleanCorpus/InterviewTaskok/audio_clipok/08_PF37_2ok/08_PF37_2_1ok.wav,11.67,11.88
CleanCorpus/InterviewTaskok/audio_clipok/08_PF37_2ok/08_PF37_2_1ok.wav,13.1,13.47
CleanCorpus/InterviewTaskok/audio_clipok/08_PF37_2ok/08_PF37_2_1ok.wav,14.22,14.84
CleanCorpus/InterviewTaskok/audio_clipok/08_PF37_2ok/08_PF37_2_1ok.wav,15.59,16.94
CleanCorpus/InterviewTaskok/audio_clipok/08_PF37_2ok/08_PF37_2_1ok.wav,21.43,22.15
CleanCorpus/InterviewTaskok/audio_clipok/08_PF37_2ok/08_PF37_2_1ok.wav,27.75,28.16
CleanCorpus/InterviewTaskok/audio_clipok/08_PF37_2ok/08_PF37_2_1ok.wav,30.98,31.53
CleanCorpus/InterviewTaskok/audio_clipok/08_PF37_2ok/08_PF37_2_1ok.wav,36.96,37.62
CleanCorpus/InterviewTaskok/audio_clipok/08_PF37_2ok/08_PF37_2_1ok.wav,38.23,39.08
CleanCorpus/InterviewTaskok/audio_clipok/08_PF37_2ok/08_PF37_2_1ok.wav,41.14,41.34
CleanCorpus/InterviewTaskok/audio_clipok/08_PF37_2ok/08_PF37_2_1ok.wav,44.8,46.76
CleanCorpus/InterviewTaskok/audio_clipok/08_PF37_2ok/08_PF37_2_1ok.wav,55.12,55.36
CleanCorpus/InterviewTaskok/audio_clipok/08_PF37_2ok/08_PF37_2_1ok.wav,58.24,59.11
CleanCorpus/InterviewTaskok/audio_clipok/08_PF37_2ok/08_PF37_2_1ok.wav,60.88,61.15
CleanCorpus/InterviewTaskok/audio_clipok/08_PF37_2ok/08_PF37_2_1ok.wav,62.34,63.2
CleanCorpus/InterviewTaskok/audio_clipok/08_PF37_2ok/08_PF37_2_1ok.wav,66.07,66.59
CleanCorpus/InterviewTaskok/audio_clipok/08_PF37_2ok/08_PF37_2_1ok.wav,66.98,67.42
CleanCorpus/InterviewTaskok/audio_clipok/08_PF37_2ok/08_PF37_2_1ok.wav,68.0,69.48
CleanCorpus/InterviewTaskok/audio_clipok/08_PF37_2ok/08_PF37_2_1ok.wav,69.83,71.69
CleanCorpus/InterviewTaskok/audio_clipok/08_PF37_2ok/08_PF37_2_1ok.wav,76.45,77.46
CleanCorpus/InterviewTaskok/audio_clipok/08_PF37_2ok/08_PF37_2_1ok.wav,86.6,88.08
CleanCorpus/InterviewTaskok/audio_clipok/08_PF37_2ok/08_PF37_2_1ok.wav,92.13,93.03
CleanCorpus/InterviewTaskok/audio_clipok/08_PF37_2ok/08_PF37_2_1ok.wav,96.34,96.93
CleanCorpus/InterviewTaskok/audio_clipok/08_PF37_2ok/08_PF37_2_1ok.wav,104.63,106.14
CleanCorpus/InterviewTaskok/audio_clipok/08_PF37_2ok/08_PF37_2_1ok.wav,108.47,108.78
CleanCorpus/InterviewTaskok/audio_clipok/08_PF37_2ok/08_PF37_2_1ok.wav,110.43,114.0
CleanCorpus/InterviewTaskok/audio_clipok/08_PF37_2ok/08_PF37_2_1ok.wav,114.44,115.46
CleanCorpus/InterviewTaskok/audio_clipok/08_PF37_2ok/08_PF37_2_1ok.wav,119.36,120.0
CleanCorpus/InterviewTaskok/audio_clipok/08_PF37_2ok/08_PF37_2_1ok.wav,120.5,123.41
CleanCorpus/InterviewTaskok/audio_clipok/08_PF37_2ok/08_PF37_2_2ok.wav,3.93,5.15
CleanCorpus/InterviewTaskok/audio_clipok/28_CF34_3ok/28_CF34_3_5ok.wav,7.86,8.11
CleanCorpus/InterviewTaskok/audio_clipok/28_CF34_3ok/28_CF34_3_5ok.wav,13.06,13.51
CleanCorpus/InterviewTaskok/audio_clipok/28_CF34_3ok/28_CF34_3_5ok.wav,21.25,21.65
CleanCorpus/InterviewTaskok/audio_clipok/28_CF34_3ok/28_CF34_3_1ok.wav,6.26,6.92
CleanCorpus/InterviewTaskok/audio_clipok/28_CF34_3ok/28_CF34_3_1ok.wav,12.78,13.11
CleanCorpus/InterviewTaskok/audio_clipok/28_CF34_3ok/28_CF34_3_1ok.wav,29.78,30.22
CleanCorpus/InterviewTaskok/audio_clipok/28_CF34_3ok/28_CF34_3_1ok.wav,31.53,32.0
CleanCorpus/InterviewTaskok/audio_clipok/28_CF34_3ok/28_CF34_3_1ok.wav,34.33,34.76
CleanCorpus/InterviewTaskok/audio_clipok/28_CF34_3ok/28_CF34_3_1ok.wav,44.74,45.15
CleanCorpus/InterviewTaskok/audio_clipok/28_CF34_3ok/28_CF34_3_1ok.wav,48.01,48.34
CleanCorpus/InterviewTaskok/audio_clipok/28_CF34_3ok/28_CF34_3_1ok.wav,54.57,55.01
CleanCorpus/InterviewTaskok/audio_clipok/28_CF34_3ok/28_CF34_3_1ok.wav,65.8,66.17
CleanCorpus/InterviewTaskok/audio_clipok/28_CF34_3ok/28_CF34_3_1ok.wav,73.56,73.97
CleanCorpus/InterviewTaskok/audio_clipok/28_CF34_3ok/28_CF34_3_1ok.wav,76.61,76.97
CleanCorpus/InterviewTaskok/audio_clipok/28_CF34_3ok/28_CF34_3_2ok.wav,9.72,10.19
CleanCorpus/InterviewTaskok/audio_clipok/28_CF34_3ok/28_CF34_3_2ok.wav,12.59,13.52
CleanCorpus/InterviewTaskok/audio_clipok/28_CF34_3ok/28_CF34_3_4ok.wav,3.26,3.64
CleanCorpus/InterviewTaskok/audio_clipok/28_CF34_3ok/28_CF34_3_4ok.wav,9.17,9.63
CleanCorpus/InterviewTaskok/audio_clipok/57_CF25_3ok/57_CF25_3_5ok.wav,1.68,2.18
CleanCorpus/InterviewTaskok/audio_clipok/57_CF25_3ok/57_CF25_3_5ok.wav,3.07,4.07
CleanCorpus/InterviewTaskok/audio_clipok/57_CF25_3ok/57_CF25_3_5ok.wav,6.34,6.69
CleanCorpus/InterviewTaskok/audio_clipok/57_CF25_3ok/57_CF25_3_5ok.wav,9.54,10.56
CleanCorpus/InterviewTaskok/audio_clipok/57_CF25_3ok/57_CF25_3_5ok.wav,13.83,14.39
CleanCorpus/InterviewTaskok/audio_clipok/57_CF25_3ok/57_CF25_3_5ok.wav,16.0,16.51
CleanCorpus/InterviewTaskok/audio_clipok/57_CF25_3ok/57_CF25_3_5ok.wav,18.55,19.36
CleanCorpus/InterviewTaskok/audio_clipok/57_CF25_3ok/57_CF25_3_5ok.wav,24.49,25.36
CleanCorpus/InterviewTaskok/audio_clipok/57_CF25_3ok/57_CF25_3_5ok.wav,26.58,26.94
CleanCorpus/InterviewTaskok/audio_clipok/57_CF25_3ok/57_CF25_3_5ok.wav,31.58,32.06
CleanCorpus/InterviewTaskok/audio_clipok/57_CF25_3ok/57_CF25_3_5ok.wav,37.5,37.83
CleanCorpus/InterviewTaskok/audio_clipok/57_CF25_3ok/57_CF25_3_5ok.wav,41.83,42.81
CleanCorpus/InterviewTaskok/audio_clipok/57_CF25_3ok/57_CF25_3_5ok.wav,44.82,45.76
CleanCorpus/InterviewTaskok/audio_clipok/57_CF25_3ok/57_CF25_3_5ok.wav,48.25,48.78
CleanCorpus/InterviewTaskok/audio_clipok/57_CF25_3ok/57_CF25_3_5ok.wav,50.55,51.41
CleanCorpus/InterviewTaskok/audio_clipok/57_CF25_3ok/57_CF25_3_5ok.wav,54.25,54.73
CleanCorpus/InterviewTaskok/audio_clipok/57_CF25_3ok/57_CF25_3_5ok.wav,60.95,61.88
CleanCorpus/InterviewTaskok/audio_clipok/57_CF25_3ok/57_CF25_3_5ok.wav,63.13,63.63
CleanCorpus/InterviewTaskok/audio_clipok/57_CF25_3ok/57_CF25_3_5ok.wav,67.48,68.23
CleanCorpus/InterviewTaskok/audio_clipok/57_CF25_3ok/57_CF25_3_5ok.wav,69.96,70.17
CleanCorpus/InterviewTaskok/audio_clipok/57_CF25_3ok/57_CF25_3_5ok.wav,73.05,73.72
CleanCorpus/InterviewTaskok/audio_clipok/57_CF25_3ok/57_CF25_3_5ok.wav,76.41,77.42
CleanCorpus/InterviewTaskok/audio_clipok/57_CF25_3ok/57_CF25_3_5ok.wav,77.92,78.29
CleanCorpus/InterviewTaskok/audio_clipok/57_CF25_3ok/57_CF25_3_5ok.wav,79.38,79.72
CleanCorpus/InterviewTaskok/audio_clipok/57_CF25_3ok/57_CF25_3_5ok.wav,85.4,85.79
CleanCorpus/InterviewTaskok/audio_clipok/57_CF25_3ok/57_CF25_3_5ok.wav,89.37,89.81
CleanCorpus/InterviewTaskok/audio_clipok/57_CF25_3ok/57_CF25_3_4ok.wav,3.25,3.58
CleanCorpus/InterviewTaskok/audio_clipok/57_CF25_3ok/57_CF25_3_7ok.wav,3.28,3.82
CleanCorpus/InterviewTaskok/audio_clipok/57_CF25_3ok/57_CF25_3_7ok.wav,6.21,7.56
CleanCorpus/InterviewTaskok/audio_clipok/57_CF25_3ok/57_CF25_3_7ok.wav,11.2,11.55
CleanCorpus/InterviewTaskok/audio_clipok/57_CF25_3ok/57_CF25_3_7ok.wav,12.3,12.51
CleanCorpus/InterviewTaskok/audio_clipok/57_CF25_3ok/57_CF25_3_7ok.wav,14.07,15.56
CleanCorpus/InterviewTaskok/audio_clipok/57_CF25_3ok/57_CF25_3_7ok.wav,20.08,20.38
CleanCorpus/InterviewTaskok/audio_clipok/57_CF25_3ok/57_CF25_3_7ok.wav,23.77,24.42
CleanCorpus/InterviewTaskok/audio_clipok/57_CF25_3ok/57_CF25_3_7ok.wav,26.92,27.45
CleanCorpus/InterviewTaskok/audio_clipok/57_CF25_3ok/57_CF25_3_7ok.wav,29.06,29.65
CleanCorpus/InterviewTaskok/audio_clipok/57_CF25_3ok/57_CF25_3_7ok.wav,30.48,31.04
CleanCorpus/InterviewTaskok/audio_clipok/57_CF25_3ok/57_CF25_3_7ok.wav,38.24,39.3
CleanCorpus/InterviewTaskok/audio_clipok/57_CF25_3ok/57_CF25_3_7ok.wav,40.58,41.11
CleanCorpus/InterviewTaskok/audio_clipok/57_CF25_3ok/57_CF25_3_7ok.wav,45.16,45.87
CleanCorpus/InterviewTaskok/audio_clipok/57_CF25_3ok/57_CF25_3_6ok.wav,2.7,3.17
CleanCorpus/InterviewTaskok/audio_clipok/57_CF25_3ok/57_CF25_3_6ok.wav,6.6,7.52
CleanCorpus/InterviewTaskok/audio_clipok/57_CF25_3ok/57_CF25_3_6ok.wav,18.48,18.87
CleanCorpus/InterviewTaskok/audio_clipok/57_CF25_3ok/57_CF25_3_6ok.wav,21.82,22.37
CleanCorpus/InterviewTaskok/audio_clipok/57_CF25_3ok/57_CF25_3_6ok.wav,34.76,35.27
CleanCorpus/InterviewTaskok/audio_clipok/57_CF25_3ok/57_CF25_3_6ok.wav,52.22,52.89
CleanCorpus/InterviewTaskok/audio_clipok/57_CF25_3ok/57_CF25_3_6ok.wav,68.07,68.55
CleanCorpus/InterviewTaskok/audio_clipok/44_PF29_3ok/44_PF29_3_2ok.wav,1.0,1.74
CleanCorpus/InterviewTaskok/audio_clipok/44_PF29_3ok/44_PF29_3_2ok.wav,4.59,4.8
CleanCorpus/InterviewTaskok/audio_clipok/44_PF29_3ok/44_PF29_3_2ok.wav,6.33,8.06
CleanCorpus/InterviewTaskok/audio_clipok/44_PF29_3ok/44_PF29_3_2ok.wav,13.4,13.66
CleanCorpus/InterviewTaskok/audio_clipok/44_PF29_3ok/44_PF29_3_2ok.wav,15.71,16.03
CleanCorpus/InterviewTaskok/audio_clipok/44_PF29_3ok/44_PF29_3_2ok.wav,19.43,19.85
CleanCorpus/InterviewTaskok/audio_clipok/44_PF29_3ok/44_PF29_3_2ok.wav,21.7,22.66
CleanCorpus/InterviewTaskok/audio_clipok/44_PF29_3ok/44_PF29_3_2ok.wav,24.56,25.06
CleanCorpus/InterviewTaskok/audio_clipok/44_PF29_3ok/44_PF29_3_2ok.wav,28.43,30.53
CleanCorpus/InterviewTaskok/audio_clipok/44_PF29_3ok/44_PF29_3_2ok.wav,33.78,34.0
CleanCorpus/InterviewTaskok/audio_clipok/44_PF29_3ok/44_PF29_3_2ok.wav,35.1,36.81
CleanCorpus/InterviewTaskok/audio_clipok/44_PF29_3ok/44_PF29_3_2ok.wav,41.48,42.98
CleanCorpus/InterviewTaskok/audio_clipok/44_PF29_3ok/44_PF29_3_1ok.wav,3.28,4.22
CleanCorpus/InterviewTaskok/audio_clipok/44_PF29_3ok/44_PF29_3_1ok.wav,6.1,6.72
CleanCorpus/InterviewTaskok/audio_clipok/44_PF29_3ok/44_PF29_3_1ok.wav,7.85,8.72
CleanCorpus/InterviewTaskok/audio_clipok/44_PF29_3ok/44_PF29_3_1ok.wav,10.28,11.06
CleanCorpus/InterviewTaskok/audio_clipok/44_PF29_3ok/44_PF29_3_1ok.wav,12.51,12.71
CleanCorpus/InterviewTaskok/audio_clipok/44_PF29_3ok/44_PF29_3_1ok.wav,14.09,15.05
CleanCorpus/InterviewTaskok/audio_clipok/44_PF29_3ok/44_PF29_3_1ok.wav,19.45,19.85
CleanCorpus/InterviewTaskok/audio_clipok/44_PF29_3ok/44_PF29_3_1ok.wav,22.67,22.97
CleanCorpus/InterviewTaskok/audio_clipok/44_PF29_3ok/44_PF29_3_1ok.wav,28.19,29.13
CleanCorpus/InterviewTaskok/audio_clipok/44_PF29_3ok/44_PF29_3_1ok.wav,33.92,35.12
CleanCorpus/InterviewTaskok/audio_clipok/44_PF29_3ok/44_PF29_3_1ok.wav,39.73,42.38
CleanCorpus/InterviewTaskok/audio_clipok/44_PF29_3ok/44_PF29_3_4ok.wav,3.55,3.78
CleanCorpus/InterviewTaskok/audio_clipok/44_PF29_3ok/44_PF29_3_4ok.wav,5.33,5.66
CleanCorpus/InterviewTaskok/audio_clipok/44_PF29_3ok/44_PF29_3_4ok.wav,7.82,8.07
CleanCorpus/InterviewTaskok/audio_clipok/44_PF29_3ok/44_PF29_3_4ok.wav,9.78,10.51
CleanCorpus/InterviewTaskok/audio_clipok/44_PF29_3ok/44_PF29_3_4ok.wav,14.33,14.92
CleanCorpus/InterviewTaskok/audio_clipok/44_PF29_3ok/44_PF29_3_3ok.wav,2.17,2.72
CleanCorpus/InterviewTaskok/audio_clipok/44_PF29_3ok/44_PF29_3_3ok.wav,4.8,5.44
CleanCorpus/InterviewTaskok/audio_clipok/44_PF29_3ok/44_PF29_3_3ok.wav,6.27,6.74
CleanCorpus/InterviewTaskok/audio_clipok/23_PF55_2ok/23_PF55_2_2ok.wav,5.27,6.26
CleanCorpus/InterviewTaskok/audio_clipok/23_PF55_2ok/23_PF55_2_2ok.wav,11.45,12.34
CleanCorpus/InterviewTaskok/audio_clipok/23_PF55_2ok/23_PF55_2_1ok.wav,9.68,10.11
CleanCorpus/InterviewTaskok/audio_clipok/23_PF55_2ok/23_PF55_2_1ok.wav,12.51,13.09
CleanCorpus/InterviewTaskok/audio_clipok/23_PF55_2ok/23_PF55_2_1ok.wav,14.7,15.86
CleanCorpus/InterviewTaskok/audio_clipok/23_PF55_2ok/23_PF55_2_6ok.wav,3.69,5.02
CleanCorpus/InterviewTaskok/audio_clipok/21_PM33_3ok/21_PM33_3_2ok.wav,0.67,1.58
CleanCorpus/InterviewTaskok/audio_clipok/21_PM33_3ok/21_PM33_3_2ok.wav,2.59,2.79
CleanCorpus/InterviewTaskok/audio_clipok/21_PM33_3ok/21_PM33_3_2ok.wav,3.81,4.58
CleanCorpus/InterviewTaskok/audio_clipok/21_PM33_3ok/21_PM33_3_2ok.wav,5.38,5.68
CleanCorpus/InterviewTaskok/audio_clipok/21_PM33_3ok/21_PM33_3_2ok.wav,5.89,6.92
CleanCorpus/InterviewTaskok/audio_clipok/21_PM33_3ok/21_PM33_3_1ok.wav,5.12,5.75
CleanCorpus/InterviewTaskok/audio_clipok/21_PM33_3ok/21_PM33_3_1ok.wav,8.43,9.39
CleanCorpus/InterviewTaskok/audio_clipok/21_PM33_3ok/21_PM33_3_1ok.wav,11.62,12.2
CleanCorpus/InterviewTaskok/audio_clipok/21_PM33_3ok/21_PM33_3_1ok.wav,13.48,14.26
CleanCorpus/InterviewTaskok/audio_clipok/21_PM33_3ok/21_PM33_3_1ok.wav,17.01,20.03
CleanCorpus/InterviewTaskok/audio_clipok/21_PM33_3ok/21_PM33_3_1ok.wav,23.35,24.62
CleanCorpus/InterviewTaskok/audio_clipok/21_PM33_3ok/21_PM33_3_1ok.wav,26.33,27.67
CleanCorpus/InterviewTaskok/audio_clipok/21_PM33_3ok/21_PM33_3_1ok.wav,30.64,31.01
CleanCorpus/InterviewTaskok/audio_clipok/21_PM33_3ok/21_PM33_3_1ok.wav,32.67,34.69
CleanCorpus/InterviewTaskok/audio_clipok/21_PM33_3ok/21_PM33_3_1ok.wav,37.12,37.53
CleanCorpus/InterviewTaskok/audio_clipok/21_PM33_3ok/21_PM33_3_1ok.wav,39.96,40.48
CleanCorpus/InterviewTaskok/audio_clipok/21_PM33_3ok/21_PM33_3_1ok.wav,41.51,42.73
CleanCorpus/InterviewTaskok/audio_clipok/21_PM33_3ok/21_PM33_3_1ok.wav,45.25,49.65
CleanCorpus/InterviewTaskok/audio_clipok/21_PM33_3ok/21_PM33_3_1ok.wav,54.01,55.64
CleanCorpus/InterviewTaskok/audio_clipok/21_PM33_3ok/21_PM33_3_6ok.wav,0.38,0.74
CleanCorpus/InterviewTaskok/audio_clipok/21_PM33_3ok/21_PM33_3_5ok.wav,4.44,4.87
CleanCorpus/InterviewTaskok/audio_clipok/21_PM33_3ok/21_PM33_3_5ok.wav,5.22,6.45
CleanCorpus/InterviewTaskok/audio_clipok/44_CF37_3ok/44_CF37_3_7ok.wav,3.38,3.65
CleanCorpus/InterviewTaskok/audio_clipok/44_CF37_3ok/44_CF37_3_7ok.wav,4.64,5.4
CleanCorpus/InterviewTaskok/audio_clipok/44_CF37_3ok/44_CF37_3_7ok.wav,13.1,13.61
CleanCorpus/InterviewTaskok/audio_clipok/44_CF37_3ok/44_CF37_3_7ok.wav,19.75,20.03
CleanCorpus/InterviewTaskok/audio_clipok/44_CF37_3ok/44_CF37_3_7ok.wav,22.48,23.19
CleanCorpus/InterviewTaskok/audio_clipok/44_CF37_3ok/44_CF37_3_7ok.wav,26.63,26.88
CleanCorpus/InterviewTaskok/audio_clipok/44_CF37_3ok/44_CF37_3_8ok.wav,0.14,0.63
CleanCorpus/InterviewTaskok/audio_clipok/44_CF37_3ok/44_CF37_3_8ok.wav,8.2,8.84
CleanCorpus/InterviewTaskok/audio_clipok/44_CF37_3ok/44_CF37_3_8ok.wav,12.67,12.91
CleanCorpus/InterviewTaskok/audio_clipok/44_CF37_3ok/44_CF37_3_8ok.wav,13.94,14.33
CleanCorpus/InterviewTaskok/audio_clipok/44_CF37_3ok/44_CF37_3_10ok.wav,5.74,6.26
CleanCorpus/InterviewTaskok/audio_clipok/44_CF37_3ok/44_CF37_3_10ok.wav,7.67,8.24
CleanCorpus/InterviewTaskok/audio_clipok/44_CF37_3ok/44_CF37_3_10ok.wav,10.22,10.91
CleanCorpus/InterviewTaskok/audio_clipok/44_CF37_3ok/44_CF37_3_10ok.wav,11.76,12.66
CleanCorpus/InterviewTaskok/audio_clipok/44_CF37_3ok/44_CF37_3_10ok.wav,15.61,16.33
CleanCorpus/InterviewTaskok/audio_clipok/44_CF37_3ok/44_CF37_3_11ok.wav,7.22,7.47
CleanCorpus/InterviewTaskok/audio_clipok/44_CF37_3ok/44_CF37_3_11ok.wav,14.09,14.48
CleanCorpus/InterviewTaskok/audio_clipok/44_CF37_3ok/44_CF37_3_11ok.wav,21.95,22.34
CleanCorpus/InterviewTaskok/audio_clipok/44_CF37_3ok/44_CF37_3_1ok.wav,2.99,5.51
CleanCorpus/InterviewTaskok/audio_clipok/44_CF37_3ok/44_CF37_3_1ok.wav,10.92,11.74
CleanCorpus/InterviewTaskok/audio_clipok/44_CF37_3ok/44_CF37_3_1ok.wav,12.67,12.95
CleanCorpus/InterviewTaskok/audio_clipok/44_CF37_3ok/44_CF37_3_1ok.wav,14.41,15.76
CleanCorpus/InterviewTaskok/audio_clipok/44_CF37_3ok/44_CF37_3_1ok.wav,18.79,19.58
CleanCorpus/InterviewTaskok/audio_clipok/44_CF37_3ok/44_CF37_3_3ok.wav,2.28,3.27
CleanCorpus/InterviewTaskok/audio_clipok/44_CF37_3ok/44_CF37_3_3ok.wav,4.5,5.97
CleanCorpus/InterviewTaskok/audio_clipok/44_CF37_3ok/44_CF37_3_4ok.wav,1.61,2.83
CleanCorpus/InterviewTaskok/audio_clipok/44_CF37_3ok/44_CF37_3_4ok.wav,6.16,6.61
CleanCorpus/InterviewTaskok/audio_clipok/44_CF37_3ok/44_CF37_3_4ok.wav,11.75,12.4
CleanCorpus/InterviewTaskok/audio_clipok/44_CF37_3ok/44_CF37_3_4ok.wav,14.4,14.7
CleanCorpus/InterviewTaskok/audio_clipok/44_CF37_3ok/44_CF37_3_6ok.wav,5.43,5.95
CleanCorpus/InterviewTaskok/audio_clipok/44_CF37_3ok/44_CF37_3_5ok.wav,1.61,2.26
CleanCorpus/InterviewTaskok/audio_clipok/44_CF37_3ok/44_CF37_3_5ok.wav,5.17,5.78
CleanCorpus/InterviewTaskok/audio_clipok/44_CF37_3ok/44_CF37_3_5ok.wav,8.73,9.56
CleanCorpus/InterviewTaskok/audio_clipok/44_CF37_3ok/44_CF37_3_5ok.wav,12.68,13.09
CleanCorpus/InterviewTaskok/audio_clipok/44_CF37_3ok/44_CF37_3_5ok.wav,16.26,16.69
CleanCorpus/InterviewTaskok/audio_clipok/44_CF37_3ok/44_CF37_3_5ok.wav,22.15,23.28
CleanCorpus/InterviewTaskok/audio_clipok/44_CF37_3ok/44_CF37_3_5ok.wav,33.12,33.94
CleanCorpus/InterviewTaskok/audio_clipok/44_CF37_3ok/44_CF37_3_5ok.wav,34.83,35.55
CleanCorpus/InterviewTaskok/audio_clipok/44_CF37_3ok/44_CF37_3_9ok.wav,9.28,9.78
CleanCorpus/InterviewTaskok/audio_clipok/47_CF61_2ok/47_CF61_2_6ok.wav,3.61,3.85
CleanCorpus/InterviewTaskok/audio_clipok/47_CF61_2ok/47_CF61_2_16ok.wav,2.45,3.19
CleanCorpus/InterviewTaskok/audio_clipok/47_CF61_2ok/47_CF61_2_16ok.wav,7.77,8.33
CleanCorpus/InterviewTaskok/audio_clipok/47_CF61_2ok/47_CF61_2_16ok.wav,10.17,11.47
CleanCorpus/InterviewTaskok/audio_clipok/47_CF61_2ok/47_CF61_2_16ok.wav,16.78,16.99
CleanCorpus/InterviewTaskok/audio_clipok/47_CF61_2ok/47_CF61_2_16ok.wav,17.6,19.07
CleanCorpus/InterviewTaskok/audio_clipok/47_CF61_2ok/47_CF61_2_16ok.wav,21.98,22.35
CleanCorpus/InterviewTaskok/audio_clipok/47_CF61_2ok/47_CF61_2_16ok.wav,24.46,24.68
CleanCorpus/InterviewTaskok/audio_clipok/47_CF61_2ok/47_CF61_2_16ok.wav,24.74,25.24
CleanCorpus/InterviewTaskok/audio_clipok/47_CF61_2ok/47_CF61_2_5ok.wav,5.26,5.93
CleanCorpus/InterviewTaskok/audio_clipok/47_CF61_2ok/47_CF61_2_5ok.wav,8.66,9.05
CleanCorpus/InterviewTaskok/audio_clipok/47_CF61_2ok/47_CF61_2_4ok.wav,1.07,1.49
CleanCorpus/InterviewTaskok/audio_clipok/47_CF61_2ok/47_CF61_2_10ok.wav,11.94,13.14
CleanCorpus/InterviewTaskok/audio_clipok/47_CF61_2ok/47_CF61_2_10ok.wav,13.99,14.59
CleanCorpus/InterviewTaskok/audio_clipok/47_CF61_2ok/47_CF61_2_7ok.wav,3.68,4.0
CleanCorpus/InterviewTaskok/audio_clipok/47_CF61_2ok/47_CF61_2_7ok.wav,5.83,6.19
CleanCorpus/InterviewTaskok/audio_clipok/47_CF61_2ok/47_CF61_2_15ok.wav,1.63,2.18
CleanCorpus/InterviewTaskok/audio_clipok/47_CF61_2ok/47_CF61_2_15ok.wav,4.7,4.9
CleanCorpus/InterviewTaskok/audio_clipok/47_CF61_2ok/47_CF61_2_9ok.wav,10.68,11.22
CleanCorpus/InterviewTaskok/audio_clipok/47_CF61_2ok/47_CF61_2_9ok.wav,13.11,13.35
CleanCorpus/InterviewTaskok/audio_clipok/47_CF61_2ok/47_CF61_2_2ok.wav,0.23,1.67
CleanCorpus/InterviewTaskok/audio_clipok/47_CF61_2ok/47_CF61_2_2ok.wav,2.31,3.46
CleanCorpus/InterviewTaskok/audio_clipok/47_CF61_2ok/47_CF61_2_2ok.wav,5.93,6.3
CleanCorpus/InterviewTaskok/audio_clipok/47_CF61_2ok/47_CF61_2_1ok.wav,2.13,2.72
CleanCorpus/InterviewTaskok/audio_clipok/47_CF61_2ok/47_CF61_2_1ok.wav,4.52,5.13
CleanCorpus/InterviewTaskok/audio_clipok/47_CF61_2ok/47_CF61_2_1ok.wav,6.74,6.94
CleanCorpus/InterviewTaskok/audio_clipok/47_CF61_2ok/47_CF61_2_1ok.wav,8.8,9.5
CleanCorpus/InterviewTaskok/audio_clipok/47_CF61_2ok/47_CF61_2_1ok.wav,10.94,12.72
CleanCorpus/InterviewTaskok/audio_clipok/47_CF61_2ok/47_CF61_2_1ok.wav,15.42,15.89
CleanCorpus/InterviewTaskok/audio_clipok/47_CF61_2ok/47_CF61_2_1ok.wav,18.53,19.16
CleanCorpus/InterviewTaskok/audio_clipok/47_CF61_2ok/47_CF61_2_1ok.wav,20.46,20.83
CleanCorpus/InterviewTaskok/audio_clipok/47_CF61_2ok/47_CF61_2_13ok.wav,0.0,0.47
CleanCorpus/InterviewTaskok/audio_clipok/47_CF61_2ok/47_CF61_2_13ok.wav,1.83,2.2
CleanCorpus/InterviewTaskok/audio_clipok/47_CF61_2ok/47_CF61_2_13ok.wav,5.03,5.7
CleanCorpus/InterviewTaskok/audio_clipok/47_CF61_2ok/47_CF61_2_11ok.wav,2.18,2.78
CleanCorpus/InterviewTaskok/audio_clipok/47_CF61_2ok/47_CF61_2_11ok.wav,5.93,6.52
CleanCorpus/InterviewTaskok/audio_clipok/47_CF61_2ok/47_CF61_2_11ok.wav,7.61,8.72
CleanCorpus/InterviewTaskok/audio_clipok/47_CF61_2ok/47_CF61_2_11ok.wav,11.85,13.16
CleanCorpus/InterviewTaskok/audio_clipok/47_CF61_2ok/47_CF61_2_14ok.wav,3.74,4.23
CleanCorpus/InterviewTaskok/audio_clipok/71_PM68_1ok/71_PM68_1_1ok.wav,4.57,5.16
CleanCorpus/InterviewTaskok/audio_clipok/71_PM68_1ok/71_PM68_1_1ok.wav,7.23,8.56
CleanCorpus/InterviewTaskok/audio_clipok/71_PM68_1ok/71_PM68_1_1ok.wav,19.61,20.01
CleanCorpus/InterviewTaskok/audio_clipok/71_PM68_1ok/71_PM68_1_1ok.wav,25.25,25.52
CleanCorpus/InterviewTaskok/audio_clipok/71_PM68_1ok/71_PM68_1_1ok.wav,27.83,28.3
CleanCorpus/InterviewTaskok/audio_clipok/71_PM68_1ok/71_PM68_1_1ok.wav,31.39,31.89
CleanCorpus/InterviewTaskok/audio_clipok/71_PM68_1ok/71_PM68_1_1ok.wav,40.1,40.46
CleanCorpus/InterviewTaskok/audio_clipok/71_PM68_1ok/71_PM68_1_1ok.wav,58.09,58.51
CleanCorpus/InterviewTaskok/audio_clipok/71_PM68_1ok/71_PM68_1_1ok.wav,65.91,67.19
CleanCorpus/InterviewTaskok/audio_clipok/71_PM68_1ok/71_PM68_1_1ok.wav,75.86,76.74
CleanCorpus/InterviewTaskok/audio_clipok/71_PM68_1ok/71_PM68_1_1ok.wav,91.6,91.84
CleanCorpus/InterviewTaskok/audio_clipok/71_PM68_1ok/71_PM68_1_1ok.wav,93.4,94.52
CleanCorpus/InterviewTaskok/audio_clipok/71_PM68_1ok/71_PM68_1_1ok.wav,96.92,98.25
CleanCorpus/InterviewTaskok/audio_clipok/71_PM68_1ok/71_PM68_1_1ok.wav,100.53,101.87
CleanCorpus/InterviewTaskok/audio_clipok/71_PM68_1ok/71_PM68_1_1ok.wav,108.46,108.86
CleanCorpus/InterviewTaskok/audio_clipok/71_PM68_1ok/71_PM68_1_1ok.wav,114.88,115.15
CleanCorpus/InterviewTaskok/audio_clipok/71_PM68_1ok/71_PM68_1_1ok.wav,121.85,122.75
CleanCorpus/InterviewTaskok/audio_clipok/71_PM68_1ok/71_PM68_1_1ok.wav,125.8,126.23
CleanCorpus/InterviewTaskok/audio_clipok/71_PM68_1ok/71_PM68_1_1ok.wav,131.77,132.47
CleanCorpus/InterviewTaskok/audio_clipok/71_PM68_1ok/71_PM68_1_1ok.wav,137.02,137.63
CleanCorpus/InterviewTaskok/audio_clipok/71_PM68_1ok/71_PM68_1_1ok.wav,138.36,138.84
CleanCorpus/InterviewTaskok/audio_clipok/71_PM68_1ok/71_PM68_1_1ok.wav,142.16,142.55
CleanCorpus/InterviewTaskok/audio_clipok/71_PM68_1ok/71_PM68_1_1ok.wav,142.71,143.98
CleanCorpus/InterviewTaskok/audio_clipok/71_PM68_1ok/71_PM68_1_1ok.wav,155.01,155.46
CleanCorpus/InterviewTaskok/audio_clipok/71_PM68_1ok/71_PM68_1_1ok.wav,157.94,158.98
CleanCorpus/InterviewTaskok/audio_clipok/71_PM68_1ok/71_PM68_1_1ok.wav,163.33,164.4
CleanCorpus/InterviewTaskok/audio_clipok/71_PM68_1ok/71_PM68_1_1ok.wav,165.59,165.91
CleanCorpus/InterviewTaskok/audio_clipok/71_PM68_1ok/71_PM68_1_1ok.wav,172.78,173.28
CleanCorpus/InterviewTaskok/audio_clipok/71_PM68_1ok/71_PM68_1_1ok.wav,179.5,180.22
CleanCorpus/InterviewTaskok/audio_clipok/71_PM68_1ok/71_PM68_1_1ok.wav,183.0,183.34
CleanCorpus/InterviewTaskok/audio_clipok/71_PM68_1ok/71_PM68_1_1ok.wav,183.51,183.74
CleanCorpus/InterviewTaskok/audio_clipok/71_PM68_1ok/71_PM68_1_1ok.wav,188.34,188.66
CleanCorpus/InterviewTaskok/audio_clipok/71_PM68_1ok/71_PM68_1_1ok.wav,191.07,191.61
CleanCorpus/InterviewTaskok/audio_clipok/71_PM68_1ok/71_PM68_1_1ok.wav,199.05,200.35
CleanCorpus/InterviewTaskok/audio_clipok/71_PM68_1ok/71_PM68_1_1ok.wav,205.64,206.17
CleanCorpus/InterviewTaskok/audio_clipok/71_PM68_1ok/71_PM68_1_1ok.wav,206.9,209.17
CleanCorpus/InterviewTaskok/audio_clipok/71_PM68_1ok/71_PM68_1_1ok.wav,209.85,210.89
CleanCorpus/InterviewTaskok/audio_clipok/71_PM68_1ok/71_PM68_1_1ok.wav,211.47,212.39
CleanCorpus/InterviewTaskok/audio_clipok/71_PM68_1ok/71_PM68_1_1ok.wav,215.66,216.15
CleanCorpus/InterviewTaskok/audio_clipok/71_PM68_1ok/71_PM68_1_1ok.wav,219.29,220.0
CleanCorpus/InterviewTaskok/audio_clipok/71_PM68_1ok/71_PM68_1_1ok.wav,220.83,221.16
CleanCorpus/InterviewTaskok/audio_clipok/71_PM68_1ok/71_PM68_1_1ok.wav,224.22,224.75
CleanCorpus/InterviewTaskok/audio_clipok/71_PM68_1ok/71_PM68_1_1ok.wav,226.88,227.75
CleanCorpus/InterviewTaskok/audio_clipok/71_PM68_1ok/71_PM68_1_1ok.wav,229.11,229.47
CleanCorpus/InterviewTaskok/audio_clipok/71_PM68_1ok/71_PM68_1_1ok.wav,236.66,237.25
CleanCorpus/InterviewTaskok/audio_clipok/71_PM68_1ok/71_PM68_1_1ok.wav,239.33,239.71
CleanCorpus/InterviewTaskok/audio_clipok/71_PM68_1ok/71_PM68_1_1ok.wav,240.79,241.21
CleanCorpus/InterviewTaskok/audio_clipok/71_PM68_1ok/71_PM68_1_1ok.wav,254.44,254.87
CleanCorpus/InterviewTaskok/audio_clipok/71_PM68_1ok/71_PM68_1_1ok.wav,263.97,264.2
CleanCorpus/InterviewTaskok/audio_clipok/71_PM68_1ok/71_PM68_1_1ok.wav,264.97,266.36
CleanCorpus/InterviewTaskok/audio_clipok/71_PM68_1ok/71_PM68_1_1ok.wav,271.01,271.37
CleanCorpus/InterviewTaskok/audio_clipok/71_PM68_1ok/71_PM68_1_1ok.wav,277.9,279.02
CleanCorpus/InterviewTaskok/audio_clipok/71_PM68_1ok/71_PM68_1_1ok.wav,279.87,280.1
CleanCorpus/InterviewTaskok/audio_clipok/71_PM68_1ok/71_PM68_1_1ok.wav,281.09,281.61
CleanCorpus/InterviewTaskok/audio_clipok/38_CM27_3ok/38_CM27_3_5ok.wav,6.21,6.82
CleanCorpus/InterviewTaskok/audio_clipok/38_CM27_3ok/38_CM27_3_5ok.wav,9.31,9.75
CleanCorpus/InterviewTaskok/audio_clipok/38_CM27_3ok/38_CM27_3_5ok.wav,13.37,13.98
CleanCorpus/InterviewTaskok/audio_clipok/38_CM27_3ok/38_CM27_3_5ok.wav,15.61,16.34
CleanCorpus/InterviewTaskok/audio_clipok/38_CM27_3ok/38_CM27_3_5ok.wav,17.62,18.36
CleanCorpus/InterviewTaskok/audio_clipok/38_CM27_3ok/38_CM27_3_5ok.wav,19.6,20.8
CleanCorpus/InterviewTaskok/audio_clipok/38_CM27_3ok/38_CM27_3_5ok.wav,25.53,25.91
CleanCorpus/InterviewTaskok/audio_clipok/38_CM27_3ok/38_CM27_3_5ok.wav,27.33,27.68
CleanCorpus/InterviewTaskok/audio_clipok/38_CM27_3ok/38_CM27_3_5ok.wav,29.97,30.24
CleanCorpus/InterviewTaskok/audio_clipok/38_CM27_3ok/38_CM27_3_13ok.wav,3.82,4.89
CleanCorpus/InterviewTaskok/audio_clipok/38_CM27_3ok/38_CM27_3_6ok.wav,8.82,9.28
CleanCorpus/InterviewTaskok/audio_clipok/38_CM27_3ok/38_CM27_3_6ok.wav,10.37,11.17
CleanCorpus/InterviewTaskok/audio_clipok/38_CM27_3ok/38_CM27_3_6ok.wav,13.76,14.48
CleanCorpus/InterviewTaskok/audio_clipok/38_CM27_3ok/38_CM27_3_6ok.wav,20.26,20.81
CleanCorpus/InterviewTaskok/audio_clipok/38_CM27_3ok/38_CM27_3_6ok.wav,27.74,28.15
CleanCorpus/InterviewTaskok/audio_clipok/38_CM27_3ok/38_CM27_3_6ok.wav,33.44,33.92
CleanCorpus/InterviewTaskok/audio_clipok/38_CM27_3ok/38_CM27_3_6ok.wav,37.98,38.33
CleanCorpus/InterviewTaskok/audio_clipok/38_CM27_3ok/38_CM27_3_6ok.wav,39.78,40.41
CleanCorpus/InterviewTaskok/audio_clipok/38_CM27_3ok/38_CM27_3_6ok.wav,43.23,43.47
CleanCorpus/InterviewTaskok/audio_clipok/38_CM27_3ok/38_CM27_3_6ok.wav,47.01,47.65
CleanCorpus/InterviewTaskok/audio_clipok/38_CM27_3ok/38_CM27_3_6ok.wav,51.59,52.11
CleanCorpus/InterviewTaskok/audio_clipok/38_CM27_3ok/38_CM27_3_6ok.wav,53.47,54.1
CleanCorpus/InterviewTaskok/audio_clipok/38_CM27_3ok/38_CM27_3_6ok.wav,55.36,55.66
CleanCorpus/InterviewTaskok/audio_clipok/38_CM27_3ok/38_CM27_3_6ok.wav,57.07,58.17
CleanCorpus/InterviewTaskok/audio_clipok/38_CM27_3ok/38_CM27_3_6ok.wav,67.21,67.88
CleanCorpus/InterviewTaskok/audio_clipok/38_CM27_3ok/38_CM27_3_7ok.wav,5.33,5.94
CleanCorpus/InterviewTaskok/audio_clipok/38_CM27_3ok/38_CM27_3_7ok.wav,7.65,7.92
CleanCorpus/InterviewTaskok/audio_clipok/38_CM27_3ok/38_CM27_3_11ok.wav,2.92,3.4
CleanCorpus/InterviewTaskok/audio_clipok/38_CM27_3ok/38_CM27_3_2ok.wav,1.9,2.19
CleanCorpus/InterviewTaskok/audio_clipok/38_CM27_3ok/38_CM27_3_2ok.wav,2.7,3.42
CleanCorpus/InterviewTaskok/audio_clipok/38_CM27_3ok/38_CM27_3_2ok.wav,6.12,6.6
CleanCorpus/InterviewTaskok/audio_clipok/38_CM27_3ok/38_CM27_3_2ok.wav,8.14,9.5
CleanCorpus/InterviewTaskok/audio_clipok/38_CM27_3ok/38_CM27_3_2ok.wav,11.34,11.86
CleanCorpus/InterviewTaskok/audio_clipok/38_CM27_3ok/38_CM27_3_10ok.wav,1.87,2.9
CleanCorpus/InterviewTaskok/audio_clipok/38_CM27_3ok/38_CM27_3_10ok.wav,3.48,4.01
CleanCorpus/InterviewTaskok/audio_clipok/38_CM27_3ok/38_CM27_3_10ok.wav,4.81,5.32
CleanCorpus/InterviewTaskok/audio_clipok/38_CM27_3ok/38_CM27_3_10ok.wav,7.12,7.38
CleanCorpus/InterviewTaskok/audio_clipok/38_CM27_3ok/38_CM27_3_10ok.wav,8.27,8.69
CleanCorpus/InterviewTaskok/audio_clipok/38_CM27_3ok/38_CM27_3_10ok.wav,12.97,13.66
CleanCorpus/InterviewTaskok/audio_clipok/38_CM27_3ok/38_CM27_3_14ok.wav,2.81,3.8
CleanCorpus/InterviewTaskok/audio_clipok/38_CM27_3ok/38_CM27_3_14ok.wav,5.53,7.5
CleanCorpus/InterviewTaskok/audio_clipok/38_CM27_3ok/38_CM27_3_14ok.wav,8.36,9.95
CleanCorpus/InterviewTaskok/audio_clipok/38_CM27_3ok/38_CM27_3_3ok.wav,4.38,5.23
CleanCorpus/InterviewTaskok/audio_clipok/38_CM27_3ok/38_CM27_3_3ok.wav,11.92,12.44
CleanCorpus/InterviewTaskok/audio_clipok/38_CM27_3ok/38_CM27_3_3ok.wav,13.43,14.36
CleanCorpus/InterviewTaskok/audio_clipok/38_CM27_3ok/38_CM27_3_3ok.wav,18.79,19.0
CleanCorpus/InterviewTaskok/audio_clipok/38_CM27_3ok/38_CM27_3_3ok.wav,21.85,22.1
CleanCorpus/InterviewTaskok/audio_clipok/38_CM27_3ok/38_CM27_3_3ok.wav,22.9,23.31
CleanCorpus/InterviewTaskok/audio_clipok/38_CM27_3ok/38_CM27_3_3ok.wav,28.02,28.94
CleanCorpus/InterviewTaskok/audio_clipok/38_CM27_3ok/38_CM27_3_3ok.wav,29.98,30.48
CleanCorpus/InterviewTaskok/audio_clipok/38_CM27_3ok/38_CM27_3_3ok.wav,30.52,30.82
CleanCorpus/InterviewTaskok/audio_clipok/38_CM27_3ok/38_CM27_3_12ok.wav,2.19,2.49
CleanCorpus/InterviewTaskok/audio_clipok/38_CM27_3ok/38_CM27_3_1ok.wav,3.79,4.17
CleanCorpus/InterviewTaskok/audio_clipok/38_CM27_3ok/38_CM27_3_1ok.wav,6.25,7.01
CleanCorpus/InterviewTaskok/audio_clipok/38_CM27_3ok/38_CM27_3_1ok.wav,8.96,9.32
CleanCorpus/InterviewTaskok/audio_clipok/38_CM27_3ok/38_CM27_3_8ok.wav,4.44,5.66
CleanCorpus/InterviewTaskok/audio_clipok/38_CM27_3ok/38_CM27_3_8ok.wav,9.86,11.1
CleanCorpus/InterviewTaskok/audio_clipok/38_CM27_3ok/38_CM27_3_8ok.wav,12.22,12.71
CleanCorpus/InterviewTaskok/audio_clipok/38_CM27_3ok/38_CM27_3_4ok.wav,5.75,5.98
CleanCorpus/InterviewTaskok/audio_clipok/16_CF33_4ok/16_CF33_4_2ok.wav,2.76,3.52
CleanCorpus/InterviewTaskok/audio_clipok/16_CF33_4ok/16_CF33_4_2ok.wav,9.57,9.96
CleanCorpus/InterviewTaskok/audio_clipok/16_CF33_4ok/16_CF33_4_2ok.wav,32.63,33.02
CleanCorpus/InterviewTaskok/audio_clipok/16_CF33_4ok/16_CF33_4_2ok.wav,39.7,39.94
CleanCorpus/InterviewTaskok/audio_clipok/16_CF33_4ok/16_CF33_4_2ok.wav,43.81,44.35
CleanCorpus/InterviewTaskok/audio_clipok/16_CF33_4ok/16_CF33_4_2ok.wav,61.57,62.14
CleanCorpus/InterviewTaskok/audio_clipok/16_CF33_4ok/16_CF33_4_2ok.wav,77.99,78.67
CleanCorpus/InterviewTaskok/audio_clipok/16_CF33_4ok/16_CF33_4_2ok.wav,80.89,81.13
CleanCorpus/InterviewTaskok/audio_clipok/16_CF33_4ok/16_CF33_4_2ok.wav,87.49,88.16
CleanCorpus/InterviewTaskok/audio_clipok/16_CF33_4ok/16_CF33_4_2ok.wav,89.05,89.58
CleanCorpus/InterviewTaskok/audio_clipok/16_CF33_4ok/16_CF33_4_2ok.wav,94.95,95.63
CleanCorpus/InterviewTaskok/audio_clipok/16_CF33_4ok/16_CF33_4_1ok.wav,6.65,7.33
CleanCorpus/InterviewTaskok/audio_clipok/16_CF33_4ok/16_CF33_4_1ok.wav,22.81,23.36
CleanCorpus/InterviewTaskok/audio_clipok/16_CF33_4ok/16_CF33_4_1ok.wav,27.39,27.76
CleanCorpus/InterviewTaskok/audio_clipok/16_CF33_4ok/16_CF33_4_1ok.wav,30.54,30.93
CleanCorpus/InterviewTaskok/audio_clipok/16_CF33_4ok/16_CF33_4_1ok.wav,42.66,42.99
CleanCorpus/InterviewTaskok/audio_clipok/16_CF33_4ok/16_CF33_4_1ok.wav,57.9,58.3
CleanCorpus/InterviewTaskok/audio_clipok/16_CF33_4ok/16_CF33_4_1ok.wav,73.98,74.48
CleanCorpus/InterviewTaskok/audio_clipok/16_CF33_4ok/16_CF33_4_1ok.wav,77.1,77.64
CleanCorpus/InterviewTaskok/audio_clipok/16_CF33_4ok/16_CF33_4_1ok.wav,79.83,80.29
CleanCorpus/InterviewTaskok/audio_clipok/16_CF33_4ok/16_CF33_4_1ok.wav,84.87,85.32
CleanCorpus/InterviewTaskok/audio_clipok/16_CF33_4ok/16_CF33_4_1ok.wav,96.64,97.61
CleanCorpus/InterviewTaskok/audio_clipok/16_CF33_4ok/16_CF33_4_1ok.wav,103.3,103.96
CleanCorpus/InterviewTaskok/audio_clipok/16_CF33_4ok/16_CF33_4_3ok.wav,15.08,15.29
CleanCorpus/InterviewTaskok/audio_clipok/59_PF36_xok/59_PF36_x_1ok.wav,5.33,6.07
CleanCorpus/InterviewTaskok/audio_clipok/59_PF36_xok/59_PF36_x_1ok.wav,11.25,11.61
CleanCorpus/InterviewTaskok/audio_clipok/59_PF36_xok/59_PF36_x_1ok.wav,11.87,12.19
CleanCorpus/InterviewTaskok/audio_clipok/59_PF36_xok/59_PF36_x_1ok.wav,16.74,17.44
CleanCorpus/InterviewTaskok/audio_clipok/59_PF36_xok/59_PF36_x_1ok.wav,17.81,18.39
CleanCorpus/InterviewTaskok/audio_clipok/59_PF36_xok/59_PF36_x_1ok.wav,19.23,19.63
CleanCorpus/InterviewTaskok/audio_clipok/59_PF36_xok/59_PF36_x_1ok.wav,26.47,26.79
CleanCorpus/InterviewTaskok/audio_clipok/59_PF36_xok/59_PF36_x_1ok.wav,28.68,29.14
CleanCorpus/InterviewTaskok/audio_clipok/59_PF36_xok/59_PF36_x_1ok.wav,31.48,31.83
CleanCorpus/InterviewTaskok/audio_clipok/59_PF36_xok/59_PF36_x_1ok.wav,33.66,34.22
CleanCorpus/InterviewTaskok/audio_clipok/59_PF36_xok/59_PF36_x_1ok.wav,36.06,36.64
CleanCorpus/InterviewTaskok/audio_clipok/59_PF36_xok/59_PF36_x_1ok.wav,39.07,40.0
CleanCorpus/InterviewTaskok/audio_clipok/59_PF36_xok/59_PF36_x_1ok.wav,41.54,42.36
CleanCorpus/InterviewTaskok/audio_clipok/59_PF36_xok/59_PF36_x_1ok.wav,46.58,47.29
CleanCorpus/InterviewTaskok/audio_clipok/59_PF36_xok/59_PF36_x_1ok.wav,53.8,54.5
CleanCorpus/InterviewTaskok/audio_clipok/59_PF36_xok/59_PF36_x_1ok.wav,55.72,56.64
CleanCorpus/InterviewTaskok/audio_clipok/59_PF36_xok/59_PF36_x_1ok.wav,57.54,57.95
CleanCorpus/InterviewTaskok/audio_clipok/59_PF36_xok/59_PF36_x_1ok.wav,59.03,59.68
CleanCorpus/InterviewTaskok/audio_clipok/59_PF36_xok/59_PF36_x_1ok.wav,65.3,66.27
CleanCorpus/InterviewTaskok/audio_clipok/59_PF36_xok/59_PF36_x_1ok.wav,68.52,69.25
CleanCorpus/InterviewTaskok/audio_clipok/59_PF36_xok/59_PF36_x_1ok.wav,72.93,73.73
CleanCorpus/InterviewTaskok/audio_clipok/59_PF36_xok/59_PF36_x_1ok.wav,80.61,80.92
CleanCorpus/InterviewTaskok/audio_clipok/59_PF36_xok/59_PF36_x_1ok.wav,82.04,82.7
CleanCorpus/InterviewTaskok/audio_clipok/59_PF36_xok/59_PF36_x_1ok.wav,85.34,86.07
CleanCorpus/InterviewTaskok/audio_clipok/59_PF36_xok/59_PF36_x_1ok.wav,87.67,88.7
CleanCorpus/InterviewTaskok/audio_clipok/59_PF36_xok/59_PF36_x_1ok.wav,89.71,90.3
CleanCorpus/InterviewTaskok/audio_clipok/59_PF36_xok/59_PF36_x_1ok.wav,91.37,92.45
CleanCorpus/InterviewTaskok/audio_clipok/59_PF36_xok/59_PF36_x_3ok.wav,9.67,9.97
CleanCorpus/InterviewTaskok/audio_clipok/59_PF36_xok/59_PF36_x_3ok.wav,11.1,11.3
CleanCorpus/InterviewTaskok/audio_clipok/59_PF36_xok/59_PF36_x_3ok.wav,16.74,17.55
CleanCorpus/InterviewTaskok/audio_clipok/59_PF36_xok/59_PF36_x_3ok.wav,20.09,21.66
CleanCorpus/InterviewTaskok/audio_clipok/59_PF36_xok/59_PF36_x_3ok.wav,25.71,26.08
CleanCorpus/InterviewTaskok/audio_clipok/59_PF36_xok/59_PF36_x_2ok.wav,3.06,3.68
CleanCorpus/InterviewTaskok/audio_clipok/59_PF36_xok/59_PF36_x_2ok.wav,7.82,8.04
CleanCorpus/InterviewTaskok/audio_clipok/59_PF36_xok/59_PF36_x_2ok.wav,13.17,13.86
CleanCorpus/InterviewTaskok/audio_clipok/59_PF36_xok/59_PF36_x_2ok.wav,20.66,21.56
CleanCorpus/InterviewTaskok/audio_clipok/59_PF36_xok/59_PF36_x_2ok.wav,23.34,23.64
CleanCorpus/InterviewTaskok/audio_clipok/59_PF36_xok/59_PF36_x_2ok.wav,27.56,28.1
CleanCorpus/InterviewTaskok/audio_clipok/59_PF36_xok/59_PF36_x_2ok.wav,31.91,32.45
CleanCorpus/InterviewTaskok/audio_clipok/59_PF36_xok/59_PF36_x_2ok.wav,34.62,34.86
CleanCorpus/InterviewTaskok/audio_clipok/59_PF36_xok/59_PF36_x_2ok.wav,36.17,36.54
CleanCorpus/InterviewTaskok/audio_clipok/59_PF36_xok/59_PF36_x_2ok.wav,39.93,40.53
CleanCorpus/InterviewTaskok/audio_clipok/59_PF36_xok/59_PF36_x_2ok.wav,46.68,47.21
CleanCorpus/InterviewTaskok/audio_clipok/59_PF36_xok/59_PF36_x_2ok.wav,51.51,52.12
CleanCorpus/InterviewTaskok/audio_clipok/59_PF36_xok/59_PF36_x_2ok.wav,54.82,55.62
CleanCorpus/InterviewTaskok/audio_clipok/59_PF36_xok/59_PF36_x_2ok.wav,57.14,57.61
CleanCorpus/InterviewTaskok/audio_clipok/59_PF36_xok/59_PF36_x_2ok.wav,63.67,64.28
CleanCorpus/InterviewTaskok/audio_clipok/59_PF36_xok/59_PF36_x_2ok.wav,67.25,67.69
CleanCorpus/InterviewTaskok/audio_clipok/59_PF36_xok/59_PF36_x_2ok.wav,70.98,71.24
CleanCorpus/InterviewTaskok/audio_clipok/59_PF36_xok/59_PF36_x_2ok.wav,72.88,73.94
CleanCorpus/InterviewTaskok/audio_clipok/59_PF36_xok/59_PF36_x_2ok.wav,83.05,83.73
CleanCorpus/InterviewTaskok/audio_clipok/59_PF36_xok/59_PF36_x_2ok.wav,89.69,90.18
CleanCorpus/InterviewTaskok/audio_clipok/59_PF36_xok/59_PF36_x_2ok.wav,95.26,96.05
CleanCorpus/InterviewTaskok/audio_clipok/59_PF36_xok/59_PF36_x_2ok.wav,98.25,98.68
CleanCorpus/InterviewTaskok/audio_clipok/59_PF36_xok/59_PF36_x_2ok.wav,99.36,99.6
CleanCorpus/InterviewTaskok/audio_clipok/59_PF36_xok/59_PF36_x_2ok.wav,101.59,102.25
CleanCorpus/InterviewTaskok/audio_clipok/59_PF36_xok/59_PF36_x_2ok.wav,104.68,105.23
CleanCorpus/InterviewTaskok/audio_clipok/59_PF36_xok/59_PF36_x_2ok.wav,107.51,108.12
CleanCorpus/InterviewTaskok/audio_clipok/59_PF36_xok/59_PF36_x_2ok.wav,110.71,111.71
CleanCorpus/InterviewTaskok/audio_clipok/59_PF36_xok/59_PF36_x_2ok.wav,113.31,113.51
CleanCorpus/InterviewTaskok/audio_clipok/59_PF36_xok/59_PF36_x_2ok.wav,120.44,120.98
CleanCorpus/InterviewTaskok/audio_clipok/59_PF36_xok/59_PF36_x_2ok.wav,128.4,128.8
CleanCorpus/InterviewTaskok/audio_clipok/59_PF36_xok/59_PF36_x_2ok.wav,134.2,134.42
CleanCorpus/InterviewTaskok/audio_clipok/59_PF36_xok/59_PF36_x_2ok.wav,139.0,139.84
CleanCorpus/InterviewTaskok/audio_clipok/59_PF36_xok/59_PF36_x_2ok.wav,146.03,146.82
CleanCorpus/InterviewTaskok/audio_clipok/59_PF36_xok/59_PF36_x_2ok.wav,149.97,150.94
CleanCorpus/InterviewTaskok/audio_clipok/59_PF36_xok/59_PF36_x_2ok.wav,151.82,152.5
CleanCorpus/InterviewTaskok/audio_clipok/12_PF68_1ok/12_PF68_1_2ok.wav,12.89,13.2
CleanCorpus/InterviewTaskok/audio_clipok/12_PF68_1ok/12_PF68_1_2ok.wav,30.5,30.81
CleanCorpus/InterviewTaskok/audio_clipok/12_PF68_1ok/12_PF68_1_2ok.wav,38.53,38.76
CleanCorpus/InterviewTaskok/audio_clipok/12_PF68_1ok/12_PF68_1_4ok.wav,1.12,1.57
CleanCorpus/InterviewTaskok/audio_clipok/12_PF68_1ok/12_PF68_1_4ok.wav,5.17,5.39
CleanCorpus/InterviewTaskok/audio_clipok/12_PF68_1ok/12_PF68_1_4ok.wav,6.2,6.57
CleanCorpus/InterviewTaskok/audio_clipok/12_PF68_1ok/12_PF68_1_4ok.wav,7.91,8.3
CleanCorpus/InterviewTaskok/audio_clipok/12_PF68_1ok/12_PF68_1_4ok.wav,10.15,10.38
CleanCorpus/InterviewTaskok/audio_clipok/12_PF68_1ok/12_PF68_1_4ok.wav,11.38,11.73
CleanCorpus/InterviewTaskok/audio_clipok/12_PF68_1ok/12_PF68_1_4ok.wav,12.99,13.59
CleanCorpus/InterviewTaskok/audio_clipok/12_PF68_1ok/12_PF68_1_4ok.wav,14.58,14.84
CleanCorpus/InterviewTaskok/audio_clipok/12_PF68_1ok/12_PF68_1_1ok.wav,5.83,6.33
CleanCorpus/InterviewTaskok/audio_clipok/12_PF68_1ok/12_PF68_1_1ok.wav,8.01,8.62
CleanCorpus/InterviewTaskok/audio_clipok/12_PF68_1ok/12_PF68_1_1ok.wav,10.86,11.33
CleanCorpus/InterviewTaskok/audio_clipok/12_PF68_1ok/12_PF68_1_1ok.wav,16.16,16.92
CleanCorpus/InterviewTaskok/audio_clipok/12_PF68_1ok/12_PF68_1_1ok.wav,34.82,35.34
CleanCorpus/InterviewTaskok/audio_clipok/12_PF68_1ok/12_PF68_1_3ok.wav,6.47,6.93
CleanCorpus/InterviewTaskok/audio_clipok/12_PF68_1ok/12_PF68_1_3ok.wav,11.97,12.36
CleanCorpus/InterviewTaskok/audio_clipok/12_PF68_1ok/12_PF68_1_3ok.wav,19.23,19.56
CleanCorpus/InterviewTaskok/audio_clipok/01_CF56_1ok/01_CF56_1_5ok.wav,0.97,1.25
CleanCorpus/InterviewTaskok/audio_clipok/01_CF56_1ok/01_CF56_1_5ok.wav,3.72,5.27
CleanCorpus/InterviewTaskok/audio_clipok/01_CF56_1ok/01_CF56_1_5ok.wav,9.42,11.03
CleanCorpus/InterviewTaskok/audio_clipok/01_CF56_1ok/01_CF56_1_2ok.wav,1.53,1.99
CleanCorpus/InterviewTaskok/audio_clipok/01_CF56_1ok/01_CF56_1_6ok.wav,1.65,2.05
CleanCorpus/InterviewTaskok/audio_clipok/01_CF56_1ok/01_CF56_1_6ok.wav,3.12,4.01
CleanCorpus/InterviewTaskok/audio_clipok/01_CF56_1ok/01_CF56_1_6ok.wav,8.81,9.34
CleanCorpus/InterviewTaskok/audio_clipok/01_CF56_1ok/01_CF56_1_6ok.wav,12.77,13.35
CleanCorpus/InterviewTaskok/audio_clipok/01_CF56_1ok/01_CF56_1_6ok.wav,14.58,15.77
CleanCorpus/InterviewTaskok/audio_clipok/01_CF56_1ok/01_CF56_1_6ok.wav,18.14,18.66
CleanCorpus/InterviewTaskok/audio_clipok/01_CF56_1ok/01_CF56_1_6ok.wav,20.21,20.94
CleanCorpus/InterviewTaskok/audio_clipok/01_CF56_1ok/01_CF56_1_6ok.wav,23.37,23.71
CleanCorpus/InterviewTaskok/audio_clipok/01_CF56_1ok/01_CF56_1_6ok.wav,26.65,27.27
CleanCorpus/InterviewTaskok/audio_clipok/01_CF56_1ok/01_CF56_1_6ok.wav,28.74,29.66
CleanCorpus/InterviewTaskok/audio_clipok/01_CF56_1ok/01_CF56_1_6ok.wav,31.13,31.81
CleanCorpus/InterviewTaskok/audio_clipok/01_CF56_1ok/01_CF56_1_7ok.wav,0.59,1.17
CleanCorpus/InterviewTaskok/audio_clipok/01_CF56_1ok/01_CF56_1_7ok.wav,2.75,3.46
CleanCorpus/InterviewTaskok/audio_clipok/01_CF56_1ok/01_CF56_1_7ok.wav,5.62,6.13
CleanCorpus/InterviewTaskok/audio_clipok/01_CF56_1ok/01_CF56_1_7ok.wav,6.4,7.52
CleanCorpus/InterviewTaskok/audio_clipok/01_CF56_1ok/01_CF56_1_4ok.wav,4.49,5.09
CleanCorpus/InterviewTaskok/audio_clipok/01_CF56_1ok/01_CF56_1_4ok.wav,6.77,7.45
CleanCorpus/InterviewTaskok/audio_clipok/01_CF56_1ok/01_CF56_1_4ok.wav,10.41,12.04
CleanCorpus/InterviewTaskok/audio_clipok/01_CF56_1ok/01_CF56_1_4ok.wav,13.66,14.09
CleanCorpus/InterviewTaskok/audio_clipok/01_CF56_1ok/01_CF56_1_4ok.wav,17.07,17.96
CleanCorpus/InterviewTaskok/audio_clipok/01_CF56_1ok/01_CF56_1_4ok.wav,19.85,21.5
CleanCorpus/InterviewTaskok/audio_clipok/01_CF56_1ok/01_CF56_1_4ok.wav,22.12,22.76
CleanCorpus/InterviewTaskok/audio_clipok/01_CF56_1ok/01_CF56_1_4ok.wav,25.54,26.16
CleanCorpus/InterviewTaskok/audio_clipok/01_CF56_1ok/01_CF56_1_4ok.wav,27.34,28.32
CleanCorpus/InterviewTaskok/audio_clipok/01_CF56_1ok/01_CF56_1_4ok.wav,29.42,30.66
CleanCorpus/InterviewTaskok/audio_clipok/01_CF56_1ok/01_CF56_1_4ok.wav,32.79,33.69
CleanCorpus/InterviewTaskok/audio_clipok/01_CF56_1ok/01_CF56_1_4ok.wav,35.1,35.63
CleanCorpus/InterviewTaskok/audio_clipok/01_CF56_1ok/01_CF56_1_4ok.wav,37.4,38.2
CleanCorpus/InterviewTaskok/audio_clipok/01_CF56_1ok/01_CF56_1_8ok.wav,4.52,5.84
CleanCorpus/InterviewTaskok/audio_clipok/01_CF56_1ok/01_CF56_1_8ok.wav,7.94,9.48
CleanCorpus/InterviewTaskok/audio_clipok/01_CF56_1ok/01_CF56_1_9ok.wav,1.36,2.43
CleanCorpus/InterviewTaskok/audio_clipok/01_CF56_1ok/01_CF56_1_9ok.wav,3.85,4.45
CleanCorpus/InterviewTaskok/audio_clipok/01_CF56_1ok/01_CF56_1_9ok.wav,9.15,10.06
CleanCorpus/InterviewTaskok/audio_clipok/01_CF56_1ok/01_CF56_1_9ok.wav,13.13,14.49
CleanCorpus/InterviewTaskok/audio_clipok/01_CF56_1ok/01_CF56_1_9ok.wav,17.26,18.91
CleanCorpus/InterviewTaskok/audio_clipok/01_CF56_1ok/01_CF56_1_9ok.wav,20.34,21.41
CleanCorpus/InterviewTaskok/audio_clipok/01_CF56_1ok/01_CF56_1_1ok.wav,0.59,0.9
CleanCorpus/InterviewTaskok/audio_clipok/01_CF56_1ok/01_CF56_1_1ok.wav,3.94,5.34
CleanCorpus/InterviewTaskok/audio_clipok/01_CF56_1ok/01_CF56_1_1ok.wav,10.71,11.15
CleanCorpus/InterviewTaskok/audio_clipok/01_CF56_1ok/01_CF56_1_1ok.wav,13.21,13.95
CleanCorpus/InterviewTaskok/audio_clipok/01_CF56_1ok/01_CF56_1_1ok.wav,16.7,17.14
CleanCorpus/InterviewTaskok/audio_clipok/01_CF56_1ok/01_CF56_1_1ok.wav,19.58,21.11
CleanCorpus/InterviewTaskok/audio_clipok/01_CF56_1ok/01_CF56_1_1ok.wav,22.86,23.39
CleanCorpus/InterviewTaskok/audio_clipok/01_CF56_1ok/01_CF56_1_1ok.wav,24.52,24.83
CleanCorpus/InterviewTaskok/audio_clipok/01_CF56_1ok/01_CF56_1_1ok.wav,26.06,27.35
CleanCorpus/InterviewTaskok/audio_clipok/01_CF56_1ok/01_CF56_1_3ok.wav,1.59,2.22
CleanCorpus/InterviewTaskok/audio_clipok/01_CF56_1ok/01_CF56_1_3ok.wav,8.53,10.13
CleanCorpus/InterviewTaskok/audio_clipok/01_CF56_1ok/01_CF56_1_3ok.wav,13.06,13.98
CleanCorpus/InterviewTaskok/audio_clipok/01_CF56_1ok/01_CF56_1_3ok.wav,17.24,18.12
CleanCorpus/InterviewTaskok/audio_clipok/01_CF56_1ok/01_CF56_1_3ok.wav,19.18,20.04
CleanCorpus/InterviewTaskok/audio_clipok/01_CF56_1ok/01_CF56_1_3ok.wav,22.74,23.26
CleanCorpus/InterviewTaskok/audio_clipok/01_CF56_1ok/01_CF56_1_3ok.wav,29.53,29.92
CleanCorpus/InterviewTaskok/audio_clipok/54_CM48_2ok/54_CM48_2_12ok.wav,4.18,4.62
CleanCorpus/InterviewTaskok/audio_clipok/54_CM48_2ok/54_CM48_2_6ok.wav,3.04,3.52
CleanCorpus/InterviewTaskok/audio_clipok/54_CM48_2ok/54_CM48_2_3ok.wav,4.71,5.19
CleanCorpus/InterviewTaskok/audio_clipok/54_CM48_2ok/54_CM48_2_3ok.wav,14.62,15.24
CleanCorpus/InterviewTaskok/audio_clipok/54_CM48_2ok/54_CM48_2_3ok.wav,19.92,21.04
CleanCorpus/InterviewTaskok/audio_clipok/54_CM48_2ok/54_CM48_2_8ok.wav,6.98,7.18
CleanCorpus/InterviewTaskok/audio_clipok/54_CM48_2ok/54_CM48_2_8ok.wav,12.55,12.94
CleanCorpus/InterviewTaskok/audio_clipok/54_CM48_2ok/54_CM48_2_8ok.wav,19.54,20.1
CleanCorpus/InterviewTaskok/audio_clipok/54_CM48_2ok/54_CM48_2_8ok.wav,23.74,24.03
CleanCorpus/InterviewTaskok/audio_clipok/54_CM48_2ok/54_CM48_2_8ok.wav,31.74,32.93
CleanCorpus/InterviewTaskok/audio_clipok/54_CM48_2ok/54_CM48_2_8ok.wav,36.53,36.95
CleanCorpus/InterviewTaskok/audio_clipok/54_CM48_2ok/54_CM48_2_2ok.wav,2.46,3.38
CleanCorpus/InterviewTaskok/audio_clipok/54_CM48_2ok/54_CM48_2_4ok.wav,3.52,4.32
CleanCorpus/InterviewTaskok/audio_clipok/54_CM48_2ok/54_CM48_2_4ok.wav,12.93,13.56
CleanCorpus/InterviewTaskok/audio_clipok/54_CM48_2ok/54_CM48_2_4ok.wav,15.04,15.44
CleanCorpus/InterviewTaskok/audio_clipok/54_CM48_2ok/54_CM48_2_4ok.wav,18.96,19.34
CleanCorpus/InterviewTaskok/audio_clipok/54_CM48_2ok/54_CM48_2_9ok.wav,8.35,9.05
CleanCorpus/InterviewTaskok/audio_clipok/54_CM48_2ok/54_CM48_2_7ok.wav,2.63,2.87
CleanCorpus/InterviewTaskok/audio_clipok/54_CM48_2ok/54_CM48_2_7ok.wav,9.1,9.6
CleanCorpus/InterviewTaskok/audio_clipok/54_CM48_2ok/54_CM48_2_1ok.wav,4.13,4.41
CleanCorpus/InterviewTaskok/audio_clipok/54_CM48_2ok/54_CM48_2_1ok.wav,6.29,6.78
CleanCorpus/InterviewTaskok/audio_clipok/54_CM48_2ok/54_CM48_2_1ok.wav,9.64,11.48
CleanCorpus/InterviewTaskok/audio_clipok/54_CM48_2ok/54_CM48_2_1ok.wav,13.6,13.83
CleanCorpus/InterviewTaskok/audio_clipok/54_CM48_2ok/54_CM48_2_1ok.wav,14.09,15.22
CleanCorpus/InterviewTaskok/audio_clipok/54_CM48_2ok/54_CM48_2_1ok.wav,17.81,18.08
CleanCorpus/InterviewTaskok/audio_clipok/54_CM48_2ok/54_CM48_2_1ok.wav,19.53,19.74
CleanCorpus/InterviewTaskok/audio_clipok/02_PM65_2ok/02_PM65_2_1ok.wav,4.82,5.49
CleanCorpus/InterviewTaskok/audio_clipok/02_PM65_2ok/02_PM65_2_1ok.wav,9.48,10.01
CleanCorpus/InterviewTaskok/audio_clipok/02_PM65_2ok/02_PM65_2_1ok.wav,11.87,12.44
CleanCorpus/InterviewTaskok/audio_clipok/02_PM65_2ok/02_PM65_2_1ok.wav,17.29,18.25
CleanCorpus/InterviewTaskok/audio_clipok/02_PM65_2ok/02_PM65_2_1ok.wav,22.5,23.78
CleanCorpus/InterviewTaskok/audio_clipok/02_PM65_2ok/02_PM65_2_1ok.wav,27.02,27.28
CleanCorpus/InterviewTaskok/audio_clipok/02_PM65_2ok/02_PM65_2_1ok.wav,28.78,29.99
CleanCorpus/InterviewTaskok/audio_clipok/02_PM65_2ok/02_PM65_2_1ok.wav,31.77,32.61
CleanCorpus/InterviewTaskok/audio_clipok/02_PM65_2ok/02_PM65_2_1ok.wav,36.31,37.17
CleanCorpus/InterviewTaskok/audio_clipok/02_PM65_2ok/02_PM65_2_1ok.wav,41.06,41.96
CleanCorpus/InterviewTaskok/audio_clipok/02_PM65_2ok/02_PM65_2_1ok.wav,45.75,46.09
CleanCorpus/InterviewTaskok/audio_clipok/02_PM65_2ok/02_PM65_2_1ok.wav,47.44,47.98
CleanCorpus/InterviewTaskok/audio_clipok/02_PM65_2ok/02_PM65_2_1ok.wav,50.42,50.81
CleanCorpus/InterviewTaskok/audio_clipok/02_PM65_2ok/02_PM65_2_1ok.wav,53.86,54.35
CleanCorpus/InterviewTaskok/audio_clipok/02_PM65_2ok/02_PM65_2_1ok.wav,58.9,59.76
CleanCorpus/InterviewTaskok/audio_clipok/02_PM65_2ok/02_PM65_2_1ok.wav,62.28,62.72
CleanCorpus/InterviewTaskok/audio_clipok/02_PM65_2ok/02_PM65_2_1ok.wav,65.13,65.85
CleanCorpus/InterviewTaskok/audio_clipok/02_PM65_2ok/02_PM65_2_1ok.wav,66.79,67.33
CleanCorpus/InterviewTaskok/audio_clipok/02_PM65_2ok/02_PM65_2_1ok.wav,70.34,71.14
CleanCorpus/InterviewTaskok/audio_clipok/02_PM65_2ok/02_PM65_2_1ok.wav,75.08,75.89
CleanCorpus/InterviewTaskok/audio_clipok/02_PM65_2ok/02_PM65_2_1ok.wav,77.56,78.36
CleanCorpus/InterviewTaskok/audio_clipok/02_PM65_2ok/02_PM65_2_1ok.wav,79.75,80.7
CleanCorpus/InterviewTaskok/audio_clipok/02_PM65_2ok/02_PM65_2_1ok.wav,83.62,84.67
CleanCorpus/InterviewTaskok/audio_clipok/02_PM65_2ok/02_PM65_2_1ok.wav,86.67,87.83
CleanCorpus/InterviewTaskok/audio_clipok/02_PM65_2ok/02_PM65_2_1ok.wav,89.8,90.44
CleanCorpus/InterviewTaskok/audio_clipok/02_PM65_2ok/02_PM65_2_1ok.wav,90.95,91.75
CleanCorpus/InterviewTaskok/audio_clipok/02_PM65_2ok/02_PM65_2_1ok.wav,95.0,95.69
CleanCorpus/InterviewTaskok/audio_clipok/02_PM65_2ok/02_PM65_2_4ok.wav,1.46,2.22
CleanCorpus/InterviewTaskok/audio_clipok/02_PM65_2ok/02_PM65_2_2ok.wav,2.78,3.11
CleanCorpus/InterviewTaskok/audio_clipok/02_PM65_2ok/02_PM65_2_2ok.wav,7.48,7.92
CleanCorpus/InterviewTaskok/audio_clipok/02_PM65_2ok/02_PM65_2_2ok.wav,21.72,22.19
CleanCorpus/InterviewTaskok/audio_clipok/02_PM65_2ok/02_PM65_2_2ok.wav,25.09,25.72
CleanCorpus/InterviewTaskok/audio_clipok/02_PM65_2ok/02_PM65_2_2ok.wav,28.66,29.01
CleanCorpus/InterviewTaskok/audio_clipok/02_PM65_2ok/02_PM65_2_2ok.wav,30.63,31.16
CleanCorpus/InterviewTaskok/audio_clipok/02_PM65_2ok/02_PM65_2_2ok.wav,61.11,61.76
CleanCorpus/InterviewTaskok/audio_clipok/02_PM65_2ok/02_PM65_2_5ok.wav,2.05,2.49
CleanCorpus/InterviewTaskok/audio_clipok/02_PM65_2ok/02_PM65_2_5ok.wav,7.62,8.85
CleanCorpus/InterviewTaskok/audio_clipok/02_PM65_2ok/02_PM65_2_5ok.wav,13.27,14.17
CleanCorpus/InterviewTaskok/audio_clipok/02_PM65_2ok/02_PM65_2_5ok.wav,15.52,16.38
CleanCorpus/InterviewTaskok/audio_clipok/02_PM65_2ok/02_PM65_2_5ok.wav,17.11,17.95
CleanCorpus/InterviewTaskok/audio_clipok/02_PM65_2ok/02_PM65_2_5ok.wav,19.76,21.09
CleanCorpus/InterviewTaskok/audio_clipok/02_PM65_2ok/02_PM65_2_5ok.wav,27.84,28.93
CleanCorpus/InterviewTaskok/audio_clipok/02_PM65_2ok/02_PM65_2_5ok.wav,33.92,34.6
CleanCorpus/InterviewTaskok/audio_clipok/02_PM65_2ok/02_PM65_2_5ok.wav,38.42,39.47
CleanCorpus/InterviewTaskok/audio_clipok/02_PM65_2ok/02_PM65_2_5ok.wav,41.3,41.86
CleanCorpus/InterviewTaskok/audio_clipok/02_PM65_2ok/02_PM65_2_5ok.wav,45.74,46.32
CleanCorpus/InterviewTaskok/audio_clipok/02_PM65_2ok/02_PM65_2_5ok.wav,48.34,49.1
CleanCorpus/InterviewTaskok/audio_clipok/02_PM65_2ok/02_PM65_2_5ok.wav,51.19,52.15
CleanCorpus/InterviewTaskok/audio_clipok/02_PM65_2ok/02_PM65_2_5ok.wav,55.68,56.13
CleanCorpus/InterviewTaskok/audio_clipok/02_PM65_2ok/02_PM65_2_3ok.wav,3.03,3.98
CleanCorpus/InterviewTaskok/audio_clipok/02_PM65_2ok/02_PM65_2_3ok.wav,5.77,6.03
CleanCorpus/InterviewTaskok/audio_clipok/02_PM65_2ok/02_PM65_2_3ok.wav,9.69,10.03
CleanCorpus/InterviewTaskok/audio_clipok/02_PM65_2ok/02_PM65_2_3ok.wav,12.55,13.18
CleanCorpus/InterviewTaskok/audio_clipok/02_PM65_2ok/02_PM65_2_3ok.wav,14.81,15.88
CleanCorpus/InterviewTaskok/audio_clipok/02_PM65_2ok/02_PM65_2_3ok.wav,17.14,18.22
CleanCorpus/InterviewTaskok/audio_clipok/14_PF35_3ok/14_PF35_3_2ok.wav,10.38,11.05
CleanCorpus/InterviewTaskok/audio_clipok/14_PF35_3ok/14_PF35_3_2ok.wav,13.99,14.49
CleanCorpus/InterviewTaskok/audio_clipok/14_PF35_3ok/14_PF35_3_2ok.wav,19.96,20.54
CleanCorpus/InterviewTaskok/audio_clipok/14_PF35_3ok/14_PF35_3_2ok.wav,22.52,23.27
CleanCorpus/InterviewTaskok/audio_clipok/14_PF35_3ok/14_PF35_3_2ok.wav,26.85,27.39
CleanCorpus/InterviewTaskok/audio_clipok/14_PF35_3ok/14_PF35_3_3ok.wav,4.89,5.74
CleanCorpus/InterviewTaskok/audio_clipok/14_PF35_3ok/14_PF35_3_3ok.wav,13.08,13.73
CleanCorpus/InterviewTaskok/audio_clipok/14_PF35_3ok/14_PF35_3_3ok.wav,15.13,16.81
CleanCorpus/InterviewTaskok/audio_clipok/14_PF35_3ok/14_PF35_3_3ok.wav,20.65,21.28
CleanCorpus/InterviewTaskok/audio_clipok/14_PF35_3ok/14_PF35_3_3ok.wav,28.62,29.1
CleanCorpus/InterviewTaskok/audio_clipok/14_PF35_3ok/14_PF35_3_4ok.wav,4.51,4.8
CleanCorpus/InterviewTaskok/audio_clipok/14_PF35_3ok/14_PF35_3_4ok.wav,8.97,9.71
CleanCorpus/InterviewTaskok/audio_clipok/14_PF35_3ok/14_PF35_3_1ok.wav,2.84,3.28
CleanCorpus/InterviewTaskok/audio_clipok/14_PF35_3ok/14_PF35_3_1ok.wav,5.59,5.95
CleanCorpus/InterviewTaskok/audio_clipok/14_PF35_3ok/14_PF35_3_1ok.wav,12.88,13.37
CleanCorpus/InterviewTaskok/audio_clipok/14_PF35_3ok/14_PF35_3_1ok.wav,20.76,21.23
CleanCorpus/InterviewTaskok/audio_clipok/14_PF35_3ok/14_PF35_3_1ok.wav,31.45,31.93
CleanCorpus/InterviewTaskok/audio_clipok/14_PF35_3ok/14_PF35_3_1ok.wav,36.72,37.51
CleanCorpus/InterviewTaskok/audio_clipok/14_PF35_3ok/14_PF35_3_1ok.wav,37.55,38.03
CleanCorpus/InterviewTaskok/audio_clipok/14_PF35_3ok/14_PF35_3_1ok.wav,38.42,38.94
CleanCorpus/InterviewTaskok/audio_clipok/54_PF48_3ok/54_PF48_3_6ok.wav,3.71,3.93
CleanCorpus/InterviewTaskok/audio_clipok/54_PF48_3ok/54_PF48_3_10ok.wav,2.19,2.68
CleanCorpus/InterviewTaskok/audio_clipok/54_PF48_3ok/54_PF48_3_10ok.wav,11.12,11.38
CleanCorpus/InterviewTaskok/audio_clipok/54_PF48_3ok/54_PF48_3_10ok.wav,25.34,25.61
CleanCorpus/InterviewTaskok/audio_clipok/54_PF48_3ok/54_PF48_3_10ok.wav,33.06,33.33
CleanCorpus/InterviewTaskok/audio_clipok/54_PF48_3ok/54_PF48_3_9ok.wav,3.25,3.8
CleanCorpus/InterviewTaskok/audio_clipok/54_PF48_3ok/54_PF48_3_2ok.wav,10.64,10.95
CleanCorpus/InterviewTaskok/audio_clipok/67_PF54_1ok/67_PF54_1_2ok.wav,24.59,25.35
CleanCorpus/InterviewTaskok/audio_clipok/67_PF54_1ok/67_PF54_1_2ok.wav,30.31,30.62
CleanCorpus/InterviewTaskok/audio_clipok/67_PF54_1ok/67_PF54_1_2ok.wav,32.17,32.48
CleanCorpus/InterviewTaskok/audio_clipok/67_PF54_1ok/67_PF54_1_2ok.wav,40.08,40.44
CleanCorpus/InterviewTaskok/audio_clipok/67_PF54_1ok/67_PF54_1_4ok.wav,16.08,16.33
CleanCorpus/InterviewTaskok/audio_clipok/67_PF54_1ok/67_PF54_1_7ok.wav,0.7,1.35
CleanCorpus/InterviewTaskok/audio_clipok/67_PF54_1ok/67_PF54_1_7ok.wav,4.2,4.76
CleanCorpus/InterviewTaskok/audio_clipok/67_PF54_1ok/67_PF54_1_7ok.wav,6.76,6.97
CleanCorpus/InterviewTaskok/audio_clipok/67_PF54_1ok/67_PF54_1_1ok.wav,0.96,1.8
CleanCorpus/InterviewTaskok/audio_clipok/67_PF54_1ok/67_PF54_1_1ok.wav,4.49,4.7
CleanCorpus/InterviewTaskok/audio_clipok/67_PF54_1ok/67_PF54_1_5ok.wav,1.44,1.9
CleanCorpus/InterviewTaskok/audio_clipok/67_PF54_1ok/67_PF54_1_3ok.wav,2.85,3.54
CleanCorpus/InterviewTaskok/audio_clipok/67_PF54_1ok/67_PF54_1_6ok.wav,1.13,1.98
CleanCorpus/InterviewTaskok/audio_clipok/47_PF42_2ok/47_PF42_2_2ok.wav,3.7,4.1
CleanCorpus/InterviewTaskok/audio_clipok/47_PF42_2ok/47_PF42_2_2ok.wav,8.41,8.7
CleanCorpus/InterviewTaskok/audio_clipok/47_PF42_2ok/47_PF42_2_2ok.wav,10.65,10.9
CleanCorpus/InterviewTaskok/audio_clipok/47_PF42_2ok/47_PF42_2_2ok.wav,12.97,13.21
CleanCorpus/InterviewTaskok/audio_clipok/47_PF42_2ok/47_PF42_2_2ok.wav,13.68,14.17
CleanCorpus/InterviewTaskok/audio_clipok/47_PF42_2ok/47_PF42_2_2ok.wav,16.85,17.22
CleanCorpus/InterviewTaskok/audio_clipok/47_PF42_2ok/47_PF42_2_2ok.wav,21.01,21.45
CleanCorpus/InterviewTaskok/audio_clipok/47_PF42_2ok/47_PF42_2_2ok.wav,23.42,23.68
CleanCorpus/InterviewTaskok/audio_clipok/47_PF42_2ok/47_PF42_2_2ok.wav,26.5,26.86
CleanCorpus/InterviewTaskok/audio_clipok/47_PF42_2ok/47_PF42_2_2ok.wav,30.33,30.59
CleanCorpus/InterviewTaskok/audio_clipok/47_PF42_2ok/47_PF42_2_2ok.wav,41.61,42.65
CleanCorpus/InterviewTaskok/audio_clipok/47_PF42_2ok/47_PF42_2_2ok.wav,43.08,43.31
CleanCorpus/InterviewTaskok/audio_clipok/47_PF42_2ok/47_PF42_2_4ok.wav,4.51,4.98
CleanCorpus/InterviewTaskok/audio_clipok/47_PF42_2ok/47_PF42_2_4ok.wav,5.85,6.43
CleanCorpus/InterviewTaskok/audio_clipok/47_PF42_2ok/47_PF42_2_4ok.wav,19.09,20.0
CleanCorpus/InterviewTaskok/audio_clipok/47_PF42_2ok/47_PF42_2_4ok.wav,23.44,23.86
CleanCorpus/InterviewTaskok/audio_clipok/47_PF42_2ok/47_PF42_2_4ok.wav,25.01,26.03
CleanCorpus/InterviewTaskok/audio_clipok/47_PF42_2ok/47_PF42_2_4ok.wav,29.5,29.92
CleanCorpus/InterviewTaskok/audio_clipok/47_PF42_2ok/47_PF42_2_4ok.wav,33.37,33.99
CleanCorpus/InterviewTaskok/audio_clipok/47_PF42_2ok/47_PF42_2_4ok.wav,35.29,35.58
CleanCorpus/InterviewTaskok/audio_clipok/47_PF42_2ok/47_PF42_2_4ok.wav,38.58,39.44
CleanCorpus/InterviewTaskok/audio_clipok/47_PF42_2ok/47_PF42_2_4ok.wav,46.54,47.5
CleanCorpus/InterviewTaskok/audio_clipok/47_PF42_2ok/47_PF42_2_4ok.wav,48.48,48.82
CleanCorpus/InterviewTaskok/audio_clipok/47_PF42_2ok/47_PF42_2_3ok.wav,2.8,3.03
CleanCorpus/InterviewTaskok/audio_clipok/47_PF42_2ok/47_PF42_2_3ok.wav,8.77,9.15
CleanCorpus/InterviewTaskok/audio_clipok/47_PF42_2ok/47_PF42_2_3ok.wav,11.02,11.24
CleanCorpus/InterviewTaskok/audio_clipok/47_PF42_2ok/47_PF42_2_3ok.wav,13.19,13.58
CleanCorpus/InterviewTaskok/audio_clipok/47_PF42_2ok/47_PF42_2_3ok.wav,15.32,15.65
CleanCorpus/InterviewTaskok/audio_clipok/47_PF42_2ok/47_PF42_2_5ok.wav,0.75,1.37
CleanCorpus/InterviewTaskok/audio_clipok/47_PF42_2ok/47_PF42_2_6ok.wav,7.06,7.26
CleanCorpus/InterviewTaskok/audio_clipok/47_PF42_2ok/47_PF42_2_6ok.wav,9.75,10.17
CleanCorpus/InterviewTaskok/audio_clipok/47_PF42_2ok/47_PF42_2_6ok.wav,15.86,16.74
CleanCorpus/InterviewTaskok/audio_clipok/47_PF42_2ok/47_PF42_2_6ok.wav,20.3,20.7
CleanCorpus/InterviewTaskok/audio_clipok/47_PF42_2ok/47_PF42_2_6ok.wav,23.65,23.93
CleanCorpus/InterviewTaskok/audio_clipok/47_PF42_2ok/47_PF42_2_6ok.wav,26.98,27.48
CleanCorpus/InterviewTaskok/audio_clipok/47_PF42_2ok/47_PF42_2_6ok.wav,29.13,29.5
CleanCorpus/InterviewTaskok/audio_clipok/47_PF42_2ok/47_PF42_2_6ok.wav,34.28,34.49
CleanCorpus/InterviewTaskok/audio_clipok/47_PF42_2ok/47_PF42_2_6ok.wav,37.82,38.1
CleanCorpus/InterviewTaskok/audio_clipok/47_PF42_2ok/47_PF42_2_6ok.wav,41.17,41.54
CleanCorpus/InterviewTaskok/audio_clipok/47_PF42_2ok/47_PF42_2_6ok.wav,43.24,43.53
CleanCorpus/InterviewTaskok/audio_clipok/47_PF42_2ok/47_PF42_2_6ok.wav,46.69,47.03
CleanCorpus/InterviewTaskok/audio_clipok/47_PF42_2ok/47_PF42_2_6ok.wav,49.39,49.64
CleanCorpus/InterviewTaskok/audio_clipok/47_PF42_2ok/47_PF42_2_6ok.wav,51.17,51.61
CleanCorpus/InterviewTaskok/audio_clipok/47_PF42_2ok/47_PF42_2_6ok.wav,56.3,56.73
CleanCorpus/InterviewTaskok/audio_clipok/47_PF42_2ok/47_PF42_2_6ok.wav,60.82,61.32
CleanCorpus/InterviewTaskok/audio_clipok/47_PF42_2ok/47_PF42_2_6ok.wav,64.87,65.49
CleanCorpus/InterviewTaskok/audio_clipok/47_PF42_2ok/47_PF42_2_6ok.wav,66.68,66.91
CleanCorpus/InterviewTaskok/audio_clipok/47_PF42_2ok/47_PF42_2_6ok.wav,68.27,68.61
CleanCorpus/InterviewTaskok/audio_clipok/47_PF42_2ok/47_PF42_2_6ok.wav,72.31,72.52
CleanCorpus/InterviewTaskok/audio_clipok/47_PF42_2ok/47_PF42_2_6ok.wav,72.95,73.38
CleanCorpus/InterviewTaskok/audio_clipok/47_PF42_2ok/47_PF42_2_6ok.wav,73.52,73.98
CleanCorpus/InterviewTaskok/audio_clipok/47_PF42_2ok/47_PF42_2_6ok.wav,76.09,76.38
CleanCorpus/InterviewTaskok/audio_clipok/47_PF42_2ok/47_PF42_2_6ok.wav,82.34,82.61
CleanCorpus/InterviewTaskok/audio_clipok/47_PF42_2ok/47_PF42_2_6ok.wav,85.33,85.79
CleanCorpus/InterviewTaskok/audio_clipok/47_PF42_2ok/47_PF42_2_6ok.wav,89.0,89.2
CleanCorpus/InterviewTaskok/audio_clipok/15_CF53_3ok/15_CF53_3_2ok.wav,10.81,11.4
CleanCorpus/InterviewTaskok/audio_clipok/15_CF53_3ok/15_CF53_3_2ok.wav,14.62,15.13
CleanCorpus/InterviewTaskok/audio_clipok/15_CF53_3ok/15_CF53_3_2ok.wav,18.73,20.19
CleanCorpus/InterviewTaskok/audio_clipok/15_CF53_3ok/15_CF53_3_2ok.wav,27.6,27.89
CleanCorpus/InterviewTaskok/audio_clipok/15_CF53_3ok/15_CF53_3_2ok.wav,32.13,32.46
CleanCorpus/InterviewTaskok/audio_clipok/15_CF53_3ok/15_CF53_3_2ok.wav,39.14,39.75
CleanCorpus/InterviewTaskok/audio_clipok/15_CF53_3ok/15_CF53_3_2ok.wav,48.06,49.11
CleanCorpus/InterviewTaskok/audio_clipok/15_CF53_3ok/15_CF53_3_2ok.wav,51.33,52.54
CleanCorpus/InterviewTaskok/audio_clipok/15_CF53_3ok/15_CF53_3_2ok.wav,53.88,54.63
CleanCorpus/InterviewTaskok/audio_clipok/15_CF53_3ok/15_CF53_3_2ok.wav,60.87,61.25
CleanCorpus/InterviewTaskok/audio_clipok/15_CF53_3ok/15_CF53_3_2ok.wav,63.12,63.97
CleanCorpus/InterviewTaskok/audio_clipok/15_CF53_3ok/15_CF53_3_2ok.wav,65.52,66.05
CleanCorpus/InterviewTaskok/audio_clipok/15_CF53_3ok/15_CF53_3_2ok.wav,70.57,70.94
CleanCorpus/InterviewTaskok/audio_clipok/15_CF53_3ok/15_CF53_3_2ok.wav,73.29,74.13
CleanCorpus/InterviewTaskok/audio_clipok/15_CF53_3ok/15_CF53_3_2ok.wav,76.01,76.39
CleanCorpus/InterviewTaskok/audio_clipok/15_CF53_3ok/15_CF53_3_2ok.wav,80.52,81.05
CleanCorpus/InterviewTaskok/audio_clipok/15_CF53_3ok/15_CF53_3_1ok.wav,5.9,6.38
CleanCorpus/InterviewTaskok/audio_clipok/15_CF53_3ok/15_CF53_3_1ok.wav,11.15,11.48
CleanCorpus/InterviewTaskok/audio_clipok/15_CF53_3ok/15_CF53_3_1ok.wav,16.85,17.34
CleanCorpus/InterviewTaskok/audio_clipok/15_CF53_3ok/15_CF53_3_1ok.wav,20.82,21.31
CleanCorpus/InterviewTaskok/audio_clipok/15_CF53_3ok/15_CF53_3_1ok.wav,28.05,28.39
CleanCorpus/InterviewTaskok/audio_clipok/15_CF53_3ok/15_CF53_3_1ok.wav,31.65,32.1
CleanCorpus/InterviewTaskok/audio_clipok/15_CF53_3ok/15_CF53_3_1ok.wav,36.78,37.55
CleanCorpus/InterviewTaskok/audio_clipok/15_CF53_3ok/15_CF53_3_1ok.wav,40.44,40.72
CleanCorpus/InterviewTaskok/audio_clipok/15_CF53_3ok/15_CF53_3_1ok.wav,46.31,46.66
CleanCorpus/InterviewTaskok/audio_clipok/15_CF53_3ok/15_CF53_3_1ok.wav,53.7,54.46
CleanCorpus/InterviewTaskok/audio_clipok/15_CF53_3ok/15_CF53_3_1ok.wav,64.84,65.51
CleanCorpus/InterviewTaskok/audio_clipok/15_CF53_3ok/15_CF53_3_1ok.wav,71.21,72.26
CleanCorpus/InterviewTaskok/audio_clipok/15_CF53_3ok/15_CF53_3_1ok.wav,72.55,73.05
CleanCorpus/InterviewTaskok/audio_clipok/15_CF53_3ok/15_CF53_3_1ok.wav,75.83,76.38
CleanCorpus/InterviewTaskok/audio_clipok/15_CF53_3ok/15_CF53_3_1ok.wav,82.27,82.73
CleanCorpus/InterviewTaskok/audio_clipok/15_CF53_3ok/15_CF53_3_1ok.wav,85.25,85.82
CleanCorpus/InterviewTaskok/audio_clipok/15_CF53_3ok/15_CF53_3_1ok.wav,88.02,88.66
CleanCorpus/InterviewTaskok/audio_clipok/15_CF53_3ok/15_CF53_3_1ok.wav,98.38,98.76
CleanCorpus/InterviewTaskok/audio_clipok/15_CF53_3ok/15_CF53_3_1ok.wav,102.97,103.34
CleanCorpus/InterviewTaskok/audio_clipok/15_CF53_3ok/15_CF53_3_1ok.wav,105.26,105.73
CleanCorpus/InterviewTaskok/audio_clipok/15_CF53_3ok/15_CF53_3_1ok.wav,109.5,110.47
CleanCorpus/InterviewTaskok/audio_clipok/15_CF53_3ok/15_CF53_3_1ok.wav,110.6,111.33
CleanCorpus/InterviewTaskok/audio_clipok/15_CF53_3ok/15_CF53_3_1ok.wav,114.83,115.49
CleanCorpus/InterviewTaskok/audio_clipok/15_CF53_3ok/15_CF53_3_3ok.wav,1.65,2.04
CleanCorpus/InterviewTaskok/audio_clipok/15_CF53_3ok/15_CF53_3_3ok.wav,6.84,7.59
CleanCorpus/InterviewTaskok/audio_clipok/15_CF53_3ok/15_CF53_3_3ok.wav,11.42,11.87
CleanCorpus/InterviewTaskok/audio_clipok/15_CF53_3ok/15_CF53_3_3ok.wav,17.27,17.91
CleanCorpus/InterviewTaskok/audio_clipok/15_CF53_3ok/15_CF53_3_3ok.wav,18.31,18.67
CleanCorpus/InterviewTaskok/audio_clipok/15_CF53_3ok/15_CF53_3_3ok.wav,28.2,28.46
CleanCorpus/InterviewTaskok/audio_clipok/15_CF53_3ok/15_CF53_3_3ok.wav,33.21,33.5
CleanCorpus/InterviewTaskok/audio_clipok/15_CF53_3ok/15_CF53_3_3ok.wav,35.65,36.17
CleanCorpus/InterviewTaskok/audio_clipok/15_CF53_3ok/15_CF53_3_3ok.wav,39.23,39.96
CleanCorpus/InterviewTaskok/audio_clipok/15_CF53_3ok/15_CF53_3_3ok.wav,41.66,42.0
CleanCorpus/InterviewTaskok/audio_clipok/15_CF53_3ok/15_CF53_3_3ok.wav,47.54,48.25
CleanCorpus/InterviewTaskok/audio_clipok/15_CF53_3ok/15_CF53_3_3ok.wav,50.44,50.84
CleanCorpus/InterviewTaskok/audio_clipok/15_CF53_3ok/15_CF53_3_3ok.wav,56.64,56.94
CleanCorpus/InterviewTaskok/audio_clipok/15_CF53_3ok/15_CF53_3_3ok.wav,59.71,60.03
CleanCorpus/InterviewTaskok/audio_clipok/15_CF53_3ok/15_CF53_3_3ok.wav,62.22,62.6
CleanCorpus/InterviewTaskok/audio_clipok/03_CF30_3ok/03_CF30_3_2ok.wav,0.64,1.4
CleanCorpus/InterviewTaskok/audio_clipok/03_CF30_3ok/03_CF30_3_1ok.wav,0.8,1.38
CleanCorpus/InterviewTaskok/audio_clipok/03_CF30_3ok/03_CF30_3_1ok.wav,4.63,6.3
CleanCorpus/InterviewTaskok/audio_clipok/03_CF30_3ok/03_CF30_3_1ok.wav,10.94,11.22
CleanCorpus/InterviewTaskok/audio_clipok/03_CF30_3ok/03_CF30_3_1ok.wav,12.09,12.55
CleanCorpus/InterviewTaskok/audio_clipok/03_CF30_3ok/03_CF30_3_1ok.wav,13.82,14.86
CleanCorpus/InterviewTaskok/audio_clipok/03_CF30_3ok/03_CF30_3_1ok.wav,21.6,22.98
CleanCorpus/InterviewTaskok/audio_clipok/03_CF30_3ok/03_CF30_3_1ok.wav,31.06,31.29
CleanCorpus/InterviewTaskok/audio_clipok/03_CF30_3ok/03_CF30_3_6ok.wav,2.89,3.37
CleanCorpus/InterviewTaskok/audio_clipok/03_CF30_3ok/03_CF30_3_9ok.wav,13.19,13.61
CleanCorpus/InterviewTaskok/audio_clipok/03_CF30_3ok/03_CF30_3_9ok.wav,25.74,26.39
CleanCorpus/InterviewTaskok/audio_clipok/03_CF30_3ok/03_CF30_3_11ok.wav,4.27,5.39
CleanCorpus/InterviewTaskok/audio_clipok/09_CF56_3ok/09_CF56_3_3ok.wav,8.79,9.33
CleanCorpus/InterviewTaskok/audio_clipok/09_CF56_3ok/09_CF56_3_3ok.wav,11.39,11.61
CleanCorpus/InterviewTaskok/audio_clipok/09_CF56_3ok/09_CF56_3_3ok.wav,25.07,25.3
CleanCorpus/InterviewTaskok/audio_clipok/09_CF56_3ok/09_CF56_3_3ok.wav,26.54,26.94
CleanCorpus/InterviewTaskok/audio_clipok/09_CF56_3ok/09_CF56_3_3ok.wav,33.08,33.28
CleanCorpus/InterviewTaskok/audio_clipok/09_CF56_3ok/09_CF56_3_3ok.wav,41.62,42.18
CleanCorpus/InterviewTaskok/audio_clipok/09_CF56_3ok/09_CF56_3_3ok.wav,44.24,44.94
CleanCorpus/InterviewTaskok/audio_clipok/09_CF56_3ok/09_CF56_3_3ok.wav,47.5,47.79
CleanCorpus/InterviewTaskok/audio_clipok/09_CF56_3ok/09_CF56_3_1ok.wav,1.28,1.9
CleanCorpus/InterviewTaskok/audio_clipok/09_CF56_3ok/09_CF56_3_1ok.wav,6.98,7.28
CleanCorpus/InterviewTaskok/audio_clipok/09_CF56_3ok/09_CF56_3_1ok.wav,11.26,11.81
CleanCorpus/InterviewTaskok/audio_clipok/09_CF56_3ok/09_CF56_3_4ok.wav,2.21,2.51
CleanCorpus/InterviewTaskok/audio_clipok/09_CF56_3ok/09_CF56_3_4ok.wav,7.01,7.48
CleanCorpus/InterviewTaskok/audio_clipok/09_CF56_3ok/09_CF56_3_4ok.wav,14.84,15.45
CleanCorpus/InterviewTaskok/audio_clipok/09_CF56_3ok/09_CF56_3_4ok.wav,21.18,21.44
CleanCorpus/InterviewTaskok/audio_clipok/09_CF56_3ok/09_CF56_3_4ok.wav,24.62,24.89
CleanCorpus/InterviewTaskok/audio_clipok/09_CF56_3ok/09_CF56_3_4ok.wav,27.38,27.89
CleanCorpus/InterviewTaskok/audio_clipok/09_CF56_3ok/09_CF56_3_4ok.wav,33.46,33.8
CleanCorpus/InterviewTaskok/audio_clipok/09_CF56_3ok/09_CF56_3_4ok.wav,35.44,35.86
CleanCorpus/InterviewTaskok/audio_clipok/09_CF56_3ok/09_CF56_3_4ok.wav,38.03,38.43
CleanCorpus/InterviewTaskok/audio_clipok/09_CF56_3ok/09_CF56_3_4ok.wav,42.49,42.84
CleanCorpus/InterviewTaskok/audio_clipok/09_CF56_3ok/09_CF56_3_4ok.wav,45.38,45.65
CleanCorpus/InterviewTaskok/audio_clipok/09_CF56_3ok/09_CF56_3_4ok.wav,51.12,51.42
CleanCorpus/InterviewTaskok/audio_clipok/09_CF56_3ok/09_CF56_3_4ok.wav,53.85,54.17
CleanCorpus/InterviewTaskok/audio_clipok/09_CF56_3ok/09_CF56_3_4ok.wav,60.35,60.57
CleanCorpus/InterviewTaskok/audio_clipok/09_CF56_3ok/09_CF56_3_4ok.wav,65.53,65.91
CleanCorpus/InterviewTaskok/audio_clipok/09_CF56_3ok/09_CF56_3_4ok.wav,69.11,69.53
CleanCorpus/InterviewTaskok/audio_clipok/09_CF56_3ok/09_CF56_3_4ok.wav,72.91,73.4
CleanCorpus/InterviewTaskok/audio_clipok/09_CF56_3ok/09_CF56_3_4ok.wav,77.86,78.36
CleanCorpus/InterviewTaskok/audio_clipok/09_CF56_3ok/09_CF56_3_4ok.wav,82.9,83.18
CleanCorpus/InterviewTaskok/audio_clipok/09_CF56_3ok/09_CF56_3_4ok.wav,87.94,88.32
CleanCorpus/InterviewTaskok/audio_clipok/09_CF56_3ok/09_CF56_3_4ok.wav,93.22,93.42
CleanCorpus/InterviewTaskok/audio_clipok/09_CF56_3ok/09_CF56_3_4ok.wav,96.51,96.77
CleanCorpus/InterviewTaskok/audio_clipok/09_CF56_3ok/09_CF56_3_4ok.wav,99.9,100.23
CleanCorpus/InterviewTaskok/audio_clipok/09_CF56_3ok/09_CF56_3_4ok.wav,103.94,104.6
CleanCorpus/InterviewTaskok/audio_clipok/09_CF56_3ok/09_CF56_3_4ok.wav,111.5,111.86
CleanCorpus/InterviewTaskok/audio_clipok/09_CF56_3ok/09_CF56_3_4ok.wav,115.21,115.54
CleanCorpus/InterviewTaskok/audio_clipok/09_CF56_3ok/09_CF56_3_2ok.wav,0.47,0.72
CleanCorpus/InterviewTaskok/audio_clipok/09_CF56_3ok/09_CF56_3_2ok.wav,10.6,11.14
CleanCorpus/InterviewTaskok/audio_clipok/09_CF56_3ok/09_CF56_3_2ok.wav,14.86,15.31
CleanCorpus/InterviewTaskok/audio_clipok/09_CF56_3ok/09_CF56_3_2ok.wav,19.58,19.8
CleanCorpus/InterviewTaskok/audio_clipok/09_CF56_3ok/09_CF56_3_2ok.wav,24.06,24.29
CleanCorpus/InterviewTaskok/audio_clipok/09_CF56_3ok/09_CF56_3_2ok.wav,29.3,29.73
CleanCorpus/InterviewTaskok/audio_clipok/09_CF56_3ok/09_CF56_3_2ok.wav,35.03,35.4
CleanCorpus/InterviewTaskok/audio_clipok/09_CF56_3ok/09_CF56_3_2ok.wav,40.21,40.58
CleanCorpus/InterviewTaskok/audio_clipok/09_CF56_3ok/09_CF56_3_2ok.wav,43.98,44.34
CleanCorpus/InterviewTaskok/audio_clipok/09_CF56_3ok/09_CF56_3_2ok.wav,46.06,46.52
CleanCorpus/InterviewTaskok/audio_clipok/09_CF56_3ok/09_CF56_3_2ok.wav,48.45,48.92
CleanCorpus/InterviewTaskok/audio_clipok/09_CF56_3ok/09_CF56_3_2ok.wav,55.24,56.13
CleanCorpus/InterviewTaskok/audio_clipok/66_PM33_3ok/66_PM33_3_1ok.wav,4.91,5.66
CleanCorpus/InterviewTaskok/audio_clipok/66_PM33_3ok/66_PM33_3_1ok.wav,6.96,7.16
CleanCorpus/InterviewTaskok/audio_clipok/66_PM33_3ok/66_PM33_3_1ok.wav,11.79,12.26
CleanCorpus/InterviewTaskok/audio_clipok/66_PM33_3ok/66_PM33_3_1ok.wav,16.08,17.49
CleanCorpus/InterviewTaskok/audio_clipok/66_PM33_3ok/66_PM33_3_1ok.wav,24.3,25.34
CleanCorpus/InterviewTaskok/audio_clipok/66_PM33_3ok/66_PM33_3_1ok.wav,33.48,33.95
CleanCorpus/InterviewTaskok/audio_clipok/66_PM33_3ok/66_PM33_3_1ok.wav,39.82,40.76
CleanCorpus/InterviewTaskok/audio_clipok/66_PM33_3ok/66_PM33_3_1ok.wav,43.15,43.62
CleanCorpus/InterviewTaskok/audio_clipok/66_PM33_3ok/66_PM33_3_1ok.wav,48.31,49.19
CleanCorpus/InterviewTaskok/audio_clipok/66_PM33_3ok/66_PM33_3_1ok.wav,49.51,50.1
CleanCorpus/InterviewTaskok/audio_clipok/66_PM33_3ok/66_PM33_3_1ok.wav,58.87,59.16
CleanCorpus/InterviewTaskok/audio_clipok/66_PM33_3ok/66_PM33_3_1ok.wav,65.89,66.61
CleanCorpus/InterviewTaskok/audio_clipok/66_PM33_3ok/66_PM33_3_1ok.wav,69.89,70.54
CleanCorpus/InterviewTaskok/audio_clipok/66_PM33_3ok/66_PM33_3_1ok.wav,72.29,72.55
CleanCorpus/InterviewTaskok/audio_clipok/66_PM33_3ok/66_PM33_3_1ok.wav,72.62,72.85
CleanCorpus/InterviewTaskok/audio_clipok/66_PM33_3ok/66_PM33_3_1ok.wav,79.26,80.38
CleanCorpus/InterviewTaskok/audio_clipok/66_PM33_3ok/66_PM33_3_1ok.wav,89.47,90.08
CleanCorpus/InterviewTaskok/audio_clipok/66_PM33_3ok/66_PM33_3_2ok.wav,12.1,12.45
CleanCorpus/InterviewTaskok/audio_clipok/66_PM33_3ok/66_PM33_3_2ok.wav,15.97,16.8
CleanCorpus/InterviewTaskok/audio_clipok/66_PM33_3ok/66_PM33_3_2ok.wav,17.84,18.46
CleanCorpus/InterviewTaskok/audio_clipok/66_PM33_3ok/66_PM33_3_2ok.wav,19.26,20.04
CleanCorpus/InterviewTaskok/audio_clipok/66_PM33_3ok/66_PM33_3_2ok.wav,20.97,21.44
CleanCorpus/InterviewTaskok/audio_clipok/66_PM33_3ok/66_PM33_3_2ok.wav,25.82,26.2
CleanCorpus/InterviewTaskok/audio_clipok/66_PM33_3ok/66_PM33_3_2ok.wav,44.62,44.93
CleanCorpus/InterviewTaskok/audio_clipok/66_PM33_3ok/66_PM33_3_2ok.wav,49.0,50.07
CleanCorpus/InterviewTaskok/audio_clipok/66_PM33_3ok/66_PM33_3_2ok.wav,58.55,59.22
CleanCorpus/InterviewTaskok/audio_clipok/66_PM33_3ok/66_PM33_3_2ok.wav,61.77,62.2
