filepath,start_time_sec,end_time_sec
merged_IT/67_PF54_1.wav,1.35,1.93
merged_IT/67_PF54_1.wav,9.64,10.51
merged_IT/67_PF54_1.wav,15.06,15.28
merged_IT/67_PF54_1.wav,18.83,19.38
merged_IT/67_PF54_1.wav,24.77,26.06
merged_IT/67_PF54_1.wav,33.6,35.88
merged_IT/67_PF54_1.wav,37.69,38.67
merged_IT/67_PF54_1.wav,41.9,42.21
merged_IT/67_PF54_1.wav,43.19,43.39
merged_IT/67_PF54_1.wav,45.07,45.38
merged_IT/67_PF54_1.wav,47.82,49.13
merged_IT/67_PF54_1.wav,53.12,53.34
merged_IT/67_PF54_1.wav,57.59,59.03
merged_IT/67_PF54_1.wav,63.5,65.55
merged_IT/67_PF54_1.wav,71.69,73.52
merged_IT/67_PF54_1.wav,79.88,80.24
merged_IT/67_PF54_1.wav,83.72,84.95
merged_IT/67_PF54_1.wav,91.83,93.41
merged_IT/67_PF54_1.wav,100.13,100.52
merged_IT/67_PF54_1.wav,107.92,109.13
merged_IT/67_PF54_1.wav,114.57,116.57
merged_IT/67_PF54_1.wav,117.99,118.19
merged_IT/67_PF54_1.wav,123.0,124.59
merged_IT/67_PF54_1.wav,128.4,128.91
merged_IT/67_PF54_1.wav,135.78,137.09
merged_IT/67_PF54_1.wav,138.26,138.7
merged_IT/67_PF54_1.wav,139.5,140.08
merged_IT/67_PF54_1.wav,140.59,141.67
merged_IT/67_PF54_1.wav,142.93,143.67
merged_IT/67_PF54_1.wav,144.65,145.74
merged_IT/70_PF51_1.wav,2.6,3.79
merged_IT/70_PF51_1.wav,5.89,6.32
merged_IT/70_PF51_1.wav,11.1,11.88
merged_IT/70_PF51_1.wav,16.7,17.19
merged_IT/70_PF51_1.wav,17.91,19.62
merged_IT/70_PF51_1.wav,21.74,22.15
merged_IT/70_PF51_1.wav,24.12,25.65
merged_IT/70_PF51_1.wav,29.51,29.96
merged_IT/70_PF51_1.wav,35.74,36.41
merged_IT/70_PF51_1.wav,37.9,38.48
merged_IT/70_PF51_1.wav,42.33,42.77
merged_IT/70_PF51_1.wav,44.19,44.62
merged_IT/70_PF51_1.wav,45.6,47.64
merged_IT/70_PF51_1.wav,51.5,52.15
merged_IT/70_PF51_1.wav,53.63,54.04
merged_IT/70_PF51_1.wav,55.26,55.69
merged_IT/70_PF51_1.wav,57.34,58.14
merged_IT/70_PF51_1.wav,62.65,63.31
merged_IT/70_PF51_1.wav,64.88,65.33
merged_IT/70_PF51_1.wav,66.25,66.69
merged_IT/30_CF62_3.wav,2.49,2.74
merged_IT/30_CF62_3.wav,3.09,3.49
merged_IT/30_CF62_3.wav,6.89,7.4
merged_IT/30_CF62_3.wav,10.54,10.95
merged_IT/30_CF62_3.wav,12.69,12.92
merged_IT/30_CF62_3.wav,14.41,14.74
merged_IT/30_CF62_3.wav,18.05,18.38
merged_IT/30_CF62_3.wav,19.97,20.39
merged_IT/30_CF62_3.wav,21.45,21.7
merged_IT/30_CF62_3.wav,22.1,22.43
merged_IT/30_CF62_3.wav,25.93,26.36
merged_IT/30_CF62_3.wav,28.63,29.14
merged_IT/30_CF62_3.wav,30.62,30.93
merged_IT/30_CF62_3.wav,32.95,33.16
merged_IT/30_CF62_3.wav,34.55,34.86
merged_IT/30_CF62_3.wav,35.49,35.93
merged_IT/30_CF62_3.wav,39.24,39.57
merged_IT/30_CF62_3.wav,42.38,42.58
merged_IT/30_CF62_3.wav,45.54,46.04
merged_IT/30_CF62_3.wav,49.6,49.82
merged_IT/30_CF62_3.wav,50.48,50.69
merged_IT/30_CF62_3.wav,52.99,53.29
merged_IT/30_CF62_3.wav,55.81,56.05
merged_IT/30_CF62_3.wav,57.69,57.99
merged_IT/30_CF62_3.wav,59.82,60.18
merged_IT/30_CF62_3.wav,62.94,63.82
merged_IT/30_CF62_3.wav,67.18,67.39
merged_IT/30_CF62_3.wav,70.78,71.02
merged_IT/30_CF62_3.wav,71.78,72.07
merged_IT/30_CF62_3.wav,73.48,73.74
merged_IT/30_CF62_3.wav,75.17,75.43
merged_IT/30_CF62_3.wav,76.38,76.67
merged_IT/30_CF62_3.wav,78.68,78.97
merged_IT/30_CF62_3.wav,80.09,80.39
merged_IT/30_CF62_3.wav,82.49,83.14
merged_IT/30_CF62_3.wav,86.57,87.02
merged_IT/30_CF62_3.wav,89.19,89.57
merged_IT/30_CF62_3.wav,93.32,93.74
merged_IT/30_CF62_3.wav,97.95,98.23
merged_IT/30_CF62_3.wav,99.82,100.02
merged_IT/30_CF62_3.wav,103.21,103.42
merged_IT/30_CF62_3.wav,106.16,106.37
merged_IT/30_CF62_3.wav,109.64,109.94
merged_IT/30_CF62_3.wav,111.26,111.48
merged_IT/30_CF62_3.wav,111.92,112.18
merged_IT/30_CF62_3.wav,113.15,113.5
merged_IT/30_CF62_3.wav,114.54,114.81
merged_IT/30_CF62_3.wav,115.63,116.54
merged_IT/30_CF62_3.wav,117.29,117.62
merged_IT/30_CF62_3.wav,119.76,120.46
merged_IT/30_CF62_3.wav,125.24,125.56
merged_IT/30_CF62_3.wav,128.83,129.19
merged_IT/30_CF62_3.wav,130.01,130.26
merged_IT/30_CF62_3.wav,135.65,135.94
merged_IT/30_CF62_3.wav,137.93,138.38
merged_IT/30_CF62_3.wav,141.83,142.26
merged_IT/30_CF62_3.wav,146.21,146.47
merged_IT/30_CF62_3.wav,149.83,150.23
merged_IT/30_CF62_3.wav,151.61,152.16
merged_IT/30_CF62_3.wav,154.87,155.22
merged_IT/30_CF62_3.wav,156.74,157.14
merged_IT/30_CF62_3.wav,161.02,161.25
merged_IT/30_CF62_3.wav,163.17,163.85
merged_IT/30_CF62_3.wav,168.07,168.31
merged_IT/30_CF62_3.wav,170.2,170.4
merged_IT/30_CF62_3.wav,171.42,171.63
merged_IT/30_CF62_3.wav,173.73,174.0
merged_IT/30_CF62_3.wav,175.8,176.25
merged_IT/30_CF62_3.wav,180.46,180.75
merged_IT/30_CF62_3.wav,182.55,182.8
merged_IT/30_CF62_3.wav,187.22,187.42
merged_IT/30_CF62_3.wav,190.66,190.94
merged_IT/30_CF62_3.wav,191.34,191.83
merged_IT/30_CF62_3.wav,192.82,193.14
merged_IT/30_CF62_3.wav,197.85,198.33
merged_IT/30_CF62_3.wav,200.83,201.26
merged_IT/30_CF62_3.wav,203.36,204.32
merged_IT/01_CF56_1.wav,0.6,0.93
merged_IT/01_CF56_1.wav,3.95,5.35
merged_IT/01_CF56_1.wav,10.72,11.19
merged_IT/01_CF56_1.wav,13.21,13.96
merged_IT/01_CF56_1.wav,16.7,17.25
merged_IT/01_CF56_1.wav,19.58,21.11
merged_IT/01_CF56_1.wav,22.88,23.42
merged_IT/01_CF56_1.wav,24.52,24.94
merged_IT/01_CF56_1.wav,26.07,27.36
merged_IT/01_CF56_1.wav,29.85,30.31
merged_IT/01_CF56_1.wav,33.21,33.63
merged_IT/01_CF56_1.wav,35.19,35.6
merged_IT/01_CF56_1.wav,39.17,39.72
merged_IT/01_CF56_1.wav,41.1,41.94
merged_IT/01_CF56_1.wav,46.06,46.31
merged_IT/01_CF56_1.wav,48.14,49.78
merged_IT/01_CF56_1.wav,51.6,51.92
merged_IT/01_CF56_1.wav,52.69,53.65
merged_IT/01_CF56_1.wav,56.9,57.78
merged_IT/01_CF56_1.wav,58.79,59.7
merged_IT/01_CF56_1.wav,62.4,62.91
merged_IT/01_CF56_1.wav,64.26,65.17
merged_IT/01_CF56_1.wav,69.16,69.7
merged_IT/01_CF56_1.wav,69.95,70.39
merged_IT/01_CF56_1.wav,74.94,75.53
merged_IT/01_CF56_1.wav,77.23,77.92
merged_IT/01_CF56_1.wav,80.8,82.49
merged_IT/01_CF56_1.wav,83.93,84.77
merged_IT/01_CF56_1.wav,87.52,88.42
merged_IT/01_CF56_1.wav,90.29,91.94
merged_IT/01_CF56_1.wav,92.54,93.24
merged_IT/01_CF56_1.wav,96.0,96.59
merged_IT/01_CF56_1.wav,97.77,98.8
merged_IT/01_CF56_1.wav,99.86,101.13
merged_IT/01_CF56_1.wav,103.25,104.14
merged_IT/01_CF56_1.wav,105.52,106.2
merged_IT/01_CF56_1.wav,107.67,108.72
merged_IT/01_CF56_1.wav,110.84,111.09
merged_IT/01_CF56_1.wav,113.57,115.13
merged_IT/01_CF56_1.wav,119.28,120.87
merged_IT/01_CF56_1.wav,123.29,123.72
merged_IT/01_CF56_1.wav,125.41,125.81
merged_IT/01_CF56_1.wav,126.79,127.78
merged_IT/01_CF56_1.wav,132.58,133.11
merged_IT/01_CF56_1.wav,136.55,137.11
merged_IT/01_CF56_1.wav,138.34,139.55
merged_IT/01_CF56_1.wav,141.93,142.43
merged_IT/01_CF56_1.wav,144.0,144.69
merged_IT/01_CF56_1.wav,147.14,147.47
merged_IT/01_CF56_1.wav,150.42,151.04
merged_IT/01_CF56_1.wav,152.51,153.44
merged_IT/01_CF56_1.wav,154.89,155.62
merged_IT/01_CF56_1.wav,157.65,158.28
merged_IT/01_CF56_1.wav,159.84,160.58
merged_IT/01_CF56_1.wav,162.33,165.98
merged_IT/01_CF56_1.wav,170.7,172.04
merged_IT/01_CF56_1.wav,174.04,175.68
merged_IT/01_CF56_1.wav,177.54,177.96
merged_IT/01_CF56_1.wav,179.37,180.44
merged_IT/01_CF56_1.wav,181.88,182.46
merged_IT/01_CF56_1.wav,187.17,188.06
merged_IT/01_CF56_1.wav,191.16,192.57
merged_IT/01_CF56_1.wav,195.28,196.91
merged_IT/01_CF56_1.wav,198.37,199.44
merged_IT/18_PF33_2.wav,4.76,5.01
merged_IT/18_PF33_2.wav,6.66,7.4
merged_IT/18_PF33_2.wav,10.89,12.2
merged_IT/18_PF33_2.wav,13.68,14.71
merged_IT/18_PF33_2.wav,15.92,16.29
merged_IT/18_PF33_2.wav,17.37,18.33
merged_IT/18_PF33_2.wav,22.31,22.64
merged_IT/18_PF33_2.wav,24.33,25.33
merged_IT/18_PF33_2.wav,26.5,28.03
merged_IT/18_PF33_2.wav,32.32,33.36
merged_IT/18_PF33_2.wav,35.44,36.87
merged_IT/18_PF33_2.wav,37.58,37.82
merged_IT/18_PF33_2.wav,39.28,39.81
merged_IT/18_PF33_2.wav,43.89,45.27
merged_IT/18_PF33_2.wav,46.78,47.42
merged_IT/18_PF33_2.wav,50.85,51.47
merged_IT/18_PF33_2.wav,51.93,53.11
merged_IT/18_PF33_2.wav,54.73,55.46
merged_IT/18_PF33_2.wav,56.58,56.99
merged_IT/18_PF33_2.wav,57.27,57.69
merged_IT/18_PF33_2.wav,58.11,59.28
merged_IT/18_PF33_2.wav,61.24,62.3
merged_IT/18_PF33_2.wav,65.22,65.75
merged_IT/18_PF33_2.wav,69.53,70.07
merged_IT/18_PF33_2.wav,70.24,70.85
merged_IT/18_PF33_2.wav,72.32,72.71
merged_IT/18_PF33_2.wav,73.35,73.97
merged_IT/18_PF33_2.wav,80.61,81.3
merged_IT/18_PF33_2.wav,82.1,82.51
merged_IT/18_PF33_2.wav,84.03,85.92
merged_IT/18_PF33_2.wav,87.37,88.07
merged_IT/18_PF33_2.wav,89.2,90.69
merged_IT/18_PF33_2.wav,91.44,91.9
merged_IT/18_PF33_2.wav,92.61,93.13
merged_IT/18_PF33_2.wav,93.4,94.21
merged_IT/18_PF33_2.wav,96.19,97.94
merged_IT/18_PF33_2.wav,100.97,101.2
merged_IT/18_PF33_2.wav,102.32,103.0
merged_IT/54_CM48_2.wav,4.14,4.41
merged_IT/54_CM48_2.wav,6.29,6.77
merged_IT/54_CM48_2.wav,9.65,11.47
merged_IT/54_CM48_2.wav,13.62,13.84
merged_IT/54_CM48_2.wav,14.29,15.22
merged_IT/54_CM48_2.wav,17.82,18.18
merged_IT/54_CM48_2.wav,19.54,19.78
merged_IT/54_CM48_2.wav,20.67,21.29
merged_IT/54_CM48_2.wav,26.88,27.31
merged_IT/54_CM48_2.wav,33.42,33.69
merged_IT/54_CM48_2.wav,35.4,35.83
merged_IT/54_CM48_2.wav,40.07,40.58
merged_IT/54_CM48_2.wav,41.33,41.84
merged_IT/54_CM48_2.wav,42.3,42.83
merged_IT/54_CM48_2.wav,45.27,46.14
merged_IT/54_CM48_2.wav,47.81,48.3
merged_IT/54_CM48_2.wav,52.36,53.39
merged_IT/54_CM48_2.wav,60.53,61.39
merged_IT/54_CM48_2.wav,62.74,63.71
merged_IT/54_CM48_2.wav,68.61,69.37
merged_IT/54_CM48_2.wav,76.63,77.12
merged_IT/54_CM48_2.wav,79.98,80.28
merged_IT/54_CM48_2.wav,80.54,81.59
merged_IT/54_CM48_2.wav,81.92,82.22
merged_IT/54_CM48_2.wav,90.3,91.22
merged_IT/54_CM48_2.wav,92.26,93.66
merged_IT/54_CM48_2.wav,96.18,96.55
merged_IT/54_CM48_2.wav,98.37,98.79
merged_IT/54_CM48_2.wav,99.3,99.81
merged_IT/54_CM48_2.wav,102.9,103.35
merged_IT/54_CM48_2.wav,105.53,106.07
merged_IT/54_CM48_2.wav,108.76,109.02
merged_IT/54_CM48_2.wav,111.64,112.38
merged_IT/54_CM48_2.wav,115.22,115.7
merged_IT/54_CM48_2.wav,121.73,122.26
merged_IT/54_CM48_2.wav,130.41,131.4
merged_IT/54_CM48_2.wav,134.99,135.23
merged_IT/54_CM48_2.wav,141.83,142.44
merged_IT/54_CM48_2.wav,154.27,155.28
merged_IT/54_CM48_2.wav,158.83,159.28
merged_IT/54_CM48_2.wav,164.15,164.9
merged_IT/54_CM48_2.wav,173.26,173.99
merged_IT/39_CM27_3.wav,3.55,3.77
merged_IT/39_CM27_3.wav,7.93,8.47
merged_IT/39_CM27_3.wav,11.93,12.53
merged_IT/39_CM27_3.wav,22.2,22.6
merged_IT/39_CM27_3.wav,28.41,28.78
merged_IT/39_CM27_3.wav,32.88,33.34
merged_IT/39_CM27_3.wav,35.16,35.79
merged_IT/39_CM27_3.wav,47.33,47.68
merged_IT/39_CM27_3.wav,50.56,50.97
merged_IT/39_CM27_3.wav,52.92,53.51
merged_IT/39_CM27_3.wav,61.63,62.57
merged_IT/39_CM27_3.wav,66.58,66.78
merged_IT/39_CM27_3.wav,70.47,70.76
merged_IT/39_CM27_3.wav,74.54,74.82
merged_IT/39_CM27_3.wav,93.29,93.9
merged_IT/39_CM27_3.wav,104.24,104.6
merged_IT/39_CM27_3.wav,109.34,109.55
merged_IT/39_CM27_3.wav,110.61,111.14
merged_IT/39_CM27_3.wav,115.49,116.06
merged_IT/39_CM27_3.wav,121.5,122.4
merged_IT/39_CM27_3.wav,126.86,127.56
merged_IT/39_CM27_3.wav,129.69,130.67
merged_IT/39_CM27_3.wav,137.5,138.16
merged_IT/39_CM27_3.wav,149.47,150.14
merged_IT/39_CM27_3.wav,155.0,155.27
merged_IT/39_CM27_3.wav,157.82,158.7
merged_IT/39_CM27_3.wav,162.45,162.85
merged_IT/39_CM27_3.wav,168.51,168.71
merged_IT/39_CM27_3.wav,168.73,169.1
merged_IT/68_PF43_3.wav,2.41,2.62
merged_IT/68_PF43_3.wav,3.93,4.4
merged_IT/68_PF43_3.wav,6.39,6.8
merged_IT/68_PF43_3.wav,9.11,9.35
merged_IT/68_PF43_3.wav,15.33,15.7
merged_IT/68_PF43_3.wav,18.13,18.39
merged_IT/68_PF43_3.wav,19.44,20.71
merged_IT/68_PF43_3.wav,22.85,23.18
merged_IT/68_PF43_3.wav,24.14,24.58
merged_IT/68_PF43_3.wav,26.53,27.0
merged_IT/68_PF43_3.wav,29.79,30.57
merged_IT/68_PF43_3.wav,32.68,33.36
merged_IT/68_PF43_3.wav,35.65,36.1
merged_IT/68_PF43_3.wav,44.89,45.34
merged_IT/68_PF43_3.wav,47.68,47.98
merged_IT/68_PF43_3.wav,55.43,55.74
merged_IT/68_PF43_3.wav,56.7,56.98
merged_IT/68_PF43_3.wav,62.87,64.34
merged_IT/68_PF43_3.wav,66.76,67.26
merged_IT/68_PF43_3.wav,68.45,68.66
merged_IT/68_PF43_3.wav,69.2,69.52
merged_IT/68_PF43_3.wav,70.22,70.99
merged_IT/68_PF43_3.wav,76.0,76.74
merged_IT/68_PF43_3.wav,78.97,79.2
merged_IT/68_PF43_3.wav,80.34,81.01
merged_IT/68_PF43_3.wav,81.53,82.16
merged_IT/68_PF43_3.wav,92.69,92.96
merged_IT/68_PF43_3.wav,101.31,101.71
merged_IT/68_PF43_3.wav,109.57,110.18
merged_IT/68_PF43_3.wav,115.68,115.91
merged_IT/68_PF43_3.wav,116.01,116.28
merged_IT/42_PF63_4.wav,4.62,5.27
merged_IT/42_PF63_4.wav,7.12,7.54
merged_IT/42_PF63_4.wav,12.44,12.98
merged_IT/42_PF63_4.wav,15.29,15.86
merged_IT/42_PF63_4.wav,18.78,19.35
merged_IT/42_PF63_4.wav,25.38,25.97
merged_IT/42_PF63_4.wav,28.96,29.4
merged_IT/42_PF63_4.wav,34.46,35.06
merged_IT/42_PF63_4.wav,36.04,37.9
merged_IT/42_PF63_4.wav,43.45,43.85
merged_IT/42_PF63_4.wav,47.76,48.53
merged_IT/42_PF63_4.wav,53.88,54.39
merged_IT/42_PF63_4.wav,62.49,63.25
merged_IT/42_PF63_4.wav,67.14,67.68
merged_IT/42_PF63_4.wav,69.02,69.6
merged_IT/42_PF63_4.wav,70.67,73.51
merged_IT/42_PF63_4.wav,75.34,75.56
merged_IT/42_PF63_4.wav,81.93,82.46
merged_IT/42_PF63_4.wav,84.58,85.03
merged_IT/42_PF63_4.wav,87.51,88.04
merged_IT/42_PF63_4.wav,94.83,95.46
merged_IT/42_PF63_4.wav,97.09,97.63
merged_IT/42_PF63_4.wav,99.02,100.61
merged_IT/42_PF63_4.wav,102.95,103.32
merged_IT/42_PF63_4.wav,106.49,106.81
merged_IT/42_PF63_4.wav,110.77,111.18
merged_IT/42_PF63_4.wav,114.28,115.17
merged_IT/42_PF63_4.wav,121.43,121.93
merged_IT/14_PF35_3.wav,2.84,3.28
merged_IT/14_PF35_3.wav,5.6,5.94
merged_IT/14_PF35_3.wav,12.89,13.37
merged_IT/14_PF35_3.wav,20.77,21.23
merged_IT/14_PF35_3.wav,31.47,31.92
merged_IT/14_PF35_3.wav,36.74,37.5
merged_IT/14_PF35_3.wav,37.56,38.02
merged_IT/14_PF35_3.wav,38.43,38.92
merged_IT/14_PF35_3.wav,42.38,42.8
merged_IT/14_PF35_3.wav,53.25,53.89
merged_IT/14_PF35_3.wav,56.84,57.32
merged_IT/14_PF35_3.wav,62.85,63.38
merged_IT/14_PF35_3.wav,65.4,66.12
merged_IT/14_PF35_3.wav,69.73,70.23
merged_IT/14_PF35_3.wav,76.14,76.55
merged_IT/14_PF35_3.wav,81.49,82.31
merged_IT/14_PF35_3.wav,89.67,90.32
merged_IT/14_PF35_3.wav,91.76,93.38
merged_IT/14_PF35_3.wav,97.24,97.89
merged_IT/14_PF35_3.wav,105.22,105.7
merged_IT/14_PF35_3.wav,112.98,113.33
merged_IT/14_PF35_3.wav,117.87,118.42
merged_IT/14_PF35_3.wav,122.35,123.15
merged_IT/48_PF43_3.wav,4.9,5.6
merged_IT/48_PF43_3.wav,8.82,9.27
merged_IT/48_PF43_3.wav,11.95,12.43
merged_IT/48_PF43_3.wav,18.41,19.06
merged_IT/48_PF43_3.wav,23.02,23.89
merged_IT/48_PF43_3.wav,25.43,25.83
merged_IT/48_PF43_3.wav,31.4,33.13
merged_IT/48_PF43_3.wav,35.87,36.35
merged_IT/48_PF43_3.wav,41.26,41.94
merged_IT/48_PF43_3.wav,47.61,47.92
merged_IT/48_PF43_3.wav,51.1,51.51
merged_IT/48_PF43_3.wav,53.93,55.34
merged_IT/48_PF43_3.wav,59.06,59.38
merged_IT/48_PF43_3.wav,65.74,65.96
merged_IT/48_PF43_3.wav,69.56,69.83
merged_IT/48_PF43_3.wav,72.16,72.38
merged_IT/48_PF43_3.wav,73.59,73.98
merged_IT/48_PF43_3.wav,78.67,79.07
merged_IT/48_PF43_3.wav,81.7,82.06
merged_IT/48_PF43_3.wav,90.42,90.98
merged_IT/48_PF43_3.wav,95.29,95.61
merged_IT/48_PF43_3.wav,98.71,100.91
merged_IT/48_PF43_3.wav,102.19,102.47
merged_IT/48_PF43_3.wav,104.59,104.88
merged_IT/48_PF43_3.wav,107.13,107.46
merged_IT/48_PF43_3.wav,108.56,108.85
merged_IT/48_PF43_3.wav,113.26,113.65
merged_IT/48_PF43_3.wav,117.59,117.99
merged_IT/48_PF43_3.wav,121.68,122.06
merged_IT/48_PF43_3.wav,124.06,124.63
merged_IT/48_PF43_3.wav,130.74,131.82
merged_IT/04_PF50_2.wav,2.29,2.83
merged_IT/04_PF50_2.wav,4.69,6.39
merged_IT/04_PF50_2.wav,11.91,12.15
merged_IT/04_PF50_2.wav,13.34,13.95
merged_IT/04_PF50_2.wav,18.74,19.18
merged_IT/04_PF50_2.wav,22.48,22.93
merged_IT/04_PF50_2.wav,30.33,30.91
merged_IT/04_PF50_2.wav,31.4,32.34
merged_IT/04_PF50_2.wav,37.05,38.5
merged_IT/04_PF50_2.wav,39.06,39.45
merged_IT/04_PF50_2.wav,51.75,52.01
merged_IT/04_PF50_2.wav,56.36,57.34
merged_IT/04_PF50_2.wav,57.71,58.14
merged_IT/04_PF50_2.wav,62.0,62.92
merged_IT/04_PF50_2.wav,64.45,65.77
merged_IT/04_PF50_2.wav,66.09,66.67
merged_IT/04_PF50_2.wav,66.79,68.48
merged_IT/04_PF50_2.wav,74.76,75.23
merged_IT/04_PF50_2.wav,76.46,77.06
merged_IT/04_PF50_2.wav,78.59,80.0
merged_IT/04_PF50_2.wav,85.55,85.77
merged_IT/04_PF50_2.wav,89.7,90.54
merged_IT/04_PF50_2.wav,92.24,93.11
merged_IT/04_PF50_2.wav,96.51,97.14
merged_IT/04_PF50_2.wav,97.7,98.14
merged_IT/04_PF50_2.wav,99.3,99.56
merged_IT/04_PF50_2.wav,102.86,103.4
merged_IT/04_PF50_2.wav,107.57,107.79
merged_IT/04_PF50_2.wav,109.0,110.02
merged_IT/04_PF50_2.wav,110.45,111.5
merged_IT/04_PF50_2.wav,112.78,113.43
merged_IT/04_PF50_2.wav,116.89,118.15
merged_IT/04_PF50_2.wav,118.33,118.95
merged_IT/04_PF50_2.wav,126.18,127.62
merged_IT/04_PF50_2.wav,128.89,129.22
merged_IT/04_PF50_2.wav,129.64,130.71
merged_IT/04_PF50_2.wav,130.92,131.37
merged_IT/04_PF50_2.wav,137.38,138.62
merged_IT/04_PF50_2.wav,138.82,139.04
merged_IT/04_PF50_2.wav,145.81,146.29
merged_IT/04_PF50_2.wav,155.9,156.29
merged_IT/04_PF50_2.wav,157.28,158.74
merged_IT/04_PF50_2.wav,165.78,167.5
merged_IT/04_PF50_2.wav,173.21,173.86
merged_IT/04_PF50_2.wav,174.41,174.78
merged_IT/04_PF50_2.wav,179.01,179.48
merged_IT/04_PF50_2.wav,194.7,196.02
merged_IT/04_PF50_2.wav,198.85,199.3
merged_IT/04_PF50_2.wav,204.71,206.18
merged_IT/04_PF50_2.wav,212.64,214.43
merged_IT/04_PF50_2.wav,216.1,216.5
merged_IT/04_PF50_2.wav,217.91,218.37
merged_IT/05_CF41_3.wav,3.28,3.82
merged_IT/05_CF41_3.wav,11.22,11.86
merged_IT/05_CF41_3.wav,13.49,14.1
merged_IT/05_CF41_3.wav,16.66,16.86
merged_IT/05_CF41_3.wav,20.66,21.24
merged_IT/05_CF41_3.wav,29.32,30.09
merged_IT/05_CF41_3.wav,32.21,32.64
merged_IT/05_CF41_3.wav,37.52,38.13
merged_IT/05_CF41_3.wav,43.42,43.91
merged_IT/05_CF41_3.wav,49.61,49.84
merged_IT/05_CF41_3.wav,50.99,51.36
merged_IT/05_CF41_3.wav,59.02,59.59
merged_IT/05_CF41_3.wav,65.98,66.44
merged_IT/05_CF41_3.wav,70.31,70.99
merged_IT/05_CF41_3.wav,85.9,86.69
merged_IT/05_CF41_3.wav,88.66,89.38
merged_IT/05_CF41_3.wav,94.13,94.82
merged_IT/05_CF41_3.wav,99.49,100.34
merged_IT/05_CF41_3.wav,105.66,105.88
merged_IT/05_CF41_3.wav,112.18,112.39
merged_IT/05_CF41_3.wav,121.7,122.22
merged_IT/05_CF41_3.wav,125.45,125.67
merged_IT/05_CF41_3.wav,130.48,130.87
merged_IT/05_CF41_3.wav,134.3,134.61
merged_IT/05_CF41_3.wav,137.82,140.39
merged_IT/05_CF41_3.wav,147.2,147.61
merged_IT/05_CF41_3.wav,149.7,149.96
merged_IT/05_CF41_3.wav,156.33,156.89
merged_IT/05_CF41_3.wav,160.22,160.61
merged_IT/05_CF41_3.wav,163.26,163.75
merged_IT/05_CF41_3.wav,165.0,165.52
merged_IT/05_CF41_3.wav,167.62,168.2
merged_IT/05_CF41_3.wav,174.34,175.38
merged_IT/05_CF41_3.wav,177.58,177.98
merged_IT/05_CF41_3.wav,179.27,179.84
merged_IT/05_CF41_3.wav,182.02,182.38
merged_IT/05_CF41_3.wav,184.72,185.34
merged_IT/05_CF41_3.wav,187.38,187.78
merged_IT/05_CF41_3.wav,189.22,189.49
merged_IT/16_PF52_3.wav,5.12,5.39
merged_IT/16_PF52_3.wav,8.41,9.19
merged_IT/16_PF52_3.wav,11.77,12.45
merged_IT/16_PF52_3.wav,15.37,16.02
merged_IT/16_PF52_3.wav,18.56,18.96
merged_IT/16_PF52_3.wav,20.53,21.86
merged_IT/16_PF52_3.wav,28.14,28.57
merged_IT/16_PF52_3.wav,29.05,30.24
merged_IT/16_PF52_3.wav,31.25,31.66
merged_IT/16_PF52_3.wav,32.94,33.43
merged_IT/16_PF52_3.wav,35.35,36.62
merged_IT/16_PF52_3.wav,38.25,38.64
merged_IT/16_PF52_3.wav,43.25,44.19
merged_IT/16_PF52_3.wav,46.13,46.56
merged_IT/16_PF52_3.wav,46.7,47.15
merged_IT/16_PF52_3.wav,49.07,49.29
merged_IT/16_PF52_3.wav,53.87,54.26
merged_IT/16_PF52_3.wav,58.36,59.37
merged_IT/16_PF52_3.wav,60.88,61.29
merged_IT/16_PF52_3.wav,62.33,63.7
merged_IT/16_PF52_3.wav,65.64,66.53
merged_IT/16_PF52_3.wav,73.65,74.12
merged_IT/16_PF52_3.wav,76.84,77.65
merged_IT/16_PF52_3.wav,79.82,80.26
merged_IT/16_PF52_3.wav,81.53,81.91
merged_IT/17_CF55_3.wav,4.36,4.72
merged_IT/17_CF55_3.wav,15.62,15.86
merged_IT/17_CF55_3.wav,25.79,27.07
merged_IT/17_CF55_3.wav,29.2,30.03
merged_IT/17_CF55_3.wav,35.44,35.79
merged_IT/17_CF55_3.wav,46.03,46.45
merged_IT/17_CF55_3.wav,57.64,57.87
merged_IT/17_CF55_3.wav,60.3,60.62
merged_IT/17_CF55_3.wav,66.73,67.62
merged_IT/17_CF55_3.wav,77.17,77.72
merged_IT/17_CF55_3.wav,78.63,79.04
merged_IT/17_CF55_3.wav,82.9,83.46
merged_IT/17_CF55_3.wav,84.53,84.73
merged_IT/17_CF55_3.wav,89.24,89.62
merged_IT/17_CF55_3.wav,91.36,91.61
merged_IT/17_CF55_3.wav,93.3,94.18
merged_IT/17_CF55_3.wav,97.37,97.87
merged_IT/17_CF55_3.wav,99.06,99.46
merged_IT/17_CF55_3.wav,102.57,103.02
merged_IT/17_CF55_3.wav,104.7,104.96
merged_IT/17_CF55_3.wav,107.62,108.11
merged_IT/17_CF55_3.wav,111.38,111.68
merged_IT/17_CF55_3.wav,112.06,112.35
merged_IT/17_CF55_3.wav,113.63,113.83
merged_IT/17_CF55_3.wav,114.44,114.78
merged_IT/17_CF55_3.wav,115.6,116.56
merged_IT/17_CF55_3.wav,124.65,125.2
merged_IT/17_CF55_3.wav,135.38,135.6
merged_IT/17_CF55_3.wav,138.58,138.81
merged_IT/17_CF55_3.wav,141.73,142.08
merged_IT/17_CF55_3.wav,143.76,144.19
merged_IT/17_CF55_3.wav,145.48,146.0
merged_IT/17_CF55_3.wav,148.43,148.95
merged_IT/17_CF55_3.wav,151.34,151.89
merged_IT/17_CF55_3.wav,152.91,153.87
merged_IT/17_CF55_3.wav,154.78,155.81
merged_IT/17_CF55_3.wav,161.01,161.41
merged_IT/17_CF55_3.wav,165.34,165.54
merged_IT/17_CF55_3.wav,167.51,167.95
merged_IT/17_CF55_3.wav,168.64,169.94
merged_IT/17_CF55_3.wav,171.13,172.04
merged_IT/17_CF55_3.wav,179.26,180.17
merged_IT/17_CF55_3.wav,180.78,181.14
merged_IT/17_CF55_3.wav,189.59,190.43
merged_IT/17_CF55_3.wav,196.31,196.97
merged_IT/17_CF55_3.wav,200.35,201.22
merged_IT/17_CF55_3.wav,202.7,203.35
merged_IT/17_CF55_3.wav,204.61,205.29
merged_IT/17_CF55_3.wav,206.71,207.2
merged_IT/17_CF55_3.wav,210.43,210.67
merged_IT/17_CF55_3.wav,212.36,212.61
merged_IT/17_CF55_3.wav,214.48,215.46
merged_IT/17_CF55_3.wav,216.58,216.97
merged_IT/17_CF55_3.wav,221.74,222.38
merged_IT/17_CF55_3.wav,235.88,236.09
merged_IT/17_CF55_3.wav,238.56,240.75
merged_IT/33_PM19_3.wav,4.03,4.23
merged_IT/33_PM19_3.wav,7.2,7.73
merged_IT/33_PM19_3.wav,10.12,10.49
merged_IT/33_PM19_3.wav,15.04,15.37
merged_IT/33_PM19_3.wav,19.41,19.67
merged_IT/33_PM19_3.wav,20.86,21.83
merged_IT/33_PM19_3.wav,22.75,23.33
merged_IT/33_PM19_3.wav,24.7,25.47
merged_IT/33_PM19_3.wav,27.86,28.63
merged_IT/33_PM19_3.wav,32.72,32.96
merged_IT/33_PM19_3.wav,36.47,37.11
merged_IT/33_PM19_3.wav,40.15,41.49
merged_IT/33_PM19_3.wav,42.46,43.55
merged_IT/33_PM19_3.wav,47.14,48.37
merged_IT/33_PM19_3.wav,59.5,59.81
merged_IT/33_PM19_3.wav,83.2,84.01
merged_IT/33_PM19_3.wav,85.29,85.65
merged_IT/33_PM19_3.wav,90.06,90.49
merged_IT/33_PM19_3.wav,92.02,92.26
merged_IT/33_PM19_3.wav,93.9,94.14
merged_IT/33_PM19_3.wav,95.08,95.44
merged_IT/33_PM19_3.wav,101.84,102.13
merged_IT/33_PM19_3.wav,103.36,104.15
merged_IT/33_PM19_3.wav,112.54,113.57
merged_IT/33_PM19_3.wav,116.69,117.02
merged_IT/33_PM19_3.wav,123.72,124.11
merged_IT/33_PM19_3.wav,139.17,139.71
merged_IT/37_PF40_3.wav,2.28,2.91
merged_IT/37_PF40_3.wav,5.36,6.21
merged_IT/37_PF40_3.wav,12.05,13.2
merged_IT/37_PF40_3.wav,17.24,17.69
merged_IT/37_PF40_3.wav,19.48,19.72
merged_IT/37_PF40_3.wav,21.96,22.41
merged_IT/37_PF40_3.wav,24.08,24.58
merged_IT/37_PF40_3.wav,28.51,28.95
merged_IT/22_CF50_3.wav,0.0,0.25
merged_IT/22_CF50_3.wav,9.36,10.03
merged_IT/22_CF50_3.wav,13.48,14.32
merged_IT/22_CF50_3.wav,23.76,24.13
merged_IT/22_CF50_3.wav,25.67,26.06
merged_IT/22_CF50_3.wav,31.13,31.64
merged_IT/22_CF50_3.wav,47.04,47.51
merged_IT/22_CF50_3.wav,49.38,49.63
merged_IT/22_CF50_3.wav,65.12,65.54
merged_IT/22_CF50_3.wav,67.4,67.88
merged_IT/22_CF50_3.wav,72.0,72.47
merged_IT/22_CF50_3.wav,74.49,74.77
merged_IT/22_CF50_3.wav,86.99,87.25
merged_IT/22_CF50_3.wav,92.19,92.48
merged_IT/22_CF50_3.wav,100.97,101.38
merged_IT/22_CF50_3.wav,103.26,103.83
merged_IT/22_CF50_3.wav,105.75,105.96
merged_IT/22_CF50_3.wav,108.02,108.28
merged_IT/22_CF50_3.wav,118.72,119.01
merged_IT/22_CF50_3.wav,128.74,129.27
merged_IT/22_CF50_3.wav,135.14,135.79
merged_IT/22_CF50_3.wav,142.73,143.26
merged_IT/22_CF50_3.wav,152.93,153.54
merged_IT/22_CF50_3.wav,162.06,162.54
merged_IT/22_CF50_3.wav,171.12,171.73
merged_IT/22_CF50_3.wav,173.54,173.82
merged_IT/22_CF50_3.wav,183.47,184.07
merged_IT/22_CF50_3.wav,186.64,187.01
merged_IT/22_CF50_3.wav,194.16,195.18
merged_IT/22_CF50_3.wav,199.53,199.96
merged_IT/22_CF50_3.wav,208.64,208.85
merged_IT/22_CF50_3.wav,223.38,223.91
merged_IT/10_CF51_2.wav,3.87,4.74
merged_IT/10_CF51_2.wav,5.67,7.07
merged_IT/10_CF51_2.wav,8.46,8.8
merged_IT/10_CF51_2.wav,10.82,11.61
merged_IT/10_CF51_2.wav,17.05,17.3
merged_IT/10_CF51_2.wav,19.99,20.41
merged_IT/10_CF51_2.wav,21.18,21.63
merged_IT/10_CF51_2.wav,23.04,23.51
merged_IT/10_CF51_2.wav,23.79,24.32
merged_IT/10_CF51_2.wav,25.27,26.07
merged_IT/10_CF51_2.wav,26.45,27.2
merged_IT/10_CF51_2.wav,29.13,30.07
merged_IT/10_CF51_2.wav,31.53,32.74
merged_IT/10_CF51_2.wav,40.3,40.79
merged_IT/10_CF51_2.wav,41.88,42.23
merged_IT/10_CF51_2.wav,46.05,47.07
merged_IT/10_CF51_2.wav,48.09,48.43
merged_IT/10_CF51_2.wav,55.31,55.59
merged_IT/10_CF51_2.wav,58.15,58.84
merged_IT/10_CF51_2.wav,59.99,60.37
merged_IT/10_CF51_2.wav,61.83,62.19
merged_IT/10_CF51_2.wav,64.22,64.66
merged_IT/10_CF51_2.wav,73.02,73.36
merged_IT/10_CF51_2.wav,74.9,75.45
merged_IT/10_CF51_2.wav,81.24,82.34
merged_IT/10_CF51_2.wav,86.63,87.21
merged_IT/10_CF51_2.wav,88.83,89.04
merged_IT/10_CF51_2.wav,90.52,90.74
merged_IT/10_CF51_2.wav,93.25,93.65
merged_IT/10_CF51_2.wav,98.16,98.79
merged_IT/10_CF51_2.wav,100.14,100.47
merged_IT/10_CF51_2.wav,101.71,102.73
merged_IT/10_CF51_2.wav,109.69,110.64
merged_IT/10_CF51_2.wav,112.05,112.43
merged_IT/10_CF51_2.wav,115.3,115.66
merged_IT/10_CF51_2.wav,117.58,119.01
merged_IT/10_CF51_2.wav,125.41,126.17
merged_IT/10_CF51_2.wav,127.23,127.54
merged_IT/10_CF51_2.wav,129.99,130.62
merged_IT/10_CF51_2.wav,132.91,133.59
merged_IT/10_CF51_2.wav,135.69,135.92
merged_IT/10_CF51_2.wav,137.42,137.87
merged_IT/10_CF51_2.wav,141.5,142.88
merged_IT/10_CF51_2.wav,145.58,146.47
merged_IT/10_CF51_2.wav,147.28,147.68
merged_IT/10_CF51_2.wav,149.79,151.01
merged_IT/10_CF51_2.wav,152.19,152.53
merged_IT/10_CF51_2.wav,153.24,154.08
merged_IT/10_CF51_2.wav,156.06,157.22
merged_IT/10_CF51_2.wav,158.39,159.25
merged_IT/10_CF51_2.wav,161.96,162.35
merged_IT/10_CF51_2.wav,165.21,165.92
merged_IT/10_CF51_2.wav,168.54,169.84
merged_IT/10_CF51_2.wav,171.15,172.03
merged_IT/10_CF51_2.wav,174.05,174.54
merged_IT/10_CF51_2.wav,179.54,179.87
merged_IT/10_CF51_2.wav,179.95,180.33
merged_IT/10_CF51_2.wav,181.83,182.24
merged_IT/10_CF51_2.wav,182.83,183.27
merged_IT/10_CF51_2.wav,183.85,184.19
merged_IT/10_CF51_2.wav,187.35,188.24
merged_IT/10_CF51_2.wav,189.33,190.1
merged_IT/10_CF51_2.wav,191.11,192.55
merged_IT/10_CF51_2.wav,193.44,193.67
merged_IT/10_CF51_2.wav,194.33,195.78
merged_IT/10_CF51_2.wav,199.32,199.98
merged_IT/10_CF51_2.wav,201.16,201.59
merged_IT/10_CF51_2.wav,205.58,206.0
merged_IT/10_CF51_2.wav,208.73,209.1
merged_IT/10_CF51_2.wav,212.01,212.45
merged_IT/10_CF51_2.wav,214.68,215.16
merged_IT/10_CF51_2.wav,216.33,216.76
merged_IT/10_CF51_2.wav,218.46,218.73
merged_IT/10_CF51_2.wav,219.61,219.83
merged_IT/12_PF68_1.wav,1.53,2.02
merged_IT/12_PF68_1.wav,5.87,6.35
merged_IT/12_PF68_1.wav,7.9,8.65
merged_IT/12_PF68_1.wav,10.87,11.33
merged_IT/12_PF68_1.wav,16.14,17.0
merged_IT/12_PF68_1.wav,20.4,21.17
merged_IT/12_PF68_1.wav,23.41,24.06
merged_IT/12_PF68_1.wav,24.9,25.11
merged_IT/12_PF68_1.wav,26.56,27.05
merged_IT/12_PF68_1.wav,29.14,29.68
merged_IT/12_PF68_1.wav,33.65,35.36
merged_IT/12_PF68_1.wav,39.53,40.6
merged_IT/12_PF68_1.wav,41.19,41.61
merged_IT/12_PF68_1.wav,46.41,46.95
merged_IT/12_PF68_1.wav,50.41,51.14
merged_IT/12_PF68_1.wav,54.5,54.87
merged_IT/12_PF68_1.wav,56.09,56.63
merged_IT/12_PF68_1.wav,58.16,58.39
merged_IT/12_PF68_1.wav,60.5,60.79
merged_IT/12_PF68_1.wav,63.21,63.66
merged_IT/12_PF68_1.wav,65.84,67.07
merged_IT/12_PF68_1.wav,70.85,71.78
merged_IT/12_PF68_1.wav,72.18,72.47
merged_IT/12_PF68_1.wav,73.61,74.01
merged_IT/12_PF68_1.wav,75.26,75.91
merged_IT/12_PF68_1.wav,77.86,78.42
merged_IT/12_PF68_1.wav,80.21,80.42
merged_IT/12_PF68_1.wav,81.79,82.26
merged_IT/12_PF68_1.wav,85.04,85.27
merged_IT/12_PF68_1.wav,86.08,86.8
merged_IT/12_PF68_1.wav,88.98,89.2
merged_IT/12_PF68_1.wav,91.36,92.3
merged_IT/12_PF68_1.wav,93.56,93.81
merged_IT/12_PF68_1.wav,94.77,96.32
merged_IT/12_PF68_1.wav,103.03,103.32
merged_IT/12_PF68_1.wav,105.21,105.77
merged_IT/12_PF68_1.wav,107.21,107.65
merged_IT/12_PF68_1.wav,109.58,109.88
merged_IT/12_PF68_1.wav,110.7,111.47
merged_IT/12_PF68_1.wav,114.76,115.28
merged_IT/12_PF68_1.wav,118.01,118.39
merged_IT/12_PF68_1.wav,120.01,121.74
merged_IT/12_PF68_1.wav,123.05,124.3
merged_IT/12_PF68_1.wav,125.3,125.63
merged_IT/12_PF68_1.wav,126.45,126.86
merged_IT/12_PF68_1.wav,128.02,128.5
merged_IT/12_PF68_1.wav,132.04,132.32
merged_IT/12_PF68_1.wav,133.11,133.5
merged_IT/12_PF68_1.wav,134.84,135.22
merged_IT/12_PF68_1.wav,137.09,137.32
merged_IT/12_PF68_1.wav,138.3,138.66
merged_IT/12_PF68_1.wav,139.88,140.51
merged_IT/12_PF68_1.wav,141.23,141.97
merged_IT/57_CF25_3.wav,1.38,1.7
merged_IT/57_CF25_3.wav,2.05,2.56
merged_IT/57_CF25_3.wav,3.46,4.01
merged_IT/57_CF25_3.wav,4.68,4.91
merged_IT/57_CF25_3.wav,7.28,7.7
merged_IT/57_CF25_3.wav,10.56,11.2
merged_IT/57_CF25_3.wav,12.81,13.33
merged_IT/57_CF25_3.wav,14.14,15.2
merged_IT/57_CF25_3.wav,17.45,17.8
merged_IT/57_CF25_3.wav,20.65,21.68
merged_IT/57_CF25_3.wav,24.95,25.5
merged_IT/57_CF25_3.wav,27.11,27.62
merged_IT/57_CF25_3.wav,29.67,30.54
merged_IT/57_CF25_3.wav,35.61,36.49
merged_IT/57_CF25_3.wav,37.69,38.07
merged_IT/57_CF25_3.wav,42.58,43.18
merged_IT/57_CF25_3.wav,48.63,48.95
merged_IT/57_CF25_3.wav,52.92,53.94
merged_IT/57_CF25_3.wav,55.4,56.93
merged_IT/57_CF25_3.wav,59.35,59.9
merged_IT/57_CF25_3.wav,61.59,62.53
merged_IT/57_CF25_3.wav,65.38,65.87
merged_IT/57_CF25_3.wav,72.07,73.0
merged_IT/57_CF25_3.wav,74.22,74.74
merged_IT/57_CF25_3.wav,78.65,79.36
merged_IT/57_CF25_3.wav,81.04,81.29
merged_IT/57_CF25_3.wav,84.16,84.84
merged_IT/57_CF25_3.wav,87.56,88.54
merged_IT/57_CF25_3.wav,89.06,89.4
merged_IT/57_CF25_3.wav,90.5,90.85
merged_IT/57_CF25_3.wav,96.5,96.91
merged_IT/57_CF25_3.wav,100.49,100.92
merged_IT/57_CF25_3.wav,102.64,103.05
merged_IT/57_CF25_3.wav,105.92,106.28
merged_IT/57_CF25_3.wav,109.91,110.67
merged_IT/57_CF25_3.wav,112.71,113.14
merged_IT/57_CF25_3.wav,115.34,115.66
merged_IT/57_CF25_3.wav,119.09,119.32
merged_IT/57_CF25_3.wav,124.9,125.44
merged_IT/57_CF25_3.wav,127.83,128.47
merged_IT/57_CF25_3.wav,129.89,130.13
merged_IT/57_CF25_3.wav,131.95,132.85
merged_IT/57_CF25_3.wav,137.66,138.38
merged_IT/57_CF25_3.wav,146.93,147.57
merged_IT/57_CF25_3.wav,149.72,150.39
merged_IT/57_CF25_3.wav,153.15,154.0
merged_IT/57_CF25_3.wav,155.56,156.02
merged_IT/57_CF25_3.wav,159.35,159.74
merged_IT/57_CF25_3.wav,160.75,161.18
merged_IT/57_CF25_3.wav,163.77,164.22
merged_IT/57_CF25_3.wav,168.67,169.33
merged_IT/57_CF25_3.wav,171.21,171.63
merged_IT/57_CF25_3.wav,175.08,176.45
merged_IT/57_CF25_3.wav,179.66,180.2
merged_IT/57_CF25_3.wav,182.57,183.95
merged_IT/57_CF25_3.wav,187.63,187.92
merged_IT/57_CF25_3.wav,188.65,188.91
merged_IT/57_CF25_3.wav,190.46,191.94
merged_IT/57_CF25_3.wav,196.45,196.79
merged_IT/57_CF25_3.wav,200.18,200.82
merged_IT/57_CF25_3.wav,203.29,203.84
merged_IT/57_CF25_3.wav,205.44,206.01
merged_IT/57_CF25_3.wav,206.87,207.44
merged_IT/57_CF25_3.wav,214.6,215.69
merged_IT/57_CF25_3.wav,216.98,217.49
merged_IT/57_CF25_3.wav,221.55,222.25
merged_IT/16_CF33_4.wav,18.84,19.11
merged_IT/16_CF33_4.wav,20.23,21.08
merged_IT/16_CF33_4.wav,23.02,23.35
merged_IT/16_CF33_4.wav,30.54,30.93
merged_IT/16_CF33_4.wav,34.71,35.14
merged_IT/16_CF33_4.wav,37.08,37.49
merged_IT/16_CF33_4.wav,39.09,39.32
merged_IT/16_CF33_4.wav,42.65,43.12
merged_IT/16_CF33_4.wav,48.22,48.42
merged_IT/16_CF33_4.wav,51.85,52.8
merged_IT/16_CF33_4.wav,57.95,58.39
merged_IT/16_CF33_4.wav,72.29,72.68
merged_IT/16_CF33_4.wav,73.99,74.58
merged_IT/16_CF33_4.wav,77.06,77.68
merged_IT/16_CF33_4.wav,79.84,80.29
merged_IT/16_CF33_4.wav,84.87,85.33
merged_IT/16_CF33_4.wav,96.77,97.62
merged_IT/16_CF33_4.wav,100.76,101.18
merged_IT/16_CF33_4.wav,103.46,103.98
merged_IT/16_CF33_4.wav,105.25,106.37
merged_IT/16_CF33_4.wav,107.93,108.45
merged_IT/16_CF33_4.wav,110.99,111.93
merged_IT/16_CF33_4.wav,118.13,118.44
merged_IT/16_CF33_4.wav,122.01,122.44
merged_IT/16_CF33_4.wav,125.64,126.07
merged_IT/16_CF33_4.wav,135.46,135.69
merged_IT/16_CF33_4.wav,137.53,138.04
merged_IT/16_CF33_4.wav,141.02,141.43
merged_IT/16_CF33_4.wav,148.11,148.32
merged_IT/16_CF33_4.wav,152.13,152.87
merged_IT/16_CF33_4.wav,163.13,163.36
merged_IT/16_CF33_4.wav,169.97,170.57
merged_IT/16_CF33_4.wav,186.47,187.06
merged_IT/16_CF33_4.wav,189.21,189.56
merged_IT/16_CF33_4.wav,195.77,196.73
merged_IT/16_CF33_4.wav,197.44,198.0
merged_IT/16_CF33_4.wav,203.37,204.14
merged_IT/16_CF33_4.wav,205.84,206.29
merged_IT/16_CF33_4.wav,221.29,221.62
merged_IT/16_CF33_4.wav,232.96,233.32
merged_IT/17_PF44_2.wav,3.0,3.38
merged_IT/17_PF44_2.wav,5.49,5.78
merged_IT/17_PF44_2.wav,8.26,8.65
merged_IT/17_PF44_2.wav,10.36,10.78
merged_IT/17_PF44_2.wav,13.24,13.9
merged_IT/17_PF44_2.wav,14.97,15.86
merged_IT/17_PF44_2.wav,19.42,19.9
merged_IT/17_PF44_2.wav,22.41,22.77
merged_IT/17_PF44_2.wav,26.97,27.43
merged_IT/17_PF44_2.wav,28.83,29.26
merged_IT/17_PF44_2.wav,31.87,32.22
merged_IT/17_PF44_2.wav,34.3,34.59
merged_IT/17_PF44_2.wav,36.38,37.87
merged_IT/17_PF44_2.wav,41.37,41.85
merged_IT/17_PF44_2.wav,44.06,44.5
merged_IT/17_PF44_2.wav,48.86,49.27
merged_IT/17_PF44_2.wav,52.02,52.53
merged_IT/17_PF44_2.wav,55.37,55.77
merged_IT/17_PF44_2.wav,58.65,59.18
merged_IT/17_PF44_2.wav,60.13,61.22
merged_IT/17_PF44_2.wav,65.03,65.55
merged_IT/17_PF44_2.wav,68.84,69.52
merged_IT/17_PF44_2.wav,71.76,73.14
merged_IT/17_PF44_2.wav,75.48,76.93
merged_IT/17_PF44_2.wav,78.13,78.79
merged_IT/17_PF44_2.wav,80.55,80.78
merged_IT/17_PF44_2.wav,85.68,86.27
merged_IT/17_PF44_2.wav,89.05,89.99
merged_IT/17_PF44_2.wav,94.21,94.67
merged_IT/17_PF44_2.wav,97.72,99.71
merged_IT/17_PF44_2.wav,103.26,103.6
merged_IT/17_PF44_2.wav,109.01,110.46
merged_IT/17_PF44_2.wav,111.81,112.25
merged_IT/17_PF44_2.wav,113.95,114.72
merged_IT/22_PF40_3.wav,4.7,5.52
merged_IT/22_PF40_3.wav,7.11,7.75
merged_IT/22_PF40_3.wav,10.52,11.18
merged_IT/22_PF40_3.wav,15.38,15.77
merged_IT/22_PF40_3.wav,21.11,22.24
merged_IT/22_PF40_3.wav,26.8,27.08
merged_IT/22_PF40_3.wav,30.32,30.62
merged_IT/22_PF40_3.wav,33.09,33.29
merged_IT/22_PF40_3.wav,37.3,37.98
merged_IT/22_PF40_3.wav,39.2,39.8
merged_IT/22_PF40_3.wav,41.3,41.71
merged_IT/22_PF40_3.wav,45.88,46.31
merged_IT/22_PF40_3.wav,56.19,56.57
merged_IT/22_PF40_3.wav,57.5,57.82
merged_IT/22_PF40_3.wav,60.93,61.37
merged_IT/22_PF40_3.wav,71.12,71.41
merged_IT/22_PF40_3.wav,77.71,78.13
merged_IT/22_PF40_3.wav,79.46,79.81
merged_IT/22_PF40_3.wav,82.39,82.69
merged_IT/22_PF40_3.wav,94.01,94.39
merged_IT/22_PF40_3.wav,97.57,98.0
merged_IT/22_PF40_3.wav,100.66,101.53
merged_IT/22_PF40_3.wav,109.65,110.46
merged_IT/22_PF40_3.wav,112.94,113.24
merged_IT/22_PF40_3.wav,118.73,119.1
merged_IT/22_PF40_3.wav,123.41,123.87
merged_IT/22_PF40_3.wav,129.04,129.56
merged_IT/22_PF40_3.wav,135.74,136.54
merged_IT/22_PF40_3.wav,141.41,141.66
merged_IT/22_PF40_3.wav,144.66,145.37
merged_IT/22_PF40_3.wav,149.18,151.06
merged_IT/21_CF58_3.wav,10.51,11.05
merged_IT/21_CF58_3.wav,14.08,14.75
merged_IT/21_CF58_3.wav,17.43,17.65
merged_IT/21_CF58_3.wav,25.04,25.39
merged_IT/21_CF58_3.wav,30.16,30.55
merged_IT/21_CF58_3.wav,34.27,34.7
merged_IT/21_CF58_3.wav,42.84,43.32
merged_IT/21_CF58_3.wav,43.38,43.82
merged_IT/21_CF58_3.wav,44.09,44.51
merged_IT/21_CF58_3.wav,50.64,51.05
merged_IT/21_CF58_3.wav,54.25,54.81
merged_IT/21_CF58_3.wav,56.92,57.58
merged_IT/21_CF58_3.wav,59.11,59.79
merged_IT/21_CF58_3.wav,63.45,64.5
merged_IT/21_CF58_3.wav,65.62,66.09
merged_IT/21_CF58_3.wav,66.74,67.74
merged_IT/21_CF58_3.wav,69.03,69.44
merged_IT/21_CF58_3.wav,72.53,72.85
merged_IT/21_CF58_3.wav,79.65,80.01
merged_IT/21_CF58_3.wav,80.9,81.27
merged_IT/21_CF58_3.wav,82.77,83.71
merged_IT/21_CF58_3.wav,86.73,87.23
merged_IT/21_CF58_3.wav,91.65,91.99
merged_IT/21_CF58_3.wav,94.41,94.78
merged_IT/21_CF58_3.wav,99.67,99.87
merged_IT/21_CF58_3.wav,101.76,102.64
merged_IT/21_CF58_3.wav,113.12,113.5
merged_IT/21_CF58_3.wav,117.26,117.74
merged_IT/21_CF58_3.wav,122.34,122.66
merged_IT/21_CF58_3.wav,125.44,125.83
merged_IT/21_CF58_3.wav,128.97,129.38
merged_IT/21_CF58_3.wav,135.41,135.68
merged_IT/21_CF58_3.wav,139.32,139.67
merged_IT/21_CF58_3.wav,141.25,141.89
merged_IT/21_CF58_3.wav,145.67,145.97
merged_IT/21_CF58_3.wav,147.05,147.46
merged_IT/21_CF58_3.wav,150.32,151.04
merged_IT/60_PF56_x.wav,2.58,3.11
merged_IT/60_PF56_x.wav,3.95,4.15
merged_IT/60_PF56_x.wav,5.7,6.92
merged_IT/60_PF56_x.wav,12.61,12.87
merged_IT/60_PF56_x.wav,14.1,15.97
merged_IT/60_PF56_x.wav,18.5,18.92
merged_IT/60_PF56_x.wav,20.01,20.45
merged_IT/60_PF56_x.wav,22.13,23.09
merged_IT/60_PF56_x.wav,26.93,27.81
merged_IT/60_PF56_x.wav,33.12,33.43
merged_IT/60_PF56_x.wav,34.51,36.11
merged_IT/60_PF56_x.wav,36.73,37.46
merged_IT/60_PF56_x.wav,40.62,40.92
merged_IT/60_PF56_x.wav,45.03,45.94
merged_IT/60_PF56_x.wav,50.17,51.41
merged_IT/60_PF56_x.wav,52.95,53.35
merged_IT/60_PF56_x.wav,54.02,54.96
merged_IT/60_PF56_x.wav,59.26,60.2
merged_IT/60_PF56_x.wav,63.44,64.25
merged_IT/60_PF56_x.wav,66.52,66.84
merged_IT/01_PM58_2.wav,3.41,3.7
merged_IT/01_PM58_2.wav,9.34,9.69
merged_IT/01_PM58_2.wav,10.93,11.43
merged_IT/01_PM58_2.wav,13.1,13.39
merged_IT/01_PM58_2.wav,15.33,16.24
merged_IT/01_PM58_2.wav,18.03,19.31
merged_IT/01_PM58_2.wav,20.72,21.29
merged_IT/01_PM58_2.wav,22.65,23.16
merged_IT/01_PM58_2.wav,27.12,27.4
merged_IT/01_PM58_2.wav,30.09,30.82
merged_IT/01_PM58_2.wav,35.22,35.81
merged_IT/01_PM58_2.wav,39.56,40.16
merged_IT/01_PM58_2.wav,42.55,43.2
merged_IT/01_PM58_2.wav,48.98,49.4
merged_IT/01_PM58_2.wav,51.3,51.51
merged_IT/01_PM58_2.wav,53.39,53.59
merged_IT/01_PM58_2.wav,54.22,54.52
merged_IT/01_PM58_2.wav,55.38,55.85
merged_IT/01_PM58_2.wav,59.38,59.73
merged_IT/01_PM58_2.wav,65.01,65.85
merged_IT/01_PM58_2.wav,72.17,72.77
merged_IT/01_PM58_2.wav,74.69,74.95
merged_IT/01_PM58_2.wav,76.51,76.95
merged_IT/01_PM58_2.wav,78.28,78.86
merged_IT/01_PM58_2.wav,81.7,82.34
merged_IT/01_PM58_2.wav,90.18,90.43
merged_IT/01_PM58_2.wav,92.5,93.53
merged_IT/01_PM58_2.wav,96.27,96.62
merged_IT/01_PM58_2.wav,98.52,99.06
merged_IT/01_PM58_2.wav,108.49,108.79
merged_IT/01_PM58_2.wav,114.1,114.74
merged_IT/01_PM58_2.wav,119.74,120.13
merged_IT/01_PM58_2.wav,122.51,123.04
merged_IT/01_PM58_2.wav,126.04,126.67
merged_IT/01_PM58_2.wav,127.98,128.27
merged_IT/01_PM58_2.wav,130.54,131.37
merged_IT/01_PM58_2.wav,137.43,138.07
merged_IT/01_PM58_2.wav,139.95,140.2
merged_IT/01_PM58_2.wav,144.48,144.77
merged_IT/01_PM58_2.wav,145.98,146.66
merged_IT/01_PM58_2.wav,152.15,152.46
merged_IT/01_PM58_2.wav,153.69,154.45
merged_IT/01_PM58_2.wav,155.22,155.8
merged_IT/01_PM58_2.wav,158.5,163.02
merged_IT/01_PM58_2.wav,165.89,167.53
merged_IT/01_PM58_2.wav,170.93,171.3
merged_IT/01_PM58_2.wav,177.9,178.23
merged_IT/01_PM58_2.wav,179.65,180.02
merged_IT/01_PM58_2.wav,183.72,184.36
merged_IT/01_PM58_2.wav,198.15,198.58
merged_IT/01_PM58_2.wav,200.16,200.95
merged_IT/01_PM58_2.wav,206.23,207.18
merged_IT/01_PM58_2.wav,209.66,210.58
merged_IT/01_PM58_2.wav,213.15,214.01
merged_IT/01_PM58_2.wav,216.08,216.54
merged_IT/01_PM58_2.wav,219.2,219.42
merged_IT/01_PM58_2.wav,220.56,221.04
merged_IT/01_PM58_2.wav,224.81,225.59
merged_IT/01_PM58_2.wav,227.42,228.28
merged_IT/01_PM58_2.wav,231.78,232.16
merged_IT/01_PM58_2.wav,233.02,234.09
merged_IT/01_PM58_2.wav,239.6,241.17
merged_IT/01_PM58_2.wav,246.78,246.98
merged_IT/01_PM58_2.wav,249.85,250.12
merged_IT/01_PM58_2.wav,253.6,254.13
merged_IT/01_PM58_2.wav,255.08,256.05
merged_IT/29_PF42_3.wav,4.78,5.23
merged_IT/29_PF42_3.wav,9.96,10.33
merged_IT/29_PF42_3.wav,15.16,15.54
merged_IT/29_PF42_3.wav,18.05,18.39
merged_IT/29_PF42_3.wav,23.76,24.04
merged_IT/29_PF42_3.wav,24.33,24.63
merged_IT/29_PF42_3.wav,33.54,34.04
merged_IT/29_PF42_3.wav,35.31,35.97
merged_IT/29_PF42_3.wav,42.64,43.18
merged_IT/29_PF42_3.wav,45.39,45.85
merged_IT/29_PF42_3.wav,48.66,49.21
merged_IT/29_PF42_3.wav,53.97,54.43
merged_IT/29_PF42_3.wav,59.14,59.82
merged_IT/29_PF42_3.wav,64.77,65.61
merged_IT/29_PF42_3.wav,71.7,72.48
merged_IT/29_PF42_3.wav,78.25,78.7
merged_IT/29_PF42_3.wav,82.0,82.48
merged_IT/29_PF42_3.wav,86.4,87.02
merged_IT/29_PF42_3.wav,87.75,88.34
merged_IT/29_PF42_3.wav,92.62,92.95
merged_IT/29_PF42_3.wav,95.81,96.22
merged_IT/29_PF42_3.wav,101.21,101.75
merged_IT/29_PF42_3.wav,102.11,103.17
merged_IT/29_PF42_3.wav,104.65,105.18
merged_IT/29_PF42_3.wav,112.5,112.7
merged_IT/29_PF42_3.wav,113.07,113.73
merged_IT/29_PF42_3.wav,116.62,117.22
merged_IT/29_PF42_3.wav,124.81,125.34
merged_IT/29_PF42_3.wav,131.39,131.95
merged_IT/29_PF42_3.wav,135.37,135.75
merged_IT/29_PF42_3.wav,139.95,140.76
merged_IT/29_PF42_3.wav,143.24,144.56
merged_IT/32_CF22_3.wav,12.3,12.61
merged_IT/32_CF22_3.wav,19.46,20.37
merged_IT/32_CF22_3.wav,21.19,21.67
merged_IT/32_CF22_3.wav,23.91,24.4
merged_IT/32_CF22_3.wav,30.13,30.4
merged_IT/32_CF22_3.wav,38.91,39.24
merged_IT/32_CF22_3.wav,42.61,42.86
merged_IT/32_CF22_3.wav,54.23,54.53
merged_IT/32_CF22_3.wav,56.43,56.68
merged_IT/32_CF22_3.wav,62.9,63.17
merged_IT/32_CF22_3.wav,79.11,79.64
merged_IT/32_CF22_3.wav,101.05,101.26
merged_IT/32_CF22_3.wav,108.58,108.98
merged_IT/32_CF22_3.wav,111.44,111.91
merged_IT/32_CF22_3.wav,117.17,117.43
merged_IT/32_CF22_3.wav,125.82,126.42
merged_IT/32_CF22_3.wav,127.42,127.65
merged_IT/32_CF22_3.wav,147.29,147.55
merged_IT/32_CF22_3.wav,154.87,155.44
merged_IT/32_CF22_3.wav,161.11,161.43
merged_IT/32_CF22_3.wav,166.54,166.83
merged_IT/32_CF22_3.wav,175.28,175.62
merged_IT/32_CF22_3.wav,186.72,187.1
merged_IT/32_CF22_3.wav,193.25,193.57
merged_IT/19_PF43_2.wav,7.74,8.17
merged_IT/19_PF43_2.wav,14.01,14.58
merged_IT/19_PF43_2.wav,21.34,21.81
merged_IT/19_PF43_2.wav,23.82,24.13
merged_IT/19_PF43_2.wav,26.08,26.89
merged_IT/19_PF43_2.wav,27.93,28.16
merged_IT/19_PF43_2.wav,32.09,33.47
merged_IT/19_PF43_2.wav,38.3,38.71
merged_IT/19_PF43_2.wav,41.5,42.04
merged_IT/19_PF43_2.wav,45.51,46.39
merged_IT/19_PF43_2.wav,49.44,50.79
merged_IT/19_PF43_2.wav,53.8,54.29
merged_IT/19_PF43_2.wav,55.14,55.34
merged_IT/19_PF43_2.wav,56.92,57.12
merged_IT/19_PF43_2.wav,59.31,59.68
merged_IT/19_PF43_2.wav,61.08,61.61
merged_IT/19_PF43_2.wav,66.16,66.73
merged_IT/19_PF43_2.wav,70.08,70.57
merged_IT/19_PF43_2.wav,75.01,75.34
merged_IT/19_PF43_2.wav,76.36,77.47
merged_IT/19_PF43_2.wav,78.19,78.54
merged_IT/19_PF43_2.wav,81.07,82.06
merged_IT/19_PF43_2.wav,84.28,85.09
merged_IT/19_PF43_2.wav,85.97,86.28
merged_IT/19_PF43_2.wav,91.9,92.29
merged_IT/19_PF43_2.wav,99.29,99.66
merged_IT/19_PF43_2.wav,103.78,104.35
merged_IT/19_PF43_2.wav,112.85,113.5
merged_IT/19_PF43_2.wav,116.01,116.25
merged_IT/19_PF43_2.wav,119.14,119.66
merged_IT/19_PF43_2.wav,123.08,123.84
merged_IT/19_PF43_2.wav,127.08,127.34
merged_IT/19_PF43_2.wav,128.15,128.47
merged_IT/19_PF43_2.wav,132.61,132.84
merged_IT/19_PF43_2.wav,141.6,142.31
merged_IT/19_PF43_2.wav,145.03,145.59
merged_IT/19_PF43_2.wav,148.52,148.79
merged_IT/19_PF43_2.wav,151.73,152.18
merged_IT/19_PF43_2.wav,158.65,159.17
merged_IT/19_PF43_2.wav,164.11,164.5
merged_IT/19_PF43_2.wav,166.62,167.11
merged_IT/19_PF43_2.wav,174.06,174.32
merged_IT/19_PF43_2.wav,176.07,176.77
merged_IT/19_PF43_2.wav,185.49,185.73
merged_IT/09_PM60_2.wav,2.37,2.89
merged_IT/09_PM60_2.wav,6.64,6.85
merged_IT/09_PM60_2.wav,7.95,8.46
merged_IT/09_PM60_2.wav,11.44,11.82
merged_IT/09_PM60_2.wav,12.7,13.26
merged_IT/09_PM60_2.wav,15.89,16.74
merged_IT/09_PM60_2.wav,18.94,19.89
merged_IT/09_PM60_2.wav,24.38,25.03
merged_IT/09_PM60_2.wav,29.82,30.59
merged_IT/09_PM60_2.wav,31.89,32.12
merged_IT/09_PM60_2.wav,33.85,34.72
merged_IT/09_PM60_2.wav,35.62,35.83
merged_IT/09_PM60_2.wav,38.55,39.2
merged_IT/09_PM60_2.wav,40.76,41.22
merged_IT/09_PM60_2.wav,46.29,47.0
merged_IT/09_PM60_2.wav,49.14,50.09
merged_IT/09_PM60_2.wav,53.2,54.1
merged_IT/09_PM60_2.wav,58.91,59.52
merged_IT/09_PM60_2.wav,62.89,63.39
merged_IT/09_PM60_2.wav,64.58,65.5
merged_IT/09_PM60_2.wav,65.99,66.24
merged_IT/09_PM60_2.wav,68.21,70.33
merged_IT/09_PM60_2.wav,72.31,72.89
merged_IT/09_PM60_2.wav,73.77,74.72
merged_IT/09_PM60_2.wav,78.96,79.5
merged_IT/09_PM60_2.wav,82.38,82.97
merged_IT/09_PM60_2.wav,87.14,87.53
merged_IT/09_PM60_2.wav,88.9,90.31
merged_IT/09_PM60_2.wav,92.95,93.43
merged_IT/09_PM60_2.wav,94.15,94.96
merged_IT/09_PM60_2.wav,96.41,98.49
merged_IT/09_PM60_2.wav,103.39,104.0
merged_IT/09_PM60_2.wav,107.31,108.29
merged_IT/09_PM60_2.wav,109.26,109.67
merged_IT/09_PM60_2.wav,109.76,110.02
merged_IT/09_PM60_2.wav,111.67,112.36
merged_IT/09_PM60_2.wav,113.52,114.69
merged_IT/09_PM60_2.wav,116.09,116.59
merged_IT/09_PM60_2.wav,118.64,119.89
merged_IT/09_PM60_2.wav,121.79,122.73
merged_IT/09_PM60_2.wav,127.9,128.33
merged_IT/09_PM60_2.wav,129.37,130.16
merged_IT/09_PM60_2.wav,134.32,135.17
merged_IT/09_PM60_2.wav,136.62,137.17
merged_IT/09_PM60_2.wav,141.19,142.68
merged_IT/09_PM60_2.wav,146.49,146.9
merged_IT/09_PM60_2.wav,147.73,148.82
merged_IT/09_PM60_2.wav,150.47,151.01
merged_IT/09_PM60_2.wav,155.58,156.75
merged_IT/09_PM60_2.wav,158.38,158.98
merged_IT/09_PM60_2.wav,162.34,162.79
merged_IT/09_PM60_2.wav,165.24,165.87
merged_IT/09_PM60_2.wav,171.56,172.01
merged_IT/09_PM60_2.wav,173.66,173.93
merged_IT/09_PM60_2.wav,176.94,177.38
merged_IT/09_PM60_2.wav,180.81,181.08
merged_IT/09_PM60_2.wav,185.04,185.41
merged_IT/09_PM60_2.wav,186.24,186.5
merged_IT/09_PM60_2.wav,188.45,188.79
merged_IT/09_PM60_2.wav,190.92,191.2
merged_IT/09_PM60_2.wav,195.81,196.13
merged_IT/09_PM60_2.wav,203.47,203.68
merged_IT/09_PM60_2.wav,204.76,205.02
merged_IT/09_PM60_2.wav,208.02,208.39
merged_IT/09_PM60_2.wav,211.34,211.72
merged_IT/09_PM60_2.wav,212.06,212.32
merged_IT/09_PM60_2.wav,215.13,215.92
merged_IT/09_PM60_2.wav,217.73,218.15
merged_IT/09_PM60_2.wav,219.86,220.11
merged_IT/09_PM60_2.wav,221.66,221.89
merged_IT/09_PM60_2.wav,223.1,223.63
merged_IT/09_PM60_2.wav,224.8,226.26
merged_IT/09_PM60_2.wav,229.64,230.15
merged_IT/09_PM60_2.wav,232.18,232.51
merged_IT/09_PM60_2.wav,237.04,237.39
merged_IT/09_PM60_2.wav,239.43,240.59
merged_IT/09_PM60_2.wav,242.14,242.94
merged_IT/09_PM60_2.wav,245.97,247.21
merged_IT/27_CF63_4.wav,5.06,6.05
merged_IT/27_CF63_4.wav,8.17,8.51
merged_IT/27_CF63_4.wav,12.16,12.77
merged_IT/27_CF63_4.wav,16.72,17.27
merged_IT/27_CF63_4.wav,19.41,19.93
merged_IT/27_CF63_4.wav,23.56,24.22
merged_IT/27_CF63_4.wav,26.31,26.91
merged_IT/27_CF63_4.wav,31.53,32.05
merged_IT/27_CF63_4.wav,33.19,34.07
merged_IT/27_CF63_4.wav,35.88,36.47
merged_IT/27_CF63_4.wav,40.14,40.66
merged_IT/27_CF63_4.wav,44.81,45.01
merged_IT/27_CF63_4.wav,47.32,50.27
merged_IT/27_CF63_4.wav,61.73,62.06
merged_IT/27_CF63_4.wav,65.44,65.95
merged_IT/27_CF63_4.wav,67.51,67.89
merged_IT/27_CF63_4.wav,70.57,72.4
merged_IT/27_CF63_4.wav,76.81,77.59
merged_IT/27_CF63_4.wav,81.35,81.78
merged_IT/27_CF63_4.wav,86.42,87.11
merged_IT/27_CF63_4.wav,90.9,91.22
merged_IT/27_CF63_4.wav,92.64,93.14
merged_IT/27_CF63_4.wav,96.17,96.67
merged_IT/27_CF63_4.wav,100.83,102.07
merged_IT/27_CF63_4.wav,104.09,104.33
merged_IT/27_CF63_4.wav,106.93,107.25
merged_IT/27_CF63_4.wav,115.91,116.31
merged_IT/27_CF63_4.wav,121.24,121.66
merged_IT/27_CF63_4.wav,126.29,126.5
merged_IT/27_CF63_4.wav,128.61,128.84
merged_IT/27_CF63_4.wav,134.49,134.83
merged_IT/27_CF63_4.wav,137.62,138.1
merged_IT/27_CF63_4.wav,140.28,140.7
merged_IT/27_CF63_4.wav,150.89,151.3
merged_IT/27_CF63_4.wav,155.34,155.61
merged_IT/27_CF63_4.wav,172.55,172.9
merged_IT/27_CF63_4.wav,183.11,183.42
merged_IT/38_CM27_3.wav,3.8,4.15
merged_IT/38_CM27_3.wav,6.28,7.01
merged_IT/38_CM27_3.wav,8.94,9.32
merged_IT/38_CM27_3.wav,12.87,13.93
merged_IT/38_CM27_3.wav,14.49,15.03
merged_IT/38_CM27_3.wav,15.83,16.31
merged_IT/38_CM27_3.wav,19.29,19.7
merged_IT/38_CM27_3.wav,24.27,24.68
merged_IT/38_CM27_3.wav,25.37,25.88
merged_IT/38_CM27_3.wav,28.99,29.44
merged_IT/38_CM27_3.wav,33.1,33.57
merged_IT/38_CM27_3.wav,38.17,38.72
merged_IT/38_CM27_3.wav,42.56,43.65
merged_IT/38_CM27_3.wav,53.29,54.33
merged_IT/38_CM27_3.wav,56.01,57.99
merged_IT/38_CM27_3.wav,58.52,60.43
merged_IT/38_CM27_3.wav,60.67,61.2
merged_IT/38_CM27_3.wav,63.03,63.33
merged_IT/38_CM27_3.wav,63.91,64.56
merged_IT/38_CM27_3.wav,67.24,67.73
merged_IT/38_CM27_3.wav,69.19,70.65
merged_IT/38_CM27_3.wav,72.58,73.0
merged_IT/38_CM27_3.wav,73.17,73.59
merged_IT/38_CM27_3.wav,78.04,78.88
merged_IT/38_CM27_3.wav,85.7,86.1
merged_IT/38_CM27_3.wav,87.08,88.02
merged_IT/38_CM27_3.wav,92.41,92.7
merged_IT/38_CM27_3.wav,96.55,96.97
merged_IT/38_CM27_3.wav,98.98,99.19
merged_IT/38_CM27_3.wav,101.41,103.03
merged_IT/38_CM27_3.wav,103.6,104.95
merged_IT/38_CM27_3.wav,119.63,120.22
merged_IT/38_CM27_3.wav,122.73,123.15
merged_IT/38_CM27_3.wav,126.79,127.37
merged_IT/38_CM27_3.wav,129.02,129.83
merged_IT/38_CM27_3.wav,131.06,131.75
merged_IT/38_CM27_3.wav,133.01,134.2
merged_IT/38_CM27_3.wav,138.94,139.32
merged_IT/38_CM27_3.wav,140.59,141.09
merged_IT/38_CM27_3.wav,143.32,143.67
merged_IT/38_CM27_3.wav,155.32,155.74
merged_IT/38_CM27_3.wav,156.84,157.64
merged_IT/38_CM27_3.wav,160.25,160.93
merged_IT/38_CM27_3.wav,166.79,167.28
merged_IT/38_CM27_3.wav,174.21,174.6
merged_IT/38_CM27_3.wav,179.99,180.38
merged_IT/38_CM27_3.wav,184.32,184.79
merged_IT/38_CM27_3.wav,186.28,186.85
merged_IT/38_CM27_3.wav,187.29,187.5
merged_IT/38_CM27_3.wav,189.67,190.05
merged_IT/38_CM27_3.wav,193.47,194.15
merged_IT/38_CM27_3.wav,198.02,198.44
merged_IT/38_CM27_3.wav,199.93,200.56
merged_IT/38_CM27_3.wav,201.87,202.14
merged_IT/38_CM27_3.wav,203.56,204.61
merged_IT/38_CM27_3.wav,213.68,214.33
merged_IT/38_CM27_3.wav,220.89,221.48
merged_IT/38_CM27_3.wav,227.1,227.31
merged_IT/38_CM27_3.wav,233.55,234.78
merged_IT/38_CM27_3.wav,238.61,240.24
merged_IT/38_CM27_3.wav,241.38,242.31
merged_IT/43_PF53_4.wav,1.14,1.6
merged_IT/43_PF53_4.wav,4.48,5.44
merged_IT/43_PF53_4.wav,8.98,9.33
merged_IT/43_PF53_4.wav,11.0,11.7
merged_IT/43_PF53_4.wav,13.85,14.36
merged_IT/43_PF53_4.wav,18.07,18.55
merged_IT/43_PF53_4.wav,20.05,20.29
merged_IT/43_PF53_4.wav,20.93,21.34
merged_IT/43_PF53_4.wav,22.22,22.99
merged_IT/43_PF53_4.wav,27.76,28.39
merged_IT/43_PF53_4.wav,29.07,30.53
merged_IT/43_PF53_4.wav,31.05,31.27
merged_IT/43_PF53_4.wav,33.96,34.46
merged_IT/43_PF53_4.wav,37.01,37.49
merged_IT/43_PF53_4.wav,39.85,40.22
merged_IT/43_PF53_4.wav,43.07,44.43
merged_IT/43_PF53_4.wav,46.52,46.92
merged_IT/43_PF53_4.wav,47.49,47.82
merged_IT/43_PF53_4.wav,48.52,49.46
merged_IT/43_PF53_4.wav,51.4,51.74
merged_IT/43_PF53_4.wav,52.78,53.18
merged_IT/43_PF53_4.wav,54.22,54.88
merged_IT/43_PF53_4.wav,58.69,59.21
merged_IT/43_PF53_4.wav,60.97,62.89
merged_IT/43_PF53_4.wav,67.64,68.09
merged_IT/43_PF53_4.wav,71.41,71.92
merged_IT/43_PF53_4.wav,76.42,76.79
merged_IT/43_PF53_4.wav,77.74,78.48
merged_IT/43_PF53_4.wav,82.41,82.96
merged_IT/43_PF53_4.wav,87.14,87.47
merged_IT/43_PF53_4.wav,91.16,92.31
merged_IT/43_PF53_4.wav,93.94,94.31
merged_IT/43_PF53_4.wav,96.89,97.27
merged_IT/43_PF53_4.wav,100.12,100.57
merged_IT/43_PF53_4.wav,102.73,103.54
merged_IT/43_PF53_4.wav,106.08,106.83
merged_IT/43_PF53_4.wav,107.36,107.62
merged_IT/43_PF53_4.wav,110.04,110.78
merged_IT/43_PF53_4.wav,114.2,114.65
merged_IT/43_PF53_4.wav,115.02,115.5
merged_IT/43_PF53_4.wav,117.48,118.16
merged_IT/20_PM43_2.wav,4.69,6.07
merged_IT/20_PM43_2.wav,8.85,9.74
merged_IT/20_PM43_2.wav,13.33,14.59
merged_IT/20_PM43_2.wav,19.01,19.62
merged_IT/20_PM43_2.wav,20.93,21.85
merged_IT/20_PM43_2.wav,24.04,24.63
merged_IT/20_PM43_2.wav,27.56,28.57
merged_IT/20_PM43_2.wav,30.59,31.66
merged_IT/20_PM43_2.wav,33.89,34.76
merged_IT/20_PM43_2.wav,36.85,37.49
merged_IT/20_PM43_2.wav,45.74,46.84
merged_IT/20_PM43_2.wav,49.12,49.58
merged_IT/20_PM43_2.wav,51.8,52.3
merged_IT/20_PM43_2.wav,57.71,58.42
merged_IT/20_PM43_2.wav,62.3,63.74
merged_IT/20_PM43_2.wav,67.65,68.96
merged_IT/20_PM43_2.wav,72.33,72.94
merged_IT/20_PM43_2.wav,75.87,76.52
merged_IT/20_PM43_2.wav,78.97,79.54
merged_IT/13_CF45_2.wav,2.06,2.75
merged_IT/13_CF45_2.wav,5.21,6.11
merged_IT/13_CF45_2.wav,8.19,8.62
merged_IT/13_CF45_2.wav,10.85,11.62
merged_IT/13_CF45_2.wav,13.48,14.65
merged_IT/13_CF45_2.wav,18.75,19.37
merged_IT/13_CF45_2.wav,20.2,22.02
merged_IT/13_CF45_2.wav,36.11,36.57
merged_IT/13_CF45_2.wav,37.71,37.92
merged_IT/13_CF45_2.wav,38.01,38.24
merged_IT/13_CF45_2.wav,41.0,42.27
merged_IT/13_CF45_2.wav,43.05,43.54
merged_IT/13_CF45_2.wav,51.27,51.57
merged_IT/13_CF45_2.wav,58.06,58.68
merged_IT/13_CF45_2.wav,59.68,61.17
merged_IT/13_CF45_2.wav,62.85,63.52
merged_IT/13_CF45_2.wav,65.01,65.32
merged_IT/13_CF45_2.wav,67.79,68.2
merged_IT/13_CF45_2.wav,74.58,75.02
merged_IT/13_CF45_2.wav,76.07,76.54
merged_IT/13_CF45_2.wav,77.83,78.29
merged_IT/13_CF45_2.wav,80.29,81.06
merged_IT/13_CF45_2.wav,83.16,83.51
merged_IT/13_CF45_2.wav,84.31,85.23
merged_IT/13_CF45_2.wav,87.83,88.25
merged_IT/13_CF45_2.wav,90.49,91.06
merged_IT/13_CF45_2.wav,92.98,93.84
merged_IT/13_CF45_2.wav,95.99,96.77
merged_IT/13_CF45_2.wav,97.49,98.56
merged_IT/13_CF45_2.wav,102.04,103.68
merged_IT/13_CF45_2.wav,105.36,105.81
merged_IT/13_CF45_2.wav,110.07,111.16
merged_IT/13_CF45_2.wav,113.65,114.01
merged_IT/13_CF45_2.wav,115.87,116.1
merged_IT/13_CF45_2.wav,119.09,119.94
merged_IT/13_CF45_2.wav,123.04,123.29
merged_IT/13_CF45_2.wav,124.11,124.86
merged_IT/13_CF45_2.wav,128.75,129.6
merged_IT/13_CF45_2.wav,130.84,131.12
merged_IT/13_CF45_2.wav,132.34,133.4
merged_IT/13_CF45_2.wav,134.51,135.28
merged_IT/13_CF45_2.wav,139.02,139.42
merged_IT/13_CF45_2.wav,144.66,145.25
merged_IT/13_CF45_2.wav,147.1,148.58
merged_IT/13_CF45_2.wav,149.8,150.35
merged_IT/13_CF45_2.wav,151.68,152.06
merged_IT/13_CF45_2.wav,156.12,156.73
merged_IT/13_CF45_2.wav,159.47,160.03
merged_IT/13_CF45_2.wav,165.1,165.73
merged_IT/13_CF45_2.wav,168.4,168.68
merged_IT/13_CF45_2.wav,170.64,171.16
merged_IT/13_CF45_2.wav,177.72,178.11
merged_IT/13_CF45_2.wav,182.51,182.9
merged_IT/13_CF45_2.wav,185.0,186.3
merged_IT/13_CF45_2.wav,191.1,191.37
merged_IT/13_CF45_2.wav,192.6,193.32
merged_IT/50_CF46_2.wav,2.43,2.79
merged_IT/50_CF46_2.wav,7.55,8.17
merged_IT/50_CF46_2.wav,9.24,9.71
merged_IT/50_CF46_2.wav,11.45,12.03
merged_IT/50_CF46_2.wav,12.93,13.35
merged_IT/50_CF46_2.wav,18.72,19.06
merged_IT/50_CF46_2.wav,22.87,23.57
merged_IT/50_CF46_2.wav,24.5,24.97
merged_IT/50_CF46_2.wav,26.28,26.98
merged_IT/50_CF46_2.wav,32.59,33.16
merged_IT/50_CF46_2.wav,34.55,35.53
merged_IT/50_CF46_2.wav,37.57,38.37
merged_IT/50_CF46_2.wav,39.55,39.9
merged_IT/50_CF46_2.wav,41.32,41.97
merged_IT/50_CF46_2.wav,44.25,44.69
merged_IT/50_CF46_2.wav,46.56,47.05
merged_IT/50_CF46_2.wav,49.46,49.94
merged_IT/50_CF46_2.wav,50.75,51.24
merged_IT/50_CF46_2.wav,60.51,61.13
merged_IT/50_CF46_2.wav,62.85,63.41
merged_IT/50_CF46_2.wav,68.18,68.76
merged_IT/50_CF46_2.wav,72.19,72.42
merged_IT/50_CF46_2.wav,74.13,74.4
merged_IT/50_CF46_2.wav,77.98,78.38
merged_IT/50_CF46_2.wav,82.36,82.82
merged_IT/50_CF46_2.wav,86.09,86.42
merged_IT/50_CF46_2.wav,90.51,91.83
merged_IT/50_CF46_2.wav,94.66,95.35
merged_IT/50_CF46_2.wav,103.69,104.3
merged_IT/50_CF46_2.wav,107.63,108.05
merged_IT/50_CF46_2.wav,109.25,109.81
merged_IT/50_CF46_2.wav,111.03,111.47
merged_IT/50_CF46_2.wav,117.77,118.31
merged_IT/50_CF46_2.wav,122.01,122.57
merged_IT/50_CF46_2.wav,127.03,127.36
merged_IT/50_CF46_2.wav,128.27,128.55
merged_IT/50_CF46_2.wav,129.37,129.59
merged_IT/50_CF46_2.wav,130.54,131.03
merged_IT/50_CF46_2.wav,137.09,137.4
merged_IT/50_CF46_2.wav,140.91,141.27
merged_IT/50_CF46_2.wav,144.39,144.97
merged_IT/50_CF46_2.wav,146.34,146.85
merged_IT/50_CF46_2.wav,148.44,148.75
merged_IT/50_CF46_2.wav,150.99,151.42
merged_IT/50_CF46_2.wav,152.28,152.57
merged_IT/50_CF46_2.wav,153.67,154.15
merged_IT/50_CF46_2.wav,155.97,156.19
merged_IT/50_CF46_2.wav,158.31,159.45
merged_IT/50_CF46_2.wav,160.15,160.84
merged_IT/50_CF46_2.wav,167.5,167.9
merged_IT/10_PF51_1.wav,1.68,2.41
merged_IT/10_PF51_1.wav,3.57,4.35
merged_IT/10_PF51_1.wav,6.63,7.8
merged_IT/10_PF51_1.wav,10.31,10.96
merged_IT/10_PF51_1.wav,12.39,12.6
merged_IT/10_PF51_1.wav,13.4,14.09
merged_IT/10_PF51_1.wav,20.39,22.06
merged_IT/10_PF51_1.wav,28.8,29.37
merged_IT/10_PF51_1.wav,33.4,34.86
merged_IT/10_PF51_1.wav,37.59,37.89
merged_IT/10_PF51_1.wav,41.95,42.61
merged_IT/10_PF51_1.wav,48.74,49.83
merged_IT/10_PF51_1.wav,49.96,50.57
merged_IT/10_PF51_1.wav,51.43,51.93
merged_IT/10_PF51_1.wav,53.27,53.67
merged_IT/10_PF51_1.wav,55.61,56.24
merged_IT/10_PF51_1.wav,58.02,58.42
merged_IT/10_PF51_1.wav,62.42,62.72
merged_IT/10_PF51_1.wav,62.98,63.53
merged_IT/10_PF51_1.wav,64.57,65.33
merged_IT/10_PF51_1.wav,66.08,66.81
merged_IT/10_PF51_1.wav,68.24,68.58
merged_IT/10_PF51_1.wav,69.66,70.13
merged_IT/10_PF51_1.wav,71.35,72.95
merged_IT/10_PF51_1.wav,73.2,73.98
merged_IT/10_PF51_1.wav,74.96,76.54
merged_IT/10_PF51_1.wav,77.97,79.25
merged_IT/10_PF51_1.wav,82.92,83.3
merged_IT/10_PF51_1.wav,84.21,84.78
merged_IT/10_PF51_1.wav,88.38,90.3
merged_IT/10_PF51_1.wav,93.16,95.13
merged_IT/10_PF51_1.wav,106.61,107.61
merged_IT/10_PF51_1.wav,110.38,111.41
merged_IT/10_PF51_1.wav,113.95,114.72
merged_IT/10_PF51_1.wav,118.03,118.45
merged_IT/10_PF51_1.wav,119.32,120.68
merged_IT/10_PF51_1.wav,126.72,126.94
merged_IT/10_PF51_1.wav,128.16,128.87
merged_IT/10_PF51_1.wav,133.71,134.91
merged_IT/10_PF51_1.wav,136.62,136.94
merged_IT/10_PF51_1.wav,137.32,137.64
merged_IT/10_PF51_1.wav,141.29,142.07
merged_IT/10_PF51_1.wav,152.17,152.52
merged_IT/10_PF51_1.wav,155.17,156.7
merged_IT/10_PF51_1.wav,158.72,159.11
merged_IT/10_PF51_1.wav,161.26,161.71
merged_IT/10_PF51_1.wav,163.51,164.9
merged_IT/10_PF51_1.wav,165.05,165.3
merged_IT/10_PF51_1.wav,167.57,169.04
merged_IT/10_PF51_1.wav,169.07,169.37
merged_IT/10_PF51_1.wav,170.22,170.58
merged_IT/10_PF51_1.wav,175.41,175.71
merged_IT/10_PF51_1.wav,177.51,178.19
merged_IT/10_PF51_1.wav,181.1,182.61
merged_IT/10_PF51_1.wav,185.78,186.65
merged_IT/10_PF51_1.wav,188.89,190.42
merged_IT/52_CF29_3.wav,0.0,0.5
merged_IT/52_CF29_3.wav,9.64,9.98
merged_IT/52_CF29_3.wav,10.34,10.8
merged_IT/52_CF29_3.wav,18.31,18.82
merged_IT/52_CF29_3.wav,25.3,25.85
merged_IT/52_CF29_3.wav,36.11,36.9
merged_IT/52_CF29_3.wav,41.26,41.63
merged_IT/52_CF29_3.wav,42.92,43.33
merged_IT/52_CF29_3.wav,44.79,45.52
merged_IT/52_CF29_3.wav,47.89,48.4
merged_IT/52_CF29_3.wav,52.79,53.28
merged_IT/52_CF29_3.wav,57.28,57.69
merged_IT/52_CF29_3.wav,62.04,62.9
merged_IT/52_CF29_3.wav,72.68,73.3
merged_IT/52_CF29_3.wav,84.05,84.59
merged_IT/52_CF29_3.wav,89.74,90.13
merged_IT/52_CF29_3.wav,97.14,97.55
merged_IT/52_CF29_3.wav,100.58,101.26
merged_IT/52_CF29_3.wav,104.72,105.1
merged_IT/52_CF29_3.wav,108.24,108.54
merged_IT/52_CF29_3.wav,111.31,111.77
merged_IT/52_CF29_3.wav,114.73,115.12
merged_IT/52_CF29_3.wav,115.63,116.08
merged_IT/52_CF29_3.wav,119.74,120.15
merged_IT/52_CF29_3.wav,128.96,129.28
merged_IT/52_CF29_3.wav,131.64,132.24
merged_IT/52_CF29_3.wav,134.55,134.97
merged_IT/52_CF29_3.wav,146.43,147.43
merged_IT/52_CF29_3.wav,154.85,155.26
merged_IT/52_CF29_3.wav,157.83,158.77
merged_IT/52_CF29_3.wav,163.87,164.21
merged_IT/12_CF36_1.wav,4.21,4.87
merged_IT/12_CF36_1.wav,8.81,9.38
merged_IT/12_CF36_1.wav,11.25,12.19
merged_IT/12_CF36_1.wav,17.39,17.92
merged_IT/12_CF36_1.wav,21.38,21.8
merged_IT/12_CF36_1.wav,22.57,22.8
merged_IT/12_CF36_1.wav,23.94,24.36
merged_IT/12_CF36_1.wav,30.14,30.77
merged_IT/12_CF36_1.wav,32.23,33.4
merged_IT/12_CF36_1.wav,38.97,39.72
merged_IT/12_CF36_1.wav,42.5,43.25
merged_IT/12_CF36_1.wav,48.1,48.35
merged_IT/12_CF36_1.wav,49.95,50.85
merged_IT/12_CF36_1.wav,62.15,62.5
merged_IT/12_CF36_1.wav,69.54,69.89
merged_IT/12_CF36_1.wav,78.43,78.89
merged_IT/12_CF36_1.wav,89.22,89.82
merged_IT/12_CF36_1.wav,93.89,94.33
merged_IT/12_CF36_1.wav,104.23,104.64
merged_IT/12_CF36_1.wav,105.92,106.58
merged_IT/12_CF36_1.wav,123.74,124.1
merged_IT/12_CF36_1.wav,133.57,133.93
merged_IT/12_CF36_1.wav,150.81,151.54
merged_IT/12_CF36_1.wav,154.34,154.78
merged_IT/12_CF36_1.wav,160.62,160.9
merged_IT/12_CF36_1.wav,162.35,162.81
merged_IT/12_CF36_1.wav,165.85,166.41
merged_IT/12_CF36_1.wav,167.62,168.11
merged_IT/12_CF36_1.wav,174.57,174.94
merged_IT/12_CF36_1.wav,175.55,175.84
merged_IT/12_CF36_1.wav,180.55,180.83
merged_IT/12_CF36_1.wav,182.62,183.62
merged_IT/15_PM63_4.wav,8.35,8.93
merged_IT/15_PM63_4.wav,12.24,12.62
merged_IT/15_PM63_4.wav,15.96,16.58
merged_IT/15_PM63_4.wav,20.01,20.65
merged_IT/15_PM63_4.wav,24.65,25.11
merged_IT/15_PM63_4.wav,32.99,33.45
merged_IT/15_PM63_4.wav,34.4,34.76
merged_IT/15_PM63_4.wav,36.34,36.98
merged_IT/15_PM63_4.wav,38.97,39.31
merged_IT/15_PM63_4.wav,45.49,45.86
merged_IT/15_PM63_4.wav,48.85,49.25
merged_IT/15_PM63_4.wav,53.92,54.56
merged_IT/15_PM63_4.wav,60.74,61.18
merged_IT/15_PM63_4.wav,66.96,67.43
merged_IT/15_PM63_4.wav,69.96,70.69
merged_IT/15_PM63_4.wav,75.34,75.6
merged_IT/15_PM63_4.wav,77.58,77.94
merged_IT/15_PM63_4.wav,85.02,85.24
merged_IT/15_PM63_4.wav,90.67,91.07
merged_IT/15_PM63_4.wav,97.24,97.51
merged_IT/15_PM63_4.wav,103.87,104.89
merged_IT/15_PM63_4.wav,108.58,109.11
merged_IT/15_PM63_4.wav,113.33,113.62
merged_IT/15_PM63_4.wav,122.57,123.14
merged_IT/15_PM63_4.wav,134.24,134.62
merged_IT/15_PM63_4.wav,140.88,141.11
merged_IT/15_PM63_4.wav,141.88,142.34
merged_IT/15_PM63_4.wav,144.85,145.18
merged_IT/15_PM63_4.wav,147.01,147.59
merged_IT/07_PM39_4.wav,4.04,4.48
merged_IT/07_PM39_4.wav,5.85,6.39
merged_IT/07_PM39_4.wav,9.95,10.74
merged_IT/07_PM39_4.wav,17.29,18.59
merged_IT/07_PM39_4.wav,22.74,23.08
merged_IT/07_PM39_4.wav,26.42,26.92
merged_IT/07_PM39_4.wav,29.81,30.46
merged_IT/07_PM39_4.wav,32.43,32.65
merged_IT/07_PM39_4.wav,34.47,34.77
merged_IT/07_PM39_4.wav,40.85,41.17
merged_IT/07_PM39_4.wav,43.66,44.14
merged_IT/07_PM39_4.wav,48.72,49.4
merged_IT/07_PM39_4.wav,52.69,53.24
merged_IT/07_PM39_4.wav,58.45,58.94
merged_IT/07_PM39_4.wav,62.0,62.42
merged_IT/07_PM39_4.wav,63.77,65.24
merged_IT/07_PM39_4.wav,70.34,70.66
merged_IT/07_PM39_4.wav,72.48,72.82
merged_IT/07_PM39_4.wav,74.64,75.24
merged_IT/07_PM39_4.wav,84.84,85.67
merged_IT/07_PM39_4.wav,90.24,90.75
merged_IT/07_PM39_4.wav,96.42,97.06
merged_IT/07_PM39_4.wav,103.08,103.68
merged_IT/07_PM39_4.wav,106.37,106.93
merged_IT/07_PM39_4.wav,109.34,109.94
merged_IT/07_PM39_4.wav,114.34,114.72
merged_IT/07_PM39_4.wav,118.19,118.63
merged_IT/07_PM39_4.wav,124.16,125.09
merged_IT/07_PM39_4.wav,128.94,129.56
merged_IT/07_PM39_4.wav,132.17,132.76
merged_IT/07_PM39_4.wav,134.03,134.37
merged_IT/07_PM39_4.wav,135.54,136.27
merged_IT/07_PM39_4.wav,136.78,137.41
merged_IT/07_PM39_4.wav,142.7,143.11
merged_IT/07_PM39_4.wav,146.76,147.06
merged_IT/07_PM39_4.wav,150.6,151.06
merged_IT/07_PM39_4.wav,153.33,153.83
merged_IT/07_PM39_4.wav,155.19,155.6
merged_IT/07_PM39_4.wav,158.03,159.03
merged_IT/07_PM39_4.wav,160.58,161.02
merged_IT/07_PM39_4.wav,163.69,164.3
merged_IT/07_PM39_4.wav,168.62,169.12
merged_IT/07_PM39_4.wav,170.28,170.5
merged_IT/07_PM39_4.wav,171.19,171.62
merged_IT/07_PM39_4.wav,174.54,174.99
merged_IT/07_PM39_4.wav,181.39,182.5
merged_IT/07_PM39_4.wav,186.81,187.15
merged_IT/07_PM39_4.wav,188.9,189.22
merged_IT/07_PM39_4.wav,194.06,194.39
merged_IT/07_PM39_4.wav,195.86,196.31
merged_IT/07_PM39_4.wav,199.52,200.21
merged_IT/07_PM39_4.wav,204.94,205.28
merged_IT/07_PM39_4.wav,207.33,207.53
merged_IT/07_PM39_4.wav,209.83,210.35
merged_IT/07_PM39_4.wav,211.55,211.86
merged_IT/07_PM39_4.wav,213.25,213.61
merged_IT/07_PM39_4.wav,214.98,215.23
merged_IT/07_PM39_4.wav,220.11,221.19
merged_IT/07_PM39_4.wav,222.35,222.61
merged_IT/07_PM39_4.wav,228.1,228.56
merged_IT/07_PM39_4.wav,229.36,229.6
merged_IT/07_PM39_4.wav,230.71,230.95
merged_IT/07_PM39_4.wav,234.7,235.17
merged_IT/07_PM39_4.wav,242.91,243.27
merged_IT/07_PM39_4.wav,244.74,244.98
merged_IT/07_PM39_4.wav,247.54,247.8
merged_IT/07_PM39_4.wav,249.18,249.61
merged_IT/07_PM39_4.wav,254.79,255.1
merged_IT/07_PM39_4.wav,257.78,258.14
merged_IT/07_PM39_4.wav,263.5,263.78
merged_IT/07_PM39_4.wav,265.19,265.46
merged_IT/07_PM39_4.wav,268.62,269.26
merged_IT/07_PM39_4.wav,272.85,273.14
merged_IT/07_PM39_4.wav,275.63,276.85
merged_IT/07_PM39_4.wav,279.77,280.36
merged_IT/07_PM39_4.wav,284.01,285.11
merged_IT/07_PM39_4.wav,286.89,287.26
merged_IT/07_PM39_4.wav,289.17,289.82
merged_IT/07_PM39_4.wav,292.45,292.78
merged_IT/07_PM39_4.wav,293.77,294.14
merged_IT/07_PM39_4.wav,296.09,296.46
merged_IT/07_PM39_4.wav,297.74,297.96
merged_IT/07_PM39_4.wav,298.94,300.23
merged_IT/07_PM39_4.wav,304.9,305.13
merged_IT/07_PM39_4.wav,308.41,308.73
merged_IT/07_PM39_4.wav,313.13,313.5
merged_IT/07_PM39_4.wav,316.9,317.34
merged_IT/07_PM39_4.wav,329.81,330.22
merged_IT/07_PM39_4.wav,331.85,332.19
merged_IT/07_PM39_4.wav,335.23,335.56
merged_IT/07_PM39_4.wav,337.41,337.77
merged_IT/07_PM39_4.wav,342.41,342.92
merged_IT/07_PM39_4.wav,347.25,347.53
merged_IT/07_PM39_4.wav,349.08,349.5
merged_IT/07_PM39_4.wav,358.44,359.05
merged_IT/07_PM39_4.wav,360.42,361.19
merged_IT/07_PM39_4.wav,362.84,363.7
merged_IT/07_PM39_4.wav,367.38,367.74
merged_IT/07_PM39_4.wav,372.91,373.35
merged_IT/41_PF32_4.wav,1.84,2.61
merged_IT/41_PF32_4.wav,4.69,5.3
merged_IT/41_PF32_4.wav,7.15,7.72
merged_IT/41_PF32_4.wav,10.61,11.98
merged_IT/41_PF32_4.wav,14.33,14.63
merged_IT/41_PF32_4.wav,16.99,17.37
merged_IT/41_PF32_4.wav,19.61,21.37
merged_IT/41_PF32_4.wav,23.99,24.5
merged_IT/41_PF32_4.wav,25.61,25.83
merged_IT/41_PF32_4.wav,25.96,26.23
merged_IT/41_PF32_4.wav,29.52,29.97
merged_IT/41_PF32_4.wav,31.47,31.68
merged_IT/41_PF32_4.wav,32.66,32.9
merged_IT/41_PF32_4.wav,34.67,35.03
merged_IT/41_PF32_4.wav,36.88,37.55
merged_IT/41_PF32_4.wav,41.86,42.37
merged_IT/41_PF32_4.wav,43.45,43.79
merged_IT/41_PF32_4.wav,44.55,46.04
merged_IT/41_PF32_4.wav,46.69,47.31
merged_IT/41_PF32_4.wav,48.83,49.17
merged_IT/41_PF32_4.wav,50.88,51.32
merged_IT/41_PF32_4.wav,52.13,52.61
merged_IT/41_PF32_4.wav,54.61,55.25
merged_IT/41_PF32_4.wav,57.05,57.45
merged_IT/41_PF32_4.wav,63.74,65.16
merged_IT/41_PF32_4.wav,66.08,66.52
merged_IT/41_PF32_4.wav,69.14,69.65
merged_IT/41_PF32_4.wav,73.16,74.05
merged_IT/41_PF32_4.wav,76.7,78.19
merged_IT/41_PF32_4.wav,79.91,80.59
merged_IT/41_PF32_4.wav,84.18,85.06
merged_IT/41_PF32_4.wav,88.36,88.89
merged_IT/41_PF32_4.wav,91.89,92.46
merged_IT/41_PF32_4.wav,95.14,95.61
merged_IT/41_PF32_4.wav,97.63,97.9
merged_IT/41_PF32_4.wav,99.41,100.13
merged_IT/41_PF32_4.wav,103.13,104.64
merged_IT/41_PF32_4.wav,105.38,105.81
merged_IT/41_PF32_4.wav,107.29,108.19
merged_IT/41_PF32_4.wav,109.69,110.97
merged_IT/41_PF32_4.wav,111.78,112.12
merged_IT/41_PF32_4.wav,114.64,114.93
merged_IT/41_PF32_4.wav,116.22,116.44
merged_IT/41_PF32_4.wav,118.37,118.57
merged_IT/41_PF32_4.wav,119.38,119.95
merged_IT/52_PM53_4.wav,6.66,7.81
merged_IT/52_PM53_4.wav,13.69,14.48
merged_IT/52_PM53_4.wav,17.85,18.69
merged_IT/52_PM53_4.wav,23.61,24.01
merged_IT/52_PM53_4.wav,29.55,29.88
merged_IT/52_PM53_4.wav,31.48,31.97
merged_IT/52_PM53_4.wav,36.9,37.15
merged_IT/52_PM53_4.wav,41.4,41.92
merged_IT/52_PM53_4.wav,45.05,45.89
merged_IT/52_PM53_4.wav,52.33,53.2
merged_IT/52_PM53_4.wav,55.14,55.47
merged_IT/52_PM53_4.wav,59.96,60.67
merged_IT/52_PM53_4.wav,70.44,71.22
merged_IT/52_PM53_4.wav,82.72,83.65
merged_IT/52_PM53_4.wav,87.06,87.58
merged_IT/52_PM53_4.wav,89.7,90.72
merged_IT/52_PM53_4.wav,95.38,96.66
merged_IT/52_PM53_4.wav,98.85,99.66
merged_IT/52_PM53_4.wav,102.14,102.66
merged_IT/52_PM53_4.wav,107.4,107.69
merged_IT/52_PM53_4.wav,110.06,110.74
merged_IT/52_PM53_4.wav,115.61,116.4
merged_IT/52_PM53_4.wav,121.93,122.31
merged_IT/52_PM53_4.wav,123.81,124.3
merged_IT/52_PM53_4.wav,125.14,125.5
merged_IT/52_PM53_4.wav,126.91,127.41
merged_IT/52_PM53_4.wav,130.23,130.8
merged_IT/52_PM53_4.wav,137.43,137.7
merged_IT/36_PF38_2.wav,0.79,3.08
merged_IT/36_PF38_2.wav,3.64,4.15
merged_IT/36_PF38_2.wav,6.54,7.56
merged_IT/36_PF38_2.wav,13.69,14.79
merged_IT/36_PF38_2.wav,19.6,20.42
merged_IT/36_PF38_2.wav,22.9,24.47
merged_IT/36_PF38_2.wav,26.21,26.66
merged_IT/36_PF38_2.wav,29.72,30.21
merged_IT/36_PF38_2.wav,32.4,32.62
merged_IT/36_PF38_2.wav,34.64,36.08
merged_IT/36_PF38_2.wav,37.74,38.34
merged_IT/36_PF38_2.wav,40.2,40.69
merged_IT/36_PF38_2.wav,46.83,47.13
merged_IT/36_PF38_2.wav,52.28,52.82
merged_IT/36_PF38_2.wav,53.77,54.33
merged_IT/36_PF38_2.wav,59.18,59.71
merged_IT/36_PF38_2.wav,62.54,63.19
merged_IT/36_PF38_2.wav,68.45,69.0
merged_IT/36_PF38_2.wav,70.53,71.79
merged_IT/36_PF38_2.wav,76.03,76.66
merged_IT/36_PF38_2.wav,78.91,79.67
merged_IT/36_PF38_2.wav,83.92,84.22
merged_IT/36_PF38_2.wav,85.4,86.29
merged_IT/36_PF38_2.wav,89.13,90.17
merged_IT/36_PF38_2.wav,91.57,92.5
merged_IT/36_PF38_2.wav,94.01,94.8
merged_IT/36_PF38_2.wav,99.96,100.37
merged_IT/36_PF38_2.wav,101.75,102.18
merged_IT/36_PF38_2.wav,103.3,104.4
merged_IT/36_PF38_2.wav,106.5,106.75
merged_IT/36_PF38_2.wav,109.19,109.61
merged_IT/36_PF38_2.wav,112.81,113.46
merged_IT/29_CF34_3.wav,3.45,3.97
merged_IT/29_CF34_3.wav,9.38,9.84
merged_IT/29_CF34_3.wav,14.42,14.95
merged_IT/29_CF34_3.wav,20.47,21.01
merged_IT/29_CF34_3.wav,21.99,22.78
merged_IT/29_CF34_3.wav,29.62,30.16
merged_IT/29_CF34_3.wav,33.01,33.46
merged_IT/29_CF34_3.wav,37.36,38.0
merged_IT/29_CF34_3.wav,46.57,47.32
merged_IT/29_CF34_3.wav,52.89,53.25
merged_IT/29_CF34_3.wav,55.55,56.61
merged_IT/29_CF34_3.wav,57.44,57.74
merged_IT/29_CF34_3.wav,62.57,63.31
merged_IT/29_CF34_3.wav,64.85,65.05
merged_IT/29_CF34_3.wav,67.54,68.18
merged_IT/29_CF34_3.wav,73.77,74.21
merged_IT/29_CF34_3.wav,76.33,76.57
merged_IT/29_CF34_3.wav,77.33,77.7
merged_IT/29_CF34_3.wav,80.89,81.2
merged_IT/29_CF34_3.wav,85.65,86.07
merged_IT/29_CF34_3.wav,90.22,90.78
merged_IT/29_CF34_3.wav,94.58,95.07
merged_IT/29_CF34_3.wav,98.81,99.29
merged_IT/29_CF34_3.wav,104.74,105.09
merged_IT/29_CF34_3.wav,117.66,118.42
merged_IT/29_CF34_3.wav,126.3,126.99
merged_IT/29_CF34_3.wav,135.55,136.51
merged_IT/29_CF34_3.wav,140.48,141.18
merged_IT/29_CF34_3.wav,142.81,143.96
merged_IT/29_CF34_3.wav,149.15,149.63
merged_IT/29_CF34_3.wav,158.17,158.59
merged_IT/29_CF34_3.wav,159.7,159.99
merged_IT/29_CF34_3.wav,161.69,161.99
merged_IT/29_CF34_3.wav,168.49,168.7
merged_IT/29_CF34_3.wav,174.77,175.17
merged_IT/29_CF34_3.wav,176.3,176.65
merged_IT/29_CF34_3.wav,180.21,180.7
merged_IT/29_CF34_3.wav,182.79,183.21
merged_IT/29_CF34_3.wav,185.99,186.5
merged_IT/29_CF34_3.wav,192.68,193.46
merged_IT/47_CF61_2.wav,2.12,2.78
merged_IT/47_CF61_2.wav,4.51,5.26
merged_IT/47_CF61_2.wav,6.73,6.96
merged_IT/47_CF61_2.wav,8.79,9.51
merged_IT/47_CF61_2.wav,10.95,12.74
merged_IT/47_CF61_2.wav,15.41,15.89
merged_IT/47_CF61_2.wav,18.51,19.21
merged_IT/47_CF61_2.wav,20.45,20.84
merged_IT/47_CF61_2.wav,22.69,23.31
merged_IT/47_CF61_2.wav,35.21,36.41
merged_IT/47_CF61_2.wav,37.4,37.87
merged_IT/47_CF61_2.wav,42.73,43.1
merged_IT/47_CF61_2.wav,45.42,46.1
merged_IT/47_CF61_2.wav,49.17,49.82
merged_IT/47_CF61_2.wav,50.84,52.01
merged_IT/47_CF61_2.wav,55.08,56.39
merged_IT/47_CF61_2.wav,58.71,59.22
merged_IT/47_CF61_2.wav,61.16,62.13
merged_IT/47_CF61_2.wav,70.51,70.94
merged_IT/47_CF61_2.wav,74.86,75.21
merged_IT/47_CF61_2.wav,75.93,76.67
merged_IT/47_CF61_2.wav,81.5,81.97
merged_IT/47_CF61_2.wav,84.46,85.22
merged_IT/47_CF61_2.wav,89.78,90.35
merged_IT/47_CF61_2.wav,92.17,93.51
merged_IT/47_CF61_2.wav,98.77,99.0
merged_IT/47_CF61_2.wav,99.64,101.08
merged_IT/47_CF61_2.wav,103.96,104.36
merged_IT/47_CF61_2.wav,106.26,107.71
merged_IT/47_CF61_2.wav,107.98,109.52
merged_IT/47_CF61_2.wav,110.09,111.24
merged_IT/47_CF61_2.wav,113.44,114.11
merged_IT/47_CF61_2.wav,114.35,115.04
merged_IT/47_CF61_2.wav,118.08,118.35
merged_IT/47_CF61_2.wav,119.61,120.2
merged_IT/47_CF61_2.wav,121.9,122.38
merged_IT/47_CF61_2.wav,127.71,128.36
merged_IT/47_CF61_2.wav,131.1,131.49
merged_IT/47_CF61_2.wav,133.48,134.12
merged_IT/47_CF61_2.wav,137.72,138.53
merged_IT/47_CF61_2.wav,142.16,142.54
merged_IT/47_CF61_2.wav,143.97,144.74
merged_IT/47_CF61_2.wav,148.77,149.26
merged_IT/47_CF61_2.wav,150.43,150.84
merged_IT/47_CF61_2.wav,163.94,164.53
merged_IT/51_CF52_2.wav,0.23,0.84
merged_IT/51_CF52_2.wav,3.78,4.06
merged_IT/51_CF52_2.wav,5.02,5.22
merged_IT/51_CF52_2.wav,6.72,7.04
merged_IT/51_CF52_2.wav,11.47,12.14
merged_IT/51_CF52_2.wav,12.39,12.59
merged_IT/51_CF52_2.wav,14.94,15.56
merged_IT/51_CF52_2.wav,18.55,18.95
merged_IT/51_CF52_2.wav,20.43,20.86
merged_IT/51_CF52_2.wav,23.92,24.26
merged_IT/51_CF52_2.wav,27.79,28.24
merged_IT/51_CF52_2.wav,41.06,41.29
merged_IT/51_CF52_2.wav,53.93,54.21
merged_IT/51_CF52_2.wav,55.32,55.65
merged_IT/51_CF52_2.wav,59.5,60.1
merged_IT/51_CF52_2.wav,61.77,62.33
merged_IT/51_CF52_2.wav,64.01,65.16
merged_IT/51_CF52_2.wav,71.92,72.3
merged_IT/51_CF52_2.wav,72.93,73.65
merged_IT/51_CF52_2.wav,82.13,82.44
merged_IT/51_CF52_2.wav,87.94,88.27
merged_IT/51_CF52_2.wav,90.02,91.15
merged_IT/51_CF52_2.wav,112.18,112.56
merged_IT/51_CF52_2.wav,115.14,115.45
merged_IT/51_CF52_2.wav,118.66,118.92
merged_IT/51_CF52_2.wav,122.45,122.76
merged_IT/51_CF52_2.wav,123.62,124.62
merged_IT/51_CF52_2.wav,125.01,125.37
merged_IT/51_CF52_2.wav,126.93,127.71
merged_IT/51_CF52_2.wav,128.38,128.75
merged_IT/51_CF52_2.wav,131.9,132.12
merged_IT/51_CF52_2.wav,141.69,142.16
merged_IT/71_PM68_1.wav,3.79,5.18
merged_IT/71_PM68_1.wav,7.07,8.6
merged_IT/71_PM68_1.wav,13.09,14.35
merged_IT/71_PM68_1.wav,19.59,20.02
merged_IT/71_PM68_1.wav,20.86,21.88
merged_IT/71_PM68_1.wav,22.78,23.26
merged_IT/71_PM68_1.wav,25.3,25.52
merged_IT/71_PM68_1.wav,27.82,28.31
merged_IT/71_PM68_1.wav,29.11,29.53
merged_IT/71_PM68_1.wav,31.42,31.9
merged_IT/71_PM68_1.wav,33.8,34.64
merged_IT/71_PM68_1.wav,37.42,38.32
merged_IT/71_PM68_1.wav,40.28,41.63
merged_IT/71_PM68_1.wav,45.59,46.08
merged_IT/71_PM68_1.wav,47.25,47.5
merged_IT/71_PM68_1.wav,48.9,49.65
merged_IT/71_PM68_1.wav,50.14,50.98
merged_IT/71_PM68_1.wav,51.61,51.88
merged_IT/71_PM68_1.wav,52.33,53.87
merged_IT/71_PM68_1.wav,58.17,58.85
merged_IT/71_PM68_1.wav,60.03,60.8
merged_IT/71_PM68_1.wav,63.11,64.26
merged_IT/71_PM68_1.wav,65.23,67.21
merged_IT/71_PM68_1.wav,68.03,68.94
merged_IT/71_PM68_1.wav,72.8,73.01
merged_IT/71_PM68_1.wav,73.8,74.81
merged_IT/71_PM68_1.wav,75.84,76.76
merged_IT/71_PM68_1.wav,81.18,83.94
merged_IT/71_PM68_1.wav,86.06,87.02
merged_IT/71_PM68_1.wav,89.48,90.3
merged_IT/71_PM68_1.wav,91.47,94.57
merged_IT/71_PM68_1.wav,96.94,98.26
merged_IT/71_PM68_1.wav,100.57,102.64
merged_IT/71_PM68_1.wav,106.99,107.77
merged_IT/71_PM68_1.wav,108.44,108.86
merged_IT/71_PM68_1.wav,111.33,112.56
merged_IT/71_PM68_1.wav,114.62,116.26
merged_IT/71_PM68_1.wav,121.83,122.75
merged_IT/71_PM68_1.wav,125.82,126.25
merged_IT/71_PM68_1.wav,128.11,128.68
merged_IT/71_PM68_1.wav,129.71,130.68
merged_IT/71_PM68_1.wav,131.71,132.51
merged_IT/71_PM68_1.wav,137.01,137.66
merged_IT/71_PM68_1.wav,138.37,138.85
merged_IT/71_PM68_1.wav,139.94,140.98
merged_IT/71_PM68_1.wav,142.11,142.54
merged_IT/71_PM68_1.wav,142.69,144.02
merged_IT/71_PM68_1.wav,147.76,148.89
merged_IT/71_PM68_1.wav,155.06,155.46
merged_IT/71_PM68_1.wav,157.92,159.01
merged_IT/71_PM68_1.wav,161.54,162.34
merged_IT/71_PM68_1.wav,163.26,164.42
merged_IT/71_PM68_1.wav,165.6,165.93
merged_IT/71_PM68_1.wav,170.65,171.17
merged_IT/71_PM68_1.wav,172.78,173.34
merged_IT/71_PM68_1.wav,174.44,175.33
merged_IT/71_PM68_1.wav,176.65,177.47
merged_IT/71_PM68_1.wav,179.47,180.24
merged_IT/71_PM68_1.wav,188.17,189.04
merged_IT/71_PM68_1.wav,191.05,191.61
merged_IT/71_PM68_1.wav,192.98,193.98
merged_IT/71_PM68_1.wav,199.07,200.36
merged_IT/71_PM68_1.wav,200.85,201.88
merged_IT/71_PM68_1.wav,205.66,206.17
merged_IT/71_PM68_1.wav,206.92,209.17
merged_IT/71_PM68_1.wav,209.85,210.9
merged_IT/71_PM68_1.wav,211.48,213.72
merged_IT/71_PM68_1.wav,215.63,216.25
merged_IT/71_PM68_1.wav,219.36,220.02
merged_IT/71_PM68_1.wav,220.85,221.16
merged_IT/71_PM68_1.wav,224.16,224.99
merged_IT/71_PM68_1.wav,226.92,227.76
merged_IT/71_PM68_1.wav,229.13,230.31
merged_IT/71_PM68_1.wav,232.49,233.52
merged_IT/71_PM68_1.wav,234.98,235.7
merged_IT/71_PM68_1.wav,236.62,237.27
merged_IT/71_PM68_1.wav,239.38,239.71
merged_IT/71_PM68_1.wav,240.77,241.12
merged_IT/71_PM68_1.wav,243.57,244.42
merged_IT/71_PM68_1.wav,245.48,249.77
merged_IT/71_PM68_1.wav,250.89,251.83
merged_IT/71_PM68_1.wav,254.43,254.9
merged_IT/71_PM68_1.wav,257.18,257.92
merged_IT/71_PM68_1.wav,259.46,261.09
merged_IT/71_PM68_1.wav,262.82,264.23
merged_IT/71_PM68_1.wav,265.77,266.21
merged_IT/71_PM68_1.wav,268.6,269.66
merged_IT/71_PM68_1.wav,270.91,272.36
merged_IT/71_PM68_1.wav,275.3,276.28
merged_IT/71_PM68_1.wav,277.57,279.11
merged_IT/71_PM68_1.wav,281.01,281.61
merged_IT/71_PM68_1.wav,282.48,282.82
merged_IT/53_CF52_1.wav,0.16,1.83
merged_IT/53_CF52_1.wav,2.8,3.14
merged_IT/53_CF52_1.wav,6.05,7.04
merged_IT/53_CF52_1.wav,9.28,9.51
merged_IT/53_CF52_1.wav,9.74,10.07
merged_IT/53_CF52_1.wav,10.93,11.54
merged_IT/53_CF52_1.wav,22.01,22.8
merged_IT/53_CF52_1.wav,26.9,27.36
merged_IT/53_CF52_1.wav,28.72,29.07
merged_IT/53_CF52_1.wav,29.47,29.98
merged_IT/53_CF52_1.wav,30.64,30.87
merged_IT/53_CF52_1.wav,31.03,31.52
merged_IT/53_CF52_1.wav,35.54,35.76
merged_IT/53_CF52_1.wav,36.19,36.86
merged_IT/53_CF52_1.wav,39.67,40.04
merged_IT/53_CF52_1.wav,40.92,41.36
merged_IT/53_CF52_1.wav,45.39,46.38
merged_IT/53_CF52_1.wav,49.84,50.12
merged_IT/53_CF52_1.wav,55.37,56.09
merged_IT/53_CF52_1.wav,57.22,58.04
merged_IT/53_CF52_1.wav,60.85,61.19
merged_IT/53_CF52_1.wav,62.37,63.22
merged_IT/53_CF52_1.wav,64.07,65.32
merged_IT/53_CF52_1.wav,66.65,67.15
merged_IT/53_CF52_1.wav,68.04,69.02
merged_IT/53_CF52_1.wav,72.88,73.68
merged_IT/53_CF52_1.wav,76.64,77.67
merged_IT/53_CF52_1.wav,79.73,80.54
merged_IT/53_CF52_1.wav,81.98,82.92
merged_IT/53_CF52_1.wav,84.77,85.59
merged_IT/53_CF52_1.wav,86.75,88.71
merged_IT/53_CF52_1.wav,90.87,91.53
merged_IT/53_CF52_1.wav,93.94,94.23
merged_IT/53_CF52_1.wav,96.82,97.41
merged_IT/53_CF52_1.wav,98.21,99.11
merged_IT/53_CF52_1.wav,100.22,100.63
merged_IT/53_CF52_1.wav,103.45,104.08
merged_IT/53_CF52_1.wav,105.07,105.81
merged_IT/53_CF52_1.wav,107.59,108.6
merged_IT/53_CF52_1.wav,109.2,109.89
merged_IT/53_CF52_1.wav,111.23,112.69
merged_IT/53_CF52_1.wav,112.98,113.46
merged_IT/53_CF52_1.wav,115.9,116.41
merged_IT/53_CF52_1.wav,119.66,119.93
merged_IT/32_PF51_2.wav,1.98,3.35
merged_IT/32_PF51_2.wav,5.69,7.22
merged_IT/32_PF51_2.wav,11.61,12.21
merged_IT/32_PF51_2.wav,13.66,14.04
merged_IT/32_PF51_2.wav,15.79,16.5
merged_IT/32_PF51_2.wav,19.84,20.39
merged_IT/32_PF51_2.wav,22.17,22.99
merged_IT/32_PF51_2.wav,24.54,25.01
merged_IT/32_PF51_2.wav,27.69,28.38
merged_IT/32_PF51_2.wav,30.15,31.31
merged_IT/32_PF51_2.wav,31.51,31.91
merged_IT/32_PF51_2.wav,36.0,36.94
merged_IT/32_PF51_2.wav,39.26,39.86
merged_IT/32_PF51_2.wav,44.82,45.32
merged_IT/32_PF51_2.wav,49.33,49.7
merged_IT/32_PF51_2.wav,50.78,52.59
merged_IT/32_PF51_2.wav,56.21,56.48
merged_IT/32_PF51_2.wav,57.25,57.45
merged_IT/32_PF51_2.wav,59.93,60.58
merged_IT/21_PM33_3.wav,5.13,5.75
merged_IT/21_PM33_3.wav,8.44,9.4
merged_IT/21_PM33_3.wav,11.64,12.2
merged_IT/21_PM33_3.wav,13.49,14.26
merged_IT/21_PM33_3.wav,17.02,20.04
merged_IT/21_PM33_3.wav,23.37,24.62
merged_IT/21_PM33_3.wav,26.29,27.66
merged_IT/21_PM33_3.wav,30.64,31.01
merged_IT/21_PM33_3.wav,32.68,34.69
merged_IT/21_PM33_3.wav,37.12,37.53
merged_IT/21_PM33_3.wav,39.99,40.48
merged_IT/21_PM33_3.wav,41.52,42.73
merged_IT/21_PM33_3.wav,45.26,49.64
merged_IT/21_PM33_3.wav,53.97,55.64
merged_IT/21_PM33_3.wav,58.9,59.39
merged_IT/21_PM33_3.wav,60.09,61.03
merged_IT/21_PM33_3.wav,62.03,62.25
merged_IT/21_PM33_3.wav,63.27,64.02
merged_IT/21_PM33_3.wav,64.87,65.09
merged_IT/21_PM33_3.wav,65.29,66.37
merged_IT/21_PM33_3.wav,67.75,68.21
merged_IT/21_PM33_3.wav,70.6,71.06
merged_IT/21_PM33_3.wav,73.11,73.31
merged_IT/21_PM33_3.wav,78.07,78.43
merged_IT/21_PM33_3.wav,78.83,80.02
merged_IT/21_PM33_3.wav,84.6,84.94
merged_IT/21_PM33_3.wav,88.74,89.13
merged_IT/18_CM64_3.wav,4.94,5.61
merged_IT/18_CM64_3.wav,11.44,11.87
merged_IT/18_CM64_3.wav,13.89,14.18
merged_IT/18_CM64_3.wav,16.03,16.65
merged_IT/18_CM64_3.wav,19.06,19.78
merged_IT/18_CM64_3.wav,25.59,26.21
merged_IT/18_CM64_3.wav,28.86,29.52
merged_IT/18_CM64_3.wav,33.17,33.81
merged_IT/18_CM64_3.wav,36.8,37.1
merged_IT/18_CM64_3.wav,40.38,40.65
merged_IT/18_CM64_3.wav,45.86,46.39
merged_IT/18_CM64_3.wav,47.78,48.21
merged_IT/18_CM64_3.wav,51.97,52.5
merged_IT/18_CM64_3.wav,58.48,58.96
merged_IT/18_CM64_3.wav,60.35,60.7
merged_IT/18_CM64_3.wav,66.25,67.09
merged_IT/18_CM64_3.wav,68.91,69.19
merged_IT/18_CM64_3.wav,75.23,75.82
merged_IT/18_CM64_3.wav,77.61,78.13
merged_IT/18_CM64_3.wav,79.66,80.11
merged_IT/18_CM64_3.wav,82.47,83.02
merged_IT/18_CM64_3.wav,88.1,88.78
merged_IT/18_CM64_3.wav,89.14,89.57
merged_IT/18_CM64_3.wav,93.65,94.08
merged_IT/18_CM64_3.wav,102.38,102.89
merged_IT/18_CM64_3.wav,104.89,105.52
merged_IT/18_CM64_3.wav,109.46,109.86
merged_IT/18_CM64_3.wav,112.86,113.39
merged_IT/18_CM64_3.wav,119.6,119.87
merged_IT/18_CM64_3.wav,120.87,121.3
merged_IT/18_CM64_3.wav,122.83,123.37
merged_IT/18_CM64_3.wav,129.85,130.22
merged_IT/18_CM64_3.wav,135.02,135.65
merged_IT/18_CM64_3.wav,141.98,143.42
merged_IT/18_CM64_3.wav,146.82,147.09
merged_IT/18_CM64_3.wav,148.47,148.88
merged_IT/18_CM64_3.wav,152.12,152.43
merged_IT/18_CM64_3.wav,155.52,156.07
merged_IT/18_CM64_3.wav,161.49,161.9
merged_IT/18_CM64_3.wav,165.74,166.16
merged_IT/18_CM64_3.wav,167.42,167.7
merged_IT/18_CM64_3.wav,174.42,174.75
merged_IT/18_CM64_3.wav,175.59,175.83
merged_IT/18_CM64_3.wav,182.95,183.42
merged_IT/18_CM64_3.wav,188.74,189.13
merged_IT/18_CM64_3.wav,190.16,190.45
merged_IT/18_CM64_3.wav,195.59,196.06
merged_IT/18_CM64_3.wav,197.34,197.98
merged_IT/18_CM64_3.wav,205.84,207.25
merged_IT/18_CM64_3.wav,213.41,215.32
merged_IT/18_CM64_3.wav,220.15,220.58
merged_IT/18_CM64_3.wav,225.91,226.48
merged_IT/18_CM64_3.wav,236.48,236.9
merged_IT/18_CM64_3.wav,242.47,242.89
merged_IT/18_CM64_3.wav,248.14,248.55
merged_IT/18_CM64_3.wav,251.34,251.7
merged_IT/18_CM64_3.wav,254.7,255.5
merged_IT/18_CM64_3.wav,256.28,256.73
merged_IT/18_CM64_3.wav,260.73,261.03
merged_IT/18_CM64_3.wav,263.75,264.14
merged_IT/18_CM64_3.wav,269.76,270.09
merged_IT/18_CM64_3.wav,275.26,275.5
merged_IT/18_CM64_3.wav,278.03,278.61
merged_IT/18_CM64_3.wav,283.66,284.09
merged_IT/18_CM64_3.wav,288.87,289.24
merged_IT/18_CM64_3.wav,290.8,291.73
merged_IT/18_CM64_3.wav,292.67,293.25
merged_IT/06_PM64_2.wav,2.22,3.21
merged_IT/06_PM64_2.wav,4.26,4.96
merged_IT/06_PM64_2.wav,9.79,10.68
merged_IT/06_PM64_2.wav,12.73,13.52
merged_IT/06_PM64_2.wav,15.23,15.75
merged_IT/06_PM64_2.wav,16.63,17.85
merged_IT/06_PM64_2.wav,19.48,19.82
merged_IT/06_PM64_2.wav,20.96,22.13
merged_IT/06_PM64_2.wav,24.84,26.12
merged_IT/06_PM64_2.wav,29.36,30.0
merged_IT/06_PM64_2.wav,31.67,32.01
merged_IT/06_PM64_2.wav,33.22,34.09
merged_IT/06_PM64_2.wav,35.92,36.51
merged_IT/06_PM64_2.wav,38.0,39.38
merged_IT/06_PM64_2.wav,40.52,41.56
merged_IT/06_PM64_2.wav,45.87,46.33
merged_IT/06_PM64_2.wav,51.29,53.39
merged_IT/06_PM64_2.wav,54.03,55.24
merged_IT/06_PM64_2.wav,56.57,57.12
merged_IT/06_PM64_2.wav,59.43,59.84
merged_IT/06_PM64_2.wav,63.36,63.8
merged_IT/06_PM64_2.wav,65.0,65.33
merged_IT/06_PM64_2.wav,66.44,66.77
merged_IT/06_PM64_2.wav,67.68,67.92
merged_IT/06_PM64_2.wav,69.63,70.22
merged_IT/06_PM64_2.wav,74.17,74.83
merged_IT/06_PM64_2.wav,75.83,76.22
merged_IT/06_PM64_2.wav,78.59,79.09
merged_IT/06_PM64_2.wav,80.97,83.25
merged_IT/06_PM64_2.wav,87.69,88.03
merged_IT/06_PM64_2.wav,88.83,90.05
merged_IT/06_PM64_2.wav,91.73,93.6
merged_IT/06_PM64_2.wav,97.21,97.88
merged_IT/06_PM64_2.wav,100.18,101.96
merged_IT/06_PM64_2.wav,102.98,103.74
merged_IT/06_PM64_2.wav,106.74,107.17
merged_IT/06_PM64_2.wav,107.37,108.18
merged_IT/06_PM64_2.wav,111.36,112.84
merged_IT/06_PM64_2.wav,114.46,115.27
merged_IT/06_PM64_2.wav,118.29,119.07
merged_IT/06_PM64_2.wav,121.79,122.56
merged_IT/06_PM64_2.wav,123.98,124.47
merged_IT/06_PM64_2.wav,126.38,127.95
merged_IT/06_PM64_2.wav,128.73,129.07
merged_IT/06_PM64_2.wav,129.84,130.44
merged_IT/06_PM64_2.wav,131.67,132.2
merged_IT/06_PM64_2.wav,135.04,135.7
merged_IT/06_PM64_2.wav,138.1,140.35
merged_IT/06_PM64_2.wav,141.5,142.99
merged_IT/06_PM64_2.wav,143.57,143.83
merged_IT/06_PM64_2.wav,147.23,148.38
merged_IT/06_PM64_2.wav,155.21,157.32
merged_IT/06_PM64_2.wav,159.1,159.6
merged_IT/06_PM64_2.wav,160.42,160.94
merged_IT/06_PM64_2.wav,164.28,164.83
merged_IT/06_PM64_2.wav,166.12,166.72
merged_IT/06_PM64_2.wav,169.19,169.6
merged_IT/06_PM64_2.wav,170.29,171.23
merged_IT/06_PM64_2.wav,177.9,178.31
merged_IT/06_PM64_2.wav,179.09,179.54
merged_IT/06_PM64_2.wav,180.87,182.78
merged_IT/06_PM64_2.wav,184.26,184.61
merged_IT/06_PM64_2.wav,185.88,186.45
merged_IT/06_PM64_2.wav,188.7,189.73
merged_IT/06_PM64_2.wav,191.94,192.17
merged_IT/06_PM64_2.wav,193.87,194.35
merged_IT/06_PM64_2.wav,196.39,197.86
merged_IT/06_PM64_2.wav,200.06,200.43
merged_IT/06_PM64_2.wav,201.1,201.69
merged_IT/06_PM64_2.wav,203.45,204.51
merged_IT/06_PM64_2.wav,206.52,206.73
merged_IT/06_PM64_2.wav,208.7,209.13
merged_IT/06_PM64_2.wav,210.69,212.99
merged_IT/06_PM64_2.wav,216.35,216.87
merged_IT/06_PM64_2.wav,218.47,218.98
merged_IT/06_PM64_2.wav,220.54,222.41
merged_IT/06_PM64_2.wav,224.37,224.76
merged_IT/06_PM64_2.wav,225.39,226.25
merged_IT/06_PM64_2.wav,228.04,228.59
merged_IT/06_PM64_2.wav,229.84,231.44
merged_IT/06_PM64_2.wav,234.5,235.11
merged_IT/06_PM64_2.wav,237.28,238.1
merged_IT/06_PM64_2.wav,242.94,244.33
merged_IT/06_PM64_2.wav,248.66,249.42
merged_IT/06_PM64_2.wav,252.7,253.72
merged_IT/06_PM64_2.wav,256.9,259.0
merged_IT/06_PM64_2.wav,264.92,267.03
merged_IT/06_PM64_2.wav,268.95,269.38
merged_IT/06_PM64_2.wav,272.49,273.51
merged_IT/06_PM64_2.wav,275.65,277.34
merged_IT/06_PM64_2.wav,280.79,281.64
merged_IT/06_PM64_2.wav,281.91,283.58
merged_IT/06_PM64_2.wav,285.0,285.49
merged_IT/06_PM64_2.wav,288.17,288.41
merged_IT/06_PM64_2.wav,289.63,290.13
merged_IT/06_PM64_2.wav,290.94,291.34
merged_IT/06_PM64_2.wav,295.5,296.52
merged_IT/06_PM64_2.wav,299.3,300.18
merged_IT/06_PM64_2.wav,301.03,301.26
merged_IT/06_PM64_2.wav,306.54,308.58
merged_IT/06_PM64_2.wav,309.08,309.56
merged_IT/56_PM57_4.wav,0.79,1.54
merged_IT/56_PM57_4.wav,5.9,6.46
merged_IT/56_PM57_4.wav,8.51,9.15
merged_IT/56_PM57_4.wav,11.33,12.19
merged_IT/56_PM57_4.wav,19.77,20.27
merged_IT/56_PM57_4.wav,21.83,22.63
merged_IT/56_PM57_4.wav,26.42,26.92
merged_IT/56_PM57_4.wav,31.07,31.52
merged_IT/56_PM57_4.wav,32.56,33.11
merged_IT/56_PM57_4.wav,34.11,35.23
merged_IT/56_PM57_4.wav,35.39,35.9
merged_IT/56_PM57_4.wav,36.14,37.18
merged_IT/56_PM57_4.wav,41.3,41.71
merged_IT/56_PM57_4.wav,43.06,43.78
merged_IT/56_PM57_4.wav,45.72,46.18
merged_IT/56_PM57_4.wav,47.97,49.41
merged_IT/56_PM57_4.wav,50.31,51.16
merged_IT/56_PM57_4.wav,56.98,57.66
merged_IT/56_PM57_4.wav,58.77,60.74
merged_IT/56_PM57_4.wav,63.77,64.19
merged_IT/56_PM57_4.wav,67.2,67.62
merged_IT/56_PM57_4.wav,69.46,70.14
merged_IT/56_PM57_4.wav,72.44,72.88
merged_IT/56_PM57_4.wav,73.99,74.45
merged_IT/56_PM57_4.wav,77.02,78.39
merged_IT/56_PM57_4.wav,79.57,80.47
merged_IT/56_PM57_4.wav,84.63,86.58
merged_IT/56_PM57_4.wav,92.46,93.0
merged_IT/56_PM57_4.wav,94.23,94.7
merged_IT/56_PM57_4.wav,96.77,97.31
merged_IT/56_PM57_4.wav,99.4,100.99
merged_IT/56_PM57_4.wav,101.5,102.29
merged_IT/56_PM57_4.wav,110.5,110.91
merged_IT/56_PM57_4.wav,112.82,114.0
merged_IT/56_PM57_4.wav,117.82,119.28
merged_IT/56_PM57_4.wav,123.04,123.45
merged_IT/56_PM57_4.wav,125.1,125.55
merged_IT/56_PM57_4.wav,128.19,130.41
merged_IT/56_PM57_4.wav,131.31,131.6
merged_IT/56_PM57_4.wav,133.56,134.03
merged_IT/56_PM57_4.wav,136.68,136.99
merged_IT/56_PM57_4.wav,138.3,138.67
merged_IT/56_PM57_4.wav,141.12,141.99
merged_IT/56_PM57_4.wav,145.94,146.39
merged_IT/56_PM57_4.wav,148.85,149.2
merged_IT/56_PM57_4.wav,150.06,150.78
merged_IT/56_PM57_4.wav,152.75,153.93
merged_IT/56_PM57_4.wav,154.98,155.41
merged_IT/56_PM57_4.wav,156.74,158.18
merged_IT/56_PM57_4.wav,158.93,159.35
merged_IT/56_PM57_4.wav,160.77,162.58
merged_IT/56_PM57_4.wav,166.12,166.58
merged_IT/56_PM57_4.wav,168.3,169.5
merged_IT/56_PM57_4.wav,169.75,170.18
merged_IT/38_PF31_2.wav,0.7,1.6
merged_IT/38_PF31_2.wav,4.78,5.02
merged_IT/38_PF31_2.wav,8.54,9.1
merged_IT/38_PF31_2.wav,13.52,14.3
merged_IT/38_PF31_2.wav,19.21,19.59
merged_IT/38_PF31_2.wav,22.85,23.34
merged_IT/38_PF31_2.wav,27.15,28.06
merged_IT/38_PF31_2.wav,29.74,29.99
merged_IT/38_PF31_2.wav,34.73,35.77
merged_IT/38_PF31_2.wav,38.97,39.74
merged_IT/38_PF31_2.wav,40.7,41.12
merged_IT/38_PF31_2.wav,41.82,42.15
merged_IT/38_PF31_2.wav,43.68,44.28
merged_IT/38_PF31_2.wav,48.49,48.92
merged_IT/38_PF31_2.wav,52.94,53.4
merged_IT/38_PF31_2.wav,57.15,57.72
merged_IT/38_PF31_2.wav,58.98,59.67
merged_IT/38_PF31_2.wav,62.41,63.24
merged_IT/38_PF31_2.wav,66.7,67.17
merged_IT/38_PF31_2.wav,75.44,75.93
merged_IT/38_PF31_2.wav,77.03,77.54
merged_IT/38_PF31_2.wav,81.78,82.06
merged_IT/38_PF31_2.wav,87.18,88.0
merged_IT/38_PF31_2.wav,94.39,94.64
merged_IT/38_PF31_2.wav,95.78,96.34
merged_IT/38_PF31_2.wav,100.61,101.02
merged_IT/38_PF31_2.wav,106.9,107.32
merged_IT/38_PF31_2.wav,109.01,109.29
merged_IT/44_CF37_3.wav,2.96,5.54
merged_IT/44_CF37_3.wav,10.91,11.75
merged_IT/44_CF37_3.wav,12.65,12.97
merged_IT/44_CF37_3.wav,14.4,15.75
merged_IT/44_CF37_3.wav,18.76,19.59
merged_IT/44_CF37_3.wav,33.7,34.17
merged_IT/44_CF37_3.wav,35.63,36.18
merged_IT/44_CF37_3.wav,38.16,38.85
merged_IT/44_CF37_3.wav,39.69,40.6
merged_IT/44_CF37_3.wav,43.56,44.28
merged_IT/44_CF37_3.wav,53.27,53.84
merged_IT/44_CF37_3.wav,56.94,57.15
merged_IT/44_CF37_3.wav,61.09,61.35
merged_IT/44_CF37_3.wav,67.92,68.35
merged_IT/44_CF37_3.wav,69.29,69.81
merged_IT/44_CF37_3.wav,73.5,73.99
merged_IT/44_CF37_3.wav,75.74,76.29
merged_IT/44_CF37_3.wav,81.29,82.3
merged_IT/44_CF37_3.wav,83.53,84.98
merged_IT/44_CF37_3.wav,88.38,88.86
merged_IT/44_CF37_3.wav,90.51,91.73
merged_IT/44_CF37_3.wav,95.04,95.51
merged_IT/44_CF37_3.wav,100.66,101.28
merged_IT/44_CF37_3.wav,103.33,103.58
merged_IT/44_CF37_3.wav,105.84,106.3
merged_IT/44_CF37_3.wav,107.93,108.59
merged_IT/44_CF37_3.wav,111.48,112.1
merged_IT/44_CF37_3.wav,115.36,115.89
merged_IT/44_CF37_3.wav,119.01,119.42
merged_IT/44_CF37_3.wav,122.59,123.01
merged_IT/44_CF37_3.wav,128.48,129.59
merged_IT/44_CF37_3.wav,139.46,140.26
merged_IT/44_CF37_3.wav,141.17,141.89
merged_IT/44_CF37_3.wav,142.49,142.92
merged_IT/44_CF37_3.wav,148.33,148.9
merged_IT/44_CF37_3.wav,153.87,154.11
merged_IT/44_CF37_3.wav,155.14,155.89
merged_IT/44_CF37_3.wav,163.57,164.08
merged_IT/44_CF37_3.wav,167.65,167.85
merged_IT/44_CF37_3.wav,170.21,170.52
merged_IT/44_CF37_3.wav,172.94,173.66
merged_IT/44_CF37_3.wav,176.87,177.35
merged_IT/44_CF37_3.wav,178.67,179.69
merged_IT/44_CF37_3.wav,187.29,187.89
merged_IT/44_CF37_3.wav,193.01,193.39
merged_IT/44_CF37_3.wav,198.59,198.95
merged_IT/44_CF37_3.wav,208.27,208.79
merged_IT/49_CM54_4.wav,0.0,0.57
merged_IT/49_CM54_4.wav,6.17,7.05
merged_IT/49_CM54_4.wav,11.1,12.04
merged_IT/49_CM54_4.wav,14.74,15.34
merged_IT/49_CM54_4.wav,18.27,19.04
merged_IT/49_CM54_4.wav,21.42,21.91
merged_IT/49_CM54_4.wav,23.33,23.93
merged_IT/49_CM54_4.wav,32.97,33.53
merged_IT/49_CM54_4.wav,35.37,35.81
merged_IT/49_CM54_4.wav,37.77,38.51
merged_IT/49_CM54_4.wav,42.38,43.44
merged_IT/49_CM54_4.wav,45.84,46.33
merged_IT/49_CM54_4.wav,49.66,50.08
merged_IT/49_CM54_4.wav,64.41,65.07
merged_IT/49_CM54_4.wav,68.02,68.38
merged_IT/49_CM54_4.wav,74.52,74.95
merged_IT/49_CM54_4.wav,80.82,81.34
merged_IT/49_CM54_4.wav,88.64,89.67
merged_IT/49_CM54_4.wav,90.69,91.06
merged_IT/49_CM54_4.wav,95.61,96.27
merged_IT/49_CM54_4.wav,106.21,106.85
merged_IT/49_CM54_4.wav,108.22,108.76
merged_IT/49_CM54_4.wav,112.26,112.57
merged_IT/49_CM54_4.wav,116.09,118.09
merged_IT/49_CM54_4.wav,120.89,121.16
merged_IT/49_CM54_4.wav,126.17,126.66
merged_IT/49_CM54_4.wav,128.57,129.12
merged_IT/49_CM54_4.wav,143.79,144.33
merged_IT/49_CM54_4.wav,148.42,149.7
merged_IT/49_CM54_4.wav,156.95,157.58
merged_IT/49_CM54_4.wav,162.91,163.56
merged_IT/49_CM54_4.wav,167.08,168.24
merged_IT/49_CM54_4.wav,172.99,173.5
merged_IT/49_CM54_4.wav,176.56,177.02
merged_IT/49_CM54_4.wav,185.19,187.07
merged_IT/49_CM54_4.wav,189.32,189.55
merged_IT/49_CM54_4.wav,198.01,198.68
merged_IT/14_CF49_3.wav,3.82,4.52
merged_IT/14_CF49_3.wav,4.64,5.5
merged_IT/14_CF49_3.wav,9.09,9.88
merged_IT/14_CF49_3.wav,12.26,12.61
merged_IT/14_CF49_3.wav,15.24,15.82
merged_IT/14_CF49_3.wav,16.9,17.26
merged_IT/14_CF49_3.wav,19.75,21.47
merged_IT/14_CF49_3.wav,22.34,22.67
merged_IT/14_CF49_3.wav,23.91,24.49
merged_IT/14_CF49_3.wav,26.51,27.05
merged_IT/14_CF49_3.wav,29.06,29.5
merged_IT/14_CF49_3.wav,31.98,32.45
merged_IT/14_CF49_3.wav,34.06,34.44
merged_IT/14_CF49_3.wav,36.34,37.48
merged_IT/14_CF49_3.wav,39.9,40.44
merged_IT/14_CF49_3.wav,43.9,44.46
merged_IT/14_CF49_3.wav,48.04,48.48
merged_IT/14_CF49_3.wav,54.07,54.5
merged_IT/14_CF49_3.wav,56.38,56.83
merged_IT/14_CF49_3.wav,61.19,61.65
merged_IT/14_CF49_3.wav,68.37,68.82
merged_IT/14_CF49_3.wav,73.61,74.05
merged_IT/14_CF49_3.wav,78.72,79.36
merged_IT/14_CF49_3.wav,81.51,81.87
merged_IT/14_CF49_3.wav,85.3,86.44
merged_IT/14_CF49_3.wav,90.7,91.46
merged_IT/14_CF49_3.wav,96.36,96.79
merged_IT/14_CF49_3.wav,98.54,99.06
merged_IT/14_CF49_3.wav,100.97,101.98
merged_IT/14_CF49_3.wav,104.3,104.7
merged_IT/14_CF49_3.wav,112.62,113.16
merged_IT/14_CF49_3.wav,114.73,115.46
merged_IT/14_CF49_3.wav,121.15,121.81
merged_IT/14_CF49_3.wav,123.61,123.96
merged_IT/14_CF49_3.wav,130.15,130.48
merged_IT/14_CF49_3.wav,133.57,133.96
merged_IT/14_CF49_3.wav,135.9,136.49
merged_IT/14_CF49_3.wav,141.84,142.26
merged_IT/14_CF49_3.wav,145.2,145.6
merged_IT/14_CF49_3.wav,154.89,155.39
merged_IT/14_CF49_3.wav,161.03,161.57
merged_IT/14_CF49_3.wav,170.03,170.49
merged_IT/14_CF49_3.wav,172.75,173.2
merged_IT/14_CF49_3.wav,177.39,178.03
merged_IT/14_CF49_3.wav,180.85,181.35
merged_IT/14_CF49_3.wav,182.96,183.45
merged_IT/14_CF49_3.wav,188.18,188.73
merged_IT/14_CF49_3.wav,191.82,192.05
merged_IT/14_CF49_3.wav,196.57,197.21
merged_IT/24_PF56_2.wav,0.54,3.17
merged_IT/24_PF56_2.wav,6.63,8.1
merged_IT/24_PF56_2.wav,17.21,17.77
merged_IT/24_PF56_2.wav,19.94,20.59
merged_IT/24_PF56_2.wav,25.59,27.29
merged_IT/24_PF56_2.wav,33.47,34.36
merged_IT/24_PF56_2.wav,40.72,41.3
merged_IT/24_PF56_2.wav,44.77,45.35
merged_IT/24_PF56_2.wav,48.1,49.3
merged_IT/24_PF56_2.wav,52.07,53.1
merged_IT/24_PF56_2.wav,56.2,56.86
merged_IT/24_PF56_2.wav,65.69,66.21
merged_IT/24_PF56_2.wav,67.82,69.19
merged_IT/24_PF56_2.wav,71.14,71.75
merged_IT/24_PF56_2.wav,76.45,77.23
merged_IT/24_PF56_2.wav,80.19,80.78
merged_IT/24_PF56_2.wav,86.63,87.65
merged_IT/24_PF56_2.wav,89.55,90.22
merged_IT/24_PF56_2.wav,92.86,93.76
merged_IT/24_PF56_2.wav,98.02,98.59
merged_IT/24_PF56_2.wav,100.22,100.83
merged_IT/24_PF56_2.wav,103.64,104.24
merged_IT/24_PF56_2.wav,106.06,106.27
merged_IT/24_PF56_2.wav,106.47,106.72
merged_IT/24_PF56_2.wav,107.35,107.76
merged_IT/24_PF56_2.wav,113.86,114.9
merged_IT/24_PF56_2.wav,117.13,117.47
merged_IT/24_PF56_2.wav,120.54,121.57
merged_IT/24_PF56_2.wav,124.03,125.09
merged_IT/24_PF56_2.wav,128.49,129.19
merged_IT/24_PF56_2.wav,132.28,133.75
merged_IT/24_PF56_2.wav,136.45,137.03
merged_IT/24_PF56_2.wav,138.25,138.93
merged_IT/24_PF56_2.wav,140.16,140.47
merged_IT/24_PF56_2.wav,141.14,141.46
merged_IT/24_PF56_2.wav,142.61,142.93
merged_IT/24_PF56_2.wav,143.38,143.76
merged_IT/24_PF56_2.wav,145.78,146.6
merged_IT/24_PF56_2.wav,147.05,148.82
merged_IT/06_CF44_2.wav,15.15,15.55
merged_IT/06_CF44_2.wav,29.21,29.77
merged_IT/06_CF44_2.wav,30.7,31.18
merged_IT/06_CF44_2.wav,43.21,43.67
merged_IT/06_CF44_2.wav,50.09,50.6
merged_IT/06_CF44_2.wav,53.77,54.63
merged_IT/06_CF44_2.wav,61.54,61.98
merged_IT/06_CF44_2.wav,71.66,72.17
merged_IT/06_CF44_2.wav,78.6,79.23
merged_IT/06_CF44_2.wav,80.8,81.2
merged_IT/06_CF44_2.wav,85.12,85.53
merged_IT/06_CF44_2.wav,90.53,90.98
merged_IT/06_CF44_2.wav,94.25,94.71
merged_IT/06_CF44_2.wav,96.56,97.07
merged_IT/06_CF44_2.wav,98.66,99.86
merged_IT/06_CF44_2.wav,100.69,101.08
merged_IT/06_CF44_2.wav,101.97,102.74
merged_IT/06_CF44_2.wav,104.13,104.48
merged_IT/06_CF44_2.wav,105.71,106.62
merged_IT/06_CF44_2.wav,107.71,108.29
merged_IT/06_CF44_2.wav,109.43,109.8
merged_IT/06_CF44_2.wav,115.64,116.07
merged_IT/06_CF44_2.wav,124.46,124.75
merged_IT/06_CF44_2.wav,126.9,127.65
merged_IT/06_CF44_2.wav,136.02,136.41
merged_IT/06_CF44_2.wav,139.81,140.15
merged_IT/06_CF44_2.wav,142.27,142.63
merged_IT/06_CF44_2.wav,148.05,148.64
merged_IT/06_CF44_2.wav,151.75,152.25
merged_IT/06_CF44_2.wav,156.17,156.66
merged_IT/06_CF44_2.wav,162.87,163.25
merged_IT/06_CF44_2.wav,165.96,168.16
merged_IT/06_CF44_2.wav,176.66,177.1
merged_IT/06_CF44_2.wav,182.57,183.12
merged_IT/06_CF44_2.wav,183.93,184.38
merged_IT/06_CF44_2.wav,186.36,187.1
merged_IT/06_CF44_2.wav,189.91,190.19
merged_IT/06_CF44_2.wav,191.14,191.57
merged_IT/06_CF44_2.wav,193.06,193.79
merged_IT/06_CF44_2.wav,195.01,195.32
merged_IT/06_CF44_2.wav,196.63,197.27
merged_IT/06_CF44_2.wav,198.88,200.17
merged_IT/06_CF44_2.wav,202.72,203.27
merged_IT/06_CF44_2.wav,205.77,206.08
merged_IT/06_CF44_2.wav,210.43,210.8
merged_IT/50_PF35_3.wav,4.12,5.02
merged_IT/50_PF35_3.wav,9.86,10.73
merged_IT/50_PF35_3.wav,16.84,17.13
merged_IT/50_PF35_3.wav,17.5,18.09
merged_IT/50_PF35_3.wav,19.04,19.42
merged_IT/50_PF35_3.wav,24.44,25.53
merged_IT/50_PF35_3.wav,27.24,27.63
merged_IT/50_PF35_3.wav,31.92,32.52
merged_IT/50_PF35_3.wav,36.81,37.48
merged_IT/50_PF35_3.wav,40.68,41.11
merged_IT/50_PF35_3.wav,42.51,43.74
merged_IT/50_PF35_3.wav,44.56,45.05
merged_IT/50_PF35_3.wav,47.74,48.26
merged_IT/50_PF35_3.wav,53.96,54.44
merged_IT/50_PF35_3.wav,62.23,62.78
merged_IT/50_PF35_3.wav,68.5,68.96
merged_IT/50_PF35_3.wav,74.31,74.95
merged_IT/50_PF35_3.wav,80.45,80.75
merged_IT/50_PF35_3.wav,81.3,82.1
merged_IT/50_PF35_3.wav,83.05,83.48
merged_IT/50_PF35_3.wav,86.23,86.7
merged_IT/50_PF35_3.wav,88.58,89.06
merged_IT/50_PF35_3.wav,97.06,97.5
merged_IT/50_PF35_3.wav,101.47,101.85
merged_IT/50_PF35_3.wav,108.85,109.3
merged_IT/37_CF69_1.wav,2.69,3.11
merged_IT/37_CF69_1.wav,3.75,4.14
merged_IT/37_CF69_1.wav,6.58,7.87
merged_IT/37_CF69_1.wav,10.5,11.35
merged_IT/37_CF69_1.wav,13.74,14.7
merged_IT/37_CF69_1.wav,17.74,17.99
merged_IT/37_CF69_1.wav,19.35,19.93
merged_IT/37_CF69_1.wav,21.89,22.14
merged_IT/37_CF69_1.wav,24.53,25.49
merged_IT/37_CF69_1.wav,25.91,26.75
merged_IT/37_CF69_1.wav,31.53,32.15
merged_IT/37_CF69_1.wav,33.98,34.22
merged_IT/37_CF69_1.wav,34.55,35.71
merged_IT/37_CF69_1.wav,37.53,38.6
merged_IT/37_CF69_1.wav,39.58,40.08
merged_IT/37_CF69_1.wav,43.17,43.78
merged_IT/37_CF69_1.wav,45.63,46.13
merged_IT/37_CF69_1.wav,50.71,50.99
merged_IT/37_CF69_1.wav,54.68,55.31
merged_IT/37_CF69_1.wav,58.66,58.96
merged_IT/37_CF69_1.wav,66.52,66.85
merged_IT/37_CF69_1.wav,69.6,70.79
merged_IT/37_CF69_1.wav,72.79,73.42
merged_IT/37_CF69_1.wav,75.49,77.47
merged_IT/37_CF69_1.wav,79.49,79.75
merged_IT/37_CF69_1.wav,81.43,81.79
merged_IT/37_CF69_1.wav,82.67,83.35
merged_IT/37_CF69_1.wav,85.22,85.92
merged_IT/37_CF69_1.wav,87.0,87.48
merged_IT/37_CF69_1.wav,90.81,92.15
merged_IT/37_CF69_1.wav,94.53,94.92
merged_IT/37_CF69_1.wav,103.69,103.99
merged_IT/37_CF69_1.wav,108.76,108.97
merged_IT/37_CF69_1.wav,117.66,118.33
merged_IT/37_CF69_1.wav,121.3,121.79
merged_IT/37_CF69_1.wav,123.07,124.08
merged_IT/37_CF69_1.wav,127.15,127.75
merged_IT/37_CF69_1.wav,133.79,134.02
merged_IT/37_CF69_1.wav,135.63,136.01
merged_IT/37_CF69_1.wav,138.68,139.67
merged_IT/37_CF69_1.wav,152.71,153.01
merged_IT/37_CF69_1.wav,154.14,155.11
merged_IT/37_CF69_1.wav,155.18,155.82
merged_IT/37_CF69_1.wav,156.45,156.66
merged_IT/37_CF69_1.wav,158.35,158.57
merged_IT/37_CF69_1.wav,158.85,159.64
merged_IT/37_CF69_1.wav,160.13,160.79
merged_IT/37_CF69_1.wav,162.9,163.42
merged_IT/37_CF69_1.wav,164.44,164.94
merged_IT/37_CF69_1.wav,169.49,169.7
merged_IT/37_CF69_1.wav,170.77,171.2
merged_IT/37_CF69_1.wav,173.01,173.25
merged_IT/37_CF69_1.wav,173.91,175.11
merged_IT/37_CF69_1.wav,176.02,176.27
merged_IT/37_CF69_1.wav,179.26,179.73
merged_IT/37_CF69_1.wav,182.18,182.48
merged_IT/37_CF69_1.wav,185.14,186.45
merged_IT/37_CF69_1.wav,188.42,189.32
merged_IT/37_CF69_1.wav,197.61,198.34
merged_IT/37_CF69_1.wav,200.19,200.56
merged_IT/37_CF69_1.wav,201.46,202.89
merged_IT/37_CF69_1.wav,204.7,206.31
merged_IT/37_CF69_1.wav,207.94,209.53
merged_IT/37_CF69_1.wav,210.75,212.1
merged_IT/37_CF69_1.wav,212.7,213.27
merged_IT/37_CF69_1.wav,213.34,214.05
merged_IT/37_CF69_1.wav,219.66,220.0
merged_IT/37_CF69_1.wav,220.94,221.26
merged_IT/37_CF69_1.wav,224.4,225.1
merged_IT/37_CF69_1.wav,227.66,229.31
merged_IT/37_CF69_1.wav,230.59,231.32
merged_IT/37_CF69_1.wav,232.45,232.81
merged_IT/37_CF69_1.wav,234.35,234.89
merged_IT/37_CF69_1.wav,236.53,237.06
merged_IT/37_CF69_1.wav,238.67,238.96
merged_IT/37_CF69_1.wav,239.78,240.67
merged_IT/37_CF69_1.wav,244.45,244.96
merged_IT/37_CF69_1.wav,247.16,248.07
merged_IT/37_CF69_1.wav,248.59,249.1
merged_IT/37_CF69_1.wav,250.26,250.79
merged_IT/31_CF55_2.wav,0.0,0.32
merged_IT/31_CF55_2.wav,2.47,2.76
merged_IT/31_CF55_2.wav,8.96,10.06
merged_IT/31_CF55_2.wav,12.9,13.15
merged_IT/31_CF55_2.wav,14.22,14.88
merged_IT/31_CF55_2.wav,18.82,19.28
merged_IT/31_CF55_2.wav,19.7,19.98
merged_IT/31_CF55_2.wav,20.89,21.27
merged_IT/31_CF55_2.wav,23.09,24.02
merged_IT/31_CF55_2.wav,24.7,25.14
merged_IT/31_CF55_2.wav,26.36,27.81
merged_IT/31_CF55_2.wav,29.11,29.87
merged_IT/31_CF55_2.wav,31.05,31.45
merged_IT/31_CF55_2.wav,45.53,45.81
merged_IT/31_CF55_2.wav,48.52,49.64
merged_IT/31_CF55_2.wav,50.36,51.1
merged_IT/31_CF55_2.wav,52.69,53.43
merged_IT/31_CF55_2.wav,55.55,56.18
merged_IT/31_CF55_2.wav,57.51,58.08
merged_IT/31_CF55_2.wav,58.31,58.54
merged_IT/31_CF55_2.wav,60.57,61.89
merged_IT/31_CF55_2.wav,62.99,63.56
merged_IT/31_CF55_2.wav,63.95,64.67
merged_IT/31_CF55_2.wav,67.58,67.83
merged_IT/31_CF55_2.wav,69.32,69.91
merged_IT/31_CF55_2.wav,73.67,74.68
merged_IT/31_CF55_2.wav,75.57,76.2
merged_IT/31_CF55_2.wav,81.63,82.0
merged_IT/31_CF55_2.wav,87.42,88.24
merged_IT/31_CF55_2.wav,88.72,89.26
merged_IT/31_CF55_2.wav,92.67,93.03
merged_IT/31_CF55_2.wav,94.59,95.09
merged_IT/31_CF55_2.wav,97.73,98.57
merged_IT/31_CF55_2.wav,99.16,99.93
merged_IT/31_CF55_2.wav,103.71,105.32
merged_IT/31_CF55_2.wav,111.5,112.02
merged_IT/31_CF55_2.wav,114.27,114.96
merged_IT/31_CF55_2.wav,117.95,118.31
merged_IT/31_CF55_2.wav,119.17,119.46
merged_IT/31_CF55_2.wav,128.51,129.47
merged_IT/31_CF55_2.wav,131.44,131.99
merged_IT/31_CF55_2.wav,133.2,133.56
merged_IT/31_CF55_2.wav,134.56,135.14
merged_IT/31_CF55_2.wav,135.75,136.27
merged_IT/25_CF59_3.wav,0.44,0.85
merged_IT/25_CF59_3.wav,5.69,6.09
merged_IT/25_CF59_3.wav,14.01,14.55
merged_IT/25_CF59_3.wav,21.65,22.07
merged_IT/25_CF59_3.wav,25.68,25.98
merged_IT/25_CF59_3.wav,31.34,31.56
merged_IT/25_CF59_3.wav,33.85,34.08
merged_IT/25_CF59_3.wav,36.17,36.68
merged_IT/25_CF59_3.wav,39.99,40.29
merged_IT/25_CF59_3.wav,44.76,45.11
merged_IT/25_CF59_3.wav,47.58,48.4
merged_IT/25_CF59_3.wav,55.91,56.31
merged_IT/25_CF59_3.wav,60.42,60.83
merged_IT/25_CF59_3.wav,60.89,61.4
merged_IT/25_CF59_3.wav,61.65,62.12
merged_IT/25_CF59_3.wav,68.17,68.44
merged_IT/25_CF59_3.wav,69.38,69.68
merged_IT/25_CF59_3.wav,78.08,78.66
merged_IT/25_CF59_3.wav,82.73,83.12
merged_IT/25_CF59_3.wav,89.08,90.18
merged_IT/25_CF59_3.wav,94.51,95.28
merged_IT/25_CF59_3.wav,102.83,104.0
merged_IT/25_CF59_3.wav,105.4,105.81
merged_IT/25_CF59_3.wav,110.02,110.36
merged_IT/25_CF59_3.wav,110.5,110.85
merged_IT/25_CF59_3.wav,118.95,119.62
merged_IT/25_CF59_3.wav,123.93,124.39
merged_IT/25_CF59_3.wav,129.02,129.45
merged_IT/25_CF59_3.wav,134.78,135.25
merged_IT/25_CF59_3.wav,137.37,137.66
merged_IT/25_CF59_3.wav,139.75,140.16
merged_IT/25_CF59_3.wav,142.58,142.95
merged_IT/25_CF59_3.wav,148.08,149.31
merged_IT/25_CF59_3.wav,152.2,152.55
merged_IT/25_CF59_3.wav,158.66,158.99
merged_IT/25_CF59_3.wav,162.67,163.08
merged_IT/25_CF59_3.wav,170.78,171.4
merged_IT/25_CF59_3.wav,179.29,179.6
merged_IT/25_CF59_3.wav,182.25,182.85
merged_IT/25_CF59_3.wav,193.09,193.95
merged_IT/25_CF59_3.wav,196.42,196.87
merged_IT/25_CF59_3.wav,201.15,201.93
merged_IT/25_CF59_3.wav,203.28,203.66
merged_IT/25_CF59_3.wav,205.97,207.2
merged_IT/25_CF59_3.wav,214.11,214.74
merged_IT/25_CF59_3.wav,215.7,216.57
merged_IT/11_PF34_4.wav,6.01,6.52
merged_IT/11_PF34_4.wav,9.23,11.13
merged_IT/11_PF34_4.wav,13.39,14.29
merged_IT/11_PF34_4.wav,17.9,18.71
merged_IT/11_PF34_4.wav,21.22,21.59
merged_IT/11_PF34_4.wav,32.12,32.96
merged_IT/11_PF34_4.wav,50.33,51.24
merged_IT/11_PF34_4.wav,66.48,67.04
merged_IT/11_PF34_4.wav,68.81,69.24
merged_IT/11_PF34_4.wav,79.69,80.16
merged_IT/11_PF34_4.wav,81.01,81.38
merged_IT/11_PF34_4.wav,86.42,87.64
merged_IT/11_PF34_4.wav,89.74,91.03
merged_IT/11_PF34_4.wav,99.64,100.11
merged_IT/11_PF34_4.wav,105.35,105.87
merged_IT/11_PF34_4.wav,108.24,108.9
merged_IT/11_PF34_4.wav,109.91,110.75
merged_IT/11_PF34_4.wav,120.06,120.61
merged_IT/11_PF34_4.wav,122.72,123.31
merged_IT/11_PF34_4.wav,128.54,129.13
merged_IT/11_PF34_4.wav,138.31,138.85
merged_IT/11_PF34_4.wav,141.36,141.94
merged_IT/11_PF34_4.wav,144.25,144.72
merged_IT/11_PF34_4.wav,147.33,147.94
merged_IT/11_PF34_4.wav,153.37,154.3
merged_IT/11_PF34_4.wav,160.72,161.02
merged_IT/11_PF34_4.wav,164.94,165.47
merged_IT/11_PF34_4.wav,167.22,168.16
merged_IT/11_PF34_4.wav,180.07,181.56
merged_IT/11_PF34_4.wav,194.6,195.19
merged_IT/11_PF34_4.wav,196.5,196.82
merged_IT/11_PF34_4.wav,205.23,206.08
merged_IT/11_PF34_4.wav,206.81,207.07
merged_IT/11_PF34_4.wav,208.22,208.54
merged_IT/11_PF34_4.wav,210.38,211.05
merged_IT/11_PF34_4.wav,214.84,217.44
merged_IT/11_PF34_4.wav,223.43,223.73
merged_IT/11_PF34_4.wav,225.61,226.39
merged_IT/11_PF34_4.wav,229.94,230.3
merged_IT/11_PF34_4.wav,231.7,231.92
merged_IT/11_PF34_4.wav,243.09,243.75
merged_IT/11_PF34_4.wav,254.57,255.64
merged_IT/11_PF34_4.wav,261.48,262.09
merged_IT/11_PF34_4.wav,272.39,272.92
merged_IT/11_PF34_4.wav,273.3,273.5
merged_IT/11_PF34_4.wav,274.51,274.76
merged_IT/11_PF34_4.wav,276.96,278.41
merged_IT/11_PF34_4.wav,280.76,281.05
merged_IT/11_PF34_4.wav,286.91,287.36
merged_IT/11_PF34_4.wav,292.98,293.33
merged_IT/11_PF34_4.wav,309.01,309.67
merged_IT/56_CM23_3.wav,0.23,0.63
merged_IT/56_CM23_3.wav,1.5,1.94
merged_IT/56_CM23_3.wav,2.44,2.68
merged_IT/56_CM23_3.wav,3.85,4.92
merged_IT/56_CM23_3.wav,5.97,6.35
merged_IT/56_CM23_3.wav,12.33,12.75
merged_IT/56_CM23_3.wav,14.44,14.73
merged_IT/56_CM23_3.wav,17.66,18.59
merged_IT/56_CM23_3.wav,19.58,20.26
merged_IT/56_CM23_3.wav,21.84,22.97
merged_IT/56_CM23_3.wav,27.26,27.6
merged_IT/56_CM23_3.wav,30.95,31.81
merged_IT/56_CM23_3.wav,37.0,37.22
merged_IT/56_CM23_3.wav,39.67,39.98
merged_IT/56_CM23_3.wav,41.05,41.26
merged_IT/56_CM23_3.wav,41.91,42.35
merged_IT/56_CM23_3.wav,45.53,45.81
merged_IT/56_CM23_3.wav,46.24,46.45
merged_IT/56_CM23_3.wav,47.21,48.04
merged_IT/56_CM23_3.wav,49.13,49.51
merged_IT/56_CM23_3.wav,50.77,51.12
merged_IT/56_CM23_3.wav,51.85,52.39
merged_IT/56_CM23_3.wav,55.41,56.22
merged_IT/56_CM23_3.wav,58.05,58.53
merged_IT/56_CM23_3.wav,61.05,61.51
merged_IT/56_CM23_3.wav,65.25,65.79
merged_IT/56_CM23_3.wav,67.85,68.28
merged_IT/56_CM23_3.wav,68.91,69.85
merged_IT/56_CM23_3.wav,71.4,71.67
merged_IT/56_CM23_3.wav,74.54,75.18
merged_IT/56_CM23_3.wav,79.69,81.19
merged_IT/56_CM23_3.wav,84.42,85.06
merged_IT/56_CM23_3.wav,88.46,88.74
merged_IT/56_CM23_3.wav,91.62,92.76
merged_IT/56_CM23_3.wav,94.01,94.49
merged_IT/56_CM23_3.wav,95.3,95.79
merged_IT/56_CM23_3.wav,96.32,96.96
merged_IT/56_CM23_3.wav,102.87,103.37
merged_IT/56_CM23_3.wav,103.96,104.19
merged_IT/56_CM23_3.wav,114.56,115.02
merged_IT/56_CM23_3.wav,117.16,117.39
merged_IT/56_CM23_3.wav,118.18,119.09
merged_IT/56_CM23_3.wav,122.33,123.01
merged_IT/56_CM23_3.wav,123.22,123.46
merged_IT/56_CM23_3.wav,126.95,127.57
merged_IT/56_CM23_3.wav,129.38,130.05
merged_IT/56_CM23_3.wav,130.8,131.21
merged_IT/56_CM23_3.wav,132.15,132.68
merged_IT/56_CM23_3.wav,133.37,133.61
merged_IT/56_CM23_3.wav,137.36,137.61
merged_IT/56_CM23_3.wav,137.86,138.41
merged_IT/56_CM23_3.wav,139.98,140.41
merged_IT/56_CM23_3.wav,143.65,144.16
merged_IT/56_CM23_3.wav,145.0,145.99
merged_IT/56_CM23_3.wav,149.61,150.11
merged_IT/56_CM23_3.wav,151.35,151.75
merged_IT/56_CM23_3.wav,152.69,153.45
merged_IT/56_CM23_3.wav,161.31,161.77
merged_IT/56_CM23_3.wav,162.34,163.04
merged_IT/56_CM23_3.wav,168.82,169.34
merged_IT/56_CM23_3.wav,172.03,172.28
merged_IT/56_CM23_3.wav,172.61,173.21
merged_IT/56_CM23_3.wav,175.23,175.44
merged_IT/56_CM23_3.wav,176.82,177.6
merged_IT/56_CM23_3.wav,178.44,179.1
merged_IT/56_CM23_3.wav,181.08,181.44
merged_IT/56_CM23_3.wav,181.78,182.37
merged_IT/56_CM23_3.wav,193.46,193.69
merged_IT/56_CM23_3.wav,194.28,194.72
merged_IT/56_CM23_3.wav,195.66,196.13
merged_IT/56_CM23_3.wav,197.52,198.0
merged_IT/56_CM23_3.wav,201.38,201.75
merged_IT/56_CM23_3.wav,204.14,204.41
merged_IT/05_PM53_4.wav,6.02,6.32
merged_IT/05_PM53_4.wav,10.65,10.87
merged_IT/05_PM53_4.wav,12.15,12.96
merged_IT/05_PM53_4.wav,17.0,17.24
merged_IT/05_PM53_4.wav,20.4,20.85
merged_IT/05_PM53_4.wav,21.94,23.62
merged_IT/05_PM53_4.wav,24.45,25.45
merged_IT/05_PM53_4.wav,30.4,30.94
merged_IT/05_PM53_4.wav,33.27,33.52
merged_IT/05_PM53_4.wav,34.3,34.8
merged_IT/05_PM53_4.wav,40.12,40.45
merged_IT/05_PM53_4.wav,46.23,47.0
merged_IT/05_PM53_4.wav,50.71,51.05
merged_IT/05_PM53_4.wav,52.94,53.36
merged_IT/05_PM53_4.wav,57.2,57.56
merged_IT/05_PM53_4.wav,62.27,62.66
merged_IT/05_PM53_4.wav,64.56,65.72
merged_IT/05_PM53_4.wav,75.72,75.95
merged_IT/05_PM53_4.wav,79.26,79.96
merged_IT/05_PM53_4.wav,85.29,85.63
merged_IT/05_PM53_4.wav,88.33,88.73
merged_IT/05_PM53_4.wav,91.04,91.41
merged_IT/05_PM53_4.wav,94.8,95.28
merged_IT/05_PM53_4.wav,98.4,98.92
merged_IT/05_PM53_4.wav,103.24,103.54
merged_IT/05_PM53_4.wav,104.51,104.81
merged_IT/05_PM53_4.wav,109.93,110.69
merged_IT/05_PM53_4.wav,120.01,120.28
merged_IT/05_PM53_4.wav,124.32,124.65
merged_IT/05_PM53_4.wav,130.32,130.67
merged_IT/05_PM53_4.wav,133.78,134.12
merged_IT/05_PM53_4.wav,136.41,136.81
merged_IT/05_PM53_4.wav,141.94,142.23
merged_IT/05_PM53_4.wav,148.37,148.64
merged_IT/05_PM53_4.wav,152.81,153.61
merged_IT/05_PM53_4.wav,159.74,159.95
merged_IT/05_PM53_4.wav,164.81,165.37
merged_IT/05_PM53_4.wav,172.51,172.85
merged_IT/05_PM53_4.wav,175.76,176.06
merged_IT/05_PM53_4.wav,177.74,178.19
merged_IT/05_PM53_4.wav,185.22,185.58
merged_IT/05_PM53_4.wav,188.24,188.57
merged_IT/05_PM53_4.wav,192.71,193.19
merged_IT/05_PM53_4.wav,199.1,199.71
merged_IT/05_PM53_4.wav,202.97,203.25
merged_IT/05_PM53_4.wav,204.93,205.24
merged_IT/05_PM53_4.wav,209.01,209.35
merged_IT/05_PM53_4.wav,210.28,210.9
merged_IT/05_PM53_4.wav,214.68,215.3
merged_IT/05_PM53_4.wav,220.16,220.36
merged_IT/05_PM53_4.wav,223.36,223.94
merged_IT/05_PM53_4.wav,225.9,226.23
merged_IT/05_PM53_4.wav,230.4,231.28
merged_IT/05_PM53_4.wav,236.51,236.78
merged_IT/05_PM53_4.wav,239.19,239.47
merged_IT/05_PM53_4.wav,241.84,242.25
merged_IT/05_PM53_4.wav,247.5,247.77
merged_IT/05_PM53_4.wav,252.68,252.99
merged_IT/05_PM53_4.wav,254.12,254.38
merged_IT/05_PM53_4.wav,254.6,255.21
merged_IT/05_PM53_4.wav,261.8,262.4
merged_IT/05_PM53_4.wav,266.92,267.27
merged_IT/05_PM53_4.wav,268.6,268.91
merged_IT/05_PM53_4.wav,274.86,275.33
merged_IT/05_PM53_4.wav,279.49,280.17
merged_IT/05_PM53_4.wav,281.63,281.83
merged_IT/05_PM53_4.wav,286.44,286.87
merged_IT/05_PM53_4.wav,289.16,289.86
merged_IT/05_PM53_4.wav,294.06,294.7
merged_IT/05_PM53_4.wav,300.21,300.68
merged_IT/05_PM53_4.wav,302.04,302.82
merged_IT/05_PM53_4.wav,304.69,304.97
merged_IT/05_PM53_4.wav,307.13,307.53
merged_IT/05_PM53_4.wav,312.84,313.08
merged_IT/05_PM53_4.wav,318.1,318.37
merged_IT/05_PM53_4.wav,319.78,320.33
merged_IT/05_PM53_4.wav,324.57,324.81
merged_IT/05_PM53_4.wav,325.88,326.12
merged_IT/05_PM53_4.wav,332.13,332.35
merged_IT/05_PM53_4.wav,333.63,334.06
merged_IT/05_PM53_4.wav,339.63,339.97
merged_IT/05_PM53_4.wav,344.24,344.57
merged_IT/05_PM53_4.wav,348.4,348.73
merged_IT/05_PM53_4.wav,352.49,352.89
merged_IT/05_PM53_4.wav,354.55,354.76
merged_IT/05_PM53_4.wav,356.49,356.85
merged_IT/05_PM53_4.wav,359.93,360.36
merged_IT/05_PM53_4.wav,362.38,362.69
merged_IT/05_PM53_4.wav,367.85,368.14
merged_IT/05_PM53_4.wav,373.29,373.79
merged_IT/05_PM53_4.wav,378.53,378.9
merged_IT/05_PM53_4.wav,379.51,379.95
merged_IT/05_PM53_4.wav,383.26,383.61
merged_IT/05_PM53_4.wav,384.74,385.57
merged_IT/05_PM53_4.wav,389.33,389.67
merged_IT/05_PM53_4.wav,392.16,392.91
merged_IT/05_PM53_4.wav,395.82,396.15
merged_IT/05_PM53_4.wav,397.52,397.77
merged_IT/05_PM53_4.wav,402.67,403.41
merged_IT/05_PM53_4.wav,409.45,409.8
merged_IT/05_PM53_4.wav,420.77,421.04
merged_IT/05_PM53_4.wav,422.86,423.73
merged_IT/05_PM53_4.wav,429.1,429.45
merged_IT/05_PM53_4.wav,433.68,433.99
merged_IT/05_PM53_4.wav,435.57,435.89
merged_IT/05_PM53_4.wav,437.92,438.17
merged_IT/05_PM53_4.wav,440.09,440.46
merged_IT/05_PM53_4.wav,444.59,445.24
merged_IT/05_PM53_4.wav,447.67,448.66
merged_IT/05_PM53_4.wav,451.86,452.11
merged_IT/05_PM53_4.wav,453.37,453.58
merged_IT/05_PM53_4.wav,456.86,457.22
merged_IT/05_PM53_4.wav,461.49,461.91
merged_IT/05_PM53_4.wav,464.05,464.59
merged_IT/05_PM53_4.wav,470.89,471.21
merged_IT/05_PM53_4.wav,476.9,477.39
merged_IT/05_PM53_4.wav,478.41,479.36
merged_IT/05_PM53_4.wav,484.83,485.47
merged_IT/05_PM53_4.wav,486.08,486.75
merged_IT/05_PM53_4.wav,490.03,490.33
merged_IT/05_PM53_4.wav,491.74,492.1
merged_IT/05_PM53_4.wav,497.21,497.75
merged_IT/05_PM53_4.wav,500.09,501.18
merged_IT/05_PM53_4.wav,504.82,505.12
merged_IT/05_PM53_4.wav,506.86,507.21
merged_IT/05_PM53_4.wav,511.67,512.13
merged_IT/05_PM53_4.wav,515.38,515.74
merged_IT/05_PM53_4.wav,516.67,517.68
merged_IT/05_PM53_4.wav,518.82,519.57
merged_IT/05_PM53_4.wav,523.12,523.58
merged_IT/05_PM53_4.wav,526.02,527.35
merged_IT/05_PM53_4.wav,529.13,529.75
merged_IT/26_PM54_3.wav,2.2,3.88
merged_IT/26_PM54_3.wav,4.61,6.21
merged_IT/26_PM54_3.wav,10.12,10.8
merged_IT/26_PM54_3.wav,14.52,15.38
merged_IT/26_PM54_3.wav,16.16,16.63
merged_IT/26_PM54_3.wav,18.71,19.85
merged_IT/26_PM54_3.wav,20.78,22.19
merged_IT/26_PM54_3.wav,24.51,25.37
merged_IT/26_PM54_3.wav,28.55,30.11
merged_IT/26_PM54_3.wav,30.78,32.47
merged_IT/26_PM54_3.wav,34.9,36.27
merged_IT/26_PM54_3.wav,39.83,40.94
merged_IT/26_PM54_3.wav,41.4,41.71
merged_IT/26_PM54_3.wav,42.41,43.9
merged_IT/26_PM54_3.wav,49.19,49.6
merged_IT/26_PM54_3.wav,51.16,51.62
merged_IT/26_PM54_3.wav,55.15,56.3
merged_IT/26_PM54_3.wav,58.33,58.89
merged_IT/26_PM54_3.wav,61.17,61.64
merged_IT/26_PM54_3.wav,63.24,63.61
merged_IT/26_PM54_3.wav,66.85,67.79
merged_IT/26_PM54_3.wav,69.1,69.34
merged_IT/26_PM54_3.wav,72.72,73.48
merged_IT/26_PM54_3.wav,75.11,75.46
merged_IT/26_PM54_3.wav,76.6,76.84
merged_IT/26_PM54_3.wav,77.93,78.88
merged_IT/26_PM54_3.wav,81.37,82.12
merged_IT/26_PM54_3.wav,84.27,85.74
merged_IT/26_PM54_3.wav,94.58,95.18
merged_IT/26_PM54_3.wav,96.63,98.01
merged_IT/26_PM54_3.wav,99.68,101.09
merged_IT/26_PM54_3.wav,101.26,101.97
merged_IT/26_PM54_3.wav,109.07,109.64
merged_IT/26_PM54_3.wav,113.37,114.0
merged_IT/26_PM54_3.wav,115.25,116.02
merged_IT/26_PM54_3.wav,117.67,119.16
merged_IT/26_PM54_3.wav,120.1,120.4
merged_IT/26_PM54_3.wav,124.61,126.09
merged_IT/26_PM54_3.wav,133.77,134.88
merged_IT/26_PM54_3.wav,135.9,136.16
merged_IT/26_PM54_3.wav,137.45,137.9
merged_IT/26_PM54_3.wav,139.73,140.98
merged_IT/26_PM54_3.wav,146.19,146.78
merged_IT/26_PM54_3.wav,151.98,152.31
merged_IT/26_PM54_3.wav,152.35,153.36
merged_IT/26_PM54_3.wav,156.85,157.49
merged_IT/26_PM54_3.wav,158.56,159.12
merged_IT/26_PM54_3.wav,160.06,160.66
merged_IT/26_PM54_3.wav,162.12,163.42
merged_IT/26_PM54_3.wav,164.16,164.36
merged_IT/26_PM54_3.wav,164.63,165.7
merged_IT/26_PM54_3.wav,167.95,169.14
merged_IT/26_PM54_3.wav,169.77,170.95
merged_IT/26_PM54_3.wav,172.89,174.11
merged_IT/26_PM54_3.wav,176.43,177.02
merged_IT/26_PM54_3.wav,180.03,180.65
merged_IT/26_PM54_3.wav,181.98,182.85
merged_IT/26_PM54_3.wav,186.41,187.1
merged_IT/26_PM54_3.wav,191.21,192.09
merged_IT/26_PM54_3.wav,193.84,194.81
merged_IT/26_PM54_3.wav,195.14,195.85
merged_IT/26_PM54_3.wav,197.1,198.12
merged_IT/26_PM54_3.wav,202.84,203.87
merged_IT/26_PM54_3.wav,203.94,204.29
merged_IT/26_PM54_3.wav,206.7,206.95
merged_IT/26_PM54_3.wav,208.4,209.28
merged_IT/26_PM54_3.wav,209.71,209.94
merged_IT/26_PM54_3.wav,210.42,210.73
merged_IT/26_PM54_3.wav,213.09,213.73
merged_IT/57_PM56_2.wav,2.14,4.08
merged_IT/57_PM56_2.wav,6.41,7.12
merged_IT/57_PM56_2.wav,9.61,9.93
merged_IT/57_PM56_2.wav,12.14,12.39
merged_IT/57_PM56_2.wav,14.24,14.84
merged_IT/57_PM56_2.wav,18.18,18.85
merged_IT/57_PM56_2.wav,21.28,22.09
merged_IT/57_PM56_2.wav,23.92,24.5
merged_IT/57_PM56_2.wav,28.24,28.66
merged_IT/57_PM56_2.wav,30.2,30.69
merged_IT/57_PM56_2.wav,35.43,36.55
merged_IT/57_PM56_2.wav,39.6,40.43
merged_IT/57_PM56_2.wav,40.74,41.56
merged_IT/57_PM56_2.wav,41.86,42.28
merged_IT/57_PM56_2.wav,46.54,46.97
merged_IT/57_PM56_2.wav,53.26,54.14
merged_IT/57_PM56_2.wav,55.14,56.4
merged_IT/57_PM56_2.wav,58.88,59.6
merged_IT/57_PM56_2.wav,64.85,65.37
merged_IT/57_PM56_2.wav,71.74,72.18
merged_IT/57_PM56_2.wav,77.18,78.33
merged_IT/57_PM56_2.wav,79.56,79.95
merged_IT/57_PM56_2.wav,81.32,82.01
merged_IT/57_PM56_2.wav,84.11,84.82
merged_IT/57_PM56_2.wav,91.82,92.98
merged_IT/57_PM56_2.wav,98.89,99.19
merged_IT/57_PM56_2.wav,103.42,104.18
merged_IT/57_PM56_2.wav,107.12,108.26
merged_IT/57_PM56_2.wav,110.2,110.49
merged_IT/57_PM56_2.wav,112.6,113.16
merged_IT/57_PM56_2.wav,114.54,116.97
merged_IT/51_PF58_2.wav,4.21,5.31
merged_IT/51_PF58_2.wav,11.99,13.4
merged_IT/51_PF58_2.wav,15.67,16.8
merged_IT/51_PF58_2.wav,20.63,21.49
merged_IT/51_PF58_2.wav,24.49,26.38
merged_IT/51_PF58_2.wav,29.81,30.32
merged_IT/51_PF58_2.wav,33.15,33.59
merged_IT/51_PF58_2.wav,34.68,36.23
merged_IT/51_PF58_2.wav,39.11,39.57
merged_IT/51_PF58_2.wav,41.48,41.71
merged_IT/51_PF58_2.wav,46.24,46.99
merged_IT/51_PF58_2.wav,51.37,52.85
merged_IT/51_PF58_2.wav,55.87,56.1
merged_IT/51_PF58_2.wav,59.42,59.64
merged_IT/51_PF58_2.wav,60.44,61.98
merged_IT/51_PF58_2.wav,65.09,65.52
merged_IT/51_PF58_2.wav,67.65,68.07
merged_IT/51_PF58_2.wav,69.87,70.64
merged_IT/51_PF58_2.wav,72.4,73.39
merged_IT/51_PF58_2.wav,74.58,75.05
merged_IT/51_PF58_2.wav,77.81,78.42
merged_IT/51_PF58_2.wav,80.03,80.75
merged_IT/51_PF58_2.wav,82.77,84.23
merged_IT/51_PF58_2.wav,84.75,85.27
merged_IT/27_PF26_3.wav,1.77,2.29
merged_IT/27_PF26_3.wav,12.17,12.69
merged_IT/27_PF26_3.wav,14.18,14.81
merged_IT/27_PF26_3.wav,20.42,20.65
merged_IT/27_PF26_3.wav,25.44,26.15
merged_IT/27_PF26_3.wav,27.53,27.88
merged_IT/27_PF26_3.wav,35.58,36.12
merged_IT/27_PF26_3.wav,45.48,46.32
merged_IT/27_PF26_3.wav,52.1,52.36
merged_IT/27_PF26_3.wav,55.29,55.74
merged_IT/27_PF26_3.wav,57.4,57.92
merged_IT/27_PF26_3.wav,60.33,60.81
merged_IT/27_PF26_3.wav,63.1,63.57
merged_IT/27_PF26_3.wav,69.46,69.92
merged_IT/27_PF26_3.wav,71.98,72.51
merged_IT/27_PF26_3.wav,74.36,74.75
merged_IT/27_PF26_3.wav,78.61,78.82
merged_IT/27_PF26_3.wav,88.92,89.69
merged_IT/27_PF26_3.wav,92.03,92.61
merged_IT/27_PF26_3.wav,100.55,101.8
merged_IT/27_PF26_3.wav,107.12,107.93
merged_IT/27_PF26_3.wav,111.9,112.4
merged_IT/27_PF26_3.wav,123.42,124.57
merged_IT/27_PF26_3.wav,127.23,127.48
merged_IT/27_PF26_3.wav,127.51,128.06
merged_IT/27_PF26_3.wav,131.06,131.44
merged_IT/27_PF26_3.wav,133.87,134.53
merged_IT/27_PF26_3.wav,136.83,137.13
merged_IT/27_PF26_3.wav,143.82,144.36
merged_IT/27_PF26_3.wav,146.52,147.76
merged_IT/27_PF26_3.wav,153.2,153.57
merged_IT/27_PF26_3.wav,157.76,158.64
merged_IT/28_CF34_3.wav,6.24,6.93
merged_IT/28_CF34_3.wav,29.84,30.21
merged_IT/28_CF34_3.wav,34.34,34.76
merged_IT/28_CF34_3.wav,44.74,45.14
merged_IT/28_CF34_3.wav,48.02,48.33
merged_IT/28_CF34_3.wav,54.56,55.03
merged_IT/28_CF34_3.wav,65.81,66.17
merged_IT/28_CF34_3.wav,73.57,73.96
merged_IT/28_CF34_3.wav,76.61,76.97
merged_IT/28_CF34_3.wav,81.29,81.49
merged_IT/28_CF34_3.wav,87.77,88.0
merged_IT/28_CF34_3.wav,88.53,88.94
merged_IT/28_CF34_3.wav,98.69,99.16
merged_IT/28_CF34_3.wav,101.49,102.96
merged_IT/28_CF34_3.wav,115.24,115.61
merged_IT/28_CF34_3.wav,121.16,121.61
merged_IT/28_CF34_3.wav,137.47,137.92
merged_IT/28_CF34_3.wav,145.65,146.05
merged_IT/28_CF34_3.wav,151.94,152.24
merged_IT/28_CF34_3.wav,154.93,155.33
merged_IT/46_CF39_3.wav,5.54,6.04
merged_IT/46_CF39_3.wav,7.46,9.53
merged_IT/46_CF39_3.wav,13.36,14.59
merged_IT/46_CF39_3.wav,15.9,16.92
merged_IT/46_CF39_3.wav,19.32,19.89
merged_IT/46_CF39_3.wav,20.29,21.65
merged_IT/46_CF39_3.wav,27.75,28.24
merged_IT/46_CF39_3.wav,30.96,31.48
merged_IT/46_CF39_3.wav,32.18,32.68
merged_IT/46_CF39_3.wav,36.33,36.62
merged_IT/46_CF39_3.wav,38.01,38.56
merged_IT/46_CF39_3.wav,44.37,44.95
merged_IT/46_CF39_3.wav,54.75,55.97
merged_IT/46_CF39_3.wav,62.22,62.84
merged_IT/46_CF39_3.wav,70.78,71.33
merged_IT/46_CF39_3.wav,72.51,72.74
merged_IT/46_CF39_3.wav,73.08,73.59
merged_IT/46_CF39_3.wav,79.0,79.39
merged_IT/46_CF39_3.wav,84.18,84.8
merged_IT/46_CF39_3.wav,89.3,89.61
merged_IT/46_CF39_3.wav,92.22,92.53
merged_IT/46_CF39_3.wav,96.42,96.92
merged_IT/46_CF39_3.wav,99.13,99.77
merged_IT/46_CF39_3.wav,103.18,103.66
merged_IT/46_CF39_3.wav,104.55,104.81
merged_IT/46_CF39_3.wav,106.01,107.26
merged_IT/46_CF39_3.wav,111.45,112.64
merged_IT/46_CF39_3.wav,116.39,116.78
merged_IT/46_CF39_3.wav,120.13,120.81
merged_IT/46_CF39_3.wav,122.95,123.29
merged_IT/46_CF39_3.wav,125.0,125.27
merged_IT/46_CF39_3.wav,129.15,129.87
merged_IT/46_CF39_3.wav,132.19,132.45
merged_IT/46_CF39_3.wav,134.09,134.91
merged_IT/46_CF39_3.wav,135.54,136.27
merged_IT/46_CF39_3.wav,139.07,139.84
merged_IT/46_CF39_3.wav,145.24,145.76
merged_IT/46_CF39_3.wav,149.28,149.77
merged_IT/46_CF39_3.wav,152.14,153.12
merged_IT/46_CF39_3.wav,156.86,157.36
merged_IT/46_CF39_3.wav,166.81,167.42
merged_IT/46_CF39_3.wav,168.08,168.45
merged_IT/46_CF39_3.wav,169.18,170.25
merged_IT/46_CF39_3.wav,176.11,176.61
merged_IT/46_CF39_3.wav,191.49,192.07
merged_IT/46_CF39_3.wav,193.01,193.34
merged_IT/46_CF39_3.wav,193.58,194.0
merged_IT/46_CF39_3.wav,196.15,196.55
merged_IT/46_CF39_3.wav,201.56,201.79
merged_IT/46_CF39_3.wav,204.82,205.98
merged_IT/46_CF39_3.wav,210.79,211.65
merged_IT/07_CF50_2.wav,0.41,0.63
merged_IT/07_CF50_2.wav,3.3,4.18
merged_IT/07_CF50_2.wav,6.5,7.24
merged_IT/07_CF50_2.wav,15.72,16.15
merged_IT/07_CF50_2.wav,20.43,21.54
merged_IT/07_CF50_2.wav,22.89,23.47
merged_IT/07_CF50_2.wav,24.89,25.82
merged_IT/07_CF50_2.wav,30.6,30.95
merged_IT/07_CF50_2.wav,32.53,33.04
merged_IT/07_CF50_2.wav,36.3,36.6
merged_IT/07_CF50_2.wav,38.25,38.51
merged_IT/07_CF50_2.wav,41.17,41.64
merged_IT/07_CF50_2.wav,43.11,43.56
merged_IT/07_CF50_2.wav,45.27,46.04
merged_IT/07_CF50_2.wav,48.99,49.52
merged_IT/07_CF50_2.wav,51.96,52.46
merged_IT/07_CF50_2.wav,56.01,56.64
merged_IT/07_CF50_2.wav,59.57,61.51
merged_IT/07_CF50_2.wav,64.78,65.1
merged_IT/07_CF50_2.wav,66.95,67.39
merged_IT/07_CF50_2.wav,68.6,69.22
merged_IT/07_CF50_2.wav,73.25,73.75
merged_IT/07_CF50_2.wav,78.42,79.51
merged_IT/07_CF50_2.wav,80.4,80.83
merged_IT/07_CF50_2.wav,81.78,82.09
merged_IT/07_CF50_2.wav,85.34,86.42
merged_IT/07_CF50_2.wav,87.63,87.9
merged_IT/07_CF50_2.wav,93.09,93.63
merged_IT/07_CF50_2.wav,97.98,98.24
merged_IT/07_CF50_2.wav,99.38,99.86
merged_IT/07_CF50_2.wav,100.72,101.13
merged_IT/07_CF50_2.wav,103.35,104.0
merged_IT/07_CF50_2.wav,104.15,104.47
merged_IT/07_CF50_2.wav,108.76,109.48
merged_IT/07_CF50_2.wav,110.81,111.73
merged_IT/07_CF50_2.wav,114.19,115.05
merged_IT/07_CF50_2.wav,117.74,118.94
merged_IT/07_CF50_2.wav,121.96,122.41
merged_IT/07_CF50_2.wav,126.92,127.97
merged_IT/07_CF50_2.wav,129.52,130.57
merged_IT/07_CF50_2.wav,134.08,134.42
merged_IT/07_CF50_2.wav,136.5,136.97
merged_IT/07_CF50_2.wav,140.6,141.53
merged_IT/07_CF50_2.wav,144.5,145.0
merged_IT/07_CF50_2.wav,148.71,149.06
merged_IT/07_CF50_2.wav,149.58,149.95
merged_IT/07_CF50_2.wav,153.59,153.87
merged_IT/07_CF50_2.wav,155.36,155.62
merged_IT/07_CF50_2.wav,159.71,160.2
merged_IT/07_CF50_2.wav,163.74,163.96
merged_IT/07_CF50_2.wav,168.25,168.83
merged_IT/07_CF50_2.wav,172.46,172.87
merged_IT/07_CF50_2.wav,181.76,182.12
merged_IT/07_CF50_2.wav,186.34,186.64
merged_IT/07_CF50_2.wav,190.84,191.29
merged_IT/07_CF50_2.wav,192.45,192.85
merged_IT/07_CF50_2.wav,196.19,196.65
merged_IT/07_CF50_2.wav,200.6,201.01
merged_IT/07_CF50_2.wav,205.01,205.42
merged_IT/07_CF50_2.wav,206.28,206.71
merged_IT/07_CF50_2.wav,207.53,208.0
merged_IT/23_PF55_2.wav,9.7,10.11
merged_IT/23_PF55_2.wav,12.53,13.09
merged_IT/23_PF55_2.wav,14.72,15.88
merged_IT/23_PF55_2.wav,18.55,18.99
merged_IT/23_PF55_2.wav,24.32,25.29
merged_IT/23_PF55_2.wav,30.49,31.23
merged_IT/23_PF55_2.wav,34.01,34.45
merged_IT/23_PF55_2.wav,36.65,37.07
merged_IT/23_PF55_2.wav,39.89,40.31
merged_IT/23_PF55_2.wav,45.4,45.82
merged_IT/23_PF55_2.wav,49.56,50.9
merged_IT/23_PF55_2.wav,52.58,53.0
merged_IT/04_CF57_3.wav,8.32,8.95
merged_IT/04_CF57_3.wav,12.58,13.13
merged_IT/04_CF57_3.wav,19.29,19.66
merged_IT/04_CF57_3.wav,28.77,29.41
merged_IT/04_CF57_3.wav,36.24,36.69
merged_IT/04_CF57_3.wav,40.32,40.66
merged_IT/04_CF57_3.wav,45.1,45.61
merged_IT/04_CF57_3.wav,49.15,49.57
merged_IT/04_CF57_3.wav,54.4,54.91
merged_IT/04_CF57_3.wav,55.65,56.12
merged_IT/04_CF57_3.wav,57.74,58.37
merged_IT/04_CF57_3.wav,59.4,59.73
merged_IT/04_CF57_3.wav,61.45,61.89
merged_IT/04_CF57_3.wav,65.71,65.99
merged_IT/04_CF57_3.wav,82.45,83.26
merged_IT/04_CF57_3.wav,86.99,87.44
merged_IT/04_CF57_3.wav,94.14,94.41
merged_IT/04_CF57_3.wav,95.91,96.77
merged_IT/04_CF57_3.wav,102.05,102.62
merged_IT/04_CF57_3.wav,108.66,109.12
merged_IT/04_CF57_3.wav,117.11,117.53
merged_IT/04_CF57_3.wav,120.55,120.81
merged_IT/04_CF57_3.wav,127.01,127.54
merged_IT/04_CF57_3.wav,131.03,131.47
merged_IT/04_CF57_3.wav,148.85,149.44
merged_IT/04_CF57_3.wav,157.86,158.38
merged_IT/04_CF57_3.wav,165.79,166.44
merged_IT/04_CF57_3.wav,169.81,170.14
merged_IT/04_CF57_3.wav,178.88,179.37
merged_IT/04_CF57_3.wav,181.93,182.13
merged_IT/04_CF57_3.wav,182.65,183.54
merged_IT/04_CF57_3.wav,185.28,185.89
merged_IT/04_CF57_3.wav,193.75,194.2
merged_IT/04_CF57_3.wav,201.99,202.46
merged_IT/04_CF57_3.wav,203.4,203.93
merged_IT/04_CF57_3.wav,214.35,214.76
merged_IT/49_PM31_3.wav,1.78,1.98
merged_IT/49_PM31_3.wav,2.99,5.05
merged_IT/49_PM31_3.wav,5.94,6.43
merged_IT/49_PM31_3.wav,6.76,8.41
merged_IT/49_PM31_3.wav,9.9,11.19
merged_IT/49_PM31_3.wav,14.37,15.58
merged_IT/49_PM31_3.wav,17.87,18.53
merged_IT/49_PM31_3.wav,20.73,21.5
merged_IT/49_PM31_3.wav,23.53,23.75
merged_IT/49_PM31_3.wav,24.57,25.52
merged_IT/49_PM31_3.wav,26.09,27.0
merged_IT/49_PM31_3.wav,29.1,29.34
merged_IT/49_PM31_3.wav,31.43,31.65
merged_IT/49_PM31_3.wav,32.26,33.07
merged_IT/49_PM31_3.wav,34.44,34.66
merged_IT/49_PM31_3.wav,34.86,35.58
merged_IT/49_PM31_3.wav,37.6,38.24
merged_IT/49_PM31_3.wav,41.13,42.94
merged_IT/49_PM31_3.wav,44.11,44.74
merged_IT/49_PM31_3.wav,45.52,45.83
merged_IT/49_PM31_3.wav,47.45,48.06
merged_IT/49_PM31_3.wav,49.18,49.51
merged_IT/49_PM31_3.wav,50.87,51.83
merged_IT/49_PM31_3.wav,55.07,55.46
merged_IT/49_PM31_3.wav,58.07,58.48
merged_IT/49_PM31_3.wav,59.63,61.72
merged_IT/49_PM31_3.wav,67.56,68.8
merged_IT/49_PM31_3.wav,69.78,71.33
merged_IT/49_PM31_3.wav,74.36,74.83
merged_IT/49_PM31_3.wav,75.47,76.12
merged_IT/49_PM31_3.wav,76.98,77.67
merged_IT/49_PM31_3.wav,80.23,80.69
merged_IT/49_PM31_3.wav,83.66,84.51
merged_IT/49_PM31_3.wav,85.62,86.16
merged_IT/49_PM31_3.wav,87.2,87.65
merged_IT/49_PM31_3.wav,89.43,89.76
merged_IT/49_PM31_3.wav,92.97,94.28
merged_IT/49_PM31_3.wav,95.61,96.86
merged_IT/49_PM31_3.wav,102.11,102.62
merged_IT/49_PM31_3.wav,102.94,103.55
merged_IT/49_PM31_3.wav,105.87,107.29
merged_IT/49_PM31_3.wav,109.3,110.3
merged_IT/49_PM31_3.wav,111.43,112.61
merged_IT/49_PM31_3.wav,116.44,117.9
merged_IT/49_PM31_3.wav,120.69,120.89
merged_IT/49_PM31_3.wav,124.57,124.8
merged_IT/49_PM31_3.wav,124.94,126.23
merged_IT/49_PM31_3.wav,128.93,132.58
merged_IT/49_PM31_3.wav,133.89,134.34
merged_IT/53_PM50_2.wav,3.09,3.96
merged_IT/53_PM50_2.wav,5.97,6.98
merged_IT/53_PM50_2.wav,10.02,10.54
merged_IT/53_PM50_2.wav,13.05,14.1
merged_IT/53_PM50_2.wav,15.39,16.23
merged_IT/53_PM50_2.wav,20.68,21.42
merged_IT/53_PM50_2.wav,24.92,25.96
merged_IT/53_PM50_2.wav,27.03,27.3
merged_IT/53_PM50_2.wav,31.69,32.82
merged_IT/53_PM50_2.wav,33.94,34.97
merged_IT/53_PM50_2.wav,39.04,40.1
merged_IT/53_PM50_2.wav,41.94,42.54
merged_IT/53_PM50_2.wav,45.05,45.41
merged_IT/53_PM50_2.wav,47.31,48.29
merged_IT/53_PM50_2.wav,52.2,52.64
merged_IT/53_PM50_2.wav,54.62,54.87
merged_IT/53_PM50_2.wav,58.24,59.08
merged_IT/53_PM50_2.wav,61.43,61.7
merged_IT/53_PM50_2.wav,62.45,63.22
merged_IT/53_PM50_2.wav,67.95,68.4
merged_IT/53_PM50_2.wav,72.36,72.95
merged_IT/53_PM50_2.wav,77.34,77.7
merged_IT/53_PM50_2.wav,78.36,78.9
merged_IT/53_PM50_2.wav,80.13,80.49
merged_IT/53_PM50_2.wav,82.94,84.1
merged_IT/53_PM50_2.wav,86.24,86.69
merged_IT/53_PM50_2.wav,88.48,88.86
merged_IT/53_PM50_2.wav,90.15,91.11
merged_IT/53_PM50_2.wav,92.73,93.69
merged_IT/53_PM50_2.wav,94.86,95.51
merged_IT/53_PM50_2.wav,99.52,100.26
merged_IT/53_PM50_2.wav,105.16,105.64
merged_IT/53_PM50_2.wav,106.93,107.62
merged_IT/53_PM50_2.wav,112.0,112.55
merged_IT/53_PM50_2.wav,113.71,114.21
merged_IT/53_PM50_2.wav,115.32,115.63
merged_IT/53_PM50_2.wav,119.48,119.76
merged_IT/53_PM50_2.wav,120.97,121.53
merged_IT/53_PM50_2.wav,122.75,123.0
merged_IT/53_PM50_2.wav,126.02,126.41
merged_IT/53_PM50_2.wav,131.21,132.14
merged_IT/53_PM50_2.wav,133.3,133.78
merged_IT/53_PM50_2.wav,136.18,137.56
merged_IT/53_PM50_2.wav,139.2,139.86
merged_IT/53_PM50_2.wav,142.04,142.26
merged_IT/53_PM50_2.wav,147.21,147.65
merged_IT/53_PM50_2.wav,150.0,150.66
merged_IT/53_PM50_2.wav,152.17,152.99
merged_IT/53_PM50_2.wav,157.84,158.98
merged_IT/53_PM50_2.wav,159.64,159.86
merged_IT/53_PM50_2.wav,162.63,163.18
merged_IT/53_PM50_2.wav,165.61,166.45
merged_IT/53_PM50_2.wav,168.61,168.99
merged_IT/53_PM50_2.wav,171.32,172.32
merged_IT/53_PM50_2.wav,176.69,178.48
merged_IT/53_PM50_2.wav,182.24,182.86
merged_IT/53_PM50_2.wav,186.05,188.51
merged_IT/53_PM50_2.wav,190.6,193.09
merged_IT/53_PM50_2.wav,197.26,197.79
merged_IT/53_PM50_2.wav,200.03,200.47
merged_IT/53_PM50_2.wav,203.42,204.44
merged_IT/08_CF42_2.wav,7.09,7.66
merged_IT/08_CF42_2.wav,11.69,12.51
merged_IT/08_CF42_2.wav,15.41,16.13
merged_IT/08_CF42_2.wav,18.25,18.55
merged_IT/08_CF42_2.wav,25.04,25.49
merged_IT/08_CF42_2.wav,26.61,27.25
merged_IT/08_CF42_2.wav,35.11,35.36
merged_IT/08_CF42_2.wav,36.45,36.86
merged_IT/08_CF42_2.wav,39.99,41.14
merged_IT/08_CF42_2.wav,45.46,45.83
merged_IT/08_CF42_2.wav,47.04,47.85
merged_IT/08_CF42_2.wav,54.4,55.73
merged_IT/08_CF42_2.wav,60.43,60.75
merged_IT/08_CF42_2.wav,62.58,63.38
merged_IT/08_CF42_2.wav,63.9,64.8
merged_IT/08_CF42_2.wav,66.51,66.86
merged_IT/08_CF42_2.wav,67.98,68.64
merged_IT/08_CF42_2.wav,74.22,74.56
merged_IT/08_CF42_2.wav,74.58,75.23
merged_IT/08_CF42_2.wav,79.59,80.74
merged_IT/08_CF42_2.wav,87.87,88.42
merged_IT/08_CF42_2.wav,91.49,91.86
merged_IT/08_CF42_2.wav,95.07,95.37
merged_IT/08_CF42_2.wav,98.38,98.86
merged_IT/08_CF42_2.wav,101.26,101.6
merged_IT/08_CF42_2.wav,101.84,102.45
merged_IT/08_CF42_2.wav,108.43,109.86
merged_IT/08_CF42_2.wav,114.39,115.04
merged_IT/08_CF42_2.wav,118.56,119.26
merged_IT/08_CF42_2.wav,127.49,128.12
merged_IT/08_CF42_2.wav,130.48,131.45
merged_IT/08_CF42_2.wav,134.85,135.27
merged_IT/08_CF42_2.wav,136.89,137.81
merged_IT/08_CF42_2.wav,138.6,139.5
merged_IT/08_CF42_2.wav,141.01,141.31
merged_IT/08_CF42_2.wav,143.66,144.6
merged_IT/08_CF42_2.wav,151.49,151.79
merged_IT/08_CF42_2.wav,157.21,157.83
merged_IT/08_CF42_2.wav,162.28,162.53
merged_IT/08_CF42_2.wav,163.8,164.04
merged_IT/08_CF42_2.wav,167.05,167.45
merged_IT/08_CF42_2.wav,169.35,169.85
merged_IT/08_CF42_2.wav,172.33,172.99
merged_IT/08_CF42_2.wav,174.33,174.73
merged_IT/08_CF42_2.wav,181.85,182.8
merged_IT/08_CF42_2.wav,187.92,189.32
merged_IT/08_CF42_2.wav,191.78,192.23
merged_IT/08_CF42_2.wav,194.17,194.93
merged_IT/08_CF42_2.wav,199.37,199.68
merged_IT/08_CF42_2.wav,201.6,201.93
merged_IT/08_CF42_2.wav,202.84,203.28
merged_IT/08_CF42_2.wav,208.46,209.59
merged_IT/08_CF42_2.wav,216.44,216.85
merged_IT/08_CF42_2.wav,218.28,218.96
merged_IT/08_CF42_2.wav,219.88,220.47
merged_IT/08_CF42_2.wav,225.45,226.56
merged_IT/08_CF42_2.wav,229.17,229.56
merged_IT/08_CF42_2.wav,232.69,233.25
merged_IT/08_CF42_2.wav,235.46,236.09
merged_IT/08_CF42_2.wav,239.43,239.87
merged_IT/08_CF42_2.wav,242.57,243.16
merged_IT/08_CF42_2.wav,250.31,251.31
merged_IT/08_CF42_2.wav,259.57,260.08
merged_IT/08_CF42_2.wav,261.73,262.09
merged_IT/08_CF42_2.wav,262.93,263.33
merged_IT/08_CF42_2.wav,266.5,267.2
merged_IT/08_CF42_2.wav,269.43,269.64
merged_IT/08_CF42_2.wav,270.08,270.46
merged_IT/08_CF42_2.wav,276.3,276.73
merged_IT/08_CF42_2.wav,285.74,286.17
merged_IT/08_CF42_2.wav,291.23,291.69
merged_IT/08_CF42_2.wav,292.64,293.54
merged_IT/08_CF42_2.wav,298.12,298.47
merged_IT/08_CF42_2.wav,302.97,303.37
merged_IT/08_CF42_2.wav,307.83,308.25
merged_IT/08_CF42_2.wav,313.88,314.44
merged_IT/08_CF42_2.wav,319.32,319.66
merged_IT/08_CF42_2.wav,321.98,322.28
merged_IT/08_CF42_2.wav,326.92,327.31
merged_IT/08_CF42_2.wav,329.85,330.54
merged_IT/08_CF42_2.wav,331.98,332.47
merged_IT/08_CF42_2.wav,336.6,337.12
merged_IT/08_CF42_2.wav,342.39,342.68
merged_IT/08_CF42_2.wav,345.24,345.67
merged_IT/08_CF42_2.wav,351.8,352.06
merged_IT/08_CF42_2.wav,353.87,354.32
merged_IT/08_CF42_2.wav,363.92,365.19
merged_IT/08_CF42_2.wav,369.41,369.81
merged_IT/08_CF42_2.wav,372.17,372.46
merged_IT/08_CF42_2.wav,376.29,376.86
merged_IT/08_CF42_2.wav,384.51,385.68
merged_IT/08_CF42_2.wav,389.78,390.01
merged_IT/66_PM33_3.wav,4.84,5.68
merged_IT/66_PM33_3.wav,6.89,7.32
merged_IT/66_PM33_3.wav,11.79,12.27
merged_IT/66_PM33_3.wav,15.72,17.52
merged_IT/66_PM33_3.wav,24.34,25.37
merged_IT/66_PM33_3.wav,26.49,27.46
merged_IT/66_PM33_3.wav,32.99,34.72
merged_IT/66_PM33_3.wav,39.77,40.8
merged_IT/66_PM33_3.wav,42.09,42.33
merged_IT/66_PM33_3.wav,43.17,43.64
merged_IT/66_PM33_3.wav,47.58,50.12
merged_IT/66_PM33_3.wav,51.4,51.6
merged_IT/66_PM33_3.wav,58.14,59.2
merged_IT/66_PM33_3.wav,65.42,66.63
merged_IT/66_PM33_3.wav,69.92,70.54
merged_IT/66_PM33_3.wav,72.02,72.88
merged_IT/66_PM33_3.wav,75.0,75.62
merged_IT/66_PM33_3.wav,79.17,80.39
merged_IT/66_PM33_3.wav,89.41,90.1
merged_IT/66_PM33_3.wav,91.57,92.0
merged_IT/66_PM33_3.wav,94.44,95.58
merged_IT/66_PM33_3.wav,98.01,98.56
merged_IT/66_PM33_3.wav,103.96,104.5
merged_IT/66_PM33_3.wav,107.96,108.86
merged_IT/66_PM33_3.wav,109.88,110.52
merged_IT/66_PM33_3.wav,111.21,112.1
merged_IT/66_PM33_3.wav,113.07,113.47
merged_IT/66_PM33_3.wav,117.98,118.2
merged_IT/66_PM33_3.wav,123.32,124.93
merged_IT/66_PM33_3.wav,126.84,128.68
merged_IT/66_PM33_3.wav,131.34,132.33
merged_IT/66_PM33_3.wav,136.56,136.98
merged_IT/66_PM33_3.wav,140.34,142.13
merged_IT/66_PM33_3.wav,147.67,149.35
merged_IT/66_PM33_3.wav,150.71,152.37
merged_IT/66_PM33_3.wav,153.95,155.3
merged_IT/15_CF53_3.wav,5.9,6.39
merged_IT/15_CF53_3.wav,11.15,11.48
merged_IT/15_CF53_3.wav,16.85,17.36
merged_IT/15_CF53_3.wav,20.81,21.32
merged_IT/15_CF53_3.wav,28.05,28.38
merged_IT/15_CF53_3.wav,31.65,32.1
merged_IT/15_CF53_3.wav,36.82,37.55
merged_IT/15_CF53_3.wav,40.43,40.74
merged_IT/15_CF53_3.wav,46.34,46.76
merged_IT/15_CF53_3.wav,47.66,47.99
merged_IT/15_CF53_3.wav,53.69,54.49
merged_IT/15_CF53_3.wav,64.84,65.52
merged_IT/15_CF53_3.wav,71.1,73.08
merged_IT/15_CF53_3.wav,75.82,76.39
merged_IT/15_CF53_3.wav,82.26,82.74
merged_IT/15_CF53_3.wav,85.22,85.82
merged_IT/15_CF53_3.wav,88.09,88.66
merged_IT/15_CF53_3.wav,94.11,94.45
merged_IT/15_CF53_3.wav,94.72,95.0
merged_IT/15_CF53_3.wav,98.38,98.76
merged_IT/15_CF53_3.wav,100.34,100.72
merged_IT/15_CF53_3.wav,102.97,103.33
merged_IT/15_CF53_3.wav,105.25,105.72
merged_IT/15_CF53_3.wav,109.4,110.46
merged_IT/15_CF53_3.wav,110.68,111.34
merged_IT/15_CF53_3.wav,114.81,115.55
merged_IT/15_CF53_3.wav,116.71,117.07
merged_IT/15_CF53_3.wav,118.87,119.07
merged_IT/15_CF53_3.wav,127.91,128.51
merged_IT/15_CF53_3.wav,131.74,132.24
merged_IT/15_CF53_3.wav,135.84,137.34
merged_IT/15_CF53_3.wav,144.7,145.02
merged_IT/15_CF53_3.wav,149.25,149.67
merged_IT/15_CF53_3.wav,156.25,156.97
merged_IT/15_CF53_3.wav,165.14,166.26
merged_IT/15_CF53_3.wav,168.45,169.67
merged_IT/15_CF53_3.wav,170.97,171.75
merged_IT/15_CF53_3.wav,177.98,178.37
merged_IT/15_CF53_3.wav,180.45,181.1
merged_IT/15_CF53_3.wav,182.49,183.18
merged_IT/15_CF53_3.wav,187.69,188.06
merged_IT/15_CF53_3.wav,190.41,191.24
merged_IT/15_CF53_3.wav,193.12,193.59
merged_IT/15_CF53_3.wav,197.67,198.18
merged_IT/15_CF53_3.wav,198.65,198.85
merged_IT/15_CF53_3.wav,199.26,199.88
merged_IT/15_CF53_3.wav,200.14,200.38
merged_IT/15_CF53_3.wav,201.58,201.99
merged_IT/15_CF53_3.wav,202.64,203.14
merged_IT/15_CF53_3.wav,206.69,207.54
merged_IT/15_CF53_3.wav,217.15,217.84
merged_IT/15_CF53_3.wav,218.25,218.58
merged_IT/15_CF53_3.wav,228.14,228.38
merged_IT/15_CF53_3.wav,233.17,233.42
merged_IT/15_CF53_3.wav,235.57,236.11
merged_IT/15_CF53_3.wav,238.84,239.9
merged_IT/15_CF53_3.wav,241.54,241.94
merged_IT/15_CF53_3.wav,250.29,250.76
merged_IT/15_CF53_3.wav,256.41,256.9
merged_IT/15_CF53_3.wav,259.48,259.99
merged_IT/15_CF53_3.wav,262.07,262.74
merged_IT/20_CM51_3.wav,5.49,6.86
merged_IT/20_CM51_3.wav,8.93,9.58
merged_IT/20_CM51_3.wav,12.94,13.36
merged_IT/20_CM51_3.wav,18.01,18.55
merged_IT/20_CM51_3.wav,23.08,23.3
merged_IT/20_CM51_3.wav,25.52,25.94
merged_IT/20_CM51_3.wav,27.64,28.32
merged_IT/20_CM51_3.wav,31.43,31.95
merged_IT/20_CM51_3.wav,35.74,36.01
merged_IT/20_CM51_3.wav,42.98,43.46
merged_IT/20_CM51_3.wav,48.44,48.69
merged_IT/20_CM51_3.wav,50.62,50.98
merged_IT/20_CM51_3.wav,56.02,56.38
merged_IT/20_CM51_3.wav,58.3,58.71
merged_IT/20_CM51_3.wav,63.72,64.11
merged_IT/20_CM51_3.wav,68.21,68.85
merged_IT/20_CM51_3.wav,73.44,73.79
merged_IT/20_CM51_3.wav,78.09,78.46
merged_IT/20_CM51_3.wav,80.9,81.23
merged_IT/20_CM51_3.wav,86.97,87.51
merged_IT/20_CM51_3.wav,91.5,91.9
merged_IT/20_CM51_3.wav,95.13,95.54
merged_IT/20_CM51_3.wav,99.33,99.74
merged_IT/20_CM51_3.wav,101.97,102.84
merged_IT/20_CM51_3.wav,104.04,104.41
merged_IT/20_CM51_3.wav,107.69,108.06
merged_IT/20_CM51_3.wav,117.19,117.46
merged_IT/20_CM51_3.wav,119.27,119.5
merged_IT/20_CM51_3.wav,122.48,122.93
merged_IT/20_CM51_3.wav,125.41,125.87
merged_IT/20_CM51_3.wav,127.45,127.8
merged_IT/20_CM51_3.wav,129.8,130.22
merged_IT/20_CM51_3.wav,131.75,132.09
merged_IT/20_CM51_3.wav,132.82,133.13
merged_IT/20_CM51_3.wav,134.66,136.21
merged_IT/20_CM51_3.wav,138.95,139.16
merged_IT/20_CM51_3.wav,141.5,142.0
merged_IT/20_CM51_3.wav,142.66,142.99
merged_IT/20_CM51_3.wav,144.39,144.87
merged_IT/20_CM51_3.wav,148.7,149.12
merged_IT/20_CM51_3.wav,152.46,152.91
merged_IT/20_CM51_3.wav,155.96,156.64
merged_IT/20_CM51_3.wav,163.45,163.98
merged_IT/20_CM51_3.wav,165.29,165.69
merged_IT/20_CM51_3.wav,168.47,168.99
merged_IT/20_CM51_3.wav,170.8,171.27
merged_IT/20_CM51_3.wav,172.5,172.85
merged_IT/20_CM51_3.wav,176.29,177.06
merged_IT/20_CM51_3.wav,182.29,183.49
merged_IT/20_CM51_3.wav,188.63,189.13
merged_IT/20_CM51_3.wav,193.29,193.89
merged_IT/20_CM51_3.wav,200.41,201.02
merged_IT/20_CM51_3.wav,204.32,204.76
merged_IT/20_CM51_3.wav,207.06,207.33
merged_IT/20_CM51_3.wav,211.33,212.07
merged_IT/20_CM51_3.wav,217.81,218.24
merged_IT/20_CM51_3.wav,221.22,221.65
merged_IT/20_CM51_3.wav,223.32,223.73
merged_IT/20_CM51_3.wav,224.46,225.34
merged_IT/20_CM51_3.wav,231.68,232.04
merged_IT/20_CM51_3.wav,233.45,233.69
merged_IT/20_CM51_3.wav,234.98,235.32
merged_IT/20_CM51_3.wav,243.01,243.48
merged_IT/20_CM51_3.wav,245.5,245.94
merged_IT/20_CM51_3.wav,248.5,248.95
merged_IT/20_CM51_3.wav,252.31,252.63
merged_IT/20_CM51_3.wav,255.49,256.02
merged_IT/20_CM51_3.wav,258.48,259.12
merged_IT/20_CM51_3.wav,261.5,261.73
merged_IT/33_CF46_3.wav,3.56,3.97
merged_IT/33_CF46_3.wav,8.19,8.63
merged_IT/33_CF46_3.wav,10.74,11.21
merged_IT/33_CF46_3.wav,12.94,13.28
merged_IT/33_CF46_3.wav,18.12,18.47
merged_IT/33_CF46_3.wav,19.72,20.14
merged_IT/33_CF46_3.wav,22.03,22.55
merged_IT/33_CF46_3.wav,39.06,39.87
merged_IT/33_CF46_3.wav,42.27,42.84
merged_IT/33_CF46_3.wav,47.61,47.82
merged_IT/33_CF46_3.wav,48.44,49.17
merged_IT/33_CF46_3.wav,50.97,51.58
merged_IT/33_CF46_3.wav,56.16,56.59
merged_IT/33_CF46_3.wav,59.72,60.31
merged_IT/33_CF46_3.wav,63.76,64.38
merged_IT/33_CF46_3.wav,66.75,67.18
merged_IT/33_CF46_3.wav,70.88,71.79
merged_IT/33_CF46_3.wav,79.38,79.95
merged_IT/33_CF46_3.wav,83.52,84.08
merged_IT/33_CF46_3.wav,85.68,86.26
merged_IT/33_CF46_3.wav,89.33,89.57
merged_IT/33_CF46_3.wav,90.44,90.88
merged_IT/33_CF46_3.wav,100.18,100.8
merged_IT/33_CF46_3.wav,104.24,104.87
merged_IT/33_CF46_3.wav,110.02,110.47
merged_IT/33_CF46_3.wav,110.98,111.29
merged_IT/33_CF46_3.wav,112.63,113.04
merged_IT/33_CF46_3.wav,122.25,122.68
merged_IT/33_CF46_3.wav,125.25,126.15
merged_IT/33_CF46_3.wav,127.34,128.05
merged_IT/33_CF46_3.wav,135.87,136.45
merged_IT/33_CF46_3.wav,138.27,138.97
merged_IT/33_CF46_3.wav,144.92,145.86
merged_IT/33_CF46_3.wav,148.15,148.43
merged_IT/33_CF46_3.wav,153.82,154.06
merged_IT/33_CF46_3.wav,158.83,159.3
merged_IT/33_CF46_3.wav,160.23,160.81
merged_IT/33_CF46_3.wav,161.77,162.26
merged_IT/33_CF46_3.wav,163.5,164.03
merged_IT/33_CF46_3.wav,176.28,176.61
merged_IT/33_CF46_3.wav,178.4,179.04
merged_IT/33_CF46_3.wav,180.04,180.41
merged_IT/33_CF46_3.wav,184.54,185.01
merged_IT/33_CF46_3.wav,189.82,190.12
merged_IT/33_CF46_3.wav,191.27,191.82
merged_IT/33_CF46_3.wav,193.2,193.4
merged_IT/33_CF46_3.wav,194.27,194.9
merged_IT/33_CF46_3.wav,195.44,195.96
merged_IT/33_CF46_3.wav,201.34,201.97
merged_IT/33_CF46_3.wav,203.76,204.33
merged_IT/33_CF46_3.wav,208.66,209.18
merged_IT/33_CF46_3.wav,212.42,212.87
merged_IT/33_CF46_3.wav,215.85,216.2
merged_IT/33_CF46_3.wav,222.24,222.64
merged_IT/33_CF46_3.wav,226.09,226.42
merged_IT/33_CF46_3.wav,229.06,229.39
merged_IT/35_PF43_2.wav,4.22,4.69
merged_IT/35_PF43_2.wav,10.02,10.51
merged_IT/35_PF43_2.wav,12.7,13.27
merged_IT/35_PF43_2.wav,16.13,17.02
merged_IT/35_PF43_2.wav,19.07,19.57
merged_IT/35_PF43_2.wav,21.66,22.16
merged_IT/35_PF43_2.wav,23.75,24.27
merged_IT/35_PF43_2.wav,26.72,27.3
merged_IT/35_PF43_2.wav,28.98,30.16
merged_IT/35_PF43_2.wav,31.62,32.14
merged_IT/35_PF43_2.wav,33.24,33.79
merged_IT/35_PF43_2.wav,36.49,37.13
merged_IT/35_PF43_2.wav,47.67,48.16
merged_IT/35_PF43_2.wav,51.78,52.1
merged_IT/35_PF43_2.wav,54.37,54.83
merged_IT/35_PF43_2.wav,57.63,58.04
merged_IT/35_PF43_2.wav,63.72,64.38
merged_IT/35_PF43_2.wav,65.83,66.54
merged_IT/35_PF43_2.wav,73.3,73.75
merged_IT/35_PF43_2.wav,77.66,78.2
merged_IT/35_PF43_2.wav,81.16,81.62
merged_IT/35_PF43_2.wav,82.2,82.49
merged_IT/35_PF43_2.wav,88.29,88.58
merged_IT/35_PF43_2.wav,89.97,90.61
merged_IT/35_PF43_2.wav,91.64,92.08
merged_IT/35_PF43_2.wav,94.74,95.5
merged_IT/35_PF43_2.wav,99.76,100.34
merged_IT/35_PF43_2.wav,102.57,103.0
merged_IT/35_PF43_2.wav,104.82,105.02
merged_IT/35_PF43_2.wav,108.79,109.19
merged_IT/35_PF43_2.wav,109.44,109.84
merged_IT/35_PF43_2.wav,111.85,112.32
merged_IT/35_PF43_2.wav,115.68,116.14
merged_IT/35_PF43_2.wav,118.47,118.68
merged_IT/35_PF43_2.wav,121.32,121.85
merged_IT/35_PF43_2.wav,124.65,125.08
merged_IT/35_PF43_2.wav,126.87,127.38
merged_IT/35_PF43_2.wav,130.55,132.42
merged_IT/35_PF43_2.wav,134.7,135.35
merged_IT/35_PF43_2.wav,141.13,141.66
merged_IT/35_PF43_2.wav,145.73,146.1
merged_IT/35_PF43_2.wav,149.35,149.71
merged_IT/35_PF43_2.wav,152.76,153.18
merged_IT/35_PF43_2.wav,156.94,157.23
merged_IT/35_PF43_2.wav,161.19,161.63
merged_IT/35_PF43_2.wav,166.54,167.81
merged_IT/35_PF43_2.wav,169.37,170.22
merged_IT/35_PF43_2.wav,172.36,173.1
merged_IT/35_PF43_2.wav,180.91,181.31
merged_IT/35_PF43_2.wav,183.53,184.1
merged_IT/35_PF43_2.wav,185.26,185.82
merged_IT/35_PF43_2.wav,189.08,190.03
merged_IT/35_PF43_2.wav,191.13,191.34
merged_IT/35_PF43_2.wav,194.1,195.16
merged_IT/35_PF43_2.wav,197.35,197.66
merged_IT/35_PF43_2.wav,199.0,199.46
merged_IT/35_PF43_2.wav,202.91,203.31
merged_IT/35_PF43_2.wav,207.14,207.7
merged_IT/35_PF43_2.wav,212.35,212.77
merged_IT/35_PF43_2.wav,215.5,215.82
merged_IT/35_PF43_2.wav,220.31,220.84
merged_IT/35_PF43_2.wav,223.76,224.3
merged_IT/35_PF43_2.wav,225.7,226.24
merged_IT/35_PF43_2.wav,226.97,227.51
merged_IT/35_PF43_2.wav,228.95,229.82
merged_IT/35_PF43_2.wav,231.5,231.85
merged_IT/35_PF43_2.wav,236.28,237.01
merged_IT/35_PF43_2.wav,243.47,243.82
merged_IT/35_PF43_2.wav,246.44,246.84
merged_IT/35_PF43_2.wav,250.66,251.15
merged_IT/35_PF43_2.wav,253.61,254.0
merged_IT/35_PF43_2.wav,257.54,258.52
merged_IT/35_PF43_2.wav,264.93,265.38
merged_IT/61_PM59_3.wav,3.69,4.17
merged_IT/61_PM59_3.wav,5.4,5.96
merged_IT/61_PM59_3.wav,6.64,7.11
merged_IT/61_PM59_3.wav,8.58,9.54
merged_IT/61_PM59_3.wav,12.71,13.85
merged_IT/61_PM59_3.wav,16.69,16.99
merged_IT/61_PM59_3.wav,18.18,18.87
merged_IT/61_PM59_3.wav,23.34,24.27
merged_IT/61_PM59_3.wav,24.82,25.17
merged_IT/61_PM59_3.wav,28.22,28.7
merged_IT/61_PM59_3.wav,29.34,30.77
merged_IT/61_PM59_3.wav,32.1,32.86
merged_IT/61_PM59_3.wav,37.33,38.59
merged_IT/61_PM59_3.wav,40.14,40.45
merged_IT/61_PM59_3.wav,42.46,43.35
merged_IT/61_PM59_3.wav,48.72,49.56
merged_IT/61_PM59_3.wav,52.51,53.97
merged_IT/61_PM59_3.wav,57.65,59.08
merged_IT/61_PM59_3.wav,61.16,61.95
merged_IT/61_PM59_3.wav,62.84,63.45
merged_IT/61_PM59_3.wav,64.77,65.24
merged_IT/61_PM59_3.wav,67.09,67.82
merged_IT/61_PM59_3.wav,70.08,70.9
merged_IT/61_PM59_3.wav,74.53,75.29
merged_IT/61_PM59_3.wav,78.73,78.97
merged_IT/61_PM59_3.wav,79.92,80.75
merged_IT/61_PM59_3.wav,84.55,85.61
merged_IT/61_PM59_3.wav,87.9,88.87
merged_IT/61_PM59_3.wav,91.58,92.63
merged_IT/61_PM59_3.wav,93.54,94.86
merged_IT/61_PM59_3.wav,96.88,98.57
merged_IT/61_PM59_3.wav,99.25,100.11
merged_IT/61_PM59_3.wav,102.33,103.31
merged_IT/61_PM59_3.wav,105.08,105.79
merged_IT/61_PM59_3.wav,108.57,109.15
merged_IT/61_PM59_3.wav,111.91,112.78
merged_IT/61_PM59_3.wav,113.82,114.19
merged_IT/61_PM59_3.wav,116.05,116.59
merged_IT/61_PM59_3.wav,117.67,118.37
merged_IT/61_PM59_3.wav,120.39,121.34
merged_IT/61_PM59_3.wav,124.32,125.09
merged_IT/61_PM59_3.wav,126.13,126.61
merged_IT/61_PM59_3.wav,129.48,130.11
merged_IT/61_PM59_3.wav,132.28,134.11
merged_IT/61_PM59_3.wav,135.65,136.42
merged_IT/61_PM59_3.wav,138.04,138.43
merged_IT/61_PM59_3.wav,140.97,141.87
merged_IT/61_PM59_3.wav,146.96,147.5
merged_IT/61_PM59_3.wav,148.75,149.04
merged_IT/61_PM59_3.wav,150.09,151.54
merged_IT/61_PM59_3.wav,154.72,155.22
merged_IT/61_PM59_3.wav,155.56,156.15
merged_IT/61_PM59_3.wav,157.8,158.6
merged_IT/61_PM59_3.wav,161.22,162.78
merged_IT/61_PM59_3.wav,163.77,164.58
merged_IT/61_PM59_3.wav,165.6,166.77
merged_IT/61_PM59_3.wav,168.28,169.41
merged_IT/61_PM59_3.wav,170.74,172.66
merged_IT/61_PM59_3.wav,174.2,174.45
merged_IT/61_PM59_3.wav,175.11,176.09
merged_IT/61_PM59_3.wav,176.45,176.94
merged_IT/61_PM59_3.wav,177.81,178.71
merged_IT/61_PM59_3.wav,179.47,179.99
merged_IT/61_PM59_3.wav,181.35,182.21
merged_IT/61_PM59_3.wav,183.79,186.14
merged_IT/61_PM59_3.wav,186.83,189.86
merged_IT/61_PM59_3.wav,190.66,191.35
merged_IT/61_PM59_3.wav,191.64,192.5
merged_IT/26_CM31_3.wav,9.48,10.31
merged_IT/26_CM31_3.wav,13.23,13.88
merged_IT/26_CM31_3.wav,22.26,22.68
merged_IT/26_CM31_3.wav,29.05,31.22
merged_IT/26_CM31_3.wav,33.96,34.58
merged_IT/26_CM31_3.wav,36.86,38.7
merged_IT/26_CM31_3.wav,40.3,41.07
merged_IT/26_CM31_3.wav,41.99,42.69
merged_IT/26_CM31_3.wav,46.47,46.68
merged_IT/26_CM31_3.wav,50.62,51.14
merged_IT/26_CM31_3.wav,58.8,59.07
merged_IT/26_CM31_3.wav,65.88,66.89
merged_IT/26_CM31_3.wav,73.65,74.14
merged_IT/26_CM31_3.wav,78.98,79.34
merged_IT/26_CM31_3.wav,82.18,82.73
merged_IT/26_CM31_3.wav,100.76,101.32
merged_IT/26_CM31_3.wav,104.98,105.38
merged_IT/26_CM31_3.wav,108.48,109.18
merged_IT/26_CM31_3.wav,113.5,113.94
merged_IT/26_CM31_3.wav,114.48,115.09
merged_IT/26_CM31_3.wav,121.54,121.98
merged_IT/26_CM31_3.wav,122.63,123.49
merged_IT/26_CM31_3.wav,135.5,136.56
merged_IT/26_CM31_3.wav,144.85,145.27
merged_IT/26_CM31_3.wav,148.51,148.94
merged_IT/26_CM31_3.wav,157.73,158.03
merged_IT/26_CM31_3.wav,162.32,162.59
merged_IT/26_CM31_3.wav,164.91,165.39
merged_IT/26_CM31_3.wav,170.88,171.22
merged_IT/26_CM31_3.wav,172.94,174.12
merged_IT/26_CM31_3.wav,180.34,180.57
merged_IT/26_CM31_3.wav,182.73,183.11
merged_IT/26_CM31_3.wav,192.78,193.4
merged_IT/26_CM31_3.wav,200.1,201.46
merged_IT/26_CM31_3.wav,209.22,209.62
merged_IT/26_CM31_3.wav,219.22,219.56
merged_IT/26_CM31_3.wav,223.43,224.22
merged_IT/03_PF66_3.wav,7.38,7.82
merged_IT/03_PF66_3.wav,16.94,17.6
merged_IT/03_PF66_3.wav,20.65,21.08
merged_IT/03_PF66_3.wav,27.53,28.15
merged_IT/03_PF66_3.wav,32.32,33.03
merged_IT/03_PF66_3.wav,42.69,43.48
merged_IT/03_PF66_3.wav,47.49,48.38
merged_IT/03_PF66_3.wav,51.49,52.28
merged_IT/03_PF66_3.wav,55.36,55.95
merged_IT/03_PF66_3.wav,58.1,58.34
merged_IT/03_PF66_3.wav,59.3,60.98
merged_IT/03_PF66_3.wav,62.27,63.6
merged_IT/03_PF66_3.wav,69.07,70.12
merged_IT/03_PF66_3.wav,75.44,75.86
merged_IT/03_PF66_3.wav,81.92,82.69
merged_IT/03_PF66_3.wav,89.63,89.92
merged_IT/03_PF66_3.wav,91.83,93.06
merged_IT/03_PF66_3.wav,95.51,96.21
merged_IT/03_PF66_3.wav,98.41,99.03
merged_IT/03_PF66_3.wav,101.85,102.15
merged_IT/03_PF66_3.wav,105.44,106.16
merged_IT/03_PF66_3.wav,110.92,111.39
merged_IT/03_PF66_3.wav,116.65,117.25
merged_IT/03_PF66_3.wav,122.72,123.14
merged_IT/03_PF66_3.wav,126.17,126.93
merged_IT/03_PF66_3.wav,130.5,131.52
merged_IT/03_PF66_3.wav,138.82,140.67
merged_IT/03_PF66_3.wav,146.97,147.67
merged_IT/03_PF66_3.wav,150.28,150.85
merged_IT/03_PF66_3.wav,152.74,152.97
merged_IT/03_PF66_3.wav,153.43,154.11
merged_IT/03_PF66_3.wav,158.01,158.92
merged_IT/03_PF66_3.wav,161.61,161.88
merged_IT/03_PF66_3.wav,163.0,163.2
merged_IT/03_PF66_3.wav,166.29,167.25
merged_IT/03_PF66_3.wav,176.91,177.72
merged_IT/03_PF66_3.wav,182.26,182.84
merged_IT/03_PF66_3.wav,187.42,188.3
merged_IT/03_PF66_3.wav,192.36,193.22
merged_IT/03_PF66_3.wav,202.27,203.28
merged_IT/03_PF66_3.wav,204.55,205.05
merged_IT/03_PF66_3.wav,207.89,209.51
merged_IT/03_PF66_3.wav,213.93,214.6
merged_IT/03_PF66_3.wav,222.81,223.43
merged_IT/03_PF66_3.wav,232.11,232.75
merged_IT/03_PF66_3.wav,237.83,238.31
merged_IT/03_PF66_3.wav,244.36,244.89
merged_IT/03_PF66_3.wav,248.24,248.65
merged_IT/03_PF66_3.wav,252.16,252.48
merged_IT/03_PF66_3.wav,253.99,254.82
merged_IT/03_PF66_3.wav,262.34,263.56
merged_IT/03_PF66_3.wav,267.68,268.67
merged_IT/03_PF66_3.wav,268.96,270.09
merged_IT/03_PF66_3.wav,279.39,280.11
merged_IT/03_PF66_3.wav,283.01,283.96
merged_IT/03_PF66_3.wav,287.97,289.65
merged_IT/03_PF66_3.wav,296.35,296.94
merged_IT/03_PF66_3.wav,300.55,302.38
merged_IT/03_PF66_3.wav,305.35,305.96
merged_IT/03_PF66_3.wav,309.64,310.06
merged_IT/03_PF66_3.wav,317.97,318.41
merged_IT/03_PF66_3.wav,323.71,324.29
merged_IT/03_PF66_3.wav,328.28,328.71
merged_IT/03_PF66_3.wav,332.57,332.95
merged_IT/03_PF66_3.wav,335.88,336.33
merged_IT/03_PF66_3.wav,338.27,339.02
merged_IT/03_PF66_3.wav,339.25,340.3
merged_IT/03_PF66_3.wav,352.05,352.72
merged_IT/03_PF66_3.wav,354.02,354.35
merged_IT/03_PF66_3.wav,355.81,356.66
merged_IT/03_PF66_3.wav,361.16,361.95
merged_IT/03_PF66_3.wav,370.76,371.54
merged_IT/58_PM43_3.wav,3.29,3.87
merged_IT/58_PM43_3.wav,5.14,5.68
merged_IT/58_PM43_3.wav,8.43,9.16
merged_IT/58_PM43_3.wav,13.14,13.62
merged_IT/58_PM43_3.wav,16.06,16.74
merged_IT/58_PM43_3.wav,17.77,18.66
merged_IT/58_PM43_3.wav,20.54,21.09
merged_IT/58_PM43_3.wav,22.37,23.09
merged_IT/58_PM43_3.wav,26.03,26.75
merged_IT/58_PM43_3.wav,27.55,27.94
merged_IT/58_PM43_3.wav,29.86,30.9
merged_IT/58_PM43_3.wav,32.77,33.32
merged_IT/58_PM43_3.wav,34.84,35.25
merged_IT/58_PM43_3.wav,37.3,37.81
merged_IT/58_PM43_3.wav,40.44,41.18
merged_IT/58_PM43_3.wav,42.55,43.71
merged_IT/58_PM43_3.wav,48.83,49.44
merged_IT/58_PM43_3.wav,51.96,52.75
merged_IT/58_PM43_3.wav,53.98,54.93
merged_IT/58_PM43_3.wav,58.61,59.44
merged_IT/58_PM43_3.wav,60.68,61.61
merged_IT/58_PM43_3.wav,64.12,65.02
merged_IT/58_PM43_3.wav,65.73,67.14
merged_IT/58_PM43_3.wav,70.01,70.66
merged_IT/58_PM43_3.wav,74.91,78.01
merged_IT/58_PM43_3.wav,83.41,84.06
merged_IT/58_PM43_3.wav,85.14,86.19
merged_IT/58_PM43_3.wav,87.98,88.51
merged_IT/58_PM43_3.wav,91.12,91.72
merged_IT/58_PM43_3.wav,94.86,95.29
merged_IT/58_PM43_3.wav,97.8,98.54
merged_IT/58_PM43_3.wav,104.21,104.8
merged_IT/58_PM43_3.wav,105.88,106.84
merged_IT/58_PM43_3.wav,110.62,111.12
merged_IT/58_PM43_3.wav,115.48,116.75
merged_IT/58_PM43_3.wav,117.64,118.96
merged_IT/58_PM43_3.wav,121.37,121.86
merged_IT/58_PM43_3.wav,123.91,124.38
merged_IT/58_PM43_3.wav,125.21,125.86
merged_IT/58_PM43_3.wav,128.58,128.82
merged_IT/58_PM43_3.wav,130.73,131.39
merged_IT/58_PM43_3.wav,133.41,134.34
merged_IT/58_PM43_3.wav,136.82,137.31
merged_IT/58_PM43_3.wav,138.52,139.29
merged_IT/58_PM43_3.wav,140.76,141.29
merged_IT/58_PM43_3.wav,142.44,143.23
merged_IT/58_PM43_3.wav,145.13,145.69
merged_IT/58_PM43_3.wav,146.36,148.05
merged_IT/58_PM43_3.wav,150.19,150.62
merged_IT/58_PM43_3.wav,152.99,153.5
merged_IT/58_PM43_3.wav,154.53,154.93
merged_IT/58_PM43_3.wav,157.06,157.75
merged_IT/58_PM43_3.wav,159.6,160.05
merged_IT/58_PM43_3.wav,161.85,162.54
merged_IT/58_PM43_3.wav,163.45,163.82
merged_IT/58_PM43_3.wav,165.21,166.34
merged_IT/58_PM43_3.wav,167.36,169.33
merged_IT/58_PM43_3.wav,171.05,171.58
merged_IT/58_PM43_3.wav,172.69,173.37
merged_IT/58_PM43_3.wav,175.91,176.27
merged_IT/58_PM43_3.wav,177.29,178.54
merged_IT/58_PM43_3.wav,179.66,180.33
merged_IT/58_PM43_3.wav,182.63,183.57
merged_IT/58_PM43_3.wav,184.23,184.65
merged_IT/58_PM43_3.wav,186.49,187.07
merged_IT/58_PM43_3.wav,188.35,190.0
merged_IT/58_PM43_3.wav,192.33,193.55
merged_IT/02_PM65_2.wav,4.83,5.49
merged_IT/02_PM65_2.wav,9.51,10.01
merged_IT/02_PM65_2.wav,11.89,12.44
merged_IT/02_PM65_2.wav,17.29,18.25
merged_IT/02_PM65_2.wav,22.49,23.79
merged_IT/02_PM65_2.wav,27.03,27.28
merged_IT/02_PM65_2.wav,28.78,30.01
merged_IT/02_PM65_2.wav,31.83,32.61
merged_IT/02_PM65_2.wav,36.32,37.17
merged_IT/02_PM65_2.wav,41.11,41.96
merged_IT/02_PM65_2.wav,45.77,46.08
merged_IT/02_PM65_2.wav,47.44,47.99
merged_IT/02_PM65_2.wav,50.43,50.82
merged_IT/02_PM65_2.wav,53.88,54.35
merged_IT/02_PM65_2.wav,58.9,59.76
merged_IT/02_PM65_2.wav,62.3,62.71
merged_IT/02_PM65_2.wav,65.13,65.86
merged_IT/02_PM65_2.wav,66.81,67.34
merged_IT/02_PM65_2.wav,70.39,71.15
merged_IT/02_PM65_2.wav,75.09,75.88
merged_IT/02_PM65_2.wav,77.56,78.37
merged_IT/02_PM65_2.wav,79.82,80.7
merged_IT/02_PM65_2.wav,83.63,84.68
merged_IT/02_PM65_2.wav,86.7,87.85
merged_IT/02_PM65_2.wav,89.8,90.47
merged_IT/02_PM65_2.wav,90.95,91.75
merged_IT/02_PM65_2.wav,95.03,95.7
merged_IT/02_PM65_2.wav,98.29,98.67
merged_IT/02_PM65_2.wav,101.59,102.57
merged_IT/02_PM65_2.wav,106.22,106.9
merged_IT/02_PM65_2.wav,108.8,110.11
merged_IT/02_PM65_2.wav,111.95,112.5
merged_IT/02_PM65_2.wav,115.84,117.26
merged_IT/02_PM65_2.wav,120.71,122.01
merged_IT/02_PM65_2.wav,124.11,124.43
merged_IT/02_PM65_2.wav,125.83,126.05
merged_IT/02_PM65_2.wav,129.57,130.98
merged_IT/02_PM65_2.wav,133.26,134.42
merged_IT/02_PM65_2.wav,136.02,136.35
merged_IT/02_PM65_2.wav,136.39,137.55
merged_IT/02_PM65_2.wav,138.62,140.04
merged_IT/02_PM65_2.wav,140.45,140.84
merged_IT/02_PM65_2.wav,142.15,142.76
merged_IT/02_PM65_2.wav,144.5,145.39
merged_IT/02_PM65_2.wav,147.93,148.48
merged_IT/02_PM65_2.wav,151.89,152.62
merged_IT/02_PM65_2.wav,155.09,155.78
merged_IT/02_PM65_2.wav,157.29,157.83
merged_IT/02_PM65_2.wav,160.23,161.54
merged_IT/02_PM65_2.wav,164.32,165.27
merged_IT/02_PM65_2.wav,166.99,167.86
merged_IT/02_PM65_2.wav,174.78,176.33
merged_IT/02_PM65_2.wav,181.8,182.33
merged_IT/02_PM65_2.wav,188.44,189.38
merged_IT/02_PM65_2.wav,195.12,195.42
merged_IT/02_PM65_2.wav,197.99,198.56
merged_IT/02_PM65_2.wav,200.2,201.27
merged_IT/02_PM65_2.wav,202.56,203.61
merged_IT/02_PM65_2.wav,208.8,209.59
merged_IT/02_PM65_2.wav,214.67,215.49
merged_IT/02_PM65_2.wav,220.31,221.51
merged_IT/02_PM65_2.wav,225.93,226.82
merged_IT/02_PM65_2.wav,228.2,229.02
merged_IT/02_PM65_2.wav,229.79,230.61
merged_IT/02_PM65_2.wav,232.41,233.76
merged_IT/02_PM65_2.wav,240.48,241.6
merged_IT/02_PM65_2.wav,246.54,247.25
merged_IT/02_PM65_2.wav,251.07,252.15
merged_IT/02_PM65_2.wav,253.98,254.51
merged_IT/02_PM65_2.wav,258.41,258.98
merged_IT/02_PM65_2.wav,261.01,261.76
merged_IT/02_PM65_2.wav,263.82,264.81
merged_IT/02_PM65_2.wav,268.36,268.78
merged_IT/36_CF59_2.wav,2.91,3.83
merged_IT/36_CF59_2.wav,5.96,6.46
merged_IT/36_CF59_2.wav,9.5,9.85
merged_IT/36_CF59_2.wav,11.61,11.93
merged_IT/36_CF59_2.wav,13.61,14.05
merged_IT/36_CF59_2.wav,14.97,15.8
merged_IT/36_CF59_2.wav,18.52,19.2
merged_IT/36_CF59_2.wav,21.65,21.93
merged_IT/36_CF59_2.wav,24.12,25.32
merged_IT/36_CF59_2.wav,31.07,32.18
merged_IT/36_CF59_2.wav,35.9,36.29
merged_IT/36_CF59_2.wav,39.25,39.91
merged_IT/36_CF59_2.wav,43.56,44.67
merged_IT/36_CF59_2.wav,48.21,49.13
merged_IT/36_CF59_2.wav,53.3,53.93
merged_IT/36_CF59_2.wav,55.02,55.63
merged_IT/36_CF59_2.wav,62.1,63.07
merged_IT/36_CF59_2.wav,64.02,65.22
merged_IT/36_CF59_2.wav,66.78,67.55
merged_IT/36_CF59_2.wav,71.76,72.14
merged_IT/36_CF59_2.wav,75.25,76.01
merged_IT/36_CF59_2.wav,79.76,80.13
merged_IT/36_CF59_2.wav,81.91,82.25
merged_IT/36_CF59_2.wav,84.65,86.18
merged_IT/36_CF59_2.wav,88.78,89.24
merged_IT/36_CF59_2.wav,92.19,92.91
merged_IT/36_CF59_2.wav,98.54,99.17
merged_IT/36_CF59_2.wav,101.78,102.37
merged_IT/36_CF59_2.wav,104.42,104.73
merged_IT/36_CF59_2.wav,105.32,106.44
merged_IT/36_CF59_2.wav,108.22,108.58
merged_IT/36_CF59_2.wav,109.96,110.35
merged_IT/36_CF59_2.wav,112.15,112.38
merged_IT/36_CF59_2.wav,114.5,115.17
merged_IT/36_CF59_2.wav,117.01,117.75
merged_IT/36_CF59_2.wav,124.48,124.89
merged_IT/36_CF59_2.wav,127.0,127.5
merged_IT/36_CF59_2.wav,129.38,130.74
merged_IT/36_CF59_2.wav,137.46,137.98
merged_IT/36_CF59_2.wav,139.43,139.87
merged_IT/36_CF59_2.wav,141.86,142.57
merged_IT/36_CF59_2.wav,144.23,144.66
merged_IT/36_CF59_2.wav,146.23,146.63
merged_IT/36_CF59_2.wav,147.82,148.91
merged_IT/36_CF59_2.wav,154.93,155.7
merged_IT/36_CF59_2.wav,161.41,162.09
merged_IT/36_CF59_2.wav,164.72,165.6
merged_IT/36_CF59_2.wav,168.02,168.29
merged_IT/36_CF59_2.wav,170.14,170.88
merged_IT/36_CF59_2.wav,175.18,176.43
merged_IT/36_CF59_2.wav,181.74,182.85
merged_IT/36_CF59_2.wav,185.19,185.91
merged_IT/36_CF59_2.wav,186.46,187.74
merged_IT/36_CF59_2.wav,194.42,195.42
merged_IT/36_CF59_2.wav,200.04,200.78
merged_IT/36_CF59_2.wav,205.31,206.3
merged_IT/36_CF59_2.wav,207.51,207.96
merged_IT/36_CF59_2.wav,209.58,210.51
merged_IT/36_CF59_2.wav,214.49,215.49
merged_IT/36_CF59_2.wav,216.1,216.36
merged_IT/36_CF59_2.wav,217.26,218.0
merged_IT/36_CF59_2.wav,222.82,223.63
merged_IT/36_CF59_2.wav,228.14,228.53
merged_IT/36_CF59_2.wav,229.56,230.13
merged_IT/36_CF59_2.wav,232.42,233.13
merged_IT/36_CF59_2.wav,239.14,240.14
merged_IT/36_CF59_2.wav,241.35,241.87
merged_IT/36_CF59_2.wav,248.22,248.49
merged_IT/36_CF59_2.wav,249.96,250.9
merged_IT/36_CF59_2.wav,251.54,252.12
merged_IT/64_PF54_2.wav,1.54,2.37
merged_IT/64_PF54_2.wav,4.21,5.62
merged_IT/64_PF54_2.wav,6.33,6.55
merged_IT/64_PF54_2.wav,9.29,9.69
merged_IT/64_PF54_2.wav,11.0,11.47
merged_IT/64_PF54_2.wav,21.87,22.15
merged_IT/64_PF54_2.wav,25.4,25.71
merged_IT/64_PF54_2.wav,28.85,29.46
merged_IT/64_PF54_2.wav,31.25,31.73
merged_IT/64_PF54_2.wav,34.66,35.23
merged_IT/64_PF54_2.wav,37.71,38.18
merged_IT/64_PF54_2.wav,39.57,40.0
merged_IT/64_PF54_2.wav,41.71,42.98
merged_IT/64_PF54_2.wav,45.24,45.53
merged_IT/64_PF54_2.wav,45.77,46.39
merged_IT/64_PF54_2.wav,47.03,47.62
merged_IT/64_PF54_2.wav,53.64,54.36
merged_IT/64_PF54_2.wav,57.81,58.4
merged_IT/64_PF54_2.wav,66.13,66.56
merged_IT/64_PF54_2.wav,74.02,75.17
merged_IT/64_PF54_2.wav,76.05,76.46
merged_IT/64_PF54_2.wav,77.02,77.6
merged_IT/64_PF54_2.wav,80.46,81.59
merged_IT/64_PF54_2.wav,84.04,84.44
merged_IT/64_PF54_2.wav,85.84,86.21
merged_IT/64_PF54_2.wav,87.92,88.2
merged_IT/64_PF54_2.wav,88.74,89.42
merged_IT/64_PF54_2.wav,90.24,90.91
merged_IT/64_PF54_2.wav,93.14,94.32
merged_IT/64_PF54_2.wav,96.88,97.62
merged_IT/64_PF54_2.wav,105.24,105.55
merged_IT/64_PF54_2.wav,109.31,109.58
merged_IT/64_PF54_2.wav,113.13,113.41
merged_IT/64_PF54_2.wav,115.81,116.03
merged_IT/64_PF54_2.wav,116.86,117.4
merged_IT/64_PF54_2.wav,118.19,118.7
merged_IT/64_PF54_2.wav,121.32,121.59
merged_IT/64_PF54_2.wav,124.28,124.75
merged_IT/64_PF54_2.wav,125.94,126.2
merged_IT/64_PF54_2.wav,128.1,128.51
merged_IT/64_PF54_2.wav,133.11,133.56
merged_IT/64_PF54_2.wav,134.43,134.88
merged_IT/64_PF54_2.wav,137.74,138.23
merged_IT/64_PF54_2.wav,139.9,140.1
merged_IT/64_PF54_2.wav,142.6,142.91
merged_IT/64_PF54_2.wav,148.55,148.9
merged_IT/64_PF54_2.wav,151.63,151.97
merged_IT/64_PF54_2.wav,155.16,155.51
merged_IT/64_PF54_2.wav,156.3,156.69
merged_IT/64_PF54_2.wav,157.39,157.61
merged_IT/64_PF54_2.wav,160.7,161.15
merged_IT/64_PF54_2.wav,164.33,164.55
merged_IT/64_PF54_2.wav,167.79,168.21
merged_IT/64_PF54_2.wav,170.5,171.68
merged_IT/64_PF54_2.wav,173.93,174.84
merged_IT/64_PF54_2.wav,178.74,179.35
merged_IT/64_PF54_2.wav,180.38,181.47
merged_IT/64_PF54_2.wav,185.1,185.5
merged_IT/64_PF54_2.wav,187.06,187.66
merged_IT/64_PF54_2.wav,190.08,190.64
merged_IT/64_PF54_2.wav,193.56,193.98
merged_IT/64_PF54_2.wav,195.88,196.56
merged_IT/64_PF54_2.wav,196.8,197.4
merged_IT/64_PF54_2.wav,197.85,198.4
merged_IT/24_CM63_3.wav,8.97,9.44
merged_IT/24_CM63_3.wav,11.97,12.88
merged_IT/24_CM63_3.wav,18.93,19.55
merged_IT/24_CM63_3.wav,21.9,22.31
merged_IT/24_CM63_3.wav,27.9,28.65
merged_IT/24_CM63_3.wav,31.5,31.85
merged_IT/24_CM63_3.wav,33.08,33.7
merged_IT/24_CM63_3.wav,35.14,36.01
merged_IT/24_CM63_3.wav,36.86,37.28
merged_IT/24_CM63_3.wav,39.91,40.36
merged_IT/24_CM63_3.wav,46.25,46.62
merged_IT/24_CM63_3.wav,51.95,52.49
merged_IT/24_CM63_3.wav,58.75,59.52
merged_IT/24_CM63_3.wav,69.25,69.94
merged_IT/24_CM63_3.wav,77.07,77.44
merged_IT/24_CM63_3.wav,78.76,79.32
merged_IT/24_CM63_3.wav,83.29,83.8
merged_IT/24_CM63_3.wav,88.79,89.41
merged_IT/24_CM63_3.wav,93.12,93.73
merged_IT/24_CM63_3.wav,94.65,95.27
merged_IT/24_CM63_3.wav,100.65,101.04
merged_IT/24_CM63_3.wav,102.17,102.62
merged_IT/24_CM63_3.wav,107.42,107.96
merged_IT/24_CM63_3.wav,113.38,113.89
merged_IT/24_CM63_3.wav,118.95,119.25
merged_IT/24_CM63_3.wav,121.25,121.62
merged_IT/24_CM63_3.wav,123.36,123.82
merged_IT/24_CM63_3.wav,127.66,128.23
merged_IT/24_CM63_3.wav,130.04,130.49
merged_IT/24_CM63_3.wav,134.2,134.7
merged_IT/24_CM63_3.wav,140.86,141.23
merged_IT/24_CM63_3.wav,143.77,144.23
merged_IT/24_CM63_3.wav,146.57,146.91
merged_IT/24_CM63_3.wav,150.52,151.25
merged_IT/24_CM63_3.wav,154.12,154.45
merged_IT/24_CM63_3.wav,156.69,157.14
merged_IT/24_CM63_3.wav,161.33,161.75
merged_IT/24_CM63_3.wav,163.56,164.1
merged_IT/24_CM63_3.wav,168.6,169.17
merged_IT/24_CM63_3.wav,173.52,174.05
merged_IT/24_CM63_3.wav,181.15,182.2
merged_IT/24_CM63_3.wav,189.55,190.05
merged_IT/24_CM63_3.wav,193.63,194.14
merged_IT/65_PF41_3.wav,4.73,5.69
merged_IT/65_PF41_3.wav,9.33,10.27
merged_IT/65_PF41_3.wav,15.2,15.69
merged_IT/65_PF41_3.wav,18.58,19.83
merged_IT/65_PF41_3.wav,22.92,23.65
merged_IT/65_PF41_3.wav,23.8,24.08
merged_IT/65_PF41_3.wav,27.34,29.1
merged_IT/65_PF41_3.wav,30.15,31.12
merged_IT/65_PF41_3.wav,39.07,40.88
merged_IT/65_PF41_3.wav,41.77,42.25
merged_IT/65_PF41_3.wav,45.63,47.82
merged_IT/65_PF41_3.wav,49.59,49.8
merged_IT/65_PF41_3.wav,51.2,51.58
merged_IT/65_PF41_3.wav,59.48,60.6
merged_IT/65_PF41_3.wav,64.36,65.48
merged_IT/65_PF41_3.wav,69.55,69.94
merged_IT/65_PF41_3.wav,74.93,76.24
merged_IT/65_PF41_3.wav,81.47,82.06
merged_IT/65_PF41_3.wav,92.28,92.55
merged_IT/65_PF41_3.wav,95.4,95.94
merged_IT/65_PF41_3.wav,99.23,99.86
merged_IT/65_PF41_3.wav,102.48,102.8
merged_IT/65_PF41_3.wav,108.41,109.13
merged_IT/65_PF41_3.wav,113.36,114.85
merged_IT/02_CM57_2.wav,1.14,1.35
merged_IT/02_CM57_2.wav,6.29,7.27
merged_IT/02_CM57_2.wav,12.88,13.29
merged_IT/02_CM57_2.wav,18.81,19.18
merged_IT/02_CM57_2.wav,26.37,27.13
merged_IT/02_CM57_2.wav,28.64,29.17
merged_IT/02_CM57_2.wav,36.42,38.22
merged_IT/02_CM57_2.wav,39.45,39.89
merged_IT/02_CM57_2.wav,42.63,43.47
merged_IT/02_CM57_2.wav,48.11,48.34
merged_IT/02_CM57_2.wav,52.31,53.2
merged_IT/02_CM57_2.wav,59.12,60.51
merged_IT/02_CM57_2.wav,62.51,62.75
merged_IT/02_CM57_2.wav,64.12,64.47
merged_IT/02_CM57_2.wav,68.47,69.08
merged_IT/02_CM57_2.wav,71.51,72.26
merged_IT/02_CM57_2.wav,73.46,73.89
merged_IT/02_CM57_2.wav,79.06,79.57
merged_IT/02_CM57_2.wav,82.74,84.5
merged_IT/02_CM57_2.wav,85.62,86.1
merged_IT/02_CM57_2.wav,91.51,92.02
merged_IT/02_CM57_2.wav,99.56,100.3
merged_IT/02_CM57_2.wav,103.06,103.52
merged_IT/02_CM57_2.wav,108.98,109.32
merged_IT/02_CM57_2.wav,110.65,112.27
merged_IT/02_CM57_2.wav,113.85,114.07
merged_IT/02_CM57_2.wav,117.62,118.35
merged_IT/02_CM57_2.wav,119.02,119.55
merged_IT/02_CM57_2.wav,123.58,124.16
merged_IT/02_CM57_2.wav,125.94,127.22
merged_IT/02_CM57_2.wav,128.75,129.08
merged_IT/02_CM57_2.wav,138.19,139.26
merged_IT/02_CM57_2.wav,147.69,149.84
merged_IT/02_CM57_2.wav,151.99,152.71
merged_IT/02_CM57_2.wav,153.64,153.84
merged_IT/02_CM57_2.wav,156.2,157.21
merged_IT/02_CM57_2.wav,160.07,160.71
merged_IT/02_CM57_2.wav,163.51,164.83
merged_IT/02_CM57_2.wav,167.25,167.77
merged_IT/02_CM57_2.wav,169.02,169.61
merged_IT/02_CM57_2.wav,171.52,172.54
merged_IT/62_PF56_3.wav,12.14,12.74
merged_IT/62_PF56_3.wav,15.32,15.73
merged_IT/62_PF56_3.wav,21.33,21.8
merged_IT/62_PF56_3.wav,23.98,24.27
merged_IT/62_PF56_3.wav,30.38,30.81
merged_IT/62_PF56_3.wav,39.07,39.51
merged_IT/62_PF56_3.wav,41.37,41.7
merged_IT/62_PF56_3.wav,46.29,48.18
merged_IT/62_PF56_3.wav,54.09,54.35
merged_IT/62_PF56_3.wav,58.28,59.02
merged_IT/62_PF56_3.wav,70.28,71.32
merged_IT/62_PF56_3.wav,73.31,73.76
merged_IT/62_PF56_3.wav,78.96,79.46
merged_IT/62_PF56_3.wav,81.39,82.79
merged_IT/62_PF56_3.wav,84.95,85.87
merged_IT/62_PF56_3.wav,88.8,89.21
merged_IT/62_PF56_3.wav,90.5,90.9
merged_IT/62_PF56_3.wav,94.43,95.24
merged_IT/62_PF56_3.wav,102.52,103.24
merged_IT/62_PF56_3.wav,113.6,114.11
merged_IT/62_PF56_3.wav,117.07,117.48
merged_IT/62_PF56_3.wav,121.01,121.24
merged_IT/62_PF56_3.wav,128.71,130.37
merged_IT/62_PF56_3.wav,132.42,133.33
merged_IT/62_PF56_3.wav,135.71,136.16
merged_IT/62_PF56_3.wav,148.34,148.86
merged_IT/62_PF56_3.wav,153.47,153.84
merged_IT/62_PF56_3.wav,161.97,162.32
merged_IT/62_PF56_3.wav,166.74,167.14
merged_IT/62_PF56_3.wav,168.3,168.54
merged_IT/62_PF56_3.wav,173.99,174.25
merged_IT/62_PF56_3.wav,176.53,177.39
merged_IT/62_PF56_3.wav,181.59,182.13
merged_IT/62_PF56_3.wav,190.39,190.81
merged_IT/62_PF56_3.wav,199.02,199.75
merged_IT/62_PF56_3.wav,200.25,200.54
merged_IT/62_PF56_3.wav,205.66,206.05
merged_IT/62_PF56_3.wav,211.17,212.74
merged_IT/62_PF56_3.wav,219.22,219.82
merged_IT/62_PF56_3.wav,224.0,224.22
merged_IT/62_PF56_3.wav,226.81,227.58
merged_IT/62_PF56_3.wav,229.54,230.26
merged_IT/62_PF56_3.wav,236.18,236.54
merged_IT/62_PF56_3.wav,244.37,244.91
merged_IT/62_PF56_3.wav,246.6,247.27
merged_IT/62_PF56_3.wav,249.52,251.03
merged_IT/62_PF56_3.wav,258.6,259.42
merged_IT/62_PF56_3.wav,267.98,268.34
merged_IT/62_PF56_3.wav,273.86,274.53
merged_IT/62_PF56_3.wav,277.71,278.22
merged_IT/62_PF56_3.wav,280.78,282.01
merged_IT/62_PF56_3.wav,285.49,286.02
merged_IT/62_PF56_3.wav,294.45,294.93
merged_IT/62_PF56_3.wav,305.06,305.38
merged_IT/59_PF36_x.wav,5.32,6.08
merged_IT/59_PF36_x.wav,11.2,12.23
merged_IT/59_PF36_x.wav,16.73,17.45
merged_IT/59_PF36_x.wav,17.8,18.4
merged_IT/59_PF36_x.wav,19.23,19.64
merged_IT/59_PF36_x.wav,26.48,26.79
merged_IT/59_PF36_x.wav,28.68,29.13
merged_IT/59_PF36_x.wav,31.49,31.83
merged_IT/59_PF36_x.wav,33.56,34.23
merged_IT/59_PF36_x.wav,36.05,36.65
merged_IT/59_PF36_x.wav,39.08,40.03
merged_IT/59_PF36_x.wav,41.57,42.35
merged_IT/59_PF36_x.wav,46.57,47.3
merged_IT/59_PF36_x.wav,53.81,54.52
merged_IT/59_PF36_x.wav,55.72,56.67
merged_IT/59_PF36_x.wav,57.55,57.94
merged_IT/59_PF36_x.wav,58.97,59.72
merged_IT/59_PF36_x.wav,65.3,66.29
merged_IT/59_PF36_x.wav,68.53,69.25
merged_IT/59_PF36_x.wav,72.94,73.73
merged_IT/59_PF36_x.wav,80.62,80.95
merged_IT/59_PF36_x.wav,82.03,82.71
merged_IT/59_PF36_x.wav,83.95,84.39
merged_IT/59_PF36_x.wav,85.35,86.08
merged_IT/59_PF36_x.wav,87.68,88.7
merged_IT/59_PF36_x.wav,89.71,90.35
merged_IT/59_PF36_x.wav,91.38,92.46
merged_IT/59_PF36_x.wav,93.38,93.83
merged_IT/59_PF36_x.wav,96.88,97.53
merged_IT/59_PF36_x.wav,101.67,101.91
merged_IT/59_PF36_x.wav,107.01,107.69
merged_IT/59_PF36_x.wav,114.46,115.42
merged_IT/59_PF36_x.wav,117.19,117.46
merged_IT/59_PF36_x.wav,121.4,121.96
merged_IT/59_PF36_x.wav,125.72,126.31
merged_IT/59_PF36_x.wav,128.42,129.13
merged_IT/59_PF36_x.wav,130.02,130.38
merged_IT/59_PF36_x.wav,133.75,134.38
merged_IT/59_PF36_x.wav,140.52,141.06
merged_IT/59_PF36_x.wav,145.37,145.97
merged_IT/59_PF36_x.wav,148.64,149.5
merged_IT/59_PF36_x.wav,150.96,151.45
merged_IT/59_PF36_x.wav,157.49,158.13
merged_IT/59_PF36_x.wav,161.09,161.54
merged_IT/59_PF36_x.wav,164.82,165.08
merged_IT/59_PF36_x.wav,166.72,167.87
merged_IT/59_PF36_x.wav,176.89,177.63
merged_IT/59_PF36_x.wav,183.48,184.04
merged_IT/59_PF36_x.wav,189.09,189.91
merged_IT/59_PF36_x.wav,192.1,192.52
merged_IT/59_PF36_x.wav,193.18,193.44
merged_IT/59_PF36_x.wav,195.44,196.1
merged_IT/59_PF36_x.wav,196.48,196.69
merged_IT/59_PF36_x.wav,198.53,199.09
merged_IT/59_PF36_x.wav,201.39,201.97
merged_IT/59_PF36_x.wav,204.54,205.55
merged_IT/59_PF36_x.wav,207.15,207.37
merged_IT/59_PF36_x.wav,210.15,210.35
merged_IT/59_PF36_x.wav,214.26,214.83
merged_IT/59_PF36_x.wav,219.05,219.28
merged_IT/59_PF36_x.wav,222.24,222.67
merged_IT/59_PF36_x.wav,227.94,228.36
merged_IT/59_PF36_x.wav,232.84,233.69
merged_IT/59_PF36_x.wav,239.84,240.68
merged_IT/59_PF36_x.wav,243.83,244.79
merged_IT/59_PF36_x.wav,245.81,246.37
merged_IT/59_PF36_x.wav,247.68,248.11
merged_IT/59_PF36_x.wav,248.69,248.96
merged_IT/59_PF36_x.wav,249.62,249.88
merged_IT/59_PF36_x.wav,252.73,253.18
merged_IT/59_PF36_x.wav,257.91,258.3
merged_IT/59_PF36_x.wav,261.97,262.38
merged_IT/59_PF36_x.wav,264.93,265.79
merged_IT/59_PF36_x.wav,268.31,269.93
merged_IT/59_PF36_x.wav,271.91,272.62
merged_IT/59_PF36_x.wav,273.95,274.31
merged_IT/13_PF58_2.wav,1.07,2.46
merged_IT/13_PF58_2.wav,6.02,7.36
merged_IT/13_PF58_2.wav,12.86,13.39
merged_IT/13_PF58_2.wav,14.87,15.46
merged_IT/13_PF58_2.wav,18.04,18.73
merged_IT/13_PF58_2.wav,23.51,23.75
merged_IT/13_PF58_2.wav,24.95,25.36
merged_IT/13_PF58_2.wav,27.41,27.79
merged_IT/13_PF58_2.wav,31.65,32.29
merged_IT/13_PF58_2.wav,35.21,36.03
merged_IT/13_PF58_2.wav,39.69,40.55
merged_IT/13_PF58_2.wav,40.95,41.47
merged_IT/13_PF58_2.wav,43.24,43.49
merged_IT/13_PF58_2.wav,45.65,46.1
merged_IT/13_PF58_2.wav,51.16,51.67
merged_IT/13_PF58_2.wav,55.87,56.32
merged_IT/13_PF58_2.wav,57.59,58.85
merged_IT/13_PF58_2.wav,61.32,61.73
merged_IT/13_PF58_2.wav,63.2,63.4
merged_IT/13_PF58_2.wav,63.42,63.78
merged_IT/13_PF58_2.wav,64.64,64.86
merged_IT/13_PF58_2.wav,68.82,69.56
merged_IT/13_PF58_2.wav,70.37,70.82
merged_IT/13_PF58_2.wav,75.49,75.72
merged_IT/13_PF58_2.wav,78.97,79.41
merged_IT/13_PF58_2.wav,80.65,81.7
merged_IT/13_PF58_2.wav,86.36,87.02
merged_IT/13_PF58_2.wav,87.81,88.35
merged_IT/13_PF58_2.wav,89.11,89.63
merged_IT/13_PF58_2.wav,94.03,94.53
merged_IT/13_PF58_2.wav,95.22,95.55
merged_IT/13_PF58_2.wav,97.26,97.55
merged_IT/13_PF58_2.wav,99.73,100.57
merged_IT/13_PF58_2.wav,103.72,104.17
merged_IT/13_PF58_2.wav,105.46,105.8
merged_IT/13_PF58_2.wav,108.49,109.38
merged_IT/13_PF58_2.wav,112.45,113.27
merged_IT/13_PF58_2.wav,115.3,115.67
merged_IT/13_PF58_2.wav,120.21,120.43
merged_IT/13_PF58_2.wav,121.27,121.81
merged_IT/13_PF58_2.wav,124.96,125.41
merged_IT/13_PF58_2.wav,129.45,130.04
merged_IT/13_PF58_2.wav,131.32,131.85
merged_IT/13_PF58_2.wav,132.6,132.81
merged_IT/13_PF58_2.wav,136.33,136.63
merged_IT/13_PF58_2.wav,138.2,138.83
merged_IT/13_PF58_2.wav,140.53,141.02
merged_IT/13_PF58_2.wav,143.59,144.27
merged_IT/13_PF58_2.wav,145.16,145.63
merged_IT/13_PF58_2.wav,147.42,148.75
merged_IT/31_PF68_4.wav,0.36,0.67
merged_IT/31_PF68_4.wav,2.2,2.81
merged_IT/31_PF68_4.wav,6.36,6.74
merged_IT/31_PF68_4.wav,8.14,9.44
merged_IT/31_PF68_4.wav,10.55,12.01
merged_IT/31_PF68_4.wav,15.57,16.14
merged_IT/31_PF68_4.wav,17.15,17.53
merged_IT/31_PF68_4.wav,20.2,21.17
merged_IT/31_PF68_4.wav,21.97,23.98
merged_IT/31_PF68_4.wav,27.34,27.93
merged_IT/31_PF68_4.wav,28.95,30.79
merged_IT/31_PF68_4.wav,31.7,31.99
merged_IT/31_PF68_4.wav,34.09,35.06
merged_IT/31_PF68_4.wav,37.63,39.1
merged_IT/31_PF68_4.wav,40.31,42.15
merged_IT/31_PF68_4.wav,46.52,46.74
merged_IT/31_PF68_4.wav,48.24,48.75
merged_IT/31_PF68_4.wav,50.12,50.65
merged_IT/31_PF68_4.wav,51.62,51.82
merged_IT/31_PF68_4.wav,53.12,53.43
merged_IT/31_PF68_4.wav,56.14,56.63
merged_IT/31_PF68_4.wav,57.51,57.98
merged_IT/31_PF68_4.wav,60.28,61.21
merged_IT/31_PF68_4.wav,61.57,62.09
merged_IT/31_PF68_4.wav,63.38,64.35
merged_IT/31_PF68_4.wav,65.54,65.85
merged_IT/31_PF68_4.wav,66.63,67.11
merged_IT/31_PF68_4.wav,67.97,68.34
merged_IT/31_PF68_4.wav,71.08,71.73
merged_IT/31_PF68_4.wav,72.78,74.45
merged_IT/31_PF68_4.wav,75.12,75.7
merged_IT/31_PF68_4.wav,76.23,76.74
merged_IT/31_PF68_4.wav,79.1,79.45
merged_IT/31_PF68_4.wav,80.95,82.26
merged_IT/31_PF68_4.wav,83.37,84.04
merged_IT/31_PF68_4.wav,89.12,89.98
merged_IT/31_PF68_4.wav,91.26,91.8
merged_IT/31_PF68_4.wav,94.8,95.51
merged_IT/31_PF68_4.wav,99.86,100.36
merged_IT/31_PF68_4.wav,102.27,103.42
merged_IT/31_PF68_4.wav,104.29,106.51
merged_IT/31_PF68_4.wav,107.93,108.89
merged_IT/31_PF68_4.wav,109.63,111.48
merged_IT/31_PF68_4.wav,114.07,114.99
merged_IT/31_PF68_4.wav,116.55,117.43
merged_IT/31_PF68_4.wav,118.83,119.12
merged_IT/31_PF68_4.wav,119.76,120.39
merged_IT/31_PF68_4.wav,125.27,125.78
merged_IT/31_PF68_4.wav,127.76,128.16
merged_IT/31_PF68_4.wav,130.88,132.46
merged_IT/31_PF68_4.wav,136.59,137.15
merged_IT/31_PF68_4.wav,137.96,138.33
merged_IT/31_PF68_4.wav,140.57,140.78
merged_IT/31_PF68_4.wav,142.66,142.99
merged_IT/31_PF68_4.wav,145.11,145.39
merged_IT/31_PF68_4.wav,146.78,147.42
merged_IT/31_PF68_4.wav,151.6,153.19
merged_IT/31_PF68_4.wav,155.05,156.69
merged_IT/31_PF68_4.wav,157.71,158.3
merged_IT/31_PF68_4.wav,162.93,163.49
merged_IT/31_PF68_4.wav,164.49,164.71
merged_IT/31_PF68_4.wav,166.25,166.92
merged_IT/31_PF68_4.wav,167.93,168.22
merged_IT/31_PF68_4.wav,170.99,171.44
merged_IT/31_PF68_4.wav,172.82,175.5
merged_IT/31_PF68_4.wav,176.79,177.26
merged_IT/31_PF68_4.wav,178.4,178.75
merged_IT/31_PF68_4.wav,179.82,180.14
merged_IT/31_PF68_4.wav,180.97,181.49
merged_IT/69_PF48_3.wav,1.34,1.6
merged_IT/69_PF48_3.wav,1.75,2.6
merged_IT/69_PF48_3.wav,2.95,3.19
merged_IT/69_PF48_3.wav,4.48,4.96
merged_IT/69_PF48_3.wav,6.46,6.67
merged_IT/69_PF48_3.wav,8.12,8.49
merged_IT/69_PF48_3.wav,10.17,10.81
merged_IT/69_PF48_3.wav,16.07,16.36
merged_IT/69_PF48_3.wav,20.69,21.58
merged_IT/69_PF48_3.wav,23.0,23.83
merged_IT/69_PF48_3.wav,27.15,28.04
merged_IT/69_PF48_3.wav,29.15,29.51
merged_IT/69_PF48_3.wav,29.76,30.01
merged_IT/69_PF48_3.wav,31.5,31.91
merged_IT/69_PF48_3.wav,32.9,33.4
merged_IT/69_PF48_3.wav,39.98,40.41
merged_IT/69_PF48_3.wav,43.53,44.4
merged_IT/69_PF48_3.wav,46.45,46.93
merged_IT/69_PF48_3.wav,49.01,49.51
merged_IT/69_PF48_3.wav,51.99,52.23
merged_IT/69_PF48_3.wav,55.4,55.67
merged_IT/69_PF48_3.wav,61.02,61.33
merged_IT/69_PF48_3.wav,67.24,67.51
merged_IT/69_PF48_3.wav,69.57,70.46
merged_IT/69_PF48_3.wav,71.42,71.91
merged_IT/69_PF48_3.wav,73.49,74.3
merged_IT/69_PF48_3.wav,76.33,77.23
merged_IT/69_PF48_3.wav,80.58,80.84
merged_IT/69_PF48_3.wav,82.86,83.38
merged_IT/69_PF48_3.wav,86.63,86.98
merged_IT/69_PF48_3.wav,88.93,89.61
merged_IT/69_PF48_3.wav,90.72,90.97
merged_IT/69_PF48_3.wav,94.54,94.77
merged_IT/69_PF48_3.wav,97.03,97.63
merged_IT/69_PF48_3.wav,99.35,99.73
merged_IT/69_PF48_3.wav,100.36,100.75
merged_IT/69_PF48_3.wav,101.9,102.39
merged_IT/69_PF48_3.wav,103.04,103.47
merged_IT/69_PF48_3.wav,104.99,105.77
merged_IT/69_PF48_3.wav,110.71,111.04
merged_IT/69_PF48_3.wav,114.29,114.75
merged_IT/69_PF48_3.wav,119.83,120.59
merged_IT/69_PF48_3.wav,125.68,126.95
merged_IT/69_PF48_3.wav,128.67,129.05
merged_IT/69_PF48_3.wav,133.24,133.65
merged_IT/69_PF48_3.wav,134.89,135.57
merged_IT/69_PF48_3.wav,138.67,139.65
merged_IT/69_PF48_3.wav,140.5,142.37
merged_IT/69_PF48_3.wav,144.34,144.76
merged_IT/69_PF48_3.wav,152.92,153.28
merged_IT/69_PF48_3.wav,158.33,158.78
merged_IT/69_PF48_3.wav,160.38,160.91
merged_IT/69_PF48_3.wav,163.96,164.25
merged_IT/69_PF48_3.wav,168.16,168.62
merged_IT/69_PF48_3.wav,171.13,171.49
merged_IT/69_PF48_3.wav,176.57,176.87
merged_IT/69_PF48_3.wav,179.4,179.67
merged_IT/69_PF48_3.wav,183.0,183.22
merged_IT/69_PF48_3.wav,185.66,186.0
merged_IT/69_PF48_3.wav,189.85,190.16
merged_IT/69_PF48_3.wav,194.33,194.67
merged_IT/69_PF48_3.wav,197.31,198.01
merged_IT/69_PF48_3.wav,200.36,200.56
merged_IT/69_PF48_3.wav,206.54,206.96
merged_IT/69_PF48_3.wav,209.17,209.59
merged_IT/69_PF48_3.wav,213.51,214.19
merged_IT/69_PF48_3.wav,214.78,215.24
merged_IT/69_PF48_3.wav,220.14,220.68
merged_IT/69_PF48_3.wav,220.78,221.7
merged_IT/69_PF48_3.wav,226.24,226.5
merged_IT/69_PF48_3.wav,233.24,233.51
merged_IT/69_PF48_3.wav,237.09,237.45
merged_IT/69_PF48_3.wav,238.37,239.02
merged_IT/69_PF48_3.wav,242.97,243.38
merged_IT/69_PF48_3.wav,249.13,249.4
merged_IT/69_PF48_3.wav,250.02,250.29
merged_IT/69_PF48_3.wav,252.21,252.57
merged_IT/69_PF48_3.wav,255.55,255.98
merged_IT/69_PF48_3.wav,256.29,257.07
merged_IT/69_PF48_3.wav,262.82,263.14
merged_IT/69_PF48_3.wav,267.15,267.4
merged_IT/69_PF48_3.wav,268.36,268.85
merged_IT/69_PF48_3.wav,271.49,271.79
merged_IT/69_PF48_3.wav,275.71,276.4
merged_IT/69_PF48_3.wav,277.25,277.83
merged_IT/69_PF48_3.wav,283.74,284.44
merged_IT/69_PF48_3.wav,285.89,286.28
merged_IT/69_PF48_3.wav,288.05,290.29
merged_IT/69_PF48_3.wav,294.39,294.86
merged_IT/69_PF48_3.wav,300.6,301.05
merged_IT/69_PF48_3.wav,302.97,304.12
merged_IT/69_PF48_3.wav,306.11,306.68
merged_IT/69_PF48_3.wav,312.0,312.27
merged_IT/69_PF48_3.wav,314.52,314.93
merged_IT/69_PF48_3.wav,316.82,317.11
merged_IT/69_PF48_3.wav,317.72,318.1
merged_IT/69_PF48_3.wav,319.77,320.43
merged_IT/69_PF48_3.wav,322.76,323.21
merged_IT/69_PF48_3.wav,330.15,330.56
merged_IT/69_PF48_3.wav,335.89,336.27
merged_IT/69_PF48_3.wav,344.33,344.62
merged_IT/69_PF48_3.wav,348.09,348.59
merged_IT/69_PF48_3.wav,351.8,352.2
merged_IT/69_PF48_3.wav,359.76,360.26
merged_IT/69_PF48_3.wav,366.33,366.73
merged_IT/69_PF48_3.wav,370.67,370.89
merged_IT/69_PF48_3.wav,373.7,374.2
merged_IT/69_PF48_3.wav,375.22,375.82
merged_IT/69_PF48_3.wav,378.28,379.94
merged_IT/69_PF48_3.wav,380.05,380.3
merged_IT/69_PF48_3.wav,393.05,393.73
merged_IT/69_PF48_3.wav,395.57,397.03
merged_IT/69_PF48_3.wav,399.77,400.57
merged_IT/69_PF48_3.wav,402.31,402.59
merged_IT/69_PF48_3.wav,404.3,404.98
merged_IT/69_PF48_3.wav,407.62,408.2
merged_IT/69_PF48_3.wav,409.34,409.91
merged_IT/69_PF48_3.wav,415.5,416.18
merged_IT/69_PF48_3.wav,417.09,418.47
merged_IT/69_PF48_3.wav,422.75,422.95
merged_IT/69_PF48_3.wav,426.11,426.46
merged_IT/69_PF48_3.wav,430.84,431.44
merged_IT/69_PF48_3.wav,435.75,436.2
merged_IT/69_PF48_3.wav,438.14,438.47
merged_IT/69_PF48_3.wav,439.98,440.34
merged_IT/69_PF48_3.wav,444.81,445.14
merged_IT/69_PF48_3.wav,448.05,448.45
merged_IT/69_PF48_3.wav,453.45,454.09
merged_IT/69_PF48_3.wav,459.31,459.62
merged_IT/69_PF48_3.wav,462.13,462.39
merged_IT/69_PF48_3.wav,465.02,465.72
merged_IT/69_PF48_3.wav,472.22,472.55
merged_IT/69_PF48_3.wav,473.42,473.65
merged_IT/69_PF48_3.wav,476.13,476.38
merged_IT/69_PF48_3.wav,481.45,481.73
merged_IT/69_PF48_3.wav,484.93,485.66
merged_IT/69_PF48_3.wav,488.94,490.76
merged_IT/69_PF48_3.wav,494.36,495.94
merged_IT/69_PF48_3.wav,498.06,499.47
merged_IT/69_PF48_3.wav,502.15,502.88
merged_IT/69_PF48_3.wav,503.81,504.11
merged_IT/69_PF48_3.wav,509.55,510.31
merged_IT/69_PF48_3.wav,513.98,514.61
merged_IT/69_PF48_3.wav,517.17,517.38
merged_IT/69_PF48_3.wav,523.78,524.1
merged_IT/69_PF48_3.wav,527.54,528.18
merged_IT/69_PF48_3.wav,529.1,529.32
merged_IT/69_PF48_3.wav,533.91,534.43
merged_IT/69_PF48_3.wav,536.98,537.27
merged_IT/69_PF48_3.wav,543.19,543.57
merged_IT/69_PF48_3.wav,546.04,546.52
merged_IT/69_PF48_3.wav,550.67,551.4
merged_IT/69_PF48_3.wav,552.57,552.81
merged_IT/69_PF48_3.wav,560.66,561.16
merged_IT/69_PF48_3.wav,563.07,563.6
merged_IT/69_PF48_3.wav,567.57,568.39
merged_IT/44_PF29_3.wav,3.29,4.22
merged_IT/44_PF29_3.wav,6.09,6.72
merged_IT/44_PF29_3.wav,7.82,8.76
merged_IT/44_PF29_3.wav,10.32,11.37
merged_IT/44_PF29_3.wav,12.5,12.72
merged_IT/44_PF29_3.wav,14.14,15.04
merged_IT/44_PF29_3.wav,19.45,19.86
merged_IT/44_PF29_3.wav,22.68,22.97
merged_IT/44_PF29_3.wav,28.21,29.13
merged_IT/44_PF29_3.wav,33.9,35.12
merged_IT/44_PF29_3.wav,39.73,42.41
merged_IT/44_PF29_3.wav,44.33,45.13
merged_IT/44_PF29_3.wav,47.92,48.21
merged_IT/44_PF29_3.wav,49.7,50.35
merged_IT/44_PF29_3.wav,50.82,51.42
merged_IT/44_PF29_3.wav,54.44,54.64
merged_IT/44_PF29_3.wav,58.76,59.44
merged_IT/44_PF29_3.wav,62.8,63.25
merged_IT/44_PF29_3.wav,65.1,66.46
merged_IT/44_PF29_3.wav,67.98,68.44
merged_IT/44_PF29_3.wav,71.66,73.9
merged_IT/44_PF29_3.wav,77.18,77.41
merged_IT/44_PF29_3.wav,78.53,79.11
merged_IT/44_PF29_3.wav,79.22,80.19
merged_IT/44_PF29_3.wav,84.88,86.33
merged_IT/44_PF29_3.wav,88.61,89.1
merged_IT/44_PF29_3.wav,91.24,91.78
merged_IT/44_PF29_3.wav,93.89,94.54
merged_IT/44_PF29_3.wav,95.34,95.87
merged_IT/44_PF29_3.wav,96.65,97.15
merged_IT/44_PF29_3.wav,102.6,102.81
merged_IT/44_PF29_3.wav,104.93,105.22
merged_IT/44_PF29_3.wav,106.92,107.64
merged_IT/44_PF29_3.wav,111.6,112.07
merged_IT/08_PF37_2.wav,4.74,5.81
merged_IT/08_PF37_2.wav,9.02,10.28
merged_IT/08_PF37_2.wav,13.1,13.49
merged_IT/08_PF37_2.wav,14.21,14.87
merged_IT/08_PF37_2.wav,15.21,17.02
merged_IT/08_PF37_2.wav,21.43,22.16
merged_IT/08_PF37_2.wav,27.75,28.18
merged_IT/08_PF37_2.wav,30.97,31.53
merged_IT/08_PF37_2.wav,36.96,37.61
merged_IT/08_PF37_2.wav,38.24,39.08
merged_IT/08_PF37_2.wav,44.82,46.89
merged_IT/08_PF37_2.wav,55.13,55.36
merged_IT/08_PF37_2.wav,58.24,59.13
merged_IT/08_PF37_2.wav,60.87,61.17
merged_IT/08_PF37_2.wav,62.33,63.27
merged_IT/08_PF37_2.wav,64.76,64.96
merged_IT/08_PF37_2.wav,66.08,71.71
merged_IT/08_PF37_2.wav,76.45,77.45
merged_IT/08_PF37_2.wav,86.61,88.1
merged_IT/08_PF37_2.wav,92.11,93.05
merged_IT/08_PF37_2.wav,96.34,96.93
merged_IT/08_PF37_2.wav,104.63,106.33
merged_IT/08_PF37_2.wav,108.5,108.78
merged_IT/08_PF37_2.wav,110.42,115.49
merged_IT/08_PF37_2.wav,119.36,123.43
merged_IT/08_PF37_2.wav,125.15,125.65
merged_IT/08_PF37_2.wav,129.68,130.85
merged_IT/47_PF42_2.wav,11.0,11.45
merged_IT/47_PF42_2.wav,15.36,15.57
merged_IT/47_PF42_2.wav,19.91,20.17
merged_IT/47_PF42_2.wav,22.14,22.38
merged_IT/47_PF42_2.wav,24.36,24.69
merged_IT/47_PF42_2.wav,25.16,25.65
merged_IT/47_PF42_2.wav,28.34,28.7
merged_IT/47_PF42_2.wav,32.47,32.95
merged_IT/47_PF42_2.wav,34.89,35.19
merged_IT/47_PF42_2.wav,37.98,38.34
merged_IT/47_PF42_2.wav,41.81,42.07
merged_IT/47_PF42_2.wav,52.93,55.21
merged_IT/47_PF42_2.wav,58.06,58.38
merged_IT/47_PF42_2.wav,64.03,64.45
merged_IT/47_PF42_2.wav,66.31,66.54
merged_IT/47_PF42_2.wav,67.24,67.93
merged_IT/47_PF42_2.wav,68.11,68.34
merged_IT/47_PF42_2.wav,68.49,68.9
merged_IT/47_PF42_2.wav,69.69,70.99
merged_IT/47_PF42_2.wav,72.0,72.78
merged_IT/47_PF42_2.wav,77.37,77.87
merged_IT/47_PF42_2.wav,78.73,79.3
merged_IT/47_PF42_2.wav,80.46,80.67
merged_IT/47_PF42_2.wav,81.22,81.52
merged_IT/47_PF42_2.wav,91.98,93.11
merged_IT/47_PF42_2.wav,93.75,94.0
merged_IT/47_PF42_2.wav,94.56,94.99
merged_IT/47_PF42_2.wav,96.22,96.8
merged_IT/47_PF42_2.wav,97.85,99.34
merged_IT/47_PF42_2.wav,101.87,102.08
merged_IT/47_PF42_2.wav,102.38,102.81
merged_IT/47_PF42_2.wav,103.02,103.81
merged_IT/47_PF42_2.wav,106.26,106.99
merged_IT/47_PF42_2.wav,108.08,108.45
merged_IT/47_PF42_2.wav,109.39,109.59
merged_IT/47_PF42_2.wav,111.46,112.37
merged_IT/47_PF42_2.wav,117.13,117.49
merged_IT/47_PF42_2.wav,119.48,120.48
merged_IT/47_PF42_2.wav,121.38,121.7
merged_IT/47_PF42_2.wav,123.86,124.19
merged_IT/47_PF42_2.wav,124.92,125.69
merged_IT/47_PF42_2.wav,126.62,127.06
merged_IT/47_PF42_2.wav,127.44,128.29
merged_IT/47_PF42_2.wav,135.7,136.05
merged_IT/47_PF42_2.wav,138.09,138.51
merged_IT/47_PF42_2.wav,144.29,145.09
merged_IT/47_PF42_2.wav,148.62,149.26
merged_IT/47_PF42_2.wav,151.94,152.33
merged_IT/47_PF42_2.wav,153.65,153.97
merged_IT/47_PF42_2.wav,155.29,155.81
merged_IT/47_PF42_2.wav,157.46,157.87
merged_IT/47_PF42_2.wav,160.09,160.34
merged_IT/47_PF42_2.wav,162.61,162.82
merged_IT/47_PF42_2.wav,166.19,166.45
merged_IT/47_PF42_2.wav,169.49,169.86
merged_IT/47_PF42_2.wav,171.57,171.79
merged_IT/47_PF42_2.wav,175.06,175.34
merged_IT/47_PF42_2.wav,177.72,177.99
merged_IT/47_PF42_2.wav,179.49,179.93
merged_IT/47_PF42_2.wav,182.56,182.76
merged_IT/47_PF42_2.wav,184.65,185.05
merged_IT/47_PF42_2.wav,188.1,188.41
merged_IT/47_PF42_2.wav,189.01,189.69
merged_IT/47_PF42_2.wav,193.2,193.82
merged_IT/47_PF42_2.wav,195.02,195.53
merged_IT/47_PF42_2.wav,196.54,196.95
merged_IT/47_PF42_2.wav,201.45,201.7
merged_IT/47_PF42_2.wav,201.92,202.23
merged_IT/47_PF42_2.wav,203.38,203.61
merged_IT/47_PF42_2.wav,204.34,204.72
merged_IT/47_PF42_2.wav,208.34,208.69
merged_IT/47_PF42_2.wav,213.66,214.09
merged_IT/47_PF42_2.wav,215.24,215.44
merged_IT/47_PF42_2.wav,217.28,217.53
merged_IT/72_PM53_1.wav,3.55,4.21
merged_IT/72_PM53_1.wav,5.7,7.22
merged_IT/72_PM53_1.wav,9.77,10.78
merged_IT/72_PM53_1.wav,13.71,14.02
merged_IT/72_PM53_1.wav,16.43,18.12
merged_IT/72_PM53_1.wav,21.83,23.64
merged_IT/72_PM53_1.wav,29.48,30.33
merged_IT/72_PM53_1.wav,31.71,33.86
merged_IT/72_PM53_1.wav,36.53,37.87
merged_IT/72_PM53_1.wav,42.21,43.51
merged_IT/72_PM53_1.wav,46.29,47.48
merged_IT/72_PM53_1.wav,49.26,50.13
merged_IT/72_PM53_1.wav,53.78,56.41
merged_IT/72_PM53_1.wav,58.49,59.18
merged_IT/72_PM53_1.wav,61.19,62.51
merged_IT/72_PM53_1.wav,64.32,66.37
merged_IT/72_PM53_1.wav,69.41,73.6
merged_IT/72_PM53_1.wav,74.84,75.28
merged_IT/72_PM53_1.wav,80.14,80.83
merged_IT/72_PM53_1.wav,82.78,83.62
merged_IT/72_PM53_1.wav,85.76,87.53
merged_IT/72_PM53_1.wav,91.7,92.48
merged_IT/72_PM53_1.wav,93.73,95.98
merged_IT/72_PM53_1.wav,100.05,100.81
merged_IT/72_PM53_1.wav,104.48,104.69
merged_IT/72_PM53_1.wav,108.6,110.38
merged_IT/72_PM53_1.wav,113.36,113.87
merged_IT/72_PM53_1.wav,116.86,118.16
merged_IT/72_PM53_1.wav,122.27,123.18
merged_IT/72_PM53_1.wav,125.07,125.38
merged_IT/72_PM53_1.wav,127.43,128.61
merged_IT/72_PM53_1.wav,133.4,134.01
merged_IT/72_PM53_1.wav,137.45,140.85
merged_IT/72_PM53_1.wav,143.58,145.15
merged_IT/72_PM53_1.wav,147.53,148.54
merged_IT/72_PM53_1.wav,150.56,152.46
merged_IT/72_PM53_1.wav,153.66,154.18
merged_IT/72_PM53_1.wav,156.37,158.89
merged_IT/72_PM53_1.wav,164.58,165.42
merged_IT/72_PM53_1.wav,166.84,168.22
merged_IT/72_PM53_1.wav,170.33,170.94
merged_IT/72_PM53_1.wav,174.63,175.73
merged_IT/72_PM53_1.wav,178.3,178.81
merged_IT/72_PM53_1.wav,181.95,182.82
merged_IT/72_PM53_1.wav,183.79,184.28
merged_IT/72_PM53_1.wav,186.43,187.25
merged_IT/72_PM53_1.wav,189.3,191.09
merged_IT/72_PM53_1.wav,193.9,194.48
merged_IT/72_PM53_1.wav,196.74,198.25
merged_IT/72_PM53_1.wav,200.46,201.29
merged_IT/72_PM53_1.wav,204.41,206.03
merged_IT/72_PM53_1.wav,209.45,211.3
merged_IT/72_PM53_1.wav,214.23,215.06
merged_IT/72_PM53_1.wav,218.6,219.52
merged_IT/72_PM53_1.wav,221.81,222.81
merged_IT/72_PM53_1.wav,227.93,228.15
merged_IT/23_CF55_3.wav,7.53,8.38
merged_IT/23_CF55_3.wav,10.46,10.76
merged_IT/23_CF55_3.wav,15.17,15.48
merged_IT/23_CF55_3.wav,17.39,18.3
merged_IT/23_CF55_3.wav,24.47,24.86
merged_IT/23_CF55_3.wav,26.57,27.12
merged_IT/23_CF55_3.wav,32.45,32.75
merged_IT/23_CF55_3.wav,34.69,34.91
merged_IT/23_CF55_3.wav,36.76,37.68
merged_IT/23_CF55_3.wav,45.92,46.58
merged_IT/23_CF55_3.wav,48.08,48.66
merged_IT/23_CF55_3.wav,53.26,53.65
merged_IT/23_CF55_3.wav,57.04,57.7
merged_IT/23_CF55_3.wav,63.62,63.9
merged_IT/23_CF55_3.wav,70.52,71.23
merged_IT/23_CF55_3.wav,76.83,77.53
merged_IT/23_CF55_3.wav,83.85,84.45
merged_IT/23_CF55_3.wav,89.22,89.73
merged_IT/23_CF55_3.wav,97.08,97.48
merged_IT/23_CF55_3.wav,100.21,100.54
merged_IT/23_CF55_3.wav,101.68,102.2
merged_IT/23_CF55_3.wav,108.1,108.33
merged_IT/23_CF55_3.wav,109.75,110.02
merged_IT/23_CF55_3.wav,111.52,111.84
merged_IT/23_CF55_3.wav,112.36,112.86
merged_IT/23_CF55_3.wav,117.37,117.89
merged_IT/23_CF55_3.wav,125.07,125.27
merged_IT/23_CF55_3.wav,127.26,127.48
merged_IT/23_CF55_3.wav,130.65,131.01
merged_IT/23_CF55_3.wav,137.29,137.57
merged_IT/23_CF55_3.wav,139.8,140.43
merged_IT/23_CF55_3.wav,145.37,145.84
merged_IT/23_CF55_3.wav,148.45,148.69
merged_IT/23_CF55_3.wav,157.23,157.62
merged_IT/23_CF55_3.wav,158.87,159.82
merged_IT/23_CF55_3.wav,169.91,170.3
merged_IT/23_CF55_3.wav,172.13,172.72
merged_IT/23_CF55_3.wav,174.65,175.14
merged_IT/23_CF55_3.wav,180.55,181.01
merged_IT/23_CF55_3.wav,182.29,182.71
merged_IT/23_CF55_3.wav,188.22,188.63
merged_IT/23_CF55_3.wav,191.49,191.75
merged_IT/23_CF55_3.wav,193.46,193.88
merged_IT/23_CF55_3.wav,198.13,198.4
merged_IT/23_CF55_3.wav,199.79,200.3
merged_IT/23_CF55_3.wav,201.38,202.05
merged_IT/23_CF55_3.wav,204.2,204.4
merged_IT/23_CF55_3.wav,204.72,205.07
merged_IT/23_CF55_3.wav,210.67,211.04
merged_IT/23_CF55_3.wav,218.04,218.42
merged_IT/23_CF55_3.wav,222.82,223.22
merged_IT/23_CF55_3.wav,225.26,225.84
merged_IT/23_CF55_3.wav,239.26,239.56
merged_IT/54_PF48_3.wav,9.25,10.02
merged_IT/54_PF48_3.wav,12.65,13.35
merged_IT/54_PF48_3.wav,17.12,17.7
merged_IT/54_PF48_3.wav,18.93,19.56
merged_IT/54_PF48_3.wav,21.25,21.91
merged_IT/54_PF48_3.wav,23.79,24.25
merged_IT/54_PF48_3.wav,26.14,26.86
merged_IT/54_PF48_3.wav,33.84,34.4
merged_IT/54_PF48_3.wav,36.21,36.48
merged_IT/54_PF48_3.wav,40.33,40.99
merged_IT/54_PF48_3.wav,49.39,49.66
merged_IT/54_PF48_3.wav,54.53,54.74
merged_IT/54_PF48_3.wav,56.06,56.31
merged_IT/54_PF48_3.wav,59.08,59.97
merged_IT/54_PF48_3.wav,63.55,63.91
merged_IT/54_PF48_3.wav,68.01,68.39
merged_IT/54_PF48_3.wav,70.44,72.83
merged_IT/54_PF48_3.wav,78.14,79.44
merged_IT/54_PF48_3.wav,84.24,85.48
merged_IT/54_PF48_3.wav,86.88,87.68
merged_IT/54_PF48_3.wav,92.9,93.32
merged_IT/54_PF48_3.wav,102.52,102.73
merged_IT/54_PF48_3.wav,104.01,104.34
merged_IT/54_PF48_3.wav,115.34,115.77
merged_IT/54_PF48_3.wav,117.9,118.25
merged_IT/54_PF48_3.wav,124.11,124.84
merged_IT/54_PF48_3.wav,128.43,128.78
merged_IT/54_PF48_3.wav,130.56,130.8
merged_IT/54_PF48_3.wav,131.83,133.31
merged_IT/54_PF48_3.wav,135.04,135.54
merged_IT/54_PF48_3.wav,140.45,140.81
merged_IT/54_PF48_3.wav,143.32,143.79
merged_IT/54_PF48_3.wav,151.15,151.45
merged_IT/54_PF48_3.wav,153.91,154.5
merged_IT/54_PF48_3.wav,156.46,156.95
merged_IT/54_PF48_3.wav,160.82,161.22
merged_IT/54_PF48_3.wav,163.98,164.5
merged_IT/54_PF48_3.wav,166.78,166.99
merged_IT/54_PF48_3.wav,178.29,178.56
merged_IT/54_PF48_3.wav,188.4,189.24
merged_IT/54_PF48_3.wav,194.14,194.95
merged_IT/54_PF48_3.wav,201.02,201.81
merged_IT/54_PF48_3.wav,204.0,204.64
merged_IT/54_PF48_3.wav,206.81,207.39
merged_IT/54_PF48_3.wav,209.11,209.64
merged_IT/54_PF48_3.wav,213.72,214.15
merged_IT/54_PF48_3.wav,219.19,219.78
merged_IT/03_CF30_3.wav,0.81,1.38
merged_IT/03_CF30_3.wav,4.62,6.29
merged_IT/03_CF30_3.wav,9.02,9.26
merged_IT/03_CF30_3.wav,10.88,11.24
merged_IT/03_CF30_3.wav,12.11,12.57
merged_IT/03_CF30_3.wav,13.83,14.86
merged_IT/03_CF30_3.wav,21.61,22.99
merged_IT/03_CF30_3.wav,27.47,28.42
merged_IT/03_CF30_3.wav,31.02,31.3
merged_IT/03_CF30_3.wav,35.66,35.87
merged_IT/03_CF30_3.wav,39.53,40.81
merged_IT/03_CF30_3.wav,48.56,49.12
merged_IT/03_CF30_3.wav,49.29,50.48
merged_IT/03_CF30_3.wav,55.72,56.84
merged_IT/03_CF30_3.wav,59.52,60.12
merged_IT/03_CF30_3.wav,81.5,81.9
merged_IT/03_CF30_3.wav,84.31,85.09
merged_IT/03_CF30_3.wav,93.36,94.63
merged_IT/03_CF30_3.wav,97.37,98.68
merged_IT/03_CF30_3.wav,104.7,105.1
merged_IT/03_CF30_3.wav,106.28,106.57
merged_IT/03_CF30_3.wav,110.34,110.72
merged_IT/03_CF30_3.wav,111.51,111.89
merged_IT/03_CF30_3.wav,113.72,114.17
merged_IT/03_CF30_3.wav,119.54,120.24
merged_IT/03_CF30_3.wav,121.75,122.11
merged_IT/03_CF30_3.wav,124.33,125.06
merged_IT/03_CF30_3.wav,129.99,130.49
merged_IT/03_CF30_3.wav,140.47,140.72
merged_IT/03_CF30_3.wav,158.32,158.93
merged_IT/03_CF30_3.wav,160.45,160.85
merged_IT/03_CF30_3.wav,164.88,165.36
merged_IT/09_CF56_3.wav,1.31,1.87
merged_IT/09_CF56_3.wav,6.99,7.27
merged_IT/09_CF56_3.wav,11.27,11.82
merged_IT/09_CF56_3.wav,13.7,13.91
merged_IT/09_CF56_3.wav,23.77,24.3
merged_IT/09_CF56_3.wav,28.02,28.47
merged_IT/09_CF56_3.wav,32.76,32.97
merged_IT/09_CF56_3.wav,39.17,39.37
merged_IT/09_CF56_3.wav,42.48,42.9
merged_IT/09_CF56_3.wav,48.2,48.67
merged_IT/09_CF56_3.wav,53.39,53.75
merged_IT/09_CF56_3.wav,57.16,57.51
merged_IT/09_CF56_3.wav,59.24,59.69
merged_IT/09_CF56_3.wav,61.6,62.11
merged_IT/09_CF56_3.wav,68.42,69.3
merged_IT/09_CF56_3.wav,72.32,72.9
merged_IT/09_CF56_3.wav,75.24,75.72
merged_IT/09_CF56_3.wav,84.58,85.1
merged_IT/09_CF56_3.wav,87.07,87.45
merged_IT/09_CF56_3.wav,92.07,92.38
merged_IT/09_CF56_3.wav,100.76,101.09
merged_IT/09_CF56_3.wav,102.3,102.72
merged_IT/09_CF56_3.wav,108.72,109.06
merged_IT/09_CF56_3.wav,117.4,117.95
merged_IT/09_CF56_3.wav,120.12,120.53
merged_IT/09_CF56_3.wav,123.27,123.58
merged_IT/09_CF56_3.wav,132.36,132.68
merged_IT/09_CF56_3.wav,137.17,137.61
merged_IT/09_CF56_3.wav,144.97,145.6
merged_IT/09_CF56_3.wav,151.32,151.6
merged_IT/09_CF56_3.wav,154.72,155.05
merged_IT/09_CF56_3.wav,157.54,157.95
merged_IT/09_CF56_3.wav,163.61,163.96
merged_IT/09_CF56_3.wav,165.58,166.03
merged_IT/09_CF56_3.wav,168.18,168.59
merged_IT/09_CF56_3.wav,172.64,173.0
merged_IT/09_CF56_3.wav,181.27,181.57
merged_IT/09_CF56_3.wav,183.99,184.32
merged_IT/09_CF56_3.wav,190.5,190.74
merged_IT/09_CF56_3.wav,195.66,196.05
merged_IT/09_CF56_3.wav,199.25,199.67
merged_IT/09_CF56_3.wav,203.03,203.6
merged_IT/09_CF56_3.wav,208.01,208.52
merged_IT/09_CF56_3.wav,213.03,213.32
merged_IT/09_CF56_3.wav,218.08,218.48
merged_IT/09_CF56_3.wav,223.22,223.6
merged_IT/09_CF56_3.wav,226.62,227.03
merged_IT/09_CF56_3.wav,230.06,230.4
merged_IT/09_CF56_3.wav,234.09,234.74
merged_IT/09_CF56_3.wav,241.63,242.01
merged_IT/09_CF56_3.wav,245.32,245.7
merged_IT/41_CM71_2.wav,1.62,1.95
merged_IT/41_CM71_2.wav,4.15,5.03
merged_IT/41_CM71_2.wav,6.15,6.94
merged_IT/41_CM71_2.wav,10.89,11.43
merged_IT/41_CM71_2.wav,19.18,19.78
merged_IT/41_CM71_2.wav,22.49,23.68
merged_IT/41_CM71_2.wav,27.56,27.94
merged_IT/41_CM71_2.wav,29.7,30.29
merged_IT/41_CM71_2.wav,32.41,32.64
merged_IT/41_CM71_2.wav,33.84,34.31
merged_IT/41_CM71_2.wav,34.91,36.49
merged_IT/41_CM71_2.wav,39.62,40.22
merged_IT/41_CM71_2.wav,44.77,45.46
merged_IT/41_CM71_2.wav,49.47,49.69
merged_IT/41_CM71_2.wav,52.88,53.31
merged_IT/41_CM71_2.wav,57.17,57.46
merged_IT/41_CM71_2.wav,61.66,62.17
merged_IT/41_CM71_2.wav,64.76,65.66
merged_IT/41_CM71_2.wav,70.65,71.04
merged_IT/41_CM71_2.wav,72.62,72.98
merged_IT/41_CM71_2.wav,78.05,78.71
merged_IT/41_CM71_2.wav,81.87,82.89
merged_IT/41_CM71_2.wav,86.6,87.87
merged_IT/41_CM71_2.wav,90.11,91.04
merged_IT/41_CM71_2.wav,94.38,95.12
merged_IT/41_CM71_2.wav,99.06,99.43
merged_IT/41_CM71_2.wav,103.4,103.95
merged_IT/41_CM71_2.wav,107.0,107.22
merged_IT/41_CM71_2.wav,113.93,114.41
merged_IT/41_CM71_2.wav,114.72,115.18
merged_IT/41_CM71_2.wav,116.06,116.39
merged_IT/41_CM71_2.wav,119.09,119.39
merged_IT/41_CM71_2.wav,124.05,124.73
merged_IT/41_CM71_2.wav,130.5,131.49
merged_IT/41_CM71_2.wav,137.08,137.65
merged_IT/41_CM71_2.wav,142.36,143.21
merged_IT/41_CM71_2.wav,145.28,145.61
merged_IT/41_CM71_2.wav,149.36,149.73
merged_IT/41_CM71_2.wav,150.84,151.26
merged_IT/41_CM71_2.wav,157.57,158.3
merged_IT/41_CM71_2.wav,161.26,161.71
merged_IT/41_CM71_2.wav,165.05,165.75
merged_IT/41_CM71_2.wav,169.18,169.73
merged_IT/41_CM71_2.wav,169.88,170.35
merged_IT/41_CM71_2.wav,171.85,172.59
merged_IT/41_CM71_2.wav,184.21,184.9
merged_IT/41_CM71_2.wav,187.86,188.77
merged_IT/41_CM71_2.wav,192.93,193.41
merged_IT/41_CM71_2.wav,200.05,200.47
merged_IT/41_CM71_2.wav,203.44,203.91
merged_IT/41_CM71_2.wav,211.6,212.09
merged_IT/41_CM71_2.wav,213.54,214.21
merged_IT/41_CM71_2.wav,217.02,218.92
merged_IT/41_CM71_2.wav,220.06,220.64
merged_IT/41_CM71_2.wav,226.66,227.44
merged_IT/41_CM71_2.wav,230.38,230.87
merged_IT/41_CM71_2.wav,232.82,233.08
merged_IT/41_CM71_2.wav,235.08,235.39
merged_IT/41_CM71_2.wav,237.14,237.39
merged_IT/41_CM71_2.wav,239.53,240.03
merged_IT/41_CM71_2.wav,240.62,240.91
merged_IT/41_CM71_2.wav,244.55,245.07
merged_IT/41_CM71_2.wav,247.71,248.12
merged_IT/41_CM71_2.wav,251.09,252.07
merged_IT/41_CM71_2.wav,257.1,257.39
merged_IT/41_CM71_2.wav,260.94,261.33
merged_IT/40_CF59_1.wav,1.19,2.28
merged_IT/40_CF59_1.wav,3.75,4.28
merged_IT/40_CF59_1.wav,6.63,7.11
merged_IT/40_CF59_1.wav,8.64,9.36
merged_IT/40_CF59_1.wav,13.48,13.74
merged_IT/40_CF59_1.wav,15.75,16.19
merged_IT/40_CF59_1.wav,18.55,18.88
merged_IT/40_CF59_1.wav,23.05,23.58
merged_IT/40_CF59_1.wav,24.31,24.6
merged_IT/40_CF59_1.wav,25.32,25.61
merged_IT/40_CF59_1.wav,26.69,27.02
merged_IT/40_CF59_1.wav,28.81,29.42
merged_IT/40_CF59_1.wav,30.23,31.16
merged_IT/40_CF59_1.wav,33.91,34.23
merged_IT/40_CF59_1.wav,35.66,35.9
merged_IT/40_CF59_1.wav,38.1,38.49
merged_IT/40_CF59_1.wav,41.11,41.48
merged_IT/40_CF59_1.wav,45.22,45.56
merged_IT/40_CF59_1.wav,48.05,48.4
merged_IT/40_CF59_1.wav,52.72,53.13
merged_IT/40_CF59_1.wav,54.98,55.25
merged_IT/40_CF59_1.wav,56.14,56.59
merged_IT/40_CF59_1.wav,58.52,58.82
merged_IT/40_CF59_1.wav,60.24,60.65
merged_IT/40_CF59_1.wav,61.41,61.68
merged_IT/40_CF59_1.wav,63.93,64.23
merged_IT/40_CF59_1.wav,69.22,69.46
merged_IT/40_CF59_1.wav,70.37,71.02
merged_IT/40_CF59_1.wav,73.09,73.58
merged_IT/40_CF59_1.wav,76.31,76.67
merged_IT/40_CF59_1.wav,78.51,78.85
merged_IT/40_CF59_1.wav,79.43,79.97
merged_IT/40_CF59_1.wav,82.04,82.55
merged_IT/40_CF59_1.wav,84.1,84.58
merged_IT/40_CF59_1.wav,88.33,88.77
merged_IT/40_CF59_1.wav,89.34,89.71
merged_IT/40_CF59_1.wav,96.06,96.46
merged_IT/40_CF59_1.wav,103.73,104.02
merged_IT/40_CF59_1.wav,106.09,106.46
merged_IT/40_CF59_1.wav,108.2,109.31
merged_IT/40_CF59_1.wav,110.25,110.6
merged_IT/40_CF59_1.wav,111.84,112.23
merged_IT/40_CF59_1.wav,113.15,113.48
merged_IT/40_CF59_1.wav,116.51,117.19
merged_IT/40_CF59_1.wav,117.61,117.98
merged_IT/40_CF59_1.wav,118.79,119.41
merged_IT/40_CF59_1.wav,122.21,122.59
merged_IT/40_CF59_1.wav,124.18,124.83
merged_IT/40_CF59_1.wav,125.78,126.27
merged_IT/40_CF59_1.wav,127.7,127.9
merged_IT/40_CF59_1.wav,128.97,129.47
merged_IT/40_CF59_1.wav,131.76,132.29
merged_IT/40_CF59_1.wav,134.23,134.62
merged_IT/40_CF59_1.wav,136.89,137.59
merged_IT/40_CF59_1.wav,139.26,139.79
merged_IT/40_CF59_1.wav,144.58,144.96
merged_IT/40_CF59_1.wav,148.61,149.01
merged_IT/40_CF59_1.wav,150.77,151.32
merged_IT/40_CF59_1.wav,163.85,164.38
merged_IT/40_CF59_1.wav,167.25,168.1
merged_IT/40_CF59_1.wav,169.86,170.53
merged_IT/40_CF59_1.wav,172.57,172.95
merged_IT/40_CF59_1.wav,178.64,179.06
merged_IT/40_CF59_1.wav,181.56,181.78
merged_IT/40_CF59_1.wav,183.7,184.39
merged_IT/40_CF59_1.wav,186.65,187.26
merged_IT/40_CF59_1.wav,190.4,190.7
merged_IT/40_CF59_1.wav,194.49,194.85
merged_IT/40_CF59_1.wav,195.69,195.9
merged_IT/40_CF59_1.wav,197.34,197.67
merged_IT/40_CF59_1.wav,201.25,201.54
merged_IT/40_CF59_1.wav,203.18,203.52
merged_IT/40_CF59_1.wav,203.98,204.29
merged_IT/40_CF59_1.wav,204.89,205.22
merged_IT/40_CF59_1.wav,207.57,207.98
merged_IT/40_CF59_1.wav,208.89,209.76
merged_IT/40_CF59_1.wav,212.54,212.96
merged_IT/40_CF59_1.wav,215.13,215.45
merged_IT/40_CF59_1.wav,220.31,220.63
merged_IT/40_CF59_1.wav,225.41,225.62
merged_IT/40_CF59_1.wav,230.6,231.07
merged_IT/40_CF59_1.wav,231.84,232.12
merged_IT/40_CF59_1.wav,235.69,236.05
merged_IT/40_CF59_1.wav,236.7,237.06
merged_IT/40_CF59_1.wav,237.76,238.37
merged_IT/40_CF59_1.wav,243.05,243.38
merged_IT/40_CF59_1.wav,244.65,244.98
merged_IT/40_CF59_1.wav,247.29,247.84
merged_IT/40_CF59_1.wav,251.06,251.35
merged_IT/40_CF59_1.wav,253.29,253.64
merged_IT/40_CF59_1.wav,254.26,254.48
merged_IT/40_CF59_1.wav,257.21,257.6
merged_IT/40_CF59_1.wav,258.05,258.54
merged_IT/40_CF59_1.wav,259.64,259.98
merged_IT/40_CF59_1.wav,261.58,261.84
merged_IT/19_CF62_4.wav,3.24,3.91
merged_IT/19_CF62_4.wav,4.77,5.44
merged_IT/19_CF62_4.wav,13.25,13.78
merged_IT/19_CF62_4.wav,28.59,28.95
merged_IT/19_CF62_4.wav,34.8,35.32
merged_IT/19_CF62_4.wav,38.73,39.58
merged_IT/19_CF62_4.wav,53.73,54.28
merged_IT/19_CF62_4.wav,57.95,58.64
merged_IT/19_CF62_4.wav,61.95,62.57
merged_IT/19_CF62_4.wav,75.37,76.35
merged_IT/19_CF62_4.wav,82.39,82.88
merged_IT/19_CF62_4.wav,101.22,101.65
merged_IT/19_CF62_4.wav,106.11,106.56
merged_IT/19_CF62_4.wav,110.14,110.56
merged_IT/19_CF62_4.wav,118.17,118.63
merged_IT/19_CF62_4.wav,125.28,125.68
merged_IT/19_CF62_4.wav,142.25,142.8
merged_IT/19_CF62_4.wav,155.18,155.48
merged_IT/19_CF62_4.wav,165.56,165.94
merged_IT/19_CF62_4.wav,170.32,170.7
merged_IT/19_CF62_4.wav,178.32,178.52
merged_IT/19_CF62_4.wav,185.38,185.84
merged_IT/19_CF62_4.wav,189.94,190.39
merged_IT/19_CF62_4.wav,194.56,195.27
merged_IT/19_CF62_4.wav,197.82,198.27
merged_IT/19_CF62_4.wav,200.83,201.3
merged_IT/19_CF62_4.wav,211.74,212.7
merged_IT/19_CF62_4.wav,218.5,218.96
merged_IT/19_CF62_4.wav,223.39,223.79
merged_IT/19_CF62_4.wav,225.5,226.66
merged_IT/19_CF62_4.wav,228.27,229.16
merged_IT/19_CF62_4.wav,231.34,231.62
merged_IT/19_CF62_4.wav,233.66,234.16
merged_IT/19_CF62_4.wav,234.95,235.17
merged_IT/11_CF44_2.wav,5.8,6.52
merged_IT/11_CF44_2.wav,8.55,8.82
merged_IT/11_CF44_2.wav,9.85,10.81
merged_IT/11_CF44_2.wav,13.31,13.53
merged_IT/11_CF44_2.wav,14.15,15.44
merged_IT/11_CF44_2.wav,18.58,19.38
merged_IT/11_CF44_2.wav,21.66,22.06
merged_IT/11_CF44_2.wav,22.6,22.9
merged_IT/11_CF44_2.wav,29.8,31.0
merged_IT/11_CF44_2.wav,33.63,34.65
merged_IT/11_CF44_2.wav,37.34,38.63
merged_IT/11_CF44_2.wav,40.78,42.09
merged_IT/11_CF44_2.wav,44.58,46.52
merged_IT/11_CF44_2.wav,48.83,49.06
merged_IT/11_CF44_2.wav,56.11,57.19
merged_IT/11_CF44_2.wav,61.29,62.23
merged_IT/11_CF44_2.wav,64.24,64.5
merged_IT/11_CF44_2.wav,68.03,68.69
merged_IT/11_CF44_2.wav,70.69,71.7
merged_IT/11_CF44_2.wav,76.11,76.97
merged_IT/11_CF44_2.wav,80.05,80.61
merged_IT/11_CF44_2.wav,82.55,82.94
merged_IT/11_CF44_2.wav,84.37,85.01
merged_IT/11_CF44_2.wav,89.07,90.44
merged_IT/11_CF44_2.wav,93.04,93.61
merged_IT/11_CF44_2.wav,95.36,96.7
merged_IT/11_CF44_2.wav,101.31,102.16
merged_IT/11_CF44_2.wav,106.14,106.78
merged_IT/11_CF44_2.wav,114.63,115.07
merged_IT/11_CF44_2.wav,118.85,119.41
merged_IT/11_CF44_2.wav,122.59,122.89
merged_IT/11_CF44_2.wav,126.18,126.5
merged_IT/11_CF44_2.wav,128.52,129.39
merged_IT/11_CF44_2.wav,132.01,132.57
merged_IT/11_CF44_2.wav,133.85,134.38
merged_IT/11_CF44_2.wav,135.99,137.17
merged_IT/11_CF44_2.wav,138.33,138.71
merged_IT/11_CF44_2.wav,140.66,141.47
merged_IT/11_CF44_2.wav,146.3,147.18
merged_IT/11_CF44_2.wav,152.22,153.03
merged_IT/11_CF44_2.wav,154.0,154.56
merged_IT/11_CF44_2.wav,156.36,156.98
merged_IT/11_CF44_2.wav,162.87,163.08
merged_IT/11_CF44_2.wav,168.56,169.33
merged_IT/11_CF44_2.wav,171.67,172.23
merged_IT/11_CF44_2.wav,175.53,175.94
merged_IT/11_CF44_2.wav,178.99,179.37
merged_IT/11_CF44_2.wav,183.11,183.72
merged_IT/11_CF44_2.wav,189.98,190.46
merged_IT/11_CF44_2.wav,190.58,191.39
merged_IT/11_CF44_2.wav,193.22,193.88
merged_IT/11_CF44_2.wav,203.36,203.67
merged_IT/11_CF44_2.wav,205.92,206.25
merged_IT/11_CF44_2.wav,208.69,209.56
merged_IT/11_CF44_2.wav,213.02,213.99
merged_IT/11_CF44_2.wav,220.93,221.59
merged_IT/11_CF44_2.wav,223.81,224.24
merged_IT/11_CF44_2.wav,231.14,231.76
merged_IT/11_CF44_2.wav,234.89,235.75
merged_IT/11_CF44_2.wav,238.56,238.98
merged_IT/11_CF44_2.wav,244.41,244.69
merged_IT/11_CF44_2.wav,246.48,246.79
merged_IT/11_CF44_2.wav,252.16,252.7
merged_IT/11_CF44_2.wav,260.25,261.67
merged_IT/11_CF44_2.wav,263.88,264.72
merged_IT/11_CF44_2.wav,270.62,271.31
merged_IT/11_CF44_2.wav,273.5,273.83
merged_IT/11_CF44_2.wav,276.45,277.68
merged_IT/11_CF44_2.wav,278.68,279.62
merged_IT/11_CF44_2.wav,281.47,282.72
merged_IT/48_CF34_3.wav,5.38,5.66
merged_IT/48_CF34_3.wav,8.12,8.44
merged_IT/48_CF34_3.wav,11.51,11.89
merged_IT/48_CF34_3.wav,12.96,13.69
merged_IT/48_CF34_3.wav,18.63,19.06
merged_IT/48_CF34_3.wav,23.97,24.58
merged_IT/48_CF34_3.wav,28.3,28.7
merged_IT/48_CF34_3.wav,29.51,30.0
merged_IT/48_CF34_3.wav,39.43,40.2
merged_IT/48_CF34_3.wav,41.37,42.17
merged_IT/48_CF34_3.wav,46.23,46.82
merged_IT/48_CF34_3.wav,47.56,47.87
merged_IT/48_CF34_3.wav,54.82,55.19
merged_IT/48_CF34_3.wav,58.39,59.17
merged_IT/48_CF34_3.wav,62.62,63.41
merged_IT/48_CF34_3.wav,64.71,64.98
merged_IT/48_CF34_3.wav,65.03,65.33
merged_IT/48_CF34_3.wav,65.67,66.16
merged_IT/48_CF34_3.wav,72.26,72.73
merged_IT/48_CF34_3.wav,81.3,81.85
merged_IT/48_CF34_3.wav,83.48,83.93
merged_IT/48_CF34_3.wav,90.76,91.3
merged_IT/48_CF34_3.wav,93.5,93.71
merged_IT/48_CF34_3.wav,99.58,99.87
merged_IT/48_CF34_3.wav,100.47,100.79
merged_IT/48_CF34_3.wav,102.27,102.74
merged_IT/48_CF34_3.wav,106.01,106.51
merged_IT/48_CF34_3.wav,110.72,111.11
merged_IT/48_CF34_3.wav,114.49,115.02
merged_IT/48_CF34_3.wav,116.63,117.19
merged_IT/48_CF34_3.wav,119.3,119.82
merged_IT/48_CF34_3.wav,120.44,120.77
merged_IT/48_CF34_3.wav,121.79,122.02
merged_IT/48_CF34_3.wav,125.59,126.17
merged_IT/48_CF34_3.wav,130.27,130.54
merged_IT/48_CF34_3.wav,132.62,133.41
merged_IT/48_CF34_3.wav,139.18,139.4
merged_IT/48_CF34_3.wav,147.38,147.75
merged_IT/25_PF36_4.wav,2.74,3.26
merged_IT/25_PF36_4.wav,6.78,7.07
merged_IT/25_PF36_4.wav,9.09,9.4
merged_IT/25_PF36_4.wav,15.2,15.87
merged_IT/25_PF36_4.wav,17.07,17.6
merged_IT/25_PF36_4.wav,20.14,20.41
merged_IT/25_PF36_4.wav,21.81,22.46
merged_IT/25_PF36_4.wav,23.57,24.1
merged_IT/25_PF36_4.wav,24.82,25.64
merged_IT/25_PF36_4.wav,31.08,32.61
merged_IT/25_PF36_4.wav,42.79,43.1
merged_IT/25_PF36_4.wav,45.68,46.27
merged_IT/25_PF36_4.wav,49.62,50.23
merged_IT/25_PF36_4.wav,56.5,56.88
merged_IT/25_PF36_4.wav,60.39,60.72
merged_IT/25_PF36_4.wav,63.18,63.85
merged_IT/25_PF36_4.wav,65.4,65.62
merged_IT/25_PF36_4.wav,67.84,68.49
merged_IT/25_PF36_4.wav,72.71,73.23
merged_IT/25_PF36_4.wav,76.53,77.07
merged_IT/25_PF36_4.wav,80.09,80.86
merged_IT/25_PF36_4.wav,84.19,84.62
merged_IT/25_PF36_4.wav,85.46,85.92
merged_IT/25_PF36_4.wav,91.15,91.36
merged_IT/25_PF36_4.wav,94.31,94.56
merged_IT/25_PF36_4.wav,99.19,99.73
merged_IT/25_PF36_4.wav,101.42,101.95
merged_IT/25_PF36_4.wav,104.61,105.1
merged_IT/25_PF36_4.wav,110.32,110.79
merged_IT/25_PF36_4.wav,112.86,113.38
merged_IT/25_PF36_4.wav,115.28,115.79
merged_IT/25_PF36_4.wav,121.89,122.28
merged_IT/25_PF36_4.wav,125.52,126.04
merged_IT/45_CF40_3.wav,2.16,2.83
merged_IT/45_CF40_3.wav,5.26,5.92
merged_IT/45_CF40_3.wav,7.73,9.27
merged_IT/45_CF40_3.wav,9.78,10.33
merged_IT/45_CF40_3.wav,14.65,15.7
merged_IT/45_CF40_3.wav,21.07,21.53
merged_IT/45_CF40_3.wav,23.38,24.46
merged_IT/45_CF40_3.wav,26.19,26.51
merged_IT/45_CF40_3.wav,27.11,27.84
merged_IT/45_CF40_3.wav,32.28,32.9
merged_IT/45_CF40_3.wav,34.47,35.56
merged_IT/45_CF40_3.wav,38.46,38.98
merged_IT/45_CF40_3.wav,44.97,45.45
merged_IT/45_CF40_3.wav,47.98,48.42
merged_IT/45_CF40_3.wav,49.05,49.58
merged_IT/45_CF40_3.wav,60.96,61.55
merged_IT/45_CF40_3.wav,62.34,63.1
merged_IT/45_CF40_3.wav,66.38,66.86
merged_IT/45_CF40_3.wav,69.69,70.07
merged_IT/45_CF40_3.wav,72.0,72.51
merged_IT/45_CF40_3.wav,77.12,77.69
merged_IT/45_CF40_3.wav,82.14,82.99
merged_IT/45_CF40_3.wav,93.13,93.46
merged_IT/45_CF40_3.wav,98.33,98.78
merged_IT/45_CF40_3.wav,101.81,102.38
merged_IT/45_CF40_3.wav,110.74,111.25
merged_IT/45_CF40_3.wav,114.85,115.27
merged_IT/45_CF40_3.wav,115.88,116.2
merged_IT/45_CF40_3.wav,119.43,119.81
merged_IT/45_CF40_3.wav,129.77,130.1
merged_IT/45_CF40_3.wav,134.72,135.23
merged_IT/45_CF40_3.wav,136.75,137.33
merged_IT/45_CF40_3.wav,143.17,143.64
merged_IT/45_CF40_3.wav,145.82,146.06
merged_IT/45_CF40_3.wav,151.0,151.41
merged_IT/45_CF40_3.wav,158.41,158.79
merged_IT/45_CF40_3.wav,160.47,160.86
merged_IT/45_CF40_3.wav,169.35,169.83
merged_IT/45_CF40_3.wav,175.52,176.12
merged_IT/45_CF40_3.wav,178.42,179.21
merged_IT/45_CF40_3.wav,186.86,187.34
merged_IT/45_CF40_3.wav,197.72,198.3
merged_IT/45_CF40_3.wav,209.45,210.85
merged_IT/45_CF40_3.wav,212.78,213.21
merged_IT/45_CF40_3.wav,221.68,222.1
merged_IT/46_PF44_2.wav,4.35,6.02
merged_IT/46_PF44_2.wav,7.44,8.12
merged_IT/46_PF44_2.wav,9.15,9.37
merged_IT/46_PF44_2.wav,11.38,12.37
merged_IT/46_PF44_2.wav,14.83,16.53
merged_IT/46_PF44_2.wav,18.7,19.63
merged_IT/46_PF44_2.wav,20.72,21.94
merged_IT/46_PF44_2.wav,23.76,24.5
merged_IT/46_PF44_2.wav,26.11,26.51
merged_IT/46_PF44_2.wav,29.77,34.55
merged_IT/46_PF44_2.wav,42.84,43.45
merged_IT/46_PF44_2.wav,44.95,45.41
