Start_Time,End_Time,F0_Hz
0.0,0.01,0.0
0.01,0.02,0.0
0.02,0.03,0.0
0.03,0.04,0.0
0.04,0.05,0.0
0.05,0.06,0.0
0.06,0.07,0.0
0.07,0.08,0.0
0.08,0.09,0.0
0.09,0.1,0.0
0.1,0.11,0.0
0.11,0.12,0.0
0.12,0.13,0.0
0.13,0.14,0.0
0.14,0.15,0.0
0.15,0.16,0.0
0.16,0.17,0.0
0.17,0.18,0.0
0.18,0.19,0.0
0.19,0.2,0.0
0.2,0.21,0.0
0.21,0.22,0.0
0.22,0.23,0.0
0.23,0.24,0.0
0.24,0.25,0.0
0.25,0.26,0.0
0.26,0.27,0.0
0.27,0.28,0.0
0.28,0.29,0.0
0.29,0.3,0.0
0.3,0.31,0.0
0.31,0.32,0.0
0.32,0.33,0.0
0.33,0.34,0.0
0.34,0.35,0.0
0.35,0.36,0.0
0.36,0.37,0.0
0.37,0.38,0.0
0.38,0.39,0.0
0.39,0.4,0.0
0.4,0.41,0.0
0.41,0.42,0.0
0.42,0.43,0.0
0.43,0.44,0.0
0.44,0.45,0.0
0.45,0.46,0.0
0.46,0.47,0.0
0.47,0.48,0.0
0.48,0.49,0.0
0.49,0.5,0.0
0.5,0.51,0.0
0.51,0.52,0.0
0.52,0.53,0.0
0.53,0.54,0.0
0.54,0.55,0.0
0.55,0.56,0.0
0.56,0.57,0.0
0.57,0.58,0.0
0.58,0.59,0.0
0.59,0.6,0.0
0.6,0.61,0.0
0.61,0.62,0.0
0.62,0.63,0.0
0.63,0.64,0.0
0.64,0.65,0.0
0.65,0.66,0.0
0.66,0.67,0.0
0.67,0.68,0.0
0.68,0.69,0.0
0.69,0.7,0.0
0.7,0.71,0.0
0.71,0.72,0.0
0.72,0.73,0.0
0.73,0.74,0.0
0.74,0.75,0.0
0.75,0.76,0.0
0.76,0.77,0.0
0.77,0.78,0.0
0.78,0.79,0.0
0.79,0.8,0.0
0.8,0.81,0.0
0.81,0.82,0.0
0.82,0.83,0.0
0.83,0.84,0.0
0.84,0.85,0.0
0.85,0.86,0.0
0.86,0.87,0.0
0.87,0.88,0.0
0.88,0.89,0.0
0.89,0.9,0.0
0.9,0.91,0.0
0.91,0.92,0.0
0.92,0.93,0.0
0.93,0.94,0.0
0.94,0.95,0.0
0.95,0.96,0.0
0.96,0.97,0.0
0.97,0.98,0.0
0.98,0.99,0.0
0.99,1.0,0.0
1.0,1.01,0.0
1.01,1.02,0.0
1.02,1.03,0.0
1.03,1.04,0.0
1.04,1.05,0.0
1.05,1.06,0.0
1.06,1.07,0.0
1.07,1.08,0.0
1.08,1.09,0.0
1.09,1.1,0.0
1.1,1.11,0.0
1.11,1.12,0.0
1.12,1.13,0.0
1.13,1.14,0.0
1.14,1.15,0.0
1.15,1.16,0.0
1.16,1.17,0.0
1.17,1.18,0.0
1.18,1.19,0.0
1.19,1.2,0.0
1.2,1.21,0.0
1.21,1.22,0.0
1.22,1.23,0.0
1.23,1.24,0.0
1.24,1.25,0.0
1.25,1.26,0.0
1.26,1.27,0.0
1.27,1.28,0.0
1.28,1.29,0.0
1.29,1.3,0.0
1.3,1.31,0.0
1.31,1.32,0.0
1.32,1.33,0.0
1.33,1.34,0.0
1.34,1.35,0.0
1.35,1.36,0.0
1.36,1.37,0.0
1.37,1.38,0.0
1.38,1.39,0.0
1.39,1.4,0.0
1.4,1.41,0.0
1.41,1.42,0.0
1.42,1.43,0.0
1.43,1.44,0.0
1.44,1.45,0.0
1.45,1.46,0.0
1.46,1.47,0.0
1.47,1.48,0.0
1.48,1.49,0.0
1.49,1.5,0.0
1.5,1.51,0.0
1.51,1.52,0.0
1.52,1.53,0.0
1.53,1.54,0.0
1.54,1.55,0.0
1.55,1.56,0.0
1.56,1.57,0.0
1.57,1.58,0.0
1.58,1.59,0.0
1.59,1.6,0.0
1.6,1.61,0.0
1.61,1.62,0.0
1.62,1.63,0.0
1.63,1.64,0.0
1.64,1.65,0.0
1.65,1.66,0.0
1.66,1.67,0.0
1.67,1.68,0.0
1.68,1.69,0.0
1.69,1.7,0.0
1.7,1.71,0.0
1.71,1.72,0.0
1.72,1.73,0.0
1.73,1.74,0.0
1.74,1.75,0.0
1.75,1.76,0.0
1.76,1.77,0.0
1.77,1.78,0.0
1.78,1.79,0.0
1.79,1.8,0.0
1.8,1.81,0.0
1.81,1.82,0.0
1.82,1.83,0.0
1.83,1.84,0.0
1.84,1.85,0.0
1.85,1.86,0.0
1.86,1.87,0.0
1.87,1.88,0.0
1.88,1.89,0.0
1.89,1.9,0.0
1.9,1.91,0.0
1.91,1.92,0.0
1.92,1.93,0.0
1.93,1.94,0.0
1.94,1.95,0.0
1.95,1.96,0.0
1.96,1.97,0.0
1.97,1.98,0.0
1.98,1.99,0.0
1.99,2.0,0.0
2.0,2.01,0.0
2.01,2.02,0.0
2.02,2.03,0.0
2.03,2.04,0.0
2.04,2.05,0.0
2.05,2.06,0.0
2.06,2.07,0.0
2.07,2.08,0.0
2.08,2.09,0.0
2.09,2.1,0.0
2.1,2.11,0.0
2.11,2.12,0.0
2.12,2.13,0.0
2.13,2.14,0.0
2.14,2.15,0.0
2.15,2.16,0.0
2.16,2.17,0.0
2.17,2.18,0.0
2.18,2.19,0.0
2.19,2.2,0.0
2.2,2.21,0.0
2.21,2.22,0.0
2.22,2.23,0.0
2.23,2.24,0.0
2.24,2.25,0.0
2.25,2.26,0.0
2.26,2.27,0.0
2.27,2.28,0.0
2.28,2.29,0.0
2.29,2.3,204.67477839935495
2.3,2.31,203.49593842053727
2.31,2.32,203.49593842053727
2.32,2.33,202.3238880603845
2.33,2.34,201.15858821357068
2.34,2.35,198.8480847635095
2.35,2.36,197.70280407057922
2.36,2.37,197.70280407057922
2.37,2.38,196.56411970905023
2.38,2.39,196.56411970905023
2.39,2.4,196.56411970905023
2.4,2.41,197.70280407057922
2.41,2.42,198.8480847635095
2.42,2.43,201.15858821357068
2.43,2.44,200.0
2.44,2.45,200.0
2.45,2.46,198.8480847635095
2.46,2.47,197.70280407057922
2.47,2.48,196.56411970905023
2.48,2.49,195.43199368684918
2.49,2.5,195.43199368684918
2.5,2.51,195.43199368684918
2.51,2.52,195.43199368684918
2.52,2.53,195.43199368684918
2.53,2.54,194.30638823072118
2.54,2.55,195.43199368684918
2.55,2.56,195.43199368684918
2.56,2.57,194.30638823072118
2.57,2.58,194.30638823072118
2.58,2.59,193.1872657849691
2.59,2.6,192.07458901020084
2.6,2.61,190.9683207820833
2.61,2.62,189.86842419010387
2.62,2.63,186.60659830736148
2.63,2.64,184.46323871718783
2.64,2.65,185.5318233882619
2.65,2.66,185.5318233882619
2.66,2.67,185.5318233882619
2.67,2.68,184.46323871718783
2.68,2.69,183.40080864093423
2.69,2.7,182.34449771164336
2.7,2.71,181.29427068562208
2.71,2.72,181.29427068562208
2.72,2.73,180.25009252216606
2.73,2.74,179.21192838239048
2.74,2.75,173.1073122012286
2.75,2.76,0.0
2.76,2.77,0.0
2.77,2.78,0.0
2.78,2.79,0.0
2.79,2.8,0.0
2.8,2.81,0.0
2.81,2.82,0.0
2.82,2.83,0.0
2.83,2.84,192.07458901020084
2.84,2.85,194.30638823072118
2.85,2.86,194.30638823072118
2.86,2.87,193.1872657849691
2.87,2.88,192.07458901020084
2.88,2.89,192.07458901020084
2.89,2.9,192.07458901020084
2.9,2.91,192.07458901020084
2.91,2.92,193.1872657849691
2.92,2.93,192.07458901020084
2.93,2.94,190.9683207820833
2.94,2.95,175.11872228117704
2.95,2.96,176.1331747192297
2.96,2.97,176.1331747192297
2.97,2.98,176.1331747192297
2.98,2.99,176.1331747192297
2.99,3.0,177.1535038204721
3.0,3.01,179.21192838239048
3.01,3.02,179.21192838239048
3.02,3.03,179.21192838239048
3.03,3.04,179.21192838239048
3.04,3.05,177.1535038204721
3.05,3.06,175.11872228117704
3.06,3.07,168.1792830507429
3.07,3.08,0.0
3.08,3.09,0.0
3.09,3.1,0.0
3.1,3.11,179.21192838239048
3.11,3.12,174.11011265922482
3.12,3.13,174.11011265922482
3.13,3.14,173.1073122012286
3.14,3.15,173.1073122012286
3.15,3.16,172.11028744886602
3.16,3.17,172.11028744886602
3.17,3.18,170.13343219017113
3.18,3.19,0.0
3.19,3.2,138.1912879967776
3.2,3.21,133.48398541700342
3.21,3.22,135.034994616819
3.22,3.23,134.25725027802636
3.23,3.24,134.25725027802636
3.24,3.25,135.034994616819
3.25,3.26,135.034994616819
3.26,3.27,0.0
3.27,3.28,0.0
3.28,3.29,0.0
3.29,3.3,0.0
3.3,3.31,0.0
3.31,3.32,0.0
3.32,3.33,0.0
3.33,3.34,0.0
3.34,3.35,0.0
3.35,3.36,0.0
3.36,3.37,0.0
3.37,3.38,0.0
3.38,3.39,0.0
3.39,3.4,0.0
3.4,3.41,0.0
3.41,3.42,0.0
3.42,3.43,0.0
3.43,3.44,0.0
3.44,3.45,0.0
3.45,3.46,0.0
3.46,3.47,0.0
3.47,3.48,0.0
3.48,3.49,0.0
3.49,3.5,0.0
3.5,3.51,0.0
3.51,3.52,153.33283446696007
3.52,3.53,156.0130452026747
3.53,3.54,157.8258294677283
3.54,3.55,159.65967727133
3.55,3.56,163.39154532410998
3.56,3.57,166.24757922855756
3.57,3.58,167.2106416577019
3.58,3.59,168.1792830507429
3.59,3.6,168.1792830507429
3.6,3.61,167.2106416577019
3.61,3.62,167.2106416577019
3.62,3.63,166.24757922855756
3.63,3.64,164.33806291715806
3.64,3.65,156.91681957935012
3.65,3.66,0.0
3.66,3.67,0.0
3.67,3.68,0.0
3.68,3.69,0.0
3.69,3.7,0.0
3.7,3.71,0.0
3.71,3.72,0.0
3.72,3.73,0.0
3.73,3.74,0.0
3.74,3.75,0.0
3.75,3.76,0.0
3.76,3.77,0.0
3.77,3.78,0.0
3.78,3.79,0.0
3.79,3.8,0.0
3.8,3.81,0.0
3.81,3.82,0.0
3.82,3.83,0.0
3.83,3.84,0.0
3.84,3.85,0.0
3.85,3.86,0.0
3.86,3.87,0.0
3.87,3.88,187.68759933422865
3.88,3.89,195.43199368684918
3.89,3.9,194.30638823072118
3.9,3.91,193.1872657849691
3.91,3.92,193.1872657849691
3.92,3.93,180.25009252216606
3.93,3.94,169.1535357262897
3.94,3.95,156.0130452026747
3.95,3.96,150.69866814745757
3.96,3.97,142.24060181972814
3.97,3.98,158.74010519681997
3.98,3.99,150.69866814745757
3.99,4.0,158.74010519681997
4.0,4.01,167.2106416577019
4.01,4.02,168.1792830507429
4.02,4.03,169.1535357262897
4.03,4.04,171.11900513652043
4.04,4.05,172.11028744886602
4.05,4.06,0.0
4.06,4.07,0.0
4.07,4.08,0.0
4.08,4.09,0.0
4.09,4.1,0.0
4.1,4.11,0.0
4.11,4.12,0.0
4.12,4.13,0.0
4.13,4.14,0.0
4.14,4.15,0.0
4.15,4.16,0.0
4.16,4.17,0.0
4.17,4.18,0.0
4.18,4.19,0.0
4.19,4.2,161.5148333600084
4.2,4.21,152.4497023255762
4.21,4.22,155.11447618337345
4.22,4.23,156.91681957935012
4.23,4.24,158.74010519681997
4.24,4.25,158.74010519681997
4.25,4.26,158.74010519681997
4.26,4.27,159.65967727133
4.27,4.28,156.91681957935012
4.28,4.29,0.0
4.29,4.3,0.0
4.3,4.31,0.0
4.31,4.32,0.0
4.32,4.33,174.11011265922482
4.33,4.34,180.25009252216606
4.34,4.35,167.2106416577019
4.35,4.36,161.5148333600084
4.36,4.37,159.65967727133
4.37,4.38,155.11447618337345
4.38,4.39,153.33283446696007
4.39,4.4,150.69866814745757
4.4,4.41,148.96774631227024
4.41,4.42,147.25670581005258
4.42,4.43,146.40856959456255
4.43,4.44,143.893358001082
4.44,4.45,139.79699341790194
4.45,4.46,134.25725027802636
4.46,4.47,143.893358001082
4.47,4.48,151.57165665103983
4.48,4.49,156.0130452026747
4.49,4.5,157.8258294677283
4.5,4.51,159.65967727133
4.51,4.52,162.4504792712471
4.52,4.53,163.39154532410998
4.53,4.54,164.33806291715806
4.54,4.55,164.33806291715806
4.55,4.56,163.39154532410998
4.56,4.57,164.33806291715806
4.57,4.58,164.33806291715806
4.58,4.59,164.33806291715806
4.59,4.6,165.29006363084235
4.6,4.61,166.24757922855756
4.61,4.62,166.24757922855756
4.62,4.63,166.24757922855756
4.63,4.64,165.29006363084235
4.64,4.65,164.33806291715806
4.65,4.66,163.39154532410998
4.66,4.67,163.39154532410998
4.67,4.68,163.39154532410998
4.68,4.69,163.39154532410998
4.69,4.7,162.4504792712471
4.7,4.71,160.5845763726753
4.71,4.72,158.74010519681997
4.72,4.73,156.91681957935012
4.73,4.74,156.0130452026747
4.74,4.75,154.22108254079407
4.75,4.76,152.4497023255762
4.76,4.77,148.96774631227024
4.77,4.78,147.25670581005258
4.78,4.79,145.56531828421873
4.79,4.8,143.893358001082
4.8,4.81,137.3953647458089
4.81,4.82,131.9507910772894
4.82,4.83,0.0
4.83,4.84,0.0
4.84,4.85,0.0
4.85,4.86,0.0
4.86,4.87,0.0
4.87,4.88,0.0
4.88,4.89,0.0
4.89,4.9,0.0
4.9,4.91,184.46323871718783
4.91,4.92,183.40080864093423
4.92,4.93,177.1535038204721
4.93,4.94,177.1535038204721
4.94,4.95,166.24757922855756
4.95,4.96,164.33806291715806
4.96,4.97,161.5148333600084
4.97,4.98,148.96774631227024
4.98,4.99,143.06459324352582
4.99,5.0,138.1912879967776
5.0,5.01,134.25725027802636
5.01,5.02,142.24060181972814
5.02,5.03,143.893358001082
5.03,5.04,153.33283446696007
5.04,5.05,163.39154532410998
5.05,5.06,165.29006363084235
5.06,5.07,165.29006363084235
5.07,5.08,165.29006363084235
5.08,5.09,169.1535357262897
5.09,5.1,157.8258294677283
5.1,5.11,148.1097552286564
5.11,5.12,0.0
5.12,5.13,0.0
5.13,5.14,0.0
5.14,5.15,0.0
5.15,5.16,0.0
5.16,5.17,0.0
5.17,5.18,0.0
5.18,5.19,0.0
5.19,5.2,0.0
5.2,5.21,0.0
5.21,5.22,0.0
5.22,5.23,0.0
5.23,5.24,0.0
5.24,5.25,0.0
5.25,5.26,158.74010519681997
5.26,5.27,177.1535038204721
5.27,5.28,174.11011265922482
5.28,5.29,177.1535038204721
5.29,5.3,179.21192838239048
5.3,5.31,179.21192838239048
5.31,5.32,180.25009252216606
5.32,5.33,181.29427068562208
5.33,5.34,181.29427068562208
5.34,5.35,0.0
5.35,5.36,0.0
5.36,5.37,0.0
5.37,5.38,0.0
5.38,5.39,0.0
5.39,5.4,0.0
5.4,5.41,0.0
5.41,5.42,0.0
5.42,5.43,0.0
5.43,5.44,178.17974362806785
5.44,5.45,171.11900513652043
5.45,5.46,172.11028744886602
5.46,5.47,173.1073122012286
5.47,5.48,174.11011265922482
5.48,5.49,175.11872228117704
5.49,5.5,176.1331747192297
5.5,5.51,177.1535038204721
5.51,5.52,177.1535038204721
5.52,5.53,178.17974362806785
5.53,5.54,173.1073122012286
5.54,5.55,170.13343219017113
5.55,5.56,175.11872228117704
5.56,5.57,183.40080864093423
5.57,5.58,193.1872657849691
5.58,5.59,195.43199368684918
5.59,5.6,195.43199368684918
5.6,5.61,194.30638823072118
5.61,5.62,192.07458901020084
5.62,5.63,187.68759933422865
5.63,5.64,185.5318233882619
5.64,5.65,183.40080864093423
5.65,5.66,184.46323871718783
5.66,5.67,183.40080864093423
5.67,5.68,182.34449771164336
5.68,5.69,181.29427068562208
5.69,5.7,180.25009252216606
5.7,5.71,180.25009252216606
5.71,5.72,179.21192838239048
5.72,5.73,178.17974362806785
5.73,5.74,177.1535038204721
5.74,5.75,173.1073122012286
5.75,5.76,169.1535357262897
5.76,5.77,164.33806291715806
5.77,5.78,162.4504792712471
5.78,5.79,161.5148333600084
5.79,5.8,161.5148333600084
5.8,5.81,161.5148333600084
5.81,5.82,161.5148333600084
5.82,5.83,162.4504792712471
5.83,5.84,163.39154532410998
5.84,5.85,162.4504792712471
5.85,5.86,163.39154532410998
5.86,5.87,163.39154532410998
5.87,5.88,162.4504792712471
5.88,5.89,162.4504792712471
5.89,5.9,160.5845763726753
5.9,5.91,156.91681957935012
5.91,5.92,143.893358001082
5.92,5.93,136.60402567543954
5.93,5.94,0.0
5.94,5.95,0.0
5.95,5.96,0.0
5.96,5.97,0.0
5.97,5.98,0.0
5.98,5.99,0.0
5.99,6.0,0.0
6.0,6.01,0.0
6.01,6.02,0.0
6.02,6.03,173.1073122012286
6.03,6.04,173.1073122012286
6.04,6.05,173.1073122012286
6.05,6.06,174.11011265922482
6.06,6.07,175.11872228117704
6.07,6.08,175.11872228117704
6.08,6.09,175.11872228117704
6.09,6.1,175.11872228117704
6.1,6.11,175.11872228117704
6.11,6.12,174.11011265922482
6.12,6.13,173.1073122012286
6.13,6.14,170.13343219017113
6.14,6.15,166.24757922855756
6.15,6.16,164.33806291715806
6.16,6.17,163.39154532410998
6.17,6.18,162.4504792712471
6.18,6.19,162.4504792712471
6.19,6.2,161.5148333600084
6.2,6.21,159.65967727133
6.21,6.22,159.65967727133
6.22,6.23,158.74010519681997
6.23,6.24,157.8258294677283
6.24,6.25,157.8258294677283
6.25,6.26,156.91681957935012
6.26,6.27,155.11447618337345
6.27,6.28,153.33283446696007
6.28,6.29,150.69866814745757
6.29,6.3,142.24060181972814
6.3,6.31,139.79699341790194
6.31,6.32,145.56531828421873
6.32,6.33,151.57165665103983
6.33,6.34,152.4497023255762
6.34,6.35,151.57165665103983
6.35,6.36,151.57165665103983
6.36,6.37,150.69866814745757
6.37,6.38,148.96774631227024
6.38,6.39,147.25670581005258
6.39,6.4,145.56531828421873
6.4,6.41,145.56531828421873
6.41,6.42,145.56531828421873
6.42,6.43,146.40856959456255
6.43,6.44,146.40856959456255
6.44,6.45,146.40856959456255
6.45,6.46,146.40856959456255
6.46,6.47,146.40856959456255
6.47,6.48,145.56531828421873
6.48,6.49,143.06459324352582
6.49,6.5,138.1912879967776
6.5,6.51,148.1097552286564
6.51,6.52,149.83070768766817
6.52,6.53,149.83070768766817
6.53,6.54,148.96774631227024
6.54,6.55,148.96774631227024
6.55,6.56,147.25670581005258
6.56,6.57,146.40856959456255
6.57,6.58,144.7269237440378
6.58,6.59,143.06459324352582
6.59,6.6,141.4213562373095
6.6,6.61,138.99182198423372
6.61,6.62,0.0
6.62,6.63,0.0
6.63,6.64,0.0
6.64,6.65,0.0
6.65,6.66,0.0
6.66,6.67,0.0
6.67,6.68,0.0
6.68,6.69,156.91681957935012
6.69,6.7,157.8258294677283
6.7,6.71,156.91681957935012
6.71,6.72,155.11447618337345
6.72,6.73,153.33283446696007
6.73,6.74,151.57165665103983
6.74,6.75,148.96774631227024
6.75,6.76,146.40856959456255
6.76,6.77,144.7269237440378
6.77,6.78,143.893358001082
6.78,6.79,142.24060181972814
6.79,6.8,141.4213562373095
6.8,6.81,141.4213562373095
6.81,6.82,139.79699341790194
6.82,6.83,136.60402567543954
6.83,6.84,0.0
6.84,6.85,0.0
6.85,6.86,0.0
6.86,6.87,0.0
6.87,6.88,0.0
6.88,6.89,0.0
6.89,6.9,0.0
6.9,6.91,155.11447618337345
6.91,6.92,153.33283446696007
6.92,6.93,150.69866814745757
6.93,6.94,149.83070768766817
6.94,6.95,148.1097552286564
6.95,6.96,147.25670581005258
6.96,6.97,146.40856959456255
6.97,6.98,145.56531828421873
6.98,6.99,145.56531828421873
6.99,7.0,145.56531828421873
7.0,7.01,146.40856959456255
7.01,7.02,147.25670581005258
7.02,7.03,148.1097552286564
7.03,7.04,148.1097552286564
7.04,7.05,148.1097552286564
7.05,7.06,147.25670581005258
7.06,7.07,146.40856959456255
7.07,7.08,144.7269237440378
7.08,7.09,143.06459324352582
7.09,7.1,142.24060181972814
7.1,7.11,142.24060181972814
7.11,7.12,142.24060181972814
7.12,7.13,143.06459324352582
7.13,7.14,143.893358001082
7.14,7.15,143.06459324352582
7.15,7.16,142.24060181972814
7.16,7.17,140.60682916223496
7.17,7.18,138.99182198423372
7.18,7.19,134.25725027802636
7.19,7.2,127.45606273192622
7.2,7.21,0.0
7.21,7.22,0.0
7.22,7.23,0.0
7.23,7.24,0.0
7.24,7.25,0.0
7.25,7.26,0.0
7.26,7.27,148.1097552286564
7.27,7.28,148.1097552286564
7.28,7.29,139.79699341790194
7.29,7.3,140.60682916223496
7.3,7.31,140.60682916223496
7.31,7.32,140.60682916223496
7.32,7.33,139.79699341790194
7.33,7.34,138.99182198423372
7.34,7.35,135.81724438273213
7.35,7.36,135.81724438273213
7.36,7.37,135.81724438273213
7.37,7.38,135.034994616819
7.38,7.39,133.48398541700342
7.39,7.4,133.48398541700342
7.4,7.41,136.60402567543954
7.41,7.42,139.79699341790194
7.42,7.43,143.893358001082
7.43,7.44,143.893358001082
7.44,7.45,142.24060181972814
7.45,7.46,140.60682916223496
7.46,7.47,139.79699341790194
7.47,7.48,139.79699341790194
7.48,7.49,138.1912879967776
7.49,7.5,138.99182198423372
7.5,7.51,139.79699341790194
7.51,7.52,139.79699341790194
7.52,7.53,138.99182198423372
7.53,7.54,138.1912879967776
7.54,7.55,137.3953647458089
7.55,7.56,135.034994616819
7.56,7.57,133.48398541700342
7.57,7.58,132.71517423385683
7.58,7.59,129.68395546510095
7.59,7.6,128.9370308439579
7.6,7.61,126.72196982870621
7.61,7.62,123.11444133449163
7.62,7.63,120.30250360821167
7.63,7.64,118.9207115002721
7.64,7.65,124.5449622358823
7.65,7.66,125.26644386241279
7.66,7.67,121.7003513670591
7.67,7.68,0.0
7.68,7.69,0.0
7.69,7.7,0.0
7.7,7.71,0.0
7.71,7.72,0.0
7.72,7.73,0.0
7.73,7.74,0.0
7.74,7.75,0.0
7.75,7.76,0.0
7.76,7.77,0.0
7.77,7.78,0.0
7.78,7.79,0.0
7.79,7.8,0.0
7.8,7.81,0.0
7.81,7.82,0.0
7.82,7.83,0.0
7.83,7.84,0.0
7.84,7.85,0.0
7.85,7.86,0.0
7.86,7.87,0.0
7.87,7.88,0.0
7.88,7.89,0.0
7.89,7.9,0.0
7.9,7.91,0.0
7.91,7.92,0.0
7.92,7.93,0.0
7.93,7.94,0.0
7.94,7.95,0.0
7.95,7.96,0.0
7.96,7.97,0.0
7.97,7.98,0.0
7.98,7.99,0.0
7.99,8.0,0.0
8.0,8.01,0.0
8.01,8.02,0.0
8.02,8.03,0.0
8.03,8.04,0.0
8.04,8.05,0.0
8.05,8.06,0.0
8.06,8.07,0.0
8.07,8.08,0.0
8.08,8.09,154.22108254079407
8.09,8.1,146.40856959456255
8.1,8.11,150.69866814745757
8.11,8.12,150.69866814745757
8.12,8.13,150.69866814745757
8.13,8.14,150.69866814745757
8.14,8.15,144.7269237440378
8.15,8.16,155.11447618337345
8.16,8.17,156.0130452026747
8.17,8.18,160.5845763726753
8.18,8.19,162.4504792712471
8.19,8.2,162.4504792712471
8.2,8.21,162.4504792712471
8.21,8.22,162.4504792712471
8.22,8.23,162.4504792712471
8.23,8.24,161.5148333600084
8.24,8.25,160.5845763726753
8.25,8.26,159.65967727133
8.26,8.27,159.65967727133
8.27,8.28,159.65967727133
8.28,8.29,159.65967727133
8.29,8.3,159.65967727133
8.3,8.31,159.65967727133
8.31,8.32,159.65967727133
8.32,8.33,158.74010519681997
8.33,8.34,158.74010519681997
8.34,8.35,157.8258294677283
8.35,8.36,156.91681957935012
8.36,8.37,156.0130452026747
8.37,8.38,154.22108254079407
8.38,8.39,153.33283446696007
8.39,8.4,152.4497023255762
8.4,8.41,151.57165665103983
8.41,8.42,149.83070768766817
8.42,8.43,148.96774631227024
8.43,8.44,147.25670581005258
8.44,8.45,147.25670581005258
8.45,8.46,146.40856959456255
8.46,8.47,146.40856959456255
8.47,8.48,147.25670581005258
8.48,8.49,147.25670581005258
8.49,8.5,148.1097552286564
8.5,8.51,148.1097552286564
8.51,8.52,148.1097552286564
8.52,8.53,148.1097552286564
8.53,8.54,147.25670581005258
8.54,8.55,147.25670581005258
8.55,8.56,145.56531828421873
8.56,8.57,144.7269237440378
8.57,8.58,143.06459324352582
8.58,8.59,143.06459324352582
8.59,8.6,142.24060181972814
8.6,8.61,142.24060181972814
8.61,8.62,141.4213562373095
8.62,8.63,140.60682916223496
8.63,8.64,139.79699341790194
8.64,8.65,138.1912879967776
8.65,8.66,138.1912879967776
8.66,8.67,137.3953647458089
8.67,8.68,136.60402567543954
8.68,8.69,136.60402567543954
8.69,8.7,137.3953647458089
8.7,8.71,138.1912879967776
8.71,8.72,139.79699341790194
8.72,8.73,140.60682916223496
8.73,8.74,144.7269237440378
8.74,8.75,148.1097552286564
8.75,8.76,154.22108254079407
8.76,8.77,156.91681957935012
8.77,8.78,157.8258294677283
8.78,8.79,159.65967727133
8.79,8.8,161.5148333600084
8.8,8.81,162.4504792712471
8.81,8.82,162.4504792712471
8.82,8.83,162.4504792712471
8.83,8.84,159.65967727133
8.84,8.85,150.69866814745757
8.85,8.86,143.893358001082
8.86,8.87,140.60682916223496
8.87,8.88,131.9507910772894
8.88,8.89,0.0
8.89,8.9,0.0
8.9,8.91,0.0
8.91,8.92,0.0
8.92,8.93,0.0
8.93,8.94,0.0
8.94,8.95,0.0
8.95,8.96,0.0
8.96,8.97,0.0
8.97,8.98,0.0
8.98,8.99,0.0
8.99,9.0,0.0
9.0,9.01,0.0
9.01,9.02,0.0
9.02,9.03,0.0
9.03,9.04,0.0
9.04,9.05,0.0
9.05,9.06,0.0
9.06,9.07,0.0
9.07,9.08,0.0
9.08,9.09,0.0
9.09,9.1,0.0
9.1,9.11,0.0
9.11,9.12,0.0
9.12,9.13,0.0
9.13,9.14,0.0
9.14,9.15,165.29006363084235
9.15,9.16,184.46323871718783
9.16,9.17,184.46323871718783
9.17,9.18,184.46323871718783
9.18,9.19,186.60659830736148
9.19,9.2,180.25009252216606
9.2,9.21,0.0
9.21,9.22,0.0
9.22,9.23,182.34449771164336
9.23,9.24,166.24757922855756
9.24,9.25,159.65967727133
9.25,9.26,158.74010519681997
9.26,9.27,157.8258294677283
9.27,9.28,155.11447618337345
9.28,9.29,148.96774631227024
9.29,9.3,144.7269237440378
9.3,9.31,143.06459324352582
9.31,9.32,143.06459324352582
9.32,9.33,142.24060181972814
9.33,9.34,143.06459324352582
9.34,9.35,144.7269237440378
9.35,9.36,148.96774631227024
9.36,9.37,151.57165665103983
9.37,9.38,156.91681957935012
9.38,9.39,158.74010519681997
9.39,9.4,159.65967727133
9.4,9.41,159.65967727133
9.41,9.42,159.65967727133
9.42,9.43,158.74010519681997
9.43,9.44,156.91681957935012
9.44,9.45,148.96774631227024
9.45,9.46,140.60682916223496
9.46,9.47,133.48398541700342
9.47,9.48,130.43520697655643
9.48,9.49,132.71517423385683
9.49,9.5,135.81724438273213
9.5,9.51,139.79699341790194
9.51,9.52,141.4213562373095
9.52,9.53,147.25670581005258
9.53,9.54,155.11447618337345
9.54,9.55,161.5148333600084
9.55,9.56,163.39154532410998
9.56,9.57,162.4504792712471
9.57,9.58,161.5148333600084
9.58,9.59,159.65967727133
9.59,9.6,158.74010519681997
9.6,9.61,148.96774631227024
9.61,9.62,0.0
9.62,9.63,0.0
9.63,9.64,0.0
9.64,9.65,0.0
9.65,9.66,0.0
9.66,9.67,0.0
9.67,9.68,0.0
9.68,9.69,0.0
9.69,9.7,0.0
9.7,9.71,147.25670581005258
9.71,9.72,157.8258294677283
9.72,9.73,156.91681957935012
9.73,9.74,156.0130452026747
9.74,9.75,156.0130452026747
9.75,9.76,156.0130452026747
9.76,9.77,156.0130452026747
9.77,9.78,158.74010519681997
9.78,9.79,159.65967727133
9.79,9.8,159.65967727133
9.8,9.81,160.5845763726753
9.81,9.82,160.5845763726753
9.82,9.83,161.5148333600084
9.83,9.84,162.4504792712471
9.84,9.85,161.5148333600084
9.85,9.86,159.65967727133
9.86,9.87,158.74010519681997
9.87,9.88,157.8258294677283
9.88,9.89,156.91681957935012
9.89,9.9,155.11447618337345
9.9,9.91,155.11447618337345
9.91,9.92,154.22108254079407
9.92,9.93,154.22108254079407
9.93,9.94,153.33283446696007
9.94,9.95,152.4497023255762
9.95,9.96,151.57165665103983
9.96,9.97,149.83070768766817
9.97,9.98,147.25670581005258
9.98,9.99,144.7269237440378
9.99,10.0,143.06459324352582
10.0,10.01,141.4213562373095
10.01,10.02,140.60682916223496
10.02,10.03,139.79699341790194
10.03,10.04,138.1912879967776
10.04,10.05,138.1912879967776
10.05,10.06,138.99182198423372
10.06,10.07,136.60402567543954
10.07,10.08,133.48398541700342
10.08,10.09,128.9370308439579
10.09,10.1,0.0
10.1,10.11,0.0
10.11,10.12,0.0
10.12,10.13,0.0
10.13,10.14,0.0
10.14,10.15,0.0
10.15,10.16,0.0
10.16,10.17,154.22108254079407
10.17,10.18,151.57165665103983
10.18,10.19,148.1097552286564
10.19,10.2,146.40856959456255
10.2,10.21,143.893358001082
10.21,10.22,136.60402567543954
10.22,10.23,132.71517423385683
10.23,10.24,129.68395546510095
10.24,10.25,128.1944081920729
10.25,10.26,125.26644386241279
10.26,10.27,123.11444133449163
10.27,10.28,121.7003513670591
10.28,10.29,120.30250360821167
10.29,10.3,119.60961217374037
10.3,10.31,118.9207115002721
10.31,10.32,118.9207115002721
10.32,10.33,120.30250360821167
10.33,10.34,0.0
10.34,10.35,0.0
10.35,10.36,0.0
10.36,10.37,0.0
10.37,10.38,0.0
10.38,10.39,0.0
10.39,10.4,0.0
10.4,10.41,0.0
10.41,10.42,0.0
10.42,10.43,0.0
10.43,10.44,142.24060181972814
10.44,10.45,142.24060181972814
10.45,10.46,142.24060181972814
10.46,10.47,139.79699341790194
10.47,10.48,138.1912879967776
10.48,10.49,136.60402567543954
10.49,10.5,136.60402567543954
10.5,10.51,135.81724438273213
10.51,10.52,135.81724438273213
10.52,10.53,0.0
10.53,10.54,0.0
10.54,10.55,0.0
10.55,10.56,0.0
10.56,10.57,0.0
10.57,10.58,0.0
10.58,10.59,0.0
10.59,10.6,0.0
10.6,10.61,153.33283446696007
10.61,10.62,147.25670581005258
10.62,10.63,142.24060181972814
10.63,10.64,139.79699341790194
10.64,10.65,137.3953647458089
10.65,10.66,136.60402567543954
10.66,10.67,135.034994616819
10.67,10.68,133.48398541700342
10.68,10.69,132.71517423385683
10.69,10.7,132.71517423385683
10.7,10.71,133.48398541700342
10.71,10.72,134.25725027802636
10.72,10.73,135.034994616819
10.73,10.74,135.034994616819
10.74,10.75,135.034994616819
10.75,10.76,135.81724438273213
10.76,10.77,140.60682916223496
10.77,10.78,147.25670581005258
10.78,10.79,149.83070768766817
10.79,10.8,151.57165665103983
10.8,10.81,152.4497023255762
10.81,10.82,152.4497023255762
10.82,10.83,152.4497023255762
10.83,10.84,151.57165665103983
10.84,10.85,151.57165665103983
10.85,10.86,149.83070768766817
10.86,10.87,148.96774631227024
10.87,10.88,148.1097552286564
10.88,10.89,147.25670581005258
10.89,10.9,147.25670581005258
10.9,10.91,148.1097552286564
10.91,10.92,153.33283446696007
10.92,10.93,157.8258294677283
10.93,10.94,155.11447618337345
10.94,10.95,149.83070768766817
10.95,10.96,148.96774631227024
10.96,10.97,147.25670581005258
10.97,10.98,146.40856959456255
10.98,10.99,145.56531828421873
10.99,11.0,145.56531828421873
11.0,11.01,147.25670581005258
11.01,11.02,148.1097552286564
11.02,11.03,151.57165665103983
11.03,11.04,156.91681957935012
11.04,11.05,159.65967727133
11.05,11.06,155.11447618337345
11.06,11.07,151.57165665103983
11.07,11.08,154.22108254079407
11.08,11.09,143.893358001082
11.09,11.1,144.7269237440378
11.1,11.11,149.83070768766817
11.11,11.12,0.0
11.12,11.13,0.0
11.13,11.14,0.0
11.14,11.15,0.0
11.15,11.16,0.0
11.16,11.17,0.0
11.17,11.18,0.0
11.18,11.19,0.0
11.19,11.2,0.0
11.2,11.21,0.0
11.21,11.22,0.0
11.22,11.23,0.0
11.23,11.24,0.0
11.24,11.25,0.0
11.25,11.26,0.0
11.26,11.27,0.0
11.27,11.28,0.0
11.28,11.29,0.0
11.29,11.3,0.0
11.3,11.31,0.0
11.31,11.32,0.0
11.32,11.33,0.0
11.33,11.34,0.0
11.34,11.35,0.0
11.35,11.36,0.0
11.36,11.37,0.0
11.37,11.38,0.0
11.38,11.39,0.0
11.39,11.4,0.0
11.4,11.41,0.0
11.41,11.42,0.0
11.42,11.43,0.0
11.43,11.44,0.0
11.44,11.45,0.0
11.45,11.46,0.0
11.46,11.47,0.0
11.47,11.48,0.0
11.48,11.49,0.0
11.49,11.5,0.0
11.5,11.51,0.0
11.51,11.52,0.0
11.52,11.53,0.0
11.53,11.54,0.0
11.54,11.55,0.0
11.55,11.56,0.0
11.56,11.57,0.0
11.57,11.58,0.0
11.58,11.59,0.0
11.59,11.6,0.0
11.6,11.61,0.0
11.61,11.62,0.0
11.62,11.63,0.0
11.63,11.64,0.0
11.64,11.65,0.0
11.65,11.66,0.0
11.66,11.67,0.0
11.67,11.68,0.0
11.68,11.69,0.0
11.69,11.7,0.0
11.7,11.71,0.0
11.71,11.72,0.0
11.72,11.73,0.0
11.73,11.74,0.0
11.74,11.75,0.0
11.75,11.76,0.0
11.76,11.77,0.0
11.77,11.78,0.0
11.78,11.79,0.0
11.79,11.8,0.0
11.8,11.81,0.0
11.81,11.82,0.0
11.82,11.83,0.0
11.83,11.84,0.0
11.84,11.85,0.0
11.85,11.86,0.0
11.86,11.87,0.0
11.87,11.88,0.0
11.88,11.89,0.0
11.89,11.9,0.0
11.9,11.91,0.0
11.91,11.92,0.0
11.92,11.93,0.0
11.93,11.94,0.0
11.94,11.95,0.0
11.95,11.96,0.0
11.96,11.97,0.0
11.97,11.98,0.0
11.98,11.99,0.0
11.99,12.0,0.0
12.0,12.01,0.0
12.01,12.02,0.0
12.02,12.03,0.0
12.03,12.04,0.0
12.04,12.05,0.0
12.05,12.06,0.0
12.06,12.07,0.0
12.07,12.08,0.0
12.08,12.09,0.0
12.09,12.1,0.0
12.1,12.11,0.0
12.11,12.12,0.0
12.12,12.13,0.0
12.13,12.14,0.0
12.14,12.15,0.0
12.15,12.16,0.0
12.16,12.17,0.0
12.17,12.18,0.0
12.18,12.19,0.0
12.19,12.2,0.0
12.2,12.21,0.0
12.21,12.22,0.0
12.22,12.23,0.0
12.23,12.24,0.0
12.24,12.25,0.0
12.25,12.26,0.0
12.26,12.27,0.0
12.27,12.28,0.0
12.28,12.29,0.0
12.29,12.3,0.0
12.3,12.31,0.0
12.31,12.32,0.0
12.32,12.33,0.0
12.33,12.34,0.0
12.34,12.35,0.0
12.35,12.36,0.0
12.36,12.37,0.0
12.37,12.38,0.0
12.38,12.39,0.0
12.39,12.4,0.0
12.4,12.41,0.0
12.41,12.42,0.0
12.42,12.43,0.0
12.43,12.44,0.0
12.44,12.45,0.0
12.45,12.46,0.0
12.46,12.47,0.0
12.47,12.48,0.0
12.48,12.49,0.0
12.49,12.5,0.0
12.5,12.51,0.0
12.51,12.52,0.0
12.52,12.53,0.0
12.53,12.54,0.0
12.54,12.55,0.0
12.55,12.56,0.0
12.56,12.57,0.0
12.57,12.58,0.0
12.58,12.59,0.0
12.59,12.6,0.0
12.6,12.61,0.0
12.61,12.62,0.0
12.62,12.63,0.0
12.63,12.64,0.0
12.64,12.65,0.0
12.65,12.66,0.0
12.66,12.67,0.0
12.67,12.68,0.0
12.68,12.69,0.0
12.69,12.7,0.0
12.7,12.71,0.0
12.71,12.72,0.0
12.72,12.73,0.0
12.73,12.74,172.11028744886602
12.74,12.75,162.4504792712471
12.75,12.76,160.5845763726753
12.76,12.77,158.74010519681997
12.77,12.78,156.91681957935012
12.78,12.79,154.22108254079407
12.79,12.8,151.57165665103983
12.8,12.81,148.96774631227024
12.81,12.82,147.25670581005258
12.82,12.83,147.25670581005258
12.83,12.84,149.83070768766817
12.84,12.85,151.57165665103983
12.85,12.86,154.22108254079407
12.86,12.87,154.22108254079407
12.87,12.88,156.91681957935012
12.88,12.89,158.74010519681997
12.89,12.9,160.5845763726753
12.9,12.91,163.39154532410998
12.91,12.92,166.24757922855756
12.92,12.93,167.2106416577019
12.93,12.94,169.1535357262897
12.94,12.95,170.13343219017113
12.95,12.96,171.11900513652043
12.96,12.97,171.11900513652043
12.97,12.98,171.11900513652043
12.98,12.99,171.11900513652043
12.99,13.0,169.1535357262897
13.0,13.01,169.1535357262897
13.01,13.02,165.29006363084235
13.02,13.03,162.4504792712471
13.03,13.04,156.91681957935012
13.04,13.05,151.57165665103983
13.05,13.06,0.0
13.06,13.07,0.0
13.07,13.08,0.0
13.08,13.09,0.0
13.09,13.1,0.0
13.1,13.11,181.29427068562208
13.11,13.12,183.40080864093423
13.12,13.13,183.40080864093423
13.13,13.14,182.34449771164336
13.14,13.15,183.40080864093423
13.15,13.16,179.21192838239048
13.16,13.17,176.1331747192297
13.17,13.18,171.11900513652043
13.18,13.19,166.24757922855756
13.19,13.2,167.2106416577019
13.2,13.21,169.1535357262897
13.21,13.22,167.2106416577019
13.22,13.23,168.1792830507429
13.23,13.24,167.2106416577019
13.24,13.25,167.2106416577019
13.25,13.26,167.2106416577019
13.26,13.27,168.1792830507429
13.27,13.28,168.1792830507429
13.28,13.29,169.1535357262897
13.29,13.3,171.11900513652043
13.3,13.31,172.11028744886602
13.31,13.32,174.11011265922482
13.32,13.33,175.11872228117704
13.33,13.34,176.1331747192297
13.34,13.35,177.1535038204721
13.35,13.36,180.25009252216606
13.36,13.37,182.34449771164336
13.37,13.38,183.40080864093423
13.38,13.39,181.29427068562208
13.39,13.4,180.25009252216606
13.4,13.41,175.11872228117704
13.41,13.42,168.1792830507429
13.42,13.43,165.29006363084235
13.43,13.44,0.0
13.44,13.45,0.0
13.45,13.46,163.39154532410998
13.46,13.47,164.33806291715806
13.47,13.48,163.39154532410998
13.48,13.49,163.39154532410998
13.49,13.5,163.39154532410998
13.5,13.51,162.4504792712471
13.51,13.52,160.5845763726753
13.52,13.53,155.11447618337345
13.53,13.54,0.0
13.54,13.55,0.0
13.55,13.56,0.0
13.56,13.57,0.0
13.57,13.58,0.0
13.58,13.59,0.0
13.59,13.6,157.8258294677283
13.6,13.61,162.4504792712471
13.61,13.62,163.39154532410998
13.62,13.63,164.33806291715806
13.63,13.64,165.29006363084235
13.64,13.65,166.24757922855756
13.65,13.66,166.24757922855756
13.66,13.67,166.24757922855756
13.67,13.68,167.2106416577019
13.68,13.69,167.2106416577019
13.69,13.7,166.24757922855756
13.7,13.71,166.24757922855756
13.71,13.72,166.24757922855756
13.72,13.73,163.39154532410998
13.73,13.74,160.5845763726753
13.74,13.75,158.74010519681997
13.75,13.76,155.11447618337345
13.76,13.77,152.4497023255762
13.77,13.78,148.1097552286564
13.78,13.79,143.06459324352582
13.79,13.8,132.71517423385683
13.8,13.81,0.0
13.81,13.82,0.0
13.82,13.83,0.0
13.83,13.84,0.0
13.84,13.85,0.0
13.85,13.86,155.11447618337345
13.86,13.87,153.33283446696007
13.87,13.88,153.33283446696007
13.88,13.89,152.4497023255762
13.89,13.9,151.57165665103983
13.9,13.91,151.57165665103983
13.91,13.92,151.57165665103983
13.92,13.93,151.57165665103983
13.93,13.94,151.57165665103983
13.94,13.95,150.69866814745757
13.95,13.96,148.96774631227024
13.96,13.97,146.40856959456255
13.97,13.98,144.7269237440378
13.98,13.99,144.7269237440378
13.99,14.0,143.06459324352582
14.0,14.01,142.24060181972814
14.01,14.02,141.4213562373095
14.02,14.03,140.60682916223496
14.03,14.04,139.79699341790194
14.04,14.05,138.99182198423372
14.05,14.06,138.1912879967776
14.06,14.07,137.3953647458089
14.07,14.08,137.3953647458089
14.08,14.09,132.71517423385683
14.09,14.1,126.72196982870621
14.1,14.11,124.5449622358823
14.11,14.12,128.9370308439579
14.12,14.13,133.48398541700342
14.13,14.14,141.4213562373095
14.14,14.15,143.893358001082
14.15,14.16,148.1097552286564
14.16,14.17,148.1097552286564
14.17,14.18,149.83070768766817
14.18,14.19,149.83070768766817
14.19,14.2,148.96774631227024
14.2,14.21,148.96774631227024
14.21,14.22,148.1097552286564
14.22,14.23,146.40856959456255
14.23,14.24,147.25670581005258
14.24,14.25,156.91681957935012
14.25,14.26,0.0
14.26,14.27,0.0
14.27,14.28,0.0
14.28,14.29,0.0
14.29,14.3,0.0
14.3,14.31,0.0
14.31,14.32,0.0
14.32,14.33,168.1792830507429
14.33,14.34,157.8258294677283
14.34,14.35,158.74010519681997
14.35,14.36,156.91681957935012
14.36,14.37,156.91681957935012
14.37,14.38,156.0130452026747
14.38,14.39,154.22108254079407
14.39,14.4,151.57165665103983
14.4,14.41,150.69866814745757
14.41,14.42,150.69866814745757
14.42,14.43,151.57165665103983
14.43,14.44,154.22108254079407
14.44,14.45,158.74010519681997
14.45,14.46,164.33806291715806
14.46,14.47,167.2106416577019
14.47,14.48,170.13343219017113
14.48,14.49,173.1073122012286
14.49,14.5,176.1331747192297
14.5,14.51,177.1535038204721
14.51,14.52,180.25009252216606
14.52,14.53,182.34449771164336
14.53,14.54,183.40080864093423
14.54,14.55,183.40080864093423
14.55,14.56,182.34449771164336
14.56,14.57,180.25009252216606
14.57,14.58,177.1535038204721
14.58,14.59,173.1073122012286
14.59,14.6,169.1535357262897
14.6,14.61,164.33806291715806
14.61,14.62,162.4504792712471
14.62,14.63,159.65967727133
14.63,14.64,157.8258294677283
14.64,14.65,156.0130452026747
14.65,14.66,155.11447618337345
14.66,14.67,153.33283446696007
14.67,14.68,152.4497023255762
14.68,14.69,152.4497023255762
14.69,14.7,152.4497023255762
14.7,14.71,153.33283446696007
14.71,14.72,153.33283446696007
14.72,14.73,154.22108254079407
14.73,14.74,155.11447618337345
14.74,14.75,156.0130452026747
14.75,14.76,156.91681957935012
14.76,14.77,158.74010519681997
14.77,14.78,159.65967727133
14.78,14.79,162.4504792712471
14.79,14.8,164.33806291715806
14.8,14.81,167.2106416577019
14.81,14.82,167.2106416577019
14.82,14.83,168.1792830507429
14.83,14.84,167.2106416577019
14.84,14.85,166.24757922855756
14.85,14.86,165.29006363084235
14.86,14.87,163.39154532410998
14.87,14.88,160.5845763726753
14.88,14.89,175.11872228117704
14.89,14.9,0.0
14.9,14.91,0.0
14.91,14.92,0.0
14.92,14.93,0.0
14.93,14.94,0.0
14.94,14.95,0.0
14.95,14.96,0.0
14.96,14.97,170.13343219017113
14.97,14.98,163.39154532410998
14.98,14.99,161.5148333600084
14.99,15.0,159.65967727133
15.0,15.01,157.8258294677283
15.01,15.02,156.0130452026747
15.02,15.03,154.22108254079407
15.03,15.04,151.57165665103983
15.04,15.05,149.83070768766817
15.05,15.06,148.1097552286564
15.06,15.07,148.96774631227024
15.07,15.08,150.69866814745757
15.08,15.09,151.57165665103983
15.09,15.1,150.69866814745757
15.1,15.11,150.69866814745757
15.11,15.12,149.83070768766817
15.12,15.13,149.83070768766817
15.13,15.14,148.96774631227024
15.14,15.15,148.1097552286564
15.15,15.16,148.1097552286564
15.16,15.17,148.1097552286564
15.17,15.18,148.96774631227024
15.18,15.19,150.69866814745757
15.19,15.2,152.4497023255762
15.2,15.21,154.22108254079407
15.21,15.22,154.22108254079407
15.22,15.23,153.33283446696007
15.23,15.24,151.57165665103983
15.24,15.25,148.96774631227024
15.25,15.26,139.79699341790194
15.26,15.27,0.0
15.27,15.28,0.0
15.28,15.29,0.0
15.29,15.3,0.0
15.3,15.31,0.0
15.31,15.32,0.0
15.32,15.33,0.0
15.33,15.34,156.0130452026747
15.34,15.35,161.5148333600084
15.35,15.36,166.24757922855756
15.36,15.37,163.39154532410998
15.37,15.38,162.4504792712471
15.38,15.39,161.5148333600084
15.39,15.4,160.5845763726753
15.4,15.41,159.65967727133
15.41,15.42,157.8258294677283
15.42,15.43,156.91681957935012
15.43,15.44,156.0130452026747
15.44,15.45,154.22108254079407
15.45,15.46,152.4497023255762
15.46,15.47,150.69866814745757
15.47,15.48,149.83070768766817
15.48,15.49,138.99182198423372
15.49,15.5,137.3953647458089
15.5,15.51,136.60402567543954
15.51,15.52,136.60402567543954
15.52,15.53,135.81724438273213
15.53,15.54,135.034994616819
15.54,15.55,135.034994616819
15.55,15.56,135.81724438273213
15.56,15.57,137.3953647458089
15.57,15.58,138.99182198423372
15.58,15.59,139.79699341790194
15.59,15.6,139.79699341790194
15.6,15.61,140.60682916223496
15.61,15.62,139.79699341790194
15.62,15.63,138.99182198423372
15.63,15.64,137.3953647458089
15.64,15.65,135.81724438273213
15.65,15.66,132.71517423385683
15.66,15.67,131.9507910772894
15.67,15.68,129.68395546510095
15.68,15.69,122.40535433046553
15.69,15.7,116.20455869578394
15.7,15.71,116.87772485612456
15.71,15.72,118.23577860271482
15.72,15.73,120.30250360821167
15.73,15.74,123.11444133449163
15.74,15.75,126.72196982870621
15.75,15.76,127.45606273192622
15.76,15.77,127.45606273192622
15.77,15.78,125.26644386241279
15.78,15.79,122.40535433046553
15.79,15.8,123.11444133449163
15.8,15.81,0.0
15.81,15.82,0.0
15.82,15.83,162.4504792712471
15.83,15.84,165.29006363084235
15.84,15.85,167.2106416577019
15.85,15.86,169.1535357262897
15.86,15.87,169.1535357262897
15.87,15.88,170.13343219017113
15.88,15.89,168.1792830507429
15.89,15.9,166.24757922855756
15.9,15.91,165.29006363084235
15.91,15.92,164.33806291715806
15.92,15.93,164.33806291715806
15.93,15.94,164.33806291715806
15.94,15.95,164.33806291715806
15.95,15.96,164.33806291715806
15.96,15.97,164.33806291715806
15.97,15.98,163.39154532410998
15.98,15.99,160.5845763726753
15.99,16.0,158.74010519681997
16.0,16.01,156.91681957935012
16.01,16.02,155.11447618337345
16.02,16.03,145.56531828421873
16.03,16.04,147.25670581005258
16.04,16.05,148.96774631227024
16.05,16.06,150.69866814745757
16.06,16.07,0.0
16.07,16.08,0.0
16.08,16.09,0.0
16.09,16.1,0.0
16.1,16.11,0.0
16.11,16.12,0.0
16.12,16.13,0.0
16.13,16.14,0.0
16.14,16.15,0.0
16.15,16.16,0.0
16.16,16.17,0.0
16.17,16.18,0.0
16.18,16.19,0.0
16.19,16.2,0.0
16.2,16.21,0.0
16.21,16.22,0.0
16.22,16.23,0.0
16.23,16.24,0.0
16.24,16.25,0.0
16.25,16.26,0.0
16.26,16.27,0.0
16.27,16.28,0.0
16.28,16.29,0.0
16.29,16.3,0.0
16.3,16.31,0.0
16.31,16.32,0.0
16.32,16.33,0.0
16.33,16.34,0.0
16.34,16.35,0.0
16.35,16.36,0.0
16.36,16.37,0.0
16.37,16.38,0.0
16.38,16.39,0.0
16.39,16.4,0.0
16.4,16.41,0.0
16.41,16.42,0.0
16.42,16.43,0.0
16.43,16.44,0.0
16.44,16.45,0.0
16.45,16.46,0.0
16.46,16.47,0.0
16.47,16.48,0.0
16.48,16.49,0.0
16.49,16.5,0.0
16.5,16.51,0.0
16.51,16.52,0.0
16.52,16.53,0.0
16.53,16.54,0.0
16.54,16.55,0.0
16.55,16.56,0.0
16.56,16.57,0.0
16.57,16.58,0.0
16.58,16.59,0.0
16.59,16.6,0.0
16.6,16.61,0.0
16.61,16.62,0.0
16.62,16.63,0.0
16.63,16.64,0.0
16.64,16.65,0.0
16.65,16.66,0.0
16.66,16.67,0.0
16.67,16.68,0.0
16.68,16.69,0.0
16.69,16.7,0.0
16.7,16.71,0.0
16.71,16.72,156.91681957935012
16.72,16.73,150.69866814745757
16.73,16.74,163.39154532410998
16.74,16.75,163.39154532410998
16.75,16.76,163.39154532410998
16.76,16.77,161.5148333600084
16.77,16.78,157.8258294677283
16.78,16.79,154.22108254079407
16.79,16.8,148.96774631227024
16.8,16.81,145.56531828421873
16.81,16.82,143.893358001082
16.82,16.83,145.56531828421873
16.83,16.84,146.40856959456255
16.84,16.85,149.83070768766817
16.85,16.86,155.11447618337345
16.86,16.87,155.11447618337345
16.87,16.88,158.74010519681997
16.88,16.89,156.91681957935012
16.89,16.9,153.33283446696007
16.9,16.91,151.57165665103983
16.91,16.92,148.96774631227024
16.92,16.93,146.40856959456255
16.93,16.94,143.893358001082
16.94,16.95,142.24060181972814
16.95,16.96,142.24060181972814
16.96,16.97,141.4213562373095
16.97,16.98,141.4213562373095
16.98,16.99,141.4213562373095
16.99,17.0,141.4213562373095
17.0,17.01,140.60682916223496
17.01,17.02,138.99182198423372
17.02,17.03,135.034994616819
17.03,17.04,127.45606273192622
17.04,17.05,125.26644386241279
17.05,17.06,133.48398541700342
17.06,17.07,0.0
17.07,17.08,155.11447618337345
17.08,17.09,158.74010519681997
17.09,17.1,162.4504792712471
17.1,17.11,163.39154532410998
17.11,17.12,163.39154532410998
17.12,17.13,163.39154532410998
17.13,17.14,163.39154532410998
17.14,17.15,162.4504792712471
17.15,17.16,158.74010519681997
17.16,17.17,144.7269237440378
17.17,17.18,136.60402567543954
17.18,17.19,0.0
17.19,17.2,0.0
17.2,17.21,0.0
17.21,17.22,0.0
17.22,17.23,0.0
17.23,17.24,0.0
17.24,17.25,0.0
17.25,17.26,149.83070768766817
17.26,17.27,150.69866814745757
17.27,17.28,150.69866814745757
17.28,17.29,148.96774631227024
17.29,17.3,148.96774631227024
17.3,17.31,148.1097552286564
17.31,17.32,145.56531828421873
17.32,17.33,141.4213562373095
17.33,17.34,151.57165665103983
17.34,17.35,160.5845763726753
17.35,17.36,162.4504792712471
17.36,17.37,162.4504792712471
17.37,17.38,162.4504792712471
17.38,17.39,161.5148333600084
17.39,17.4,160.5845763726753
17.4,17.41,157.8258294677283
17.41,17.42,156.0130452026747
17.42,17.43,155.11447618337345
17.43,17.44,150.69866814745757
17.44,17.45,0.0
17.45,17.46,0.0
17.46,17.47,0.0
17.47,17.48,186.60659830736148
17.48,17.49,183.40080864093423
17.49,17.5,187.68759933422865
17.5,17.51,186.60659830736148
17.51,17.52,184.46323871718783
17.52,17.53,183.40080864093423
17.53,17.54,181.29427068562208
17.54,17.55,176.1331747192297
17.55,17.56,170.13343219017113
17.56,17.57,0.0
17.57,17.58,0.0
17.58,17.59,0.0
17.59,17.6,0.0
17.6,17.61,0.0
17.61,17.62,0.0
17.62,17.63,0.0
17.63,17.64,0.0
17.64,17.65,0.0
17.65,17.66,0.0
17.66,17.67,0.0
17.67,17.68,0.0
17.68,17.69,0.0
17.69,17.7,167.2106416577019
17.7,17.71,156.0130452026747
17.71,17.72,155.11447618337345
17.72,17.73,155.11447618337345
17.73,17.74,152.4497023255762
17.74,17.75,144.7269237440378
17.75,17.76,0.0
17.76,17.77,0.0
17.77,17.78,0.0
17.78,17.79,0.0
17.79,17.8,0.0
17.8,17.81,155.11447618337345
17.81,17.82,152.4497023255762
17.82,17.83,148.96774631227024
17.83,17.84,146.40856959456255
17.84,17.85,142.24060181972814
17.85,17.86,135.81724438273213
17.86,17.87,131.9507910772894
17.87,17.88,128.9370308439579
17.88,17.89,125.26644386241279
17.89,17.9,123.82763603774404
17.9,17.91,124.5449622358823
17.91,17.92,127.45606273192622
17.92,17.93,131.19081044374488
17.93,17.94,134.25725027802636
17.94,17.95,137.3953647458089
17.95,17.96,140.60682916223496
17.96,17.97,142.24060181972814
17.97,17.98,143.893358001082
17.98,17.99,146.40856959456255
17.99,18.0,148.1097552286564
18.0,18.01,150.69866814745757
18.01,18.02,150.69866814745757
18.02,18.03,150.69866814745757
18.03,18.04,150.69866814745757
18.04,18.05,149.83070768766817
18.05,18.06,149.83070768766817
18.06,18.07,149.83070768766817
18.07,18.08,145.56531828421873
18.08,18.09,131.19081044374488
18.09,18.1,131.9507910772894
18.1,18.11,129.68395546510095
18.11,18.12,127.45606273192622
18.12,18.13,125.99210498948732
18.13,18.14,132.71517423385683
18.14,18.15,138.1912879967776
18.15,18.16,144.7269237440378
18.16,18.17,0.0
18.17,18.18,0.0
18.18,18.19,0.0
18.19,18.2,0.0
18.2,18.21,0.0
18.21,18.22,0.0
18.22,18.23,0.0
18.23,18.24,0.0
18.24,18.25,0.0
18.25,18.26,0.0
18.26,18.27,0.0
18.27,18.28,0.0
18.28,18.29,0.0
18.29,18.3,0.0
18.3,18.31,0.0
18.31,18.32,0.0
18.32,18.33,0.0
18.33,18.34,0.0
18.34,18.35,0.0
18.35,18.36,0.0
18.36,18.37,0.0
18.37,18.38,0.0
18.38,18.39,0.0
18.39,18.4,0.0
18.4,18.41,0.0
18.41,18.42,0.0
18.42,18.43,0.0
18.43,18.44,0.0
18.44,18.45,0.0
18.45,18.46,0.0
18.46,18.47,0.0
18.47,18.48,0.0
18.48,18.49,0.0
18.49,18.5,0.0
18.5,18.51,0.0
18.51,18.52,0.0
18.52,18.53,0.0
18.53,18.54,0.0
18.54,18.55,0.0
18.55,18.56,0.0
18.56,18.57,0.0
18.57,18.58,0.0
18.58,18.59,0.0
18.59,18.6,0.0
18.6,18.61,0.0
18.61,18.62,0.0
18.62,18.63,0.0
18.63,18.64,0.0
18.64,18.65,0.0
18.65,18.66,0.0
18.66,18.67,0.0
18.67,18.68,0.0
18.68,18.69,0.0
18.69,18.7,0.0
18.7,18.71,0.0
18.71,18.72,0.0
18.72,18.73,0.0
18.73,18.74,0.0
18.74,18.75,0.0
18.75,18.76,0.0
18.76,18.77,0.0
18.77,18.78,0.0
18.78,18.79,0.0
18.79,18.8,0.0
18.8,18.81,0.0
18.81,18.82,0.0
18.82,18.83,0.0
18.83,18.84,0.0
18.84,18.85,0.0
18.85,18.86,0.0
18.86,18.87,0.0
18.87,18.88,0.0
18.88,18.89,0.0
18.89,18.9,0.0
18.9,18.91,0.0
18.91,18.92,0.0
18.92,18.93,0.0
18.93,18.94,0.0
18.94,18.95,0.0
18.95,18.96,0.0
18.96,18.97,0.0
18.97,18.98,0.0
18.98,18.99,0.0
18.99,19.0,0.0
19.0,19.01,0.0
19.01,19.02,0.0
19.02,19.03,0.0
19.03,19.04,0.0
19.04,19.05,0.0
19.05,19.06,0.0
19.06,19.07,0.0
19.07,19.08,0.0
19.08,19.09,0.0
19.09,19.1,0.0
19.1,19.11,0.0
19.11,19.12,0.0
19.12,19.13,0.0
19.13,19.14,0.0
19.14,19.15,0.0
19.15,19.16,0.0
19.16,19.17,0.0
19.17,19.18,0.0
19.18,19.19,0.0
19.19,19.2,0.0
19.2,19.21,0.0
19.21,19.22,0.0
19.22,19.23,0.0
19.23,19.24,0.0
19.24,19.25,0.0
19.25,19.26,0.0
19.26,19.27,0.0
19.27,19.28,0.0
19.28,19.29,0.0
19.29,19.3,0.0
19.3,19.31,0.0
19.31,19.32,0.0
19.32,19.33,0.0
19.33,19.34,0.0
19.34,19.35,0.0
19.35,19.36,0.0
19.36,19.37,0.0
19.37,19.38,0.0
19.38,19.39,0.0
19.39,19.4,0.0
19.4,19.41,0.0
19.41,19.42,0.0
19.42,19.43,0.0
19.43,19.44,0.0
19.44,19.45,0.0
19.45,19.46,0.0
19.46,19.47,0.0
19.47,19.48,0.0
19.48,19.49,0.0
19.49,19.5,0.0
19.5,19.51,0.0
19.51,19.52,0.0
19.52,19.53,0.0
19.53,19.54,0.0
19.54,19.55,0.0
19.55,19.56,0.0
19.56,19.57,0.0
19.57,19.58,0.0
19.58,19.59,0.0
19.59,19.6,0.0
19.6,19.61,0.0
19.61,19.62,0.0
19.62,19.63,0.0
19.63,19.64,0.0
19.64,19.65,0.0
19.65,19.66,0.0
19.66,19.67,0.0
19.67,19.68,0.0
19.68,19.69,0.0
19.69,19.7,0.0
19.7,19.71,0.0
19.71,19.72,0.0
19.72,19.73,0.0
19.73,19.74,0.0
19.74,19.75,0.0
19.75,19.76,0.0
19.76,19.77,0.0
19.77,19.78,0.0
19.78,19.79,0.0
19.79,19.8,0.0
19.8,19.81,0.0
19.81,19.82,0.0
19.82,19.83,0.0
19.83,19.84,0.0
19.84,19.85,0.0
19.85,19.86,0.0
19.86,19.87,0.0
19.87,19.88,0.0
19.88,19.89,0.0
19.89,19.9,0.0
19.9,19.91,0.0
19.91,19.92,0.0
19.92,19.93,0.0
19.93,19.94,0.0
19.94,19.95,0.0
19.95,19.96,0.0
19.96,19.97,0.0
19.97,19.98,0.0
19.98,19.99,0.0
19.99,20.0,0.0
20.0,20.01,0.0
20.01,20.02,0.0
20.02,20.03,0.0
20.03,20.04,0.0
20.04,20.05,0.0
20.05,20.06,0.0
20.06,20.07,0.0
20.07,20.08,0.0
20.08,20.09,0.0
20.09,20.1,0.0
20.1,20.11,0.0
20.11,20.12,0.0
20.12,20.13,0.0
20.13,20.14,0.0
20.14,20.15,0.0
20.15,20.16,0.0
20.16,20.17,0.0
20.17,20.18,0.0
20.18,20.19,0.0
20.19,20.2,0.0
20.2,20.21,0.0
20.21,20.22,0.0
20.22,20.23,0.0
20.23,20.24,0.0
20.24,20.25,0.0
20.25,20.26,0.0
20.26,20.27,0.0
20.27,20.28,0.0
20.28,20.29,0.0
20.29,20.3,0.0
20.3,20.31,0.0
20.31,20.32,0.0
20.32,20.33,0.0
20.33,20.34,0.0
20.34,20.35,0.0
20.35,20.36,0.0
20.36,20.37,0.0
20.37,20.38,0.0
20.38,20.39,0.0
20.39,20.4,0.0
20.4,20.41,0.0
20.41,20.42,0.0
20.42,20.43,0.0
20.43,20.44,0.0
20.44,20.45,0.0
20.45,20.46,0.0
20.46,20.47,0.0
20.47,20.48,0.0
20.48,20.49,0.0
20.49,20.5,0.0
20.5,20.51,0.0
20.51,20.52,0.0
20.52,20.53,0.0
20.53,20.54,0.0
20.54,20.55,0.0
20.55,20.56,0.0
20.56,20.57,0.0
20.57,20.58,0.0
20.58,20.59,0.0
20.59,20.6,0.0
20.6,20.61,0.0
20.61,20.62,0.0
20.62,20.63,0.0
20.63,20.64,0.0
20.64,20.65,0.0
20.65,20.66,0.0
20.66,20.67,0.0
20.67,20.68,0.0
20.68,20.69,0.0
20.69,20.7,0.0
20.7,20.71,0.0
20.71,20.72,0.0
20.72,20.73,0.0
20.73,20.74,0.0
20.74,20.75,0.0
20.75,20.76,0.0
20.76,20.77,0.0
20.77,20.78,0.0
20.78,20.79,0.0
20.79,20.8,0.0
20.8,20.81,0.0
20.81,20.82,0.0
20.82,20.83,0.0
20.83,20.84,0.0
20.84,20.85,0.0
20.85,20.86,0.0
20.86,20.87,0.0
20.87,20.88,0.0
20.88,20.89,0.0
20.89,20.9,0.0
20.9,20.91,0.0
20.91,20.92,0.0
20.92,20.93,0.0
20.93,20.94,0.0
20.94,20.95,0.0
20.95,20.96,0.0
20.96,20.97,0.0
20.97,20.98,0.0
20.98,20.99,0.0
20.99,21.0,0.0
21.0,21.01,0.0
21.01,21.02,0.0
21.02,21.03,0.0
21.03,21.04,0.0
21.04,21.05,0.0
21.05,21.06,0.0
21.06,21.07,0.0
21.07,21.08,0.0
21.08,21.09,0.0
21.09,21.1,0.0
21.1,21.11,0.0
21.11,21.12,0.0
21.12,21.13,0.0
21.13,21.14,0.0
21.14,21.15,0.0
21.15,21.16,0.0
21.16,21.17,0.0
21.17,21.18,0.0
21.18,21.19,0.0
21.19,21.2,0.0
21.2,21.21,0.0
21.21,21.22,0.0
21.22,21.23,260.87041395311286
21.23,21.24,262.38162088748976
21.24,21.25,262.38162088748976
21.25,21.26,257.8740616879158
21.26,21.27,256.3888163841458
21.27,21.28,254.91212546385245
21.28,21.29,249.08992447176465
21.29,21.3,249.08992447176465
21.3,21.31,0.0
21.31,21.32,0.0
21.32,21.33,0.0
21.33,21.34,0.0
21.34,21.35,0.0
21.35,21.36,0.0
21.36,21.37,0.0
21.37,21.38,0.0
21.38,21.39,0.0
21.39,21.4,0.0
21.4,21.41,0.0
21.41,21.42,247.65527207548806
21.42,21.43,229.73967099940702
21.43,21.44,223.1994285260446
21.44,21.45,220.63576443274928
21.45,21.46,218.10154653305153
21.46,21.47,215.59643660857103
21.47,21.48,211.89261887185907
21.48,21.49,210.67220719096719
21.49,21.5,210.67220719096719
21.5,21.51,210.67220719096719
21.51,21.52,211.89261887185907
21.52,21.53,210.67220719096719
21.53,21.54,210.67220719096719
21.54,21.55,209.4588245641254
21.55,21.56,207.05298476827548
21.56,21.57,205.86044732869837
21.57,21.58,204.67477839935495
21.58,21.59,203.49593842053727
21.59,21.6,202.3238880603845
21.6,21.61,200.0
21.61,21.62,198.8480847635095
21.62,21.63,197.70280407057922
21.63,21.64,196.56411970905023
21.64,21.65,195.43199368684918
21.65,21.66,195.43199368684918
21.66,21.67,194.30638823072118
21.67,21.68,193.1872657849691
21.68,21.69,190.9683207820833
21.69,21.7,188.7748625363387
21.7,21.71,186.60659830736148
21.71,21.72,184.46323871718783
21.72,21.73,182.34449771164336
21.73,21.74,179.21192838239048
21.74,21.75,178.17974362806785
21.75,21.76,177.1535038204721
21.76,21.77,177.1535038204721
21.77,21.78,177.1535038204721
21.78,21.79,177.1535038204721
21.79,21.8,175.11872228117704
21.8,21.81,173.1073122012286
21.81,21.82,171.11900513652043
21.82,21.83,170.13343219017113
21.83,21.84,169.1535357262897
21.84,21.85,169.1535357262897
21.85,21.86,168.1792830507429
21.86,21.87,168.1792830507429
21.87,21.88,168.1792830507429
21.88,21.89,168.1792830507429
21.89,21.9,168.1792830507429
21.9,21.91,170.13343219017113
21.91,21.92,170.13343219017113
21.92,21.93,171.11900513652043
21.93,21.94,167.2106416577019
21.94,21.95,167.2106416577019
21.95,21.96,166.24757922855756
21.96,21.97,165.29006363084235
21.97,21.98,164.33806291715806
21.98,21.99,162.4504792712471
21.99,22.0,160.5845763726753
22.0,22.01,159.65967727133
22.01,22.02,158.74010519681997
22.02,22.03,157.8258294677283
22.03,22.04,156.0130452026747
22.04,22.05,156.0130452026747
22.05,22.06,156.0130452026747
22.06,22.07,156.0130452026747
22.07,22.08,156.91681957935012
22.08,22.09,156.0130452026747
22.09,22.1,155.11447618337345
22.1,22.11,155.11447618337345
22.11,22.12,154.22108254079407
22.12,22.13,154.22108254079407
22.13,22.14,154.22108254079407
22.14,22.15,154.22108254079407
22.15,22.16,153.33283446696007
22.16,22.17,153.33283446696007
22.17,22.18,152.4497023255762
22.18,22.19,151.57165665103983
22.19,22.2,151.57165665103983
22.2,22.21,150.69866814745757
22.21,22.22,150.69866814745757
22.22,22.23,149.83070768766817
22.23,22.24,147.25670581005258
22.24,22.25,144.7269237440378
22.25,22.26,140.60682916223496
22.26,22.27,139.79699341790194
22.27,22.28,154.22108254079407
22.28,22.29,154.22108254079407
22.29,22.3,148.96774631227024
22.3,22.31,0.0
22.31,22.32,0.0
22.32,22.33,0.0
22.33,22.34,0.0
22.34,22.35,0.0
22.35,22.36,167.2106416577019
22.36,22.37,166.24757922855756
22.37,22.38,165.29006363084235
22.38,22.39,164.33806291715806
22.39,22.4,164.33806291715806
22.4,22.41,163.39154532410998
22.41,22.42,163.39154532410998
22.42,22.43,164.33806291715806
22.43,22.44,165.29006363084235
22.44,22.45,167.2106416577019
22.45,22.46,163.39154532410998
22.46,22.47,159.65967727133
22.47,22.48,157.8258294677283
22.48,22.49,152.4497023255762
22.49,22.5,148.96774631227024
22.5,22.51,145.56531828421873
22.51,22.52,159.65967727133
22.52,22.53,167.2106416577019
22.53,22.54,169.1535357262897
22.54,22.55,168.1792830507429
22.55,22.56,168.1792830507429
22.56,22.57,168.1792830507429
22.57,22.58,167.2106416577019
22.58,22.59,166.24757922855756
22.59,22.6,166.24757922855756
22.6,22.61,161.5148333600084
22.61,22.62,163.39154532410998
22.62,22.63,168.1792830507429
22.63,22.64,175.11872228117704
22.64,22.65,181.29427068562208
22.65,22.66,185.5318233882619
22.66,22.67,187.68759933422865
22.67,22.68,188.7748625363387
22.68,22.69,188.7748625363387
22.69,22.7,188.7748625363387
22.7,22.71,188.7748625363387
22.71,22.72,186.60659830736148
22.72,22.73,180.25009252216606
22.73,22.74,0.0
22.74,22.75,0.0
22.75,22.76,0.0
22.76,22.77,0.0
22.77,22.78,0.0
22.78,22.79,0.0
22.79,22.8,0.0
22.8,22.81,0.0
22.81,22.82,0.0
22.82,22.83,0.0
22.83,22.84,224.49240966187455
22.84,22.85,223.1994285260446
22.85,22.86,223.1994285260446
22.86,22.87,221.91389441356898
22.87,22.88,220.63576443274928
22.88,22.89,220.63576443274928
22.89,22.9,219.36499593892518
22.9,22.91,216.8453740602837
22.91,22.92,214.35469250725862
22.92,22.93,208.25243050696125
22.93,22.94,192.07458901020084
22.94,22.95,174.11011265922482
22.95,22.96,174.11011265922482
22.96,22.97,0.0
22.97,22.98,0.0
22.98,22.99,0.0
22.99,23.0,0.0
23.0,23.01,0.0
23.01,23.02,0.0
23.02,23.03,0.0
23.03,23.04,0.0
23.04,23.05,0.0
23.05,23.06,144.7269237440378
23.06,23.07,149.83070768766817
23.07,23.08,155.11447618337345
23.08,23.09,159.65967727133
23.09,23.1,164.33806291715806
23.1,23.11,170.13343219017113
23.11,23.12,175.11872228117704
23.12,23.13,178.17974362806785
23.13,23.14,182.34449771164336
23.14,23.15,185.5318233882619
23.15,23.16,187.68759933422865
23.16,23.17,188.7748625363387
23.17,23.18,188.7748625363387
23.18,23.19,187.68759933422865
23.19,23.2,186.60659830736148
23.2,23.21,181.29427068562208
23.21,23.22,184.46323871718783
23.22,23.23,186.60659830736148
23.23,23.24,186.60659830736148
23.24,23.25,185.5318233882619
23.25,23.26,187.68759933422865
23.26,23.27,0.0
23.27,23.28,0.0
23.28,23.29,184.46323871718783
23.29,23.3,175.11872228117704
23.3,23.31,174.11011265922482
23.31,23.32,173.1073122012286
23.32,23.33,172.11028744886602
23.33,23.34,171.11900513652043
23.34,23.35,168.1792830507429
23.35,23.36,165.29006363084235
23.36,23.37,163.39154532410998
23.37,23.38,161.5148333600084
23.38,23.39,159.65967727133
23.39,23.4,157.8258294677283
23.4,23.41,155.11447618337345
23.41,23.42,152.4497023255762
23.42,23.43,147.25670581005258
23.43,23.44,143.06459324352582
23.44,23.45,135.034994616819
23.45,23.46,0.0
23.46,23.47,0.0
23.47,23.48,0.0
23.48,23.49,0.0
23.49,23.5,0.0
23.5,23.51,0.0
23.51,23.52,155.11447618337345
23.52,23.53,152.4497023255762
23.53,23.54,153.33283446696007
23.54,23.55,152.4497023255762
23.55,23.56,152.4497023255762
23.56,23.57,152.4497023255762
23.57,23.58,149.83070768766817
23.58,23.59,146.40856959456255
23.59,23.6,132.71517423385683
23.6,23.61,133.48398541700342
23.61,23.62,137.3953647458089
23.62,23.63,138.99182198423372
23.63,23.64,138.99182198423372
23.64,23.65,135.81724438273213
23.65,23.66,0.0
23.66,23.67,0.0
23.67,23.68,0.0
23.68,23.69,147.25670581005258
23.69,23.7,147.25670581005258
23.7,23.71,146.40856959456255
23.71,23.72,146.40856959456255
23.72,23.73,145.56531828421873
23.73,23.74,143.893358001082
23.74,23.75,143.893358001082
23.75,23.76,139.79699341790194
23.76,23.77,131.9507910772894
23.77,23.78,0.0
23.78,23.79,0.0
23.79,23.8,0.0
23.8,23.81,0.0
23.81,23.82,150.69866814745757
23.82,23.83,152.4497023255762
23.83,23.84,150.69866814745757
23.84,23.85,153.33283446696007
23.85,23.86,156.91681957935012
23.86,23.87,162.4504792712471
23.87,23.88,164.33806291715806
23.88,23.89,166.24757922855756
23.89,23.9,167.2106416577019
23.9,23.91,168.1792830507429
23.91,23.92,168.1792830507429
23.92,23.93,166.24757922855756
23.93,23.94,166.24757922855756
23.94,23.95,164.33806291715806
23.95,23.96,165.29006363084235
23.96,23.97,159.65967727133
23.97,23.98,155.11447618337345
23.98,23.99,147.25670581005258
23.99,24.0,0.0
24.0,24.01,0.0
24.01,24.02,0.0
24.02,24.03,0.0
24.03,24.04,0.0
24.04,24.05,0.0
24.05,24.06,118.23577860271482
24.06,24.07,119.60961217374037
24.07,24.08,118.9207115002721
24.08,24.09,118.23577860271482
24.09,24.1,118.23577860271482
24.1,24.11,117.55479062836088
24.11,24.12,116.87772485612456
24.12,24.13,0.0
24.13,24.14,0.0
24.14,24.15,0.0
24.15,24.16,0.0
24.16,24.17,0.0
24.17,24.18,154.22108254079407
24.18,24.19,148.1097552286564
24.19,24.2,147.25670581005258
24.2,24.21,147.25670581005258
24.21,24.22,148.1097552286564
24.22,24.23,149.83070768766817
24.23,24.24,150.69866814745757
24.24,24.25,152.4497023255762
24.25,24.26,153.33283446696007
24.26,24.27,155.11447618337345
24.27,24.28,156.91681957935012
24.28,24.29,156.91681957935012
24.29,24.3,156.91681957935012
24.3,24.31,156.91681957935012
24.31,24.32,157.8258294677283
24.32,24.33,160.5845763726753
24.33,24.34,163.39154532410998
24.34,24.35,166.24757922855756
24.35,24.36,169.1535357262897
24.36,24.37,170.13343219017113
24.37,24.38,171.11900513652043
24.38,24.39,170.13343219017113
24.39,24.4,169.1535357262897
24.4,24.41,169.1535357262897
24.41,24.42,165.29006363084235
24.42,24.43,162.4504792712471
24.43,24.44,159.65967727133
24.44,24.45,156.0130452026747
24.45,24.46,154.22108254079407
24.46,24.47,151.57165665103983
24.47,24.48,148.96774631227024
24.48,24.49,147.25670581005258
24.49,24.5,146.40856959456255
24.5,24.51,144.7269237440378
24.51,24.52,143.06459324352582
24.52,24.53,142.24060181972814
24.53,24.54,141.4213562373095
24.54,24.55,140.60682916223496
24.55,24.56,138.1912879967776
24.56,24.57,136.60402567543954
24.57,24.58,135.81724438273213
24.58,24.59,134.25725027802636
24.59,24.6,133.48398541700342
24.6,24.61,134.25725027802636
24.61,24.62,135.81724438273213
24.62,24.63,137.3953647458089
24.63,24.64,138.99182198423372
24.64,24.65,138.99182198423372
24.65,24.66,138.99182198423372
24.66,24.67,138.1912879967776
24.67,24.68,138.1912879967776
24.68,24.69,138.1912879967776
24.69,24.7,136.60402567543954
24.7,24.71,135.81724438273213
24.71,24.72,135.81724438273213
24.72,24.73,133.48398541700342
24.73,24.74,132.71517423385683
24.74,24.75,131.9507910772894
24.75,24.76,131.19081044374488
24.76,24.77,129.68395546510095
24.77,24.78,128.1944081920729
24.78,24.79,128.1944081920729
24.79,24.8,127.45606273192622
24.8,24.81,128.1944081920729
24.81,24.82,129.68395546510095
24.82,24.83,129.68395546510095
24.83,24.84,131.19081044374488
24.84,24.85,131.9507910772894
24.85,24.86,133.48398541700342
24.86,24.87,133.48398541700342
24.87,24.88,133.48398541700342
24.88,24.89,128.9370308439579
24.89,24.9,0.0
24.9,24.91,0.0
24.91,24.92,0.0
24.92,24.93,0.0
24.93,24.94,0.0
24.94,24.95,0.0
24.95,24.96,0.0
24.96,24.97,0.0
24.97,24.98,0.0
24.98,24.99,0.0
24.99,25.0,0.0
25.0,25.01,0.0
25.01,25.02,0.0
25.02,25.03,0.0
25.03,25.04,0.0
25.04,25.05,0.0
25.05,25.06,0.0
25.06,25.07,0.0
25.07,25.08,0.0
25.08,25.09,0.0
25.09,25.1,0.0
25.1,25.11,0.0
25.11,25.12,0.0
25.12,25.13,0.0
25.13,25.14,0.0
25.14,25.15,0.0
25.15,25.16,0.0
25.16,25.17,0.0
25.17,25.18,0.0
25.18,25.19,0.0
25.19,25.2,0.0
25.2,25.21,0.0
25.21,25.22,0.0
25.22,25.23,0.0
25.23,25.24,0.0
25.24,25.25,0.0
25.25,25.26,0.0
25.26,25.27,0.0
25.27,25.28,50.0
25.28,25.29,50.0
25.29,25.3,50.0
25.3,25.31,50.0
25.31,25.32,50.0
25.32,25.33,50.0
25.33,25.34,50.0
25.34,25.35,0.0
25.35,25.36,0.0
25.36,25.37,0.0
25.37,25.38,0.0
25.38,25.39,0.0
25.39,25.4,0.0
25.4,25.41,0.0
25.41,25.42,0.0
25.42,25.43,0.0
25.43,25.44,0.0
25.44,25.45,0.0
25.45,25.46,0.0
25.46,25.47,0.0
25.47,25.48,0.0
25.48,25.49,0.0
25.49,25.5,0.0
25.5,25.51,0.0
25.51,25.52,0.0
25.52,25.53,0.0
25.53,25.54,0.0
25.54,25.55,0.0
25.55,25.56,0.0
25.56,25.57,0.0
25.57,25.58,0.0
25.58,25.59,0.0
25.59,25.6,0.0
25.6,25.61,0.0
25.61,25.62,0.0
25.62,25.63,0.0
25.63,25.64,0.0
25.64,25.65,0.0
25.65,25.66,0.0
25.66,25.67,0.0
25.67,25.68,0.0
25.68,25.69,149.83070768766817
25.69,25.7,159.65967727133
25.7,25.71,156.0130452026747
25.71,25.72,156.0130452026747
25.72,25.73,156.91681957935012
25.73,25.74,156.91681957935012
25.74,25.75,156.0130452026747
25.75,25.76,155.11447618337345
25.76,25.77,152.4497023255762
25.77,25.78,149.83070768766817
25.78,25.79,148.96774631227024
25.79,25.8,148.96774631227024
25.8,25.81,148.96774631227024
25.81,25.82,149.83070768766817
25.82,25.83,148.96774631227024
25.83,25.84,147.25670581005258
25.84,25.85,141.4213562373095
25.85,25.86,128.9370308439579
25.86,25.87,0.0
25.87,25.88,0.0
25.88,25.89,0.0
25.89,25.9,0.0
25.9,25.91,0.0
25.91,25.92,0.0
25.92,25.93,0.0
25.93,25.94,150.69866814745757
25.94,25.95,142.24060181972814
25.95,25.96,141.4213562373095
25.96,25.97,138.1912879967776
25.97,25.98,137.3953647458089
25.98,25.99,135.034994616819
25.99,26.0,131.19081044374488
26.0,26.01,128.9370308439579
26.01,26.02,124.5449622358823
26.02,26.03,125.99210498948732
26.03,26.04,126.72196982870621
26.04,26.05,121.7003513670591
26.05,26.06,117.55479062836088
26.06,26.07,114.20823393107715
26.07,26.08,115.5352696872273
26.08,26.09,0.0
26.09,26.1,0.0
26.1,26.11,0.0
26.11,26.12,0.0
26.12,26.13,0.0
26.13,26.14,0.0
26.14,26.15,0.0
26.15,26.16,0.0
26.16,26.17,0.0
26.17,26.18,0.0
26.18,26.19,0.0
26.19,26.2,0.0
26.2,26.21,0.0
26.21,26.22,0.0
26.22,26.23,0.0
26.23,26.24,0.0
26.24,26.25,0.0
26.25,26.26,0.0
26.26,26.27,0.0
26.27,26.28,0.0
26.28,26.29,0.0
26.29,26.3,0.0
26.3,26.31,0.0
26.31,26.32,0.0
26.32,26.33,0.0
26.33,26.34,0.0
26.34,26.35,0.0
26.35,26.36,0.0
26.36,26.37,0.0
26.37,26.38,0.0
26.38,26.39,0.0
26.39,26.4,0.0
26.4,26.41,0.0
26.41,26.42,0.0
26.42,26.43,0.0
26.43,26.44,0.0
26.44,26.45,0.0
26.45,26.46,0.0
26.46,26.47,0.0
26.47,26.48,0.0
26.48,26.49,133.48398541700342
26.49,26.5,131.9507910772894
26.5,26.51,132.71517423385683
26.51,26.52,127.45606273192622
26.52,26.53,128.1944081920729
26.53,26.54,129.68395546510095
26.54,26.55,128.9370308439579
26.55,26.56,129.68395546510095
26.56,26.57,129.68395546510095
26.57,26.58,128.1944081920729
26.58,26.59,131.19081044374488
26.59,26.6,128.9370308439579
26.6,26.61,0.0
26.61,26.62,0.0
26.62,26.63,0.0
26.63,26.64,0.0
26.64,26.65,0.0
26.65,26.66,120.30250360821167
26.66,26.67,128.1944081920729
26.67,26.68,129.68395546510095
26.68,26.69,116.87772485612456
26.69,26.7,125.99210498948732
26.7,26.71,129.68395546510095
26.71,26.72,131.19081044374488
26.72,26.73,133.48398541700342
26.73,26.74,137.3953647458089
26.74,26.75,141.4213562373095
26.75,26.76,146.40856959456255
26.76,26.77,148.1097552286564
26.77,26.78,152.4497023255762
26.78,26.79,152.4497023255762
26.79,26.8,152.4497023255762
26.8,26.81,0.0
26.81,26.82,0.0
26.82,26.83,0.0
26.83,26.84,0.0
26.84,26.85,0.0
26.85,26.86,128.1944081920729
26.86,26.87,128.1944081920729
26.87,26.88,125.26644386241279
26.88,26.89,128.9370308439579
26.89,26.9,129.68395546510095
26.9,26.91,127.45606273192622
26.91,26.92,125.26644386241279
26.92,26.93,122.40535433046553
26.93,26.94,114.86983549970348
26.94,26.95,0.0
26.95,26.96,0.0
26.96,26.97,0.0
26.97,26.98,0.0
26.98,26.99,0.0
26.99,27.0,0.0
27.0,27.01,0.0
27.01,27.02,0.0
27.02,27.03,0.0
27.03,27.04,0.0
27.04,27.05,0.0
27.05,27.06,0.0
27.06,27.07,125.99210498948732
27.07,27.08,136.60402567543954
27.08,27.09,135.034994616819
27.09,27.1,132.71517423385683
27.1,27.11,136.60402567543954
27.11,27.12,137.3953647458089
27.12,27.13,136.60402567543954
27.13,27.14,135.81724438273213
27.14,27.15,133.48398541700342
27.15,27.16,131.19081044374488
27.16,27.17,128.9370308439579
27.17,27.18,0.0
27.18,27.19,0.0
27.19,27.2,0.0
27.2,27.21,0.0
27.21,27.22,131.19081044374488
27.22,27.23,131.19081044374488
27.23,27.24,131.19081044374488
27.24,27.25,131.9507910772894
27.25,27.26,138.99182198423372
27.26,27.27,140.60682916223496
27.27,27.28,139.79699341790194
27.28,27.29,138.99182198423372
27.29,27.3,141.4213562373095
27.3,27.31,145.56531828421873
27.31,27.32,145.56531828421873
27.32,27.33,141.4213562373095
27.33,27.34,141.4213562373095
27.34,27.35,140.60682916223496
27.35,27.36,138.1912879967776
27.36,27.37,0.0
27.37,27.38,0.0
27.38,27.39,149.83070768766817
27.39,27.4,150.69866814745757
27.4,27.41,148.1097552286564
27.41,27.42,146.40856959456255
27.42,27.43,144.7269237440378
27.43,27.44,140.60682916223496
27.44,27.45,135.81724438273213
27.45,27.46,127.45606273192622
27.46,27.47,0.0
27.47,27.48,0.0
27.48,27.49,0.0
27.49,27.5,0.0
27.5,27.51,0.0
27.51,27.52,0.0
27.52,27.53,0.0
27.53,27.54,0.0
27.54,27.55,0.0
27.55,27.56,0.0
27.56,27.57,0.0
27.57,27.58,0.0
27.58,27.59,0.0
27.59,27.6,0.0
27.6,27.61,0.0
27.61,27.62,0.0
27.62,27.63,0.0
27.63,27.64,0.0
27.64,27.65,0.0
27.65,27.66,0.0
27.66,27.67,0.0
27.67,27.68,0.0
27.68,27.69,0.0
27.69,27.7,0.0
27.7,27.71,0.0
27.71,27.72,0.0
27.72,27.73,50.0
27.73,27.74,50.0
27.74,27.75,50.0
27.75,27.76,50.0
27.76,27.77,50.0
27.77,27.78,50.0
27.78,27.79,50.0
27.79,27.8,50.0
27.8,27.81,0.0
27.81,27.82,0.0
27.82,27.83,0.0
27.83,27.84,0.0
27.84,27.85,0.0
27.85,27.86,0.0
27.86,27.87,0.0
27.87,27.88,0.0
27.88,27.89,0.0
27.89,27.9,0.0
27.9,27.91,0.0
27.91,27.92,0.0
27.92,27.93,0.0
27.93,27.94,0.0
27.94,27.95,0.0
27.95,27.96,0.0
27.96,27.97,0.0
27.97,27.98,0.0
27.98,27.99,0.0
27.99,28.0,0.0
28.0,28.01,0.0
28.01,28.02,0.0
28.02,28.03,0.0
28.03,28.04,0.0
28.04,28.05,0.0
28.05,28.06,0.0
28.06,28.07,0.0
28.07,28.08,0.0
28.08,28.09,0.0
28.09,28.1,0.0
28.1,28.11,0.0
28.11,28.12,0.0
28.12,28.13,0.0
28.13,28.14,0.0
28.14,28.15,0.0
28.15,28.16,0.0
28.16,28.17,0.0
28.17,28.18,0.0
28.18,28.19,0.0
28.19,28.2,0.0
28.2,28.21,0.0
28.21,28.22,0.0
28.22,28.23,0.0
28.23,28.24,0.0
28.24,28.25,0.0
28.25,28.26,0.0
28.26,28.27,0.0
28.27,28.28,0.0
28.28,28.29,0.0
28.29,28.3,0.0
28.3,28.31,0.0
28.31,28.32,0.0
28.32,28.33,0.0
28.33,28.34,0.0
28.34,28.35,0.0
28.35,28.36,0.0
28.36,28.37,0.0
28.37,28.38,0.0
28.38,28.39,0.0
28.39,28.4,164.33806291715806
28.4,28.41,167.2106416577019
28.41,28.42,165.29006363084235
28.42,28.43,163.39154532410998
28.43,28.44,160.5845763726753
28.44,28.45,157.8258294677283
28.45,28.46,154.22108254079407
28.46,28.47,151.57165665103983
28.47,28.48,148.1097552286564
28.48,28.49,143.06459324352582
28.49,28.5,139.79699341790194
28.5,28.51,136.60402567543954
28.51,28.52,130.43520697655643
28.52,28.53,0.0
28.53,28.54,0.0
28.54,28.55,0.0
28.55,28.56,0.0
28.56,28.57,0.0
28.57,28.58,0.0
28.58,28.59,0.0
28.59,28.6,0.0
28.6,28.61,149.83070768766817
28.61,28.62,149.83070768766817
28.62,28.63,137.3953647458089
28.63,28.64,133.48398541700342
28.64,28.65,131.9507910772894
28.65,28.66,130.43520697655643
28.66,28.67,127.45606273192622
28.67,28.68,126.72196982870621
28.68,28.69,127.45606273192622
28.69,28.7,126.72196982870621
28.7,28.71,126.72196982870621
28.71,28.72,130.43520697655643
28.72,28.73,132.71517423385683
28.73,28.74,134.25725027802636
28.74,28.75,132.71517423385683
28.75,28.76,132.71517423385683
28.76,28.77,131.19081044374488
28.77,28.78,131.19081044374488
28.78,28.79,131.19081044374488
28.79,28.8,131.19081044374488
28.8,28.81,130.43520697655643
28.81,28.82,129.68395546510095
28.82,28.83,129.68395546510095
28.83,28.84,129.68395546510095
28.84,28.85,129.68395546510095
28.85,28.86,130.43520697655643
28.86,28.87,131.19081044374488
28.87,28.88,137.3953647458089
28.88,28.89,141.4213562373095
28.89,28.9,143.893358001082
28.9,28.91,145.56531828421873
28.91,28.92,145.56531828421873
28.92,28.93,143.893358001082
28.93,28.94,140.60682916223496
28.94,28.95,138.1912879967776
28.95,28.96,131.9507910772894
28.96,28.97,131.19081044374488
28.97,28.98,125.99210498948732
28.98,28.99,124.5449622358823
28.99,29.0,128.1944081920729
29.0,29.01,0.0
29.01,29.02,0.0
29.02,29.03,0.0
29.03,29.04,0.0
29.04,29.05,0.0
29.05,29.06,0.0
29.06,29.07,0.0
29.07,29.08,0.0
29.08,29.09,0.0
29.09,29.1,0.0
29.1,29.11,0.0
29.11,29.12,0.0
29.12,29.13,0.0
29.13,29.14,0.0
29.14,29.15,0.0
29.15,29.16,0.0
29.16,29.17,0.0
29.17,29.18,0.0
29.18,29.19,0.0
29.19,29.2,0.0
29.2,29.21,0.0
29.21,29.22,0.0
29.22,29.23,0.0
29.23,29.24,0.0
29.24,29.25,0.0
29.25,29.26,0.0
29.26,29.27,0.0
29.27,29.28,0.0
29.28,29.29,0.0
29.29,29.3,0.0
29.3,29.31,0.0
29.31,29.32,0.0
29.32,29.33,0.0
29.33,29.34,0.0
29.34,29.35,0.0
29.35,29.36,0.0
29.36,29.37,0.0
29.37,29.38,0.0
29.38,29.39,0.0
29.39,29.4,0.0
29.4,29.41,0.0
29.41,29.42,0.0
29.42,29.43,0.0
29.43,29.44,0.0
29.44,29.45,0.0
29.45,29.46,0.0
29.46,29.47,0.0
29.47,29.48,0.0
29.48,29.49,0.0
29.49,29.5,0.0
29.5,29.51,0.0
29.51,29.52,0.0
29.52,29.53,0.0
29.53,29.54,0.0
29.54,29.55,0.0
29.55,29.56,0.0
29.56,29.57,0.0
29.57,29.58,170.13343219017113
29.58,29.59,159.65967727133
29.59,29.6,154.22108254079407
29.6,29.61,150.69866814745757
29.61,29.62,147.25670581005258
29.62,29.63,146.40856959456255
29.63,29.64,148.1097552286564
29.64,29.65,146.40856959456255
29.65,29.66,143.893358001082
29.66,29.67,142.24060181972814
29.67,29.68,141.4213562373095
29.68,29.69,140.60682916223496
29.69,29.7,139.79699341790194
29.7,29.71,138.99182198423372
29.71,29.72,137.3953647458089
29.72,29.73,135.81724438273213
29.73,29.74,135.034994616819
29.74,29.75,135.034994616819
29.75,29.76,134.25725027802636
29.76,29.77,132.71517423385683
29.77,29.78,130.43520697655643
29.78,29.79,127.45606273192622
29.79,29.8,124.5449622358823
29.8,29.81,124.5449622358823
29.81,29.82,123.11444133449163
29.82,29.83,123.11444133449163
29.83,29.84,122.40535433046553
29.84,29.85,122.40535433046553
29.85,29.86,123.11444133449163
29.86,29.87,123.11444133449163
29.87,29.88,123.11444133449163
29.88,29.89,123.82763603774404
29.89,29.9,123.11444133449163
29.9,29.91,124.5449622358823
29.91,29.92,125.99210498948732
29.92,29.93,125.26644386241279
29.93,29.94,127.45606273192622
29.94,29.95,126.72196982870621
29.95,29.96,123.82763603774404
29.96,29.97,125.26644386241279
29.97,29.98,123.82763603774404
29.98,29.99,123.11444133449163
29.99,30.0,121.7003513670591
30.0,30.01,121.7003513670591
30.01,30.02,121.7003513670591
30.02,30.03,122.40535433046553
30.03,30.04,123.82763603774404
30.04,30.05,126.72196982870621
30.05,30.06,126.72196982870621
30.06,30.07,119.60961217374037
30.07,30.08,0.0
30.08,30.09,0.0
30.09,30.1,0.0
30.1,30.11,0.0
30.11,30.12,0.0
30.12,30.13,0.0
30.13,30.14,0.0
30.14,30.15,0.0
30.15,30.16,0.0
30.16,30.17,0.0
30.17,30.18,0.0
30.18,30.19,0.0
30.19,30.2,0.0
30.2,30.21,0.0
30.21,30.22,0.0
30.22,30.23,0.0
30.23,30.24,0.0
30.24,30.25,0.0
30.25,30.26,0.0
30.26,30.27,0.0
30.27,30.28,0.0
30.28,30.29,0.0
30.29,30.3,0.0
30.3,30.31,0.0
30.31,30.32,154.22108254079407
30.32,30.33,156.0130452026747
30.33,30.34,160.5845763726753
30.34,30.35,158.74010519681997
30.35,30.36,162.4504792712471
30.36,30.37,163.39154532410998
30.37,30.38,159.65967727133
30.38,30.39,157.8258294677283
30.39,30.4,156.91681957935012
30.4,30.41,156.0130452026747
30.41,30.42,152.4497023255762
30.42,30.43,145.56531828421873
30.43,30.44,145.56531828421873
30.44,30.45,153.33283446696007
30.45,30.46,138.1912879967776
30.46,30.47,137.3953647458089
30.47,30.48,136.60402567543954
30.48,30.49,135.034994616819
30.49,30.5,134.25725027802636
30.5,30.51,131.9507910772894
30.51,30.52,132.71517423385683
30.52,30.53,134.25725027802636
30.53,30.54,135.034994616819
30.54,30.55,136.60402567543954
30.55,30.56,136.60402567543954
30.56,30.57,138.1912879967776
30.57,30.58,137.3953647458089
30.58,30.59,135.81724438273213
30.59,30.6,135.81724438273213
30.6,30.61,133.48398541700342
30.61,30.62,132.71517423385683
30.62,30.63,132.71517423385683
30.63,30.64,131.19081044374488
30.64,30.65,131.19081044374488
30.65,30.66,130.43520697655643
30.66,30.67,129.68395546510095
30.67,30.68,128.9370308439579
30.68,30.69,128.1944081920729
30.69,30.7,127.45606273192622
30.7,30.71,125.26644386241279
30.71,30.72,125.26644386241279
30.72,30.73,125.99210498948732
30.73,30.74,127.45606273192622
30.74,30.75,129.68395546510095
30.75,30.76,131.9507910772894
30.76,30.77,0.0
30.77,30.78,0.0
30.78,30.79,0.0
30.79,30.8,0.0
30.8,30.81,0.0
30.81,30.82,0.0
30.82,30.83,0.0
30.83,30.84,0.0
30.84,30.85,132.71517423385683
30.85,30.86,132.71517423385683
30.86,30.87,132.71517423385683
30.87,30.88,132.71517423385683
30.88,30.89,131.9507910772894
30.89,30.9,133.48398541700342
30.9,30.91,136.60402567543954
30.91,30.92,139.79699341790194
30.92,30.93,140.60682916223496
30.93,30.94,142.24060181972814
30.94,30.95,143.06459324352582
30.95,30.96,140.60682916223496
30.96,30.97,135.81724438273213
30.97,30.98,125.99210498948732
30.98,30.99,117.55479062836088
30.99,31.0,108.42268703014184
31.0,31.01,101.16194403019225
31.01,31.02,93.30329915368074
31.02,31.03,84.57676786314485
31.03,31.04,87.05505632961241
31.04,31.05,90.12504626108301
31.05,31.06,98.85140203528961
31.06,31.07,104.12621525348065
31.07,31.08,103.52649238413775
31.08,31.09,103.52649238413775
31.09,31.1,102.3373891996775
31.1,31.11,101.74796921026864
31.11,31.12,97.15319411536059
31.12,31.13,91.70040432046711
31.13,31.14,91.70040432046711
31.14,31.15,0.0
31.15,31.16,0.0
31.16,31.17,0.0
31.17,31.18,0.0
31.18,31.19,0.0
31.19,31.2,0.0
31.2,31.21,0.0
31.21,31.22,0.0
31.22,31.23,0.0
31.23,31.24,0.0
31.24,31.25,0.0
31.25,31.26,0.0
31.26,31.27,0.0
31.27,31.28,0.0
31.28,31.29,0.0
31.29,31.3,0.0
31.3,31.31,0.0
31.31,31.32,0.0
31.32,31.33,0.0
31.33,31.34,0.0
31.34,31.35,0.0
31.35,31.36,0.0
31.36,31.37,0.0
31.37,31.38,0.0
31.38,31.39,0.0
31.39,31.4,0.0
31.4,31.41,0.0
31.41,31.42,0.0
31.42,31.43,0.0
31.43,31.44,0.0
31.44,31.45,0.0
31.45,31.46,0.0
31.46,31.47,0.0
31.47,31.48,0.0
31.48,31.49,0.0
31.49,31.5,0.0
31.5,31.51,0.0
31.51,31.52,0.0
31.52,31.53,0.0
31.53,31.54,0.0
31.54,31.55,0.0
31.55,31.56,0.0
31.56,31.57,0.0
31.57,31.58,0.0
31.58,31.59,0.0
31.59,31.6,0.0
31.6,31.61,0.0
31.61,31.62,0.0
31.62,31.63,0.0
31.63,31.64,0.0
31.64,31.65,0.0
31.65,31.66,0.0
31.66,31.67,0.0
31.67,31.68,0.0
31.68,31.69,0.0
31.69,31.7,0.0
31.7,31.71,0.0
31.71,31.72,0.0
31.72,31.73,0.0
31.73,31.74,0.0
31.74,31.75,0.0
31.75,31.76,0.0
31.76,31.77,0.0
31.77,31.78,0.0
31.78,31.79,0.0
31.79,31.8,0.0
31.8,31.81,0.0
31.81,31.82,0.0
31.82,31.83,0.0
31.83,31.84,0.0
31.84,31.85,0.0
31.85,31.86,0.0
31.86,31.87,0.0
31.87,31.88,0.0
31.88,31.89,0.0
31.89,31.9,0.0
31.9,31.91,0.0
31.91,31.92,0.0
31.92,31.93,0.0
31.93,31.94,0.0
31.94,31.95,0.0
31.95,31.96,0.0
31.96,31.97,0.0
31.97,31.98,0.0
31.98,31.99,0.0
31.99,32.0,0.0
32.0,32.01,0.0
32.01,32.02,0.0
32.02,32.03,0.0
32.03,32.04,0.0
32.04,32.05,0.0
32.05,32.06,0.0
32.06,32.07,0.0
32.07,32.08,0.0
32.08,32.09,0.0
32.09,32.1,0.0
32.1,32.11,0.0
32.11,32.12,0.0
32.12,32.13,0.0
32.13,32.14,0.0
32.14,32.15,0.0
32.15,32.16,0.0
32.16,32.17,0.0
32.17,32.18,0.0
32.18,32.19,0.0
32.19,32.2,0.0
32.2,32.21,0.0
32.21,32.22,0.0
32.22,32.23,0.0
32.23,32.24,0.0
32.24,32.25,0.0
32.25,32.26,0.0
32.26,32.27,0.0
32.27,32.28,0.0
32.28,32.29,0.0
32.29,32.3,0.0
32.3,32.31,0.0
32.31,32.32,0.0
32.32,32.33,0.0
32.33,32.34,0.0
32.34,32.35,0.0
32.35,32.36,0.0
32.36,32.37,0.0
32.37,32.38,0.0
32.38,32.39,0.0
32.39,32.4,0.0
32.4,32.41,0.0
32.41,32.42,0.0
32.42,32.43,0.0
32.43,32.44,0.0
32.44,32.45,0.0
32.45,32.46,0.0
32.46,32.47,0.0
32.47,32.48,0.0
32.48,32.49,0.0
32.49,32.5,0.0
32.5,32.51,0.0
32.51,32.52,0.0
32.52,32.53,0.0
32.53,32.54,0.0
32.54,32.55,0.0
32.55,32.56,0.0
32.56,32.57,0.0
32.57,32.58,0.0
32.58,32.59,0.0
32.59,32.6,0.0
32.6,32.61,0.0
32.61,32.62,0.0
32.62,32.63,0.0
32.63,32.64,0.0
32.64,32.65,0.0
32.65,32.66,0.0
32.66,32.67,0.0
32.67,32.68,0.0
32.68,32.69,0.0
32.69,32.7,0.0
32.7,32.71,0.0
32.71,32.72,0.0
32.72,32.73,0.0
32.73,32.74,0.0
32.74,32.75,0.0
32.75,32.76,0.0
32.76,32.77,0.0
32.77,32.78,0.0
32.78,32.79,0.0
32.79,32.8,0.0
32.8,32.81,0.0
32.81,32.82,0.0
32.82,32.83,0.0
32.83,32.84,0.0
32.84,32.85,0.0
32.85,32.86,0.0
32.86,32.87,0.0
32.87,32.88,0.0
32.88,32.89,0.0
32.89,32.9,0.0
32.9,32.91,0.0
32.91,32.92,0.0
32.92,32.93,0.0
32.93,32.94,187.68759933422865
32.94,32.95,187.68759933422865
32.95,32.96,189.86842419010387
32.96,32.97,190.9683207820833
32.97,32.98,190.9683207820833
32.98,32.99,192.07458901020084
32.99,33.0,195.43199368684918
33.0,33.01,196.56411970905023
33.01,33.02,200.0
33.02,33.03,203.49593842053727
33.03,33.04,205.86044732869837
33.04,33.05,210.67220719096719
33.05,33.06,213.12010032569688
33.06,33.07,216.8453740602837
33.07,33.08,221.91389441356898
33.08,33.09,221.91389441356898
33.09,33.1,221.91389441356898
33.1,33.11,221.91389441356898
33.11,33.12,223.1994285260446
33.12,33.13,223.1994285260446
33.13,33.14,223.1994285260446
33.14,33.15,223.1994285260446
33.15,33.16,221.91389441356898
33.16,33.17,218.10154653305153
33.17,33.18,210.67220719096719
33.18,33.19,202.3238880603845
33.19,33.2,184.46323871718783
33.2,33.21,185.5318233882619
33.21,33.22,0.0
33.22,33.23,0.0
33.23,33.24,0.0
33.24,33.25,0.0
33.25,33.26,0.0
33.26,33.27,0.0
33.27,33.28,243.40070273411817
33.28,33.29,241.99881784385852
33.29,33.3,241.99881784385852
33.3,33.31,241.99881784385852
33.31,33.32,241.99881784385852
33.32,33.33,243.40070273411817
33.33,33.34,243.40070273411817
33.34,33.35,243.40070273411817
33.35,33.36,243.40070273411817
33.36,33.37,241.99881784385852
33.37,33.38,241.99881784385852
33.38,33.39,241.99881784385852
33.39,33.4,241.99881784385852
33.4,33.41,241.99881784385852
33.41,33.42,243.40070273411817
33.42,33.43,243.40070273411817
33.43,33.44,244.81070866093103
33.44,33.45,244.81070866093103
33.45,33.46,244.81070866093103
33.46,33.47,244.81070866093103
33.47,33.48,244.81070866093103
33.48,33.49,243.40070273411817
33.49,33.5,0.0
33.5,33.51,211.89261887185907
33.51,33.52,209.4588245641254
33.52,33.53,207.05298476827548
33.53,33.54,204.67477839935495
33.54,33.55,203.49593842053727
33.55,33.56,193.1872657849691
33.56,33.57,0.0
33.57,33.58,0.0
33.58,33.59,243.40070273411817
33.59,33.6,243.40070273411817
33.6,33.61,241.99881784385852
33.61,33.62,241.99881784385852
33.62,33.63,241.99881784385852
33.63,33.64,241.99881784385852
33.64,33.65,243.40070273411817
33.65,33.66,0.0
33.66,33.67,0.0
33.67,33.68,0.0
33.68,33.69,244.81070866093103
33.69,33.7,228.41646786215435
33.7,33.71,227.10088581417543
33.71,33.72,225.79288096122622
33.72,33.73,225.79288096122622
33.73,33.74,225.79288096122622
33.74,33.75,224.49240966187455
33.75,33.76,0.0
33.76,33.77,207.05298476827548
33.77,33.78,210.67220719096719
33.78,33.79,211.89261887185907
33.79,33.8,213.12010032569688
33.8,33.81,214.35469250725862
33.81,33.82,215.59643660857103
33.82,33.83,216.8453740602837
33.83,33.84,216.8453740602837
33.84,33.85,216.8453740602837
33.85,33.86,215.59643660857103
33.86,33.87,214.35469250725862
33.87,33.88,214.35469250725862
33.88,33.89,213.12010032569688
33.89,33.9,211.89261887185907
33.9,33.91,210.67220719096719
33.91,33.92,209.4588245641254
33.92,33.93,209.4588245641254
33.93,33.94,208.25243050696125
33.94,33.95,208.25243050696125
33.95,33.96,0.0
33.96,33.97,0.0
33.97,33.98,0.0
33.98,33.99,0.0
33.99,34.0,0.0
34.0,34.01,204.67477839935495
34.01,34.02,204.67477839935495
34.02,34.03,203.49593842053727
34.03,34.04,202.3238880603845
34.04,34.05,201.15858821357068
34.05,34.06,201.15858821357068
34.06,34.07,200.0
34.07,34.08,200.0
34.08,34.09,198.8480847635095
34.09,34.1,197.70280407057922
34.1,34.11,196.56411970905023
34.11,34.12,196.56411970905023
34.12,34.13,195.43199368684918
34.13,34.14,195.43199368684918
34.14,34.15,195.43199368684918
34.15,34.16,195.43199368684918
34.16,34.17,194.30638823072118
34.17,34.18,194.30638823072118
34.18,34.19,193.1872657849691
34.19,34.2,193.1872657849691
34.2,34.21,192.07458901020084
34.21,34.22,192.07458901020084
34.22,34.23,192.07458901020084
34.23,34.24,190.9683207820833
34.24,34.25,190.9683207820833
34.25,34.26,189.86842419010387
34.26,34.27,189.86842419010387
34.27,34.28,189.86842419010387
34.28,34.29,189.86842419010387
34.29,34.3,189.86842419010387
34.3,34.31,189.86842419010387
34.31,34.32,190.9683207820833
34.32,34.33,190.9683207820833
34.33,34.34,190.9683207820833
34.34,34.35,190.9683207820833
34.35,34.36,190.9683207820833
34.36,34.37,189.86842419010387
34.37,34.38,189.86842419010387
34.38,34.39,188.7748625363387
34.39,34.4,187.68759933422865
34.4,34.41,186.60659830736148
34.41,34.42,185.5318233882619
34.42,34.43,183.40080864093423
34.43,34.44,180.25009252216606
34.44,34.45,171.11900513652043
34.45,34.46,168.1792830507429
34.46,34.47,186.60659830736148
34.47,34.48,186.60659830736148
34.48,34.49,187.68759933422865
34.49,34.5,187.68759933422865
34.5,34.51,183.40080864093423
34.51,34.52,0.0
34.52,34.53,0.0
34.53,34.54,0.0
34.54,34.55,197.70280407057922
34.55,34.56,204.67477839935495
34.56,34.57,208.25243050696125
34.57,34.58,209.4588245641254
34.58,34.59,210.67220719096719
34.59,34.6,211.89261887185907
34.6,34.61,213.12010032569688
34.61,34.62,214.35469250725862
34.62,34.63,214.35469250725862
34.63,34.64,215.59643660857103
34.64,34.65,214.35469250725862
34.65,34.66,210.67220719096719
34.66,34.67,0.0
34.67,34.68,0.0
34.68,34.69,0.0
34.69,34.7,0.0
34.7,34.71,0.0
34.71,34.72,0.0
34.72,34.73,0.0
34.73,34.74,0.0
34.74,34.75,177.1535038204721
34.75,34.76,175.11872228117704
34.76,34.77,171.11900513652043
34.77,34.78,169.1535357262897
34.78,34.79,167.2106416577019
34.79,34.8,171.11900513652043
34.8,34.81,173.1073122012286
34.81,34.82,172.11028744886602
34.82,34.83,173.1073122012286
34.83,34.84,173.1073122012286
34.84,34.85,172.11028744886602
34.85,34.86,172.11028744886602
34.86,34.87,171.11900513652043
34.87,34.88,170.13343219017113
34.88,34.89,167.2106416577019
34.89,34.9,159.65967727133
34.9,34.91,0.0
34.91,34.92,0.0
34.92,34.93,0.0
34.93,34.94,0.0
34.94,34.95,0.0
34.95,34.96,0.0
34.96,34.97,0.0
34.97,34.98,0.0
34.98,34.99,154.22108254079407
34.99,35.0,159.65967727133
35.0,35.01,160.5845763726753
35.01,35.02,161.5148333600084
35.02,35.03,162.4504792712471
35.03,35.04,165.29006363084235
35.04,35.05,166.24757922855756
35.05,35.06,163.39154532410998
35.06,35.07,163.39154532410998
35.07,35.08,0.0
35.08,35.09,0.0
35.09,35.1,0.0
35.1,35.11,0.0
35.11,35.12,0.0
35.12,35.13,0.0
35.13,35.14,0.0
35.14,35.15,0.0
35.15,35.16,159.65967727133
35.16,35.17,156.0130452026747
35.17,35.18,151.57165665103983
35.18,35.19,150.69866814745757
35.19,35.2,148.96774631227024
35.2,35.21,148.1097552286564
35.21,35.22,145.56531828421873
35.22,35.23,143.893358001082
35.23,35.24,140.60682916223496
35.24,35.25,136.60402567543954
35.25,35.26,124.5449622358823
35.26,35.27,0.0
35.27,35.28,0.0
35.28,35.29,0.0
35.29,35.3,0.0
35.3,35.31,125.99210498948732
35.31,35.32,135.034994616819
35.32,35.33,131.9507910772894
35.33,35.34,129.68395546510095
35.34,35.35,128.9370308439579
35.35,35.36,127.45606273192622
35.36,35.37,125.99210498948732
35.37,35.38,125.99210498948732
35.38,35.39,124.5449622358823
35.39,35.4,125.26644386241279
35.4,35.41,125.26644386241279
35.41,35.42,125.99210498948732
35.42,35.43,126.72196982870621
35.43,35.44,127.45606273192622
35.44,35.45,125.99210498948732
35.45,35.46,124.5449622358823
35.46,35.47,123.82763603774404
35.47,35.48,113.55044290708773
35.48,35.49,109.68249796946259
35.49,35.5,0.0
35.5,35.51,0.0
35.51,35.52,0.0
35.52,35.53,0.0
35.53,35.54,0.0
35.54,35.55,0.0
35.55,35.56,0.0
35.56,35.57,0.0
35.57,35.58,0.0
35.58,35.59,0.0
35.59,35.6,0.0
35.6,35.61,0.0
35.61,35.62,0.0
35.62,35.63,0.0
35.63,35.64,0.0
35.64,35.65,0.0
35.65,35.66,0.0
35.66,35.67,0.0
35.67,35.68,0.0
35.68,35.69,0.0
35.69,35.7,0.0
35.7,35.71,0.0
35.71,35.72,0.0
35.72,35.73,0.0
35.73,35.74,0.0
35.74,35.75,0.0
35.75,35.76,0.0
35.76,35.77,0.0
35.77,35.78,0.0
35.78,35.79,0.0
35.79,35.8,0.0
35.8,35.81,0.0
35.81,35.82,0.0
35.82,35.83,0.0
35.83,35.84,0.0
35.84,35.85,0.0
35.85,35.86,50.0
35.86,35.87,50.0
35.87,35.88,50.0
35.88,35.89,50.0
35.89,35.9,50.0
35.9,35.91,50.0
35.91,35.92,50.0
35.92,35.93,0.0
35.93,35.94,0.0
35.94,35.95,0.0
35.95,35.96,50.0
35.96,35.97,50.0
35.97,35.98,50.0
35.98,35.99,50.0
35.99,36.0,50.0
36.0,36.01,50.0
36.01,36.02,50.0
36.02,36.03,0.0
36.03,36.04,0.0
36.04,36.05,0.0
36.05,36.06,0.0
36.06,36.07,0.0
36.07,36.08,0.0
36.08,36.09,0.0
36.09,36.1,0.0
36.1,36.11,0.0
36.11,36.12,0.0
36.12,36.13,0.0
36.13,36.14,0.0
36.14,36.15,0.0
36.15,36.16,0.0
36.16,36.17,0.0
36.17,36.18,0.0
36.18,36.19,0.0
36.19,36.2,0.0
36.2,36.21,0.0
36.21,36.22,0.0
36.22,36.23,0.0
36.23,36.24,0.0
36.24,36.25,0.0
36.25,36.26,0.0
36.26,36.27,0.0
36.27,36.28,0.0
36.28,36.29,0.0
36.29,36.3,0.0
36.3,36.31,0.0
36.31,36.32,0.0
36.32,36.33,0.0
36.33,36.34,0.0
36.34,36.35,0.0
36.35,36.36,0.0
36.36,36.37,0.0
36.37,36.38,0.0
36.38,36.39,0.0
36.39,36.4,0.0
36.4,36.41,0.0
36.41,36.42,0.0
36.42,36.43,0.0
36.43,36.44,0.0
36.44,36.45,0.0
36.45,36.46,0.0
36.46,36.47,0.0
36.47,36.48,0.0
36.48,36.49,0.0
36.49,36.5,0.0
36.5,36.51,0.0
36.51,36.52,0.0
36.52,36.53,0.0
36.53,36.54,0.0
36.54,36.55,0.0
36.55,36.56,0.0
36.56,36.57,0.0
36.57,36.58,0.0
36.58,36.59,0.0
36.59,36.6,0.0
36.6,36.61,0.0
36.61,36.62,0.0
36.62,36.63,0.0
36.63,36.64,0.0
36.64,36.65,0.0
36.65,36.66,0.0
36.66,36.67,0.0
36.67,36.68,0.0
36.68,36.69,0.0
36.69,36.7,0.0
36.7,36.71,0.0
36.71,36.72,0.0
36.72,36.73,0.0
36.73,36.74,0.0
36.74,36.75,0.0
36.75,36.76,0.0
36.76,36.77,0.0
36.77,36.78,0.0
36.78,36.79,0.0
36.79,36.8,0.0
36.8,36.81,0.0
36.81,36.82,0.0
36.82,36.83,0.0
36.83,36.84,0.0
36.84,36.85,0.0
36.85,36.86,0.0
36.86,36.87,0.0
36.87,36.88,0.0
36.88,36.89,0.0
36.89,36.9,0.0
36.9,36.91,0.0
36.91,36.92,0.0
36.92,36.93,0.0
36.93,36.94,0.0
36.94,36.95,0.0
36.95,36.96,0.0
36.96,36.97,0.0
36.97,36.98,0.0
36.98,36.99,193.1872657849691
36.99,37.0,193.1872657849691
37.0,37.01,193.1872657849691
37.01,37.02,193.1872657849691
37.02,37.03,193.1872657849691
37.03,37.04,193.1872657849691
37.04,37.05,190.9683207820833
37.05,37.06,190.9683207820833
37.06,37.07,195.43199368684918
37.07,37.08,198.8480847635095
37.08,37.09,200.0
37.09,37.1,200.0
37.1,37.11,198.8480847635095
37.11,37.12,197.70280407057922
37.12,37.13,193.1872657849691
37.13,37.14,184.46323871718783
37.14,37.15,179.21192838239048
37.15,37.16,171.11900513652043
37.16,37.17,0.0
37.17,37.18,0.0
37.18,37.19,0.0
37.19,37.2,0.0
37.2,37.21,0.0
37.21,37.22,0.0
37.22,37.23,0.0
37.23,37.24,0.0
37.24,37.25,0.0
37.25,37.26,173.1073122012286
37.26,37.27,174.11011265922482
37.27,37.28,173.1073122012286
37.28,37.29,172.11028744886602
37.29,37.3,170.13343219017113
37.3,37.31,169.1535357262897
37.31,37.32,168.1792830507429
37.32,37.33,161.5148333600084
37.33,37.34,159.65967727133
37.34,37.35,161.5148333600084
37.35,37.36,162.4504792712471
37.36,37.37,162.4504792712471
37.37,37.38,162.4504792712471
37.38,37.39,161.5148333600084
37.39,37.4,161.5148333600084
37.4,37.41,160.5845763726753
37.41,37.42,158.74010519681997
37.42,37.43,156.91681957935012
37.43,37.44,156.91681957935012
37.44,37.45,150.69866814745757
37.45,37.46,140.60682916223496
37.46,37.47,0.0
37.47,37.48,0.0
37.48,37.49,0.0
37.49,37.5,0.0
37.5,37.51,160.5845763726753
37.51,37.52,160.5845763726753
37.52,37.53,152.4497023255762
37.53,37.54,150.69866814745757
37.54,37.55,146.40856959456255
37.55,37.56,146.40856959456255
37.56,37.57,143.893358001082
37.57,37.58,143.893358001082
37.58,37.59,140.60682916223496
37.59,37.6,138.99182198423372
37.6,37.61,138.1912879967776
37.61,37.62,138.1912879967776
37.62,37.63,138.99182198423372
37.63,37.64,140.60682916223496
37.64,37.65,141.4213562373095
37.65,37.66,142.24060181972814
37.66,37.67,143.06459324352582
37.67,37.68,142.24060181972814
37.68,37.69,141.4213562373095
37.69,37.7,140.60682916223496
37.7,37.71,140.60682916223496
37.71,37.72,133.48398541700342
37.72,37.73,0.0
37.73,37.74,0.0
37.74,37.75,0.0
37.75,37.76,0.0
37.76,37.77,0.0
37.77,37.78,0.0
37.78,37.79,0.0
37.79,37.8,0.0
37.8,37.81,0.0
37.81,37.82,171.11900513652043
37.82,37.83,166.24757922855756
37.83,37.84,165.29006363084235
37.84,37.85,162.4504792712471
37.85,37.86,160.5845763726753
37.86,37.87,160.5845763726753
37.87,37.88,157.8258294677283
37.88,37.89,156.91681957935012
37.89,37.9,153.33283446696007
37.9,37.91,154.22108254079407
37.91,37.92,154.22108254079407
37.92,37.93,153.33283446696007
37.93,37.94,154.22108254079407
37.94,37.95,152.4497023255762
37.95,37.96,150.69866814745757
37.96,37.97,149.83070768766817
37.97,37.98,148.1097552286564
37.98,37.99,146.40856959456255
37.99,38.0,143.893358001082
38.0,38.01,139.79699341790194
38.01,38.02,134.25725027802636
38.02,38.03,131.9507910772894
38.03,38.04,129.68395546510095
38.04,38.05,127.45606273192622
38.05,38.06,125.99210498948732
38.06,38.07,115.5352696872273
38.07,38.08,0.0
38.08,38.09,0.0
38.09,38.1,0.0
38.1,38.11,0.0
38.11,38.12,0.0
38.12,38.13,0.0
38.13,38.14,0.0
38.14,38.15,0.0
38.15,38.16,0.0
38.16,38.17,0.0
38.17,38.18,0.0
38.18,38.19,0.0
38.19,38.2,0.0
38.2,38.21,0.0
38.21,38.22,0.0
38.22,38.23,0.0
38.23,38.24,0.0
38.24,38.25,0.0
38.25,38.26,0.0
38.26,38.27,0.0
38.27,38.28,0.0
38.28,38.29,0.0
38.29,38.3,0.0
38.3,38.31,0.0
38.31,38.32,0.0
38.32,38.33,0.0
38.33,38.34,0.0
38.34,38.35,0.0
38.35,38.36,0.0
38.36,38.37,0.0
38.37,38.38,0.0
38.38,38.39,0.0
38.39,38.4,0.0
38.4,38.41,0.0
38.41,38.42,50.0
38.42,38.43,50.0
38.43,38.44,51.76324619206888
38.44,38.45,50.0
38.45,38.46,50.0
38.46,38.47,50.0
38.47,38.48,50.0
38.48,38.49,50.0
38.49,38.5,50.28964705339267
38.5,38.51,50.0
38.51,38.52,50.0
38.52,38.53,50.0
38.53,38.54,50.0
38.54,38.55,50.0
38.55,38.56,51.76324619206888
38.56,38.57,51.76324619206888
38.57,38.58,50.0
38.58,38.59,50.58097201509612
38.59,38.6,50.0
38.6,38.61,0.0
38.61,38.62,0.0
38.62,38.63,0.0
38.63,38.64,0.0
38.64,38.65,0.0
38.65,38.66,0.0
38.66,38.67,0.0
38.67,38.68,0.0
38.68,38.69,0.0
38.69,38.7,0.0
38.7,38.71,0.0
38.71,38.72,50.0
38.72,38.73,50.0
38.73,38.74,50.0
38.74,38.75,50.0
38.75,38.76,51.16869459983875
38.76,38.77,50.0
38.77,38.78,50.0
38.78,38.79,50.0
38.79,38.8,50.0
38.8,38.81,50.28964705339267
38.81,38.82,50.0
38.82,38.83,52.364706141031334
38.83,38.84,50.0
38.84,38.85,50.0
38.85,38.86,0.0
38.86,38.87,0.0
38.87,38.88,0.0
38.88,38.89,0.0
38.89,38.9,0.0
38.9,38.91,0.0
38.91,38.92,0.0
38.92,38.93,0.0
38.93,38.94,0.0
38.94,38.95,0.0
38.95,38.96,0.0
38.96,38.97,0.0
38.97,38.98,0.0
38.98,38.99,0.0
38.99,39.0,0.0
39.0,39.01,0.0
39.01,39.02,164.33806291715806
39.02,39.03,175.11872228117704
39.03,39.04,174.11011265922482
39.04,39.05,174.11011265922482
39.05,39.06,174.11011265922482
39.06,39.07,174.11011265922482
39.07,39.08,174.11011265922482
39.08,39.09,174.11011265922482
39.09,39.1,173.1073122012286
39.1,39.11,173.1073122012286
39.11,39.12,173.1073122012286
39.12,39.13,172.11028744886602
39.13,39.14,171.11900513652043
39.14,39.15,171.11900513652043
39.15,39.16,171.11900513652043
39.16,39.17,171.11900513652043
39.17,39.18,170.13343219017113
39.18,39.19,170.13343219017113
39.19,39.2,169.1535357262897
39.2,39.21,169.1535357262897
39.21,39.22,169.1535357262897
39.22,39.23,169.1535357262897
39.23,39.24,168.1792830507429
39.24,39.25,168.1792830507429
39.25,39.26,168.1792830507429
39.26,39.27,167.2106416577019
39.27,39.28,167.2106416577019
39.28,39.29,167.2106416577019
39.29,39.3,166.24757922855756
39.3,39.31,166.24757922855756
39.31,39.32,167.2106416577019
39.32,39.33,169.1535357262897
39.33,39.34,172.11028744886602
39.34,39.35,174.11011265922482
39.35,39.36,175.11872228117704
39.36,39.37,176.1331747192297
39.37,39.38,177.1535038204721
39.38,39.39,177.1535038204721
39.39,39.4,177.1535038204721
39.4,39.41,177.1535038204721
39.41,39.42,178.17974362806785
39.42,39.43,179.21192838239048
39.43,39.44,181.29427068562208
39.44,39.45,183.40080864093423
39.45,39.46,183.40080864093423
39.46,39.47,184.46323871718783
39.47,39.48,184.46323871718783
39.48,39.49,184.46323871718783
39.49,39.5,183.40080864093423
39.5,39.51,183.40080864093423
39.51,39.52,181.29427068562208
39.52,39.53,179.21192838239048
39.53,39.54,177.1535038204721
39.54,39.55,175.11872228117704
39.55,39.56,172.11028744886602
39.56,39.57,168.1792830507429
39.57,39.58,164.33806291715806
39.58,39.59,159.65967727133
39.59,39.6,155.11447618337345
39.6,39.61,152.4497023255762
39.61,39.62,151.57165665103983
39.62,39.63,151.57165665103983
39.63,39.64,151.57165665103983
39.64,39.65,151.57165665103983
39.65,39.66,151.57165665103983
39.66,39.67,150.69866814745757
39.67,39.68,148.96774631227024
39.68,39.69,148.1097552286564
39.69,39.7,148.1097552286564
39.7,39.71,146.40856959456255
39.71,39.72,143.893358001082
39.72,39.73,142.24060181972814
39.73,39.74,142.24060181972814
39.74,39.75,148.1097552286564
39.75,39.76,0.0
39.76,39.77,0.0
39.77,39.78,0.0
39.78,39.79,162.4504792712471
39.79,39.8,162.4504792712471
39.8,39.81,161.5148333600084
39.81,39.82,161.5148333600084
39.82,39.83,160.5845763726753
39.83,39.84,159.65967727133
39.84,39.85,158.74010519681997
39.85,39.86,153.33283446696007
39.86,39.87,148.1097552286564
39.87,39.88,0.0
39.88,39.89,0.0
39.89,39.9,0.0
39.9,39.91,0.0
39.91,39.92,0.0
39.92,39.93,0.0
39.93,39.94,0.0
39.94,39.95,0.0
39.95,39.96,0.0
39.96,39.97,166.24757922855756
39.97,39.98,164.33806291715806
39.98,39.99,165.29006363084235
39.99,40.0,165.29006363084235
40.0,40.01,164.33806291715806
40.01,40.02,163.39154532410998
40.02,40.03,168.1792830507429
40.03,40.04,182.34449771164336
40.04,40.05,185.5318233882619
40.05,40.06,187.68759933422865
40.06,40.07,189.86842419010387
40.07,40.08,189.86842419010387
40.08,40.09,188.7748625363387
40.09,40.1,187.68759933422865
40.1,40.11,186.60659830736148
40.11,40.12,180.25009252216606
40.12,40.13,165.29006363084235
40.13,40.14,0.0
40.14,40.15,0.0
40.15,40.16,0.0
40.16,40.17,0.0
40.17,40.18,0.0
40.18,40.19,0.0
40.19,40.2,0.0
40.2,40.21,0.0
40.21,40.22,0.0
40.22,40.23,0.0
40.23,40.24,0.0
40.24,40.25,0.0
40.25,40.26,0.0
40.26,40.27,149.83070768766817
40.27,40.28,152.4497023255762
40.28,40.29,156.0130452026747
40.29,40.3,156.91681957935012
40.3,40.31,159.65967727133
40.31,40.32,161.5148333600084
40.32,40.33,163.39154532410998
40.33,40.34,165.29006363084235
40.34,40.35,166.24757922855756
40.35,40.36,168.1792830507429
40.36,40.37,169.1535357262897
40.37,40.38,170.13343219017113
40.38,40.39,168.1792830507429
40.39,40.4,169.1535357262897
40.4,40.41,169.1535357262897
40.41,40.42,169.1535357262897
40.42,40.43,167.2106416577019
40.43,40.44,167.2106416577019
40.44,40.45,164.33806291715806
40.45,40.46,164.33806291715806
40.46,40.47,169.1535357262897
40.47,40.48,178.17974362806785
40.48,40.49,178.17974362806785
40.49,40.5,179.21192838239048
40.5,40.51,179.21192838239048
40.51,40.52,180.25009252216606
40.52,40.53,180.25009252216606
40.53,40.54,179.21192838239048
40.54,40.55,178.17974362806785
40.55,40.56,176.1331747192297
40.56,40.57,173.1073122012286
40.57,40.58,172.11028744886602
40.58,40.59,171.11900513652043
40.59,40.6,166.24757922855756
40.6,40.61,0.0
40.61,40.62,155.11447618337345
40.62,40.63,160.5845763726753
40.63,40.64,160.5845763726753
40.64,40.65,162.4504792712471
40.65,40.66,163.39154532410998
40.66,40.67,164.33806291715806
40.67,40.68,165.29006363084235
40.68,40.69,166.24757922855756
40.69,40.7,167.2106416577019
40.7,40.71,167.2106416577019
40.71,40.72,166.24757922855756
40.72,40.73,165.29006363084235
40.73,40.74,162.4504792712471
40.74,40.75,152.4497023255762
40.75,40.76,0.0
40.76,40.77,0.0
40.77,40.78,0.0
40.78,40.79,0.0
40.79,40.8,0.0
40.8,40.81,0.0
40.81,40.82,0.0
40.82,40.83,0.0
40.83,40.84,166.24757922855756
40.84,40.85,167.2106416577019
40.85,40.86,169.1535357262897
40.86,40.87,167.2106416577019
40.87,40.88,166.24757922855756
40.88,40.89,164.33806291715806
40.89,40.9,162.4504792712471
40.9,40.91,159.65967727133
40.91,40.92,156.91681957935012
40.92,40.93,155.11447618337345
40.93,40.94,152.4497023255762
40.94,40.95,150.69866814745757
40.95,40.96,148.96774631227024
40.96,40.97,145.56531828421873
40.97,40.98,139.79699341790194
40.98,40.99,127.45606273192622
40.99,41.0,128.9370308439579
41.0,41.01,0.0
41.01,41.02,0.0
41.02,41.03,0.0
41.03,41.04,0.0
41.04,41.05,0.0
41.05,41.06,0.0
41.06,41.07,0.0
41.07,41.08,0.0
41.08,41.09,0.0
41.09,41.1,0.0
41.1,41.11,0.0
41.11,41.12,0.0
41.12,41.13,0.0
41.13,41.14,0.0
41.14,41.15,156.91681957935012
41.15,41.16,167.2106416577019
41.16,41.17,167.2106416577019
41.17,41.18,167.2106416577019
41.18,41.19,168.1792830507429
41.19,41.2,169.1535357262897
41.2,41.21,155.11447618337345
41.21,41.22,156.91681957935012
41.22,41.23,168.1792830507429
41.23,41.24,171.11900513652043
41.24,41.25,174.11011265922482
41.25,41.26,173.1073122012286
41.26,41.27,172.11028744886602
41.27,41.28,172.11028744886602
41.28,41.29,171.11900513652043
41.29,41.3,169.1535357262897
41.3,41.31,165.29006363084235
41.31,41.32,0.0
41.32,41.33,0.0
41.33,41.34,0.0
41.34,41.35,0.0
41.35,41.36,0.0
41.36,41.37,0.0
41.37,41.38,0.0
41.38,41.39,165.29006363084235
41.39,41.4,164.33806291715806
41.4,41.41,151.57165665103983
41.41,41.42,149.83070768766817
41.42,41.43,144.7269237440378
41.43,41.44,142.24060181972814
41.44,41.45,141.4213562373095
41.45,41.46,139.79699341790194
41.46,41.47,136.60402567543954
41.47,41.48,135.81724438273213
41.48,41.49,134.25725027802636
41.49,41.5,134.25725027802636
41.5,41.51,135.034994616819
41.51,41.52,134.25725027802636
41.52,41.53,132.71517423385683
41.53,41.54,132.71517423385683
41.54,41.55,130.43520697655643
41.55,41.56,131.9507910772894
41.56,41.57,131.19081044374488
41.57,41.58,132.71517423385683
41.58,41.59,132.71517423385683
41.59,41.6,133.48398541700342
41.6,41.61,132.71517423385683
41.61,41.62,131.19081044374488
41.62,41.63,130.43520697655643
41.63,41.64,130.43520697655643
41.64,41.65,126.72196982870621
41.65,41.66,138.99182198423372
41.66,41.67,130.43520697655643
41.67,41.68,131.9507910772894
41.68,41.69,129.68395546510095
41.69,41.7,128.1944081920729
41.7,41.71,127.45606273192622
41.71,41.72,125.99210498948732
41.72,41.73,123.82763603774404
41.73,41.74,121.7003513670591
41.74,41.75,120.99940892192926
41.75,41.76,123.11444133449163
41.76,41.77,123.82763603774404
41.77,41.78,129.68395546510095
41.78,41.79,131.9507910772894
41.79,41.8,134.25725027802636
41.8,41.81,135.81724438273213
41.81,41.82,135.81724438273213
41.82,41.83,135.034994616819
41.83,41.84,132.71517423385683
41.84,41.85,129.68395546510095
41.85,41.86,130.43520697655643
41.86,41.87,126.72196982870621
41.87,41.88,0.0
41.88,41.89,0.0
41.89,41.9,0.0
41.9,41.91,0.0
41.91,41.92,0.0
41.92,41.93,0.0
41.93,41.94,0.0
41.94,41.95,0.0
41.95,41.96,0.0
41.96,41.97,0.0
41.97,41.98,0.0
41.98,41.99,0.0
41.99,42.0,158.74010519681997
42.0,42.01,149.83070768766817
42.01,42.02,142.24060181972814
42.02,42.03,142.24060181972814
42.03,42.04,141.4213562373095
42.04,42.05,140.60682916223496
42.05,42.06,138.99182198423372
42.06,42.07,137.3953647458089
42.07,42.08,136.60402567543954
42.08,42.09,135.034994616819
42.09,42.1,134.25725027802636
42.1,42.11,133.48398541700342
42.11,42.12,132.71517423385683
42.12,42.13,131.9507910772894
42.13,42.14,130.43520697655643
42.14,42.15,130.43520697655643
42.15,42.16,129.68395546510095
42.16,42.17,128.9370308439579
42.17,42.18,129.68395546510095
42.18,42.19,129.68395546510095
42.19,42.2,129.68395546510095
42.2,42.21,128.9370308439579
42.21,42.22,128.1944081920729
42.22,42.23,126.72196982870621
42.23,42.24,125.99210498948732
42.24,42.25,125.26644386241279
42.25,42.26,124.5449622358823
42.26,42.27,123.82763603774404
42.27,42.28,123.82763603774404
42.28,42.29,122.40535433046553
42.29,42.3,123.11444133449163
42.3,42.31,123.82763603774404
42.31,42.32,123.82763603774404
42.32,42.33,124.5449622358823
42.33,42.34,125.26644386241279
42.34,42.35,125.99210498948732
42.35,42.36,128.1944081920729
42.36,42.37,126.72196982870621
42.37,42.38,0.0
42.38,42.39,0.0
42.39,42.4,0.0
42.4,42.41,0.0
42.41,42.42,0.0
42.42,42.43,0.0
42.43,42.44,0.0
42.44,42.45,0.0
42.45,42.46,0.0
42.46,42.47,0.0
42.47,42.48,0.0
42.48,42.49,0.0
42.49,42.5,0.0
42.5,42.51,0.0
42.51,42.52,0.0
42.52,42.53,0.0
42.53,42.54,0.0
42.54,42.55,0.0
42.55,42.56,0.0
42.56,42.57,0.0
42.57,42.58,0.0
42.58,42.59,0.0
42.59,42.6,0.0
42.6,42.61,0.0
42.61,42.62,0.0
42.62,42.63,0.0
42.63,42.64,0.0
42.64,42.65,0.0
42.65,42.66,0.0
42.66,42.67,0.0
42.67,42.68,0.0
42.68,42.69,0.0
42.69,42.7,0.0
42.7,42.71,0.0
42.71,42.72,0.0
42.72,42.73,0.0
42.73,42.74,0.0
42.74,42.75,0.0
42.75,42.76,0.0
42.76,42.77,0.0
42.77,42.78,0.0
42.78,42.79,0.0
42.79,42.8,0.0
42.8,42.81,0.0
42.81,42.82,0.0
42.82,42.83,0.0
42.83,42.84,0.0
42.84,42.85,0.0
42.85,42.86,0.0
42.86,42.87,0.0
42.87,42.88,0.0
42.88,42.89,0.0
42.89,42.9,0.0
42.9,42.91,0.0
42.91,42.92,0.0
42.92,42.93,0.0
42.93,42.94,0.0
42.94,42.95,0.0
42.95,42.96,0.0
42.96,42.97,0.0
42.97,42.98,0.0
42.98,42.99,0.0
42.99,43.0,0.0
43.0,43.01,0.0
43.01,43.02,0.0
43.02,43.03,0.0
43.03,43.04,0.0
43.04,43.05,0.0
43.05,43.06,0.0
43.06,43.07,0.0
43.07,43.08,0.0
43.08,43.09,0.0
43.09,43.1,0.0
43.1,43.11,0.0
43.11,43.12,0.0
43.12,43.13,0.0
43.13,43.14,0.0
43.14,43.15,0.0
43.15,43.16,0.0
43.16,43.17,0.0
43.17,43.18,0.0
43.18,43.19,0.0
43.19,43.2,0.0
43.2,43.21,0.0
43.21,43.22,0.0
43.22,43.23,0.0
43.23,43.24,0.0
43.24,43.25,0.0
43.25,43.26,0.0
43.26,43.27,0.0
43.27,43.28,0.0
43.28,43.29,0.0
43.29,43.3,0.0
43.3,43.31,0.0
43.31,43.32,0.0
43.32,43.33,0.0
43.33,43.34,0.0
43.34,43.35,0.0
43.35,43.36,0.0
43.36,43.37,0.0
43.37,43.38,0.0
43.38,43.39,0.0
43.39,43.4,0.0
43.4,43.41,0.0
43.41,43.42,0.0
43.42,43.43,0.0
43.43,43.44,0.0
43.44,43.45,0.0
43.45,43.46,0.0
43.46,43.47,0.0
43.47,43.48,0.0
43.48,43.49,0.0
43.49,43.5,0.0
43.5,43.51,0.0
43.51,43.52,0.0
43.52,43.53,0.0
43.53,43.54,0.0
43.54,43.55,0.0
43.55,43.56,0.0
43.56,43.57,0.0
43.57,43.58,0.0
43.58,43.59,0.0
43.59,43.6,0.0
43.6,43.61,0.0
43.61,43.62,0.0
43.62,43.63,0.0
43.63,43.64,0.0
43.64,43.65,0.0
43.65,43.66,0.0
43.66,43.67,0.0
43.67,43.68,0.0
43.68,43.69,0.0
43.69,43.7,0.0
43.7,43.71,0.0
43.71,43.72,0.0
43.72,43.73,0.0
43.73,43.74,0.0
43.74,43.75,0.0
43.75,43.76,0.0
43.76,43.77,0.0
43.77,43.78,0.0
43.78,43.79,0.0
43.79,43.8,0.0
43.8,43.81,0.0
43.81,43.82,0.0
43.82,43.83,0.0
43.83,43.84,0.0
43.84,43.85,0.0
43.85,43.86,51.46511183217461
43.86,43.87,50.0
43.87,43.88,50.0
43.88,43.89,50.28964705339267
43.89,43.9,50.0
43.9,43.91,50.58097201509612
43.91,43.92,50.87398460513432
43.92,43.93,50.0
43.93,43.94,50.0
43.94,43.95,0.0
43.95,43.96,0.0
43.96,43.97,0.0
43.97,43.98,0.0
43.98,43.99,0.0
43.99,44.0,0.0
44.0,44.01,0.0
44.01,44.02,0.0
44.02,44.03,0.0
44.03,44.04,0.0
44.04,44.05,0.0
44.05,44.06,0.0
44.06,44.07,0.0
44.07,44.08,50.0
44.08,44.09,50.0
44.09,44.1,50.0
44.1,44.11,50.28964705339267
44.11,44.12,51.16869459983875
44.12,44.13,51.16869459983875
44.13,44.14,50.0
44.14,44.15,50.0
44.15,44.16,50.0
44.16,44.17,0.0
44.17,44.18,0.0
44.18,44.19,0.0
44.19,44.2,0.0
44.2,44.21,0.0
44.21,44.22,0.0
44.22,44.23,50.0
44.23,44.24,50.0
44.24,44.25,50.28964705339267
44.25,44.26,50.0
44.26,44.27,50.58097201509612
44.27,44.28,50.28964705339267
44.28,44.29,50.28964705339267
44.29,44.3,50.0
44.3,44.31,0.0
44.31,44.32,0.0
44.32,44.33,0.0
44.33,44.34,0.0
44.34,44.35,0.0
44.35,44.36,0.0
44.36,44.37,0.0
44.37,44.38,0.0
44.38,44.39,0.0
44.39,44.4,0.0
44.4,44.41,0.0
44.41,44.42,0.0
44.42,44.43,0.0
44.43,44.44,0.0
44.44,44.45,0.0
44.45,44.46,0.0
44.46,44.47,0.0
44.47,44.48,0.0
44.48,44.49,0.0
44.49,44.5,0.0
44.5,44.51,0.0
44.51,44.52,0.0
44.52,44.53,0.0
44.53,44.54,0.0
44.54,44.55,0.0
44.55,44.56,0.0
44.56,44.57,0.0
44.57,44.58,0.0
44.58,44.59,0.0
44.59,44.6,0.0
44.6,44.61,0.0
44.61,44.62,0.0
44.62,44.63,0.0
44.63,44.64,0.0
44.64,44.65,0.0
44.65,44.66,0.0
44.66,44.67,0.0
44.67,44.68,0.0
44.68,44.69,0.0
44.69,44.7,0.0
44.7,44.71,0.0
44.71,44.72,0.0
44.72,44.73,0.0
44.73,44.74,0.0
44.74,44.75,0.0
44.75,44.76,0.0
44.76,44.77,0.0
44.77,44.78,150.69866814745757
44.78,44.79,158.74010519681997
44.79,44.8,162.4504792712471
44.8,44.81,165.29006363084235
44.81,44.82,167.2106416577019
44.82,44.83,167.2106416577019
44.83,44.84,168.1792830507429
44.84,44.85,169.1535357262897
44.85,44.86,164.33806291715806
44.86,44.87,159.65967727133
44.87,44.88,163.39154532410998
44.88,44.89,163.39154532410998
44.89,44.9,162.4504792712471
44.9,44.91,161.5148333600084
44.91,44.92,160.5845763726753
44.92,44.93,158.74010519681997
44.93,44.94,157.8258294677283
44.94,44.95,155.11447618337345
44.95,44.96,154.22108254079407
44.96,44.97,152.4497023255762
44.97,44.98,151.57165665103983
44.98,44.99,150.69866814745757
44.99,45.0,149.83070768766817
45.0,45.01,148.96774631227024
45.01,45.02,148.1097552286564
45.02,45.03,147.25670581005258
45.03,45.04,146.40856959456255
45.04,45.05,146.40856959456255
45.05,45.06,146.40856959456255
45.06,45.07,145.56531828421873
45.07,45.08,144.7269237440378
45.08,45.09,144.7269237440378
45.09,45.1,144.7269237440378
45.1,45.11,143.893358001082
45.11,45.12,143.893358001082
45.12,45.13,143.06459324352582
45.13,45.14,143.06459324352582
45.14,45.15,143.06459324352582
45.15,45.16,141.4213562373095
45.16,45.17,140.60682916223496
45.17,45.18,139.79699341790194
45.18,45.19,138.1912879967776
45.19,45.2,136.60402567543954
45.2,45.21,134.25725027802636
45.21,45.22,133.48398541700342
45.22,45.23,134.25725027802636
45.23,45.24,131.9507910772894
45.24,45.25,134.25725027802636
45.25,45.26,134.25725027802636
45.26,45.27,132.71517423385683
45.27,45.28,132.71517423385683
45.28,45.29,131.9507910772894
45.29,45.3,131.19081044374488
45.3,45.31,131.9507910772894
45.31,45.32,131.9507910772894
45.32,45.33,132.71517423385683
45.33,45.34,133.48398541700342
45.34,45.35,134.25725027802636
45.35,45.36,136.60402567543954
45.36,45.37,138.99182198423372
45.37,45.38,138.99182198423372
45.38,45.39,138.1912879967776
45.39,45.4,137.3953647458089
45.4,45.41,136.60402567543954
45.41,45.42,136.60402567543954
45.42,45.43,135.81724438273213
45.43,45.44,135.034994616819
45.44,45.45,135.034994616819
45.45,45.46,134.25725027802636
45.46,45.47,135.034994616819
45.47,45.48,135.81724438273213
45.48,45.49,137.3953647458089
45.49,45.5,138.99182198423372
45.5,45.51,139.79699341790194
45.51,45.52,138.99182198423372
45.52,45.53,138.1912879967776
45.53,45.54,138.1912879967776
45.54,45.55,136.60402567543954
45.55,45.56,136.60402567543954
45.56,45.57,135.81724438273213
45.57,45.58,133.48398541700342
45.58,45.59,133.48398541700342
45.59,45.6,131.19081044374488
45.6,45.61,129.68395546510095
45.61,45.62,127.45606273192622
45.62,45.63,124.5449622358823
45.63,45.64,120.99940892192926
45.64,45.65,123.11444133449163
45.65,45.66,126.72196982870621
45.66,45.67,122.40535433046553
45.67,45.68,130.43520697655643
45.68,45.69,0.0
45.69,45.7,0.0
45.7,45.71,0.0
45.71,45.72,0.0
45.72,45.73,0.0
45.73,45.74,0.0
45.74,45.75,0.0
45.75,45.76,0.0
45.76,45.77,0.0
45.77,45.78,0.0
45.78,45.79,0.0
45.79,45.8,0.0
45.8,45.81,0.0
45.81,45.82,0.0
45.82,45.83,0.0
45.83,45.84,0.0
45.84,45.85,0.0
45.85,45.86,0.0
45.86,45.87,0.0
45.87,45.88,0.0
45.88,45.89,0.0
45.89,45.9,0.0
45.9,45.91,0.0
45.91,45.92,0.0
45.92,45.93,0.0
45.93,45.94,0.0
45.94,45.95,0.0
45.95,45.96,0.0
45.96,45.97,0.0
45.97,45.98,0.0
45.98,45.99,0.0
45.99,46.0,0.0
46.0,46.01,0.0
46.01,46.02,0.0
46.02,46.03,0.0
46.03,46.04,0.0
46.04,46.05,0.0
46.05,46.06,0.0
46.06,46.07,0.0
46.07,46.08,0.0
46.08,46.09,0.0
46.09,46.1,0.0
46.1,46.11,0.0
46.11,46.12,0.0
46.12,46.13,0.0
46.13,46.14,0.0
46.14,46.15,167.2106416577019
46.15,46.16,174.11011265922482
46.16,46.17,176.1331747192297
46.17,46.18,177.1535038204721
46.18,46.19,177.1535038204721
46.19,46.2,176.1331747192297
46.2,46.21,176.1331747192297
46.21,46.22,175.11872228117704
46.22,46.23,174.11011265922482
46.23,46.24,170.13343219017113
46.24,46.25,169.1535357262897
46.25,46.26,169.1535357262897
46.26,46.27,167.2106416577019
46.27,46.28,165.29006363084235
46.28,46.29,160.5845763726753
46.29,46.3,155.11447618337345
46.3,46.31,148.1097552286564
46.31,46.32,0.0
46.32,46.33,0.0
46.33,46.34,162.4504792712471
46.34,46.35,163.39154532410998
46.35,46.36,168.1792830507429
46.36,46.37,169.1535357262897
46.37,46.38,169.1535357262897
46.38,46.39,169.1535357262897
46.39,46.4,169.1535357262897
46.4,46.41,169.1535357262897
46.41,46.42,168.1792830507429
46.42,46.43,163.39154532410998
46.43,46.44,156.91681957935012
46.44,46.45,139.79699341790194
46.45,46.46,131.19081044374488
46.46,46.47,130.43520697655643
46.47,46.48,131.9507910772894
46.48,46.49,133.48398541700342
46.49,46.5,148.96774631227024
46.5,46.51,153.33283446696007
46.51,46.52,152.4497023255762
46.52,46.53,153.33283446696007
46.53,46.54,153.33283446696007
46.54,46.55,154.22108254079407
46.55,46.56,154.22108254079407
46.56,46.57,154.22108254079407
46.57,46.58,155.11447618337345
46.58,46.59,155.11447618337345
46.59,46.6,153.33283446696007
46.6,46.61,147.25670581005258
46.61,46.62,0.0
46.62,46.63,0.0
46.63,46.64,0.0
46.64,46.65,0.0
46.65,46.66,0.0
46.66,46.67,0.0
46.67,46.68,0.0
46.68,46.69,0.0
46.69,46.7,0.0
46.7,46.71,0.0
46.71,46.72,0.0
46.72,46.73,0.0
46.73,46.74,0.0
46.74,46.75,0.0
46.75,46.76,0.0
46.76,46.77,159.65967727133
46.77,46.78,171.11900513652043
46.78,46.79,156.91681957935012
46.79,46.8,142.24060181972814
46.8,46.81,140.60682916223496
46.81,46.82,139.79699341790194
46.82,46.83,139.79699341790194
46.83,46.84,139.79699341790194
46.84,46.85,139.79699341790194
46.85,46.86,139.79699341790194
46.86,46.87,140.60682916223496
46.87,46.88,140.60682916223496
46.88,46.89,139.79699341790194
46.89,46.9,138.99182198423372
46.9,46.91,138.1912879967776
46.91,46.92,135.81724438273213
46.92,46.93,135.81724438273213
46.93,46.94,135.034994616819
46.94,46.95,134.25725027802636
46.95,46.96,133.48398541700342
46.96,46.97,132.71517423385683
46.97,46.98,132.71517423385683
46.98,46.99,131.19081044374488
46.99,47.0,131.9507910772894
47.0,47.01,131.9507910772894
47.01,47.02,129.68395546510095
47.02,47.03,128.9370308439579
47.03,47.04,127.45606273192622
47.04,47.05,124.5449622358823
47.05,47.06,123.82763603774404
47.06,47.07,124.5449622358823
47.07,47.08,123.82763603774404
47.08,47.09,125.99210498948732
47.09,47.1,129.68395546510095
47.1,47.11,129.68395546510095
47.11,47.12,130.43520697655643
47.12,47.13,131.19081044374488
47.13,47.14,131.19081044374488
47.14,47.15,131.9507910772894
47.15,47.16,131.9507910772894
47.16,47.17,131.9507910772894
47.17,47.18,132.71517423385683
47.18,47.19,131.9507910772894
47.19,47.2,131.9507910772894
47.2,47.21,132.71517423385683
47.21,47.22,131.19081044374488
47.22,47.23,130.43520697655643
47.23,47.24,129.68395546510095
47.24,47.25,128.9370308439579
47.25,47.26,128.1944081920729
47.26,47.27,127.45606273192622
47.27,47.28,127.45606273192622
47.28,47.29,126.72196982870621
47.29,47.3,126.72196982870621
47.3,47.31,125.99210498948732
47.31,47.32,127.45606273192622
47.32,47.33,126.72196982870621
47.33,47.34,125.99210498948732
47.34,47.35,127.45606273192622
47.35,47.36,128.9370308439579
47.36,47.37,120.99940892192926
47.37,47.38,0.0
47.38,47.39,0.0
47.39,47.4,0.0
47.4,47.41,0.0
47.41,47.42,0.0
47.42,47.43,0.0
47.43,47.44,0.0
47.44,47.45,0.0
47.45,47.46,0.0
47.46,47.47,0.0
47.47,47.48,0.0
47.48,47.49,0.0
47.49,47.5,0.0
47.5,47.51,0.0
47.51,47.52,159.65967727133
47.52,47.53,156.0130452026747
47.53,47.54,154.22108254079407
47.54,47.55,158.74010519681997
47.55,47.56,161.5148333600084
47.56,47.57,165.29006363084235
47.57,47.58,167.2106416577019
47.58,47.59,163.39154532410998
47.59,47.6,162.4504792712471
47.6,47.61,152.4497023255762
47.61,47.62,143.893358001082
47.62,47.63,130.43520697655643
47.63,47.64,123.82763603774404
47.64,47.65,113.55044290708773
