Start_Time,End_Time,F0_Hz
0.025,0.035,0.0
0.035,0.045,0.0
0.045,0.055,0.0
0.055,0.065,0.0
0.065,0.075,0.0
0.075,0.085,0.0
0.085,0.095,0.0
0.095,0.105,0.0
0.105,0.115,0.0
0.115,0.125,0.0
0.125,0.135,0.0
0.135,0.145,0.0
0.145,0.155,0.0
0.155,0.165,0.0
0.165,0.175,0.0
0.175,0.185,0.0
0.185,0.195,0.0
0.195,0.205,0.0
0.205,0.215,0.0
0.215,0.225,0.0
0.225,0.235,0.0
0.235,0.245,0.0
0.245,0.255,0.0
0.255,0.265,0.0
0.265,0.275,0.0
0.275,0.285,0.0
0.285,0.295,0.0
0.295,0.305,0.0
0.305,0.315,0.0
0.315,0.325,0.0
0.325,0.335,0.0
0.335,0.345,0.0
0.345,0.355,0.0
0.355,0.365,0.0
0.365,0.375,0.0
0.375,0.385,0.0
0.385,0.395,0.0
0.395,0.405,0.0
0.405,0.415,0.0
0.415,0.425,0.0
0.425,0.435,0.0
0.435,0.445,0.0
0.445,0.455,0.0
0.455,0.465,0.0
0.465,0.475,0.0
0.475,0.485,0.0
0.485,0.495,0.0
0.495,0.505,0.0
0.505,0.515,0.0
0.515,0.525,0.0
0.525,0.535,0.0
0.535,0.545,0.0
0.545,0.555,0.0
0.555,0.565,0.0
0.565,0.575,0.0
0.575,0.585,0.0
0.585,0.595,0.0
0.595,0.605,0.0
0.605,0.615,0.0
0.615,0.625,0.0
0.625,0.635,0.0
0.635,0.645,0.0
0.645,0.655,0.0
0.655,0.665,0.0
0.665,0.675,0.0
0.675,0.685,0.0
0.685,0.695,0.0
0.695,0.705,167.68333023861797
0.705,0.715,169.73178741295638
0.715,0.725,170.62944731607752
0.725,0.735,170.84798730346023
0.735,0.745,170.5125702888635
0.745,0.755,0.0
0.755,0.765,0.0
0.765,0.775,0.0
0.775,0.785,0.0
0.785,0.795,0.0
0.795,0.805,0.0
0.805,0.815,0.0
0.815,0.825,0.0
0.825,0.835,0.0
0.835,0.845,0.0
0.845,0.855,0.0
0.855,0.865,0.0
0.865,0.875,0.0
0.875,0.885,0.0
0.885,0.895,0.0
0.895,0.905,0.0
0.905,0.915,166.23670245813813
0.915,0.925,165.2473776604915
0.925,0.935,164.601691509138
0.935,0.945,164.13325479049107
0.945,0.955,163.81856701582214
0.955,0.965,163.5739520270931
0.965,0.975,163.14082634723852
0.975,0.985,162.76924644437636
0.985,0.995,162.4174894765325
0.995,1.005,162.1370846629198
1.005,1.015,162.18530254620282
1.015,1.025,162.3372375088957
1.025,1.035,0.0
1.035,1.045,0.0
1.045,1.055,0.0
1.055,1.065,0.0
1.065,1.075,0.0
1.075,1.085,0.0
1.085,1.095,0.0
1.095,1.105,0.0
1.105,1.115,0.0
1.115,1.125,0.0
1.125,1.135,0.0
1.135,1.145,0.0
1.145,1.155,0.0
1.155,1.165,0.0
1.165,1.175,173.29661546707567
1.175,1.185,173.45539517255472
1.185,1.195,174.14997738129208
1.195,1.205,174.7174700654811
1.205,1.215,175.01480555028485
1.215,1.225,175.1909025425887
1.225,1.235,175.62739634526906
1.235,1.245,0.0
1.245,1.255,0.0
1.255,1.265,0.0
1.265,1.275,0.0
1.275,1.285,0.0
1.285,1.295,0.0
1.295,1.305,0.0
1.305,1.315,0.0
1.315,1.325,0.0
1.325,1.335,0.0
1.335,1.345,0.0
1.345,1.355,0.0
1.355,1.365,0.0
1.365,1.375,191.1358881228533
1.375,1.385,191.36263870763133
1.385,1.395,191.12672792638963
1.395,1.405,190.81878522226725
1.405,1.415,190.89431703265456
1.415,1.425,191.53259720215405
1.425,1.435,192.44465125234206
1.435,1.445,193.0300527339287
1.445,1.455,193.3156823578452
1.455,1.465,193.47625309967748
1.465,1.475,193.51643110328934
1.475,1.485,193.34722443839414
1.485,1.495,192.8024402670546
1.495,1.505,191.8940876177782
1.505,1.515,190.79828892326142
1.515,1.525,189.75989222335554
1.525,1.535,189.00072236045196
1.535,1.545,188.41046288296792
1.545,1.555,186.9075879697806
1.555,1.565,185.0390360344297
1.565,1.575,183.88428719235054
1.575,1.585,183.08536362383515
1.585,1.595,182.47125923501994
1.595,1.605,181.99125894820904
1.605,1.615,181.59791611552774
1.615,1.625,0.0
1.625,1.635,0.0
1.635,1.645,0.0
1.645,1.655,0.0
1.655,1.665,0.0
1.665,1.675,190.13297137245434
1.675,1.685,199.7683870723314
1.685,1.695,205.85794078674525
1.695,1.705,207.74323816438988
1.705,1.715,209.37515187742764
1.715,1.725,211.8985403079756
1.725,1.735,214.2054453329179
1.735,1.745,215.46865615263673
1.745,1.755,216.05635051548688
1.755,1.765,216.73440551689978
1.765,1.775,218.5273056339998
1.775,1.785,221.52291008593835
1.785,1.795,224.38961670633063
1.795,1.805,226.15082729318638
1.805,1.815,227.04525340334126
1.815,1.825,227.31299818802134
1.825,1.835,226.72713709682256
1.835,1.845,225.12240646274557
1.845,1.855,222.42356201428237
1.855,1.865,218.81977784336019
1.865,1.875,214.45631960568318
1.875,1.885,209.08546912584572
1.885,1.895,202.89682369347224
1.895,1.905,196.52880928778026
1.905,1.915,190.20541252937053
1.915,1.925,185.32371646610628
1.925,1.935,181.0572156424039
1.935,1.945,177.5173625053664
1.945,1.955,175.34778131335761
1.955,1.965,174.18005079352164
1.965,1.975,173.63759804854269
1.975,1.985,173.66645067070957
1.985,1.995,174.31352212804316
1.995,2.005,175.40129661551526
2.005,2.015,176.96233699378763
2.015,2.025,179.20244178737235
2.025,2.035,182.0684355962611
2.035,2.045,185.94588777537103
2.045,2.055,191.191278281645
2.055,2.065,196.24331041758086
2.065,2.075,199.18078143001958
2.075,2.085,200.8266834986844
2.085,2.095,0.0
2.095,2.105,0.0
2.105,2.115,0.0
2.115,2.125,0.0
2.125,2.135,0.0
2.135,2.145,0.0
2.145,2.155,0.0
2.155,2.165,0.0
2.165,2.175,196.90212016062148
2.175,2.185,199.20310378419217
2.185,2.195,200.14654422443076
2.195,2.205,200.02873363555656
2.205,2.215,198.77824733233595
2.215,2.225,0.0
2.225,2.235,0.0
2.235,2.245,0.0
2.245,2.255,0.0
2.255,2.265,0.0
2.265,2.275,0.0
2.275,2.285,0.0
2.285,2.295,0.0
2.295,2.305,0.0
2.305,2.315,177.08740284470815
2.315,2.325,176.91138541231877
2.325,2.335,176.1815714757588
2.335,2.345,174.59315333306418
2.345,2.355,0.0
2.355,2.365,0.0
2.365,2.375,0.0
2.375,2.385,0.0
2.385,2.395,0.0
2.395,2.405,0.0
2.405,2.415,0.0
2.415,2.425,0.0
2.425,2.435,0.0
2.435,2.445,0.0
2.445,2.455,0.0
2.455,2.465,0.0
2.465,2.475,183.82179622493172
2.475,2.485,182.53021531276013
2.485,2.495,179.0033698401989
2.495,2.505,174.75429663444172
2.505,2.515,0.0
2.515,2.525,0.0
2.525,2.535,0.0
2.535,2.545,0.0
2.545,2.555,0.0
2.555,2.565,0.0
2.565,2.575,0.0
2.575,2.585,0.0
2.585,2.595,0.0
2.595,2.605,182.75035985856155
2.605,2.615,178.12136425640705
2.615,2.625,0.0
2.625,2.635,0.0
2.635,2.645,0.0
2.645,2.655,0.0
2.655,2.665,0.0
2.665,2.675,0.0
2.675,2.685,0.0
2.685,2.695,0.0
2.695,2.705,0.0
2.705,2.715,0.0
2.715,2.725,0.0
2.725,2.735,212.3870172828856
2.735,2.745,211.34741903323018
2.745,2.755,210.17421206696855
2.755,2.765,209.34277879885286
2.765,2.775,208.61103000452076
2.775,2.785,207.19263083588473
2.785,2.795,0.0
2.795,2.805,0.0
2.805,2.815,0.0
2.815,2.825,0.0
2.825,2.835,0.0
2.835,2.845,0.0
2.845,2.855,0.0
2.855,2.865,0.0
2.865,2.875,0.0
2.875,2.885,207.56090766101406
2.885,2.895,206.59964706880473
2.895,2.905,200.89434941314278
2.905,2.915,198.4194387636053
2.915,2.925,190.75171198376367
2.925,2.935,185.45053325592102
2.935,2.945,178.36974788471713
2.945,2.955,0.0
2.955,2.965,0.0
2.965,2.975,0.0
2.975,2.985,0.0
2.985,2.995,0.0
2.995,3.005,0.0
3.005,3.015,172.00294734206986
3.015,3.025,175.23311198919774
3.025,3.035,176.39613620705114
3.035,3.045,176.31571845678764
3.045,3.055,175.37526158684076
3.055,3.065,174.05925979834052
3.065,3.075,172.48661659037813
3.075,3.085,170.9886823351966
3.085,3.095,171.00370230694512
3.095,3.105,170.32684381051394
3.105,3.115,169.61741727779562
3.115,3.125,169.44704867009509
3.125,3.135,167.95535614877173
3.135,3.145,166.57202909066646
3.145,3.155,165.84404005712557
3.155,3.165,165.6615044739615
3.165,3.175,165.76892052153767
3.175,3.185,166.0622539854333
3.185,3.195,166.43261512305313
3.195,3.205,166.60165043072357
3.205,3.215,166.31084418481922
3.215,3.225,166.31295654451472
3.225,3.235,172.81007899523058
3.235,3.245,172.11646868492798
3.245,3.255,171.15953848099338
3.255,3.265,169.83180603867265
3.265,3.275,168.24312222117817
3.275,3.285,166.58165379044033
3.285,3.295,164.77610283202154
3.295,3.305,162.7781717710485
3.305,3.315,160.28402331974016
3.315,3.325,157.31605323700484
3.325,3.335,154.48796545983927
3.335,3.345,151.2461763916806
3.345,3.355,147.40240282110892
3.355,3.365,144.6402621788905
3.365,3.375,142.82404463478957
3.375,3.385,0.0
3.385,3.395,0.0
3.395,3.405,0.0
3.405,3.415,0.0
3.415,3.425,0.0
3.425,3.435,0.0
3.435,3.445,0.0
3.445,3.455,0.0
3.455,3.465,0.0
3.465,3.475,0.0
3.475,3.485,0.0
3.485,3.495,0.0
3.495,3.505,0.0
3.505,3.515,0.0
3.515,3.525,0.0
3.525,3.535,0.0
3.535,3.545,0.0
3.545,3.555,0.0
3.555,3.565,0.0
3.565,3.575,0.0
3.575,3.585,0.0
3.585,3.595,0.0
3.595,3.605,0.0
3.605,3.615,0.0
3.615,3.625,0.0
3.625,3.635,0.0
3.635,3.645,0.0
3.645,3.655,0.0
3.655,3.665,0.0
3.665,3.675,0.0
3.675,3.685,0.0
3.685,3.695,0.0
3.695,3.705,0.0
3.705,3.715,0.0
3.715,3.725,0.0
3.725,3.735,0.0
3.735,3.745,0.0
3.745,3.755,0.0
3.755,3.765,0.0
3.765,3.775,0.0
3.775,3.785,0.0
3.785,3.795,0.0
3.795,3.805,0.0
3.805,3.815,0.0
3.815,3.825,0.0
3.825,3.835,0.0
3.835,3.845,0.0
3.845,3.855,0.0
3.855,3.865,0.0
3.865,3.875,0.0
3.875,3.885,0.0
3.885,3.895,0.0
3.895,3.905,0.0
3.905,3.915,160.5712651863122
3.915,3.925,160.41471489358455
3.925,3.935,159.93351222643466
3.935,3.945,159.46956129478997
3.945,3.955,159.11105119887287
3.955,3.965,158.4529199541902
3.965,3.975,157.97764460120453
3.975,3.985,157.12819342804278
3.985,3.995,155.83172856655705
3.995,4.005,155.250738285534
4.005,4.015,154.93024952145862
4.015,4.025,154.74087579012482
4.025,4.035,154.61032285885267
4.035,4.045,154.7299648498063
4.045,4.055,154.9452580577786
4.055,4.065,155.09540371844548
4.065,4.075,154.97995359105263
4.075,4.085,0.0
4.085,4.095,0.0
4.095,4.105,0.0
4.105,4.115,0.0
4.115,4.125,0.0
4.125,4.135,0.0
4.135,4.145,0.0
4.145,4.155,0.0
4.155,4.165,0.0
4.165,4.175,0.0
4.175,4.185,0.0
4.185,4.195,0.0
4.195,4.205,0.0
4.205,4.215,0.0
4.215,4.225,0.0
4.225,4.235,0.0
4.235,4.245,0.0
4.245,4.255,0.0
4.255,4.265,0.0
4.265,4.275,0.0
4.275,4.285,0.0
4.285,4.295,0.0
4.295,4.305,0.0
4.305,4.315,0.0
4.315,4.325,0.0
4.325,4.335,0.0
4.335,4.345,0.0
4.345,4.355,0.0
4.355,4.365,0.0
4.365,4.375,0.0
4.375,4.385,0.0
4.385,4.395,0.0
4.395,4.405,0.0
4.405,4.415,0.0
4.415,4.425,0.0
4.425,4.435,0.0
4.435,4.445,0.0
4.445,4.455,0.0
4.455,4.465,0.0
4.465,4.475,0.0
4.475,4.485,0.0
4.485,4.495,0.0
4.495,4.505,0.0
4.505,4.515,0.0
4.515,4.525,0.0
4.525,4.535,0.0
4.535,4.545,0.0
4.545,4.555,0.0
4.555,4.565,0.0
4.565,4.575,0.0
4.575,4.585,0.0
4.585,4.595,0.0
4.595,4.605,0.0
4.605,4.615,0.0
4.615,4.625,0.0
4.625,4.635,0.0
4.635,4.645,0.0
4.645,4.655,0.0
4.655,4.665,0.0
4.665,4.675,0.0
4.675,4.685,0.0
4.685,4.695,0.0
4.695,4.705,0.0
4.705,4.715,0.0
4.715,4.725,0.0
4.725,4.735,0.0
4.735,4.745,0.0
4.745,4.755,0.0
4.755,4.765,0.0
4.765,4.775,0.0
4.775,4.785,0.0
4.785,4.795,0.0
4.795,4.805,0.0
4.805,4.815,0.0
4.815,4.825,0.0
4.825,4.835,0.0
4.835,4.845,0.0
4.845,4.855,0.0
4.855,4.865,0.0
4.865,4.875,0.0
4.875,4.885,0.0
4.885,4.895,0.0
4.895,4.905,0.0
4.905,4.915,0.0
4.915,4.925,0.0
4.925,4.935,0.0
4.935,4.945,0.0
4.945,4.955,0.0
4.955,4.965,0.0
4.965,4.975,0.0
4.975,4.985,0.0
4.985,4.995,0.0
4.995,5.005,0.0
5.005,5.015,0.0
5.015,5.025,0.0
5.025,5.035,0.0
5.035,5.045,0.0
5.045,5.055,0.0
5.055,5.065,0.0
5.065,5.075,181.3500307662879
5.075,5.085,188.05848045576025
5.085,5.095,188.67304762458548
5.095,5.105,188.19174091896977
5.105,5.115,186.28667362748092
5.115,5.125,184.98623728226497
5.125,5.135,184.79907455130027
5.135,5.145,185.20420237040696
5.145,5.155,185.49897532708448
5.155,5.165,185.31828832469844
5.165,5.175,184.697792598192
5.175,5.185,183.70132175143755
5.185,5.195,182.69627538238808
5.195,5.205,183.47982539524048
5.205,5.215,182.26352468447303
5.215,5.225,180.30772335930644
5.225,5.235,178.00375442365322
5.235,5.245,173.59904361718603
5.245,5.255,172.16598547257945
5.255,5.265,170.94764343265814
5.265,5.275,169.52251940178442
5.275,5.285,168.59458537476186
5.285,5.295,168.0030409726353
5.295,5.305,167.6002682038342
5.305,5.315,167.41617872483533
5.315,5.325,167.30581058541367
5.325,5.335,167.03968865432827
5.335,5.345,166.5102774331604
5.345,5.355,165.655951835924
5.355,5.365,164.38312165559768
5.365,5.375,0.0
5.375,5.385,0.0
5.385,5.395,0.0
5.395,5.405,0.0
5.405,5.415,0.0
5.415,5.425,0.0
5.425,5.435,0.0
5.435,5.445,0.0
5.445,5.455,0.0
5.455,5.465,0.0
5.465,5.475,0.0
5.475,5.485,161.85778074034133
5.485,5.495,162.97986074343217
5.495,5.505,164.23135172797865
5.505,5.515,164.77863036939755
5.515,5.525,165.27751604535698
5.525,5.535,164.54092427173046
5.535,5.545,163.86244796982666
5.545,5.555,163.44406731633435
5.555,5.565,162.58667423327293
5.565,5.575,161.57264923193543
5.575,5.585,160.67438407924573
5.585,5.595,159.64019146409743
5.595,5.605,0.0
5.605,5.615,0.0
5.615,5.625,0.0
5.625,5.635,0.0
5.635,5.645,0.0
5.645,5.655,0.0
5.655,5.665,0.0
5.665,5.675,0.0
5.675,5.685,0.0
5.685,5.695,0.0
5.695,5.705,160.63731666118244
5.705,5.715,160.60868116953253
5.715,5.725,160.2936963178204
5.725,5.735,159.76304342138712
5.735,5.745,159.21094317112332
5.745,5.755,158.7154240189866
5.755,5.765,158.31292339485316
5.765,5.775,158.03137808189126
5.775,5.785,157.9479225832776
5.785,5.795,157.84601751087834
5.795,5.805,157.57832524318414
5.805,5.815,157.3014381621508
5.815,5.825,157.05309121916352
5.825,5.835,156.86975321956007
5.835,5.845,156.671278446717
5.845,5.855,156.2796580535234
5.855,5.865,155.6009087023576
5.865,5.875,154.49576934221696
5.875,5.885,0.0
5.885,5.895,0.0
5.895,5.905,0.0
5.905,5.915,0.0
5.915,5.925,0.0
5.925,5.935,0.0
5.935,5.945,0.0
5.945,5.955,0.0
5.955,5.965,0.0
5.965,5.975,0.0
5.975,5.985,0.0
5.985,5.995,0.0
5.995,6.005,0.0
6.005,6.015,0.0
6.015,6.025,0.0
6.025,6.035,0.0
6.035,6.045,0.0
6.045,6.055,0.0
6.055,6.065,0.0
6.065,6.075,0.0
6.075,6.085,0.0
6.085,6.095,0.0
6.095,6.105,0.0
6.105,6.115,0.0
6.115,6.125,0.0
6.125,6.135,0.0
6.135,6.145,0.0
6.145,6.155,0.0
6.155,6.165,0.0
6.165,6.175,0.0
6.175,6.185,0.0
6.185,6.195,0.0
6.195,6.205,0.0
6.205,6.215,0.0
6.215,6.225,0.0
6.225,6.235,0.0
6.235,6.245,0.0
6.245,6.255,153.4452371799441
6.255,6.265,150.830981345246
6.265,6.275,147.31119210618414
6.275,6.285,143.30363840142036
6.285,6.295,140.15046099380862
6.295,6.305,137.95887362782426
6.305,6.315,136.42939474838798
6.315,6.325,0.0
6.325,6.335,0.0
6.335,6.345,0.0
6.345,6.355,0.0
6.355,6.365,0.0
6.365,6.375,0.0
6.375,6.385,0.0
6.385,6.395,0.0
6.395,6.405,0.0
6.405,6.415,0.0
6.415,6.425,0.0
6.425,6.435,0.0
6.435,6.445,0.0
6.445,6.455,0.0
6.455,6.465,0.0
6.465,6.475,0.0
6.475,6.485,0.0
6.485,6.495,0.0
6.495,6.505,0.0
6.505,6.515,0.0
6.515,6.525,0.0
6.525,6.535,0.0
6.535,6.545,0.0
6.545,6.555,0.0
6.555,6.565,0.0
6.565,6.575,0.0
6.575,6.585,0.0
6.585,6.595,0.0
6.595,6.605,0.0
6.605,6.615,0.0
6.615,6.625,0.0
6.625,6.635,0.0
6.635,6.645,0.0
6.645,6.655,0.0
6.655,6.665,0.0
6.665,6.675,0.0
6.675,6.685,0.0
6.685,6.695,0.0
6.695,6.705,0.0
6.705,6.715,0.0
6.715,6.725,0.0
6.725,6.735,0.0
6.735,6.745,0.0
6.745,6.755,0.0
6.755,6.765,0.0
6.765,6.775,0.0
6.775,6.785,0.0
6.785,6.795,0.0
6.795,6.805,0.0
6.805,6.815,0.0
6.815,6.825,0.0
6.825,6.835,0.0
6.835,6.845,0.0
6.845,6.855,0.0
6.855,6.865,0.0
6.865,6.875,0.0
6.875,6.885,0.0
6.885,6.895,0.0
6.895,6.905,0.0
6.905,6.915,0.0
6.915,6.925,0.0
6.925,6.935,0.0
6.935,6.945,0.0
6.945,6.955,0.0
6.955,6.965,0.0
6.965,6.975,0.0
6.975,6.985,0.0
6.985,6.995,0.0
6.995,7.005,0.0
7.005,7.015,0.0
7.015,7.025,0.0
7.025,7.035,0.0
7.035,7.045,0.0
7.045,7.055,0.0
7.055,7.065,0.0
7.065,7.075,0.0
7.075,7.085,0.0
7.085,7.095,0.0
7.095,7.105,0.0
7.105,7.115,0.0
7.115,7.125,0.0
7.125,7.135,0.0
7.135,7.145,0.0
7.145,7.155,0.0
7.155,7.165,0.0
7.165,7.175,0.0
7.175,7.185,0.0
7.185,7.195,0.0
7.195,7.205,0.0
7.205,7.215,0.0
7.215,7.225,0.0
7.225,7.235,0.0
7.235,7.245,0.0
7.245,7.255,0.0
7.255,7.265,0.0
7.265,7.275,0.0
7.275,7.285,0.0
7.285,7.295,0.0
7.295,7.305,0.0
7.305,7.315,0.0
7.315,7.325,0.0
7.325,7.335,0.0
7.335,7.345,0.0
7.345,7.355,0.0
7.355,7.365,0.0
7.365,7.375,0.0
7.375,7.385,0.0
7.385,7.395,0.0
7.395,7.405,0.0
7.405,7.415,0.0
7.415,7.425,0.0
7.425,7.435,0.0
7.435,7.445,0.0
7.445,7.455,0.0
7.455,7.465,0.0
7.465,7.475,0.0
7.475,7.485,0.0
7.485,7.495,0.0
7.495,7.505,0.0
7.505,7.515,0.0
7.515,7.525,0.0
7.525,7.535,0.0
7.535,7.545,0.0
7.545,7.555,0.0
7.555,7.565,0.0
7.565,7.575,0.0
7.575,7.585,0.0
7.585,7.595,0.0
7.595,7.605,0.0
7.605,7.615,0.0
7.615,7.625,0.0
7.625,7.635,0.0
7.635,7.645,0.0
7.645,7.655,0.0
7.655,7.665,0.0
7.665,7.675,0.0
7.675,7.685,0.0
7.685,7.695,0.0
7.695,7.705,0.0
7.705,7.715,0.0
7.715,7.725,0.0
7.725,7.735,0.0
7.735,7.745,0.0
7.745,7.755,0.0
7.755,7.765,0.0
7.765,7.775,0.0
7.775,7.785,184.30676729130337
7.785,7.795,184.76824931763048
7.795,7.805,184.32326687153463
7.805,7.815,182.21423946204482
7.815,7.825,179.1555178694543
7.825,7.835,177.37306738557953
7.835,7.845,175.8815261388515
7.845,7.855,173.91015688781977
7.855,7.865,170.3755346110098
7.865,7.875,168.68983272946613
7.875,7.885,167.82364615661828
7.885,7.895,167.28210873425016
7.895,7.905,162.79111945115727
7.905,7.915,161.7516128197029
7.915,7.925,161.59698720074624
7.925,7.935,0.0
7.935,7.945,0.0
7.945,7.955,0.0
7.955,7.965,0.0
7.965,7.975,0.0
7.975,7.985,0.0
7.985,7.995,0.0
7.995,8.005,0.0
8.005,8.015,0.0
8.015,8.025,0.0
8.025,8.035,255.08899907852773
8.035,8.045,253.44319349660046
8.045,8.055,244.51214818818366
8.055,8.065,160.20194767882052
8.065,8.075,163.77491069525504
8.075,8.085,167.16744097107033
8.085,8.095,169.18348034916272
8.095,8.105,170.4724114022344
8.105,8.115,170.942937621324
8.115,8.125,170.81434578950524
8.125,8.135,170.51996117751628
8.135,8.145,170.2742766175293
8.145,8.155,170.0508739502536
8.155,8.165,170.08647090648387
8.165,8.175,170.46924553573388
8.175,8.185,170.88283223791225
8.185,8.195,171.07223418473026
8.195,8.205,170.92194675291842
8.205,8.215,170.57304067325083
8.215,8.225,170.11795822693838
8.225,8.235,169.69082209845777
8.235,8.245,169.45046493029523
8.245,8.255,169.20816398077702
8.255,8.265,168.89419586280195
8.265,8.275,168.6698291690991
8.275,8.285,168.68703835087473
8.285,8.295,168.92522922480023
8.295,8.305,169.0449167265549
8.305,8.315,168.93795640778725
8.315,8.325,168.78723914956498
8.325,8.335,168.6422147270402
8.335,8.345,168.4613037732645
8.345,8.355,168.22163447710406
8.355,8.365,168.12511627205737
8.365,8.375,168.2308983264254
8.375,8.385,168.42636966683494
8.385,8.395,168.52491204302112
8.395,8.405,168.3610796621204
8.405,8.415,167.95129936513734
8.415,8.425,167.30592193461163
8.425,8.435,166.64776114224634
8.435,8.445,166.29666692761035
8.445,8.455,166.2515880420779
8.455,8.465,166.43650582968138
8.465,8.475,166.647458477469
8.475,8.485,166.7439276147566
8.485,8.495,166.87631009130916
8.495,8.505,167.14054016403355
8.505,8.515,167.17147764151838
8.515,8.525,166.2284593489235
8.525,8.535,163.89389024567373
8.535,8.545,160.37708973646883
8.545,8.555,157.07229155415618
8.555,8.565,155.52204362424928
8.565,8.575,156.40368655027058
8.575,8.585,160.6673549853518
8.585,8.595,168.28034464512805
8.595,8.605,177.81183821055956
8.605,8.615,187.8402449788353
8.615,8.625,193.8611001434201
8.625,8.635,199.0159295616181
8.635,8.645,203.39713901687642
8.645,8.655,205.97253411637854
8.655,8.665,207.3063861009927
8.665,8.675,209.83580330149513
8.675,8.685,211.60695734025683
8.685,8.695,212.10606577850098
8.695,8.705,211.6012485686783
8.705,8.715,210.23776052743972
8.715,8.725,208.34857237792116
8.725,8.735,206.8240806080698
8.735,8.745,207.1448217995781
8.745,8.755,205.2828915092302
8.755,8.765,202.26910328236255
8.765,8.775,199.15350444393616
8.775,8.785,195.4099569153385
8.785,8.795,191.48994637279046
8.795,8.805,187.80779050867224
8.805,8.815,184.0052234533213
8.815,8.825,179.86068782684302
8.825,8.835,175.78960903984233
8.835,8.845,172.98553302606942
8.845,8.855,171.09584933463407
8.855,8.865,0.0
8.865,8.875,0.0
8.875,8.885,0.0
8.885,8.895,178.21506068290853
8.895,8.905,180.07487376310422
8.905,8.915,181.27940826142978
8.915,8.925,182.0911779360454
8.925,8.935,182.3853527410142
8.935,8.945,181.2969402503263
8.945,8.955,0.0
8.955,8.965,0.0
8.965,8.975,0.0
8.975,8.985,0.0
8.985,8.995,0.0
8.995,9.005,0.0
9.005,9.015,0.0
9.015,9.025,0.0
9.025,9.035,0.0
9.035,9.045,0.0
9.045,9.055,0.0
9.055,9.065,0.0
9.065,9.075,0.0
9.075,9.085,0.0
9.085,9.095,0.0
9.095,9.105,0.0
9.105,9.115,214.1775586607637
9.115,9.125,211.4706126346689
9.125,9.135,210.02952647800552
9.135,9.145,209.2912750380563
9.145,9.155,0.0
9.155,9.165,0.0
9.165,9.175,0.0
9.175,9.185,0.0
9.185,9.195,0.0
9.195,9.205,222.60457518797622
9.205,9.215,224.1556214229481
9.215,9.225,225.8426252959787
9.225,9.235,227.82412736926767
9.235,9.245,229.08744614007642
9.245,9.255,229.6389258353289
9.255,9.265,230.03418110081998
9.265,9.275,230.94308834197216
9.275,9.285,232.65017422585424
9.285,9.295,234.6648552201402
9.295,9.305,236.9151424182514
9.305,9.315,241.33055774289488
9.315,9.325,252.2959576781935
9.325,9.335,261.8150172251168
9.335,9.345,270.78132864018363
9.345,9.355,283.3059607691926
9.355,9.365,301.62237476232826
9.365,9.375,331.88127727915844
9.375,9.385,334.54658977899174
9.385,9.395,336.7574444018219
9.395,9.405,340.3926540446327
9.405,9.415,344.10252910187654
9.415,9.425,346.9389854161279
9.425,9.435,348.2478741673264
9.435,9.445,347.5309697944711
9.445,9.455,345.0011441244291
9.455,9.465,341.64053391414944
9.465,9.475,338.28133615203717
9.475,9.485,334.99290524868087
9.485,9.495,331.21151708599797
9.495,9.505,322.5606933621472
9.505,9.515,302.52588249989395
9.515,9.525,296.34934093389427
9.525,9.535,284.60258600188916
9.535,9.545,275.04354129522966
9.545,9.555,268.8251605973558
9.555,9.565,262.6037365747292
9.565,9.575,256.29755222194865
9.575,9.585,250.96850847870778
9.585,9.595,246.1887464550429
9.595,9.605,240.15684489734602
9.605,9.615,232.61777801048186
9.615,9.625,226.0808178166834
9.625,9.635,219.62060194364597
9.635,9.645,210.8477358480535
9.645,9.655,0.0
9.655,9.665,0.0
9.665,9.675,0.0
9.675,9.685,0.0
9.685,9.695,0.0
9.695,9.705,0.0
9.705,9.715,173.63203348122386
9.715,9.725,183.2679617316428
9.725,9.735,189.47698715715657
9.735,9.745,192.11233007217447
9.745,9.755,192.3432952651238
9.755,9.765,191.05540997996977
9.765,9.775,189.2530892242858
9.775,9.785,187.65001867258408
9.785,9.795,186.50995811741217
9.795,9.805,185.7761550278524
9.805,9.815,185.20926212601077
9.815,9.825,184.71357108310687
9.825,9.835,184.29565187915586
9.835,9.845,184.01500312267476
9.845,9.855,183.45205891250447
9.855,9.865,183.0646626867238
9.865,9.875,183.57036941762453
9.875,9.885,183.6179388139134
9.885,9.895,183.8271021727109
9.895,9.905,184.29343306650796
9.905,9.915,184.6965584232814
9.915,9.925,184.93552346992422
9.925,9.935,185.063156592509
9.935,9.945,185.026503829098
9.945,9.955,184.685158607873
9.955,9.965,184.10135903762458
9.965,9.975,183.45025897753894
9.975,9.985,182.84618459315774
9.985,9.995,182.23333959178362
9.995,10.005,181.36295346946793
10.005,10.015,180.44051696073575
10.015,10.025,179.36987110378823
10.025,10.035,0.0
10.035,10.045,0.0
10.045,10.055,0.0
10.055,10.065,0.0
10.065,10.075,0.0
10.075,10.085,0.0
10.085,10.095,0.0
10.095,10.105,0.0
10.105,10.115,331.8648560571969
10.115,10.125,322.22276937859243
10.125,10.135,320.0427002911636
10.135,10.145,0.0
10.145,10.155,184.06586417192847
10.155,10.165,185.67925809416485
10.165,10.175,186.66341742306776
10.175,10.185,187.22849708774513
10.185,10.195,187.1922581723318
10.195,10.205,186.6293669078758
10.205,10.215,185.8545397874239
10.215,10.225,184.8524258751634
10.225,10.235,183.84604137992446
10.235,10.245,183.07385040418913
10.245,10.255,182.5006158921077
10.255,10.265,182.03319989865386
10.265,10.275,181.51933627398913
10.275,10.285,181.012582954485
10.285,10.295,180.67980226084575
10.295,10.305,180.54963484338353
10.305,10.315,180.47816889105468
10.315,10.325,180.45268372784602
10.325,10.335,180.4835344536703
10.335,10.345,179.62761264534169
10.345,10.355,0.0
10.355,10.365,0.0
10.365,10.375,0.0
10.375,10.385,0.0
10.385,10.395,0.0
10.395,10.405,0.0
10.405,10.415,0.0
10.415,10.425,0.0
10.425,10.435,0.0
10.435,10.445,0.0
10.445,10.455,0.0
10.455,10.465,0.0
10.465,10.475,0.0
10.475,10.485,184.54828767987533
10.485,10.495,199.56565179370781
10.495,10.505,200.2611480006782
10.505,10.515,200.32826030786669
10.515,10.525,199.90526863534592
10.525,10.535,198.25798736423695
10.535,10.545,196.3491189583927
10.545,10.555,196.8154032007663
10.555,10.565,0.0
10.565,10.575,0.0
10.575,10.585,0.0
10.585,10.595,0.0
10.595,10.605,0.0
10.605,10.615,0.0
10.615,10.625,0.0
10.625,10.635,0.0
10.635,10.645,0.0
10.645,10.655,0.0
10.655,10.665,0.0
10.665,10.675,0.0
10.675,10.685,0.0
10.685,10.695,0.0
10.695,10.705,0.0
10.705,10.715,0.0
10.715,10.725,0.0
10.725,10.735,0.0
10.735,10.745,0.0
10.745,10.755,0.0
10.755,10.765,0.0
10.765,10.775,0.0
10.775,10.785,0.0
10.785,10.795,0.0
10.795,10.805,192.39158325671136
10.805,10.815,193.76529212165494
10.815,10.825,192.54936068512177
10.825,10.835,189.47030140565954
10.835,10.845,187.02405623996768
10.845,10.855,185.39524547856325
10.855,10.865,184.20407126475646
10.865,10.875,183.44273211996423
10.875,10.885,182.88233688212398
10.885,10.895,182.18587312025397
10.895,10.905,181.24877122711925
10.905,10.915,180.40854638262994
10.915,10.925,179.7977473213389
10.925,10.935,179.3955835942541
10.935,10.945,179.2281794425373
10.945,10.955,179.11735346294682
10.955,10.965,178.91638997261012
10.965,10.975,178.68100206079504
10.975,10.985,178.64824243205427
10.985,10.995,178.791529122853
10.995,11.005,178.91349153275036
11.005,11.015,178.8740521902872
11.015,11.025,178.69047746254208
11.025,11.035,178.57661915119317
11.035,11.045,178.68882215506008
11.045,11.055,178.9161910791567
11.055,11.065,178.98826279365642
11.065,11.075,178.76615864767794
11.075,11.085,178.2461331065029
11.085,11.095,177.59130394688103
11.095,11.105,177.01771997063386
11.105,11.115,176.59233198160615
11.115,11.125,176.28245843660844
11.125,11.135,176.10090187865288
11.135,11.145,176.02755458671348
11.145,11.155,175.88599380670735
11.155,11.165,175.5114888612903
11.165,11.175,174.93654473408256
11.175,11.185,174.29728903197432
11.185,11.195,173.54783979530376
11.195,11.205,172.85343936361232
11.205,11.215,172.43876214798462
11.215,11.225,172.21793126585843
11.225,11.235,172.2192743857883
11.235,11.245,172.4663114128435
11.245,11.255,172.81255677075063
11.255,11.265,173.1728867433811
11.265,11.275,173.58633815852042
11.275,11.285,173.95686700567907
11.285,11.295,174.03622698097269
11.295,11.305,173.67771564040305
11.305,11.315,172.9167311662014
11.315,11.325,172.02331410305024
11.325,11.335,171.2136935329631
11.335,11.345,170.34146646243238
11.345,11.355,169.12176228619836
11.355,11.365,167.73694764648042
11.365,11.375,166.68548081821302
11.375,11.385,165.11924695045732
11.385,11.395,0.0
11.395,11.405,0.0
11.405,11.415,0.0
11.415,11.425,0.0
11.425,11.435,0.0
11.435,11.445,0.0
11.445,11.455,0.0
11.455,11.465,0.0
11.465,11.475,0.0
11.475,11.485,0.0
11.485,11.495,0.0
11.495,11.505,0.0
11.505,11.515,0.0
11.515,11.525,0.0
11.525,11.535,0.0
11.535,11.545,0.0
11.545,11.555,0.0
11.555,11.565,0.0
11.565,11.575,0.0
11.575,11.585,0.0
11.585,11.595,0.0
11.595,11.605,0.0
11.605,11.615,0.0
11.615,11.625,0.0
11.625,11.635,0.0
11.635,11.645,0.0
11.645,11.655,0.0
11.655,11.665,0.0
11.665,11.675,0.0
11.675,11.685,0.0
11.685,11.695,0.0
11.695,11.705,0.0
11.705,11.715,0.0
11.715,11.725,0.0
11.725,11.735,0.0
11.735,11.745,0.0
11.745,11.755,0.0
11.755,11.765,0.0
11.765,11.775,0.0
11.775,11.785,0.0
11.785,11.795,0.0
11.795,11.805,0.0
11.805,11.815,0.0
11.815,11.825,0.0
11.825,11.835,0.0
11.835,11.845,0.0
11.845,11.855,0.0
11.855,11.865,0.0
11.865,11.875,0.0
11.875,11.885,0.0
11.885,11.895,0.0
11.895,11.905,0.0
11.905,11.915,0.0
11.915,11.925,0.0
11.925,11.935,0.0
11.935,11.945,0.0
11.945,11.955,178.25874935091215
11.955,11.965,178.23579141749778
11.965,11.975,177.99515026607295
11.975,11.985,177.78237274550696
11.985,11.995,177.75794796822203
11.995,12.005,177.7572720324909
12.005,12.015,177.96393773465147
12.015,12.025,178.3724634080174
12.025,12.035,178.52083427153215
12.035,12.045,178.27815704857517
12.045,12.055,177.92327403072667
12.055,12.065,177.55992788690412
12.065,12.075,177.1159211244458
12.075,12.085,176.63490120284212
12.085,12.095,176.17441853561186
12.095,12.105,175.7595327125044
12.105,12.115,175.49775342373778
12.115,12.125,175.4994278475044
12.125,12.135,175.67686712045565
12.135,12.145,175.7204037746053
12.145,12.155,175.64217814739663
12.155,12.165,175.53853140078408
12.165,12.175,175.27031012270518
12.175,12.185,174.8357150051247
12.185,12.195,174.38664641813725
12.195,12.205,173.9988922696155
12.205,12.215,173.50073855122136
12.215,12.225,172.9891817956309
12.225,12.235,172.75656099740272
12.235,12.245,172.7406699463324
12.245,12.255,172.71651828482106
12.255,12.265,172.51566680509802
12.265,12.275,172.32536789118674
12.275,12.285,172.33197336648794
12.285,12.295,172.3468102888592
12.295,12.305,172.29640112207116
12.305,12.315,172.08833599404997
12.315,12.325,171.68264807396616
12.325,12.335,171.27475682300175
12.335,12.345,170.87755603406887
12.345,12.355,170.3582883754444
12.355,12.365,169.76246224071713
12.365,12.375,169.1985839931541
12.375,12.385,168.62929273901344
12.385,12.395,167.97177687201432
12.395,12.405,167.37149942068984
12.405,12.415,167.14753120453187
12.415,12.425,167.2075847512316
12.425,12.435,167.35493270462578
12.435,12.445,167.5907764297898
12.445,12.455,167.846440437307
12.455,12.465,168.0646359305069
12.465,12.475,168.24456798743333
12.475,12.485,168.36437961897258
12.485,12.495,168.27272470876656
12.495,12.505,167.86767804250948
12.505,12.515,167.06949284519558
12.515,12.525,165.8815722378802
12.525,12.535,164.8886965646304
12.535,12.545,164.41909003931093
12.545,12.555,164.05003325144565
12.555,12.565,163.6366832654941
12.565,12.575,163.3382669806885
12.575,12.585,163.0169816667597
12.585,12.595,162.94554472000584
12.595,12.605,163.23416614945842
12.605,12.615,163.34764688912296
12.615,12.625,163.2124198602838
12.625,12.635,163.0503997813354
12.635,12.645,162.9780129041839
12.645,12.655,162.97446256848653
12.655,12.665,0.0
12.665,12.675,0.0
12.675,12.685,0.0
12.685,12.695,0.0
12.695,12.705,0.0
12.705,12.715,0.0
12.715,12.725,0.0
12.725,12.735,0.0
12.735,12.745,0.0
12.745,12.755,0.0
12.755,12.765,0.0
12.765,12.775,0.0
12.775,12.785,0.0
12.785,12.795,0.0
12.795,12.805,0.0
12.805,12.815,0.0
12.815,12.825,0.0
12.825,12.835,0.0
12.835,12.845,0.0
12.845,12.855,0.0
12.855,12.865,0.0
12.865,12.875,0.0
12.875,12.885,0.0
12.885,12.895,0.0
12.895,12.905,0.0
12.905,12.915,0.0
12.915,12.925,0.0
12.925,12.935,0.0
12.935,12.945,0.0
12.945,12.955,0.0
12.955,12.965,0.0
12.965,12.975,0.0
12.975,12.985,0.0
12.985,12.995,0.0
12.995,13.005,0.0
13.005,13.015,0.0
13.015,13.025,0.0
13.025,13.035,0.0
13.035,13.045,0.0
13.045,13.055,0.0
13.055,13.065,0.0
13.065,13.075,0.0
13.075,13.085,0.0
13.085,13.095,0.0
13.095,13.105,0.0
13.105,13.115,0.0
13.115,13.125,0.0
13.125,13.135,0.0
13.135,13.145,0.0
13.145,13.155,0.0
13.155,13.165,0.0
13.165,13.175,0.0
13.175,13.185,0.0
13.185,13.195,0.0
13.195,13.205,0.0
13.205,13.215,0.0
13.215,13.225,0.0
13.225,13.235,0.0
13.235,13.245,0.0
13.245,13.255,0.0
13.255,13.265,0.0
13.265,13.275,0.0
13.275,13.285,0.0
13.285,13.295,0.0
13.295,13.305,0.0
13.305,13.315,0.0
13.315,13.325,0.0
13.325,13.335,0.0
13.335,13.345,0.0
13.345,13.355,0.0
13.355,13.365,0.0
13.365,13.375,0.0
13.375,13.385,0.0
13.385,13.395,0.0
13.395,13.405,0.0
13.405,13.415,0.0
13.415,13.425,0.0
13.425,13.435,0.0
13.435,13.445,0.0
13.445,13.455,0.0
13.455,13.465,0.0
13.465,13.475,0.0
13.475,13.485,0.0
13.485,13.495,0.0
13.495,13.505,0.0
13.505,13.515,0.0
13.515,13.525,0.0
13.525,13.535,0.0
13.535,13.545,0.0
13.545,13.555,0.0
13.555,13.565,0.0
13.565,13.575,0.0
13.575,13.585,0.0
13.585,13.595,0.0
13.595,13.605,0.0
13.605,13.615,0.0
13.615,13.625,0.0
13.625,13.635,0.0
13.635,13.645,0.0
13.645,13.655,0.0
13.655,13.665,0.0
13.665,13.675,0.0
13.675,13.685,0.0
13.685,13.695,0.0
13.695,13.705,0.0
13.705,13.715,0.0
13.715,13.725,0.0
13.725,13.735,0.0
13.735,13.745,0.0
13.745,13.755,0.0
13.755,13.765,0.0
13.765,13.775,0.0
13.775,13.785,0.0
13.785,13.795,0.0
13.795,13.805,0.0
13.805,13.815,0.0
13.815,13.825,0.0
13.825,13.835,0.0
13.835,13.845,0.0
13.845,13.855,0.0
13.855,13.865,0.0
13.865,13.875,0.0
13.875,13.885,0.0
13.885,13.895,0.0
13.895,13.905,0.0
13.905,13.915,0.0
13.915,13.925,0.0
13.925,13.935,0.0
13.935,13.945,0.0
13.945,13.955,0.0
13.955,13.965,0.0
13.965,13.975,0.0
13.975,13.985,0.0
13.985,13.995,0.0
13.995,14.005,0.0
14.005,14.015,0.0
14.015,14.025,0.0
14.025,14.035,0.0
14.035,14.045,0.0
14.045,14.055,0.0
14.055,14.065,0.0
14.065,14.075,0.0
14.075,14.085,0.0
14.085,14.095,0.0
14.095,14.105,0.0
14.105,14.115,0.0
14.115,14.125,0.0
14.125,14.135,0.0
14.135,14.145,0.0
14.145,14.155,0.0
14.155,14.165,0.0
14.165,14.175,0.0
14.175,14.185,0.0
14.185,14.195,0.0
14.195,14.205,0.0
14.205,14.215,152.8011823058819
14.215,14.225,157.1269655868776
14.225,14.235,160.70215565490395
14.235,14.245,163.57672507036332
14.245,14.255,165.38433397873249
14.255,14.265,166.54987746134503
14.265,14.275,167.22660300279185
14.275,14.285,167.4832536860295
14.285,14.295,167.50064241774442
14.295,14.305,167.5103161523879
14.305,14.315,167.80855200142966
14.315,14.325,168.5503650297889
14.325,14.335,169.61039024088916
14.335,14.345,170.6516444782072
14.345,14.355,171.51040702257828
14.355,14.365,171.95351006247165
14.365,14.375,171.89744220452383
14.375,14.385,171.39050453217934
14.385,14.395,170.21467219004901
14.395,14.405,168.7043004593741
14.405,14.415,167.78734825690458
14.415,14.425,167.8254287911969
14.425,14.435,168.34758286469946
14.435,14.445,168.64922688832397
14.445,14.455,168.3909939673525
14.455,14.465,167.70846003119257
14.465,14.475,0.0
14.475,14.485,0.0
14.485,14.495,0.0
14.495,14.505,0.0
14.505,14.515,0.0
14.515,14.525,0.0
14.525,14.535,0.0
14.535,14.545,0.0
14.545,14.555,176.93432569946503
14.555,14.565,176.358732450831
14.565,14.575,175.8864674588562
14.575,14.585,175.3628887894837
14.585,14.595,174.62403601641378
14.595,14.605,173.4465977407579
14.605,14.615,171.67340767087745
14.615,14.625,0.0
14.625,14.635,0.0
14.635,14.645,0.0
14.645,14.655,0.0
14.655,14.665,0.0
14.665,14.675,0.0
14.675,14.685,0.0
14.685,14.695,0.0
14.695,14.705,0.0
14.705,14.715,0.0
14.715,14.725,0.0
14.725,14.735,182.3504557983468
14.735,14.745,179.84937049595678
14.745,14.755,177.1040351171239
14.755,14.765,174.879054930775
14.765,14.775,173.10074158554482
14.775,14.785,171.67489488422723
14.785,14.795,170.92137104307673
14.795,14.805,170.91964002372308
14.805,14.815,0.0
14.815,14.825,0.0
14.825,14.835,0.0
14.835,14.845,0.0
14.845,14.855,0.0
14.855,14.865,0.0
14.865,14.875,0.0
14.875,14.885,0.0
14.885,14.895,0.0
14.895,14.905,0.0
14.905,14.915,0.0
14.915,14.925,0.0
14.925,14.935,0.0
14.935,14.945,0.0
14.945,14.955,0.0
14.955,14.965,0.0
14.965,14.975,0.0
14.975,14.985,0.0
14.985,14.995,0.0
14.995,15.005,0.0
15.005,15.015,0.0
15.015,15.025,0.0
15.025,15.035,0.0
15.035,15.045,179.87045149459914
15.045,15.055,178.3669193503482
15.055,15.065,175.18499421136482
15.065,15.075,171.47281394290428
15.075,15.085,168.60344569515135
15.085,15.095,167.16803818096145
15.095,15.105,166.73629326004612
15.105,15.115,166.61359430287789
15.115,15.125,166.597312066686
15.125,15.135,166.77873876687713
15.135,15.145,166.90997642131194
15.145,15.155,166.7054571364494
15.155,15.165,166.2656229997479
15.165,15.175,165.8837973354436
15.175,15.185,165.56011502026996
15.185,15.195,165.35997216364817
15.195,15.205,165.4263659066921
15.205,15.215,165.7862126061656
15.215,15.225,166.30382243749054
15.225,15.235,166.66295755373798
15.235,15.245,166.71627439343746
15.245,15.255,166.60009982119252
15.255,15.265,166.44784740073368
15.265,15.275,166.2143336832199
15.275,15.285,165.9076277017266
15.285,15.295,165.5544333302645
15.295,15.305,165.06372259559555
15.305,15.315,164.6450122983269
15.315,15.325,164.33530864334435
15.325,15.335,164.0155799414513
15.335,15.345,163.8182744049184
15.345,15.355,163.8052496979612
15.355,15.365,164.02307470440175
15.365,15.375,164.34959831699013
15.375,15.385,164.53376137698723
15.385,15.395,164.4293291559745
15.395,15.405,164.09026883107805
15.405,15.415,163.67575311171987
15.415,15.425,163.1156055741673
15.425,15.435,162.4494706466975
15.435,15.445,161.93442451059687
15.445,15.455,161.52434222424674
15.455,15.465,161.08050318927314
15.465,15.475,160.7267010599955
15.475,15.485,160.59727093940253
15.485,15.495,160.82627834470588
15.495,15.505,161.32108259056605
15.505,15.515,161.74448185805133
15.515,15.525,161.95149056351497
15.525,15.535,161.91565092778978
15.535,15.545,161.8299150473242
15.545,15.555,161.9630660602203
15.555,15.565,162.1800115126678
15.565,15.575,162.04657187125733
15.575,15.585,161.29299438452261
15.585,15.595,159.8274226016919
15.595,15.605,0.0
15.605,15.615,0.0
15.615,15.625,0.0
15.625,15.635,0.0
15.635,15.645,0.0
15.645,15.655,0.0
15.655,15.665,0.0
15.665,15.675,0.0
15.675,15.685,167.5664320603812
15.685,15.695,170.8502221818348
15.695,15.705,172.4353962236386
15.705,15.715,172.9409665166498
15.715,15.725,172.94031437334246
15.725,15.735,172.37098048626376
15.735,15.745,166.64298240472812
15.745,15.755,167.31986103276097
15.755,15.765,167.99727708723583
15.765,15.775,168.1027132854779
15.775,15.785,168.03600705048453
15.785,15.795,168.1450248530609
15.795,15.805,168.26614001255365
15.805,15.815,168.08124436646878
15.815,15.825,167.54435634212825
15.825,15.835,167.23347708484292
15.835,15.845,167.2081947428046
15.845,15.855,167.46341443172275
15.855,15.865,167.63954804637322
15.865,15.875,167.4724511666817
15.875,15.885,167.41509458451088
15.885,15.895,167.29350149261532
15.895,15.905,166.78307922378048
15.905,15.915,166.70516985158082
15.915,15.925,166.9057212334904
15.925,15.935,167.00961599084243
15.935,15.945,166.9262342939093
15.945,15.955,166.66534742889021
15.955,15.965,166.3791125243909
15.965,15.975,166.17124253039313
15.975,15.985,165.87476462331145
15.985,15.995,165.46248246226168
15.995,16.005,164.91905325929955
16.005,16.015,164.264837050816
16.015,16.025,163.72712389048485
16.025,16.035,163.4618227854666
16.035,16.045,163.56884203123607
16.045,16.055,163.8778642777119
16.055,16.065,164.01549141403203
16.065,16.075,163.65925814447002
16.075,16.085,162.92646349206214
16.085,16.095,162.97285784574237
16.095,16.105,164.61019382508692
16.105,16.115,166.50218443933326
16.115,16.125,167.70787703709829
16.125,16.135,169.03190057202872
16.135,16.145,171.21420255779853
16.145,16.155,0.0
16.155,16.165,0.0
16.165,16.175,0.0
16.175,16.185,0.0
16.185,16.195,0.0
16.195,16.205,0.0
16.205,16.215,178.85962480545066
16.215,16.225,180.43953329934166
16.225,16.235,182.37558317207615
16.235,16.245,184.46523324327316
16.245,16.255,186.8592418315722
16.255,16.265,189.74615618902058
16.265,16.275,191.88174196824377
16.275,16.285,192.97090515256636
16.285,16.295,193.80709413810425
16.295,16.305,194.81435596477917
16.305,16.315,196.300261466077
16.315,16.325,199.42551320429544
16.325,16.335,200.02830595363065
16.335,16.345,200.2858633559789
16.345,16.355,200.06113190062973
16.355,16.365,0.0
16.365,16.375,0.0
16.375,16.385,0.0
16.385,16.395,0.0
16.395,16.405,0.0
16.405,16.415,0.0
16.415,16.425,0.0
16.425,16.435,0.0
16.435,16.445,200.08187547141455
16.445,16.455,220.69754476383218
16.455,16.465,223.4229367550205
16.465,16.475,225.19878646154106
16.475,16.485,225.584088276198
16.485,16.495,226.45316605851917
16.495,16.505,229.15832383262622
16.505,16.515,231.49844392351775
16.515,16.525,232.96687803539288
16.525,16.535,234.21921161096773
16.535,16.545,235.11322646215692
16.545,16.555,236.0577079487285
16.555,16.565,237.11923777600052
16.565,16.575,237.93461167447043
16.575,16.585,239.1575731537192
16.585,16.595,240.77276382387657
16.595,16.605,242.0219575223396
16.605,16.615,242.6588779549312
16.615,16.625,242.57103386130024
16.625,16.635,239.2206810629453
16.635,16.645,0.0
16.645,16.655,0.0
16.655,16.665,0.0
16.665,16.675,0.0
16.675,16.685,0.0
16.685,16.695,0.0
16.695,16.705,0.0
16.705,16.715,0.0
16.715,16.725,0.0
16.725,16.735,0.0
16.735,16.745,0.0
16.745,16.755,0.0
16.755,16.765,0.0
16.765,16.775,0.0
16.775,16.785,0.0
16.785,16.795,0.0
16.795,16.805,0.0
16.805,16.815,0.0
16.815,16.825,0.0
16.825,16.835,0.0
16.835,16.845,0.0
16.845,16.855,0.0
16.855,16.865,258.51754142160536
16.865,16.875,258.7169134703894
16.875,16.885,258.4550588968551
16.885,16.895,258.02718809350694
16.895,16.905,257.74993653572363
16.905,16.915,257.68597290797857
16.915,16.925,258.13803541238434
16.925,16.935,259.20860389237197
16.935,16.945,259.8947294967855
16.945,16.955,259.7457903974089
16.955,16.965,259.03438067237175
16.965,16.975,257.52399936820575
16.975,16.985,255.25281581831547
16.985,16.995,252.62352983519585
16.995,17.005,249.48267188918538
17.005,17.015,244.50427004062686
17.015,17.025,0.0
17.025,17.035,0.0
17.035,17.045,0.0
17.045,17.055,0.0
17.055,17.065,0.0
17.065,17.075,0.0
17.075,17.085,0.0
17.085,17.095,0.0
17.095,17.105,0.0
17.105,17.115,0.0
17.115,17.125,0.0
17.125,17.135,0.0
17.135,17.145,0.0
17.145,17.155,0.0
17.155,17.165,0.0
17.165,17.175,0.0
17.175,17.185,0.0
17.185,17.195,0.0
17.195,17.205,0.0
17.205,17.215,0.0
17.215,17.225,0.0
17.225,17.235,0.0
17.235,17.245,0.0
17.245,17.255,166.04537512528026
17.255,17.265,171.65826918738043
17.265,17.275,175.74326188649766
17.275,17.285,176.46327625949348
17.285,17.295,176.4090250400437
17.295,17.305,176.17244252891817
17.305,17.315,176.3693772604842
17.315,17.325,178.48117404294902
17.325,17.335,181.74121906753632
17.335,17.345,182.76951231678495
17.345,17.355,181.18705882072112
17.355,17.365,177.8480099747494
17.365,17.375,176.06970159496694
17.375,17.385,175.97501230476135
17.385,17.395,175.9585950231733
17.395,17.405,175.95508335801392
17.405,17.415,176.06361986422945
17.415,17.425,176.24364455359301
17.425,17.435,176.5488937021244
17.435,17.445,176.65571598986665
17.445,17.455,176.26107679747582
17.455,17.465,175.57606509805527
17.465,17.475,174.8141628950854
17.475,17.485,173.88230492815427
17.485,17.495,172.96612733966438
17.495,17.505,172.37404658242815
17.505,17.515,172.02800700958917
17.515,17.525,171.93320165766264
17.525,17.535,172.02304127818198
17.535,17.545,172.22222083036237
17.545,17.555,172.28790504204193
17.555,17.565,172.0483751179028
17.565,17.575,171.6541716724776
17.575,17.585,171.30282122176496
17.585,17.595,171.08996422720494
17.595,17.605,171.07722868468915
17.605,17.615,171.18913847566947
17.615,17.625,171.19245766105658
17.625,17.635,170.922670558766
17.635,17.645,170.41875842704252
17.645,17.655,170.00709150119516
17.655,17.665,170.12498865661743
17.665,17.675,170.56930232520952
17.675,17.685,0.0
17.685,17.695,0.0
17.695,17.705,0.0
17.705,17.715,0.0
17.715,17.725,0.0
17.725,17.735,0.0
17.735,17.745,0.0
17.745,17.755,0.0
17.755,17.765,0.0
17.765,17.775,0.0
17.775,17.785,0.0
17.785,17.795,0.0
17.795,17.805,0.0
17.805,17.815,0.0
17.815,17.825,0.0
17.825,17.835,217.2046088552072
17.835,17.845,218.4777766384047
17.845,17.855,219.8918402042065
17.855,17.865,220.07191898179366
17.865,17.875,220.6385792254374
17.875,17.885,221.91242369716645
17.885,17.895,223.27508008102882
17.895,17.905,224.6737524594006
17.905,17.915,224.81446594641275
17.915,17.925,224.3126663209872
17.925,17.935,223.45467665684438
17.935,17.945,222.32081852930875
17.945,17.955,220.98639070601314
17.955,17.965,0.0
17.965,17.975,0.0
17.975,17.985,0.0
17.985,17.995,0.0
17.995,18.005,0.0
18.005,18.015,0.0
18.015,18.025,0.0
18.025,18.035,0.0
18.035,18.045,0.0
18.045,18.055,0.0
18.055,18.065,0.0
18.065,18.075,0.0
18.075,18.085,0.0
18.085,18.095,0.0
18.095,18.105,0.0
18.105,18.115,187.9170696941513
18.115,18.125,193.67079431616114
18.125,18.135,197.07780578801035
18.135,18.145,196.53620539992164
18.145,18.155,193.31660586528548
18.155,18.165,190.50487474183856
18.165,18.175,189.22068473102138
18.175,18.185,188.61461062778204
18.185,18.195,188.3281307968154
18.195,18.205,188.33834422841161
18.205,18.215,188.82955329526166
18.215,18.225,190.03609067985096
18.225,18.235,192.0503321659549
18.235,18.245,194.63416043997702
18.245,18.255,196.61349693184383
18.255,18.265,195.24832876208418
18.265,18.275,191.28292802379497
18.275,18.285,0.0
18.285,18.295,0.0
18.295,18.305,0.0
18.305,18.315,0.0
18.315,18.325,0.0
18.325,18.335,0.0
18.335,18.345,0.0
18.345,18.355,0.0
18.355,18.365,0.0
18.365,18.375,0.0
18.375,18.385,0.0
18.385,18.395,0.0
18.395,18.405,0.0
18.405,18.415,0.0
18.415,18.425,0.0
18.425,18.435,0.0
18.435,18.445,0.0
18.445,18.455,0.0
18.455,18.465,0.0
18.465,18.475,0.0
18.475,18.485,0.0
18.485,18.495,0.0
18.495,18.505,0.0
18.505,18.515,0.0
18.515,18.525,0.0
18.525,18.535,0.0
18.535,18.545,0.0
18.545,18.555,0.0
18.555,18.565,0.0
18.565,18.575,0.0
18.575,18.585,0.0
18.585,18.595,0.0
18.595,18.605,0.0
18.605,18.615,0.0
18.615,18.625,0.0
18.625,18.635,168.89527861884514
18.635,18.645,170.02870893793823
18.645,18.655,170.75996060002436
18.655,18.665,170.86666437349723
18.665,18.675,169.61140205670515
18.675,18.685,167.88430108433585
18.685,18.695,167.66588195275182
18.695,18.705,167.9827495198639
18.705,18.715,168.00905380686223
18.715,18.725,167.87774891853712
18.725,18.735,167.5485619952221
18.735,18.745,167.0350817120342
18.745,18.755,166.44507464740676
18.755,18.765,165.79530255927762
18.765,18.775,165.1273201616219
18.775,18.785,164.45529605584198
18.785,18.795,163.82734276129895
18.795,18.805,162.77725590629402
18.805,18.815,161.18438763617502
18.815,18.825,158.85293522359626
18.825,18.835,155.47625220921088
18.835,18.845,153.18040546058398
18.845,18.855,150.81282054220318
18.855,18.865,147.93596529193454
18.865,18.875,144.1712780872521
18.875,18.885,141.12520313975602
18.885,18.895,139.6282729964801
18.895,18.905,138.62623620353955
18.905,18.915,136.76499528409167
18.915,18.925,134.33301433463959
18.925,18.935,132.26407123695714
18.935,18.945,130.83006698277686
18.945,18.955,130.3682412959932
18.955,18.965,130.66030794544463
18.965,18.975,131.2925171298627
18.975,18.985,131.8789015423091
18.985,18.995,0.0
18.995,19.005,0.0
19.005,19.015,0.0
19.015,19.025,0.0
19.025,19.035,0.0
19.035,19.045,0.0
19.045,19.055,0.0
19.055,19.065,0.0
19.065,19.075,0.0
19.075,19.085,0.0
19.085,19.095,0.0
19.095,19.105,0.0
19.105,19.115,0.0
19.115,19.125,0.0
19.125,19.135,0.0
19.135,19.145,0.0
19.145,19.155,0.0
19.155,19.165,0.0
19.165,19.175,131.17377869249435
19.175,19.185,131.64854658474488
19.185,19.195,131.3235859274366
19.195,19.205,0.0
19.205,19.215,0.0
19.215,19.225,0.0
19.225,19.235,0.0
19.235,19.245,0.0
19.245,19.255,0.0
19.255,19.265,0.0
19.265,19.275,0.0
19.275,19.285,0.0
19.285,19.295,0.0
19.295,19.305,0.0
19.305,19.315,0.0
19.315,19.325,0.0
19.325,19.335,0.0
19.335,19.345,0.0
19.345,19.355,0.0
19.355,19.365,0.0
19.365,19.375,0.0
19.375,19.385,0.0
19.385,19.395,0.0
19.395,19.405,0.0
19.405,19.415,0.0
19.415,19.425,0.0
19.425,19.435,0.0
19.435,19.445,0.0
19.445,19.455,0.0
19.455,19.465,0.0
19.465,19.475,0.0
19.475,19.485,0.0
19.485,19.495,0.0
19.495,19.505,0.0
19.505,19.515,0.0
19.515,19.525,0.0
19.525,19.535,0.0
19.535,19.545,0.0
19.545,19.555,0.0
19.555,19.565,0.0
19.565,19.575,0.0
19.575,19.585,0.0
19.585,19.595,0.0
19.595,19.605,0.0
19.605,19.615,0.0
19.615,19.625,0.0
19.625,19.635,0.0
19.635,19.645,0.0
19.645,19.655,0.0
19.655,19.665,0.0
19.665,19.675,0.0
19.675,19.685,0.0
19.685,19.695,0.0
19.695,19.705,0.0
19.705,19.715,0.0
19.715,19.725,0.0
19.725,19.735,0.0
19.735,19.745,0.0
19.745,19.755,0.0
19.755,19.765,0.0
19.765,19.775,0.0
19.775,19.785,0.0
19.785,19.795,0.0
19.795,19.805,0.0
19.805,19.815,0.0
19.815,19.825,0.0
19.825,19.835,0.0
19.835,19.845,0.0
19.845,19.855,0.0
19.855,19.865,0.0
19.865,19.875,0.0
19.875,19.885,0.0
19.885,19.895,0.0
19.895,19.905,0.0
19.905,19.915,0.0
19.915,19.925,0.0
19.925,19.935,0.0
19.935,19.945,0.0
19.945,19.955,0.0
19.955,19.965,0.0
19.965,19.975,0.0
19.975,19.985,0.0
19.985,19.995,0.0
19.995,20.005,336.54007423306666
20.005,20.015,333.5422476726248
20.015,20.025,325.3650163580765
20.025,20.035,325.81259813136876
20.035,20.045,221.49424041082074
20.045,20.055,170.06121593815556
20.055,20.065,171.9766184590294
20.065,20.075,173.32720331053622
20.075,20.085,174.09881677696254
20.085,20.095,174.00916365924613
20.095,20.105,173.50490299622626
20.105,20.115,173.26618213371125
20.115,20.125,173.18846318744826
20.125,20.135,173.17146898103852
20.135,20.145,173.3498302731398
20.145,20.155,173.6005206988642
20.155,20.165,173.69428995770002
20.165,20.175,173.82821510087567
20.175,20.185,174.20982097933776
20.185,20.195,174.58508466521542
20.195,20.205,174.65569090425353
20.205,20.215,174.50857899679247
20.215,20.225,174.27466774981397
20.225,20.235,173.91074012058027
20.235,20.245,173.52831396853213
20.245,20.255,173.19063046122747
20.255,20.265,172.83124043599497
20.265,20.275,172.54379355494643
20.275,20.285,172.46014748639246
20.285,20.295,172.54293070672153
20.295,20.305,172.74625299900512
20.305,20.315,172.9835544153102
20.315,20.325,173.16237694136447
20.325,20.335,173.36806680353985
20.335,20.345,173.65759468546813
20.345,20.355,173.91860751570687
20.355,20.365,174.07593354770304
20.365,20.375,174.09199218582745
20.375,20.385,173.94817647764154
20.385,20.395,173.61245321946217
20.395,20.405,173.0782711465715
20.405,20.415,172.4389735358684
20.415,20.425,171.86690721876911
20.425,20.435,171.52964001677452
20.435,20.445,171.53370481632172
20.445,20.455,171.86527663169457
20.455,20.465,172.23492532858194
20.465,20.475,172.550967023414
20.475,20.485,172.81585573090996
20.485,20.495,172.85520876934086
20.495,20.505,172.51745072289717
20.505,20.515,171.52181873394414
20.515,20.525,0.0
20.525,20.535,0.0
20.535,20.545,0.0
20.545,20.555,0.0
20.555,20.565,0.0
20.565,20.575,0.0
20.575,20.585,0.0
20.585,20.595,0.0
20.595,20.605,0.0
20.605,20.615,0.0
20.615,20.625,0.0
20.625,20.635,0.0
20.635,20.645,197.02045265770292
20.645,20.655,201.23659587032083
20.655,20.665,207.5821543955297
20.665,20.675,213.5669853878102
20.675,20.685,219.15893113550223
20.685,20.695,226.1376965106344
20.695,20.705,232.42662980524187
20.705,20.715,235.69090080792176
20.715,20.725,236.50546525558377
20.725,20.735,234.5406569924636
20.735,20.745,225.94869558295582
20.745,20.755,0.0
20.755,20.765,0.0
20.765,20.775,0.0
20.775,20.785,0.0
20.785,20.795,268.5081281561986
20.795,20.805,270.1149848486065
20.805,20.815,269.7012021381199
20.815,20.825,0.0
20.825,20.835,0.0
20.835,20.845,0.0
20.845,20.855,0.0
20.855,20.865,0.0
20.865,20.875,0.0
20.875,20.885,0.0
20.885,20.895,0.0
20.895,20.905,234.85575822086335
20.905,20.915,238.93953704311593
20.915,20.925,240.92994130074996
20.925,20.935,239.87779618510382
20.935,20.945,228.01020220123857
20.945,20.955,220.02266908068452
20.955,20.965,213.4982370723148
20.965,20.975,208.74031896577247
20.975,20.985,204.212653279425
20.985,20.995,199.59116014613798
20.995,21.005,194.54710826850683
21.005,21.015,190.2154910451775
21.015,21.025,190.17125049925696
21.025,21.035,190.53519810197668
21.035,21.045,191.14897096696095
21.045,21.055,191.20558393884593
21.055,21.065,192.87170548488902
21.065,21.075,198.06011043955067
21.075,21.085,200.29683354394786
21.085,21.095,200.86683298961321
21.095,21.105,201.76235843840726
21.105,21.115,203.1338087251062
21.115,21.125,204.57580241827068
21.125,21.135,205.62545952457828
21.135,21.145,206.47061116501365
21.145,21.155,207.03250413531404
21.155,21.165,207.20207917038852
21.165,21.175,206.95010455386978
21.175,21.185,206.35790790688094
21.185,21.195,205.39945863702368
21.195,21.205,204.1265673805886
21.205,21.215,202.77680713829236
21.215,21.225,201.6585984819517
21.225,21.235,201.9315628181495
21.235,21.245,0.0
21.245,21.255,0.0
21.255,21.265,0.0
21.265,21.275,0.0
21.275,21.285,0.0
21.285,21.295,0.0
21.295,21.305,0.0
21.305,21.315,0.0
21.315,21.325,0.0
21.325,21.335,0.0
21.335,21.345,0.0
21.345,21.355,0.0
21.355,21.365,0.0
21.365,21.375,0.0
21.375,21.385,0.0
21.385,21.395,0.0
21.395,21.405,0.0
21.405,21.415,168.1759104208506
21.415,21.425,170.1948173406424
21.425,21.435,170.29755566665986
21.435,21.445,169.622178294974
21.445,21.455,168.77748485237973
21.455,21.465,168.48029895387666
21.465,21.475,168.6899461351411
21.475,21.485,168.86043779598634
21.485,21.495,168.7464198609258
21.495,21.505,168.35312346225692
21.505,21.515,167.78966437283793
21.515,21.525,167.41978368619553
21.525,21.535,167.2011419217135
21.535,21.545,166.74928508808753
21.545,21.555,166.1339734299865
21.555,21.565,165.80093520653398
21.565,21.575,165.82190289510626
21.575,21.585,166.17229723360867
21.585,21.595,167.27115885591226
21.595,21.605,168.62107373783903
21.605,21.615,0.0
21.615,21.625,0.0
21.625,21.635,0.0
21.635,21.645,0.0
21.645,21.655,0.0
21.655,21.665,0.0
21.665,21.675,0.0
21.675,21.685,0.0
21.685,21.695,0.0
21.695,21.705,213.911472549578
21.705,21.715,217.34097822658887
21.715,21.725,219.45242250879485
21.725,21.735,0.0
21.735,21.745,0.0
21.745,21.755,0.0
21.755,21.765,0.0
21.765,21.775,0.0
21.775,21.785,0.0
21.785,21.795,0.0
21.795,21.805,0.0
21.805,21.815,0.0
21.815,21.825,0.0
21.825,21.835,0.0
21.835,21.845,0.0
21.845,21.855,0.0
21.855,21.865,0.0
21.865,21.875,0.0
21.875,21.885,0.0
21.885,21.895,0.0
21.895,21.905,0.0
21.905,21.915,0.0
21.915,21.925,0.0
21.925,21.935,0.0
21.935,21.945,0.0
21.945,21.955,0.0
21.955,21.965,0.0
21.965,21.975,0.0
21.975,21.985,225.42227103936713
21.985,21.995,224.16185827697478
21.995,22.005,222.37214250124208
22.005,22.015,216.40963807676576
22.015,22.025,207.5567890083824
22.025,22.035,0.0
22.035,22.045,0.0
22.045,22.055,0.0
22.055,22.065,0.0
22.065,22.075,0.0
22.075,22.085,0.0
22.085,22.095,0.0
22.095,22.105,485.93591132722815
22.105,22.115,440.7466455757384
22.115,22.125,415.7807613085739
22.125,22.135,207.09291616842296
22.135,22.145,207.80964826410363
22.145,22.155,208.07606773796755
22.155,22.165,208.15255518242128
22.165,22.175,207.59485539639888
22.175,22.185,206.04337281965277
22.185,22.195,203.45439041764422
22.195,22.205,199.8826368462476
22.205,22.215,0.0
22.215,22.225,0.0
22.225,22.235,0.0
22.235,22.245,0.0
22.245,22.255,0.0
22.255,22.265,0.0
22.265,22.275,0.0
22.275,22.285,197.5237553777021
22.285,22.295,198.25526039339084
22.295,22.305,198.02142076586836
22.305,22.315,196.4995485625455
22.315,22.325,190.6721354069843
22.325,22.335,0.0
22.335,22.345,0.0
22.345,22.355,0.0
22.355,22.365,0.0
22.365,22.375,0.0
22.375,22.385,0.0
22.385,22.395,0.0
22.395,22.405,0.0
22.405,22.415,0.0
22.415,22.425,0.0
22.425,22.435,0.0
22.435,22.445,0.0
22.445,22.455,0.0
22.455,22.465,185.94346066984
22.465,22.475,186.31794905565943
22.475,22.485,185.42368582934097
22.485,22.495,183.34891380193014
22.495,22.505,181.5232590440175
22.505,22.515,179.86076313637534
22.515,22.525,177.81008523966122
22.525,22.535,175.26435538426728
22.535,22.545,172.13594862733333
22.545,22.555,173.144161267534
22.555,22.565,173.8456121607466
22.565,22.575,174.25934148121124
22.575,22.585,174.9157141733722
22.585,22.595,176.42889589045947
22.595,22.605,178.0024804836654
22.605,22.615,179.1667695649974
22.615,22.625,181.03838938118065
22.625,22.635,183.68637011455465
22.635,22.645,185.84844173017444
22.645,22.655,187.23182721945014
22.655,22.665,188.0057522083288
22.665,22.675,187.79842884734379
22.675,22.685,187.29885674323273
22.685,22.695,187.38103857937355
22.695,22.705,187.94991218429493
22.705,22.715,188.78111708352517
22.715,22.725,189.67450590829534
22.725,22.735,189.92157238629366
22.735,22.745,189.50321108615157
22.745,22.755,188.9749067721888
22.755,22.765,188.57122394991458
22.765,22.775,188.2040793289901
22.775,22.785,187.59733836880065
22.785,22.795,186.5991493355369
22.795,22.805,185.1817357521107
22.805,22.815,183.21902156518368
22.815,22.825,0.0
22.825,22.835,0.0
22.835,22.845,0.0
22.845,22.855,0.0
22.855,22.865,0.0
22.865,22.875,0.0
22.875,22.885,0.0
22.885,22.895,0.0
22.895,22.905,178.483168330655
22.905,22.915,177.99952239343813
22.915,22.925,0.0
22.925,22.935,0.0
22.935,22.945,0.0
22.945,22.955,0.0
22.955,22.965,0.0
22.965,22.975,0.0
22.975,22.985,0.0
22.985,22.995,0.0
22.995,23.005,0.0
23.005,23.015,0.0
23.015,23.025,0.0
23.025,23.035,171.49626307812844
23.035,23.045,171.42823079762675
23.045,23.055,170.78141044247158
23.055,23.065,169.70195233361864
23.065,23.075,167.68385017048195
23.075,23.085,0.0
23.085,23.095,0.0
23.095,23.105,0.0
23.105,23.115,0.0
23.115,23.125,0.0
23.125,23.135,0.0
23.135,23.145,0.0
23.145,23.155,0.0
23.155,23.165,0.0
23.165,23.175,0.0
23.175,23.185,0.0
23.185,23.195,0.0
23.195,23.205,0.0
23.205,23.215,0.0
23.215,23.225,184.799803146723
23.225,23.235,179.9010347989033
23.235,23.245,179.80056718333816
23.245,23.255,179.83297627409317
23.255,23.265,180.2388781210779
23.265,23.275,180.62427888140397
23.275,23.285,180.68782207171827
23.285,23.295,180.62256703262233
23.295,23.305,0.0
23.305,23.315,0.0
23.315,23.325,0.0
23.325,23.335,0.0
23.335,23.345,0.0
23.345,23.355,0.0
23.355,23.365,0.0
23.365,23.375,0.0
23.375,23.385,178.1344906505172
23.385,23.395,177.1243901287127
23.395,23.405,176.47991038114372
23.405,23.415,175.92174125600653
23.415,23.425,0.0
23.425,23.435,0.0
23.435,23.445,0.0
23.445,23.455,0.0
23.455,23.465,0.0
23.465,23.475,0.0
23.475,23.485,0.0
23.485,23.495,0.0
23.495,23.505,0.0
23.505,23.515,0.0
23.515,23.525,0.0
23.525,23.535,0.0
23.535,23.545,0.0
23.545,23.555,0.0
23.555,23.565,0.0
23.565,23.575,176.3555512995953
23.575,23.585,176.4516181244866
23.585,23.595,176.51977084892258
23.595,23.605,176.1215527881587
23.605,23.615,172.31998787980817
23.615,23.625,171.38063118587135
23.625,23.635,170.57290492257158
23.635,23.645,170.1879199112979
23.645,23.655,170.26600892093336
23.655,23.665,170.64794187374795
23.665,23.675,171.08639396248526
23.675,23.685,171.47000463876776
23.685,23.695,171.6766237320914
23.695,23.705,171.6418234200512
23.705,23.715,171.5251077699859
23.715,23.725,171.27214382960364
23.725,23.735,170.71501901297958
23.735,23.745,168.6937323696954
23.745,23.755,0.0
23.755,23.765,0.0
23.765,23.775,0.0
23.775,23.785,0.0
23.785,23.795,0.0
23.795,23.805,0.0
23.805,23.815,0.0
23.815,23.825,0.0
23.825,23.835,0.0
23.835,23.845,0.0
23.845,23.855,0.0
23.855,23.865,0.0
23.865,23.875,0.0
23.875,23.885,0.0
23.885,23.895,0.0
23.895,23.905,0.0
23.905,23.915,173.3255138130135
23.915,23.925,173.31390325263976
23.925,23.935,172.48751735891054
23.935,23.945,0.0
23.945,23.955,0.0
23.955,23.965,0.0
23.965,23.975,0.0
23.975,23.985,0.0
23.985,23.995,0.0
23.995,24.005,0.0
24.005,24.015,0.0
24.015,24.025,0.0
24.025,24.035,0.0
24.035,24.045,0.0
24.045,24.055,0.0
24.055,24.065,0.0
24.065,24.075,0.0
24.075,24.085,0.0
24.085,24.095,0.0
24.095,24.105,0.0
24.105,24.115,0.0
24.115,24.125,179.17885364898422
24.125,24.135,179.86787776872737
24.135,24.145,180.03364820712684
24.145,24.155,179.92057758226912
24.155,24.165,180.26557716014352
24.165,24.175,181.80330251940813
24.175,24.185,183.22099026910416
24.185,24.195,182.7255512986053
24.195,24.205,181.09772087297165
24.205,24.215,186.2003222141052
24.215,24.225,186.21014841009656
24.225,24.235,186.6065630116045
24.235,24.245,186.98800518358397
24.245,24.255,187.17336931138203
24.255,24.265,186.8908174194123
24.265,24.275,185.91865263911745
24.275,24.285,183.96861456199028
24.285,24.295,181.59259676790222
24.295,24.305,179.70462917388318
24.305,24.315,178.2036524786822
24.315,24.325,176.64275727662059
24.325,24.335,176.2970421460238
24.335,24.345,175.59561868591513
24.345,24.355,173.72314858866687
24.355,24.365,171.7025914444733
24.365,24.375,170.09828233995484
24.375,24.385,168.95295427070363
24.385,24.395,168.4552199614907
24.395,24.405,168.15900373881956
24.405,24.415,167.801984800273
24.415,24.425,167.53473147023135
24.425,24.435,167.3742378688939
24.435,24.445,167.24135769617527
24.445,24.455,167.0447992361517
24.455,24.465,166.71108997475693
24.465,24.475,166.2358891655544
24.475,24.485,165.88701117462892
24.485,24.495,165.90603800409133
24.495,24.505,166.0124862716071
24.505,24.515,165.8573139530339
24.515,24.525,165.51638919269647
24.525,24.535,165.08689132829028
24.535,24.545,164.54973871097727
24.545,24.555,163.95680877418218
24.555,24.565,163.3814681035753
24.565,24.575,162.90942360328788
24.575,24.585,162.63744397786826
24.585,24.595,162.48978510407207
24.595,24.605,162.2871650182887
24.605,24.615,162.12223340003584
24.615,24.625,161.96810388342783
24.625,24.635,161.64114378961133
24.635,24.645,161.17974231599786
24.645,24.655,160.65479035845817
24.655,24.665,160.15765868427607
24.665,24.675,159.88888605726277
24.675,24.685,159.74403460197377
24.685,24.695,159.693226466971
24.695,24.705,159.7921512313027
24.705,24.715,159.85999331075448
24.715,24.725,159.70518646717943
24.725,24.735,159.34984071579095
24.735,24.745,158.92037088677264
24.745,24.755,158.5280249974165
24.755,24.765,158.18007867947594
24.765,24.775,157.85962340813586
24.775,24.785,157.45868931395717
24.785,24.795,156.9412575351971
24.795,24.805,156.47120331643404
24.805,24.815,156.25759401525502
24.815,24.825,156.26726202048457
24.825,24.835,156.35244788135446
24.835,24.845,156.28701446706899
24.845,24.855,155.76903843144694
24.855,24.865,154.34777992647113
24.865,24.875,0.0
24.875,24.885,0.0
24.885,24.895,0.0
24.895,24.905,0.0
24.905,24.915,0.0
24.915,24.925,0.0
24.925,24.935,0.0
24.935,24.945,0.0
24.945,24.955,0.0
24.955,24.965,0.0
24.965,24.975,0.0
24.975,24.985,0.0
24.985,24.995,176.14074187985483
24.995,25.005,175.96884348841192
25.005,25.015,175.97542685528458
25.015,25.025,176.314855281184
25.025,25.035,0.0
25.035,25.045,0.0
25.045,25.055,0.0
25.055,25.065,0.0
25.065,25.075,0.0
25.075,25.085,0.0
25.085,25.095,0.0
25.095,25.105,0.0
25.105,25.115,0.0
25.115,25.125,0.0
25.125,25.135,0.0
25.135,25.145,0.0
25.145,25.155,0.0
25.155,25.165,0.0
25.165,25.175,0.0
25.175,25.185,0.0
25.185,25.195,0.0
25.195,25.205,0.0
25.205,25.215,178.46617304771462
25.215,25.225,176.0539555414036
25.225,25.235,173.54277432927418
25.235,25.245,171.4713209159602
25.245,25.255,170.53964118012635
25.255,25.265,168.40716322388707
25.265,25.275,166.092658274018
25.275,25.285,165.9619040210723
25.285,25.295,167.22205460260506
25.295,25.305,167.29324610547602
25.305,25.315,166.67840843211275
25.315,25.325,165.60478983413992
25.325,25.335,164.38902002760676
25.335,25.345,163.62669798667838
25.345,25.355,163.32316909796282
25.355,25.365,163.07338553795125
25.365,25.375,162.25622897493352
25.375,25.385,160.56152253613928
25.385,25.395,158.282975138155
25.395,25.405,156.1952464043958
25.405,25.415,153.94477640806946
25.415,25.425,151.33185132925564
25.425,25.435,149.63152935530147
25.435,25.445,148.8490051195576
25.445,25.455,148.44230505105133
25.455,25.465,148.65881870533175
25.465,25.475,148.90848099297975
25.475,25.485,148.55413019455634
25.485,25.495,147.50625202613176
25.495,25.505,0.0
25.505,25.515,0.0
25.515,25.525,0.0
25.525,25.535,0.0
25.535,25.545,0.0
25.545,25.555,0.0
25.555,25.565,0.0
25.565,25.575,0.0
25.575,25.585,0.0
25.585,25.595,0.0
25.595,25.605,0.0
25.605,25.615,0.0
25.615,25.625,0.0
25.625,25.635,161.90045257917131
25.635,25.645,163.19926697281724
25.645,25.655,164.51806519288544
25.655,25.665,0.0
25.665,25.675,0.0
25.675,25.685,0.0
25.685,25.695,0.0
25.695,25.705,0.0
25.705,25.715,0.0
25.715,25.725,0.0
25.725,25.735,187.60846839075938
25.735,25.745,188.88717510313117
25.745,25.755,190.99459024303766
25.755,25.765,193.290157269907
25.765,25.775,195.61362227332413
25.775,25.785,198.17517044737505
25.785,25.795,201.2847176244864
25.795,25.805,205.3602469991661
25.805,25.815,209.13549116625973
25.815,25.825,211.92545356534623
25.825,25.835,213.88285587596485
25.835,25.845,214.418033777846
25.845,25.855,213.63246401777565
25.855,25.865,211.78689912185527
25.865,25.875,208.98752902518126
25.875,25.885,205.2286241476516
25.885,25.895,201.50624333507366
25.895,25.905,198.6697145641985
25.905,25.915,195.9730624023132
25.915,25.925,0.0
25.925,25.935,0.0
25.935,25.945,0.0
25.945,25.955,0.0
25.955,25.965,0.0
25.965,25.975,0.0
25.975,25.985,0.0
25.985,25.995,0.0
25.995,26.005,0.0
26.005,26.015,0.0
26.015,26.025,0.0
26.025,26.035,0.0
26.035,26.045,0.0
26.045,26.055,0.0
26.055,26.065,0.0
26.065,26.075,0.0
26.075,26.085,0.0
26.085,26.095,0.0
26.095,26.105,0.0
26.105,26.115,0.0
26.115,26.125,0.0
26.125,26.135,0.0
26.135,26.145,0.0
26.145,26.155,0.0
26.155,26.165,0.0
26.165,26.175,0.0
26.175,26.185,0.0
26.185,26.195,0.0
26.195,26.205,0.0
26.205,26.215,0.0
26.215,26.225,0.0
26.225,26.235,0.0
26.235,26.245,0.0
26.245,26.255,0.0
26.255,26.265,0.0
26.265,26.275,0.0
26.275,26.285,0.0
26.285,26.295,0.0
26.295,26.305,0.0
26.305,26.315,0.0
26.315,26.325,0.0
26.325,26.335,0.0
26.335,26.345,0.0
26.345,26.355,0.0
26.355,26.365,0.0
26.365,26.375,0.0
26.375,26.385,0.0
26.385,26.395,0.0
26.395,26.405,0.0
26.405,26.415,0.0
26.415,26.425,0.0
26.425,26.435,0.0
26.435,26.445,0.0
26.445,26.455,0.0
26.455,26.465,0.0
26.465,26.475,0.0
26.475,26.485,0.0
26.485,26.495,0.0
26.495,26.505,0.0
26.505,26.515,0.0
26.515,26.525,0.0
26.525,26.535,0.0
26.535,26.545,0.0
26.545,26.555,333.23748287891516
26.555,26.565,333.5332134866185
26.565,26.575,333.23898226531475
26.575,26.585,334.2106609741721
26.585,26.595,339.6421584184935
26.595,26.605,174.79468352421884
26.605,26.615,177.41249967062623
26.615,26.625,178.20539472443912
26.625,26.635,178.2284688478813
26.635,26.645,178.02547434189006
26.645,26.655,177.96943135461538
26.655,26.665,177.95433758550254
26.665,26.675,177.5986085602698
26.675,26.685,177.05909696966057
26.685,26.695,176.6297622783033
26.695,26.705,176.64731912450523
26.705,26.715,177.099037119568
26.715,26.725,177.63461708618448
26.725,26.735,178.18768220172115
26.735,26.745,178.6074485292762
26.745,26.755,178.82110599724402
26.755,26.765,179.0984595024575
26.765,26.775,179.90798688736982
26.775,26.785,181.08643743780016
26.785,26.795,181.47801479553493
26.795,26.805,181.11492943686815
26.805,26.815,180.6577496313213
26.815,26.825,180.52028797825747
26.825,26.835,180.9739952128716
26.835,26.845,181.7306177749433
26.845,26.855,182.11384732578884
26.855,26.865,180.58945655705762
26.865,26.875,177.46336562314903
26.875,26.885,176.06688926880986
26.885,26.895,175.92148778823824
26.895,26.905,176.04552088609228
26.905,26.915,176.24274172795
26.915,26.925,176.41831580973326
26.925,26.935,176.44307481079554
26.935,26.945,176.30840246494986
26.945,26.955,176.2305838504559
26.955,26.965,176.40295098955534
26.965,26.975,175.86096365022289
26.975,26.985,0.0
26.985,26.995,0.0
26.995,27.005,0.0
27.005,27.015,0.0
27.015,27.025,0.0
27.025,27.035,0.0
27.035,27.045,0.0
27.045,27.055,0.0
27.055,27.065,0.0
27.065,27.075,0.0
27.075,27.085,0.0
27.085,27.095,0.0
27.095,27.105,201.77076342287458
27.105,27.115,197.82423320980786
27.115,27.125,195.4936125985918
27.125,27.135,193.5174887010631
27.135,27.145,192.3395690150205
27.145,27.155,191.91884611747741
27.155,27.165,193.83187995546038
27.165,27.175,196.77330048039317
27.175,27.185,197.53463902532312
27.185,27.195,198.30979007368944
27.195,27.205,198.84825339281429
27.205,27.215,197.94838797187995
27.215,27.225,197.97958712422454
27.225,27.235,198.49159323368605
27.235,27.245,199.13681850691708
27.245,27.255,199.44429784142403
27.255,27.265,198.89013934254388
27.265,27.275,197.092379020626
27.275,27.285,0.0
27.285,27.295,0.0
27.295,27.305,0.0
27.305,27.315,0.0
27.315,27.325,0.0
27.325,27.335,0.0
27.335,27.345,0.0
27.345,27.355,0.0
27.355,27.365,0.0
27.365,27.375,0.0
27.375,27.385,0.0
27.385,27.395,222.9310313936872
27.395,27.405,223.28908538625703
27.405,27.415,224.18240555568522
27.415,27.425,224.03257928746612
27.425,27.435,0.0
27.435,27.445,0.0
27.445,27.455,0.0
27.455,27.465,0.0
27.465,27.475,0.0
27.475,27.485,0.0
27.485,27.495,0.0
27.495,27.505,0.0
27.505,27.515,0.0
27.515,27.525,0.0
27.525,27.535,0.0
27.535,27.545,0.0
27.545,27.555,0.0
27.555,27.565,0.0
27.565,27.575,0.0
27.575,27.585,0.0
27.585,27.595,0.0
27.595,27.605,0.0
27.605,27.615,0.0
27.615,27.625,0.0
27.625,27.635,0.0
27.635,27.645,0.0
27.645,27.655,168.3457935014731
27.655,27.665,168.1087276725252
27.665,27.675,167.16319497415975
27.675,27.685,165.37625186640406
27.685,27.695,163.05053476715082
27.695,27.705,161.195096122525
27.705,27.715,159.64325218935326
27.715,27.725,158.05372043713425
27.725,27.735,156.65135591841005
27.735,27.745,0.0
27.745,27.755,0.0
27.755,27.765,0.0
27.765,27.775,0.0
27.775,27.785,0.0
27.785,27.795,0.0
27.795,27.805,0.0
27.805,27.815,0.0
27.815,27.825,0.0
27.825,27.835,0.0
27.835,27.845,0.0
27.845,27.855,0.0
27.855,27.865,0.0
27.865,27.875,139.88293296459386
27.875,27.885,137.91222757304004
27.885,27.895,135.97315847030623
27.895,27.905,134.78179003417063
27.905,27.915,134.59226250090794
27.915,27.925,0.0
27.925,27.935,0.0
27.935,27.945,0.0
27.945,27.955,0.0
27.955,27.965,0.0
27.965,27.975,0.0
27.975,27.985,0.0
27.985,27.995,0.0
27.995,28.005,0.0
28.005,28.015,0.0
28.015,28.025,0.0
28.025,28.035,0.0
28.035,28.045,0.0
28.045,28.055,0.0
28.055,28.065,0.0
28.065,28.075,0.0
28.075,28.085,0.0
28.085,28.095,144.29138270290196
28.095,28.105,142.58591438275667
28.105,28.115,140.35123723961402
28.115,28.125,138.25500998453055
28.125,28.135,137.14943391288375
28.135,28.145,136.81655101323398
28.145,28.155,136.8404598218966
28.155,28.165,0.0
28.165,28.175,0.0
28.175,28.185,0.0
28.185,28.195,0.0
28.195,28.205,0.0
28.205,28.215,145.8693959667942
28.215,28.225,145.61446525647312
28.225,28.235,144.8221020376368
28.235,28.245,144.29634332421753
28.245,28.255,144.1743188819389
28.255,28.265,144.05946937710453
28.265,28.275,143.61530426090573
28.275,28.285,0.0
28.285,28.295,0.0
28.295,28.305,0.0
28.305,28.315,0.0
28.315,28.325,0.0
28.325,28.335,0.0
28.335,28.345,0.0
28.345,28.355,160.9994982468989
28.355,28.365,161.99002693418294
28.365,28.375,162.16254328672602
28.375,28.385,161.25546516386532
28.385,28.395,159.54861404177416
28.395,28.405,0.0
28.405,28.415,0.0
28.415,28.425,0.0
28.425,28.435,0.0
28.435,28.445,0.0
28.445,28.455,0.0
28.455,28.465,0.0
28.465,28.475,0.0
28.475,28.485,0.0
28.485,28.495,0.0
28.495,28.505,0.0
28.505,28.515,0.0
28.515,28.525,0.0
28.525,28.535,170.94763098672357
28.535,28.545,169.29847950384124
28.545,28.555,168.0254195467034
28.555,28.565,167.30002091596992
28.565,28.575,0.0
28.575,28.585,0.0
28.585,28.595,0.0
28.595,28.605,0.0
28.605,28.615,0.0
28.615,28.625,0.0
28.625,28.635,170.94534009680982
28.635,28.645,170.9710417522273
28.645,28.655,0.0
28.655,28.665,0.0
28.665,28.675,171.17688100858214
28.675,28.685,175.49936473331206
28.685,28.695,178.71936478028857
28.695,28.705,180.62889815821683
28.705,28.715,181.24210247680796
28.715,28.725,180.47174192503152
28.725,28.735,178.02404750921949
28.735,28.745,174.01623874747182
28.745,28.755,0.0
28.755,28.765,0.0
28.765,28.775,0.0
28.775,28.785,0.0
28.785,28.795,0.0
28.795,28.805,0.0
28.805,28.815,0.0
28.815,28.825,0.0
28.825,28.835,0.0
28.835,28.845,0.0
28.845,28.855,0.0
28.855,28.865,0.0
28.865,28.875,0.0
28.875,28.885,0.0
28.885,28.895,0.0
28.895,28.905,0.0
28.905,28.915,197.48007414460116
28.915,28.925,198.21776069185432
28.925,28.935,198.58985721314954
28.935,28.945,198.61409824214326
28.945,28.955,198.37588796961964
28.955,28.965,198.37971783995815
28.965,28.975,198.17645329632697
28.975,28.985,197.06391488581093
28.985,28.995,196.0907679526925
28.995,29.005,0.0
29.005,29.015,0.0
29.015,29.025,0.0
29.025,29.035,220.80888012864682
29.035,29.045,225.89847865729516
29.045,29.055,235.2339593200271
29.055,29.065,244.34007580723735
29.065,29.075,246.95255007182922
29.075,29.085,248.4247028371148
29.085,29.095,250.2050922695424
29.095,29.105,251.4995640955967
29.105,29.115,251.8830932110412
29.115,29.125,251.8144495236201
29.125,29.135,251.32511810023524
29.135,29.145,248.85249039918293
29.145,29.155,246.08131486387285
29.155,29.165,245.19545755136784
29.165,29.175,243.78751470848957
29.175,29.185,241.84056224681603
29.185,29.195,240.6317902980371
29.195,29.205,242.35839396050878
29.205,29.215,240.83409632715097
29.215,29.225,225.69439266054383
29.225,29.235,215.18025233394673
29.235,29.245,196.6163686407268
29.245,29.255,184.31080238452222
29.255,29.265,182.21964390533358
29.265,29.275,180.79131353703465
29.275,29.285,179.41923628659472
29.285,29.295,177.49430895572465
29.295,29.305,0.0
29.305,29.315,0.0
29.315,29.325,0.0
29.325,29.335,0.0
29.335,29.345,0.0
29.345,29.355,0.0
29.355,29.365,0.0
29.365,29.375,0.0
29.375,29.385,0.0
29.385,29.395,0.0
29.395,29.405,0.0
29.405,29.415,181.35604342627863
29.415,29.425,181.6242733925228
29.425,29.435,181.76719285001093
29.435,29.445,181.41190313918358
29.445,29.455,180.56621455367397
29.455,29.465,179.8193930371292
29.465,29.475,179.27212174902127
29.475,29.485,178.44004810464835
29.485,29.495,176.24024399452654
29.495,29.505,173.77646133196524
29.505,29.515,174.51812962849
29.515,29.525,176.3967810160544
29.525,29.535,0.0
29.535,29.545,0.0
29.545,29.555,0.0
29.555,29.565,0.0
29.565,29.575,0.0
29.575,29.585,180.5976870471632
29.585,29.595,180.45029570423182
29.595,29.605,180.40438415482612
29.605,29.615,180.3864641283216
29.615,29.625,180.45650181123654
29.625,29.635,180.62357816076732
29.635,29.645,180.7944459539104
29.645,29.655,180.7457169290176
29.655,29.665,180.50929689041553
29.665,29.675,189.5888538850651
29.675,29.685,191.38346481492937
29.685,29.695,191.91627232661352
29.695,29.705,192.30289073076173
29.705,29.715,195.71043368753385
29.715,29.725,198.87300979226282
29.725,29.735,204.33939717926853
29.735,29.745,208.4574437609071
29.745,29.755,210.20697782416323
29.755,29.765,210.58724679048353
29.765,29.775,210.22480792589317
29.775,29.785,208.9651217984766
29.785,29.795,0.0
29.795,29.805,0.0
29.805,29.815,0.0
29.815,29.825,0.0
29.825,29.835,0.0
29.835,29.845,0.0
29.845,29.855,0.0
29.855,29.865,0.0
29.865,29.875,0.0
29.875,29.885,0.0
29.885,29.895,0.0
29.895,29.905,0.0
29.905,29.915,0.0
29.915,29.925,0.0
29.925,29.935,0.0
29.935,29.945,183.44822710313588
29.945,29.955,180.01125464808504
29.955,29.965,177.0308880396573
29.965,29.975,173.50074858204192
29.975,29.985,0.0
29.985,29.995,0.0
29.995,30.005,0.0
30.005,30.015,0.0
30.015,30.025,0.0
30.025,30.035,0.0
30.035,30.045,0.0
30.045,30.055,0.0
30.055,30.065,0.0
30.065,30.075,161.1609147125554
30.075,30.085,161.39747897569325
30.085,30.095,161.82547965477482
30.095,30.105,162.71084572095586
30.105,30.115,163.69589208392196
30.115,30.125,164.4983395731129
30.125,30.135,0.0
30.135,30.145,0.0
30.145,30.155,0.0
30.155,30.165,0.0
30.165,30.175,0.0
30.175,30.185,0.0
30.185,30.195,0.0
30.195,30.205,0.0
30.205,30.215,162.9326646427502
30.215,30.225,162.83040518906992
30.225,30.235,161.40443591701674
30.235,30.245,159.6285508131251
30.245,30.255,158.63156112218437
30.255,30.265,158.4999464635748
30.265,30.275,158.81258061463953
30.275,30.285,159.11111578189744
30.285,30.295,159.0410410260921
30.295,30.305,158.5036209127753
30.305,30.315,0.0
30.315,30.325,0.0
30.325,30.335,0.0
30.335,30.345,0.0
30.345,30.355,0.0
30.355,30.365,0.0
30.365,30.375,0.0
30.375,30.385,0.0
30.385,30.395,0.0
30.395,30.405,0.0
30.405,30.415,156.51362551832824
30.415,30.425,155.61592662773532
30.425,30.435,155.0350146414292
30.435,30.445,154.7380545235403
30.445,30.455,154.5009506715793
30.455,30.465,154.78834242465803
30.465,30.475,0.0
30.475,30.485,0.0
30.485,30.495,0.0
30.495,30.505,0.0
30.505,30.515,0.0
30.515,30.525,0.0
30.525,30.535,0.0
30.535,30.545,0.0
30.545,30.555,0.0
30.555,30.565,0.0
30.565,30.575,0.0
30.575,30.585,0.0
30.585,30.595,0.0
30.595,30.605,0.0
30.605,30.615,0.0
30.615,30.625,0.0
30.625,30.635,0.0
30.635,30.645,0.0
30.645,30.655,0.0
30.655,30.665,0.0
30.665,30.675,0.0
30.675,30.685,0.0
30.685,30.695,0.0
30.695,30.705,0.0
30.705,30.715,0.0
30.715,30.725,0.0
30.725,30.735,0.0
30.735,30.745,0.0
30.745,30.755,0.0
30.755,30.765,0.0
30.765,30.775,0.0
30.775,30.785,0.0
30.785,30.795,163.97657609916365
30.795,30.805,158.9166187781381
30.805,30.815,155.57968990113173
30.815,30.825,153.35236070029342
30.825,30.835,0.0
30.835,30.845,0.0
30.845,30.855,0.0
30.855,30.865,0.0
30.865,30.875,0.0
30.875,30.885,0.0
30.885,30.895,0.0
30.895,30.905,0.0
30.905,30.915,0.0
30.915,30.925,0.0
30.925,30.935,0.0
30.935,30.945,0.0
30.945,30.955,0.0
30.955,30.965,0.0
30.965,30.975,0.0
30.975,30.985,0.0
30.985,30.995,0.0
30.995,31.005,0.0
31.005,31.015,0.0
31.015,31.025,0.0
31.025,31.035,0.0
31.035,31.045,0.0
31.045,31.055,0.0
31.055,31.065,0.0
31.065,31.075,0.0
31.075,31.085,0.0
31.085,31.095,0.0
31.095,31.105,0.0
31.105,31.115,0.0
31.115,31.125,0.0
31.125,31.135,0.0
31.135,31.145,0.0
31.145,31.155,0.0
31.155,31.165,0.0
31.165,31.175,0.0
31.175,31.185,0.0
31.185,31.195,0.0
31.195,31.205,0.0
31.205,31.215,249.15398658140037
31.215,31.225,248.1406608596178
31.225,31.235,247.39464672161228
31.235,31.245,247.6686324350159
31.245,31.255,249.2119284577755
31.255,31.265,250.82268577900473
31.265,31.275,251.64805055506065
31.275,31.285,251.8525174939094
31.285,31.295,251.71923521698102
31.295,31.305,251.34032033822032
31.305,31.315,250.7901330731887
31.315,31.325,250.25664026080332
31.325,31.335,249.78350529830837
31.335,31.345,249.19549962706495
31.345,31.355,248.37525550912645
31.355,31.365,247.39674989804953
31.365,31.375,246.38242660937962
31.375,31.385,245.20751586281287
31.385,31.395,243.88444018542702
31.395,31.405,242.62133332122474
31.405,31.415,241.59157872437785
31.415,31.425,240.4571927986665
31.425,31.435,237.74023070939728
31.435,31.445,232.3735208319874
31.445,31.455,0.0
31.455,31.465,0.0
31.465,31.475,0.0
31.475,31.485,0.0
31.485,31.495,0.0
31.495,31.505,0.0
31.505,31.515,0.0
31.515,31.525,198.8285382900134
31.525,31.535,204.121796899793
31.535,31.545,204.2501801069572
31.545,31.555,203.96451757095053
31.555,31.565,200.846310781254
31.565,31.575,194.61430877502082
31.575,31.585,189.82119537508018
31.585,31.595,185.9544620866562
31.595,31.605,182.31456841364061
31.605,31.615,0.0
31.615,31.625,168.75605495091784
31.625,31.635,172.46974776586688
31.635,31.645,173.12987117199637
31.645,31.655,172.29066524062338
31.655,31.665,169.91265519749746
31.665,31.675,167.02275146388249
31.675,31.685,165.51764717228855
31.685,31.695,165.3670154211402
31.695,31.705,166.1020629711
31.705,31.715,166.9418836479462
31.715,31.725,167.43153167948986
31.725,31.735,167.19996022799097
31.735,31.745,0.0
31.745,31.755,0.0
31.755,31.765,0.0
31.765,31.775,0.0
31.775,31.785,0.0
31.785,31.795,0.0
31.795,31.805,0.0
31.805,31.815,0.0
31.815,31.825,0.0
31.825,31.835,0.0
31.835,31.845,0.0
31.845,31.855,176.12268756410563
31.855,31.865,174.4471032409203
31.865,31.875,173.1184166467498
31.875,31.885,171.94831329042395
31.885,31.895,171.0773592258277
31.895,31.905,170.4607319937477
31.905,31.915,169.9508767446977
31.915,31.925,169.37162873125234
31.925,31.935,168.60717030411712
31.935,31.945,167.68871353577705
31.945,31.955,166.60317299167463
31.955,31.965,0.0
31.965,31.975,0.0
31.975,31.985,0.0
31.985,31.995,0.0
31.995,32.005,0.0
32.005,32.015,0.0
32.015,32.025,0.0
32.025,32.035,0.0
32.035,32.045,0.0
32.045,32.055,0.0
32.055,32.065,0.0
32.065,32.075,0.0
32.075,32.085,0.0
32.085,32.095,0.0
32.095,32.105,0.0
32.105,32.115,0.0
32.115,32.125,0.0
32.125,32.135,0.0
32.135,32.145,0.0
32.145,32.155,0.0
32.155,32.165,0.0
32.165,32.175,0.0
32.175,32.185,164.8986818387131
32.185,32.195,164.08747333474773
32.195,32.205,162.9641851764587
32.205,32.215,161.6841089932762
32.215,32.225,161.2266301163934
32.225,32.235,161.28477913782308
32.235,32.245,161.06538623746474
32.245,32.255,160.30319948280479
32.255,32.265,159.4869061244084
32.265,32.275,158.80907219699114
32.275,32.285,158.06779455491346
32.285,32.295,0.0
32.295,32.305,0.0
32.305,32.315,0.0
32.315,32.325,0.0
32.325,32.335,0.0
32.335,32.345,0.0
32.345,32.355,0.0
32.355,32.365,0.0
32.365,32.375,0.0
32.375,32.385,0.0
32.385,32.395,0.0
32.395,32.405,0.0
32.405,32.415,0.0
32.415,32.425,0.0
32.425,32.435,0.0
32.435,32.445,0.0
32.445,32.455,0.0
32.455,32.465,0.0
32.465,32.475,0.0
32.475,32.485,0.0
32.485,32.495,0.0
32.495,32.505,0.0
32.505,32.515,0.0
32.515,32.525,0.0
32.525,32.535,0.0
32.535,32.545,0.0
32.545,32.555,0.0
32.555,32.565,0.0
32.565,32.575,0.0
32.575,32.585,0.0
32.585,32.595,0.0
32.595,32.605,0.0
32.605,32.615,0.0
32.615,32.625,0.0
32.625,32.635,0.0
32.635,32.645,0.0
32.645,32.655,0.0
32.655,32.665,0.0
32.665,32.675,0.0
32.675,32.685,0.0
32.685,32.695,0.0
32.695,32.705,0.0
32.705,32.715,0.0
32.715,32.725,0.0
32.725,32.735,0.0
32.735,32.745,0.0
32.745,32.755,0.0
32.755,32.765,0.0
32.765,32.775,0.0
32.775,32.785,0.0
32.785,32.795,0.0
32.795,32.805,209.70047531994686
32.805,32.815,209.63141753267323
32.815,32.825,209.72513703429397
32.825,32.835,210.70169830057878
32.835,32.845,212.421893894647
32.845,32.855,213.85947765513157
32.855,32.865,214.77326201937063
32.865,32.875,215.63267772445926
32.875,32.885,216.8208611746996
32.885,32.895,218.177832074137
32.895,32.905,219.24315529876367
32.905,32.915,219.62365067649247
32.915,32.925,219.34603983082712
32.925,32.935,218.9662693977374
32.935,32.945,218.85056880454133
32.945,32.955,218.96541740118215
32.955,32.965,218.75611682495648
32.965,32.975,218.4107895105021
32.975,32.985,218.20743864168966
32.985,32.995,217.90908950684397
32.995,33.005,0.0
33.005,33.015,0.0
33.015,33.025,0.0
33.025,33.035,0.0
33.035,33.045,0.0
33.045,33.055,0.0
33.055,33.065,0.0
33.065,33.075,0.0
33.075,33.085,0.0
33.085,33.095,0.0
33.095,33.105,0.0
33.105,33.115,0.0
33.115,33.125,0.0
33.125,33.135,0.0
33.135,33.145,204.4244793779023
33.145,33.155,206.10505037942545
33.155,33.165,207.56726037527667
33.165,33.175,209.5507495941581
33.175,33.185,210.89948569100846
33.185,33.195,211.01923592793887
33.195,33.205,210.81793066152832
33.205,33.215,210.34801813932978
33.215,33.225,209.49116966791067
33.225,33.235,208.2037244185069
33.235,33.245,205.95733679343786
33.245,33.255,201.1311249618178
33.255,33.265,192.2441689104578
33.265,33.275,191.1030109319957
33.275,33.285,190.75196674236017
33.285,33.295,189.2955162590111
33.295,33.305,187.78137330282954
33.305,33.315,184.02074694108614
33.315,33.325,179.4401519963187
33.325,33.335,178.9153743576417
33.335,33.345,181.19213673446163
33.345,33.355,181.7656673717591
33.355,33.365,180.1976800535584
33.365,33.375,177.9401576924895
33.375,33.385,176.2829468017831
33.385,33.395,175.27748412217701
33.395,33.405,174.4583977537622
33.405,33.415,173.63386467894279
33.415,33.425,0.0
33.425,33.435,0.0
33.435,33.445,0.0
33.445,33.455,0.0
33.455,33.465,0.0
33.465,33.475,0.0
33.475,33.485,0.0
33.485,33.495,0.0
33.495,33.505,0.0
33.505,33.515,0.0
33.515,33.525,0.0
33.525,33.535,0.0
33.535,33.545,0.0
33.545,33.555,0.0
33.555,33.565,177.20835256776732
33.565,33.575,174.69934407019537
33.575,33.585,171.99018424268277
33.585,33.595,170.67082645136298
33.595,33.605,170.54370105774163
33.605,33.615,170.29555807348086
33.615,33.625,169.7089723765172
33.625,33.635,169.01394720099546
33.635,33.645,168.67861949039127
33.645,33.655,168.3543626456611
33.655,33.665,167.68511357175007
33.665,33.675,166.9309468580043
33.675,33.685,166.2922768724512
33.685,33.695,165.24690892337745
33.695,33.705,163.83183013289823
33.705,33.715,162.92320068131698
33.715,33.725,162.25784675548434
33.725,33.735,164.1847005304498
33.735,33.745,165.2902848427433
33.745,33.755,165.45068475199375
33.755,33.765,165.5089434461205
33.765,33.775,165.49537721011788
33.775,33.785,165.29438160453304
33.785,33.795,164.68756660253672
33.795,33.805,163.63304085022554
33.805,33.815,0.0
33.815,33.825,0.0
33.825,33.835,0.0
33.835,33.845,0.0
33.845,33.855,0.0
33.855,33.865,0.0
33.865,33.875,0.0
33.875,33.885,0.0
33.885,33.895,0.0
33.895,33.905,0.0
33.905,33.915,0.0
33.915,33.925,0.0
33.925,33.935,163.59432465146367
33.935,33.945,165.09463986284717
33.945,33.955,165.778416237704
33.955,33.965,166.08459632393317
33.965,33.975,165.6821325029363
33.975,33.985,164.23261707813694
33.985,33.995,162.83704476667756
33.995,34.005,161.51699878041623
34.005,34.015,159.8558587514105
34.015,34.025,158.81187444136606
34.025,34.035,158.09599871654714
34.035,34.045,157.06925791005116
34.045,34.055,156.11988415317063
34.055,34.065,155.63389148589422
34.065,34.075,155.21392109148718
34.075,34.085,154.73377100740288
34.085,34.095,154.4857687460096
34.095,34.105,154.2671920064382
34.105,34.115,153.66031527647854
34.115,34.125,152.8340948749996
34.125,34.135,152.1621147378215
34.135,34.145,151.570921332191
34.145,34.155,151.1016301257942
34.155,34.165,150.85385160086275
34.165,34.175,150.77406680821773
34.175,34.185,150.7998790450623
34.185,34.195,150.86454408963527
34.195,34.205,150.8772010891929
34.205,34.215,150.99373244147617
34.215,34.225,151.3529356090816
34.225,34.235,151.78658472377023
34.235,34.245,152.03607962882822
34.245,34.255,152.1652342007267
34.255,34.265,152.28531718112316
34.265,34.275,152.524297858964
34.275,34.285,152.7687162525757
34.285,34.295,152.5422567313084
34.295,34.305,151.71747950993415
34.305,34.315,150.58046082626083
34.315,34.325,149.4845183136213
34.325,34.335,148.97217621586816
34.335,34.345,148.9419049879093
34.345,34.355,148.91631478306977
34.355,34.365,148.62896477384697
34.365,34.375,148.11556245826452
34.375,34.385,0.0
34.385,34.395,0.0
34.395,34.405,0.0
34.405,34.415,0.0
34.415,34.425,0.0
34.425,34.435,0.0
34.435,34.445,0.0
34.445,34.455,0.0
34.455,34.465,0.0
34.465,34.475,0.0
34.475,34.485,0.0
34.485,34.495,0.0
34.495,34.505,0.0
34.505,34.515,0.0
34.515,34.525,0.0
34.525,34.535,0.0
34.535,34.545,0.0
34.545,34.555,0.0
34.555,34.565,0.0
34.565,34.575,0.0
34.575,34.585,0.0
34.585,34.595,0.0
34.595,34.605,0.0
34.605,34.615,0.0
34.615,34.625,0.0
34.625,34.635,0.0
34.635,34.645,0.0
34.645,34.655,0.0
34.655,34.665,0.0
34.665,34.675,0.0
34.675,34.685,0.0
34.685,34.695,0.0
34.695,34.705,0.0
34.705,34.715,0.0
34.715,34.725,0.0
34.725,34.735,0.0
34.735,34.745,0.0
34.745,34.755,0.0
34.755,34.765,0.0
34.765,34.775,0.0
34.775,34.785,0.0
34.785,34.795,0.0
34.795,34.805,0.0
34.805,34.815,0.0
34.815,34.825,0.0
34.825,34.835,0.0
34.835,34.845,0.0
34.845,34.855,0.0
34.855,34.865,0.0
34.865,34.875,0.0
34.875,34.885,0.0
34.885,34.895,0.0
34.895,34.905,0.0
34.905,34.915,0.0
34.915,34.925,145.8748043380958
34.925,34.935,147.47127066376436
34.935,34.945,149.14025419238715
34.945,34.955,154.5009576392483
34.955,34.965,156.0791767763573
34.965,34.975,156.9654936578432
34.975,34.985,158.02161142910987
34.985,34.995,158.8274442450514
34.995,35.005,159.17419431244286
35.005,35.015,159.10103651753622
35.015,35.025,158.7461889071854
35.025,35.035,158.596357001716
35.035,35.045,158.6571918697532
35.045,35.055,158.5684951646363
35.055,35.065,158.52823489658383
35.065,35.075,158.75867152843753
35.075,35.085,159.1436076007093
35.085,35.095,159.41456864216235
35.095,35.105,159.36013374984338
35.105,35.115,159.1598595194734
35.115,35.125,158.9547599701948
35.125,35.135,158.53395250737225
35.135,35.145,157.98331289568102
35.145,35.155,157.63392250956932
35.155,35.165,157.4891226338026
35.165,35.175,157.29932918696514
35.175,35.185,156.87386036518427
35.185,35.195,156.23855980544687
35.195,35.205,155.66624246393656
35.205,35.215,155.40541331352975
35.215,35.225,155.29117014500946
35.225,35.235,155.07371352996327
35.235,35.245,154.86006384787174
35.245,35.255,154.8150695428558
35.255,35.265,154.89009720847315
35.265,35.275,154.72641574137978
35.275,35.285,154.13951028586743
35.285,35.295,153.5679757672318
35.295,35.305,153.34806382694896
35.305,35.315,153.40232062468903
35.315,35.325,153.68968161563248
35.325,35.335,154.160634346134
35.335,35.345,154.37433629573013
35.345,35.355,153.98075843713644
35.355,35.365,153.3009256967661
35.365,35.375,152.72400593761878
35.375,35.385,152.36116964431187
35.385,35.395,152.13925131820153
35.395,35.405,151.9243528152207
35.405,35.415,151.54140492436497
35.415,35.425,151.00146677198606
35.425,35.435,150.6414612738266
35.435,35.445,150.53431342843118
35.445,35.455,150.7172743587404
35.455,35.465,151.1531771665255
35.465,35.475,151.43117939427637
35.475,35.485,151.4091205575695
35.485,35.495,151.34954253468646
35.495,35.505,151.37879748022638
35.505,35.515,151.32369687848475
35.515,35.525,150.83077894136704
35.525,35.535,149.74572355090962
35.535,35.545,148.544777460126
35.545,35.555,147.1364353197401
35.555,35.565,0.0
35.565,35.575,0.0
35.575,35.585,0.0
35.585,35.595,0.0
35.595,35.605,0.0
35.605,35.615,0.0
35.615,35.625,0.0
35.625,35.635,0.0
35.635,35.645,0.0
35.645,35.655,0.0
35.655,35.665,0.0
35.665,35.675,0.0
35.675,35.685,173.7633316600014
35.685,35.695,171.38573730315875
35.695,35.705,169.5174505318365
35.705,35.715,168.304576086381
35.715,35.725,167.89728011925246
35.725,35.735,168.17397911881338
35.735,35.745,169.036128992589
35.745,35.755,170.66810762393627
35.755,35.765,172.20128513170357
35.765,35.775,172.61093045309576
35.775,35.785,0.0
35.785,35.795,0.0
35.795,35.805,0.0
35.805,35.815,0.0
35.815,35.825,0.0
35.825,35.835,163.34583469572166
35.835,35.845,163.0220474486379
35.845,35.855,162.21006721354004
35.855,35.865,160.7284397899321
35.865,35.875,159.4811078144348
35.875,35.885,158.62824118231867
35.885,35.895,157.68071068011722
35.895,35.905,0.0
35.905,35.915,0.0
35.915,35.925,0.0
35.925,35.935,0.0
35.935,35.945,0.0
35.945,35.955,0.0
35.955,35.965,0.0
35.965,35.975,153.2047615841868
35.975,35.985,152.8730161967808
35.985,35.995,153.17211127610875
35.995,36.005,153.78089866549934
36.005,36.015,154.2622510369624
36.015,36.025,154.3532842867534
36.025,36.035,154.06085197460973
36.035,36.045,0.0
36.045,36.055,0.0
36.055,36.065,0.0
36.065,36.075,0.0
36.075,36.085,0.0
36.085,36.095,0.0
36.095,36.105,0.0
36.105,36.115,169.98123047345356
36.115,36.125,174.05523497276653
36.125,36.135,176.3772600676311
36.135,36.145,185.40768918593855
36.145,36.155,187.2989229182366
36.155,36.165,187.76285831023162
36.165,36.175,187.86338496451702
36.175,36.185,0.0
36.185,36.195,0.0
36.195,36.205,0.0
36.205,36.215,0.0
36.215,36.225,0.0
36.225,36.235,0.0
36.235,36.245,0.0
36.245,36.255,0.0
36.255,36.265,0.0
36.265,36.275,0.0
36.275,36.285,0.0
36.285,36.295,0.0
36.295,36.305,0.0
36.305,36.315,0.0
36.315,36.325,0.0
36.325,36.335,0.0
36.335,36.345,0.0
36.345,36.355,0.0
36.355,36.365,269.8395853116249
36.365,36.375,270.77226991331054
36.375,36.385,273.9912673106034
36.385,36.395,277.7501956304889
36.395,36.405,282.56206315137797
36.405,36.415,285.5036749525824
36.415,36.425,286.8758517667596
36.425,36.435,287.3592132723729
36.435,36.445,286.92786690273596
36.445,36.455,286.2462720506572
36.455,36.465,285.8574199533237
36.465,36.475,285.3633182322979
36.475,36.485,284.13441084788747
36.485,36.495,281.48235460726727
36.495,36.505,279.18082803797273
36.505,36.515,277.0420599952021
36.515,36.525,273.35067199819633
36.525,36.535,271.3511643678766
36.535,36.545,266.0587492663348
36.545,36.555,261.7480210864348
36.555,36.565,257.4642991691976
36.565,36.575,251.79684450922687
36.575,36.585,244.9073993210727
36.585,36.595,238.4545968901207
36.595,36.605,231.77477615844225
36.605,36.615,225.59304267471003
36.615,36.625,219.81668992391639
36.625,36.635,212.6289481756976
36.635,36.645,202.52098232366927
36.645,36.655,0.0
36.655,36.665,0.0
36.665,36.675,0.0
36.675,36.685,0.0
36.685,36.695,0.0
36.695,36.705,0.0
36.705,36.715,0.0
36.715,36.725,0.0
36.725,36.735,0.0
36.735,36.745,0.0
36.745,36.755,0.0
36.755,36.765,0.0
36.765,36.775,0.0
36.775,36.785,0.0
36.785,36.795,0.0
36.795,36.805,0.0
36.805,36.815,0.0
36.815,36.825,0.0
36.825,36.835,0.0
36.835,36.845,0.0
36.845,36.855,0.0
36.855,36.865,169.53123798839496
36.865,36.875,171.7460460594739
36.875,36.885,172.57298430937004
36.885,36.895,172.9969410167577
36.895,36.905,173.48393042731428
36.905,36.915,174.0037835890937
36.915,36.925,174.19063030916067
36.925,36.935,173.80076562280115
36.935,36.945,173.45611129625695
36.945,36.955,173.55080614373438
36.955,36.965,173.57794044400347
36.965,36.975,173.12614681980136
36.975,36.985,172.38732503145505
36.985,36.995,171.72356737357828
36.995,37.005,171.27036249942532
37.005,37.015,170.94932202516537
37.015,37.025,170.7557284118727
37.025,37.035,170.71464868037478
37.035,37.045,170.8381763213874
37.045,37.055,170.93620584690655
37.055,37.065,170.7835352515404
37.065,37.075,170.51777773959043
37.075,37.085,170.23890670745558
37.085,37.095,169.79350876066167
37.095,37.105,169.4448011092759
37.105,37.115,169.21902386292234
37.115,37.125,168.9616405457312
37.125,37.135,168.72408097421723
37.135,37.145,168.46713877056038
37.145,37.155,168.10276230358224
37.155,37.165,167.6246922374582
37.165,37.175,167.10609911457152
37.175,37.185,166.79682139591526
37.185,37.195,166.65230977384508
37.195,37.205,166.6312501304945
37.205,37.215,166.8916195844109
37.215,37.225,167.00154327114706
37.225,37.235,166.53982180112806
37.235,37.245,165.92514583358036
37.245,37.255,165.47069625429248
37.255,37.265,165.10109883555157
37.265,37.275,164.66900343351244
37.275,37.285,164.13097743887403
37.285,37.295,163.5978136711301
37.295,37.305,163.1047346247942
37.305,37.315,162.79407653857785
37.315,37.325,162.90138479045115
37.325,37.335,163.34209406823206
37.335,37.345,163.66771423103276
37.345,37.355,163.69682661714737
37.355,37.365,163.31788254658207
37.365,37.375,162.52614240281878
37.375,37.385,161.79871203726125
37.385,37.395,161.35897937681818
37.395,37.405,161.18937894535046
37.405,37.415,161.22512319352313
37.415,37.425,161.54962610975525
37.425,37.435,161.81745095349117
37.435,37.445,161.46624927677132
37.445,37.455,160.8425514675115
37.455,37.465,160.4624226265471
37.465,37.475,160.2318194947926
37.475,37.485,159.98130029105423
37.485,37.495,159.6892895479746
37.495,37.505,159.48029666756304
37.505,37.515,159.4070415010661
37.515,37.525,159.23648030128265
37.525,37.535,158.84522300882634
37.535,37.545,158.2758233741281
37.545,37.555,157.64320253442858
37.555,37.565,157.08202808158052
37.565,37.575,156.44917898689962
37.575,37.585,155.7773615114471
37.585,37.595,155.2739695362735
37.595,37.605,155.0408359759073
37.605,37.615,155.1441323118617
37.615,37.625,155.5109730873326
37.625,37.635,155.79968348213353
37.635,37.645,155.7689109905917
37.645,37.655,155.64761468805688
37.655,37.665,155.5388523884364
37.665,37.675,155.20623077157254
37.675,37.685,154.47626471625054
37.685,37.695,153.6540890080079
37.695,37.705,153.06713983668732
37.705,37.715,152.9875844781238
37.715,37.725,153.5715289890774
37.725,37.735,154.32601201087877
37.735,37.745,154.84882483702205
37.745,37.755,155.20328734468217
37.755,37.765,155.4775712208216
37.765,37.775,155.7936727671337
37.775,37.785,156.10185731243806
37.785,37.795,156.18572054206857
37.795,37.805,156.23345674121322
37.805,37.815,156.2259400056084
37.815,37.825,0.0
37.825,37.835,0.0
37.835,37.845,0.0
37.845,37.855,0.0
37.855,37.865,0.0
37.865,37.875,0.0
37.875,37.885,0.0
37.885,37.895,0.0
37.895,37.905,0.0
37.905,37.915,0.0
37.915,37.925,0.0
37.925,37.935,0.0
37.935,37.945,0.0
37.945,37.955,0.0
37.955,37.965,0.0
37.965,37.975,0.0
37.975,37.985,0.0
37.985,37.995,0.0
37.995,38.005,0.0
38.005,38.015,0.0
38.015,38.025,0.0
38.025,38.035,0.0
38.035,38.045,0.0
38.045,38.055,0.0
38.055,38.065,0.0
38.065,38.075,0.0
38.075,38.085,0.0
38.085,38.095,0.0
38.095,38.105,0.0
38.105,38.115,0.0
38.115,38.125,0.0
38.125,38.135,0.0
38.135,38.145,0.0
38.145,38.155,0.0
38.155,38.165,0.0
38.165,38.175,0.0
38.175,38.185,0.0
38.185,38.195,0.0
38.195,38.205,0.0
38.205,38.215,0.0
38.215,38.225,0.0
38.225,38.235,229.54035904884708
38.235,38.245,229.24392306069694
38.245,38.255,228.59938122646855
38.255,38.265,223.06692097435237
38.265,38.275,213.5215443915535
38.275,38.285,0.0
38.285,38.295,0.0
38.295,38.305,0.0
38.305,38.315,0.0
38.315,38.325,0.0
38.325,38.335,161.43599108569794
38.335,38.345,166.52517801048182
38.345,38.355,175.93453015474552
38.355,38.365,175.7406316154817
38.365,38.375,173.67609694288316
38.375,38.385,171.15575805940287
38.385,38.395,169.0482318572258
38.395,38.405,167.50068438366498
38.405,38.415,166.3317359227749
38.415,38.425,0.0
38.425,38.435,0.0
38.435,38.445,0.0
38.445,38.455,0.0
38.455,38.465,0.0
38.465,38.475,0.0
38.475,38.485,0.0
38.485,38.495,0.0
38.495,38.505,0.0
38.505,38.515,165.2870732779086
38.515,38.525,163.63403570066518
38.525,38.535,162.24854834698317
38.535,38.545,0.0
38.545,38.555,0.0
38.555,38.565,0.0
38.565,38.575,0.0
38.575,38.585,0.0
38.585,38.595,0.0
38.595,38.605,0.0
38.605,38.615,0.0
38.615,38.625,0.0
38.625,38.635,0.0
38.635,38.645,0.0
38.645,38.655,0.0
38.655,38.665,0.0
38.665,38.675,0.0
38.675,38.685,0.0
38.685,38.695,0.0
38.695,38.705,0.0
38.705,38.715,0.0
38.715,38.725,0.0
38.725,38.735,0.0
38.735,38.745,0.0
38.745,38.755,0.0
38.755,38.765,0.0
38.765,38.775,0.0
38.775,38.785,0.0
38.785,38.795,0.0
38.795,38.805,0.0
38.805,38.815,0.0
38.815,38.825,0.0
38.825,38.835,0.0
38.835,38.845,0.0
38.845,38.855,0.0
38.855,38.865,0.0
38.865,38.875,0.0
38.875,38.885,0.0
38.885,38.895,0.0
38.895,38.905,0.0
38.905,38.915,0.0
38.915,38.925,0.0
38.925,38.935,156.68360421314551
38.935,38.945,156.47090204168876
38.945,38.955,155.71787576139172
38.955,38.965,154.3874969375674
38.965,38.975,0.0
38.975,38.985,0.0
38.985,38.995,0.0
38.995,39.005,0.0
39.005,39.015,0.0
39.015,39.025,0.0
39.025,39.035,0.0
39.035,39.045,0.0
39.045,39.055,0.0
39.055,39.065,154.20977244717824
39.065,39.075,153.82278425181443
39.075,39.085,152.43119063938508
39.085,39.095,150.51100982794142
39.095,39.105,148.8293124788351
39.105,39.115,0.0
39.115,39.125,0.0
39.125,39.135,0.0
39.135,39.145,0.0
39.145,39.155,0.0
39.155,39.165,0.0
39.165,39.175,0.0
39.175,39.185,0.0
39.185,39.195,0.0
39.195,39.205,0.0
39.205,39.215,0.0
39.215,39.225,0.0
39.225,39.235,0.0
39.235,39.245,151.73419743661904
39.245,39.255,151.66784680372396
39.255,39.265,147.50461882035
39.265,39.275,0.0
39.275,39.285,0.0
39.285,39.295,0.0
39.295,39.305,0.0
39.305,39.315,0.0
39.315,39.325,0.0
39.325,39.335,0.0
39.335,39.345,0.0
39.345,39.355,0.0
39.355,39.365,0.0
39.365,39.375,0.0
39.375,39.385,0.0
39.385,39.395,0.0
39.395,39.405,0.0
39.405,39.415,0.0
39.415,39.425,146.39886669213266
39.425,39.435,144.33527389227746
39.435,39.445,142.82741585876056
39.445,39.455,142.91531737227191
39.455,39.465,144.86828207690436
39.465,39.475,146.7555625574085
39.475,39.485,147.34996865316413
39.485,39.495,147.55835017512103
39.495,39.505,149.0290423044749
39.505,39.515,0.0
39.515,39.525,0.0
39.525,39.535,0.0
39.535,39.545,0.0
39.545,39.555,0.0
39.555,39.565,0.0
39.565,39.575,0.0
39.575,39.585,0.0
39.585,39.595,0.0
39.595,39.605,0.0
39.605,39.615,0.0
39.615,39.625,0.0
39.625,39.635,222.1352662000583
39.635,39.645,221.46609722970612
39.645,39.655,220.18019039783977
39.655,39.665,218.17790890791494
39.665,39.675,217.30983147845606
39.675,39.685,217.58011189148817
39.685,39.695,218.39070765579956
39.695,39.705,219.68460052692194
39.705,39.715,221.2817408361196
39.715,39.725,222.72718430777334
39.725,39.735,223.51782723927894
39.735,39.745,223.71419760745553
39.745,39.755,223.34051789682232
39.755,39.765,222.26861700356562
39.765,39.775,220.82710434170085
39.775,39.785,219.31006000622006
39.785,39.795,217.76171699283432
39.795,39.805,0.0
39.805,39.815,0.0
39.815,39.825,0.0
39.825,39.835,0.0
39.835,39.845,0.0
39.845,39.855,0.0
39.855,39.865,0.0
39.865,39.875,0.0
39.875,39.885,0.0
39.885,39.895,0.0
39.895,39.905,0.0
39.905,39.915,0.0
39.915,39.925,0.0
39.925,39.935,251.5189572447363
39.935,39.945,250.32607460848502
39.945,39.955,249.24824150398453
39.955,39.965,247.36469785615466
39.965,39.975,0.0
39.975,39.985,0.0
39.985,39.995,0.0
39.995,40.005,0.0
40.005,40.015,0.0
40.015,40.025,0.0
40.025,40.035,0.0
40.035,40.045,0.0
40.045,40.055,0.0
40.055,40.065,0.0
40.065,40.075,0.0
40.075,40.085,0.0
40.085,40.095,0.0
40.095,40.105,0.0
40.105,40.115,211.47074336234553
40.115,40.125,205.62757163349596
40.125,40.135,201.01102035578134
40.135,40.145,197.90039732285175
40.145,40.155,195.90707507830652
40.155,40.165,195.0523869976934
40.165,40.175,196.42936933634516
40.175,40.185,198.55913129772907
40.185,40.195,198.7334855636323
40.195,40.205,198.33192454471924
40.205,40.215,198.160228445407
40.215,40.225,197.9484273032557
40.225,40.235,197.3990387773663
40.235,40.245,196.3397120916208
40.245,40.255,0.0
40.255,40.265,0.0
40.265,40.275,0.0
40.275,40.285,0.0
40.285,40.295,0.0
40.295,40.305,0.0
40.305,40.315,0.0
40.315,40.325,179.39899573241456
40.325,40.335,183.33763841865292
40.335,40.345,184.05067526351903
40.345,40.355,183.25711041184397
40.355,40.365,179.83595432869643
40.365,40.375,174.92027600295827
40.375,40.385,174.48335051216498
40.385,40.395,169.5257619852792
40.395,40.405,164.30406749275798
40.405,40.415,163.37151348864873
40.415,40.425,0.0
40.425,40.435,0.0
40.435,40.445,0.0
40.445,40.455,0.0
40.455,40.465,0.0
40.465,40.475,0.0
40.475,40.485,0.0
40.485,40.495,0.0
40.495,40.505,0.0
40.505,40.515,0.0
40.515,40.525,0.0
40.525,40.535,0.0
40.535,40.545,0.0
40.545,40.555,0.0
40.555,40.565,0.0
40.565,40.575,0.0
40.575,40.585,0.0
40.585,40.595,0.0
40.595,40.605,0.0
40.605,40.615,0.0
40.615,40.625,0.0
40.625,40.635,0.0
40.635,40.645,155.40225703842032
40.645,40.655,154.66136698576207
40.655,40.665,153.73055097836016
40.665,40.675,0.0
40.675,40.685,0.0
40.685,40.695,0.0
40.695,40.705,0.0
40.705,40.715,0.0
40.715,40.725,0.0
40.725,40.735,0.0
40.735,40.745,0.0
40.745,40.755,0.0
40.755,40.765,0.0
40.765,40.775,0.0
40.775,40.785,0.0
40.785,40.795,0.0
40.795,40.805,0.0
40.805,40.815,0.0
40.815,40.825,0.0
40.825,40.835,0.0
40.835,40.845,0.0
40.845,40.855,0.0
40.855,40.865,0.0
40.865,40.875,0.0
40.875,40.885,0.0
40.885,40.895,0.0
40.895,40.905,0.0
40.905,40.915,0.0
40.915,40.925,152.30515919307672
40.925,40.935,153.72996618608644
40.935,40.945,154.19779913058437
40.945,40.955,154.22412765336392
40.955,40.965,153.86027626754685
40.965,40.975,0.0
40.975,40.985,0.0
40.985,40.995,0.0
40.995,41.005,0.0
41.005,41.015,0.0
41.015,41.025,0.0
41.025,41.035,0.0
41.035,41.045,0.0
41.045,41.055,0.0
41.055,41.065,0.0
41.065,41.075,0.0
41.075,41.085,0.0
41.085,41.095,0.0
41.095,41.105,0.0
41.105,41.115,0.0
41.115,41.125,0.0
41.125,41.135,0.0
41.135,41.145,0.0
41.145,41.155,155.22933684122992
41.155,41.165,153.8267465449274
41.165,41.175,151.4825208677064
41.175,41.185,148.31047341342892
41.185,41.195,147.02983840783165
41.195,41.205,145.67549784654446
41.205,41.215,0.0
41.215,41.225,0.0
41.225,41.235,0.0
41.235,41.245,0.0
41.245,41.255,0.0
41.255,41.265,0.0
41.265,41.275,0.0
41.275,41.285,0.0
41.285,41.295,0.0
41.295,41.305,147.8351930567363
41.305,41.315,146.80390759461963
41.315,41.325,145.99073915945846
41.325,41.335,0.0
41.335,41.345,0.0
41.345,41.355,0.0
41.355,41.365,0.0
41.365,41.375,0.0
41.375,41.385,0.0
41.385,41.395,0.0
41.395,41.405,0.0
41.405,41.415,0.0
41.415,41.425,0.0
41.425,41.435,0.0
41.435,41.445,0.0
41.445,41.455,0.0
41.455,41.465,169.80913132553766
41.465,41.475,170.12439176277522
41.475,41.485,169.69047240593574
41.485,41.495,168.9024074273011
41.495,41.505,0.0
41.505,41.515,0.0
41.515,41.525,0.0
41.525,41.535,0.0
41.535,41.545,0.0
41.545,41.555,0.0
41.555,41.565,191.73515917574906
41.565,41.575,191.55906059388167
41.575,41.585,191.53948188813428
41.585,41.595,191.2824899680064
41.595,41.605,191.13631288516055
41.605,41.615,191.4869194922902
41.615,41.625,192.58668064925976
41.625,41.635,194.23962283922748
41.635,41.645,195.15435662229916
41.645,41.655,195.44509387514367
41.655,41.665,196.4729495092867
41.665,41.675,0.0
41.675,41.685,0.0
41.685,41.695,220.64248450443353
41.695,41.705,225.1114256947377
41.705,41.715,226.53970348963375
41.715,41.725,227.02275376229673
41.725,41.735,227.20200581091598
41.735,41.745,227.5103029557705
41.745,41.755,228.17661628377255
41.755,41.765,229.00723478646023
41.765,41.775,230.05006377413986
41.775,41.785,231.6781140479386
41.785,41.795,233.38975349713132
41.795,41.805,233.6100408297637
41.805,41.815,228.13433115937343
41.815,41.825,223.33308400597875
41.825,41.835,223.10242581020185
41.835,41.845,221.85688186218457
41.845,41.855,218.82024406225744
41.855,41.865,215.26790226633872
41.865,41.875,212.66843173451528
41.875,41.885,211.25756522325213
41.885,41.895,0.0
41.895,41.905,0.0
41.905,41.915,0.0
41.915,41.925,0.0
41.925,41.935,0.0
41.935,41.945,0.0
41.945,41.955,0.0
41.955,41.965,0.0
41.965,41.975,0.0
41.975,41.985,0.0
41.985,41.995,0.0
41.995,42.005,0.0
42.005,42.015,0.0
42.015,42.025,0.0
42.025,42.035,0.0
42.035,42.045,0.0
42.045,42.055,0.0
42.055,42.065,0.0
42.065,42.075,0.0
42.075,42.085,0.0
42.085,42.095,0.0
42.095,42.105,0.0
42.105,42.115,0.0
42.115,42.125,0.0
42.125,42.135,0.0
42.135,42.145,0.0
42.145,42.155,0.0
42.155,42.165,0.0
42.165,42.175,202.29926351135333
42.175,42.185,199.73526448552383
42.185,42.195,197.2769910371606
42.195,42.205,195.06740232770602
42.205,42.215,193.70922099398598
42.215,42.225,192.61173435969863
42.225,42.235,191.34569891409646
42.235,42.245,189.5675599251575
42.245,42.255,186.71927226907633
42.255,42.265,0.0
42.265,42.275,0.0
42.275,42.285,0.0
42.285,42.295,0.0
42.295,42.305,0.0
42.305,42.315,0.0
42.315,42.325,186.76408017839574
42.325,42.335,184.7857949897155
42.335,42.345,183.55065261791873
42.345,42.355,182.65208976111867
42.355,42.365,181.88856332224677
42.365,42.375,181.06156339177966
42.375,42.385,180.3329817004274
42.385,42.395,180.13884179219338
42.395,42.405,180.5222350964749
42.405,42.415,181.2071939085016
42.415,42.425,181.6852965356578
42.425,42.435,181.78936315480385
42.435,42.445,181.69635651619663
42.445,42.455,181.56887597811175
42.455,42.465,181.43424489979918
42.465,42.475,181.06566695665285
42.475,42.485,180.43496206543674
42.485,42.495,179.82113099236022
42.495,42.505,179.31891563207844
42.505,42.515,178.81212604477747
42.515,42.525,178.2690544302273
42.525,42.535,177.61315545424122
42.535,42.545,176.91445273462875
42.545,42.555,176.64736866396768
42.555,42.565,176.70857177453243
42.565,42.575,176.51765586791083
42.575,42.585,175.9203617574011
42.585,42.595,176.29815429618756
42.595,42.605,179.30884509690196
42.605,42.615,181.7034707685003
42.615,42.625,181.55359563637407
42.625,42.635,181.07222425475624
42.635,42.645,181.09860722618237
42.645,42.655,181.34568687333993
42.655,42.665,181.65420368822498
42.665,42.675,182.38601578477514
42.675,42.685,183.5465404361136
42.685,42.695,184.88973572622126
42.695,42.705,186.2138011211479
42.705,42.715,185.58310932811042
42.715,42.725,0.0
42.725,42.735,0.0
42.735,42.745,0.0
42.745,42.755,0.0
42.755,42.765,0.0
42.765,42.775,0.0
42.775,42.785,0.0
42.785,42.795,0.0
42.795,42.805,0.0
42.805,42.815,0.0
42.815,42.825,0.0
42.825,42.835,0.0
42.835,42.845,208.81509749728588
42.845,42.855,213.0633183151582
42.855,42.865,216.70440837185393
42.865,42.875,218.2137358003761
42.875,42.885,218.46082468052984
42.885,42.895,218.8318113166296
42.895,42.905,220.08256551874769
42.905,42.915,220.91003138566833
42.915,42.925,220.54330172283443
42.925,42.935,219.0977396538379
42.935,42.945,216.65330893892877
42.945,42.955,212.71528791010422
42.955,42.965,208.0588231522316
42.965,42.975,0.0
42.975,42.985,0.0
42.985,42.995,0.0
42.995,43.005,0.0
43.005,43.015,0.0
43.015,43.025,0.0
43.025,43.035,0.0
43.035,43.045,0.0
43.045,43.055,0.0
43.055,43.065,0.0
43.065,43.075,181.19400818461395
43.075,43.085,180.6895781628434
43.085,43.095,179.28342587948922
43.095,43.105,177.30727443647726
43.105,43.115,174.98856591706087
43.115,43.125,171.91957289415225
43.125,43.135,168.9396854388489
43.135,43.145,167.51238895275313
43.145,43.155,166.55179780419908
43.155,43.165,168.23697129242228
43.165,43.175,171.78909629773293
43.175,43.185,173.20930772430887
43.185,43.195,173.10191618210433
43.195,43.205,172.14117849098153
43.205,43.215,170.6422886182877
43.215,43.225,169.08252189507655
43.225,43.235,167.69098649286207
43.235,43.245,166.76372901894774
43.245,43.255,170.73153929893056
43.255,43.265,173.38213605753407
43.265,43.275,174.00793607620068
43.275,43.285,174.59159973449056
43.285,43.295,174.930007876994
43.295,43.305,174.8973391625733
43.305,43.315,174.52839792500572
43.315,43.325,173.71913499899497
43.325,43.335,172.30452180224984
43.335,43.345,0.0
43.345,43.355,0.0
43.355,43.365,0.0
43.365,43.375,0.0
43.375,43.385,0.0
43.385,43.395,0.0
43.395,43.405,0.0
43.405,43.415,203.6054852077994
43.415,43.425,202.9668762653986
43.425,43.435,202.45779442902628
43.435,43.445,201.9876748349732
43.445,43.455,201.5497960827071
43.455,43.465,201.07432209789874
43.465,43.475,200.30204091395316
43.475,43.485,0.0
43.485,43.495,0.0
43.495,43.505,0.0
43.505,43.515,0.0
43.515,43.525,0.0
43.525,43.535,0.0
43.535,43.545,0.0
43.545,43.555,0.0
43.555,43.565,0.0
43.565,43.575,0.0
43.575,43.585,0.0
43.585,43.595,219.35160949528174
43.595,43.605,224.90982452117947
43.605,43.615,227.76712454136617
43.615,43.625,230.01234904104751
43.625,43.635,231.70920855837
43.635,43.645,232.61828004260227
43.645,43.655,232.65870595602857
43.655,43.665,231.54667062172544
43.665,43.675,229.34848722283962
43.675,43.685,229.09856298652764
43.685,43.695,228.93092858355408
43.695,43.705,228.4337594678985
43.705,43.715,0.0
43.715,43.725,0.0
43.725,43.735,0.0
43.735,43.745,0.0
43.745,43.755,0.0
43.755,43.765,0.0
43.765,43.775,0.0
43.775,43.785,0.0
43.785,43.795,192.9323584002664
43.795,43.805,190.49620194115627
43.805,43.815,187.33099088776675
43.815,43.825,183.7506237085311
43.825,43.835,179.62184260374684
43.835,43.845,173.5320971820509
43.845,43.855,172.57109558516584
43.855,43.865,173.86232716089995
43.865,43.875,174.374281566927
43.875,43.885,174.28046762584245
43.885,43.895,173.4894548138565
43.895,43.905,172.7699127751946
43.905,43.915,173.05624557891232
43.915,43.925,174.1394477848718
43.925,43.935,175.46443733158148
43.935,43.945,176.74403951518676
43.945,43.955,177.94884614842
43.955,43.965,179.19537717383147
43.965,43.975,180.73096896320536
43.975,43.985,183.19594218717398
43.985,43.995,186.63952617570163
43.995,44.005,189.73109931439535
44.005,44.015,192.17909107727147
44.015,44.025,194.207933001785
44.025,44.035,196.58917039525005
44.035,44.045,198.99686777275906
44.045,44.055,201.06753875608933
44.055,44.065,203.6470960715947
44.065,44.075,207.78855900286254
44.075,44.085,212.36999790921604
44.085,44.095,214.9249814777724
44.095,44.105,214.0922734966367
44.105,44.115,210.2478984212522
44.115,44.125,208.18387901974563
44.125,44.135,0.0
44.135,44.145,0.0
44.145,44.155,0.0
44.155,44.165,218.26654776820132
44.165,44.175,222.4387292474624
44.175,44.185,227.98034840545523
44.185,44.195,232.300563495423
44.195,44.205,234.49801404526977
44.205,44.215,236.97563104947133
44.215,44.225,240.92357359126564
44.225,44.235,242.2629138028788
44.235,44.245,242.45215217244046
44.245,44.255,239.52649210980573
44.255,44.265,232.0108740516676
44.265,44.275,0.0
44.275,44.285,0.0
44.285,44.295,0.0
44.295,44.305,0.0
44.305,44.315,0.0
44.315,44.325,0.0
44.325,44.335,0.0
44.335,44.345,0.0
44.345,44.355,0.0
44.355,44.365,0.0
44.365,44.375,0.0
44.375,44.385,0.0
44.385,44.395,0.0
44.395,44.405,0.0
44.405,44.415,0.0
44.415,44.425,0.0
44.425,44.435,0.0
44.435,44.445,0.0
44.445,44.455,0.0
44.455,44.465,0.0
44.465,44.475,0.0
44.475,44.485,0.0
44.485,44.495,0.0
44.495,44.505,0.0
44.505,44.515,0.0
44.515,44.525,0.0
44.525,44.535,0.0
44.535,44.545,0.0
44.545,44.555,0.0
44.555,44.565,0.0
44.565,44.575,0.0
44.575,44.585,0.0
44.585,44.595,0.0
44.595,44.605,0.0
44.605,44.615,0.0
44.615,44.625,0.0
44.625,44.635,0.0
44.635,44.645,0.0
44.645,44.655,0.0
44.655,44.665,0.0
44.665,44.675,0.0
44.675,44.685,0.0
44.685,44.695,0.0
44.695,44.705,0.0
44.705,44.715,0.0
44.715,44.725,0.0
44.725,44.735,0.0
44.735,44.745,0.0
44.745,44.755,0.0
44.755,44.765,0.0
44.765,44.775,0.0
44.775,44.785,0.0
44.785,44.795,0.0
44.795,44.805,0.0
44.805,44.815,0.0
44.815,44.825,0.0
44.825,44.835,0.0
44.835,44.845,0.0
44.845,44.855,0.0
44.855,44.865,0.0
44.865,44.875,0.0
44.875,44.885,0.0
44.885,44.895,0.0
44.895,44.905,0.0
44.905,44.915,0.0
44.915,44.925,0.0
44.925,44.935,0.0
44.935,44.945,0.0
44.945,44.955,160.3958754603702
44.955,44.965,165.4251448236288
44.965,44.975,176.18933549369933
44.975,44.985,176.42650438761802
44.985,44.995,176.1666437628375
44.995,45.005,177.07311622478008
45.005,45.015,179.26461735251
45.015,45.025,179.92096057077532
45.025,45.035,179.83618899722273
45.035,45.045,178.28061016448885
45.045,45.055,176.49509574737442
45.055,45.065,175.3281267541877
45.065,45.075,174.53310408096112
45.075,45.085,174.19318068191066
45.085,45.095,174.26192832875992
45.095,45.105,174.64278115152734
45.105,45.115,174.72129715005468
45.115,45.125,174.58348416014172
45.125,45.135,175.42839079293924
45.135,45.145,177.1268680481184
45.145,45.155,178.04122649316275
45.155,45.165,177.37595498980744
45.165,45.175,174.883489020315
45.175,45.185,172.22728069275928
45.185,45.195,170.39545513890403
45.195,45.205,168.76271887256598
45.205,45.215,168.46229191943667
45.215,45.225,169.15136704542783
45.225,45.235,170.20344973345465
45.235,45.245,171.18097408268355
45.245,45.255,171.17446318493103
45.255,45.265,170.478340969589
45.265,45.275,169.41850858687457
45.275,45.285,0.0
45.285,45.295,0.0
45.295,45.305,0.0
45.305,45.315,0.0
45.315,45.325,0.0
45.325,45.335,0.0
45.335,45.345,0.0
45.345,45.355,0.0
45.355,45.365,0.0
45.365,45.375,0.0
45.375,45.385,186.31936333478833
45.385,45.395,186.60529588904325
45.395,45.405,186.05879270874115
45.405,45.415,184.7997482462853
45.415,45.425,183.92480018121833
45.425,45.435,183.85465914022168
45.435,45.445,183.93591242641907
45.445,45.455,183.43747063836219
45.455,45.465,181.71563396526486
45.465,45.475,0.0
45.475,45.485,0.0
45.485,45.495,0.0
45.495,45.505,0.0
45.505,45.515,0.0
45.515,45.525,0.0
45.525,45.535,0.0
45.535,45.545,0.0
45.545,45.555,0.0
45.555,45.565,187.8060764100504
45.565,45.575,187.6344293965742
45.575,45.585,187.58764237423264
45.585,45.595,186.82949624921204
45.595,45.605,185.3868972524041
45.605,45.615,183.66429698199457
45.615,45.625,182.64204132491318
45.625,45.635,182.61813432527532
45.635,45.645,182.69850597780768
45.645,45.655,182.3318563666382
45.655,45.665,0.0
45.665,45.675,0.0
45.675,45.685,0.0
45.685,45.695,0.0
45.695,45.705,0.0
45.705,45.715,0.0
45.715,45.725,0.0
45.725,45.735,0.0
45.735,45.745,176.59263586576034
45.745,45.755,176.00895854069972
45.755,45.765,176.23842987125502
45.765,45.775,177.4451388366803
45.775,45.785,179.42830763305182
45.785,45.795,180.2141392676484
45.795,45.805,180.2258534926944
45.805,45.815,180.40888481322665
45.815,45.825,0.0
45.825,45.835,0.0
45.835,45.845,183.3623485533657
45.845,45.855,183.69540871674093
45.855,45.865,185.05637332783775
45.865,45.875,190.3007130839863
45.875,45.885,191.55054055303563
45.885,45.895,192.4901326662742
45.895,45.905,194.07176255888595
45.905,45.915,195.5953781619296
45.915,45.925,196.5207807446163
45.925,45.935,196.9540392969079
45.935,45.945,196.84733775639648
45.945,45.955,195.70917962498396
45.955,45.965,194.9442758717676
45.965,45.975,195.98193441863714
45.975,45.985,196.46155546032952
45.985,45.995,195.73667752917046
45.995,46.005,194.03400146609152
46.005,46.015,191.4808675195111
46.015,46.025,188.8442499078913
46.025,46.035,187.42693551284958
46.035,46.045,186.46413198215515
46.045,46.055,184.69292639707834
46.055,46.065,182.03127026644498
46.065,46.075,181.476386904145
46.075,46.085,181.945838483934
46.085,46.095,182.40510492890837
46.095,46.105,181.3077542700427
46.105,46.115,180.8875643009737
46.115,46.125,180.93145869074786
46.125,46.135,180.82416775598602
46.135,46.145,180.32003167113245
46.145,46.155,179.34013295264907
46.155,46.165,177.83480073497165
46.165,46.175,175.95875457584845
46.175,46.185,174.12490214807733
46.185,46.195,173.21016172479858
46.195,46.205,174.90244249796777
46.205,46.215,178.5408340290621
46.215,46.225,183.95884392404892
46.225,46.235,188.47884414357557
46.235,46.245,191.78585142819296
46.245,46.255,193.570004429009
46.255,46.265,194.42205057164628
46.265,46.275,194.92812084921673
46.275,46.285,195.28122469735374
46.285,46.295,195.3031350205545
46.295,46.305,194.75981037660284
46.305,46.315,193.75025387622523
46.315,46.325,188.929760239555
46.325,46.335,184.88962783872472
46.335,46.345,186.07073979657326
46.345,46.355,185.85440589802252
46.355,46.365,184.90343839449457
46.365,46.375,183.5428873463563
46.375,46.385,181.53089548954938
46.385,46.395,177.87722244525338
46.395,46.405,0.0
46.405,46.415,0.0
46.415,46.425,0.0
46.425,46.435,0.0
46.435,46.445,0.0
46.445,46.455,0.0
46.455,46.465,0.0
46.465,46.475,170.53068337834713
46.475,46.485,174.32087558951937
46.485,46.495,178.05294471135585
46.495,46.505,179.72584714743542
46.505,46.515,179.69199632833588
46.515,46.525,179.08386235829482
46.525,46.535,0.0
46.535,46.545,0.0
46.545,46.555,0.0
46.555,46.565,0.0
46.565,46.575,0.0
46.575,46.585,0.0
46.585,46.595,0.0
46.595,46.605,0.0
46.605,46.615,217.44905787445765
46.615,46.625,224.85998387552766
46.625,46.635,230.11319563779608
46.635,46.645,234.38721797349686
46.645,46.655,238.26555365774135
46.655,46.665,242.42994494434333
46.665,46.675,247.1756893076986
46.675,46.685,252.07549776614158
46.685,46.695,253.94084445636648
46.695,46.705,0.0
46.705,46.715,0.0
46.715,46.725,0.0
46.725,46.735,0.0
46.735,46.745,0.0
46.745,46.755,0.0
46.755,46.765,0.0
46.765,46.775,0.0
46.775,46.785,0.0
46.785,46.795,0.0
46.795,46.805,0.0
46.805,46.815,0.0
46.815,46.825,0.0
46.825,46.835,0.0
46.835,46.845,0.0
46.845,46.855,210.4626191057483
46.855,46.865,209.13321489839436
46.865,46.875,207.9119966701028
46.875,46.885,207.2550486279499
46.885,46.895,206.87398069284617
46.895,46.905,206.4712727384894
46.905,46.915,205.95286112325337
46.915,46.925,205.3806810330466
46.925,46.935,204.63622156904097
46.935,46.945,203.54351530790544
46.945,46.955,202.51646815286134
46.955,46.965,204.59381129409954
46.965,46.975,203.65618387224083
46.975,46.985,200.6482218449809
46.985,46.995,193.58280628391125
46.995,47.005,0.0
47.005,47.015,0.0
47.015,47.025,0.0
47.025,47.035,0.0
47.035,47.045,0.0
47.045,47.055,0.0
47.055,47.065,0.0
47.065,47.075,0.0
47.075,47.085,177.36109579757058
47.085,47.095,176.77167985330524
47.095,47.105,175.4823594181356
47.105,47.115,171.87687965210048
47.115,47.125,168.68025554627633
47.125,47.135,165.4482662843713
47.135,47.145,0.0
47.145,47.155,0.0
47.155,47.165,0.0
47.165,47.175,0.0
47.175,47.185,0.0
47.185,47.195,0.0
47.195,47.205,0.0
47.205,47.215,0.0
47.215,47.225,177.17591298423972
47.225,47.235,179.43248552403162
47.235,47.245,179.99360906814053
47.245,47.255,179.61020802679712
47.255,47.265,178.8446533505383
47.265,47.275,177.98225399004713
47.275,47.285,176.93433022002708
47.285,47.295,175.7281819734379
47.295,47.305,174.52839708735112
47.305,47.315,173.1920375243921
47.315,47.325,169.84624237209434
47.325,47.335,168.79778366617415
47.335,47.345,169.46509141476008
47.345,47.355,169.75615519661488
47.355,47.365,169.59846649518138
47.365,47.375,169.01970357700992
47.375,47.385,168.4235419634129
47.385,47.395,168.06795321290116
47.395,47.405,167.96941944040094
47.405,47.415,167.96621346119895
47.415,47.425,167.91250486108856
47.425,47.435,167.83878701305636
47.435,47.445,167.79085544068946
47.445,47.455,167.75947073644113
47.455,47.465,0.0
47.465,47.475,0.0
47.475,47.485,0.0
47.485,47.495,0.0
47.495,47.505,0.0
47.505,47.515,0.0
47.515,47.525,0.0
47.525,47.535,0.0
47.535,47.545,0.0
47.545,47.555,0.0
47.555,47.565,0.0
47.565,47.575,0.0
47.575,47.585,0.0
47.585,47.595,0.0
47.595,47.605,0.0
47.605,47.615,0.0
47.615,47.625,0.0
47.625,47.635,0.0
47.635,47.645,0.0
47.645,47.655,0.0
47.655,47.665,0.0
47.665,47.675,0.0
47.675,47.685,0.0
47.685,47.695,0.0
47.695,47.705,0.0
47.705,47.715,0.0
47.715,47.725,0.0
47.725,47.735,0.0
47.735,47.745,0.0
47.745,47.755,0.0
47.755,47.765,0.0
47.765,47.775,0.0
47.775,47.785,0.0
47.785,47.795,0.0
47.795,47.805,0.0
47.805,47.815,0.0
47.815,47.825,0.0
47.825,47.835,147.60913526039874
47.835,47.845,147.31195977457622
47.845,47.855,147.19615566865116
47.855,47.865,147.16954494973984
47.865,47.875,147.06938676732338
47.875,47.885,146.90193697308175
47.885,47.895,146.79947817268604
47.895,47.905,146.85834831644078
47.905,47.915,147.2498914842653
47.915,47.925,147.6340554102465
47.925,47.935,147.4926877830524
47.935,47.945,146.8877216608936
47.945,47.955,0.0
47.955,47.965,0.0
47.965,47.975,0.0
47.975,47.985,0.0
47.985,47.995,0.0
47.995,48.005,0.0
48.005,48.015,0.0
48.015,48.025,0.0
48.025,48.035,0.0
48.035,48.045,0.0
48.045,48.055,0.0
48.055,48.065,0.0
48.065,48.075,0.0
48.075,48.085,0.0
48.085,48.095,0.0
48.095,48.105,0.0
48.105,48.115,0.0
48.115,48.125,0.0
48.125,48.135,0.0
48.135,48.145,0.0
48.145,48.155,0.0
48.155,48.165,0.0
48.165,48.175,0.0
48.175,48.185,0.0
48.185,48.195,0.0
48.195,48.205,0.0
48.205,48.215,0.0
48.215,48.225,0.0
48.225,48.235,0.0
48.235,48.245,0.0
48.245,48.255,0.0
48.255,48.265,0.0
48.265,48.275,0.0
48.275,48.285,0.0
48.285,48.295,0.0
48.295,48.305,0.0
48.305,48.315,0.0
48.315,48.325,0.0
48.325,48.335,0.0
48.335,48.345,0.0
48.345,48.355,0.0
48.355,48.365,0.0
48.365,48.375,0.0
48.375,48.385,0.0
48.385,48.395,0.0
48.395,48.405,0.0
48.405,48.415,0.0
48.415,48.425,0.0
48.425,48.435,0.0
48.435,48.445,0.0
48.445,48.455,0.0
48.455,48.465,0.0
48.465,48.475,0.0
48.475,48.485,0.0
48.485,48.495,0.0
48.495,48.505,0.0
48.505,48.515,0.0
48.515,48.525,0.0
48.525,48.535,0.0
48.535,48.545,0.0
48.545,48.555,0.0
48.555,48.565,0.0
48.565,48.575,0.0
48.575,48.585,0.0
48.585,48.595,0.0
48.595,48.605,0.0
48.605,48.615,0.0
48.615,48.625,0.0
48.625,48.635,0.0
48.635,48.645,0.0
48.645,48.655,0.0
48.655,48.665,0.0
48.665,48.675,0.0
48.675,48.685,0.0
48.685,48.695,0.0
48.695,48.705,0.0
48.705,48.715,0.0
48.715,48.725,0.0
48.725,48.735,0.0
48.735,48.745,0.0
48.745,48.755,0.0
48.755,48.765,0.0
48.765,48.775,0.0
48.775,48.785,0.0
48.785,48.795,0.0
48.795,48.805,0.0
48.805,48.815,0.0
48.815,48.825,0.0
48.825,48.835,0.0
48.835,48.845,0.0
48.845,48.855,0.0
48.855,48.865,0.0
48.865,48.875,0.0
48.875,48.885,186.954494863232
48.885,48.895,187.89485000243687
48.895,48.905,188.62583721760458
48.905,48.915,188.9772550661693
48.915,48.925,188.95064590589988
48.925,48.935,188.6546841468148
48.935,48.945,188.15340176048227
48.945,48.955,187.72373645046778
48.955,48.965,187.65458069245008
48.965,48.975,188.47356535916452
48.975,48.985,190.78326201118736
48.985,48.995,190.77925768519134
48.995,49.005,190.39610197252648
49.005,49.015,186.98783687931893
49.015,49.025,184.23687216812172
49.025,49.035,183.82467726490225
49.035,49.045,182.99034471027727
49.045,49.055,181.4136235089898
49.055,49.065,180.12820013589948
49.065,49.075,179.67702915896825
49.075,49.085,179.68298373285987
49.085,49.095,179.89389280493907
49.095,49.105,180.15614013780157
49.105,49.115,180.3646918625634
49.115,49.125,181.98180410910012
49.125,49.135,183.36674855963065
49.135,49.145,184.0052059789285
49.145,49.155,184.01269149043023
49.155,49.165,183.58129330381504
49.165,49.175,182.3724361045084
49.175,49.185,179.87587796748463
49.185,49.195,176.47154081692366
49.195,49.205,173.80778819884333
49.205,49.215,171.96619808352162
49.215,49.225,170.527047886042
49.225,49.235,169.07043175624423
49.235,49.245,167.5795623445049
49.245,49.255,166.8084175937114
49.255,49.265,168.67914435180384
49.265,49.275,171.22883504772588
49.275,49.285,171.54397810672248
49.285,49.295,171.09702290827698
49.295,49.305,170.29684564303415
49.305,49.315,169.42491997101567
49.315,49.325,168.17492075231192
49.325,49.335,166.40549431304615
49.335,49.345,164.95305748550373
49.345,49.355,163.98633914118062
49.355,49.365,162.562107393193
49.365,49.375,160.40835940318678
49.375,49.385,0.0
49.385,49.395,0.0
49.395,49.405,0.0
49.405,49.415,0.0
49.415,49.425,0.0
49.425,49.435,0.0
49.435,49.445,0.0
49.445,49.455,0.0
49.455,49.465,0.0
49.465,49.475,0.0
49.475,49.485,0.0
49.485,49.495,0.0
49.495,49.505,0.0
49.505,49.515,0.0
49.515,49.525,166.0577167941015
49.525,49.535,164.77755820626032
49.535,49.545,162.53809412219812
49.545,49.555,159.84110164029352
49.555,49.565,158.11165981284435
49.565,49.575,157.4796729302798
49.575,49.585,156.82449297874464
49.585,49.595,155.84357799730807
49.595,49.605,156.1109191768452
49.605,49.615,157.1863367585554
49.615,49.625,157.57831284813972
49.625,49.635,156.96817777086358
49.635,49.645,155.74908775702957
49.645,49.655,154.5022986269386
49.655,49.665,154.112433399864
49.665,49.675,154.37357698685264
49.675,49.685,153.93808302483535
49.685,49.695,153.2139553041952
49.695,49.705,152.12728148532742
49.705,49.715,150.72417145017735
49.715,49.725,149.27767189484507
49.725,49.735,0.0
49.735,49.745,0.0
49.745,49.755,0.0
49.755,49.765,0.0
49.765,49.775,0.0
49.775,49.785,0.0
49.785,49.795,0.0
49.795,49.805,0.0
49.805,49.815,0.0
49.815,49.825,0.0
49.825,49.835,0.0
49.835,49.845,0.0
49.845,49.855,0.0
49.855,49.865,0.0
49.865,49.875,0.0
49.875,49.885,0.0
49.885,49.895,0.0
49.895,49.905,0.0
49.905,49.915,0.0
49.915,49.925,0.0
49.925,49.935,0.0
49.935,49.945,0.0
49.945,49.955,0.0
49.955,49.965,0.0
49.965,49.975,0.0
49.975,49.985,0.0
49.985,49.995,0.0
49.995,50.005,0.0
50.005,50.015,0.0
50.015,50.025,0.0
50.025,50.035,0.0
50.035,50.045,0.0
50.045,50.055,0.0
50.055,50.065,0.0
50.065,50.075,0.0
50.075,50.085,0.0
50.085,50.095,0.0
50.095,50.105,0.0
50.105,50.115,0.0
50.115,50.125,0.0
50.125,50.135,0.0
50.135,50.145,0.0
50.145,50.155,0.0
50.155,50.165,0.0
50.165,50.175,0.0
50.175,50.185,0.0
50.185,50.195,0.0
50.195,50.205,0.0
50.205,50.215,0.0
50.215,50.225,0.0
50.225,50.235,0.0
50.235,50.245,0.0
50.245,50.255,0.0
50.255,50.265,0.0
50.265,50.275,0.0
50.275,50.285,0.0
50.285,50.295,0.0
50.295,50.305,0.0
50.305,50.315,0.0
50.315,50.325,0.0
50.325,50.335,0.0
50.335,50.345,0.0
50.345,50.355,0.0
50.355,50.365,0.0
50.365,50.375,0.0
50.375,50.385,0.0
50.385,50.395,0.0
50.395,50.405,0.0
50.405,50.415,0.0
50.415,50.425,0.0
50.425,50.435,0.0
50.435,50.445,0.0
50.445,50.455,0.0
50.455,50.465,0.0
50.465,50.475,0.0
50.475,50.485,0.0
50.485,50.495,0.0
50.495,50.505,0.0
50.505,50.515,0.0
50.515,50.525,0.0
50.525,50.535,0.0
50.535,50.545,0.0
50.545,50.555,0.0
50.555,50.565,0.0
50.565,50.575,0.0
50.575,50.585,0.0
50.585,50.595,0.0
50.595,50.605,0.0
50.605,50.615,0.0
50.615,50.625,0.0
50.625,50.635,0.0
50.635,50.645,0.0
50.645,50.655,0.0
50.655,50.665,0.0
50.665,50.675,0.0
50.675,50.685,0.0
50.685,50.695,0.0
50.695,50.705,0.0
50.705,50.715,0.0
50.715,50.725,0.0
50.725,50.735,0.0
50.735,50.745,0.0
50.745,50.755,0.0
50.755,50.765,0.0
50.765,50.775,0.0
50.775,50.785,0.0
50.785,50.795,0.0
50.795,50.805,251.7045753610617
50.805,50.815,250.30627192025287
50.815,50.825,249.09217827852316
50.825,50.835,248.01340198019636
50.835,50.845,246.17973832814477
50.845,50.855,244.11701366361925
50.855,50.865,242.90812085067552
50.865,50.875,242.14197610628239
50.875,50.885,241.52271239902083
50.885,50.895,240.91644220418127
50.895,50.905,240.06516268242194
50.905,50.915,238.9840908249617
50.915,50.925,237.87192507478719
50.925,50.935,236.9397931585769
50.935,50.945,236.19352623779193
50.945,50.955,235.48355871416567
50.955,50.965,234.84685935591182
50.965,50.975,234.34513051769483
50.975,50.985,233.83557031920975
50.985,50.995,232.86964085512193
50.995,51.005,231.44066479192648
51.005,51.015,230.10051718102463
51.015,51.025,229.4140397216931
51.025,51.035,229.00266647784244
51.035,51.045,228.09607956857488
51.045,51.055,226.88534850746336
51.055,51.065,225.5154109872554
51.065,51.075,224.06493530632756
51.075,51.085,223.55240790720129
51.085,51.095,223.45088471505596
51.095,51.105,223.00403047876216
51.105,51.115,222.7010123478782
51.115,51.125,221.94457559645645
51.125,51.135,219.85230735845818
51.135,51.145,217.59057604676468
51.145,51.155,0.0
51.155,51.165,0.0
51.165,51.175,0.0
51.175,51.185,0.0
51.185,51.195,0.0
51.195,51.205,0.0
51.205,51.215,0.0
51.215,51.225,231.61507232104887
51.225,51.235,233.25654710177017
51.235,51.245,233.5283336980102
51.245,51.255,232.80626847368245
51.255,51.265,231.23151635524013
51.265,51.275,228.5758271613173
51.275,51.285,225.3933666655708
51.285,51.295,219.5980349580717
51.295,51.305,275.6953826318886
51.305,51.315,275.7177272552048
51.315,51.325,275.44207273825856
51.325,51.335,220.6676104211922
51.335,51.345,225.3817896276676
51.345,51.355,224.75552609692616
51.355,51.365,224.47479579510428
51.365,51.375,224.3701723934369
51.375,51.385,224.40794139710604
51.385,51.395,224.61493147472297
51.395,51.405,225.08025314381422
51.405,51.415,223.9190469253845
51.415,51.425,0.0
51.425,51.435,0.0
51.435,51.445,0.0
51.445,51.455,0.0
51.455,51.465,0.0
51.465,51.475,0.0
51.475,51.485,0.0
51.485,51.495,222.80132500436866
51.495,51.505,222.43073450237404
51.505,51.515,221.57608373899794
51.515,51.525,222.55268106218662
51.525,51.535,225.38153214517104
51.535,51.545,227.03943005830823
51.545,51.555,227.80846005206712
51.555,51.565,227.85799472052497
51.565,51.575,226.62427745381726
51.575,51.585,224.40888892878672
51.585,51.595,221.79929312273353
51.595,51.605,0.0
51.605,51.615,0.0
51.615,51.625,0.0
51.625,51.635,0.0
51.635,51.645,0.0
51.645,51.655,0.0
51.655,51.665,0.0
51.665,51.675,0.0
51.675,51.685,223.29126471735472
51.685,51.695,221.93809054106572
51.695,51.705,223.19342240491633
51.705,51.715,224.00479499699637
51.715,51.725,224.03834056168625
51.725,51.735,223.7241337392481
51.735,51.745,222.99862067721855
51.745,51.755,0.0
51.755,51.765,0.0
51.765,51.775,0.0
51.775,51.785,0.0
51.785,51.795,0.0
51.795,51.805,0.0
51.805,51.815,0.0
51.815,51.825,227.6948479374688
51.825,51.835,230.78938483443525
51.835,51.845,232.99802769421194
51.845,51.855,233.815512898589
51.855,51.865,233.57980615082627
51.865,51.875,232.68723573804326
51.875,51.885,0.0
51.885,51.895,0.0
51.895,51.905,0.0
51.905,51.915,0.0
51.915,51.925,0.0
51.925,51.935,0.0
51.935,51.945,0.0
51.945,51.955,0.0
51.955,51.965,0.0
51.965,51.975,0.0
51.975,51.985,0.0
51.985,51.995,0.0
51.995,52.005,0.0
52.005,52.015,0.0
52.015,52.025,0.0
52.025,52.035,0.0
52.035,52.045,0.0
52.045,52.055,308.85552776065396
52.055,52.065,309.5213057087532
52.065,52.075,310.54564263657517
52.075,52.085,311.5510788321598
52.085,52.095,313.26129453923625
52.095,52.105,315.98786035790164
52.105,52.115,319.5683301834319
52.115,52.125,324.6114092893055
52.125,52.135,327.41657046287423
52.135,52.145,321.44662553569134
52.145,52.155,309.7521460112735
52.155,52.165,299.3256574764441
52.165,52.175,290.50704014675733
52.175,52.185,281.2430870325047
52.185,52.195,271.2875515291692
52.195,52.205,261.28413231648085
52.205,52.215,249.4227135204197
52.215,52.225,238.80235669435103
52.225,52.235,228.80654885983634
52.235,52.245,216.61965326503557
52.245,52.255,210.79629190308032
52.255,52.265,204.67175292730536
52.265,52.275,198.63044556521572
52.275,52.285,194.04454432947247
52.285,52.295,190.86135586752619
52.295,52.305,188.95524759206552
52.305,52.315,189.10926058505285
52.315,52.325,190.342516501227
52.325,52.335,0.0
52.335,52.345,0.0
52.345,52.355,0.0
52.355,52.365,0.0
52.365,52.375,0.0
52.375,52.385,0.0
52.385,52.395,0.0
52.395,52.405,0.0
52.405,52.415,0.0
52.415,52.425,0.0
52.425,52.435,237.59545630677016
52.435,52.445,240.21597114547777
52.445,52.455,242.26810624397842
52.455,52.465,244.3937762850363
52.465,52.475,246.960746505076
52.475,52.485,249.66465611548782
52.485,52.495,251.63384570552347
52.495,52.505,252.9140550903977
52.505,52.515,253.29276035196935
52.515,52.525,252.42747769856007
52.525,52.535,250.1872291988947
52.535,52.545,246.6121211932847
52.545,52.555,241.6210056023256
52.555,52.565,235.9182182953827
52.565,52.575,335.8442523994775
52.575,52.585,328.274663658004
52.585,52.595,312.979292931963
52.595,52.605,305.97054448011204
52.605,52.615,305.6270829045732
52.615,52.625,304.2826959056892
52.625,52.635,301.1022175603433
52.635,52.645,0.0
52.645,52.655,0.0
52.655,52.665,0.0
52.665,52.675,0.0
52.675,52.685,177.60619239538477
52.685,52.695,180.53271622410784
52.695,52.705,181.77661872494926
52.705,52.715,185.125837205311
52.715,52.725,187.44289333280645
52.725,52.735,186.95883775357547
52.735,52.745,0.0
52.745,52.755,0.0
52.755,52.765,0.0
52.765,52.775,0.0
52.775,52.785,0.0
52.785,52.795,0.0
52.795,52.805,0.0
52.805,52.815,0.0
52.815,52.825,0.0
52.825,52.835,0.0
52.835,52.845,0.0
52.845,52.855,0.0
52.855,52.865,0.0
52.865,52.875,0.0
52.875,52.885,0.0
52.885,52.895,0.0
52.895,52.905,0.0
52.905,52.915,185.59654427745042
52.915,52.925,184.30083516784362
52.925,52.935,180.9497993520202
52.935,52.945,176.22052601631265
52.945,52.955,172.1296392672697
52.955,52.965,169.32254801884955
52.965,52.975,167.75668808569006
52.975,52.985,166.8186943531212
52.985,52.995,165.58290796890302
52.995,53.005,163.80690910863092
53.005,53.015,161.52324963063
53.015,53.025,158.86440359108812
53.025,53.035,156.94092633941762
53.035,53.045,155.40618276914955
53.045,53.055,0.0
53.055,53.065,0.0
53.065,53.075,0.0
53.075,53.085,0.0
53.085,53.095,0.0
53.095,53.105,0.0
53.105,53.115,0.0
53.115,53.125,0.0
53.125,53.135,0.0
53.135,53.145,0.0
53.145,53.155,0.0
53.155,53.165,0.0
53.165,53.175,0.0
53.175,53.185,0.0
53.185,53.195,0.0
53.195,53.205,0.0
53.205,53.215,0.0
53.215,53.225,0.0
53.225,53.235,0.0
53.235,53.245,0.0
53.245,53.255,161.28418647721787
53.255,53.265,162.29498109951055
53.265,53.275,162.45730402062338
53.275,53.285,162.3730771975772
53.285,53.295,162.33284202288817
53.295,53.305,162.0203897517474
53.305,53.315,161.39668403483833
53.315,53.325,161.28420916120743
53.325,53.335,162.0107643614411
53.335,53.345,162.60310986452566
53.345,53.355,162.88557590858434
53.355,53.365,162.35093457318362
53.365,53.375,161.03108307433274
53.375,53.385,159.68650378436118
53.385,53.395,158.99245695358988
53.395,53.405,158.84380178779838
53.405,53.415,158.86090141883082
53.415,53.425,158.57363506245923
53.425,53.435,157.61341767895038
53.435,53.445,156.3052586819852
53.445,53.455,0.0
53.455,53.465,0.0
53.465,53.475,0.0
53.475,53.485,0.0
53.485,53.495,0.0
53.495,53.505,0.0
53.505,53.515,0.0
53.515,53.525,165.33887168387523
53.525,53.535,166.66300262048654
53.535,53.545,168.30415097890716
53.545,53.555,169.90803553035255
53.555,53.565,172.14054587015693
53.565,53.575,174.26290302508522
53.575,53.585,174.7663365668168
53.585,53.595,174.23407986866226
53.595,53.605,172.91798283947566
53.605,53.615,171.40284809691525
53.615,53.625,170.49672002500748
53.625,53.635,170.22416420757702
53.635,53.645,170.32756734822445
53.645,53.655,170.46022961145576
53.655,53.665,170.6088854692786
53.665,53.675,171.04851674105697
53.675,53.685,171.57993294723775
53.685,53.695,171.77943769195517
53.695,53.705,171.52650157973608
53.705,53.715,170.971695009786
53.715,53.725,170.42479358140153
53.725,53.735,169.95405805783872
53.735,53.745,169.52979388456788
53.745,53.755,169.2527916834912
53.755,53.765,169.14557532109058
53.765,53.775,169.03152148423024
53.775,53.785,168.69682038508688
53.785,53.795,168.25619812211443
53.795,53.805,167.8792266800145
53.805,53.815,167.41077911186542
53.815,53.825,166.5358655167846
53.825,53.835,165.51342151736532
53.835,53.845,0.0
53.845,53.855,0.0
53.855,53.865,0.0
53.865,53.875,0.0
53.875,53.885,0.0
53.885,53.895,0.0
53.895,53.905,0.0
53.905,53.915,0.0
53.915,53.925,0.0
53.925,53.935,0.0
53.935,53.945,0.0
53.945,53.955,0.0
53.955,53.965,196.6092487296399
53.965,53.975,195.1593677017063
53.975,53.985,194.63404290113056
53.985,53.995,194.41847357945215
53.995,54.005,194.09920893846285
54.005,54.015,193.56324557059753
54.015,54.025,192.85903852700534
54.025,54.035,192.03601554749446
54.035,54.045,192.3179763452101
54.045,54.055,195.17159153958232
54.055,54.065,194.83097983120945
54.065,54.075,193.8286403139771
54.075,54.085,0.0
54.085,54.095,0.0
54.095,54.105,185.53429245653842
54.105,54.115,184.07023334713762
54.115,54.125,183.23488574723515
54.125,54.135,182.64704583965178
54.135,54.145,182.0559071029574
54.145,54.155,181.20134898879192
54.155,54.165,179.74461913308858
54.165,54.175,177.60076636665679
54.175,54.185,174.39019258520003
54.185,54.195,169.05267408713158
54.195,54.205,164.87037144560514
54.205,54.215,164.79502986169297
54.215,54.225,165.70661409617466
54.225,54.235,166.2450166597661
54.235,54.245,165.50582056917338
54.245,54.255,163.76300670459852
54.255,54.265,161.29817275867637
54.265,54.275,158.73812741296678
54.275,54.285,156.4943067401049
54.285,54.295,154.8275208066697
54.295,54.305,0.0
54.305,54.315,0.0
54.315,54.325,0.0
54.325,54.335,0.0
54.335,54.345,0.0
54.345,54.355,0.0
54.355,54.365,0.0
54.365,54.375,0.0
54.375,54.385,0.0
54.385,54.395,0.0
54.395,54.405,0.0
54.405,54.415,0.0
54.415,54.425,0.0
54.425,54.435,0.0
54.435,54.445,0.0
54.445,54.455,0.0
54.455,54.465,0.0
54.465,54.475,0.0
54.475,54.485,0.0
54.485,54.495,0.0
54.495,54.505,0.0
54.505,54.515,143.6907953086596
54.515,54.525,139.86570446835935
54.525,54.535,137.55325696129643
54.535,54.545,136.80076053099907
54.545,54.555,136.86397676416806
54.555,54.565,136.88258473992136
54.565,54.575,136.1439777775901
54.575,54.585,134.03265264956588
54.585,54.595,0.0
54.595,54.605,0.0
54.605,54.615,0.0
54.615,54.625,0.0
54.625,54.635,0.0
54.635,54.645,0.0
54.645,54.655,0.0
54.655,54.665,0.0
54.665,54.675,0.0
54.675,54.685,0.0
54.685,54.695,0.0
54.695,54.705,0.0
54.705,54.715,0.0
54.715,54.725,0.0
54.725,54.735,0.0
54.735,54.745,0.0
54.745,54.755,0.0
54.755,54.765,0.0
54.765,54.775,0.0
54.775,54.785,0.0
54.785,54.795,0.0
54.795,54.805,0.0
54.805,54.815,0.0
54.815,54.825,0.0
54.825,54.835,0.0
54.835,54.845,0.0
54.845,54.855,0.0
54.855,54.865,0.0
54.865,54.875,0.0
54.875,54.885,0.0
54.885,54.895,0.0
54.895,54.905,0.0
54.905,54.915,0.0
54.915,54.925,0.0
54.925,54.935,0.0
54.935,54.945,0.0
54.945,54.955,0.0
54.955,54.965,0.0
54.965,54.975,0.0
54.975,54.985,0.0
54.985,54.995,0.0
54.995,55.005,0.0
55.005,55.015,0.0
55.015,55.025,0.0
55.025,55.035,0.0
55.035,55.045,0.0
55.045,55.055,0.0
55.055,55.065,0.0
55.065,55.075,0.0
55.075,55.085,0.0
55.085,55.095,0.0
55.095,55.105,0.0
55.105,55.115,0.0
55.115,55.125,0.0
55.125,55.135,0.0
55.135,55.145,0.0
55.145,55.155,0.0
55.155,55.165,0.0
55.165,55.175,235.25274445729798
55.175,55.185,236.00583442666783
55.185,55.195,238.40480084211802
55.195,55.205,240.98147608354515
55.205,55.215,243.16233060047213
55.215,55.225,244.72260697462903
55.225,55.235,244.18701995133432
55.235,55.245,240.81304038333303
55.245,55.255,236.26033230899827
55.255,55.265,226.03877285751722
55.265,55.275,213.95316679439426
55.275,55.285,206.8069747495597
55.285,55.295,198.4876495089004
55.295,55.305,188.1963287977099
55.305,55.315,186.08728671015479
55.315,55.325,183.06976851095726
55.325,55.335,179.7612597344888
55.335,55.345,177.73216596191855
55.345,55.355,176.8319669911975
55.355,55.365,176.9604021561368
55.365,55.375,178.28342559518782
55.375,55.385,180.3035054395136
55.385,55.395,182.07045778368385
55.395,55.405,183.2168278476076
55.405,55.415,183.56142980274856
55.415,55.425,182.9514551804226
55.425,55.435,180.9966249455051
55.435,55.445,177.4251939586293
55.445,55.455,174.00268830537158
55.455,55.465,170.6140570659029
55.465,55.475,0.0
55.475,55.485,0.0
55.485,55.495,0.0
55.495,55.505,0.0
55.505,55.515,0.0
55.515,55.525,0.0
55.525,55.535,0.0
55.535,55.545,0.0
55.545,55.555,0.0
55.555,55.565,0.0
55.565,55.575,0.0
55.575,55.585,0.0
55.585,55.595,0.0
55.595,55.605,178.89737007864895
55.605,55.615,178.41001086458257
55.615,55.625,177.53546336751057
55.625,55.635,175.352672625753
55.635,55.645,170.97694879966505
55.645,55.655,0.0
55.655,55.665,0.0
55.665,55.675,0.0
55.675,55.685,0.0
55.685,55.695,0.0
55.695,55.705,0.0
55.705,55.715,0.0
55.715,55.725,0.0
55.725,55.735,165.06404396914053
55.735,55.745,164.66997661590955
55.745,55.755,163.5489554304263
55.755,55.765,161.68659250147323
55.765,55.775,159.73975767688333
55.775,55.785,158.5478422273065
55.785,55.795,0.0
55.795,55.805,0.0
55.805,55.815,153.2618426850985
55.815,55.825,153.01351753382116
55.825,55.835,0.0
55.835,55.845,0.0
55.845,55.855,0.0
55.855,55.865,0.0
55.865,55.875,0.0
55.875,55.885,0.0
55.885,55.895,0.0
55.895,55.905,162.21465944492576
55.905,55.915,164.5474523773588
55.915,55.925,165.61412684019186
55.925,55.935,168.99415070062872
55.935,55.945,170.3315034089109
55.945,55.955,172.37554334330935
55.955,55.965,173.53477989994013
55.965,55.975,173.1972777095729
55.975,55.985,168.45400410863337
55.985,55.995,167.27618430394236
55.995,56.005,172.17239686264494
56.005,56.015,175.17925338798617
56.015,56.025,175.63278118536144
56.025,56.035,174.42075947368562
56.035,56.045,172.19942428713225
56.045,56.055,169.57060093841497
56.055,56.065,0.0
56.065,56.075,0.0
56.075,56.085,0.0
56.085,56.095,0.0
56.095,56.105,0.0
56.105,56.115,0.0
56.115,56.125,0.0
56.125,56.135,155.8360486267484
56.135,56.145,155.13190100415247
56.145,56.155,154.82488003354243
56.155,56.165,0.0
56.165,56.175,0.0
56.175,56.185,0.0
56.185,56.195,0.0
56.195,56.205,0.0
56.205,56.215,0.0
56.215,56.225,0.0
56.225,56.235,0.0
56.235,56.245,0.0
56.245,56.255,0.0
56.255,56.265,0.0
56.265,56.275,0.0
56.275,56.285,0.0
56.285,56.295,0.0
56.295,56.305,0.0
56.305,56.315,0.0
56.315,56.325,0.0
56.325,56.335,0.0
56.335,56.345,0.0
56.345,56.355,0.0
56.355,56.365,0.0
56.365,56.375,0.0
56.375,56.385,0.0
56.385,56.395,0.0
56.395,56.405,0.0
56.405,56.415,0.0
56.415,56.425,0.0
56.425,56.435,0.0
56.435,56.445,0.0
56.445,56.455,0.0
56.455,56.465,0.0
56.465,56.475,0.0
56.475,56.485,0.0
56.485,56.495,0.0
56.495,56.505,0.0
56.505,56.515,0.0
56.515,56.525,0.0
56.525,56.535,0.0
56.535,56.545,0.0
56.545,56.555,0.0
56.555,56.565,163.84866432001513
56.565,56.575,162.05481146661947
56.575,56.585,160.18194003335856
56.585,56.595,158.67791090362363
56.595,56.605,157.63765928357057
56.605,56.615,0.0
56.615,56.625,0.0
56.625,56.635,0.0
56.635,56.645,0.0
56.645,56.655,0.0
56.655,56.665,0.0
56.665,56.675,0.0
56.675,56.685,0.0
56.685,56.695,0.0
56.695,56.705,0.0
56.705,56.715,0.0
56.715,56.725,0.0
56.725,56.735,0.0
56.735,56.745,0.0
56.745,56.755,0.0
56.755,56.765,0.0
56.765,56.775,0.0
56.775,56.785,0.0
56.785,56.795,0.0
56.795,56.805,0.0
56.805,56.815,162.27603429668076
56.815,56.825,162.4700711113907
56.825,56.835,162.2962688921029
56.835,56.845,162.27654537898417
56.845,56.855,162.79589504725797
56.855,56.865,163.59188660304775
56.865,56.875,164.2748439117128
56.875,56.885,0.0
56.885,56.895,0.0
56.895,56.905,0.0
56.905,56.915,0.0
56.915,56.925,0.0
56.925,56.935,0.0
56.935,56.945,0.0
56.945,56.955,0.0
56.955,56.965,0.0
56.965,56.975,0.0
56.975,56.985,0.0
56.985,56.995,0.0
56.995,57.005,0.0
57.005,57.015,0.0
57.015,57.025,156.73050085871515
57.025,57.035,156.04710001786
57.035,57.045,155.5526470956805
57.045,57.055,155.19019842599914
57.055,57.065,155.71146386368554
57.065,57.075,155.73397371661758
57.075,57.085,153.1986117170192
57.085,57.095,151.16683865942278
57.095,57.105,150.05252519590982
57.105,57.115,149.29788219854868
57.115,57.125,149.60664360279765
57.125,57.135,150.53350229492392
57.135,57.145,151.8647971829812
57.145,57.155,153.29220205686076
57.155,57.165,154.42348270634437
57.165,57.175,155.24631694774695
57.175,57.185,155.8450664145432
57.185,57.195,156.07747276314885
57.195,57.205,155.72883634523816
57.205,57.215,154.82467241873175
57.215,57.225,153.50939144649135
57.225,57.235,0.0
57.235,57.245,0.0
57.245,57.255,0.0
57.255,57.265,0.0
57.265,57.275,0.0
57.275,57.285,0.0
57.285,57.295,0.0
57.295,57.305,0.0
57.305,57.315,0.0
57.315,57.325,0.0
57.325,57.335,0.0
57.335,57.345,0.0
57.345,57.355,0.0
57.355,57.365,0.0
57.365,57.375,0.0
57.375,57.385,0.0
57.385,57.395,0.0
57.395,57.405,0.0
57.405,57.415,0.0
57.415,57.425,0.0
57.425,57.435,0.0
57.435,57.445,0.0
57.445,57.455,0.0
57.455,57.465,0.0
57.465,57.475,0.0
57.475,57.485,0.0
57.485,57.495,0.0
57.495,57.505,0.0
57.505,57.515,0.0
57.515,57.525,0.0
57.525,57.535,0.0
57.535,57.545,0.0
57.545,57.555,0.0
57.555,57.565,0.0
57.565,57.575,0.0
57.575,57.585,0.0
57.585,57.595,0.0
57.595,57.605,0.0
57.605,57.615,0.0
57.615,57.625,0.0
57.625,57.635,0.0
57.635,57.645,0.0
57.645,57.655,0.0
57.655,57.665,0.0
57.665,57.675,0.0
57.675,57.685,0.0
57.685,57.695,0.0
57.695,57.705,0.0
57.705,57.715,0.0
57.715,57.725,0.0
57.725,57.735,0.0
57.735,57.745,0.0
57.745,57.755,0.0
57.755,57.765,0.0
57.765,57.775,0.0
57.775,57.785,0.0
57.785,57.795,0.0
57.795,57.805,0.0
57.805,57.815,0.0
57.815,57.825,0.0
57.825,57.835,0.0
57.835,57.845,0.0
57.845,57.855,137.53913234117815
57.855,57.865,137.03245858322646
57.865,57.875,136.2996712813565
57.875,57.885,136.06909136521165
57.885,57.895,136.97983224883848
57.895,57.905,138.88351126148925
57.905,57.915,141.2567884106455
57.915,57.925,144.21749597580416
57.925,57.935,147.43585694392897
57.935,57.945,150.09831472568254
57.945,57.955,152.11789398774158
57.955,57.965,153.34976786306933
57.965,57.975,153.70436912296785
57.975,57.985,153.5429203020929
57.985,57.995,153.47886494127863
57.995,58.005,153.2628765729951
58.005,58.015,152.44369230795724
58.015,58.025,150.82643986148324
58.025,58.035,147.83989043412254
58.035,58.045,144.39789141634074
58.045,58.055,0.0
58.055,58.065,0.0
58.065,58.075,0.0
58.075,58.085,0.0
58.085,58.095,0.0
58.095,58.105,0.0
58.105,58.115,0.0
58.115,58.125,0.0
58.125,58.135,0.0
58.135,58.145,0.0
58.145,58.155,0.0
58.155,58.165,0.0
58.165,58.175,0.0
58.175,58.185,0.0
58.185,58.195,0.0
58.195,58.205,0.0
58.205,58.215,0.0
58.215,58.225,0.0
58.225,58.235,0.0
58.235,58.245,0.0
58.245,58.255,0.0
58.255,58.265,0.0
58.265,58.275,0.0
58.275,58.285,0.0
58.285,58.295,0.0
58.295,58.305,0.0
58.305,58.315,0.0
58.315,58.325,0.0
58.325,58.335,0.0
58.335,58.345,0.0
58.345,58.355,0.0
58.355,58.365,0.0
58.365,58.375,0.0
58.375,58.385,0.0
58.385,58.395,0.0
58.395,58.405,0.0
58.405,58.415,0.0
58.415,58.425,0.0
58.425,58.435,0.0
58.435,58.445,0.0
58.445,58.455,0.0
58.455,58.465,0.0
58.465,58.475,0.0
58.475,58.485,0.0
58.485,58.495,0.0
58.495,58.505,0.0
58.505,58.515,0.0
58.515,58.525,0.0
58.525,58.535,0.0
58.535,58.545,0.0
58.545,58.555,0.0
58.555,58.565,0.0
58.565,58.575,0.0
58.575,58.585,0.0
58.585,58.595,261.6254359658979
58.595,58.605,263.2329097403937
58.605,58.615,266.1255176854049
58.615,58.625,270.87498235769937
58.625,58.635,275.7516959569405
58.635,58.645,279.73090436494914
58.645,58.655,282.08881192133913
58.655,58.665,281.4480780288902
58.665,58.675,277.90300057074404
58.675,58.685,270.81411932176417
58.685,58.695,262.34918608245675
58.695,58.705,254.88616391906055
58.705,58.715,245.66720336285488
58.715,58.725,236.0331104388435
58.725,58.735,226.60594206260512
58.735,58.745,221.86531910528933
58.745,58.755,216.33702755832888
58.755,58.765,208.7993573236953
58.765,58.775,204.34581740388418
58.775,58.785,202.69451793107126
58.785,58.795,201.14011662300766
58.795,58.805,199.31713224163937
58.805,58.815,198.45931676376864
58.815,58.825,198.58103787160115
58.825,58.835,199.89218009370188
58.835,58.845,201.97097100356086
58.845,58.855,201.8706242864596
58.855,58.865,200.52645655471758
58.865,58.875,0.0
58.875,58.885,0.0
58.885,58.895,0.0
58.895,58.905,0.0
58.905,58.915,0.0
58.915,58.925,0.0
58.925,58.935,0.0
58.935,58.945,0.0
58.945,58.955,0.0
58.955,58.965,0.0
58.965,58.975,0.0
58.975,58.985,0.0
58.985,58.995,0.0
58.995,59.005,0.0
59.005,59.015,211.5040077641707
59.015,59.025,210.34099285056885
59.025,59.035,208.49244900150725
59.035,59.045,207.3258097623044
59.045,59.055,206.74957308450024
59.055,59.065,206.28834155229865
59.065,59.075,205.90426590533454
59.075,59.085,205.48301581906472
59.085,59.095,204.63853184928666
59.095,59.105,202.43819132510347
59.105,59.115,201.92428428629592
59.115,59.125,201.29811477407813
59.125,59.135,199.66418637254242
59.135,59.145,197.60577134187955
59.145,59.155,195.17043078181192
59.155,59.165,193.61659870610066
59.165,59.175,194.41741932771234
59.175,59.185,192.45799503183846
59.185,59.195,190.00182019733063
59.195,59.205,188.02666212541737
59.205,59.215,186.1303732123919
59.215,59.225,183.9873202231023
59.225,59.235,0.0
59.235,59.245,0.0
59.245,59.255,0.0
59.255,59.265,0.0
59.265,59.275,0.0
59.275,59.285,0.0
59.285,59.295,0.0
59.295,59.305,0.0
59.305,59.315,181.33585610651573
59.315,59.325,182.2530234918758
59.325,59.335,182.33329154722182
59.335,59.345,182.01950583303807
59.345,59.355,181.49948076443476
59.355,59.365,0.0
59.365,59.375,0.0
59.375,59.385,0.0
59.385,59.395,0.0
59.395,59.405,0.0
59.405,59.415,0.0
59.415,59.425,0.0
59.425,59.435,0.0
59.435,59.445,0.0
59.445,59.455,0.0
59.455,59.465,0.0
59.465,59.475,0.0
59.475,59.485,0.0
59.485,59.495,0.0
59.495,59.505,0.0
59.505,59.515,222.50966607537006
59.515,59.525,221.41686580405354
59.525,59.535,220.91401230983166
59.535,59.545,220.69309474161554
59.545,59.555,220.12381358905375
59.555,59.565,218.78772039836545
59.565,59.575,217.3019390621975
59.575,59.585,215.73905617644792
59.585,59.595,213.00447769220918
59.595,59.605,208.82328793040486
59.605,59.615,203.59952500093976
59.615,59.625,0.0
59.625,59.635,0.0
59.635,59.645,0.0
59.645,59.655,0.0
59.655,59.665,0.0
59.665,59.675,0.0
59.675,59.685,0.0
59.685,59.695,0.0
59.695,59.705,0.0
59.705,59.715,175.35258102072126
59.715,59.725,176.3167821318023
59.725,59.735,177.75632343302195
59.735,59.745,179.88837221802075
59.745,59.755,181.54351123957875
59.755,59.765,183.32600097979162
59.765,59.775,185.11982402531135
59.775,59.785,186.11853637463724
59.785,59.795,186.5216271020209
59.795,59.805,186.45362080835756
59.805,59.815,186.09457706498907
59.815,59.825,185.76081394403909
59.825,59.835,185.52914794626585
59.835,59.845,185.3583922023595
59.845,59.855,0.0
59.855,59.865,0.0
59.865,59.875,0.0
59.875,59.885,0.0
59.885,59.895,0.0
59.895,59.905,0.0
59.905,59.915,0.0
59.915,59.925,0.0
59.925,59.935,0.0
59.935,59.945,0.0
59.945,59.955,0.0
59.955,59.965,0.0
59.965,59.975,0.0
59.975,59.985,0.0
59.985,59.995,0.0
59.995,60.005,0.0
60.005,60.015,0.0
60.015,60.025,0.0
60.025,60.035,0.0
60.035,60.045,0.0
60.045,60.055,0.0
60.055,60.065,0.0
60.065,60.075,0.0
60.075,60.085,0.0
60.085,60.095,0.0
60.095,60.105,0.0
60.105,60.115,168.7741114017916
60.115,60.125,165.03927854143225
60.125,60.135,162.36276030849857
60.135,60.145,159.43396988002874
60.145,60.155,157.79942878601784
60.155,60.165,157.1644028705748
60.165,60.175,156.52045217067834
60.175,60.185,0.0
60.185,60.195,0.0
60.195,60.205,0.0
60.205,60.215,0.0
60.215,60.225,0.0
60.225,60.235,0.0
60.235,60.245,0.0
60.245,60.255,0.0
60.255,60.265,0.0
60.265,60.275,0.0
60.275,60.285,0.0
60.285,60.295,0.0
60.295,60.305,0.0
60.305,60.315,160.92098563372681
60.315,60.325,160.47976718057964
60.325,60.335,159.6381097684133
60.335,60.345,0.0
60.345,60.355,0.0
60.355,60.365,0.0
60.365,60.375,0.0
60.375,60.385,0.0
60.385,60.395,0.0
60.395,60.405,0.0
60.405,60.415,0.0
60.415,60.425,0.0
60.425,60.435,0.0
60.435,60.445,0.0
60.445,60.455,0.0
60.455,60.465,0.0
60.465,60.475,0.0
60.475,60.485,0.0
60.485,60.495,0.0
60.495,60.505,0.0
60.505,60.515,0.0
60.515,60.525,0.0
60.525,60.535,0.0
60.535,60.545,0.0
60.545,60.555,0.0
60.555,60.565,0.0
60.565,60.575,0.0
60.575,60.585,0.0
60.585,60.595,0.0
60.595,60.605,0.0
60.605,60.615,0.0
60.615,60.625,0.0
60.625,60.635,0.0
60.635,60.645,0.0
60.645,60.655,0.0
60.655,60.665,0.0
60.665,60.675,0.0
60.675,60.685,0.0
60.685,60.695,155.99671114459468
60.695,60.705,155.57521642118488
60.705,60.715,155.44347759008562
60.715,60.725,155.55243404767333
60.725,60.735,0.0
60.735,60.745,0.0
60.745,60.755,0.0
60.755,60.765,0.0
60.765,60.775,0.0
60.775,60.785,0.0
60.785,60.795,0.0
60.795,60.805,0.0
60.805,60.815,0.0
60.815,60.825,0.0
60.825,60.835,0.0
60.835,60.845,0.0
60.845,60.855,0.0
60.855,60.865,0.0
60.865,60.875,0.0
60.875,60.885,0.0
60.885,60.895,0.0
60.895,60.905,0.0
60.905,60.915,0.0
60.915,60.925,0.0
60.925,60.935,166.6774242603589
60.935,60.945,169.20194093537728
60.945,60.955,170.01763450400784
60.955,60.965,169.85352834653517
60.965,60.975,169.63126761331537
60.975,60.985,169.76404178757087
60.985,60.995,169.97979452037208
60.995,61.005,170.00811501285628
61.005,61.015,169.73547362374072
61.015,61.025,169.06691402222583
61.025,61.035,168.10482129946405
61.035,61.045,167.06030395664266
61.045,61.055,165.91055134877075
61.055,61.065,164.6047741696545
61.065,61.075,163.34821598240083
61.075,61.085,162.19830561393937
61.085,61.095,160.876142253035
61.095,61.105,159.05414576583476
61.105,61.115,157.31765745779535
61.115,61.125,0.0
61.125,61.135,0.0
61.135,61.145,0.0
61.145,61.155,0.0
61.155,61.165,0.0
61.165,61.175,0.0
61.175,61.185,0.0
61.185,61.195,0.0
61.195,61.205,0.0
61.205,61.215,0.0
61.215,61.225,0.0
61.225,61.235,0.0
61.235,61.245,0.0
61.245,61.255,215.47027518875177
61.255,61.265,221.67867528258427
61.265,61.275,242.14166022320364
61.275,61.285,252.26846448017614
61.285,61.295,258.70670510569545
61.295,61.305,261.91973079408524
61.305,61.315,265.26478935333773
61.315,61.325,269.823588746822
61.325,61.335,272.40378433069054
61.335,61.345,272.77925060820615
61.345,61.355,271.9453475070266
61.355,61.365,0.0
61.365,61.375,0.0
61.375,61.385,0.0
61.385,61.395,0.0
61.395,61.405,0.0
61.405,61.415,0.0
61.415,61.425,0.0
61.425,61.435,0.0
61.435,61.445,0.0
61.445,61.455,0.0
61.455,61.465,0.0
61.465,61.475,0.0
61.475,61.485,0.0
61.485,61.495,0.0
61.495,61.505,0.0
61.505,61.515,236.76749851405452
61.515,61.525,232.68629214640916
61.525,61.535,229.13793051170978
61.535,61.545,225.77810310925804
61.545,61.555,222.81374257477435
61.555,61.565,220.1103820282463
61.565,61.575,217.96392121798488
61.575,61.585,217.5944770320616
61.585,61.595,218.04334040627708
61.595,61.605,217.60082376285757
61.605,61.615,208.03506670133416
61.615,61.625,210.19912411667318
61.625,61.635,212.56388379754247
61.635,61.645,212.38701230947916
61.645,61.655,210.19132336511527
61.655,61.665,206.06602064519976
61.665,61.675,202.10548443859213
61.675,61.685,198.77231939475996
61.685,61.695,195.54208173061676
61.695,61.705,191.78434405307212
61.705,61.715,187.0444328704905
61.715,61.725,184.38958643318117
61.725,61.735,182.75747650625496
61.735,61.745,180.1215669063086
61.745,61.755,179.1709154534616
61.755,61.765,179.67501379424786
61.765,61.775,181.84912851694642
61.775,61.785,184.94917896937372
61.785,61.795,189.96741971139951
61.795,61.805,195.78358462526424
61.805,61.815,198.33803985693993
61.815,61.825,201.47020351561054
61.825,61.835,206.87710932589118
61.835,61.845,215.91069035377632
61.845,61.855,226.37625858583274
61.855,61.865,232.71330919291222
61.865,61.875,236.63113143875134
61.875,61.885,240.7992485242102
61.885,61.895,245.28632451485885
61.895,61.905,247.22586558852288
61.905,61.915,246.8980866114725
61.915,61.925,245.6060262594421
61.925,61.935,244.30118796160744
61.935,61.945,243.24461095121947
61.945,61.955,241.46948234360687
61.955,61.965,234.3477816094825
61.965,61.975,231.7383524024023
61.975,61.985,223.12359902269836
61.985,61.995,221.9882113840891
61.995,62.005,213.32056088884613
62.005,62.015,212.69386011869162
62.015,62.025,0.0
62.025,62.035,0.0
62.035,62.045,0.0
62.045,62.055,0.0
62.055,62.065,0.0
62.065,62.075,0.0
62.075,62.085,0.0
62.085,62.095,0.0
62.095,62.105,0.0
62.105,62.115,0.0
62.115,62.125,0.0
62.125,62.135,0.0
62.135,62.145,0.0
62.145,62.155,0.0
62.155,62.165,0.0
62.165,62.175,0.0
62.175,62.185,0.0
62.185,62.195,0.0
62.195,62.205,0.0
62.205,62.215,190.73885493643755
62.215,62.225,190.14085580642117
62.225,62.235,188.19482984670873
62.235,62.245,184.02722033782214
62.245,62.255,180.80079517012936
62.255,62.265,177.40782118164555
62.265,62.275,174.2138975986786
62.275,62.285,171.6824909856266
62.285,62.295,172.00151457396976
62.295,62.305,173.8698209278962
62.305,62.315,175.83251260839677
62.315,62.325,177.78566879297398
62.325,62.335,179.30909160998524
62.335,62.345,180.58257475661262
62.345,62.355,181.83073675395747
62.355,62.365,183.2703867352858
62.365,62.375,184.73365875593774
62.375,62.385,186.54805049929922
62.385,62.395,187.81486267683067
62.395,62.405,189.32709685461333
62.405,62.415,191.46564391089873
62.415,62.425,198.77937437022928
62.425,62.435,203.29049200819273
62.435,62.445,204.69662873465012
62.445,62.455,208.15970469617577
62.455,62.465,211.93575414324675
62.465,62.475,215.22968169587492
62.475,62.485,219.46040974174937
62.485,62.495,224.9018759384598
62.495,62.505,229.49340983425398
62.505,62.515,232.77219737784503
62.515,62.525,234.6165331697574
62.525,62.535,234.79669058487747
62.535,62.545,233.7291737045523
62.545,62.555,231.81036428696856
62.555,62.565,229.21098836030757
62.565,62.575,226.10234771812924
62.575,62.585,222.63097668930678
62.585,62.595,218.49407451941912
62.595,62.605,213.17882090908773
62.605,62.615,207.83247284558652
62.615,62.625,201.84987636007094
62.625,62.635,195.91186917120478
62.635,62.645,190.43314432601025
62.645,62.655,183.91712740857284
62.655,62.665,177.4189388789977
62.665,62.675,0.0
62.675,62.685,0.0
62.685,62.695,0.0
62.695,62.705,0.0
62.705,62.715,0.0
62.715,62.725,0.0
62.725,62.735,0.0
62.735,62.745,173.48075207351772
62.745,62.755,174.51032360450878
62.755,62.765,175.01973776810843
62.765,62.775,175.3370402893469
62.775,62.785,176.03699908084127
62.785,62.795,177.05749582007462
62.795,62.805,176.8863943736376
62.805,62.815,0.0
62.815,62.825,0.0
62.825,62.835,0.0
62.835,62.845,0.0
62.845,62.855,0.0
62.855,62.865,0.0
62.865,62.875,0.0
62.875,62.885,0.0
62.885,62.895,236.55441325195392
62.895,62.905,236.6548615602128
62.905,62.915,236.920554210227
62.915,62.925,236.1185971894488
62.925,62.935,233.54703950691552
62.935,62.945,228.0071792973206
62.945,62.955,224.21579883472722
62.955,62.965,221.8912272957607
62.965,62.975,219.60127276040313
62.975,62.985,216.85071062541058
62.985,62.995,213.18766673999014
62.995,63.005,206.43182041757046
63.005,63.015,199.72079787678697
63.015,63.025,195.74463574035997
63.025,63.035,191.47956362919592
63.035,63.045,187.1135144326799
63.045,63.055,183.7890856944592
63.055,63.065,181.1047334116025
63.065,63.075,179.38657798989308
63.075,63.085,179.08325264437153
63.085,63.095,179.61659186450925
63.095,63.105,180.27117411201868
63.105,63.115,180.74982322588042
63.115,63.125,180.72332918253502
63.125,63.135,179.88740863048497
63.135,63.145,178.09260621151097
63.145,63.155,348.54244686847505
63.155,63.165,340.58057937296735
63.165,63.175,338.63994412404134
63.175,63.185,342.8833191614192
63.185,63.195,346.82843241803664
63.195,63.205,0.0
63.205,63.215,0.0
63.215,63.225,0.0
63.225,63.235,0.0
63.235,63.245,0.0
63.245,63.255,0.0
63.255,63.265,0.0
63.265,63.275,0.0
63.275,63.285,0.0
63.285,63.295,0.0
63.295,63.305,0.0
63.305,63.315,0.0
63.315,63.325,0.0
63.325,63.335,0.0
63.335,63.345,0.0
63.345,63.355,0.0
63.355,63.365,0.0
63.365,63.375,0.0
63.375,63.385,0.0
63.385,63.395,0.0
63.395,63.405,0.0
63.405,63.415,0.0
63.415,63.425,0.0
63.425,63.435,181.4370126366657
63.435,63.445,180.0375506363131
63.445,63.455,178.25950395782513
63.455,63.465,174.585335876672
63.465,63.475,0.0
63.475,63.485,0.0
63.485,63.495,0.0
63.495,63.505,0.0
63.505,63.515,0.0
63.515,63.525,0.0
63.525,63.535,0.0
63.535,63.545,172.81255078772386
63.545,63.555,173.66189875386905
63.555,63.565,174.05452112477082
63.565,63.575,173.89261214132594
63.575,63.585,172.99904650564872
63.585,63.595,170.50472075292706
63.595,63.605,0.0
63.605,63.615,0.0
63.615,63.625,0.0
63.625,63.635,0.0
63.635,63.645,0.0
63.645,63.655,0.0
63.655,63.665,0.0
63.665,63.675,0.0
63.675,63.685,0.0
63.685,63.695,0.0
63.695,63.705,0.0
63.705,63.715,0.0
63.715,63.725,167.4857649766534
63.725,63.735,167.03906254860556
63.735,63.745,165.75289499942062
63.745,63.755,164.17847681950818
63.755,63.765,163.12510715302506
63.765,63.775,162.40587332208443
63.775,63.785,161.69673008688008
63.785,63.795,160.6800750889116
63.795,63.805,158.96011198958055
63.805,63.815,157.56276376921662
63.815,63.825,0.0
63.825,63.835,0.0
63.835,63.845,0.0
63.845,63.855,0.0
63.855,63.865,0.0
63.865,63.875,0.0
63.875,63.885,0.0
63.885,63.895,0.0
63.895,63.905,0.0
63.905,63.915,0.0
63.915,63.925,0.0
63.925,63.935,0.0
63.935,63.945,0.0
63.945,63.955,0.0
63.955,63.965,0.0
63.965,63.975,0.0
63.975,63.985,0.0
63.985,63.995,0.0
63.995,64.005,0.0
64.005,64.015,0.0
64.015,64.025,0.0
64.025,64.035,0.0
64.035,64.045,0.0
64.045,64.055,0.0
64.055,64.065,0.0
64.065,64.075,0.0
64.075,64.085,0.0
64.085,64.095,0.0
64.095,64.105,0.0
64.105,64.115,0.0
64.115,64.125,0.0
64.125,64.135,0.0
64.135,64.145,0.0
64.145,64.155,0.0
64.155,64.165,0.0
64.165,64.175,173.69369745761938
64.175,64.185,173.60023460546506
64.185,64.195,171.75922484515755
64.195,64.205,0.0
64.205,64.215,0.0
64.215,64.225,0.0
64.225,64.235,0.0
64.235,64.245,0.0
64.245,64.255,0.0
64.255,64.265,0.0
64.265,64.275,0.0
64.275,64.285,0.0
64.285,64.295,0.0
64.295,64.305,0.0
64.305,64.315,0.0
64.315,64.325,0.0
64.325,64.335,0.0
64.335,64.345,0.0
64.345,64.355,0.0
64.355,64.365,0.0
64.365,64.375,0.0
64.375,64.385,0.0
64.385,64.395,0.0
64.395,64.405,0.0
64.405,64.415,0.0
64.415,64.425,0.0
64.425,64.435,0.0
64.435,64.445,0.0
64.445,64.455,0.0
64.455,64.465,0.0
64.465,64.475,0.0
64.475,64.485,0.0
64.485,64.495,205.14173085002315
64.495,64.505,201.85683881406862
64.505,64.515,201.387202545743
64.515,64.525,200.84601624869498
64.525,64.535,200.15700679239663
64.535,64.545,199.49331603700182
64.545,64.555,199.01868371557754
64.555,64.565,198.6046681571578
64.565,64.575,198.8602291085325
64.575,64.585,202.44930615818487
64.585,64.595,203.24919448592416
64.595,64.605,202.97645716728672
64.605,64.615,202.10910657185235
64.615,64.625,200.64285028359862
64.625,64.635,0.0
64.635,64.645,0.0
64.645,64.655,0.0
64.655,64.665,0.0
64.665,64.675,0.0
64.675,64.685,0.0
64.685,64.695,0.0
64.695,64.705,0.0
64.705,64.715,0.0
64.715,64.725,182.22620451650369
64.725,64.735,182.05415865855613
64.735,64.745,180.27179673821254
64.745,64.755,177.9149862920423
64.755,64.765,174.744589789393
64.765,64.775,172.15921280816605
64.775,64.785,170.60811804018948
64.785,64.795,169.50400215724383
64.795,64.805,168.70420288100468
64.805,64.815,167.88042691969127
64.815,64.825,167.0136053342183
64.825,64.835,166.47503113110164
64.835,64.845,166.37029301072488
64.845,64.855,166.6545460714488
64.855,64.865,167.12076373932786
64.865,64.875,167.35993647812447
64.875,64.885,167.32312190150913
64.885,64.895,167.1705784810787
64.895,64.905,166.9805194315238
64.905,64.915,166.74592525459704
64.915,64.925,166.43401645935683
64.925,64.935,165.94957907330644
64.935,64.945,165.34827696533404
64.945,64.955,164.88466967310097
64.955,64.965,164.470441420618
64.965,64.975,163.86110633155425
64.975,64.985,162.8992399283011
64.985,64.995,161.5661386961213
64.995,65.005,160.40745080224676
65.005,65.015,159.74969001201532
65.015,65.025,159.42001169101553
65.025,65.035,159.155421592807
65.035,65.045,158.9452544877488
65.045,65.055,158.65928867590304
65.055,65.065,158.23767106503288
65.065,65.075,157.715706556937
65.075,65.085,156.69629712692452
65.085,65.095,0.0
65.095,65.105,0.0
65.105,65.115,0.0
65.115,65.125,0.0
65.125,65.135,0.0
65.135,65.145,0.0
65.145,65.155,0.0
65.155,65.165,0.0
65.165,65.175,0.0
65.175,65.185,191.86094630471143
65.185,65.195,191.90815586952635
65.195,65.205,192.2319195728024
65.205,65.215,193.43421268935816
65.215,65.225,195.13399123727882
65.225,65.235,196.43129986513273
65.235,65.245,196.92247310416323
65.245,65.255,196.72527385551567
65.255,65.265,196.00388442036402
65.265,65.275,199.40591581316733
65.275,65.285,203.15875620112053
65.285,65.295,203.4309941575342
65.295,65.305,202.68600567660124
65.305,65.315,201.49135579769052
65.315,65.325,199.4790829595603
65.325,65.335,0.0
65.335,65.345,0.0
65.345,65.355,0.0
65.355,65.365,0.0
65.365,65.375,0.0
65.375,65.385,0.0
65.385,65.395,0.0
65.395,65.405,0.0
65.405,65.415,0.0
65.415,65.425,0.0
65.425,65.435,182.10820815835282
65.435,65.445,179.41228501574935
65.445,65.455,175.78497438958226
65.455,65.465,172.2905872329374
65.465,65.475,170.00450520940169
65.475,65.485,168.6414470696867
65.485,65.495,167.56725701812138
65.495,65.505,166.54447095178014
65.505,65.515,165.77931015709777
65.515,65.525,165.35338654746377
65.525,65.535,164.7009643674327
65.535,65.545,164.14872865253466
65.545,65.555,164.20505170955812
65.555,65.565,164.55502419981883
65.565,65.575,165.01833396621998
65.575,65.585,165.63247208887105
65.585,65.595,166.35186485590387
65.595,65.605,167.09350447905626
65.605,65.615,167.82405514709
65.615,65.625,168.56404390232706
65.625,65.635,169.10077943351268
65.635,65.645,169.04846345582783
65.645,65.655,168.4530478709396
65.655,65.665,167.6753194513488
65.665,65.675,166.95082541779425
65.675,65.685,0.0
65.685,65.695,0.0
65.695,65.705,0.0
65.705,65.715,0.0
65.715,65.725,0.0
65.725,65.735,0.0
65.735,65.745,0.0
65.745,65.755,182.41878632155309
65.755,65.765,183.51659254588128
65.765,65.775,185.8807523135922
65.775,65.785,189.34704577190507
65.785,65.795,192.89368149326503
65.795,65.805,195.77627573666467
65.805,65.815,197.84601924614884
65.815,65.825,199.52013096041415
65.825,65.835,201.54915795693643
65.835,65.845,209.50788295517833
65.845,65.855,0.0
65.855,65.865,0.0
65.865,65.875,0.0
65.875,65.885,0.0
65.885,65.895,0.0
65.895,65.905,0.0
65.905,65.915,0.0
65.915,65.925,0.0
65.925,65.935,0.0
65.935,65.945,0.0
65.945,65.955,0.0
65.955,65.965,0.0
65.965,65.975,0.0
65.975,65.985,0.0
65.985,65.995,0.0
65.995,66.005,0.0
66.005,66.015,0.0
66.015,66.025,0.0
66.025,66.035,0.0
66.035,66.045,0.0
66.045,66.055,0.0
66.055,66.065,0.0
66.065,66.075,0.0
66.075,66.085,0.0
66.085,66.095,0.0
66.095,66.105,0.0
66.105,66.115,0.0
66.115,66.125,0.0
66.125,66.135,0.0
66.135,66.145,0.0
66.145,66.155,0.0
66.155,66.165,0.0
66.165,66.175,0.0
66.175,66.185,0.0
66.185,66.195,0.0
66.195,66.205,0.0
66.205,66.215,0.0
66.215,66.225,0.0
66.225,66.235,0.0
66.235,66.245,0.0
66.245,66.255,0.0
66.255,66.265,0.0
66.265,66.275,0.0
66.275,66.285,0.0
66.285,66.295,0.0
66.295,66.305,0.0
66.305,66.315,0.0
66.315,66.325,0.0
66.325,66.335,0.0
66.335,66.345,0.0
66.345,66.355,0.0
66.355,66.365,0.0
66.365,66.375,0.0
66.375,66.385,0.0
66.385,66.395,0.0
66.395,66.405,0.0
66.405,66.415,0.0
66.415,66.425,0.0
66.425,66.435,0.0
66.435,66.445,0.0
66.445,66.455,0.0
66.455,66.465,0.0
66.465,66.475,0.0
66.475,66.485,0.0
66.485,66.495,0.0
66.495,66.505,0.0
66.505,66.515,0.0
66.515,66.525,0.0
66.525,66.535,0.0
66.535,66.545,0.0
66.545,66.555,0.0
66.555,66.565,0.0
66.565,66.575,0.0
66.575,66.585,0.0
66.585,66.595,0.0
66.595,66.605,0.0
66.605,66.615,0.0
66.615,66.625,0.0
66.625,66.635,0.0
66.635,66.645,0.0
66.645,66.655,0.0
66.655,66.665,0.0
66.665,66.675,0.0
66.675,66.685,0.0
66.685,66.695,0.0
66.695,66.705,0.0
66.705,66.715,0.0
66.715,66.725,0.0
66.725,66.735,0.0
66.735,66.745,0.0
66.745,66.755,0.0
66.755,66.765,0.0
66.765,66.775,0.0
66.775,66.785,0.0
66.785,66.795,0.0
66.795,66.805,0.0
66.805,66.815,0.0
66.815,66.825,0.0
66.825,66.835,0.0
66.835,66.845,0.0
66.845,66.855,0.0
66.855,66.865,0.0
66.865,66.875,0.0
66.875,66.885,0.0
66.885,66.895,0.0
66.895,66.905,0.0
66.905,66.915,0.0
66.915,66.925,0.0
66.925,66.935,0.0
66.935,66.945,0.0
66.945,66.955,0.0
66.955,66.965,0.0
66.965,66.975,0.0
66.975,66.985,0.0
66.985,66.995,168.73726025634335
66.995,67.005,167.23123958667404
67.005,67.015,165.69181194520672
67.015,67.025,164.59891531067277
67.025,67.035,163.704397775656
67.035,67.045,163.0725433160756
67.045,67.055,163.6763160376725
67.055,67.065,164.02140761948178
67.065,67.075,163.74303117914553
67.075,67.085,162.90967018752667
67.085,67.095,161.37042404950748
67.095,67.105,159.70052952091808
67.105,67.115,158.56539749739093
67.115,67.125,157.4656845182098
67.125,67.135,156.45241977833768
67.135,67.145,157.9204590637621
67.145,67.155,159.5735989766828
67.155,67.165,159.28600204187654
67.165,67.175,158.29438609617756
67.175,67.185,156.76495867979102
67.185,67.195,155.2111032774293
67.195,67.205,0.0
67.205,67.215,0.0
67.215,67.225,0.0
67.225,67.235,0.0
67.235,67.245,0.0
67.245,67.255,0.0
67.255,67.265,0.0
67.265,67.275,0.0
67.275,67.285,0.0
67.285,67.295,0.0
67.295,67.305,164.44109366157318
67.305,67.315,164.3336701148301
67.315,67.325,163.80471766681217
67.325,67.335,163.04076421538684
67.335,67.345,162.1924256798001
67.345,67.355,160.5833353299965
67.355,67.365,0.0
67.365,67.375,0.0
67.375,67.385,0.0
67.385,67.395,0.0
67.395,67.405,0.0
67.405,67.415,0.0
67.415,67.425,0.0
67.425,67.435,0.0
67.435,67.445,0.0
67.445,67.455,0.0
67.455,67.465,0.0
67.465,67.475,0.0
67.475,67.485,0.0
67.485,67.495,0.0
67.495,67.505,0.0
67.505,67.515,0.0
67.515,67.525,0.0
67.525,67.535,0.0
67.535,67.545,170.64550967990533
67.545,67.555,170.14888040296026
67.555,67.565,170.421711091413
67.565,67.575,170.6814409047599
67.575,67.585,170.51282245218636
67.585,67.595,169.87783407632642
67.595,67.605,169.02357540933326
67.605,67.615,168.3019383282931
67.615,67.625,167.85551711221615
67.625,67.635,167.43703297228444
67.635,67.645,167.00237189619767
67.645,67.655,166.48700791693147
67.655,67.665,165.8435267701266
67.665,67.675,165.50172294290587
67.675,67.685,165.52460011248218
67.685,67.695,165.58416290683
67.695,67.705,165.53481360798074
67.705,67.715,165.30926190136907
67.715,67.725,164.71753202484052
67.725,67.735,163.34630538976583
67.735,67.745,160.65942952576842
67.745,67.755,157.92646398042453
67.755,67.765,156.25188848901152
67.765,67.775,0.0
67.775,67.785,0.0
67.785,67.795,0.0
67.795,67.805,0.0
67.805,67.815,0.0
67.815,67.825,0.0
67.825,67.835,0.0
67.835,67.845,0.0
67.845,67.855,0.0
67.855,67.865,0.0
67.865,67.875,0.0
67.875,67.885,0.0
67.885,67.895,172.18790022342645
67.895,67.905,172.2740885423055
67.905,67.915,167.25947876159174
67.915,67.925,166.90881856650145
67.925,67.935,164.38289683841137
67.935,67.945,162.08407701464967
67.945,67.955,161.2309185717613
67.955,67.965,160.56590032013813
67.965,67.975,159.30538085788206
67.975,67.985,157.46782356560146
67.985,67.995,0.0
67.995,68.005,0.0
68.005,68.015,0.0
68.015,68.025,0.0
68.025,68.035,0.0
68.035,68.045,0.0
68.045,68.055,0.0
68.055,68.065,0.0
68.065,68.075,0.0
68.075,68.085,0.0
68.085,68.095,157.86990961108157
68.095,68.105,158.26508732864622
68.105,68.115,157.77812849377867
68.115,68.125,155.2233135308873
68.125,68.135,153.8324048748118
68.135,68.145,153.28334686835944
68.145,68.155,0.0
68.155,68.165,0.0
68.165,68.175,0.0
68.175,68.185,0.0
68.185,68.195,0.0
68.195,68.205,0.0
68.205,68.215,0.0
68.215,68.225,0.0
68.225,68.235,0.0
68.235,68.245,0.0
68.245,68.255,0.0
68.255,68.265,0.0
68.265,68.275,0.0
68.275,68.285,0.0
68.285,68.295,0.0
68.295,68.305,0.0
68.305,68.315,0.0
68.315,68.325,0.0
68.325,68.335,0.0
68.335,68.345,0.0
68.345,68.355,0.0
68.355,68.365,0.0
68.365,68.375,0.0
68.375,68.385,0.0
68.385,68.395,0.0
68.395,68.405,0.0
68.405,68.415,0.0
68.415,68.425,145.21562200846589
68.425,68.435,145.65547756515667
68.435,68.445,145.81643782412027
68.445,68.455,145.64711343285893
68.455,68.465,145.31004752822327
68.465,68.475,144.95297144479466
68.475,68.485,144.59786909550706
68.485,68.495,0.0
68.495,68.505,0.0
68.505,68.515,0.0
68.515,68.525,0.0
68.525,68.535,0.0
68.535,68.545,0.0
68.545,68.555,0.0
68.555,68.565,0.0
68.565,68.575,0.0
68.575,68.585,0.0
68.585,68.595,0.0
68.595,68.605,0.0
68.605,68.615,0.0
68.615,68.625,134.8932139919988
68.625,68.635,132.40453820886444
68.635,68.645,129.08867759123012
68.645,68.655,126.44617056653941
68.655,68.665,124.68128847563645
68.665,68.675,123.56927871288913
68.675,68.685,122.6566425802006
68.685,68.695,121.79038508763055
68.695,68.705,121.38016085764188
68.705,68.715,121.90355566485637
68.715,68.725,123.14787628158365
68.725,68.735,124.0034139448297
68.735,68.745,124.25162073349833
68.745,68.755,124.25823207105066
68.755,68.765,124.24076548076908
68.765,68.775,124.57136348659296
68.775,68.785,0.0
68.785,68.795,0.0
68.795,68.805,0.0
68.805,68.815,0.0
68.815,68.825,0.0
68.825,68.835,0.0
68.835,68.845,0.0
68.845,68.855,0.0
68.855,68.865,0.0
68.865,68.875,0.0
68.875,68.885,0.0
68.885,68.895,0.0
68.895,68.905,0.0
68.905,68.915,0.0
68.915,68.925,0.0
68.925,68.935,0.0
68.935,68.945,0.0
68.945,68.955,0.0
68.955,68.965,0.0
68.965,68.975,0.0
68.975,68.985,0.0
68.985,68.995,0.0
68.995,69.005,0.0
69.005,69.015,0.0
69.015,69.025,0.0
69.025,69.035,0.0
69.035,69.045,0.0
69.045,69.055,0.0
69.055,69.065,0.0
69.065,69.075,0.0
69.075,69.085,0.0
69.085,69.095,0.0
69.095,69.105,0.0
69.105,69.115,0.0
69.115,69.125,0.0
69.125,69.135,0.0
69.135,69.145,0.0
69.145,69.155,0.0
69.155,69.165,0.0
69.165,69.175,0.0
69.175,69.185,0.0
69.185,69.195,0.0
69.195,69.205,0.0
69.205,69.215,0.0
69.215,69.225,0.0
69.225,69.235,0.0
69.235,69.245,0.0
69.245,69.255,0.0
69.255,69.265,0.0
69.265,69.275,0.0
69.275,69.285,0.0
69.285,69.295,0.0
69.295,69.305,0.0
69.305,69.315,0.0
69.315,69.325,0.0
69.325,69.335,0.0
69.335,69.345,0.0
69.345,69.355,0.0
69.355,69.365,0.0
69.365,69.375,0.0
69.375,69.385,0.0
69.385,69.395,0.0
69.395,69.405,0.0
69.405,69.415,0.0
69.415,69.425,0.0
69.425,69.435,0.0
69.435,69.445,0.0
69.445,69.455,0.0
69.455,69.465,0.0
69.465,69.475,0.0
69.475,69.485,0.0
69.485,69.495,0.0
69.495,69.505,0.0
69.505,69.515,0.0
69.515,69.525,0.0
69.525,69.535,0.0
69.535,69.545,0.0
69.545,69.555,0.0
69.555,69.565,0.0
69.565,69.575,0.0
69.575,69.585,0.0
69.585,69.595,0.0
69.595,69.605,0.0
69.605,69.615,0.0
69.615,69.625,0.0
69.625,69.635,0.0
69.635,69.645,0.0
69.645,69.655,0.0
69.655,69.665,0.0
69.665,69.675,0.0
69.675,69.685,0.0
69.685,69.695,0.0
69.695,69.705,0.0
69.705,69.715,0.0
69.715,69.725,0.0
69.725,69.735,0.0
69.735,69.745,0.0
69.745,69.755,0.0
69.755,69.765,0.0
69.765,69.775,0.0
69.775,69.785,0.0
69.785,69.795,0.0
69.795,69.805,0.0
69.805,69.815,0.0
69.815,69.825,0.0
69.825,69.835,0.0
69.835,69.845,0.0
69.845,69.855,0.0
69.855,69.865,0.0
69.865,69.875,0.0
69.875,69.885,0.0
69.885,69.895,0.0
69.895,69.905,0.0
69.905,69.915,0.0
69.915,69.925,0.0
69.925,69.935,0.0
69.935,69.945,0.0
69.945,69.955,0.0
69.955,69.965,0.0
69.965,69.975,0.0
69.975,69.985,0.0
69.985,69.995,0.0
69.995,70.005,0.0
70.005,70.015,0.0
70.015,70.025,0.0
70.025,70.035,0.0
70.035,70.045,0.0
70.045,70.055,170.45578720569475
70.055,70.065,168.38161361407268
70.065,70.075,166.33366303884154
70.075,70.085,164.6929967144347
70.085,70.095,163.12149262403562
70.095,70.105,160.77835846270867
70.105,70.115,158.04347428307693
70.115,70.125,155.96300038027937
70.125,70.135,153.46915020447742
70.135,70.145,150.9140997081569
70.145,70.155,147.629301500048
70.155,70.165,143.40785144723984
70.165,70.175,139.7646460775788
70.175,70.185,136.26245472302915
70.185,70.195,0.0
70.195,70.205,0.0
70.205,70.215,0.0
70.215,70.225,0.0
70.225,70.235,0.0
70.235,70.245,0.0
70.245,70.255,0.0
70.255,70.265,0.0
70.265,70.275,0.0
70.275,70.285,0.0
70.285,70.295,0.0
70.295,70.305,0.0
70.305,70.315,0.0
70.315,70.325,0.0
70.325,70.335,0.0
70.335,70.345,0.0
70.345,70.355,0.0
70.355,70.365,0.0
70.365,70.375,0.0
70.375,70.385,0.0
70.385,70.395,0.0
70.395,70.405,0.0
70.405,70.415,0.0
70.415,70.425,0.0
70.425,70.435,0.0
70.435,70.445,0.0
70.445,70.455,0.0
70.455,70.465,0.0
70.465,70.475,0.0
70.475,70.485,0.0
70.485,70.495,0.0
70.495,70.505,0.0
70.505,70.515,0.0
70.515,70.525,0.0
70.525,70.535,0.0
70.535,70.545,0.0
70.545,70.555,0.0
70.555,70.565,179.11449395818622
70.565,70.575,182.86394588085048
70.575,70.585,185.3723093359542
70.585,70.595,187.3671023806092
70.595,70.605,189.5562013564659
70.605,70.615,191.3464073598212
70.615,70.625,192.67476564340302
70.625,70.635,193.63996099377036
70.635,70.645,193.98898852324643
70.645,70.655,193.84617257063047
70.655,70.665,195.15998940811156
70.665,70.675,196.18397725885447
70.675,70.685,195.85866714867998
70.685,70.695,195.47892454012066
70.695,70.705,194.74217534515785
70.705,70.715,193.18952282326467
70.715,70.725,191.58282009094708
70.725,70.735,190.19947048688425
70.735,70.745,188.7136111701722
70.745,70.755,187.059445260185
70.755,70.765,185.51368869942718
70.765,70.775,184.04016689770592
70.775,70.785,182.92874362088733
70.785,70.795,182.1564691590408
70.795,70.805,181.4191804077129
70.805,70.815,180.52470608203708
70.815,70.825,179.34683359281837
70.825,70.835,177.78921900420036
70.835,70.845,176.14026677006586
70.845,70.855,174.77805136898303
70.855,70.865,173.61018104788596
70.865,70.875,172.39009199898197
70.875,70.885,170.4681036051175
70.885,70.895,168.24213983918062
70.895,70.905,172.8049942531851
70.905,70.915,173.92043164264987
70.915,70.925,174.2236239602304
70.925,70.935,174.34912908987138
70.935,70.945,174.70520323294195
70.945,70.955,175.220759679928
70.955,70.965,175.5757709349041
70.965,70.975,175.7114084614111
70.975,70.985,175.7793276430314
70.985,70.995,175.80196305407995
70.995,71.005,175.51505775155286
71.005,71.015,174.59382217983674
71.015,71.025,172.769589896567
71.025,71.035,169.92654033024132
71.035,71.045,165.62279043383907
71.045,71.055,0.0
71.055,71.065,352.2309955282762
71.065,71.075,344.0684091354135
71.075,71.085,337.6430110149746
71.085,71.095,334.64463173741797
71.095,71.105,332.2394564566578
71.105,71.115,330.976120684529
71.115,71.125,323.9110227734402
71.125,71.135,312.2074289939683
71.135,71.145,317.2886852068981
71.145,71.155,0.0
71.155,71.165,181.48062041614267
71.165,71.175,184.41176752934533
71.175,71.185,186.28223719392082
71.185,71.195,187.26000927174076
71.195,71.205,187.56297814033803
71.205,71.215,187.53199781968985
71.215,71.225,187.2795713190701
71.225,71.235,186.82431013024438
71.235,71.245,186.42882614148888
71.245,71.255,186.19220837410842
71.255,71.265,185.94773815052736
71.265,71.275,185.7083834120485
71.275,71.285,185.53222977930392
71.285,71.295,185.3219270146739
71.295,71.305,185.15389660534433
71.305,71.315,185.091907590824
71.315,71.325,184.97246492578648
71.325,71.335,184.7137110809648
71.335,71.345,184.34947698018186
71.345,71.355,183.91329498120928
71.355,71.365,183.45829286577606
71.365,71.375,182.94829201887887
71.375,71.385,182.35832125837905
71.385,71.395,181.61731882200638
71.395,71.405,180.95123693425367
71.405,71.415,181.02231589092582
71.415,71.425,182.55611905062824
71.425,71.435,0.0
71.435,71.445,0.0
71.445,71.455,0.0
71.455,71.465,0.0
71.465,71.475,0.0
71.475,71.485,0.0
71.485,71.495,0.0
71.495,71.505,194.8688224985395
71.505,71.515,196.77234619637122
71.515,71.525,197.17382902709068
71.525,71.535,197.30734335298078
71.535,71.545,198.02205229611613
71.545,71.555,199.61049650810676
71.555,71.565,201.54551830310808
71.565,71.575,203.2764278356559
71.575,71.585,204.66474797606296
71.585,71.595,205.745963049691
71.595,71.605,206.47367303779228
71.605,71.615,206.68974434299616
71.615,71.625,206.10429149838225
71.625,71.635,204.96351880378813
71.635,71.645,208.7612097857788
71.645,71.655,218.8604763654814
71.655,71.665,224.49581427331583
71.665,71.675,229.61266602505805
71.675,71.685,238.58328271659138
71.685,71.695,242.14838933635554
71.695,71.705,245.22416101678755
71.705,71.715,248.47473460911854
71.715,71.725,254.04279448534564
71.725,71.735,261.3720639476578
71.735,71.745,266.2426576770413
71.745,71.755,270.06304332376874
71.755,71.765,274.1288277223777
71.765,71.775,279.69790353485996
71.775,71.785,285.70643130183385
71.785,71.795,289.7490801588878
71.795,71.805,293.120670573884
71.805,71.815,295.1652827932233
71.815,71.825,295.1101610165921
71.825,71.835,293.8610127263159
71.835,71.845,291.9165362676685
71.845,71.855,289.96938988783586
71.855,71.865,288.31679588593374
71.865,71.875,285.9661188356977
71.875,71.885,281.3173683003677
71.885,71.895,276.9195055948148
71.895,71.905,275.050431703429
71.905,71.915,254.78438250299396
71.915,71.925,252.20073945318995
71.925,71.935,236.56846286374332
71.935,71.945,233.66432436327403
71.945,71.955,220.89237087434637
71.955,71.965,220.03110460147056
71.965,71.975,213.34545279271532
71.975,71.985,207.01958356519472
71.985,71.995,204.12691545847562
71.995,72.005,200.29131633716435
72.005,72.015,197.45645859618966
72.015,72.025,194.5401494547187
72.025,72.035,191.2100791362002
72.035,72.045,188.914700260205
72.045,72.055,187.22292449201694
72.055,72.065,185.79783758181944
72.065,72.075,184.83018478888692
72.075,72.085,184.36317672891033
72.085,72.095,184.1587549832398
72.095,72.105,184.18091263775307
72.105,72.115,185.0162343136702
72.115,72.125,185.02139234676739
72.125,72.135,183.84379504821112
72.135,72.145,182.94146296931478
72.145,72.155,182.50697767170283
72.155,72.165,182.44351775611668
72.165,72.175,182.5396590411611
72.175,72.185,182.41883256562713
72.185,72.195,181.9450608578024
72.195,72.205,181.05235084520461
72.205,72.215,180.08881771830292
72.215,72.225,179.31471871397642
72.225,72.235,178.5619498824408
72.235,72.245,177.76321385861596
72.245,72.255,176.9143181637283
72.255,72.265,176.38941847518407
72.265,72.275,177.4797517051814
72.275,72.285,178.9426603329426
72.285,72.295,179.13072022371088
72.295,72.305,178.61017635653795
72.305,72.315,178.09808165542952
72.315,72.325,178.1784795860377
72.325,72.335,178.6846050015092
72.335,72.345,179.06186430507495
72.345,72.355,178.98594892014188
72.355,72.365,178.5930730603384
72.365,72.375,178.18234235741187
72.375,72.385,177.95566739621833
72.385,72.395,177.87287391427472
72.395,72.405,177.7744731998474
72.405,72.415,177.64750266045547
72.415,72.425,177.4215858185805
72.425,72.435,177.0773731590511
72.435,72.445,176.84667112729545
72.445,72.455,176.74094963949364
72.455,72.465,176.50948852629895
72.465,72.475,176.09764917116064
72.475,72.485,175.4801769998482
72.485,72.495,174.49438451660583
72.495,72.505,172.84974397019462
72.505,72.515,0.0
72.515,72.525,0.0
72.525,72.535,0.0
72.535,72.545,0.0
72.545,72.555,0.0
72.555,72.565,0.0
72.565,72.575,0.0
72.575,72.585,0.0
72.585,72.595,0.0
72.595,72.605,0.0
72.605,72.615,0.0
72.615,72.625,0.0
72.625,72.635,0.0
72.635,72.645,0.0
72.645,72.655,0.0
72.655,72.665,209.3018217572393
72.665,72.675,209.10420541995296
72.675,72.685,209.65671268809467
72.685,72.695,211.78930808445648
72.695,72.705,211.69527202756564
72.705,72.715,210.99216031154143
72.715,72.725,210.98880926674778
72.725,72.735,212.0565086111829
72.735,72.745,214.55338144479657
72.745,72.755,216.28604473546886
72.755,72.765,217.32297667823707
72.765,72.775,218.52547288759104
72.775,72.785,220.2177259842427
72.785,72.795,221.94597084399996
72.795,72.805,222.608113386398
72.805,72.815,222.12621620702458
72.815,72.825,220.73883545931903
72.825,72.835,0.0
72.835,72.845,0.0
72.845,72.855,0.0
72.855,72.865,0.0
72.865,72.875,0.0
72.875,72.885,0.0
72.885,72.895,0.0
72.895,72.905,0.0
72.905,72.915,0.0
72.915,72.925,0.0
72.925,72.935,0.0
72.935,72.945,0.0
72.945,72.955,0.0
72.955,72.965,0.0
72.965,72.975,0.0
72.975,72.985,0.0
72.985,72.995,197.0264836418232
72.995,73.005,194.06666503005408
73.005,73.015,191.62098774582464
73.015,73.025,188.60516398457167
73.025,73.035,184.93477207335027
73.035,73.045,181.8746266330511
73.045,73.055,0.0
73.055,73.065,0.0
73.065,73.075,0.0
73.075,73.085,0.0
73.085,73.095,0.0
73.095,73.105,0.0
73.105,73.115,0.0
73.115,73.125,0.0
73.125,73.135,0.0
73.135,73.145,0.0
73.145,73.155,0.0
73.155,73.165,0.0
73.165,73.175,0.0
73.175,73.185,0.0
73.185,73.195,0.0
73.195,73.205,0.0
73.205,73.215,0.0
73.215,73.225,0.0
73.225,73.235,0.0
73.235,73.245,0.0
73.245,73.255,190.12380862240389
73.255,73.265,189.81779785295205
73.265,73.275,190.03864999002587
73.275,73.285,190.40777190197
73.285,73.295,190.5584855552351
73.295,73.305,190.63691175034637
73.305,73.315,190.65257752349822
73.315,73.325,190.72402041697597
73.325,73.335,190.97462628551136
73.335,73.345,191.25615621408593
73.345,73.355,191.3525664513721
73.355,73.365,191.23999382078685
73.365,73.375,190.93387661420797
73.375,73.385,190.40141928854507
73.385,73.395,189.77000943249513
73.395,73.405,189.17757484122248
73.405,73.415,188.62122266965721
73.415,73.425,188.03275665019174
73.425,73.435,187.39959850846648
73.435,73.445,186.7729436482864
73.445,73.455,186.15239554219218
73.455,73.465,185.529921930225
73.465,73.475,184.87564667864433
73.475,73.485,184.08152125456925
73.485,73.495,182.93846047530602
73.495,73.505,181.4979315954606
73.505,73.515,180.17559599765255
73.515,73.525,179.02947352912852
73.525,73.535,177.860313772732
73.535,73.545,176.2316202738934
73.545,73.555,175.15855325816295
73.555,73.565,174.13044785293675
73.565,73.575,173.401686915794
73.575,73.585,172.91840692707012
73.585,73.595,172.34194175675927
73.595,73.605,171.63188796339867
73.605,73.615,170.8608639828651
73.615,73.625,169.84985472747215
73.625,73.635,168.988951778717
73.635,73.645,168.64932803780144
73.645,73.655,168.29877118181577
73.655,73.665,0.0
73.665,73.675,0.0
73.675,73.685,0.0
73.685,73.695,0.0
73.695,73.705,0.0
73.705,73.715,165.77041299819288
73.715,73.725,166.65507653027717
73.725,73.735,166.89211529547705
73.735,73.745,166.67050354277373
73.745,73.755,166.09856668985086
73.755,73.765,164.47568755169232
73.765,73.775,0.0
73.775,73.785,0.0
73.785,73.795,0.0
73.795,73.805,0.0
73.805,73.815,0.0
73.815,73.825,0.0
73.825,73.835,0.0
73.835,73.845,0.0
73.845,73.855,0.0
73.855,73.865,0.0
73.865,73.875,0.0
73.875,73.885,0.0
73.885,73.895,0.0
73.895,73.905,178.0406466873216
73.905,73.915,179.71684210198595
73.915,73.925,178.7359604019989
73.925,73.935,177.5571210268595
73.935,73.945,176.76875332234656
73.945,73.955,177.0678150977099
73.955,73.965,177.8985456680742
73.965,73.975,178.25344433179762
73.975,73.985,178.21301675624963
73.985,73.995,178.3580206355513
73.995,74.005,178.61188356241976
74.005,74.015,178.67511910449497
74.015,74.025,178.46960881324696
74.025,74.035,177.87888064777317
74.035,74.045,0.0
74.045,74.055,0.0
74.055,74.065,0.0
74.065,74.075,0.0
74.075,74.085,0.0
74.085,74.095,0.0
74.095,74.105,0.0
74.105,74.115,0.0
74.115,74.125,0.0
74.125,74.135,0.0
74.135,74.145,0.0
74.145,74.155,171.27908440886338
74.155,74.165,171.53131706109957
74.165,74.175,171.67181913295667
74.175,74.185,171.6029971299937
74.185,74.195,171.30055300188198
74.195,74.205,170.71163672663056
74.205,74.215,169.75728271724046
74.215,74.225,168.46981598059008
74.225,74.235,167.2258410571175
74.235,74.245,166.14497081197416
74.245,74.255,165.24596102390038
74.255,74.265,164.6906655481984
74.265,74.275,164.4741944958056
74.275,74.285,164.3042092921023
74.285,74.295,163.9294131052347
74.295,74.305,163.35814755001712
74.305,74.315,162.6417470976759
74.315,74.325,161.88433201465884
74.325,74.335,161.41804574953875
74.335,74.345,161.34689534215747
74.345,74.355,161.42771133658425
74.355,74.365,161.5311530389076
74.365,74.375,161.6967917842213
74.375,74.385,161.76696005389505
74.385,74.395,161.50016718925906
74.395,74.405,160.983720765854
74.405,74.415,160.40301764178278
74.415,74.425,159.8248506350822
74.425,74.435,159.256281658594
74.435,74.445,158.80148555138308
74.445,74.455,158.66795085877595
74.455,74.465,158.7545932020808
74.465,74.475,158.93250053883628
74.475,74.485,159.1058071968942
74.485,74.495,159.0387708331527
74.495,74.505,158.66853831402628
74.505,74.515,158.1090221716062
74.515,74.525,157.55659658462687
74.525,74.535,157.19630352291975
74.535,74.545,156.87917798652785
74.545,74.555,156.30601042382972
74.555,74.565,155.47882075775263
74.565,74.575,154.56192629728355
74.575,74.585,153.78719557005792
74.585,74.595,153.423482188685
74.595,74.605,153.45740681633842
74.605,74.615,153.6600847987796
74.615,74.625,154.05330671363606
74.625,74.635,154.64214702575856
74.635,74.645,154.99528617171572
74.645,74.655,154.98379251679037
74.655,74.665,154.979614707184
74.665,74.675,155.00844290000384
74.675,74.685,154.75246723836673
74.685,74.695,154.20524006261076
74.695,74.705,153.4592395422132
74.705,74.715,152.6147908324981
74.715,74.725,151.83346044086286
74.725,74.735,151.32461431212934
74.735,74.745,151.06115428356804
74.745,74.755,150.78992425728342
74.755,74.765,150.37857451357584
74.765,74.775,149.8961498407763
74.775,74.785,149.55676114151836
74.785,74.795,149.4664208289215
74.795,74.805,149.56815569978025
74.805,74.815,149.70249267671514
74.815,74.825,149.70333216709196
74.825,74.835,149.4046170955776
74.835,74.845,148.61756130279517
74.845,74.855,147.65094772812526
74.855,74.865,147.03799035822507
74.865,74.875,146.7454352148673
74.875,74.885,146.75028918777414
74.885,74.895,146.80712749739274
74.895,74.905,146.52608278346625
74.905,74.915,146.28315391421307
74.915,74.925,146.20730094984074
74.925,74.935,146.1203127461943
74.935,74.945,146.01188155702582
74.945,74.955,145.88913928932254
74.955,74.965,145.6248118385357
74.965,74.975,145.14188888944005
74.975,74.985,144.71413276415237
74.985,74.995,144.68926525631946
74.995,75.005,145.19365693421653
75.005,75.015,145.6458421576762
75.015,75.025,145.48984309665582
75.025,75.035,145.131639488035
75.035,75.045,145.0184428307003
75.045,75.055,0.0
75.055,75.065,0.0
75.065,75.075,0.0
75.075,75.085,0.0
75.085,75.095,0.0
75.095,75.105,0.0
75.105,75.115,0.0
75.115,75.125,0.0
75.125,75.135,0.0
75.135,75.145,0.0
75.145,75.155,0.0
75.155,75.165,0.0
75.165,75.175,0.0
75.175,75.185,0.0
75.185,75.195,0.0
75.195,75.205,0.0
75.205,75.215,0.0
75.215,75.225,0.0
75.225,75.235,0.0
75.235,75.245,0.0
75.245,75.255,0.0
75.255,75.265,0.0
75.265,75.275,0.0
75.275,75.285,0.0
75.285,75.295,0.0
75.295,75.305,0.0
75.305,75.315,0.0
75.315,75.325,0.0
75.325,75.335,0.0
75.335,75.345,0.0
75.345,75.355,0.0
75.355,75.365,0.0
75.365,75.375,0.0
75.375,75.385,0.0
75.385,75.395,0.0
75.395,75.405,0.0
75.405,75.415,0.0
75.415,75.425,0.0
75.425,75.435,0.0
75.435,75.445,0.0
75.445,75.455,0.0
75.455,75.465,0.0
75.465,75.475,0.0
75.475,75.485,0.0
75.485,75.495,0.0
75.495,75.505,0.0
75.505,75.515,0.0
75.515,75.525,0.0
75.525,75.535,0.0
75.535,75.545,0.0
75.545,75.555,0.0
75.555,75.565,0.0
75.565,75.575,0.0
75.575,75.585,0.0
75.585,75.595,0.0
75.595,75.605,0.0
75.605,75.615,0.0
75.615,75.625,0.0
75.625,75.635,0.0
75.635,75.645,0.0
75.645,75.655,0.0
75.655,75.665,0.0
75.665,75.675,0.0
75.675,75.685,0.0
75.685,75.695,0.0
75.695,75.705,0.0
75.705,75.715,0.0
75.715,75.725,0.0
75.725,75.735,0.0
75.735,75.745,0.0
75.745,75.755,0.0
75.755,75.765,0.0
75.765,75.775,0.0
75.775,75.785,0.0
75.785,75.795,0.0
75.795,75.805,0.0
75.805,75.815,0.0
75.815,75.825,0.0
75.825,75.835,0.0
75.835,75.845,0.0
75.845,75.855,0.0
75.855,75.865,0.0
75.865,75.875,147.28631138598882
75.875,75.885,149.58087389144603
75.885,75.895,150.76049643227634
75.895,75.905,151.61565838867963
75.905,75.915,152.00973745644143
75.915,75.925,152.0049002676437
75.925,75.935,151.86630202304454
75.935,75.945,151.57209056052048
75.945,75.955,151.09519712600056
75.955,75.965,150.4431195624983
75.965,75.975,149.91833694265674
75.975,75.985,149.67895114318696
75.985,75.995,149.14877505285884
75.995,76.005,148.0149309009679
76.005,76.015,146.88854485119236
76.015,76.025,146.22835605957445
76.025,76.035,145.9766170205253
76.035,76.045,145.91514299619658
76.045,76.055,145.8037564673824
76.055,76.065,145.46559738045752
76.065,76.075,144.93979865941802
76.075,76.085,144.38001998712448
76.085,76.095,143.83895888432906
76.095,76.105,143.63693950598943
76.105,76.115,144.01397841609452
76.115,76.125,144.86611524772005
76.125,76.135,146.05207151984305
76.135,76.145,0.0
76.145,76.155,0.0
76.155,76.165,0.0
76.165,76.175,0.0
76.175,76.185,0.0
76.185,76.195,0.0
76.195,76.205,0.0
76.205,76.215,0.0
76.215,76.225,0.0
76.225,76.235,0.0
76.235,76.245,0.0
76.245,76.255,0.0
76.255,76.265,0.0
76.265,76.275,193.9584334202437
76.275,76.285,193.03448412114363
76.285,76.295,190.945293398337
76.295,76.305,187.79838486581633
76.305,76.315,185.83317767266124
76.315,76.325,185.21903622248823
76.325,76.335,184.61504244524372
76.335,76.345,183.48293144346584
76.345,76.355,183.9836449900435
76.355,76.365,186.07780556541988
76.365,76.375,186.927687920805
76.375,76.385,187.81622262824922
76.385,76.395,186.34547964869716
76.395,76.405,184.20733015522762
76.405,76.415,183.0129173606811
76.415,76.425,182.61059795775043
76.425,76.435,182.67609789048956
76.435,76.445,182.45547674674347
76.445,76.455,181.37697203039377
76.455,76.465,178.99692704268918
76.465,76.475,0.0
76.475,76.485,0.0
76.485,76.495,0.0
76.495,76.505,0.0
76.505,76.515,0.0
76.515,76.525,0.0
76.525,76.535,0.0
76.535,76.545,0.0
76.545,76.555,0.0
76.555,76.565,0.0
76.565,76.575,0.0
76.575,76.585,0.0
76.585,76.595,0.0
76.595,76.605,0.0
76.605,76.615,0.0
76.615,76.625,0.0
76.625,76.635,245.8503140096238
76.635,76.645,253.4062068311039
76.645,76.655,254.85744949545156
76.655,76.665,257.86994640971926
76.665,76.675,261.86608224666656
76.675,76.685,266.49867129957187
76.685,76.695,269.98075366848
76.695,76.705,272.66206108141057
76.705,76.715,275.4348822864716
76.715,76.725,278.81964046964595
76.725,76.735,281.96675953616614
76.735,76.745,283.67379735301375
76.745,76.755,284.1811701387636
76.755,76.765,283.1823170978216
76.765,76.775,281.15472934708583
76.775,76.785,278.2725444883762
76.785,76.795,275.03389720605304
76.795,76.805,271.80337799906346
76.805,76.815,267.9389278795427
76.815,76.825,262.86524367783346
76.825,76.835,256.3303445751009
76.835,76.845,245.67012077426384
76.845,76.855,238.52454427301367
76.855,76.865,233.48855384208332
76.865,76.875,228.01774244920463
76.875,76.885,0.0
76.885,76.895,0.0
76.895,76.905,0.0
76.905,76.915,0.0
76.915,76.925,0.0
76.925,76.935,0.0
76.935,76.945,0.0
76.945,76.955,0.0
76.955,76.965,0.0
76.965,76.975,0.0
76.975,76.985,0.0
76.985,76.995,193.3126472606863
76.995,77.005,192.58758041346235
77.005,77.015,190.19229677196046
77.015,77.025,187.3913545848241
77.025,77.035,185.21737369829378
77.035,77.045,183.58450640444246
77.045,77.055,181.91380096244623
77.055,77.065,180.12299951935537
77.065,77.075,178.1290684898798
77.075,77.085,176.1862741688609
77.085,77.095,174.83687981477038
77.095,77.105,262.14735418916985
77.105,77.115,265.28171594452994
77.115,77.125,272.12693602588695
77.125,77.135,272.97860065382827
77.135,77.145,0.0
77.145,77.155,0.0
77.155,77.165,0.0
77.165,77.175,0.0
77.175,77.185,0.0
77.185,77.195,175.79292052940954
77.195,77.205,176.58758933797657
77.205,77.215,177.61185489467772
77.215,77.225,178.9695477445762
77.225,77.235,180.2461847629683
77.235,77.245,181.27068176042616
77.245,77.255,182.25399559685079
77.255,77.265,183.44454634564
77.265,77.275,184.6757896953979
77.275,77.285,185.3131433800607
77.285,77.295,185.2423367211012
77.295,77.305,184.91891063267968
77.305,77.315,184.69887371437937
77.315,77.325,184.59313825036753
77.325,77.335,184.60631281637635
77.335,77.345,184.57867049641067
77.345,77.355,184.1626323261714
77.355,77.365,183.119565275044
77.365,77.375,181.41507214824972
77.375,77.385,179.63612344353837
77.385,77.395,178.0799416663031
77.395,77.405,176.66035059745846
77.405,77.415,175.2839392546586
77.415,77.425,174.15566246571342
77.425,77.435,173.49109442712668
77.435,77.445,173.25049528352352
77.445,77.455,173.38943850481945
77.455,77.465,173.72489245086038
77.465,77.475,173.75301026965985
77.475,77.485,173.36731865439387
77.485,77.495,172.99098019720077
77.495,77.505,172.90730921701692
77.505,77.515,172.8082344728839
77.515,77.525,172.43036784359708
77.525,77.535,171.85693398559027
77.535,77.545,171.27136380904216
77.545,77.555,170.76559400699378
77.555,77.565,170.3487608510776
77.565,77.575,169.83270283257735
77.575,77.585,169.31727690435417
77.585,77.595,169.17297344083866
77.595,77.605,169.39661109475705
77.605,77.615,169.65661789936638
77.615,77.625,169.78846254270456
77.625,77.635,169.72265224336158
77.635,77.645,169.33078040657236
77.645,77.655,168.66504907885917
77.655,77.665,168.21087531189667
77.665,77.675,168.13449948822907
77.675,77.685,168.11832177882093
77.685,77.695,168.05646761206634
77.695,77.705,167.89491355996967
77.705,77.715,167.5734994895421
77.715,77.725,167.1855930916806
77.725,77.735,166.71226132737314
77.735,77.745,166.2306975436674
77.745,77.755,165.88599880693891
77.755,77.765,165.59830991032496
77.765,77.775,165.32475251629305
77.775,77.785,165.08127306654177
77.785,77.795,164.67304814573268
77.795,77.805,164.12810468523972
77.805,77.815,163.7807897200998
77.815,77.825,163.55428781868062
77.825,77.835,163.23219631508866
77.835,77.845,162.81588168199275
77.845,77.855,162.49442815071458
77.855,77.865,162.27815743535507
77.865,77.875,162.07729073260066
77.875,77.885,162.0391125248785
77.885,77.895,162.6711932542507
77.895,77.905,164.0901016082525
77.905,77.915,164.39417611610213
77.915,77.925,0.0
77.925,77.935,0.0
77.935,77.945,165.92752949878334
77.945,77.955,166.9304995384803
77.955,77.965,168.18482526322572
77.965,77.975,169.69811541574424
77.975,77.985,171.0125002806577
77.985,77.995,172.21668763428337
77.995,78.005,174.11434775437232
78.005,78.015,176.19262494819182
78.015,78.025,177.5856306587267
78.025,78.035,179.79050449638197
78.035,78.045,180.03582425387793
78.045,78.055,178.50868754762263
78.055,78.065,176.64868698395222
78.065,78.075,175.7360871278611
78.075,78.085,175.41263429327418
78.085,78.095,175.10385180865677
78.095,78.105,174.80989746143493
78.105,78.115,174.69039258342815
78.115,78.125,0.0
78.125,78.135,0.0
78.135,78.145,0.0
78.145,78.155,0.0
78.155,78.165,0.0
78.165,78.175,0.0
78.175,78.185,0.0
78.185,78.195,0.0
78.195,78.205,0.0
78.205,78.215,0.0
78.215,78.225,0.0
78.225,78.235,200.13854004740654
78.235,78.245,200.71689530028883
78.245,78.255,200.87019544174362
78.255,78.265,200.45988064700884
78.265,78.275,199.01761825621787
78.275,78.285,0.0
78.285,78.295,0.0
78.295,78.305,0.0
78.305,78.315,0.0
78.315,78.325,0.0
78.325,78.335,0.0
78.335,78.345,0.0
78.345,78.355,0.0
78.355,78.365,0.0
78.365,78.375,0.0
78.375,78.385,0.0
78.385,78.395,0.0
78.395,78.405,0.0
78.405,78.415,0.0
78.415,78.425,0.0
78.425,78.435,177.6434278035653
78.435,78.445,176.2988883775114
78.445,78.455,174.32199452565033
78.455,78.465,0.0
78.465,78.475,0.0
78.475,78.485,0.0
78.485,78.495,0.0
78.495,78.505,0.0
78.505,78.515,0.0
78.515,78.525,0.0
78.525,78.535,0.0
78.535,78.545,0.0
78.545,78.555,0.0
78.555,78.565,0.0
78.565,78.575,0.0
78.575,78.585,0.0
78.585,78.595,0.0
78.595,78.605,0.0
78.605,78.615,0.0
78.615,78.625,0.0
78.625,78.635,173.65816876568553
78.635,78.645,174.6476020369396
78.645,78.655,175.59257155512762
78.655,78.665,176.21105877794992
78.665,78.675,0.0
78.675,78.685,183.0276373838795
78.685,78.695,187.15105603270246
78.695,78.705,188.6276974891876
78.705,78.715,203.84372416068686
78.715,78.725,207.9230059673618
78.725,78.735,210.96624811735958
78.735,78.745,217.2790947679782
78.745,78.755,222.02426020709274
78.755,78.765,225.36278052167225
78.765,78.775,228.82954334669452
78.775,78.785,232.5636499323396
78.785,78.795,239.75979271945695
78.795,78.805,243.267676535731
78.805,78.815,247.93310772018455
78.815,78.825,251.0386664751177
78.825,78.835,254.65385924908944
78.835,78.845,257.129091803745
78.845,78.855,260.3317339374409
78.855,78.865,265.6675333522238
78.865,78.875,270.12717734601966
78.875,78.885,274.2390494394915
78.885,78.895,275.8118493131947
78.895,78.905,275.8908235396752
78.905,78.915,275.0618269247727
78.915,78.925,273.7008049375559
78.925,78.935,271.31882947456467
78.935,78.945,266.02960426114083
78.945,78.955,259.5250195056731
78.955,78.965,257.1171857429649
78.965,78.975,232.63203057608658
78.975,78.985,221.35871846995366
78.985,78.995,220.93305508891186
78.995,79.005,200.27162852038083
79.005,79.015,192.08388961202613
79.015,79.025,185.02336520475924
79.025,79.035,178.78260954247753
79.035,79.045,0.0
79.045,79.055,0.0
79.055,79.065,0.0
79.065,79.075,0.0
79.075,79.085,0.0
79.085,79.095,0.0
79.095,79.105,0.0
79.105,79.115,0.0
79.115,79.125,0.0
79.125,79.135,0.0
79.135,79.145,0.0
79.145,79.155,0.0
79.155,79.165,0.0
79.165,79.175,0.0
79.175,79.185,0.0
79.185,79.195,0.0
79.195,79.205,0.0
79.205,79.215,147.94715602698855
79.215,79.225,147.76096776650235
79.225,79.235,147.66207450014815
79.235,79.245,147.65059228555594
79.245,79.255,147.7845354903212
79.255,79.265,0.0
79.265,79.275,0.0
79.275,79.285,0.0
79.285,79.295,0.0
79.295,79.305,0.0
79.305,79.315,0.0
79.315,79.325,0.0
79.325,79.335,0.0
79.335,79.345,0.0
79.345,79.355,168.4881360060103
79.355,79.365,168.83274726069635
79.365,79.375,168.78359239533268
79.375,79.385,168.2071013876678
79.385,79.395,167.3115154557269
79.395,79.405,166.47327584430693
79.405,79.415,0.0
79.415,79.425,0.0
79.425,79.435,0.0
79.435,79.445,0.0
79.445,79.455,0.0
79.455,79.465,0.0
79.465,79.475,168.42507372505037
79.475,79.485,167.4276645801495
79.485,79.495,166.48998226652242
79.495,79.505,169.14906943407232
79.505,79.515,171.61400728144338
79.515,79.525,172.283960018287
79.525,79.535,172.1437097324798
79.535,79.545,171.73146372333352
79.545,79.555,171.3170706457785
79.555,79.565,0.0
79.565,79.575,0.0
79.575,79.585,0.0
79.585,79.595,0.0
79.595,79.605,0.0
79.605,79.615,0.0
79.615,79.625,0.0
79.625,79.635,0.0
79.635,79.645,0.0
79.645,79.655,0.0
79.655,79.665,0.0
79.665,79.675,0.0
79.675,79.685,0.0
79.685,79.695,0.0
79.695,79.705,0.0
79.705,79.715,0.0
79.715,79.725,0.0
79.725,79.735,0.0
79.735,79.745,0.0
79.745,79.755,0.0
79.755,79.765,0.0
79.765,79.775,174.00259637591608
79.775,79.785,174.1804567729704
79.785,79.795,173.50509843117192
79.795,79.805,172.329958265818
79.805,79.815,170.673952315939
79.815,79.825,169.25578772428855
79.825,79.835,168.57646877589022
79.835,79.845,168.21027618740303
79.845,79.855,167.8673588578615
79.855,79.865,0.0
79.865,79.875,0.0
79.875,79.885,0.0
79.885,79.895,0.0
79.895,79.905,0.0
79.905,79.915,0.0
79.915,79.925,0.0
79.925,79.935,185.3916341401755
79.935,79.945,185.73039461295602
79.945,79.955,185.3404831361022
79.955,79.965,185.07279145636068
79.965,79.975,184.94182140344233
79.975,79.985,184.9460463276814
79.985,79.995,185.12838838208773
79.995,80.005,185.48191570413675
80.005,80.015,185.95490821609224
80.015,80.025,186.51093680392924
80.025,80.035,186.8629402060545
80.035,80.045,186.69354180489134
80.045,80.055,185.9455021855496
80.055,80.065,0.0
80.065,80.075,0.0
80.075,80.085,0.0
80.085,80.095,0.0
80.095,80.105,0.0
80.105,80.115,0.0
80.115,80.125,0.0
80.125,80.135,0.0
80.135,80.145,0.0
80.145,80.155,0.0
80.155,80.165,0.0
80.165,80.175,0.0
80.175,80.185,0.0
80.185,80.195,0.0
80.195,80.205,0.0
80.205,80.215,0.0
80.215,80.225,0.0
80.225,80.235,0.0
80.235,80.245,0.0
80.245,80.255,0.0
80.255,80.265,162.56138742506482
80.265,80.275,162.36199783227283
80.275,80.285,161.1162799559227
80.285,80.295,159.09993663862525
80.295,80.305,156.88799683567504
80.305,80.315,155.6749805132224
80.315,80.325,155.5202727827418
80.325,80.335,156.08560422508663
80.335,80.345,156.81231011272578
80.345,80.355,157.07661246056486
80.355,80.365,156.93916687507365
80.365,80.375,156.64277921775965
80.375,80.385,156.24172965576906
80.385,80.395,155.69644846097862
80.395,80.405,155.14753203789203
80.405,80.415,154.73488678161408
80.415,80.425,154.56161976357564
80.425,80.435,154.74623137580235
80.435,80.445,154.84905340735966
80.445,80.455,154.7513609475839
80.455,80.465,154.70086696256732
80.465,80.475,154.54236672576076
80.475,80.485,154.42367401204427
80.485,80.495,154.46379738061714
80.495,80.505,154.3871999512603
80.505,80.515,154.28745925675636
80.515,80.525,154.21349487469655
80.525,80.535,154.2592777676439
80.535,80.545,154.50728405042187
80.545,80.555,154.73449008216585
80.555,80.565,154.91242340432447
80.565,80.575,154.9533035241191
80.575,80.585,154.87477846175227
80.585,80.595,154.57404443140476
80.595,80.605,153.78991461313257
80.605,80.615,153.06416876392655
80.615,80.625,152.55046124471625
80.625,80.635,152.012850469109
80.635,80.645,151.39211212863347
80.645,80.655,150.7187784493312
80.655,80.665,149.68275041188
80.665,80.675,148.1614289592698
80.675,80.685,147.50537825371413
80.685,80.695,0.0
80.695,80.705,0.0
80.705,80.715,0.0
80.715,80.725,0.0
80.725,80.735,0.0
80.735,80.745,0.0
80.745,80.755,0.0
80.755,80.765,0.0
80.765,80.775,0.0
80.775,80.785,0.0
80.785,80.795,0.0
80.795,80.805,0.0
80.805,80.815,0.0
80.815,80.825,202.59374237329763
80.825,80.835,204.95556515030097
80.835,80.845,206.08991236147548
80.845,80.855,206.39478344685952
80.855,80.865,206.58522220197855
80.865,80.875,207.79329138426695
80.875,80.885,214.4858938249486
80.885,80.895,215.85263461962418
80.895,80.905,215.4929561365434
80.905,80.915,213.32852554243368
80.915,80.925,209.48356979847568
80.925,80.935,206.3677887016693
80.935,80.945,0.0
80.945,80.955,0.0
80.955,80.965,0.0
80.965,80.975,0.0
80.975,80.985,0.0
80.985,80.995,0.0
80.995,81.005,0.0
81.005,81.015,0.0
81.015,81.025,0.0
81.025,81.035,187.1145641999272
81.035,81.045,186.0887632479637
81.045,81.055,184.66661510085703
81.055,81.065,183.28999400105724
81.065,81.075,182.0135788893209
81.075,81.085,180.54644772951875
81.085,81.095,178.7148273428428
81.095,81.105,176.62176295822283
81.105,81.115,173.85152885169418
81.115,81.125,169.20727258018786
81.125,81.135,170.17108165955267
81.135,81.145,169.9119343014885
81.145,81.155,0.0
81.155,81.165,0.0
81.165,81.175,172.03614400988812
81.175,81.185,174.0682587020826
81.185,81.195,174.7713363337823
81.195,81.205,174.78953463998033
81.205,81.215,174.37541018568746
81.215,81.225,174.58519011182767
81.225,81.235,173.8637977069321
81.235,81.245,172.3854197710916
81.245,81.255,171.03020255924972
81.255,81.265,169.94665326957008
81.265,81.275,169.03772600807838
81.275,81.285,167.98885391139885
81.285,81.295,0.0
81.295,81.305,0.0
81.305,81.315,0.0
81.315,81.325,0.0
81.325,81.335,0.0
81.335,81.345,170.55897541674256
81.345,81.355,171.9894352459847
81.355,81.365,172.21405114814905
81.365,81.375,171.4119052504143
81.375,81.385,170.62836980743316
81.385,81.395,170.53316590480324
81.395,81.405,171.03000972206314
81.405,81.415,171.75771548175766
81.415,81.425,171.89559036296177
81.425,81.435,171.9497882294659
81.435,81.445,171.84004982497572
81.445,81.455,171.30315439378518
81.455,81.465,170.29745272028566
81.465,81.475,169.26862347146695
81.475,81.485,168.63774263934533
81.485,81.495,167.91312432025626
81.495,81.505,167.71944362013662
81.505,81.515,167.20316129342166
81.515,81.525,166.31464136994475
81.525,81.535,165.26437443234295
81.535,81.545,164.22573917621824
81.545,81.555,0.0
81.555,81.565,0.0
81.565,81.575,0.0
81.575,81.585,0.0
81.585,81.595,0.0
81.595,81.605,0.0
81.605,81.615,182.82909070649598
81.615,81.625,183.93759037291665
81.625,81.635,185.341003543708
81.635,81.645,186.98275937141594
81.645,81.655,188.21635927147796
81.655,81.665,189.0479461902649
81.665,81.675,189.7716161044384
81.675,81.685,190.39727754291334
81.685,81.695,190.89764547239733
81.695,81.705,191.2927646187041
81.705,81.715,191.60669039810278
81.715,81.725,192.01525268493054
81.725,81.735,192.35518101940502
81.735,81.745,191.61923251439592
81.745,81.755,0.0
81.755,81.765,0.0
81.765,81.775,0.0
81.775,81.785,0.0
81.785,81.795,0.0
81.795,81.805,0.0
81.805,81.815,0.0
81.815,81.825,0.0
81.825,81.835,0.0
81.835,81.845,0.0
81.845,81.855,0.0
81.855,81.865,0.0
81.865,81.875,0.0
81.875,81.885,0.0
81.885,81.895,0.0
81.895,81.905,0.0
81.905,81.915,0.0
81.915,81.925,0.0
81.925,81.935,178.08387144500978
81.935,81.945,175.47080805531908
81.945,81.955,172.53375792924396
81.955,81.965,170.81245753683692
81.965,81.975,169.73618339139438
81.975,81.985,168.93316311020166
81.985,81.995,168.18910054724986
81.995,82.005,167.21856676035904
82.005,82.015,166.19761074181932
82.015,82.025,165.41653460132173
82.025,82.035,164.4479629221498
82.035,82.045,162.9947043057786
82.045,82.055,161.1050296477424
82.055,82.065,158.79523381691675
82.065,82.075,156.656859789035
82.075,82.085,154.92307914514808
82.085,82.095,153.6483406885478
82.095,82.105,152.66415479350755
82.105,82.115,151.77824604038332
82.115,82.125,0.0
82.125,82.135,0.0
82.135,82.145,0.0
82.145,82.155,0.0
82.155,82.165,0.0
82.165,82.175,0.0
82.175,82.185,153.44214780217217
82.185,82.195,153.1682270620741
82.195,82.205,153.04038258923944
82.205,82.215,152.9387138297313
82.215,82.225,152.76685527537572
82.225,82.235,152.54730111985972
82.235,82.245,0.0
82.245,82.255,0.0
82.255,82.265,0.0
82.265,82.275,0.0
82.275,82.285,0.0
82.285,82.295,160.13294854653597
82.295,82.305,160.70912070744012
82.305,82.315,160.68187242027332
82.315,82.325,160.3769301298558
82.325,82.335,159.46350292334785
82.335,82.345,158.36961544388217
82.345,82.355,157.81989812906855
82.355,82.365,157.3457250110887
82.365,82.375,161.05342210199157
82.375,82.385,161.09448355895466
82.385,82.395,160.60898753641752
82.395,82.405,159.66140433300356
82.405,82.415,158.49566330983257
82.415,82.425,157.2591695421869
82.425,82.435,156.18380606034185
82.435,82.445,156.20541230664506
82.445,82.455,156.44141844298315
82.455,82.465,155.0345119741824
82.465,82.475,154.01849360902514
82.475,82.485,153.2015696916861
82.485,82.495,152.68902758386625
82.495,82.505,152.66292597056378
82.505,82.515,153.16197370883984
82.515,82.525,155.68434494476907
82.525,82.535,157.34172061800737
82.535,82.545,156.84223582444037
82.545,82.555,155.72931443717357
82.555,82.565,153.62060157247856
82.565,82.575,151.68482208622703
82.575,82.585,150.26215585354313
82.585,82.595,149.9941623015461
82.595,82.605,150.27911184246025
82.605,82.615,150.72556239090255
82.615,82.625,151.86126834441515
82.625,82.635,152.94624283810103
82.635,82.645,151.22351063032852
82.645,82.655,147.44999947694907
82.655,82.665,144.71632495785653
82.665,82.675,142.65176990493035
82.675,82.685,140.4864903074799
82.685,82.695,138.41424117990442
82.695,82.705,136.72349650912872
82.705,82.715,135.47962184966275
82.715,82.725,134.46544231010128
82.725,82.735,133.47640786551042
82.735,82.745,132.48993528139053
82.745,82.755,131.74244392487356
82.755,82.765,131.38885408955846
82.765,82.775,131.19372623522997
82.775,82.785,130.92488436146564
82.785,82.795,130.8347771748351
82.795,82.805,131.13290802204065
82.805,82.815,0.0
82.815,82.825,0.0
82.825,82.835,0.0
82.835,82.845,0.0
82.845,82.855,0.0
82.855,82.865,0.0
82.865,82.875,0.0
82.875,82.885,0.0
82.885,82.895,0.0
82.895,82.905,0.0
82.905,82.915,0.0
82.915,82.925,0.0
82.925,82.935,0.0
82.935,82.945,0.0
82.945,82.955,184.85639379973566
82.955,82.965,193.04020069211535
82.965,82.975,195.91253916630203
82.975,82.985,204.94474386521472
82.985,82.995,210.37775833708594
82.995,83.005,213.50317488422502
83.005,83.015,215.27627480540377
83.015,83.025,216.0435460386425
83.025,83.035,216.45249304005074
83.035,83.045,217.72696522873133
83.045,83.055,220.1167082481186
83.055,83.065,0.0
83.065,83.075,0.0
83.075,83.085,0.0
83.085,83.095,0.0
83.095,83.105,0.0
83.105,83.115,0.0
83.115,83.125,0.0
83.125,83.135,0.0
83.135,83.145,0.0
83.145,83.155,0.0
83.155,83.165,0.0
83.165,83.175,0.0
83.175,83.185,0.0
83.185,83.195,0.0
83.195,83.205,0.0
83.205,83.215,0.0
83.215,83.225,0.0
83.225,83.235,0.0
83.235,83.245,0.0
83.245,83.255,0.0
83.255,83.265,0.0
83.265,83.275,0.0
83.275,83.285,0.0
83.285,83.295,0.0
83.295,83.305,0.0
83.305,83.315,0.0
83.315,83.325,0.0
83.325,83.335,0.0
83.335,83.345,0.0
83.345,83.355,0.0
83.355,83.365,0.0
83.365,83.375,0.0
83.375,83.385,0.0
83.385,83.395,0.0
83.395,83.405,0.0
83.405,83.415,0.0
83.415,83.425,0.0
83.425,83.435,0.0
83.435,83.445,0.0
83.445,83.455,0.0
83.455,83.465,0.0
83.465,83.475,0.0
83.475,83.485,0.0
83.485,83.495,0.0
83.495,83.505,0.0
83.505,83.515,0.0
83.515,83.525,0.0
83.525,83.535,0.0
83.535,83.545,0.0
83.545,83.555,0.0
83.555,83.565,0.0
83.565,83.575,0.0
83.575,83.585,0.0
83.585,83.595,0.0
83.595,83.605,0.0
83.605,83.615,0.0
83.615,83.625,0.0
83.625,83.635,0.0
83.635,83.645,0.0
83.645,83.655,0.0
83.655,83.665,0.0
83.665,83.675,0.0
83.675,83.685,0.0
83.685,83.695,0.0
83.695,83.705,0.0
83.705,83.715,0.0
83.715,83.725,0.0
83.725,83.735,0.0
83.735,83.745,0.0
83.745,83.755,0.0
83.755,83.765,0.0
83.765,83.775,0.0
83.775,83.785,0.0
83.785,83.795,0.0
83.795,83.805,0.0
83.805,83.815,0.0
83.815,83.825,0.0
83.825,83.835,0.0
83.835,83.845,0.0
83.845,83.855,164.0826738484654
83.855,83.865,167.08074996020906
83.865,83.875,169.96420697863417
83.875,83.885,170.96871579363804
83.885,83.895,170.16233207138137
83.895,83.905,168.70396910266098
83.905,83.915,168.96086421710092
83.915,83.925,170.4297272486352
83.925,83.935,171.99166324358796
83.935,83.945,176.1664432705773
83.945,83.955,177.02008346268727
83.955,83.965,177.28493146354492
83.965,83.975,172.4905715237494
83.975,83.985,170.29168943470683
83.985,83.995,161.3051060938872
83.995,84.005,161.18200227195604
84.005,84.015,161.3265113814375
84.015,84.025,161.62643398848158
84.025,84.035,161.9911583555995
84.035,84.045,161.66293442166696
84.045,84.055,0.0
84.055,84.065,0.0
84.065,84.075,0.0
84.075,84.085,0.0
84.085,84.095,0.0
84.095,84.105,0.0
84.105,84.115,163.9495912686187
84.115,84.125,164.34042518701827
84.125,84.135,164.25178691364198
84.135,84.145,163.45181768459975
84.145,84.155,162.0081529162971
84.155,84.165,163.3171462237564
84.165,84.175,164.24315783976527
84.175,84.185,164.82260878710443
84.185,84.195,165.29036141284772
84.195,84.205,165.50494153781503
84.205,84.215,165.16216582416612
84.215,84.225,164.66001226046887
84.225,84.235,164.17205620114805
84.235,84.245,0.0
84.245,84.255,0.0
84.255,84.265,0.0
84.265,84.275,0.0
84.275,84.285,0.0
84.285,84.295,0.0
84.295,84.305,0.0
84.305,84.315,170.69163187973845
84.315,84.325,169.87982624115602
84.325,84.335,168.15506924460473
84.335,84.345,166.59951141270986
84.345,84.355,0.0
84.355,84.365,0.0
84.365,84.375,0.0
84.375,84.385,0.0
84.385,84.395,0.0
84.395,84.405,0.0
84.405,84.415,0.0
84.415,84.425,0.0
84.425,84.435,0.0
84.435,84.445,165.75597452434792
84.445,84.455,166.21592984612622
84.455,84.465,165.945335593596
84.465,84.475,165.33890850078416
84.475,84.485,164.79597611648734
84.485,84.495,164.72692645414315
84.495,84.505,164.83045301505086
84.505,84.515,164.6223909787221
84.515,84.525,164.12644891666483
84.525,84.535,163.44837233643142
84.535,84.545,162.86990699606625
84.545,84.555,0.0
84.555,84.565,0.0
84.565,84.575,0.0
84.575,84.585,0.0
84.585,84.595,0.0
84.595,84.605,180.03294249139535
84.605,84.615,182.6757874355417
84.615,84.625,185.01056213715543
84.625,84.635,186.47172481491285
84.635,84.645,189.7834147368154
84.645,84.655,191.99833740882303
84.655,84.665,194.21129003716385
84.665,84.675,197.96236011426782
84.675,84.685,201.78470293826305
84.685,84.695,205.27810054808342
84.695,84.705,208.14449384532665
84.705,84.715,210.06305894748235
84.715,84.725,211.38972106362033
84.725,84.735,212.30692857748443
84.735,84.745,213.35461459503082
84.745,84.755,214.3066220927238
84.755,84.765,214.23031169274532
84.765,84.775,213.47615318679397
84.775,84.785,0.0
84.785,84.795,0.0
84.795,84.805,0.0
84.805,84.815,0.0
84.815,84.825,0.0
84.825,84.835,0.0
84.835,84.845,0.0
84.845,84.855,0.0
84.855,84.865,0.0
84.865,84.875,0.0
84.875,84.885,0.0
84.885,84.895,180.03323389779524
84.895,84.905,181.2945079054194
84.905,84.915,180.87975814128015
84.915,84.925,179.18031452714533
84.925,84.935,177.2964908216143
84.935,84.945,176.03411859056547
84.945,84.955,174.9205068535584
84.955,84.965,174.03327399925487
84.965,84.975,173.11357583996514
84.975,84.985,171.5905072431127
84.985,84.995,169.69020111442182
84.995,85.005,168.6653745622895
85.005,85.015,168.34310148093243
85.015,85.025,168.44806701113447
85.025,85.035,168.86272365818056
85.035,85.045,169.5507649170323
85.045,85.055,170.2013563396309
85.055,85.065,170.5130135712309
85.065,85.075,170.39279746636467
85.075,85.085,169.80157204589733
85.085,85.095,169.16157296498693
85.095,85.105,168.85570220693828
85.105,85.115,168.72788308693583
85.115,85.125,168.6511390312986
85.125,85.135,168.68578554798444
85.135,85.145,168.6150564546576
85.145,85.155,168.21711701349042
85.155,85.165,167.7636127965084
85.165,85.175,167.49177378060577
85.175,85.185,167.30743294425434
85.185,85.195,167.19398300828112
85.195,85.205,167.05995892177833
85.205,85.215,166.71767896352117
85.215,85.225,166.23022732912165
85.225,85.235,166.0223732697561
85.235,85.245,166.23127722488786
85.245,85.255,166.8337987595157
85.255,85.265,167.66004934420255
85.265,85.275,168.23004914671176
85.275,85.285,168.05757341705586
85.285,85.295,167.41174880512
85.295,85.305,167.06484524879667
85.305,85.315,166.9427037332253
85.315,85.325,166.75857376425097
85.325,85.335,0.0
85.335,85.345,0.0
85.345,85.355,0.0
85.355,85.365,0.0
85.365,85.375,0.0
85.375,85.385,0.0
85.385,85.395,0.0
85.395,85.405,164.91064652906545
85.405,85.415,166.3896093458364
85.415,85.425,167.28393072164002
85.425,85.435,167.8692287199388
85.435,85.445,167.59879074620142
85.445,85.455,167.0698916271757
85.455,85.465,166.76199823742203
85.465,85.475,166.66556980790926
85.475,85.485,166.66563994226374
85.485,85.495,0.0
85.495,85.505,0.0
85.505,85.515,0.0
85.515,85.525,0.0
85.525,85.535,0.0
85.535,85.545,0.0
85.545,85.555,165.25086597390535
85.555,85.565,164.8752405347322
85.565,85.575,164.3538096008584
85.575,85.585,163.88260452661876
85.585,85.595,163.85695890726356
85.595,85.605,164.03297015454825
85.605,85.615,0.0
85.615,85.625,0.0
85.625,85.635,0.0
85.635,85.645,0.0
85.645,85.655,0.0
85.655,85.665,0.0
85.665,85.675,0.0
85.675,85.685,0.0
85.685,85.695,0.0
85.695,85.705,0.0
85.705,85.715,0.0
85.715,85.725,174.7003902601326
85.725,85.735,172.5854670937211
85.735,85.745,170.7747195693641
85.745,85.755,169.2675836410633
85.755,85.765,167.83077461416494
85.765,85.775,166.30979779831833
85.775,85.785,164.51099583716464
85.785,85.795,162.6728884258242
85.795,85.805,0.0
85.805,85.815,0.0
85.815,85.825,0.0
85.825,85.835,0.0
85.835,85.845,0.0
85.845,85.855,0.0
85.855,85.865,0.0
85.865,85.875,0.0
85.875,85.885,0.0
85.885,85.895,0.0
85.895,85.905,0.0
85.905,85.915,0.0
85.915,85.925,0.0
85.925,85.935,0.0
85.935,85.945,174.07549013567174
85.945,85.955,173.59324907863706
85.955,85.965,170.76406919542444
85.965,85.975,167.5136642370076
85.975,85.985,0.0
85.985,85.995,0.0
85.995,86.005,0.0
86.005,86.015,0.0
86.015,86.025,0.0
86.025,86.035,0.0
86.035,86.045,0.0
86.045,86.055,0.0
86.055,86.065,0.0
86.065,86.075,165.5201753769134
86.075,86.085,165.2253911021037
86.085,86.095,164.88293162968608
86.095,86.105,164.7774647997495
86.105,86.115,164.82110980854827
86.115,86.125,164.78700929033994
86.125,86.135,164.60595024144746
86.135,86.145,0.0
86.145,86.155,0.0
86.155,86.165,0.0
86.165,86.175,0.0
86.175,86.185,0.0
86.185,86.195,0.0
86.195,86.205,0.0
86.205,86.215,0.0
86.215,86.225,0.0
86.225,86.235,0.0
86.235,86.245,0.0
86.245,86.255,0.0
86.255,86.265,0.0
86.265,86.275,0.0
86.275,86.285,0.0
86.285,86.295,0.0
86.295,86.305,0.0
86.305,86.315,0.0
86.315,86.325,0.0
86.325,86.335,0.0
86.335,86.345,161.95094486193037
86.345,86.355,161.26942685049582
86.355,86.365,160.46796742020027
86.365,86.375,160.0278143927128
86.375,86.385,159.64509910206047
86.385,86.395,159.36956896479774
86.395,86.405,159.33850957430386
86.405,86.415,159.36329232658142
86.415,86.425,159.2458450145614
86.425,86.435,159.05148214308846
86.435,86.445,158.92487214938603
86.445,86.455,158.7906659679747
86.455,86.465,158.67303581881237
86.465,86.475,158.55721660951184
86.475,86.485,158.35720761825377
86.485,86.495,158.1355645027564
86.495,86.505,158.0141054716458
86.505,86.515,158.05186818414276
86.515,86.525,158.1899826387368
86.525,86.535,158.26778703427934
86.535,86.545,158.19138090883828
86.545,86.555,158.0155797900226
86.555,86.565,157.83324483517262
86.565,86.575,157.56256527803188
86.575,86.585,157.11891992967335
86.585,86.595,156.73714812046686
86.595,86.605,156.52335187730992
86.605,86.615,156.40814805207316
86.615,86.625,156.35843213767967
86.625,86.635,156.45281883465344
86.635,86.645,156.5866392307747
86.645,86.655,156.43118618455753
86.655,86.665,155.99442818895008
86.665,86.675,155.5287038831878
86.675,86.685,155.17418616489852
86.685,86.695,154.88260042675552
86.695,86.705,154.43125775468675
86.705,86.715,153.97855229486166
86.715,86.725,153.75054971434707
86.725,86.735,153.67191450214375
86.735,86.745,153.68718170660262
86.745,86.755,153.7136597880382
86.755,86.765,153.73816092938793
86.765,86.775,153.81883923543018
86.775,86.785,153.89259138791198
86.785,86.795,154.0214758356167
86.795,86.805,154.24364013059466
86.805,86.815,154.3983813766472
86.815,86.825,154.25437039641304
86.825,86.835,153.88479264246408
86.835,86.845,153.6652070038752
86.845,86.855,153.63338495264276
86.855,86.865,153.676505165987
86.865,86.875,153.78676696506403
86.875,86.885,153.82610558464148
86.885,86.895,153.8291289064416
86.895,86.905,154.0159941185047
86.905,86.915,154.31084726590115
86.915,86.925,154.38980566492341
86.925,86.935,154.42238235926172
86.935,86.945,154.5171956923173
86.945,86.955,154.2780696042815
86.955,86.965,153.67040018670602
86.965,86.975,152.86244257695904
86.975,86.985,151.9590722048914
86.985,86.995,151.15554777733183
86.995,87.005,150.5653257542023
87.005,87.015,150.16149334006977
87.015,87.025,150.1290216161407
87.025,87.035,150.57455179125427
87.035,87.045,151.18758654871195
87.045,87.055,151.78803336118654
87.055,87.065,152.1674056306839
87.065,87.075,0.0
87.075,87.085,0.0
87.085,87.095,0.0
87.095,87.105,0.0
87.105,87.115,0.0
87.115,87.125,0.0
87.125,87.135,0.0
87.135,87.145,0.0
87.145,87.155,0.0
87.155,87.165,0.0
87.165,87.175,0.0
87.175,87.185,0.0
87.185,87.195,0.0
87.195,87.205,0.0
87.205,87.215,0.0
87.215,87.225,0.0
87.225,87.235,0.0
87.235,87.245,0.0
87.245,87.255,0.0
87.255,87.265,0.0
87.265,87.275,0.0
87.275,87.285,0.0
87.285,87.295,0.0
87.295,87.305,0.0
87.305,87.315,0.0
87.315,87.325,0.0
87.325,87.335,0.0
87.335,87.345,0.0
87.345,87.355,0.0
87.355,87.365,0.0
87.365,87.375,0.0
87.375,87.385,0.0
87.385,87.395,0.0
87.395,87.405,0.0
87.405,87.415,0.0
87.415,87.425,0.0
87.425,87.435,0.0
87.435,87.445,0.0
87.445,87.455,0.0
87.455,87.465,0.0
87.465,87.475,0.0
87.475,87.485,0.0
87.485,87.495,0.0
87.495,87.505,0.0
87.505,87.515,0.0
87.515,87.525,0.0
87.525,87.535,0.0
87.535,87.545,0.0
87.545,87.555,0.0
87.555,87.565,0.0
87.565,87.575,0.0
87.575,87.585,0.0
87.585,87.595,0.0
87.595,87.605,166.54498492378949
87.605,87.615,167.0383271352665
87.615,87.625,167.74118113751794
87.625,87.635,169.07485577511048
87.635,87.645,170.43400972723023
87.645,87.655,171.16179149307436
87.655,87.665,171.16512218998056
87.665,87.675,170.815097375351
87.675,87.685,170.60408582559984
87.685,87.695,170.4945286435402
87.695,87.705,170.3628913994978
87.705,87.715,170.22248252347978
87.715,87.725,170.1824181683379
87.725,87.735,170.25158063475837
87.735,87.745,170.1634248798238
87.745,87.755,169.91466060495043
87.755,87.765,168.78418646568946
87.765,87.775,165.23992976277637
87.775,87.785,164.50478093317682
87.785,87.795,164.2874402381413
87.795,87.805,164.86014416927716
87.805,87.815,166.30281522870922
87.815,87.825,167.51520582442964
87.825,87.835,167.74654856448475
87.835,87.845,167.4667751705153
87.845,87.855,167.21017794829024
87.855,87.865,166.88776562034474
87.865,87.875,166.1677699414152
87.875,87.885,164.83692577016137
87.885,87.895,162.96640923114535
87.895,87.905,0.0
87.905,87.915,0.0
87.915,87.925,0.0
87.925,87.935,0.0
87.935,87.945,0.0
87.945,87.955,0.0
87.955,87.965,0.0
87.965,87.975,0.0
87.975,87.985,0.0
87.985,87.995,0.0
87.995,88.005,0.0
88.005,88.015,0.0
88.015,88.025,0.0
88.025,88.035,0.0
88.035,88.045,0.0
88.045,88.055,0.0
88.055,88.065,0.0
88.065,88.075,0.0
88.075,88.085,0.0
88.085,88.095,0.0
88.095,88.105,0.0
88.105,88.115,0.0
88.115,88.125,0.0
88.125,88.135,0.0
88.135,88.145,0.0
88.145,88.155,0.0
88.155,88.165,0.0
88.165,88.175,0.0
88.175,88.185,0.0
88.185,88.195,0.0
88.195,88.205,0.0
88.205,88.215,167.97616763977086
88.215,88.225,170.35403568721134
88.225,88.235,171.5050916234038
88.235,88.245,171.21101829758084
88.245,88.255,170.08696133886377
88.255,88.265,168.70194816621805
88.265,88.275,167.44517727843072
88.275,88.285,166.58425901040297
88.285,88.295,165.89134067786458
88.295,88.305,165.18336456073177
88.305,88.315,0.0
88.315,88.325,0.0
88.325,88.335,0.0
88.335,88.345,0.0
88.345,88.355,175.99151447144484
88.355,88.365,182.32742286732503
88.365,88.375,183.63873148632817
88.375,88.385,183.9216889000346
88.385,88.395,183.79870747466833
88.395,88.405,183.59946424663175
88.405,88.415,183.50146109326988
88.415,88.425,183.46184579993
88.425,88.435,183.24191644520218
88.435,88.445,182.7438564324177
88.445,88.455,0.0
88.455,88.465,0.0
88.465,88.475,0.0
88.475,88.485,0.0
88.485,88.495,0.0
88.495,88.505,0.0
88.505,88.515,0.0
88.515,88.525,0.0
88.525,88.535,0.0
88.535,88.545,0.0
88.545,88.555,0.0
88.555,88.565,0.0
88.565,88.575,0.0
88.575,88.585,169.2180596760681
88.585,88.595,167.83053565645565
88.595,88.605,163.2822657313211
88.605,88.615,162.75769568005342
88.615,88.625,162.26684796571035
88.625,88.635,161.17033546180465
88.635,88.645,0.0
88.645,88.655,0.0
88.655,88.665,0.0
88.665,88.675,0.0
88.675,88.685,0.0
88.685,88.695,0.0
88.695,88.705,0.0
88.705,88.715,0.0
88.715,88.725,0.0
88.725,88.735,0.0
88.735,88.745,0.0
88.745,88.755,0.0
88.755,88.765,188.3715516826316
88.765,88.775,188.2760351000835
88.775,88.785,187.69344442519505
88.785,88.795,186.9880424830126
88.795,88.805,186.48953654292205
88.805,88.815,186.24805966524897
88.815,88.825,186.0378126058224
88.825,88.835,185.5427028020847
88.835,88.845,184.62704906987904
88.845,88.855,183.04448938565807
88.855,88.865,181.50540167509328
88.865,88.875,180.03354889989896
88.875,88.885,177.901022284401
88.885,88.895,177.1148540695453
88.895,88.905,176.54271683618518
88.905,88.915,175.80499186956078
88.915,88.925,0.0
88.925,88.935,0.0
88.935,88.945,0.0
88.945,88.955,0.0
88.955,88.965,0.0
88.965,88.975,0.0
88.975,88.985,0.0
88.985,88.995,0.0
88.995,89.005,0.0
89.005,89.015,0.0
89.015,89.025,0.0
89.025,89.035,207.10731596457615
89.035,89.045,211.03526491355
89.045,89.055,213.65183856273407
89.055,89.065,215.00460683043624
89.065,89.075,214.8309886366704
89.075,89.085,213.8063281061576
89.085,89.095,212.80956945433275
89.095,89.105,212.39432783310932
89.105,89.115,0.0
89.115,89.125,0.0
89.125,89.135,0.0
89.135,89.145,0.0
89.145,89.155,0.0
89.155,89.165,0.0
89.165,89.175,0.0
89.175,89.185,0.0
89.185,89.195,0.0
89.195,89.205,0.0
89.205,89.215,0.0
89.215,89.225,240.2046144511294
89.225,89.235,239.01740931006844
89.235,89.245,238.0758088694564
89.245,89.255,237.77162990124341
89.255,89.265,238.42633996938963
89.265,89.275,239.70493974635448
89.275,89.285,240.7931346530569
89.285,89.295,241.52557902225985
89.295,89.305,241.84264681106723
89.305,89.315,241.3672815015084
89.315,89.325,239.8189111945251
89.325,89.335,237.81660568704012
89.335,89.345,235.99242027917123
89.345,89.355,234.08897590993126
89.355,89.365,231.8750968487543
89.365,89.375,229.52400797747592
89.375,89.385,227.00271138257287
89.385,89.395,224.9442214252682
89.395,89.405,224.13628401650843
89.405,89.415,0.0
89.415,89.425,0.0
89.425,89.435,0.0
89.435,89.445,0.0
89.445,89.455,0.0
89.455,89.465,0.0
89.465,89.475,0.0
89.475,89.485,0.0
89.485,89.495,0.0
89.495,89.505,0.0
89.505,89.515,0.0
89.515,89.525,0.0
89.525,89.535,0.0
89.535,89.545,0.0
89.545,89.555,0.0
89.555,89.565,0.0
89.565,89.575,0.0
89.575,89.585,0.0
89.585,89.595,0.0
89.595,89.605,0.0
89.605,89.615,0.0
89.615,89.625,0.0
89.625,89.635,0.0
89.635,89.645,0.0
89.645,89.655,0.0
89.655,89.665,0.0
89.665,89.675,0.0
89.675,89.685,0.0
89.685,89.695,0.0
89.695,89.705,0.0
89.705,89.715,0.0
89.715,89.725,0.0
89.725,89.735,0.0
89.735,89.745,0.0
89.745,89.755,0.0
89.755,89.765,0.0
89.765,89.775,0.0
89.775,89.785,0.0
89.785,89.795,0.0
89.795,89.805,0.0
89.805,89.815,0.0
89.815,89.825,0.0
89.825,89.835,0.0
89.835,89.845,180.50812454507735
89.845,89.855,178.13657032972205
89.855,89.865,174.48543728767027
89.865,89.875,171.89335699349314
89.875,89.885,170.7266426221818
89.885,89.895,170.1389674334148
89.895,89.905,169.42144286830046
89.905,89.915,168.41110624250868
89.915,89.925,0.0
89.925,89.935,172.56846179994983
89.935,89.945,173.1126191652307
89.945,89.955,172.7943286945295
89.955,89.965,172.2488970279177
89.965,89.975,171.7109994171192
89.975,89.985,171.3126154911011
89.985,89.995,170.99015872294177
89.995,90.005,170.5686021505776
90.005,90.015,0.0
90.015,90.025,0.0
90.025,90.035,0.0
90.035,90.045,0.0
90.045,90.055,0.0
90.055,90.065,0.0
90.065,90.075,0.0
90.075,90.085,0.0
90.085,90.095,0.0
90.095,90.105,0.0
90.105,90.115,166.58574542313687
90.115,90.125,165.881761871888
90.125,90.135,164.72740261222063
90.135,90.145,162.796436798099
90.145,90.155,160.5019920567369
90.155,90.165,157.94728793867705
90.165,90.175,157.23940533393528
90.175,90.185,164.89561367602914
90.185,90.195,167.11456203008026
90.195,90.205,168.63376946676826
90.205,90.215,168.91700963913695
90.215,90.225,168.66368206475317
90.225,90.235,168.20700445259928
90.235,90.245,167.23364511409312
90.245,90.255,165.2328695034784
90.255,90.265,163.78130127419553
90.265,90.275,162.44796542513882
90.275,90.285,161.36082390599893
90.285,90.295,160.7865006483822
90.295,90.305,0.0
90.305,90.315,0.0
90.315,90.325,0.0
90.325,90.335,0.0
90.335,90.345,0.0
90.345,90.355,0.0
90.355,90.365,167.55733619235858
90.365,90.375,166.44002276860337
90.375,90.385,165.54573344946138
90.385,90.395,165.08479610778593
90.395,90.405,165.1188145320838
90.405,90.415,165.521166591974
90.415,90.425,165.94767696598663
90.425,90.435,166.5505011827992
90.435,90.445,167.628208533953
90.445,90.455,168.8431517856425
90.455,90.465,170.16219073934457
90.465,90.475,171.07867163742856
90.475,90.485,171.60641279410225
90.485,90.495,171.81886671266565
90.495,90.505,171.66116948638407
90.505,90.515,170.9751250998867
90.515,90.525,170.348405884227
90.525,90.535,169.89724491051456
90.535,90.545,169.42413597567648
90.545,90.555,169.12040142498296
90.555,90.565,169.17870368493186
90.565,90.575,169.24138322562672
90.575,90.585,169.17843404857388
90.585,90.595,169.1655489575916
90.595,90.605,169.40164428405913
90.605,90.615,0.0
90.615,90.625,0.0
90.625,90.635,177.30707423046618
90.635,90.645,176.3652477767874
90.645,90.655,175.22807547031607
90.655,90.665,174.36363390933857
90.665,90.675,173.5988962396126
90.675,90.685,173.00312883140708
90.685,90.695,172.9354446201932
90.695,90.705,173.21215970900877
90.705,90.715,173.39419346852557
90.715,90.725,173.13293186061898
90.725,90.735,171.9272569803592
90.735,90.745,0.0
90.745,90.755,461.8588503811348
90.755,90.765,448.15401765951475
90.765,90.775,0.0
90.775,90.785,0.0
90.785,90.795,0.0
90.795,90.805,0.0
90.805,90.815,0.0
90.815,90.825,0.0
90.825,90.835,0.0
90.835,90.845,0.0
90.845,90.855,0.0
90.855,90.865,0.0
90.865,90.875,0.0
90.875,90.885,0.0
90.885,90.895,0.0
90.895,90.905,0.0
90.905,90.915,0.0
90.915,90.925,0.0
90.925,90.935,0.0
90.935,90.945,0.0
90.945,90.955,0.0
90.955,90.965,0.0
90.965,90.975,0.0
90.975,90.985,0.0
90.985,90.995,0.0
90.995,91.005,163.5655991217862
91.005,91.015,163.22495889613793
91.015,91.025,163.1306424489003
91.025,91.035,163.32811444162436
91.035,91.045,163.7605384772651
91.045,91.055,164.33439068580876
91.055,91.065,164.97943112255095
91.065,91.075,165.79818900163167
91.075,91.085,166.9349094769155
91.085,91.095,167.8586733537424
91.095,91.105,168.34025123639898
91.105,91.115,168.63678710736605
91.115,91.125,168.86046166964175
91.125,91.135,169.07313782989695
91.135,91.145,169.43535683521318
91.145,91.155,169.7430083001407
91.155,91.165,169.71714695341853
91.165,91.175,0.0
91.175,91.185,0.0
91.185,91.195,0.0
91.195,91.205,179.20289137506808
91.205,91.215,178.19162377217842
91.215,91.225,177.96701215261243
91.225,91.235,178.3514208358307
91.235,91.245,178.93926540054483
91.245,91.255,179.5130986333869
91.255,91.265,179.7947107350866
91.265,91.275,179.58711496319896
91.275,91.285,179.0296878438386
91.285,91.295,178.26390017037673
91.295,91.305,177.20253682664188
91.305,91.315,175.74634986932975
91.315,91.325,0.0
91.325,91.335,0.0
91.335,91.345,0.0
91.345,91.355,0.0
91.355,91.365,0.0
91.365,91.375,0.0
91.375,91.385,0.0
91.385,91.395,0.0
91.395,91.405,0.0
91.405,91.415,0.0
91.415,91.425,0.0
91.425,91.435,0.0
91.435,91.445,0.0
91.445,91.455,0.0
91.455,91.465,0.0
91.465,91.475,0.0
91.475,91.485,0.0
91.485,91.495,0.0
91.495,91.505,0.0
91.505,91.515,0.0
91.515,91.525,0.0
91.525,91.535,0.0
91.535,91.545,0.0
91.545,91.555,156.54698574845136
91.555,91.565,156.10990358481288
91.565,91.575,155.04924708127436
91.575,91.585,154.08785396603633
91.585,91.595,154.25169553735452
91.595,91.605,156.10741335751922
91.605,91.615,157.4033878254791
91.615,91.625,157.35509375502812
91.625,91.635,167.29278484092734
91.635,91.645,168.5230602130819
91.645,91.655,169.7851166361651
91.655,91.665,171.24465379421625
91.665,91.675,173.2894320262961
91.675,91.685,174.981026592823
91.685,91.695,176.8592577687475
91.695,91.705,177.50275521341945
91.705,91.715,178.09581469907187
91.715,91.725,192.38648427144935
91.725,91.735,194.82132182130675
91.735,91.745,200.18175582378282
91.745,91.755,209.0832321613799
91.755,91.765,212.24162415171634
91.765,91.775,215.94957417799608
91.775,91.785,219.01439423492522
91.785,91.795,220.8217008115221
91.795,91.805,222.32679299121776
91.805,91.815,0.0
91.815,91.825,0.0
91.825,91.835,0.0
91.835,91.845,0.0
91.845,91.855,0.0
91.855,91.865,0.0
91.865,91.875,0.0
91.875,91.885,0.0
91.885,91.895,0.0
91.895,91.905,0.0
91.905,91.915,0.0
91.915,91.925,0.0
91.925,91.935,0.0
91.935,91.945,0.0
91.945,91.955,262.8164292881421
91.955,91.965,260.9046240876331
91.965,91.975,260.2584925296579
91.975,91.985,261.4359163194625
91.985,91.995,263.55125673367
91.995,92.005,265.2978523559873
92.005,92.015,265.983278012335
92.015,92.025,264.9376801192803
92.025,92.035,263.1906409581264
92.035,92.045,262.66739551286923
92.045,92.055,262.46815543013514
92.055,92.065,261.62725405799284
92.065,92.075,260.1767828536278
92.075,92.085,258.148835070148
92.085,92.095,256.1673898938772
92.095,92.105,254.52206805300366
92.105,92.115,252.92244406036986
92.115,92.125,251.0638687083626
92.125,92.135,248.68448877883927
92.135,92.145,245.90884939123634
92.145,92.155,243.01524376573576
92.155,92.165,237.50908276449448
92.165,92.175,227.34579911970428
92.175,92.185,225.76245587266274
92.185,92.195,218.37495455147027
92.195,92.205,208.70078454032077
92.205,92.215,206.5802890783984
92.215,92.225,205.37043644129287
92.225,92.235,0.0
92.235,92.245,0.0
92.245,92.255,0.0
92.255,92.265,0.0
92.265,92.275,0.0
92.275,92.285,0.0
92.285,92.295,0.0
92.295,92.305,0.0
92.305,92.315,0.0
92.315,92.325,180.34591387471957
92.325,92.335,181.9895146500579
92.335,92.345,182.54564596928168
92.345,92.355,182.82924876843626
92.355,92.365,182.88663619489998
92.365,92.375,182.52492312106517
92.375,92.385,181.5935498073792
92.385,92.395,0.0
92.395,92.405,0.0
92.405,92.415,0.0
92.415,92.425,0.0
92.425,92.435,0.0
92.435,92.445,0.0
92.445,92.455,0.0
92.455,92.465,167.74126389808646
92.465,92.475,168.98080183283201
92.475,92.485,170.6526125269178
92.485,92.495,171.99102723765725
92.495,92.505,172.54699386680954
92.505,92.515,172.5335698405106
92.515,92.525,171.7527581729081
92.525,92.535,169.28422773485778
92.535,92.545,0.0
92.545,92.555,0.0
92.555,92.565,0.0
92.565,92.575,169.60950928620508
92.575,92.585,176.58325045287648
92.585,92.595,179.52845540869194
92.595,92.605,180.01250870755266
92.605,92.615,179.72454206441537
92.615,92.625,178.7826299961432
92.625,92.635,177.7347905775261
92.635,92.645,176.7916276847972
92.645,92.655,175.41843539686352
92.655,92.665,0.0
92.665,92.675,0.0
92.675,92.685,0.0
92.685,92.695,0.0
92.695,92.705,0.0
92.705,92.715,0.0
92.715,92.725,0.0
92.725,92.735,0.0
92.735,92.745,0.0
92.745,92.755,0.0
92.755,92.765,0.0
92.765,92.775,0.0
92.775,92.785,166.62649552876505
92.785,92.795,169.628914160764
92.795,92.805,170.87735518794724
92.805,92.815,170.92270311048765
92.815,92.825,170.32208056694097
92.825,92.835,170.0753654165295
92.835,92.845,170.74683713341526
92.845,92.855,171.54042076961943
92.855,92.865,170.87488100977706
92.865,92.875,0.0
92.875,92.885,0.0
92.885,92.895,0.0
92.895,92.905,0.0
92.905,92.915,0.0
92.915,92.925,172.7882135450622
92.925,92.935,170.9579004227494
92.935,92.945,169.46996864640988
92.945,92.955,168.19814635783536
92.955,92.965,167.09373001013458
92.965,92.975,166.19400700108088
92.975,92.985,165.31198605397842
92.985,92.995,0.0
92.995,93.005,0.0
93.005,93.015,0.0
93.015,93.025,0.0
93.025,93.035,0.0
93.035,93.045,0.0
93.045,93.055,0.0
93.055,93.065,0.0
93.065,93.075,171.846914431556
93.075,93.085,174.26700457812794
93.085,93.095,174.89620002568915
93.095,93.105,174.4580848031364
93.105,93.115,173.161493182394
93.115,93.125,171.5617186451606
93.125,93.135,170.31673894300323
93.135,93.145,169.87909520897617
93.145,93.155,0.0
93.155,93.165,0.0
93.165,93.175,0.0
93.175,93.185,0.0
93.185,93.195,0.0
93.195,93.205,0.0
93.205,93.215,0.0
93.215,93.225,0.0
93.225,93.235,0.0
93.235,93.245,0.0
93.245,93.255,0.0
93.255,93.265,0.0
93.265,93.275,0.0
93.275,93.285,0.0
93.285,93.295,0.0
93.295,93.305,0.0
93.305,93.315,0.0
93.315,93.325,0.0
93.325,93.335,0.0
93.335,93.345,0.0
93.345,93.355,171.73962922369125
93.355,93.365,171.40292361329097
93.365,93.375,171.28251394073536
93.375,93.385,171.3731660938009
93.385,93.395,171.5022679552228
93.395,93.405,0.0
93.405,93.415,0.0
93.415,93.425,0.0
93.425,93.435,0.0
93.435,93.445,0.0
93.445,93.455,0.0
93.455,93.465,0.0
93.465,93.475,0.0
93.475,93.485,0.0
93.485,93.495,169.08773771358173
93.495,93.505,168.2521820134638
93.505,93.515,166.96471394720746
93.515,93.525,165.36291861451483
93.525,93.535,163.94576775696203
93.535,93.545,0.0
93.545,93.555,0.0
93.555,93.565,0.0
93.565,93.575,0.0
93.575,93.585,0.0
93.585,93.595,0.0
93.595,93.605,0.0
93.605,93.615,0.0
93.615,93.625,0.0
93.625,93.635,161.06111160152045
93.635,93.645,159.49714127452341
93.645,93.655,157.1036821912172
93.655,93.665,155.3611554541991
93.665,93.675,155.44376973642528
93.675,93.685,156.0381111088108
93.685,93.695,0.0
93.695,93.705,0.0
93.705,93.715,0.0
93.715,93.725,0.0
93.725,93.735,0.0
93.735,93.745,0.0
93.745,93.755,0.0
93.755,93.765,0.0
93.765,93.775,0.0
93.775,93.785,0.0
93.785,93.795,0.0
93.795,93.805,0.0
93.805,93.815,0.0
93.815,93.825,0.0
93.825,93.835,0.0
93.835,93.845,161.4532793045477
93.845,93.855,160.7765333894542
93.855,93.865,159.4632838037242
93.865,93.875,157.90894825042727
93.875,93.885,156.56505894463484
93.885,93.895,155.45920577396038
93.895,93.905,0.0
93.905,93.915,0.0
93.915,93.925,0.0
93.925,93.935,0.0
93.935,93.945,0.0
93.945,93.955,0.0
93.955,93.965,0.0
93.965,93.975,175.85790872136164
93.975,93.985,176.93752894197243
93.985,93.995,177.59671458343274
93.995,94.005,177.95553493742347
94.005,94.015,177.97359290764487
94.015,94.025,177.9182586229583
94.025,94.035,178.0905044932692
94.035,94.045,178.29728104429105
94.045,94.055,177.74023643979834
94.055,94.065,180.00115379751455
94.065,94.075,186.04602515673898
94.075,94.085,190.09921398905217
94.085,94.095,192.8755897434857
94.095,94.105,195.57253163187386
94.105,94.115,198.33456147650378
94.115,94.125,200.58529889171493
94.125,94.135,202.44511107016365
94.135,94.145,203.65021608657733
94.145,94.155,204.29190413861673
94.155,94.165,205.28298238964788
94.165,94.175,206.88193638259767
94.175,94.185,0.0
94.185,94.195,0.0
94.195,94.205,0.0
94.205,94.215,0.0
94.215,94.225,0.0
94.225,94.235,222.63599771303205
94.235,94.245,223.51165567807945
94.245,94.255,223.09936990925348
94.255,94.265,0.0
94.265,94.275,0.0
94.275,94.285,0.0
94.285,94.295,0.0
94.295,94.305,0.0
94.305,94.315,0.0
94.315,94.325,0.0
94.325,94.335,0.0
94.335,94.345,0.0
94.345,94.355,0.0
94.355,94.365,0.0
94.365,94.375,0.0
94.375,94.385,253.36847394716182
94.385,94.395,257.4095586921727
94.395,94.405,259.12759566819545
94.405,94.415,260.17380482623213
94.415,94.425,260.85700979032686
94.425,94.435,260.94898279060595
94.435,94.445,260.22337794707335
94.445,94.455,258.83511194958663
94.455,94.465,257.4787001326431
94.465,94.475,255.32907208677378
94.475,94.485,250.970936920932
94.485,94.495,247.93662602040595
94.495,94.505,245.09896541026293
94.505,94.515,240.42239198649463
94.515,94.525,236.69197080003877
94.525,94.535,233.66093631164063
94.535,94.545,230.26557120762405
94.545,94.555,226.60783561202663
94.555,94.565,223.8636683493982
94.565,94.575,219.70028151395783
94.575,94.585,215.97232893788404
94.585,94.595,212.4699615310153
94.595,94.605,209.73256411912314
94.605,94.615,207.25128506876942
94.615,94.625,203.5483565775801
94.625,94.635,199.70293385641068
94.635,94.645,198.45627656988296
94.645,94.655,197.4949274815892
94.655,94.665,0.0
94.665,94.675,0.0
94.675,94.685,0.0
94.685,94.695,0.0
94.695,94.705,0.0
94.705,94.715,0.0
94.715,94.725,180.4040546180151
94.725,94.735,178.87827220236292
94.735,94.745,177.11720798562013
94.745,94.755,175.36869229028372
94.755,94.765,174.05979268328727
94.765,94.775,172.405110802483
94.775,94.785,171.06243521063453
94.785,94.795,170.240180535488
94.795,94.805,0.0
94.805,94.815,0.0
94.815,94.825,0.0
94.825,94.835,0.0
94.835,94.845,0.0
94.845,94.855,0.0
94.855,94.865,0.0
94.865,94.875,0.0
94.875,94.885,0.0
94.885,94.895,0.0
94.895,94.905,0.0
94.905,94.915,0.0
94.915,94.925,0.0
94.925,94.935,0.0
94.935,94.945,0.0
94.945,94.955,0.0
94.955,94.965,0.0
94.965,94.975,0.0
94.975,94.985,0.0
94.985,94.995,0.0
94.995,95.005,0.0
95.005,95.015,0.0
95.015,95.025,173.03889215110019
95.025,95.035,174.8095163002295
95.035,95.045,177.38960080970315
95.045,95.055,181.34806020987966
95.055,95.065,184.86041449804463
95.065,95.075,186.18714031838442
95.075,95.085,186.44789659386723
95.085,95.095,0.0
95.095,95.105,0.0
95.105,95.115,0.0
95.115,95.125,0.0
95.125,95.135,0.0
95.135,95.145,0.0
95.145,95.155,0.0
95.155,95.165,0.0
95.165,95.175,0.0
95.175,95.185,0.0
95.185,95.195,0.0
95.195,95.205,0.0
95.205,95.215,0.0
95.215,95.225,0.0
95.225,95.235,0.0
95.235,95.245,0.0
95.245,95.255,0.0
95.255,95.265,0.0
95.265,95.275,0.0
95.275,95.285,246.35756095549442
95.285,95.295,244.228129775433
95.295,95.305,240.8547833208698
95.305,95.315,239.32748983557016
95.315,95.325,239.8942568791081
95.325,95.335,241.09024334987197
95.335,95.345,241.7608759308552
95.345,95.355,241.82660808939403
95.355,95.365,241.2796893671124
95.365,95.375,240.53041429653018
95.375,95.385,239.90338486359937
95.385,95.395,239.40169596273336
95.395,95.405,238.748004941976
95.405,95.415,237.52552867018215
95.415,95.425,235.5002070781211
95.425,95.435,233.30908962080423
95.435,95.445,231.06659374708443
95.445,95.455,228.14451359894576
95.455,95.465,225.52447946299935
95.465,95.475,223.71809608660283
95.475,95.485,222.1230427476831
95.485,95.495,220.010257635967
95.495,95.505,217.1468025760734
95.505,95.515,213.5832786956429
95.515,95.525,210.80965578350757
95.525,95.535,208.9199409753591
95.535,95.545,0.0
95.545,95.555,0.0
95.555,95.565,0.0
95.565,95.575,0.0
95.575,95.585,0.0
95.585,95.595,0.0
95.595,95.605,0.0
95.605,95.615,0.0
95.615,95.625,0.0
95.625,95.635,0.0
95.635,95.645,0.0
95.645,95.655,0.0
95.655,95.665,0.0
95.665,95.675,0.0
95.675,95.685,0.0
95.685,95.695,0.0
95.695,95.705,0.0
95.705,95.715,0.0
95.715,95.725,0.0
95.725,95.735,0.0
95.735,95.745,0.0
95.745,95.755,0.0
95.755,95.765,0.0
95.765,95.775,0.0
95.775,95.785,0.0
95.785,95.795,0.0
95.795,95.805,0.0
95.805,95.815,190.264288676885
95.815,95.825,187.00455622347846
95.825,95.835,183.28874317279744
95.835,95.845,179.72261649014692
95.845,95.855,176.77320192068433
95.855,95.865,175.33562275827705
95.865,95.875,174.6563943568641
95.875,95.885,173.19465256195693
95.885,95.895,171.58503162294983
95.895,95.905,170.82066502554144
95.905,95.915,170.64368545630327
95.915,95.925,170.4561402245707
95.925,95.935,169.69651079889252
95.935,95.945,168.49431503846003
95.945,95.955,167.43845332923058
95.955,95.965,166.80207984755341
95.965,95.975,166.50073425063016
95.975,95.985,166.27349983390587
95.985,95.995,166.06654590182592
95.995,96.005,166.10776709891837
96.005,96.015,166.44041589407664
96.015,96.025,166.5166746303124
96.025,96.035,165.8951915979554
96.035,96.045,164.64722538751366
96.045,96.055,162.86299814005855
96.055,96.065,160.90240163476003
96.065,96.075,159.27244305350035
96.075,96.085,157.92561129630872
96.085,96.095,157.22329783547605
96.095,96.105,157.11672175051584
96.105,96.115,157.27315476936158
96.115,96.125,157.41729625781863
96.125,96.135,156.84127812249363
96.135,96.145,155.23229622935762
96.145,96.155,0.0
96.155,96.165,0.0
96.165,96.175,0.0
96.175,96.185,0.0
96.185,96.195,0.0
96.195,96.205,0.0
96.205,96.215,0.0
96.215,96.225,0.0
96.225,96.235,0.0
96.235,96.245,0.0
96.245,96.255,0.0
96.255,96.265,0.0
96.265,96.275,0.0
96.275,96.285,0.0
96.285,96.295,0.0
96.295,96.305,0.0
96.305,96.315,0.0
96.315,96.325,0.0
96.325,96.335,0.0
96.335,96.345,0.0
96.345,96.355,0.0
96.355,96.365,0.0
96.365,96.375,0.0
96.375,96.385,0.0
96.385,96.395,0.0
96.395,96.405,0.0
96.405,96.415,0.0
96.415,96.425,0.0
96.425,96.435,0.0
96.435,96.445,0.0
96.445,96.455,0.0
96.455,96.465,0.0
96.465,96.475,0.0
96.475,96.485,0.0
96.485,96.495,0.0
96.495,96.505,0.0
96.505,96.515,0.0
96.515,96.525,0.0
96.525,96.535,0.0
96.535,96.545,0.0
96.545,96.555,0.0
96.555,96.565,0.0
96.565,96.575,0.0
96.575,96.585,0.0
96.585,96.595,0.0
96.595,96.605,0.0
96.605,96.615,0.0
96.615,96.625,0.0
96.625,96.635,0.0
96.635,96.645,0.0
96.645,96.655,0.0
96.655,96.665,0.0
96.665,96.675,0.0
96.675,96.685,0.0
96.685,96.695,0.0
96.695,96.705,0.0
96.705,96.715,0.0
96.715,96.725,0.0
96.725,96.735,0.0
96.735,96.745,0.0
96.745,96.755,0.0
96.755,96.765,0.0
96.765,96.775,0.0
96.775,96.785,0.0
96.785,96.795,162.226154222597
96.795,96.805,166.03990071565016
96.805,96.815,171.56969064656073
96.815,96.825,175.3060649159991
96.825,96.835,177.22678398171755
96.835,96.845,179.02620285097993
96.845,96.855,179.8747687845047
96.855,96.865,180.24651513809675
96.865,96.875,180.37230825462896
96.875,96.885,180.34946971261283
96.885,96.895,180.058979865091
96.895,96.905,179.33554654482361
96.905,96.915,178.61515081629014
96.915,96.925,178.50823359391148
96.925,96.935,178.77935766629
96.935,96.945,178.9955344462918
96.945,96.955,179.1167240790219
96.955,96.965,179.0746083224244
96.965,96.975,178.9223396858244
96.975,96.985,178.62712014963978
96.985,96.995,178.0921109064628
96.995,97.005,177.86736740529886
97.005,97.015,178.20949116121477
97.015,97.025,178.5952124287075
97.025,97.035,178.70737963254228
97.035,97.045,178.7659013345171
97.045,97.055,179.03243352148866
97.055,97.065,179.27364740650253
97.065,97.075,179.13150129718525
97.075,97.085,178.69956787018154
97.085,97.095,178.16972010981414
97.095,97.105,177.99253841356744
97.105,97.115,178.04258699260166
97.115,97.125,177.90188706986706
97.125,97.135,177.6741107190494
97.135,97.145,177.51926913284368
97.145,97.155,177.27886663338032
97.155,97.165,177.12752873282145
97.165,97.175,177.33953902949983
97.175,97.185,177.65812163364433
97.185,97.195,177.86442876374278
97.195,97.205,177.8818154709316
97.205,97.215,177.69727532293768
97.215,97.225,177.45511158695226
97.225,97.235,177.18276630692458
97.235,97.245,177.08310824050344
97.245,97.255,177.41445342910814
97.255,97.265,178.0068379786492
97.265,97.275,178.4779756443753
97.275,97.285,178.7636477212689
97.285,97.295,178.92415506972642
97.295,97.305,179.01765506914083
97.305,97.315,179.1316496715648
97.315,97.325,179.26754809363848
97.325,97.335,179.23803285705338
97.335,97.345,178.93382066144187
97.345,97.355,178.52355569913314
97.355,97.365,178.14012180037494
97.365,97.375,177.9761254737687
97.375,97.385,178.03617864967902
97.385,97.395,178.15794405827612
97.395,97.405,178.37715441576847
97.405,97.415,178.6600795519655
97.415,97.425,178.95446968429263
97.425,97.435,179.51505134936136
97.435,97.445,180.4844777712768
97.445,97.455,181.81635373519717
97.455,97.465,184.40056422093545
97.465,97.475,187.31907770867278
97.475,97.485,190.49675515893577
97.485,97.495,195.6366150579382
97.495,97.505,202.4538843074233
97.505,97.515,213.92069123655048
97.515,97.525,218.52390079203283
97.525,97.535,222.71000564529973
97.535,97.545,225.40045203861595
97.545,97.555,227.49212890165458
97.555,97.565,231.9399619306434
97.565,97.575,234.97127719091915
97.575,97.585,236.81760428155857
97.585,97.595,238.51837179152994
97.595,97.605,239.37517044588634
97.605,97.615,0.0
97.615,97.625,0.0
97.625,97.635,0.0
97.635,97.645,0.0
97.645,97.655,0.0
97.655,97.665,0.0
97.665,97.675,0.0
97.675,97.685,0.0
97.685,97.695,0.0
97.695,97.705,0.0
97.705,97.715,0.0
97.715,97.725,0.0
97.725,97.735,0.0
97.735,97.745,0.0
97.745,97.755,0.0
97.755,97.765,0.0
97.765,97.775,0.0
97.775,97.785,195.7646115373989
97.785,97.795,193.5028979030856
97.795,97.805,190.98418627839652
97.805,97.815,188.26940781084687
97.815,97.825,186.66106360936092
97.825,97.835,186.26930012800415
97.835,97.845,187.06582862668253
97.845,97.855,188.95138782487874
97.855,97.865,191.51913518578584
97.865,97.875,194.57827584913707
97.875,97.885,199.19949988929267
97.885,97.895,205.91072688382033
97.895,97.905,212.5047421417353
97.905,97.915,218.9534408816543
97.915,97.925,225.21534725147416
97.925,97.935,229.88377239803623
97.935,97.945,233.42012117276417
97.945,97.955,236.3225277566201
97.955,97.965,238.37140550917465
97.965,97.975,239.1687306832718
97.975,97.985,239.11295558775853
97.985,97.995,238.4850141599478
97.995,98.005,236.96434585861763
98.005,98.015,232.9908072129231
98.015,98.025,224.5602185364053
98.025,98.035,217.64473061429945
98.035,98.045,210.9854681960106
98.045,98.055,206.94310328280653
98.055,98.065,204.3431054798644
98.065,98.075,201.7331710985069
98.075,98.085,197.19488087664638
98.085,98.095,195.09635436358582
98.095,98.105,190.09978476785534
98.105,98.115,186.54153586589715
98.115,98.125,0.0
98.125,98.135,0.0
98.135,98.145,0.0
98.145,98.155,0.0
98.155,98.165,0.0
98.165,98.175,0.0
98.175,98.185,0.0
98.185,98.195,0.0
98.195,98.205,0.0
98.205,98.215,0.0
98.215,98.225,0.0
98.225,98.235,0.0
98.235,98.245,0.0
98.245,98.255,0.0
98.255,98.265,0.0
98.265,98.275,0.0
98.275,98.285,190.34283244963268
98.285,98.295,190.43402550322392
98.295,98.305,187.8998170415249
98.305,98.315,185.20731769290887
98.315,98.325,183.58230074248965
98.325,98.335,182.02191182419404
98.335,98.345,179.30940865712444
98.345,98.355,0.0
98.355,98.365,0.0
98.365,98.375,0.0
98.375,98.385,0.0
98.385,98.395,0.0
98.395,98.405,0.0
98.405,98.415,0.0
98.415,98.425,0.0
98.425,98.435,0.0
98.435,98.445,0.0
98.445,98.455,177.88427931536413
98.455,98.465,177.2133890081244
98.465,98.475,176.27964720251484
98.475,98.485,174.59249343225994
98.485,98.495,171.69802624633982
98.495,98.505,167.8108593351673
98.505,98.515,0.0
98.515,98.525,0.0
98.525,98.535,0.0
98.535,98.545,0.0
98.545,98.555,0.0
98.555,98.565,0.0
98.565,98.575,0.0
98.575,98.585,0.0
98.585,98.595,0.0
98.595,98.605,0.0
98.605,98.615,0.0
98.615,98.625,0.0
98.625,98.635,0.0
98.635,98.645,0.0
98.645,98.655,174.42592876671358
98.655,98.665,174.52730644931322
98.665,98.675,174.3897415353353
98.675,98.685,174.04308724574943
98.685,98.695,173.60514103741636
98.695,98.705,173.15804808555552
98.705,98.715,173.08744536778426
98.715,98.725,173.250201254655
98.725,98.735,173.47682740534162
98.735,98.745,173.56070456653742
98.745,98.755,173.3528761917375
98.755,98.765,173.03751029889094
98.765,98.775,172.78311272735155
98.775,98.785,172.52945111864437
98.785,98.795,172.1764601666036
98.795,98.805,171.81307512040473
98.805,98.815,171.69960259084627
98.815,98.825,171.69477829213906
98.825,98.835,171.4782754674655
98.835,98.845,170.9633165344596
98.845,98.855,170.50233753306483
98.855,98.865,170.32168063210545
98.865,98.875,170.31906282999665
98.875,98.885,170.39717418012557
98.885,98.895,170.28966212650397
98.895,98.905,169.87618611486565
98.905,98.915,169.27059454132723
98.915,98.925,168.525997059303
98.925,98.935,167.65256699837036
98.935,98.945,166.7744495566096
98.945,98.955,166.01865156394913
98.955,98.965,165.41858952392133
98.965,98.975,165.03136237793936
98.975,98.985,164.98046756705435
98.985,98.995,165.1266088321133
98.995,99.005,165.22630079278252
99.005,99.015,165.41409830226496
99.015,99.025,165.76136691691931
99.025,99.035,165.96791884012117
99.035,99.045,165.82195057862748
99.045,99.055,165.58088620656108
99.055,99.065,165.4483932117952
99.065,99.075,165.30896920190918
99.075,99.085,164.87974321837763
99.085,99.095,164.26521091695068
99.095,99.105,163.32786694239473
99.105,99.115,162.24695015745098
99.115,99.125,161.63464042303696
99.125,99.135,160.83138781813
99.135,99.145,159.61172308233063
99.145,99.155,158.6381670534292
99.155,99.165,0.0
99.165,99.175,0.0
99.175,99.185,0.0
99.185,99.195,0.0
99.195,99.205,0.0
99.205,99.215,0.0
99.215,99.225,0.0
99.225,99.235,0.0
99.235,99.245,0.0
99.245,99.255,0.0
99.255,99.265,0.0
99.265,99.275,0.0
99.275,99.285,0.0
99.285,99.295,0.0
99.295,99.305,0.0
99.305,99.315,0.0
99.315,99.325,0.0
99.325,99.335,0.0
99.335,99.345,0.0
99.345,99.355,0.0
99.355,99.365,0.0
99.365,99.375,0.0
99.375,99.385,0.0
99.385,99.395,0.0
99.395,99.405,0.0
99.405,99.415,0.0
99.415,99.425,0.0
99.425,99.435,0.0
99.435,99.445,0.0
99.445,99.455,0.0
99.455,99.465,0.0
99.465,99.475,0.0
99.475,99.485,0.0
99.485,99.495,0.0
99.495,99.505,0.0
99.505,99.515,0.0
99.515,99.525,0.0
99.525,99.535,0.0
99.535,99.545,0.0
99.545,99.555,0.0
99.555,99.565,0.0
99.565,99.575,0.0
99.575,99.585,0.0
99.585,99.595,0.0
99.595,99.605,0.0
99.605,99.615,0.0
99.615,99.625,0.0
99.625,99.635,0.0
99.635,99.645,0.0
99.645,99.655,0.0
99.655,99.665,0.0
99.665,99.675,0.0
99.675,99.685,0.0
99.685,99.695,0.0
99.695,99.705,0.0
99.705,99.715,0.0
99.715,99.725,0.0
99.725,99.735,0.0
99.735,99.745,0.0
99.745,99.755,0.0
99.755,99.765,0.0
99.765,99.775,0.0
99.775,99.785,0.0
99.785,99.795,0.0
99.795,99.805,0.0
99.805,99.815,0.0
99.815,99.825,0.0
99.825,99.835,0.0
99.835,99.845,0.0
99.845,99.855,0.0
99.855,99.865,0.0
99.865,99.875,0.0
99.875,99.885,0.0
99.885,99.895,0.0
99.895,99.905,0.0
99.905,99.915,0.0
99.915,99.925,0.0
99.925,99.935,0.0
99.935,99.945,0.0
99.945,99.955,0.0
99.955,99.965,0.0
99.965,99.975,0.0
99.975,99.985,0.0
99.985,99.995,0.0
99.995,100.005,0.0
100.005,100.015,0.0
100.015,100.025,0.0
100.025,100.035,0.0
100.035,100.045,0.0
100.045,100.055,0.0
100.055,100.065,0.0
100.065,100.075,0.0
100.075,100.085,0.0
100.085,100.095,0.0
100.095,100.105,0.0
100.105,100.115,0.0
100.115,100.125,0.0
100.125,100.135,0.0
100.135,100.145,0.0
100.145,100.155,0.0
100.155,100.165,0.0
100.165,100.175,0.0
100.175,100.185,0.0
100.185,100.195,0.0
100.195,100.205,0.0
100.205,100.215,0.0
100.215,100.225,0.0
100.225,100.235,0.0
100.235,100.245,0.0
100.245,100.255,0.0
100.255,100.265,0.0
100.265,100.275,0.0
100.275,100.285,0.0
100.285,100.295,0.0
100.295,100.305,0.0
100.305,100.315,0.0
100.315,100.325,0.0
100.325,100.335,0.0
100.335,100.345,0.0
100.345,100.355,0.0
100.355,100.365,0.0
100.365,100.375,0.0
100.375,100.385,0.0
100.385,100.395,0.0
100.395,100.405,0.0
100.405,100.415,0.0
100.415,100.425,0.0
100.425,100.435,0.0
100.435,100.445,0.0
100.445,100.455,0.0
100.455,100.465,0.0
100.465,100.475,0.0
100.475,100.485,0.0
100.485,100.495,0.0
100.495,100.505,0.0
100.505,100.515,0.0
100.515,100.525,0.0
100.525,100.535,0.0
100.535,100.545,0.0
100.545,100.555,0.0
100.555,100.565,0.0
100.565,100.575,0.0
100.575,100.585,0.0
100.585,100.595,0.0
100.595,100.605,0.0
100.605,100.615,0.0
100.615,100.625,0.0
100.625,100.635,0.0
100.635,100.645,0.0
100.645,100.655,0.0
100.655,100.665,0.0
100.665,100.675,0.0
100.675,100.685,0.0
100.685,100.695,0.0
100.695,100.705,0.0
100.705,100.715,0.0
100.715,100.725,0.0
100.725,100.735,0.0
100.735,100.745,0.0
100.745,100.755,0.0
100.755,100.765,0.0
100.765,100.775,0.0
100.775,100.785,0.0
100.785,100.795,0.0
100.795,100.805,0.0
100.805,100.815,0.0
100.815,100.825,0.0
100.825,100.835,0.0
100.835,100.845,0.0
100.845,100.855,0.0
100.855,100.865,0.0
100.865,100.875,0.0
100.875,100.885,0.0
100.885,100.895,0.0
100.895,100.905,0.0
100.905,100.915,0.0
100.915,100.925,0.0
100.925,100.935,0.0
100.935,100.945,0.0
100.945,100.955,0.0
100.955,100.965,0.0
100.965,100.975,0.0
100.975,100.985,0.0
100.985,100.995,0.0
100.995,101.005,0.0
101.005,101.015,0.0
101.015,101.025,0.0
101.025,101.035,0.0
101.035,101.045,0.0
101.045,101.055,204.0868592355121
101.055,101.065,203.61507547360085
101.065,101.075,202.6817999744648
101.075,101.085,200.73104593259632
101.085,101.095,196.8187279362092
101.095,101.105,194.19393899378906
101.105,101.115,0.0
101.115,101.125,0.0
101.125,101.135,0.0
101.135,101.145,0.0
101.145,101.155,0.0
101.155,101.165,0.0
101.165,101.175,0.0
101.175,101.185,0.0
101.185,101.195,0.0
101.195,101.205,207.1225660664301
101.205,101.215,205.79484170300913
101.215,101.225,203.65005398462134
101.225,101.235,201.53288615817885
101.235,101.245,200.06586488363675
101.245,101.255,198.8652207257699
101.255,101.265,197.58685389828455
101.265,101.275,196.310832161145
101.275,101.285,194.93861856714904
101.285,101.295,192.9890889599008
101.295,101.305,0.0
101.305,101.315,0.0
101.315,101.325,0.0
101.325,101.335,0.0
101.335,101.345,0.0
101.345,101.355,0.0
101.355,101.365,0.0
101.365,101.375,0.0
101.375,101.385,0.0
101.385,101.395,0.0
101.395,101.405,0.0
101.405,101.415,0.0
101.415,101.425,0.0
101.425,101.435,0.0
101.435,101.445,0.0
101.445,101.455,0.0
101.455,101.465,205.994894120399
101.465,101.475,205.53350396261436
101.475,101.485,204.62262520629048
101.485,101.495,204.2612897849455
101.495,101.505,204.7536417642385
101.505,101.515,205.09765239641882
101.515,101.525,204.80524933624568
101.525,101.535,204.03526713013736
101.535,101.545,0.0
101.545,101.555,0.0
101.555,101.565,0.0
101.565,101.575,0.0
101.575,101.585,0.0
101.585,101.595,0.0
101.595,101.605,0.0
101.605,101.615,0.0
101.615,101.625,214.95682016554966
101.625,101.635,215.379900098376
101.635,101.645,215.01004893350043
101.645,101.655,214.81053137255563
101.655,101.665,215.3963543219794
101.665,101.675,216.38645713430518
101.675,101.685,216.93419624044904
101.685,101.695,216.67206785942983
101.695,101.705,215.78762060802384
101.705,101.715,214.68634690918356
101.715,101.725,213.5420545037741
101.725,101.735,212.2240025022531
101.735,101.745,210.69080074106722
101.745,101.755,209.18549178317676
101.755,101.765,208.29851682209195
101.765,101.775,0.0
101.775,101.785,0.0
101.785,101.795,0.0
101.795,101.805,0.0
101.805,101.815,0.0
101.815,101.825,0.0
101.825,101.835,0.0
101.835,101.845,0.0
101.845,101.855,0.0
101.855,101.865,0.0
101.865,101.875,0.0
101.875,101.885,0.0
101.885,101.895,0.0
101.895,101.905,0.0
101.905,101.915,0.0
101.915,101.925,0.0
101.925,101.935,0.0
101.935,101.945,0.0
101.945,101.955,0.0
101.955,101.965,0.0
101.965,101.975,0.0
101.975,101.985,0.0
101.985,101.995,0.0
101.995,102.005,0.0
102.005,102.015,0.0
102.015,102.025,194.42694680860768
102.025,102.035,193.84465032777175
102.035,102.045,192.04931243272003
102.045,102.055,189.9589177035927
102.055,102.065,188.86605758027167
102.065,102.075,188.48730960331036
102.075,102.085,188.17637888733955
102.085,102.095,187.93502579549792
102.095,102.105,187.93738843681126
102.105,102.115,188.00439109380767
102.115,102.125,187.7665615411079
102.125,102.135,187.17408638404325
102.135,102.145,186.61140229265706
102.145,102.155,186.28434307012972
102.155,102.165,186.23628229087709
102.165,102.175,186.50735549159782
102.175,102.185,186.86826225692806
102.185,102.195,186.9841111666521
102.195,102.205,186.7660424854534
102.205,102.215,186.38325568167198
102.215,102.225,186.07686976120684
102.225,102.235,185.9818796595834
102.235,102.245,186.11314620573688
102.245,102.255,186.26621192200378
102.255,102.265,186.16441581326447
102.265,102.275,185.75269940596368
102.275,102.285,185.15623200739844
102.285,102.295,184.4370461458019
102.295,102.305,183.63496688864575
102.305,102.315,182.89666905806482
102.315,102.325,182.19910005301773
102.325,102.335,181.53055757738406
102.335,102.345,181.06879641856958
102.345,102.355,180.90472129316112
102.355,102.365,180.9441977151858
102.365,102.375,180.98854221968188
102.375,102.385,180.99840398290442
102.385,102.395,181.20619252040908
102.395,102.405,181.64952699256887
102.405,102.415,181.9554692860258
102.415,102.425,181.75940821781543
102.425,102.435,180.91718635085056
102.435,102.445,179.6257885116014
102.445,102.455,0.0
102.455,102.465,0.0
102.465,102.475,0.0
102.475,102.485,0.0
102.485,102.495,0.0
102.495,102.505,0.0
102.505,102.515,0.0
102.515,102.525,0.0
102.525,102.535,0.0
102.535,102.545,0.0
102.545,102.555,0.0
