Start_Time,End_Time,F0_Hz
0.025,0.035,0.0
0.035,0.045,0.0
0.045,0.055,0.0
0.055,0.065,0.0
0.065,0.075,0.0
0.075,0.085,0.0
0.085,0.095,0.0
0.095,0.105,0.0
0.105,0.115,0.0
0.115,0.125,0.0
0.125,0.135,0.0
0.135,0.145,0.0
0.145,0.155,0.0
0.155,0.165,0.0
0.165,0.175,0.0
0.175,0.185,0.0
0.185,0.195,0.0
0.195,0.205,0.0
0.205,0.215,0.0
0.215,0.225,0.0
0.225,0.235,0.0
0.235,0.245,0.0
0.245,0.255,0.0
0.255,0.265,174.093350089015
0.265,0.275,170.87787144813902
0.275,0.285,169.18871398905586
0.285,0.295,168.54554314777306
0.295,0.305,168.58759320237655
0.305,0.315,168.2694453607361
0.315,0.325,167.11024449077678
0.325,0.335,164.98691384638053
0.335,0.345,161.42256586094885
0.345,0.355,0.0
0.355,0.365,0.0
0.365,0.375,0.0
0.375,0.385,0.0
0.385,0.395,0.0
0.395,0.405,0.0
0.405,0.415,0.0
0.415,0.425,0.0
0.425,0.435,0.0
0.435,0.445,0.0
0.445,0.455,0.0
0.455,0.465,0.0
0.465,0.475,0.0
0.475,0.485,0.0
0.485,0.495,0.0
0.495,0.505,0.0
0.505,0.515,0.0
0.515,0.525,160.65995050430018
0.525,0.535,159.34908645633334
0.535,0.545,156.8218112600424
0.545,0.555,152.04299821801348
0.555,0.565,144.2517975841554
0.565,0.575,140.8761492851443
0.575,0.585,137.89522249870143
0.585,0.595,135.80821613191506
0.595,0.605,135.58943452191147
0.605,0.615,136.49723677292317
0.615,0.625,137.51854018559192
0.625,0.635,138.22974388724577
0.635,0.645,138.8955017395618
0.645,0.655,139.66733093272327
0.655,0.665,140.4587492073173
0.665,0.675,144.35108871316788
0.675,0.685,145.19317774625878
0.685,0.695,143.59479246769283
0.695,0.705,142.86491308579932
0.705,0.715,143.55910521257283
0.715,0.725,142.38249517519324
0.725,0.735,141.38141987331034
0.735,0.745,140.77283199040474
0.745,0.755,139.99614355440474
0.755,0.765,139.38307714148976
0.765,0.775,0.0
0.775,0.785,0.0
0.785,0.795,0.0
0.795,0.805,0.0
0.805,0.815,0.0
0.815,0.825,0.0
0.825,0.835,0.0
0.835,0.845,0.0
0.845,0.855,0.0
0.855,0.865,0.0
0.865,0.875,0.0
0.875,0.885,0.0
0.885,0.895,0.0
0.895,0.905,0.0
0.905,0.915,0.0
0.915,0.925,0.0
0.925,0.935,0.0
0.935,0.945,0.0
0.945,0.955,0.0
0.955,0.965,0.0
0.965,0.975,0.0
0.975,0.985,145.0676429249366
0.985,0.995,146.30442464237075
0.995,1.005,146.73719355509706
1.005,1.015,146.29301508216003
1.015,1.025,147.05484162564872
1.025,1.035,149.59121349309405
1.035,1.045,151.13268774179926
1.045,1.055,154.86763400738585
1.055,1.065,161.26346484040178
1.065,1.075,167.24089973504886
1.075,1.085,174.11611543107708
1.085,1.095,186.47012865528697
1.095,1.105,191.2992105564417
1.105,1.115,0.0
1.115,1.125,0.0
1.125,1.135,0.0
1.135,1.145,0.0
1.145,1.155,0.0
1.155,1.165,0.0
1.165,1.175,264.5045625911913
1.175,1.185,267.9518763308465
1.185,1.195,269.09542538628847
1.195,1.205,0.0
1.205,1.215,0.0
1.215,1.225,0.0
1.225,1.235,0.0
1.235,1.245,0.0
1.245,1.255,0.0
1.255,1.265,0.0
1.265,1.275,0.0
1.275,1.285,0.0
1.285,1.295,0.0
1.295,1.305,0.0
1.305,1.315,0.0
1.315,1.325,0.0
1.325,1.335,0.0
1.335,1.345,0.0
1.345,1.355,0.0
1.355,1.365,0.0
1.365,1.375,0.0
1.375,1.385,0.0
1.385,1.395,0.0
1.395,1.405,334.4549320030521
1.405,1.415,325.539850493555
1.415,1.425,308.98439978295977
1.425,1.435,298.7162674990079
1.435,1.445,0.0
1.445,1.455,0.0
1.455,1.465,0.0
1.465,1.475,0.0
1.475,1.485,0.0
1.485,1.495,0.0
1.495,1.505,0.0
1.505,1.515,0.0
1.515,1.525,161.56123864419126
1.525,1.535,159.12890405173601
1.535,1.545,157.23893303889213
1.545,1.555,155.33136718588963
1.555,1.565,0.0
1.565,1.575,0.0
1.575,1.585,0.0
1.585,1.595,0.0
1.595,1.605,150.96587281073968
1.605,1.615,150.61794367772586
1.615,1.625,150.3296289053956
1.625,1.635,150.08737104975665
1.635,1.645,149.85105664081564
1.645,1.655,149.78330907981885
1.655,1.665,149.9274728693205
1.665,1.675,150.25932374850802
1.675,1.685,0.0
1.685,1.695,0.0
1.695,1.705,0.0
1.705,1.715,0.0
1.715,1.725,0.0
1.725,1.735,0.0
1.735,1.745,0.0
1.745,1.755,0.0
1.755,1.765,0.0
1.765,1.775,0.0
1.775,1.785,0.0
1.785,1.795,0.0
1.795,1.805,0.0
1.805,1.815,0.0
1.815,1.825,0.0
1.825,1.835,0.0
1.835,1.845,0.0
1.845,1.855,0.0
1.855,1.865,0.0
1.865,1.875,0.0
1.875,1.885,0.0
1.885,1.895,0.0
1.895,1.905,0.0
1.905,1.915,0.0
1.915,1.925,0.0
1.925,1.935,0.0
1.935,1.945,0.0
1.945,1.955,0.0
1.955,1.965,0.0
1.965,1.975,0.0
1.975,1.985,0.0
1.985,1.995,0.0
1.995,2.005,0.0
2.005,2.015,0.0
2.015,2.025,0.0
2.025,2.035,0.0
2.035,2.045,0.0
2.045,2.055,0.0
2.055,2.065,0.0
2.065,2.075,0.0
2.075,2.085,0.0
2.085,2.095,0.0
2.095,2.105,0.0
2.105,2.115,0.0
2.115,2.125,0.0
2.125,2.135,0.0
2.135,2.145,0.0
2.145,2.155,0.0
2.155,2.165,0.0
2.165,2.175,0.0
2.175,2.185,0.0
2.185,2.195,0.0
2.195,2.205,0.0
2.205,2.215,0.0
2.215,2.225,0.0
2.225,2.235,0.0
2.235,2.245,0.0
2.245,2.255,0.0
2.255,2.265,0.0
2.265,2.275,0.0
2.275,2.285,0.0
2.285,2.295,0.0
2.295,2.305,0.0
2.305,2.315,416.03548789093526
2.315,2.325,413.4488361262424
2.325,2.335,409.1824394448473
2.335,2.345,408.64728541171235
2.345,2.355,205.76954182490454
2.355,2.365,207.23656375407344
2.365,2.375,208.40019136124823
2.375,2.385,208.71409385856688
2.385,2.395,208.45982542184947
2.395,2.405,208.04630999957064
2.405,2.415,207.62586880991282
2.415,2.425,207.2015118082338
2.425,2.435,206.74032304848487
2.435,2.445,206.20422899659764
2.445,2.455,205.50378533624334
2.455,2.465,204.5268930690534
2.465,2.475,203.20685911374323
2.475,2.485,201.71183012130368
2.485,2.495,200.91281267170285
2.495,2.505,200.84800173894806
2.505,2.515,200.794402107753
2.515,2.525,200.40405907358934
2.525,2.535,199.7077264243144
2.535,2.545,198.78348750831722
2.545,2.555,197.82647252707008
2.555,2.565,197.0926067704328
2.565,2.575,196.64318593477424
2.575,2.585,196.35061764025676
2.585,2.595,196.08604163109416
2.595,2.605,195.7693378271592
2.605,2.615,195.27360125137707
2.615,2.625,194.67887225431468
2.625,2.635,193.90072654516607
2.635,2.645,193.11995089638447
2.645,2.655,192.63608304321502
2.655,2.665,192.3305829839465
2.665,2.675,192.00033538919445
2.675,2.685,191.65567705688102
2.685,2.695,191.46969632482183
2.695,2.705,191.3190499166021
2.705,2.715,191.24912077528242
2.715,2.725,191.5084235723655
2.725,2.735,191.84458361095577
2.735,2.745,191.96322307896148
2.745,2.755,192.12995163281647
2.755,2.765,192.40360159395902
2.765,2.775,192.67737649559186
2.775,2.785,192.9405916018634
2.785,2.795,192.89912841667538
2.795,2.805,192.46047281637922
2.805,2.815,191.8023243291427
2.815,2.825,191.03717525451606
2.825,2.835,190.55231881324363
2.835,2.845,190.3709390782793
2.845,2.855,189.94722769425567
2.855,2.865,189.3315063949389
2.865,2.875,188.67792305300662
2.875,2.885,188.06805167865443
2.885,2.895,187.5426132398482
2.895,2.905,186.96213958638333
2.905,2.915,186.5310147194763
2.915,2.925,186.387911126876
2.925,2.935,186.51667572863954
2.935,2.945,186.75557241434123
2.945,2.955,186.73641999087792
2.955,2.965,186.82026296985805
2.965,2.975,187.16801587770206
2.975,2.985,187.52114769963922
2.985,2.995,187.94845252136463
2.995,3.005,188.46800935951342
3.005,3.015,188.53564265233877
3.015,3.025,188.302158983107
3.025,3.035,188.11317996063528
3.035,3.045,187.7006182135059
3.045,3.055,187.1554913577115
3.055,3.065,186.4143816508953
3.065,3.075,185.6284505605908
3.075,3.085,185.08735121189204
3.085,3.095,184.87000646286427
3.095,3.105,184.8354958638708
3.105,3.115,184.98076236333722
3.115,3.125,185.51133175455595
3.125,3.135,186.3373191623031
3.135,3.145,186.99802375360022
3.145,3.155,186.98690632571692
3.155,3.165,186.3217117463917
3.165,3.175,185.34022414586724
3.175,3.185,0.0
3.185,3.195,0.0
3.195,3.205,0.0
3.205,3.215,0.0
3.215,3.225,0.0
3.225,3.235,0.0
3.235,3.245,0.0
3.245,3.255,0.0
3.255,3.265,0.0
3.265,3.275,215.16090931295994
3.275,3.285,220.33675497603699
3.285,3.295,221.40842516003644
3.295,3.305,218.97367290600076
3.305,3.315,209.18481455876406
3.315,3.325,200.51066917481552
3.325,3.335,193.6222003322673
3.335,3.345,187.48592127256586
3.345,3.355,181.37015137589387
3.355,3.365,173.02849854247185
3.365,3.375,167.15048609390317
3.375,3.385,162.4690862373497
3.385,3.395,157.0810135077278
3.395,3.405,152.75697700802198
3.405,3.415,148.70719441437788
3.415,3.425,146.11566666780536
3.425,3.435,144.82717880125628
3.435,3.445,144.74029170048274
3.445,3.455,145.6758914801259
3.455,3.465,146.8526183904273
3.465,3.475,148.43100192954353
3.475,3.485,149.62041847635209
3.485,3.495,148.5195389583936
3.495,3.505,146.30750093476937
3.505,3.515,143.92071336915902
3.515,3.525,0.0
3.525,3.535,0.0
3.535,3.545,0.0
3.545,3.555,0.0
3.555,3.565,0.0
3.565,3.575,0.0
3.575,3.585,0.0
3.585,3.595,0.0
3.595,3.605,0.0
3.605,3.615,0.0
3.615,3.625,0.0
3.625,3.635,0.0
3.635,3.645,0.0
3.645,3.655,0.0
3.655,3.665,0.0
3.665,3.675,0.0
3.675,3.685,0.0
3.685,3.695,0.0
3.695,3.705,0.0
3.705,3.715,0.0
3.715,3.725,157.75908050652163
3.725,3.735,158.37843268057534
3.735,3.745,158.14770416457026
3.745,3.755,157.75813265710298
3.755,3.765,157.28879120442033
3.765,3.775,156.90758819241503
3.775,3.785,156.98654434729397
3.785,3.795,157.5167397765551
3.795,3.805,158.29834390671454
3.805,3.815,159.3098081019035
3.815,3.825,160.15939905502972
3.825,3.835,160.16144495422014
3.835,3.845,0.0
3.845,3.855,0.0
3.855,3.865,0.0
3.865,3.875,0.0
3.875,3.885,0.0
3.885,3.895,0.0
3.895,3.905,0.0
3.905,3.915,190.95412403921014
3.915,3.925,189.05275712788588
3.925,3.935,187.72811743383795
3.935,3.945,187.0603234173626
3.945,3.955,186.92733366984848
3.955,3.965,186.63442328455076
3.965,3.975,185.7165162071762
3.975,3.985,0.0
3.985,3.995,0.0
3.995,4.005,0.0
4.005,4.015,0.0
4.015,4.025,0.0
4.025,4.035,0.0
4.035,4.045,0.0
4.045,4.055,0.0
4.055,4.065,0.0
4.065,4.075,260.26349830521826
4.075,4.085,264.63105201846105
4.085,4.095,267.9487066199286
4.095,4.105,269.64104906555315
4.105,4.115,269.8852333299199
4.115,4.125,269.40410583228163
4.125,4.135,268.54740817211024
4.135,4.145,267.0454110049586
4.145,4.155,263.9769513961922
4.155,4.165,257.89295705424064
4.165,4.175,250.02303630791565
4.175,4.185,245.29896568216975
4.185,4.195,240.29875972720268
4.195,4.205,232.55560861779426
4.205,4.215,225.8063601714978
4.215,4.225,219.1365857819146
4.225,4.235,211.62273993425637
4.235,4.245,203.09066341550454
4.245,4.255,198.26567331898173
4.255,4.265,195.4551777907463
4.265,4.275,193.28170597100095
4.275,4.285,190.91780983468723
4.285,4.295,188.72550216891173
4.295,4.305,187.28017905088362
4.305,4.315,186.86346728435
4.315,4.325,186.727412613211
4.325,4.335,186.067296971465
4.335,4.345,184.5041108517014
4.345,4.355,183.37690661211815
4.355,4.365,183.1133949112041
4.365,4.375,182.5110854049556
4.375,4.385,181.1236508207092
4.385,4.395,179.33106594315845
4.395,4.405,177.54197362870104
4.405,4.415,175.6283138153026
4.415,4.425,173.74710813835983
4.425,4.435,172.29713442036794
4.435,4.445,171.16478422174012
4.445,4.455,0.0
4.455,4.465,0.0
4.465,4.475,0.0
4.475,4.485,174.46477377853682
4.485,4.495,174.67995794004213
4.495,4.505,174.70427092947537
4.505,4.515,174.2469814107399
4.515,4.525,173.65823512361422
4.525,4.535,173.07541202916372
4.535,4.545,172.0408936858383
4.545,4.555,170.49862399968242
4.555,4.565,169.11099091507398
4.565,4.575,168.38168020357256
4.575,4.585,168.0803597862828
4.585,4.595,167.93362377864338
4.595,4.605,168.11405501550894
4.605,4.615,168.48732358479285
4.615,4.625,168.71975036245675
4.625,4.635,168.78002434545667
4.635,4.645,168.81065892016846
4.645,4.655,168.9202295236558
4.655,4.665,168.78302101644096
4.665,4.675,168.24810628248537
4.675,4.685,167.76917570457027
4.685,4.695,167.45036246174968
4.695,4.705,167.03703515336747
4.705,4.715,166.54153238840172
4.715,4.725,166.08739330395287
4.725,4.735,165.4428092341895
4.735,4.745,163.86361283688876
4.745,4.755,0.0
4.755,4.765,0.0
4.765,4.775,0.0
4.775,4.785,168.3606273807279
4.785,4.795,168.75977209520437
4.795,4.805,167.39169964213897
4.805,4.815,165.9658891553461
4.815,4.825,165.1385191857819
4.825,4.835,163.86691234110228
4.835,4.845,161.40594800140872
4.845,4.855,158.9136733588092
4.855,4.865,0.0
4.865,4.875,0.0
4.875,4.885,0.0
4.885,4.895,0.0
4.895,4.905,174.40731638310777
4.905,4.915,175.54574602469927
4.915,4.925,175.809447589333
4.925,4.935,177.23993004021804
4.935,4.945,177.90264301335895
4.945,4.955,176.3770744009238
4.955,4.965,173.70167814566696
4.965,4.975,172.2046532869254
4.975,4.985,172.69384343381125
4.985,4.995,174.8634511899693
4.995,5.005,178.56748149162743
5.005,5.015,183.31971599012732
5.015,5.025,192.59987510033704
5.025,5.035,197.45472344009036
5.035,5.045,199.4029571425878
5.045,5.055,200.8478632827609
5.055,5.065,202.18627993387955
5.065,5.075,202.92453132436395
5.075,5.085,202.74449783031397
5.085,5.095,0.0
5.095,5.105,0.0
5.105,5.115,0.0
5.115,5.125,0.0
5.125,5.135,0.0
5.135,5.145,0.0
5.145,5.155,0.0
5.155,5.165,184.90605123675203
5.165,5.175,187.20897477920425
5.175,5.185,189.2946106334938
5.185,5.195,191.06718305113287
5.195,5.205,192.37260119482508
5.205,5.215,0.0
5.215,5.225,0.0
5.225,5.235,0.0
5.235,5.245,0.0
5.245,5.255,0.0
5.255,5.265,0.0
5.265,5.275,0.0
5.275,5.285,0.0
5.285,5.295,0.0
5.295,5.305,0.0
5.305,5.315,0.0
5.315,5.325,168.501029919819
5.325,5.335,167.66546368012405
5.335,5.345,165.55666383457176
5.345,5.355,163.14806453660202
5.355,5.365,0.0
5.365,5.375,0.0
5.375,5.385,0.0
5.385,5.395,0.0
5.395,5.405,0.0
5.405,5.415,0.0
5.415,5.425,0.0
5.425,5.435,0.0
5.435,5.445,0.0
5.445,5.455,0.0
5.455,5.465,0.0
5.465,5.475,0.0
5.475,5.485,0.0
5.485,5.495,0.0
5.495,5.505,0.0
5.505,5.515,0.0
5.515,5.525,0.0
5.525,5.535,0.0
5.535,5.545,0.0
5.545,5.555,0.0
5.555,5.565,0.0
5.565,5.575,0.0
5.575,5.585,0.0
5.585,5.595,0.0
5.595,5.605,0.0
5.605,5.615,0.0
5.615,5.625,0.0
5.625,5.635,0.0
5.635,5.645,0.0
5.645,5.655,0.0
5.655,5.665,0.0
5.665,5.675,0.0
5.675,5.685,0.0
5.685,5.695,0.0
5.695,5.705,0.0
5.705,5.715,0.0
5.715,5.725,0.0
5.725,5.735,0.0
5.735,5.745,0.0
5.745,5.755,0.0
5.755,5.765,0.0
5.765,5.775,0.0
5.775,5.785,203.64986567895824
5.785,5.795,211.48782532214517
5.795,5.805,225.9989905651906
5.805,5.815,231.7709512450976
5.815,5.825,236.66649932625293
5.825,5.835,240.731662079553
5.835,5.845,246.82519046042083
5.845,5.855,251.35607291311615
5.855,5.865,253.99632902603093
5.865,5.875,0.0
5.875,5.885,0.0
5.885,5.895,0.0
5.895,5.905,0.0
5.905,5.915,0.0
5.915,5.925,0.0
5.925,5.935,0.0
5.935,5.945,0.0
5.945,5.955,0.0
5.955,5.965,0.0
5.965,5.975,0.0
5.975,5.985,0.0
5.985,5.995,0.0
5.995,6.005,0.0
6.005,6.015,0.0
6.015,6.025,0.0
6.025,6.035,0.0
6.035,6.045,0.0
6.045,6.055,0.0
6.055,6.065,0.0
6.065,6.075,0.0
6.075,6.085,0.0
6.085,6.095,0.0
6.095,6.105,0.0
6.105,6.115,0.0
6.115,6.125,0.0
6.125,6.135,0.0
6.135,6.145,0.0
6.145,6.155,0.0
6.155,6.165,0.0
6.165,6.175,0.0
6.175,6.185,0.0
6.185,6.195,0.0
6.195,6.205,0.0
6.205,6.215,0.0
6.215,6.225,0.0
6.225,6.235,0.0
6.235,6.245,0.0
6.245,6.255,0.0
6.255,6.265,0.0
6.265,6.275,0.0
6.275,6.285,0.0
6.285,6.295,0.0
6.295,6.305,0.0
6.305,6.315,0.0
6.315,6.325,0.0
6.325,6.335,0.0
6.335,6.345,0.0
6.345,6.355,0.0
6.355,6.365,0.0
6.365,6.375,0.0
6.375,6.385,0.0
6.385,6.395,0.0
6.395,6.405,0.0
6.405,6.415,0.0
6.415,6.425,0.0
6.425,6.435,0.0
6.435,6.445,0.0
6.445,6.455,0.0
6.455,6.465,155.98548242600177
6.465,6.475,154.5240971915193
6.475,6.485,154.59396281112956
6.485,6.495,155.726584518279
6.495,6.505,157.01450593339743
6.505,6.515,158.3646762508358
6.515,6.525,159.43926497274649
6.525,6.535,159.67789255179835
6.535,6.545,159.2788476827674
6.545,6.555,158.80063165386892
6.555,6.565,158.75729874373872
6.565,6.575,159.1726791809269
6.575,6.585,159.2599349345631
6.585,6.595,158.05552387119585
6.595,6.605,156.55554939217473
6.605,6.615,155.49398971312607
6.615,6.625,154.5910758730197
6.625,6.635,153.88043589620764
6.635,6.645,153.62057093057854
6.645,6.655,154.33464608899172
6.655,6.665,0.0
6.665,6.675,0.0
6.675,6.685,185.39570088509888
6.685,6.695,192.73631290402693
6.695,6.705,197.41000471987545
6.705,6.715,200.78811873138258
6.715,6.725,204.2125565668061
6.725,6.735,208.7245641155574
6.735,6.745,214.19485153015233
6.745,6.755,219.19661913199894
6.755,6.765,223.58631403373852
6.765,6.775,226.08674305117617
6.775,6.785,0.0
6.785,6.795,0.0
6.795,6.805,0.0
6.805,6.815,0.0
6.815,6.825,0.0
6.825,6.835,0.0
6.835,6.845,0.0
6.845,6.855,0.0
6.855,6.865,0.0
6.865,6.875,0.0
6.875,6.885,0.0
6.885,6.895,0.0
6.895,6.905,0.0
6.905,6.915,0.0
6.915,6.925,0.0
6.925,6.935,0.0
6.935,6.945,0.0
6.945,6.955,0.0
6.955,6.965,0.0
6.965,6.975,0.0
6.975,6.985,0.0
6.985,6.995,0.0
6.995,7.005,0.0
7.005,7.015,0.0
7.015,7.025,0.0
7.025,7.035,0.0
7.035,7.045,0.0
7.045,7.055,0.0
7.055,7.065,189.9442103200869
7.065,7.075,190.4552899630586
7.075,7.085,190.19164695259718
7.085,7.095,189.68388336756576
7.095,7.105,189.35581051146636
7.105,7.115,189.23610958685236
7.115,7.125,0.0
7.125,7.135,0.0
7.135,7.145,0.0
7.145,7.155,0.0
7.155,7.165,176.3819232265475
7.165,7.175,176.87124803284405
7.175,7.185,176.20183569173437
7.185,7.195,175.02886638912412
7.195,7.205,169.51009948215622
7.205,7.215,162.85523322383358
7.215,7.225,161.4339913637831
7.225,7.235,158.21508015984918
7.235,7.245,153.52552625680465
7.245,7.255,149.0995189161309
7.255,7.265,146.62783876090947
7.265,7.275,144.9691570380539
7.275,7.285,143.41950575556962
7.285,7.295,141.48811138191937
7.295,7.305,139.26133609736772
7.305,7.315,137.59017052328173
7.315,7.325,136.79819638480004
7.325,7.335,136.28123210639234
7.335,7.345,0.0
7.345,7.355,0.0
7.355,7.365,0.0
7.365,7.375,0.0
7.375,7.385,0.0
7.385,7.395,0.0
7.395,7.405,0.0
7.405,7.415,0.0
7.415,7.425,0.0
7.425,7.435,0.0
7.435,7.445,0.0
7.445,7.455,0.0
7.455,7.465,0.0
7.465,7.475,0.0
7.475,7.485,0.0
7.485,7.495,0.0
7.495,7.505,0.0
7.505,7.515,0.0
7.515,7.525,0.0
7.525,7.535,145.72008753034683
7.535,7.545,147.7666440105101
7.545,7.555,149.01702753215548
7.555,7.565,149.7666694585468
7.565,7.575,150.598152470951
7.575,7.585,151.82964207066834
7.585,7.595,154.1766819314489
7.595,7.605,157.23115480195747
7.605,7.615,162.78510782650432
7.615,7.625,169.58781689858225
7.625,7.635,174.45402621313983
7.635,7.645,180.63871348149576
7.645,7.655,186.83167397758893
7.655,7.665,194.43010932878306
7.665,7.675,205.70187443325716
7.675,7.685,208.88826754650515
7.685,7.695,209.12475032794518
7.695,7.705,210.3436955538148
7.705,7.715,211.76485336713526
7.715,7.725,212.85497836795358
7.725,7.735,212.8359986689592
7.735,7.745,210.4845026098889
7.745,7.755,204.33583575259834
7.755,7.765,196.29666274672394
7.765,7.775,194.2672575006021
7.775,7.785,192.70316559569923
7.785,7.795,189.47139597556273
7.795,7.805,183.8586184011158
7.805,7.815,0.0
7.815,7.825,169.10282563716882
7.825,7.835,168.08532912900964
7.835,7.845,165.2583917348769
7.845,7.855,161.25536999528296
7.855,7.865,157.8127644426221
7.865,7.875,155.2469347025432
7.875,7.885,153.4408855573775
7.885,7.895,152.7802509201752
7.895,7.905,155.3978813832486
7.905,7.915,157.4839928912494
7.915,7.925,158.32539207144424
7.925,7.935,158.90057437118878
7.935,7.945,158.8137406168742
7.945,7.955,0.0
7.955,7.965,0.0
7.965,7.975,0.0
7.975,7.985,0.0
7.985,7.995,0.0
7.995,8.005,0.0
8.005,8.015,0.0
8.015,8.025,0.0
8.025,8.035,0.0
8.035,8.045,0.0
8.045,8.055,0.0
8.055,8.065,0.0
8.065,8.075,0.0
8.075,8.085,0.0
8.085,8.095,0.0
8.095,8.105,0.0
8.105,8.115,0.0
8.115,8.125,0.0
8.125,8.135,0.0
8.135,8.145,0.0
8.145,8.155,0.0
8.155,8.165,0.0
8.165,8.175,0.0
8.175,8.185,0.0
8.185,8.195,0.0
8.195,8.205,0.0
8.205,8.215,0.0
8.215,8.225,0.0
8.225,8.235,0.0
8.235,8.245,0.0
8.245,8.255,0.0
8.255,8.265,0.0
8.265,8.275,0.0
8.275,8.285,0.0
8.285,8.295,0.0
8.295,8.305,0.0
8.305,8.315,0.0
8.315,8.325,0.0
8.325,8.335,0.0
8.335,8.345,0.0
8.345,8.355,0.0
8.355,8.365,0.0
8.365,8.375,0.0
8.375,8.385,172.91221853690365
8.385,8.395,174.677299256451
8.395,8.405,170.52044182144138
8.405,8.415,163.35233814854354
8.415,8.425,158.8538355409742
8.425,8.435,156.6011137909891
8.435,8.445,156.08434414821465
8.445,8.455,156.69829302182595
8.455,8.465,157.70393553027392
8.465,8.475,158.41835407656646
8.475,8.485,158.44222288607742
8.485,8.495,158.21241412171085
8.495,8.505,157.91990362212934
8.505,8.515,157.45555947682442
8.515,8.525,156.80692724220575
8.525,8.535,0.0
8.535,8.545,0.0
8.545,8.555,0.0
8.555,8.565,0.0
8.565,8.575,0.0
8.575,8.585,0.0
8.585,8.595,0.0
8.595,8.605,0.0
8.605,8.615,0.0
8.615,8.625,0.0
8.625,8.635,0.0
8.635,8.645,0.0
8.645,8.655,0.0
8.655,8.665,0.0
8.665,8.675,0.0
8.675,8.685,0.0
8.685,8.695,0.0
8.695,8.705,0.0
8.705,8.715,0.0
8.715,8.725,0.0
8.725,8.735,0.0
8.735,8.745,0.0
8.745,8.755,0.0
8.755,8.765,0.0
8.765,8.775,0.0
8.775,8.785,0.0
8.785,8.795,0.0
8.795,8.805,0.0
8.805,8.815,0.0
8.815,8.825,0.0
8.825,8.835,0.0
8.835,8.845,0.0
8.845,8.855,0.0
8.855,8.865,0.0
8.865,8.875,0.0
8.875,8.885,0.0
8.885,8.895,0.0
8.895,8.905,0.0
8.905,8.915,0.0
8.915,8.925,0.0
8.925,8.935,0.0
8.935,8.945,0.0
8.945,8.955,0.0
8.955,8.965,0.0
8.965,8.975,0.0
8.975,8.985,0.0
8.985,8.995,146.37999231378353
8.995,9.005,145.2046109333476
9.005,9.015,144.33188650754053
9.015,9.025,143.83351548866858
9.025,9.035,0.0
9.035,9.045,0.0
9.045,9.055,0.0
9.055,9.065,0.0
9.065,9.075,0.0
9.075,9.085,0.0
9.085,9.095,0.0
9.095,9.105,0.0
9.105,9.115,0.0
9.115,9.125,0.0
9.125,9.135,0.0
9.135,9.145,0.0
9.145,9.155,0.0
9.155,9.165,0.0
9.165,9.175,0.0
9.175,9.185,0.0
9.185,9.195,0.0
9.195,9.205,0.0
9.205,9.215,0.0
9.215,9.225,0.0
9.225,9.235,0.0
9.235,9.245,0.0
9.245,9.255,0.0
9.255,9.265,0.0
9.265,9.275,0.0
9.275,9.285,0.0
9.285,9.295,0.0
9.295,9.305,0.0
9.305,9.315,0.0
9.315,9.325,0.0
9.325,9.335,0.0
9.335,9.345,0.0
9.345,9.355,0.0
9.355,9.365,0.0
9.365,9.375,0.0
9.375,9.385,0.0
9.385,9.395,0.0
9.395,9.405,0.0
9.405,9.415,0.0
9.415,9.425,0.0
9.425,9.435,0.0
9.435,9.445,0.0
9.445,9.455,0.0
9.455,9.465,0.0
9.465,9.475,0.0
9.475,9.485,0.0
9.485,9.495,0.0
9.495,9.505,0.0
9.505,9.515,0.0
9.515,9.525,0.0
9.525,9.535,0.0
9.535,9.545,0.0
9.545,9.555,0.0
9.555,9.565,0.0
9.565,9.575,0.0
9.575,9.585,0.0
9.585,9.595,0.0
9.595,9.605,0.0
9.605,9.615,0.0
9.615,9.625,0.0
9.625,9.635,0.0
9.635,9.645,0.0
9.645,9.655,0.0
9.655,9.665,0.0
9.665,9.675,0.0
9.675,9.685,0.0
9.685,9.695,0.0
9.695,9.705,0.0
9.705,9.715,0.0
9.715,9.725,0.0
9.725,9.735,0.0
9.735,9.745,0.0
9.745,9.755,0.0
9.755,9.765,0.0
9.765,9.775,0.0
9.775,9.785,0.0
9.785,9.795,0.0
9.795,9.805,0.0
9.805,9.815,0.0
9.815,9.825,0.0
9.825,9.835,0.0
9.835,9.845,0.0
9.845,9.855,0.0
9.855,9.865,0.0
9.865,9.875,0.0
9.875,9.885,0.0
9.885,9.895,0.0
9.895,9.905,0.0
9.905,9.915,0.0
9.915,9.925,0.0
9.925,9.935,0.0
9.935,9.945,0.0
9.945,9.955,0.0
9.955,9.965,0.0
9.965,9.975,0.0
9.975,9.985,0.0
9.985,9.995,0.0
9.995,10.005,0.0
10.005,10.015,0.0
10.015,10.025,0.0
10.025,10.035,0.0
10.035,10.045,0.0
10.045,10.055,0.0
10.055,10.065,180.1660264670748
10.065,10.075,183.8500003106849
10.075,10.085,186.77834701822513
10.085,10.095,193.46571093102736
10.095,10.105,199.90380552890082
10.105,10.115,205.06734829360434
10.115,10.125,211.21262090641957
10.125,10.135,215.95846338410797
10.135,10.145,219.1703005348905
10.145,10.155,221.22608799767286
10.155,10.165,0.0
10.165,10.175,0.0
10.175,10.185,0.0
10.185,10.195,0.0
10.195,10.205,0.0
10.205,10.215,0.0
10.215,10.225,0.0
10.225,10.235,0.0
10.235,10.245,0.0
10.245,10.255,0.0
10.255,10.265,0.0
10.265,10.275,0.0
10.275,10.285,0.0
10.285,10.295,0.0
10.295,10.305,0.0
10.305,10.315,0.0
10.315,10.325,0.0
10.325,10.335,0.0
10.335,10.345,0.0
10.345,10.355,0.0
10.355,10.365,0.0
10.365,10.375,0.0
10.375,10.385,0.0
10.385,10.395,0.0
10.395,10.405,0.0
10.405,10.415,0.0
10.415,10.425,0.0
10.425,10.435,0.0
10.435,10.445,0.0
10.445,10.455,0.0
10.455,10.465,0.0
10.465,10.475,0.0
10.475,10.485,0.0
10.485,10.495,0.0
10.495,10.505,0.0
10.505,10.515,0.0
10.515,10.525,0.0
10.525,10.535,0.0
10.535,10.545,0.0
10.545,10.555,0.0
10.555,10.565,0.0
10.565,10.575,0.0
10.575,10.585,0.0
10.585,10.595,0.0
10.595,10.605,0.0
10.605,10.615,0.0
10.615,10.625,0.0
10.625,10.635,0.0
10.635,10.645,0.0
10.645,10.655,0.0
10.655,10.665,0.0
10.665,10.675,0.0
10.675,10.685,0.0
10.685,10.695,0.0
10.695,10.705,0.0
10.705,10.715,0.0
10.715,10.725,0.0
10.725,10.735,0.0
10.735,10.745,0.0
10.745,10.755,0.0
10.755,10.765,0.0
10.765,10.775,0.0
10.775,10.785,0.0
10.785,10.795,0.0
10.795,10.805,0.0
10.805,10.815,0.0
10.815,10.825,0.0
10.825,10.835,0.0
10.835,10.845,0.0
10.845,10.855,0.0
10.855,10.865,0.0
10.865,10.875,0.0
10.875,10.885,0.0
10.885,10.895,0.0
10.895,10.905,0.0
10.905,10.915,0.0
10.915,10.925,0.0
10.925,10.935,0.0
10.935,10.945,0.0
10.945,10.955,0.0
10.955,10.965,148.34929203902863
10.965,10.975,148.23459373303507
10.975,10.985,147.869668404485
10.985,10.995,0.0
10.995,11.005,0.0
11.005,11.015,0.0
11.015,11.025,0.0
11.025,11.035,0.0
11.035,11.045,0.0
11.045,11.055,0.0
11.055,11.065,0.0
11.065,11.075,0.0
11.075,11.085,0.0
11.085,11.095,0.0
11.095,11.105,0.0
11.105,11.115,0.0
11.115,11.125,0.0
11.125,11.135,0.0
11.135,11.145,0.0
11.145,11.155,0.0
11.155,11.165,0.0
11.165,11.175,0.0
11.175,11.185,0.0
11.185,11.195,0.0
11.195,11.205,156.36647852928562
11.205,11.215,155.7357281106958
11.215,11.225,154.5692913008193
11.225,11.235,153.30816821298114
11.235,11.245,151.97432257094536
11.245,11.255,150.40970418435145
11.255,11.265,148.92097292089488
11.265,11.275,147.97533240762988
11.275,11.285,0.0
11.285,11.295,0.0
11.295,11.305,0.0
11.305,11.315,0.0
11.315,11.325,0.0
11.325,11.335,0.0
11.335,11.345,0.0
11.345,11.355,0.0
11.355,11.365,0.0
11.365,11.375,0.0
11.375,11.385,0.0
11.385,11.395,0.0
11.395,11.405,0.0
11.405,11.415,0.0
11.415,11.425,0.0
11.425,11.435,0.0
11.435,11.445,0.0
11.445,11.455,0.0
11.455,11.465,0.0
11.465,11.475,0.0
11.475,11.485,0.0
11.485,11.495,182.2317275506082
11.495,11.505,181.30106937981404
11.505,11.515,179.98735931831047
11.515,11.525,177.31921616166701
11.525,11.535,175.19989998451717
11.535,11.545,174.2639584821214
11.545,11.555,174.62091056076156
11.555,11.565,176.7618961094771
11.565,11.575,178.84425179482997
11.575,11.585,179.44877043847788
11.585,11.595,179.1758609120681
11.595,11.605,0.0
11.605,11.615,0.0
11.615,11.625,162.23956541255882
11.625,11.635,164.03918032734882
11.635,11.645,164.1236637812218
11.645,11.655,160.73134244060606
11.655,11.665,155.39963288287382
11.665,11.675,153.89778239859777
11.675,11.685,153.23519913310182
11.685,11.695,152.42769403000418
11.695,11.705,151.16401508394205
11.705,11.715,150.13444183986022
11.715,11.725,149.8271034569034
11.725,11.735,149.40440203792815
11.735,11.745,148.61109475327228
11.745,11.755,147.7766892874352
11.755,11.765,147.00682141946743
11.765,11.775,146.37778069647027
11.775,11.785,146.17011034521866
11.785,11.795,0.0
11.795,11.805,0.0
11.805,11.815,0.0
11.815,11.825,0.0
11.825,11.835,0.0
11.835,11.845,0.0
11.845,11.855,175.49953916246886
11.855,11.865,174.3295665477208
11.865,11.875,173.8867193195977
11.875,11.885,173.35865404330696
11.885,11.895,172.51026068706275
11.895,11.905,171.34683385726558
11.905,11.915,169.34523945791264
11.915,11.925,0.0
11.925,11.935,0.0
11.935,11.945,0.0
11.945,11.955,0.0
11.955,11.965,0.0
11.965,11.975,0.0
11.975,11.985,0.0
11.985,11.995,0.0
11.995,12.005,0.0
12.005,12.015,0.0
12.015,12.025,0.0
12.025,12.035,0.0
12.035,12.045,0.0
12.045,12.055,0.0
12.055,12.065,0.0
12.065,12.075,0.0
12.075,12.085,0.0
12.085,12.095,0.0
12.095,12.105,0.0
12.105,12.115,0.0
12.115,12.125,0.0
12.125,12.135,0.0
12.135,12.145,0.0
12.145,12.155,0.0
12.155,12.165,0.0
12.165,12.175,0.0
12.175,12.185,0.0
12.185,12.195,0.0
12.195,12.205,0.0
12.205,12.215,0.0
12.215,12.225,0.0
12.225,12.235,0.0
12.235,12.245,0.0
12.245,12.255,0.0
12.255,12.265,165.03733117829975
12.265,12.275,162.91974196372414
12.275,12.285,160.84932486042646
12.285,12.295,159.61080748222219
12.295,12.305,159.06692274536888
12.305,12.315,158.6231556812437
12.315,12.325,158.3735224775593
12.325,12.335,158.5012148982907
12.335,12.345,158.90270052509987
12.345,12.355,158.9527021323784
12.355,12.365,158.02010911055797
12.365,12.375,155.69146437234852
12.375,12.385,151.6947027559776
12.385,12.395,148.29403176791465
12.395,12.405,146.48417010076946
12.405,12.415,146.55475319126202
12.415,12.425,147.29601697288354
12.425,12.435,143.5232229254164
12.435,12.445,141.91415827536238
12.445,12.455,141.2411765075686
12.455,12.465,140.94145129005167
12.465,12.475,140.42303604136907
12.475,12.485,140.06706636028642
12.485,12.495,140.10349691806323
12.495,12.505,140.4956613765076
12.505,12.515,141.80630878209556
12.515,12.525,143.6215608963542
12.525,12.535,144.8672255784955
12.535,12.545,145.86710445364295
12.545,12.555,146.97952134728948
12.555,12.565,0.0
12.565,12.575,0.0
12.575,12.585,0.0
12.585,12.595,0.0
12.595,12.605,0.0
12.605,12.615,0.0
12.615,12.625,0.0
12.625,12.635,0.0
12.635,12.645,0.0
12.645,12.655,0.0
12.655,12.665,0.0
12.665,12.675,0.0
12.675,12.685,0.0
12.685,12.695,0.0
12.695,12.705,0.0
12.705,12.715,0.0
12.715,12.725,0.0
12.725,12.735,0.0
12.735,12.745,0.0
12.745,12.755,0.0
12.755,12.765,0.0
12.765,12.775,0.0
12.775,12.785,0.0
12.785,12.795,0.0
12.795,12.805,0.0
12.805,12.815,0.0
12.815,12.825,0.0
12.825,12.835,0.0
12.835,12.845,0.0
12.845,12.855,0.0
12.855,12.865,0.0
12.865,12.875,0.0
12.875,12.885,0.0
12.885,12.895,0.0
12.895,12.905,0.0
12.905,12.915,0.0
12.915,12.925,0.0
12.925,12.935,0.0
12.935,12.945,0.0
12.945,12.955,0.0
12.955,12.965,0.0
12.965,12.975,0.0
12.975,12.985,0.0
12.985,12.995,0.0
12.995,13.005,0.0
13.005,13.015,0.0
13.015,13.025,0.0
13.025,13.035,0.0
13.035,13.045,0.0
13.045,13.055,0.0
13.055,13.065,0.0
13.065,13.075,0.0
13.075,13.085,0.0
13.085,13.095,0.0
13.095,13.105,0.0
13.105,13.115,0.0
13.115,13.125,0.0
13.125,13.135,0.0
13.135,13.145,0.0
13.145,13.155,0.0
13.155,13.165,0.0
13.165,13.175,0.0
13.175,13.185,0.0
13.185,13.195,0.0
13.195,13.205,0.0
13.205,13.215,0.0
13.215,13.225,0.0
13.225,13.235,0.0
13.235,13.245,0.0
13.245,13.255,0.0
13.255,13.265,0.0
13.265,13.275,0.0
13.275,13.285,0.0
13.285,13.295,0.0
13.295,13.305,0.0
13.305,13.315,0.0
13.315,13.325,0.0
13.325,13.335,0.0
13.335,13.345,0.0
13.345,13.355,0.0
13.355,13.365,0.0
13.365,13.375,0.0
13.375,13.385,0.0
13.385,13.395,0.0
13.395,13.405,169.57914583095587
13.405,13.415,159.12172570082535
13.415,13.425,155.98782406464807
13.425,13.435,155.4882634262472
13.435,13.445,155.89657181380895
13.445,13.455,156.92896354042858
13.455,13.465,0.0
13.465,13.475,0.0
13.475,13.485,0.0
13.485,13.495,0.0
13.495,13.505,0.0
13.505,13.515,0.0
13.515,13.525,0.0
13.525,13.535,183.16939781628466
13.535,13.545,182.98520802857965
13.545,13.555,179.90764943196925
13.555,13.565,175.48663079000426
13.565,13.575,173.7745946294137
13.575,13.585,173.2560423086652
13.585,13.595,173.00526043652025
13.595,13.605,164.96156748647462
13.605,13.615,0.0
13.615,13.625,0.0
13.625,13.635,0.0
13.635,13.645,0.0
13.645,13.655,0.0
13.655,13.665,180.0635261068919
13.665,13.675,180.09104015765212
13.675,13.685,176.65731285245025
13.685,13.695,173.94888250860203
13.695,13.705,172.95738304802362
13.705,13.715,173.22371811195464
13.715,13.725,0.0
13.725,13.735,0.0
13.735,13.745,172.01764716420672
13.745,13.755,175.49476504978492
13.755,13.765,176.9155523344027
13.765,13.775,177.27855658811578
13.775,13.785,176.73571346378048
13.785,13.795,175.15144696483685
13.795,13.805,171.96332313659232
13.805,13.815,167.40558665736881
13.815,13.825,166.95716320969441
13.825,13.835,166.50753834436836
13.835,13.845,166.25953091930603
13.845,13.855,166.55980513440133
13.855,13.865,167.04714480348824
13.865,13.875,166.83837862378905
13.875,13.885,165.44244836443087
13.885,13.895,0.0
13.895,13.905,0.0
13.905,13.915,0.0
13.915,13.925,0.0
13.925,13.935,0.0
13.935,13.945,0.0
13.945,13.955,0.0
13.955,13.965,0.0
13.965,13.975,0.0
13.975,13.985,166.314905256005
13.985,13.995,167.3749444059339
13.995,14.005,165.25820909131585
14.005,14.015,164.25654151203355
14.015,14.025,163.07566972701375
14.025,14.035,0.0
14.035,14.045,0.0
14.045,14.055,0.0
14.055,14.065,0.0
14.065,14.075,188.58948609500595
14.075,14.085,193.39555046730158
14.085,14.095,198.15553155832635
14.095,14.105,202.59297099512278
14.105,14.115,206.73039883826627
14.115,14.125,210.40792235771318
14.125,14.135,214.2428078467776
14.135,14.145,217.95886108106635
14.145,14.155,0.0
14.155,14.165,0.0
14.165,14.175,0.0
14.175,14.185,0.0
14.185,14.195,200.1015962672291
14.195,14.205,200.00257432103467
14.205,14.215,199.87095358459322
14.215,14.225,199.24740608084258
14.225,14.235,197.72506618711563
14.235,14.245,195.66235929774075
14.245,14.255,194.24631876163164
14.255,14.265,194.15140670209846
14.265,14.275,195.33781304537746
14.275,14.285,197.04198912304884
14.285,14.295,198.06623357818947
14.295,14.305,197.51741193192413
14.305,14.315,195.08640177761146
14.315,14.325,191.4917149205006
14.325,14.335,188.03388060998364
14.335,14.345,183.98638189036888
14.345,14.355,180.2168484738367
14.355,14.365,178.6775584861502
14.365,14.375,177.1879288425297
14.375,14.385,175.23204364309615
14.385,14.395,172.9040382732818
14.395,14.405,167.78086207097505
14.405,14.415,166.443081223133
14.415,14.425,165.57128693342096
14.425,14.435,164.65956953667904
14.435,14.445,164.05065200213036
14.445,14.455,163.45596461709275
14.455,14.465,163.4679773944886
14.465,14.475,163.8145684432424
14.475,14.485,163.27330257245117
14.485,14.495,160.22365058191883
14.495,14.505,155.2312911177213
14.505,14.515,152.86694589700085
14.515,14.525,151.0355753974774
14.525,14.535,149.7442186391215
14.535,14.545,149.3095940044161
14.545,14.555,149.3886464857048
14.555,14.565,0.0
14.565,14.575,0.0
14.575,14.585,0.0
14.585,14.595,0.0
14.595,14.605,0.0
14.605,14.615,0.0
14.615,14.625,0.0
14.625,14.635,0.0
14.635,14.645,0.0
14.645,14.655,156.74260559903684
14.655,14.665,156.71718691334254
14.665,14.675,155.66573218221177
14.675,14.685,154.45753955442385
14.685,14.695,153.77449840485576
14.695,14.705,153.5613032462501
14.705,14.715,153.87821153880768
14.715,14.725,154.601738053446
14.725,14.735,154.91221266050638
14.735,14.745,154.42647595709613
14.745,14.755,153.2524791626684
14.755,14.765,151.94602411596264
14.765,14.775,153.50145099756656
14.775,14.785,153.20097909528317
14.785,14.795,152.5797722946111
14.795,14.805,152.36520998533683
14.805,14.815,152.20607407922924
14.815,14.825,151.91659892457838
14.825,14.835,151.70221603232108
14.835,14.845,151.55117209104787
14.845,14.855,150.84135931382798
14.855,14.865,148.90221982960273
14.865,14.875,149.40867712446243
14.875,14.885,155.42390626613954
14.885,14.895,157.60594539111514
14.895,14.905,158.37984893419963
14.905,14.915,158.54766317639246
14.915,14.925,157.5784136605481
14.925,14.935,155.06053420448364
14.935,14.945,0.0
14.945,14.955,0.0
14.955,14.965,0.0
14.965,14.975,0.0
14.975,14.985,0.0
14.985,14.995,0.0
14.995,15.005,155.0963479536261
15.005,15.015,156.20759625526392
15.015,15.025,156.03718306157066
15.025,15.035,154.74002520755826
15.035,15.045,160.20119022575986
15.045,15.055,164.0827593528166
15.055,15.065,164.52773407758545
15.065,15.075,163.60616314721102
15.075,15.085,162.54694059454155
15.085,15.095,162.05667947489437
15.095,15.105,162.27167418836902
15.105,15.115,163.46936436495557
15.115,15.125,165.8688725230694
15.125,15.135,167.25767806925066
15.135,15.145,169.18985272489644
15.145,15.155,180.66976269552626
15.155,15.165,184.7500622301801
15.165,15.175,185.36147895947144
15.175,15.185,184.67863047026677
15.185,15.195,184.16360120092557
15.195,15.205,184.76796045928904
15.205,15.215,186.27714999835004
15.215,15.225,188.00417910298665
15.225,15.235,189.53479233366346
15.235,15.245,0.0
15.245,15.255,0.0
15.255,15.265,0.0
15.265,15.275,0.0
15.275,15.285,0.0
15.285,15.295,0.0
15.295,15.305,0.0
15.305,15.315,0.0
15.315,15.325,0.0
15.325,15.335,0.0
15.335,15.345,0.0
15.345,15.355,0.0
15.355,15.365,0.0
15.365,15.375,0.0
15.375,15.385,0.0
15.385,15.395,0.0
15.395,15.405,0.0
15.405,15.415,0.0
15.415,15.425,0.0
15.425,15.435,0.0
15.435,15.445,0.0
15.445,15.455,0.0
15.455,15.465,0.0
15.465,15.475,0.0
15.475,15.485,0.0
15.485,15.495,0.0
15.495,15.505,0.0
15.505,15.515,0.0
15.515,15.525,0.0
15.525,15.535,0.0
15.535,15.545,0.0
15.545,15.555,0.0
15.555,15.565,0.0
15.565,15.575,0.0
15.575,15.585,0.0
15.585,15.595,192.3399907610858
15.595,15.605,194.55565948012762
15.605,15.615,195.74188785241896
15.615,15.625,195.66503600745665
15.625,15.635,187.77200444521677
15.635,15.645,189.0322951960692
15.645,15.655,189.25020335824593
15.655,15.665,187.66972701294904
15.665,15.675,184.13194764180508
15.675,15.685,178.67951033812525
15.685,15.695,173.70615122869165
15.695,15.705,169.4539882729502
15.705,15.715,165.97649060916353
15.715,15.725,162.73847584573872
15.725,15.735,160.24708417391588
15.735,15.745,159.0314419887714
15.745,15.755,158.1789309354008
15.755,15.765,157.08183844998143
15.765,15.775,155.26484687383206
15.775,15.785,153.53074366207647
15.785,15.795,0.0
15.795,15.805,0.0
15.805,15.815,0.0
15.815,15.825,0.0
15.825,15.835,0.0
15.835,15.845,0.0
15.845,15.855,0.0
15.855,15.865,0.0
15.865,15.875,0.0
15.875,15.885,0.0
15.885,15.895,0.0
15.895,15.905,0.0
15.905,15.915,145.53521256551244
15.915,15.925,146.05679364109713
15.925,15.935,145.43023793717947
15.935,15.945,143.9138370727445
15.945,15.955,141.99094887199448
15.955,15.965,0.0
15.965,15.975,0.0
15.975,15.985,0.0
15.985,15.995,0.0
15.995,16.005,0.0
16.005,16.015,0.0
16.015,16.025,0.0
16.025,16.035,0.0
16.035,16.045,0.0
16.045,16.055,0.0
16.055,16.065,0.0
16.065,16.075,0.0
16.075,16.085,0.0
16.085,16.095,0.0
16.095,16.105,0.0
16.105,16.115,0.0
16.115,16.125,0.0
16.125,16.135,0.0
16.135,16.145,0.0
16.145,16.155,0.0
16.155,16.165,0.0
16.165,16.175,0.0
16.175,16.185,0.0
16.185,16.195,0.0
16.195,16.205,0.0
16.205,16.215,0.0
16.215,16.225,0.0
16.225,16.235,0.0
16.235,16.245,0.0
16.245,16.255,0.0
16.255,16.265,0.0
16.265,16.275,0.0
16.275,16.285,0.0
16.285,16.295,0.0
16.295,16.305,0.0
16.305,16.315,0.0
16.315,16.325,0.0
16.325,16.335,0.0
16.335,16.345,0.0
16.345,16.355,0.0
16.355,16.365,0.0
16.365,16.375,0.0
16.375,16.385,0.0
16.385,16.395,0.0
16.395,16.405,0.0
16.405,16.415,0.0
16.415,16.425,0.0
16.425,16.435,0.0
16.435,16.445,0.0
16.445,16.455,0.0
16.455,16.465,0.0
16.465,16.475,0.0
16.475,16.485,0.0
16.485,16.495,0.0
16.495,16.505,150.05561697757892
16.505,16.515,147.57293170560754
16.515,16.525,144.38033593643758
16.525,16.535,144.4993953937641
16.535,16.545,144.40486851884788
16.545,16.555,143.28668365632112
16.555,16.565,142.61651008159188
16.565,16.575,142.29788573693776
16.575,16.585,141.81635093845685
16.585,16.595,140.91812186130255
16.595,16.605,139.56237365346058
16.605,16.615,138.1930280538393
16.615,16.625,0.0
16.625,16.635,0.0
16.635,16.645,0.0
16.645,16.655,0.0
16.655,16.665,0.0
16.665,16.675,147.58226230320687
16.675,16.685,147.44413639896146
16.685,16.695,146.3955937559439
16.695,16.705,144.89594754229836
16.705,16.715,143.76900547800176
16.715,16.725,143.29532949489501
16.725,16.735,0.0
16.735,16.745,0.0
16.745,16.755,0.0
16.755,16.765,0.0
16.765,16.775,0.0
16.775,16.785,0.0
16.785,16.795,167.8371097034154
16.795,16.805,171.5327122623916
16.805,16.815,174.56388020037244
16.815,16.825,176.55195862637433
16.825,16.835,178.77553056645738
16.835,16.845,181.29075248597425
16.845,16.855,182.70099485327404
16.855,16.865,0.0
16.865,16.875,181.90473244658494
16.875,16.885,187.00622195177397
16.885,16.895,188.77837232638842
16.895,16.905,187.5556408168807
16.905,16.915,184.3319904104224
16.915,16.925,180.17613084152921
16.925,16.935,176.61518440538654
16.935,16.945,0.0
16.945,16.955,0.0
16.955,16.965,0.0
16.965,16.975,0.0
16.975,16.985,0.0
16.985,16.995,0.0
16.995,17.005,0.0
17.005,17.015,0.0
17.015,17.025,0.0
17.025,17.035,0.0
17.035,17.045,0.0
17.045,17.055,0.0
17.055,17.065,0.0
17.065,17.075,0.0
17.075,17.085,183.1915561235563
17.085,17.095,180.51028652171703
17.095,17.105,178.46589681244706
17.105,17.115,0.0
17.115,17.125,0.0
17.125,17.135,0.0
17.135,17.145,0.0
17.145,17.155,0.0
17.155,17.165,0.0
17.165,17.175,0.0
17.175,17.185,0.0
17.185,17.195,174.27184502588386
17.195,17.205,175.08264216097425
17.205,17.215,172.41853832398843
17.215,17.225,167.44281633439914
17.225,17.235,163.13252063520542
17.235,17.245,160.06899204375907
17.245,17.255,157.73195955831147
17.255,17.265,155.92780881611966
17.265,17.275,0.0
17.275,17.285,0.0
17.285,17.295,0.0
17.295,17.305,0.0
17.305,17.315,0.0
17.315,17.325,0.0
17.325,17.335,0.0
17.335,17.345,0.0
17.345,17.355,0.0
17.355,17.365,0.0
17.365,17.375,0.0
17.375,17.385,0.0
17.385,17.395,0.0
17.395,17.405,0.0
17.405,17.415,0.0
17.415,17.425,0.0
17.425,17.435,0.0
17.435,17.445,0.0
17.445,17.455,0.0
17.455,17.465,0.0
17.465,17.475,0.0
17.475,17.485,0.0
17.485,17.495,153.99824241063493
17.495,17.505,152.1718581408028
17.505,17.515,147.7503647979558
17.515,17.525,142.39092767957044
17.525,17.535,139.78952403211875
17.535,17.545,137.83296322396234
17.545,17.555,136.02261586383284
17.555,17.565,134.00384455157285
17.565,17.575,130.66542215069973
17.575,17.585,0.0
17.585,17.595,0.0
17.595,17.605,0.0
17.605,17.615,0.0
17.615,17.625,0.0
17.625,17.635,0.0
17.635,17.645,0.0
17.645,17.655,0.0
17.655,17.665,0.0
17.665,17.675,0.0
17.675,17.685,0.0
17.685,17.695,0.0
17.695,17.705,0.0
17.705,17.715,0.0
17.715,17.725,0.0
17.725,17.735,0.0
17.735,17.745,0.0
17.745,17.755,0.0
17.755,17.765,0.0
17.765,17.775,0.0
17.775,17.785,0.0
17.785,17.795,0.0
17.795,17.805,0.0
17.805,17.815,0.0
17.815,17.825,0.0
17.825,17.835,0.0
17.835,17.845,0.0
17.845,17.855,0.0
17.855,17.865,0.0
17.865,17.875,0.0
17.875,17.885,0.0
17.885,17.895,0.0
17.895,17.905,0.0
17.905,17.915,0.0
17.915,17.925,0.0
17.925,17.935,0.0
17.935,17.945,0.0
17.945,17.955,0.0
17.955,17.965,0.0
17.965,17.975,0.0
17.975,17.985,0.0
17.985,17.995,0.0
17.995,18.005,0.0
18.005,18.015,0.0
18.015,18.025,0.0
18.025,18.035,0.0
18.035,18.045,0.0
18.045,18.055,0.0
18.055,18.065,0.0
18.065,18.075,0.0
18.075,18.085,0.0
18.085,18.095,0.0
18.095,18.105,0.0
18.105,18.115,0.0
18.115,18.125,0.0
18.125,18.135,0.0
18.135,18.145,0.0
18.145,18.155,0.0
18.155,18.165,0.0
18.165,18.175,0.0
18.175,18.185,0.0
18.185,18.195,0.0
18.195,18.205,0.0
18.205,18.215,0.0
18.215,18.225,0.0
18.225,18.235,0.0
18.235,18.245,0.0
18.245,18.255,0.0
18.255,18.265,0.0
18.265,18.275,0.0
18.275,18.285,0.0
18.285,18.295,0.0
18.295,18.305,0.0
18.305,18.315,0.0
18.315,18.325,0.0
18.325,18.335,0.0
18.335,18.345,0.0
18.345,18.355,0.0
18.355,18.365,0.0
18.365,18.375,0.0
18.375,18.385,0.0
18.385,18.395,0.0
18.395,18.405,0.0
18.405,18.415,0.0
18.415,18.425,0.0
18.425,18.435,0.0
18.435,18.445,0.0
18.445,18.455,0.0
18.455,18.465,0.0
18.465,18.475,0.0
18.475,18.485,0.0
18.485,18.495,0.0
18.495,18.505,0.0
18.505,18.515,0.0
18.515,18.525,0.0
18.525,18.535,0.0
18.535,18.545,0.0
18.545,18.555,0.0
18.555,18.565,0.0
18.565,18.575,0.0
18.575,18.585,0.0
18.585,18.595,0.0
18.595,18.605,0.0
18.605,18.615,0.0
18.615,18.625,0.0
18.625,18.635,0.0
18.635,18.645,0.0
18.645,18.655,0.0
18.655,18.665,0.0
18.665,18.675,0.0
18.675,18.685,0.0
18.685,18.695,0.0
18.695,18.705,0.0
18.705,18.715,0.0
18.715,18.725,151.50941089487307
18.725,18.735,150.3164994720738
18.735,18.745,148.3139671483963
18.745,18.755,145.99188463858272
18.755,18.765,144.2695210731783
18.765,18.775,143.95735734315957
18.775,18.785,144.1370641285893
18.785,18.795,0.0
18.795,18.805,0.0
18.805,18.815,0.0
18.815,18.825,0.0
18.825,18.835,0.0
18.835,18.845,0.0
18.845,18.855,0.0
18.855,18.865,0.0
18.865,18.875,0.0
18.875,18.885,0.0
18.885,18.895,0.0
18.895,18.905,0.0
18.905,18.915,0.0
18.915,18.925,0.0
18.925,18.935,0.0
18.935,18.945,0.0
18.945,18.955,0.0
18.955,18.965,0.0
18.965,18.975,0.0
18.975,18.985,0.0
18.985,18.995,0.0
18.995,19.005,0.0
19.005,19.015,0.0
19.015,19.025,0.0
19.025,19.035,0.0
19.035,19.045,0.0
19.045,19.055,0.0
19.055,19.065,0.0
19.065,19.075,0.0
19.075,19.085,158.57589472908188
19.085,19.095,154.45892750595473
19.095,19.105,151.67382550379918
19.105,19.115,149.55063774913924
19.115,19.125,148.2520132463759
19.125,19.135,147.4637959711274
19.135,19.145,147.03719680258112
19.145,19.155,0.0
19.155,19.165,0.0
19.165,19.175,0.0
19.175,19.185,0.0
19.185,19.195,0.0
19.195,19.205,0.0
19.205,19.215,0.0
19.215,19.225,0.0
19.225,19.235,0.0
19.235,19.245,0.0
19.245,19.255,0.0
19.255,19.265,0.0
19.265,19.275,0.0
19.275,19.285,0.0
19.285,19.295,0.0
19.295,19.305,0.0
19.305,19.315,0.0
19.315,19.325,0.0
19.325,19.335,0.0
19.335,19.345,148.81517649927386
19.345,19.355,147.83134516568373
19.355,19.365,147.17183935067118
19.365,19.375,147.23780955563683
19.375,19.385,147.75493248523253
19.385,19.395,148.67310375772604
19.395,19.405,0.0
19.405,19.415,0.0
19.415,19.425,0.0
19.425,19.435,0.0
19.435,19.445,0.0
19.445,19.455,0.0
19.455,19.465,0.0
19.465,19.475,0.0
19.475,19.485,0.0
19.485,19.495,0.0
19.495,19.505,0.0
19.505,19.515,0.0
19.515,19.525,0.0
19.525,19.535,0.0
19.535,19.545,0.0
19.545,19.555,0.0
19.555,19.565,0.0
19.565,19.575,0.0
19.575,19.585,0.0
19.585,19.595,0.0
19.595,19.605,0.0
19.605,19.615,161.55054642920325
19.615,19.625,161.90774856159445
19.625,19.635,160.91375285109154
19.635,19.645,159.76922984468732
19.645,19.655,159.38998962482344
19.655,19.665,159.14868363754027
19.665,19.675,158.6895767156687
19.675,19.685,158.29707111902098
19.685,19.695,158.38442867927296
19.695,19.705,158.82693246915753
19.705,19.715,159.20904739415056
19.715,19.725,159.0900898668178
19.725,19.735,158.50172833812945
19.735,19.745,157.82971126353033
19.745,19.755,157.0554668354864
19.755,19.765,156.16519425582484
19.765,19.775,155.15594997721635
19.775,19.785,153.84484668705616
19.785,19.795,152.5051269642317
19.795,19.805,151.3845518068251
19.805,19.815,150.17764556553058
19.815,19.825,149.21484579414215
19.825,19.835,148.7511051903639
19.835,19.845,149.02412354859234
19.845,19.855,149.97960932523335
19.855,19.865,150.9310444889552
19.865,19.875,151.72769407185527
19.875,19.885,152.31075864603528
19.885,19.895,152.39231386640176
19.895,19.905,152.13199572678113
19.905,19.915,151.93070349306478
19.915,19.925,151.84891680445264
19.925,19.935,151.67165763959804
19.935,19.945,151.58874615588718
19.945,19.955,151.64983270941883
19.955,19.965,151.52543712721103
19.965,19.975,151.47560489234505
19.975,19.985,151.27149581551708
19.985,19.995,151.03096380121045
19.995,20.005,151.03251022015905
20.005,20.015,150.94281867662133
20.015,20.025,150.7037341000145
20.025,20.035,150.51883752144025
20.035,20.045,150.34113157145822
20.045,20.055,149.9255661840621
20.055,20.065,149.38629235949426
20.065,20.075,148.68366209170867
20.075,20.085,147.37357295129993
20.085,20.095,146.45971422495504
20.095,20.105,146.0944681829553
20.105,20.115,0.0
20.115,20.125,0.0
20.125,20.135,0.0
20.135,20.145,0.0
20.145,20.155,0.0
20.155,20.165,0.0
20.165,20.175,0.0
20.175,20.185,0.0
20.185,20.195,0.0
20.195,20.205,0.0
20.205,20.215,0.0
20.215,20.225,0.0
20.225,20.235,0.0
20.235,20.245,0.0
20.245,20.255,0.0
20.255,20.265,0.0
20.265,20.275,0.0
20.275,20.285,0.0
20.285,20.295,0.0
20.295,20.305,0.0
20.305,20.315,0.0
20.315,20.325,0.0
20.325,20.335,0.0
20.335,20.345,0.0
20.345,20.355,0.0
20.355,20.365,0.0
20.365,20.375,0.0
20.375,20.385,0.0
20.385,20.395,0.0
20.395,20.405,0.0
20.405,20.415,0.0
20.415,20.425,0.0
20.425,20.435,0.0
20.435,20.445,0.0
20.445,20.455,0.0
20.455,20.465,0.0
20.465,20.475,0.0
20.475,20.485,0.0
20.485,20.495,0.0
20.495,20.505,0.0
20.505,20.515,0.0
20.515,20.525,161.8508545265622
20.525,20.535,159.39770502521677
20.535,20.545,155.78975561121527
20.545,20.555,149.88740432041607
20.555,20.565,142.60891965535777
20.565,20.575,140.56518736545806
20.575,20.585,0.0
20.585,20.595,0.0
20.595,20.605,0.0
20.605,20.615,0.0
20.615,20.625,0.0
20.625,20.635,0.0
20.635,20.645,0.0
20.645,20.655,0.0
20.655,20.665,0.0
20.665,20.675,0.0
20.675,20.685,0.0
20.685,20.695,0.0
20.695,20.705,0.0
20.705,20.715,0.0
20.715,20.725,0.0
20.725,20.735,0.0
20.735,20.745,0.0
20.745,20.755,0.0
20.755,20.765,0.0
20.765,20.775,0.0
20.775,20.785,0.0
20.785,20.795,0.0
20.795,20.805,174.68176234882782
20.805,20.815,170.60155064628992
20.815,20.825,164.89243280020017
20.825,20.835,156.13554577071633
20.835,20.845,145.94177139519022
20.845,20.855,139.040259352728
20.855,20.865,135.89603158532805
20.865,20.875,134.5084243047445
20.875,20.885,134.43854140244193
20.885,20.895,134.65179807571064
20.895,20.905,134.52091870241492
20.905,20.915,134.28087848808536
20.915,20.925,134.3140459096791
20.925,20.935,134.5030103844002
20.935,20.945,0.0
20.945,20.955,0.0
20.955,20.965,0.0
20.965,20.975,0.0
20.975,20.985,0.0
20.985,20.995,0.0
20.995,21.005,0.0
21.005,21.015,0.0
21.015,21.025,0.0
21.025,21.035,0.0
21.035,21.045,0.0
21.045,21.055,0.0
21.055,21.065,0.0
21.065,21.075,0.0
21.075,21.085,259.2580245150016
21.085,21.095,266.00072704329585
21.095,21.105,273.0703577144041
21.105,21.115,280.6768672318499
21.115,21.125,288.08235640686496
21.125,21.135,294.5437449118569
21.135,21.145,299.5454764403933
21.145,21.155,303.26961241477045
21.155,21.165,0.0
21.165,21.175,0.0
21.175,21.185,0.0
21.185,21.195,0.0
21.195,21.205,0.0
21.205,21.215,0.0
21.215,21.225,0.0
21.225,21.235,0.0
21.235,21.245,0.0
21.245,21.255,0.0
21.255,21.265,0.0
21.265,21.275,0.0
21.275,21.285,0.0
21.285,21.295,0.0
21.295,21.305,0.0
21.305,21.315,0.0
21.315,21.325,0.0
21.325,21.335,0.0
21.335,21.345,0.0
21.345,21.355,0.0
21.355,21.365,0.0
21.365,21.375,0.0
21.375,21.385,0.0
21.385,21.395,0.0
21.395,21.405,0.0
21.405,21.415,0.0
21.415,21.425,0.0
21.425,21.435,0.0
21.435,21.445,0.0
21.445,21.455,0.0
21.455,21.465,0.0
21.465,21.475,0.0
21.475,21.485,0.0
21.485,21.495,0.0
21.495,21.505,0.0
21.505,21.515,0.0
21.515,21.525,0.0
21.525,21.535,0.0
21.535,21.545,0.0
21.545,21.555,0.0
21.555,21.565,0.0
21.565,21.575,0.0
21.575,21.585,0.0
21.585,21.595,0.0
21.595,21.605,0.0
21.605,21.615,0.0
21.615,21.625,0.0
21.625,21.635,0.0
21.635,21.645,0.0
21.645,21.655,0.0
21.655,21.665,0.0
21.665,21.675,0.0
21.675,21.685,0.0
21.685,21.695,0.0
21.695,21.705,0.0
21.705,21.715,0.0
21.715,21.725,0.0
21.725,21.735,0.0
21.735,21.745,0.0
21.745,21.755,0.0
21.755,21.765,0.0
21.765,21.775,0.0
21.775,21.785,0.0
21.785,21.795,0.0
21.795,21.805,0.0
21.805,21.815,0.0
21.815,21.825,0.0
21.825,21.835,0.0
21.835,21.845,0.0
21.845,21.855,0.0
21.855,21.865,0.0
21.865,21.875,0.0
21.875,21.885,0.0
21.885,21.895,0.0
21.895,21.905,0.0
21.905,21.915,0.0
21.915,21.925,0.0
21.925,21.935,0.0
21.935,21.945,0.0
21.945,21.955,0.0
21.955,21.965,0.0
21.965,21.975,0.0
21.975,21.985,423.1801562724799
21.985,21.995,425.2220427310306
21.995,22.005,428.67620112908065
22.005,22.015,435.359512632942
22.015,22.025,0.0
22.025,22.035,257.495241452862
22.035,22.045,256.54029093587906
22.045,22.055,253.49251178505105
22.055,22.065,248.73318533358434
22.065,22.075,236.90561788176285
22.075,22.085,227.4425738727451
22.085,22.095,215.95471699190682
22.095,22.105,209.5075100283635
22.105,22.115,198.84959604767184
22.115,22.125,192.23309721392803
22.125,22.135,179.30151443557358
22.135,22.145,168.23152950750628
22.145,22.155,166.73869957984547
22.155,22.165,162.00130685103434
22.165,22.175,160.34467512157036
22.175,22.185,0.0
22.185,22.195,387.53025405284507
22.195,22.205,382.7240399718977
22.205,22.215,409.26572575502536
22.215,22.225,0.0
22.225,22.235,0.0
22.235,22.245,0.0
22.245,22.255,0.0
22.255,22.265,0.0
22.265,22.275,0.0
22.275,22.285,0.0
22.285,22.295,0.0
22.295,22.305,0.0
22.305,22.315,0.0
22.315,22.325,0.0
22.325,22.335,0.0
22.335,22.345,0.0
22.345,22.355,0.0
22.355,22.365,0.0
22.365,22.375,0.0
22.375,22.385,0.0
22.385,22.395,0.0
22.395,22.405,0.0
22.405,22.415,190.147953313976
22.415,22.425,200.4058479470102
22.425,22.435,208.21057887519083
22.435,22.445,208.08761860331384
22.445,22.455,205.2346293881418
22.455,22.465,200.82007534052426
22.465,22.475,196.47913526287147
22.475,22.485,193.85760867213605
22.485,22.495,192.30148793044376
22.495,22.505,191.1555416974298
22.505,22.515,190.24318255911487
22.515,22.525,189.59446795205955
22.525,22.535,189.29497504619408
22.535,22.545,189.36945147079112
22.545,22.555,189.62961184372554
22.555,22.565,189.5723668896937
22.565,22.575,188.8256311926429
22.575,22.585,187.5450341493957
22.585,22.595,186.2264430810852
22.595,22.605,184.95340106858163
22.605,22.615,183.4413432698723
22.615,22.625,181.4074146252876
22.625,22.635,178.71858744044647
22.635,22.645,175.08181736085032
22.645,22.655,0.0
22.655,22.665,0.0
22.665,22.675,0.0
22.675,22.685,0.0
22.685,22.695,0.0
22.695,22.705,0.0
22.705,22.715,0.0
22.715,22.725,0.0
22.725,22.735,250.12270477539374
22.735,22.745,254.0359078130379
22.745,22.755,256.3169737455433
22.755,22.765,258.10450502356434
22.765,22.775,253.9820106440453
22.775,22.785,235.42906303637955
22.785,22.795,237.41952872690536
22.795,22.805,266.19278286826216
22.805,22.815,280.1049147787415
22.815,22.825,284.9241192650579
22.825,22.835,289.41350164445004
22.835,22.845,296.36016025854286
22.845,22.855,303.94873888161305
22.855,22.865,309.3906518109111
22.865,22.875,312.5474929181253
22.875,22.885,313.20294636562903
22.885,22.895,0.0
22.895,22.905,0.0
22.905,22.915,0.0
22.915,22.925,0.0
22.925,22.935,0.0
22.935,22.945,0.0
22.945,22.955,0.0
22.955,22.965,0.0
22.965,22.975,0.0
22.975,22.985,0.0
22.985,22.995,0.0
22.995,23.005,0.0
23.005,23.015,0.0
23.015,23.025,0.0
23.025,23.035,0.0
23.035,23.045,0.0
23.045,23.055,0.0
23.055,23.065,0.0
23.065,23.075,0.0
23.075,23.085,0.0
23.085,23.095,0.0
23.095,23.105,0.0
23.105,23.115,0.0
23.115,23.125,0.0
23.125,23.135,0.0
23.135,23.145,0.0
23.145,23.155,0.0
23.155,23.165,0.0
23.165,23.175,0.0
23.175,23.185,0.0
23.185,23.195,0.0
23.195,23.205,0.0
23.205,23.215,0.0
23.215,23.225,0.0
23.225,23.235,0.0
23.235,23.245,0.0
23.245,23.255,218.92585231177003
23.255,23.265,217.50485103229212
23.265,23.275,214.898220563698
23.275,23.285,210.03706290461034
23.285,23.295,206.95130102170245
23.295,23.305,205.5397474956452
23.305,23.315,203.78194079102647
23.315,23.325,201.33241568862354
23.325,23.335,198.8554668191429
23.335,23.345,196.9438497977578
23.345,23.355,194.9710204156778
23.355,23.365,191.44515072479848
23.365,23.375,193.0345842403859
23.375,23.385,201.86099680142325
23.385,23.395,204.82752189066554
23.395,23.405,205.8241100651375
23.405,23.415,206.97546384694456
23.415,23.425,208.70219496732716
23.425,23.435,210.6553357596699
23.435,23.445,211.91368812654372
23.445,23.455,211.67075003193028
23.455,23.465,209.31548546992144
23.465,23.475,0.0
23.475,23.485,0.0
23.485,23.495,0.0
23.495,23.505,174.03548805701382
23.505,23.515,173.66505333007555
23.515,23.525,171.963368137966
23.525,23.535,169.18132543777875
23.535,23.545,166.3486921075973
23.545,23.555,164.21847349098678
23.555,23.565,162.7773402057404
23.565,23.575,161.95960982313767
23.575,23.585,161.75106164516018
23.585,23.595,161.99115613896672
23.595,23.605,162.3650942542647
23.605,23.615,162.70998681104265
23.615,23.625,163.0150846632301
23.625,23.635,163.4078814753145
23.635,23.645,164.0778494584453
23.645,23.655,164.80960014199312
23.655,23.665,165.39615867472966
23.665,23.675,0.0
23.675,23.685,0.0
23.685,23.695,0.0
23.695,23.705,0.0
23.705,23.715,163.60507340410544
23.715,23.725,164.36518791698703
23.725,23.735,163.30403384403084
23.735,23.745,161.50107858076808
23.745,23.755,159.43290658013524
23.755,23.765,157.23305003128564
23.765,23.775,155.67846363541594
23.775,23.785,154.69033355394734
23.785,23.795,153.9666039675689
23.795,23.805,153.80759700690314
23.805,23.815,154.20056058577148
23.815,23.825,154.45086885858944
23.825,23.835,154.01696509121416
23.835,23.845,153.40488375862603
23.845,23.855,153.2367910016861
23.855,23.865,153.07373846768428
23.865,23.875,152.2673034248946
23.875,23.885,150.8726009050669
23.885,23.895,0.0
23.895,23.905,154.6433736414162
23.905,23.915,154.78663020316867
23.915,23.925,153.7778110901168
23.925,23.935,151.6219644602905
23.935,23.945,149.1665228553183
23.945,23.955,147.4433696007558
23.955,23.965,146.4929300755179
23.965,23.975,145.85732345596645
23.975,23.985,145.28284116774304
23.985,23.995,144.8523558196968
23.995,24.005,144.69449774091865
24.005,24.015,0.0
24.015,24.025,0.0
24.025,24.035,0.0
24.035,24.045,0.0
24.045,24.055,0.0
24.055,24.065,0.0
24.065,24.075,0.0
24.075,24.085,0.0
24.085,24.095,0.0
24.095,24.105,0.0
24.105,24.115,0.0
24.115,24.125,0.0
24.125,24.135,0.0
24.135,24.145,0.0
24.145,24.155,0.0
24.155,24.165,0.0
24.165,24.175,0.0
24.175,24.185,0.0
24.185,24.195,0.0
24.195,24.205,0.0
24.205,24.215,0.0
24.215,24.225,0.0
24.225,24.235,0.0
24.235,24.245,0.0
24.245,24.255,0.0
24.255,24.265,0.0
24.265,24.275,0.0
24.275,24.285,0.0
24.285,24.295,0.0
24.295,24.305,0.0
24.305,24.315,0.0
24.315,24.325,0.0
24.325,24.335,0.0
24.335,24.345,0.0
24.345,24.355,0.0
24.355,24.365,0.0
24.365,24.375,0.0
24.375,24.385,0.0
24.385,24.395,0.0
24.395,24.405,0.0
24.405,24.415,0.0
24.415,24.425,0.0
24.425,24.435,0.0
24.435,24.445,0.0
24.445,24.455,0.0
24.455,24.465,0.0
24.465,24.475,0.0
24.475,24.485,0.0
24.485,24.495,0.0
24.495,24.505,0.0
24.505,24.515,0.0
24.515,24.525,0.0
24.525,24.535,0.0
24.535,24.545,0.0
24.545,24.555,0.0
24.555,24.565,0.0
24.565,24.575,0.0
24.575,24.585,0.0
24.585,24.595,0.0
24.595,24.605,0.0
24.605,24.615,0.0
24.615,24.625,0.0
24.625,24.635,0.0
24.635,24.645,0.0
24.645,24.655,0.0
24.655,24.665,0.0
24.665,24.675,0.0
24.675,24.685,0.0
24.685,24.695,0.0
24.695,24.705,0.0
24.705,24.715,0.0
24.715,24.725,0.0
24.725,24.735,0.0
24.735,24.745,0.0
24.745,24.755,0.0
24.755,24.765,0.0
24.765,24.775,0.0
24.775,24.785,0.0
24.785,24.795,0.0
24.795,24.805,0.0
24.805,24.815,0.0
24.815,24.825,0.0
24.825,24.835,0.0
24.835,24.845,0.0
24.845,24.855,0.0
24.855,24.865,0.0
24.865,24.875,0.0
24.875,24.885,0.0
24.885,24.895,0.0
24.895,24.905,0.0
24.905,24.915,0.0
24.915,24.925,0.0
24.925,24.935,0.0
24.935,24.945,0.0
24.945,24.955,0.0
24.955,24.965,0.0
24.965,24.975,0.0
24.975,24.985,0.0
24.985,24.995,0.0
24.995,25.005,0.0
25.005,25.015,0.0
25.015,25.025,0.0
25.025,25.035,0.0
25.035,25.045,0.0
25.045,25.055,0.0
25.055,25.065,0.0
25.065,25.075,0.0
25.075,25.085,0.0
25.085,25.095,0.0
25.095,25.105,0.0
25.105,25.115,0.0
25.115,25.125,0.0
25.125,25.135,0.0
25.135,25.145,0.0
25.145,25.155,0.0
25.155,25.165,0.0
25.165,25.175,0.0
25.175,25.185,0.0
25.185,25.195,0.0
25.195,25.205,0.0
25.205,25.215,0.0
25.215,25.225,0.0
25.225,25.235,0.0
25.235,25.245,0.0
25.245,25.255,0.0
25.255,25.265,0.0
25.265,25.275,0.0
25.275,25.285,0.0
25.285,25.295,0.0
25.295,25.305,0.0
25.305,25.315,0.0
25.315,25.325,0.0
25.325,25.335,0.0
25.335,25.345,0.0
25.345,25.355,0.0
25.355,25.365,0.0
25.365,25.375,0.0
25.375,25.385,0.0
25.385,25.395,0.0
25.395,25.405,0.0
25.405,25.415,0.0
25.415,25.425,0.0
25.425,25.435,0.0
25.435,25.445,0.0
25.445,25.455,0.0
25.455,25.465,0.0
25.465,25.475,0.0
25.475,25.485,0.0
25.485,25.495,0.0
25.495,25.505,0.0
25.505,25.515,0.0
25.515,25.525,0.0
25.525,25.535,0.0
25.535,25.545,212.40757507543609
25.545,25.555,210.06861448222173
25.555,25.565,208.70923629659563
25.565,25.575,208.06130608090768
25.575,25.585,207.96910512670183
25.585,25.595,207.8646647973978
25.595,25.605,206.6740130211164
25.605,25.615,0.0
25.615,25.625,0.0
25.625,25.635,0.0
25.635,25.645,0.0
25.645,25.655,0.0
25.655,25.665,0.0
25.665,25.675,0.0
25.675,25.685,0.0
25.685,25.695,0.0
25.695,25.705,0.0
25.705,25.715,219.16047580559288
25.715,25.725,221.19849355538804
25.725,25.735,220.12421867847453
25.735,25.745,216.75584765745785
25.745,25.755,211.99353121433853
25.755,25.765,206.8756831675882
25.765,25.775,202.07718486705522
25.775,25.785,197.41816579637492
25.785,25.795,0.0
25.795,25.805,0.0
25.805,25.815,0.0
25.815,25.825,0.0
25.825,25.835,0.0
25.835,25.845,172.4106489061976
25.845,25.855,171.900203043912
25.855,25.865,171.73816142544533
25.865,25.875,172.03536291659142
25.875,25.885,172.35948237535877
25.885,25.895,172.2158581070113
25.895,25.905,171.54061146314584
25.905,25.915,170.57509850630348
25.915,25.925,169.73061995269342
25.925,25.935,169.00436765444033
25.935,25.945,168.23896915258086
25.945,25.955,167.12598861515886
25.955,25.965,164.87428284480927
25.965,25.975,160.53678621780907
25.975,25.985,157.57503266656227
25.985,25.995,0.0
25.995,26.005,0.0
26.005,26.015,0.0
26.015,26.025,0.0
26.025,26.035,0.0
26.035,26.045,0.0
26.045,26.055,0.0
26.055,26.065,0.0
26.065,26.075,0.0
26.075,26.085,0.0
26.085,26.095,0.0
26.095,26.105,0.0
26.105,26.115,0.0
26.115,26.125,0.0
26.125,26.135,0.0
26.135,26.145,0.0
26.145,26.155,0.0
26.155,26.165,0.0
26.165,26.175,0.0
26.175,26.185,0.0
26.185,26.195,0.0
26.195,26.205,0.0
26.205,26.215,0.0
26.215,26.225,0.0
26.225,26.235,0.0
26.235,26.245,0.0
26.245,26.255,0.0
26.255,26.265,0.0
26.265,26.275,0.0
26.275,26.285,0.0
26.285,26.295,0.0
26.295,26.305,0.0
26.305,26.315,169.20260064895103
26.315,26.325,170.06344621505022
26.325,26.335,169.6459893428692
26.335,26.345,168.25659868630044
26.345,26.355,167.6973883210742
26.355,26.365,175.5279642867588
26.365,26.375,184.69398658210778
26.375,26.385,186.46118315349037
26.385,26.395,187.62800470535956
26.395,26.405,189.51551514613297
26.405,26.415,195.19880450843576
26.415,26.425,202.31999789461534
26.425,26.435,216.25517401613158
26.435,26.445,229.340534990527
26.445,26.455,237.57167597041683
26.455,26.465,254.58756253797648
26.465,26.475,259.735452300168
26.475,26.485,269.2221220170944
26.485,26.495,273.51957590742137
26.495,26.505,276.9053638856502
26.505,26.515,284.7441900192406
26.515,26.525,287.3935615255889
26.525,26.535,286.6515902037864
26.535,26.545,0.0
26.545,26.555,0.0
26.555,26.565,0.0
26.565,26.575,0.0
26.575,26.585,0.0
26.585,26.595,0.0
26.595,26.605,0.0
26.605,26.615,0.0
26.615,26.625,0.0
26.625,26.635,0.0
26.635,26.645,0.0
26.645,26.655,0.0
26.655,26.665,0.0
26.665,26.675,0.0
26.675,26.685,0.0
26.685,26.695,0.0
26.695,26.705,0.0
26.705,26.715,0.0
26.715,26.725,0.0
26.725,26.735,237.0717401193407
26.735,26.745,236.47300987983266
26.745,26.755,239.19647474023105
26.755,26.765,238.41097129889494
26.765,26.775,234.33773774328628
26.775,26.785,227.00563471630886
26.785,26.795,219.9265645820753
26.795,26.805,216.13286335297371
26.805,26.815,213.4372345336451
26.815,26.825,210.4672456895289
26.825,26.835,207.2913020018849
26.835,26.845,0.0
26.845,26.855,0.0
26.855,26.865,0.0
26.865,26.875,0.0
26.875,26.885,0.0
26.885,26.895,0.0
26.895,26.905,0.0
26.905,26.915,0.0
26.915,26.925,0.0
26.925,26.935,0.0
26.935,26.945,0.0
26.945,26.955,0.0
26.955,26.965,0.0
26.965,26.975,0.0
26.975,26.985,0.0
26.985,26.995,179.77142500598939
26.995,27.005,180.2910855569367
27.005,27.015,180.09831570316368
27.015,27.025,179.13363297959125
27.025,27.035,178.3507398264034
27.035,27.045,0.0
27.045,27.055,0.0
27.055,27.065,0.0
27.065,27.075,0.0
27.075,27.085,0.0
27.085,27.095,0.0
27.095,27.105,0.0
27.105,27.115,0.0
27.115,27.125,0.0
27.125,27.135,0.0
27.135,27.145,0.0
27.145,27.155,0.0
27.155,27.165,0.0
27.165,27.175,0.0
27.175,27.185,173.22936692442877
27.185,27.195,171.95593234992427
27.195,27.205,170.67920934879186
27.205,27.215,169.65284067909735
27.215,27.225,168.87196412839094
27.225,27.235,168.4771690161547
27.235,27.245,168.36430923826128
27.245,27.255,168.3855703463254
27.255,27.265,0.0
27.265,27.275,0.0
27.275,27.285,0.0
27.285,27.295,187.41529831542738
27.295,27.305,187.61867982171998
27.305,27.315,188.09895148694065
27.315,27.325,189.64890833855662
27.325,27.335,192.36284156607906
27.335,27.345,194.91653153894367
27.345,27.355,196.40391840625372
27.355,27.365,197.05797551669602
27.365,27.375,197.7489445133338
27.375,27.385,201.12472831826642
27.385,27.395,201.9469656635735
27.395,27.405,200.9548419011453
27.405,27.415,198.55002054421266
27.415,27.425,196.1715530922738
27.425,27.435,193.55908148604337
27.435,27.445,186.32128137108927
27.445,27.455,174.3381629628025
27.455,27.465,171.87442121585144
27.465,27.475,169.85834812173346
27.475,27.485,167.5392322857516
27.485,27.495,165.0515802433353
27.495,27.505,162.94595799586185
27.505,27.515,162.37352183593939
27.515,27.525,0.0
27.525,27.535,0.0
27.535,27.545,0.0
27.545,27.555,0.0
27.555,27.565,0.0
27.565,27.575,0.0
27.575,27.585,0.0
27.585,27.595,0.0
27.595,27.605,0.0
27.605,27.615,0.0
27.615,27.625,0.0
27.625,27.635,0.0
27.635,27.645,0.0
27.645,27.655,0.0
27.655,27.665,0.0
27.665,27.675,191.47264959584658
27.675,27.685,191.1044015508639
27.685,27.695,190.51179737761578
27.695,27.705,189.98444745984568
27.705,27.715,189.78697954656383
27.715,27.725,189.32780481228986
27.725,27.735,188.39646798350066
27.735,27.745,188.36360340938361
27.745,27.755,189.27577153004168
27.755,27.765,189.57942282314127
27.765,27.775,188.462924206987
27.775,27.785,186.21793431892615
27.785,27.795,183.42954691383102
27.795,27.805,181.00589849524331
27.805,27.815,179.35751884816645
27.815,27.825,178.01144193236934
27.825,27.835,176.99262493116285
27.835,27.845,0.0
27.845,27.855,0.0
27.855,27.865,0.0
27.865,27.875,0.0
27.875,27.885,0.0
27.885,27.895,0.0
27.895,27.905,0.0
27.905,27.915,0.0
27.915,27.925,178.08419819959053
27.925,27.935,169.31011746546085
27.935,27.945,163.63710998896286
27.945,27.955,159.957021300307
27.955,27.965,157.32853153971018
27.965,27.975,155.1782563270591
27.975,27.985,153.2023717572904
27.985,27.995,151.32949081937508
27.995,28.005,149.73837115400886
28.005,28.015,0.0
28.015,28.025,0.0
28.025,28.035,0.0
28.035,28.045,0.0
28.045,28.055,0.0
28.055,28.065,0.0
28.065,28.075,0.0
28.075,28.085,0.0
28.085,28.095,0.0
28.095,28.105,0.0
28.105,28.115,0.0
28.115,28.125,0.0
28.125,28.135,0.0
28.135,28.145,0.0
28.145,28.155,0.0
28.155,28.165,0.0
28.165,28.175,0.0
28.175,28.185,170.97850336309293
28.185,28.195,169.47110025302436
28.195,28.205,167.86277331963822
28.205,28.215,166.21215000326114
28.215,28.225,163.90555328529587
28.225,28.235,0.0
28.235,28.245,159.19626429084352
28.245,28.255,157.16079645902147
28.255,28.265,155.36068204993424
28.265,28.275,154.23282357039636
28.275,28.285,153.72829523050584
28.285,28.295,153.7580992479098
28.295,28.305,154.2334897462186
28.305,28.315,154.78571817518224
28.315,28.325,155.25748619684578
28.325,28.335,155.75869535690515
28.335,28.345,0.0
28.345,28.355,0.0
28.355,28.365,0.0
28.365,28.375,0.0
28.375,28.385,0.0
28.385,28.395,0.0
28.395,28.405,0.0
28.405,28.415,0.0
28.415,28.425,0.0
28.425,28.435,169.05791152978884
28.435,28.445,168.84279527732488
28.445,28.455,166.03903326860257
28.455,28.465,163.04360276291217
28.465,28.475,159.72306795891842
28.475,28.485,155.15464364483108
28.485,28.495,151.36460523335427
28.495,28.505,149.14292154908313
28.505,28.515,148.91160426407825
28.515,28.525,150.1931873678849
28.525,28.535,152.36540428116004
28.535,28.545,154.5084190517618
28.545,28.555,154.19805416309836
28.555,28.565,0.0
28.565,28.575,0.0
28.575,28.585,0.0
28.585,28.595,0.0
28.595,28.605,0.0
28.605,28.615,0.0
28.615,28.625,0.0
28.625,28.635,0.0
28.635,28.645,0.0
28.645,28.655,0.0
28.655,28.665,169.56145283886562
28.665,28.675,168.35407478334065
28.675,28.685,166.00976220995395
28.685,28.695,156.74622825440898
28.695,28.705,156.93127028551132
28.705,28.715,156.7996307579255
28.715,28.725,156.492369955072
28.725,28.735,156.21001584648573
28.735,28.745,156.5812812763963
28.745,28.755,0.0
28.755,28.765,0.0
28.765,28.775,0.0
28.775,28.785,0.0
28.785,28.795,0.0
28.795,28.805,0.0
28.805,28.815,0.0
28.815,28.825,0.0
28.825,28.835,0.0
28.835,28.845,0.0
28.845,28.855,0.0
28.855,28.865,0.0
28.865,28.875,0.0
28.875,28.885,0.0
28.885,28.895,0.0
28.895,28.905,0.0
28.905,28.915,0.0
28.915,28.925,0.0
28.925,28.935,0.0
28.935,28.945,172.73359960333832
28.945,28.955,172.10888840694165
28.955,28.965,170.25773299032127
28.965,28.975,168.43556745633742
28.975,28.985,167.75778221755382
28.985,28.995,168.02167913072842
28.995,29.005,168.18923957327058
29.005,29.015,167.98007615702574
29.015,29.025,0.0
29.025,29.035,0.0
29.035,29.045,0.0
29.045,29.055,0.0
29.055,29.065,170.75351095188694
29.065,29.075,169.92748194348735
29.075,29.085,168.50432670402037
29.085,29.095,166.55102320134847
29.095,29.105,164.5565471539276
29.105,29.115,163.51995207618998
29.115,29.125,162.73957588846423
29.125,29.135,162.02905863917363
29.135,29.145,161.48256296130302
29.145,29.155,0.0
29.155,29.165,0.0
29.165,29.175,0.0
29.175,29.185,0.0
29.185,29.195,0.0
29.195,29.205,0.0
29.205,29.215,0.0
29.215,29.225,0.0
29.225,29.235,0.0
29.235,29.245,0.0
29.245,29.255,168.48322002598172
29.255,29.265,167.9607819761116
29.265,29.275,164.78226618409562
29.275,29.285,161.826734741064
29.285,29.295,159.58332108878554
29.295,29.305,157.95366263447352
29.305,29.315,157.53343098834338
29.315,29.325,158.32917235472692
29.325,29.335,0.0
29.335,29.345,0.0
29.345,29.355,0.0
29.355,29.365,0.0
29.365,29.375,0.0
29.375,29.385,175.5464960571871
29.385,29.395,177.3979661667449
29.395,29.405,177.23001084537896
29.405,29.415,175.53069120560272
29.415,29.425,172.25804836059052
29.425,29.435,0.0
29.435,29.445,0.0
29.445,29.455,0.0
29.455,29.465,0.0
29.465,29.475,0.0
29.475,29.485,168.03924040450391
29.485,29.495,166.7535859480292
29.495,29.505,163.80703058366544
29.505,29.515,160.716686555507
29.515,29.525,158.40137741821275
29.525,29.535,156.86242419668946
29.535,29.545,155.9627311690712
29.545,29.555,156.3404838479467
29.555,29.565,157.42707756084624
29.565,29.575,0.0
29.575,29.585,0.0
29.585,29.595,0.0
29.595,29.605,0.0
29.605,29.615,0.0
29.615,29.625,0.0
29.625,29.635,0.0
29.635,29.645,0.0
29.645,29.655,0.0
29.655,29.665,177.53349295469815
29.665,29.675,175.15110219005234
29.675,29.685,172.42420219149264
29.685,29.695,169.5748292654242
29.695,29.705,0.0
29.705,29.715,0.0
29.715,29.725,0.0
29.725,29.735,0.0
29.735,29.745,0.0
29.745,29.755,0.0
29.755,29.765,166.8496931315921
29.765,29.775,165.88621490675837
29.775,29.785,163.79883160054968
29.785,29.795,161.2444711300079
29.795,29.805,158.03146166099498
29.805,29.815,156.57437880251385
29.815,29.825,157.37649640642408
29.825,29.835,0.0
29.835,29.845,0.0
29.845,29.855,0.0
29.855,29.865,0.0
29.865,29.875,0.0
29.875,29.885,0.0
29.885,29.895,0.0
29.895,29.905,0.0
29.905,29.915,0.0
29.915,29.925,0.0
29.925,29.935,0.0
29.935,29.945,0.0
29.945,29.955,0.0
29.955,29.965,0.0
29.965,29.975,0.0
29.975,29.985,0.0
29.985,29.995,0.0
29.995,30.005,0.0
30.005,30.015,0.0
30.015,30.025,0.0
30.025,30.035,0.0
30.035,30.045,0.0
30.045,30.055,0.0
30.055,30.065,0.0
30.065,30.075,0.0
30.075,30.085,0.0
30.085,30.095,0.0
30.095,30.105,0.0
30.105,30.115,0.0
30.115,30.125,0.0
30.125,30.135,0.0
30.135,30.145,0.0
30.145,30.155,0.0
30.155,30.165,149.56842110134315
30.165,30.175,150.8806502811111
30.175,30.185,152.17265621455812
30.185,30.195,152.80486539342706
30.195,30.205,152.7535540808283
30.205,30.215,152.52914344624133
30.215,30.225,152.73903300384322
30.225,30.235,153.15507432286907
30.235,30.245,153.32229129076902
30.245,30.255,0.0
30.255,30.265,195.05778839712136
30.265,30.275,205.0417998884282
30.275,30.285,212.73770574180892
30.285,30.295,231.38975058017957
30.295,30.305,240.83282231331518
30.305,30.315,246.9769154915205
30.315,30.325,252.60430174519462
30.325,30.335,255.73193548823883
30.335,30.345,260.6330775082689
30.345,30.355,270.6930610637115
30.355,30.365,0.0
30.365,30.375,0.0
30.375,30.385,0.0
30.385,30.395,0.0
30.395,30.405,0.0
30.405,30.415,0.0
30.415,30.425,0.0
30.425,30.435,0.0
30.435,30.445,0.0
30.445,30.455,0.0
30.455,30.465,0.0
30.465,30.475,0.0
30.475,30.485,0.0
30.485,30.495,0.0
30.495,30.505,0.0
30.505,30.515,0.0
30.515,30.525,0.0
30.525,30.535,0.0
30.535,30.545,0.0
30.545,30.555,0.0
30.555,30.565,0.0
30.565,30.575,0.0
30.575,30.585,0.0
30.585,30.595,0.0
30.595,30.605,0.0
30.605,30.615,0.0
30.615,30.625,0.0
30.625,30.635,0.0
30.635,30.645,0.0
30.645,30.655,0.0
30.655,30.665,0.0
30.665,30.675,0.0
30.675,30.685,0.0
30.685,30.695,0.0
30.695,30.705,0.0
30.705,30.715,0.0
30.715,30.725,0.0
30.725,30.735,0.0
30.735,30.745,0.0
30.745,30.755,0.0
30.755,30.765,0.0
30.765,30.775,0.0
30.775,30.785,0.0
30.785,30.795,0.0
30.795,30.805,0.0
30.805,30.815,0.0
30.815,30.825,0.0
30.825,30.835,0.0
30.835,30.845,0.0
30.845,30.855,0.0
30.855,30.865,0.0
30.865,30.875,0.0
30.875,30.885,0.0
30.885,30.895,0.0
30.895,30.905,0.0
30.905,30.915,0.0
30.915,30.925,0.0
30.925,30.935,0.0
30.935,30.945,0.0
30.945,30.955,0.0
30.955,30.965,0.0
30.965,30.975,0.0
30.975,30.985,0.0
30.985,30.995,0.0
30.995,31.005,0.0
31.005,31.015,0.0
31.015,31.025,0.0
31.025,31.035,0.0
31.035,31.045,0.0
31.045,31.055,0.0
31.055,31.065,0.0
31.065,31.075,0.0
31.075,31.085,0.0
31.085,31.095,0.0
31.095,31.105,0.0
31.105,31.115,0.0
31.115,31.125,0.0
31.125,31.135,0.0
31.135,31.145,0.0
31.145,31.155,0.0
31.155,31.165,0.0
31.165,31.175,0.0
31.175,31.185,0.0
31.185,31.195,0.0
31.195,31.205,0.0
31.205,31.215,0.0
31.215,31.225,0.0
31.225,31.235,0.0
31.235,31.245,0.0
31.245,31.255,0.0
31.255,31.265,0.0
31.265,31.275,0.0
31.275,31.285,0.0
31.285,31.295,0.0
31.295,31.305,0.0
31.305,31.315,0.0
31.315,31.325,0.0
31.325,31.335,0.0
31.335,31.345,0.0
31.345,31.355,0.0
31.355,31.365,0.0
31.365,31.375,0.0
31.375,31.385,0.0
31.385,31.395,0.0
31.395,31.405,0.0
31.405,31.415,0.0
31.415,31.425,0.0
31.425,31.435,0.0
31.435,31.445,0.0
31.445,31.455,0.0
31.455,31.465,0.0
31.465,31.475,0.0
31.475,31.485,0.0
31.485,31.495,0.0
31.495,31.505,0.0
31.505,31.515,0.0
31.515,31.525,171.2456530714194
31.525,31.535,171.17580905620005
31.535,31.545,171.3366446640118
31.545,31.555,171.93177604625987
31.555,31.565,172.49270089701528
31.565,31.575,172.73344503481286
31.575,31.585,172.4317357565437
31.585,31.595,0.0
31.595,31.605,0.0
31.605,31.615,0.0
31.615,31.625,0.0
31.625,31.635,0.0
31.635,31.645,154.59328336592853
31.645,31.655,154.18237641588908
31.655,31.665,152.83535362231143
31.665,31.675,150.41411059942706
31.675,31.685,148.45242234145044
31.685,31.695,148.0369253283588
31.695,31.705,148.91680417258078
31.705,31.715,150.2463273903502
31.715,31.725,151.12055207438075
31.725,31.735,151.35990305212542
31.735,31.745,151.29589760448152
31.745,31.755,150.85924511545377
31.755,31.765,149.7582164190298
31.765,31.775,148.75891311610164
31.775,31.785,148.47647804211198
31.785,31.795,149.32552972292197
31.795,31.805,150.04123499076164
31.805,31.815,149.06130419399062
31.815,31.825,147.3228588353825
31.825,31.835,146.17578926623472
31.835,31.845,144.78970599659408
31.845,31.855,143.7733372723886
31.855,31.865,0.0
31.865,31.875,0.0
31.875,31.885,0.0
31.885,31.895,0.0
31.895,31.905,0.0
31.905,31.915,0.0
31.915,31.925,0.0
31.925,31.935,0.0
31.935,31.945,0.0
31.945,31.955,0.0
31.955,31.965,0.0
31.965,31.975,0.0
31.975,31.985,0.0
31.985,31.995,0.0
31.995,32.005,0.0
32.005,32.015,0.0
32.015,32.025,0.0
32.025,32.035,0.0
32.035,32.045,0.0
32.045,32.055,0.0
32.055,32.065,0.0
32.065,32.075,0.0
32.075,32.085,0.0
32.085,32.095,0.0
32.095,32.105,0.0
32.105,32.115,0.0
32.115,32.125,0.0
32.125,32.135,0.0
32.135,32.145,0.0
32.145,32.155,0.0
32.155,32.165,0.0
32.165,32.175,0.0
32.175,32.185,0.0
32.185,32.195,0.0
32.195,32.205,0.0
32.205,32.215,0.0
32.215,32.225,0.0
32.225,32.235,0.0
32.235,32.245,0.0
32.245,32.255,0.0
32.255,32.265,0.0
32.265,32.275,0.0
32.275,32.285,0.0
32.285,32.295,0.0
32.295,32.305,0.0
32.305,32.315,0.0
32.315,32.325,0.0
32.325,32.335,167.29325087556936
32.335,32.345,166.5736925546068
32.345,32.355,164.48485112940574
32.355,32.365,161.49017476550043
32.365,32.375,158.62392939260386
32.375,32.385,156.68366789836406
32.385,32.395,155.28880024206953
32.395,32.405,154.0137992115352
32.405,32.415,152.33574479185143
32.415,32.425,151.28553966922502
32.425,32.435,151.15761973291464
32.435,32.445,151.25435777910863
32.445,32.455,151.07344782105292
32.455,32.465,151.0420724566442
32.465,32.475,151.70708117472444
32.475,32.485,152.65301930941956
32.485,32.495,0.0
32.495,32.505,0.0
32.505,32.515,0.0
32.515,32.525,0.0
32.525,32.535,0.0
32.535,32.545,155.7808988294658
32.545,32.555,156.3119315289954
32.555,32.565,156.25120156449196
32.565,32.575,155.96578893805227
32.575,32.585,0.0
32.585,32.595,0.0
32.595,32.605,0.0
32.605,32.615,0.0
32.615,32.625,0.0
32.625,32.635,0.0
32.635,32.645,0.0
32.645,32.655,0.0
32.655,32.665,0.0
32.665,32.675,0.0
32.675,32.685,0.0
32.685,32.695,0.0
32.695,32.705,0.0
32.705,32.715,0.0
32.715,32.725,0.0
32.725,32.735,0.0
32.735,32.745,169.39110308726484
32.745,32.755,165.08656571191932
32.755,32.765,161.79171760439013
32.765,32.775,160.13260172880803
32.775,32.785,158.33629867550425
32.785,32.795,0.0
32.795,32.805,0.0
32.805,32.815,0.0
32.815,32.825,0.0
32.825,32.835,0.0
32.835,32.845,0.0
32.845,32.855,0.0
32.855,32.865,162.79569047273407
32.865,32.875,161.47947770283162
32.875,32.885,160.0560394734339
32.885,32.895,159.073495275431
32.895,32.905,158.3176841524137
32.905,32.915,157.36680547400496
32.915,32.925,156.77073310083193
32.925,32.935,157.2169797626895
32.935,32.945,158.2512929255646
32.945,32.955,158.96460212002842
32.955,32.965,159.01483616398446
32.965,32.975,158.14789827796642
32.975,32.985,0.0
32.985,32.995,0.0
32.995,33.005,0.0
33.005,33.015,0.0
33.015,33.025,0.0
33.025,33.035,0.0
33.035,33.045,0.0
33.045,33.055,0.0
33.055,33.065,162.8576243323332
33.065,33.075,163.13386427904769
33.075,33.085,164.2398728616667
33.085,33.095,166.66665489670447
33.095,33.105,168.34379274984883
33.105,33.115,170.08664158891
33.115,33.125,172.4060551175406
33.125,33.135,174.85429018341097
33.135,33.145,177.73611592972733
33.145,33.155,181.77598846581017
33.155,33.165,186.37888194103334
33.165,33.175,189.905756669986
33.175,33.185,192.61517066433842
33.185,33.195,0.0
33.195,33.205,0.0
33.205,33.215,0.0
33.215,33.225,0.0
33.225,33.235,0.0
33.235,33.245,0.0
33.245,33.255,0.0
33.255,33.265,0.0
33.265,33.275,175.8474591680756
33.275,33.285,181.6400162720189
33.285,33.295,183.72047865408544
33.295,33.305,185.842855413205
33.305,33.315,188.14872953356732
33.315,33.325,188.70632528601524
33.325,33.335,187.47690932264558
33.335,33.345,0.0
33.345,33.355,0.0
33.355,33.365,0.0
33.365,33.375,0.0
33.375,33.385,0.0
33.385,33.395,0.0
33.395,33.405,0.0
33.405,33.415,170.80469028887103
33.415,33.425,166.40806581934999
33.425,33.435,162.1084874236506
33.435,33.445,158.72486778195554
33.445,33.455,156.7315166252977
33.455,33.465,155.87674476439742
33.465,33.475,155.71979658290107
33.475,33.485,156.03139772616925
33.485,33.495,156.6952330371084
33.495,33.505,157.1642377595587
33.505,33.515,156.83522834332013
33.515,33.525,155.6636892445299
33.525,33.535,153.98620734042
33.535,33.545,152.66233161934267
33.545,33.555,0.0
33.555,33.565,0.0
33.565,33.575,0.0
33.575,33.585,0.0
33.585,33.595,0.0
33.595,33.605,0.0
33.605,33.615,0.0
33.615,33.625,0.0
33.625,33.635,0.0
33.635,33.645,0.0
33.645,33.655,0.0
33.655,33.665,0.0
33.665,33.675,0.0
33.675,33.685,0.0
33.685,33.695,0.0
33.695,33.705,0.0
33.705,33.715,0.0
33.715,33.725,155.75758293609536
33.725,33.735,155.94014175846394
33.735,33.745,155.86423696536295
33.745,33.755,155.69893708117323
33.755,33.765,155.38188288916717
33.765,33.775,155.17258670147194
33.775,33.785,155.4292510253229
33.785,33.795,156.4190704909719
33.795,33.805,157.2920823775144
33.805,33.815,157.5614704948735
33.815,33.825,157.30152054054597
33.825,33.835,0.0
33.835,33.845,0.0
33.845,33.855,0.0
33.855,33.865,0.0
33.865,33.875,0.0
33.875,33.885,0.0
33.885,33.895,0.0
33.895,33.905,0.0
33.905,33.915,0.0
33.915,33.925,0.0
33.925,33.935,0.0
33.935,33.945,0.0
33.945,33.955,0.0
33.955,33.965,0.0
33.965,33.975,0.0
33.975,33.985,0.0
33.985,33.995,0.0
33.995,34.005,0.0
34.005,34.015,0.0
34.015,34.025,0.0
34.025,34.035,0.0
34.035,34.045,0.0
34.045,34.055,0.0
34.055,34.065,0.0
34.065,34.075,0.0
34.075,34.085,0.0
34.085,34.095,0.0
34.095,34.105,0.0
34.105,34.115,0.0
34.115,34.125,0.0
34.125,34.135,0.0
34.135,34.145,0.0
34.145,34.155,0.0
34.155,34.165,0.0
34.165,34.175,0.0
34.175,34.185,0.0
34.185,34.195,0.0
34.195,34.205,0.0
34.205,34.215,0.0
34.215,34.225,0.0
34.225,34.235,0.0
34.235,34.245,0.0
34.245,34.255,158.96977955034163
34.255,34.265,157.10441144954908
34.265,34.275,155.54891256332596
34.275,34.285,154.58325122012076
34.285,34.295,154.02243145716352
34.295,34.305,153.36742975180456
34.305,34.315,152.41401243622317
34.315,34.325,0.0
34.325,34.335,0.0
34.335,34.345,0.0
34.345,34.355,0.0
34.355,34.365,0.0
34.365,34.375,0.0
34.375,34.385,0.0
34.385,34.395,0.0
34.395,34.405,0.0
34.405,34.415,0.0
34.415,34.425,0.0
34.425,34.435,0.0
34.435,34.445,0.0
34.445,34.455,153.18540161444884
34.455,34.465,155.35690206548236
34.465,34.475,156.1341951284763
34.475,34.485,156.5972454881457
34.485,34.495,157.19859443260148
34.495,34.505,157.66610873646727
34.505,34.515,157.58402953141152
34.515,34.525,0.0
34.525,34.535,0.0
34.535,34.545,0.0
34.545,34.555,0.0
34.555,34.565,0.0
34.565,34.575,0.0
34.575,34.585,0.0
34.585,34.595,0.0
34.595,34.605,0.0
34.605,34.615,0.0
34.615,34.625,0.0
34.625,34.635,0.0
34.635,34.645,0.0
34.645,34.655,0.0
34.655,34.665,0.0
34.665,34.675,0.0
34.675,34.685,0.0
34.685,34.695,0.0
34.695,34.705,0.0
34.705,34.715,0.0
34.715,34.725,0.0
34.725,34.735,0.0
34.735,34.745,0.0
34.745,34.755,0.0
34.755,34.765,0.0
34.765,34.775,0.0
34.775,34.785,0.0
34.785,34.795,0.0
34.795,34.805,0.0
34.805,34.815,0.0
34.815,34.825,0.0
34.825,34.835,0.0
34.835,34.845,0.0
34.845,34.855,0.0
34.855,34.865,0.0
34.865,34.875,0.0
34.875,34.885,0.0
34.885,34.895,0.0
34.895,34.905,0.0
34.905,34.915,0.0
34.915,34.925,0.0
34.925,34.935,141.54233665689463
34.935,34.945,141.5744823795233
34.945,34.955,141.55819166692407
34.955,34.965,0.0
34.965,34.975,0.0
34.975,34.985,0.0
34.985,34.995,0.0
34.995,35.005,0.0
35.005,35.015,0.0
35.015,35.025,0.0
35.025,35.035,0.0
35.035,35.045,0.0
35.045,35.055,0.0
35.055,35.065,0.0
35.065,35.075,0.0
35.075,35.085,0.0
35.085,35.095,167.48088527131307
35.095,35.105,167.61077420672635
35.105,35.115,166.97922224946336
35.115,35.125,165.7621706247757
35.125,35.135,163.5639794809443
35.135,35.145,157.81853933593655
35.145,35.155,151.56615399042408
35.155,35.165,149.7628218993241
35.165,35.175,149.44303880352237
35.175,35.185,149.99182432726712
35.185,35.195,150.19121237151612
35.195,35.205,149.25287914191193
35.205,35.215,147.4962726807671
35.215,35.225,145.11629500935737
35.225,35.235,142.571241862971
35.235,35.245,140.28861988844713
35.245,35.255,138.14017631905054
35.255,35.265,0.0
35.265,35.275,0.0
35.275,35.285,0.0
35.285,35.295,145.971409069222
35.295,35.305,145.15800645242538
35.305,35.315,144.39306495639974
35.315,35.325,143.8421264278294
35.325,35.335,143.57937696837016
35.335,35.345,0.0
35.345,35.355,0.0
35.355,35.365,0.0
35.365,35.375,0.0
35.375,35.385,0.0
35.385,35.395,0.0
35.395,35.405,0.0
35.405,35.415,0.0
35.415,35.425,0.0
35.425,35.435,0.0
35.435,35.445,0.0
35.445,35.455,0.0
35.455,35.465,0.0
35.465,35.475,0.0
35.475,35.485,0.0
35.485,35.495,0.0
35.495,35.505,0.0
35.505,35.515,0.0
35.515,35.525,0.0
35.525,35.535,0.0
35.535,35.545,0.0
35.545,35.555,0.0
35.555,35.565,0.0
35.565,35.575,0.0
35.575,35.585,0.0
35.585,35.595,0.0
35.595,35.605,0.0
35.605,35.615,0.0
35.615,35.625,0.0
35.625,35.635,0.0
35.635,35.645,0.0
35.645,35.655,0.0
35.655,35.665,0.0
35.665,35.675,0.0
35.675,35.685,0.0
35.685,35.695,0.0
35.695,35.705,0.0
35.705,35.715,0.0
35.715,35.725,0.0
35.725,35.735,0.0
35.735,35.745,0.0
35.745,35.755,0.0
35.755,35.765,0.0
35.765,35.775,0.0
35.775,35.785,0.0
35.785,35.795,0.0
35.795,35.805,0.0
35.805,35.815,0.0
35.815,35.825,0.0
35.825,35.835,0.0
35.835,35.845,0.0
35.845,35.855,0.0
35.855,35.865,0.0
35.865,35.875,0.0
35.875,35.885,0.0
35.885,35.895,0.0
35.895,35.905,0.0
35.905,35.915,0.0
35.915,35.925,0.0
35.925,35.935,0.0
35.935,35.945,0.0
35.945,35.955,0.0
35.955,35.965,0.0
35.965,35.975,0.0
35.975,35.985,0.0
35.985,35.995,0.0
35.995,36.005,0.0
36.005,36.015,0.0
36.015,36.025,0.0
36.025,36.035,0.0
36.035,36.045,0.0
36.045,36.055,0.0
36.055,36.065,0.0
36.065,36.075,0.0
36.075,36.085,0.0
36.085,36.095,0.0
36.095,36.105,0.0
36.105,36.115,0.0
36.115,36.125,0.0
36.125,36.135,0.0
36.135,36.145,0.0
36.145,36.155,0.0
36.155,36.165,0.0
36.165,36.175,0.0
36.175,36.185,0.0
36.185,36.195,0.0
36.195,36.205,0.0
36.205,36.215,0.0
36.215,36.225,0.0
36.225,36.235,0.0
36.235,36.245,0.0
36.245,36.255,0.0
36.255,36.265,0.0
36.265,36.275,0.0
36.275,36.285,0.0
36.285,36.295,0.0
36.295,36.305,0.0
36.305,36.315,0.0
36.315,36.325,0.0
36.325,36.335,0.0
36.335,36.345,0.0
36.345,36.355,0.0
36.355,36.365,0.0
36.365,36.375,0.0
36.375,36.385,0.0
36.385,36.395,0.0
36.395,36.405,140.35995901897755
36.405,36.415,141.02212445793515
36.415,36.425,140.86422037696323
36.425,36.435,140.1141081680904
36.435,36.445,139.4264598548119
36.445,36.455,138.8417770089142
36.455,36.465,138.4137777691428
36.465,36.475,0.0
36.475,36.485,0.0
36.485,36.495,0.0
36.495,36.505,0.0
36.505,36.515,0.0
36.515,36.525,0.0
36.525,36.535,0.0
36.535,36.545,0.0
36.545,36.555,0.0
36.555,36.565,0.0
36.565,36.575,0.0
36.575,36.585,0.0
36.585,36.595,0.0
36.595,36.605,0.0
36.605,36.615,0.0
36.615,36.625,0.0
36.625,36.635,0.0
36.635,36.645,0.0
36.645,36.655,0.0
36.655,36.665,0.0
36.665,36.675,142.89295102669897
36.675,36.685,143.86871167094424
36.685,36.695,144.31376200524966
36.695,36.705,144.44241505457768
36.705,36.715,144.44135268613118
36.715,36.725,0.0
36.725,36.735,0.0
36.735,36.745,0.0
36.745,36.755,0.0
36.755,36.765,0.0
36.765,36.775,0.0
36.775,36.785,0.0
36.785,36.795,0.0
36.795,36.805,0.0
36.805,36.815,0.0
36.815,36.825,0.0
36.825,36.835,0.0
36.835,36.845,0.0
36.845,36.855,0.0
36.855,36.865,0.0
36.865,36.875,0.0
36.875,36.885,0.0
36.885,36.895,0.0
36.895,36.905,0.0
36.905,36.915,0.0
36.915,36.925,0.0
36.925,36.935,0.0
36.935,36.945,0.0
36.945,36.955,0.0
36.955,36.965,0.0
36.965,36.975,0.0
36.975,36.985,0.0
36.985,36.995,0.0
36.995,37.005,0.0
37.005,37.015,0.0
37.015,37.025,0.0
37.025,37.035,0.0
37.035,37.045,0.0
37.045,37.055,0.0
37.055,37.065,0.0
37.065,37.075,0.0
37.075,37.085,0.0
37.085,37.095,0.0
37.095,37.105,0.0
37.105,37.115,0.0
37.115,37.125,0.0
37.125,37.135,0.0
37.135,37.145,0.0
37.145,37.155,0.0
37.155,37.165,0.0
37.165,37.175,0.0
37.175,37.185,0.0
37.185,37.195,0.0
37.195,37.205,0.0
37.205,37.215,0.0
37.215,37.225,0.0
37.225,37.235,0.0
37.235,37.245,0.0
37.245,37.255,0.0
37.255,37.265,0.0
37.265,37.275,0.0
37.275,37.285,0.0
37.285,37.295,0.0
37.295,37.305,0.0
37.305,37.315,0.0
37.315,37.325,0.0
37.325,37.335,0.0
37.335,37.345,0.0
37.345,37.355,0.0
37.355,37.365,0.0
37.365,37.375,0.0
37.375,37.385,0.0
37.385,37.395,0.0
37.395,37.405,0.0
37.405,37.415,0.0
37.415,37.425,0.0
37.425,37.435,0.0
37.435,37.445,0.0
37.445,37.455,0.0
37.455,37.465,0.0
37.465,37.475,121.23437819924108
37.475,37.485,120.81545227555253
37.485,37.495,119.77978786283856
37.495,37.505,117.5330006843498
37.505,37.515,115.9244907812806
37.515,37.525,114.94428973460664
37.525,37.535,113.38761977374084
37.535,37.545,111.69883672993154
37.545,37.555,110.06319388795617
37.555,37.565,108.63069303856904
37.565,37.575,108.38785464957405
37.575,37.585,108.71070125584154
37.585,37.595,110.59498571257605
37.595,37.605,112.51542655974603
37.605,37.615,113.17646397911635
37.615,37.625,0.0
37.625,37.635,0.0
37.635,37.645,0.0
37.645,37.655,0.0
37.655,37.665,0.0
37.665,37.675,0.0
37.675,37.685,0.0
37.685,37.695,0.0
37.695,37.705,0.0
37.705,37.715,0.0
37.715,37.725,0.0
37.725,37.735,0.0
37.735,37.745,0.0
37.745,37.755,0.0
37.755,37.765,0.0
37.765,37.775,0.0
37.775,37.785,0.0
37.785,37.795,0.0
37.795,37.805,0.0
37.805,37.815,0.0
37.815,37.825,0.0
37.825,37.835,0.0
37.835,37.845,0.0
37.845,37.855,0.0
37.855,37.865,0.0
37.865,37.875,0.0
37.875,37.885,0.0
37.885,37.895,0.0
37.895,37.905,0.0
37.905,37.915,0.0
37.915,37.925,0.0
37.925,37.935,0.0
37.935,37.945,0.0
37.945,37.955,0.0
37.955,37.965,0.0
37.965,37.975,0.0
37.975,37.985,0.0
37.985,37.995,0.0
37.995,38.005,0.0
38.005,38.015,0.0
38.015,38.025,0.0
38.025,38.035,0.0
38.035,38.045,0.0
38.045,38.055,0.0
38.055,38.065,0.0
38.065,38.075,0.0
38.075,38.085,0.0
38.085,38.095,0.0
38.095,38.105,0.0
38.105,38.115,0.0
38.115,38.125,0.0
38.125,38.135,0.0
38.135,38.145,0.0
38.145,38.155,0.0
38.155,38.165,0.0
38.165,38.175,0.0
38.175,38.185,0.0
38.185,38.195,0.0
38.195,38.205,0.0
38.205,38.215,0.0
38.215,38.225,0.0
38.225,38.235,0.0
38.235,38.245,0.0
38.245,38.255,0.0
38.255,38.265,0.0
38.265,38.275,0.0
38.275,38.285,0.0
38.285,38.295,0.0
38.295,38.305,0.0
38.305,38.315,0.0
38.315,38.325,0.0
38.325,38.335,0.0
38.335,38.345,0.0
38.345,38.355,0.0
38.355,38.365,0.0
38.365,38.375,0.0
38.375,38.385,0.0
38.385,38.395,0.0
38.395,38.405,0.0
38.405,38.415,0.0
38.415,38.425,0.0
38.425,38.435,0.0
38.435,38.445,0.0
38.445,38.455,0.0
38.455,38.465,0.0
38.465,38.475,0.0
38.475,38.485,0.0
38.485,38.495,0.0
38.495,38.505,0.0
38.505,38.515,0.0
38.515,38.525,0.0
38.525,38.535,0.0
38.535,38.545,0.0
38.545,38.555,0.0
38.555,38.565,0.0
38.565,38.575,0.0
38.575,38.585,0.0
38.585,38.595,0.0
38.595,38.605,0.0
38.605,38.615,0.0
38.615,38.625,0.0
38.625,38.635,0.0
38.635,38.645,0.0
38.645,38.655,0.0
38.655,38.665,0.0
38.665,38.675,0.0
38.675,38.685,0.0
38.685,38.695,0.0
38.695,38.705,0.0
38.705,38.715,0.0
38.715,38.725,0.0
38.725,38.735,0.0
38.735,38.745,0.0
38.745,38.755,0.0
38.755,38.765,0.0
38.765,38.775,0.0
38.775,38.785,0.0
38.785,38.795,0.0
38.795,38.805,0.0
38.805,38.815,0.0
38.815,38.825,0.0
38.825,38.835,0.0
38.835,38.845,0.0
38.845,38.855,0.0
38.855,38.865,0.0
38.865,38.875,0.0
38.875,38.885,0.0
38.885,38.895,0.0
38.895,38.905,0.0
38.905,38.915,0.0
38.915,38.925,0.0
38.925,38.935,0.0
38.935,38.945,0.0
38.945,38.955,0.0
38.955,38.965,0.0
38.965,38.975,251.9027165750589
38.975,38.985,257.9586030744404
38.985,38.995,258.97363767842006
38.995,39.005,256.91799524398465
39.005,39.015,252.9726085130966
39.015,39.025,248.86075157472098
39.025,39.035,244.39531952550192
39.035,39.045,240.34242664450534
39.045,39.055,237.13575788878367
39.055,39.065,230.98811051452418
39.065,39.075,222.69420566022953
39.075,39.085,216.5810179985468
39.085,39.095,209.98360979346356
39.095,39.105,0.0
39.105,39.115,0.0
39.115,39.125,0.0
39.125,39.135,168.60531191042702
39.135,39.145,164.96096829431593
39.145,39.155,161.27336978640912
39.155,39.165,157.43560009444974
39.165,39.175,155.08214092089375
39.175,39.185,154.57697414761958
39.185,39.195,154.30826067052666
39.195,39.205,154.0358375934623
39.205,39.215,152.86316331768555
39.215,39.225,150.10209702837417
39.225,39.235,146.82189494648912
39.235,39.245,0.0
39.245,39.255,0.0
39.255,39.265,0.0
39.265,39.275,0.0
39.275,39.285,0.0
39.285,39.295,0.0
39.295,39.305,0.0
39.305,39.315,0.0
39.315,39.325,0.0
39.325,39.335,0.0
39.335,39.345,0.0
39.345,39.355,207.78118129878666
39.355,39.365,201.81775519819467
39.365,39.375,198.86609071912656
39.375,39.385,196.11444950442345
39.385,39.395,0.0
39.395,39.405,183.76563033193725
39.405,39.415,185.48500990241828
39.415,39.425,184.47425514269696
39.425,39.435,181.39281629993718
39.435,39.445,179.03793612869512
39.445,39.455,178.2744072512889
39.455,39.465,177.8444911011331
39.465,39.475,177.15717161688193
39.475,39.485,176.25544372629582
39.485,39.495,0.0
39.495,39.505,0.0
39.505,39.515,0.0
39.515,39.525,0.0
39.525,39.535,0.0
39.535,39.545,0.0
39.545,39.555,0.0
39.555,39.565,184.77759787023965
39.565,39.575,183.5658154754808
39.575,39.585,181.29022226360598
39.585,39.595,177.5479517027415
39.595,39.605,172.2737446715559
39.605,39.615,0.0
39.615,39.625,0.0
39.625,39.635,0.0
39.635,39.645,0.0
39.645,39.655,0.0
39.655,39.665,0.0
39.665,39.675,0.0
39.675,39.685,0.0
39.685,39.695,178.13968477314015
39.695,39.705,175.60173492213946
39.705,39.715,0.0
39.715,39.725,0.0
39.725,39.735,0.0
39.735,39.745,150.1811336391715
39.745,39.755,146.94181396664985
39.755,39.765,144.8149845337087
39.765,39.775,143.21369396256821
39.775,39.785,141.9107196351156
39.785,39.795,140.42755637023134
39.795,39.805,139.34473808845257
39.805,39.815,0.0
39.815,39.825,0.0
39.825,39.835,0.0
39.835,39.845,0.0
39.845,39.855,0.0
39.855,39.865,0.0
39.865,39.875,0.0
39.875,39.885,0.0
39.885,39.895,0.0
39.895,39.905,0.0
39.905,39.915,0.0
39.915,39.925,0.0
39.925,39.935,0.0
39.935,39.945,0.0
39.945,39.955,0.0
39.955,39.965,0.0
39.965,39.975,0.0
39.975,39.985,0.0
39.985,39.995,0.0
39.995,40.005,0.0
40.005,40.015,0.0
40.015,40.025,177.33221174488685
40.025,40.035,174.12753855852745
40.035,40.045,170.51690501861594
40.045,40.055,167.33113634829883
40.055,40.065,164.828590044658
40.065,40.075,161.67809951168653
40.075,40.085,157.1540898152912
40.085,40.095,152.38676365011284
40.095,40.105,150.39927591947466
40.105,40.115,153.33349531361176
40.115,40.125,0.0
40.125,40.135,0.0
40.135,40.145,190.8779470451418
40.145,40.155,191.08536281074583
40.155,40.165,189.67962072484926
40.165,40.175,188.24147251617222
40.175,40.185,187.9715569279433
40.185,40.195,188.7141235708731
40.195,40.205,189.04522539424127
40.205,40.215,188.42782965616945
40.215,40.225,187.09353633839902
40.225,40.235,185.04943558681848
40.235,40.245,182.87070101011122
40.245,40.255,181.58039771125755
40.255,40.265,0.0
40.265,40.275,186.2559534003826
40.275,40.285,186.58418005040315
40.285,40.295,186.7264034193289
40.295,40.305,187.4228029444928
40.305,40.315,189.10147695436814
40.315,40.325,192.54381512902668
40.325,40.335,201.05709842589377
40.335,40.345,211.86100684720526
40.345,40.355,220.92429325063364
40.355,40.365,229.1056462411206
40.365,40.375,235.87482906881692
40.375,40.385,240.3182796453809
40.385,40.395,242.89108426327718
40.395,40.405,243.76453588403163
40.405,40.415,243.17518663022938
40.415,40.425,242.148596408846
40.425,40.435,242.46129641679312
40.435,40.445,244.19713210673487
40.445,40.455,244.7006015448414
40.455,40.465,239.55078008378626
40.465,40.475,0.0
40.475,40.485,0.0
40.485,40.495,0.0
40.495,40.505,0.0
40.505,40.515,0.0
40.515,40.525,0.0
40.525,40.535,0.0
40.535,40.545,0.0
40.545,40.555,224.48582164696592
40.555,40.565,219.1745010146199
40.565,40.575,212.67148366123732
40.575,40.585,206.77621930224512
40.585,40.595,202.1548019637474
40.595,40.605,198.05692112493114
40.605,40.615,194.34973981032675
40.615,40.625,191.54064039385366
40.625,40.635,0.0
40.635,40.645,0.0
40.645,40.655,0.0
40.655,40.665,0.0
40.665,40.675,0.0
40.675,40.685,0.0
40.685,40.695,0.0
40.695,40.705,0.0
40.705,40.715,186.09237447566306
40.715,40.725,183.73706327635182
40.725,40.735,180.31971966106568
40.735,40.745,175.671960615808
40.745,40.755,171.26645471823946
40.755,40.765,168.21565259387438
40.765,40.775,166.14120248965133
40.775,40.785,165.49194957474893
40.785,40.795,166.5006809774348
40.795,40.805,169.17113680186182
40.805,40.815,172.9758351303225
40.815,40.825,175.06890534851414
40.825,40.835,176.26380981200998
40.835,40.845,177.04583519966195
40.845,40.855,177.02604598876923
40.855,40.865,175.93330410097226
40.865,40.875,174.0111872748405
40.875,40.885,172.81316939491515
40.885,40.895,172.07492982155244
40.895,40.905,171.08640060101317
40.905,40.915,171.46567628309188
40.915,40.925,179.24671134751645
40.925,40.935,182.1743035237475
40.935,40.945,184.8877706869457
40.945,40.955,187.94594745014382
40.955,40.965,190.11274495327729
40.965,40.975,192.8191878107178
40.975,40.985,201.5426506881864
40.985,40.995,205.25316182025156
40.995,41.005,202.57428150361827
41.005,41.015,0.0
41.015,41.025,0.0
41.025,41.035,0.0
41.035,41.045,0.0
41.045,41.055,0.0
41.055,41.065,192.04229955119067
41.065,41.075,190.96227804073624
41.075,41.085,189.87865279523984
41.085,41.095,0.0
41.095,41.105,0.0
41.105,41.115,0.0
41.115,41.125,0.0
41.125,41.135,0.0
41.135,41.145,0.0
41.145,41.155,0.0
41.155,41.165,0.0
41.165,41.175,0.0
41.175,41.185,0.0
41.185,41.195,204.0333635650936
41.195,41.205,199.86008760465356
41.205,41.215,195.82184441078994
41.215,41.225,0.0
41.225,41.235,0.0
41.235,41.245,0.0
41.245,41.255,0.0
41.255,41.265,0.0
41.265,41.275,0.0
41.275,41.285,0.0
41.285,41.295,0.0
41.295,41.305,187.3137858653811
41.305,41.315,184.48572430173778
41.315,41.325,181.97591478335954
41.325,41.335,179.35628119061047
41.335,41.345,0.0
41.345,41.355,0.0
41.355,41.365,0.0
41.365,41.375,171.01452984990325
41.375,41.385,169.7972683676622
41.385,41.395,168.4517312266589
41.395,41.405,167.18633739265005
41.405,41.415,166.14577747502852
41.415,41.425,0.0
41.425,41.435,0.0
41.435,41.445,0.0
41.445,41.455,0.0
41.455,41.465,0.0
41.465,41.475,0.0
41.475,41.485,0.0
41.485,41.495,0.0
41.495,41.505,0.0
41.505,41.515,0.0
41.515,41.525,0.0
41.525,41.535,193.64881327217947
41.535,41.545,185.78043052396603
41.545,41.555,179.38863009052147
41.555,41.565,172.43965818905744
41.565,41.575,165.9274641786393
41.575,41.585,160.75393249423712
41.585,41.595,157.50647330883348
41.595,41.605,155.432058964213
41.605,41.615,154.3005654035432
41.615,41.625,0.0
41.625,41.635,0.0
41.635,41.645,0.0
41.645,41.655,0.0
41.655,41.665,0.0
41.665,41.675,0.0
41.675,41.685,0.0
41.685,41.695,0.0
41.695,41.705,0.0
41.705,41.715,0.0
41.715,41.725,0.0
41.725,41.735,0.0
41.735,41.745,0.0
41.745,41.755,0.0
41.755,41.765,209.259512244121
41.765,41.775,219.39422928824334
41.775,41.785,228.40266139873265
41.785,41.795,234.78079858085127
41.795,41.805,238.25354735358627
41.805,41.815,239.8130931659824
41.815,41.825,0.0
41.825,41.835,0.0
41.835,41.845,0.0
41.845,41.855,0.0
41.855,41.865,0.0
41.865,41.875,0.0
41.875,41.885,0.0
41.885,41.895,0.0
41.895,41.905,0.0
41.905,41.915,197.72017436979397
41.915,41.925,196.3109563626607
41.925,41.935,192.5912660170543
41.935,41.945,185.41434685703118
41.945,41.955,178.74631203002684
41.955,41.965,175.96646129067142
41.965,41.975,173.19971603054037
41.975,41.985,171.14868661604
41.985,41.995,171.18710958969513
41.995,42.005,173.58341208039383
42.005,42.015,177.93566718543647
42.015,42.025,182.4501437489632
42.025,42.035,185.98219776928212
42.035,42.045,188.53305821159378
42.045,42.055,190.31722198294779
42.055,42.065,191.2851443183886
42.065,42.075,191.92557696386402
42.075,42.085,192.6816612972812
42.085,42.095,193.05207255820687
42.095,42.105,192.23867669439085
42.105,42.115,190.50650089230373
42.115,42.125,0.0
42.125,42.135,0.0
42.135,42.145,0.0
42.145,42.155,0.0
42.155,42.165,0.0
42.165,42.175,0.0
42.175,42.185,0.0
42.185,42.195,0.0
42.195,42.205,0.0
42.205,42.215,184.17427862220745
42.215,42.225,181.09893211956813
42.225,42.235,176.48390149103932
42.235,42.245,171.36909445849878
42.245,42.255,0.0
42.255,42.265,0.0
42.265,42.275,0.0
42.275,42.285,0.0
42.285,42.295,0.0
42.295,42.305,0.0
42.305,42.315,0.0
42.315,42.325,0.0
42.325,42.335,168.7852842078111
42.335,42.345,167.69913824771797
42.345,42.355,166.24327770785814
42.355,42.365,164.28998934689508
42.365,42.375,162.46585271484076
42.375,42.385,161.60311658925474
42.385,42.395,161.96480970380094
42.395,42.405,163.63161876620038
42.405,42.415,167.73403424171798
42.415,42.425,174.3942722126939
42.425,42.435,178.99160814655997
42.435,42.445,183.11265134780786
42.445,42.455,186.45964382551895
42.455,42.465,188.94583130515718
42.465,42.475,191.04198749890043
42.475,42.485,193.10454010272207
42.485,42.495,196.8293541806716
42.495,42.505,209.31286925746224
42.505,42.515,220.67470801966851
42.515,42.525,227.8722474643956
42.525,42.535,233.3544645705292
42.535,42.545,237.58178056954895
42.545,42.555,241.11401827047752
42.555,42.565,243.95279799556016
42.565,42.575,248.59700907101058
42.575,42.585,263.2782583973947
42.585,42.595,271.17685372772576
42.595,42.605,276.63301944609793
42.605,42.615,281.7232954882013
42.615,42.625,285.2156678279428
42.625,42.635,287.32979644368436
42.635,42.645,287.93416141141466
42.645,42.655,288.8724503446189
42.655,42.665,290.39764809556596
42.665,42.675,290.96595729139625
42.675,42.685,290.7055506718018
42.685,42.695,0.0
42.695,42.705,0.0
42.705,42.715,0.0
42.715,42.725,0.0
42.725,42.735,0.0
42.735,42.745,0.0
42.745,42.755,0.0
42.755,42.765,0.0
42.765,42.775,0.0
42.775,42.785,0.0
42.785,42.795,0.0
42.795,42.805,0.0
42.805,42.815,281.13952423880613
42.815,42.825,281.9193625146092
42.825,42.835,281.2845089088624
42.835,42.845,279.42588375381087
42.845,42.855,276.1775938783695
42.855,42.865,272.22505841150814
42.865,42.875,274.30554006546595
42.875,42.885,275.17059889409734
42.885,42.895,274.67664313493367
42.895,42.905,273.6445074140487
42.905,42.915,272.306413095507
42.915,42.925,270.49825552249473
42.925,42.935,267.88465568066994
42.935,42.945,263.97881096405723
42.945,42.955,257.70468260789625
42.955,42.965,0.0
42.965,42.975,0.0
42.975,42.985,0.0
42.985,42.995,0.0
42.995,43.005,0.0
43.005,43.015,0.0
43.015,43.025,0.0
43.025,43.035,0.0
43.035,43.045,0.0
43.045,43.055,0.0
43.055,43.065,0.0
43.065,43.075,0.0
43.075,43.085,188.217293184354
43.085,43.095,185.77258104026114
43.095,43.105,182.24896350207592
43.105,43.115,178.60207146705946
43.115,43.125,175.76802266623181
43.125,43.135,0.0
43.135,43.145,0.0
43.145,43.155,0.0
43.155,43.165,0.0
43.165,43.175,0.0
43.175,43.185,0.0
43.185,43.195,0.0
43.195,43.205,0.0
43.205,43.215,0.0
43.215,43.225,0.0
43.225,43.235,0.0
43.235,43.245,0.0
43.245,43.255,0.0
43.255,43.265,0.0
43.265,43.275,0.0
43.275,43.285,162.59456255629206
43.285,43.295,161.23782923574737
43.295,43.305,160.3067928857332
43.305,43.315,160.18197829164632
43.315,43.325,160.77616536619786
43.325,43.335,161.5807735069585
43.335,43.345,161.91506396413365
43.345,43.355,0.0
43.355,43.365,0.0
43.365,43.375,0.0
43.375,43.385,0.0
43.385,43.395,0.0
43.395,43.405,0.0
43.405,43.415,0.0
43.415,43.425,0.0
43.425,43.435,0.0
43.435,43.445,0.0
43.445,43.455,0.0
43.455,43.465,0.0
43.465,43.475,0.0
43.475,43.485,162.4457932828224
43.485,43.495,162.2675191090144
43.495,43.505,161.7116704741506
43.505,43.515,0.0
43.515,43.525,0.0
43.525,43.535,0.0
43.535,43.545,0.0
43.545,43.555,0.0
43.555,43.565,0.0
43.565,43.575,0.0
43.575,43.585,0.0
43.585,43.595,0.0
43.595,43.605,153.97503347936959
43.605,43.615,152.18804983026138
43.615,43.625,150.60099373875087
43.625,43.635,148.93517609011866
43.635,43.645,148.27561284407145
43.645,43.655,149.15809573796494
43.655,43.665,151.37914552189315
43.665,43.675,154.44740976925686
43.675,43.685,157.2827781639349
43.685,43.695,0.0
43.695,43.705,0.0
43.705,43.715,0.0
43.715,43.725,210.95035224458505
43.725,43.735,216.3811987549096
43.735,43.745,220.97103785107373
43.745,43.755,226.39305465997163
43.755,43.765,232.97474274684464
43.765,43.775,238.7825416382622
43.775,43.785,242.70615118262714
43.785,43.795,245.8184136231393
43.795,43.805,254.47224977184086
43.805,43.815,269.2098806352554
43.815,43.825,276.5953963030902
43.825,43.835,281.5129642777096
43.835,43.845,287.06423493850855
43.845,43.855,294.23571269435155
43.855,43.865,298.90212369236855
43.865,43.875,309.29746887867464
43.875,43.885,319.5401424286871
43.885,43.895,320.82272074930506
43.895,43.905,321.0845634601185
43.905,43.915,321.3833329110716
43.915,43.925,321.90242029481647
43.925,43.935,322.536027327053
43.935,43.945,322.9085972107832
43.945,43.955,323.3847312053609
43.955,43.965,323.8560420894849
43.965,43.975,322.72543394080634
43.975,43.985,320.4124758744664
43.985,43.995,0.0
43.995,44.005,0.0
44.005,44.015,0.0
44.015,44.025,0.0
44.025,44.035,0.0
44.035,44.045,0.0
44.045,44.055,0.0
44.055,44.065,0.0
44.065,44.075,0.0
44.075,44.085,0.0
44.085,44.095,0.0
44.095,44.105,0.0
44.105,44.115,0.0
44.115,44.125,0.0
44.125,44.135,0.0
44.135,44.145,0.0
44.145,44.155,0.0
44.155,44.165,0.0
44.165,44.175,0.0
44.175,44.185,0.0
44.185,44.195,0.0
44.195,44.205,0.0
44.205,44.215,0.0
44.215,44.225,0.0
44.225,44.235,0.0
44.235,44.245,0.0
44.245,44.255,0.0
44.255,44.265,0.0
44.265,44.275,0.0
44.275,44.285,0.0
44.285,44.295,0.0
44.295,44.305,0.0
44.305,44.315,0.0
44.315,44.325,0.0
44.325,44.335,0.0
44.335,44.345,0.0
44.345,44.355,0.0
44.355,44.365,0.0
44.365,44.375,0.0
44.375,44.385,0.0
44.385,44.395,0.0
44.395,44.405,0.0
44.405,44.415,0.0
44.415,44.425,0.0
44.425,44.435,0.0
44.435,44.445,0.0
44.445,44.455,0.0
44.455,44.465,0.0
44.465,44.475,0.0
44.475,44.485,0.0
44.485,44.495,0.0
44.495,44.505,0.0
44.505,44.515,0.0
44.515,44.525,0.0
44.525,44.535,0.0
44.535,44.545,0.0
44.545,44.555,0.0
44.555,44.565,0.0
44.565,44.575,0.0
44.575,44.585,0.0
44.585,44.595,0.0
44.595,44.605,0.0
44.605,44.615,0.0
44.615,44.625,0.0
44.625,44.635,0.0
44.635,44.645,0.0
44.645,44.655,0.0
44.655,44.665,0.0
44.665,44.675,0.0
44.675,44.685,0.0
44.685,44.695,0.0
44.695,44.705,0.0
44.705,44.715,0.0
44.715,44.725,0.0
44.725,44.735,0.0
44.735,44.745,0.0
44.745,44.755,0.0
44.755,44.765,176.46868695425272
44.765,44.775,178.5214426234231
44.775,44.785,180.6012930340626
44.785,44.795,182.06900188544773
44.795,44.805,182.12576390294797
44.805,44.815,181.41777113724973
44.815,44.825,180.76119130083245
44.825,44.835,180.45973544530924
44.835,44.845,180.5208013479226
44.845,44.855,180.75100033810006
44.855,44.865,180.97171171527825
44.865,44.875,0.0
44.875,44.885,0.0
44.885,44.895,0.0
44.895,44.905,0.0
44.905,44.915,187.33345939245282
44.915,44.925,188.16074062743556
44.925,44.935,187.72379218904516
44.935,44.945,186.73050049327978
44.945,44.955,186.08597347586286
44.955,44.965,185.84008618938847
44.965,44.975,185.549215346428
44.975,44.985,0.0
44.985,44.995,0.0
44.995,45.005,0.0
45.005,45.015,0.0
45.015,45.025,0.0
45.025,45.035,0.0
45.035,45.045,0.0
45.045,45.055,0.0
45.055,45.065,216.94073142877568
45.065,45.075,218.10272122391817
45.075,45.085,219.85160622745087
45.085,45.095,222.49403594422296
45.095,45.105,225.85385910538946
45.105,45.115,229.35571474575053
45.115,45.125,232.35094117984096
45.125,45.135,234.31772669336232
45.135,45.145,233.24355185195364
45.145,45.155,232.38377936253565
45.155,45.165,234.95230834596398
45.165,45.175,236.2701802953745
45.175,45.185,235.0574193306488
45.185,45.195,231.27666329317051
45.195,45.205,225.26230278294761
45.205,45.215,216.52194714655266
45.215,45.225,207.44228285136245
45.225,45.235,200.34653124908561
45.235,45.245,194.00155179625722
45.245,45.255,192.44267726446253
45.255,45.265,192.76736669481798
45.265,45.275,192.6058243027247
45.275,45.285,192.34785773545738
45.285,45.295,192.32483718362485
45.295,45.305,191.99459911255497
45.305,45.315,191.061076978205
45.315,45.325,187.74151689765685
45.325,45.335,177.6070296869907
45.335,45.345,171.44542133384354
45.345,45.355,169.06233568368978
45.355,45.365,167.7284580998698
45.365,45.375,166.3855449548415
45.375,45.385,164.51261529884948
45.385,45.395,161.86335608617225
45.395,45.405,159.11390634809646
45.405,45.415,157.32022215742518
45.415,45.425,155.9530721709588
45.425,45.435,155.008840293335
45.435,45.445,154.8791338329211
45.445,45.455,154.6190164395073
45.455,45.465,153.7076350651366
45.465,45.475,0.0
45.475,45.485,0.0
45.485,45.495,0.0
45.495,45.505,0.0
45.505,45.515,0.0
45.515,45.525,0.0
45.525,45.535,0.0
45.535,45.545,0.0
45.545,45.555,0.0
45.555,45.565,0.0
45.565,45.575,0.0
45.575,45.585,0.0
45.585,45.595,0.0
45.595,45.605,0.0
45.605,45.615,0.0
45.615,45.625,0.0
45.625,45.635,0.0
45.635,45.645,0.0
45.645,45.655,0.0
45.655,45.665,0.0
45.665,45.675,0.0
45.675,45.685,0.0
45.685,45.695,265.6049070031697
45.695,45.705,266.6243884191007
45.705,45.715,267.7223003979251
45.715,45.725,269.5244358621694
45.725,45.735,272.217744017505
45.735,45.745,274.96864719992334
45.745,45.755,277.305545738666
45.755,45.765,279.3621070512555
45.765,45.775,281.23032077331794
45.775,45.785,282.7900368455004
45.785,45.795,283.7087138061323
45.795,45.805,283.9872017234354
45.805,45.815,283.44451623534843
45.815,45.825,281.8769654862601
45.825,45.835,279.3404744174933
45.835,45.845,0.0
45.845,45.855,0.0
45.855,45.865,0.0
45.865,45.875,0.0
45.875,45.885,0.0
45.885,45.895,0.0
45.895,45.905,0.0
45.905,45.915,204.31602449316296
45.915,45.925,202.08014254411074
45.925,45.935,199.77406597271585
45.935,45.945,197.88234972777508
45.945,45.955,196.68480914322635
45.955,45.965,196.30639864588844
45.965,45.975,0.0
45.975,45.985,0.0
45.985,45.995,0.0
45.995,46.005,0.0
46.005,46.015,0.0
46.015,46.025,0.0
46.025,46.035,0.0
46.035,46.045,0.0
46.045,46.055,0.0
46.055,46.065,0.0
46.065,46.075,0.0
46.075,46.085,169.8017842763418
46.085,46.095,167.7975303829606
46.095,46.105,165.6430241384108
46.105,46.115,164.17506735657906
46.115,46.125,163.54646690912745
46.125,46.135,163.5968108589753
46.135,46.145,164.24853696826648
46.145,46.155,164.12807822691482
46.155,46.165,162.70659599895353
46.165,46.175,161.93070361932783
46.175,46.185,163.41947319920575
46.185,46.195,168.0229457171366
46.195,46.205,171.0331218778233
46.205,46.215,171.59395211332
46.215,46.225,171.18667247548117
46.225,46.235,171.240742079131
46.235,46.245,180.44902377872268
46.245,46.255,188.20389978947597
46.255,46.265,193.35731753282712
46.265,46.275,200.11767114382653
46.275,46.285,211.15121229724934
46.285,46.295,218.14120550087154
46.295,46.305,220.95475626150983
46.305,46.315,224.49035532597432
46.315,46.325,228.43066743058472
46.325,46.335,230.79273142083846
46.335,46.345,0.0
46.345,46.355,0.0
46.355,46.365,0.0
46.365,46.375,0.0
46.375,46.385,0.0
46.385,46.395,280.14299919376555
46.395,46.405,282.18795958504523
46.405,46.415,283.8881860633977
46.415,46.425,285.2403178543413
46.425,46.435,286.53177069281736
46.435,46.445,287.62324336236213
46.445,46.455,287.60514546422604
46.455,46.465,286.3318584681763
46.465,46.475,283.7047813613668
46.475,46.485,275.8697803446584
46.485,46.495,265.75280425706
46.495,46.505,258.6594236096244
46.505,46.515,251.33739143126195
46.515,46.525,242.32130974950869
46.525,46.535,232.44003624401154
46.535,46.545,220.97676641114117
46.545,46.555,209.51959157181332
46.555,46.565,201.77503869005386
46.565,46.575,0.0
46.575,46.585,0.0
46.585,46.595,0.0
46.595,46.605,0.0
46.605,46.615,0.0
46.615,46.625,0.0
46.625,46.635,0.0
46.635,46.645,0.0
46.645,46.655,0.0
46.655,46.665,0.0
46.665,46.675,0.0
46.675,46.685,165.14985654041143
46.685,46.695,166.4468351298722
46.695,46.705,167.09664608131175
46.705,46.715,167.71528458463206
46.715,46.725,168.45055263141856
46.725,46.735,169.163556747803
46.735,46.745,169.6936022993095
46.745,46.755,0.0
46.755,46.765,0.0
46.765,46.775,0.0
46.775,46.785,0.0
46.785,46.795,0.0
46.795,46.805,0.0
46.805,46.815,0.0
46.815,46.825,0.0
46.825,46.835,0.0
46.835,46.845,0.0
46.845,46.855,0.0
46.855,46.865,0.0
46.865,46.875,0.0
46.875,46.885,189.77562849507115
46.885,46.895,184.75817957753296
46.895,46.905,180.45410905648578
46.905,46.915,177.8876139982928
46.915,46.925,176.48678059008986
46.925,46.935,0.0
46.935,46.945,0.0
46.945,46.955,0.0
46.955,46.965,0.0
46.965,46.975,172.1296159922807
46.975,46.985,172.59139486038097
46.985,46.995,172.83726682893175
46.995,47.005,172.8252368105387
47.005,47.015,172.24215323183438
47.015,47.025,171.5041570494107
47.025,47.035,170.89063429218635
47.035,47.045,170.48632728799842
47.045,47.055,170.43329876526286
47.055,47.065,170.9329611209904
47.065,47.075,171.53298582466823
47.075,47.085,171.65975849622822
47.085,47.095,171.3133061412835
47.095,47.105,170.78932794008634
47.105,47.115,170.11183603323815
47.115,47.125,168.91709023680812
47.125,47.135,167.64532569433283
47.135,47.145,167.78058722591862
47.145,47.155,167.315532830661
47.155,47.165,165.7181965376329
47.165,47.175,165.6866940895963
47.175,47.185,168.5391874812355
47.185,47.195,169.84926924841915
47.195,47.205,170.25579050412682
47.205,47.215,170.3722093863852
47.215,47.225,170.2791857227789
47.225,47.235,169.67558688076696
47.235,47.245,0.0
47.245,47.255,0.0
47.255,47.265,0.0
47.265,47.275,0.0
47.275,47.285,0.0
47.285,47.295,0.0
47.295,47.305,0.0
47.305,47.315,0.0
47.315,47.325,0.0
47.325,47.335,0.0
47.335,47.345,0.0
47.345,47.355,0.0
47.355,47.365,0.0
47.365,47.375,211.9546665459698
47.375,47.385,208.9761312411373
47.385,47.395,206.08492852660405
47.395,47.405,204.17689156924027
47.405,47.415,0.0
47.415,47.425,0.0
47.425,47.435,0.0
47.435,47.445,0.0
47.445,47.455,0.0
47.455,47.465,0.0
47.465,47.475,0.0
47.475,47.485,0.0
47.485,47.495,0.0
47.495,47.505,0.0
47.505,47.515,0.0
47.515,47.525,0.0
47.525,47.535,0.0
47.535,47.545,0.0
47.545,47.555,0.0
47.555,47.565,225.26874399960292
47.565,47.575,224.78671510462328
47.575,47.585,223.3310992194706
47.585,47.595,221.67748166945674
47.595,47.605,0.0
47.605,47.615,0.0
47.615,47.625,0.0
47.625,47.635,0.0
47.635,47.645,204.37237331743506
47.645,47.655,202.03943188099262
47.655,47.665,199.191495813856
47.665,47.675,195.97134889179853
47.675,47.685,192.76147004292244
47.685,47.695,190.37118407786286
47.695,47.705,0.0
47.705,47.715,0.0
47.715,47.725,0.0
47.725,47.735,0.0
47.735,47.745,0.0
47.745,47.755,176.44585983996046
47.755,47.765,175.56596513954074
47.765,47.775,173.78071171757023
47.775,47.785,171.7915458796422
47.785,47.795,0.0
47.795,47.805,0.0
47.805,47.815,0.0
47.815,47.825,161.47871895731367
47.825,47.835,163.13263093197733
47.835,47.845,162.57658681190375
47.845,47.855,160.33966540526876
47.855,47.865,154.01232608556987
47.865,47.875,147.1292038330107
47.875,47.885,143.9241787035797
47.885,47.895,143.3324458772671
47.895,47.905,143.46513698825552
47.905,47.915,144.78479476660203
47.915,47.925,146.1080523104605
47.925,47.935,145.75731443583135
47.935,47.945,0.0
47.945,47.955,0.0
47.955,47.965,0.0
47.965,47.975,0.0
47.975,47.985,0.0
47.985,47.995,0.0
47.995,48.005,0.0
48.005,48.015,0.0
48.015,48.025,0.0
48.025,48.035,0.0
48.035,48.045,0.0
48.045,48.055,0.0
48.055,48.065,0.0
48.065,48.075,0.0
48.075,48.085,206.4985383923193
48.085,48.095,219.42990053431885
48.095,48.105,239.74861749138933
48.105,48.115,246.56186691410383
48.115,48.125,252.60680735857673
48.125,48.135,257.0082009050132
48.135,48.145,260.3447732553406
48.145,48.155,263.1957806363874
48.155,48.165,265.54666015436624
48.165,48.175,0.0
48.175,48.185,0.0
48.185,48.195,0.0
48.195,48.205,0.0
48.205,48.215,0.0
48.215,48.225,0.0
48.225,48.235,0.0
48.235,48.245,0.0
48.245,48.255,0.0
48.255,48.265,0.0
48.265,48.275,0.0
48.275,48.285,0.0
48.285,48.295,283.97682353275246
48.295,48.305,279.1868104825543
48.305,48.315,282.22091240879826
48.315,48.325,286.950851439291
48.325,48.335,291.41715262667725
48.335,48.345,294.5672471798065
48.345,48.355,296.43899318082515
48.355,48.365,296.9956301500499
48.365,48.375,296.13917245181244
48.375,48.385,294.2119881976327
48.385,48.395,0.0
48.395,48.405,0.0
48.405,48.415,0.0
48.415,48.425,0.0
48.425,48.435,0.0
48.435,48.445,0.0
48.445,48.455,0.0
48.455,48.465,0.0
48.465,48.475,0.0
48.475,48.485,0.0
48.485,48.495,0.0
48.495,48.505,0.0
48.505,48.515,200.66309788653902
48.515,48.525,200.56017383934076
48.525,48.535,199.56228608590854
48.535,48.545,198.32350654727
48.545,48.555,197.04379372841254
48.555,48.565,195.43884996209118
48.565,48.575,193.96408620579766
48.575,48.585,192.22457634073126
48.585,48.595,0.0
48.595,48.605,0.0
48.605,48.615,0.0
48.615,48.625,0.0
48.625,48.635,0.0
48.635,48.645,0.0
48.645,48.655,172.94008809959703
48.655,48.665,170.79806884389336
48.665,48.675,168.1154680726539
48.675,48.685,165.70075287882304
48.685,48.695,164.25002492999704
48.695,48.705,163.17900957111925
48.705,48.715,161.88573368333158
48.715,48.725,160.67204313008943
48.725,48.735,0.0
48.735,48.745,0.0
48.745,48.755,0.0
48.755,48.765,164.43356168235718
48.765,48.775,165.37643334584808
48.775,48.785,165.45993506272558
48.785,48.795,165.08313196277635
48.795,48.805,165.39162747953273
48.805,48.815,167.03847627154235
48.815,48.825,167.6788038506143
48.825,48.835,166.3322167730606
48.835,48.845,163.9335342493146
48.845,48.855,0.0
48.855,48.865,0.0
48.865,48.875,0.0
48.875,48.885,0.0
48.885,48.895,0.0
48.895,48.905,0.0
48.905,48.915,0.0
48.915,48.925,0.0
48.925,48.935,0.0
48.935,48.945,0.0
48.945,48.955,0.0
48.955,48.965,0.0
48.965,48.975,0.0
48.975,48.985,0.0
48.985,48.995,0.0
48.995,49.005,0.0
49.005,49.015,0.0
49.015,49.025,0.0
49.025,49.035,0.0
49.035,49.045,0.0
49.045,49.055,0.0
49.055,49.065,0.0
49.065,49.075,0.0
49.075,49.085,0.0
49.085,49.095,0.0
49.095,49.105,0.0
49.105,49.115,165.75671980135945
49.115,49.125,163.4418712100833
49.125,49.135,160.49551562633107
49.135,49.145,157.47034052866343
49.145,49.155,155.08237292887605
49.155,49.165,153.7510046557051
49.165,49.175,153.0985018437772
49.175,49.185,152.77562695699797
49.185,49.195,152.3825349724848
49.195,49.205,151.69125722524277
49.205,49.215,152.36731862768366
49.215,49.225,158.8572873694441
49.225,49.235,160.09590262239226
49.235,49.245,160.64976331374223
49.245,49.255,161.3564089115217
49.255,49.265,161.8090351593781
49.265,49.275,161.17413213848604
49.275,49.285,0.0
49.285,49.295,0.0
49.295,49.305,0.0
49.305,49.315,0.0
49.315,49.325,0.0
49.325,49.335,178.19028196376635
49.335,49.345,178.96075327518378
49.345,49.355,0.0
49.355,49.365,0.0
49.365,49.375,0.0
49.375,49.385,0.0
49.385,49.395,238.95799695315694
49.395,49.405,238.61885315596393
49.405,49.415,238.65642928597657
49.415,49.425,239.1889185404808
49.425,49.435,240.5665143030179
49.435,49.445,243.076316940648
49.445,49.455,245.89126676848858
49.455,49.465,246.87599139154614
49.465,49.475,244.5619370028516
49.475,49.485,0.0
49.485,49.495,0.0
49.495,49.505,0.0
49.505,49.515,0.0
49.515,49.525,0.0
49.525,49.535,0.0
49.535,49.545,0.0
49.545,49.555,0.0
49.555,49.565,0.0
49.565,49.575,0.0
49.575,49.585,0.0
49.585,49.595,0.0
49.595,49.605,0.0
49.605,49.615,0.0
49.615,49.625,0.0
49.625,49.635,0.0
49.635,49.645,0.0
49.645,49.655,219.39048068926542
49.655,49.665,229.4615378703827
49.665,49.675,234.64766986949923
49.675,49.685,238.71143412626438
49.685,49.695,242.57132501592068
49.695,49.705,246.22670006925964
49.705,49.715,249.6165569888468
49.715,49.725,252.57536726241844
49.725,49.735,255.0942539707223
49.735,49.745,256.6074306557733
49.745,49.755,257.248911757669
49.755,49.765,257.1778074297286
49.765,49.775,256.3131378788027
49.775,49.785,254.7030753500279
49.785,49.795,252.8188489981675
49.795,49.805,0.0
49.805,49.815,0.0
49.815,49.825,0.0
49.825,49.835,242.74581067149464
49.835,49.845,241.28518655063766
49.845,49.855,237.43898526181388
49.855,49.865,231.96112514665924
49.865,49.875,225.298896451117
49.875,49.885,214.70388759795458
49.885,49.895,199.8009714257353
49.895,49.905,190.76586701218392
49.905,49.915,0.0
49.915,49.925,0.0
49.925,49.935,0.0
49.935,49.945,0.0
49.945,49.955,0.0
49.955,49.965,0.0
49.965,49.975,184.51579633018045
49.975,49.985,189.71525714300205
49.985,49.995,198.09036123406656
49.995,50.005,201.8749384269873
50.005,50.015,199.6396752950295
50.015,50.025,0.0
50.025,50.035,165.16698701908163
50.035,50.045,174.47936909986305
50.045,50.055,183.80872843909313
50.055,50.065,192.81417768523295
50.065,50.075,198.0493598887251
50.075,50.085,195.1264268822138
50.085,50.095,188.30144000673883
50.095,50.105,184.25034908284368
50.105,50.115,183.39504133535985
50.115,50.125,0.0
50.125,50.135,0.0
50.135,50.145,0.0
50.145,50.155,0.0
50.155,50.165,0.0
50.165,50.175,0.0
50.175,50.185,0.0
50.185,50.195,0.0
50.195,50.205,0.0
50.205,50.215,0.0
50.215,50.225,0.0
50.225,50.235,0.0
50.235,50.245,0.0
50.245,50.255,0.0
50.255,50.265,0.0
50.265,50.275,0.0
50.275,50.285,0.0
50.285,50.295,0.0
50.295,50.305,0.0
50.305,50.315,0.0
50.315,50.325,0.0
50.325,50.335,0.0
50.335,50.345,207.43507932118445
50.345,50.355,210.2136074750299
50.355,50.365,212.47603985808962
50.365,50.375,214.91271004787964
50.375,50.385,217.8180492744473
50.385,50.395,220.6897481390817
50.395,50.405,222.79589478347495
50.405,50.415,224.02911039070466
50.415,50.425,223.291157451137
50.425,50.435,0.0
50.435,50.445,0.0
50.445,50.455,0.0
50.455,50.465,0.0
50.465,50.475,0.0
50.475,50.485,0.0
50.485,50.495,0.0
50.495,50.505,0.0
50.505,50.515,0.0
50.515,50.525,0.0
50.525,50.535,0.0
50.535,50.545,0.0
50.545,50.555,0.0
50.555,50.565,0.0
50.565,50.575,0.0
50.575,50.585,181.4571283182409
50.585,50.595,179.69736848835672
50.595,50.605,178.7217274053295
50.605,50.615,177.33108400163925
50.615,50.625,174.22385294953966
50.625,50.635,170.7319982257055
50.635,50.645,169.73053897587835
50.645,50.655,169.5131128065361
50.655,50.665,169.05710160959282
50.665,50.675,166.94495771836972
50.675,50.685,0.0
50.685,50.695,0.0
50.695,50.705,0.0
50.705,50.715,0.0
50.715,50.725,0.0
50.725,50.735,0.0
50.735,50.745,0.0
50.745,50.755,0.0
50.755,50.765,0.0
50.765,50.775,0.0
50.775,50.785,0.0
50.785,50.795,0.0
50.795,50.805,0.0
50.805,50.815,0.0
50.815,50.825,0.0
50.825,50.835,0.0
50.835,50.845,0.0
50.845,50.855,0.0
50.855,50.865,0.0
50.865,50.875,0.0
50.875,50.885,0.0
50.885,50.895,0.0
50.895,50.905,0.0
50.905,50.915,0.0
50.915,50.925,0.0
50.925,50.935,0.0
50.935,50.945,0.0
50.945,50.955,0.0
50.955,50.965,152.45949238864503
50.965,50.975,152.91234148556444
50.975,50.985,152.1860860276662
50.985,50.995,151.01407878666092
50.995,51.005,150.1689375549575
51.005,51.015,149.92676612615878
51.015,51.025,0.0
51.025,51.035,0.0
51.035,51.045,0.0
51.045,51.055,0.0
51.055,51.065,0.0
51.065,51.075,0.0
51.075,51.085,0.0
51.085,51.095,0.0
51.095,51.105,0.0
51.105,51.115,0.0
51.115,51.125,0.0
51.125,51.135,0.0
51.135,51.145,0.0
51.145,51.155,0.0
51.155,51.165,0.0
51.165,51.175,0.0
51.175,51.185,0.0
51.185,51.195,0.0
51.195,51.205,0.0
51.205,51.215,0.0
51.215,51.225,0.0
51.225,51.235,0.0
51.235,51.245,0.0
51.245,51.255,0.0
51.255,51.265,0.0
51.265,51.275,0.0
51.275,51.285,161.12781030465442
51.285,51.295,159.41569572043375
51.295,51.305,157.70275781562975
51.305,51.315,156.0994319317631
51.315,51.325,154.68803044955035
51.325,51.335,153.24724520017014
51.335,51.345,151.8434269459285
51.345,51.355,0.0
51.355,51.365,0.0
51.365,51.375,0.0
51.375,51.385,0.0
51.385,51.395,0.0
51.395,51.405,0.0
51.405,51.415,156.5217484484286
51.415,51.425,155.39963810130234
51.425,51.435,154.35469800637827
51.435,51.445,152.45500314789848
51.445,51.455,149.87134117880325
51.455,51.465,148.60731941390605
51.465,51.475,148.4807932089665
51.475,51.485,149.17942014188682
51.485,51.495,149.88463791001317
51.495,51.505,150.49568672608817
51.505,51.515,150.77653406572972
51.515,51.525,150.34654750312237
51.525,51.535,149.59153510126367
51.535,51.545,149.1009064241472
51.545,51.555,0.0
51.555,51.565,0.0
51.565,51.575,150.50054117623384
51.575,51.585,150.16663940326453
51.585,51.595,150.16772845519216
51.595,51.605,150.3610396222892
51.605,51.615,149.97899773646125
51.615,51.625,0.0
51.625,51.635,0.0
51.635,51.645,0.0
51.645,51.655,0.0
51.655,51.665,0.0
51.665,51.675,0.0
51.675,51.685,0.0
51.685,51.695,0.0
51.695,51.705,0.0
51.705,51.715,0.0
51.715,51.725,0.0
51.725,51.735,0.0
51.735,51.745,145.39248854456758
51.745,51.755,147.11161133694335
51.755,51.765,147.81397347328527
51.765,51.775,147.21330104398368
51.775,51.785,145.7425044875985
51.785,51.795,144.20676257025457
51.795,51.805,142.1839204241684
51.805,51.815,0.0
51.815,51.825,0.0
51.825,51.835,0.0
51.835,51.845,0.0
51.845,51.855,0.0
51.855,51.865,0.0
51.865,51.875,0.0
51.875,51.885,0.0
51.885,51.895,0.0
51.895,51.905,0.0
51.905,51.915,0.0
51.915,51.925,0.0
51.925,51.935,0.0
51.935,51.945,0.0
51.945,51.955,0.0
51.955,51.965,0.0
51.965,51.975,0.0
51.975,51.985,0.0
51.985,51.995,0.0
51.995,52.005,0.0
52.005,52.015,0.0
52.015,52.025,0.0
52.025,52.035,0.0
52.035,52.045,0.0
52.045,52.055,0.0
52.055,52.065,0.0
52.065,52.075,0.0
52.075,52.085,0.0
52.085,52.095,0.0
52.095,52.105,0.0
52.105,52.115,0.0
52.115,52.125,0.0
52.125,52.135,0.0
52.135,52.145,0.0
52.145,52.155,0.0
52.155,52.165,0.0
52.165,52.175,0.0
52.175,52.185,0.0
52.185,52.195,0.0
52.195,52.205,0.0
52.205,52.215,0.0
52.215,52.225,0.0
52.225,52.235,0.0
52.235,52.245,0.0
52.245,52.255,0.0
52.255,52.265,0.0
52.265,52.275,0.0
52.275,52.285,0.0
52.285,52.295,0.0
52.295,52.305,0.0
52.305,52.315,0.0
52.315,52.325,0.0
52.325,52.335,0.0
52.335,52.345,0.0
52.345,52.355,0.0
52.355,52.365,0.0
52.365,52.375,0.0
52.375,52.385,0.0
52.385,52.395,0.0
52.395,52.405,0.0
52.405,52.415,0.0
52.415,52.425,0.0
52.425,52.435,0.0
52.435,52.445,0.0
52.445,52.455,0.0
52.455,52.465,0.0
52.465,52.475,0.0
52.475,52.485,0.0
52.485,52.495,0.0
52.495,52.505,0.0
52.505,52.515,0.0
52.515,52.525,0.0
52.525,52.535,0.0
52.535,52.545,0.0
52.545,52.555,0.0
52.555,52.565,0.0
52.565,52.575,0.0
52.575,52.585,0.0
52.585,52.595,0.0
52.595,52.605,0.0
52.605,52.615,0.0
52.615,52.625,0.0
52.625,52.635,0.0
52.635,52.645,0.0
52.645,52.655,0.0
52.655,52.665,0.0
52.665,52.675,0.0
52.675,52.685,0.0
52.685,52.695,0.0
52.695,52.705,0.0
52.705,52.715,0.0
52.715,52.725,0.0
52.725,52.735,0.0
52.735,52.745,0.0
52.745,52.755,0.0
52.755,52.765,0.0
52.765,52.775,0.0
52.775,52.785,0.0
52.785,52.795,0.0
52.795,52.805,0.0
52.805,52.815,0.0
52.815,52.825,0.0
52.825,52.835,0.0
52.835,52.845,0.0
52.845,52.855,0.0
52.855,52.865,0.0
52.865,52.875,0.0
52.875,52.885,0.0
52.885,52.895,0.0
52.895,52.905,0.0
52.905,52.915,0.0
52.915,52.925,0.0
52.925,52.935,0.0
52.935,52.945,0.0
52.945,52.955,0.0
52.955,52.965,0.0
52.965,52.975,0.0
52.975,52.985,0.0
52.985,52.995,0.0
52.995,53.005,0.0
53.005,53.015,0.0
53.015,53.025,0.0
53.025,53.035,0.0
53.035,53.045,0.0
53.045,53.055,0.0
53.055,53.065,0.0
53.065,53.075,0.0
53.075,53.085,0.0
53.085,53.095,0.0
