Start_Time,End_Time,F0_Hz
0.025,0.035,0.0
0.035,0.045,0.0
0.045,0.055,0.0
0.055,0.065,0.0
0.065,0.075,157.02984662496485
0.075,0.085,155.9973755591052
0.085,0.095,158.71533280323186
0.095,0.105,168.90869628971353
0.105,0.115,179.89456373396789
0.115,0.125,187.33965150298982
0.125,0.135,191.56806545272283
0.135,0.145,192.05416240622247
0.145,0.155,190.08242717051328
0.155,0.165,185.61628732598444
0.165,0.175,176.5328037825348
0.175,0.185,159.86066797693542
0.185,0.195,0.0
0.195,0.205,0.0
0.205,0.215,0.0
0.215,0.225,0.0
0.225,0.235,0.0
0.235,0.245,0.0
0.245,0.255,189.5750275957345
0.255,0.265,189.91052145264783
0.265,0.275,190.4769454920657
0.275,0.285,190.1019754268075
0.285,0.295,188.10834088782465
0.295,0.305,185.8073768281664
0.305,0.315,184.28753424206553
0.315,0.325,182.24967659036358
0.325,0.335,182.20873174397713
0.335,0.345,183.54118979916643
0.345,0.355,183.11371076375275
0.355,0.365,0.0
0.365,0.375,0.0
0.375,0.385,0.0
0.385,0.395,0.0
0.395,0.405,0.0
0.405,0.415,0.0
0.415,0.425,0.0
0.425,0.435,0.0
0.435,0.445,0.0
0.445,0.455,0.0
0.455,0.465,0.0
0.465,0.475,0.0
0.475,0.485,0.0
0.485,0.495,195.32060694209974
0.495,0.505,195.62241694970007
0.505,0.515,196.419606860208
0.515,0.525,196.5955177333744
0.525,0.535,195.53019233616166
0.535,0.545,193.90910449246363
0.545,0.555,192.89506210524573
0.555,0.565,191.13433037666985
0.565,0.575,188.57463875603813
0.575,0.585,187.81449638900284
0.585,0.595,187.10325224585765
0.595,0.605,185.83641371838527
0.605,0.615,184.3531716934507
0.615,0.625,182.52268233292818
0.625,0.635,180.42052191322705
0.635,0.645,179.11791375845118
0.645,0.655,178.69812295898333
0.655,0.665,178.71158118704344
0.665,0.675,178.91336861420723
0.675,0.685,178.94419637616144
0.685,0.695,178.66386748126862
0.695,0.705,178.09989396131067
0.705,0.715,177.9844872249941
0.715,0.725,178.6483656461005
0.725,0.735,178.762141074174
0.735,0.745,177.51280300802426
0.745,0.755,173.27255666692201
0.755,0.765,168.60865011851607
0.765,0.775,169.87666858589006
0.775,0.785,173.3535695950846
0.785,0.795,175.00859833311242
0.795,0.805,175.35381147470363
0.805,0.815,175.22233705532486
0.815,0.825,174.8735602608204
0.825,0.835,174.5234659878871
0.835,0.845,174.27129106625293
0.845,0.855,173.9158112368894
0.855,0.865,173.38426065739694
0.865,0.875,172.74870641807087
0.875,0.885,172.26835232468076
0.885,0.895,173.2011165868075
0.895,0.905,175.40705804915783
0.905,0.915,177.0479853856388
0.915,0.925,177.66489184401559
0.925,0.935,177.25846152054115
0.935,0.945,176.37749589669116
0.945,0.955,176.07465441136065
0.955,0.965,175.48776499932862
0.965,0.975,173.85639341257624
0.975,0.985,168.67842367896296
0.985,0.995,170.584256294327
0.995,1.005,171.77553685058686
1.005,1.015,172.04023062151157
1.015,1.025,172.298429944155
1.025,1.035,172.57204955542502
1.035,1.045,172.7653949605163
1.045,1.055,173.00425302636273
1.055,1.065,173.30689851951385
1.065,1.075,173.6624351479418
1.075,1.085,174.0117314953291
1.085,1.095,174.14983177795392
1.095,1.105,173.90891236680977
1.105,1.115,173.42482472072604
1.115,1.125,172.55439304377563
1.125,1.135,171.5812273937978
1.135,1.145,170.87743940900774
1.145,1.155,169.8997360155466
1.155,1.165,168.5294490752565
1.165,1.175,167.46032492138053
1.175,1.185,165.92604650174096
1.185,1.195,164.59731198272954
1.195,1.205,163.94284979891918
1.205,1.215,163.27285959350934
1.215,1.225,162.3282261176821
1.225,1.235,161.71597208996812
1.235,1.245,160.7452940945612
1.245,1.255,157.73889435275183
1.255,1.265,156.7614432568793
1.265,1.275,155.3764730534568
1.275,1.285,154.58642997429675
1.285,1.295,152.89530106088768
1.295,1.305,150.83963281964972
1.305,1.315,150.31678977165217
1.315,1.325,149.51136838130805
1.325,1.335,148.18917154046946
1.335,1.345,147.0413377567466
1.345,1.355,146.5564008507719
1.355,1.365,145.97547057691943
1.365,1.375,144.99275380439101
1.375,1.385,144.04215100064894
1.385,1.395,143.4122091442609
1.395,1.405,142.92881017078983
1.405,1.415,142.19316198916678
1.415,1.425,141.63979195849424
1.425,1.435,141.22599112804315
1.435,1.445,70.696054711997
1.445,1.455,71.18166995318461
1.455,1.465,71.50169491629399
1.465,1.475,71.3811820669611
1.475,1.485,71.04230309159203
1.485,1.495,70.83028744149874
1.495,1.505,70.65353160288069
1.505,1.515,70.3524569489255
1.515,1.525,70.23099808273149
1.525,1.535,70.29760811017759
1.535,1.545,70.29125060359046
1.545,1.555,70.1989765078387
1.555,1.565,70.1457220795796
1.565,1.575,70.04305870213425
1.575,1.585,69.84018139922533
1.585,1.595,69.64948303369417
1.595,1.605,69.55812084472042
1.605,1.615,69.47247832326163
1.615,1.625,69.26568885142818
1.625,1.635,68.9105294839161
1.635,1.645,68.48407017892696
1.645,1.655,68.31758892343132
1.655,1.665,68.58826517346323
1.665,1.675,68.52699022906775
1.675,1.685,68.20427368306869
1.685,1.695,67.80696864883946
1.695,1.705,67.51186819315213
1.705,1.715,67.1963663558114
1.715,1.725,67.0187649150307
1.725,1.735,66.90738813101295
1.735,1.745,66.78015910301305
1.745,1.755,0.0
1.755,1.765,0.0
1.765,1.775,0.0
1.775,1.785,0.0
1.785,1.795,0.0
1.795,1.805,0.0
1.805,1.815,0.0
1.815,1.825,0.0
1.825,1.835,0.0
1.835,1.845,0.0
1.845,1.855,0.0
1.855,1.865,0.0
1.865,1.875,0.0
1.875,1.885,0.0
1.885,1.895,0.0
1.895,1.905,0.0
1.905,1.915,0.0
1.915,1.925,0.0
1.925,1.935,0.0
1.935,1.945,0.0
1.945,1.955,0.0
1.955,1.965,0.0
1.965,1.975,0.0
1.975,1.985,0.0
1.985,1.995,0.0
1.995,2.005,0.0
2.005,2.015,0.0
2.015,2.025,0.0
2.025,2.035,0.0
2.035,2.045,0.0
2.045,2.055,0.0
2.055,2.065,0.0
2.065,2.075,0.0
2.075,2.085,0.0
2.085,2.095,0.0
2.095,2.105,0.0
2.105,2.115,0.0
2.115,2.125,0.0
2.125,2.135,0.0
2.135,2.145,0.0
2.145,2.155,0.0
2.155,2.165,0.0
2.165,2.175,0.0
2.175,2.185,0.0
2.185,2.195,0.0
2.195,2.205,0.0
2.205,2.215,0.0
2.215,2.225,0.0
2.225,2.235,0.0
2.235,2.245,0.0
2.245,2.255,170.6702774989559
2.255,2.265,172.82617384997945
2.265,2.275,174.5046130413475
2.275,2.285,176.08046234823635
2.285,2.295,177.65775780813496
2.295,2.305,178.88747605933867
2.305,2.315,179.98648953116214
2.315,2.325,181.48806050056746
2.325,2.335,184.07127168494907
2.335,2.345,186.0124812950965
2.345,2.355,186.090303603637
2.355,2.365,185.16083692513376
2.365,2.375,181.54560144014226
2.375,2.385,178.527695130447
2.385,2.395,180.06320772049824
2.395,2.405,184.3652852485697
2.405,2.415,186.6936453050951
2.415,2.425,195.60734480850635
2.425,2.435,196.16798891024416
2.435,2.445,196.0476595364688
2.445,2.455,195.56459082334268
2.455,2.465,194.7813511031827
2.465,2.475,193.54465719311017
2.475,2.485,181.10322967317407
2.485,2.495,179.76486329935122
2.495,2.505,178.27599188745137
2.505,2.515,179.5155697828554
2.515,2.525,182.97851620024204
2.525,2.535,183.8554588015537
2.535,2.545,199.71457895400178
2.545,2.555,200.68505364204597
2.555,2.565,201.08414103813678
2.565,2.575,200.80877465652077
2.575,2.585,0.0
2.585,2.595,0.0
2.595,2.605,0.0
2.605,2.615,0.0
2.615,2.625,0.0
2.625,2.635,0.0
2.635,2.645,0.0
2.645,2.655,0.0
2.655,2.665,0.0
2.665,2.675,0.0
2.675,2.685,0.0
2.685,2.695,0.0
2.695,2.705,0.0
2.705,2.715,197.00475801471433
2.715,2.725,193.3497258851839
2.725,2.735,191.90438645174856
2.735,2.745,189.986967746248
2.745,2.755,187.34402113224152
2.755,2.765,184.2417585296083
2.765,2.775,0.0
2.775,2.785,0.0
2.785,2.795,0.0
2.795,2.805,0.0
2.805,2.815,0.0
2.815,2.825,0.0
2.825,2.835,0.0
2.835,2.845,0.0
2.845,2.855,0.0
2.855,2.865,196.55516816967602
2.865,2.875,200.59961223544164
2.875,2.885,203.05374472394354
2.885,2.895,204.6929518678134
2.895,2.905,206.2863849684645
2.905,2.915,208.01703024906567
2.915,2.925,209.2500723927977
2.925,2.935,0.0
2.935,2.945,0.0
2.945,2.955,0.0
2.955,2.965,0.0
2.965,2.975,0.0
2.975,2.985,0.0
2.985,2.995,0.0
2.995,3.005,0.0
3.005,3.015,0.0
3.015,3.025,0.0
3.025,3.035,0.0
3.035,3.045,0.0
3.045,3.055,0.0
3.055,3.065,223.4839807891302
3.065,3.075,222.8211882018517
3.075,3.085,219.54320501556364
3.085,3.095,215.08442557759284
3.095,3.105,209.61886452636506
3.105,3.115,204.98599666127248
3.115,3.125,201.19304322502643
3.125,3.135,198.67731807769619
3.135,3.145,196.0422009410463
3.145,3.155,192.6734724836798
3.155,3.165,188.78157498952467
3.165,3.175,185.53996864961033
3.175,3.185,182.81214616516905
3.185,3.195,180.41606888331827
3.195,3.205,178.26374411785423
3.205,3.215,176.43594843861123
3.215,3.225,174.36920687324167
3.225,3.235,172.12830418309971
3.235,3.245,170.8310752221421
3.245,3.255,171.5388427859282
3.255,3.265,171.32495102778176
3.265,3.275,170.4165930136275
3.275,3.285,168.73851981837782
3.285,3.295,165.97240909381372
3.295,3.305,164.68014034897706
3.305,3.315,161.50595369692093
3.315,3.325,160.78955343966658
3.325,3.335,160.60717547622716
3.335,3.345,160.27838756028498
3.345,3.355,159.42222838906574
3.355,3.365,156.40636581294845
3.365,3.375,153.63224899187043
3.375,3.385,152.834547808925
3.385,3.395,151.9786303852816
3.395,3.405,150.74154931398573
3.405,3.415,148.3378289134411
3.415,3.425,146.04651865755662
3.425,3.435,146.14213880006466
3.435,3.445,144.5093511677657
3.445,3.455,141.88367912534287
3.455,3.465,141.1086437387361
3.465,3.475,139.8916467631882
3.475,3.485,137.34098171365056
3.485,3.495,136.28737106618786
3.495,3.505,135.05292636533753
3.505,3.515,133.92464868116474
3.515,3.525,134.13762233936737
3.525,3.535,134.6091568929061
3.535,3.545,134.72356962075463
3.545,3.555,133.77044512230577
3.555,3.565,131.980799611697
3.565,3.575,129.96770876167332
3.575,3.585,127.53887250296758
3.585,3.595,124.51852860451692
3.595,3.605,121.97600406090672
3.605,3.615,0.0
3.615,3.625,0.0
3.625,3.635,0.0
3.635,3.645,0.0
3.645,3.655,0.0
3.655,3.665,128.52353524468305
3.665,3.675,129.04861883897146
3.675,3.685,127.94036375902705
3.685,3.695,126.92100109836514
3.695,3.705,0.0
3.705,3.715,0.0
3.715,3.725,0.0
3.725,3.735,0.0
3.735,3.745,0.0
3.745,3.755,0.0
3.755,3.765,0.0
3.765,3.775,0.0
3.775,3.785,0.0
3.785,3.795,0.0
3.795,3.805,0.0
3.805,3.815,0.0
3.815,3.825,0.0
3.825,3.835,0.0
3.835,3.845,0.0
3.845,3.855,0.0
3.855,3.865,0.0
3.865,3.875,0.0
3.875,3.885,0.0
3.885,3.895,0.0
3.895,3.905,0.0
3.905,3.915,0.0
3.915,3.925,0.0
3.925,3.935,0.0
3.935,3.945,0.0
3.945,3.955,0.0
3.955,3.965,0.0
3.965,3.975,0.0
3.975,3.985,0.0
3.985,3.995,0.0
3.995,4.005,0.0
4.005,4.015,0.0
4.015,4.025,0.0
4.025,4.035,0.0
4.035,4.045,0.0
4.045,4.055,0.0
4.055,4.065,0.0
4.065,4.075,0.0
4.075,4.085,0.0
4.085,4.095,0.0
4.095,4.105,0.0
4.105,4.115,0.0
4.115,4.125,0.0
4.125,4.135,0.0
4.135,4.145,0.0
4.145,4.155,0.0
4.155,4.165,0.0
4.165,4.175,0.0
4.175,4.185,0.0
4.185,4.195,0.0
4.195,4.205,0.0
4.205,4.215,0.0
4.215,4.225,0.0
4.225,4.235,0.0
4.235,4.245,0.0
4.245,4.255,0.0
4.255,4.265,0.0
4.265,4.275,0.0
4.275,4.285,0.0
4.285,4.295,0.0
4.295,4.305,0.0
4.305,4.315,0.0
4.315,4.325,0.0
4.325,4.335,0.0
4.335,4.345,0.0
4.345,4.355,0.0
4.355,4.365,0.0
4.365,4.375,0.0
4.375,4.385,0.0
4.385,4.395,0.0
4.395,4.405,0.0
4.405,4.415,0.0
4.415,4.425,0.0
4.425,4.435,0.0
4.435,4.445,0.0
4.445,4.455,0.0
4.455,4.465,0.0
4.465,4.475,0.0
4.475,4.485,0.0
4.485,4.495,0.0
4.495,4.505,0.0
4.505,4.515,0.0
4.515,4.525,0.0
4.525,4.535,0.0
4.535,4.545,0.0
4.545,4.555,0.0
4.555,4.565,0.0
4.565,4.575,0.0
4.575,4.585,0.0
4.585,4.595,0.0
4.595,4.605,0.0
4.605,4.615,0.0
4.615,4.625,0.0
4.625,4.635,0.0
4.635,4.645,0.0
4.645,4.655,0.0
4.655,4.665,0.0
4.665,4.675,0.0
4.675,4.685,0.0
4.685,4.695,0.0
4.695,4.705,0.0
4.705,4.715,0.0
4.715,4.725,0.0
4.725,4.735,0.0
4.735,4.745,0.0
4.745,4.755,0.0
4.755,4.765,0.0
4.765,4.775,0.0
4.775,4.785,0.0
4.785,4.795,0.0
4.795,4.805,0.0
4.805,4.815,0.0
4.815,4.825,0.0
4.825,4.835,0.0
4.835,4.845,0.0
4.845,4.855,0.0
4.855,4.865,0.0
4.865,4.875,0.0
4.875,4.885,0.0
4.885,4.895,0.0
4.895,4.905,0.0
4.905,4.915,0.0
4.915,4.925,0.0
4.925,4.935,0.0
4.935,4.945,0.0
4.945,4.955,0.0
4.955,4.965,0.0
4.965,4.975,0.0
4.975,4.985,0.0
4.985,4.995,0.0
4.995,5.005,0.0
5.005,5.015,0.0
5.015,5.025,0.0
5.025,5.035,176.75828582680782
5.035,5.045,176.64776153775406
5.045,5.055,176.37934828216777
5.055,5.065,175.64337857330477
5.065,5.075,174.11521174221167
5.075,5.085,172.6196564035598
5.085,5.095,171.5680728487122
5.095,5.105,171.1916365049447
5.105,5.115,170.9230159096403
5.115,5.125,170.4642017407626
5.125,5.135,169.85296167923212
5.135,5.145,169.08466249831193
5.145,5.155,168.4720006404232
5.155,5.165,168.11393511230906
5.165,5.175,167.7434696778704
5.175,5.185,167.43936929570614
5.185,5.195,167.4232037062942
5.195,5.205,168.13180171246634
5.205,5.215,170.47737225338042
5.215,5.225,171.81075750442483
5.225,5.235,172.50803464467614
5.235,5.245,172.50847114075566
5.245,5.255,172.2631868376179
5.255,5.265,171.8100720368925
5.265,5.275,171.15185714634515
5.275,5.285,170.3306873864501
5.285,5.295,169.35066658538395
5.295,5.305,168.50843747987517
5.305,5.315,168.105928160317
5.315,5.325,168.06456187070404
5.325,5.335,168.1697034679092
5.335,5.345,168.10268485122953
5.345,5.355,167.77420565479883
5.355,5.365,167.37345987737615
5.365,5.375,167.00780817384205
5.375,5.385,166.47493007969038
5.385,5.395,165.53994704129036
5.395,5.405,0.0
5.405,5.415,0.0
5.415,5.425,0.0
5.425,5.435,0.0
5.435,5.445,0.0
5.445,5.455,0.0
5.455,5.465,161.82656286973346
5.465,5.475,161.13587546813807
5.475,5.485,160.53521838983153
5.485,5.495,160.42626606023907
5.495,5.505,160.66287703197293
5.505,5.515,160.9520405171401
5.515,5.525,161.06637857109243
5.525,5.535,160.98714433647166
5.535,5.545,160.80190131889168
5.545,5.555,160.76486551042976
5.555,5.565,161.0110888188849
5.565,5.575,161.08328400920666
5.575,5.585,160.846945996962
5.585,5.595,160.53356256938974
5.595,5.605,160.1050502121602
5.605,5.615,159.5608177076069
5.615,5.625,159.1291204039075
5.625,5.635,159.02928843802897
5.635,5.645,159.286894078229
5.645,5.655,159.73758506324376
5.655,5.665,160.36671046003488
5.665,5.675,161.16434495777187
5.675,5.685,162.1972565022534
5.685,5.695,0.0
5.695,5.705,0.0
5.705,5.715,0.0
5.715,5.725,0.0
5.725,5.735,0.0
5.735,5.745,0.0
5.745,5.755,0.0
5.755,5.765,0.0
5.765,5.775,0.0
5.775,5.785,0.0
5.785,5.795,0.0
5.795,5.805,0.0
5.805,5.815,0.0
5.815,5.825,0.0
5.825,5.835,0.0
5.835,5.845,0.0
5.845,5.855,0.0
5.855,5.865,0.0
5.865,5.875,0.0
5.875,5.885,0.0
5.885,5.895,0.0
5.895,5.905,0.0
5.905,5.915,0.0
5.915,5.925,0.0
5.925,5.935,135.6859102883066
5.935,5.945,140.8518540509016
5.945,5.955,145.5755451655663
5.955,5.965,150.34558787822778
5.965,5.975,155.33836753065015
5.975,5.985,160.45737487506076
5.985,5.995,165.40388204588552
5.995,6.005,168.41963420487338
6.005,6.015,172.0093947288999
6.015,6.025,176.39501388642404
6.025,6.035,180.7692103295119
6.035,6.045,188.40973871067516
6.045,6.055,190.12983342056896
6.055,6.065,189.59366203582718
6.065,6.075,189.6508753053983
6.075,6.085,190.22537165897307
6.085,6.095,191.42268915077864
6.095,6.105,192.74547829842567
6.105,6.115,192.5522103561998
6.115,6.125,190.64218619471131
6.125,6.135,190.52599677715054
6.135,6.145,0.0
6.145,6.155,0.0
6.155,6.165,0.0
6.165,6.175,0.0
6.175,6.185,0.0
6.185,6.195,0.0
6.195,6.205,217.59286406812674
6.205,6.215,223.00500938954136
6.215,6.225,228.13141541247623
6.225,6.235,232.15533818939443
6.235,6.245,234.07209967147932
6.245,6.255,233.99885430911038
6.255,6.265,233.32844318145143
6.265,6.275,233.3547996231001
6.275,6.285,233.63749092037858
6.285,6.295,233.39992028875227
6.295,6.305,230.27649369137208
6.305,6.315,231.45042790712455
6.315,6.325,231.75688599755603
6.325,6.335,241.87558652626743
6.335,6.345,249.30562586967974
6.345,6.355,249.30582259025982
6.355,6.365,248.62650725957346
6.365,6.375,246.95476026919943
6.375,6.385,245.03888281270275
6.385,6.395,243.29079418375375
6.395,6.405,239.3058071000194
6.405,6.415,0.0
6.415,6.425,0.0
6.425,6.435,0.0
6.435,6.445,0.0
6.445,6.455,0.0
6.455,6.465,234.61752227647173
6.465,6.475,232.23165301307736
6.475,6.485,229.60036459893456
6.485,6.495,226.61232965860563
6.495,6.505,223.0888801276804
6.505,6.515,217.9257621926744
6.515,6.525,216.51003755564417
6.525,6.535,213.8221036946588
6.535,6.545,210.2695220655991
6.545,6.555,208.66910170598982
6.555,6.565,207.56858137887505
6.565,6.575,207.16420732236702
6.575,6.585,203.61583850194006
6.585,6.595,200.46946823829472
6.595,6.605,199.2870210520025
6.605,6.615,198.36175185847358
6.615,6.625,197.52269449131728
6.625,6.635,196.9344214206066
6.635,6.645,196.5463863372519
6.645,6.655,196.0628800338713
6.655,6.665,194.97298883265154
6.665,6.675,0.0
6.675,6.685,0.0
6.685,6.695,0.0
6.695,6.705,0.0
6.705,6.715,0.0
6.715,6.725,0.0
6.725,6.735,0.0
6.735,6.745,0.0
6.745,6.755,0.0
6.755,6.765,197.8288240039982
6.765,6.775,199.21943955061272
6.775,6.785,198.5612613852341
6.785,6.795,195.7300180483913
6.795,6.805,193.8250067377639
6.805,6.815,193.96440138375263
6.815,6.825,195.85272972368804
6.825,6.835,196.06408421970178
6.835,6.845,0.0
6.845,6.855,0.0
6.855,6.865,0.0
6.865,6.875,0.0
6.875,6.885,0.0
6.885,6.895,0.0
6.895,6.905,0.0
6.905,6.915,0.0
6.915,6.925,0.0
6.925,6.935,0.0
6.935,6.945,0.0
6.945,6.955,0.0
6.955,6.965,0.0
6.965,6.975,207.55119242942885
6.975,6.985,208.68667230979742
6.985,6.995,208.49283397882746
6.995,7.005,206.79276088180856
7.005,7.015,204.35769713504013
7.015,7.025,202.73521740758187
7.025,7.035,201.47075515932238
7.035,7.045,199.83425752073697
7.045,7.055,0.0
7.055,7.065,0.0
7.065,7.075,0.0
7.075,7.085,0.0
7.085,7.095,0.0
7.095,7.105,0.0
7.105,7.115,0.0
7.115,7.125,193.8129331219702
7.125,7.135,194.553442926758
7.135,7.145,194.50657474207603
7.145,7.155,193.31907644353407
7.155,7.165,192.12974493052187
7.165,7.175,191.62162512674658
7.175,7.185,191.58033382018397
7.185,7.195,192.3153584866573
7.195,7.205,191.79593113207093
7.205,7.215,0.0
7.215,7.225,0.0
7.225,7.235,0.0
7.235,7.245,0.0
7.245,7.255,0.0
7.255,7.265,0.0
7.265,7.275,0.0
7.275,7.285,0.0
7.285,7.295,0.0
7.295,7.305,0.0
7.305,7.315,0.0
7.315,7.325,0.0
7.325,7.335,0.0
7.335,7.345,0.0
7.345,7.355,0.0
7.355,7.365,0.0
7.365,7.375,0.0
7.375,7.385,0.0
7.385,7.395,0.0
7.395,7.405,0.0
7.405,7.415,0.0
7.415,7.425,0.0
7.425,7.435,0.0
7.435,7.445,0.0
7.445,7.455,0.0
7.455,7.465,0.0
7.465,7.475,0.0
7.475,7.485,0.0
7.485,7.495,0.0
7.495,7.505,0.0
7.505,7.515,0.0
7.515,7.525,214.57038849002987
7.525,7.535,214.63129121334683
7.535,7.545,233.7830000538541
7.545,7.555,235.72308716766517
7.555,7.565,238.86820129071364
7.565,7.575,241.6730662178821
7.575,7.585,243.85478063775116
7.585,7.595,245.2960574554872
7.595,7.605,247.32616798493757
7.605,7.615,250.98080017490943
7.615,7.625,252.56024830012495
7.625,7.635,254.05988905345978
7.635,7.645,257.1375663245014
7.645,7.655,260.2697813869665
7.655,7.665,261.97834919869365
7.665,7.675,264.6096954105223
7.675,7.685,269.3214478765567
7.685,7.695,274.4580885697283
7.695,7.705,279.9100447273825
7.705,7.715,286.3160396530863
7.715,7.725,290.6426923623035
7.725,7.735,292.1025799836996
7.735,7.745,292.96952845462107
7.745,7.755,291.6653610091756
7.755,7.765,288.8281567434346
7.765,7.775,286.34103321580477
7.775,7.785,283.61404984823827
7.785,7.795,279.3567961778543
7.795,7.805,277.0011218950973
7.805,7.815,275.24319674343053
7.815,7.825,0.0
7.825,7.835,0.0
7.835,7.845,0.0
7.845,7.855,0.0
7.855,7.865,0.0
7.865,7.875,0.0
7.875,7.885,0.0
7.885,7.895,0.0
7.895,7.905,0.0
7.905,7.915,0.0
7.915,7.925,0.0
7.925,7.935,0.0
7.935,7.945,0.0
7.945,7.955,0.0
7.955,7.965,0.0
7.965,7.975,0.0
7.975,7.985,0.0
7.985,7.995,0.0
7.995,8.005,0.0
8.005,8.015,0.0
8.015,8.025,0.0
8.025,8.035,0.0
8.035,8.045,0.0
8.045,8.055,0.0
8.055,8.065,0.0
8.065,8.075,0.0
8.075,8.085,0.0
8.085,8.095,0.0
8.095,8.105,0.0
8.105,8.115,0.0
8.115,8.125,0.0
8.125,8.135,0.0
8.135,8.145,0.0
8.145,8.155,182.81581021374612
8.155,8.165,180.29610442559797
8.165,8.175,179.34312928210696
8.175,8.185,177.79624186189693
8.185,8.195,175.31415235067038
8.195,8.205,173.67252160639293
8.205,8.215,172.42996528824725
8.215,8.225,171.05047124255017
8.225,8.235,170.46389381427207
8.235,8.245,171.9642950105114
8.245,8.255,172.4127928166499
8.255,8.265,172.8252281964389
8.265,8.275,173.20200531368246
8.275,8.285,173.53584594894457
8.285,8.295,174.06202357290422
8.295,8.305,173.82742297387114
8.305,8.315,171.78712122746157
8.315,8.325,168.45836790305256
8.325,8.335,169.10904864596645
8.335,8.345,170.73878930468814
8.345,8.355,172.09785762591102
8.355,8.365,173.02575116734943
8.365,8.375,173.51830122030887
8.375,8.385,173.7692417144436
8.385,8.395,174.25244125206507
8.395,8.405,176.32861509934062
8.405,8.415,179.15268266650682
8.415,8.425,180.895103454893
8.425,8.435,181.2810143578934
8.435,8.445,180.8710505969902
8.445,8.455,181.45918746632435
8.455,8.465,0.0
8.465,8.475,0.0
8.475,8.485,0.0
8.485,8.495,0.0
8.495,8.505,0.0
8.505,8.515,0.0
8.515,8.525,0.0
8.525,8.535,0.0
8.535,8.545,0.0
8.545,8.555,0.0
8.555,8.565,0.0
8.565,8.575,0.0
8.575,8.585,0.0
8.585,8.595,0.0
8.595,8.605,202.15265738077423
8.605,8.615,200.56973150045965
8.615,8.625,197.9782600526406
8.625,8.635,195.84467574061105
8.635,8.645,193.98104685199402
8.645,8.655,192.92754800020654
8.655,8.665,193.386716907041
8.665,8.675,194.24329741752095
8.675,8.685,194.96890865800762
8.685,8.695,195.55754567004982
8.695,8.705,195.70790494714245
8.705,8.715,195.34033649929097
8.715,8.725,194.59258687976623
8.725,8.735,193.67785605790627
8.735,8.745,192.82663527789236
8.745,8.755,191.9465368812823
8.755,8.765,191.12071749825273
8.765,8.775,192.26989148464318
8.775,8.785,177.4739693867625
8.785,8.795,178.171478934697
8.795,8.805,178.74824963935728
8.805,8.815,0.0
8.815,8.825,0.0
8.825,8.835,0.0
8.835,8.845,0.0
8.845,8.855,0.0
8.855,8.865,0.0
8.865,8.875,0.0
8.875,8.885,182.34844801838003
8.885,8.895,180.1364068193606
8.895,8.905,174.85226067662393
8.905,8.915,170.5905718872544
8.915,8.925,169.5390223973212
8.925,8.935,168.7723584072541
8.935,8.945,167.6851211385616
8.945,8.955,166.57323648508978
8.955,8.965,166.01295143858047
8.965,8.975,165.6222101132075
8.975,8.985,164.89198254209683
8.985,8.995,163.98765667361826
8.995,9.005,0.0
9.005,9.015,0.0
9.015,9.025,0.0
9.025,9.035,155.08290236128076
9.035,9.045,157.13312289367306
9.045,9.055,157.9629641311561
9.055,9.065,157.92123140967158
9.065,9.075,157.57970385825186
9.075,9.085,157.2830596292971
9.085,9.095,157.21539383895808
9.095,9.105,157.42357227443176
9.105,9.115,157.66308087200247
9.115,9.125,157.3693674884219
9.125,9.135,156.7327429653111
9.135,9.145,156.05420319043836
9.145,9.155,0.0
9.155,9.165,0.0
9.165,9.175,0.0
9.175,9.185,0.0
9.185,9.195,0.0
9.195,9.205,0.0
9.205,9.215,0.0
9.215,9.225,0.0
9.225,9.235,159.0491125592177
9.235,9.245,164.77609305079915
9.245,9.255,165.57716114543103
9.255,9.265,165.95122345561234
9.265,9.275,166.3731076852433
9.275,9.285,166.9731460768662
9.285,9.295,167.35797803489157
9.295,9.305,167.2101265040356
9.305,9.315,166.84053998223732
9.315,9.325,166.3610912398347
9.325,9.335,165.23320473193607
9.335,9.345,0.0
9.345,9.355,0.0
9.355,9.365,0.0
9.365,9.375,0.0
9.375,9.385,0.0
9.385,9.395,0.0
9.395,9.405,0.0
9.405,9.415,0.0
9.415,9.425,0.0
9.425,9.435,0.0
9.435,9.445,0.0
9.445,9.455,0.0
9.455,9.465,0.0
9.465,9.475,0.0
9.475,9.485,172.91432156201938
9.485,9.495,177.57483032236325
9.495,9.505,178.9259869445074
9.505,9.515,178.5887458302888
9.515,9.525,176.53201328631118
9.525,9.535,175.43214542990873
9.535,9.545,174.28864570143486
9.545,9.555,173.4779001190569
9.555,9.565,172.86199350099824
9.565,9.575,172.51415882157093
9.575,9.585,172.17725501795564
9.585,9.595,171.6944135037571
9.595,9.605,171.2189852363096
9.605,9.615,170.94780828854883
9.615,9.625,170.52523152699217
9.625,9.635,169.74482891175168
9.635,9.645,168.57632143471716
9.645,9.655,167.41923869853886
9.655,9.665,166.03429622958717
9.665,9.675,164.89924301313042
9.675,9.685,163.68150320688923
9.685,9.695,162.7464894465971
9.695,9.705,161.68326753540208
9.705,9.715,160.04892669522752
9.715,9.725,158.9452919561192
9.725,9.735,157.55055575630922
9.735,9.745,155.8290533334761
9.745,9.755,0.0
9.755,9.765,0.0
9.765,9.775,0.0
9.775,9.785,0.0
9.785,9.795,150.51381838483047
9.795,9.805,153.16923675875972
9.805,9.815,154.75012276418244
9.815,9.825,154.21314716859524
9.825,9.835,153.1934999278933
9.835,9.845,151.6864105612099
9.845,9.855,0.0
9.855,9.865,0.0
9.865,9.875,0.0
9.875,9.885,0.0
9.885,9.895,0.0
9.895,9.905,0.0
9.905,9.915,0.0
9.915,9.925,0.0
9.925,9.935,0.0
9.935,9.945,0.0
9.945,9.955,0.0
9.955,9.965,0.0
9.965,9.975,162.49645294081247
9.975,9.985,163.73876341332758
9.985,9.995,162.85431669553694
9.995,10.005,160.34205778169732
10.005,10.015,158.37468466334508
10.015,10.025,157.87008528264784
10.025,10.035,158.5057653037212
10.035,10.045,160.38546945570175
10.045,10.055,162.02574599758623
10.055,10.065,162.52918860691446
10.065,10.075,162.38549392918318
10.075,10.085,0.0
10.085,10.095,0.0
10.095,10.105,0.0
10.105,10.115,0.0
10.115,10.125,0.0
10.125,10.135,0.0
10.135,10.145,0.0
10.145,10.155,0.0
10.155,10.165,0.0
10.165,10.175,0.0
10.175,10.185,0.0
10.185,10.195,0.0
10.195,10.205,0.0
10.205,10.215,0.0
10.215,10.225,0.0
10.225,10.235,0.0
10.235,10.245,0.0
10.245,10.255,0.0
10.255,10.265,0.0
10.265,10.275,0.0
10.275,10.285,0.0
10.285,10.295,0.0
10.295,10.305,0.0
10.305,10.315,0.0
10.315,10.325,156.19160261737716
10.325,10.335,156.3066146235918
10.335,10.345,155.27614971824974
10.345,10.355,154.12044636943688
10.355,10.365,153.76936722544667
10.365,10.375,153.84348001395904
10.375,10.385,153.67746561169022
10.385,10.395,153.37077406358026
10.395,10.405,152.9404410215112
10.405,10.415,152.47162200137095
10.415,10.425,152.2489486083278
10.425,10.435,152.27728746695217
10.435,10.445,152.38500169021006
10.445,10.455,152.23103639891187
10.455,10.465,151.82693382409911
10.465,10.475,151.71878378978474
10.475,10.485,152.14490236128654
10.485,10.495,152.63505396809072
10.495,10.505,152.60785574206855
10.505,10.515,152.2892868530483
10.515,10.525,151.79419404476047
10.525,10.535,150.79640261657076
10.535,10.545,149.71224606342946
10.545,10.555,74.86115438761458
10.555,10.565,75.13977295464139
10.565,10.575,75.26223392654634
10.575,10.585,75.21270751152645
10.585,10.595,75.10725441287325
10.595,10.605,75.02098453804051
10.605,10.615,74.91257566077171
10.615,10.625,74.78986749986645
10.625,10.635,74.74426252560838
10.635,10.645,74.74692592355763
10.645,10.655,74.74121500174097
10.655,10.665,74.75662378785238
10.665,10.675,74.73936063283847
10.675,10.685,74.62944940830177
10.685,10.695,74.4430560816022
10.695,10.705,74.1625961398855
10.705,10.715,73.9361161927768
10.715,10.725,73.72138203682168
10.725,10.735,73.34115231282425
10.735,10.745,73.0530292855856
10.745,10.755,73.2163190291937
10.755,10.765,73.50120704519144
10.765,10.775,73.64336747165306
10.775,10.785,73.66835225377332
10.785,10.795,73.66335971073734
10.795,10.805,73.71249889979484
10.805,10.815,73.7809163086526
10.815,10.825,73.8035929926409
10.825,10.835,73.72304329177136
10.835,10.845,73.77308140253162
10.845,10.855,74.14587570143344
10.855,10.865,74.76868216731184
10.865,10.875,75.55702373965367
10.875,10.885,76.69677017469908
10.885,10.895,0.0
10.895,10.905,158.2232786274128
10.905,10.915,159.50309086465595
10.915,10.925,160.73659924469032
10.925,10.935,160.62320972695738
10.935,10.945,158.1472003912524
10.945,10.955,157.21897026231207
10.955,10.965,156.58120626944472
10.965,10.975,156.2614456365859
10.975,10.985,156.34920049696137
10.985,10.995,156.73552128187367
10.995,11.005,157.44639804519343
11.005,11.015,158.54399850290815
11.015,11.025,159.38626780639015
11.025,11.035,158.93182660943347
11.035,11.045,157.3996312613422
11.045,11.055,158.7351613527947
11.055,11.065,159.81243045119288
11.065,11.075,80.04137754425447
11.075,11.085,79.92901815606841
11.085,11.095,79.75655012966892
11.095,11.105,79.60353153779427
11.105,11.115,79.48931505785244
11.115,11.125,79.33823982985469
11.125,11.135,79.0290778620324
11.135,11.145,78.56514119912813
11.145,11.155,0.0
11.155,11.165,0.0
11.165,11.175,0.0
11.175,11.185,0.0
11.185,11.195,0.0
11.195,11.205,0.0
11.205,11.215,0.0
11.215,11.225,0.0
11.225,11.235,0.0
11.235,11.245,0.0
11.245,11.255,0.0
11.255,11.265,0.0
11.265,11.275,0.0
11.275,11.285,0.0
11.285,11.295,0.0
11.295,11.305,0.0
11.305,11.315,0.0
11.315,11.325,0.0
11.325,11.335,0.0
11.335,11.345,0.0
11.345,11.355,0.0
11.355,11.365,0.0
11.365,11.375,0.0
11.375,11.385,0.0
11.385,11.395,0.0
11.395,11.405,160.91587795332683
11.405,11.415,162.65388711218898
11.415,11.425,163.8637205952036
11.425,11.435,164.69919630169966
11.435,11.445,165.20102994254512
11.445,11.455,165.19474661185578
11.455,11.465,165.0318241584149
11.465,11.475,164.78189662886777
11.475,11.485,164.7049169681344
11.485,11.495,165.2851024791176
11.495,11.505,166.619720814856
11.505,11.515,167.40892504218746
11.515,11.525,167.51530952628983
11.525,11.535,167.59575530627822
11.535,11.545,168.03764551297374
11.545,11.555,168.60599696659597
11.555,11.565,168.74772703338758
11.565,11.575,167.6515864115829
11.575,11.585,164.01044403051654
11.585,11.595,0.0
11.595,11.605,0.0
11.605,11.615,0.0
11.615,11.625,0.0
11.625,11.635,0.0
11.635,11.645,0.0
11.645,11.655,0.0
11.655,11.665,0.0
11.665,11.675,0.0
11.675,11.685,0.0
11.685,11.695,0.0
11.695,11.705,0.0
11.705,11.715,0.0
11.715,11.725,0.0
11.725,11.735,0.0
11.735,11.745,0.0
11.745,11.755,0.0
11.755,11.765,0.0
11.765,11.775,0.0
11.775,11.785,158.66147317231597
11.785,11.795,157.72624723338876
11.795,11.805,156.86717646423273
11.805,11.815,155.95154256360615
11.815,11.825,154.90935953479274
11.825,11.835,154.12335739261417
11.835,11.845,153.36549738101843
11.845,11.855,152.44967534898603
11.855,11.865,151.696283089126
11.865,11.875,151.31601046971178
11.875,11.885,151.2235894226043
11.885,11.895,151.1192420193478
11.895,11.905,150.82851348917862
11.905,11.915,150.3199763631211
11.915,11.925,149.38363288885174
11.925,11.935,148.64174909634573
11.935,11.945,148.2287140773302
11.945,11.955,147.60233525834403
11.955,11.965,73.36432323867709
11.965,11.975,73.3326046930237
11.975,11.985,73.62387631831042
11.985,11.995,73.74810948717565
11.995,12.005,73.67665335118988
12.005,12.015,73.54409425037889
12.015,12.025,73.30368028091661
12.025,12.035,72.99340585953364
12.035,12.045,72.72238034180033
12.045,12.055,72.48378118400196
12.055,12.065,72.29426728776362
12.065,12.075,72.22664457875776
12.075,12.085,72.32348689429546
12.085,12.095,72.487454845941
12.095,12.105,72.61489566647663
12.105,12.115,72.66297364344149
12.115,12.125,72.63927140766718
12.125,12.135,72.70439138577028
12.135,12.145,0.0
12.145,12.155,0.0
12.155,12.165,0.0
12.165,12.175,0.0
12.175,12.185,0.0
12.185,12.195,0.0
12.195,12.205,0.0
12.205,12.215,0.0
12.215,12.225,0.0
12.225,12.235,0.0
12.235,12.245,0.0
12.245,12.255,0.0
12.255,12.265,0.0
12.265,12.275,0.0
12.275,12.285,0.0
12.285,12.295,0.0
12.295,12.305,0.0
12.305,12.315,0.0
12.315,12.325,152.84641761657727
12.325,12.335,154.02872661228
12.335,12.345,155.56681592602953
12.345,12.355,157.055388710334
12.355,12.365,157.75243900256655
12.365,12.375,157.96988120876642
12.375,12.385,157.98277524172644
12.385,12.395,157.7268262985611
12.395,12.405,157.33155371181704
12.405,12.415,157.12033639095733
12.415,12.425,0.0
12.425,12.435,0.0
12.435,12.445,0.0
12.445,12.455,0.0
12.455,12.465,0.0
12.465,12.475,0.0
12.475,12.485,0.0
12.485,12.495,0.0
12.495,12.505,0.0
12.505,12.515,0.0
12.515,12.525,158.26337968785555
12.525,12.535,158.56595926520194
12.535,12.545,159.08309657414338
12.545,12.555,158.1896018308093
12.555,12.565,156.67784527667283
12.565,12.575,154.48508229347777
12.575,12.585,152.00619664834485
12.585,12.595,150.20068665930683
12.595,12.605,148.88080629114205
12.605,12.615,147.5441397410058
12.615,12.625,146.15644625789835
12.625,12.635,145.0053553489395
12.635,12.645,143.79194440830994
12.645,12.655,142.39919786216876
12.655,12.665,141.08692804834934
12.665,12.675,139.80855285256624
12.675,12.685,138.905441815827
12.685,12.695,138.76379960085154
12.695,12.705,139.14663964247546
12.705,12.715,139.65413064962183
12.715,12.725,139.89702380222585
12.725,12.735,139.8537897953517
12.735,12.745,0.0
12.745,12.755,0.0
12.755,12.765,0.0
12.765,12.775,0.0
12.775,12.785,0.0
12.785,12.795,0.0
12.795,12.805,0.0
12.805,12.815,0.0
12.815,12.825,0.0
12.825,12.835,0.0
12.835,12.845,0.0
12.845,12.855,0.0
12.855,12.865,0.0
12.865,12.875,0.0
12.875,12.885,0.0
12.885,12.895,0.0
12.895,12.905,0.0
12.905,12.915,0.0
12.915,12.925,0.0
12.925,12.935,0.0
12.935,12.945,0.0
12.945,12.955,194.46462391675922
12.955,12.965,196.87231322647725
12.965,12.975,199.40526842662825
12.975,12.985,202.90998921289392
12.985,12.995,206.50990308503478
12.995,13.005,210.2151236525216
13.005,13.015,214.0460191567195
13.015,13.025,216.7602015907194
13.025,13.035,219.10399112104494
13.035,13.045,221.5964157095651
13.045,13.055,223.87943629055695
13.055,13.065,223.94674474065073
13.065,13.075,223.68371071751804
13.075,13.085,225.83188913028374
13.085,13.095,231.62716245725383
13.095,13.105,0.0
13.105,13.115,0.0
13.115,13.125,0.0
13.125,13.135,0.0
13.135,13.145,0.0
13.145,13.155,0.0
13.155,13.165,0.0
13.165,13.175,0.0
13.175,13.185,0.0
13.185,13.195,0.0
13.195,13.205,0.0
13.205,13.215,0.0
13.215,13.225,0.0
13.225,13.235,0.0
13.235,13.245,0.0
13.245,13.255,0.0
13.255,13.265,0.0
13.265,13.275,0.0
13.275,13.285,0.0
13.285,13.295,0.0
13.295,13.305,0.0
13.305,13.315,0.0
13.315,13.325,0.0
13.325,13.335,0.0
13.335,13.345,0.0
13.345,13.355,0.0
13.355,13.365,0.0
13.365,13.375,0.0
13.375,13.385,0.0
13.385,13.395,0.0
13.395,13.405,0.0
13.405,13.415,0.0
13.415,13.425,0.0
13.425,13.435,0.0
13.435,13.445,0.0
13.445,13.455,0.0
13.455,13.465,0.0
13.465,13.475,0.0
13.475,13.485,0.0
13.485,13.495,0.0
13.495,13.505,0.0
13.505,13.515,0.0
13.515,13.525,0.0
13.525,13.535,0.0
13.535,13.545,0.0
13.545,13.555,0.0
13.555,13.565,0.0
13.565,13.575,0.0
13.575,13.585,0.0
13.585,13.595,0.0
13.595,13.605,0.0
13.605,13.615,0.0
13.615,13.625,0.0
13.625,13.635,0.0
13.635,13.645,0.0
13.645,13.655,0.0
13.655,13.665,0.0
13.665,13.675,0.0
13.675,13.685,0.0
13.685,13.695,0.0
13.695,13.705,0.0
13.705,13.715,0.0
13.715,13.725,0.0
13.725,13.735,0.0
13.735,13.745,0.0
13.745,13.755,0.0
13.755,13.765,0.0
13.765,13.775,0.0
13.775,13.785,0.0
13.785,13.795,0.0
13.795,13.805,0.0
13.805,13.815,0.0
13.815,13.825,0.0
13.825,13.835,0.0
13.835,13.845,0.0
13.845,13.855,0.0
13.855,13.865,0.0
13.865,13.875,0.0
13.875,13.885,0.0
13.885,13.895,0.0
13.895,13.905,0.0
13.905,13.915,0.0
13.915,13.925,89.61059159251194
13.925,13.935,89.5080798279614
13.935,13.945,0.0
13.945,13.955,180.32739129017168
13.955,13.965,181.54341096184837
13.965,13.975,180.66101185838903
13.975,13.985,178.58083434646966
13.985,13.995,175.7175139196609
13.995,14.005,174.1105996298464
14.005,14.015,177.55537454867365
14.015,14.025,180.743388762166
14.025,14.035,181.87466704340906
14.035,14.045,182.0756704681033
14.045,14.055,181.8877013565976
14.055,14.065,181.25946737469795
14.065,14.075,180.32867530097752
14.075,14.085,179.62338210682404
14.085,14.095,178.91111891390517
14.095,14.105,178.05902741636612
14.105,14.115,177.2033594933014
14.115,14.125,175.9163180140051
14.125,14.135,175.0470108719786
14.135,14.145,174.91753638230978
14.145,14.155,174.98830164440392
14.155,14.165,175.18811781764012
14.165,14.175,175.41809066636822
14.175,14.185,175.46183736736037
14.185,14.195,175.10389033377479
14.195,14.205,174.56207921106673
14.205,14.215,174.7270541676774
14.215,14.225,171.54470522154864
14.225,14.235,170.03323616420218
14.235,14.245,170.0584718351849
14.245,14.255,169.81300067595961
14.255,14.265,169.1453725876995
14.265,14.275,168.51038855699332
14.275,14.285,168.02761774813115
14.285,14.295,167.59088165696366
14.295,14.305,167.74573378591256
14.305,14.315,168.3214485103661
14.315,14.325,0.0
14.325,14.335,0.0
14.335,14.345,0.0
14.345,14.355,0.0
14.355,14.365,0.0
14.365,14.375,0.0
14.375,14.385,0.0
14.385,14.395,0.0
14.395,14.405,0.0
14.405,14.415,0.0
14.415,14.425,0.0
14.425,14.435,0.0
14.435,14.445,0.0
14.445,14.455,0.0
14.455,14.465,0.0
14.465,14.475,0.0
14.475,14.485,0.0
14.485,14.495,199.43931969267197
14.495,14.505,192.22398748597905
14.505,14.515,191.4963290004053
14.515,14.525,178.14183798812314
14.525,14.535,178.1033732658035
14.535,14.545,0.0
14.545,14.555,0.0
14.555,14.565,0.0
14.565,14.575,0.0
14.575,14.585,0.0
14.585,14.595,0.0
14.595,14.605,0.0
14.605,14.615,0.0
14.615,14.625,0.0
14.625,14.635,0.0
14.635,14.645,0.0
14.645,14.655,0.0
14.655,14.665,0.0
14.665,14.675,0.0
14.675,14.685,0.0
14.685,14.695,0.0
14.695,14.705,0.0
14.705,14.715,0.0
14.715,14.725,217.27403092761423
14.725,14.735,216.4052552189195
14.735,14.745,214.08781953252856
14.745,14.755,199.82033893804092
14.755,14.765,192.11356591932287
14.765,14.775,184.7502432081718
14.775,14.785,178.24627701563128
14.785,14.795,172.40546087128575
14.795,14.805,167.89477842706842
14.805,14.815,164.46123379857173
14.815,14.825,161.14386260594475
14.825,14.835,158.33457956706445
14.835,14.845,155.88448356499816
14.845,14.855,153.7983379295699
14.855,14.865,152.21418828284342
14.865,14.875,150.97295374017475
14.875,14.885,150.51305457894412
14.885,14.895,150.54882699616158
14.895,14.905,150.96871725159932
14.905,14.915,152.12952299457675
14.915,14.925,153.073855074578
14.925,14.935,153.09630946980903
14.935,14.945,151.54034070251555
14.945,14.955,150.2252021431141
14.955,14.965,159.74681487040036
14.965,14.975,161.86751026195722
14.975,14.985,163.48137724796416
14.985,14.995,173.44826337748242
14.995,15.005,176.168580173418
15.005,15.015,178.2323602208786
15.015,15.025,182.76611879241193
15.025,15.035,185.89044986645357
15.035,15.045,191.04876370315645
15.045,15.055,195.47974343925245
15.055,15.065,208.52039669557064
15.065,15.075,214.01853204935122
15.075,15.085,218.4315875230619
15.085,15.095,221.53017570054777
15.095,15.105,226.02228484797257
15.105,15.115,231.19988884358102
15.115,15.125,235.13684517939723
15.125,15.135,240.49295878436138
15.135,15.145,243.53441078474296
15.145,15.155,245.09326259577074
15.155,15.165,0.0
15.165,15.175,0.0
15.175,15.185,0.0
15.185,15.195,0.0
15.195,15.205,0.0
15.205,15.215,0.0
15.215,15.225,0.0
15.225,15.235,0.0
15.235,15.245,0.0
15.245,15.255,0.0
15.255,15.265,0.0
15.265,15.275,0.0
15.275,15.285,0.0
15.285,15.295,0.0
15.295,15.305,0.0
15.305,15.315,0.0
15.315,15.325,0.0
15.325,15.335,0.0
15.335,15.345,0.0
15.345,15.355,0.0
15.355,15.365,0.0
15.365,15.375,0.0
15.375,15.385,0.0
15.385,15.395,0.0
15.395,15.405,0.0
15.405,15.415,0.0
15.415,15.425,0.0
15.425,15.435,0.0
15.435,15.445,0.0
15.445,15.455,0.0
15.455,15.465,0.0
15.465,15.475,0.0
15.475,15.485,0.0
15.485,15.495,0.0
15.495,15.505,0.0
15.505,15.515,0.0
15.515,15.525,0.0
15.525,15.535,0.0
15.535,15.545,0.0
15.545,15.555,0.0
15.555,15.565,0.0
15.565,15.575,0.0
15.575,15.585,0.0
15.585,15.595,0.0
15.595,15.605,0.0
15.605,15.615,0.0
15.615,15.625,0.0
15.625,15.635,0.0
15.635,15.645,0.0
15.645,15.655,0.0
15.655,15.665,0.0
15.665,15.675,0.0
15.675,15.685,0.0
15.685,15.695,0.0
15.695,15.705,0.0
15.705,15.715,0.0
15.715,15.725,0.0
15.725,15.735,0.0
15.735,15.745,0.0
15.745,15.755,0.0
15.755,15.765,0.0
15.765,15.775,0.0
15.775,15.785,0.0
15.785,15.795,0.0
15.795,15.805,0.0
15.805,15.815,0.0
15.815,15.825,0.0
15.825,15.835,0.0
15.835,15.845,0.0
15.845,15.855,0.0
15.855,15.865,0.0
15.865,15.875,0.0
15.875,15.885,0.0
15.885,15.895,0.0
15.895,15.905,0.0
15.905,15.915,0.0
15.915,15.925,0.0
15.925,15.935,0.0
15.935,15.945,0.0
15.945,15.955,0.0
15.955,15.965,0.0
15.965,15.975,0.0
15.975,15.985,0.0
15.985,15.995,0.0
15.995,16.005,173.7692978292033
16.005,16.015,172.61811171269835
16.015,16.025,171.90920513420542
16.025,16.035,171.63286557208758
16.035,16.045,171.04982196216983
16.045,16.055,0.0
16.055,16.065,0.0
16.065,16.075,59.713525539860555
16.075,16.085,60.410204983410694
16.085,16.095,0.0
16.095,16.105,0.0
16.105,16.115,0.0
16.115,16.125,0.0
16.125,16.135,0.0
16.135,16.145,0.0
16.145,16.155,0.0
16.155,16.165,0.0
16.165,16.175,0.0
16.175,16.185,0.0
16.185,16.195,0.0
16.195,16.205,0.0
16.205,16.215,0.0
16.215,16.225,0.0
16.225,16.235,0.0
16.235,16.245,239.3737518407702
16.245,16.255,239.82234432255734
16.255,16.265,248.7378805653927
16.265,16.275,250.53398336522963
16.275,16.285,251.72608542322214
16.285,16.295,252.29450952661446
16.295,16.305,251.67455175766685
16.305,16.315,249.60798498713302
16.315,16.325,246.09804776004816
16.325,16.335,0.0
16.335,16.345,0.0
16.345,16.355,0.0
16.355,16.365,0.0
16.365,16.375,0.0
16.375,16.385,0.0
16.385,16.395,0.0
16.395,16.405,0.0
16.405,16.415,0.0
16.415,16.425,0.0
16.425,16.435,0.0
16.435,16.445,0.0
16.445,16.455,0.0
16.455,16.465,0.0
16.465,16.475,0.0
16.475,16.485,0.0
16.485,16.495,0.0
16.495,16.505,0.0
16.505,16.515,194.26761924374114
16.515,16.525,193.0300272791476
16.525,16.535,192.27165718075133
16.535,16.545,191.4648219760195
16.545,16.555,0.0
16.555,16.565,0.0
16.565,16.575,0.0
16.575,16.585,0.0
16.585,16.595,0.0
16.595,16.605,0.0
16.605,16.615,0.0
16.615,16.625,0.0
16.625,16.635,177.45104793399474
16.635,16.645,176.56016812926833
16.645,16.655,176.5954386466941
16.655,16.665,177.45506566611078
16.665,16.675,179.53800946539545
16.675,16.685,181.29981190978958
16.685,16.695,0.0
16.695,16.705,0.0
16.705,16.715,0.0
16.715,16.725,0.0
16.725,16.735,0.0
16.735,16.745,0.0
16.745,16.755,0.0
16.755,16.765,0.0
16.765,16.775,0.0
16.775,16.785,0.0
16.785,16.795,0.0
16.795,16.805,0.0
16.805,16.815,0.0
16.815,16.825,0.0
16.825,16.835,0.0
16.835,16.845,0.0
16.845,16.855,0.0
16.855,16.865,199.58571654549593
16.865,16.875,199.15524682452036
16.875,16.885,198.84957238083732
16.885,16.895,198.0762932134065
16.895,16.905,196.47601283004886
16.905,16.915,194.74400330059
16.915,16.925,193.20877182523276
16.925,16.935,192.0529939659944
16.935,16.945,191.0757419949629
16.945,16.955,190.13848883541962
16.955,16.965,189.52864884143634
16.965,16.975,189.35227501890242
16.975,16.985,189.5078734114252
16.985,16.995,189.69112197008212
16.995,17.005,189.60115167299662
17.005,17.015,189.35802974176698
17.015,17.025,188.9909024937633
17.025,17.035,188.19209148081964
17.035,17.045,186.94439968728597
17.045,17.055,186.5694336122147
17.055,17.065,186.7209047343145
17.065,17.075,186.78159968770922
17.075,17.085,186.69495800918656
17.085,17.095,0.0
17.095,17.105,0.0
17.105,17.115,0.0
17.115,17.125,177.8587981507392
17.125,17.135,185.14459884754055
17.135,17.145,187.30523965721446
17.145,17.155,189.6595704326053
17.155,17.165,190.9897845313138
17.165,17.175,191.35982228395935
17.175,17.185,190.40124372242323
17.185,17.195,188.78575191861842
17.195,17.205,187.3942339180241
17.205,17.215,0.0
17.215,17.225,0.0
17.225,17.235,0.0
17.235,17.245,0.0
17.245,17.255,0.0
17.255,17.265,0.0
17.265,17.275,0.0
17.275,17.285,0.0
17.285,17.295,0.0
17.295,17.305,0.0
17.305,17.315,0.0
17.315,17.325,0.0
17.325,17.335,0.0
17.335,17.345,0.0
17.345,17.355,0.0
17.355,17.365,0.0
17.365,17.375,0.0
17.375,17.385,0.0
17.385,17.395,0.0
17.395,17.405,0.0
17.405,17.415,0.0
17.415,17.425,0.0
17.425,17.435,0.0
17.435,17.445,0.0
17.445,17.455,0.0
17.455,17.465,179.0941207945075
17.465,17.475,183.0487963260287
17.475,17.485,184.99181377473644
17.485,17.495,185.4259568792366
17.495,17.505,184.87170092393168
17.505,17.515,184.48707859248276
17.515,17.525,184.5764201724003
17.525,17.535,184.16522506876484
17.535,17.545,182.51403373237548
17.545,17.555,180.87468931331156
17.555,17.565,180.29552408342673
17.565,17.575,179.6213996845158
17.575,17.585,178.41494255691808
17.585,17.595,177.16845092205702
17.595,17.605,176.58783865476548
17.605,17.615,177.05648642099428
17.615,17.625,178.4769015954591
17.625,17.635,178.92737360636028
17.635,17.645,178.66631854854927
17.645,17.655,178.79133125662847
17.655,17.665,179.15778174360506
17.665,17.675,179.14306170220658
17.675,17.685,178.68942487814118
17.685,17.695,178.32442867383995
17.695,17.705,178.61559135137887
17.705,17.715,179.6133243445275
17.715,17.725,180.79990505205674
17.725,17.735,182.17705578856246
17.735,17.745,183.2659918140233
17.745,17.755,183.7455918905538
17.755,17.765,184.71869768207293
17.765,17.775,186.53031446078447
17.775,17.785,187.54315662655057
17.785,17.795,187.67841057206584
17.795,17.805,187.73194090690407
17.805,17.815,187.96636624377226
17.815,17.825,187.99969050729297
17.825,17.835,187.85758322006237
17.835,17.845,187.6706036672824
17.845,17.855,187.3565457895476
17.855,17.865,187.06366139992147
17.865,17.875,187.11744363652116
17.875,17.885,187.69176292518654
17.885,17.895,188.3117062641802
17.895,17.905,188.49799527775752
17.905,17.915,188.32459869379704
17.915,17.925,187.85742552597105
17.925,17.935,187.0950796196601
17.935,17.945,186.30890018052554
17.945,17.955,185.7748639104776
17.955,17.965,185.25691986774356
17.965,17.975,184.47703532678022
17.975,17.985,183.59318688849962
17.985,17.995,183.21505241151254
17.995,18.005,183.4263445708336
18.005,18.015,183.77931638023557
18.015,18.025,183.88058127552824
18.025,18.035,183.35105294667326
18.035,18.045,0.0
18.045,18.055,0.0
18.055,18.065,0.0
18.065,18.075,0.0
18.075,18.085,0.0
18.085,18.095,0.0
18.095,18.105,0.0
18.105,18.115,0.0
18.115,18.125,0.0
18.125,18.135,0.0
18.135,18.145,0.0
18.145,18.155,0.0
18.155,18.165,0.0
18.165,18.175,0.0
18.175,18.185,0.0
18.185,18.195,0.0
18.195,18.205,0.0
18.205,18.215,0.0
18.215,18.225,176.63003680466272
18.225,18.235,174.98805714098273
18.235,18.245,174.2363894279556
18.245,18.255,171.87147458815815
18.255,18.265,169.092525924056
18.265,18.275,167.2969383918258
18.275,18.285,165.56906257469274
18.285,18.295,164.9990288464256
18.295,18.305,165.80397150133408
18.305,18.315,166.52730805333204
18.315,18.325,166.73154073810522
18.325,18.335,167.10681355557477
18.335,18.345,168.2876000488539
18.345,18.355,169.77087514097371
18.355,18.365,170.7582338325651
18.365,18.375,171.22611957018069
18.375,18.385,171.56790732666298
18.385,18.395,171.75202403070898
18.395,18.405,171.80645005467863
18.405,18.415,172.17312927881292
18.415,18.425,172.99555768733637
18.425,18.435,173.96935719497375
18.435,18.445,175.1315410653737
18.445,18.455,176.74369375259923
18.455,18.465,178.70321525159272
18.465,18.475,180.40192548387694
18.475,18.485,182.07565845428255
18.485,18.495,184.85308974798198
18.495,18.505,187.7774482679798
18.505,18.515,189.2541578615544
18.515,18.525,189.27861536830068
18.525,18.535,189.66900377514352
18.535,18.545,190.09306934595227
18.545,18.555,190.5018325331068
18.555,18.565,190.75637002140468
18.565,18.575,191.05047552582928
18.575,18.585,191.9262090763146
18.585,18.595,192.57631271818374
18.595,18.605,192.49845679319796
18.605,18.615,192.17595974712137
18.615,18.625,191.77450425011688
18.625,18.635,191.26191595309413
18.635,18.645,190.3881286137954
18.645,18.655,186.24216158725554
18.655,18.665,187.9163346589711
18.665,18.675,188.5895558532064
18.675,18.685,188.0992150885565
18.685,18.695,187.08848776036461
18.695,18.705,185.99999730068043
18.705,18.715,184.88744805782397
18.715,18.725,183.68640481105507
18.725,18.735,182.24697985908637
18.735,18.745,180.68268587459335
18.745,18.755,180.18805845558813
18.755,18.765,0.0
18.765,18.775,0.0
18.775,18.785,0.0
18.785,18.795,0.0
18.795,18.805,0.0
18.805,18.815,0.0
18.815,18.825,0.0
18.825,18.835,0.0
18.835,18.845,0.0
18.845,18.855,0.0
18.855,18.865,0.0
18.865,18.875,0.0
18.875,18.885,0.0
18.885,18.895,0.0
18.895,18.905,0.0
18.905,18.915,0.0
18.915,18.925,0.0
18.925,18.935,0.0
18.935,18.945,0.0
18.945,18.955,0.0
18.955,18.965,0.0
18.965,18.975,0.0
18.975,18.985,0.0
18.985,18.995,0.0
18.995,19.005,0.0
19.005,19.015,0.0
19.015,19.025,0.0
19.025,19.035,0.0
19.035,19.045,0.0
19.045,19.055,0.0
19.055,19.065,0.0
19.065,19.075,0.0
19.075,19.085,0.0
19.085,19.095,0.0
19.095,19.105,0.0
19.105,19.115,0.0
19.115,19.125,0.0
19.125,19.135,0.0
19.135,19.145,0.0
19.145,19.155,0.0
19.155,19.165,0.0
19.165,19.175,156.0460826447651
19.175,19.185,156.2098763263285
19.185,19.195,156.10419449645912
19.195,19.205,154.74581181535655
19.205,19.215,153.02862178898192
19.215,19.225,151.38670051926346
19.225,19.235,148.9655134403154
19.235,19.245,146.80831766070398
19.245,19.255,145.73598226873165
19.255,19.265,144.27719911679708
19.265,19.275,143.36531007695973
19.275,19.285,71.22612783092346
19.285,19.295,70.74660480883631
19.295,19.305,70.28187633424298
19.305,19.315,70.34079007757757
19.315,19.325,70.73185116140994
19.325,19.335,70.87186434597533
19.335,19.345,70.55397487172961
19.345,19.355,70.24582629693431
19.355,19.365,70.11970351790329
19.365,19.375,70.18214165156634
19.375,19.385,70.41030095537135
19.385,19.395,70.7114607463523
19.395,19.405,70.97750775657717
19.405,19.415,70.91166776137537
19.415,19.425,70.69902069242184
19.425,19.435,70.31838441532808
19.435,19.445,69.68472422929027
19.445,19.455,69.25917497820058
19.455,19.465,69.05166536572374
19.465,19.475,68.88662828858729
19.475,19.485,68.5629066755739
19.485,19.495,0.0
19.495,19.505,0.0
19.505,19.515,0.0
19.515,19.525,0.0
19.525,19.535,0.0
19.535,19.545,0.0
19.545,19.555,0.0
19.555,19.565,0.0
19.565,19.575,0.0
19.575,19.585,0.0
19.585,19.595,0.0
19.595,19.605,0.0
19.605,19.615,0.0
19.615,19.625,0.0
19.625,19.635,75.95069510244008
19.635,19.645,75.67318383557628
19.645,19.655,73.34136644357672
19.655,19.665,72.107125476823
19.665,19.675,0.0
19.675,19.685,0.0
19.685,19.695,0.0
19.695,19.705,0.0
19.705,19.715,0.0
19.715,19.725,0.0
19.725,19.735,0.0
19.735,19.745,0.0
19.745,19.755,0.0
19.755,19.765,0.0
19.765,19.775,0.0
19.775,19.785,148.54059751158513
19.785,19.795,150.23016882773646
19.795,19.805,151.24797958839642
19.805,19.815,151.5386041872977
19.815,19.825,151.28442276145654
19.825,19.835,150.81482452902722
19.835,19.845,150.35326418081291
19.845,19.855,149.61424375006672
19.855,19.865,149.03507309097498
19.865,19.875,148.74998546998066
19.875,19.885,148.77404031977267
19.885,19.895,148.67087428157217
19.895,19.905,0.0
19.905,19.915,0.0
19.915,19.925,0.0
19.925,19.935,0.0
19.935,19.945,152.7173329637758
19.945,19.955,153.63043992632538
19.955,19.965,153.28951862007455
19.965,19.975,76.57939328960673
19.975,19.985,76.46282671415676
19.985,19.995,76.40210993402535
19.995,20.005,76.38713631204978
20.005,20.015,76.27917443733931
20.015,20.025,76.14499352441098
20.025,20.035,76.15242781595391
20.035,20.045,76.24647447014125
20.045,20.055,76.26363013330045
20.055,20.065,76.10601406864625
20.065,20.075,75.786130606902
20.075,20.085,75.38194501028153
20.085,20.095,75.16905795760216
20.095,20.105,75.20537044397427
20.105,20.115,75.27938226481324
20.115,20.125,75.34562559064058
20.125,20.135,75.39086911386912
20.135,20.145,75.49478648878369
20.145,20.155,75.53971130660818
20.155,20.165,150.82036657264763
20.165,20.175,150.37591752790038
20.175,20.185,149.98076226853226
20.185,20.195,149.33527406364192
20.195,20.205,148.30402639497328
20.205,20.215,147.3540302177673
20.215,20.225,145.98919336670647
20.225,20.235,0.0
20.235,20.245,0.0
20.245,20.255,0.0
20.255,20.265,0.0
20.265,20.275,0.0
20.275,20.285,0.0
20.285,20.295,0.0
20.295,20.305,0.0
20.305,20.315,0.0
20.315,20.325,146.23445455433944
20.325,20.335,149.4503083851075
20.335,20.345,149.2483025964791
20.345,20.355,148.44019432928957
20.355,20.365,147.18997334568132
20.365,20.375,145.75235209080466
20.375,20.385,144.07981184657783
20.385,20.395,142.25412100683985
20.395,20.405,141.1662800752463
20.405,20.415,140.60447818908145
20.415,20.425,140.45875265311648
20.425,20.435,140.87491944613691
20.435,20.445,141.313278448836
20.445,20.455,141.05596135598876
20.455,20.465,140.65490977999778
20.465,20.475,0.0
20.475,20.485,0.0
20.485,20.495,0.0
20.495,20.505,0.0
20.505,20.515,0.0
20.515,20.525,0.0
20.525,20.535,0.0
20.535,20.545,0.0
20.545,20.555,0.0
20.555,20.565,0.0
20.565,20.575,0.0
20.575,20.585,0.0
20.585,20.595,0.0
20.595,20.605,0.0
20.605,20.615,0.0
20.615,20.625,0.0
20.625,20.635,0.0
20.635,20.645,0.0
20.645,20.655,0.0
20.655,20.665,0.0
20.665,20.675,0.0
20.675,20.685,0.0
20.685,20.695,0.0
20.695,20.705,0.0
20.705,20.715,0.0
20.715,20.725,0.0
20.725,20.735,0.0
20.735,20.745,0.0
20.745,20.755,0.0
20.755,20.765,0.0
20.765,20.775,0.0
20.775,20.785,0.0
20.785,20.795,0.0
20.795,20.805,0.0
20.805,20.815,0.0
20.815,20.825,0.0
20.825,20.835,0.0
20.835,20.845,0.0
20.845,20.855,0.0
20.855,20.865,0.0
20.865,20.875,0.0
20.875,20.885,0.0
20.885,20.895,0.0
20.895,20.905,0.0
20.905,20.915,0.0
20.915,20.925,0.0
20.925,20.935,0.0
20.935,20.945,0.0
20.945,20.955,0.0
20.955,20.965,0.0
20.965,20.975,0.0
20.975,20.985,0.0
20.985,20.995,0.0
20.995,21.005,0.0
21.005,21.015,0.0
21.015,21.025,0.0
21.025,21.035,0.0
21.035,21.045,0.0
21.045,21.055,0.0
21.055,21.065,0.0
21.065,21.075,0.0
21.075,21.085,0.0
21.085,21.095,0.0
21.095,21.105,184.15745912069607
21.105,21.115,188.3168782779032
21.115,21.125,190.95496895012525
21.125,21.135,192.60566079846163
21.135,21.145,193.7311951110467
21.145,21.155,194.1457546917423
21.155,21.165,193.81048738510836
21.165,21.175,193.01796481358568
21.175,21.185,191.7824813268761
21.185,21.195,189.9642345319197
21.195,21.205,187.66615369318913
21.205,21.215,184.6313932513685
21.215,21.225,0.0
21.225,21.235,0.0
21.235,21.245,0.0
21.245,21.255,0.0
21.255,21.265,0.0
21.265,21.275,0.0
21.275,21.285,0.0
21.285,21.295,0.0
21.295,21.305,0.0
21.305,21.315,0.0
21.315,21.325,0.0
21.325,21.335,0.0
21.335,21.345,0.0
21.345,21.355,0.0
21.355,21.365,0.0
21.365,21.375,0.0
21.375,21.385,0.0
21.385,21.395,0.0
21.395,21.405,0.0
21.405,21.415,0.0
21.415,21.425,0.0
21.425,21.435,0.0
21.435,21.445,0.0
21.445,21.455,0.0
21.455,21.465,0.0
21.465,21.475,0.0
21.475,21.485,0.0
21.485,21.495,0.0
21.495,21.505,0.0
21.505,21.515,0.0
21.515,21.525,0.0
21.525,21.535,0.0
21.535,21.545,0.0
21.545,21.555,0.0
21.555,21.565,0.0
21.565,21.575,0.0
21.575,21.585,0.0
21.585,21.595,169.4675701512686
21.595,21.605,169.39085162759116
21.605,21.615,168.13564356361323
21.615,21.625,167.02007844629225
21.625,21.635,165.55597711015602
21.635,21.645,164.1810307395386
21.645,21.655,163.6807380574442
21.655,21.665,163.8877157785253
21.665,21.675,164.27479049534227
21.675,21.685,164.5734278022769
21.685,21.695,164.81643222888778
21.695,21.705,164.82846544790482
21.705,21.715,164.57647319715605
21.715,21.725,164.13718532644458
21.725,21.735,163.8072194546072
21.735,21.745,164.02733860072726
21.745,21.755,164.69147186266218
21.755,21.765,164.8687998769051
21.765,21.775,163.3586926322535
21.775,21.785,160.35815164255882
21.785,21.795,157.39903767286256
21.795,21.805,157.02555898287312
21.805,21.815,0.0
21.815,21.825,0.0
21.825,21.835,0.0
21.835,21.845,0.0
21.845,21.855,0.0
21.855,21.865,0.0
21.865,21.875,0.0
21.875,21.885,0.0
21.885,21.895,0.0
21.895,21.905,153.9874216340002
21.905,21.915,155.57768625359574
21.915,21.925,155.54905974844752
21.925,21.935,155.1627839011983
21.935,21.945,154.54730440458968
21.945,21.955,153.56983075537087
21.955,21.965,152.1991073663533
21.965,21.975,150.8458346959139
21.975,21.985,149.91672083890637
21.985,21.995,149.57771227426542
21.995,22.005,149.94225717569185
22.005,22.015,150.9135406221922
22.015,22.025,151.9932830356353
22.025,22.035,153.23725112502837
22.035,22.045,154.1001775124092
22.045,22.055,154.21381237648498
22.055,22.065,154.43572049127178
22.065,22.075,154.93449834371108
22.075,22.085,155.28873523467706
22.085,22.095,155.29668389245205
22.095,22.105,155.35232446265684
22.105,22.115,155.49814631166547
22.115,22.125,155.58590289589918
22.125,22.135,155.70551730345178
22.135,22.145,155.7801758772169
22.145,22.155,155.76852011673998
22.155,22.165,155.88958893859999
22.165,22.175,155.97795953400092
22.175,22.185,155.67335581783695
22.185,22.195,155.3134779911999
22.195,22.205,155.07428920218743
22.205,22.215,154.85198002786484
22.215,22.225,154.72980268121836
22.225,22.235,154.78319959037603
22.235,22.245,154.96146735095084
22.245,22.255,155.2222174881579
22.255,22.265,155.59301091037062
22.265,22.275,156.08722652592127
22.275,22.285,156.48345499797847
22.285,22.295,156.9214075981416
22.295,22.305,157.7665298776424
22.305,22.315,157.52457001717056
22.315,22.325,156.11504558464944
22.325,22.335,155.45934572790617
22.335,22.345,155.319861501941
22.345,22.355,155.16181120286416
22.355,22.365,155.03066894263148
22.365,22.375,155.02704651492718
22.375,22.385,155.0330972614904
22.385,22.395,154.979248373717
22.395,22.405,154.9224442208398
22.405,22.415,155.04869226013798
22.415,22.425,155.29291435990407
22.425,22.435,155.60142941146876
22.435,22.445,155.99991768487425
22.445,22.455,156.3107631579128
22.455,22.465,156.22676346662183
22.465,22.475,155.70911274542507
22.475,22.485,154.92152645948894
22.485,22.495,154.45184071082176
22.495,22.505,154.47019522326818
22.505,22.515,154.51457349898357
22.515,22.525,154.5626117992591
22.525,22.535,154.65240548525446
22.535,22.545,154.75970576068428
22.545,22.555,155.0032610922586
22.555,22.565,155.05542021524477
22.565,22.575,154.9231966590038
22.575,22.585,154.87304940756482
22.585,22.595,154.9113905266858
22.595,22.605,154.906605640682
22.605,22.615,154.954934605526
22.615,22.625,155.02139405931297
22.625,22.635,154.9773688015963
22.635,22.645,154.89292405366888
22.645,22.655,154.82172959062828
22.655,22.665,154.9527446454709
22.665,22.675,154.99602752585787
22.675,22.685,154.47722179807425
22.685,22.695,153.1570408997353
22.695,22.705,154.34950394139207
22.705,22.715,158.86270344914044
22.715,22.725,161.42115738280597
22.725,22.735,162.3482808666451
22.735,22.745,162.36817798633462
22.745,22.755,162.0074403072408
22.755,22.765,161.4165548440436
22.765,22.775,160.35194357625605
22.775,22.785,158.80686231247907
22.785,22.795,157.423164613064
22.795,22.805,156.9531008742014
22.805,22.815,157.0622462488737
22.815,22.825,156.63698366744413
22.825,22.835,155.71223490846705
22.835,22.845,0.0
22.845,22.855,0.0
22.855,22.865,0.0
22.865,22.875,0.0
22.875,22.885,0.0
22.885,22.895,0.0
22.895,22.905,0.0
22.905,22.915,0.0
22.915,22.925,0.0
22.925,22.935,0.0
22.935,22.945,0.0
22.945,22.955,0.0
22.955,22.965,0.0
22.965,22.975,0.0
22.975,22.985,0.0
22.985,22.995,0.0
22.995,23.005,0.0
23.005,23.015,0.0
23.015,23.025,0.0
23.025,23.035,0.0
23.035,23.045,0.0
23.045,23.055,0.0
23.055,23.065,0.0
23.065,23.075,0.0
23.075,23.085,0.0
23.085,23.095,0.0
23.095,23.105,0.0
23.105,23.115,0.0
23.115,23.125,0.0
23.125,23.135,0.0
23.135,23.145,0.0
23.145,23.155,0.0
23.155,23.165,0.0
23.165,23.175,159.46575243426972
23.175,23.185,163.01533466066522
23.185,23.195,162.6717077670868
23.195,23.205,162.51578050199885
23.205,23.215,161.880007001463
23.215,23.225,160.78271078774844
23.225,23.235,159.99019678030547
23.235,23.245,158.49592503722928
23.245,23.255,156.82105417686682
23.255,23.265,155.47806452997173
23.265,23.275,153.79501727597975
23.275,23.285,0.0
23.285,23.295,0.0
23.295,23.305,0.0
23.305,23.315,0.0
23.315,23.325,0.0
23.325,23.335,0.0
23.335,23.345,0.0
23.345,23.355,0.0
23.355,23.365,0.0
23.365,23.375,0.0
23.375,23.385,0.0
23.385,23.395,0.0
23.395,23.405,0.0
23.405,23.415,0.0
23.415,23.425,0.0
23.425,23.435,0.0
23.435,23.445,0.0
23.445,23.455,0.0
23.455,23.465,0.0
23.465,23.475,0.0
23.475,23.485,0.0
23.485,23.495,0.0
23.495,23.505,0.0
23.505,23.515,159.0051559951609
23.515,23.525,164.41907840902454
23.525,23.535,166.14628729621728
23.535,23.545,166.54201878370117
23.545,23.555,166.10365259792607
23.555,23.565,163.4257557366237
23.565,23.575,161.9566004391795
23.575,23.585,161.38812099568204
23.585,23.595,161.49651215051568
23.595,23.605,161.99894941410426
23.605,23.615,163.37205286977326
23.615,23.625,165.36561344090487
23.625,23.635,167.2115755843437
23.635,23.645,169.5864078216383
23.645,23.655,172.7867609436029
23.655,23.665,177.11541110000286
23.665,23.675,180.82459282018368
23.675,23.685,184.75835585332675
23.685,23.695,187.20578316892704
23.695,23.705,189.32693024743162
23.705,23.715,191.40938455694035
23.715,23.725,193.11104753109134
23.725,23.735,194.94338620642912
23.735,23.745,195.9697913284551
23.745,23.755,0.0
23.755,23.765,0.0
23.765,23.775,0.0
23.775,23.785,119.8415741820981
23.785,23.795,121.60119307265187
23.795,23.805,124.74129340313479
23.805,23.815,125.31657044362626
23.815,23.825,125.1446470150213
23.825,23.835,124.4409462945605
23.835,23.845,123.08033204196776
23.845,23.855,121.24021617165752
23.855,23.865,0.0
23.865,23.875,0.0
23.875,23.885,0.0
23.885,23.895,0.0
23.895,23.905,0.0
23.905,23.915,0.0
23.915,23.925,0.0
23.925,23.935,0.0
23.935,23.945,0.0
23.945,23.955,0.0
23.955,23.965,0.0
23.965,23.975,0.0
23.975,23.985,0.0
23.985,23.995,0.0
23.995,24.005,0.0
24.005,24.015,0.0
24.015,24.025,128.19033218461442
24.025,24.035,129.5591264484817
24.035,24.045,131.08504459822976
24.045,24.055,131.84514407079735
24.055,24.065,133.34990867360543
24.065,24.075,133.2126380807594
24.075,24.085,132.40561296723067
24.085,24.095,131.38597662710308
24.095,24.105,130.04469013695078
24.105,24.115,129.39963690599012
24.115,24.125,128.7696136359994
24.125,24.135,128.24964623794457
24.135,24.145,131.34980072818377
24.145,24.155,0.0
24.155,24.165,0.0
24.165,24.175,0.0
24.175,24.185,0.0
24.185,24.195,0.0
24.195,24.205,0.0
24.205,24.215,0.0
24.215,24.225,0.0
24.225,24.235,0.0
24.235,24.245,0.0
24.245,24.255,0.0
24.255,24.265,0.0
24.265,24.275,0.0
24.275,24.285,0.0
24.285,24.295,0.0
24.295,24.305,0.0
24.305,24.315,0.0
24.315,24.325,0.0
24.325,24.335,0.0
24.335,24.345,0.0
24.345,24.355,0.0
24.355,24.365,0.0
24.365,24.375,0.0
24.375,24.385,0.0
24.385,24.395,0.0
24.395,24.405,0.0
24.405,24.415,0.0
24.415,24.425,0.0
24.425,24.435,0.0
24.435,24.445,0.0
24.445,24.455,0.0
24.455,24.465,0.0
24.465,24.475,0.0
24.475,24.485,0.0
24.485,24.495,0.0
24.495,24.505,0.0
24.505,24.515,0.0
24.515,24.525,0.0
24.525,24.535,0.0
24.535,24.545,0.0
24.545,24.555,0.0
24.555,24.565,0.0
24.565,24.575,0.0
24.575,24.585,0.0
24.585,24.595,0.0
24.595,24.605,0.0
24.605,24.615,0.0
24.615,24.625,0.0
24.625,24.635,0.0
24.635,24.645,0.0
24.645,24.655,0.0
24.655,24.665,0.0
24.665,24.675,0.0
24.675,24.685,0.0
24.685,24.695,0.0
24.695,24.705,0.0
24.705,24.715,0.0
24.715,24.725,0.0
24.725,24.735,0.0
24.735,24.745,0.0
24.745,24.755,0.0
24.755,24.765,0.0
24.765,24.775,0.0
24.775,24.785,0.0
24.785,24.795,0.0
24.795,24.805,0.0
24.805,24.815,0.0
24.815,24.825,0.0
24.825,24.835,0.0
24.835,24.845,0.0
24.845,24.855,0.0
24.855,24.865,0.0
24.865,24.875,0.0
24.875,24.885,0.0
24.885,24.895,0.0
24.895,24.905,0.0
24.905,24.915,0.0
24.915,24.925,0.0
24.925,24.935,0.0
24.935,24.945,0.0
24.945,24.955,0.0
24.955,24.965,0.0
24.965,24.975,0.0
24.975,24.985,0.0
24.985,24.995,0.0
24.995,25.005,0.0
25.005,25.015,0.0
25.015,25.025,0.0
25.025,25.035,0.0
25.035,25.045,180.8534119387384
25.045,25.055,181.0893512595846
25.055,25.065,181.27865903040868
25.065,25.075,180.9547788656283
25.075,25.085,179.97971654088133
25.085,25.095,178.74286308955195
25.095,25.105,177.6020559887467
25.105,25.115,176.47616086793437
25.115,25.125,175.75690928152255
25.125,25.135,174.92071277332346
25.135,25.145,174.19136485220116
25.145,25.155,173.71515034320655
25.155,25.165,173.39823829004092
25.165,25.175,173.08356401453503
25.175,25.185,172.64602123712098
25.185,25.195,172.32174537032932
25.195,25.205,172.20459511466038
25.205,25.215,172.26673217458162
25.215,25.225,172.48222898463513
25.225,25.235,172.45641982107955
25.235,25.245,171.85948757691534
25.245,25.255,170.4978036511139
25.255,25.265,171.39711604421734
25.265,25.275,173.62498755486303
25.275,25.285,174.78979617315113
25.285,25.295,175.2918347953233
25.295,25.305,175.38658513931858
25.305,25.315,175.02886917308493
25.315,25.325,173.5997534358288
25.325,25.335,172.09774133693756
25.335,25.345,171.16710099645306
25.345,25.355,170.1856336186874
25.355,25.365,169.01581150900398
25.365,25.375,167.93287416994355
25.375,25.385,167.6576631594739
25.385,25.395,167.51804525879422
25.395,25.405,167.0532522677013
25.405,25.415,166.49952838030057
25.415,25.425,166.4423354248555
25.425,25.435,166.8405631116487
25.435,25.445,166.11765924278848
25.445,25.455,165.16708794176938
25.455,25.465,164.48840971354133
25.465,25.475,164.29574610483644
25.475,25.485,164.45327443554163
25.485,25.495,164.6085711688983
25.495,25.505,164.5216605853661
25.505,25.515,164.21077800766923
25.515,25.525,163.91891713216123
25.525,25.535,163.4977199116419
25.535,25.545,162.92171358457162
25.545,25.555,162.36878929921238
25.555,25.565,161.98043913105866
25.565,25.575,161.73759565157383
25.575,25.585,161.4039374610934
25.585,25.595,160.83757002449084
25.595,25.605,160.19775298324225
25.605,25.615,159.64603123901963
25.615,25.625,159.0871833728831
25.625,25.635,158.7740216223245
25.635,25.645,158.8827638015514
25.645,25.655,158.9844299305901
25.655,25.665,158.9238639923557
25.665,25.675,158.78289863539248
25.675,25.685,158.6511586791466
25.685,25.695,158.3565000622626
25.695,25.705,157.7482107056897
25.705,25.715,157.01384195176627
25.715,25.725,156.34216234480917
25.725,25.735,155.97397103948924
25.735,25.745,155.94205687823242
25.745,25.755,155.68413921648693
25.755,25.765,155.0384603743532
25.765,25.775,154.72752426176504
25.775,25.785,154.56977237402577
25.785,25.795,154.13033830707397
25.795,25.805,153.69109323667712
25.805,25.815,153.4720743287583
25.815,25.825,153.13355595459853
25.825,25.835,152.71550035912168
25.835,25.845,152.3338001505331
25.845,25.855,151.76975796145345
25.855,25.865,151.1852290122081
25.865,25.875,150.73861010829256
25.875,25.885,150.30603107579708
25.885,25.895,150.26852399485793
25.895,25.905,150.70733091394155
25.905,25.915,0.0
25.915,25.925,0.0
25.925,25.935,0.0
25.935,25.945,0.0
25.945,25.955,0.0
25.955,25.965,0.0
25.965,25.975,0.0
25.975,25.985,0.0
25.985,25.995,0.0
25.995,26.005,0.0
26.005,26.015,0.0
26.015,26.025,0.0
26.025,26.035,0.0
26.035,26.045,0.0
26.045,26.055,0.0
26.055,26.065,0.0
26.065,26.075,0.0
26.075,26.085,0.0
26.085,26.095,0.0
26.095,26.105,0.0
26.105,26.115,0.0
26.115,26.125,0.0
26.125,26.135,0.0
26.135,26.145,0.0
26.145,26.155,0.0
26.155,26.165,0.0
26.165,26.175,146.45959477912845
26.175,26.185,146.31859839412962
26.185,26.195,146.39222774400216
26.195,26.205,146.24115177122638
26.205,26.215,145.81131166145676
26.215,26.225,145.2068219382084
26.225,26.235,144.6916235017185
26.235,26.245,144.36707441155804
26.245,26.255,144.21379145942618
26.255,26.265,0.0
26.265,26.275,0.0
26.275,26.285,0.0
26.285,26.295,0.0
26.295,26.305,0.0
26.305,26.315,0.0
26.315,26.325,0.0
26.325,26.335,0.0
26.335,26.345,0.0
26.345,26.355,0.0
26.355,26.365,0.0
26.365,26.375,0.0
26.375,26.385,0.0
26.385,26.395,0.0
26.395,26.405,0.0
26.405,26.415,0.0
26.415,26.425,0.0
26.425,26.435,0.0
26.435,26.445,0.0
26.445,26.455,0.0
26.455,26.465,0.0
26.465,26.475,0.0
26.475,26.485,0.0
26.485,26.495,0.0
26.495,26.505,0.0
26.505,26.515,0.0
26.515,26.525,0.0
26.525,26.535,0.0
26.535,26.545,0.0
26.545,26.555,0.0
26.555,26.565,0.0
26.565,26.575,0.0
26.575,26.585,0.0
26.585,26.595,0.0
26.595,26.605,0.0
26.605,26.615,0.0
26.615,26.625,0.0
26.625,26.635,0.0
26.635,26.645,0.0
26.645,26.655,0.0
26.655,26.665,0.0
26.665,26.675,0.0
26.675,26.685,0.0
26.685,26.695,0.0
26.695,26.705,0.0
26.705,26.715,0.0
26.715,26.725,0.0
26.725,26.735,0.0
26.735,26.745,168.00754016690016
26.745,26.755,169.51158844536096
26.755,26.765,170.3540235953542
26.765,26.775,179.86401608287127
26.775,26.785,181.33251850910648
26.785,26.795,182.46039687721532
26.795,26.805,182.99908940147688
26.805,26.815,183.04967568842167
26.815,26.825,182.224556653621
26.825,26.835,173.13313649819088
26.835,26.845,172.3698839690821
26.845,26.855,173.12033178692246
26.855,26.865,174.94773248871172
26.865,26.875,177.79414285120828
26.875,26.885,180.82604409347675
26.885,26.895,196.70173252327794
26.895,26.905,199.58413380106478
26.905,26.915,200.80964077475713
26.915,26.925,202.1812124712038
26.925,26.935,203.5968578860672
26.935,26.945,204.6802122331476
26.945,26.955,204.94815037408407
26.955,26.965,204.39489632368213
26.965,26.975,203.71014048890729
26.975,26.985,203.28685754988197
26.985,26.995,204.60188569889465
26.995,27.005,211.00773710847517
27.005,27.015,213.30684512653121
27.015,27.025,213.48965291520628
27.025,27.035,213.90335690885055
27.035,27.045,214.99200050152453
27.045,27.055,216.69158152192267
27.055,27.065,218.52647258783273
27.065,27.075,221.39558661013186
27.075,27.085,224.41097409622827
27.085,27.095,227.4091232764623
27.095,27.105,229.98013706676343
27.105,27.115,230.74279467788404
27.115,27.125,229.09292150680184
27.125,27.135,221.90984387182357
27.135,27.145,232.17195471096645
27.145,27.155,235.33949789397445
27.155,27.165,236.5387224717792
27.165,27.175,236.9544922289798
27.175,27.185,236.4319484810916
27.185,27.195,235.11872242191717
27.195,27.205,233.6689070259336
27.205,27.215,231.9962147699046
27.215,27.225,229.11582494656994
27.225,27.235,0.0
27.235,27.245,0.0
27.245,27.255,0.0
27.255,27.265,202.40536017958703
27.265,27.275,208.68199733463916
27.275,27.285,208.90005886254417
27.285,27.295,207.70962747984396
27.295,27.305,204.32733514893917
27.305,27.315,201.35020843999723
27.315,27.325,198.1476730456525
27.325,27.335,195.5857947677526
27.335,27.345,194.06404739595422
27.345,27.355,193.040551109798
27.355,27.365,194.30665046864792
27.365,27.375,194.078096352286
27.375,27.385,192.9736645519459
27.385,27.395,193.2077176789743
27.395,27.405,193.08574003946114
27.405,27.415,191.89896089688912
27.415,27.425,188.77047061516384
27.425,27.435,188.01635272742234
27.435,27.445,187.29294125491325
27.445,27.455,186.2773925610204
27.455,27.465,185.17997084901563
27.465,27.475,184.3886456214636
27.475,27.485,184.13773245156062
27.485,27.495,184.13437384768406
27.495,27.505,183.96813961022315
27.505,27.515,183.44170165576438
27.515,27.525,182.1267049933376
27.525,27.535,0.0
27.535,27.545,0.0
27.545,27.555,0.0
27.555,27.565,0.0
27.565,27.575,179.43435964881192
27.575,27.585,182.30919096274454
27.585,27.595,185.22119757637583
27.595,27.605,186.5247163208968
27.605,27.615,186.63201633886365
27.615,27.625,185.08712100628017
27.625,27.635,176.64200070240418
27.635,27.645,177.4104542487446
27.645,27.655,177.8626706422194
27.655,27.665,177.59474315857216
27.665,27.675,176.4746169499304
27.675,27.685,175.33031311768252
27.685,27.695,174.6566298358135
27.695,27.705,174.1378266866397
27.705,27.715,173.7703924312958
27.715,27.725,173.66924669005832
27.725,27.735,174.59286007904103
27.735,27.745,176.75144622312777
27.745,27.755,177.6514753612646
27.755,27.765,177.77702577327167
27.765,27.775,177.16725365543297
27.775,27.785,176.49287060240525
27.785,27.795,175.43891644370794
27.795,27.805,173.5212264911937
27.805,27.815,0.0
27.815,27.825,0.0
27.825,27.835,164.14457859249592
27.835,27.845,164.39704092507816
27.845,27.855,163.74091566569246
27.855,27.865,162.55827315439075
27.865,27.875,159.36236873710448
27.875,27.885,154.60666054136516
27.885,27.895,152.92971912284872
27.895,27.905,152.20810176033066
27.905,27.915,150.45565278443934
27.915,27.925,147.209881367254
27.925,27.935,143.90020062158473
27.935,27.945,141.91858925925754
27.945,27.955,141.1091149153422
27.955,27.965,140.69078891128396
27.965,27.975,140.18527609676508
27.975,27.985,139.28472460938912
27.985,27.995,138.63343985518105
27.995,28.005,138.26487416985813
28.005,28.015,138.05979621972995
28.015,28.025,137.65751250987066
28.025,28.035,137.86692560008458
28.035,28.045,139.96702991354584
28.045,28.055,141.59923257215104
28.055,28.065,142.57529293180974
28.065,28.075,142.80900902701762
28.075,28.085,142.915313385661
28.085,28.095,142.96596410887133
28.095,28.105,142.76040447674575
28.105,28.115,142.3355333302951
28.115,28.125,141.38431112151562
28.125,28.135,139.94794023884666
28.135,28.145,0.0
28.145,28.155,0.0
28.155,28.165,0.0
28.165,28.175,0.0
28.175,28.185,0.0
28.185,28.195,0.0
28.195,28.205,0.0
28.205,28.215,0.0
28.215,28.225,157.7510722342746
28.225,28.235,155.7655681844586
28.235,28.245,152.88727532720586
28.245,28.255,151.91717941885622
28.255,28.265,151.03507401515392
28.265,28.275,150.07669308419352
28.275,28.285,149.26409123081817
28.285,28.295,148.5782861631713
28.295,28.305,147.63547043179986
28.305,28.315,0.0
28.315,28.325,0.0
28.325,28.335,0.0
28.335,28.345,0.0
28.345,28.355,0.0
28.355,28.365,0.0
28.365,28.375,0.0
28.375,28.385,0.0
28.385,28.395,156.66684464514248
28.395,28.405,159.809077529663
28.405,28.415,161.54118178558343
28.415,28.425,164.54330003838413
28.425,28.435,168.5277684392173
28.435,28.445,173.41902010420154
28.445,28.455,177.86665923002536
28.455,28.465,181.68392640270142
28.465,28.475,186.95834387265447
28.475,28.485,191.5917993485356
28.485,28.495,195.14821708355387
28.495,28.505,198.1910526304682
28.505,28.515,198.09249597873563
28.515,28.525,0.0
28.525,28.535,0.0
28.535,28.545,0.0
28.545,28.555,0.0
28.555,28.565,0.0
28.565,28.575,0.0
28.575,28.585,0.0
28.585,28.595,0.0
28.595,28.605,0.0
28.605,28.615,0.0
28.615,28.625,0.0
28.625,28.635,0.0
28.635,28.645,0.0
28.645,28.655,0.0
28.655,28.665,0.0
28.665,28.675,0.0
28.675,28.685,0.0
28.685,28.695,0.0
28.695,28.705,0.0
28.705,28.715,0.0
28.715,28.725,0.0
28.725,28.735,0.0
28.735,28.745,0.0
28.745,28.755,0.0
28.755,28.765,220.7948181039728
28.765,28.775,220.04502470090574
28.775,28.785,218.8488148715428
28.785,28.795,217.0097093577449
28.795,28.805,215.12707641315114
28.805,28.815,213.80968304017205
28.815,28.825,212.8976999256532
28.825,28.835,211.99958295778825
28.835,28.845,211.2881441269625
28.845,28.855,210.4356152567054
28.855,28.865,208.15907239424624
28.865,28.875,205.02789718260547
28.875,28.885,203.1473684859778
28.885,28.895,204.08152797536226
28.895,28.905,203.66134683147095
28.905,28.915,200.8085373262457
28.915,28.925,197.2890345113641
28.925,28.935,193.85217616106928
28.935,28.945,190.74009150580673
28.945,28.955,189.104968834737
28.955,28.965,188.0138527053607
28.965,28.975,186.73083933977722
28.975,28.985,184.54310798075994
28.985,28.995,180.8855960197684
28.995,29.005,0.0
29.005,29.015,0.0
29.015,29.025,0.0
29.025,29.035,0.0
29.035,29.045,0.0
29.045,29.055,0.0
29.055,29.065,0.0
29.065,29.075,0.0
29.075,29.085,0.0
29.085,29.095,0.0
29.095,29.105,0.0
29.105,29.115,0.0
29.115,29.125,0.0
29.125,29.135,0.0
29.135,29.145,180.97358313397947
29.145,29.155,181.13080865286187
29.155,29.165,181.14566526080225
29.165,29.175,182.43178072549895
29.175,29.185,184.05581828890377
29.185,29.195,183.993821848573
29.195,29.205,182.90216415944818
29.205,29.215,181.528020151843
29.215,29.225,179.74348815289426
29.225,29.235,177.6087312227185
29.235,29.245,175.47892973914807
29.245,29.255,173.99326659869953
29.255,29.265,173.72698934133984
29.265,29.275,0.0
29.275,29.285,0.0
29.285,29.295,0.0
29.295,29.305,0.0
29.305,29.315,0.0
29.315,29.325,0.0
29.325,29.335,0.0
29.335,29.345,0.0
29.345,29.355,0.0
29.355,29.365,0.0
29.365,29.375,0.0
29.375,29.385,0.0
29.385,29.395,0.0
29.395,29.405,163.71615165989107
29.405,29.415,163.90801288724424
29.415,29.425,163.46919768244655
29.425,29.435,162.49725221021637
29.435,29.445,161.00285313773574
29.445,29.455,159.50201746601184
29.455,29.465,158.69513048247165
29.465,29.475,158.1034417678433
29.475,29.485,157.81573329754477
29.485,29.495,158.34853485315665
29.495,29.505,159.25987991842194
29.505,29.515,0.0
29.515,29.525,0.0
29.525,29.535,0.0
29.535,29.545,0.0
29.545,29.555,0.0
29.555,29.565,0.0
29.565,29.575,0.0
29.575,29.585,0.0
29.585,29.595,0.0
29.595,29.605,0.0
29.605,29.615,0.0
29.615,29.625,0.0
29.625,29.635,0.0
29.635,29.645,164.05076014185843
29.645,29.655,164.34728660494952
29.655,29.665,164.36848163540066
29.665,29.675,163.51307985475384
29.675,29.685,161.95347651540388
29.685,29.695,159.8841770398005
29.695,29.705,157.03544537323793
29.705,29.715,154.73769912476894
29.715,29.725,0.0
29.725,29.735,0.0
29.735,29.745,0.0
29.745,29.755,0.0
29.755,29.765,158.0744792630443
29.765,29.775,156.16500032498683
29.775,29.785,154.09218803634013
29.785,29.795,153.6830540060717
29.795,29.805,153.50763683846014
29.805,29.815,153.22839871259134
29.815,29.825,153.1352048133065
29.825,29.835,153.08503914564244
29.835,29.845,152.77149050804144
29.845,29.855,152.24139794272463
29.855,29.865,151.6416106588036
29.865,29.875,151.15725433566703
29.875,29.885,150.73119013034025
29.885,29.895,150.28582475706756
29.895,29.905,150.06203491893748
29.905,29.915,150.11959089801306
29.915,29.925,150.21351394135172
29.925,29.935,150.05986512424528
29.935,29.945,149.64353586872596
29.945,29.955,149.15899712359808
29.955,29.965,148.89069594379598
29.965,29.975,0.0
29.975,29.985,0.0
29.985,29.995,0.0
29.995,30.005,160.10373398992695
30.005,30.015,162.88106242698132
30.015,30.025,163.24879693315555
30.025,30.035,162.57388464699983
30.035,30.045,162.4219133325889
30.045,30.055,162.9687054848934
30.055,30.065,163.01484656514336
30.065,30.075,162.44740755005571
30.075,30.085,161.36550299193186
30.085,30.095,159.90660740601228
30.095,30.105,159.03229414358412
30.105,30.115,158.78695201353727
30.115,30.125,158.53931271593794
30.125,30.135,157.97864998046003
30.135,30.145,158.03484535600572
30.145,30.155,159.97218711574396
30.155,30.165,162.14070569244564
30.165,30.175,162.4935091941235
30.175,30.185,162.09208565189235
30.185,30.195,161.66045212994683
30.195,30.205,0.0
30.205,30.215,0.0
30.215,30.225,0.0
30.225,30.235,0.0
30.235,30.245,0.0
30.245,30.255,0.0
30.255,30.265,0.0
30.265,30.275,0.0
30.275,30.285,0.0
30.285,30.295,0.0
30.295,30.305,0.0
30.305,30.315,0.0
30.315,30.325,0.0
30.325,30.335,0.0
30.335,30.345,0.0
30.345,30.355,0.0
30.355,30.365,0.0
30.365,30.375,0.0
30.375,30.385,0.0
30.385,30.395,0.0
30.395,30.405,0.0
30.405,30.415,0.0
30.415,30.425,0.0
30.425,30.435,0.0
30.435,30.445,0.0
30.445,30.455,0.0
30.455,30.465,149.39012949141048
30.465,30.475,149.60659096138167
30.475,30.485,149.5485387840177
30.485,30.495,149.0322343228184
30.495,30.505,148.44620202211638
30.505,30.515,148.37916527897627
30.515,30.525,148.06655203801483
30.525,30.535,146.83242237635582
30.535,30.545,146.3146630948024
30.545,30.555,146.27899191835763
30.555,30.565,146.36346822927442
30.565,30.575,145.92609111124762
30.575,30.585,145.4340226637015
30.585,30.595,145.25120133543123
30.595,30.605,145.23296694904369
30.605,30.615,145.3646759236743
30.615,30.625,145.50400052687564
30.625,30.635,145.61357669813458
30.635,30.645,145.81169994801925
30.645,30.655,145.8281427480642
30.655,30.665,145.54054373812903
30.665,30.675,145.0567261202536
30.675,30.685,144.63527026480318
30.685,30.695,144.2573529623852
30.695,30.705,143.91702602941237
30.705,30.715,143.80995665097245
30.715,30.725,143.77864078606882
30.725,30.735,143.60354172559238
30.735,30.745,143.203012284021
30.745,30.755,142.75500917875394
30.755,30.765,142.34417294283827
30.765,30.775,142.00089070871311
30.775,30.785,141.58072253016408
30.785,30.795,141.11573237310753
30.795,30.805,140.9126142088584
30.805,30.815,140.9497583415148
30.815,30.825,140.77129023686223
30.825,30.835,0.0
30.835,30.845,0.0
30.845,30.855,0.0
30.855,30.865,0.0
30.865,30.875,0.0
30.875,30.885,0.0
30.885,30.895,0.0
30.895,30.905,0.0
30.905,30.915,0.0
30.915,30.925,0.0
30.925,30.935,0.0
30.935,30.945,0.0
30.945,30.955,0.0
30.955,30.965,0.0
30.965,30.975,0.0
30.975,30.985,0.0
30.985,30.995,0.0
30.995,31.005,0.0
31.005,31.015,0.0
31.015,31.025,0.0
31.025,31.035,0.0
31.035,31.045,0.0
31.045,31.055,0.0
31.055,31.065,0.0
31.065,31.075,0.0
31.075,31.085,0.0
31.085,31.095,0.0
31.095,31.105,0.0
31.105,31.115,0.0
31.115,31.125,0.0
31.125,31.135,0.0
31.135,31.145,0.0
31.145,31.155,0.0
31.155,31.165,0.0
31.165,31.175,0.0
31.175,31.185,0.0
31.185,31.195,0.0
31.195,31.205,0.0
31.205,31.215,0.0
31.215,31.225,0.0
31.225,31.235,0.0
31.235,31.245,0.0
31.245,31.255,0.0
31.255,31.265,0.0
31.265,31.275,0.0
31.275,31.285,0.0
31.285,31.295,0.0
31.295,31.305,0.0
31.305,31.315,0.0
31.315,31.325,0.0
31.325,31.335,0.0
31.335,31.345,0.0
31.345,31.355,179.19685844914224
31.355,31.365,177.98535916875974
31.365,31.375,175.91828209886077
31.375,31.385,173.83505339086582
31.385,31.395,172.05894764329898
31.395,31.405,170.4421213763672
31.405,31.415,168.26218432264554
31.415,31.425,165.8089347964625
31.425,31.435,163.76174265171443
31.435,31.445,160.91347229498152
31.445,31.455,157.57871582738537
31.455,31.465,155.115182613453
31.465,31.475,153.6382801161397
31.475,31.485,153.31300927284292
31.485,31.495,153.88599209136166
31.495,31.505,155.2536055577493
31.505,31.515,156.39602625719957
31.515,31.525,156.8370929431388
31.525,31.535,156.826747735841
31.535,31.545,156.85105008468707
31.545,31.555,157.25749871920559
31.555,31.565,157.67064165222786
31.565,31.575,157.44461098080137
31.575,31.585,156.45653075840957
31.585,31.595,156.41770799846515
31.595,31.605,158.02499582961343
31.605,31.615,158.3458340884646
31.615,31.625,156.8123732542319
31.625,31.635,155.27862024220747
31.635,31.645,154.15099401010255
31.645,31.655,149.13323683747456
31.655,31.665,148.26235884492516
31.665,31.675,147.13519034364919
31.675,31.685,145.51312399730676
31.685,31.695,144.25988309002483
31.695,31.705,143.0261934563825
31.705,31.715,140.8158668248196
31.715,31.725,139.82624856588316
31.725,31.735,138.89674997690176
31.735,31.745,138.23318474128467
31.745,31.755,137.61260258999218
31.755,31.765,137.02601192051358
31.765,31.775,136.25805456053038
31.775,31.785,135.54594113539176
31.785,31.795,135.3021860303135
31.795,31.805,134.71673059069136
31.805,31.815,134.1156714542609
31.815,31.825,133.91788517312386
31.825,31.835,134.09537401298985
31.835,31.845,134.55032441764357
31.845,31.855,135.05266290760858
31.855,31.865,135.47850636015824
31.865,31.875,135.9115886855548
31.875,31.885,136.16162369970795
31.885,31.895,135.77397461917857
31.895,31.905,134.11326831466295
31.905,31.915,132.33042755691747
31.915,31.925,135.27378767090246
31.925,31.935,139.62946889313986
31.935,31.945,146.1012971748891
31.945,31.955,154.6442896103561
31.955,31.965,0.0
31.965,31.975,0.0
31.975,31.985,0.0
31.985,31.995,0.0
31.995,32.005,0.0
32.005,32.015,193.95571776975493
32.015,32.025,204.00194899674207
32.025,32.035,206.0355986601676
32.035,32.045,207.48707185507095
32.045,32.055,207.42584416124046
32.055,32.065,206.41217001204825
32.065,32.075,204.9764721895506
32.075,32.085,214.12846992351726
32.085,32.095,213.693295927591
32.095,32.105,0.0
32.105,32.115,0.0
32.115,32.125,0.0
32.125,32.135,0.0
32.135,32.145,0.0
32.145,32.155,0.0
32.155,32.165,0.0
32.165,32.175,0.0
32.175,32.185,0.0
32.185,32.195,0.0
32.195,32.205,0.0
32.205,32.215,0.0
32.215,32.225,0.0
32.225,32.235,0.0
32.235,32.245,0.0
32.245,32.255,0.0
32.255,32.265,0.0
32.265,32.275,0.0
32.275,32.285,0.0
32.285,32.295,0.0
32.295,32.305,0.0
32.305,32.315,0.0
32.315,32.325,0.0
32.325,32.335,0.0
32.335,32.345,0.0
32.345,32.355,0.0
32.355,32.365,0.0
32.365,32.375,0.0
32.375,32.385,0.0
32.385,32.395,0.0
32.395,32.405,0.0
32.405,32.415,0.0
32.415,32.425,0.0
32.425,32.435,0.0
32.435,32.445,0.0
32.445,32.455,0.0
32.455,32.465,0.0
32.465,32.475,0.0
32.475,32.485,0.0
32.485,32.495,0.0
32.495,32.505,0.0
32.505,32.515,0.0
32.515,32.525,0.0
32.525,32.535,0.0
32.535,32.545,0.0
32.545,32.555,0.0
32.555,32.565,0.0
32.565,32.575,0.0
32.575,32.585,0.0
32.585,32.595,0.0
32.595,32.605,0.0
32.605,32.615,0.0
32.615,32.625,0.0
32.625,32.635,0.0
32.635,32.645,0.0
32.645,32.655,0.0
32.655,32.665,0.0
32.665,32.675,0.0
32.675,32.685,0.0
32.685,32.695,0.0
32.695,32.705,0.0
32.705,32.715,0.0
32.715,32.725,0.0
32.725,32.735,0.0
32.735,32.745,0.0
32.745,32.755,0.0
32.755,32.765,0.0
32.765,32.775,0.0
32.775,32.785,0.0
32.785,32.795,0.0
32.795,32.805,0.0
32.805,32.815,0.0
32.815,32.825,0.0
32.825,32.835,0.0
32.835,32.845,0.0
32.845,32.855,0.0
32.855,32.865,0.0
32.865,32.875,0.0
32.875,32.885,0.0
32.885,32.895,0.0
32.895,32.905,0.0
32.905,32.915,0.0
32.915,32.925,0.0
32.925,32.935,0.0
32.935,32.945,166.76718489003446
32.945,32.955,166.91381430328957
32.955,32.965,166.56015173611712
32.965,32.975,165.5425734404987
32.975,32.985,164.427448767058
32.985,32.995,163.71479958782973
32.995,33.005,163.19554261577434
33.005,33.015,162.7961160152293
33.015,33.025,162.76426938012145
33.025,33.035,163.0122078931517
33.035,33.045,163.17475779255875
33.045,33.055,162.99875970473968
33.055,33.065,162.39026353876613
33.065,33.075,161.98917035132894
33.075,33.085,161.90550513250727
33.085,33.095,161.87193295915648
33.095,33.105,161.88174161727795
33.105,33.115,161.77971685453068
33.115,33.125,160.96388296696887
33.125,33.135,159.89999078161878
33.135,33.145,159.35301353709224
33.145,33.155,159.41305663759368
33.155,33.165,159.87246698845894
33.165,33.175,159.84437719988154
33.175,33.185,159.32109724277205
33.185,33.195,158.67836802902656
33.195,33.205,158.03469702792904
33.205,33.215,157.47227014069503
33.215,33.225,157.09355155272078
33.225,33.235,157.26000800060459
33.235,33.245,157.85169618441597
33.245,33.255,157.98328065282192
33.255,33.265,157.56371398045974
33.265,33.275,156.73779421521724
33.275,33.285,155.4768402278042
33.285,33.295,155.1032773630361
33.295,33.305,155.22987409586042
33.305,33.315,155.48574687404616
33.315,33.325,0.0
33.325,33.335,78.47737172867262
33.335,33.345,78.63595283589727
33.345,33.355,78.07425817072338
33.355,33.365,77.32511565150023
33.365,33.375,76.87828598742747
33.375,33.385,76.46184456651169
33.385,33.395,76.23544670537798
33.395,33.405,76.60910199095342
33.405,33.415,76.71169530695364
33.415,33.425,76.50427783886336
33.425,33.435,76.36389850833014
33.435,33.445,0.0
33.445,33.455,0.0
33.455,33.465,0.0
33.465,33.475,0.0
33.475,33.485,0.0
33.485,33.495,0.0
33.495,33.505,0.0
33.505,33.515,0.0
33.515,33.525,0.0
33.525,33.535,0.0
33.535,33.545,0.0
33.545,33.555,0.0
33.555,33.565,0.0
33.565,33.575,0.0
33.575,33.585,0.0
33.585,33.595,0.0
33.595,33.605,0.0
33.605,33.615,173.13094467589005
33.615,33.625,174.01222342395582
33.625,33.635,175.48337922465413
33.635,33.645,176.62121316761866
33.645,33.655,177.5583883493813
33.655,33.665,187.84628803211285
33.665,33.675,188.26513842739948
33.675,33.685,188.3281954980699
33.685,33.695,187.68551801915314
33.695,33.705,186.581506951827
33.705,33.715,0.0
33.715,33.725,0.0
33.725,33.735,0.0
33.735,33.745,183.50498331971824
33.745,33.755,182.58391157879697
33.755,33.765,183.3478892913069
33.765,33.775,185.0534060803639
33.775,33.785,187.36639872084115
33.785,33.795,189.94800654776287
33.795,33.805,192.89840596234419
33.805,33.815,195.9621232797194
33.815,33.825,198.7945821276039
33.825,33.835,200.8147827314349
33.835,33.845,202.18881100944503
33.845,33.855,203.7583406050353
33.855,33.865,205.54999242023914
33.865,33.875,208.76675200856633
33.875,33.885,218.80406615404252
33.885,33.895,226.50161724928716
33.895,33.905,228.36309993808499
33.905,33.915,227.7369170521677
33.915,33.925,0.0
33.925,33.935,0.0
33.935,33.945,0.0
33.945,33.955,0.0
33.955,33.965,0.0
33.965,33.975,0.0
33.975,33.985,0.0
33.985,33.995,0.0
33.995,34.005,0.0
34.005,34.015,0.0
34.015,34.025,0.0
34.025,34.035,216.5944045931611
34.035,34.045,215.07539404749562
34.045,34.055,211.94640014743092
34.055,34.065,208.62794911223054
34.065,34.075,202.46064899494942
34.075,34.085,193.34764076525795
34.085,34.095,186.69647777357028
34.095,34.105,183.93783822282558
34.105,34.115,183.35741352694532
34.115,34.125,183.8025330869546
34.125,34.135,0.0
34.135,34.145,0.0
34.145,34.155,0.0
34.155,34.165,0.0
34.165,34.175,0.0
34.175,34.185,0.0
34.185,34.195,0.0
34.195,34.205,0.0
34.205,34.215,0.0
34.215,34.225,0.0
34.225,34.235,0.0
34.235,34.245,181.67633634847573
34.245,34.255,180.69305007871415
34.255,34.265,181.50022116386876
34.265,34.275,182.68641372036979
34.275,34.285,184.11388174547844
34.285,34.295,186.0595539561406
34.295,34.305,188.10339360162794
34.305,34.315,189.89920644672168
34.315,34.325,191.4965747404161
34.325,34.335,192.93168877499264
34.335,34.345,194.2870746562362
34.345,34.355,193.38883296518347
34.355,34.365,0.0
34.365,34.375,0.0
34.375,34.385,0.0
34.385,34.395,0.0
34.395,34.405,0.0
34.405,34.415,188.8092716733476
34.415,34.425,189.24291526247
34.425,34.435,188.2239567231227
34.435,34.445,185.95887280223556
34.445,34.455,183.96098232634958
34.455,34.465,181.85939195718527
34.465,34.475,180.09133042323285
34.475,34.485,0.0
34.485,34.495,0.0
34.495,34.505,0.0
34.505,34.515,0.0
34.515,34.525,0.0
34.525,34.535,165.85791666179128
34.535,34.545,174.31768010133771
34.545,34.555,174.98837830950436
34.555,34.565,175.06312133532413
34.565,34.575,170.30800940242125
34.575,34.585,0.0
34.585,34.595,0.0
34.595,34.605,0.0
34.605,34.615,0.0
34.615,34.625,0.0
34.625,34.635,0.0
34.635,34.645,0.0
34.645,34.655,0.0
34.655,34.665,0.0
34.665,34.675,0.0
34.675,34.685,0.0
34.685,34.695,173.60638471330694
34.695,34.705,169.57826835389596
34.705,34.715,166.98037062720712
34.715,34.725,165.80014643935849
34.725,34.735,165.21803094698015
34.735,34.745,164.9097904391917
34.745,34.755,164.25891272884766
34.755,34.765,0.0
34.765,34.775,0.0
34.775,34.785,0.0
34.785,34.795,0.0
34.795,34.805,0.0
34.805,34.815,0.0
34.815,34.825,0.0
34.825,34.835,0.0
34.835,34.845,0.0
34.845,34.855,0.0
34.855,34.865,0.0
34.865,34.875,0.0
34.875,34.885,0.0
34.885,34.895,185.15987572006068
34.895,34.905,183.5215279695733
34.905,34.915,182.1387045416894
34.915,34.925,180.05565977910405
34.925,34.935,178.6120253681149
34.935,34.945,176.0130364810184
34.945,34.955,173.8125049919878
34.955,34.965,172.6623545578521
34.965,34.975,172.75970359442448
34.975,34.985,173.43257808122786
34.985,34.995,173.63681981586478
34.995,35.005,173.4820672779287
35.005,35.015,173.43719430142315
35.015,35.025,173.29479248513485
35.025,35.035,172.98792448619503
35.035,35.045,169.37620331784817
35.045,35.055,170.66401435124632
35.055,35.065,172.3361740669344
35.065,35.075,172.99217005688743
35.075,35.085,172.69462800513514
35.085,35.095,171.3831852734532
35.095,35.105,169.52703541927713
35.105,35.115,0.0
35.115,35.125,0.0
35.125,35.135,0.0
35.135,35.145,0.0
35.145,35.155,0.0
35.155,35.165,0.0
35.165,35.175,159.65173751552675
35.175,35.185,160.39256378961855
35.185,35.195,158.66226403542885
35.195,35.205,156.8741134547653
35.205,35.215,156.28834395138537
35.215,35.225,156.0212776603683
35.225,35.235,155.56688959308374
35.235,35.245,154.87856073913576
35.245,35.255,154.5063559201617
35.255,35.265,155.59538629505005
35.265,35.275,156.71775126679407
35.275,35.285,157.34242442897755
35.285,35.295,157.56291407749976
35.295,35.305,157.4069812670635
35.305,35.315,157.2228872953671
35.315,35.325,157.23088816162152
35.325,35.335,157.00280667615652
35.335,35.345,155.8931556011348
35.345,35.355,154.22042241979958
35.355,35.365,0.0
35.365,35.375,0.0
35.375,35.385,0.0
35.385,35.395,0.0
35.395,35.405,0.0
35.405,35.415,158.96197620223197
35.415,35.425,159.72616599522883
35.425,35.435,159.69692655772374
35.435,35.445,158.96016493891003
35.445,35.455,0.0
35.455,35.465,0.0
35.465,35.475,0.0
35.475,35.485,158.91678264504537
35.485,35.495,161.27984783585913
35.495,35.505,163.4046207959774
35.505,35.515,164.47861647056317
35.515,35.525,164.70381233889276
35.525,35.535,164.32865814820343
35.535,35.545,163.56815245727023
35.545,35.555,164.77138359137945
35.555,35.565,166.49524695591535
35.565,35.575,167.60558816637658
35.575,35.585,168.072410381199
35.585,35.595,167.7900823965422
35.595,35.605,167.3208140866696
35.605,35.615,167.37220774794824
35.615,35.625,167.70183943125332
35.625,35.635,167.51325768429504
35.635,35.645,167.10339794516958
35.645,35.655,167.0569917072076
35.655,35.665,167.6253206159617
35.665,35.675,168.69908541516904
35.675,35.685,169.6451030503907
35.685,35.695,170.26956050296312
35.695,35.705,170.8052179639926
35.705,35.715,171.15726240233698
35.715,35.725,171.13124330174455
35.725,35.735,169.2346937688012
35.735,35.745,0.0
35.745,35.755,0.0
35.755,35.765,0.0
35.765,35.775,0.0
35.775,35.785,163.7649463382388
35.785,35.795,163.79892141505414
35.795,35.805,165.5390607655751
35.805,35.815,166.16418162655208
35.815,35.825,164.8890582216644
35.825,35.835,162.1331873740463
35.835,35.845,159.36428117098225
35.845,35.855,156.22581001464138
35.855,35.865,152.09186824564912
35.865,35.875,0.0
35.875,35.885,0.0
35.885,35.895,0.0
35.895,35.905,0.0
35.905,35.915,153.94301745676876
35.915,35.925,154.11061546453982
35.925,35.935,153.56656427507144
35.935,35.945,152.20059291406406
35.945,35.955,150.3020550832161
35.955,35.965,147.30019814281562
35.965,35.975,145.8800664503338
35.975,35.985,145.46897291848035
35.985,35.995,144.98925114693233
35.995,36.005,144.95106909906076
36.005,36.015,144.98639529356117
36.015,36.025,145.25348673876883
36.025,36.035,146.77502406045127
36.035,36.045,148.98561780209457
36.045,36.055,150.2192215535303
36.055,36.065,150.58766489959126
36.065,36.075,150.91322009615644
36.075,36.085,151.1480973617765
36.085,36.095,150.92899798084534
36.095,36.105,150.20936390929506
36.105,36.115,0.0
36.115,36.125,0.0
36.125,36.135,152.08962906064508
36.135,36.145,153.23585695043863
36.145,36.155,153.6545693068053
36.155,36.165,153.34040637658595
36.165,36.175,0.0
36.175,36.185,0.0
36.185,36.195,0.0
36.195,36.205,0.0
36.205,36.215,0.0
36.215,36.225,0.0
36.225,36.235,0.0
36.235,36.245,156.4982058429116
36.245,36.255,157.76775452369216
36.255,36.265,158.31067744380013
36.265,36.275,158.4876013821052
36.275,36.285,158.01958717406748
36.285,36.295,156.86081465269774
36.295,36.305,155.60907245008624
36.305,36.315,154.492121506041
36.315,36.325,153.7094038749974
36.325,36.335,153.13239371480987
36.335,36.345,0.0
36.345,36.355,0.0
36.355,36.365,0.0
36.365,36.375,0.0
36.375,36.385,0.0
36.385,36.395,0.0
36.395,36.405,0.0
36.405,36.415,0.0
36.415,36.425,0.0
36.425,36.435,152.87247096686374
36.435,36.445,152.8443934332938
36.445,36.455,0.0
36.455,36.465,0.0
36.465,36.475,0.0
36.475,36.485,0.0
36.485,36.495,0.0
36.495,36.505,0.0
36.505,36.515,0.0
36.515,36.525,0.0
36.525,36.535,0.0
36.535,36.545,0.0
36.545,36.555,0.0
36.555,36.565,0.0
36.565,36.575,0.0
36.575,36.585,0.0
36.585,36.595,0.0
36.595,36.605,0.0
36.605,36.615,0.0
36.615,36.625,0.0
36.625,36.635,0.0
36.635,36.645,0.0
36.645,36.655,0.0
36.655,36.665,0.0
36.665,36.675,0.0
36.675,36.685,0.0
36.685,36.695,0.0
36.695,36.705,0.0
36.705,36.715,0.0
36.715,36.725,0.0
36.725,36.735,148.200789582515
36.735,36.745,149.8927123228679
36.745,36.755,151.34491194393217
36.755,36.765,151.98233590410186
36.765,36.775,151.04888189264977
36.775,36.785,147.73624244247375
36.785,36.795,142.8398209937391
36.795,36.805,141.86204542714844
36.805,36.815,142.09300705981155
36.815,36.825,142.16160981487192
36.825,36.835,142.309917244143
36.835,36.845,143.6668144649217
36.845,36.855,146.13841830879215
36.855,36.865,148.27426009203757
36.865,36.875,149.1980746091002
36.875,36.885,148.1577985112865
36.885,36.895,147.5296438882406
36.895,36.905,147.4062608318698
36.905,36.915,147.0300805579851
36.915,36.925,146.41569437058882
36.925,36.935,146.06359127625916
36.935,36.945,145.76334668696916
36.945,36.955,145.01435982378072
36.955,36.965,143.3269831171081
36.965,36.975,141.99172133500133
36.975,36.985,142.01773118054973
36.985,36.995,142.13331834819434
36.995,37.005,143.0129538219966
37.005,37.015,143.3218109685989
37.015,37.025,143.03741126870042
37.025,37.035,142.5260974493205
37.035,37.045,141.93422671901055
37.045,37.055,140.9498388396951
37.055,37.065,140.44854258721415
37.065,37.075,141.6743958441384
37.075,37.085,142.4708718154709
37.085,37.095,143.8073486763771
37.095,37.105,71.74666926985114
37.105,37.115,71.31362474615464
37.115,37.125,70.86463867236446
37.125,37.135,70.29753278727691
37.135,37.145,69.76328432561616
37.145,37.155,69.23750697732001
37.155,37.165,68.55486031448406
37.165,37.175,67.53939219244397
37.175,37.185,67.98478411284094
37.185,37.195,68.41570490891779
37.195,37.205,68.5095011628578
37.205,37.215,68.71086112340384
37.215,37.225,69.08802187829467
37.225,37.235,68.73192150643499
37.235,37.245,68.10301569763683
37.245,37.255,67.97629363286306
37.255,37.265,68.19334796388222
37.265,37.275,68.38569653930989
37.275,37.285,68.23143576307551
37.285,37.295,0.0
37.295,37.305,0.0
37.305,37.315,0.0
37.315,37.325,0.0
37.325,37.335,0.0
37.335,37.345,0.0
37.345,37.355,0.0
37.355,37.365,0.0
37.365,37.375,0.0
37.375,37.385,0.0
37.385,37.395,0.0
37.395,37.405,0.0
37.405,37.415,0.0
37.415,37.425,0.0
37.425,37.435,0.0
37.435,37.445,0.0
37.445,37.455,0.0
37.455,37.465,0.0
37.465,37.475,0.0
37.475,37.485,0.0
37.485,37.495,0.0
37.495,37.505,0.0
37.505,37.515,0.0
37.515,37.525,0.0
37.525,37.535,0.0
37.535,37.545,0.0
37.545,37.555,0.0
37.555,37.565,0.0
37.565,37.575,0.0
37.575,37.585,0.0
37.585,37.595,0.0
37.595,37.605,0.0
37.605,37.615,0.0
37.615,37.625,0.0
37.625,37.635,0.0
37.635,37.645,0.0
37.645,37.655,0.0
37.655,37.665,0.0
37.665,37.675,0.0
37.675,37.685,0.0
37.685,37.695,0.0
37.695,37.705,0.0
37.705,37.715,0.0
37.715,37.725,0.0
37.725,37.735,0.0
37.735,37.745,0.0
37.745,37.755,0.0
37.755,37.765,0.0
37.765,37.775,0.0
37.775,37.785,0.0
37.785,37.795,0.0
37.795,37.805,0.0
37.805,37.815,0.0
37.815,37.825,0.0
37.825,37.835,0.0
37.835,37.845,0.0
37.845,37.855,0.0
37.855,37.865,0.0
37.865,37.875,0.0
37.875,37.885,0.0
37.885,37.895,0.0
37.895,37.905,0.0
37.905,37.915,0.0
37.915,37.925,0.0
37.925,37.935,0.0
37.935,37.945,0.0
37.945,37.955,0.0
37.955,37.965,0.0
37.965,37.975,0.0
37.975,37.985,0.0
37.985,37.995,0.0
37.995,38.005,0.0
38.005,38.015,0.0
38.015,38.025,0.0
38.025,38.035,0.0
38.035,38.045,0.0
38.045,38.055,0.0
38.055,38.065,0.0
38.065,38.075,0.0
38.075,38.085,0.0
38.085,38.095,0.0
38.095,38.105,0.0
38.105,38.115,0.0
38.115,38.125,0.0
38.125,38.135,0.0
38.135,38.145,0.0
38.145,38.155,0.0
38.155,38.165,0.0
38.165,38.175,0.0
38.175,38.185,0.0
38.185,38.195,0.0
38.195,38.205,0.0
38.205,38.215,0.0
38.215,38.225,0.0
38.225,38.235,0.0
38.235,38.245,0.0
38.245,38.255,0.0
38.255,38.265,0.0
38.265,38.275,0.0
38.275,38.285,0.0
38.285,38.295,0.0
38.295,38.305,0.0
38.305,38.315,0.0
38.315,38.325,0.0
38.325,38.335,0.0
38.335,38.345,0.0
38.345,38.355,0.0
38.355,38.365,0.0
38.365,38.375,0.0
38.375,38.385,0.0
38.385,38.395,0.0
38.395,38.405,0.0
38.405,38.415,0.0
38.415,38.425,0.0
38.425,38.435,0.0
38.435,38.445,0.0
38.445,38.455,0.0
38.455,38.465,0.0
38.465,38.475,0.0
38.475,38.485,0.0
38.485,38.495,0.0
38.495,38.505,0.0
38.505,38.515,0.0
38.515,38.525,466.58679795269836
38.525,38.535,467.74177036056454
38.535,38.545,468.0711113504304
38.545,38.555,469.143819130053
38.555,38.565,0.0
38.565,38.575,184.26711548535758
38.575,38.585,185.75991008523022
38.585,38.595,186.81587386103075
38.595,38.605,187.64772119176493
38.605,38.615,188.20997004190752
38.615,38.625,188.48089092547932
38.625,38.635,188.27972289664726
38.635,38.645,187.57426383325463
38.645,38.655,186.79533097417888
38.655,38.665,185.78300729266078
38.665,38.675,184.61612679883322
38.675,38.685,183.65090910103527
38.685,38.695,183.16825325686887
38.695,38.705,182.8292112289475
38.705,38.715,182.3865935108158
38.715,38.725,182.147722503647
38.725,38.735,182.2538704072789
38.735,38.745,182.23924061266814
38.745,38.755,182.06622811290893
38.755,38.765,182.03058463786172
38.765,38.775,182.05513612654963
38.775,38.785,181.99586141242642
38.785,38.795,181.9228093208933
38.795,38.805,181.84248196743206
38.805,38.815,181.60950871000816
38.815,38.825,181.23813565265723
38.825,38.835,180.91454886866393
38.835,38.845,180.65755385633466
38.845,38.855,180.4417555862242
38.855,38.865,180.3161587602858
38.865,38.875,180.31615931593313
38.875,38.885,180.28995077755428
38.885,38.895,180.22202232629175
38.895,38.905,180.34679417081034
38.905,38.915,180.74908771198545
38.915,38.925,181.36563517739128
38.925,38.935,182.15507127575654
38.935,38.945,182.3027809335874
38.945,38.955,181.7502672454159
38.955,38.965,181.1269282791213
38.965,38.975,180.85733601787067
38.975,38.985,180.683839062037
38.985,38.995,180.4886029378522
38.995,39.005,180.18299695068396
39.005,39.015,179.58906605731596
39.015,39.025,179.3770947263874
39.025,39.035,179.628475359203
39.035,39.045,180.0217224663479
39.045,39.055,181.28082156691073
39.055,39.065,187.17616296223318
39.065,39.075,186.97832073125687
39.075,39.085,0.0
39.085,39.095,0.0
39.095,39.105,0.0
39.105,39.115,0.0
39.115,39.125,0.0
39.125,39.135,0.0
39.135,39.145,0.0
39.145,39.155,0.0
39.155,39.165,0.0
39.165,39.175,0.0
39.175,39.185,0.0
39.185,39.195,0.0
39.195,39.205,0.0
39.205,39.215,0.0
39.215,39.225,0.0
39.225,39.235,0.0
39.235,39.245,194.09742715611486
39.245,39.255,194.35514197039717
39.255,39.265,193.66146678787325
39.265,39.275,191.75938197855857
39.275,39.285,189.6359788861835
39.285,39.295,187.51509801347362
39.295,39.305,185.2072304613731
39.305,39.315,0.0
39.315,39.325,0.0
39.325,39.335,0.0
39.335,39.345,0.0
39.345,39.355,0.0
39.355,39.365,0.0
39.365,39.375,0.0
39.375,39.385,0.0
39.385,39.395,0.0
39.395,39.405,203.53685587632623
39.405,39.415,205.8445661994532
39.415,39.425,205.94048671084465
39.425,39.435,207.0007261016974
39.435,39.445,211.04770004817905
39.445,39.455,213.05111311196828
39.455,39.465,213.61263038455576
39.465,39.475,213.44131151424824
39.475,39.485,212.97567101396203
39.485,39.495,211.95537908592743
39.495,39.505,210.27129957573965
39.505,39.515,0.0
39.515,39.525,0.0
39.525,39.535,0.0
39.535,39.545,0.0
39.545,39.555,0.0
39.555,39.565,0.0
39.565,39.575,0.0
39.575,39.585,0.0
39.585,39.595,0.0
39.595,39.605,0.0
39.605,39.615,0.0
39.615,39.625,0.0
39.625,39.635,0.0
39.635,39.645,0.0
39.645,39.655,0.0
39.655,39.665,0.0
39.665,39.675,0.0
39.675,39.685,250.78644979910385
39.685,39.695,251.48669470918034
39.695,39.705,254.58051169674448
39.705,39.715,260.0562267398547
39.715,39.725,266.9644954499412
39.725,39.735,274.3253957732242
39.735,39.745,280.88282432509675
39.745,39.755,284.2812651475192
39.755,39.765,285.48973137248294
39.765,39.775,286.114773589239
39.775,39.785,284.9709758922997
39.785,39.795,278.3679930923228
39.795,39.805,0.0
39.805,39.815,0.0
39.815,39.825,0.0
39.825,39.835,0.0
39.835,39.845,0.0
39.845,39.855,0.0
39.855,39.865,0.0
39.865,39.875,0.0
39.875,39.885,0.0
39.885,39.895,0.0
39.895,39.905,0.0
39.905,39.915,0.0
39.915,39.925,0.0
39.925,39.935,0.0
39.935,39.945,0.0
39.945,39.955,0.0
39.955,39.965,0.0
39.965,39.975,0.0
39.975,39.985,0.0
39.985,39.995,0.0
39.995,40.005,0.0
40.005,40.015,0.0
40.015,40.025,0.0
40.025,40.035,0.0
40.035,40.045,269.6837135799819
40.045,40.055,271.18483886425196
40.055,40.065,270.46646452937813
40.065,40.075,270.70693505644147
40.075,40.085,271.7059308765449
40.085,40.095,270.37294983207335
40.095,40.105,268.82142950025735
40.105,40.115,268.1129127779812
40.115,40.125,267.6996452777642
40.125,40.135,267.5534594771921
40.135,40.145,267.91568451738004
40.145,40.155,268.57160478360333
40.155,40.165,268.9267560087604
40.165,40.175,269.12040072831246
40.175,40.185,269.5330377824516
40.185,40.195,270.02985578049663
40.195,40.205,270.36995472057714
40.205,40.215,270.9684674604432
40.215,40.225,271.9430269263387
40.225,40.235,273.15659249314587
40.235,40.245,274.9427505856356
40.245,40.255,279.70706845511336
40.255,40.265,0.0
40.265,40.275,0.0
40.275,40.285,0.0
40.285,40.295,0.0
40.295,40.305,0.0
40.305,40.315,0.0
40.315,40.325,0.0
40.325,40.335,0.0
40.335,40.345,0.0
40.345,40.355,0.0
40.355,40.365,0.0
40.365,40.375,0.0
40.375,40.385,0.0
40.385,40.395,0.0
40.395,40.405,0.0
40.405,40.415,0.0
40.415,40.425,0.0
40.425,40.435,0.0
40.435,40.445,0.0
40.445,40.455,173.3198114391746
40.455,40.465,173.53676530685976
40.465,40.475,174.29022840723312
40.475,40.485,173.85333295028525
40.485,40.495,172.46643907940904
40.495,40.505,173.02586739951008
40.505,40.515,175.97374853435636
40.515,40.525,178.12553788239168
40.525,40.535,178.48568038418438
40.535,40.545,178.41626388511844
40.545,40.555,179.01016635079012
40.555,40.565,179.72143916350734
40.565,40.575,179.9492625016757
40.575,40.585,179.68673527906125
40.585,40.595,179.24396198307124
40.595,40.605,179.5775464752769
40.605,40.615,0.0
40.615,40.625,0.0
40.625,40.635,0.0
40.635,40.645,0.0
40.645,40.655,0.0
40.655,40.665,0.0
40.665,40.675,0.0
40.675,40.685,0.0
40.685,40.695,0.0
40.695,40.705,0.0
40.705,40.715,0.0
40.715,40.725,0.0
40.725,40.735,0.0
40.735,40.745,0.0
40.745,40.755,182.29696533012432
40.755,40.765,181.21015698441622
40.765,40.775,179.86636598839942
40.775,40.785,178.27375167848155
40.785,40.795,177.1915448715586
40.795,40.805,176.97021799042898
40.805,40.815,177.18500649142007
40.815,40.825,177.20919929926518
40.825,40.835,176.61605033270655
40.835,40.845,178.82476314068504
40.845,40.855,182.50807638321237
40.855,40.865,183.27870087482776
40.865,40.875,183.07912054437048
40.875,40.885,182.33313075210307
40.885,40.895,181.6669638703691
40.895,40.905,180.67876520243456
40.905,40.915,179.58790299942822
40.915,40.925,179.24384562410637
40.925,40.935,179.45633887239234
40.935,40.945,179.9691969957252
40.945,40.955,180.7602122877133
40.955,40.965,181.65404524540372
40.965,40.975,182.35049610306964
40.975,40.985,182.60955915242448
40.985,40.995,182.36629531708843
40.995,41.005,181.72455579191896
41.005,41.015,0.0
41.015,41.025,0.0
41.025,41.035,0.0
41.035,41.045,0.0
41.045,41.055,0.0
41.055,41.065,0.0
41.065,41.075,0.0
41.075,41.085,0.0
41.085,41.095,0.0
41.095,41.105,0.0
41.105,41.115,0.0
41.115,41.125,171.15954658101126
41.125,41.135,171.84347651086236
41.135,41.145,171.4033581207802
41.145,41.155,170.06863398508625
41.155,41.165,169.59730645955224
41.165,41.175,170.20150082232215
41.175,41.185,170.14984186352325
41.185,41.195,169.56122315300485
41.195,41.205,169.34359474804745
41.205,41.215,169.45711821427628
41.215,41.225,169.63229694623635
41.225,41.235,169.8596450587185
41.235,41.245,0.0
41.245,41.255,0.0
41.255,41.265,0.0
41.265,41.275,0.0
41.275,41.285,0.0
41.285,41.295,0.0
41.295,41.305,0.0
41.305,41.315,0.0
41.315,41.325,0.0
41.325,41.335,0.0
41.335,41.345,0.0
41.345,41.355,163.06418935332547
41.355,41.365,167.94152929092584
41.365,41.375,179.517443541092
41.375,41.385,189.8410324522489
41.385,41.395,199.11581084385477
41.395,41.405,204.50459118648675
41.405,41.415,209.50842345984725
41.415,41.425,0.0
41.425,41.435,0.0
41.435,41.445,0.0
41.445,41.455,304.8302161422586
41.455,41.465,303.8572526760818
41.465,41.475,303.1683957577486
41.475,41.485,267.7781508277364
41.485,41.495,250.86067721337875
41.495,41.505,250.88117961662078
41.505,41.515,254.2513828017357
41.515,41.525,238.01975143985544
41.525,41.535,239.32745958901432
41.535,41.545,238.19799077004495
41.545,41.555,234.87313948624802
41.555,41.565,234.15171601245265
41.565,41.575,234.5350799622973
41.575,41.585,234.2710497243538
41.585,41.595,230.81989472485677
41.595,41.605,217.74033308410304
41.605,41.615,0.0
41.615,41.625,0.0
41.625,41.635,0.0
41.635,41.645,0.0
41.645,41.655,0.0
41.655,41.665,0.0
41.665,41.675,0.0
41.675,41.685,0.0
41.685,41.695,0.0
41.695,41.705,0.0
41.705,41.715,0.0
41.715,41.725,0.0
41.725,41.735,0.0
41.735,41.745,0.0
41.745,41.755,0.0
41.755,41.765,0.0
41.765,41.775,0.0
41.775,41.785,0.0
41.785,41.795,0.0
41.795,41.805,0.0
41.805,41.815,0.0
41.815,41.825,0.0
41.825,41.835,0.0
41.835,41.845,0.0
41.845,41.855,203.41491460970104
41.855,41.865,201.59008068067325
41.865,41.875,198.16155332950137
41.875,41.885,193.87319389014675
41.885,41.895,176.5338078691083
41.895,41.905,168.88524371682317
41.905,41.915,166.64873735554485
41.915,41.925,0.0
41.925,41.935,87.47934666923052
41.935,41.945,87.43846154135103
41.945,41.955,87.33643684691161
41.955,41.965,87.0481806083541
41.965,41.975,87.01497136585549
41.975,41.985,0.0
41.985,41.995,0.0
41.995,42.005,0.0
42.005,42.015,0.0
42.015,42.025,0.0
42.025,42.035,0.0
42.035,42.045,0.0
42.045,42.055,0.0
42.055,42.065,0.0
42.065,42.075,0.0
42.075,42.085,0.0
42.085,42.095,0.0
42.095,42.105,0.0
42.105,42.115,0.0
42.115,42.125,0.0
42.125,42.135,0.0
42.135,42.145,0.0
42.145,42.155,0.0
42.155,42.165,0.0
42.165,42.175,0.0
42.175,42.185,0.0
42.185,42.195,0.0
42.195,42.205,0.0
42.205,42.215,0.0
42.215,42.225,0.0
42.225,42.235,0.0
42.235,42.245,0.0
42.245,42.255,0.0
42.255,42.265,0.0
42.265,42.275,0.0
42.275,42.285,0.0
42.285,42.295,0.0
42.295,42.305,0.0
42.305,42.315,0.0
42.315,42.325,0.0
42.325,42.335,0.0
42.335,42.345,0.0
42.345,42.355,0.0
42.355,42.365,0.0
42.365,42.375,0.0
42.375,42.385,0.0
42.385,42.395,0.0
42.395,42.405,0.0
42.405,42.415,0.0
42.415,42.425,0.0
42.425,42.435,0.0
42.435,42.445,0.0
42.445,42.455,0.0
42.455,42.465,0.0
42.465,42.475,0.0
42.475,42.485,0.0
42.485,42.495,0.0
42.495,42.505,0.0
42.505,42.515,0.0
42.515,42.525,0.0
42.525,42.535,0.0
42.535,42.545,0.0
42.545,42.555,0.0
42.555,42.565,0.0
42.565,42.575,0.0
42.575,42.585,0.0
42.585,42.595,0.0
42.595,42.605,0.0
42.605,42.615,0.0
42.615,42.625,0.0
42.625,42.635,0.0
42.635,42.645,0.0
42.645,42.655,0.0
42.655,42.665,107.66673699310823
42.665,42.675,107.99690728710878
42.675,42.685,108.11299944166497
42.685,42.695,107.50193610582326
42.695,42.705,209.65901278389438
42.705,42.715,209.43472021272217
42.715,42.725,208.71800240275425
42.725,42.735,207.5390092350358
42.735,42.745,206.50871439201413
42.745,42.755,204.06856659820568
42.755,42.765,0.0
42.765,42.775,0.0
42.775,42.785,0.0
42.785,42.795,0.0
42.795,42.805,0.0
42.805,42.815,0.0
42.815,42.825,0.0
42.825,42.835,0.0
42.835,42.845,0.0
42.845,42.855,0.0
42.855,42.865,0.0
42.865,42.875,0.0
42.875,42.885,0.0
42.885,42.895,0.0
42.895,42.905,237.3965629310225
42.905,42.915,238.71357221911816
42.915,42.925,240.89290223436743
42.925,42.935,243.77761268496928
42.935,42.945,246.76860329062316
42.945,42.955,249.28207045642733
42.955,42.965,251.47939733118176
42.965,42.975,253.95383305440342
42.975,42.985,255.96302406765034
42.985,42.995,257.2443531531533
42.995,43.005,256.1946944295353
43.005,43.015,253.53050805554673
43.015,43.025,251.03967655066015
43.025,43.035,248.22367547546514
43.035,43.045,244.64792448698103
43.045,43.055,242.16137007214675
43.055,43.065,240.70869005870128
43.065,43.075,234.47835178471064
43.075,43.085,223.43321022125085
43.085,43.095,221.2445945564222
43.095,43.105,224.10998173320155
43.105,43.115,225.7482164380331
43.115,43.125,223.63028058776314
43.125,43.135,219.26614209427942
43.135,43.145,215.61890624412737
43.145,43.155,0.0
43.155,43.165,0.0
43.165,43.175,0.0
43.175,43.185,0.0
43.185,43.195,0.0
43.195,43.205,0.0
43.205,43.215,0.0
43.215,43.225,0.0
43.225,43.235,0.0
43.235,43.245,0.0
43.245,43.255,0.0
43.255,43.265,170.77932004273967
43.265,43.275,169.64216933156501
43.275,43.285,168.39259768351394
43.285,43.295,166.95845486775593
43.295,43.305,165.70502986948603
43.305,43.315,165.18855518296706
43.315,43.325,165.4360111084646
43.325,43.335,165.18711260695503
43.335,43.345,163.83612661710364
43.345,43.355,164.05026632543078
43.355,43.365,0.0
43.365,43.375,0.0
43.375,43.385,0.0
43.385,43.395,0.0
43.395,43.405,0.0
43.405,43.415,0.0
43.415,43.425,0.0
43.425,43.435,0.0
43.435,43.445,0.0
43.445,43.455,0.0
43.455,43.465,0.0
43.465,43.475,0.0
43.475,43.485,0.0
43.485,43.495,0.0
43.495,43.505,0.0
43.505,43.515,0.0
43.515,43.525,134.51178099891115
43.525,43.535,132.66908115287126
43.535,43.545,131.99895483936035
43.545,43.555,131.657835367805
43.555,43.565,131.28384303395728
43.565,43.575,131.52639778962487
43.575,43.585,132.431878514982
43.585,43.595,133.69319862352364
43.595,43.605,134.41571206223176
43.605,43.615,134.7212361475472
43.615,43.625,134.8084874031191
43.625,43.635,134.72142517386777
43.635,43.645,134.57448212395073
43.645,43.655,134.10859132182782
43.655,43.665,132.92493636496545
43.665,43.675,132.06718085823925
43.675,43.685,0.0
43.685,43.695,0.0
43.695,43.705,0.0
43.705,43.715,0.0
43.715,43.725,0.0
43.725,43.735,0.0
43.735,43.745,0.0
43.745,43.755,0.0
43.755,43.765,0.0
43.765,43.775,0.0
43.775,43.785,202.22328025477702
43.785,43.795,203.69944522045506
43.795,43.805,204.2546348834273
43.805,43.815,203.61287689776077
43.815,43.825,201.91185332403268
43.825,43.835,201.60264252794852
43.835,43.845,203.87670053030615
43.845,43.855,208.46893078474022
43.855,43.865,214.36805056091168
43.865,43.875,217.34676425669
43.875,43.885,219.01810758132356
43.885,43.895,220.10468611153325
43.895,43.905,258.0390714390861
43.905,43.915,261.9752424566737
43.915,43.925,269.46189096579224
43.925,43.935,289.8309962393154
43.935,43.945,297.93305648987143
43.945,43.955,298.68663545992126
43.955,43.965,296.7984722341888
43.965,43.975,292.58113130692254
43.975,43.985,289.4451979272671
43.985,43.995,288.45399904575123
43.995,44.005,288.10334161336874
44.005,44.015,0.0
44.015,44.025,0.0
44.025,44.035,0.0
44.035,44.045,0.0
44.045,44.055,0.0
44.055,44.065,0.0
44.065,44.075,0.0
44.075,44.085,0.0
44.085,44.095,0.0
44.095,44.105,0.0
44.105,44.115,0.0
44.115,44.125,0.0
44.125,44.135,0.0
44.135,44.145,0.0
44.145,44.155,0.0
44.155,44.165,0.0
44.165,44.175,0.0
44.175,44.185,0.0
44.185,44.195,0.0
