Start_Time,End_Time,F0_Hz
0.027,0.037,0.0
0.037,0.047,0.0
0.047,0.057,170.91456882669294
0.057,0.067,174.15327566401993
0.067,0.077,175.03805029055115
0.077,0.087,175.2735867347291
0.087,0.097,175.8521195938009
0.097,0.107,177.60483601748
0.107,0.117,180.29022539459737
0.117,0.127,182.08582786495288
0.127,0.137,183.4076315231849
0.137,0.147,187.7043182007141
0.147,0.157,190.72501319342015
0.157,0.167,191.38722708892556
0.167,0.177,192.6733827902931
0.177,0.187,193.00221057367344
0.187,0.197,191.94790446628713
0.197,0.207,190.83667682415336
0.207,0.217,190.34093935213545
0.217,0.227,190.58440850573953
0.227,0.237,191.32913002615066
0.237,0.247,192.28850635757237
0.247,0.257,193.0275266137018
0.257,0.267,193.11465095565447
0.267,0.277,192.9593832062607
0.277,0.287,192.50899347195278
0.287,0.297,189.61289992740456
0.297,0.307,182.30893612628785
0.307,0.317,0.0
0.317,0.327,0.0
0.327,0.337,0.0
0.337,0.347,0.0
0.347,0.357,0.0
0.357,0.367,0.0
0.367,0.377,0.0
0.377,0.387,0.0
0.387,0.397,0.0
0.397,0.407,0.0
0.407,0.417,0.0
0.417,0.427,183.82803433912935
0.427,0.437,196.26218798052585
0.437,0.447,197.03301579910988
0.447,0.457,196.47065361599363
0.457,0.467,195.22290943520417
0.467,0.477,190.45418498397632
0.477,0.487,185.9343268350794
0.487,0.497,183.8540168591522
0.497,0.507,183.13930163072666
0.507,0.517,183.2257467307028
0.517,0.527,183.685724503205
0.527,0.537,184.22008846610973
0.537,0.547,184.52834221206362
0.547,0.557,184.83181760803566
0.557,0.567,185.41143108111982
0.567,0.577,185.96907054967073
0.577,0.587,186.12120222466856
0.587,0.597,186.05113002270826
0.597,0.607,185.9371730962364
0.607,0.617,186.0718049025857
0.617,0.627,0.0
0.627,0.637,0.0
0.637,0.647,0.0
0.647,0.657,0.0
0.657,0.667,0.0
0.667,0.677,0.0
0.677,0.687,0.0
0.687,0.697,0.0
0.697,0.707,0.0
0.707,0.717,0.0
0.717,0.727,0.0
0.727,0.737,0.0
0.737,0.747,0.0
0.747,0.757,174.5172687840143
0.757,0.767,175.37060346657793
0.767,0.777,175.06566785295598
0.777,0.787,174.09358660571294
0.787,0.797,173.34836908666634
0.797,0.807,172.73208161020102
0.807,0.817,172.27295721889527
0.817,0.827,172.00342743983006
0.827,0.837,171.6731569505496
0.837,0.847,171.04267560264586
0.847,0.857,170.40514403760125
0.857,0.867,0.0
0.867,0.877,0.0
0.877,0.887,0.0
0.887,0.897,0.0
0.897,0.907,0.0
0.907,0.917,0.0
0.917,0.927,0.0
0.927,0.937,0.0
0.937,0.947,171.202777994836
0.947,0.957,173.34523244656302
0.957,0.967,174.15206943213445
0.967,0.977,173.71582730151937
0.977,0.987,173.45369542014376
0.987,0.997,173.7509707868271
0.997,1.007,174.43090308655806
1.007,1.017,174.7330019839762
1.017,1.027,174.6637876380087
1.027,1.037,174.34059315546503
1.037,1.047,173.5520911197048
1.047,1.057,172.0646368813598
1.057,1.067,170.16113910373954
1.067,1.077,0.0
1.077,1.087,0.0
1.087,1.097,0.0
1.097,1.107,0.0
1.107,1.117,0.0
1.117,1.127,0.0
1.127,1.137,0.0
1.137,1.147,166.29230046899386
1.147,1.157,167.6062477956727
1.157,1.167,167.48653653928628
1.167,1.177,166.36379665504646
1.177,1.187,165.30647397602857
1.187,1.197,165.03575081952727
1.197,1.207,165.20286636301498
1.207,1.217,165.96189987555536
1.217,1.227,168.343839181544
1.227,1.237,170.2067546739126
1.237,1.247,0.0
1.247,1.257,0.0
1.257,1.267,0.0
1.267,1.277,0.0
1.277,1.287,0.0
1.287,1.297,0.0
1.297,1.307,0.0
1.307,1.317,0.0
1.317,1.327,0.0
1.327,1.337,0.0
1.337,1.347,0.0
1.347,1.357,0.0
1.357,1.367,0.0
1.367,1.377,0.0
1.377,1.387,0.0
1.387,1.397,0.0
1.397,1.407,0.0
1.407,1.417,0.0
1.417,1.427,0.0
1.427,1.437,0.0
1.437,1.447,0.0
1.447,1.457,0.0
1.457,1.467,0.0
1.467,1.477,0.0
1.477,1.487,0.0
1.487,1.497,0.0
1.497,1.507,0.0
1.507,1.517,0.0
1.517,1.527,0.0
1.527,1.537,0.0
1.537,1.547,0.0
1.547,1.557,0.0
1.557,1.567,0.0
1.567,1.577,0.0
1.577,1.587,0.0
1.587,1.597,0.0
1.597,1.607,0.0
1.607,1.617,0.0
1.617,1.627,0.0
1.627,1.637,0.0
1.637,1.647,0.0
1.647,1.657,0.0
1.657,1.667,0.0
1.667,1.677,0.0
1.677,1.687,0.0
1.687,1.697,0.0
1.697,1.707,0.0
1.707,1.717,0.0
1.717,1.727,0.0
1.727,1.737,0.0
1.737,1.747,0.0
1.747,1.757,0.0
1.757,1.767,0.0
1.767,1.777,0.0
1.777,1.787,0.0
1.787,1.797,0.0
1.797,1.807,0.0
1.807,1.817,0.0
1.817,1.827,0.0
1.827,1.837,0.0
1.837,1.847,0.0
1.847,1.857,0.0
1.857,1.867,0.0
1.867,1.877,0.0
1.877,1.887,0.0
1.887,1.897,0.0
1.897,1.907,0.0
1.907,1.917,0.0
1.917,1.927,0.0
1.927,1.937,0.0
1.937,1.947,0.0
1.947,1.957,0.0
1.957,1.967,0.0
1.967,1.977,0.0
1.977,1.987,0.0
1.987,1.997,0.0
1.997,2.007,0.0
2.007,2.017,0.0
2.017,2.027,0.0
2.027,2.037,159.4374312701092
2.037,2.047,159.03191041587482
2.047,2.057,158.56991606074607
2.057,2.067,158.22585040591414
2.067,2.077,158.14881226641225
2.077,2.087,158.16833565826187
2.087,2.097,158.16830690650096
2.097,2.107,157.95402046466285
2.107,2.117,157.03310091746465
2.117,2.127,0.0
2.127,2.137,0.0
2.137,2.147,0.0
2.147,2.157,0.0
2.157,2.167,0.0
2.167,2.177,161.408599220676
2.177,2.187,165.08068006832903
2.187,2.197,165.49415116029866
2.197,2.207,165.6682074250158
2.207,2.217,165.6997226701257
2.217,2.227,165.63994436546375
2.227,2.237,165.5241524665314
2.237,2.247,165.2798097658388
2.247,2.257,164.8767846430488
2.257,2.267,164.49126476414008
2.267,2.277,164.32393743156518
2.277,2.287,162.36815134267948
2.287,2.297,160.06223569405682
2.297,2.307,159.6707343487673
2.307,2.317,160.54762975563798
2.317,2.327,162.01175944344155
2.327,2.337,163.89473111697822
2.337,2.347,165.85838079289084
2.347,2.357,167.5657734455764
2.357,2.367,168.53135083575614
2.367,2.377,169.38962505516162
2.377,2.387,170.7242903250245
2.387,2.397,171.75633337251148
2.397,2.407,172.46060105313703
2.407,2.417,172.70491222155445
2.417,2.427,158.96862787434492
2.427,2.437,161.13894937628535
2.437,2.447,163.96487670473024
2.447,2.457,165.3147907929926
2.457,2.467,165.7246842627241
2.467,2.477,165.51041374112802
2.477,2.487,165.12946216611806
2.487,2.497,164.6902598060519
2.497,2.507,164.0781793412308
2.507,2.517,163.7066129226563
2.517,2.527,163.85582934316773
2.527,2.537,163.86803724457093
2.537,2.547,163.9361387827336
2.547,2.557,163.82152075088308
2.557,2.567,162.10117297327227
2.567,2.577,160.57880006127567
2.577,2.587,159.90922042427886
2.587,2.597,159.90876207824468
2.597,2.607,160.34538971739755
2.607,2.617,160.72707811278653
2.617,2.627,160.689095071412
2.627,2.637,160.09550879622617
2.637,2.647,159.13029793592912
2.647,2.657,158.7224220853604
2.657,2.667,158.69189275917344
2.667,2.677,158.1155748979334
2.677,2.687,157.9577013113853
2.687,2.697,158.051639754348
2.697,2.707,157.78401188701193
2.707,2.717,157.55923510626297
2.717,2.727,157.72637559776226
2.727,2.737,0.0
2.737,2.747,0.0
2.747,2.757,0.0
2.757,2.767,0.0
2.767,2.777,0.0
2.777,2.787,0.0
2.787,2.797,0.0
2.797,2.807,0.0
2.807,2.817,0.0
2.817,2.827,0.0
2.827,2.837,0.0
2.837,2.847,0.0
2.847,2.857,0.0
2.857,2.867,0.0
2.867,2.877,0.0
2.877,2.887,0.0
2.887,2.897,0.0
2.897,2.907,0.0
2.907,2.917,0.0
2.917,2.927,0.0
2.927,2.937,233.33057435560656
2.937,2.947,244.41612207227834
2.947,2.957,248.97898188688586
2.957,2.967,250.8516955932754
2.967,2.977,252.63107051686833
2.977,2.987,254.4756915775682
2.987,2.997,255.84786674820424
2.997,3.007,256.8723139073537
3.007,3.017,257.88493220323136
3.017,3.027,259.0046181257348
3.027,3.037,259.4748074145346
3.037,3.047,258.71865073561275
3.047,3.057,257.46988956591497
3.057,3.067,254.22703352915488
3.067,3.077,247.57689889487864
3.077,3.087,242.52139384205952
3.087,3.097,235.54920970334317
3.097,3.107,219.4700871596248
3.107,3.117,207.05740363602354
3.117,3.127,190.8519708940506
3.127,3.137,0.0
3.137,3.147,0.0
3.147,3.157,0.0
3.157,3.167,0.0
3.167,3.177,0.0
3.177,3.187,0.0
3.187,3.197,0.0
3.197,3.207,0.0
3.207,3.217,0.0
3.217,3.227,0.0
3.227,3.237,0.0
3.237,3.247,0.0
3.247,3.257,0.0
3.257,3.267,0.0
3.267,3.277,0.0
3.277,3.287,0.0
3.287,3.297,0.0
3.297,3.307,0.0
3.307,3.317,0.0
3.317,3.327,0.0
3.327,3.337,0.0
3.337,3.347,0.0
3.347,3.357,0.0
3.357,3.367,0.0
3.367,3.377,167.79780175298427
3.377,3.387,168.31038746104866
3.387,3.397,168.24575669528144
3.397,3.407,167.1724625396479
3.407,3.417,164.48565955312455
3.417,3.427,162.2683802117125
3.427,3.437,161.35804805821206
3.437,3.447,159.9893651443486
3.447,3.457,158.53629966391222
3.457,3.467,157.7823684211384
3.467,3.477,157.24527798410114
3.477,3.487,156.71565563879983
3.487,3.497,156.06149401819152
3.497,3.507,155.48652739371207
3.507,3.517,155.46798034176044
3.517,3.527,156.1935097965023
3.527,3.537,157.19126690807553
3.537,3.547,158.01705364666356
3.547,3.557,158.8574001530886
3.557,3.567,159.16125493867946
3.567,3.577,158.85239151918594
3.577,3.587,158.25072547461244
3.587,3.597,157.75888405328206
3.597,3.607,157.5093258009575
3.607,3.617,157.16679202831952
3.617,3.627,156.7596556611262
3.627,3.637,156.37198341776542
3.637,3.647,155.89016986288715
3.647,3.657,155.16842422991428
3.657,3.667,154.4210435813989
3.667,3.677,153.69080757001908
3.677,3.687,152.9426775655565
3.687,3.697,152.49368561697372
3.697,3.707,152.13455999828616
3.707,3.717,151.2082677253515
3.717,3.727,150.167415019063
3.727,3.737,149.78907331044562
3.737,3.747,149.60991337952606
3.747,3.757,149.26107313120633
3.757,3.767,148.9733725159867
3.767,3.777,148.8820732486422
3.777,3.787,148.33388990709943
3.787,3.797,147.4996563905922
3.797,3.807,146.24742359984012
3.807,3.817,144.80773773551718
3.817,3.827,144.72898287801922
3.827,3.837,147.26100535886843
3.837,3.847,150.0149827471858
3.847,3.857,151.60894832809728
3.857,3.867,152.2110346705982
3.867,3.877,151.38131913580537
3.877,3.887,147.11743040576826
3.887,3.897,145.31132219598626
3.897,3.907,144.56949542039376
3.907,3.917,142.19797140252345
3.917,3.927,138.7667913089198
3.927,3.937,0.0
3.937,3.947,0.0
3.947,3.957,0.0
3.957,3.967,0.0
3.967,3.977,0.0
3.977,3.987,0.0
3.987,3.997,156.07804077709966
3.997,4.007,157.71929610341923
4.007,4.017,158.538796183221
4.017,4.027,158.84556103387533
4.027,4.037,159.02566539204395
4.037,4.047,159.5134324837235
4.047,4.057,160.40817250631724
4.057,4.067,161.03172396632093
4.067,4.077,0.0
4.077,4.087,0.0
4.087,4.097,0.0
4.097,4.107,0.0
4.107,4.117,0.0
4.117,4.127,0.0
4.127,4.137,0.0
4.137,4.147,0.0
4.147,4.157,0.0
4.157,4.167,0.0
4.167,4.177,0.0
4.177,4.187,0.0
4.187,4.197,0.0
4.197,4.207,0.0
4.207,4.217,0.0
4.217,4.227,160.56984202015383
4.227,4.237,158.45257225466395
4.237,4.247,156.7564880005258
4.247,4.257,153.45649801466706
4.257,4.267,151.0053771435694
4.267,4.277,148.0242138249086
4.277,4.287,146.43049554982338
4.287,4.297,144.81133537991565
4.297,4.307,143.14165833087102
4.307,4.317,142.5108201843943
4.317,4.327,143.57191678595322
4.327,4.337,143.80810606381334
4.337,4.347,142.87638229226755
4.347,4.357,141.1605660477257
4.357,4.367,139.99574847184934
4.367,4.377,139.64348789066554
4.377,4.387,139.80462445372052
4.387,4.397,140.4101019535835
4.397,4.407,142.0529798238765
4.407,4.417,144.18408539093937
4.417,4.427,0.0
4.427,4.437,0.0
4.437,4.447,0.0
4.447,4.457,0.0
4.457,4.467,0.0
4.467,4.477,0.0
4.477,4.487,0.0
4.487,4.497,201.5129910698627
4.497,4.507,206.55614166614538
4.507,4.517,210.53729875163225
4.517,4.527,213.38387984128929
4.527,4.537,215.18118866579184
4.537,4.547,215.90970728604321
4.547,4.557,215.3647090471607
4.557,4.567,213.06779234684518
4.567,4.577,209.0759788067045
4.577,4.587,204.35679441830027
4.587,4.597,198.57050844062852
4.597,4.607,192.27800272992786
4.607,4.617,185.13128014902406
4.617,4.627,177.1434013040589
4.627,4.637,167.0373217547141
4.637,4.647,162.9131837200114
4.647,4.657,159.5935015050617
4.657,4.667,156.71149683689248
4.667,4.677,155.5263148219429
4.677,4.687,154.83949333676298
4.687,4.697,154.8449480743891
4.697,4.707,154.10143207748567
4.707,4.717,152.85748735719363
4.717,4.727,151.9752381080737
4.727,4.737,151.40342525513677
4.737,4.747,150.89484517571697
4.747,4.757,150.01157727467984
4.757,4.767,148.97342011450235
4.767,4.777,148.13744142831808
4.777,4.787,147.339089244603
4.787,4.797,146.79120092419151
4.797,4.807,146.28442127943538
4.807,4.817,145.65169821771227
4.817,4.827,145.19777946924927
4.827,4.837,144.61909880741257
4.837,4.847,143.6432996431012
4.847,4.857,142.65804033625605
4.857,4.867,142.09856669757022
4.867,4.877,141.63366334449879
4.877,4.887,140.9104878078455
4.887,4.897,140.62944900520387
4.897,4.907,140.98577887145257
4.907,4.917,141.19733920377854
4.917,4.927,140.8056933391335
4.927,4.937,139.9831797635932
4.937,4.947,139.42665508989205
4.947,4.957,139.77341839994634
4.957,4.967,140.68036260724827
4.967,4.977,141.78940374223495
4.977,4.987,143.0163748258569
4.987,4.997,143.92544378301636
4.997,5.007,144.67442325249922
5.007,5.017,145.49031010305862
5.017,5.027,146.16553384881783
5.027,5.037,146.46856420720036
5.037,5.047,146.41130212178004
5.047,5.057,145.82976319768864
5.057,5.067,145.12958811893532
5.067,5.077,145.32524971771872
5.077,5.087,145.79201714396663
5.087,5.097,145.87883344079873
5.097,5.107,145.90822457303733
5.107,5.117,146.0996527375534
5.117,5.127,146.15726190515633
5.127,5.137,146.0424730031517
5.137,5.147,145.97159283589397
5.147,5.157,145.8302056940629
5.157,5.167,145.41051701268756
5.167,5.177,144.78588467613102
5.177,5.187,144.34095134905095
5.187,5.197,144.26568278527031
5.197,5.207,144.20630176487305
5.207,5.217,142.97654618490773
5.217,5.227,141.7849131609301
5.227,5.237,141.12140151021717
5.237,5.247,140.57148968932336
5.247,5.257,140.07710863770228
5.257,5.267,139.84179002496367
5.267,5.277,139.96827754561326
5.277,5.287,140.14029995112665
5.287,5.297,140.32475073496727
5.297,5.307,140.55152775443148
5.307,5.317,140.59048847299334
5.317,5.327,140.52940057376674
5.327,5.337,140.32202661989234
5.337,5.347,139.89430609514622
5.347,5.357,139.47898528751443
5.357,5.367,139.09900726324722
5.367,5.377,138.78720878996694
5.377,5.387,138.73071662941763
5.387,5.397,138.72071437268127
5.397,5.407,138.5426528718602
5.407,5.417,138.25666733431746
5.417,5.427,138.05418148807084
5.427,5.437,138.1193104868792
5.437,5.447,138.65299477351422
5.447,5.457,138.78088352305858
5.457,5.467,138.1088464454399
5.467,5.477,0.0
5.477,5.487,0.0
5.487,5.497,0.0
5.497,5.507,0.0
5.507,5.517,0.0
5.517,5.527,0.0
5.527,5.537,0.0
5.537,5.547,0.0
5.547,5.557,0.0
5.557,5.567,0.0
5.567,5.577,0.0
5.577,5.587,0.0
5.587,5.597,0.0
5.597,5.607,0.0
5.607,5.617,0.0
5.617,5.627,0.0
5.627,5.637,0.0
5.637,5.647,0.0
5.647,5.657,0.0
5.657,5.667,0.0
5.667,5.677,0.0
5.677,5.687,0.0
5.687,5.697,0.0
5.697,5.707,0.0
5.707,5.717,0.0
5.717,5.727,0.0
5.727,5.737,0.0
5.737,5.747,0.0
5.747,5.757,0.0
5.757,5.767,0.0
5.767,5.777,0.0
5.777,5.787,0.0
5.787,5.797,0.0
5.797,5.807,0.0
5.807,5.817,0.0
5.817,5.827,0.0
5.827,5.837,0.0
5.837,5.847,0.0
5.847,5.857,0.0
5.857,5.867,0.0
5.867,5.877,0.0
5.877,5.887,0.0
5.887,5.897,0.0
5.897,5.907,0.0
5.907,5.917,0.0
5.917,5.927,0.0
5.927,5.937,0.0
5.937,5.947,0.0
5.947,5.957,0.0
5.957,5.967,0.0
5.967,5.977,0.0
5.977,5.987,0.0
5.987,5.997,0.0
5.997,6.007,0.0
6.007,6.017,0.0
6.017,6.027,0.0
6.027,6.037,0.0
6.037,6.047,0.0
6.047,6.057,0.0
6.057,6.067,0.0
6.067,6.077,134.28623539379933
6.077,6.087,136.60202805926178
6.087,6.097,137.56031910114396
6.097,6.107,138.1811954019726
6.107,6.117,138.62761812003023
6.117,6.127,139.04267510836343
6.127,6.137,139.2499476695722
6.137,6.147,139.13975887839743
6.147,6.157,138.71984137675184
6.157,6.167,138.18223937719225
6.167,6.177,137.60101021489214
6.177,6.187,136.9214346581291
6.187,6.197,0.0
6.197,6.207,0.0
6.207,6.217,0.0
6.217,6.227,0.0
6.227,6.237,0.0
6.237,6.247,0.0
6.247,6.257,0.0
6.257,6.267,0.0
6.267,6.277,0.0
6.277,6.287,0.0
6.287,6.297,0.0
6.297,6.307,0.0
6.307,6.317,0.0
6.317,6.327,0.0
6.327,6.337,0.0
6.337,6.347,0.0
6.347,6.357,0.0
6.357,6.367,0.0
6.367,6.377,0.0
6.377,6.387,0.0
6.387,6.397,0.0
6.397,6.407,0.0
6.407,6.417,0.0
6.417,6.427,0.0
6.427,6.437,0.0
6.437,6.447,0.0
6.447,6.457,0.0
6.457,6.467,0.0
6.467,6.477,0.0
6.477,6.487,0.0
6.487,6.497,0.0
6.497,6.507,0.0
6.507,6.517,0.0
6.517,6.527,0.0
6.527,6.537,0.0
6.537,6.547,0.0
6.547,6.557,0.0
6.557,6.567,0.0
6.567,6.577,0.0
6.577,6.587,0.0
6.587,6.597,0.0
6.597,6.607,0.0
6.607,6.617,0.0
6.617,6.627,0.0
6.627,6.637,0.0
6.637,6.647,0.0
6.647,6.657,0.0
6.657,6.667,0.0
6.667,6.677,0.0
6.677,6.687,0.0
6.687,6.697,0.0
6.697,6.707,0.0
6.707,6.717,0.0
6.717,6.727,0.0
6.727,6.737,0.0
6.737,6.747,0.0
6.747,6.757,0.0
6.757,6.767,0.0
6.767,6.777,0.0
6.777,6.787,0.0
6.787,6.797,0.0
6.797,6.807,0.0
6.807,6.817,0.0
6.817,6.827,0.0
6.827,6.837,0.0
6.837,6.847,0.0
6.847,6.857,0.0
6.857,6.867,0.0
6.867,6.877,0.0
6.877,6.887,0.0
6.887,6.897,0.0
6.897,6.907,0.0
6.907,6.917,0.0
6.917,6.927,0.0
6.927,6.937,0.0
6.937,6.947,0.0
6.947,6.957,0.0
6.957,6.967,0.0
6.967,6.977,0.0
6.977,6.987,0.0
6.987,6.997,0.0
6.997,7.007,0.0
7.007,7.017,0.0
7.017,7.027,0.0
7.027,7.037,0.0
7.037,7.047,0.0
7.047,7.057,0.0
7.057,7.067,0.0
7.067,7.077,0.0
7.077,7.087,0.0
7.087,7.097,0.0
7.097,7.107,0.0
7.107,7.117,0.0
7.117,7.127,0.0
7.127,7.137,0.0
7.137,7.147,0.0
7.147,7.157,0.0
7.157,7.167,0.0
7.167,7.177,0.0
7.177,7.187,0.0
7.187,7.197,0.0
7.197,7.207,0.0
7.207,7.217,0.0
7.217,7.227,0.0
7.227,7.237,0.0
7.237,7.247,0.0
7.247,7.257,0.0
7.257,7.267,0.0
7.267,7.277,0.0
7.277,7.287,0.0
7.287,7.297,0.0
7.297,7.307,0.0
7.307,7.317,0.0
7.317,7.327,0.0
7.327,7.337,0.0
7.337,7.347,0.0
7.347,7.357,0.0
7.357,7.367,0.0
7.367,7.377,0.0
7.377,7.387,0.0
7.387,7.397,0.0
7.397,7.407,0.0
7.407,7.417,0.0
7.417,7.427,0.0
7.427,7.437,0.0
7.437,7.447,0.0
7.447,7.457,0.0
7.457,7.467,0.0
7.467,7.477,0.0
7.477,7.487,0.0
7.487,7.497,0.0
7.497,7.507,0.0
7.507,7.517,0.0
7.517,7.527,0.0
7.527,7.537,0.0
7.537,7.547,0.0
7.547,7.557,0.0
7.557,7.567,0.0
7.567,7.577,0.0
7.577,7.587,0.0
7.587,7.597,149.2392286065309
7.597,7.607,148.9699232883304
7.607,7.617,148.78294316987694
7.617,7.627,155.9316168178751
7.627,7.637,156.9770389344861
7.637,7.647,157.9484753448049
7.647,7.657,159.04168245477737
7.657,7.667,159.74128393452912
7.667,7.677,159.6548684048774
7.677,7.687,159.71953843866038
7.687,7.697,159.16527772157013
7.697,7.707,154.17596438180962
7.707,7.717,152.44354311853357
7.717,7.727,150.97834307404867
7.727,7.737,149.64669443422673
7.737,7.747,148.66107260609365
7.747,7.757,148.3819151821871
7.757,7.767,149.27213357357886
7.767,7.777,151.4221875965431
7.777,7.787,152.5132063536745
7.787,7.797,151.0258712657031
7.797,7.807,0.0
7.807,7.817,0.0
7.817,7.827,0.0
7.827,7.837,0.0
7.837,7.847,0.0
7.847,7.857,0.0
7.857,7.867,0.0
7.867,7.877,0.0
7.877,7.887,0.0
7.887,7.897,0.0
7.897,7.907,0.0
7.907,7.917,0.0
7.917,7.927,175.21520351852416
7.927,7.937,176.37579322643307
7.937,7.947,178.42127490514548
7.947,7.957,180.46401914150863
7.957,7.967,182.95877767240933
7.967,7.977,187.14831361022087
7.977,7.987,192.43350628612666
7.987,7.997,199.5155540206575
7.997,8.007,208.32404811655618
8.007,8.017,215.97855154219639
8.017,8.027,222.1043186359403
8.027,8.037,226.93914742739466
8.037,8.047,231.1934651718424
8.047,8.057,233.85620066472768
8.057,8.067,233.68083341646505
8.067,8.077,233.03162901096027
8.077,8.087,232.687294484453
8.087,8.097,231.62639223520793
8.097,8.107,229.77832216570695
8.107,8.117,227.19957291558265
8.117,8.127,222.84643367809838
8.127,8.137,201.0351098469837
8.137,8.147,198.70863367965748
8.147,8.157,198.59048767360295
8.157,8.167,185.76854326545626
8.167,8.177,183.06399176988415
8.177,8.187,181.39805963515042
8.187,8.197,0.0
8.197,8.207,0.0
8.207,8.217,0.0
8.217,8.227,0.0
8.227,8.237,0.0
8.237,8.247,0.0
8.247,8.257,0.0
8.257,8.267,0.0
8.267,8.277,0.0
8.277,8.287,0.0
8.287,8.297,0.0
8.297,8.307,0.0
8.307,8.317,0.0
8.317,8.327,0.0
8.327,8.337,0.0
8.337,8.347,171.52163037506946
8.347,8.357,169.4061215525566
8.357,8.367,168.7617334855917
8.367,8.377,168.0312971206542
8.377,8.387,166.14437226893685
8.387,8.397,163.34599907966685
8.397,8.407,160.70024783218264
8.407,8.417,157.91233769306834
8.417,8.427,153.56497466500127
8.427,8.437,0.0
8.437,8.447,0.0
8.447,8.457,0.0
8.457,8.467,151.59922529099387
8.467,8.477,151.34309533578076
8.477,8.487,153.15624914090236
8.487,8.497,150.45150227006232
8.497,8.507,149.14945113221938
8.507,8.517,148.39044975277926
8.517,8.527,147.3447268021989
8.527,8.537,146.6694805734237
8.537,8.547,146.24375422410807
8.547,8.557,146.1689014335936
8.557,8.567,146.6006988358505
8.567,8.577,146.97161695244083
8.577,8.587,146.95472626986694
8.587,8.597,146.50733522581794
8.597,8.607,145.50208465557063
8.607,8.617,144.54308264395232
8.617,8.627,143.69605244761593
8.627,8.637,143.1210970516986
8.637,8.647,142.64414902435584
8.647,8.657,142.18510133144414
8.657,8.667,141.92359672142848
8.667,8.677,141.80565849403095
8.677,8.687,141.95446462008252
8.687,8.697,142.67958943539196
8.697,8.707,143.90327607905132
8.707,8.717,145.42043608796126
8.717,8.727,0.0
8.727,8.737,0.0
8.737,8.747,0.0
8.747,8.757,0.0
8.757,8.767,0.0
8.767,8.777,0.0
8.777,8.787,0.0
8.787,8.797,0.0
8.797,8.807,0.0
8.807,8.817,0.0
8.817,8.827,0.0
8.827,8.837,0.0
8.837,8.847,0.0
8.847,8.857,0.0
8.857,8.867,0.0
8.867,8.877,0.0
8.877,8.887,0.0
8.887,8.897,0.0
8.897,8.907,0.0
8.907,8.917,0.0
8.917,8.927,0.0
8.927,8.937,0.0
8.937,8.947,0.0
8.947,8.957,0.0
8.957,8.967,0.0
8.967,8.977,0.0
8.977,8.987,0.0
8.987,8.997,0.0
8.997,9.007,0.0
9.007,9.017,0.0
9.017,9.027,0.0
9.027,9.037,0.0
9.037,9.047,0.0
9.047,9.057,0.0
9.057,9.067,0.0
9.067,9.077,0.0
9.077,9.087,0.0
9.087,9.097,0.0
9.097,9.107,0.0
9.107,9.117,0.0
9.117,9.127,0.0
9.127,9.137,0.0
9.137,9.147,0.0
9.147,9.157,0.0
9.157,9.167,0.0
9.167,9.177,0.0
9.177,9.187,150.04540057316052
9.187,9.197,150.8865979330173
9.197,9.207,151.2130652866737
9.207,9.217,150.90393057974532
9.217,9.227,150.72640888212314
9.227,9.237,150.98911219483267
9.237,9.247,0.0
9.247,9.257,0.0
9.257,9.267,0.0
9.267,9.277,0.0
9.277,9.287,0.0
9.287,9.297,0.0
9.297,9.307,172.75518760589077
9.307,9.317,175.09593203322484
9.317,9.327,175.81833820909236
9.327,9.337,175.71106157736378
9.337,9.347,175.23049112212678
9.347,9.357,174.7406393220457
9.357,9.367,174.4947418294475
9.367,9.377,174.5810834531894
9.377,9.387,174.77920485741666
9.387,9.397,175.09106312486207
9.397,9.407,175.6000368294612
9.407,9.417,175.7402025308437
9.417,9.427,175.2219512794159
9.427,9.437,174.1764188912544
9.437,9.447,174.4370028388731
9.447,9.457,177.21294610295251
9.457,9.467,178.8592044335559
9.467,9.477,179.48800950355687
9.477,9.487,179.39097566130417
9.487,9.497,178.8249350232454
9.497,9.507,178.28322599002712
9.507,9.517,177.78732388894352
9.517,9.527,177.29449690088273
9.527,9.537,176.79938130308372
9.537,9.547,176.21224473047045
9.547,9.557,175.41598256073763
9.557,9.567,174.64237639266673
9.567,9.577,173.86114948867635
9.577,9.587,173.462168244158
9.587,9.597,173.62289500471323
9.597,9.607,174.0041389189749
9.607,9.617,174.29698960431347
9.617,9.627,174.23117307271804
9.627,9.637,173.79389265224322
9.637,9.647,172.99077917462864
9.647,9.657,172.1476259852674
9.657,9.667,171.22619591957724
9.667,9.677,169.19759593473376
9.677,9.687,168.57369573701087
9.687,9.697,167.7162533435006
9.697,9.707,167.2153895904754
9.707,9.717,166.4479891346109
9.717,9.727,165.67561847975554
9.727,9.737,165.13604464145538
9.737,9.747,164.8931616517761
9.747,9.757,164.58828744419355
9.757,9.767,164.1495319074833
9.767,9.777,163.20707054227736
9.777,9.787,0.0
9.787,9.797,0.0
9.797,9.807,0.0
9.807,9.817,0.0
9.817,9.827,0.0
9.827,9.837,0.0
9.837,9.847,0.0
9.847,9.857,0.0
9.857,9.867,0.0
9.867,9.877,0.0
9.877,9.887,0.0
9.887,9.897,0.0
9.897,9.907,0.0
9.907,9.917,0.0
9.917,9.927,0.0
9.927,9.937,0.0
9.937,9.947,0.0
9.947,9.957,0.0
9.957,9.967,0.0
9.967,9.977,0.0
9.977,9.987,0.0
9.987,9.997,0.0
9.997,10.007,0.0
10.007,10.017,0.0
10.017,10.027,0.0
10.027,10.037,0.0
10.037,10.047,0.0
10.047,10.057,178.61015585969938
10.057,10.067,180.5005667110315
10.067,10.077,182.0467759524683
10.077,10.087,0.0
10.087,10.097,0.0
10.097,10.107,0.0
10.107,10.117,0.0
10.117,10.127,0.0
10.127,10.137,0.0
10.137,10.147,0.0
10.147,10.157,215.50708278575408
10.157,10.167,234.53904164043985
10.167,10.177,239.87750483945806
10.177,10.187,241.03819118946546
10.187,10.197,242.1177741688622
10.197,10.207,245.95846644300167
10.207,10.217,247.85893375569503
10.217,10.227,0.0
10.227,10.237,0.0
10.237,10.247,0.0
10.247,10.257,0.0
10.257,10.267,0.0
10.267,10.277,0.0
10.277,10.287,0.0
10.287,10.297,0.0
10.297,10.307,0.0
10.307,10.317,0.0
10.317,10.327,0.0
10.327,10.337,0.0
10.337,10.347,0.0
10.347,10.357,0.0
10.357,10.367,154.7633675589916
10.367,10.377,155.13850878468992
10.377,10.387,155.15099985118235
10.387,10.397,154.84821491939425
10.397,10.407,157.7232125434032
10.407,10.417,158.56092159167267
10.417,10.427,158.26043568058608
10.427,10.437,157.409325533351
10.437,10.447,157.05482264242656
10.447,10.457,157.52220812347835
10.457,10.467,157.85080677337425
10.467,10.477,0.0
10.477,10.487,0.0
10.487,10.497,0.0
10.497,10.507,0.0
10.507,10.517,0.0
10.517,10.527,0.0
10.527,10.537,0.0
10.537,10.547,0.0
10.547,10.557,0.0
10.557,10.567,0.0
10.567,10.577,0.0
10.577,10.587,0.0
10.587,10.597,145.82949255317752
10.597,10.607,145.30171901538912
10.607,10.617,145.33648430850025
10.617,10.627,150.53214437458723
10.627,10.637,149.9900771438973
10.637,10.647,148.4445863046431
10.647,10.657,148.1430558208149
10.657,10.667,141.64653388315796
10.667,10.677,0.0
10.677,10.687,0.0
10.687,10.697,0.0
10.697,10.707,0.0
10.707,10.717,0.0
10.717,10.727,0.0
10.727,10.737,0.0
10.737,10.747,0.0
10.747,10.757,0.0
10.757,10.767,0.0
10.767,10.777,0.0
10.777,10.787,0.0
10.787,10.797,0.0
10.797,10.807,0.0
10.807,10.817,0.0
10.817,10.827,0.0
10.827,10.837,0.0
10.837,10.847,0.0
10.847,10.857,0.0
10.857,10.867,0.0
10.867,10.877,0.0
10.877,10.887,0.0
10.887,10.897,0.0
10.897,10.907,0.0
10.907,10.917,0.0
10.917,10.927,0.0
10.927,10.937,0.0
10.937,10.947,0.0
10.947,10.957,0.0
10.957,10.967,0.0
10.967,10.977,0.0
10.977,10.987,0.0
10.987,10.997,0.0
10.997,11.007,0.0
11.007,11.017,0.0
11.017,11.027,0.0
11.027,11.037,0.0
11.037,11.047,0.0
11.047,11.057,0.0
11.057,11.067,0.0
11.067,11.077,0.0
11.077,11.087,0.0
11.087,11.097,0.0
11.097,11.107,0.0
11.107,11.117,0.0
11.117,11.127,0.0
11.127,11.137,0.0
11.137,11.147,0.0
11.147,11.157,0.0
11.157,11.167,0.0
11.167,11.177,0.0
11.177,11.187,0.0
11.187,11.197,0.0
11.197,11.207,0.0
11.207,11.217,0.0
11.217,11.227,0.0
11.227,11.237,0.0
11.237,11.247,189.17059287752687
11.247,11.257,190.30543858018692
11.257,11.267,191.82686080260214
11.267,11.277,193.03530814535569
11.277,11.287,194.01955659824725
11.287,11.297,194.8073334791878
11.297,11.307,195.39315099805714
11.307,11.317,195.8834051698024
11.317,11.327,196.18115516588324
11.327,11.337,196.17714353458607
11.337,11.347,196.0527994099879
11.347,11.357,196.4496620498537
11.357,11.367,200.3226588589797
11.367,11.377,201.71298526171594
11.377,11.387,202.60014547396844
11.387,11.397,203.27961255249411
11.397,11.407,204.39730289666866
11.407,11.417,205.28480608594396
11.417,11.427,0.0
11.427,11.437,0.0
11.437,11.447,0.0
11.447,11.457,0.0
11.457,11.467,0.0
11.467,11.477,0.0
11.477,11.487,0.0
11.487,11.497,0.0
11.497,11.507,0.0
11.507,11.517,0.0
11.517,11.527,0.0
11.527,11.537,0.0
11.537,11.547,0.0
11.547,11.557,0.0
11.557,11.567,0.0
11.567,11.577,239.6782054068242
11.577,11.587,247.6325832286018
11.587,11.597,249.4311840982442
11.597,11.607,249.58823497063457
11.607,11.617,248.31075632261923
11.617,11.627,246.4378971232322
11.627,11.637,244.88236987527765
11.637,11.647,242.99712640287268
11.647,11.657,240.62497979673878
11.657,11.667,238.48061792083917
11.667,11.677,235.98006919742653
11.677,11.687,232.40066014716984
11.687,11.697,228.2787726391742
11.697,11.707,223.58518650448272
11.707,11.717,218.0604902681951
11.717,11.727,211.99744023630242
11.727,11.737,204.91198645445021
11.737,11.747,197.6809684352361
11.747,11.757,191.49406180203457
11.757,11.767,185.60083920239597
11.767,11.777,177.7273667171187
11.777,11.787,167.57835897474428
11.787,11.797,0.0
11.797,11.807,0.0
11.807,11.817,0.0
11.817,11.827,0.0
11.827,11.837,0.0
11.837,11.847,0.0
11.847,11.857,0.0
11.857,11.867,0.0
11.867,11.877,0.0
11.877,11.887,0.0
11.887,11.897,0.0
11.897,11.907,0.0
11.907,11.917,0.0
11.917,11.927,0.0
11.927,11.937,0.0
11.937,11.947,0.0
11.947,11.957,0.0
11.957,11.967,0.0
11.967,11.977,0.0
11.977,11.987,81.47246172139421
11.987,11.997,81.53717166128332
11.997,12.007,80.88661499718326
12.007,12.017,0.0
12.017,12.027,0.0
12.027,12.037,154.2052077007903
12.037,12.047,152.76679061889766
12.047,12.057,151.5267745352952
12.057,12.067,149.80216678475165
12.067,12.077,0.0
12.077,12.087,0.0
12.087,12.097,0.0
12.097,12.107,0.0
12.107,12.117,0.0
12.117,12.127,0.0
12.127,12.137,0.0
12.137,12.147,0.0
12.147,12.157,0.0
12.157,12.167,0.0
12.167,12.177,161.9537314415381
12.177,12.187,162.03869625066554
12.187,12.197,162.09186717978844
12.197,12.207,161.26663250786513
12.207,12.217,159.75290707029012
12.217,12.227,157.82918630659333
12.227,12.237,0.0
12.237,12.247,0.0
12.247,12.257,0.0
12.257,12.267,0.0
12.267,12.277,0.0
12.277,12.287,0.0
12.287,12.297,0.0
12.297,12.307,0.0
12.307,12.317,0.0
12.317,12.327,0.0
12.327,12.337,0.0
12.337,12.347,157.6333874554203
12.347,12.357,156.29666582067935
12.357,12.367,154.89076292180383
12.367,12.377,0.0
12.377,12.387,0.0
12.387,12.397,0.0
12.397,12.407,0.0
12.407,12.417,0.0
12.417,12.427,0.0
12.427,12.437,0.0
12.437,12.447,192.24150266002667
12.447,12.457,191.89510968454508
12.457,12.467,191.51823786353424
12.467,12.477,191.53192608638108
12.477,12.487,192.84306218210125
12.487,12.497,194.9925068680489
12.497,12.507,196.37647215025214
12.507,12.517,197.191075786571
12.517,12.527,197.61866137037086
12.527,12.537,197.6752023233743
12.537,12.547,196.82894408804017
12.547,12.557,194.19553858687428
12.557,12.567,190.8191380023138
12.567,12.577,186.68153569614609
12.577,12.587,180.92686131247518
12.587,12.597,174.21516388472998
12.597,12.607,167.59576169881421
12.607,12.617,162.65637502296883
12.617,12.627,157.24759134244468
12.627,12.637,0.0
12.637,12.647,0.0
12.647,12.657,0.0
12.657,12.667,145.33946302385758
12.667,12.677,142.87581184327826
12.677,12.687,142.61746708504378
12.687,12.697,142.11753914443923
12.697,12.707,141.03679313598278
12.707,12.717,139.5315816599914
12.717,12.727,137.78746864937472
12.727,12.737,135.26424940359422
12.737,12.747,0.0
12.747,12.757,0.0
12.757,12.767,0.0
12.767,12.777,0.0
12.777,12.787,0.0
12.787,12.797,0.0
12.797,12.807,0.0
12.807,12.817,0.0
12.817,12.827,0.0
12.827,12.837,0.0
12.837,12.847,0.0
12.847,12.857,0.0
12.857,12.867,0.0
12.867,12.877,162.54848738940368
12.877,12.887,165.27625056883858
12.887,12.897,168.57104483102594
12.897,12.907,170.76030583585597
12.907,12.917,171.8889234551826
12.917,12.927,171.90248327972643
12.927,12.937,170.95425198996287
12.937,12.947,168.9810410003517
12.947,12.957,165.9557096819907
12.957,12.967,162.22127015737883
12.967,12.977,159.0515564007958
12.977,12.987,156.79934909807946
12.987,12.997,154.2264530464815
12.997,13.007,149.78646457502913
13.007,13.017,0.0
13.017,13.027,0.0
13.027,13.037,0.0
13.037,13.047,0.0
13.047,13.057,0.0
13.057,13.067,0.0
13.067,13.077,0.0
13.077,13.087,0.0
13.087,13.097,0.0
13.097,13.107,0.0
13.107,13.117,74.15362471662608
13.117,13.127,73.61847585554213
13.127,13.137,72.95633602506179
13.137,13.147,72.6800383730698
13.147,13.157,72.66835109271702
13.157,13.167,0.0
13.167,13.177,0.0
13.177,13.187,0.0
13.187,13.197,0.0
13.197,13.207,0.0
13.207,13.217,0.0
13.217,13.227,0.0
13.227,13.237,0.0
13.237,13.247,0.0
13.247,13.257,152.85999533136828
13.257,13.267,157.0135349330172
13.267,13.277,158.6539876868207
13.277,13.287,159.07369800833695
13.287,13.297,158.702517003977
13.297,13.307,157.93243260323288
13.307,13.317,157.10369024866088
13.317,13.327,156.46848151564998
13.327,13.337,156.02392725847966
13.337,13.347,155.62284312743816
13.347,13.357,155.27321280661462
13.357,13.367,154.7652247582414
13.367,13.377,154.01150518187265
13.377,13.387,153.55929258420264
13.387,13.397,153.75559551120716
13.397,13.407,153.59607789557106
13.407,13.417,152.34614609359267
13.417,13.427,149.80260809007535
13.427,13.437,143.822510011846
13.437,13.447,143.84433137785007
13.447,13.457,144.2415031917006
13.457,13.467,144.39315437282943
13.467,13.477,143.92373223624344
13.477,13.487,144.0565518453666
13.487,13.497,145.98160027116413
13.497,13.507,146.32414596148243
13.507,13.517,145.81912936686012
13.517,13.527,144.4797295651945
13.527,13.537,0.0
13.537,13.547,0.0
13.547,13.557,0.0
13.557,13.567,0.0
13.567,13.577,0.0
13.577,13.587,0.0
13.587,13.597,0.0
13.597,13.607,71.87607064729363
13.607,13.617,72.0286543383783
13.617,13.627,71.96590210620464
13.627,13.637,71.70065018687299
13.637,13.647,71.53658047615444
13.647,13.657,71.51083748675465
13.657,13.667,71.56902939281471
13.667,13.677,71.62301272925538
13.677,13.687,71.64862243735136
13.687,13.697,0.0
13.697,13.707,0.0
13.707,13.717,0.0
13.717,13.727,0.0
13.727,13.737,0.0
13.737,13.747,0.0
13.747,13.757,0.0
13.757,13.767,0.0
13.767,13.777,0.0
13.777,13.787,0.0
13.787,13.797,0.0
13.797,13.807,0.0
13.807,13.817,0.0
13.817,13.827,0.0
13.827,13.837,0.0
13.837,13.847,0.0
13.847,13.857,0.0
13.857,13.867,184.05888933589722
13.867,13.877,183.07674355441966
13.877,13.887,181.9521234319369
13.887,13.897,179.88738519045356
13.897,13.907,177.3092569338812
13.907,13.917,173.9661509899556
13.917,13.927,170.8591424050124
13.927,13.937,167.70002436312498
13.937,13.947,164.00927810928852
13.947,13.957,160.0048919866008
13.957,13.967,156.81644623393987
13.967,13.977,154.36847138152004
13.977,13.987,152.54081220605158
13.987,13.997,151.52006927752703
13.997,14.007,150.61716938245985
14.007,14.017,149.2657141433493
14.017,14.027,147.7443938245376
14.027,14.037,146.52009472303604
14.037,14.047,145.5317725632706
14.047,14.057,144.69960568613175
14.057,14.067,143.9354822223689
14.067,14.077,143.2717324414981
14.077,14.087,142.6018061934392
14.087,14.097,142.03947855537103
14.097,14.107,142.1334390158173
14.107,14.117,142.9252813629158
14.117,14.127,144.27395922244122
14.127,14.137,146.0021057489084
14.137,14.147,147.57846965210553
14.147,14.157,149.19116166938986
14.157,14.167,151.20392109321867
14.167,14.177,153.76326042203783
14.177,14.187,156.52185625147632
14.187,14.197,158.69515962632485
14.197,14.207,163.2823286636352
14.207,14.217,169.80201522836677
14.217,14.227,175.16931109375764
14.227,14.237,181.25453302582994
14.237,14.247,185.9318847564401
14.247,14.257,189.9201182246233
14.257,14.267,191.8737302480443
14.267,14.277,193.73941003438853
14.277,14.287,193.91983476570246
14.287,14.297,192.6554832154179
14.297,14.307,191.5172065726156
14.307,14.317,190.41803008322393
14.317,14.327,0.0
14.327,14.337,0.0
14.337,14.347,0.0
14.347,14.357,0.0
14.357,14.367,0.0
14.367,14.377,0.0
14.377,14.387,0.0
14.387,14.397,0.0
14.397,14.407,0.0
14.407,14.417,0.0
14.417,14.427,0.0
14.427,14.437,0.0
14.437,14.447,0.0
14.447,14.457,0.0
14.457,14.467,0.0
14.467,14.477,0.0
14.477,14.487,0.0
14.487,14.497,0.0
14.497,14.507,0.0
14.507,14.517,0.0
14.517,14.527,0.0
14.527,14.537,0.0
14.537,14.547,0.0
14.547,14.557,0.0
14.557,14.567,0.0
14.567,14.577,0.0
14.577,14.587,0.0
14.587,14.597,0.0
14.597,14.607,0.0
14.607,14.617,0.0
14.617,14.627,0.0
14.627,14.637,0.0
14.637,14.647,0.0
14.647,14.657,0.0
14.657,14.667,0.0
14.667,14.677,0.0
14.677,14.687,0.0
14.687,14.697,0.0
14.697,14.707,0.0
14.707,14.717,0.0
14.717,14.727,0.0
14.727,14.737,0.0
14.737,14.747,0.0
14.747,14.757,0.0
14.757,14.767,184.25351766167597
14.767,14.777,184.9865361605486
14.777,14.787,184.8117251740847
14.787,14.797,182.59652316045234
14.797,14.807,179.81667367545649
14.807,14.817,178.07137938169134
14.817,14.827,177.5576118306392
14.827,14.837,177.53283039826496
14.837,14.847,177.80132975428072
14.847,14.857,177.97603543180517
14.857,14.867,177.76852320028786
14.867,14.877,177.31811898078348
14.877,14.887,176.87145646522652
14.887,14.897,176.17260288953906
14.897,14.907,174.9825942825094
14.907,14.917,173.56456799204454
14.917,14.927,172.2280157879876
14.927,14.937,170.55311944617105
14.937,14.947,168.7289126571196
14.947,14.957,166.6886179022752
14.957,14.967,163.71026806446565
14.967,14.977,161.65533916902967
14.977,14.987,0.0
14.987,14.997,0.0
14.997,15.007,0.0
15.007,15.017,0.0
15.017,15.027,0.0
15.027,15.037,0.0
15.037,15.047,0.0
15.047,15.057,0.0
15.057,15.067,0.0
15.067,15.077,0.0
15.077,15.087,0.0
15.087,15.097,0.0
15.097,15.107,0.0
15.107,15.117,0.0
15.117,15.127,0.0
15.127,15.137,0.0
15.137,15.147,0.0
15.147,15.157,0.0
15.157,15.167,0.0
15.167,15.177,0.0
15.177,15.187,0.0
15.187,15.197,0.0
15.197,15.207,0.0
15.207,15.217,0.0
15.217,15.227,0.0
15.227,15.237,0.0
15.237,15.247,0.0
15.247,15.257,0.0
15.257,15.267,0.0
15.267,15.277,0.0
15.277,15.287,0.0
15.287,15.297,0.0
15.297,15.307,0.0
15.307,15.317,0.0
15.317,15.327,0.0
15.327,15.337,0.0
15.337,15.347,0.0
15.347,15.357,0.0
15.357,15.367,0.0
15.367,15.377,0.0
15.377,15.387,0.0
15.387,15.397,0.0
15.397,15.407,0.0
15.407,15.417,0.0
15.417,15.427,0.0
15.427,15.437,0.0
15.437,15.447,0.0
15.447,15.457,0.0
15.457,15.467,0.0
15.467,15.477,0.0
15.477,15.487,0.0
15.487,15.497,0.0
15.497,15.507,0.0
15.507,15.517,0.0
15.517,15.527,0.0
15.527,15.537,0.0
15.537,15.547,0.0
15.547,15.557,0.0
15.557,15.567,0.0
15.567,15.577,0.0
15.577,15.587,0.0
15.587,15.597,0.0
15.597,15.607,0.0
15.607,15.617,0.0
15.617,15.627,0.0
15.627,15.637,0.0
15.637,15.647,0.0
15.647,15.657,0.0
15.657,15.667,0.0
15.667,15.677,0.0
15.677,15.687,0.0
15.687,15.697,0.0
15.697,15.707,0.0
15.707,15.717,0.0
15.717,15.727,0.0
15.727,15.737,0.0
15.737,15.747,0.0
15.747,15.757,0.0
15.757,15.767,0.0
15.767,15.777,0.0
15.777,15.787,0.0
15.787,15.797,0.0
15.797,15.807,0.0
15.807,15.817,0.0
15.817,15.827,0.0
15.827,15.837,0.0
15.837,15.847,0.0
15.847,15.857,0.0
15.857,15.867,0.0
15.867,15.877,0.0
15.877,15.887,0.0
15.887,15.897,0.0
15.897,15.907,0.0
15.907,15.917,0.0
15.917,15.927,0.0
15.927,15.937,0.0
15.937,15.947,0.0
15.947,15.957,0.0
15.957,15.967,0.0
15.967,15.977,0.0
15.977,15.987,0.0
15.987,15.997,0.0
15.997,16.007,0.0
16.007,16.017,0.0
16.017,16.027,0.0
16.027,16.037,0.0
16.037,16.047,0.0
16.047,16.057,0.0
16.057,16.067,0.0
16.067,16.077,0.0
16.077,16.087,0.0
16.087,16.097,0.0
16.097,16.107,0.0
16.107,16.117,0.0
16.117,16.127,0.0
16.127,16.137,0.0
16.137,16.147,0.0
16.147,16.157,0.0
16.157,16.167,0.0
16.167,16.177,0.0
16.177,16.187,0.0
16.187,16.197,0.0
16.197,16.207,192.17126116711282
16.207,16.217,191.02482188662154
16.217,16.227,190.51422051409455
16.227,16.237,189.99007490695686
16.237,16.247,188.8188116683897
16.247,16.257,187.1790340697133
16.257,16.267,185.79527022923966
16.267,16.277,184.9229330635865
16.277,16.287,184.69175275955718
16.287,16.297,185.664897321098
16.297,16.307,187.27569382117625
16.307,16.317,187.08300554645396
16.317,16.327,186.18626529601153
16.327,16.337,183.46051031297083
16.337,16.347,0.0
16.347,16.357,0.0
16.357,16.367,0.0
16.367,16.377,0.0
16.377,16.387,0.0
16.387,16.397,0.0
16.397,16.407,0.0
16.407,16.417,0.0
16.417,16.427,0.0
16.427,16.437,0.0
16.437,16.447,0.0
16.447,16.457,230.74834762496081
16.457,16.467,224.1158444614907
16.467,16.477,223.60516746246412
16.477,16.487,222.78812475650975
16.487,16.497,220.40275183409173
16.497,16.507,216.96729263048346
16.507,16.517,213.49894934133957
16.517,16.527,209.95989519125794
16.527,16.537,207.42613070730488
16.537,16.547,206.32568229548573
16.547,16.557,205.90513477547898
16.557,16.567,205.38224206124397
16.567,16.577,204.88871422094275
16.577,16.587,204.65844564554646
16.587,16.597,203.2993701321962
16.597,16.607,201.07181710080866
16.607,16.617,198.4210547743447
16.617,16.627,196.61744494214662
16.627,16.637,193.58249888442376
16.637,16.647,193.8393128461476
16.647,16.657,194.5981903181948
16.657,16.667,194.8482389621973
16.667,16.677,0.0
16.677,16.687,0.0
16.687,16.697,0.0
16.697,16.707,0.0
16.707,16.717,0.0
16.717,16.727,0.0
16.727,16.737,0.0
16.737,16.747,0.0
16.747,16.757,0.0
16.757,16.767,161.9496811060848
16.767,16.777,161.94110372007924
16.777,16.787,161.01649977290248
16.787,16.797,159.07277708287512
16.797,16.807,156.50890298008088
16.807,16.817,154.51498103162425
16.817,16.827,153.49336185999172
16.827,16.837,152.15357950724595
16.837,16.847,151.43501585354377
16.847,16.857,151.09661501516592
16.857,16.867,150.73673199568182
16.867,16.877,150.5161001766181
16.877,16.887,150.51755003034143
16.887,16.897,150.50710933356035
16.897,16.907,150.26170518296635
16.907,16.917,149.57270286940263
16.917,16.927,148.55073201888942
16.927,16.937,148.33084496804233
16.937,16.947,148.75332977540842
16.947,16.957,148.40977623366524
16.957,16.967,0.0
16.967,16.977,0.0
16.977,16.987,0.0
16.987,16.997,0.0
16.997,17.007,0.0
17.007,17.017,0.0
17.017,17.027,0.0
17.027,17.037,0.0
17.037,17.047,0.0
17.047,17.057,0.0
17.057,17.067,0.0
17.067,17.077,0.0
17.077,17.087,0.0
17.087,17.097,0.0
17.097,17.107,0.0
17.107,17.117,0.0
17.117,17.127,0.0
17.127,17.137,0.0
17.137,17.147,0.0
17.147,17.157,0.0
17.157,17.167,0.0
17.167,17.177,0.0
17.177,17.187,0.0
17.187,17.197,0.0
17.197,17.207,0.0
17.207,17.217,0.0
17.217,17.227,0.0
17.227,17.237,0.0
17.237,17.247,0.0
17.247,17.257,0.0
17.257,17.267,0.0
17.267,17.277,0.0
17.277,17.287,0.0
17.287,17.297,0.0
17.297,17.307,0.0
17.307,17.317,0.0
17.317,17.327,0.0
17.327,17.337,0.0
17.337,17.347,0.0
17.347,17.357,0.0
17.357,17.367,0.0
17.367,17.377,0.0
17.377,17.387,0.0
17.387,17.397,0.0
17.397,17.407,0.0
17.407,17.417,0.0
17.417,17.427,0.0
17.427,17.437,0.0
17.437,17.447,0.0
17.447,17.457,0.0
17.457,17.467,0.0
17.467,17.477,0.0
17.477,17.487,0.0
17.487,17.497,0.0
17.497,17.507,0.0
17.507,17.517,0.0
17.517,17.527,0.0
17.527,17.537,0.0
17.537,17.547,0.0
17.547,17.557,0.0
17.557,17.567,0.0
17.567,17.577,0.0
17.577,17.587,0.0
17.587,17.597,0.0
17.597,17.607,0.0
17.607,17.617,0.0
17.617,17.627,0.0
17.627,17.637,0.0
17.637,17.647,0.0
17.647,17.657,0.0
17.657,17.667,0.0
17.667,17.677,168.85965484326994
17.677,17.687,170.3306319550926
17.687,17.697,171.4846132502962
17.697,17.707,172.96704778359293
17.707,17.717,176.70937809107463
17.717,17.727,177.7412484296376
17.727,17.737,178.13259913556206
17.737,17.747,178.69814347475645
17.747,17.757,177.22499457766833
17.757,17.767,175.72112546238273
17.767,17.777,175.48827452469342
17.777,17.787,175.51392076143352
17.787,17.797,175.75105035997566
17.797,17.807,175.68610181954386
17.807,17.817,172.6592694573896
17.817,17.827,172.36183582594495
17.827,17.837,0.0
17.837,17.847,0.0
17.847,17.857,0.0
17.857,17.867,0.0
17.867,17.877,0.0
17.877,17.887,0.0
17.887,17.897,0.0
17.897,17.907,0.0
17.907,17.917,0.0
17.917,17.927,207.05211608922056
17.927,17.937,205.7298876960386
17.937,17.947,204.08634724706224
17.947,17.957,201.77328095863592
17.957,17.967,199.3555132620261
17.967,17.977,197.55303230296556
17.977,17.987,196.01760142822636
17.987,17.997,194.1764632688785
17.997,18.007,193.06437575918983
18.007,18.017,192.17490278417065
18.017,18.027,191.25803208664612
18.027,18.037,190.23545438097912
18.037,18.047,187.48465247422914
18.047,18.057,186.4631515443952
18.057,18.067,185.02871254531132
18.067,18.077,184.0937852108164
18.077,18.087,183.532204901956
18.087,18.097,183.28560628198605
18.097,18.107,0.0
18.107,18.117,0.0
18.117,18.127,0.0
18.127,18.137,0.0
18.137,18.147,0.0
18.147,18.157,0.0
18.157,18.167,0.0
18.167,18.177,0.0
18.177,18.187,0.0
18.187,18.197,0.0
18.197,18.207,0.0
18.207,18.217,0.0
18.217,18.227,0.0
18.227,18.237,0.0
18.237,18.247,0.0
18.247,18.257,0.0
18.257,18.267,0.0
18.267,18.277,0.0
18.277,18.287,0.0
18.287,18.297,0.0
18.297,18.307,0.0
18.307,18.317,0.0
18.317,18.327,167.90764279686215
18.327,18.337,168.31389052034473
18.337,18.347,167.1183287162154
18.347,18.357,164.24497409190468
18.357,18.367,160.50697457478563
18.367,18.377,157.84761033679123
18.377,18.387,156.3260321633942
18.387,18.397,155.20007040923514
18.397,18.407,154.61522131476468
18.407,18.417,154.34707673975296
18.417,18.427,153.98544513424912
18.427,18.437,153.41667982355239
18.437,18.447,153.123251810012
18.447,18.457,153.2621808258661
18.457,18.467,153.47172142005363
18.467,18.477,153.56300865522942
18.477,18.487,153.31824255165805
18.487,18.497,152.8335508212148
18.497,18.507,152.26400035885231
18.507,18.517,151.7598714431034
18.517,18.527,155.009223331056
18.527,18.537,0.0
18.537,18.547,0.0
18.547,18.557,0.0
18.557,18.567,0.0
18.567,18.577,0.0
18.577,18.587,0.0
18.587,18.597,0.0
18.597,18.607,0.0
18.607,18.617,0.0
18.617,18.627,0.0
18.627,18.637,0.0
18.637,18.647,0.0
18.647,18.657,0.0
18.657,18.667,0.0
18.667,18.677,0.0
18.677,18.687,0.0
18.687,18.697,0.0
18.697,18.707,0.0
18.707,18.717,0.0
18.717,18.727,0.0
18.727,18.737,0.0
18.737,18.747,0.0
18.747,18.757,0.0
18.757,18.767,0.0
18.767,18.777,0.0
18.777,18.787,0.0
18.787,18.797,0.0
18.797,18.807,0.0
18.807,18.817,0.0
18.817,18.827,0.0
18.827,18.837,0.0
18.837,18.847,0.0
18.847,18.857,0.0
18.857,18.867,0.0
18.867,18.877,0.0
18.877,18.887,0.0
18.887,18.897,0.0
18.897,18.907,0.0
18.907,18.917,0.0
18.917,18.927,0.0
18.927,18.937,0.0
18.937,18.947,0.0
18.947,18.957,0.0
18.957,18.967,0.0
18.967,18.977,0.0
18.977,18.987,0.0
18.987,18.997,0.0
18.997,19.007,0.0
19.007,19.017,0.0
19.017,19.027,0.0
19.027,19.037,0.0
19.037,19.047,0.0
19.047,19.057,0.0
19.057,19.067,0.0
19.067,19.077,0.0
19.077,19.087,0.0
19.087,19.097,0.0
19.097,19.107,0.0
19.107,19.117,0.0
19.117,19.127,0.0
19.127,19.137,0.0
19.137,19.147,0.0
19.147,19.157,0.0
19.157,19.167,0.0
19.167,19.177,0.0
19.177,19.187,0.0
19.187,19.197,0.0
19.197,19.207,0.0
19.207,19.217,0.0
19.217,19.227,0.0
19.227,19.237,0.0
19.237,19.247,0.0
19.247,19.257,0.0
19.257,19.267,0.0
19.267,19.277,0.0
19.277,19.287,0.0
19.287,19.297,0.0
19.297,19.307,0.0
19.307,19.317,0.0
19.317,19.327,0.0
19.327,19.337,0.0
19.337,19.347,0.0
19.347,19.357,0.0
19.357,19.367,0.0
19.367,19.377,0.0
19.377,19.387,0.0
19.387,19.397,0.0
19.397,19.407,0.0
19.407,19.417,0.0
19.417,19.427,0.0
19.427,19.437,0.0
19.437,19.447,0.0
19.447,19.457,0.0
19.457,19.467,0.0
19.467,19.477,0.0
19.477,19.487,0.0
19.487,19.497,0.0
19.497,19.507,0.0
19.507,19.517,0.0
19.517,19.527,0.0
19.527,19.537,0.0
19.537,19.547,0.0
19.547,19.557,0.0
19.557,19.567,0.0
19.567,19.577,0.0
19.577,19.587,0.0
19.587,19.597,0.0
19.597,19.607,205.04304128321195
19.607,19.617,207.71993135991124
19.617,19.627,210.8854182000173
19.627,19.637,212.35770493113722
19.637,19.647,211.46240002605933
19.647,19.657,208.0646024070839
19.657,19.667,204.41207636033084
19.667,19.677,201.79169827742624
19.677,19.687,198.4951818559892
19.687,19.697,193.8831158585291
19.697,19.707,191.1725686258918
19.707,19.717,189.10925680499034
19.717,19.727,186.65485171627796
19.727,19.737,185.24037710182787
19.737,19.747,184.24690103538384
19.747,19.757,183.66024732460582
19.757,19.767,181.1699535619369
19.767,19.777,175.79302992005967
19.777,19.787,175.76771140270634
19.787,19.797,175.02314301207574
19.797,19.807,173.69933137753532
19.807,19.817,172.67601301156074
19.817,19.827,171.96827388887203
19.827,19.837,171.0270595724018
19.837,19.847,169.1888435819087
19.847,19.857,165.75199225956635
19.857,19.867,162.4935048502622
19.867,19.877,161.8714201405549
19.877,19.887,160.26583841317733
19.887,19.897,157.95256137379482
19.897,19.907,157.34633548314926
19.907,19.917,161.70231168375153
19.917,19.927,163.20417529701464
19.927,19.937,164.24773727304995
19.937,19.947,165.13952262221696
19.947,19.957,165.58539486859277
19.957,19.967,165.4379914459455
19.967,19.977,164.77241527305483
19.977,19.987,163.42231788010912
19.987,19.997,161.48496282830848
19.997,20.007,0.0
20.007,20.017,0.0
20.017,20.027,0.0
20.027,20.037,0.0
20.037,20.047,0.0
20.047,20.057,0.0
20.057,20.067,0.0
20.067,20.077,178.67242565623155
20.077,20.087,182.2946167528726
20.087,20.097,182.31105691301696
20.097,20.107,181.33916091529616
20.107,20.117,179.74675569102817
20.117,20.127,177.23099108026597
20.127,20.137,173.8948948330376
20.137,20.147,171.30401559977238
20.147,20.157,170.35482579973993
20.157,20.167,170.09679666289279
20.167,20.177,170.19097385110877
20.177,20.187,170.24293814687314
20.187,20.197,170.17538501892784
20.197,20.207,169.90864936265723
20.207,20.217,170.3039551229948
20.217,20.227,170.15327643374587
20.227,20.237,168.2564808911185
20.237,20.247,0.0
20.247,20.257,0.0
20.257,20.267,153.7603185983003
20.267,20.277,153.73661722941156
20.277,20.287,153.83981570670178
20.287,20.297,153.58500431784856
20.297,20.307,152.34805193412882
20.307,20.317,149.5221325745636
20.317,20.327,144.8613285524584
20.327,20.337,142.48663272339954
20.337,20.347,141.75020664543845
20.347,20.357,140.81026662263744
20.357,20.367,141.63779783812092
20.367,20.377,144.70323687351882
20.377,20.387,146.93520499290707
20.387,20.397,147.70628136915096
20.397,20.407,147.92556120703082
20.407,20.417,148.441992300069
20.417,20.427,149.5610677906302
20.427,20.437,149.5313210620231
20.437,20.447,149.43185992276548
20.447,20.457,148.69624401898818
20.457,20.467,0.0
20.467,20.477,0.0
20.477,20.487,0.0
20.487,20.497,0.0
20.497,20.507,0.0
20.507,20.517,0.0
20.517,20.527,0.0
20.527,20.537,0.0
20.537,20.547,0.0
20.547,20.557,0.0
20.557,20.567,0.0
20.567,20.577,0.0
20.577,20.587,0.0
20.587,20.597,0.0
20.597,20.607,0.0
20.607,20.617,0.0
20.617,20.627,0.0
20.627,20.637,177.4636721765522
20.637,20.647,177.97504131188214
20.647,20.657,177.98871050171448
20.657,20.667,177.02727487491867
20.667,20.677,174.97265194084792
20.677,20.687,172.25775418681872
20.687,20.697,169.78079648949688
20.697,20.707,167.60509473807946
20.707,20.717,165.58868430109268
20.717,20.727,164.65707321213054
20.727,20.737,163.62072994923756
20.737,20.747,162.08682206488606
20.747,20.757,160.84035201305772
20.757,20.767,159.69352147089722
20.767,20.777,0.0
20.777,20.787,0.0
20.787,20.797,0.0
20.797,20.807,0.0
20.807,20.817,0.0
20.817,20.827,0.0
20.827,20.837,0.0
20.837,20.847,0.0
20.847,20.857,0.0
20.857,20.867,166.48643071166208
20.867,20.877,164.76719430534183
20.877,20.887,162.05610220731748
20.887,20.897,0.0
20.897,20.907,0.0
20.907,20.917,0.0
20.917,20.927,0.0
20.927,20.937,68.50031206812632
20.937,20.947,68.21592178284341
20.947,20.957,68.07484086253358
20.957,20.967,68.38662846807735
20.967,20.977,68.74876147754097
20.977,20.987,68.75500664997878
20.987,20.997,68.41751320257217
20.997,21.007,67.88874382992104
21.007,21.017,67.9231001372261
21.017,21.027,137.43227996527008
21.027,21.037,138.45984417064582
21.037,21.047,139.7144760919607
21.047,21.057,141.82571524703536
21.057,21.067,143.8190256279107
21.067,21.077,145.95025174771547
21.077,21.087,149.5989548782814
21.087,21.097,153.93234268990142
21.097,21.107,159.01962120497282
21.107,21.117,163.7718172111235
21.117,21.127,168.1918467482071
21.127,21.137,173.11285931998015
21.137,21.147,177.4834100236183
21.147,21.157,185.38384693021817
21.157,21.167,194.67748482890676
21.167,21.177,198.51967934323108
21.177,21.187,201.1727081318108
21.187,21.197,202.99585149383975
21.197,21.207,204.47599154290936
21.207,21.217,206.6029929760201
21.217,21.227,208.50628758840188
21.227,21.237,207.49240076650122
21.237,21.247,205.3083820229634
21.247,21.257,204.18648685160983
21.257,21.267,205.2911144691099
21.267,21.277,208.67069792378138
21.277,21.287,208.50243587611666
21.287,21.297,0.0
21.297,21.307,0.0
21.307,21.317,0.0
21.317,21.327,0.0
21.327,21.337,0.0
21.337,21.347,0.0
21.347,21.357,0.0
21.357,21.367,0.0
21.367,21.377,0.0
21.377,21.387,0.0
21.387,21.397,0.0
21.397,21.407,0.0
21.407,21.417,0.0
21.417,21.427,0.0
21.427,21.437,0.0
21.437,21.447,0.0
21.447,21.457,0.0
21.457,21.467,0.0
21.467,21.477,0.0
21.477,21.487,0.0
21.487,21.497,0.0
21.497,21.507,0.0
21.507,21.517,0.0
21.517,21.527,0.0
21.527,21.537,0.0
21.537,21.547,0.0
21.547,21.557,0.0
21.557,21.567,0.0
21.567,21.577,0.0
21.577,21.587,0.0
21.587,21.597,0.0
21.597,21.607,0.0
21.607,21.617,0.0
21.617,21.627,0.0
21.627,21.637,0.0
21.637,21.647,0.0
21.647,21.657,0.0
21.657,21.667,0.0
21.667,21.677,0.0
21.677,21.687,0.0
21.687,21.697,0.0
21.697,21.707,0.0
21.707,21.717,0.0
21.717,21.727,0.0
21.727,21.737,0.0
21.737,21.747,0.0
21.747,21.757,0.0
21.757,21.767,0.0
21.767,21.777,0.0
21.777,21.787,0.0
21.787,21.797,0.0
21.797,21.807,0.0
21.807,21.817,0.0
21.817,21.827,0.0
21.827,21.837,0.0
21.837,21.847,0.0
21.847,21.857,0.0
21.857,21.867,0.0
21.867,21.877,0.0
21.877,21.887,0.0
21.887,21.897,0.0
21.897,21.907,0.0
21.907,21.917,0.0
21.917,21.927,0.0
21.927,21.937,0.0
21.937,21.947,0.0
21.947,21.957,0.0
21.957,21.967,0.0
21.967,21.977,0.0
21.977,21.987,0.0
21.987,21.997,0.0
21.997,22.007,0.0
22.007,22.017,0.0
22.017,22.027,0.0
22.027,22.037,0.0
22.037,22.047,0.0
22.047,22.057,0.0
22.057,22.067,0.0
22.067,22.077,0.0
22.077,22.087,0.0
22.087,22.097,0.0
22.097,22.107,0.0
22.107,22.117,0.0
22.117,22.127,0.0
22.127,22.137,0.0
22.137,22.147,0.0
22.147,22.157,0.0
22.157,22.167,0.0
22.167,22.177,0.0
22.177,22.187,0.0
22.187,22.197,0.0
22.197,22.207,0.0
22.207,22.217,0.0
22.217,22.227,0.0
22.227,22.237,0.0
22.237,22.247,0.0
22.247,22.257,0.0
22.257,22.267,0.0
22.267,22.277,0.0
22.277,22.287,0.0
22.287,22.297,0.0
22.297,22.307,0.0
22.307,22.317,0.0
22.317,22.327,0.0
22.327,22.337,0.0
22.337,22.347,0.0
22.347,22.357,0.0
22.357,22.367,0.0
22.367,22.377,0.0
22.377,22.387,0.0
22.387,22.397,0.0
22.397,22.407,0.0
22.407,22.417,0.0
22.417,22.427,0.0
22.427,22.437,0.0
22.437,22.447,489.3769424480546
22.447,22.457,486.5439192227848
22.457,22.467,0.0
22.467,22.477,0.0
22.477,22.487,0.0
22.487,22.497,182.81315670617136
22.497,22.507,185.2606943913569
22.507,22.517,185.41865722248454
22.517,22.527,184.207358854907
22.527,22.537,182.97688128655884
22.537,22.547,181.67922780344455
22.547,22.557,180.88345884137712
22.557,22.567,180.63584989504886
22.567,22.577,180.47429894267785
22.577,22.587,180.34437052943855
22.587,22.597,180.0862599972782
22.597,22.607,179.60061589567295
22.607,22.617,179.04806442766707
22.617,22.627,178.27434486657071
22.627,22.637,177.43910719109908
22.637,22.647,176.56765727178777
22.647,22.657,174.14937787436702
22.657,22.667,172.94014474073643
22.667,22.677,177.5919870998988
22.677,22.687,175.56465172746644
22.687,22.697,171.21267270398488
22.697,22.707,170.62483360560532
22.707,22.717,171.02344244612522
22.717,22.727,173.5512144742627
22.727,22.737,183.56422995541502
22.737,22.747,189.244360749684
22.747,22.757,191.1976968784454
22.757,22.767,191.52616198677543
22.767,22.777,191.40453413307634
22.777,22.787,191.38917666486606
22.787,22.797,191.04243049792623
22.797,22.807,190.3886446791467
22.807,22.817,189.9127545878363
22.817,22.827,189.41828574432614
22.827,22.837,188.61080207931877
22.837,22.847,187.488503017227
22.847,22.857,185.856298444379
22.857,22.867,183.08527042024213
22.867,22.877,182.43632080413073
22.877,22.887,0.0
22.887,22.897,0.0
22.897,22.907,0.0
22.907,22.917,0.0
22.917,22.927,0.0
22.927,22.937,182.20005540226083
22.937,22.947,184.23835004804954
22.947,22.957,184.44970636247376
22.957,22.967,183.9508606403079
22.967,22.977,182.81725309118679
22.977,22.987,181.12872830445937
22.987,22.997,179.95278432177338
22.997,23.007,179.3673899926652
23.007,23.017,178.8762276573564
23.017,23.027,178.12932549549078
23.027,23.037,177.37031173757975
23.037,23.047,176.99138776963454
23.047,23.057,176.98790905149772
23.057,23.067,176.92816207932455
23.067,23.077,176.91897697568137
23.077,23.087,176.95507564548709
23.087,23.097,176.72545081535978
23.097,23.107,176.34064868657663
23.107,23.117,175.85634665287319
23.117,23.127,175.18029732045676
23.127,23.137,174.28697663711296
23.137,23.147,173.58205148267848
23.147,23.157,172.96338080186615
23.157,23.167,172.2050153953836
23.167,23.177,171.42865078131254
23.177,23.187,170.67397934426631
23.187,23.197,169.90766785979687
23.197,23.207,169.11860699865136
23.207,23.217,168.60142761999577
23.217,23.227,168.45490649309664
23.227,23.237,168.45413731720515
23.237,23.247,168.41116477176865
23.247,23.257,168.20320985805387
23.257,23.267,167.87162602928385
23.267,23.277,167.49006136266772
23.277,23.287,166.91467110625527
23.287,23.297,166.1439095400673
23.297,23.307,165.6213979646308
23.307,23.317,165.31788378585168
23.317,23.327,164.93041651650202
23.327,23.337,164.47111483963695
23.337,23.347,163.96533125375888
23.347,23.357,163.51913134178287
23.357,23.367,163.02535172991193
23.367,23.377,162.44884740520877
23.377,23.387,162.0691141984981
23.387,23.397,161.9941253566733
23.397,23.407,162.02928833536154
23.407,23.417,162.0255428553045
23.417,23.427,161.91061693583086
23.427,23.437,161.7189776649775
23.437,23.447,161.57493233066498
23.447,23.457,161.34730643002786
23.457,23.467,160.896740261872
23.467,23.477,160.4975658136479
23.477,23.487,160.01080122382496
23.487,23.497,158.52845574043
23.497,23.507,0.0
23.507,23.517,0.0
23.517,23.527,0.0
23.527,23.537,0.0
23.537,23.547,0.0
23.547,23.557,0.0
23.557,23.567,0.0
23.567,23.577,0.0
23.577,23.587,0.0
23.587,23.597,0.0
23.597,23.607,0.0
23.607,23.617,0.0
23.617,23.627,0.0
23.627,23.637,0.0
23.637,23.647,0.0
23.647,23.657,185.29198230829107
23.657,23.667,184.08417324271375
23.667,23.677,182.6930695798682
23.677,23.687,180.4589490091223
23.687,23.697,176.07202686193568
23.697,23.707,173.87394861319999
23.707,23.717,174.12721306887286
23.717,23.727,174.70309247135538
23.727,23.737,174.70808706961762
23.737,23.747,171.200433352273
23.747,23.757,0.0
23.757,23.767,0.0
23.767,23.777,0.0
23.777,23.787,0.0
23.787,23.797,0.0
23.797,23.807,0.0
23.807,23.817,194.30811401895537
23.817,23.827,202.55073275148155
23.827,23.837,213.13221729213612
23.837,23.847,227.79212173921235
23.847,23.857,233.2063995592837
23.857,23.867,235.3659062795411
23.867,23.877,235.92709901901344
23.877,23.887,235.4713120483521
23.887,23.897,234.55728561362488
23.897,23.907,226.9205914191309
23.907,23.917,0.0
23.917,23.927,0.0
23.927,23.937,0.0
23.937,23.947,0.0
23.947,23.957,0.0
23.957,23.967,0.0
23.967,23.977,0.0
23.977,23.987,0.0
23.987,23.997,0.0
23.997,24.007,0.0
24.007,24.017,0.0
24.017,24.027,0.0
24.027,24.037,0.0
24.037,24.047,0.0
24.047,24.057,186.19710899785508
24.057,24.067,181.44176566813442
24.067,24.077,177.99989728035547
24.077,24.087,174.1248013934494
24.087,24.097,170.23127930348787
24.097,24.107,167.1506360839572
24.107,24.117,164.43529507132317
24.117,24.127,163.81913702477823
24.127,24.137,164.5345581457231
24.137,24.147,165.0285073405131
24.147,24.157,164.94025786405342
24.157,24.167,164.6739101949487
24.167,24.177,164.29401332542503
24.177,24.187,163.74090322266733
24.187,24.197,163.41184890805891
24.197,24.207,163.50080140382985
24.207,24.217,163.52840717488516
24.217,24.227,0.0
24.227,24.237,0.0
24.237,24.247,165.09374238828
24.247,24.257,167.3752982212984
24.257,24.267,168.6523275457634
24.267,24.277,169.2059443053544
24.277,24.287,169.37924906975755
24.287,24.297,169.38316749346893
24.297,24.307,169.3018302495363
24.307,24.317,168.9920805122707
24.317,24.327,168.30005060639414
24.327,24.337,0.0
24.337,24.347,0.0
24.347,24.357,0.0
24.357,24.367,0.0
24.367,24.377,0.0
24.377,24.387,171.7400774659995
24.387,24.397,171.210349617512
24.397,24.407,170.6158072910525
24.407,24.417,170.56296984061942
24.417,24.427,171.2982073214274
24.427,24.437,172.43737010067812
24.437,24.447,173.42012121005584
24.447,24.457,173.94841514912937
24.457,24.467,174.85934598306818
24.467,24.477,177.95787878263215
24.477,24.487,179.6536110275594
24.487,24.497,180.97567930517707
24.497,24.507,180.81381579617832
24.507,24.517,180.86282865855284
24.517,24.527,181.56300753181432
24.527,24.537,182.16240412912165
24.537,24.547,182.81770334122396
24.547,24.557,183.92789277405961
24.557,24.567,185.3717252231555
24.567,24.577,186.80910928835883
24.577,24.587,188.2684640156656
24.587,24.597,189.305621298555
24.597,24.607,190.06553281439272
24.607,24.617,190.7934002424149
24.617,24.627,188.8732561403003
24.627,24.637,187.22433592960707
24.637,24.647,187.52426767474145
24.647,24.657,188.07519393655465
24.657,24.667,188.54564858931158
24.667,24.677,189.0027032694265
24.677,24.687,189.50666927543966
24.687,24.697,189.66321786954074
24.697,24.707,189.45347570586296
24.707,24.717,189.09929638129685
24.717,24.727,188.6896440171595
24.727,24.737,188.0244308215652
24.737,24.747,186.95847825043361
24.747,24.757,185.97284041037298
24.757,24.767,185.01605743251474
24.767,24.777,184.03853404896714
24.777,24.787,183.5312307088552
24.787,24.797,183.98145300779038
24.797,24.807,185.79487270232764
24.807,24.817,0.0
24.817,24.827,0.0
24.827,24.837,0.0
24.837,24.847,0.0
24.847,24.857,0.0
24.857,24.867,0.0
24.867,24.877,0.0
24.877,24.887,0.0
24.887,24.897,0.0
24.897,24.907,0.0
24.907,24.917,0.0
24.917,24.927,0.0
24.927,24.937,0.0
24.937,24.947,0.0
24.947,24.957,0.0
24.957,24.967,0.0
24.967,24.977,0.0
24.977,24.987,0.0
24.987,24.997,0.0
24.997,25.007,0.0
25.007,25.017,0.0
25.017,25.027,0.0
25.027,25.037,0.0
25.037,25.047,0.0
25.047,25.057,0.0
25.057,25.067,0.0
25.067,25.077,0.0
25.077,25.087,0.0
25.087,25.097,0.0
25.097,25.107,0.0
25.107,25.117,0.0
25.117,25.127,0.0
25.127,25.137,0.0
25.137,25.147,0.0
25.147,25.157,0.0
25.157,25.167,0.0
25.167,25.177,0.0
25.177,25.187,0.0
25.187,25.197,0.0
25.197,25.207,0.0
25.207,25.217,0.0
25.217,25.227,0.0
25.227,25.237,0.0
25.237,25.247,0.0
25.247,25.257,0.0
25.257,25.267,0.0
25.267,25.277,0.0
25.277,25.287,0.0
25.287,25.297,0.0
25.297,25.307,0.0
25.307,25.317,0.0
25.317,25.327,0.0
25.327,25.337,0.0
25.337,25.347,0.0
25.347,25.357,0.0
25.357,25.367,0.0
25.367,25.377,0.0
25.377,25.387,0.0
25.387,25.397,0.0
25.397,25.407,0.0
25.407,25.417,0.0
25.417,25.427,0.0
25.427,25.437,0.0
25.437,25.447,0.0
25.447,25.457,0.0
25.457,25.467,0.0
25.467,25.477,0.0
25.477,25.487,0.0
25.487,25.497,0.0
25.497,25.507,0.0
25.507,25.517,0.0
25.517,25.527,0.0
25.527,25.537,0.0
25.537,25.547,0.0
25.547,25.557,0.0
25.557,25.567,0.0
25.567,25.577,0.0
25.577,25.587,0.0
25.587,25.597,0.0
25.597,25.607,149.3104527862684
25.607,25.617,149.38846024043312
25.617,25.627,149.51976463963223
25.627,25.637,149.4122950838902
25.637,25.647,148.96294453806743
25.647,25.657,148.12740069677102
25.657,25.667,147.89409381766555
25.667,25.677,148.20102040850938
25.677,25.687,148.65053994986235
25.687,25.697,149.2973733815509
25.697,25.707,149.6548086780061
25.707,25.717,0.0
25.717,25.727,0.0
25.727,25.737,0.0
25.737,25.747,0.0
25.747,25.757,0.0
25.757,25.767,0.0
25.767,25.777,0.0
25.777,25.787,0.0
25.787,25.797,0.0
25.797,25.807,0.0
25.807,25.817,0.0
25.817,25.827,0.0
25.827,25.837,0.0
25.837,25.847,0.0
25.847,25.857,0.0
25.857,25.867,0.0
25.867,25.877,0.0
25.877,25.887,0.0
25.887,25.897,0.0
25.897,25.907,0.0
25.907,25.917,0.0
25.917,25.927,0.0
25.927,25.937,0.0
25.937,25.947,169.387031121554
25.947,25.957,169.4318574491019
25.957,25.967,169.56089617327177
25.967,25.977,170.07108488869312
25.977,25.987,171.55580363709424
25.987,25.997,173.71207054961266
25.997,26.007,174.30256327125116
26.007,26.017,0.0
26.017,26.027,0.0
26.027,26.037,0.0
26.037,26.047,0.0
26.047,26.057,0.0
26.057,26.067,0.0
26.067,26.077,0.0
26.077,26.087,0.0
26.087,26.097,0.0
26.097,26.107,0.0
26.107,26.117,0.0
26.117,26.127,0.0
26.127,26.137,0.0
26.137,26.147,0.0
26.147,26.157,0.0
26.157,26.167,0.0
26.167,26.177,0.0
26.177,26.187,0.0
26.187,26.197,0.0
26.197,26.207,0.0
26.207,26.217,0.0
26.217,26.227,0.0
26.227,26.237,0.0
26.237,26.247,0.0
26.247,26.257,0.0
26.257,26.267,0.0
26.267,26.277,0.0
26.277,26.287,192.20863977768286
26.287,26.297,192.97726482296528
26.297,26.307,194.27119278264755
26.307,26.317,195.52514135997282
26.317,26.327,196.16033509425858
26.327,26.337,195.93510108122553
26.337,26.347,195.04976837648363
26.347,26.357,193.8118968004205
26.357,26.367,192.08007466726733
26.367,26.377,189.2337200082666
26.377,26.387,185.34226968127217
26.387,26.397,181.2844457137744
26.397,26.407,176.90343527010083
26.407,26.417,172.72721401987968
26.417,26.427,169.46922051124926
26.427,26.437,167.03043605801895
26.437,26.447,164.59633702525196
26.447,26.457,162.3015661328676
26.457,26.467,159.75592835633378
26.467,26.477,157.89120175159573
26.477,26.487,156.43284898185078
26.487,26.497,154.99652557389163
26.497,26.507,153.9179852307026
26.507,26.517,153.2014461030266
26.517,26.527,153.15435535554977
26.527,26.537,153.78630873982087
26.537,26.547,154.50679823320627
26.547,26.557,154.9493845450758
26.557,26.567,154.77433107519042
26.567,26.577,154.2960474017478
26.577,26.587,154.83203173713596
26.587,26.597,156.3062844386775
26.597,26.607,0.0
26.607,26.617,0.0
26.617,26.627,0.0
26.627,26.637,0.0
26.637,26.647,0.0
26.647,26.657,0.0
26.657,26.667,0.0
26.667,26.677,0.0
26.677,26.687,0.0
26.687,26.697,0.0
26.697,26.707,0.0
26.707,26.717,0.0
26.717,26.727,0.0
26.727,26.737,0.0
26.737,26.747,0.0
26.747,26.757,170.9092263592085
26.757,26.767,170.31508986155006
26.767,26.777,169.04272020172593
26.777,26.787,165.48424888452143
26.787,26.797,161.44099034493584
26.797,26.807,159.7080931656636
26.807,26.817,159.6750759256576
26.817,26.827,160.4886400934388
26.827,26.837,160.58530847458835
26.837,26.847,158.78747828674548
26.847,26.857,156.37669291576537
26.857,26.867,155.24590942442765
26.867,26.877,154.35341189140453
26.877,26.887,153.4125278614778
26.887,26.897,152.44043488060288
26.897,26.907,151.42454002481085
26.907,26.917,150.91021059019687
26.917,26.927,150.95170760126751
26.927,26.937,150.55316960927934
26.937,26.947,150.26749005300323
26.947,26.957,150.91909308434188
26.957,26.967,0.0
26.967,26.977,0.0
26.977,26.987,0.0
26.987,26.997,0.0
26.997,27.007,0.0
27.007,27.017,0.0
27.017,27.027,0.0
27.027,27.037,0.0
27.037,27.047,0.0
27.047,27.057,0.0
27.057,27.067,0.0
27.067,27.077,0.0
27.077,27.087,0.0
27.087,27.097,0.0
27.097,27.107,0.0
27.107,27.117,0.0
27.117,27.127,0.0
27.127,27.137,0.0
27.137,27.147,0.0
27.147,27.157,0.0
27.157,27.167,0.0
27.167,27.177,0.0
27.177,27.187,0.0
27.187,27.197,0.0
27.197,27.207,0.0
27.207,27.217,0.0
27.217,27.227,0.0
27.227,27.237,0.0
27.237,27.247,0.0
27.247,27.257,0.0
27.257,27.267,0.0
27.267,27.277,0.0
27.277,27.287,0.0
27.287,27.297,0.0
27.297,27.307,0.0
27.307,27.317,188.25257378692322
27.317,27.327,183.62106183032344
27.327,27.337,181.90942740707408
27.337,27.347,179.554506756237
27.347,27.357,173.59152670576015
27.357,27.367,169.01862942206708
27.367,27.377,165.75730248785294
27.377,27.387,163.05239739676975
27.387,27.397,160.79921553058193
27.397,27.407,158.30851211329679
27.407,27.417,156.18835586343582
27.417,27.427,154.23603892454688
27.427,27.437,152.05585656097367
27.437,27.447,150.26126973603547
27.447,27.457,148.59255913244334
27.457,27.467,147.26964005130463
27.467,27.477,146.37376514336987
27.477,27.487,145.5017179469454
27.487,27.497,144.4034868371022
27.497,27.507,143.216904748289
27.507,27.517,141.8069410091226
27.517,27.527,140.24153911905566
27.527,27.537,140.2732585332174
27.537,27.547,140.4902491761406
27.547,27.557,140.51212107305068
27.557,27.567,142.11590449479306
27.567,27.577,145.57927977204633
27.577,27.587,148.42864845933127
27.587,27.597,149.87185897832902
27.597,27.607,149.98626585131504
27.607,27.617,149.2307776351514
27.617,27.627,148.50750495036243
27.627,27.637,147.45156555307946
27.637,27.647,146.37322422458917
27.647,27.657,146.33674977842787
27.657,27.667,147.15123942035856
27.667,27.677,148.87430667189912
27.677,27.687,150.3136917371585
27.687,27.697,0.0
27.697,27.707,0.0
27.707,27.717,0.0
27.717,27.727,0.0
27.727,27.737,0.0
27.737,27.747,0.0
27.747,27.757,0.0
27.757,27.767,0.0
27.767,27.777,0.0
27.777,27.787,0.0
27.787,27.797,0.0
27.797,27.807,0.0
27.807,27.817,0.0
27.817,27.827,0.0
27.827,27.837,0.0
27.837,27.847,0.0
27.847,27.857,0.0
27.857,27.867,0.0
27.867,27.877,0.0
27.877,27.887,0.0
27.887,27.897,0.0
27.897,27.907,0.0
27.907,27.917,0.0
27.917,27.927,0.0
27.927,27.937,0.0
27.937,27.947,0.0
27.947,27.957,0.0
27.957,27.967,0.0
27.967,27.977,0.0
27.977,27.987,0.0
27.987,27.997,0.0
27.997,28.007,0.0
28.007,28.017,0.0
28.017,28.027,0.0
28.027,28.037,0.0
28.037,28.047,0.0
28.047,28.057,0.0
28.057,28.067,0.0
28.067,28.077,0.0
28.077,28.087,0.0
28.087,28.097,0.0
28.097,28.107,0.0
28.107,28.117,0.0
28.117,28.127,0.0
28.127,28.137,0.0
28.137,28.147,0.0
28.147,28.157,0.0
28.157,28.167,0.0
28.167,28.177,0.0
28.177,28.187,0.0
28.187,28.197,0.0
28.197,28.207,0.0
28.207,28.217,0.0
28.217,28.227,0.0
28.227,28.237,0.0
28.237,28.247,0.0
28.247,28.257,0.0
28.257,28.267,0.0
28.267,28.277,0.0
28.277,28.287,0.0
28.287,28.297,0.0
28.297,28.307,0.0
28.307,28.317,0.0
28.317,28.327,0.0
28.327,28.337,0.0
28.337,28.347,0.0
28.347,28.357,0.0
28.357,28.367,0.0
28.367,28.377,0.0
28.377,28.387,0.0
28.387,28.397,0.0
28.397,28.407,0.0
28.407,28.417,0.0
28.417,28.427,0.0
28.427,28.437,0.0
28.437,28.447,0.0
28.447,28.457,0.0
28.457,28.467,0.0
28.467,28.477,0.0
28.477,28.487,0.0
28.487,28.497,0.0
28.497,28.507,0.0
28.507,28.517,0.0
28.517,28.527,0.0
28.527,28.537,0.0
28.537,28.547,0.0
28.547,28.557,0.0
28.557,28.567,0.0
28.567,28.577,0.0
28.577,28.587,0.0
28.587,28.597,0.0
28.597,28.607,0.0
28.607,28.617,0.0
28.617,28.627,0.0
28.627,28.637,0.0
28.637,28.647,0.0
28.647,28.657,0.0
28.657,28.667,0.0
28.667,28.677,0.0
28.677,28.687,0.0
28.687,28.697,0.0
28.697,28.707,0.0
28.707,28.717,0.0
28.717,28.727,0.0
28.727,28.737,0.0
28.737,28.747,0.0
28.747,28.757,0.0
28.757,28.767,0.0
28.767,28.777,0.0
28.777,28.787,0.0
28.787,28.797,0.0
28.797,28.807,0.0
28.807,28.817,0.0
28.817,28.827,0.0
28.827,28.837,0.0
28.837,28.847,0.0
28.847,28.857,0.0
28.857,28.867,0.0
28.867,28.877,0.0
28.877,28.887,0.0
28.887,28.897,176.46725069468917
28.897,28.907,176.15004522406048
28.907,28.917,174.9388114406158
28.917,28.927,173.98920136115566
28.927,28.937,173.90919050602906
28.937,28.947,174.24129764798164
28.947,28.957,174.22098470249324
28.957,28.967,173.7769365337016
28.967,28.977,173.66952063503075
28.977,28.987,173.73374846930935
28.987,28.997,173.59392980393454
28.997,29.007,173.23598540628916
29.007,29.017,172.70941416379412
29.017,29.027,172.09113443833527
29.027,29.037,171.36876325104686
29.037,29.047,170.69482278141712
29.047,29.057,170.45044379959862
29.057,29.067,170.3360280320956
29.067,29.077,170.10335301435518
29.077,29.087,169.76041957672874
29.087,29.097,169.31852579611748
29.097,29.107,168.93251330589086
29.107,29.117,168.41533887752374
29.117,29.127,167.65560417587318
29.127,29.137,167.0093558165716
29.137,29.147,166.44338568472637
29.147,29.157,165.86288051682482
29.157,29.167,165.12314121460142
29.167,29.177,163.71456775410113
29.177,29.187,162.88216296116002
29.187,29.197,162.68347283842323
29.197,29.207,162.6458442112159
29.207,29.217,162.57261498829948
29.217,29.227,162.4821967713275
29.227,29.237,162.5441753957293
29.237,29.247,162.8112511669939
29.247,29.257,163.17396248352972
29.257,29.267,163.60846304417294
29.267,29.277,164.06277173910502
29.277,29.287,164.31197166244155
29.287,29.297,164.28347951600566
29.297,29.307,164.20867925188801
29.307,29.317,164.06031209168708
29.317,29.327,163.8670211431649
29.327,29.337,163.63526037945115
29.337,29.347,162.79794799626856
29.347,29.357,162.46372881286246
29.357,29.367,162.68182880534593
29.367,29.377,162.85827677954595
29.377,29.387,162.7397477350457
29.387,29.397,162.46242467318538
29.397,29.407,162.40575824608268
29.407,29.417,162.66613794307372
29.417,29.427,164.71515627162648
29.427,29.437,0.0
29.437,29.447,0.0
29.447,29.457,0.0
29.457,29.467,0.0
29.467,29.477,0.0
29.477,29.487,0.0
29.487,29.497,0.0
29.497,29.507,0.0
29.507,29.517,0.0
29.517,29.527,0.0
29.527,29.537,0.0
29.537,29.547,0.0
29.547,29.557,0.0
29.557,29.567,0.0
29.567,29.577,0.0
29.577,29.587,0.0
29.587,29.597,0.0
29.597,29.607,0.0
29.607,29.617,191.6189068028833
29.617,29.627,189.1223386602425
29.627,29.637,187.28884371112392
29.637,29.647,184.92356518147173
29.647,29.657,182.6498482341748
29.657,29.667,181.12068776187115
29.667,29.677,179.7494974067073
29.677,29.687,174.984980334972
29.687,29.697,181.75939090136328
29.697,29.707,183.44646713593912
29.707,29.717,182.92314043464827
29.717,29.727,182.96053557950827
29.727,29.737,183.67342900080118
29.737,29.747,185.37126017718387
29.747,29.757,187.6602781438488
29.757,29.767,189.8395151676376
29.767,29.777,191.45827549868974
29.777,29.787,192.48170421970585
29.787,29.797,193.52226147073486
29.797,29.807,194.94470497472372
29.807,29.817,201.01217786084896
29.817,29.827,206.61372542221977
29.827,29.837,211.40107440239717
29.837,29.847,216.57260311528128
29.847,29.857,221.34773003823264
29.857,29.867,224.68790925228978
29.867,29.877,228.77092725671346
29.877,29.887,233.3216865713853
29.887,29.897,234.71621083916855
29.897,29.907,237.25256968516635
29.907,29.917,240.00975486714864
29.917,29.927,240.00455572841898
29.927,29.937,237.85043529861306
29.937,29.947,236.19898208148706
29.947,29.957,233.57068219853736
29.957,29.967,226.0666960522232
29.967,29.977,220.00490782162913
29.977,29.987,211.561008129744
29.987,29.997,202.92294107873008
29.997,30.007,196.91587663243192
30.007,30.017,191.485716778643
30.017,30.027,187.57809117635955
30.027,30.037,185.34133345954868
30.037,30.047,183.73283043153927
30.047,30.057,182.04930587700542
30.057,30.067,180.47969142285635
30.067,30.077,0.0
30.077,30.087,0.0
30.087,30.097,0.0
30.097,30.107,0.0
30.107,30.117,0.0
30.117,30.127,0.0
30.127,30.137,0.0
30.137,30.147,0.0
30.147,30.157,0.0
30.157,30.167,0.0
30.167,30.177,172.94839876585667
30.177,30.187,172.72431482081092
30.187,30.197,171.81536266816215
30.197,30.207,170.22507110643696
30.207,30.217,168.4026661182744
30.217,30.227,167.28954683340916
30.227,30.237,166.61078404901335
30.237,30.247,166.05073389799463
30.247,30.257,0.0
30.257,30.267,0.0
30.267,30.277,0.0
30.277,30.287,0.0
30.287,30.297,0.0
30.297,30.307,0.0
30.307,30.317,0.0
30.317,30.327,0.0
30.327,30.337,0.0
30.337,30.347,0.0
30.347,30.357,0.0
30.357,30.367,0.0
30.367,30.377,0.0
30.377,30.387,0.0
30.387,30.397,0.0
30.397,30.407,0.0
30.407,30.417,0.0
30.417,30.427,0.0
30.427,30.437,0.0
30.437,30.447,0.0
30.447,30.457,0.0
30.457,30.467,0.0
30.467,30.477,0.0
30.477,30.487,161.44127250742775
30.487,30.497,163.68697394670596
30.497,30.507,165.2104175393085
30.507,30.517,165.016500377745
30.517,30.527,163.91034386239357
30.527,30.537,163.0131927352878
30.537,30.547,162.8087833692317
30.547,30.557,163.32421014075317
30.557,30.567,164.0086020630544
30.567,30.577,164.1972015605461
30.577,30.587,165.1715943204855
30.587,30.597,164.12221782275665
30.597,30.607,162.89347185977567
30.607,30.617,162.44885304447723
30.617,30.627,162.18294943767157
30.627,30.637,162.06159937671512
30.637,30.647,161.87239293670424
30.647,30.657,161.67487082764245
30.657,30.667,161.66367947109734
30.667,30.677,161.72541070126493
30.677,30.687,161.79224043497968
30.687,30.697,161.68208215603582
30.697,30.707,161.43612366521356
30.707,30.717,161.0369891641698
30.717,30.727,160.47446978550923
30.727,30.737,159.83057880286404
30.737,30.747,159.05341428234115
30.747,30.757,158.0519519297807
30.757,30.767,156.57964355116087
30.767,30.777,157.49621173853612
30.777,30.787,156.48401833497184
30.787,30.797,156.90794728403148
30.797,30.807,157.65929002632038
30.807,30.817,157.73650616270484
30.817,30.827,157.8728929674214
30.827,30.837,158.59719796649674
30.837,30.847,159.268064718179
30.847,30.857,158.90803810676707
30.857,30.867,155.76796707554422
30.867,30.877,0.0
30.877,30.887,0.0
30.887,30.897,0.0
30.897,30.907,0.0
30.907,30.917,0.0
30.917,30.927,0.0
30.927,30.937,0.0
30.937,30.947,0.0
30.947,30.957,0.0
30.957,30.967,0.0
30.967,30.977,0.0
30.977,30.987,158.85517991971886
30.987,30.997,159.2806464298546
30.997,31.007,159.11636820632197
31.007,31.017,157.51649426359012
31.017,31.027,156.36486281081693
31.027,31.037,155.48895209434406
31.037,31.047,155.2938902892892
31.047,31.057,155.27723775523674
31.057,31.067,155.21365426793855
31.067,31.077,155.30334354818038
31.077,31.087,155.40719691965364
31.087,31.097,155.31434379008468
31.097,31.107,154.70863059176466
31.107,31.117,153.87627556683503
31.117,31.127,153.5331377441982
31.127,31.137,153.26825163935968
31.137,31.147,152.837968176318
31.147,31.157,152.57861924362177
31.157,31.167,152.63989666504793
31.167,31.177,152.71810826540954
31.177,31.187,152.29787249722645
31.187,31.197,151.61554139967834
31.197,31.207,150.48689559200946
31.207,31.217,148.77042816355296
31.217,31.227,144.95823782379713
31.227,31.237,142.7169398079101
31.237,31.247,141.39548963263385
31.247,31.257,0.0
31.257,31.267,448.65524206548844
31.267,31.277,449.8164832792069
31.277,31.287,447.71901494645425
31.287,31.297,0.0
31.297,31.307,0.0
31.307,31.317,0.0
31.317,31.327,0.0
31.327,31.337,0.0
31.337,31.347,0.0
31.347,31.357,0.0
31.357,31.367,0.0
31.367,31.377,0.0
31.377,31.387,0.0
31.387,31.397,0.0
31.397,31.407,0.0
31.407,31.417,0.0
31.417,31.427,0.0
31.427,31.437,0.0
31.437,31.447,0.0
31.447,31.457,0.0
31.457,31.467,0.0
31.467,31.477,0.0
31.477,31.487,0.0
31.487,31.497,0.0
31.497,31.507,0.0
31.507,31.517,0.0
31.517,31.527,0.0
31.527,31.537,70.45887912347918
31.537,31.547,70.63521886519348
31.547,31.557,74.00772313128533
31.557,31.567,74.44243487927103
31.567,31.577,76.0634893050138
31.577,31.587,76.4693739062037
31.587,31.597,153.18760029504398
31.597,31.607,153.129826631867
31.607,31.617,153.4313947880554
31.617,31.627,154.09042583450878
31.627,31.637,154.3098405309507
31.637,31.647,153.8750491232219
31.647,31.657,153.26051618041248
31.657,31.667,152.60373857480272
31.667,31.677,151.75417453438882
31.677,31.687,150.7184642755878
31.687,31.697,149.5954061503043
31.697,31.707,148.5761318971419
31.707,31.717,0.0
31.717,31.727,0.0
31.727,31.737,0.0
31.737,31.747,0.0
31.747,31.757,0.0
31.757,31.767,0.0
31.767,31.777,0.0
31.777,31.787,0.0
31.787,31.797,0.0
31.797,31.807,0.0
31.807,31.817,0.0
31.817,31.827,0.0
31.827,31.837,0.0
31.837,31.847,0.0
31.847,31.857,0.0
31.857,31.867,150.35676212012694
31.867,31.877,153.66877454752444
31.877,31.887,155.3696404258611
31.887,31.897,156.35402408840417
31.897,31.907,157.1127079989957
31.907,31.917,158.12117318015228
31.917,31.927,159.5864887709672
31.927,31.937,161.45658764082867
31.937,31.947,0.0
31.947,31.957,0.0
31.957,31.967,0.0
31.967,31.977,0.0
31.977,31.987,0.0
31.987,31.997,0.0
31.997,32.007,0.0
32.007,32.017,0.0
32.017,32.027,0.0
32.027,32.037,0.0
32.037,32.047,0.0
32.047,32.057,0.0
32.057,32.067,0.0
32.067,32.077,0.0
32.077,32.087,0.0
32.087,32.097,0.0
32.097,32.107,0.0
32.107,32.117,0.0
32.117,32.127,0.0
32.127,32.137,0.0
32.137,32.147,0.0
32.147,32.157,0.0
32.157,32.167,0.0
32.167,32.177,0.0
32.177,32.187,184.87112185543134
32.187,32.197,183.0119331968892
32.197,32.207,180.38687720952714
32.207,32.217,179.25022623322508
32.217,32.227,179.95569987127215
32.227,32.237,181.8565562637724
32.237,32.247,183.21064397684282
32.247,32.257,183.77928584993472
32.257,32.267,183.8349036499587
32.267,32.277,183.6889062199656
32.277,32.287,183.88714626412153
32.287,32.297,184.10935934245558
32.297,32.307,184.09620679523152
32.307,32.317,0.0
32.317,32.327,0.0
32.327,32.337,0.0
32.337,32.347,0.0
32.347,32.357,0.0
32.357,32.367,0.0
32.367,32.377,0.0
32.377,32.387,0.0
32.387,32.397,0.0
32.397,32.407,0.0
32.407,32.417,0.0
32.417,32.427,0.0
32.427,32.437,0.0
32.437,32.447,0.0
32.447,32.457,0.0
32.457,32.467,0.0
32.467,32.477,0.0
32.477,32.487,0.0
32.487,32.497,0.0
32.497,32.507,0.0
32.507,32.517,0.0
32.517,32.527,0.0
32.527,32.537,0.0
32.537,32.547,0.0
32.547,32.557,0.0
32.557,32.567,0.0
32.567,32.577,0.0
32.577,32.587,165.4096465659037
32.587,32.597,163.5570738316074
32.597,32.607,161.77245930264633
32.607,32.617,158.76253426796083
32.617,32.627,0.0
32.627,32.637,0.0
32.637,32.647,0.0
32.647,32.657,0.0
32.657,32.667,0.0
32.667,32.677,0.0
32.677,32.687,0.0
32.687,32.697,0.0
32.697,32.707,0.0
32.707,32.717,0.0
32.717,32.727,0.0
32.727,32.737,0.0
32.737,32.747,0.0
32.747,32.757,0.0
32.757,32.767,0.0
32.767,32.777,0.0
32.777,32.787,0.0
32.787,32.797,174.85049496436176
32.797,32.807,174.48216071069686
32.807,32.817,178.09801111247586
32.817,32.827,181.61057372291052
32.827,32.837,182.69598372598267
32.837,32.847,183.09016952948548
32.847,32.857,183.30928414724758
32.857,32.867,183.453247861867
32.867,32.877,183.62867132295864
32.877,32.887,184.49073630210057
32.887,32.897,185.899297257236
32.897,32.907,187.79040144689105
32.907,32.917,191.0773028513732
32.917,32.927,194.2856300596103
32.927,32.937,197.32563777619086
32.937,32.947,203.31620950966558
32.947,32.957,209.60425504635603
32.957,32.967,212.95555647979262
32.967,32.977,215.70057699133378
32.977,32.987,217.93942677108583
32.987,32.997,219.97875316468512
32.997,33.007,222.50128029031174
33.007,33.017,223.8977079215665
33.017,33.027,225.0341241004026
33.027,33.037,225.9185178515637
33.037,33.047,226.4197423455535
33.047,33.057,226.71113907087275
33.057,33.067,226.90231345705772
33.067,33.077,226.91626090673975
33.077,33.087,226.76092587434496
33.087,33.097,227.00556657374872
33.097,33.107,227.71056651064478
33.107,33.117,226.89669731985023
33.117,33.127,226.1124184736622
33.127,33.137,226.01754028523544
33.137,33.147,225.906687404692
33.147,33.157,225.10540821181002
33.157,33.167,224.0279528223159
33.167,33.177,222.54249885497148
33.177,33.187,220.0158666556097
33.187,33.197,217.9536394838707
33.197,33.207,217.95215583373343
33.207,33.217,217.76187776814822
33.217,33.227,216.20015214308762
33.227,33.237,212.64395650927042
33.237,33.247,0.0
33.247,33.257,0.0
33.257,33.267,0.0
33.267,33.277,0.0
33.277,33.287,0.0
33.287,33.297,0.0
33.297,33.307,0.0
33.307,33.317,0.0
33.317,33.327,0.0
33.327,33.337,0.0
33.337,33.347,0.0
33.347,33.357,0.0
33.357,33.367,0.0
33.367,33.377,0.0
33.377,33.387,0.0
33.387,33.397,199.74317649371702
33.397,33.407,199.26812957415072
33.407,33.417,198.9404529813802
33.417,33.427,197.96049454434632
33.427,33.437,196.2142190670563
33.437,33.447,194.24542277765448
33.447,33.457,191.69797896921924
33.457,33.467,188.9604376305714
33.467,33.477,187.1853774439916
33.477,33.487,186.23219065619458
33.487,33.497,185.63673669300243
33.497,33.507,185.2664680857486
33.507,33.517,184.7704643135787
33.517,33.527,183.8457494363588
33.527,33.537,182.57457317837037
33.537,33.547,181.13178099689287
33.547,33.557,179.81160403857047
33.557,33.567,178.57453778095228
33.567,33.577,0.0
33.577,33.587,0.0
33.587,33.597,0.0
33.597,33.607,0.0
33.607,33.617,0.0
33.617,33.627,0.0
33.627,33.637,0.0
33.637,33.647,0.0
33.647,33.657,0.0
33.657,33.667,0.0
33.667,33.677,0.0
33.677,33.687,0.0
33.687,33.697,165.34209688899193
33.697,33.707,164.97841649067672
33.707,33.717,164.07301364863588
33.717,33.727,162.50849124755
33.727,33.737,161.3377405520051
33.737,33.747,161.0545903847067
33.747,33.757,161.57567921461546
33.757,33.767,162.16932510391246
33.767,33.777,162.09563737862308
33.777,33.787,161.6062291452294
33.787,33.797,161.26164415976248
33.797,33.807,161.15139168941732
33.807,33.817,161.0263787409999
33.817,33.827,160.9215144962921
33.827,33.837,160.72924189076736
33.837,33.847,160.35750361734728
33.847,33.857,159.8735248121802
33.857,33.867,159.13625748865
33.867,33.877,158.20908141457394
33.877,33.887,157.57611244060874
33.887,33.897,157.23547824506966
33.897,33.907,156.8417390507444
33.907,33.917,156.11210505356195
33.917,33.927,77.66815298825259
33.927,33.937,77.77337830878342
33.937,33.947,78.37821436844537
33.947,33.957,78.77500635988154
33.957,33.967,79.01933655101251
33.967,33.977,79.25360988931783
33.977,33.987,79.47624592900375
33.987,33.997,79.6883705919352
33.997,34.007,79.88821352540374
34.007,34.017,80.19534192030167
34.017,34.027,80.67546947888617
34.027,34.037,80.62716342655915
34.037,34.047,0.0
34.047,34.057,0.0
34.057,34.067,0.0
34.067,34.077,0.0
34.077,34.087,0.0
34.087,34.097,0.0
34.097,34.107,0.0
34.107,34.117,0.0
34.117,34.127,0.0
34.127,34.137,0.0
34.137,34.147,0.0
34.147,34.157,0.0
34.157,34.167,0.0
34.167,34.177,0.0
34.177,34.187,0.0
34.187,34.197,0.0
34.197,34.207,0.0
34.207,34.217,0.0
34.217,34.227,176.22121103624946
34.227,34.237,175.75220903118347
34.237,34.247,175.2909647149653
34.247,34.257,0.0
34.257,34.267,0.0
34.267,34.277,0.0
34.277,34.287,0.0
34.287,34.297,0.0
34.297,34.307,0.0
34.307,34.317,0.0
34.317,34.327,0.0
34.327,34.337,0.0
34.337,34.347,0.0
34.347,34.357,0.0
34.357,34.367,0.0
34.367,34.377,0.0
34.377,34.387,176.74359791061087
34.387,34.397,176.51269373976194
34.397,34.407,175.80759899043224
34.407,34.417,174.3931031197124
34.417,34.427,172.66900153348735
34.427,34.437,170.89163049839303
34.437,34.447,168.82653467376159
34.447,34.457,166.9605317481638
34.457,34.467,165.88257546030385
34.467,34.477,165.24830742474344
34.477,34.487,164.60405202465236
34.487,34.497,163.58355306293157
34.497,34.507,0.0
34.507,34.517,0.0
34.517,34.527,0.0
34.527,34.537,0.0
34.537,34.547,0.0
34.547,34.557,0.0
34.557,34.567,0.0
34.567,34.577,0.0
34.577,34.587,0.0
34.587,34.597,0.0
34.597,34.607,173.0468309758871
34.607,34.617,173.02781597250532
34.617,34.627,172.68703201513833
34.627,34.637,171.73531082344576
34.637,34.647,169.8155333188598
34.647,34.657,0.0
34.657,34.667,0.0
34.667,34.677,0.0
34.677,34.687,0.0
34.687,34.697,0.0
34.697,34.707,0.0
34.707,34.717,0.0
34.717,34.727,0.0
34.727,34.737,0.0
34.737,34.747,0.0
34.747,34.757,182.84577874298918
34.757,34.767,183.52732840820852
34.767,34.777,184.02767190227576
34.777,34.787,183.214922850776
34.787,34.797,179.44096949415842
34.797,34.807,176.6440055052945
34.807,34.817,173.4402578133877
34.817,34.827,0.0
34.827,34.837,0.0
34.837,34.847,0.0
34.847,34.857,170.42117371539547
34.857,34.867,173.3197632496932
34.867,34.877,174.0866416982633
34.877,34.887,173.82576359502016
34.887,34.897,171.82089626519146
34.897,34.907,0.0
34.907,34.917,0.0
34.917,34.927,0.0
34.927,34.937,0.0
34.937,34.947,0.0
34.947,34.957,0.0
34.957,34.967,0.0
34.967,34.977,0.0
34.977,34.987,0.0
34.987,34.997,0.0
34.997,35.007,0.0
35.007,35.017,171.23606076042608
35.017,35.027,171.648869610622
35.027,35.037,170.5735478905691
35.037,35.047,0.0
35.047,35.057,0.0
35.057,35.067,0.0
35.067,35.077,0.0
35.077,35.087,0.0
35.087,35.097,0.0
35.097,35.107,171.48996684345536
35.107,35.117,170.00580456540345
35.117,35.127,169.23992727703964
35.127,35.137,167.92429047921433
35.137,35.147,167.0891660453865
35.147,35.157,166.73194634785423
35.157,35.167,166.50961366843887
35.167,35.177,166.3235228059595
35.177,35.187,166.27432298307525
35.187,35.197,166.3524912496174
35.197,35.207,166.1386478700565
35.207,35.217,165.42021890040846
35.217,35.227,163.6790190516443
35.227,35.237,162.78930212254443
35.237,35.247,162.7463569437562
35.247,35.257,0.0
35.257,35.267,0.0
35.267,35.277,0.0
35.277,35.287,0.0
35.287,35.297,0.0
35.297,35.307,0.0
35.307,35.317,0.0
35.317,35.327,0.0
35.327,35.337,0.0
35.337,35.347,0.0
35.347,35.357,0.0
35.357,35.367,0.0
35.367,35.377,0.0
35.377,35.387,0.0
35.387,35.397,0.0
35.397,35.407,0.0
35.407,35.417,0.0
35.417,35.427,0.0
35.427,35.437,0.0
35.437,35.447,0.0
35.447,35.457,0.0
35.457,35.467,0.0
35.467,35.477,0.0
35.477,35.487,0.0
35.487,35.497,0.0
35.497,35.507,0.0
35.507,35.517,0.0
35.517,35.527,0.0
35.527,35.537,0.0
35.537,35.547,0.0
35.547,35.557,0.0
35.557,35.567,0.0
35.567,35.577,0.0
35.577,35.587,0.0
35.587,35.597,0.0
35.597,35.607,0.0
35.607,35.617,0.0
35.617,35.627,0.0
35.627,35.637,0.0
35.637,35.647,0.0
35.647,35.657,0.0
35.657,35.667,0.0
35.667,35.677,0.0
35.677,35.687,0.0
35.687,35.697,0.0
35.697,35.707,0.0
35.707,35.717,0.0
35.717,35.727,0.0
35.727,35.737,0.0
35.737,35.747,0.0
35.747,35.757,488.7837386578673
35.757,35.767,486.1515202140865
35.767,35.777,487.1756028367668
35.777,35.787,0.0
35.787,35.797,175.5128125059313
35.797,35.807,175.2700232760309
35.807,35.817,174.19372132292645
35.817,35.827,171.903635887478
35.827,35.837,170.43844306403915
35.837,35.847,173.3648408736115
35.847,35.857,177.54936167118078
35.857,35.867,181.09537146476444
35.867,35.877,180.47137520533877
35.877,35.887,178.53087583547517
35.887,35.897,177.2672831875034
35.897,35.907,176.3971430516946
35.907,35.917,175.82713591997614
35.917,35.927,175.48207397795588
35.927,35.937,175.12080906721374
35.937,35.947,174.5681545541697
35.947,35.957,0.0
35.957,35.967,0.0
35.967,35.977,0.0
35.977,35.987,0.0
35.987,35.997,0.0
35.997,36.007,0.0
36.007,36.017,180.91264521581638
36.017,36.027,181.45927715284893
36.027,36.037,180.80872728911083
36.037,36.047,179.26053075266168
36.047,36.057,176.7676418796501
36.057,36.067,174.78772918931259
36.067,36.077,173.94160543801723
36.077,36.087,173.10760369607988
36.087,36.097,172.3770566591238
36.097,36.107,171.39850756307055
36.107,36.117,170.2988075422972
36.117,36.127,169.4081237970829
36.127,36.137,168.4343217512526
36.137,36.147,171.47724563594517
36.147,36.157,172.62547852352287
36.157,36.167,173.3952125930289
36.167,36.177,173.68084275528417
36.177,36.187,173.41421806883974
36.187,36.197,172.7391866134736
36.197,36.207,171.58779859269478
36.207,36.217,169.1056137330627
36.217,36.227,166.39475160472557
36.227,36.237,164.54888386287172
36.237,36.247,163.69750158577904
36.247,36.257,163.7410077495447
36.257,36.267,163.8350635051215
36.267,36.277,163.6996315490047
36.277,36.287,163.1665851067837
36.287,36.297,162.0376304031147
36.297,36.307,160.79989397810667
36.307,36.317,160.17211191540386
36.317,36.327,160.09570427574462
36.327,36.337,160.2602341915989
36.337,36.347,160.1613743613234
36.347,36.357,159.75100940015994
36.357,36.367,159.9640358124383
36.367,36.377,0.0
36.377,36.387,0.0
36.387,36.397,0.0
36.397,36.407,0.0
36.407,36.417,0.0
36.417,36.427,0.0
36.427,36.437,0.0
36.437,36.447,0.0
36.447,36.457,0.0
36.457,36.467,0.0
36.467,36.477,0.0
36.477,36.487,0.0
36.487,36.497,0.0
36.497,36.507,0.0
36.507,36.517,159.72157312458984
36.517,36.527,158.62906949459668
36.527,36.537,157.1630146551611
36.537,36.547,155.20350588512176
36.547,36.557,152.30482603939427
36.557,36.567,148.02483386801973
36.567,36.577,146.24253610442295
36.577,36.587,148.58960248893712
36.587,36.597,151.90095765408967
36.597,36.607,154.06963984164997
36.607,36.617,155.39871902158643
36.617,36.627,155.75725800824958
36.627,36.637,155.42124432117137
36.637,36.647,154.55040001758078
36.647,36.657,153.07824290278614
36.657,36.667,151.355458247547
36.667,36.677,150.0551663642596
36.677,36.687,150.15348580399066
36.687,36.697,154.22479674073287
36.697,36.707,0.0
36.707,36.717,0.0
36.717,36.727,0.0
36.727,36.737,154.6881967154275
36.737,36.747,153.23769848610794
36.747,36.757,153.91540063595386
36.757,36.767,154.62309505976435
36.767,36.777,154.87618382045957
36.777,36.787,154.55632747646865
36.787,36.797,153.8643425277002
36.797,36.807,153.2209907327062
36.807,36.817,152.3540895875294
36.817,36.827,0.0
36.827,36.837,0.0
36.837,36.847,0.0
36.847,36.857,0.0
36.857,36.867,0.0
36.867,36.877,0.0
36.877,36.887,0.0
36.887,36.897,144.1376025724429
36.897,36.907,144.9212904360172
36.907,36.917,145.43077100352906
36.917,36.927,145.27946829455527
36.927,36.937,144.61279111932305
36.937,36.947,143.94117286269184
36.947,36.957,143.30397557943834
36.957,36.967,0.0
36.967,36.977,0.0
36.977,36.987,142.0077197447783
36.987,36.997,142.7280404900279
36.997,37.007,143.59358118453545
37.007,37.017,143.87282404825456
37.017,37.027,143.23221779775594
37.027,37.037,141.33424507177227
37.037,37.047,138.4704809709901
37.047,37.057,0.0
37.057,37.067,0.0
37.067,37.077,0.0
37.077,37.087,0.0
37.087,37.097,0.0
37.097,37.107,152.89109528149368
37.107,37.117,160.1065964861623
37.117,37.127,161.89475694676287
37.127,37.137,162.35304251866475
37.137,37.147,161.93296710117102
37.147,37.157,0.0
37.157,37.167,0.0
37.167,37.177,0.0
37.177,37.187,0.0
37.187,37.197,0.0
37.197,37.207,0.0
37.207,37.217,0.0
37.217,37.227,0.0
37.227,37.237,159.9628180977679
37.237,37.247,160.53441842232482
37.247,37.257,161.02673544836765
37.257,37.267,160.66435847126775
37.267,37.277,159.33876077572754
37.277,37.287,157.87879839122317
37.287,37.297,0.0
37.297,37.307,0.0
37.307,37.317,0.0
37.317,37.327,0.0
37.327,37.337,0.0
37.337,37.347,0.0
37.347,37.357,0.0
37.357,37.367,0.0
37.367,37.377,0.0
37.377,37.387,167.15305925597505
37.387,37.397,167.8597552623661
37.397,37.407,167.42665381199342
37.407,37.417,166.6112186325959
37.417,37.427,165.80043037677515
37.427,37.437,164.3960798060676
37.437,37.447,160.53414225761094
37.447,37.457,156.365544883197
37.457,37.467,156.62867671442234
37.467,37.477,157.21929565517885
37.477,37.487,0.0
37.487,37.497,0.0
37.497,37.507,0.0
37.507,37.517,0.0
37.517,37.527,0.0
37.527,37.537,0.0
37.537,37.547,0.0
37.547,37.557,151.15213713387837
37.557,37.567,152.50350386977766
37.567,37.577,152.94639447585467
37.577,37.587,152.7834321939139
37.587,37.597,152.39332842166988
37.597,37.607,151.9479714808369
37.607,37.617,151.73979623784533
37.617,37.627,151.49880082666692
37.627,37.637,150.60673505102764
37.637,37.647,148.44624851963275
37.647,37.657,0.0
37.657,37.667,0.0
37.667,37.677,0.0
37.677,37.687,0.0
37.687,37.697,0.0
37.697,37.707,0.0
37.707,37.717,0.0
37.717,37.727,0.0
37.727,37.737,159.11230960350906
37.737,37.747,160.1872181456842
37.747,37.757,162.3601822364759
37.757,37.767,162.3621274126301
37.767,37.777,160.87494720436396
37.777,37.787,158.66430922409177
37.787,37.797,156.76830652741805
37.797,37.807,155.27444649738555
37.807,37.817,154.18132602214962
37.817,37.827,153.18911645857477
37.827,37.837,151.98737527895892
37.837,37.847,150.6509522942203
37.847,37.857,148.83777349341636
37.857,37.867,149.09552370503184
37.867,37.877,149.41563672115956
37.877,37.887,148.64989406341763
37.887,37.897,147.6916162835383
37.897,37.907,146.41774237390615
37.907,37.917,146.11269498420674
37.917,37.927,145.83460687449062
37.927,37.937,146.0214732565624
37.937,37.947,146.80996105728616
37.947,37.957,146.99643176189025
37.957,37.967,146.19581436017958
37.967,37.977,144.16793678337862
37.977,37.987,141.1378227399594
37.987,37.997,0.0
37.997,38.007,0.0
38.007,38.017,0.0
38.017,38.027,0.0
38.027,38.037,0.0
38.037,38.047,0.0
38.047,38.057,0.0
38.057,38.067,146.94186634545764
38.067,38.077,147.84632651146117
38.077,38.087,147.8082247025967
38.087,38.097,146.33428783946164
38.097,38.107,144.00172064353023
38.107,38.117,0.0
38.117,38.127,0.0
38.127,38.137,0.0
38.137,38.147,0.0
38.147,38.157,0.0
38.157,38.167,0.0
38.167,38.177,0.0
38.177,38.187,0.0
38.187,38.197,164.00645526577406
38.197,38.207,164.25176370621253
38.207,38.217,165.5835682969203
38.217,38.227,167.33073322028974
38.227,38.237,168.6800123457462
38.237,38.247,169.402923775865
38.247,38.257,169.04954923580618
38.257,38.267,0.0
38.267,38.277,0.0
38.277,38.287,0.0
38.287,38.297,0.0
38.297,38.307,0.0
38.307,38.317,0.0
38.317,38.327,0.0
38.327,38.337,0.0
38.337,38.347,0.0
38.347,38.357,0.0
38.357,38.367,0.0
38.367,38.377,0.0
38.377,38.387,225.0197667703973
38.387,38.397,241.39428040982412
38.397,38.407,245.36085824286516
38.407,38.417,247.8893157620311
38.417,38.427,248.8313517246898
38.427,38.437,248.17303019650268
38.437,38.447,245.50165657677812
38.447,38.457,241.3553071207544
38.457,38.467,233.69580385303007
38.467,38.477,212.38664919983603
38.477,38.487,191.7765688108613
38.487,38.497,189.79090179080043
38.497,38.507,185.69189204619963
38.507,38.517,178.15292931799843
38.517,38.527,172.10746096199233
38.527,38.537,168.68916615714357
38.537,38.547,167.25037615238725
38.547,38.557,167.06284000961656
38.557,38.567,167.93948809366742
38.567,38.577,170.25892324299602
38.577,38.587,174.2666035167059
38.587,38.597,178.45706129814033
38.597,38.607,182.63416128245956
38.607,38.617,185.74270395208382
38.617,38.627,187.1261085759063
38.627,38.637,186.93135615195584
38.637,38.647,189.81469705761938
38.647,38.657,194.30934081810932
38.657,38.667,197.11911588223944
38.667,38.677,197.25777732565172
38.677,38.687,195.08241365416325
38.687,38.697,190.66566303113729
38.697,38.707,0.0
38.707,38.717,0.0
38.717,38.727,0.0
38.727,38.737,0.0
38.737,38.747,0.0
38.747,38.757,0.0
38.757,38.767,0.0
38.767,38.777,0.0
38.777,38.787,0.0
38.787,38.797,0.0
38.797,38.807,0.0
38.807,38.817,0.0
38.817,38.827,0.0
38.827,38.837,0.0
38.837,38.847,0.0
38.847,38.857,0.0
38.857,38.867,0.0
38.867,38.877,0.0
38.877,38.887,0.0
38.887,38.897,0.0
38.897,38.907,0.0
38.907,38.917,0.0
38.917,38.927,0.0
38.927,38.937,0.0
38.937,38.947,0.0
38.947,38.957,0.0
38.957,38.967,0.0
38.967,38.977,0.0
38.977,38.987,0.0
38.987,38.997,0.0
38.997,39.007,0.0
39.007,39.017,0.0
39.017,39.027,0.0
39.027,39.037,0.0
39.037,39.047,0.0
39.047,39.057,0.0
39.057,39.067,148.72916747371687
39.067,39.077,149.43189306284066
39.077,39.087,0.0
39.087,39.097,0.0
39.097,39.107,0.0
39.107,39.117,0.0
39.117,39.127,0.0
39.127,39.137,0.0
39.137,39.147,0.0
39.147,39.157,0.0
39.157,39.167,0.0
39.167,39.177,0.0
39.177,39.187,0.0
39.187,39.197,161.63771589924198
39.197,39.207,160.1087248084393
39.207,39.217,159.99464333602802
39.217,39.227,159.84987682253816
39.227,39.237,159.01040708528427
39.237,39.247,0.0
39.247,39.257,0.0
39.257,39.267,0.0
39.267,39.277,0.0
39.277,39.287,0.0
39.287,39.297,0.0
39.297,39.307,0.0
39.307,39.317,0.0
39.317,39.327,0.0
39.327,39.337,0.0
39.337,39.347,0.0
39.347,39.357,0.0
39.357,39.367,0.0
39.367,39.377,0.0
39.377,39.387,167.35592387250765
39.387,39.397,165.8809771779286
39.397,39.407,165.04042478701575
39.407,39.417,164.62938547192405
39.417,39.427,164.38732076924668
39.427,39.437,164.0593424993385
39.437,39.447,163.33782784105992
39.447,39.457,0.0
39.457,39.467,0.0
39.467,39.477,0.0
39.477,39.487,0.0
39.487,39.497,0.0
39.497,39.507,0.0
39.507,39.517,0.0
39.517,39.527,0.0
39.527,39.537,0.0
39.537,39.547,0.0
39.547,39.557,177.0522587562352
39.557,39.567,180.54720305448845
39.567,39.577,183.1313007308365
39.577,39.587,184.0735098110535
39.587,39.597,183.72775444478822
39.597,39.607,182.65270777229554
39.607,39.617,181.44661354223945
39.617,39.627,180.25294007850286
39.627,39.637,178.84602815166295
39.637,39.647,177.28151229661032
39.647,39.657,174.7020574970241
39.657,39.667,170.84726972912105
39.667,39.677,166.5763325107037
39.677,39.687,161.91478415727244
39.687,39.697,0.0
39.697,39.707,0.0
39.707,39.717,0.0
39.717,39.727,0.0
39.727,39.737,0.0
39.737,39.747,0.0
39.747,39.757,0.0
39.757,39.767,0.0
39.767,39.777,0.0
39.777,39.787,0.0
39.787,39.797,0.0
39.797,39.807,0.0
39.807,39.817,0.0
39.817,39.827,0.0
39.827,39.837,0.0
39.837,39.847,0.0
39.847,39.857,0.0
39.857,39.867,0.0
39.867,39.877,0.0
39.877,39.887,0.0
39.887,39.897,0.0
39.897,39.907,0.0
39.907,39.917,0.0
39.917,39.927,0.0
39.927,39.937,0.0
39.937,39.947,0.0
39.947,39.957,0.0
39.957,39.967,0.0
39.967,39.977,0.0
39.977,39.987,0.0
39.987,39.997,0.0
39.997,40.007,0.0
40.007,40.017,0.0
40.017,40.027,0.0
40.027,40.037,0.0
40.037,40.047,0.0
40.047,40.057,0.0
40.057,40.067,0.0
40.067,40.077,0.0
40.077,40.087,0.0
40.087,40.097,0.0
40.097,40.107,0.0
40.107,40.117,0.0
40.117,40.127,0.0
40.127,40.137,0.0
40.137,40.147,0.0
40.147,40.157,0.0
40.157,40.167,0.0
40.167,40.177,0.0
40.177,40.187,0.0
40.187,40.197,0.0
40.197,40.207,0.0
40.207,40.217,0.0
40.217,40.227,0.0
40.227,40.237,0.0
40.237,40.247,0.0
40.247,40.257,0.0
40.257,40.267,0.0
40.267,40.277,0.0
40.277,40.287,0.0
40.287,40.297,0.0
40.297,40.307,0.0
40.307,40.317,0.0
40.317,40.327,0.0
40.327,40.337,0.0
40.337,40.347,0.0
40.347,40.357,0.0
40.357,40.367,0.0
40.367,40.377,0.0
40.377,40.387,0.0
40.387,40.397,0.0
40.397,40.407,0.0
40.407,40.417,0.0
40.417,40.427,0.0
40.427,40.437,0.0
40.437,40.447,0.0
40.447,40.457,0.0
40.457,40.467,0.0
40.467,40.477,0.0
40.477,40.487,0.0
40.487,40.497,0.0
40.497,40.507,0.0
40.507,40.517,0.0
40.517,40.527,0.0
40.527,40.537,0.0
40.537,40.547,0.0
40.547,40.557,50.54236612003464
40.557,40.567,0.0
40.567,40.577,0.0
40.577,40.587,148.24031264010532
40.587,40.597,147.7334320144317
40.597,40.607,162.5515963383163
40.607,40.617,163.22963577721137
40.617,40.627,164.18021143926882
40.627,40.637,164.78548608630854
40.637,40.647,164.67569481994332
40.647,40.657,163.76115475036283
40.657,40.667,161.68244876970505
40.667,40.677,159.9061165345016
40.677,40.687,156.14399686705195
40.687,40.697,0.0
40.697,40.707,0.0
40.707,40.717,0.0
40.717,40.727,0.0
40.727,40.737,0.0
40.737,40.747,0.0
40.747,40.757,0.0
40.757,40.767,0.0
40.767,40.777,0.0
40.777,40.787,0.0
40.787,40.797,0.0
40.797,40.807,0.0
40.807,40.817,0.0
40.817,40.827,0.0
40.827,40.837,0.0
40.837,40.847,0.0
40.847,40.857,0.0
40.857,40.867,0.0
40.867,40.877,0.0
40.877,40.887,181.78210026002444
40.887,40.897,181.6329623167222
40.897,40.907,179.75053066472515
40.907,40.917,177.09816676703295
40.917,40.927,175.41158435887522
40.927,40.937,173.58643187355224
40.937,40.947,170.43412954965842
40.947,40.957,168.91817476128395
40.957,40.967,167.7014035447545
40.967,40.977,166.29401795283934
40.977,40.987,165.37108276796408
40.987,40.997,165.6583083610209
40.997,41.007,0.0
41.007,41.017,0.0
41.017,41.027,0.0
41.027,41.037,0.0
41.037,41.047,0.0
41.047,41.057,0.0
41.057,41.067,0.0
41.067,41.077,0.0
41.077,41.087,0.0
41.087,41.097,0.0
41.097,41.107,485.1910963205833
41.107,41.117,484.0433574235115
41.117,41.127,0.0
41.127,41.137,0.0
41.137,41.147,0.0
41.147,41.157,0.0
41.157,41.167,495.4262788258076
41.167,41.177,482.95516081229533
41.177,41.187,476.69543215722393
41.187,41.197,0.0
41.197,41.207,0.0
41.207,41.217,0.0
41.217,41.227,0.0
41.227,41.237,0.0
41.237,41.247,0.0
41.247,41.257,0.0
41.257,41.267,0.0
41.267,41.277,0.0
41.277,41.287,0.0
41.287,41.297,78.26096516594869
41.297,41.307,78.28987849908907
41.307,41.317,0.0
41.317,41.327,163.9228369484772
41.327,41.337,163.39290504356555
41.337,41.347,162.30096907850483
41.347,41.357,161.22629264803427
41.357,41.367,160.05255136785865
41.367,41.377,157.99210835140585
41.377,41.387,0.0
41.387,41.397,0.0
41.397,41.407,0.0
41.407,41.417,0.0
41.417,41.427,0.0
41.427,41.437,0.0
41.437,41.447,0.0
41.447,41.457,0.0
41.457,41.467,0.0
41.467,41.477,0.0
41.477,41.487,0.0
41.487,41.497,153.75913477604328
41.497,41.507,154.3816301669818
41.507,41.517,0.0
41.517,41.527,0.0
41.527,41.537,0.0
41.537,41.547,0.0
41.547,41.557,0.0
41.557,41.567,0.0
41.567,41.577,0.0
41.577,41.587,147.35805793168984
41.587,41.597,150.79870786639088
41.597,41.607,153.1728125942622
41.607,41.617,154.65174840910618
41.617,41.627,156.3418208304743
41.627,41.637,157.7122874484205
41.637,41.647,0.0
41.647,41.657,0.0
41.657,41.667,0.0
41.667,41.677,0.0
41.677,41.687,0.0
41.687,41.697,0.0
41.697,41.707,0.0
41.707,41.717,0.0
41.717,41.727,0.0
41.727,41.737,0.0
41.737,41.747,0.0
41.747,41.757,0.0
41.757,41.767,0.0
41.767,41.777,0.0
41.777,41.787,0.0
41.787,41.797,0.0
41.797,41.807,0.0
41.807,41.817,194.974866448962
41.817,41.827,196.65263098734724
41.827,41.837,197.96583846943702
41.837,41.847,198.9312256030555
41.847,41.857,199.9540579051554
41.857,41.867,200.9716799683995
41.867,41.877,201.34551567346676
41.877,41.887,200.6433867911362
41.887,41.897,199.3721165547855
41.897,41.907,204.29100532677066
41.907,41.917,212.3161758261402
41.917,41.927,215.00785350329733
41.927,41.937,213.8494881265361
41.937,41.947,211.35648507357627
41.947,41.957,0.0
41.957,41.967,0.0
41.967,41.977,0.0
41.977,41.987,0.0
41.987,41.997,0.0
41.997,42.007,0.0
42.007,42.017,0.0
42.017,42.027,0.0
42.027,42.037,0.0
42.037,42.047,0.0
42.047,42.057,207.6487289905351
42.057,42.067,203.19177731410434
42.067,42.077,196.8467414868695
42.077,42.087,0.0
42.087,42.097,0.0
42.097,42.107,0.0
42.107,42.117,0.0
42.117,42.127,0.0
42.127,42.137,0.0
42.137,42.147,0.0
42.147,42.157,0.0
42.157,42.167,0.0
42.167,42.177,155.61173391278177
42.177,42.187,156.5745722858707
42.187,42.197,158.31727739486834
42.197,42.207,160.3205757369117
42.207,42.217,161.9470378337233
42.217,42.227,163.27552419080206
42.227,42.237,164.3984016157618
42.237,42.247,166.2019615620135
42.247,42.257,168.53625514281867
42.257,42.267,170.5763650679426
42.267,42.277,172.25324759803897
42.277,42.287,174.30496541325394
42.287,42.297,177.31047449575183
42.297,42.307,180.29431035083797
42.307,42.317,182.8761260307603
42.317,42.327,184.8915851615551
42.327,42.337,187.54590740928276
42.337,42.347,193.5483669930035
42.347,42.357,196.56764521339764
42.357,42.367,198.57601961603814
42.367,42.377,200.1584549901817
42.377,42.387,200.57408672800457
42.387,42.397,200.29457038341795
42.397,42.407,200.1858451463532
42.407,42.417,199.81576154732969
42.417,42.427,196.48585857585374
42.427,42.437,193.47838020582117
42.437,42.447,192.64129620903222
42.447,42.457,192.98122313951444
42.457,42.467,193.68160961344879
42.467,42.477,194.9309192739695
42.477,42.487,0.0
42.487,42.497,0.0
42.497,42.507,0.0
42.507,42.517,0.0
42.517,42.527,0.0
42.527,42.537,0.0
42.537,42.547,0.0
42.547,42.557,0.0
42.557,42.567,0.0
42.567,42.577,0.0
42.577,42.587,0.0
42.587,42.597,0.0
42.597,42.607,0.0
42.607,42.617,0.0
42.617,42.627,0.0
42.627,42.637,0.0
42.637,42.647,0.0
42.647,42.657,0.0
42.657,42.667,0.0
42.667,42.677,0.0
42.677,42.687,0.0
42.687,42.697,0.0
42.697,42.707,0.0
42.707,42.717,0.0
42.717,42.727,0.0
42.727,42.737,0.0
42.737,42.747,0.0
42.747,42.757,0.0
42.757,42.767,0.0
42.767,42.777,0.0
42.777,42.787,0.0
42.787,42.797,0.0
42.797,42.807,0.0
42.807,42.817,0.0
42.817,42.827,0.0
42.827,42.837,0.0
42.837,42.847,0.0
42.847,42.857,0.0
42.857,42.867,0.0
42.867,42.877,0.0
42.877,42.887,0.0
42.887,42.897,0.0
42.897,42.907,0.0
42.907,42.917,0.0
42.917,42.927,0.0
42.927,42.937,0.0
42.937,42.947,0.0
42.947,42.957,0.0
42.957,42.967,0.0
42.967,42.977,0.0
42.977,42.987,0.0
42.987,42.997,0.0
42.997,43.007,0.0
43.007,43.017,0.0
43.017,43.027,0.0
43.027,43.037,0.0
43.037,43.047,0.0
43.047,43.057,0.0
43.057,43.067,0.0
43.067,43.077,0.0
43.077,43.087,0.0
43.087,43.097,0.0
43.097,43.107,0.0
43.107,43.117,0.0
43.117,43.127,0.0
43.127,43.137,0.0
43.137,43.147,0.0
43.147,43.157,0.0
43.157,43.167,0.0
43.167,43.177,0.0
43.177,43.187,0.0
43.187,43.197,182.4051976474964
43.197,43.207,184.51659515186395
43.207,43.217,186.49802773756497
43.217,43.227,186.75261284849458
43.227,43.237,185.04316536000192
43.237,43.247,182.7764386228982
43.247,43.257,180.9813062423955
43.257,43.267,179.1123779541786
43.267,43.277,175.70717944086087
43.277,43.287,169.84912093845256
43.287,43.297,167.82780649358608
43.297,43.307,168.78966237019515
43.307,43.317,169.6602136406019
43.317,43.327,171.61908838404182
43.327,43.337,172.69413445791275
43.337,43.347,172.17815093549945
43.347,43.357,170.78061618925474
43.357,43.367,0.0
43.367,43.377,0.0
43.377,43.387,0.0
43.387,43.397,0.0
43.397,43.407,0.0
43.407,43.417,0.0
43.417,43.427,0.0
43.427,43.437,0.0
43.437,43.447,0.0
43.447,43.457,0.0
43.457,43.467,0.0
43.467,43.477,0.0
43.477,43.487,0.0
43.487,43.497,0.0
43.497,43.507,0.0
43.507,43.517,0.0
43.517,43.527,0.0
43.527,43.537,205.69022949838433
43.537,43.547,208.59986264285553
43.547,43.557,211.80460935440897
43.557,43.567,212.84287626076448
43.567,43.577,212.36780114260958
43.577,43.587,210.50373135261145
43.587,43.597,205.97188007636552
43.597,43.607,201.69701664842273
43.607,43.617,199.73749553251335
43.617,43.627,198.65223084927717
43.627,43.637,197.76386250961528
43.637,43.647,196.94538822131656
43.647,43.657,196.54007002657787
43.657,43.667,196.23198560158266
43.667,43.677,195.99615282879242
43.677,43.687,196.00476282161853
43.687,43.697,196.07448411040713
43.697,43.707,195.83173302935654
43.707,43.717,0.0
43.717,43.727,0.0
43.727,43.737,0.0
43.737,43.747,0.0
43.747,43.757,0.0
43.757,43.767,0.0
43.767,43.777,0.0
43.777,43.787,0.0
43.787,43.797,0.0
43.797,43.807,0.0
43.807,43.817,0.0
43.817,43.827,0.0
43.827,43.837,0.0
43.837,43.847,0.0
43.847,43.857,0.0
43.857,43.867,0.0
43.867,43.877,0.0
43.877,43.887,0.0
43.887,43.897,0.0
43.897,43.907,0.0
43.907,43.917,0.0
43.917,43.927,0.0
43.927,43.937,0.0
43.937,43.947,0.0
43.947,43.957,188.08168361905027
43.957,43.967,186.66834381026786
43.967,43.977,185.91010972939657
43.977,43.987,184.43170553734228
43.987,43.997,175.79526110618588
43.997,44.007,180.21359646075484
44.007,44.017,182.59297007235276
44.017,44.027,182.71624520085837
44.027,44.037,181.75081162749407
44.037,44.047,180.24489657480876
44.047,44.057,179.04308089573382
44.057,44.067,178.1948006278362
44.067,44.077,177.11400558688575
44.077,44.087,176.03001624205368
44.087,44.097,175.02226260252033
44.097,44.107,174.2730520854776
44.107,44.117,175.21890864873
44.117,44.127,0.0
44.127,44.137,0.0
44.137,44.147,0.0
44.147,44.157,0.0
44.157,44.167,0.0
44.167,44.177,0.0
44.177,44.187,0.0
44.187,44.197,0.0
44.197,44.207,0.0
44.207,44.217,0.0
44.217,44.227,0.0
44.227,44.237,0.0
44.237,44.247,0.0
44.247,44.257,0.0
44.257,44.267,0.0
44.267,44.277,0.0
44.277,44.287,0.0
44.287,44.297,0.0
44.297,44.307,0.0
44.307,44.317,0.0
44.317,44.327,194.06802928251508
44.327,44.337,192.07554809751107
44.337,44.347,189.05040615139657
44.347,44.357,186.00371196263387
44.357,44.367,183.7991256379586
44.367,44.377,182.01945778418124
44.377,44.387,180.60080398635785
44.387,44.397,179.97720900874396
44.397,44.407,179.91347281255432
44.407,44.417,179.71100033636327
44.417,44.427,179.37611212779223
44.427,44.437,179.4310360309855
44.437,44.447,179.50959034905927
44.447,44.457,179.04677844263847
44.457,44.467,178.25779200350854
44.467,44.477,177.50937337542743
44.477,44.487,176.7760957423478
44.487,44.497,176.0281112008497
44.497,44.507,175.37488100480743
44.507,44.517,175.01829918067975
44.517,44.527,175.03073706037875
44.527,44.537,174.99782193072446
44.537,44.547,174.48924119862733
44.547,44.557,173.74312209914476
44.557,44.567,0.0
44.567,44.577,0.0
44.577,44.587,0.0
44.587,44.597,0.0
44.597,44.607,0.0
44.607,44.617,0.0
44.617,44.627,0.0
44.627,44.637,0.0
44.637,44.647,0.0
44.647,44.657,0.0
44.657,44.667,0.0
44.667,44.677,0.0
44.677,44.687,0.0
44.687,44.697,0.0
44.697,44.707,0.0
44.707,44.717,0.0
44.717,44.727,167.38728801270474
44.727,44.737,167.76981142738592
44.737,44.747,168.35101120388424
44.747,44.757,169.1404813655955
44.757,44.767,169.26302762627324
44.767,44.777,168.59725809857045
44.777,44.787,167.4774345360711
44.787,44.797,166.6968663449504
44.797,44.807,166.0185640710111
44.807,44.817,165.20956433272409
44.817,44.827,164.9835123833113
44.827,44.837,165.44795395873143
44.837,44.847,165.98360717926226
44.847,44.857,166.44538520615572
44.857,44.867,166.75039372645088
44.867,44.877,166.87297283894804
44.877,44.887,166.8188786392705
44.887,44.897,166.6643050166281
44.897,44.907,166.37849556232504
44.907,44.917,165.79321264418198
44.917,44.927,165.05645408738513
44.927,44.937,164.05913437817148
44.937,44.947,162.98478424319845
44.947,44.957,162.23850124327643
44.957,44.967,161.53148165285498
44.967,44.977,160.68314720426673
44.977,44.987,159.665392501094
44.987,44.997,157.36010712295442
44.997,45.007,156.50816282336345
45.007,45.017,157.47123925658013
45.017,45.027,0.0
45.027,45.037,0.0
45.037,45.047,0.0
45.047,45.057,0.0
45.057,45.067,0.0
45.067,45.077,0.0
45.077,45.087,0.0
45.087,45.097,0.0
45.097,45.107,0.0
45.107,45.117,0.0
45.117,45.127,0.0
45.127,45.137,0.0
45.137,45.147,0.0
45.147,45.157,0.0
45.157,45.167,0.0
45.167,45.177,0.0
45.177,45.187,0.0
45.187,45.197,0.0
45.197,45.207,0.0
45.207,45.217,0.0
45.217,45.227,0.0
45.227,45.237,0.0
45.237,45.247,0.0
45.247,45.257,0.0
45.257,45.267,0.0
45.267,45.277,0.0
45.277,45.287,0.0
45.287,45.297,0.0
45.297,45.307,0.0
45.307,45.317,0.0
45.317,45.327,0.0
45.327,45.337,0.0
45.337,45.347,0.0
45.347,45.357,0.0
45.357,45.367,0.0
45.367,45.377,0.0
45.377,45.387,0.0
45.387,45.397,161.43166465416388
45.397,45.407,164.71042578662033
45.407,45.417,164.14800020828386
45.417,45.427,160.59993523357915
45.427,45.437,155.90252345619695
45.437,45.447,0.0
45.447,45.457,0.0
45.457,45.467,0.0
45.467,45.477,0.0
45.477,45.487,0.0
45.487,45.497,0.0
45.497,45.507,0.0
45.507,45.517,0.0
45.517,45.527,0.0
45.527,45.537,0.0
45.537,45.547,0.0
45.547,45.557,0.0
45.557,45.567,0.0
45.567,45.577,0.0
45.577,45.587,0.0
45.587,45.597,186.97840404603008
45.597,45.607,189.80588110085438
45.607,45.617,189.91271499934874
45.617,45.627,189.3267468132186
45.627,45.637,187.75773619106351
45.637,45.647,185.97343873272195
45.647,45.657,184.83609241551446
45.657,45.667,182.14471068084544
45.667,45.677,179.04069472425257
45.677,45.687,176.6302946573617
45.687,45.697,174.5786422535431
45.697,45.707,172.68734707236894
45.707,45.717,170.57665578500016
45.717,45.727,168.5914464500534
45.727,45.737,167.03546063530752
45.737,45.747,165.26101398989013
45.747,45.757,160.62444010042768
45.757,45.767,0.0
45.767,45.777,0.0
45.777,45.787,0.0
45.787,45.797,0.0
45.797,45.807,0.0
45.807,45.817,0.0
45.817,45.827,0.0
45.827,45.837,0.0
45.837,45.847,0.0
45.847,45.857,0.0
45.857,45.867,0.0
45.867,45.877,184.3463658227559
45.877,45.887,184.88402638850474
45.887,45.897,185.13924092275613
45.897,45.907,185.27127190777233
45.907,45.917,188.59201625863875
45.917,45.927,191.57348978365275
45.927,45.937,192.64911992787015
45.937,45.947,193.59381414516378
45.947,45.957,194.89391446656612
45.957,45.967,196.92060090972234
45.967,45.977,199.86030007929568
45.977,45.987,204.00525354696472
45.987,45.997,207.99578894831018
45.997,46.007,211.2993871182502
46.007,46.017,214.26554573275908
46.017,46.027,216.4777667323244
46.027,46.037,217.71238310855475
46.037,46.047,218.08414518094438
46.047,46.057,217.1847228527082
46.057,46.067,215.5692515067845
46.067,46.077,221.0650274212072
46.077,46.087,224.7188376558298
46.087,46.097,226.5744248165095
46.097,46.107,0.0
46.107,46.117,0.0
46.117,46.127,0.0
46.127,46.137,0.0
46.137,46.147,0.0
46.147,46.157,0.0
46.157,46.167,0.0
46.167,46.177,0.0
46.177,46.187,0.0
46.187,46.197,0.0
46.197,46.207,0.0
46.207,46.217,0.0
46.217,46.227,0.0
46.227,46.237,172.47566240509678
46.237,46.247,172.61774690737047
46.247,46.257,171.64619994925093
46.257,46.267,168.09959165136155
46.267,46.277,164.80088425420166
46.277,46.287,162.03285016464758
46.287,46.297,0.0
46.297,46.307,0.0
46.307,46.317,165.5094023368185
46.317,46.327,162.26236229311382
46.327,46.337,161.17906866805157
46.337,46.347,160.81555385106577
46.347,46.357,160.6698908194853
46.357,46.367,160.3925060545727
46.367,46.377,160.138894500237
46.377,46.387,0.0
46.387,46.397,0.0
46.397,46.407,0.0
46.407,46.417,0.0
46.417,46.427,0.0
46.427,46.437,0.0
46.437,46.447,0.0
46.447,46.457,0.0
46.457,46.467,0.0
46.467,46.477,0.0
46.477,46.487,0.0
46.487,46.497,0.0
46.497,46.507,0.0
46.507,46.517,0.0
46.517,46.527,0.0
46.527,46.537,158.05899978302716
46.537,46.547,161.51941241044585
46.547,46.557,165.74846488996317
46.557,46.567,167.98174769417892
46.567,46.577,169.0338167071219
46.577,46.587,168.9205543571411
46.587,46.597,0.0
46.597,46.607,0.0
46.607,46.617,0.0
46.617,46.627,0.0
46.627,46.637,0.0
46.637,46.647,0.0
46.647,46.657,0.0
46.657,46.667,0.0
46.667,46.677,0.0
46.677,46.687,0.0
46.687,46.697,0.0
46.697,46.707,168.30991088050158
46.707,46.717,168.82772205129842
46.717,46.727,168.26709027917184
46.727,46.737,167.37262268904922
46.737,46.747,166.2097113844313
46.747,46.757,164.60360733328156
46.757,46.767,162.1248711386824
46.767,46.777,159.42141628113757
46.777,46.787,156.98913427185258
46.787,46.797,0.0
46.797,46.807,0.0
46.807,46.817,0.0
46.817,46.827,0.0
46.827,46.837,0.0
46.837,46.847,0.0
46.847,46.857,0.0
46.857,46.867,0.0
46.867,46.877,0.0
46.877,46.887,0.0
46.887,46.897,0.0
46.897,46.907,0.0
46.907,46.917,0.0
46.917,46.927,161.04689775330235
46.927,46.937,158.97245915369115
46.937,46.947,157.76997719910594
46.947,46.957,156.79580707293928
46.957,46.967,0.0
46.967,46.977,0.0
46.977,46.987,0.0
46.987,46.997,0.0
46.997,47.007,154.95614589960417
47.007,47.017,155.7273553685608
47.017,47.027,156.19441677245416
47.027,47.037,155.90304414289957
47.037,47.047,154.90353498530362
47.047,47.057,0.0
47.057,47.067,0.0
47.067,47.077,0.0
47.077,47.087,0.0
47.087,47.097,0.0
47.097,47.107,0.0
47.107,47.117,0.0
47.117,47.127,0.0
47.127,47.137,0.0
47.137,47.147,0.0
47.147,47.157,0.0
47.157,47.167,173.5010255606365
47.167,47.177,172.4658085961521
47.177,47.187,170.3780174111131
47.187,47.197,167.53405058911787
47.197,47.207,165.89077756494422
47.207,47.217,164.8297665714079
47.217,47.227,164.08126313382823
47.227,47.237,163.54235167977262
47.237,47.247,0.0
47.247,47.257,0.0
47.257,47.267,0.0
47.267,47.277,0.0
47.277,47.287,0.0
47.287,47.297,0.0
47.297,47.307,0.0
47.307,47.317,0.0
47.317,47.327,0.0
47.327,47.337,0.0
47.337,47.347,0.0
47.347,47.357,0.0
47.357,47.367,0.0
47.367,47.377,0.0
47.377,47.387,0.0
47.387,47.397,160.93468573091374
47.397,47.407,161.89623465834893
47.407,47.417,163.63073033437664
47.417,47.427,164.9898595207439
47.427,47.437,0.0
47.437,47.447,0.0
47.447,47.457,0.0
47.457,47.467,0.0
47.467,47.477,0.0
47.477,47.487,0.0
47.487,47.497,0.0
47.497,47.507,0.0
47.507,47.517,0.0
47.517,47.527,0.0
47.527,47.537,0.0
47.537,47.547,0.0
47.547,47.557,0.0
47.557,47.567,0.0
47.567,47.577,0.0
47.577,47.587,0.0
47.587,47.597,0.0
47.597,47.607,0.0
47.607,47.617,0.0
47.617,47.627,0.0
47.627,47.637,189.66093418809925
47.637,47.647,188.50481190388874
47.647,47.657,186.31562210199738
47.657,47.667,184.9136721962296
47.667,47.677,182.7967465652995
47.677,47.687,177.09725600709154
47.687,47.697,173.70423016792975
47.697,47.707,171.1444619316409
47.707,47.717,167.77089991525705
47.717,47.727,164.9541243600218
47.727,47.737,162.7586429269179
47.737,47.747,161.1055405824125
47.747,47.757,159.97185345738092
47.757,47.767,159.21939975693834
47.767,47.777,158.6599102606928
47.777,47.787,158.10272750703993
47.787,47.797,157.471643900744
47.797,47.807,156.7512677301047
47.807,47.817,155.86966337203884
47.817,47.827,154.8128466600871
47.827,47.837,0.0
47.837,47.847,0.0
47.847,47.857,0.0
47.857,47.867,0.0
47.867,47.877,0.0
47.877,47.887,0.0
47.887,47.897,163.72927809355494
47.897,47.907,166.19865987874374
47.907,47.917,166.79605349232884
47.917,47.927,166.27407108870833
47.927,47.937,164.76297638080962
47.937,47.947,162.31765898262975
47.947,47.957,159.73612248195982
47.957,47.967,157.94897424640615
47.967,47.977,157.03002290287682
47.977,47.987,156.18467232031605
47.987,47.997,155.50824781961984
47.997,48.007,154.96192502231514
48.007,48.017,155.3673099412574
48.017,48.027,158.4087024947616
48.027,48.037,160.7853111212444
48.037,48.047,161.96833074254158
48.047,48.057,163.6087830718481
48.057,48.067,167.55665600404504
48.067,48.077,169.76414015974746
48.077,48.087,171.94393443426367
48.087,48.097,175.04375728104233
48.097,48.107,177.67879395093732
48.107,48.117,179.51566154522496
48.117,48.127,180.67974924475263
48.127,48.137,181.18065662998015
48.137,48.147,181.08586536274996
48.147,48.157,180.4355477387577
48.157,48.167,179.2668507020996
48.167,48.177,177.9751466679904
48.177,48.187,177.2383319192796
48.187,48.197,177.39149485027917
48.197,48.207,0.0
48.207,48.217,0.0
48.217,48.227,0.0
48.227,48.237,0.0
48.237,48.247,0.0
48.247,48.257,0.0
48.257,48.267,163.67168724054454
48.267,48.277,161.64334832483243
48.277,48.287,160.47550951043283
48.287,48.297,159.7423792500284
48.297,48.307,158.73185072441086
48.307,48.317,157.3139666516232
48.317,48.327,156.41696043859474
48.327,48.337,156.05802476201788
48.337,48.347,0.0
48.347,48.357,0.0
48.357,48.367,157.20447052221246
48.367,48.377,155.9661640428925
48.377,48.387,155.75979754721794
48.387,48.397,155.8430911432774
48.397,48.407,155.7912117418366
48.407,48.417,155.63957755888038
48.417,48.427,155.39724057179467
48.427,48.437,154.95463833631499
48.437,48.447,0.0
48.447,48.457,0.0
48.457,48.467,0.0
48.467,48.477,0.0
48.477,48.487,0.0
48.487,48.497,0.0
48.497,48.507,175.0752158453056
48.507,48.517,174.56149444844934
48.517,48.527,173.7519235360256
48.527,48.537,172.87634204684605
48.537,48.547,172.30772814483615
48.547,48.557,171.83355371756733
48.557,48.567,171.03753351870702
48.567,48.577,170.1787515649929
48.577,48.587,169.2623442697752
48.587,48.597,167.65034059029148
48.597,48.607,165.75728772135042
48.607,48.617,165.49781082710632
48.617,48.627,0.0
48.627,48.637,0.0
48.637,48.647,0.0
48.647,48.657,0.0
48.657,48.667,0.0
48.667,48.677,0.0
48.677,48.687,156.7082913963833
48.687,48.697,153.29816012699087
48.697,48.707,152.00632842219954
48.707,48.717,151.12527408540612
48.717,48.727,150.30595211199045
48.727,48.737,149.37020479650184
48.737,48.747,0.0
48.747,48.757,0.0
48.757,48.767,0.0
48.767,48.777,0.0
48.777,48.787,0.0
48.787,48.797,0.0
48.797,48.807,0.0
48.807,48.817,0.0
48.817,48.827,159.66063000756986
48.827,48.837,160.56280589929744
48.837,48.847,160.9036517103539
48.847,48.857,160.5326645443227
48.857,48.867,0.0
48.867,48.877,0.0
48.877,48.887,0.0
48.887,48.897,0.0
48.897,48.907,0.0
48.907,48.917,176.73452899009465
48.917,48.927,183.10803370892637
48.927,48.937,187.04529392023974
48.937,48.947,189.5036550838227
48.947,48.957,191.0632358935375
48.957,48.967,191.8755286263932
48.967,48.977,191.7658447277902
48.977,48.987,191.29174714440097
48.987,48.997,193.67889174213047
48.997,49.007,197.1630451219071
49.007,49.017,198.06346247395678
49.017,49.027,197.93964782137868
49.027,49.037,197.27290591915198
49.037,49.047,196.04273517928488
49.047,49.057,194.57720601481992
49.057,49.067,193.30206171769288
49.067,49.077,191.9491980548386
49.077,49.087,189.83972549361906
49.087,49.097,186.83274465966366
49.097,49.107,0.0
49.107,49.117,0.0
49.117,49.127,0.0
49.127,49.137,0.0
49.137,49.147,0.0
49.147,49.157,0.0
49.157,49.167,0.0
49.167,49.177,0.0
49.177,49.187,0.0
49.187,49.197,0.0
49.197,49.207,0.0
49.207,49.217,0.0
49.217,49.227,0.0
49.227,49.237,161.69047591890222
49.237,49.247,161.48027659732753
49.247,49.257,161.47409124820732
49.257,49.267,161.54668760792353
49.267,49.277,161.89209194819622
49.277,49.287,0.0
49.287,49.297,0.0
49.297,49.307,0.0
49.307,49.317,0.0
49.317,49.327,0.0
49.327,49.337,0.0
49.337,49.347,0.0
49.347,49.357,0.0
49.357,49.367,0.0
49.367,49.377,0.0
49.377,49.387,0.0
49.387,49.397,0.0
49.397,49.407,0.0
49.407,49.417,0.0
49.417,49.427,0.0
49.427,49.437,0.0
49.437,49.447,0.0
49.447,49.457,0.0
49.457,49.467,0.0
49.467,49.477,0.0
49.477,49.487,0.0
49.487,49.497,0.0
49.497,49.507,0.0
49.507,49.517,0.0
49.517,49.527,0.0
49.527,49.537,0.0
49.537,49.547,0.0
49.547,49.557,0.0
49.557,49.567,0.0
49.567,49.577,0.0
49.577,49.587,0.0
49.587,49.597,0.0
49.597,49.607,0.0
49.607,49.617,0.0
49.617,49.627,0.0
49.627,49.637,0.0
49.637,49.647,0.0
49.647,49.657,0.0
49.657,49.667,0.0
49.667,49.677,0.0
49.677,49.687,0.0
49.687,49.697,0.0
49.697,49.707,0.0
49.707,49.717,0.0
49.717,49.727,0.0
49.727,49.737,0.0
49.737,49.747,0.0
49.747,49.757,0.0
49.757,49.767,0.0
49.767,49.777,0.0
49.777,49.787,0.0
49.787,49.797,0.0
49.797,49.807,0.0
49.807,49.817,0.0
49.817,49.827,0.0
49.827,49.837,0.0
49.837,49.847,0.0
49.847,49.857,0.0
49.857,49.867,0.0
49.867,49.877,0.0
49.877,49.887,0.0
49.887,49.897,0.0
49.897,49.907,0.0
49.907,49.917,0.0
49.917,49.927,0.0
49.927,49.937,0.0
49.937,49.947,0.0
49.947,49.957,0.0
49.957,49.967,0.0
49.967,49.977,0.0
49.977,49.987,0.0
49.987,49.997,0.0
49.997,50.007,0.0
50.007,50.017,0.0
50.017,50.027,0.0
50.027,50.037,0.0
50.037,50.047,0.0
50.047,50.057,0.0
50.057,50.067,0.0
50.067,50.077,0.0
50.077,50.087,0.0
50.087,50.097,0.0
50.097,50.107,0.0
50.107,50.117,0.0
50.117,50.127,0.0
50.127,50.137,0.0
50.137,50.147,0.0
50.147,50.157,0.0
50.157,50.167,0.0
50.167,50.177,0.0
50.177,50.187,0.0
50.187,50.197,0.0
50.197,50.207,0.0
50.207,50.217,0.0
50.217,50.227,0.0
50.227,50.237,0.0
50.237,50.247,0.0
50.247,50.257,0.0
50.257,50.267,0.0
50.267,50.277,0.0
50.277,50.287,0.0
50.287,50.297,0.0
50.297,50.307,0.0
50.307,50.317,0.0
50.317,50.327,0.0
50.327,50.337,0.0
50.337,50.347,0.0
50.347,50.357,0.0
50.357,50.367,0.0
50.367,50.377,0.0
50.377,50.387,0.0
50.387,50.397,0.0
50.397,50.407,0.0
50.407,50.417,0.0
50.417,50.427,0.0
50.427,50.437,0.0
50.437,50.447,0.0
50.447,50.457,0.0
50.457,50.467,0.0
50.467,50.477,0.0
50.477,50.487,0.0
50.487,50.497,0.0
50.497,50.507,0.0
50.507,50.517,0.0
50.517,50.527,0.0
50.527,50.537,0.0
50.537,50.547,0.0
50.547,50.557,0.0
50.557,50.567,0.0
50.567,50.577,0.0
50.577,50.587,0.0
50.587,50.597,195.85424809790675
50.597,50.607,198.16766337904332
50.607,50.617,200.36769180563175
50.617,50.627,201.525073333489
50.627,50.637,201.3237676464206
50.637,50.647,200.06312997414705
50.647,50.657,198.46359722035726
50.657,50.667,197.82249854944706
50.667,50.677,198.02725798761153
50.677,50.687,197.50425694981422
50.687,50.697,196.30697010485756
50.697,50.707,196.31723327536938
50.707,50.717,198.0620491700506
50.717,50.727,199.00923131978536
50.727,50.737,198.363201453903
50.737,50.747,197.0503335212468
50.747,50.757,197.76457819324503
50.757,50.767,200.9977238280522
50.767,50.777,199.89916100912234
50.777,50.787,199.21524359004323
50.787,50.797,198.9277664797377
50.797,50.807,198.85909772227248
50.807,50.817,198.85087739666068
50.817,50.827,198.76734110622755
50.827,50.837,198.67254711695253
50.837,50.847,198.63984362160437
50.847,50.857,198.87043091864842
50.857,50.867,200.16660641229174
50.867,50.877,201.90857666107857
50.877,50.887,202.8696515920259
50.887,50.897,202.62919800507922
50.897,50.907,201.5857728206108
50.907,50.917,200.696936039562
50.917,50.927,199.31340860017212
50.927,50.937,0.0
50.937,50.947,0.0
50.947,50.957,0.0
50.957,50.967,0.0
50.967,50.977,0.0
50.977,50.987,0.0
50.987,50.997,0.0
50.997,51.007,0.0
51.007,51.017,0.0
51.017,51.027,0.0
51.027,51.037,0.0
51.037,51.047,0.0
51.047,51.057,0.0
51.057,51.067,0.0
51.067,51.077,0.0
51.077,51.087,0.0
51.087,51.097,0.0
51.097,51.107,0.0
51.107,51.117,219.7123390341217
51.117,51.127,223.902936919739
51.127,51.137,227.27235030684236
51.137,51.147,231.8512884708219
51.147,51.157,235.02133318559106
51.157,51.167,236.90004165110167
51.167,51.177,238.25231822228122
51.177,51.187,238.70775058953808
51.187,51.197,237.9769650958288
51.197,51.207,235.85908260002844
51.207,51.217,233.89367355110514
51.217,51.227,232.23445749131199
51.227,51.237,227.80048963419807
51.237,51.247,222.86643157493393
51.247,51.257,222.32066170425517
51.257,51.267,221.3208343765043
51.267,51.277,218.3999728315518
51.277,51.287,214.72121636422116
51.287,51.297,211.5746465180929
51.297,51.307,207.64322289105127
51.307,51.317,204.1885323746203
51.317,51.327,202.20195820295132
51.327,51.337,201.47138666556572
51.337,51.347,200.48380041278313
51.347,51.357,198.576111797876
51.357,51.367,196.55543821705217
51.367,51.377,194.21609927006642
51.377,51.387,192.00890726936981
51.387,51.397,190.4637390961241
51.397,51.407,187.85115737380997
51.407,51.417,0.0
51.417,51.427,0.0
51.427,51.437,172.89843038286426
51.437,51.447,183.1660634425095
51.447,51.457,184.9775696809769
51.457,51.467,185.0071543843825
51.467,51.477,184.52015345807794
51.477,51.487,183.72785908334183
51.487,51.497,183.17009127487538
51.497,51.507,182.7867305386929
51.507,51.517,182.32966808692416
51.517,51.527,181.1246466073502
51.527,51.537,180.32513176033663
51.537,51.547,181.98593746216991
51.547,51.557,182.5629707054405
51.557,51.567,0.0
51.567,51.577,0.0
51.577,51.587,0.0
51.587,51.597,191.94219887812025
51.597,51.607,195.28919409218116
51.607,51.617,197.42508710119463
51.617,51.627,200.622938116647
51.627,51.637,204.00120544289592
51.637,51.647,207.10329805501678
51.647,51.657,208.47318164022772
51.657,51.667,209.8980898705016
51.667,51.677,211.4473569801217
51.677,51.687,211.88377417265352
51.687,51.697,210.90698896721977
51.697,51.707,0.0
51.707,51.717,0.0
51.717,51.727,0.0
51.727,51.737,0.0
51.737,51.747,0.0
51.747,51.757,0.0
51.757,51.767,0.0
51.767,51.777,0.0
51.777,51.787,0.0
51.787,51.797,0.0
51.797,51.807,0.0
51.807,51.817,0.0
51.817,51.827,0.0
51.827,51.837,0.0
51.837,51.847,0.0
51.847,51.857,0.0
51.857,51.867,0.0
51.867,51.877,0.0
51.877,51.887,0.0
51.887,51.897,154.67891385371848
51.897,51.907,154.44201640652784
51.907,51.917,154.88964744232197
51.917,51.927,155.1990906663331
51.927,51.937,155.65168691555274
51.937,51.947,156.37920557982181
51.947,51.957,157.0967379035488
51.957,51.967,157.42295918343873
51.967,51.977,157.21166518416976
51.977,51.987,0.0
51.987,51.997,0.0
51.997,52.007,0.0
52.007,52.017,0.0
52.017,52.027,0.0
52.027,52.037,0.0
52.037,52.047,0.0
52.047,52.057,0.0
52.057,52.067,0.0
52.067,52.077,183.88920385424908
52.077,52.087,185.61778365149473
52.087,52.097,185.75262524716035
52.097,52.107,184.66962023132328
52.107,52.117,182.5774683761444
52.117,52.127,179.5332731853062
52.127,52.137,176.85302073101946
52.137,52.147,174.90399776728017
52.147,52.157,175.6521340426992
52.157,52.167,181.18498063938586
52.167,52.177,0.0
52.177,52.187,0.0
52.187,52.197,0.0
52.197,52.207,184.92973199027364
52.207,52.217,185.88031165666794
52.217,52.227,186.5871968157746
52.227,52.237,187.82959229188256
52.237,52.247,189.05173145205836
52.247,52.257,189.26167390247016
52.257,52.267,188.6029760677598
52.267,52.277,186.67845619409448
52.277,52.287,184.18083986530195
52.287,52.297,0.0
52.297,52.307,0.0
52.307,52.317,0.0
52.317,52.327,0.0
52.327,52.337,0.0
52.337,52.347,0.0
52.347,52.357,0.0
52.357,52.367,0.0
52.367,52.377,0.0
52.377,52.387,211.66150159231907
52.387,52.397,211.77950679767235
52.397,52.407,211.61298048257558
52.407,52.417,211.0837794474119
52.417,52.427,210.93381233135725
52.427,52.437,211.4495620640387
52.437,52.447,211.57174312037438
52.447,52.457,210.79522033107645
52.457,52.467,209.15240287393664
52.467,52.477,206.51452120949452
52.477,52.487,0.0
52.487,52.497,0.0
52.497,52.507,0.0
52.507,52.517,0.0
52.517,52.527,0.0
52.527,52.537,0.0
52.537,52.547,0.0
52.547,52.557,0.0
52.557,52.567,212.32650362016594
52.567,52.577,208.77619100052465
52.577,52.587,207.03727507390474
52.587,52.597,205.45858060718012
52.597,52.607,194.76313742087657
52.607,52.617,190.76349428290962
52.617,52.627,187.14658535066243
52.627,52.637,183.8483390064914
52.637,52.647,181.57392676442885
52.647,52.657,176.20024180450426
52.657,52.667,174.0938062569525
52.667,52.677,173.00972983408144
52.677,52.687,172.51826594490518
52.687,52.697,172.01662669317435
52.697,52.707,170.8256877981215
52.707,52.717,168.45257355249595
52.717,52.727,169.34597392585567
52.727,52.737,173.05406013658427
52.737,52.747,175.47862841948353
52.747,52.757,176.25216758159712
52.757,52.767,177.32421785462583
52.767,52.777,178.2357937628752
52.777,52.787,178.91295031247836
52.787,52.797,179.4051309450565
52.797,52.807,179.5429786959674
52.807,52.817,179.2577208682723
52.817,52.827,178.76624910450977
52.827,52.837,178.00213299635857
52.837,52.847,0.0
52.847,52.857,0.0
52.857,52.867,0.0
52.867,52.877,0.0
52.877,52.887,0.0
52.887,52.897,0.0
52.897,52.907,0.0
52.907,52.917,0.0
52.917,52.927,187.63586505155712
52.927,52.937,187.57724001219847
52.937,52.947,186.87565649460225
52.947,52.957,185.8403589674944
52.957,52.967,184.33105930162708
52.967,52.977,181.9296745304997
52.977,52.987,0.0
52.987,52.997,0.0
52.997,53.007,0.0
53.007,53.017,0.0
53.017,53.027,0.0
53.027,53.037,0.0
53.037,53.047,0.0
53.047,53.057,0.0
53.057,53.067,0.0
53.067,53.077,0.0
53.077,53.087,0.0
53.087,53.097,0.0
53.097,53.107,0.0
53.107,53.117,0.0
53.117,53.127,0.0
53.127,53.137,0.0
53.137,53.147,0.0
53.147,53.157,0.0
53.157,53.167,0.0
53.167,53.177,0.0
53.177,53.187,0.0
53.187,53.197,0.0
53.197,53.207,0.0
53.207,53.217,0.0
53.217,53.227,0.0
53.227,53.237,0.0
53.237,53.247,172.84938995157603
53.247,53.257,175.13957856699344
53.257,53.267,174.67293105901803
53.267,53.277,172.1520986717106
53.277,53.287,168.76451695209823
53.287,53.297,166.5597283657083
53.297,53.307,165.51130129300182
53.307,53.317,164.9931448158635
53.317,53.327,164.74758146731628
53.327,53.337,164.4224280401157
53.337,53.347,163.81788506627817
53.347,53.357,163.03686359770194
53.357,53.367,161.6366143501877
53.367,53.377,159.20617861155154
53.377,53.387,0.0
53.387,53.397,160.82215081277337
53.397,53.407,164.137048909352
53.407,53.417,167.03538979760896
53.417,53.427,168.77607309647843
53.427,53.437,169.64092781951925
53.437,53.447,170.05762030532014
53.447,53.457,169.964578283172
53.457,53.467,169.41005199432922
53.467,53.477,168.78543613946235
53.477,53.487,169.02289440883717
53.487,53.497,171.90145334584642
53.497,53.507,171.9436883999783
53.507,53.517,169.9053475362602
53.517,53.527,168.04595096953832
53.527,53.537,167.58479444510482
53.537,53.547,167.4152986396472
53.547,53.557,167.2556791802486
53.557,53.567,167.4868367396236
53.567,53.577,168.02433537636364
53.577,53.587,168.38466495497985
53.587,53.597,168.19319668464104
53.597,53.607,167.25995887132365
53.607,53.617,0.0
53.617,53.627,0.0
53.627,53.637,0.0
53.637,53.647,0.0
53.647,53.657,0.0
53.657,53.667,0.0
53.667,53.677,0.0
53.677,53.687,0.0
53.687,53.697,180.13121154622178
53.697,53.707,179.30229531226396
53.707,53.717,176.94361254222136
53.717,53.727,175.27990676984643
53.727,53.737,175.27556511924448
53.737,53.747,176.2028183875666
53.747,53.757,177.50076625996772
53.757,53.767,178.44067564201782
53.767,53.777,178.66180479033383
53.777,53.787,178.1996463760109
53.787,53.797,177.11801521571778
53.797,53.807,158.92368986727354
53.807,53.817,158.18089426978744
53.817,53.827,0.0
53.827,53.837,0.0
53.837,53.847,0.0
53.847,53.857,0.0
53.857,53.867,0.0
53.867,53.877,145.81776476926765
53.877,53.887,145.8436340804645
53.887,53.897,146.05441306160594
53.897,53.907,146.26533811002716
53.907,53.917,146.1536899752494
53.917,53.927,142.1716108299594
53.927,53.937,142.34606402182837
53.937,53.947,142.19847275627163
53.947,53.957,0.0
53.957,53.967,0.0
53.967,53.977,0.0
53.977,53.987,0.0
53.987,53.997,188.23395030044722
53.997,54.007,188.83751452595232
54.007,54.017,188.86008651955035
54.017,54.027,187.92665576024345
54.027,54.037,185.88643528421557
54.037,54.047,183.94861930238716
54.047,54.057,177.77345753618582
54.057,54.067,175.51227538561469
54.067,54.077,173.69198494146713
54.077,54.087,172.14025722340645
54.087,54.097,167.7388534573649
54.097,54.107,166.5999680724972
54.107,54.117,162.07257714838286
54.117,54.127,159.2298256479908
54.127,54.137,158.00722229372272
54.137,54.147,156.50379166699312
54.147,54.157,155.334946945107
54.157,54.167,154.16912988469815
54.167,54.177,153.34559681977333
54.177,54.187,152.92230863369116
54.187,54.197,152.98110289911511
54.197,54.207,153.33113204492383
54.207,54.217,153.27550641340278
54.217,54.227,152.57012440419274
54.227,54.237,150.45999896027055
54.237,54.247,150.76339586830485
54.247,54.257,155.40531363642663
54.257,54.267,158.3383049627053
54.267,54.277,160.5571473558226
54.277,54.287,162.18300213099076
54.287,54.297,163.17146736971281
54.297,54.307,164.05669980079813
54.307,54.317,165.02058055304457
54.317,54.327,165.42704071699188
54.327,54.337,165.21727615908722
54.337,54.347,164.7770520350342
54.347,54.357,164.22523812583154
54.357,54.367,163.7416871544442
54.367,54.377,163.3875312374826
54.377,54.387,162.9226827678956
54.387,54.397,162.43009798040907
54.397,54.407,162.5126465925271
54.407,54.417,163.7005000184582
54.417,54.427,166.47326453987696
54.427,54.437,168.39231292911526
54.437,54.447,0.0
54.447,54.457,0.0
54.457,54.467,0.0
54.467,54.477,0.0
54.477,54.487,0.0
54.487,54.497,0.0
54.497,54.507,0.0
54.507,54.517,0.0
54.517,54.527,0.0
54.527,54.537,0.0
54.537,54.547,0.0
54.547,54.557,0.0
54.557,54.567,0.0
54.567,54.577,0.0
54.577,54.587,0.0
54.587,54.597,0.0
54.597,54.607,0.0
54.607,54.617,0.0
54.617,54.627,0.0
54.627,54.637,0.0
54.637,54.647,0.0
54.647,54.657,0.0
54.657,54.667,0.0
54.667,54.677,0.0
54.677,54.687,0.0
54.687,54.697,0.0
54.697,54.707,0.0
54.707,54.717,0.0
54.717,54.727,0.0
54.727,54.737,0.0
54.737,54.747,0.0
54.747,54.757,177.7569170088378
54.757,54.767,178.07157541911715
54.767,54.777,178.99525520349113
54.777,54.787,179.70915722131488
54.787,54.797,179.96119930739047
54.797,54.807,179.19931775164955
54.807,54.817,177.07476063990958
54.817,54.827,173.38937131875048
54.827,54.837,170.4155828873622
54.837,54.847,167.9253585184655
54.847,54.857,165.17421193185925
54.857,54.867,157.08690563642205
54.867,54.877,150.3440927266426
54.877,54.887,145.7463539461683
54.887,54.897,143.14682613678113
54.897,54.907,140.89921268408
54.907,54.917,139.18614111283836
54.917,54.927,139.67408285457515
54.927,54.937,142.8158170938859
54.937,54.947,144.71264154973346
54.947,54.957,146.8823628080177
54.957,54.967,148.53319612907381
54.967,54.977,148.47694085042
54.977,54.987,146.96057757359932
54.987,54.997,143.0030290875418
54.997,55.007,0.0
55.007,55.017,0.0
55.017,55.027,0.0
55.027,55.037,0.0
55.037,55.047,0.0
55.047,55.057,0.0
55.057,55.067,0.0
55.067,55.077,0.0
55.077,55.087,0.0
55.087,55.097,0.0
55.097,55.107,0.0
55.107,55.117,0.0
55.117,55.127,0.0
55.127,55.137,0.0
55.137,55.147,0.0
55.147,55.157,0.0
55.157,55.167,74.7055947893784
55.167,55.177,74.78842849287105
55.177,55.187,74.93297387058506
55.187,55.197,0.0
55.197,55.207,0.0
55.207,55.217,0.0
55.217,55.227,0.0
55.227,55.237,0.0
55.237,55.247,0.0
55.247,55.257,0.0
55.257,55.267,0.0
55.267,55.277,0.0
55.277,55.287,0.0
55.287,55.297,0.0
55.297,55.307,80.66038365358766
55.307,55.317,80.3459409364297
55.317,55.327,80.11593990055947
55.327,55.337,79.90888090172939
55.337,55.347,79.82250927740472
55.347,55.357,79.76119355824414
55.357,55.367,0.0
55.367,55.377,0.0
55.377,55.387,0.0
55.387,55.397,0.0
55.397,55.407,0.0
55.407,55.417,0.0
55.417,55.427,0.0
55.427,55.437,0.0
55.437,55.447,0.0
55.447,55.457,0.0
55.457,55.467,0.0
55.467,55.477,0.0
55.477,55.487,83.77094872578
55.487,55.497,82.7050175606456
55.497,55.507,81.41003106846047
55.507,55.517,80.37302882761814
55.517,55.527,160.2324693281224
55.527,55.537,159.78982320357332
55.537,55.547,159.11459125811555
55.547,55.557,158.2091786400693
55.557,55.567,156.66588655206945
55.567,55.577,0.0
55.577,55.587,77.38731108037446
55.587,55.597,77.98814606784013
55.597,55.607,78.59636786227074
55.607,55.617,79.7826308574348
55.617,55.627,80.80958720459546
55.627,55.637,80.94894139285329
55.637,55.647,80.48163084676233
55.647,55.657,79.7525692295632
55.657,55.667,79.13920700636353
55.667,55.677,78.6356367254759
55.677,55.687,78.15361782680256
55.687,55.697,77.67149854434605
55.697,55.707,77.22538132717787
55.707,55.717,77.03450226785529
55.717,55.727,77.1237926753584
55.727,55.737,77.23710771388019
55.737,55.747,77.20540513429904
55.747,55.757,77.06648101852252
55.757,55.767,154.12387070628938
55.767,55.777,154.37992884822083
55.777,55.787,154.51703117840475
55.787,55.797,0.0
55.797,55.807,0.0
55.807,55.817,0.0
55.817,55.827,0.0
55.827,55.837,0.0
55.837,55.847,0.0
55.847,55.857,0.0
55.857,55.867,0.0
55.867,55.877,0.0
55.877,55.887,0.0
55.887,55.897,0.0
55.897,55.907,0.0
55.907,55.917,0.0
55.917,55.927,0.0
55.927,55.937,185.80537053500856
55.937,55.947,179.4576421893987
55.947,55.957,178.42939414813694
55.957,55.967,175.1525640886947
55.967,55.977,173.28780958681
55.977,55.987,171.65805859772803
55.987,55.997,168.38316237216893
55.997,56.007,161.9460086830705
56.007,56.017,153.04148712307477
56.017,56.027,0.0
56.027,56.037,0.0
56.037,56.047,154.665362290892
56.047,56.057,155.5613768585273
56.057,56.067,154.686410093077
56.067,56.077,152.95691062224316
56.077,56.087,151.88963938914267
56.087,56.097,151.24344601186235
56.097,56.107,150.18969167673723
56.107,56.117,149.06855720078332
56.117,56.127,148.66042024492432
56.127,56.137,148.3209281128077
56.137,56.147,147.5298771589806
56.147,56.157,147.05742715620127
56.157,56.167,147.69432284251468
56.167,56.177,148.5722434554933
56.177,56.187,149.0977390096794
56.187,56.197,149.30236629816486
56.197,56.207,74.55996706244635
56.207,56.217,74.3410688371397
56.217,56.227,74.16555604056512
56.227,56.237,73.95887815383662
56.237,56.247,73.65761916099474
56.247,56.257,0.0
56.257,56.267,0.0
56.267,56.277,72.09167154598143
56.277,56.287,71.83562609887862
56.287,56.297,72.29042371938583
56.297,56.307,72.51558759032785
56.307,56.317,72.50861186343631
56.317,56.327,72.47984662318038
56.327,56.337,72.45024422156914
56.337,56.347,72.42968462070161
56.347,56.357,72.44903586593136
56.357,56.367,72.40100345380515
56.367,56.377,72.19113716291474
56.377,56.387,71.79062572478287
56.387,56.397,71.73456707184191
56.397,56.407,71.9301172777786
56.407,56.417,72.05961895845765
56.417,56.427,73.16155412930063
56.427,56.437,73.14717530805382
56.437,56.447,73.0685856199072
56.447,56.457,0.0
56.457,56.467,0.0
56.467,56.477,0.0
56.477,56.487,0.0
56.487,56.497,0.0
56.497,56.507,0.0
56.507,56.517,0.0
56.517,56.527,0.0
56.527,56.537,0.0
56.537,56.547,0.0
56.547,56.557,0.0
56.557,56.567,0.0
56.567,56.577,0.0
56.577,56.587,0.0
56.587,56.597,0.0
56.597,56.607,0.0
56.607,56.617,0.0
56.617,56.627,0.0
56.627,56.637,0.0
56.637,56.647,0.0
56.647,56.657,0.0
56.657,56.667,0.0
56.667,56.677,0.0
56.677,56.687,0.0
56.687,56.697,0.0
56.697,56.707,0.0
56.707,56.717,0.0
56.717,56.727,0.0
56.727,56.737,0.0
56.737,56.747,0.0
56.747,56.757,0.0
56.757,56.767,0.0
56.767,56.777,0.0
56.777,56.787,0.0
56.787,56.797,0.0
56.797,56.807,0.0
56.807,56.817,0.0
56.817,56.827,0.0
56.827,56.837,0.0
56.837,56.847,0.0
56.847,56.857,0.0
56.857,56.867,0.0
56.867,56.877,0.0
56.877,56.887,0.0
56.887,56.897,0.0
56.897,56.907,165.09348815633408
56.907,56.917,166.68346066351705
56.917,56.927,167.13493455398336
56.927,56.937,166.07280905198212
56.937,56.947,164.00938057644208
56.947,56.957,161.12318186968102
56.957,56.967,158.41514359352755
56.967,56.977,156.69283334385807
56.977,56.987,0.0
56.987,56.997,0.0
56.997,57.007,0.0
57.007,57.017,0.0
57.017,57.027,0.0
57.027,57.037,0.0
57.037,57.047,0.0
57.047,57.057,0.0
57.057,57.067,0.0
57.067,57.077,0.0
57.077,57.087,0.0
57.087,57.097,0.0
57.097,57.107,0.0
57.107,57.117,0.0
57.117,57.127,79.93551391948925
57.127,57.137,79.58105889163136
57.137,57.147,78.62760173198363
57.147,57.157,0.0
57.157,57.167,0.0
57.167,57.177,0.0
57.177,57.187,0.0
57.187,57.197,0.0
57.197,57.207,0.0
57.207,57.217,0.0
57.217,57.227,0.0
57.227,57.237,0.0
57.237,57.247,0.0
57.247,57.257,0.0
57.257,57.267,0.0
57.267,57.277,0.0
57.277,57.287,0.0
57.287,57.297,0.0
57.297,57.307,0.0
57.307,57.317,0.0
57.317,57.327,0.0
57.327,57.337,0.0
57.337,57.347,0.0
57.347,57.357,0.0
57.357,57.367,0.0
57.367,57.377,0.0
57.377,57.387,0.0
57.387,57.397,0.0
57.397,57.407,0.0
57.407,57.417,64.71665132207313
57.417,57.427,64.62449478694602
57.427,57.437,64.53519920119925
57.437,57.447,0.0
57.447,57.457,0.0
57.457,57.467,64.66585321702652
57.467,57.477,64.77927058442756
57.477,57.487,0.0
57.487,57.497,0.0
57.497,57.507,0.0
57.507,57.517,0.0
57.517,57.527,0.0
57.527,57.537,0.0
57.537,57.547,0.0
57.547,57.557,0.0
57.557,57.567,0.0
57.567,57.577,0.0
57.577,57.587,0.0
57.587,57.597,0.0
57.597,57.607,0.0
57.607,57.617,0.0
57.617,57.627,0.0
57.627,57.637,0.0
57.637,57.647,0.0
57.647,57.657,0.0
57.657,57.667,0.0
57.667,57.677,0.0
57.677,57.687,0.0
